dataset,file,image_index,input_pose,input_angle_deg,input_height,input_width,eval_mask_pixels,eval_mask_fraction,problem,algorithm,denoiser,train_sigma,schedule,rho,step,red_input_sigma,lambda,mode,group_expand,base_group_size,num_iter,degraded_se,degraded_psnr,degraded_ssim,iteration,se,psnr,ssim,effective_denoiser_sigma,sampled_angles
val_images,test001.png,0,upright,0.0,481,321,154401.0,1.0,blur,red_gd,wavelet,15.0,fixed3p25,0.8,3.9603960396039612,1.4142135623730951,0.005,vanilla,True,0,20,0.00794342272465447,20.99992325012016,0.48038736188560954,1,0.006235617538073547,22.051205301409897,0.5668992590721562,3.25,none
val_images,test001.png,0,upright,0.0,481,321,154401.0,1.0,blur,red_gd,wavelet,15.0,fixed3p25,0.8,3.9603960396039612,1.4142135623730951,0.005,vanilla,True,0,20,0.00794342272465447,20.99992325012016,0.48038736188560954,2,0.005724466436649738,22.422649866156064,0.5935648085180796,3.25,none
val_images,test001.png,0,upright,0.0,481,321,154401.0,1.0,blur,red_gd,wavelet,15.0,fixed3p25,0.8,3.9603960396039612,1.4142135623730951,0.005,vanilla,True,0,20,0.00794342272465447,20.99992325012016,0.48038736188560954,3,0.005435600455930297,22.64752473602877,0.6139991199862695,3.25,none
val_images,test001.png,0,upright,0.0,481,321,154401.0,1.0,blur,red_gd,wavelet,15.0,fixed3p25,0.8,3.9603960396039612,1.4142135623730951,0.005,vanilla,True,0,20,0.00794342272465447,20.99992325012016,0.48038736188560954,4,0.005237454504119954,22.80879736568936,0.625171125025097,3.25,none
val_images,test001.png,0,upright,0.0,481,321,154401.0,1.0,blur,red_gd,wavelet,15.0,fixed3p25,0.8,3.9603960396039612,1.4142135623730951,0.005,vanilla,True,0,20,0.00794342272465447,20.99992325012016,0.48038736188560954,5,0.005089408445657533,22.933326938354746,0.635951698013614,3.25,none
val_images,test001.png,0,upright,0.0,481,321,154401.0,1.0,blur,red_gd,wavelet,15.0,fixed3p25,0.8,3.9603960396039612,1.4142135623730951,0.005,vanilla,True,0,20,0.00794342272465447,20.99992325012016,0.48038736188560954,6,0.0049711109036140065,23.035465478064218,0.6428577211287492,3.25,none
val_images,test001.png,0,upright,0.0,481,321,154401.0,1.0,blur,red_gd,wavelet,15.0,fixed3p25,0.8,3.9603960396039612,1.4142135623730951,0.005,vanilla,True,0,20,0.00794342272465447,20.99992325012016,0.48038736188560954,7,0.004874312302690114,23.12086648522267,0.6499053701886646,3.25,none
val_images,test001.png,0,upright,0.0,481,321,154401.0,1.0,blur,red_gd,wavelet,15.0,fixed3p25,0.8,3.9603960396039612,1.4142135623730951,0.005,vanilla,True,0,20,0.00794342272465447,20.99992325012016,0.48038736188560954,8,0.00479169677293217,23.19510672674049,0.6547966516570488,3.25,none
val_images,test001.png,0,upright,0.0,481,321,154401.0,1.0,blur,red_gd,wavelet,15.0,fixed3p25,0.8,3.9603960396039612,1.4142135623730951,0.005,vanilla,True,0,20,0.00794342272465447,20.99992325012016,0.48038736188560954,9,0.004720992904130317,23.25966652332855,0.6599202826568481,3.25,none
val_images,test001.png,0,upright,0.0,481,321,154401.0,1.0,blur,red_gd,wavelet,15.0,fixed3p25,0.8,3.9603960396039612,1.4142135623730951,0.005,vanilla,True,0,20,0.00794342272465447,20.99992325012016,0.48038736188560954,10,0.004658417647953827,23.317615776152884,0.6636466287459278,3.25,none
val_images,test001.png,0,upright,0.0,481,321,154401.0,1.0,blur,red_gd,wavelet,15.0,fixed3p25,0.8,3.9603960396039612,1.4142135623730951,0.005,vanilla,True,0,20,0.00794342272465447,20.99992325012016,0.48038736188560954,11,0.004603403744804519,23.369209333286776,0.6676089674775423,3.25,none
val_images,test001.png,0,upright,0.0,481,321,154401.0,1.0,blur,red_gd,wavelet,15.0,fixed3p25,0.8,3.9603960396039612,1.4142135623730951,0.005,vanilla,True,0,20,0.00794342272465447,20.99992325012016,0.48038736188560954,12,0.004553594794358521,23.416456180782987,0.6705841242932364,3.25,none
val_images,test001.png,0,upright,0.0,481,321,154401.0,1.0,blur,red_gd,wavelet,15.0,fixed3p25,0.8,3.9603960396039612,1.4142135623730951,0.005,vanilla,True,0,20,0.00794342272465447,20.99992325012016,0.48038736188560954,13,0.004509007004032924,23.45919090084761,0.6737735668810435,3.25,none
val_images,test001.png,0,upright,0.0,481,321,154401.0,1.0,blur,red_gd,wavelet,15.0,fixed3p25,0.8,3.9603960396039612,1.4142135623730951,0.005,vanilla,True,0,20,0.00794342272465447,20.99992325012016,0.48038736188560954,14,0.004468016074392936,23.498852731106822,0.6762275564115517,3.25,none
val_images,test001.png,0,upright,0.0,481,321,154401.0,1.0,blur,red_gd,wavelet,15.0,fixed3p25,0.8,3.9603960396039612,1.4142135623730951,0.005,vanilla,True,0,20,0.00794342272465447,20.99992325012016,0.48038736188560954,15,0.00443083270186074,23.535146476281422,0.6788672940104015,3.25,none
val_images,test001.png,0,upright,0.0,481,321,154401.0,1.0,blur,red_gd,wavelet,15.0,fixed3p25,0.8,3.9603960396039612,1.4142135623730951,0.005,vanilla,True,0,20,0.00794342272465447,20.99992325012016,0.48038736188560954,16,0.0043962753262001214,23.569151167705872,0.680940831422724,3.25,none
val_images,test001.png,0,upright,0.0,481,321,154401.0,1.0,blur,red_gd,wavelet,15.0,fixed3p25,0.8,3.9603960396039612,1.4142135623730951,0.005,vanilla,True,0,20,0.00794342272465447,20.99992325012016,0.48038736188560954,17,0.0043646060332045294,23.600549513460564,0.6831708708168989,3.25,none
val_images,test001.png,0,upright,0.0,481,321,154401.0,1.0,blur,red_gd,wavelet,15.0,fixed3p25,0.8,3.9603960396039612,1.4142135623730951,0.005,vanilla,True,0,20,0.00794342272465447,20.99992325012016,0.48038736188560954,18,0.004334936972659666,23.630172125188214,0.6849554892779192,3.25,none
val_images,test001.png,0,upright,0.0,481,321,154401.0,1.0,blur,red_gd,wavelet,15.0,fixed3p25,0.8,3.9603960396039612,1.4142135623730951,0.005,vanilla,True,0,20,0.00794342272465447,20.99992325012016,0.48038736188560954,19,0.004307522324301858,23.65772463085741,0.6868690333935661,3.25,none
val_images,test001.png,0,upright,0.0,481,321,154401.0,1.0,blur,red_gd,wavelet,15.0,fixed3p25,0.8,3.9603960396039612,1.4142135623730951,0.005,vanilla,True,0,20,0.00794342272465447,20.99992325012016,0.48038736188560954,20,0.004281684934338994,23.68385293209777,0.6884272223787411,3.25,none
val_images,test001.png,0,upright,0.0,481,321,154401.0,1.0,blur,red_gd,wavelet,15.0,fixed3p25,0.8,3.9603960396039612,1.4142135623730951,0.005,G16_fixed,True,16,20,0.00794342272465447,20.99992325012016,0.48038736188560954,1,0.006235684739559046,22.05115849758191,0.5668751740597535,3.25,0;22.5;45;67.5;90;112.5;135;157.5;180;202.5;225;247.5;270;292.5;315;337.5
val_images,test001.png,0,upright,0.0,481,321,154401.0,1.0,blur,red_gd,wavelet,15.0,fixed3p25,0.8,3.9603960396039612,1.4142135623730951,0.005,G16_fixed,True,16,20,0.00794342272465447,20.99992325012016,0.48038736188560954,2,0.005724670017620514,22.422495419412257,0.5934981699438475,3.25,0;22.5;45;67.5;90;112.5;135;157.5;180;202.5;225;247.5;270;292.5;315;337.5
val_images,test001.png,0,upright,0.0,481,321,154401.0,1.0,blur,red_gd,wavelet,15.0,fixed3p25,0.8,3.9603960396039612,1.4142135623730951,0.005,G16_fixed,True,16,20,0.00794342272465447,20.99992325012016,0.48038736188560954,3,0.005435976388946234,22.64722438284766,0.6139094083749458,3.25,0;22.5;45;67.5;90;112.5;135;157.5;180;202.5;225;247.5;270;292.5;315;337.5
val_images,test001.png,0,upright,0.0,481,321,154401.0,1.0,blur,red_gd,wavelet,15.0,fixed3p25,0.8,3.9603960396039612,1.4142135623730951,0.005,G16_fixed,True,16,20,0.00794342272465447,20.99992325012016,0.48038736188560954,4,0.005237907521192787,22.808421736065135,0.6250503457717242,3.25,0;22.5;45;67.5;90;112.5;135;157.5;180;202.5;225;247.5;270;292.5;315;337.5
val_images,test001.png,0,upright,0.0,481,321,154401.0,1.0,blur,red_gd,wavelet,15.0,fixed3p25,0.8,3.9603960396039612,1.4142135623730951,0.005,G16_fixed,True,16,20,0.00794342272465447,20.99992325012016,0.48038736188560954,5,0.005089963055564326,22.932853698877555,0.6358182690688532,3.25,0;22.5;45;67.5;90;112.5;135;157.5;180;202.5;225;247.5;270;292.5;315;337.5
val_images,test001.png,0,upright,0.0,481,321,154401.0,1.0,blur,red_gd,wavelet,15.0,fixed3p25,0.8,3.9603960396039612,1.4142135623730951,0.005,G16_fixed,True,16,20,0.00794342272465447,20.99992325012016,0.48038736188560954,6,0.0049715947543095985,23.035042788919924,0.642707290998763,3.25,0;22.5;45;67.5;90;112.5;135;157.5;180;202.5;225;247.5;270;292.5;315;337.5
val_images,test001.png,0,upright,0.0,481,321,154401.0,1.0,blur,red_gd,wavelet,15.0,fixed3p25,0.8,3.9603960396039612,1.4142135623730951,0.005,G16_fixed,True,16,20,0.00794342272465447,20.99992325012016,0.48038736188560954,7,0.004874778760060047,23.120450898045043,0.6497551424537406,3.25,0;22.5;45;67.5;90;112.5;135;157.5;180;202.5;225;247.5;270;292.5;315;337.5
val_images,test001.png,0,upright,0.0,481,321,154401.0,1.0,blur,red_gd,wavelet,15.0,fixed3p25,0.8,3.9603960396039612,1.4142135623730951,0.005,G16_fixed,True,16,20,0.00794342272465447,20.99992325012016,0.48038736188560954,8,0.004792063613982422,23.194774253812316,0.6546362029714834,3.25,0;22.5;45;67.5;90;112.5;135;157.5;180;202.5;225;247.5;270;292.5;315;337.5
val_images,test001.png,0,upright,0.0,481,321,154401.0,1.0,blur,red_gd,wavelet,15.0,fixed3p25,0.8,3.9603960396039612,1.4142135623730951,0.005,G16_fixed,True,16,20,0.00794342272465447,20.99992325012016,0.48038736188560954,9,0.004721327725649243,23.25935852459846,0.6597639830700578,3.25,0;22.5;45;67.5;90;112.5;135;157.5;180;202.5;225;247.5;270;292.5;315;337.5
val_images,test001.png,0,upright,0.0,481,321,154401.0,1.0,blur,red_gd,wavelet,15.0,fixed3p25,0.8,3.9603960396039612,1.4142135623730951,0.005,G16_fixed,True,16,20,0.00794342272465447,20.99992325012016,0.48038736188560954,10,0.004658652853153073,23.317396504826867,0.663483498325788,3.25,0;22.5;45;67.5;90;112.5;135;157.5;180;202.5;225;247.5;270;292.5;315;337.5
val_images,test001.png,0,upright,0.0,481,321,154401.0,1.0,blur,red_gd,wavelet,15.0,fixed3p25,0.8,3.9603960396039612,1.4142135623730951,0.005,G16_fixed,True,16,20,0.00794342272465447,20.99992325012016,0.48038736188560954,11,0.004603606930472438,23.369017648021043,0.6674524148969242,3.25,0;22.5;45;67.5;90;112.5;135;157.5;180;202.5;225;247.5;270;292.5;315;337.5
val_images,test001.png,0,upright,0.0,481,321,154401.0,1.0,blur,red_gd,wavelet,15.0,fixed3p25,0.8,3.9603960396039612,1.4142135623730951,0.005,G16_fixed,True,16,20,0.00794342272465447,20.99992325012016,0.48038736188560954,12,0.004553708246278157,23.41634797851401,0.6704227142311254,3.25,0;22.5;45;67.5;90;112.5;135;157.5;180;202.5;225;247.5;270;292.5;315;337.5
val_images,test001.png,0,upright,0.0,481,321,154401.0,1.0,blur,red_gd,wavelet,15.0,fixed3p25,0.8,3.9603960396039612,1.4142135623730951,0.005,G16_fixed,True,16,20,0.00794342272465447,20.99992325012016,0.48038736188560954,13,0.004509091598844081,23.45910942234243,0.6736203032201864,3.25,0;22.5;45;67.5;90;112.5;135;157.5;180;202.5;225;247.5;270;292.5;315;337.5
val_images,test001.png,0,upright,0.0,481,321,154401.0,1.0,blur,red_gd,wavelet,15.0,fixed3p25,0.8,3.9603960396039612,1.4142135623730951,0.005,G16_fixed,True,16,20,0.00794342272465447,20.99992325012016,0.48038736188560954,14,0.004468017655604359,23.498851194157844,0.6760711556272304,3.25,0;22.5;45;67.5;90;112.5;135;157.5;180;202.5;225;247.5;270;292.5;315;337.5
val_images,test001.png,0,upright,0.0,481,321,154401.0,1.0,blur,red_gd,wavelet,15.0,fixed3p25,0.8,3.9603960396039612,1.4142135623730951,0.005,G16_fixed,True,16,20,0.00794342272465447,20.99992325012016,0.48038736188560954,15,0.0044308097742950985,23.53516894912496,0.6787201022014107,3.25,0;22.5;45;67.5;90;112.5;135;157.5;180;202.5;225;247.5;270;292.5;315;337.5
val_images,test001.png,0,upright,0.0,481,321,154401.0,1.0,blur,red_gd,wavelet,15.0,fixed3p25,0.8,3.9603960396039612,1.4142135623730951,0.005,G16_fixed,True,16,20,0.00794342272465447,20.99992325012016,0.48038736188560954,16,0.004396179662909,23.56924567154924,0.6807919698544699,3.25,0;22.5;45;67.5;90;112.5;135;157.5;180;202.5;225;247.5;270;292.5;315;337.5
val_images,test001.png,0,upright,0.0,481,321,154401.0,1.0,blur,red_gd,wavelet,15.0,fixed3p25,0.8,3.9603960396039612,1.4142135623730951,0.005,G16_fixed,True,16,20,0.00794342272465447,20.99992325012016,0.48038736188560954,17,0.004364489814164902,23.600665157253435,0.6830320278042241,3.25,0;22.5;45;67.5;90;112.5;135;157.5;180;202.5;225;247.5;270;292.5;315;337.5
val_images,test001.png,0,upright,0.0,481,321,154401.0,1.0,blur,red_gd,wavelet,15.0,fixed3p25,0.8,3.9603960396039612,1.4142135623730951,0.005,G16_fixed,True,16,20,0.00794342272465447,20.99992325012016,0.48038736188560954,18,0.004334754738043107,23.63035470028093,0.6848160896788233,3.25,0;22.5;45;67.5;90;112.5;135;157.5;180;202.5;225;247.5;270;292.5;315;337.5
val_images,test001.png,0,upright,0.0,481,321,154401.0,1.0,blur,red_gd,wavelet,15.0,fixed3p25,0.8,3.9603960396039612,1.4142135623730951,0.005,G16_fixed,True,16,20,0.00794342272465447,20.99992325012016,0.48038736188560954,19,0.004307323882268209,23.657924709368714,0.6867408161216573,3.25,0;22.5;45;67.5;90;112.5;135;157.5;180;202.5;225;247.5;270;292.5;315;337.5
val_images,test001.png,0,upright,0.0,481,321,154401.0,1.0,blur,red_gd,wavelet,15.0,fixed3p25,0.8,3.9603960396039612,1.4142135623730951,0.005,G16_fixed,True,16,20,0.00794342272465447,20.99992325012016,0.48038736188560954,20,0.0042814295686940985,23.68411195909184,0.6882993592981911,3.25,0;22.5;45;67.5;90;112.5;135;157.5;180;202.5;225;247.5;270;292.5;315;337.5
val_images,test001.png,0,rot45_padded,45.0,1000,1000,154360.0,0.15435999631881714,blur,red_gd,wavelet,15.0,fixed3p25,0.8,3.9603960396039612,1.4142135623730951,0.005,vanilla,False,0,20,0.008927772365786554,20.492568916080103,0.49059174778116094,1,0.006727459727868295,21.72148893343758,0.5811989828971236,3.25,none
val_images,test001.png,0,rot45_padded,45.0,1000,1000,154360.0,0.15435999631881714,blur,red_gd,wavelet,15.0,fixed3p25,0.8,3.9603960396039612,1.4142135623730951,0.005,vanilla,False,0,20,0.008927772365786554,20.492568916080103,0.49059174778116094,2,0.006174908489969673,22.09369474116182,0.6078067808208085,3.25,none
val_images,test001.png,0,rot45_padded,45.0,1000,1000,154360.0,0.15435999631881714,blur,red_gd,wavelet,15.0,fixed3p25,0.8,3.9603960396039612,1.4142135623730951,0.005,vanilla,False,0,20,0.008927772365786554,20.492568916080103,0.49059174778116094,3,0.005789413511459615,22.373654296469702,0.6280580400524748,3.25,none
val_images,test001.png,0,rot45_padded,45.0,1000,1000,154360.0,0.15435999631881714,blur,red_gd,wavelet,15.0,fixed3p25,0.8,3.9603960396039612,1.4142135623730951,0.005,vanilla,False,0,20,0.008927772365786554,20.492568916080103,0.49059174778116094,4,0.005591082863314654,22.525040711801342,0.6390808722305001,3.25,none
val_images,test001.png,0,rot45_padded,45.0,1000,1000,154360.0,0.15435999631881714,blur,red_gd,wavelet,15.0,fixed3p25,0.8,3.9603960396039612,1.4142135623730951,0.005,vanilla,False,0,20,0.008927772365786554,20.492568916080103,0.49059174778116094,5,0.005390355648170268,22.68382579721919,0.6494933212133972,3.25,none
val_images,test001.png,0,rot45_padded,45.0,1000,1000,154360.0,0.15435999631881714,blur,red_gd,wavelet,15.0,fixed3p25,0.8,3.9603960396039612,1.4142135623730951,0.005,vanilla,False,0,20,0.008927772365786554,20.492568916080103,0.49059174778116094,6,0.005278255940101467,22.775095548740527,0.6562768244687743,3.25,none
val_images,test001.png,0,rot45_padded,45.0,1000,1000,154360.0,0.15435999631881714,blur,red_gd,wavelet,15.0,fixed3p25,0.8,3.9603960396039612,1.4142135623730951,0.005,vanilla,False,0,20,0.008927772365786554,20.492568916080103,0.49059174778116094,7,0.005145433301844107,22.885780470091795,0.662948677199404,3.25,none
val_images,test001.png,0,rot45_padded,45.0,1000,1000,154360.0,0.15435999631881714,blur,red_gd,wavelet,15.0,fixed3p25,0.8,3.9603960396039612,1.4142135623730951,0.005,vanilla,False,0,20,0.008927772365786554,20.492568916080103,0.49059174778116094,8,0.0050705375187012095,22.9494599943746,0.6677569379210936,3.25,none
val_images,test001.png,0,rot45_padded,45.0,1000,1000,154360.0,0.15435999631881714,blur,red_gd,wavelet,15.0,fixed3p25,0.8,3.9603960396039612,1.4142135623730951,0.005,vanilla,False,0,20,0.008927772365786554,20.492568916080103,0.49059174778116094,9,0.004972673284170324,23.034100739556198,0.6725272394888572,3.25,none
val_images,test001.png,0,rot45_padded,45.0,1000,1000,154360.0,0.15435999631881714,blur,red_gd,wavelet,15.0,fixed3p25,0.8,3.9603960396039612,1.4142135623730951,0.005,vanilla,False,0,20,0.008927772365786554,20.492568916080103,0.49059174778116094,10,0.004918140214661546,23.081990938189886,0.6761919174332729,3.25,none
val_images,test001.png,0,rot45_padded,45.0,1000,1000,154360.0,0.15435999631881714,blur,red_gd,wavelet,15.0,fixed3p25,0.8,3.9603960396039612,1.4142135623730951,0.005,vanilla,False,0,20,0.008927772365786554,20.492568916080103,0.49059174778116094,11,0.004841521244093556,23.15018158167353,0.6798335162121015,3.25,none
val_images,test001.png,0,rot45_padded,45.0,1000,1000,154360.0,0.15435999631881714,blur,red_gd,wavelet,15.0,fixed3p25,0.8,3.9603960396039612,1.4142135623730951,0.005,vanilla,False,0,20,0.008927772365786554,20.492568916080103,0.49059174778116094,12,0.004799693815137908,23.187864665071935,0.6827532331076703,3.25,none
val_images,test001.png,0,rot45_padded,45.0,1000,1000,154360.0,0.15435999631881714,blur,red_gd,wavelet,15.0,fixed3p25,0.8,3.9603960396039612,1.4142135623730951,0.005,vanilla,False,0,20,0.008927772365786554,20.492568916080103,0.49059174778116094,13,0.004737327716053382,23.24466570866163,0.6856561973633065,3.25,none
val_images,test001.png,0,rot45_padded,45.0,1000,1000,154360.0,0.15435999631881714,blur,red_gd,wavelet,15.0,fixed3p25,0.8,3.9603960396039612,1.4142135623730951,0.005,vanilla,False,0,20,0.008927772365786554,20.492568916080103,0.49059174778116094,14,0.004704102384948335,23.27523234394887,0.6880534950764446,3.25,none
val_images,test001.png,0,rot45_padded,45.0,1000,1000,154360.0,0.15435999631881714,blur,red_gd,wavelet,15.0,fixed3p25,0.8,3.9603960396039612,1.4142135623730951,0.005,vanilla,False,0,20,0.008927772365786554,20.492568916080103,0.49059174778116094,15,0.004651943344191338,23.323655831643336,0.6904398099410469,3.25,none
val_images,test001.png,0,rot45_padded,45.0,1000,1000,154360.0,0.15435999631881714,blur,red_gd,wavelet,15.0,fixed3p25,0.8,3.9603960396039612,1.4142135623730951,0.005,vanilla,False,0,20,0.008927772365786554,20.492568916080103,0.49059174778116094,16,0.004624862651128045,23.349011603828764,0.692452303057787,3.25,none
val_images,test001.png,0,rot45_padded,45.0,1000,1000,154360.0,0.15435999631881714,blur,red_gd,wavelet,15.0,fixed3p25,0.8,3.9603960396039612,1.4142135623730951,0.005,vanilla,False,0,20,0.008927772365786554,20.492568916080103,0.49059174778116094,17,0.004580370173240518,23.390994220617934,0.6944588239343094,3.25,none
val_images,test001.png,0,rot45_padded,45.0,1000,1000,154360.0,0.15435999631881714,blur,red_gd,wavelet,15.0,fixed3p25,0.8,3.9603960396039612,1.4142135623730951,0.005,vanilla,False,0,20,0.008927772365786554,20.492568916080103,0.49059174778116094,18,0.004557856440883932,23.41239357943225,0.6961765009555584,3.25,none
val_images,test001.png,0,rot45_padded,45.0,1000,1000,154360.0,0.15435999631881714,blur,red_gd,wavelet,15.0,fixed3p25,0.8,3.9603960396039612,1.4142135623730951,0.005,vanilla,False,0,20,0.008927772365786554,20.492568916080103,0.49059174778116094,19,0.004519326318017743,23.449262992977097,0.6978934694059342,3.25,none
val_images,test001.png,0,rot45_padded,45.0,1000,1000,154360.0,0.15435999631881714,blur,red_gd,wavelet,15.0,fixed3p25,0.8,3.9603960396039612,1.4142135623730951,0.005,vanilla,False,0,20,0.008927772365786554,20.492568916080103,0.49059174778116094,20,0.00450030957271658,23.467576104250462,0.6993786339563358,3.25,none
val_images,test001.png,0,rot45_padded,45.0,1000,1000,154360.0,0.15435999631881714,blur,red_gd,wavelet,15.0,fixed3p25,0.8,3.9603960396039612,1.4142135623730951,0.005,G16_fixed,False,16,20,0.008927772365786554,20.492568916080103,0.49059174778116094,1,0.006727764191915409,21.72129238961726,0.5811890122926924,3.25,0;22.5;45;67.5;90;112.5;135;157.5;180;202.5;225;247.5;270;292.5;315;337.5
val_images,test001.png,0,rot45_padded,45.0,1000,1000,154360.0,0.15435999631881714,blur,red_gd,wavelet,15.0,fixed3p25,0.8,3.9603960396039612,1.4142135623730951,0.005,G16_fixed,False,16,20,0.008927772365786554,20.492568916080103,0.49059174778116094,2,0.006175263170814168,22.09344529372437,0.607792862464369,3.25,0;22.5;45;67.5;90;112.5;135;157.5;180;202.5;225;247.5;270;292.5;315;337.5
val_images,test001.png,0,rot45_padded,45.0,1000,1000,154360.0,0.15435999631881714,blur,red_gd,wavelet,15.0,fixed3p25,0.8,3.9603960396039612,1.4142135623730951,0.005,G16_fixed,False,16,20,0.008927772365786554,20.492568916080103,0.49059174778116094,3,0.005789574047048094,22.37353387191638,0.6280480188358383,3.25,0;22.5;45;67.5;90;112.5;135;157.5;180;202.5;225;247.5;270;292.5;315;337.5
val_images,test001.png,0,rot45_padded,45.0,1000,1000,154360.0,0.15435999631881714,blur,red_gd,wavelet,15.0,fixed3p25,0.8,3.9603960396039612,1.4142135623730951,0.005,G16_fixed,False,16,20,0.008927772365786554,20.492568916080103,0.49059174778116094,4,0.0055911757841602015,22.524968534950943,0.6390755073367452,3.25,0;22.5;45;67.5;90;112.5;135;157.5;180;202.5;225;247.5;270;292.5;315;337.5
val_images,test001.png,0,rot45_padded,45.0,1000,1000,154360.0,0.15435999631881714,blur,red_gd,wavelet,15.0,fixed3p25,0.8,3.9603960396039612,1.4142135623730951,0.005,G16_fixed,False,16,20,0.008927772365786554,20.492568916080103,0.49059174778116094,5,0.0053900808397121585,22.684047212738115,0.6494995465146411,3.25,0;22.5;45;67.5;90;112.5;135;157.5;180;202.5;225;247.5;270;292.5;315;337.5
val_images,test001.png,0,rot45_padded,45.0,1000,1000,154360.0,0.15435999631881714,blur,red_gd,wavelet,15.0,fixed3p25,0.8,3.9603960396039612,1.4142135623730951,0.005,G16_fixed,False,16,20,0.008927772365786554,20.492568916080103,0.49059174778116094,6,0.005277768797626085,22.775496387682015,0.6562970693508681,3.25,0;22.5;45;67.5;90;112.5;135;157.5;180;202.5;225;247.5;270;292.5;315;337.5
val_images,test001.png,0,rot45_padded,45.0,1000,1000,154360.0,0.15435999631881714,blur,red_gd,wavelet,15.0,fixed3p25,0.8,3.9603960396039612,1.4142135623730951,0.005,G16_fixed,False,16,20,0.008927772365786554,20.492568916080103,0.49059174778116094,7,0.005144485904627373,22.886580183629487,0.6629861808434828,3.25,0;22.5;45;67.5;90;112.5;135;157.5;180;202.5;225;247.5;270;292.5;315;337.5
val_images,test001.png,0,rot45_padded,45.0,1000,1000,154360.0,0.15435999631881714,blur,red_gd,wavelet,15.0,fixed3p25,0.8,3.9603960396039612,1.4142135623730951,0.005,G16_fixed,False,16,20,0.008927772365786554,20.492568916080103,0.49059174778116094,8,0.005069290797739457,22.95052794941288,0.6678143827740347,3.25,0;22.5;45;67.5;90;112.5;135;157.5;180;202.5;225;247.5;270;292.5;315;337.5
val_images,test001.png,0,rot45_padded,45.0,1000,1000,154360.0,0.15435999631881714,blur,red_gd,wavelet,15.0,fixed3p25,0.8,3.9603960396039612,1.4142135623730951,0.005,G16_fixed,False,16,20,0.008927772365786554,20.492568916080103,0.49059174778116094,9,0.004970888017712247,23.03566020372856,0.6726072067731278,3.25,0;22.5;45;67.5;90;112.5;135;157.5;180;202.5;225;247.5;270;292.5;315;337.5
val_images,test001.png,0,rot45_padded,45.0,1000,1000,154360.0,0.15435999631881714,blur,red_gd,wavelet,15.0,fixed3p25,0.8,3.9603960396039612,1.4142135623730951,0.005,G16_fixed,False,16,20,0.008927772365786554,20.492568916080103,0.49059174778116094,10,0.004915978124519184,23.083900583367928,0.6762969377591345,3.25,0;22.5;45;67.5;90;112.5;135;157.5;180;202.5;225;247.5;270;292.5;315;337.5
val_images,test001.png,0,rot45_padded,45.0,1000,1000,154360.0,0.15435999631881714,blur,red_gd,wavelet,15.0,fixed3p25,0.8,3.9603960396039612,1.4142135623730951,0.005,G16_fixed,False,16,20,0.008927772365786554,20.492568916080103,0.49059174778116094,11,0.0048387514120805265,23.15266688933915,0.6799658671287898,3.25,0;22.5;45;67.5;90;112.5;135;157.5;180;202.5;225;247.5;270;292.5;315;337.5
val_images,test001.png,0,rot45_padded,45.0,1000,1000,154360.0,0.15435999631881714,blur,red_gd,wavelet,15.0,fixed3p25,0.8,3.9603960396039612,1.4142135623730951,0.005,G16_fixed,False,16,20,0.008927772365786554,20.492568916080103,0.49059174778116094,12,0.00479647914928981,23.190774391056227,0.6829159007352941,3.25,0;22.5;45;67.5;90;112.5;135;157.5;180;202.5;225;247.5;270;292.5;315;337.5
val_images,test001.png,0,rot45_padded,45.0,1000,1000,154360.0,0.15435999631881714,blur,red_gd,wavelet,15.0,fixed3p25,0.8,3.9603960396039612,1.4142135623730951,0.005,G16_fixed,False,16,20,0.008927772365786554,20.492568916080103,0.49059174778116094,13,0.004733441252262365,23.248230086335603,0.6858507000680228,3.25,0;22.5;45;67.5;90;112.5;135;157.5;180;202.5;225;247.5;270;292.5;315;337.5
val_images,test001.png,0,rot45_padded,45.0,1000,1000,154360.0,0.15435999631881714,blur,red_gd,wavelet,15.0,fixed3p25,0.8,3.9603960396039612,1.4142135623730951,0.005,G16_fixed,False,16,20,0.008927772365786554,20.492568916080103,0.49059174778116094,14,0.004699706635842147,23.27929250662438,0.6882828695905675,3.25,0;22.5;45;67.5;90;112.5;135;157.5;180;202.5;225;247.5;270;292.5;315;337.5
val_images,test001.png,0,rot45_padded,45.0,1000,1000,154360.0,0.15435999631881714,blur,red_gd,wavelet,15.0,fixed3p25,0.8,3.9603960396039612,1.4142135623730951,0.005,G16_fixed,False,16,20,0.008927772365786554,20.492568916080103,0.49059174778116094,15,0.004646822417082024,23.328439241974838,0.6907056252429385,3.25,0;22.5;45;67.5;90;112.5;135;157.5;180;202.5;225;247.5;270;292.5;315;337.5
val_images,test001.png,0,rot45_padded,45.0,1000,1000,154360.0,0.15435999631881714,blur,red_gd,wavelet,15.0,fixed3p25,0.8,3.9603960396039612,1.4142135623730951,0.005,G16_fixed,False,16,20,0.008927772365786554,20.492568916080103,0.49059174778116094,16,0.004619173127525549,23.35435760005032,0.6927567860844779,3.25,0;22.5;45;67.5;90;112.5;135;157.5;180;202.5;225;247.5;270;292.5;315;337.5
val_images,test001.png,0,rot45_padded,45.0,1000,1000,154360.0,0.15435999631881714,blur,red_gd,wavelet,15.0,fixed3p25,0.8,3.9603960396039612,1.4142135623730951,0.005,G16_fixed,False,16,20,0.008927772365786554,20.492568916080103,0.49059174778116094,17,0.004573905650245368,23.39712798190228,0.6948034930519564,3.25,0;22.5;45;67.5;90;112.5;135;157.5;180;202.5;225;247.5;270;292.5;315;337.5
val_images,test001.png,0,rot45_padded,45.0,1000,1000,154360.0,0.15435999631881714,blur,red_gd,wavelet,15.0,fixed3p25,0.8,3.9603960396039612,1.4142135623730951,0.005,G16_fixed,False,16,20,0.008927772365786554,20.492568916080103,0.49059174778116094,18,0.0045507715229668065,23.419149682302812,0.6965634818767815,3.25,0;22.5;45;67.5;90;112.5;135;157.5;180;202.5;225;247.5;270;292.5;315;337.5
val_images,test001.png,0,rot45_padded,45.0,1000,1000,154360.0,0.15435999631881714,blur,red_gd,wavelet,15.0,fixed3p25,0.8,3.9603960396039612,1.4142135623730951,0.005,G16_fixed,False,16,20,0.008927772365786554,20.492568916080103,0.49059174778116094,19,0.004511419742581263,23.456867642553423,0.6983237237626329,3.25,0;22.5;45;67.5;90;112.5;135;157.5;180;202.5;225;247.5;270;292.5;315;337.5
val_images,test001.png,0,rot45_padded,45.0,1000,1000,154360.0,0.15435999631881714,blur,red_gd,wavelet,15.0,fixed3p25,0.8,3.9603960396039612,1.4142135623730951,0.005,G16_fixed,False,16,20,0.008927772365786554,20.492568916080103,0.49059174778116094,20,0.004491733967192157,23.475859736932687,0.6998544899099508,3.25,0;22.5;45;67.5;90;112.5;135;157.5;180;202.5;225;247.5;270;292.5;315;337.5
val_images,test002.png,1,upright,0.0,481,321,154401.0,1.0,blur,red_gd,wavelet,15.0,fixed3p25,0.8,3.9603960396039612,1.4142135623730951,0.005,vanilla,True,0,20,0.0038893401297342227,24.10124075364373,0.7211078012771938,1,0.0027127830441183794,25.66584937720105,0.7639470437367634,3.25,none
val_images,test002.png,1,upright,0.0,481,321,154401.0,1.0,blur,red_gd,wavelet,15.0,fixed3p25,0.8,3.9603960396039612,1.4142135623730951,0.005,vanilla,True,0,20,0.0038893401297342227,24.10124075364373,0.7211078012771938,2,0.0023922329465462496,26.21196532679527,0.7813778124817844,3.25,none
val_images,test002.png,1,upright,0.0,481,321,154401.0,1.0,blur,red_gd,wavelet,15.0,fixed3p25,0.8,3.9603960396039612,1.4142135623730951,0.005,vanilla,True,0,20,0.0038893401297342227,24.10124075364373,0.7211078012771938,3,0.0022174219199696528,26.54151663637537,0.794393079950907,3.25,none
val_images,test002.png,1,upright,0.0,481,321,154401.0,1.0,blur,red_gd,wavelet,15.0,fixed3p25,0.8,3.9603960396039612,1.4142135623730951,0.005,vanilla,True,0,20,0.0038893401297342227,24.10124075364373,0.7211078012771938,4,0.0021047882772451077,26.76791583746916,0.7998030999637308,3.25,none
val_images,test002.png,1,upright,0.0,481,321,154401.0,1.0,blur,red_gd,wavelet,15.0,fixed3p25,0.8,3.9603960396039612,1.4142135623730951,0.005,vanilla,True,0,20,0.0038893401297342227,24.10124075364373,0.7211078012771938,5,0.00202057651455514,26.945246991832704,0.8057902494964411,3.25,none
val_images,test002.png,1,upright,0.0,481,321,154401.0,1.0,blur,red_gd,wavelet,15.0,fixed3p25,0.8,3.9603960396039612,1.4142135623730951,0.005,vanilla,True,0,20,0.0038893401297342227,24.10124075364373,0.7211078012771938,6,0.001957330429432229,27.083358521317237,0.8087805859418009,3.25,none
val_images,test002.png,1,upright,0.0,481,321,154401.0,1.0,blur,red_gd,wavelet,15.0,fixed3p25,0.8,3.9603960396039612,1.4142135623730951,0.005,vanilla,True,0,20,0.0038893401297342227,24.10124075364373,0.7211078012771938,7,0.0019047007954581334,27.201732368320126,0.8122025804560852,3.25,none
val_images,test002.png,1,upright,0.0,481,321,154401.0,1.0,blur,red_gd,wavelet,15.0,fixed3p25,0.8,3.9603960396039612,1.4142135623730951,0.005,vanilla,True,0,20,0.0038893401297342227,24.10124075364373,0.7211078012771938,8,0.0018626051919874021,27.298791907892706,0.8140658799975389,3.25,none
val_images,test002.png,1,upright,0.0,481,321,154401.0,1.0,blur,red_gd,wavelet,15.0,fixed3p25,0.8,3.9603960396039612,1.4142135623730951,0.005,vanilla,True,0,20,0.0038893401297342227,24.10124075364373,0.7211078012771938,9,0.001825600101043205,27.385943488885548,0.8162394511693577,3.25,none
val_images,test002.png,1,upright,0.0,481,321,154401.0,1.0,blur,red_gd,wavelet,15.0,fixed3p25,0.8,3.9603960396039612,1.4142135623730951,0.005,vanilla,True,0,20,0.0038893401297342227,24.10124075364373,0.7211078012771938,10,0.0017949732216785553,27.459420260628132,0.8174478002895059,3.25,none
val_images,test002.png,1,upright,0.0,481,321,154401.0,1.0,blur,red_gd,wavelet,15.0,fixed3p25,0.8,3.9603960396039612,1.4142135623730951,0.005,vanilla,True,0,20,0.0038893401297342227,24.10124075364373,0.7211078012771938,11,0.0017671389593392369,27.52729298313616,0.8188996306694905,3.25,none
val_images,test002.png,1,upright,0.0,481,321,154401.0,1.0,blur,red_gd,wavelet,15.0,fixed3p25,0.8,3.9603960396039612,1.4142135623730951,0.005,vanilla,True,0,20,0.0038893401297342227,24.10124075364373,0.7211078012771938,12,0.0017436014413918547,27.58552780633781,0.8196858848874036,3.25,none
val_images,test002.png,1,upright,0.0,481,321,154401.0,1.0,blur,red_gd,wavelet,15.0,fixed3p25,0.8,3.9603960396039612,1.4142135623730951,0.005,vanilla,True,0,20,0.0038893401297342227,24.10124075364373,0.7211078012771938,13,0.0017217295320277031,27.64035071217776,0.8206737751860416,3.25,none
val_images,test002.png,1,upright,0.0,481,321,154401.0,1.0,blur,red_gd,wavelet,15.0,fixed3p25,0.8,3.9603960396039612,1.4142135623730951,0.005,vanilla,True,0,20,0.0038893401297342227,24.10124075364373,0.7211078012771938,14,0.001702955611145046,27.68796672111391,0.8211693394958582,3.25,none
val_images,test002.png,1,upright,0.0,481,321,154401.0,1.0,blur,red_gd,wavelet,15.0,fixed3p25,0.8,3.9603960396039612,1.4142135623730951,0.005,vanilla,True,0,20,0.0038893401297342227,24.10124075364373,0.7211078012771938,15,0.001685237346539004,27.733389250400347,0.8218380021826284,3.25,none
val_images,test002.png,1,upright,0.0,481,321,154401.0,1.0,blur,red_gd,wavelet,15.0,fixed3p25,0.8,3.9603960396039612,1.4142135623730951,0.005,vanilla,True,0,20,0.0038893401297342227,24.10124075364373,0.7211078012771938,16,0.0016698618443083068,27.773194586347714,0.8221237334117008,3.25,none
val_images,test002.png,1,upright,0.0,481,321,154401.0,1.0,blur,red_gd,wavelet,15.0,fixed3p25,0.8,3.9603960396039612,1.4142135623730951,0.005,vanilla,True,0,20,0.0038893401297342227,24.10124075364373,0.7211078012771938,17,0.001655185632829653,27.811532920437973,0.8225601983633526,3.25,none
val_images,test002.png,1,upright,0.0,481,321,154401.0,1.0,blur,red_gd,wavelet,15.0,fixed3p25,0.8,3.9603960396039612,1.4142135623730951,0.005,vanilla,True,0,20,0.0038893401297342227,24.10124075364373,0.7211078012771938,18,0.001642342144216551,27.845363625232814,0.8226885168327925,3.25,none
val_images,test002.png,1,upright,0.0,481,321,154401.0,1.0,blur,red_gd,wavelet,15.0,fixed3p25,0.8,3.9603960396039612,1.4142135623730951,0.005,vanilla,True,0,20,0.0038893401297342227,24.10124075364373,0.7211078012771938,19,0.0016299813203904728,27.878173725885734,0.8229497582593377,3.25,none
val_images,test002.png,1,upright,0.0,481,321,154401.0,1.0,blur,red_gd,wavelet,15.0,fixed3p25,0.8,3.9603960396039612,1.4142135623730951,0.005,vanilla,True,0,20,0.0038893401297342227,24.10124075364373,0.7211078012771938,20,0.0016190900349311109,27.907290001740197,0.8229570950803428,3.25,none
val_images,test002.png,1,upright,0.0,481,321,154401.0,1.0,blur,red_gd,wavelet,15.0,fixed3p25,0.8,3.9603960396039612,1.4142135623730951,0.005,G16_fixed,True,16,20,0.0038893401297342227,24.10124075364373,0.7211078012771938,1,0.0027124069134510137,25.666451573529105,0.7639372781750118,3.25,0;22.5;45;67.5;90;112.5;135;157.5;180;202.5;225;247.5;270;292.5;315;337.5
val_images,test002.png,1,upright,0.0,481,321,154401.0,1.0,blur,red_gd,wavelet,15.0,fixed3p25,0.8,3.9603960396039612,1.4142135623730951,0.005,G16_fixed,True,16,20,0.0038893401297342227,24.10124075364373,0.7211078012771938,2,0.0023912312491094615,26.213784224806833,0.7813904115744069,3.25,0;22.5;45;67.5;90;112.5;135;157.5;180;202.5;225;247.5;270;292.5;315;337.5
val_images,test002.png,1,upright,0.0,481,321,154401.0,1.0,blur,red_gd,wavelet,15.0,fixed3p25,0.8,3.9603960396039612,1.4142135623730951,0.005,G16_fixed,True,16,20,0.0038893401297342227,24.10124075364373,0.7211078012771938,3,0.0022162534047276855,26.543805842039706,0.7944346215374253,3.25,0;22.5;45;67.5;90;112.5;135;157.5;180;202.5;225;247.5;270;292.5;315;337.5
val_images,test002.png,1,upright,0.0,481,321,154401.0,1.0,blur,red_gd,wavelet,15.0,fixed3p25,0.8,3.9603960396039612,1.4142135623730951,0.005,G16_fixed,True,16,20,0.0038893401297342227,24.10124075364373,0.7211078012771938,4,0.002103155083496059,26.77128701910304,0.799886436130595,3.25,0;22.5;45;67.5;90;112.5;135;157.5;180;202.5;225;247.5;270;292.5;315;337.5
val_images,test002.png,1,upright,0.0,481,321,154401.0,1.0,blur,red_gd,wavelet,15.0,fixed3p25,0.8,3.9603960396039612,1.4142135623730951,0.005,G16_fixed,True,16,20,0.0038893401297342227,24.10124075364373,0.7211078012771938,5,0.0020187678063380825,26.94913629657197,0.8059206425152687,3.25,0;22.5;45;67.5;90;112.5;135;157.5;180;202.5;225;247.5;270;292.5;315;337.5
val_images,test002.png,1,upright,0.0,481,321,154401.0,1.0,blur,red_gd,wavelet,15.0,fixed3p25,0.8,3.9603960396039612,1.4142135623730951,0.005,G16_fixed,True,16,20,0.0038893401297342227,24.10124075364373,0.7211078012771938,6,0.001955108432079354,27.088291512359746,0.8089590983866685,3.25,0;22.5;45;67.5;90;112.5;135;157.5;180;202.5;225;247.5;270;292.5;315;337.5
val_images,test002.png,1,upright,0.0,481,321,154401.0,1.0,blur,red_gd,wavelet,15.0,fixed3p25,0.8,3.9603960396039612,1.4142135623730951,0.005,G16_fixed,True,16,20,0.0038893401297342227,24.10124075364373,0.7211078012771938,7,0.0019022991329572631,27.207211900390007,0.8124375105245433,3.25,0;22.5;45;67.5;90;112.5;135;157.5;180;202.5;225;247.5;270;292.5;315;337.5
val_images,test002.png,1,upright,0.0,481,321,154401.0,1.0,blur,red_gd,wavelet,15.0,fixed3p25,0.8,3.9603960396039612,1.4142135623730951,0.005,G16_fixed,True,16,20,0.0038893401297342227,24.10124075364373,0.7211078012771938,8,0.0018598270035163106,27.305274508962857,0.8143543435599511,3.25,0;22.5;45;67.5;90;112.5;135;157.5;180;202.5;225;247.5;270;292.5;315;337.5
val_images,test002.png,1,upright,0.0,481,321,154401.0,1.0,blur,red_gd,wavelet,15.0,fixed3p25,0.8,3.9603960396039612,1.4142135623730951,0.005,G16_fixed,True,16,20,0.0038893401297342227,24.10124075364373,0.7211078012771938,9,0.0018226384920469873,27.392994621613482,0.8165879754664801,3.25,0;22.5;45;67.5;90;112.5;135;157.5;180;202.5;225;247.5;270;292.5;315;337.5
val_images,test002.png,1,upright,0.0,481,321,154401.0,1.0,blur,red_gd,wavelet,15.0,fixed3p25,0.8,3.9603960396039612,1.4142135623730951,0.005,G16_fixed,True,16,20,0.0038893401297342227,24.10124075364373,0.7211078012771938,10,0.0017916599907920367,27.467444043464837,0.817852944605281,3.25,0;22.5;45;67.5;90;112.5;135;157.5;180;202.5;225;247.5;270;292.5;315;337.5
val_images,test002.png,1,upright,0.0,481,321,154401.0,1.0,blur,red_gd,wavelet,15.0,fixed3p25,0.8,3.9603960396039612,1.4142135623730951,0.005,G16_fixed,True,16,20,0.0038893401297342227,24.10124075364373,0.7211078012771938,11,0.0017636381572476052,27.535905135524445,0.8193684282323301,3.25,0;22.5;45;67.5;90;112.5;135;157.5;180;202.5;225;247.5;270;292.5;315;337.5
val_images,test002.png,1,upright,0.0,481,321,154401.0,1.0,blur,red_gd,wavelet,15.0,fixed3p25,0.8,3.9603960396039612,1.4142135623730951,0.005,G16_fixed,True,16,20,0.0038893401297342227,24.10124075364373,0.7211078012771938,12,0.001739764829524157,27.595094529487334,0.8202144395923602,3.25,0;22.5;45;67.5;90;112.5;135;157.5;180;202.5;225;247.5;270;292.5;315;337.5
val_images,test002.png,1,upright,0.0,481,321,154401.0,1.0,blur,red_gd,wavelet,15.0,fixed3p25,0.8,3.9603960396039612,1.4142135623730951,0.005,G16_fixed,True,16,20,0.0038893401297342227,24.10124075364373,0.7211078012771938,13,0.0017176523783722054,27.65064724923006,0.8212700816380722,3.25,0;22.5;45;67.5;90;112.5;135;157.5;180;202.5;225;247.5;270;292.5;315;337.5
val_images,test002.png,1,upright,0.0,481,321,154401.0,1.0,blur,red_gd,wavelet,15.0,fixed3p25,0.8,3.9603960396039612,1.4142135623730951,0.005,G16_fixed,True,16,20,0.0038893401297342227,24.10124075364373,0.7211078012771938,14,0.0016984778180451187,27.699401206005522,0.8218319809295277,3.25,0;22.5;45;67.5;90;112.5;135;157.5;180;202.5;225;247.5;270;292.5;315;337.5
val_images,test002.png,1,upright,0.0,481,321,154401.0,1.0,blur,red_gd,wavelet,15.0,fixed3p25,0.8,3.9603960396039612,1.4142135623730951,0.005,G16_fixed,True,16,20,0.0038893401297342227,24.10124075364373,0.7211078012771938,15,0.0016804747377314184,27.745680118147416,0.8225737588325205,3.25,0;22.5;45;67.5;90;112.5;135;157.5;180;202.5;225;247.5;270;292.5;315;337.5
val_images,test002.png,1,upright,0.0,481,321,154401.0,1.0,blur,red_gd,wavelet,15.0,fixed3p25,0.8,3.9603960396039612,1.4142135623730951,0.005,G16_fixed,True,16,20,0.0038893401297342227,24.10124075364373,0.7211078012771938,16,0.00166469108530203,27.78666346179215,0.8229317450988012,3.25,0;22.5;45;67.5;90;112.5;135;157.5;180;202.5;225;247.5;270;292.5;315;337.5
val_images,test002.png,1,upright,0.0,481,321,154401.0,1.0,blur,red_gd,wavelet,15.0,fixed3p25,0.8,3.9603960396039612,1.4142135623730951,0.005,G16_fixed,True,16,20,0.0038893401297342227,24.10124075364373,0.7211078012771938,17,0.0016497187919843257,27.825900785119494,0.8234462333469342,3.25,0;22.5;45;67.5;90;112.5;135;157.5;180;202.5;225;247.5;270;292.5;315;337.5
val_images,test002.png,1,upright,0.0,481,321,154401.0,1.0,blur,red_gd,wavelet,15.0,fixed3p25,0.8,3.9603960396039612,1.4142135623730951,0.005,G16_fixed,True,16,20,0.0038893401297342227,24.10124075364373,0.7211078012771938,18,0.0016364707108982354,27.860917631693628,0.8236517149338412,3.25,0;22.5;45;67.5;90;112.5;135;157.5;180;202.5;225;247.5;270;292.5;315;337.5
val_images,test002.png,1,upright,0.0,481,321,154401.0,1.0,blur,red_gd,wavelet,15.0,fixed3p25,0.8,3.9603960396039612,1.4142135623730951,0.005,G16_fixed,True,16,20,0.0038893401297342227,24.10124075364373,0.7211078012771938,19,0.0016238067886074146,27.894656472830007,0.8239952299531739,3.25,0;22.5;45;67.5;90;112.5;135;157.5;180;202.5;225;247.5;270;292.5;315;337.5
val_images,test002.png,1,upright,0.0,481,321,154401.0,1.0,blur,red_gd,wavelet,15.0,fixed3p25,0.8,3.9603960396039612,1.4142135623730951,0.005,G16_fixed,True,16,20,0.0038893401297342227,24.10124075364373,0.7211078012771938,20,0.001612515555483621,27.924960871558792,0.8240839801879521,3.25,0;22.5;45;67.5;90;112.5;135;157.5;180;202.5;225;247.5;270;292.5;315;337.5
val_images,test002.png,1,rot45_padded,45.0,1000,1000,154360.0,0.15435999631881714,blur,red_gd,wavelet,15.0,fixed3p25,0.8,3.9603960396039612,1.4142135623730951,0.005,vanilla,False,0,20,0.004523967615400889,23.4448051261109,0.7165430547907489,1,0.0031012917405183094,25.0845737747837,0.7616363533298782,3.25,none
val_images,test002.png,1,rot45_padded,45.0,1000,1000,154360.0,0.15435999631881714,blur,red_gd,wavelet,15.0,fixed3p25,0.8,3.9603960396039612,1.4142135623730951,0.005,vanilla,False,0,20,0.004523967615400889,23.4448051261109,0.7165430547907489,2,0.002762731081094418,25.586613864119883,0.7767364035371858,3.25,none
val_images,test002.png,1,rot45_padded,45.0,1000,1000,154360.0,0.15435999631881714,blur,red_gd,wavelet,15.0,fixed3p25,0.8,3.9603960396039612,1.4142135623730951,0.005,vanilla,False,0,20,0.004523967615400889,23.4448051261109,0.7165430547907489,3,0.0025349718080527055,25.960268661828053,0.7898797352779218,3.25,none
val_images,test002.png,1,rot45_padded,45.0,1000,1000,154360.0,0.15435999631881714,blur,red_gd,wavelet,15.0,fixed3p25,0.8,3.9603960396039612,1.4142135623730951,0.005,vanilla,False,0,20,0.004523967615400889,23.4448051261109,0.7165430547907489,4,0.002422596698414016,26.157188789832965,0.7948434260818865,3.25,none
val_images,test002.png,1,rot45_padded,45.0,1000,1000,154360.0,0.15435999631881714,blur,red_gd,wavelet,15.0,fixed3p25,0.8,3.9603960396039612,1.4142135623730951,0.005,vanilla,False,0,20,0.004523967615400889,23.4448051261109,0.7165430547907489,5,0.002307825812591608,26.36796973456111,0.8010188743035761,3.25,none
val_images,test002.png,1,rot45_padded,45.0,1000,1000,154360.0,0.15435999631881714,blur,red_gd,wavelet,15.0,fixed3p25,0.8,3.9603960396039612,1.4142135623730951,0.005,vanilla,False,0,20,0.004523967615400889,23.4448051261109,0.7165430547907489,6,0.0022477665229237863,26.482488012310007,0.8038403529087846,3.25,none
val_images,test002.png,1,rot45_padded,45.0,1000,1000,154360.0,0.15435999631881714,blur,red_gd,wavelet,15.0,fixed3p25,0.8,3.9603960396039612,1.4142135623730951,0.005,vanilla,False,0,20,0.004523967615400889,23.4448051261109,0.7165430547907489,7,0.002173400981712292,26.628601411071614,0.8074219256122053,3.25,none
val_images,test002.png,1,rot45_padded,45.0,1000,1000,154360.0,0.15435999631881714,blur,red_gd,wavelet,15.0,fixed3p25,0.8,3.9603960396039612,1.4142135623730951,0.005,vanilla,False,0,20,0.004523967615400889,23.4448051261109,0.7165430547907489,8,0.0021353006671827423,26.705409642433086,0.8092188107346463,3.25,none
val_images,test002.png,1,rot45_padded,45.0,1000,1000,154360.0,0.15435999631881714,blur,red_gd,wavelet,15.0,fixed3p25,0.8,3.9603960396039612,1.4142135623730951,0.005,vanilla,False,0,20,0.004523967615400889,23.4448051261109,0.7165430547907489,9,0.0020812952694543195,26.816663028743392,0.8115211599507645,3.25,none
val_images,test002.png,1,rot45_padded,45.0,1000,1000,154360.0,0.15435999631881714,blur,red_gd,wavelet,15.0,fixed3p25,0.8,3.9603960396039612,1.4142135623730951,0.005,vanilla,False,0,20,0.004523967615400889,23.4448051261109,0.7165430547907489,10,0.0020548541485938916,26.872189984637217,0.8127181386045608,3.25,none
val_images,test002.png,1,rot45_padded,45.0,1000,1000,154360.0,0.15435999631881714,blur,red_gd,wavelet,15.0,fixed3p25,0.8,3.9603960396039612,1.4142135623730951,0.005,vanilla,False,0,20,0.004523967615400889,23.4448051261109,0.7165430547907489,11,0.0020130049722063073,26.961551523845223,0.814281549624255,3.25,none
val_images,test002.png,1,rot45_padded,45.0,1000,1000,154360.0,0.15435999631881714,blur,red_gd,wavelet,15.0,fixed3p25,0.8,3.9603960396039612,1.4142135623730951,0.005,vanilla,False,0,20,0.004523967615400889,23.4448051261109,0.7165430547907489,12,0.001993615159595467,27.00358672601368,0.8150911424591863,3.25,none
val_images,test002.png,1,rot45_padded,45.0,1000,1000,154360.0,0.15435999631881714,blur,red_gd,wavelet,15.0,fixed3p25,0.8,3.9603960396039612,1.4142135623730951,0.005,vanilla,False,0,20,0.004523967615400889,23.4448051261109,0.7165430547907489,13,0.0019598192549579716,27.07783979762892,0.8161814811965535,3.25,none
val_images,test002.png,1,rot45_padded,45.0,1000,1000,154360.0,0.15435999631881714,blur,red_gd,wavelet,15.0,fixed3p25,0.8,3.9603960396039612,1.4142135623730951,0.005,vanilla,False,0,20,0.004523967615400889,23.4448051261109,0.7165430547907489,14,0.0019450709374342042,27.11064555174035,0.8167238922000518,3.25,none
val_images,test002.png,1,rot45_padded,45.0,1000,1000,154360.0,0.15435999631881714,blur,red_gd,wavelet,15.0,fixed3p25,0.8,3.9603960396039612,1.4142135623730951,0.005,vanilla,False,0,20,0.004523967615400889,23.4448051261109,0.7165430547907489,15,0.0019169995499942302,27.17377989070318,0.8174890475187873,3.25,none
val_images,test002.png,1,rot45_padded,45.0,1000,1000,154360.0,0.15435999631881714,blur,red_gd,wavelet,15.0,fixed3p25,0.8,3.9603960396039612,1.4142135623730951,0.005,vanilla,False,0,20,0.004523967615400889,23.4448051261109,0.7165430547907489,16,0.0019054977286507597,27.19991564569604,0.8178373607152112,3.25,none
val_images,test002.png,1,rot45_padded,45.0,1000,1000,154360.0,0.15435999631881714,blur,red_gd,wavelet,15.0,fixed3p25,0.8,3.9603960396039612,1.4142135623730951,0.005,vanilla,False,0,20,0.004523967615400889,23.4448051261109,0.7165430547907489,17,0.0018817082128551965,27.25447719575824,0.8183663088721171,3.25,none
val_images,test002.png,1,rot45_padded,45.0,1000,1000,154360.0,0.15435999631881714,blur,red_gd,wavelet,15.0,fixed3p25,0.8,3.9603960396039612,1.4142135623730951,0.005,vanilla,False,0,20,0.004523967615400889,23.4448051261109,0.7165430547907489,18,0.0018725752799614132,27.27560714074602,0.8185688083052605,3.25,none
val_images,test002.png,1,rot45_padded,45.0,1000,1000,154360.0,0.15435999631881714,blur,red_gd,wavelet,15.0,fixed3p25,0.8,3.9603960396039612,1.4142135623730951,0.005,vanilla,False,0,20,0.004523967615400889,23.4448051261109,0.7165430547907489,19,0.0018521111442128993,27.323329550892787,0.818920259458409,3.25,none
val_images,test002.png,1,rot45_padded,45.0,1000,1000,154360.0,0.15435999631881714,blur,red_gd,wavelet,15.0,fixed3p25,0.8,3.9603960396039612,1.4142135623730951,0.005,vanilla,False,0,20,0.004523967615400889,23.4448051261109,0.7165430547907489,20,0.0018447648617046799,27.340589822269003,0.8190083753077222,3.25,none
val_images,test002.png,1,rot45_padded,45.0,1000,1000,154360.0,0.15435999631881714,blur,red_gd,wavelet,15.0,fixed3p25,0.8,3.9603960396039612,1.4142135623730951,0.005,G16_fixed,False,16,20,0.004523967615400889,23.4448051261109,0.7165430547907489,1,0.003101394151152339,25.08443036473835,0.7616310390483286,3.25,0;22.5;45;67.5;90;112.5;135;157.5;180;202.5;225;247.5;270;292.5;315;337.5
val_images,test002.png,1,rot45_padded,45.0,1000,1000,154360.0,0.15435999631881714,blur,red_gd,wavelet,15.0,fixed3p25,0.8,3.9603960396039612,1.4142135623730951,0.005,G16_fixed,False,16,20,0.004523967615400889,23.4448051261109,0.7165430547907489,2,0.00276291296870698,25.586327950710412,0.7767460198561803,3.25,0;22.5;45;67.5;90;112.5;135;157.5;180;202.5;225;247.5;270;292.5;315;337.5
val_images,test002.png,1,rot45_padded,45.0,1000,1000,154360.0,0.15435999631881714,blur,red_gd,wavelet,15.0,fixed3p25,0.8,3.9603960396039612,1.4142135623730951,0.005,G16_fixed,False,16,20,0.004523967615400889,23.4448051261109,0.7165430547907489,3,0.002534889760923126,25.960409228252406,0.7899066609711065,3.25,0;22.5;45;67.5;90;112.5;135;157.5;180;202.5;225;247.5;270;292.5;315;337.5
val_images,test002.png,1,rot45_padded,45.0,1000,1000,154360.0,0.15435999631881714,blur,red_gd,wavelet,15.0,fixed3p25,0.8,3.9603960396039612,1.4142135623730951,0.005,G16_fixed,False,16,20,0.004523967615400889,23.4448051261109,0.7165430547907489,4,0.002422541934426321,26.15728696534234,0.7948922162477325,3.25,0;22.5;45;67.5;90;112.5;135;157.5;180;202.5;225;247.5;270;292.5;315;337.5
val_images,test002.png,1,rot45_padded,45.0,1000,1000,154360.0,0.15435999631881714,blur,red_gd,wavelet,15.0,fixed3p25,0.8,3.9603960396039612,1.4142135623730951,0.005,G16_fixed,False,16,20,0.004523967615400889,23.4448051261109,0.7165430547907489,5,0.002307468561596066,26.368642073630948,0.801085986087717,3.25,0;22.5;45;67.5;90;112.5;135;157.5;180;202.5;225;247.5;270;292.5;315;337.5
val_images,test002.png,1,rot45_padded,45.0,1000,1000,154360.0,0.15435999631881714,blur,red_gd,wavelet,15.0,fixed3p25,0.8,3.9603960396039612,1.4142135623730951,0.005,G16_fixed,False,16,20,0.004523967615400889,23.4448051261109,0.7165430547907489,6,0.0022474063063693435,26.48318404811624,0.8039287218191241,3.25,0;22.5;45;67.5;90;112.5;135;157.5;180;202.5;225;247.5;270;292.5;315;337.5
val_images,test002.png,1,rot45_padded,45.0,1000,1000,154360.0,0.15435999631881714,blur,red_gd,wavelet,15.0,fixed3p25,0.8,3.9603960396039612,1.4142135623730951,0.005,G16_fixed,False,16,20,0.004523967615400889,23.4448051261109,0.7165430547907489,7,0.0021726166902350835,26.630168884976065,0.8075348920542886,3.25,0;22.5;45;67.5;90;112.5;135;157.5;180;202.5;225;247.5;270;292.5;315;337.5
val_images,test002.png,1,rot45_padded,45.0,1000,1000,154360.0,0.15435999631881714,blur,red_gd,wavelet,15.0,fixed3p25,0.8,3.9603960396039612,1.4142135623730951,0.005,G16_fixed,False,16,20,0.004523967615400889,23.4448051261109,0.7165430547907489,8,0.002134376599029359,26.70728949274102,0.8093624987853071,3.25,0;22.5;45;67.5;90;112.5;135;157.5;180;202.5;225;247.5;270;292.5;315;337.5
val_images,test002.png,1,rot45_padded,45.0,1000,1000,154360.0,0.15435999631881714,blur,red_gd,wavelet,15.0,fixed3p25,0.8,3.9603960396039612,1.4142135623730951,0.005,G16_fixed,False,16,20,0.004523967615400889,23.4448051261109,0.7165430547907489,9,0.002079855391756183,26.819668596264435,0.8117000234840632,3.25,0;22.5;45;67.5;90;112.5;135;157.5;180;202.5;225;247.5;270;292.5;315;337.5
val_images,test002.png,1,rot45_padded,45.0,1000,1000,154360.0,0.15435999631881714,blur,red_gd,wavelet,15.0,fixed3p25,0.8,3.9603960396039612,1.4142135623730951,0.005,G16_fixed,False,16,20,0.004523967615400889,23.4448051261109,0.7165430547907489,10,0.0020532136014101573,26.8756586743981,0.812936378433532,3.25,0;22.5;45;67.5;90;112.5;135;157.5;180;202.5;225;247.5;270;292.5;315;337.5
val_images,test002.png,1,rot45_padded,45.0,1000,1000,154360.0,0.15435999631881714,blur,red_gd,wavelet,15.0,fixed3p25,0.8,3.9603960396039612,1.4142135623730951,0.005,G16_fixed,False,16,20,0.004523967615400889,23.4448051261109,0.7165430547907489,11,0.0020107944446019045,26.96632323305744,0.814544631867064,3.25,0;22.5;45;67.5;90;112.5;135;157.5;180;202.5;225;247.5;270;292.5;315;337.5
val_images,test002.png,1,rot45_padded,45.0,1000,1000,154360.0,0.15435999631881714,blur,red_gd,wavelet,15.0,fixed3p25,0.8,3.9603960396039612,1.4142135623730951,0.005,G16_fixed,False,16,20,0.004523967615400889,23.4448051261109,0.7165430547907489,12,0.0019911563158591323,27.00894644317018,0.8154029642556362,3.25,0;22.5;45;67.5;90;112.5;135;157.5;180;202.5;225;247.5;270;292.5;315;337.5
val_images,test002.png,1,rot45_padded,45.0,1000,1000,154360.0,0.15435999631881714,blur,red_gd,wavelet,15.0,fixed3p25,0.8,3.9603960396039612,1.4142135623730951,0.005,G16_fixed,False,16,20,0.004523967615400889,23.4448051261109,0.7165430547907489,13,0.0019567433772664147,27.084661274053673,0.8165474580526043,3.25,0;22.5;45;67.5;90;112.5;135;157.5;180;202.5;225;247.5;270;292.5;315;337.5
val_images,test002.png,1,rot45_padded,45.0,1000,1000,154360.0,0.15435999631881714,blur,red_gd,wavelet,15.0,fixed3p25,0.8,3.9603960396039612,1.4142135623730951,0.005,G16_fixed,False,16,20,0.004523967615400889,23.4448051261109,0.7165430547907489,14,0.0019417022602272083,27.118173638480858,0.8171478200310961,3.25,0;22.5;45;67.5;90;112.5;135;157.5;180;202.5;225;247.5;270;292.5;315;337.5
val_images,test002.png,1,rot45_padded,45.0,1000,1000,154360.0,0.15435999631881714,blur,red_gd,wavelet,15.0,fixed3p25,0.8,3.9603960396039612,1.4142135623730951,0.005,G16_fixed,False,16,20,0.004523967615400889,23.4448051261109,0.7165430547907489,15,0.001912970739375992,27.182916728502427,0.81797629121858,3.25,0;22.5;45;67.5;90;112.5;135;157.5;180;202.5;225;247.5;270;292.5;315;337.5
val_images,test002.png,1,rot45_padded,45.0,1000,1000,154360.0,0.15435999631881714,blur,red_gd,wavelet,15.0,fixed3p25,0.8,3.9603960396039612,1.4142135623730951,0.005,G16_fixed,False,16,20,0.004523967615400889,23.4448051261109,0.7165430547907489,16,0.0019011259017197015,27.209891211084894,0.8183916149747343,3.25,0;22.5;45;67.5;90;112.5;135;157.5;180;202.5;225;247.5;270;292.5;315;337.5
val_images,test002.png,1,rot45_padded,45.0,1000,1000,154360.0,0.15435999631881714,blur,red_gd,wavelet,15.0,fixed3p25,0.8,3.9603960396039612,1.4142135623730951,0.005,G16_fixed,False,16,20,0.004523967615400889,23.4448051261109,0.7165430547907489,17,0.0018766345369843629,27.26620295319389,0.8189932928705623,3.25,0;22.5;45;67.5;90;112.5;135;157.5;180;202.5;225;247.5;270;292.5;315;337.5
val_images,test002.png,1,rot45_padded,45.0,1000,1000,154360.0,0.15435999631881714,blur,red_gd,wavelet,15.0,fixed3p25,0.8,3.9603960396039612,1.4142135623730951,0.005,G16_fixed,False,16,20,0.004523967615400889,23.4448051261109,0.7165430547907489,18,0.001867106789348965,27.2883084182668,0.8192709514284788,3.25,0;22.5;45;67.5;90;112.5;135;157.5;180;202.5;225;247.5;270;292.5;315;337.5
val_images,test002.png,1,rot45_padded,45.0,1000,1000,154360.0,0.15435999631881714,blur,red_gd,wavelet,15.0,fixed3p25,0.8,3.9603960396039612,1.4142135623730951,0.005,G16_fixed,False,16,20,0.004523967615400889,23.4448051261109,0.7165430547907489,19,0.001845903240914603,27.33791067686164,0.8197028759879502,3.25,0;22.5;45;67.5;90;112.5;135;157.5;180;202.5;225;247.5;270;292.5;315;337.5
val_images,test002.png,1,rot45_padded,45.0,1000,1000,154360.0,0.15435999631881714,blur,red_gd,wavelet,15.0,fixed3p25,0.8,3.9603960396039612,1.4142135623730951,0.005,G16_fixed,False,16,20,0.004523967615400889,23.4448051261109,0.7165430547907489,20,0.0018381115314595345,27.356281403776123,0.8198751093223633,3.25,0;22.5;45;67.5;90;112.5;135;157.5;180;202.5;225;247.5;270;292.5;315;337.5
val_images,test003.png,2,upright,0.0,481,321,154401.0,1.0,blur,red_gd,wavelet,15.0,fixed3p25,0.8,3.9603960396039612,1.4142135623730951,0.005,vanilla,True,0,20,0.004781531164690481,23.204330092678724,0.7179322733499135,1,0.0036184647772885214,24.41475650508892,0.7610559314706511,3.25,none
val_images,test003.png,2,upright,0.0,481,321,154401.0,1.0,blur,red_gd,wavelet,15.0,fixed3p25,0.8,3.9603960396039612,1.4142135623730951,0.005,vanilla,True,0,20,0.004781531164690481,23.204330092678724,0.7179322733499135,2,0.0032983052389379966,24.81709155407009,0.7764172613033594,3.25,none
val_images,test003.png,2,upright,0.0,481,321,154401.0,1.0,blur,red_gd,wavelet,15.0,fixed3p25,0.8,3.9603960396039612,1.4142135623730951,0.005,vanilla,True,0,20,0.004781531164690481,23.204330092678724,0.7179322733499135,3,0.003119952694075613,25.058519908718377,0.7869302174208717,3.25,none
val_images,test003.png,2,upright,0.0,481,321,154401.0,1.0,blur,red_gd,wavelet,15.0,fixed3p25,0.8,3.9603960396039612,1.4142135623730951,0.005,vanilla,True,0,20,0.004781531164690481,23.204330092678724,0.7179322733499135,4,0.0030000905433285327,25.228656379888147,0.7919629730377394,3.25,none
val_images,test003.png,2,upright,0.0,481,321,154401.0,1.0,blur,red_gd,wavelet,15.0,fixed3p25,0.8,3.9603960396039612,1.4142135623730951,0.005,vanilla,True,0,20,0.004781531164690481,23.204330092678724,0.7179322733499135,5,0.0029101190203770335,25.36089248527516,0.7970835175128399,3.25,none
val_images,test003.png,2,upright,0.0,481,321,154401.0,1.0,blur,red_gd,wavelet,15.0,fixed3p25,0.8,3.9603960396039612,1.4142135623730951,0.005,vanilla,True,0,20,0.004781531164690481,23.204330092678724,0.7179322733499135,6,0.0028398402997966738,25.467060820892975,0.7997627727475858,3.25,none
val_images,test003.png,2,upright,0.0,481,321,154401.0,1.0,blur,red_gd,wavelet,15.0,fixed3p25,0.8,3.9603960396039612,1.4142135623730951,0.005,vanilla,True,0,20,0.004781531164690481,23.204330092678724,0.7179322733499135,7,0.002781746196794386,25.55682497047045,0.8027981420942869,3.25,none
val_images,test003.png,2,upright,0.0,481,321,154401.0,1.0,blur,red_gd,wavelet,15.0,fixed3p25,0.8,3.9603960396039612,1.4142135623730951,0.005,vanilla,True,0,20,0.004781531164690481,23.204330092678724,0.7179322733499135,8,0.0027334188414522087,25.632938163152147,0.8044229190549284,3.25,none
val_images,test003.png,2,upright,0.0,481,321,154401.0,1.0,blur,red_gd,wavelet,15.0,fixed3p25,0.8,3.9603960396039612,1.4142135623730951,0.005,vanilla,True,0,20,0.004781531164690481,23.204330092678724,0.7179322733499135,9,0.0026914791849581205,25.700089745303607,0.8064020391707307,3.25,none
val_images,test003.png,2,upright,0.0,481,321,154401.0,1.0,blur,red_gd,wavelet,15.0,fixed3p25,0.8,3.9603960396039612,1.4142135623730951,0.005,vanilla,True,0,20,0.004781531164690481,23.204330092678724,0.7179322733499135,10,0.0026553504804453986,25.758781481502048,0.8074312180620592,3.25,none
val_images,test003.png,2,upright,0.0,481,321,154401.0,1.0,blur,red_gd,wavelet,15.0,fixed3p25,0.8,3.9603960396039612,1.4142135623730951,0.005,vanilla,True,0,20,0.004781531164690481,23.204330092678724,0.7179322733499135,11,0.002623055818331811,25.811924675737473,0.8087858988121839,3.25,none
val_images,test003.png,2,upright,0.0,481,321,154401.0,1.0,blur,red_gd,wavelet,15.0,fixed3p25,0.8,3.9603960396039612,1.4142135623730951,0.005,vanilla,True,0,20,0.004781531164690481,23.204330092678724,0.7179322733499135,12,0.0025946017211144804,25.85929298161297,0.8094356881594031,3.25,none
val_images,test003.png,2,upright,0.0,481,321,154401.0,1.0,blur,red_gd,wavelet,15.0,fixed3p25,0.8,3.9603960396039612,1.4142135623730951,0.005,vanilla,True,0,20,0.004781531164690481,23.204330092678724,0.7179322733499135,13,0.002568659971197665,25.90293382073188,0.8103832512418961,3.25,none
val_images,test003.png,2,upright,0.0,481,321,154401.0,1.0,blur,red_gd,wavelet,15.0,fixed3p25,0.8,3.9603960396039612,1.4142135623730951,0.005,vanilla,True,0,20,0.004781531164690481,23.204330092678724,0.7179322733499135,14,0.002545438102580699,25.942374592373227,0.8107727099403501,3.25,none
val_images,test003.png,2,upright,0.0,481,321,154401.0,1.0,blur,red_gd,wavelet,15.0,fixed3p25,0.8,3.9603960396039612,1.4142135623730951,0.005,vanilla,True,0,20,0.004781531164690481,23.204330092678724,0.7179322733499135,15,0.002523969995083824,25.979158122832843,0.8114360091579718,3.25,none
val_images,test003.png,2,upright,0.0,481,321,154401.0,1.0,blur,red_gd,wavelet,15.0,fixed3p25,0.8,3.9603960396039612,1.4142135623730951,0.005,vanilla,True,0,20,0.004781531164690481,23.204330092678724,0.7179322733499135,16,0.0025045226757861834,26.0127503188254,0.8116377464362278,3.25,none
val_images,test003.png,2,upright,0.0,481,321,154401.0,1.0,blur,red_gd,wavelet,15.0,fixed3p25,0.8,3.9603960396039612,1.4142135623730951,0.005,vanilla,True,0,20,0.004781531164690481,23.204330092678724,0.7179322733499135,17,0.00248635890486157,26.044361809435884,0.8120927305360717,3.25,none
val_images,test003.png,2,upright,0.0,481,321,154401.0,1.0,blur,red_gd,wavelet,15.0,fixed3p25,0.8,3.9603960396039612,1.4142135623730951,0.005,vanilla,True,0,20,0.004781531164690481,23.204330092678724,0.7179322733499135,18,0.002469752429537677,26.073465786732775,0.8121532466596719,3.25,none
val_images,test003.png,2,upright,0.0,481,321,154401.0,1.0,blur,red_gd,wavelet,15.0,fixed3p25,0.8,3.9603960396039612,1.4142135623730951,0.005,vanilla,True,0,20,0.004781531164690481,23.204330092678724,0.7179322733499135,19,0.0024541211663592286,26.101039988290047,0.8124496542282758,3.25,none
val_images,test003.png,2,upright,0.0,481,321,154401.0,1.0,blur,red_gd,wavelet,15.0,fixed3p25,0.8,3.9603960396039612,1.4142135623730951,0.005,vanilla,True,0,20,0.004781531164690481,23.204330092678724,0.7179322733499135,20,0.0024397250269539623,26.126591187456896,0.8124013830059391,3.25,none
val_images,test003.png,2,upright,0.0,481,321,154401.0,1.0,blur,red_gd,wavelet,15.0,fixed3p25,0.8,3.9603960396039612,1.4142135623730951,0.005,G16_fixed,True,16,20,0.004781531164690481,23.204330092678724,0.7179322733499135,1,0.0036186359434251156,24.414551073351838,0.7610764745694653,3.25,0;22.5;45;67.5;90;112.5;135;157.5;180;202.5;225;247.5;270;292.5;315;337.5
val_images,test003.png,2,upright,0.0,481,321,154401.0,1.0,blur,red_gd,wavelet,15.0,fixed3p25,0.8,3.9603960396039612,1.4142135623730951,0.005,G16_fixed,True,16,20,0.004781531164690481,23.204330092678724,0.7179322733499135,2,0.003298576614348555,24.8167342433102,0.7764293544083264,3.25,0;22.5;45;67.5;90;112.5;135;157.5;180;202.5;225;247.5;270;292.5;315;337.5
val_images,test003.png,2,upright,0.0,481,321,154401.0,1.0,blur,red_gd,wavelet,15.0,fixed3p25,0.8,3.9603960396039612,1.4142135623730951,0.005,G16_fixed,True,16,20,0.004781531164690481,23.204330092678724,0.7179322733499135,3,0.003120260042046056,25.0580921043042,0.787056562538455,3.25,0;22.5;45;67.5;90;112.5;135;157.5;180;202.5;225;247.5;270;292.5;315;337.5
val_images,test003.png,2,upright,0.0,481,321,154401.0,1.0,blur,red_gd,wavelet,15.0,fixed3p25,0.8,3.9603960396039612,1.4142135623730951,0.005,G16_fixed,True,16,20,0.004781531164690481,23.204330092678724,0.7179322733499135,4,0.0030002832534707716,25.22837742076245,0.7921445720073057,3.25,0;22.5;45;67.5;90;112.5;135;157.5;180;202.5;225;247.5;270;292.5;315;337.5
val_images,test003.png,2,upright,0.0,481,321,154401.0,1.0,blur,red_gd,wavelet,15.0,fixed3p25,0.8,3.9603960396039612,1.4142135623730951,0.005,G16_fixed,True,16,20,0.004781531164690481,23.204330092678724,0.7179322733499135,5,0.0029101196133313177,25.360891600374078,0.7973955600999993,3.25,0;22.5;45;67.5;90;112.5;135;157.5;180;202.5;225;247.5;270;292.5;315;337.5
val_images,test003.png,2,upright,0.0,481,321,154401.0,1.0,blur,red_gd,wavelet,15.0,fixed3p25,0.8,3.9603960396039612,1.4142135623730951,0.005,G16_fixed,True,16,20,0.004781531164690481,23.204330092678724,0.7179322733499135,6,0.002839544613260479,25.46751303546594,0.8001652859275523,3.25,0;22.5;45;67.5;90;112.5;135;157.5;180;202.5;225;247.5;270;292.5;315;337.5
val_images,test003.png,2,upright,0.0,481,321,154401.0,1.0,blur,red_gd,wavelet,15.0,fixed3p25,0.8,3.9603960396039612,1.4142135623730951,0.005,G16_fixed,True,16,20,0.004781531164690481,23.204330092678724,0.7179322733499135,7,0.0027812180721789367,25.557649572592076,0.8033435967869379,3.25,0;22.5;45;67.5;90;112.5;135;157.5;180;202.5;225;247.5;270;292.5;315;337.5
val_images,test003.png,2,upright,0.0,481,321,154401.0,1.0,blur,red_gd,wavelet,15.0,fixed3p25,0.8,3.9603960396039612,1.4142135623730951,0.005,G16_fixed,True,16,20,0.004781531164690481,23.204330092678724,0.7179322733499135,8,0.002732562417814955,25.63429909011195,0.8050770092972196,3.25,0;22.5;45;67.5;90;112.5;135;157.5;180;202.5;225;247.5;270;292.5;315;337.5
val_images,test003.png,2,upright,0.0,481,321,154401.0,1.0,blur,red_gd,wavelet,15.0,fixed3p25,0.8,3.9603960396039612,1.4142135623730951,0.005,G16_fixed,True,16,20,0.004781531164690481,23.204330092678724,0.7179322733499135,9,0.0026903816265787827,25.70186111610272,0.8072056487652282,3.25,0;22.5;45;67.5;90;112.5;135;157.5;180;202.5;225;247.5;270;292.5;315;337.5
val_images,test003.png,2,upright,0.0,481,321,154401.0,1.0,blur,red_gd,wavelet,15.0,fixed3p25,0.8,3.9603960396039612,1.4142135623730951,0.005,G16_fixed,True,16,20,0.004781531164690481,23.204330092678724,0.7179322733499135,10,0.0026539179028957065,25.761125158615002,0.8083565176877093,3.25,0;22.5;45;67.5;90;112.5;135;157.5;180;202.5;225;247.5;270;292.5;315;337.5
val_images,test003.png,2,upright,0.0,481,321,154401.0,1.0,blur,red_gd,wavelet,15.0,fixed3p25,0.8,3.9603960396039612,1.4142135623730951,0.005,G16_fixed,True,16,20,0.004781531164690481,23.204330092678724,0.7179322733499135,11,0.002621379931874328,25.814700296605846,0.8098650692838777,3.25,0;22.5;45;67.5;90;112.5;135;157.5;180;202.5;225;247.5;270;292.5;315;337.5
val_images,test003.png,2,upright,0.0,481,321,154401.0,1.0,blur,red_gd,wavelet,15.0,fixed3p25,0.8,3.9603960396039612,1.4142135623730951,0.005,G16_fixed,True,16,20,0.004781531164690481,23.204330092678724,0.7179322733499135,12,0.002592596349726625,25.86265094774192,0.8106465166190634,3.25,0;22.5;45;67.5;90;112.5;135;157.5;180;202.5;225;247.5;270;292.5;315;337.5
val_images,test003.png,2,upright,0.0,481,321,154401.0,1.0,blur,red_gd,wavelet,15.0,fixed3p25,0.8,3.9603960396039612,1.4142135623730951,0.005,G16_fixed,True,16,20,0.004781531164690481,23.204330092678724,0.7179322733499135,13,0.0025664130697648697,25.90673441693815,0.8117516442574854,3.25,0;22.5;45;67.5;90;112.5;135;157.5;180;202.5;225;247.5;270;292.5;315;337.5
val_images,test003.png,2,upright,0.0,481,321,154401.0,1.0,blur,red_gd,wavelet,15.0,fixed3p25,0.8,3.9603960396039612,1.4142135623730951,0.005,G16_fixed,True,16,20,0.004781531164690481,23.204330092678724,0.7179322733499135,14,0.0025428694246232213,25.946759401080325,0.8122811603389875,3.25,0;22.5;45;67.5;90;112.5;135;157.5;180;202.5;225;247.5;270;292.5;315;337.5
val_images,test003.png,2,upright,0.0,481,321,154401.0,1.0,blur,red_gd,wavelet,15.0,fixed3p25,0.8,3.9603960396039612,1.4142135623730951,0.005,G16_fixed,True,16,20,0.004781531164690481,23.204330092678724,0.7179322733499135,15,0.0025211623565499696,25.983991859445965,0.8131058190199545,3.25,0;22.5;45;67.5;90;112.5;135;157.5;180;202.5;225;247.5;270;292.5;315;337.5
val_images,test003.png,2,upright,0.0,481,321,154401.0,1.0,blur,red_gd,wavelet,15.0,fixed3p25,0.8,3.9603960396039612,1.4142135623730951,0.005,G16_fixed,True,16,20,0.004781531164690481,23.204330092678724,0.7179322733499135,16,0.002501402352693332,26.018164460143048,0.8134547987059669,3.25,0;22.5;45;67.5;90;112.5;135;157.5;180;202.5;225;247.5;270;292.5;315;337.5
val_images,test003.png,2,upright,0.0,481,321,154401.0,1.0,blur,red_gd,wavelet,15.0,fixed3p25,0.8,3.9603960396039612,1.4142135623730951,0.005,G16_fixed,True,16,20,0.004781531164690481,23.204330092678724,0.7179322733499135,17,0.0024830033765694723,26.050226898596556,0.8140748865778071,3.25,0;22.5;45;67.5;90;112.5;135;157.5;180;202.5;225;247.5;270;292.5;315;337.5
val_images,test003.png,2,upright,0.0,481,321,154401.0,1.0,blur,red_gd,wavelet,15.0,fixed3p25,0.8,3.9603960396039612,1.4142135623730951,0.005,G16_fixed,True,16,20,0.004781531164690481,23.204330092678724,0.7179322733499135,18,0.0024660940992579793,26.07990355960563,0.8142897289363411,3.25,0;22.5;45;67.5;90;112.5;135;157.5;180;202.5;225;247.5;270;292.5;315;337.5
val_images,test003.png,2,upright,0.0,481,321,154401.0,1.0,blur,red_gd,wavelet,15.0,fixed3p25,0.8,3.9603960396039612,1.4142135623730951,0.005,G16_fixed,True,16,20,0.004781531164690481,23.204330092678724,0.7179322733499135,19,0.0024502325721659835,26.107926911397243,0.814754984585592,3.25,0;22.5;45;67.5;90;112.5;135;157.5;180;202.5;225;247.5;270;292.5;315;337.5
val_images,test003.png,2,upright,0.0,481,321,154401.0,1.0,blur,red_gd,wavelet,15.0,fixed3p25,0.8,3.9603960396039612,1.4142135623730951,0.005,G16_fixed,True,16,20,0.004781531164690481,23.204330092678724,0.7179322733499135,20,0.00243554193213309,26.134043888853753,0.8148677692340075,3.25,0;22.5;45;67.5;90;112.5;135;157.5;180;202.5;225;247.5;270;292.5;315;337.5
val_images,test003.png,2,rot45_padded,45.0,1000,1000,154360.0,0.15435999631881714,blur,red_gd,wavelet,15.0,fixed3p25,0.8,3.9603960396039612,1.4142135623730951,0.005,vanilla,False,0,20,0.005072731636879697,22.94758112589974,0.7207247870238404,1,0.0037382534607360634,24.273312559621985,0.7698703517750712,3.25,none
val_images,test003.png,2,rot45_padded,45.0,1000,1000,154360.0,0.15435999631881714,blur,red_gd,wavelet,15.0,fixed3p25,0.8,3.9603960396039612,1.4142135623730951,0.005,vanilla,False,0,20,0.005072731636879697,22.94758112589974,0.7207247870238404,2,0.0034405117425377364,24.6337695555901,0.7840223341539259,3.25,none
val_images,test003.png,2,rot45_padded,45.0,1000,1000,154360.0,0.15435999631881714,blur,red_gd,wavelet,15.0,fixed3p25,0.8,3.9603960396039612,1.4142135623730951,0.005,vanilla,False,0,20,0.005072731636879697,22.94758112589974,0.7207247870238404,3,0.003214090134264058,24.92941948274408,0.7951092919959835,3.25,none
val_images,test003.png,2,rot45_padded,45.0,1000,1000,154360.0,0.15435999631881714,blur,red_gd,wavelet,15.0,fixed3p25,0.8,3.9603960396039612,1.4142135623730951,0.005,vanilla,False,0,20,0.005072731636879697,22.94758112589974,0.7207247870238404,4,0.00311309407183036,25.06807755559199,0.7999178057786992,3.25,none
val_images,test003.png,2,rot45_padded,45.0,1000,1000,154360.0,0.15435999631881714,blur,red_gd,wavelet,15.0,fixed3p25,0.8,3.9603960396039612,1.4142135623730951,0.005,vanilla,False,0,20,0.005072731636879697,22.94758112589974,0.7207247870238404,5,0.0029961525945967423,25.234360717123216,0.8051313184277015,3.25,none
val_images,test003.png,2,rot45_padded,45.0,1000,1000,154360.0,0.15435999631881714,blur,red_gd,wavelet,15.0,fixed3p25,0.8,3.9603960396039612,1.4142135623730951,0.005,vanilla,False,0,20,0.005072731636879697,22.94758112589974,0.7207247870238404,6,0.0029424937718518195,25.31284447720976,0.807694877235035,3.25,none
val_images,test003.png,2,rot45_padded,45.0,1000,1000,154360.0,0.15435999631881714,blur,red_gd,wavelet,15.0,fixed3p25,0.8,3.9603960396039612,1.4142135623730951,0.005,vanilla,False,0,20,0.005072731636879697,22.94758112589974,0.7207247870238404,7,0.002866285630043506,25.42680533627863,0.810677859387147,3.25,none
val_images,test003.png,2,rot45_padded,45.0,1000,1000,154360.0,0.15435999631881714,blur,red_gd,wavelet,15.0,fixed3p25,0.8,3.9603960396039612,1.4142135623730951,0.005,vanilla,False,0,20,0.005072731636879697,22.94758112589974,0.7207247870238404,8,0.002832901147277468,25.47768579712157,0.812221177361363,3.25,none
val_images,test003.png,2,rot45_padded,45.0,1000,1000,154360.0,0.15435999631881714,blur,red_gd,wavelet,15.0,fixed3p25,0.8,3.9603960396039612,1.4142135623730951,0.005,vanilla,False,0,20,0.005072731636879697,22.94758112589974,0.7207247870238404,9,0.0027777320642365048,25.56309647956038,0.8140889701833377,3.25,none
val_images,test003.png,2,rot45_padded,45.0,1000,1000,154360.0,0.15435999631881714,blur,red_gd,wavelet,15.0,fixed3p25,0.8,3.9603960396039612,1.4142135623730951,0.005,vanilla,False,0,20,0.005072731636879697,22.94758112589974,0.7207247870238404,10,0.0027553262782238964,25.598269657987807,0.8150542967737756,3.25,none
val_images,test003.png,2,rot45_padded,45.0,1000,1000,154360.0,0.15435999631881714,blur,red_gd,wavelet,15.0,fixed3p25,0.8,3.9603960396039612,1.4142135623730951,0.005,vanilla,False,0,20,0.005072731636879697,22.94758112589974,0.7207247870238404,11,0.002712989761657003,25.6655184518579,0.8162697994946877,3.25,none
val_images,test003.png,2,rot45_padded,45.0,1000,1000,154360.0,0.15435999631881714,blur,red_gd,wavelet,15.0,fixed3p25,0.8,3.9603960396039612,1.4142135623730951,0.005,vanilla,False,0,20,0.005072731636879697,22.94758112589974,0.7207247870238404,12,0.0026973753032303745,25.69058623149484,0.8168653027014771,3.25,none
val_images,test003.png,2,rot45_padded,45.0,1000,1000,154360.0,0.15435999631881714,blur,red_gd,wavelet,15.0,fixed3p25,0.8,3.9603960396039612,1.4142135623730951,0.005,vanilla,False,0,20,0.005072731636879697,22.94758112589974,0.7207247870238404,13,0.0026637015796195786,25.74514431748002,0.8176588514673491,3.25,none
val_images,test003.png,2,rot45_padded,45.0,1000,1000,154360.0,0.15435999631881714,blur,red_gd,wavelet,15.0,fixed3p25,0.8,3.9603960396039612,1.4142135623730951,0.005,vanilla,False,0,20,0.005072731636879697,22.94758112589974,0.7207247870238404,14,0.0026526643625038467,25.76317697146903,0.8179989148743197,3.25,none
val_images,test003.png,2,rot45_padded,45.0,1000,1000,154360.0,0.15435999631881714,blur,red_gd,wavelet,15.0,fixed3p25,0.8,3.9603960396039612,1.4142135623730951,0.005,vanilla,False,0,20,0.005072731636879697,22.94758112589974,0.7207247870238404,15,0.002625251724547628,25.808290475568505,0.8184996214207049,3.25,none
val_images,test003.png,2,rot45_padded,45.0,1000,1000,154360.0,0.15435999631881714,blur,red_gd,wavelet,15.0,fixed3p25,0.8,3.9603960396039612,1.4142135623730951,0.005,vanilla,False,0,20,0.005072731636879697,22.94758112589974,0.7207247870238404,16,0.002617485321195177,25.821157451569754,0.8186538874222596,3.25,none
val_images,test003.png,2,rot45_padded,45.0,1000,1000,154360.0,0.15435999631881714,blur,red_gd,wavelet,15.0,fixed3p25,0.8,3.9603960396039612,1.4142135623730951,0.005,vanilla,False,0,20,0.005072731636879697,22.94758112589974,0.7207247870238404,17,0.0025948227177817885,25.858923084587516,0.8189421745432754,3.25,none
val_images,test003.png,2,rot45_padded,45.0,1000,1000,154360.0,0.15435999631881714,blur,red_gd,wavelet,15.0,fixed3p25,0.8,3.9603960396039612,1.4142135623730951,0.005,vanilla,False,0,20,0.005072731636879697,22.94758112589974,0.7207247870238404,18,0.0025894991441476095,25.867842281842343,0.8189556373898679,3.25,none
val_images,test003.png,2,rot45_padded,45.0,1000,1000,154360.0,0.15435999631881714,blur,red_gd,wavelet,15.0,fixed3p25,0.8,3.9603960396039612,1.4142135623730951,0.005,vanilla,False,0,20,0.005072731636879697,22.94758112589974,0.7207247870238404,19,0.0025705711679095337,25.899703679095545,0.8190829270860327,3.25,none
val_images,test003.png,2,rot45_padded,45.0,1000,1000,154360.0,0.15435999631881714,blur,red_gd,wavelet,15.0,fixed3p25,0.8,3.9603960396039612,1.4142135623730951,0.005,vanilla,False,0,20,0.005072731636879697,22.94758112589974,0.7207247870238404,20,0.002567133689736047,25.90551513797275,0.8189871181815237,3.25,none
val_images,test003.png,2,rot45_padded,45.0,1000,1000,154360.0,0.15435999631881714,blur,red_gd,wavelet,15.0,fixed3p25,0.8,3.9603960396039612,1.4142135623730951,0.005,G16_fixed,False,16,20,0.005072731636879697,22.94758112589974,0.7207247870238404,1,0.003737982606356488,24.273627238188702,0.7698734897317958,3.25,0;22.5;45;67.5;90;112.5;135;157.5;180;202.5;225;247.5;270;292.5;315;337.5
val_images,test003.png,2,rot45_padded,45.0,1000,1000,154360.0,0.15435999631881714,blur,red_gd,wavelet,15.0,fixed3p25,0.8,3.9603960396039612,1.4142135623730951,0.005,G16_fixed,False,16,20,0.005072731636879697,22.94758112589974,0.7207247870238404,2,0.0034403124569796256,24.634021120273996,0.7840218280318736,3.25,0;22.5;45;67.5;90;112.5;135;157.5;180;202.5;225;247.5;270;292.5;315;337.5
val_images,test003.png,2,rot45_padded,45.0,1000,1000,154360.0,0.15435999631881714,blur,red_gd,wavelet,15.0,fixed3p25,0.8,3.9603960396039612,1.4142135623730951,0.005,G16_fixed,False,16,20,0.005072731636879697,22.94758112589974,0.7207247870238404,3,0.0032138388525732257,24.929759033016058,0.7950972969033429,3.25,0;22.5;45;67.5;90;112.5;135;157.5;180;202.5;225;247.5;270;292.5;315;337.5
val_images,test003.png,2,rot45_padded,45.0,1000,1000,154360.0,0.15435999631881714,blur,red_gd,wavelet,15.0,fixed3p25,0.8,3.9603960396039612,1.4142135623730951,0.005,G16_fixed,False,16,20,0.005072731636879697,22.94758112589974,0.7207247870238404,4,0.0031129865208942365,25.068227597909598,0.7999039380344649,3.25,0;22.5;45;67.5;90;112.5;135;157.5;180;202.5;225;247.5;270;292.5;315;337.5
val_images,test003.png,2,rot45_padded,45.0,1000,1000,154360.0,0.15435999631881714,blur,red_gd,wavelet,15.0,fixed3p25,0.8,3.9603960396039612,1.4142135623730951,0.005,G16_fixed,False,16,20,0.005072731636879697,22.94758112589974,0.7207247870238404,5,0.002995462212484715,25.235361546290772,0.8051218539453227,3.25,0;22.5;45;67.5;90;112.5;135;157.5;180;202.5;225;247.5;270;292.5;315;337.5
val_images,test003.png,2,rot45_padded,45.0,1000,1000,154360.0,0.15435999631881714,blur,red_gd,wavelet,15.0,fixed3p25,0.8,3.9603960396039612,1.4142135623730951,0.005,G16_fixed,False,16,20,0.005072731636879697,22.94758112589974,0.7207247870238404,6,0.0029405062542767315,25.315778925431935,0.8077397196488728,3.25,0;22.5;45;67.5;90;112.5;135;157.5;180;202.5;225;247.5;270;292.5;315;337.5
val_images,test003.png,2,rot45_padded,45.0,1000,1000,154360.0,0.15435999631881714,blur,red_gd,wavelet,15.0,fixed3p25,0.8,3.9603960396039612,1.4142135623730951,0.005,G16_fixed,False,16,20,0.005072731636879697,22.94758112589974,0.7207247870238404,7,0.002861953739305641,25.433373904667604,0.8107987719454521,3.25,0;22.5;45;67.5;90;112.5;135;157.5;180;202.5;225;247.5;270;292.5;315;337.5
val_images,test003.png,2,rot45_padded,45.0,1000,1000,154360.0,0.15435999631881714,blur,red_gd,wavelet,15.0,fixed3p25,0.8,3.9603960396039612,1.4142135623730951,0.005,G16_fixed,False,16,20,0.005072731636879697,22.94758112589974,0.7207247870238404,8,0.0028260787801749968,25.488157358638205,0.8124502482022544,3.25,0;22.5;45;67.5;90;112.5;135;157.5;180;202.5;225;247.5;270;292.5;315;337.5
val_images,test003.png,2,rot45_padded,45.0,1000,1000,154360.0,0.15435999631881714,blur,red_gd,wavelet,15.0,fixed3p25,0.8,3.9603960396039612,1.4142135623730951,0.005,G16_fixed,False,16,20,0.005072731636879697,22.94758112589974,0.7207247870238404,9,0.0027677146039746777,25.578786946737864,0.8144394090923814,3.25,0;22.5;45;67.5;90;112.5;135;157.5;180;202.5;225;247.5;270;292.5;315;337.5
val_images,test003.png,2,rot45_padded,45.0,1000,1000,154360.0,0.15435999631881714,blur,red_gd,wavelet,15.0,fixed3p25,0.8,3.9603960396039612,1.4142135623730951,0.005,G16_fixed,False,16,20,0.005072731636879697,22.94758112589974,0.7207247870238404,10,0.002742127761781509,25.61912314337143,0.8155482718968645,3.25,0;22.5;45;67.5;90;112.5;135;157.5;180;202.5;225;247.5;270;292.5;315;337.5
val_images,test003.png,2,rot45_padded,45.0,1000,1000,154360.0,0.15435999631881714,blur,red_gd,wavelet,15.0,fixed3p25,0.8,3.9603960396039612,1.4142135623730951,0.005,G16_fixed,False,16,20,0.005072731636879697,22.94758112589974,0.7207247870238404,11,0.0026961285822686212,25.69259399511308,0.816915155723633,3.25,0;22.5;45;67.5;90;112.5;135;157.5;180;202.5;225;247.5;270;292.5;315;337.5
val_images,test003.png,2,rot45_padded,45.0,1000,1000,154360.0,0.15435999631881714,blur,red_gd,wavelet,15.0,fixed3p25,0.8,3.9603960396039612,1.4142135623730951,0.005,G16_fixed,False,16,20,0.005072731636879697,22.94758112589974,0.7207247870238404,12,0.0026769085973308137,25.72366457484174,0.8176785902273905,3.25,0;22.5;45;67.5;90;112.5;135;157.5;180;202.5;225;247.5;270;292.5;315;337.5
val_images,test003.png,2,rot45_padded,45.0,1000,1000,154360.0,0.15435999631881714,blur,red_gd,wavelet,15.0,fixed3p25,0.8,3.9603960396039612,1.4142135623730951,0.005,G16_fixed,False,16,20,0.005072731636879697,22.94758112589974,0.7207247870238404,13,0.0026392161460020405,25.78525040559809,0.818646194367064,3.25,0;22.5;45;67.5;90;112.5;135;157.5;180;202.5;225;247.5;270;292.5;315;337.5
val_images,test003.png,2,rot45_padded,45.0,1000,1000,154360.0,0.15435999631881714,blur,red_gd,wavelet,15.0,fixed3p25,0.8,3.9603960396039612,1.4142135623730951,0.005,G16_fixed,False,16,20,0.005072731636879697,22.94758112589974,0.7207247870238404,14,0.00262416692310184,25.810085429715603,0.819175598033817,3.25,0;22.5;45;67.5;90;112.5;135;157.5;180;202.5;225;247.5;270;292.5;315;337.5
val_images,test003.png,2,rot45_padded,45.0,1000,1000,154360.0,0.15435999631881714,blur,red_gd,wavelet,15.0,fixed3p25,0.8,3.9603960396039612,1.4142135623730951,0.005,G16_fixed,False,16,20,0.005072731636879697,22.94758112589974,0.7207247870238404,15,0.0025923931342266052,25.862991374161737,0.8198712121825602,3.25,0;22.5;45;67.5;90;112.5;135;157.5;180;202.5;225;247.5;270;292.5;315;337.5
val_images,test003.png,2,rot45_padded,45.0,1000,1000,154360.0,0.15435999631881714,blur,red_gd,wavelet,15.0,fixed3p25,0.8,3.9603960396039612,1.4142135623730951,0.005,G16_fixed,False,16,20,0.005072731636879697,22.94758112589974,0.7207247870238404,16,0.0025802778375985927,25.8833352781997,0.8202328363889608,3.25,0;22.5;45;67.5;90;112.5;135;157.5;180;202.5;225;247.5;270;292.5;315;337.5
val_images,test003.png,2,rot45_padded,45.0,1000,1000,154360.0,0.15435999631881714,blur,red_gd,wavelet,15.0,fixed3p25,0.8,3.9603960396039612,1.4142135623730951,0.005,G16_fixed,False,16,20,0.005072731636879697,22.94758112589974,0.7207247870238404,17,0.002552972355170644,25.929538879226772,0.8207324294668308,3.25,0;22.5;45;67.5;90;112.5;135;157.5;180;202.5;225;247.5;270;292.5;315;337.5
val_images,test003.png,2,rot45_padded,45.0,1000,1000,154360.0,0.15435999631881714,blur,red_gd,wavelet,15.0,fixed3p25,0.8,3.9603960396039612,1.4142135623730951,0.005,G16_fixed,False,16,20,0.005072731636879697,22.94758112589974,0.7207247870238404,18,0.0025430062979297586,25.946525642628462,0.8209691933629178,3.25,0;22.5;45;67.5;90;112.5;135;157.5;180;202.5;225;247.5;270;292.5;315;337.5
val_images,test003.png,2,rot45_padded,45.0,1000,1000,154360.0,0.15435999631881714,blur,red_gd,wavelet,15.0,fixed3p25,0.8,3.9603960396039612,1.4142135623730951,0.005,G16_fixed,False,16,20,0.005072731636879697,22.94758112589974,0.7207247870238404,19,0.0025191815908352433,25.987405260091286,0.8213231245141228,3.25,0;22.5;45;67.5;90;112.5;135;157.5;180;202.5;225;247.5;270;292.5;315;337.5
val_images,test003.png,2,rot45_padded,45.0,1000,1000,154360.0,0.15435999631881714,blur,red_gd,wavelet,15.0,fixed3p25,0.8,3.9603960396039612,1.4142135623730951,0.005,G16_fixed,False,16,20,0.005072731636879697,22.94758112589974,0.7207247870238404,20,0.002510833740234375,26.001820439933066,0.8214639782812905,3.25,0;22.5;45;67.5;90;112.5;135;157.5;180;202.5;225;247.5;270;292.5;315;337.5
val_images,test004.png,3,upright,0.0,321,481,154401.0,1.0,blur,red_gd,wavelet,15.0,fixed3p25,0.8,3.9603960396039612,1.4142135623730951,0.005,vanilla,True,0,20,0.0020246732357020033,26.93645058070325,0.7615864595274642,1,0.0013903132507275596,28.568873380657713,0.830551109610689,3.25,none
val_images,test004.png,3,upright,0.0,321,481,154401.0,1.0,blur,red_gd,wavelet,15.0,fixed3p25,0.8,3.9603960396039612,1.4142135623730951,0.005,vanilla,True,0,20,0.0020246732357020033,26.93645058070325,0.7615864595274642,2,0.0012178417252777468,29.144091503772025,0.8512715064993103,3.25,none
val_images,test004.png,3,upright,0.0,321,481,154401.0,1.0,blur,red_gd,wavelet,15.0,fixed3p25,0.8,3.9603960396039612,1.4142135623730951,0.005,vanilla,True,0,20,0.0020246732357020033,26.93645058070325,0.7615864595274642,3,0.0011270624009402667,29.48052038138641,0.8625775982668507,3.25,none
val_images,test004.png,3,upright,0.0,321,481,154401.0,1.0,blur,red_gd,wavelet,15.0,fixed3p25,0.8,3.9603960396039612,1.4142135623730951,0.005,vanilla,True,0,20,0.0020246732357020033,26.93645058070325,0.7615864595274642,4,0.0010691310638888856,29.709690517279203,0.8689699427141016,3.25,none
val_images,test004.png,3,upright,0.0,321,481,154401.0,1.0,blur,red_gd,wavelet,15.0,fixed3p25,0.8,3.9603960396039612,1.4142135623730951,0.005,vanilla,True,0,20,0.0020246732357020033,26.93645058070325,0.7615864595274642,5,0.0010269800191926178,29.884380059049654,0.8741268677016341,3.25,none
val_images,test004.png,3,upright,0.0,321,481,154401.0,1.0,blur,red_gd,wavelet,15.0,fixed3p25,0.8,3.9603960396039612,1.4142135623730951,0.005,vanilla,True,0,20,0.0020246732357020033,26.93645058070325,0.7615864595274642,6,0.0009955786427075946,30.019244285095347,0.8773918036476448,3.25,none
val_images,test004.png,3,upright,0.0,321,481,154401.0,1.0,blur,red_gd,wavelet,15.0,fixed3p25,0.8,3.9603960396039612,1.4142135623730951,0.005,vanilla,True,0,20,0.0020246732357020033,26.93645058070325,0.7615864595274642,7,0.0009699367300069604,30.132565942956425,0.8803696421979132,3.25,none
val_images,test004.png,3,upright,0.0,321,481,154401.0,1.0,blur,red_gd,wavelet,15.0,fixed3p25,0.8,3.9603960396039612,1.4142135623730951,0.005,vanilla,True,0,20,0.0020246732357020033,26.93645058070325,0.7615864595274642,8,0.0009496397072206159,30.2244113454812,0.8823272072395905,3.25,none
val_images,test004.png,3,upright,0.0,321,481,154401.0,1.0,blur,red_gd,wavelet,15.0,fixed3p25,0.8,3.9603960396039612,1.4142135623730951,0.005,vanilla,True,0,20,0.0020246732357020033,26.93645058070325,0.7615864595274642,9,0.0009320181929885492,30.305756101380563,0.8842392333922707,3.25,none
val_images,test004.png,3,upright,0.0,321,481,154401.0,1.0,blur,red_gd,wavelet,15.0,fixed3p25,0.8,3.9603960396039612,1.4142135623730951,0.005,vanilla,True,0,20,0.0020246732357020033,26.93645058070325,0.7615864595274642,10,0.0009176465623603475,30.37324557984821,0.8854952971483345,3.25,none
val_images,test004.png,3,upright,0.0,321,481,154401.0,1.0,blur,red_gd,wavelet,15.0,fixed3p25,0.8,3.9603960396039612,1.4142135623730951,0.005,vanilla,True,0,20,0.0020246732357020033,26.93645058070325,0.7615864595274642,11,0.0009046810239904939,30.43504519070555,0.8867889051884379,3.25,none
val_images,test004.png,3,upright,0.0,321,481,154401.0,1.0,blur,red_gd,wavelet,15.0,fixed3p25,0.8,3.9603960396039612,1.4142135623730951,0.005,vanilla,True,0,20,0.0020246732357020033,26.93645058070325,0.7615864595274642,12,0.0008939306639992516,30.48696165108211,0.887615486622496,3.25,none
val_images,test004.png,3,upright,0.0,321,481,154401.0,1.0,blur,red_gd,wavelet,15.0,fixed3p25,0.8,3.9603960396039612,1.4142135623730951,0.005,vanilla,True,0,20,0.0020246732357020033,26.93645058070325,0.7615864595274642,13,0.000883973479188323,30.53560764415596,0.8885106799826425,3.25,none
val_images,test004.png,3,upright,0.0,321,481,154401.0,1.0,blur,red_gd,wavelet,15.0,fixed3p25,0.8,3.9603960396039612,1.4142135623730951,0.005,vanilla,True,0,20,0.0020246732357020033,26.93645058070325,0.7615864595274642,14,0.0008756410879407557,30.57673868109952,0.8890509736012072,3.25,none
val_images,test004.png,3,upright,0.0,321,481,154401.0,1.0,blur,red_gd,wavelet,15.0,fixed3p25,0.8,3.9603960396039612,1.4142135623730951,0.005,vanilla,True,0,20,0.0020246732357020033,26.93645058070325,0.7615864595274642,15,0.0008677750552374074,30.61592838106843,0.8896702012940331,3.25,none
val_images,test004.png,3,upright,0.0,321,481,154401.0,1.0,blur,red_gd,wavelet,15.0,fixed3p25,0.8,3.9603960396039612,1.4142135623730951,0.005,vanilla,True,0,20,0.0020246732357020033,26.93645058070325,0.7615864595274642,16,0.0008611589701643367,30.64916670274129,0.8900087070355762,3.25,none
val_images,test004.png,3,upright,0.0,321,481,154401.0,1.0,blur,red_gd,wavelet,15.0,fixed3p25,0.8,3.9603960396039612,1.4142135623730951,0.005,vanilla,True,0,20,0.0020246732357020033,26.93645058070325,0.7615864595274642,17,0.0008548211783018022,30.68124726674473,0.8904271588266915,3.25,none
val_images,test004.png,3,upright,0.0,321,481,154401.0,1.0,blur,red_gd,wavelet,15.0,fixed3p25,0.8,3.9603960396039612,1.4142135623730951,0.005,vanilla,True,0,20,0.0020246732357020033,26.93645058070325,0.7615864595274642,18,0.0008494810320217829,30.708463140053432,0.8906167018024495,3.25,none
val_images,test004.png,3,upright,0.0,321,481,154401.0,1.0,blur,red_gd,wavelet,15.0,fixed3p25,0.8,3.9603960396039612,1.4142135623730951,0.005,vanilla,True,0,20,0.0020246732357020033,26.93645058070325,0.7615864595274642,19,0.0008443047387755241,30.735007731829143,0.8908835596919709,3.25,none
val_images,test004.png,3,upright,0.0,321,481,154401.0,1.0,blur,red_gd,wavelet,15.0,fixed3p25,0.8,3.9603960396039612,1.4142135623730951,0.005,vanilla,True,0,20,0.0020246732357020033,26.93645058070325,0.7615864595274642,20,0.0008399460306609291,30.757486179132826,0.8909598626304234,3.25,none
val_images,test004.png,3,upright,0.0,321,481,154401.0,1.0,blur,red_gd,wavelet,15.0,fixed3p25,0.8,3.9603960396039612,1.4142135623730951,0.005,G16_fixed,True,16,20,0.0020246732357020033,26.93645058070325,0.7615864595274642,1,0.0013904858004241492,28.5683344177208,0.8305447341662295,3.25,0;22.5;45;67.5;90;112.5;135;157.5;180;202.5;225;247.5;270;292.5;315;337.5
val_images,test004.png,3,upright,0.0,321,481,154401.0,1.0,blur,red_gd,wavelet,15.0,fixed3p25,0.8,3.9603960396039612,1.4142135623730951,0.005,G16_fixed,True,16,20,0.0020246732357020033,26.93645058070325,0.7615864595274642,2,0.0012182786337592028,29.142533724051304,0.85124398077085,3.25,0;22.5;45;67.5;90;112.5;135;157.5;180;202.5;225;247.5;270;292.5;315;337.5
val_images,test004.png,3,upright,0.0,321,481,154401.0,1.0,blur,red_gd,wavelet,15.0,fixed3p25,0.8,3.9603960396039612,1.4142135623730951,0.005,G16_fixed,True,16,20,0.0020246732357020033,26.93645058070325,0.7615864595274642,3,0.0011277696965751416,29.47779579181086,0.862557561155692,3.25,0;22.5;45;67.5;90;112.5;135;157.5;180;202.5;225;247.5;270;292.5;315;337.5
val_images,test004.png,3,upright,0.0,321,481,154401.0,1.0,blur,red_gd,wavelet,15.0,fixed3p25,0.8,3.9603960396039612,1.4142135623730951,0.005,G16_fixed,True,16,20,0.0020246732357020033,26.93645058070325,0.7615864595274642,4,0.0010700400628059707,29.70599961819609,0.8689429229732968,3.25,0;22.5;45;67.5;90;112.5;135;157.5;180;202.5;225;247.5;270;292.5;315;337.5
val_images,test004.png,3,upright,0.0,321,481,154401.0,1.0,blur,red_gd,wavelet,15.0,fixed3p25,0.8,3.9603960396039612,1.4142135623730951,0.005,G16_fixed,True,16,20,0.0020246732357020033,26.93645058070325,0.7615864595274642,5,0.0010281849022973255,29.879287775328834,0.8741113844793751,3.25,0;22.5;45;67.5;90;112.5;135;157.5;180;202.5;225;247.5;270;292.5;315;337.5
val_images,test004.png,3,upright,0.0,321,481,154401.0,1.0,blur,red_gd,wavelet,15.0,fixed3p25,0.8,3.9603960396039612,1.4142135623730951,0.005,G16_fixed,True,16,20,0.0020246732357020033,26.93645058070325,0.7615864595274642,6,0.0009969970881801892,30.0130611008265,0.8773746000673571,3.25,0;22.5;45;67.5;90;112.5;135;157.5;180;202.5;225;247.5;270;292.5;315;337.5
val_images,test004.png,3,upright,0.0,321,481,154401.0,1.0,blur,red_gd,wavelet,15.0,fixed3p25,0.8,3.9603960396039612,1.4142135623730951,0.005,G16_fixed,True,16,20,0.0020246732357020033,26.93645058070325,0.7615864595274642,7,0.0009716742837099602,30.124792911372488,0.8803636715435781,3.25,0;22.5;45;67.5;90;112.5;135;157.5;180;202.5;225;247.5;270;292.5;315;337.5
val_images,test004.png,3,upright,0.0,321,481,154401.0,1.0,blur,red_gd,wavelet,15.0,fixed3p25,0.8,3.9603960396039612,1.4142135623730951,0.005,G16_fixed,True,16,20,0.0020246732357020033,26.93645058070325,0.7615864595274642,8,0.000951614244985713,30.21539065507842,0.8823226533506907,3.25,0;22.5;45;67.5;90;112.5;135;157.5;180;202.5;225;247.5;270;292.5;315;337.5
val_images,test004.png,3,upright,0.0,321,481,154401.0,1.0,blur,red_gd,wavelet,15.0,fixed3p25,0.8,3.9603960396039612,1.4142135623730951,0.005,G16_fixed,True,16,20,0.0020246732357020033,26.93645058070325,0.7615864595274642,9,0.0009343275522725727,30.295008441058858,0.8842446980589503,3.25,0;22.5;45;67.5;90;112.5;135;157.5;180;202.5;225;247.5;270;292.5;315;337.5
val_images,test004.png,3,upright,0.0,321,481,154401.0,1.0,blur,red_gd,wavelet,15.0,fixed3p25,0.8,3.9603960396039612,1.4142135623730951,0.005,G16_fixed,True,16,20,0.0020246732357020033,26.93645058070325,0.7615864595274642,10,0.0009202128685006898,30.361116977395962,0.8855046073211961,3.25,0;22.5;45;67.5;90;112.5;135;157.5;180;202.5;225;247.5;270;292.5;315;337.5
val_images,test004.png,3,upright,0.0,321,481,154401.0,1.0,blur,red_gd,wavelet,15.0,fixed3p25,0.8,3.9603960396039612,1.4142135623730951,0.005,G16_fixed,True,16,20,0.0020246732357020033,26.93645058070325,0.7615864595274642,11,0.0009075929236525852,30.421088988939932,0.8868079303242855,3.25,0;22.5;45;67.5;90;112.5;135;157.5;180;202.5;225;247.5;270;292.5;315;337.5
val_images,test004.png,3,upright,0.0,321,481,154401.0,1.0,blur,red_gd,wavelet,15.0,fixed3p25,0.8,3.9603960396039612,1.4142135623730951,0.005,G16_fixed,True,16,20,0.0020246732357020033,26.93645058070325,0.7615864595274642,12,0.0008971169038433203,30.471509600930947,0.887640786005272,3.25,0;22.5;45;67.5;90;112.5;135;157.5;180;202.5;225;247.5;270;292.5;315;337.5
val_images,test004.png,3,upright,0.0,321,481,154401.0,1.0,blur,red_gd,wavelet,15.0,fixed3p25,0.8,3.9603960396039612,1.4142135623730951,0.005,G16_fixed,True,16,20,0.0020246732357020033,26.93645058070325,0.7615864595274642,13,0.0008875156892541074,30.518239608686343,0.888546099118529,3.25,0;22.5;45;67.5;90;112.5;135;157.5;180;202.5;225;247.5;270;292.5;315;337.5
val_images,test004.png,3,upright,0.0,321,481,154401.0,1.0,blur,red_gd,wavelet,15.0,fixed3p25,0.8,3.9603960396039612,1.4142135623730951,0.005,G16_fixed,True,16,20,0.0020246732357020033,26.93645058070325,0.7615864595274642,14,0.0008794717702656152,30.55778096189045,0.8890950957247686,3.25,0;22.5;45;67.5;90;112.5;135;157.5;180;202.5;225;247.5;270;292.5;315;337.5
val_images,test004.png,3,upright,0.0,321,481,154401.0,1.0,blur,red_gd,wavelet,15.0,fixed3p25,0.8,3.9603960396039612,1.4142135623730951,0.005,G16_fixed,True,16,20,0.0020246732357020033,26.93645058070325,0.7615864595274642,15,0.0008719678349782486,30.59499534963188,0.8897256575410781,3.25,0;22.5;45;67.5;90;112.5;135;157.5;180;202.5;225;247.5;270;292.5;315;337.5
val_images,test004.png,3,upright,0.0,321,481,154401.0,1.0,blur,red_gd,wavelet,15.0,fixed3p25,0.8,3.9603960396039612,1.4142135623730951,0.005,G16_fixed,True,16,20,0.0020246732357020033,26.93645058070325,0.7615864595274642,16,0.0008656516859470733,30.62656820800968,0.8900754974061049,3.25,0;22.5;45;67.5;90;112.5;135;157.5;180;202.5;225;247.5;270;292.5;315;337.5
val_images,test004.png,3,upright,0.0,321,481,154401.0,1.0,blur,red_gd,wavelet,15.0,fixed3p25,0.8,3.9603960396039612,1.4142135623730951,0.005,G16_fixed,True,16,20,0.0020246732357020033,26.93645058070325,0.7615864595274642,17,0.0008596813280890748,30.656625058497916,0.8905072060737949,3.25,0;22.5;45;67.5;90;112.5;135;157.5;180;202.5;225;247.5;270;292.5;315;337.5
val_images,test004.png,3,upright,0.0,321,481,154401.0,1.0,blur,red_gd,wavelet,15.0,fixed3p25,0.8,3.9603960396039612,1.4142135623730951,0.005,G16_fixed,True,16,20,0.0020246732357020033,26.93645058070325,0.7615864595274642,18,0.0008546496168623523,30.682118977298913,0.8907112202965006,3.25,0;22.5;45;67.5;90;112.5;135;157.5;180;202.5;225;247.5;270;292.5;315;337.5
val_images,test004.png,3,upright,0.0,321,481,154401.0,1.0,blur,red_gd,wavelet,15.0,fixed3p25,0.8,3.9603960396039612,1.4142135623730951,0.005,G16_fixed,True,16,20,0.0020246732357020033,26.93645058070325,0.7615864595274642,19,0.0008498432282634787,30.706611817910947,0.8909936626058121,3.25,0;22.5;45;67.5;90;112.5;135;157.5;180;202.5;225;247.5;270;292.5;315;337.5
val_images,test004.png,3,upright,0.0,321,481,154401.0,1.0,blur,red_gd,wavelet,15.0,fixed3p25,0.8,3.9603960396039612,1.4142135623730951,0.005,G16_fixed,True,16,20,0.0020246732357020033,26.93645058070325,0.7615864595274642,20,0.0008457987859193047,30.727329425858137,0.8910876751122079,3.25,0;22.5;45;67.5;90;112.5;135;157.5;180;202.5;225;247.5;270;292.5;315;337.5
val_images,test004.png,3,rot45_padded,45.0,1000,1000,154360.0,0.15435999631881714,blur,red_gd,wavelet,15.0,fixed3p25,0.8,3.9603960396039612,1.4142135623730951,0.005,vanilla,False,0,20,0.0022549900312935265,26.46855373681268,0.7687513665295413,1,0.0015439907606786692,28.11355302833363,0.834697855257191,3.25,none
val_images,test004.png,3,rot45_padded,45.0,1000,1000,154360.0,0.15435999631881714,blur,red_gd,wavelet,15.0,fixed3p25,0.8,3.9603960396039612,1.4142135623730951,0.005,vanilla,False,0,20,0.0022549900312935265,26.46855373681268,0.7687513665295413,2,0.0013629049363918459,28.65534435464129,0.853152836712879,3.25,none
val_images,test004.png,3,rot45_padded,45.0,1000,1000,154360.0,0.15435999631881714,blur,red_gd,wavelet,15.0,fixed3p25,0.8,3.9603960396039612,1.4142135623730951,0.005,vanilla,False,0,20,0.0022549900312935265,26.46855373681268,0.7687513665295413,3,0.0012603483968647257,28.995093866910594,0.8642601912736461,3.25,none
val_images,test004.png,3,rot45_padded,45.0,1000,1000,154360.0,0.15435999631881714,blur,red_gd,wavelet,15.0,fixed3p25,0.8,3.9603960396039612,1.4142135623730951,0.005,vanilla,False,0,20,0.0022549900312935265,26.46855373681268,0.7687513665295413,4,0.0011999805902192925,29.20825778643067,0.8699736006737496,3.25,none
val_images,test004.png,3,rot45_padded,45.0,1000,1000,154360.0,0.15435999631881714,blur,red_gd,wavelet,15.0,fixed3p25,0.8,3.9603960396039612,1.4142135623730951,0.005,vanilla,False,0,20,0.0022549900312935265,26.46855373681268,0.7687513665295413,5,0.0011520098082974156,29.385438232814604,0.8748961437548588,3.25,none
val_images,test004.png,3,rot45_padded,45.0,1000,1000,154360.0,0.15435999631881714,blur,red_gd,wavelet,15.0,fixed3p25,0.8,3.9603960396039612,1.4142135623730951,0.005,vanilla,False,0,20,0.0022549900312935265,26.46855373681268,0.7687513665295413,6,0.001119857910662372,29.508370778029853,0.87787679774553,3.25,none
val_images,test004.png,3,rot45_padded,45.0,1000,1000,154360.0,0.15435999631881714,blur,red_gd,wavelet,15.0,fixed3p25,0.8,3.9603960396039612,1.4142135623730951,0.005,vanilla,False,0,20,0.0022549900312935265,26.46855373681268,0.7687513665295413,7,0.0010909168236488565,29.622083606924846,0.8806110715211195,3.25,none
val_images,test004.png,3,rot45_padded,45.0,1000,1000,154360.0,0.15435999631881714,blur,red_gd,wavelet,15.0,fixed3p25,0.8,3.9603960396039612,1.4142135623730951,0.005,vanilla,False,0,20,0.0022549900312935265,26.46855373681268,0.7687513665295413,8,0.0010707549772042628,29.703098981900222,0.8824236970393884,3.25,none
val_images,test004.png,3,rot45_padded,45.0,1000,1000,154360.0,0.15435999631881714,blur,red_gd,wavelet,15.0,fixed3p25,0.8,3.9603960396039612,1.4142135623730951,0.005,vanilla,False,0,20,0.0022549900312935265,26.46855373681268,0.7687513665295413,9,0.0010513031844124024,29.782720201000245,0.8840941022609484,3.25,none
val_images,test004.png,3,rot45_padded,45.0,1000,1000,154360.0,0.15435999631881714,blur,red_gd,wavelet,15.0,fixed3p25,0.8,3.9603960396039612,1.4142135623730951,0.005,vanilla,False,0,20,0.0022549900312935265,26.46855373681268,0.7687513665295413,10,0.0010376350222921459,29.839553783546474,0.8852618270601192,3.25,none
val_images,test004.png,3,rot45_padded,45.0,1000,1000,154360.0,0.15435999631881714,blur,red_gd,wavelet,15.0,fixed3p25,0.8,3.9603960396039612,1.4142135623730951,0.005,vanilla,False,0,20,0.0022549900312935265,26.46855373681268,0.7687513665295413,11,0.001023810575217835,29.897803888168042,0.8863181037833636,3.25,none
val_images,test004.png,3,rot45_padded,45.0,1000,1000,154360.0,0.15435999631881714,blur,red_gd,wavelet,15.0,fixed3p25,0.8,3.9603960396039612,1.4142135623730951,0.005,vanilla,False,0,20,0.0022549900312935265,26.46855373681268,0.7687513665295413,12,0.0010141756720541673,29.938868114763256,0.8870795137989116,3.25,none
val_images,test004.png,3,rot45_padded,45.0,1000,1000,154360.0,0.15435999631881714,blur,red_gd,wavelet,15.0,fixed3p25,0.8,3.9603960396039612,1.4142135623730951,0.005,vanilla,False,0,20,0.0022549900312935265,26.46855373681268,0.7687513665295413,13,0.0010040595575329181,29.98240525497017,0.8877417238922001,3.25,none
val_images,test004.png,3,rot45_padded,45.0,1000,1000,154360.0,0.15435999631881714,blur,red_gd,wavelet,15.0,fixed3p25,0.8,3.9603960396039612,1.4142135623730951,0.005,vanilla,False,0,20,0.0022549900312935265,26.46855373681268,0.7687513665295413,14,0.000997161865234375,30.01234338707136,0.8882234508616221,3.25,none
val_images,test004.png,3,rot45_padded,45.0,1000,1000,154360.0,0.15435999631881714,blur,red_gd,wavelet,15.0,fixed3p25,0.8,3.9603960396039612,1.4142135623730951,0.005,vanilla,False,0,20,0.0022549900312935265,26.46855373681268,0.7687513665295413,15,0.0009896694795243262,30.04509822761721,0.8886141770860326,3.25,none
val_images,test004.png,3,rot45_padded,45.0,1000,1000,154360.0,0.15435999631881714,blur,red_gd,wavelet,15.0,fixed3p25,0.8,3.9603960396039612,1.4142135623730951,0.005,vanilla,False,0,20,0.0022549900312935265,26.46855373681268,0.7687513665295413,16,0.00098475129779184,30.066734381669917,0.8888916331951283,3.25,none
val_images,test004.png,3,rot45_padded,45.0,1000,1000,154360.0,0.15435999631881714,blur,red_gd,wavelet,15.0,fixed3p25,0.8,3.9603960396039612,1.4142135623730951,0.005,vanilla,False,0,20,0.0022549900312935265,26.46855373681268,0.7687513665295413,17,0.000979210842950074,30.09123786163268,0.8890847693703032,3.25,none
val_images,test004.png,3,rot45_padded,45.0,1000,1000,154360.0,0.15435999631881714,blur,red_gd,wavelet,15.0,fixed3p25,0.8,3.9603960396039612,1.4142135623730951,0.005,vanilla,False,0,20,0.0022549900312935265,26.46855373681268,0.7687513665295413,18,0.0009757899719064301,30.10643649400715,0.8892077570290231,3.25,none
val_images,test004.png,3,rot45_padded,45.0,1000,1000,154360.0,0.15435999631881714,blur,red_gd,wavelet,15.0,fixed3p25,0.8,3.9603960396039612,1.4142135623730951,0.005,vanilla,False,0,20,0.0022549900312935265,26.46855373681268,0.7687513665295413,19,0.0009717588876930349,30.124414786273462,0.8892512835255247,3.25,none
val_images,test004.png,3,rot45_padded,45.0,1000,1000,154360.0,0.15435999631881714,blur,red_gd,wavelet,15.0,fixed3p25,0.8,3.9603960396039612,1.4142135623730951,0.005,vanilla,False,0,20,0.0022549900312935265,26.46855373681268,0.7687513665295413,20,0.000969510598638633,30.13447438874998,0.8892531055649132,3.25,none
val_images,test004.png,3,rot45_padded,45.0,1000,1000,154360.0,0.15435999631881714,blur,red_gd,wavelet,15.0,fixed3p25,0.8,3.9603960396039612,1.4142135623730951,0.005,G16_fixed,False,16,20,0.0022549900312935265,26.46855373681268,0.7687513665295413,1,0.0015441318224303678,28.11315626726755,0.8346992723989376,3.25,0;22.5;45;67.5;90;112.5;135;157.5;180;202.5;225;247.5;270;292.5;315;337.5
val_images,test004.png,3,rot45_padded,45.0,1000,1000,154360.0,0.15435999631881714,blur,red_gd,wavelet,15.0,fixed3p25,0.8,3.9603960396039612,1.4142135623730951,0.005,G16_fixed,False,16,20,0.0022549900312935265,26.46855373681268,0.7687513665295413,2,0.0013631949680523107,28.654420256812102,0.8531624530318735,3.25,0;22.5;45;67.5;90;112.5;135;157.5;180;202.5;225;247.5;270;292.5;315;337.5
val_images,test004.png,3,rot45_padded,45.0,1000,1000,154360.0,0.15435999631881714,blur,red_gd,wavelet,15.0,fixed3p25,0.8,3.9603960396039612,1.4142135623730951,0.005,G16_fixed,False,16,20,0.0022549900312935265,26.46855373681268,0.7687513665295413,3,0.0012605672551115796,28.994339784328798,0.8642930892070485,3.25,0;22.5;45;67.5;90;112.5;135;157.5;180;202.5;225;247.5;270;292.5;315;337.5
val_images,test004.png,3,rot45_padded,45.0,1000,1000,154360.0,0.15435999631881714,blur,red_gd,wavelet,15.0,fixed3p25,0.8,3.9603960396039612,1.4142135623730951,0.005,G16_fixed,False,16,20,0.0022549900312935265,26.46855373681268,0.7687513665295413,4,0.0012001665307623515,29.207584886413265,0.8700408136823011,3.25,0;22.5;45;67.5;90;112.5;135;157.5;180;202.5;225;247.5;270;292.5;315;337.5
val_images,test004.png,3,rot45_padded,45.0,1000,1000,154360.0,0.15435999631881714,blur,red_gd,wavelet,15.0,fixed3p25,0.8,3.9603960396039612,1.4142135623730951,0.005,G16_fixed,False,16,20,0.0022549900312935265,26.46855373681268,0.7687513665295413,5,0.001151825053977917,29.38613479126115,0.8750127542757191,3.25,0;22.5;45;67.5;90;112.5;135;157.5;180;202.5;225;247.5;270;292.5;315;337.5
val_images,test004.png,3,rot45_padded,45.0,1000,1000,154360.0,0.15435999631881714,blur,red_gd,wavelet,15.0,fixed3p25,0.8,3.9603960396039612,1.4142135623730951,0.005,G16_fixed,False,16,20,0.0022549900312935265,26.46855373681268,0.7687513665295413,6,0.0011194653695159144,29.50989336708237,0.8780465510818865,3.25,0;22.5;45;67.5;90;112.5;135;157.5;180;202.5;225;247.5;270;292.5;315;337.5
val_images,test004.png,3,rot45_padded,45.0,1000,1000,154360.0,0.15435999631881714,blur,red_gd,wavelet,15.0,fixed3p25,0.8,3.9603960396039612,1.4142135623730951,0.005,G16_fixed,False,16,20,0.0022549900312935265,26.46855373681268,0.7687513665295413,7,0.0010899404628068618,29.625972244269324,0.880841458279347,3.25,0;22.5;45;67.5;90;112.5;135;157.5;180;202.5;225;247.5;270;292.5;315;337.5
val_images,test004.png,3,rot45_padded,45.0,1000,1000,154360.0,0.15435999631881714,blur,red_gd,wavelet,15.0,fixed3p25,0.8,3.9603960396039612,1.4142135623730951,0.005,G16_fixed,False,16,20,0.0022549900312935265,26.46855373681268,0.7687513665295413,8,0.0010693830108049467,29.708667197796025,0.882722916396735,3.25,0;22.5;45;67.5;90;112.5;135;157.5;180;202.5;225;247.5;270;292.5;315;337.5
val_images,test004.png,3,rot45_padded,45.0,1000,1000,154360.0,0.15435999631881714,blur,red_gd,wavelet,15.0,fixed3p25,0.8,3.9603960396039612,1.4142135623730951,0.005,G16_fixed,False,16,20,0.0022549900312935265,26.46855373681268,0.7687513665295413,9,0.0010490561804335238,29.792012532755187,0.8844744023710805,3.25,0;22.5;45;67.5;90;112.5;135;157.5;180;202.5;225;247.5;270;292.5;315;337.5
val_images,test004.png,3,rot45_padded,45.0,1000,1000,154360.0,0.15435999631881714,blur,red_gd,wavelet,15.0,fixed3p25,0.8,3.9603960396039612,1.4142135623730951,0.005,G16_fixed,False,16,20,0.0022549900312935265,26.46855373681268,0.7687513665295413,10,0.0010347395494337,29.85168951152084,0.8857361646475771,3.25,0;22.5;45;67.5;90;112.5;135;157.5;180;202.5;225;247.5;270;292.5;315;337.5
val_images,test004.png,3,rot45_padded,45.0,1000,1000,154360.0,0.15435999631881714,blur,red_gd,wavelet,15.0,fixed3p25,0.8,3.9603960396039612,1.4142135623730951,0.005,G16_fixed,False,16,20,0.0022549900312935265,26.46855373681268,0.7687513665295413,11,0.00101978097378389,29.914930949943045,0.8868969049624255,3.25,0;22.5;45;67.5;90;112.5;135;157.5;180;202.5;225;247.5;270;292.5;315;337.5
val_images,test004.png,3,rot45_padded,45.0,1000,1000,154360.0,0.15435999631881714,blur,red_gd,wavelet,15.0,fixed3p25,0.8,3.9603960396039612,1.4142135623730951,0.005,G16_fixed,False,16,20,0.0022549900312935265,26.46855373681268,0.7687513665295413,12,0.0010091877996875203,29.96028008412504,0.8877784683532003,3.25,0;22.5;45;67.5;90;112.5;135;157.5;180;202.5;225;247.5;270;292.5;315;337.5
val_images,test004.png,3,rot45_padded,45.0,1000,1000,154360.0,0.15435999631881714,blur,red_gd,wavelet,15.0,fixed3p25,0.8,3.9603960396039612,1.4142135623730951,0.005,G16_fixed,False,16,20,0.0022549900312935265,26.46855373681268,0.7687513665295413,13,0.0009975480798551783,30.01066162997024,0.888573889770666,3.25,0;22.5;45;67.5;90;112.5;135;157.5;180;202.5;225;247.5;270;292.5;315;337.5
val_images,test004.png,3,rot45_padded,45.0,1000,1000,154360.0,0.15435999631881714,blur,red_gd,wavelet,15.0,fixed3p25,0.8,3.9603960396039612,1.4142135623730951,0.005,G16_fixed,False,16,20,0.0022549900312935265,26.46855373681268,0.7687513665295413,14,0.0009894050505223685,30.046258770642197,0.8892007725447006,3.25,0;22.5;45;67.5;90;112.5;135;157.5;180;202.5;225;247.5;270;292.5;315;337.5
val_images,test004.png,3,rot45_padded,45.0,1000,1000,154360.0,0.15435999631881714,blur,red_gd,wavelet,15.0,fixed3p25,0.8,3.9603960396039612,1.4142135623730951,0.005,G16_fixed,False,16,20,0.0022549900312935265,26.46855373681268,0.7687513665295413,15,0.000980135899623091,30.08713703527398,0.8897461696683079,3.25,0;22.5;45;67.5;90;112.5;135;157.5;180;202.5;225;247.5;270;292.5;315;337.5
val_images,test004.png,3,rot45_padded,45.0,1000,1000,154360.0,0.15435999631881714,blur,red_gd,wavelet,15.0,fixed3p25,0.8,3.9603960396039612,1.4142135623730951,0.005,G16_fixed,False,16,20,0.0022549900312935265,26.46855373681268,0.7687513665295413,16,0.0009737108185613177,30.11570004672365,0.8901912534011401,3.25,0;22.5;45;67.5;90;112.5;135;157.5;180;202.5;225;247.5;270;292.5;315;337.5
val_images,test004.png,3,rot45_padded,45.0,1000,1000,154360.0,0.15435999631881714,blur,red_gd,wavelet,15.0,fixed3p25,0.8,3.9603960396039612,1.4142135623730951,0.005,G16_fixed,False,16,20,0.0022549900312935265,26.46855373681268,0.7687513665295413,17,0.0009661020840904075,30.149769810226587,0.8905613298458149,3.25,0;22.5;45;67.5;90;112.5;135;157.5;180;202.5;225;247.5;270;292.5;315;337.5
val_images,test004.png,3,rot45_padded,45.0,1000,1000,154360.0,0.15435999631881714,blur,red_gd,wavelet,15.0,fixed3p25,0.8,3.9603960396039612,1.4142135623730951,0.005,G16_fixed,False,16,20,0.0022549900312935265,26.46855373681268,0.7687513665295413,18,0.0009609389471927434,30.173042041520418,0.890873404703291,3.25,0;22.5;45;67.5;90;112.5;135;157.5;180;202.5;225;247.5;270;292.5;315;337.5
val_images,test004.png,3,rot45_padded,45.0,1000,1000,154360.0,0.15435999631881714,blur,red_gd,wavelet,15.0,fixed3p25,0.8,3.9603960396039612,1.4142135623730951,0.005,G16_fixed,False,16,20,0.0022549900312935265,26.46855373681268,0.7687513665295413,19,0.0009546197365837166,30.20169590920129,0.8911156347175434,3.25,0;22.5;45;67.5;90;112.5;135;157.5;180;202.5;225;247.5;270;292.5;315;337.5
val_images,test004.png,3,rot45_padded,45.0,1000,1000,154360.0,0.15435999631881714,blur,red_gd,wavelet,15.0,fixed3p25,0.8,3.9603960396039612,1.4142135623730951,0.005,G16_fixed,False,16,20,0.0022549900312935265,26.46855373681268,0.7687513665295413,20,0.0009504502596216333,30.220706063494017,0.8913252704716248,3.25,0;22.5;45;67.5;90;112.5;135;157.5;180;202.5;225;247.5;270;292.5;315;337.5
val_images,test005.png,4,upright,0.0,321,481,154401.0,1.0,blur,red_gd,wavelet,15.0,fixed3p25,0.8,3.9603960396039612,1.4142135623730951,0.005,vanilla,True,0,20,0.004928222915568673,23.073096561983647,0.6259368867429616,1,0.003642346604023371,24.386187293119853,0.7063528976496266,3.25,none
val_images,test005.png,4,upright,0.0,321,481,154401.0,1.0,blur,red_gd,wavelet,15.0,fixed3p25,0.8,3.9603960396039612,1.4142135623730951,0.005,vanilla,True,0,20,0.004928222915568673,23.073096561983647,0.6259368867429616,2,0.0032557184716688406,24.873531564507935,0.7318339299939767,3.25,none
val_images,test005.png,4,upright,0.0,321,481,154401.0,1.0,blur,red_gd,wavelet,15.0,fixed3p25,0.8,3.9603960396039612,1.4142135623730951,0.005,vanilla,True,0,20,0.004928222915568673,23.073096561983647,0.6259368867429616,3,0.0030442857979182452,25.165145783691294,0.7493325010848375,3.25,none
val_images,test005.png,4,upright,0.0,321,481,154401.0,1.0,blur,red_gd,wavelet,15.0,fixed3p25,0.8,3.9603960396039612,1.4142135623730951,0.005,vanilla,True,0,20,0.004928222915568673,23.073096561983647,0.6259368867429616,4,0.002904200348367441,25.36973426818659,0.7589894272867403,3.25,none
val_images,test005.png,4,upright,0.0,321,481,154401.0,1.0,blur,red_gd,wavelet,15.0,fixed3p25,0.8,3.9603960396039612,1.4142135623730951,0.005,vanilla,True,0,20,0.004928222915568673,23.073096561983647,0.6259368867429616,5,0.002801962380146704,25.52537699958301,0.7677766619063348,3.25,none
val_images,test005.png,4,upright,0.0,321,481,154401.0,1.0,blur,red_gd,wavelet,15.0,fixed3p25,0.8,3.9603960396039612,1.4142135623730951,0.005,vanilla,True,0,20,0.004928222915568673,23.073096561983647,0.6259368867429616,6,0.0027225733122984144,25.650204169172824,0.7733370614503792,3.25,none
val_images,test005.png,4,upright,0.0,321,481,154401.0,1.0,blur,red_gd,wavelet,15.0,fixed3p25,0.8,3.9603960396039612,1.4142135623730951,0.005,vanilla,True,0,20,0.004928222915568673,23.073096561983647,0.6259368867429616,7,0.002658316833075887,25.75393258661791,0.7788059784263055,3.25,none
val_images,test005.png,4,upright,0.0,321,481,154401.0,1.0,blur,red_gd,wavelet,15.0,fixed3p25,0.8,3.9603960396039612,1.4142135623730951,0.005,vanilla,True,0,20,0.004928222915568673,23.073096561983647,0.6259368867429616,8,0.00260482761304169,25.842210129333715,0.7825474535462853,3.25,none
val_images,test005.png,4,upright,0.0,321,481,154401.0,1.0,blur,red_gd,wavelet,15.0,fixed3p25,0.8,3.9603960396039612,1.4142135623730951,0.005,vanilla,True,0,20,0.004928222915568673,23.073096561983647,0.6259368867429616,9,0.0025591960255251546,25.918964473901237,0.7863315834256255,3.25,none
val_images,test005.png,4,upright,0.0,321,481,154401.0,1.0,blur,red_gd,wavelet,15.0,fixed3p25,0.8,3.9603960396039612,1.4142135623730951,0.005,vanilla,True,0,20,0.004928222915568673,23.073096561983647,0.6259368867429616,10,0.002519726221274575,25.986466445553617,0.7890576931172726,3.25,none
val_images,test005.png,4,upright,0.0,321,481,154401.0,1.0,blur,red_gd,wavelet,15.0,fixed3p25,0.8,3.9603960396039612,1.4142135623730951,0.005,vanilla,True,0,20,0.004928222915568673,23.073096561983647,0.6259368867429616,11,0.0024849838438774077,26.046764304870674,0.7918456850991897,3.25,none
val_images,test005.png,4,upright,0.0,321,481,154401.0,1.0,blur,red_gd,wavelet,15.0,fixed3p25,0.8,3.9603960396039612,1.4142135623730951,0.005,vanilla,True,0,20,0.004928222915568673,23.073096561983647,0.6259368867429616,12,0.002454198843370408,26.100902529048344,0.7939276725053594,3.25,none
val_images,test005.png,4,upright,0.0,321,481,154401.0,1.0,blur,red_gd,wavelet,15.0,fixed3p25,0.8,3.9603960396039612,1.4142135623730951,0.005,vanilla,True,0,20,0.004928222915568673,23.073096561983647,0.6259368867429616,13,0.0024265428626190893,26.15012032873509,0.7960670895104306,3.25,none
val_images,test005.png,4,upright,0.0,321,481,154401.0,1.0,blur,red_gd,wavelet,15.0,fixed3p25,0.8,3.9603960396039612,1.4142135623730951,0.005,vanilla,True,0,20,0.004928222915568673,23.073096561983647,0.6259368867429616,14,0.0024016255400532743,26.194947065776425,0.7977057305328333,3.25,none
val_images,test005.png,4,upright,0.0,321,481,154401.0,1.0,blur,red_gd,wavelet,15.0,fixed3p25,0.8,3.9603960396039612,1.4142135623730951,0.005,vanilla,True,0,20,0.004928222915568673,23.073096561983647,0.6259368867429616,15,0.002378922111131789,26.23619777071361,0.7993930981664626,3.25,none
val_images,test005.png,4,upright,0.0,321,481,154401.0,1.0,blur,red_gd,wavelet,15.0,fixed3p25,0.8,3.9603960396039612,1.4142135623730951,0.005,vanilla,True,0,20,0.004928222915568673,23.073096561983647,0.6259368867429616,16,0.002358214566329618,26.274166823904093,0.8007091214597055,3.25,none
val_images,test005.png,4,upright,0.0,321,481,154401.0,1.0,blur,red_gd,wavelet,15.0,fixed3p25,0.8,3.9603960396039612,1.4142135623730951,0.005,vanilla,True,0,20,0.004928222915568673,23.073096561983647,0.6259368867429616,17,0.0023391538532250237,26.309412123895623,0.80206653454317,3.25,none
val_images,test005.png,4,upright,0.0,321,481,154401.0,1.0,blur,red_gd,wavelet,15.0,fixed3p25,0.8,3.9603960396039612,1.4142135623730951,0.005,vanilla,True,0,20,0.004928222915568673,23.073096561983647,0.6259368867429616,18,0.002321602604075589,26.342121177703017,0.8031374574160789,3.25,none
val_images,test005.png,4,upright,0.0,321,481,154401.0,1.0,blur,red_gd,wavelet,15.0,fixed3p25,0.8,3.9603960396039612,1.4142135623730951,0.005,vanilla,True,0,20,0.004928222915568673,23.073096561983647,0.6259368867429616,19,0.0023053236371677888,26.372680967516903,0.804244153616233,3.25,none
val_images,test005.png,4,upright,0.0,321,481,154401.0,1.0,blur,red_gd,wavelet,15.0,fixed3p25,0.8,3.9603960396039612,1.4142135623730951,0.005,vanilla,True,0,20,0.004928222915568673,23.073096561983647,0.6259368867429616,20,0.0022902210915590735,26.40122590057817,0.8051240155504175,3.25,none
val_images,test005.png,4,upright,0.0,321,481,154401.0,1.0,blur,red_gd,wavelet,15.0,fixed3p25,0.8,3.9603960396039612,1.4142135623730951,0.005,G16_fixed,True,16,20,0.004928222915568673,23.073096561983647,0.6259368867429616,1,0.0036421331404811984,24.386441823413662,0.7063267886866018,3.25,0;22.5;45;67.5;90;112.5;135;157.5;180;202.5;225;247.5;270;292.5;315;337.5
val_images,test005.png,4,upright,0.0,321,481,154401.0,1.0,blur,red_gd,wavelet,15.0,fixed3p25,0.8,3.9603960396039612,1.4142135623730951,0.005,G16_fixed,True,16,20,0.004928222915568673,23.073096561983647,0.6259368867429616,2,0.0032556097633834745,24.873676577650482,0.7317817626666926,3.25,0;22.5;45;67.5;90;112.5;135;157.5;180;202.5;225;247.5;270;292.5;315;337.5
val_images,test005.png,4,upright,0.0,321,481,154401.0,1.0,blur,red_gd,wavelet,15.0,fixed3p25,0.8,3.9603960396039612,1.4142135623730951,0.005,G16_fixed,True,16,20,0.004928222915568673,23.073096561983647,0.6259368867429616,3,0.003044143686541558,25.16534852295888,0.7492543259920597,3.25,0;22.5;45;67.5;90;112.5;135;157.5;180;202.5;225;247.5;270;292.5;315;337.5
val_images,test005.png,4,upright,0.0,321,481,154401.0,1.0,blur,red_gd,wavelet,15.0,fixed3p25,0.8,3.9603960396039612,1.4142135623730951,0.005,G16_fixed,True,16,20,0.004928222915568673,23.073096561983647,0.6259368867429616,4,0.002904136704607645,25.36982944218712,0.7588856492185931,3.25,0;22.5;45;67.5;90;112.5;135;157.5;180;202.5;225;247.5;270;292.5;315;337.5
val_images,test005.png,4,upright,0.0,321,481,154401.0,1.0,blur,red_gd,wavelet,15.0,fixed3p25,0.8,3.9603960396039612,1.4142135623730951,0.005,G16_fixed,True,16,20,0.004928222915568673,23.073096561983647,0.6259368867429616,5,0.002801892609192642,25.525485143496105,0.7676479386467704,3.25,0;22.5;45;67.5;90;112.5;135;157.5;180;202.5;225;247.5;270;292.5;315;337.5
val_images,test005.png,4,upright,0.0,321,481,154401.0,1.0,blur,red_gd,wavelet,15.0,fixed3p25,0.8,3.9603960396039612,1.4142135623730951,0.005,G16_fixed,True,16,20,0.004928222915568673,23.073096561983647,0.6259368867429616,6,0.0027225001812700776,25.650320826559003,0.7731882504808907,3.25,0;22.5;45;67.5;90;112.5;135;157.5;180;202.5;225;247.5;270;292.5;315;337.5
val_images,test005.png,4,upright,0.0,321,481,154401.0,1.0,blur,red_gd,wavelet,15.0,fixed3p25,0.8,3.9603960396039612,1.4142135623730951,0.005,G16_fixed,True,16,20,0.004928222915568673,23.073096561983647,0.6259368867429616,7,0.0026581425045164456,25.754217399974408,0.7786408240555437,3.25,0;22.5;45;67.5;90;112.5;135;157.5;180;202.5;225;247.5;270;292.5;315;337.5
val_images,test005.png,4,upright,0.0,321,481,154401.0,1.0,blur,red_gd,wavelet,15.0,fixed3p25,0.8,3.9603960396039612,1.4142135623730951,0.005,G16_fixed,True,16,20,0.004928222915568673,23.073096561983647,0.6259368867429616,8,0.0026045943843567235,25.842599001385246,0.7823683339162311,3.25,0;22.5;45;67.5;90;112.5;135;157.5;180;202.5;225;247.5;270;292.5;315;337.5
val_images,test005.png,4,upright,0.0,321,481,154401.0,1.0,blur,red_gd,wavelet,15.0,fixed3p25,0.8,3.9603960396039612,1.4142135623730951,0.005,G16_fixed,True,16,20,0.004928222915568673,23.073096561983647,0.6259368867429616,9,0.002558854483857678,25.919544107343597,0.7861384479375133,3.25,0;22.5;45;67.5;90;112.5;135;157.5;180;202.5;225;247.5;270;292.5;315;337.5
val_images,test005.png,4,upright,0.0,321,481,154401.0,1.0,blur,red_gd,wavelet,15.0,fixed3p25,0.8,3.9603960396039612,1.4142135623730951,0.005,G16_fixed,True,16,20,0.004928222915568673,23.073096561983647,0.6259368867429616,10,0.0025193188616815954,25.987168618369513,0.7888522621291313,3.25,0;22.5;45;67.5;90;112.5;135;157.5;180;202.5;225;247.5;270;292.5;315;337.5
val_images,test005.png,4,upright,0.0,321,481,154401.0,1.0,blur,red_gd,wavelet,15.0,fixed3p25,0.8,3.9603960396039612,1.4142135623730951,0.005,G16_fixed,True,16,20,0.004928222915568673,23.073096561983647,0.6259368867429616,11,0.0024844711360733373,26.047660444072356,0.7916276044196605,3.25,0;22.5;45;67.5;90;112.5;135;157.5;180;202.5;225;247.5;270;292.5;315;337.5
val_images,test005.png,4,upright,0.0,321,481,154401.0,1.0,blur,red_gd,wavelet,15.0,fixed3p25,0.8,3.9603960396039612,1.4142135623730951,0.005,G16_fixed,True,16,20,0.004928222915568673,23.073096561983647,0.6259368867429616,12,0.0024536149810522804,26.101935853429513,0.7936981059060498,3.25,0;22.5;45;67.5;90;112.5;135;157.5;180;202.5;225;247.5;270;292.5;315;337.5
val_images,test005.png,4,upright,0.0,321,481,154401.0,1.0,blur,red_gd,wavelet,15.0,fixed3p25,0.8,3.9603960396039612,1.4142135623730951,0.005,G16_fixed,True,16,20,0.004928222915568673,23.073096561983647,0.6259368867429616,13,0.0024258534544384426,26.151354383627083,0.7958256827999819,3.25,0;22.5;45;67.5;90;112.5;135;157.5;180;202.5;225;247.5;270;292.5;315;337.5
val_images,test005.png,4,upright,0.0,321,481,154401.0,1.0,blur,red_gd,wavelet,15.0,fixed3p25,0.8,3.9603960396039612,1.4142135623730951,0.005,G16_fixed,True,16,20,0.004928222915568673,23.073096561983647,0.6259368867429616,14,0.0024008586525128763,26.196334077233466,0.7974540522729775,3.25,0;22.5;45;67.5;90;112.5;135;157.5;180;202.5;225;247.5;270;292.5;315;337.5
val_images,test005.png,4,upright,0.0,321,481,154401.0,1.0,blur,red_gd,wavelet,15.0,fixed3p25,0.8,3.9603960396039612,1.4142135623730951,0.005,G16_fixed,True,16,20,0.004928222915568673,23.073096561983647,0.6259368867429616,15,0.0023780465153060253,26.237796547033838,0.7991313507522619,3.25,0;22.5;45;67.5;90;112.5;135;157.5;180;202.5;225;247.5;270;292.5;315;337.5
val_images,test005.png,4,upright,0.0,321,481,154401.0,1.0,blur,red_gd,wavelet,15.0,fixed3p25,0.8,3.9603960396039612,1.4142135623730951,0.005,G16_fixed,True,16,20,0.004928222915568673,23.073096561983647,0.6259368867429616,16,0.002357255166298409,26.27593403764468,0.8004384180640022,3.25,0;22.5;45;67.5;90;112.5;135;157.5;180;202.5;225;247.5;270;292.5;315;337.5
val_images,test005.png,4,upright,0.0,321,481,154401.0,1.0,blur,red_gd,wavelet,15.0,fixed3p25,0.8,3.9603960396039612,1.4142135623730951,0.005,G16_fixed,True,16,20,0.004928222915568673,23.073096561983647,0.6259368867429616,17,0.002338082187182746,26.31140226787266,0.8017865715733706,3.25,0;22.5;45;67.5;90;112.5;135;157.5;180;202.5;225;247.5;270;292.5;315;337.5
val_images,test005.png,4,upright,0.0,321,481,154401.0,1.0,blur,red_gd,wavelet,15.0,fixed3p25,0.8,3.9603960396039612,1.4142135623730951,0.005,G16_fixed,True,16,20,0.004928222915568673,23.073096561983647,0.6259368867429616,18,0.0023204414019364554,26.34429394336946,0.8028505624153989,3.25,0;22.5;45;67.5;90;112.5;135;157.5;180;202.5;225;247.5;270;292.5;315;337.5
val_images,test005.png,4,upright,0.0,321,481,154401.0,1.0,blur,red_gd,wavelet,15.0,fixed3p25,0.8,3.9603960396039612,1.4142135623730951,0.005,G16_fixed,True,16,20,0.004928222915568673,23.073096561983647,0.6259368867429616,19,0.002304049576063303,26.375081804662347,0.8039494158068925,3.25,0;22.5;45;67.5;90;112.5;135;157.5;180;202.5;225;247.5;270;292.5;315;337.5
val_images,test005.png,4,upright,0.0,321,481,154401.0,1.0,blur,red_gd,wavelet,15.0,fixed3p25,0.8,3.9603960396039612,1.4142135623730951,0.005,G16_fixed,True,16,20,0.004928222915568673,23.073096561983647,0.6259368867429616,20,0.002288853146026317,26.403820709848638,0.8048233070867417,3.25,0;22.5;45;67.5;90;112.5;135;157.5;180;202.5;225;247.5;270;292.5;315;337.5
val_images,test005.png,4,rot45_padded,45.0,1000,1000,154360.0,0.15435999631881714,blur,red_gd,wavelet,15.0,fixed3p25,0.8,3.9603960396039612,1.4142135623730951,0.005,vanilla,False,0,20,0.005517939527778003,22.582230633523444,0.6389666910954911,1,0.004452930222091418,23.51354110257973,0.7124904342932107,3.25,none
val_images,test005.png,4,rot45_padded,45.0,1000,1000,154360.0,0.15435999631881714,blur,red_gd,wavelet,15.0,fixed3p25,0.8,3.9603960396039612,1.4142135623730951,0.005,vanilla,False,0,20,0.005517939527778003,22.582230633523444,0.6389666910954911,2,0.0038524108712739294,24.142674002569613,0.7341672368975123,3.25,none
val_images,test005.png,4,rot45_padded,45.0,1000,1000,154360.0,0.15435999631881714,blur,red_gd,wavelet,15.0,fixed3p25,0.8,3.9603960396039612,1.4142135623730951,0.005,vanilla,False,0,20,0.005517939527778003,22.582230633523444,0.6389666910954911,3,0.0037506103515625,24.258980520732642,0.7508234099669604,3.25,none
val_images,test005.png,4,rot45_padded,45.0,1000,1000,154360.0,0.15435999631881714,blur,red_gd,wavelet,15.0,fixed3p25,0.8,3.9603960396039612,1.4142135623730951,0.005,vanilla,False,0,20,0.005517939527778003,22.582230633523444,0.6389666910954911,4,0.003488488554429378,24.573626975827352,0.7594693411505571,3.25,none
val_images,test005.png,4,rot45_padded,45.0,1000,1000,154360.0,0.15435999631881714,blur,red_gd,wavelet,15.0,fixed3p25,0.8,3.9603960396039612,1.4142135623730951,0.005,vanilla,False,0,20,0.005517939527778003,22.582230633523444,0.6389666910954911,5,0.0034571746248876407,24.612786833127466,0.7676066196715471,3.25,none
val_images,test005.png,4,rot45_padded,45.0,1000,1000,154360.0,0.15435999631881714,blur,red_gd,wavelet,15.0,fixed3p25,0.8,3.9603960396039612,1.4142135623730951,0.005,vanilla,False,0,20,0.005517939527778003,22.582230633523444,0.6389666910954911,6,0.0032908038050129367,24.82698009209782,0.7728121355921224,3.25,none
val_images,test005.png,4,rot45_padded,45.0,1000,1000,154360.0,0.15435999631881714,blur,red_gd,wavelet,15.0,fixed3p25,0.8,3.9603960396039612,1.4142135623730951,0.005,vanilla,False,0,20,0.005517939527778003,22.582230633523444,0.6389666910954911,7,0.003279766192489351,24.841571151087315,0.7778329169635916,3.25,none
val_images,test005.png,4,rot45_padded,45.0,1000,1000,154360.0,0.15435999631881714,blur,red_gd,wavelet,15.0,fixed3p25,0.8,3.9603960396039612,1.4142135623730951,0.005,vanilla,False,0,20,0.005517939527778003,22.582230633523444,0.6389666910954911,8,0.0031588726137610538,25.004678873129972,0.7814014317180616,3.25,none
val_images,test005.png,4,rot45_padded,45.0,1000,1000,154360.0,0.15435999631881714,blur,red_gd,wavelet,15.0,fixed3p25,0.8,3.9603960396039612,1.4142135623730951,0.005,vanilla,False,0,20,0.005517939527778003,22.582230633523444,0.6389666910954911,9,0.003155990683621587,25.008642874834376,0.7848719106309925,3.25,none
val_images,test005.png,4,rot45_padded,45.0,1000,1000,154360.0,0.15435999631881714,blur,red_gd,wavelet,15.0,fixed3p25,0.8,3.9603960396039612,1.4142135623730951,0.005,vanilla,False,0,20,0.005517939527778003,22.582230633523444,0.6389666910954911,10,0.003061802160495858,25.140228748333122,0.7874934204133195,3.25,none
val_images,test005.png,4,rot45_padded,45.0,1000,1000,154360.0,0.15435999631881714,blur,red_gd,wavelet,15.0,fixed3p25,0.8,3.9603960396039612,1.4142135623730951,0.005,vanilla,False,0,20,0.005517939527778003,22.582230633523444,0.6389666910954911,11,0.0030627287988002883,25.138914577801273,0.7900550053446489,3.25,none
val_images,test005.png,4,rot45_padded,45.0,1000,1000,154360.0,0.15435999631881714,blur,red_gd,wavelet,15.0,fixed3p25,0.8,3.9603960396039612,1.4142135623730951,0.005,vanilla,False,0,20,0.005517939527778003,22.582230633523444,0.6389666910954911,12,0.0029861715118574272,25.248852520315772,0.7920682576444675,3.25,none
val_images,test005.png,4,rot45_padded,45.0,1000,1000,154360.0,0.15435999631881714,blur,red_gd,wavelet,15.0,fixed3p25,0.8,3.9603960396039612,1.4142135623730951,0.005,vanilla,False,0,20,0.005517939527778003,22.582230633523444,0.6389666910954911,13,0.0029890083655016073,25.244728694752382,0.7940379328355792,3.25,none
val_images,test005.png,4,rot45_padded,45.0,1000,1000,154360.0,0.15435999631881714,blur,red_gd,wavelet,15.0,fixed3p25,0.8,3.9603960396039612,1.4142135623730951,0.005,vanilla,False,0,20,0.005517939527778003,22.582230633523444,0.6389666910954911,14,0.0029249878799584776,25.33875929129855,0.7956311038319512,3.25,none
val_images,test005.png,4,rot45_padded,45.0,1000,1000,154360.0,0.15435999631881714,blur,red_gd,wavelet,15.0,fixed3p25,0.8,3.9603960396039612,1.4142135623730951,0.005,vanilla,False,0,20,0.005517939527778003,22.582230633523444,0.6389666910954911,15,0.0029287938782513283,25.33311191885487,0.7971877328161441,3.25,none
val_images,test005.png,4,rot45_padded,45.0,1000,1000,154360.0,0.15435999631881714,blur,red_gd,wavelet,15.0,fixed3p25,0.8,3.9603960396039612,1.4142135623730951,0.005,vanilla,False,0,20,0.005517939527778003,22.582230633523444,0.6389666910954911,16,0.002874162747594908,25.414886438631505,0.7984753073173102,3.25,none
val_images,test005.png,4,rot45_padded,45.0,1000,1000,154360.0,0.15435999631881714,blur,red_gd,wavelet,15.0,fixed3p25,0.8,3.9603960396039612,1.4142135623730951,0.005,vanilla,False,0,20,0.005517939527778003,22.582230633523444,0.6389666910954911,17,0.002878434140931204,25.40843702827701,0.7997282630700959,3.25,none
val_images,test005.png,4,rot45_padded,45.0,1000,1000,154360.0,0.15435999631881714,blur,red_gd,wavelet,15.0,fixed3p25,0.8,3.9603960396039612,1.4142135623730951,0.005,vanilla,False,0,20,0.005517939527778003,22.582230633523444,0.6389666910954911,18,0.002831103030064156,25.480443254161997,0.8007846410177507,3.25,none
val_images,test005.png,4,rot45_padded,45.0,1000,1000,154360.0,0.15435999631881714,blur,red_gd,wavelet,15.0,fixed3p25,0.8,3.9603960396039612,1.4142135623730951,0.005,vanilla,False,0,20,0.005517939527778003,22.582230633523444,0.6389666910954911,19,0.002835564416874008,25.473604821903084,0.8018064002170251,3.25,none
val_images,test005.png,4,rot45_padded,45.0,1000,1000,154360.0,0.15435999631881714,blur,red_gd,wavelet,15.0,fixed3p25,0.8,3.9603960396039612,1.4142135623730951,0.005,vanilla,False,0,20,0.005517939527778003,22.582230633523444,0.6389666910954911,20,0.0027940766432644265,25.537616850900235,0.8026818901431718,3.25,none
val_images,test005.png,4,rot45_padded,45.0,1000,1000,154360.0,0.15435999631881714,blur,red_gd,wavelet,15.0,fixed3p25,0.8,3.9603960396039612,1.4142135623730951,0.005,G16_fixed,False,16,20,0.005517939527778003,22.582230633523444,0.6389666910954911,1,0.004453023538344819,23.51345009215004,0.7125314807916558,3.25,0;22.5;45;67.5;90;112.5;135;157.5;180;202.5;225;247.5;270;292.5;315;337.5
val_images,test005.png,4,rot45_padded,45.0,1000,1000,154360.0,0.15435999631881714,blur,red_gd,wavelet,15.0,fixed3p25,0.8,3.9603960396039612,1.4142135623730951,0.005,G16_fixed,False,16,20,0.005517939527778003,22.582230633523444,0.6389666910954911,2,0.003852583664505863,24.142479211653665,0.7342102572719617,3.25,0;22.5;45;67.5;90;112.5;135;157.5;180;202.5;225;247.5;270;292.5;315;337.5
val_images,test005.png,4,rot45_padded,45.0,1000,1000,154360.0,0.15435999631881714,blur,red_gd,wavelet,15.0,fixed3p25,0.8,3.9603960396039612,1.4142135623730951,0.005,G16_fixed,False,16,20,0.005517939527778003,22.582230633523444,0.6389666910954911,3,0.0037506506831635465,24.258933819806753,0.7508819176762115,3.25,0;22.5;45;67.5;90;112.5;135;157.5;180;202.5;225;247.5;270;292.5;315;337.5
val_images,test005.png,4,rot45_padded,45.0,1000,1000,154360.0,0.15435999631881714,blur,red_gd,wavelet,15.0,fixed3p25,0.8,3.9603960396039612,1.4142135623730951,0.005,G16_fixed,False,16,20,0.005517939527778003,22.582230633523444,0.6389666910954911,4,0.0034884849957586973,24.57363140614669,0.7595409068087587,3.25,0;22.5;45;67.5;90;112.5;135;157.5;180;202.5;225;247.5;270;292.5;315;337.5
val_images,test005.png,4,rot45_padded,45.0,1000,1000,154360.0,0.15435999631881714,blur,red_gd,wavelet,15.0,fixed3p25,0.8,3.9603960396039612,1.4142135623730951,0.005,G16_fixed,False,16,20,0.005517939527778003,22.582230633523444,0.6389666910954911,5,0.0034568254797530933,24.61322545564164,0.7677026310248769,3.25,0;22.5;45;67.5;90;112.5;135;157.5;180;202.5;225;247.5;270;292.5;315;337.5
val_images,test005.png,4,rot45_padded,45.0,1000,1000,154360.0,0.15435999631881714,blur,red_gd,wavelet,15.0,fixed3p25,0.8,3.9603960396039612,1.4142135623730951,0.005,G16_fixed,False,16,20,0.005517939527778003,22.582230633523444,0.6389666910954911,6,0.0032902850299092825,24.827664784770974,0.7729323395795543,3.25,0;22.5;45;67.5;90;112.5;135;157.5;180;202.5;225;247.5;270;292.5;315;337.5
val_images,test005.png,4,rot45_padded,45.0,1000,1000,154360.0,0.15435999631881714,blur,red_gd,wavelet,15.0,fixed3p25,0.8,3.9603960396039612,1.4142135623730951,0.005,G16_fixed,False,16,20,0.005517939527778003,22.582230633523444,0.6389666910954911,7,0.0032788201792001044,24.842824007513666,0.7779818180713916,3.25,0;22.5;45;67.5;90;112.5;135;157.5;180;202.5;225;247.5;270;292.5;315;337.5
val_images,test005.png,4,rot45_padded,45.0,1000,1000,154360.0,0.15435999631881714,blur,red_gd,wavelet,15.0,fixed3p25,0.8,3.9603960396039612,1.4142135623730951,0.005,G16_fixed,False,16,20,0.005517939527778003,22.582230633523444,0.6389666910954911,8,0.0031576778889320215,25.00632173945902,0.7815803964757709,3.25,0;22.5;45;67.5;90;112.5;135;157.5;180;202.5;225;247.5;270;292.5;315;337.5
val_images,test005.png,4,rot45_padded,45.0,1000,1000,154360.0,0.15435999631881714,blur,red_gd,wavelet,15.0,fixed3p25,0.8,3.9603960396039612,1.4142135623730951,0.005,G16_fixed,False,16,20,0.005517939527778003,22.582230633523444,0.6389666910954911,9,0.0031542904298519896,25.01098321699841,0.7850854435248769,3.25,0;22.5;45;67.5;90;112.5;135;157.5;180;202.5;225;247.5;270;292.5;315;337.5
val_images,test005.png,4,rot45_padded,45.0,1000,1000,154360.0,0.15435999631881714,blur,red_gd,wavelet,15.0,fixed3p25,0.8,3.9603960396039612,1.4142135623730951,0.005,G16_fixed,False,16,20,0.005517939527778003,22.582230633523444,0.6389666910954911,10,0.0030597723342804563,25.14310886473988,0.78774278674851,3.25,0;22.5;45;67.5;90;112.5;135;157.5;180;202.5;225;247.5;270;292.5;315;337.5
val_images,test005.png,4,rot45_padded,45.0,1000,1000,154360.0,0.15435999631881714,blur,red_gd,wavelet,15.0,fixed3p25,0.8,3.9603960396039612,1.4142135623730951,0.005,G16_fixed,False,16,20,0.005517939527778003,22.582230633523444,0.6389666910954911,11,0.003060128794460292,25.142602945817206,0.7903452157294636,3.25,0;22.5;45;67.5;90;112.5;135;157.5;180;202.5;225;247.5;270;292.5;315;337.5
val_images,test005.png,4,rot45_padded,45.0,1000,1000,154360.0,0.15435999631881714,blur,red_gd,wavelet,15.0,fixed3p25,0.8,3.9603960396039612,1.4142135623730951,0.005,G16_fixed,False,16,20,0.005517939527778003,22.582230633523444,0.6389666910954911,12,0.0029831725409933557,25.253216271494136,0.7924005773840374,3.25,0;22.5;45;67.5;90;112.5;135;157.5;180;202.5;225;247.5;270;292.5;315;337.5
val_images,test005.png,4,rot45_padded,45.0,1000,1000,154360.0,0.15435999631881714,blur,red_gd,wavelet,15.0,fixed3p25,0.8,3.9603960396039612,1.4142135623730951,0.005,G16_fixed,False,16,20,0.005517939527778003,22.582230633523444,0.6389666910954911,13,0.002985383464005612,25.249998770620387,0.7944174737626328,3.25,0;22.5;45;67.5;90;112.5;135;157.5;180;202.5;225;247.5;270;292.5;315;337.5
val_images,test005.png,4,rot45_padded,45.0,1000,1000,154360.0,0.15435999631881714,blur,red_gd,wavelet,15.0,fixed3p25,0.8,3.9603960396039612,1.4142135623730951,0.005,G16_fixed,False,16,20,0.005517939527778003,22.582230633523444,0.6389666910954911,14,0.0029209074686153717,25.344822008170233,0.7960590806394143,3.25,0;22.5;45;67.5;90;112.5;135;157.5;180;202.5;225;247.5;270;292.5;315;337.5
val_images,test005.png,4,rot45_padded,45.0,1000,1000,154360.0,0.15435999631881714,blur,red_gd,wavelet,15.0,fixed3p25,0.8,3.9603960396039612,1.4142135623730951,0.005,G16_fixed,False,16,20,0.005517939527778003,22.582230633523444,0.6389666910954911,15,0.0029240394942221105,25.340167657747465,0.797668548765872,3.25,0;22.5;45;67.5;90;112.5;135;157.5;180;202.5;225;247.5;270;292.5;315;337.5
val_images,test005.png,4,rot45_padded,45.0,1000,1000,154360.0,0.15435999631881714,blur,red_gd,wavelet,15.0,fixed3p25,0.8,3.9603960396039612,1.4142135623730951,0.005,G16_fixed,False,16,20,0.005517939527778003,22.582230633523444,0.6389666910954911,16,0.0028689046139604656,25.422838910427007,0.7990099746534076,3.25,0;22.5;45;67.5;90;112.5;135;157.5;180;202.5;225;247.5;270;292.5;315;337.5
val_images,test005.png,4,rot45_padded,45.0,1000,1000,154360.0,0.15435999631881714,blur,red_gd,wavelet,15.0,fixed3p25,0.8,3.9603960396039612,1.4142135623730951,0.005,G16_fixed,False,16,20,0.005517939527778003,22.582230633523444,0.6389666910954911,17,0.002872466447903845,25.41745035424818,0.800320931993392,3.25,0;22.5;45;67.5;90;112.5;135;157.5;180;202.5;225;247.5;270;292.5;315;337.5
val_images,test005.png,4,rot45_padded,45.0,1000,1000,154360.0,0.15435999631881714,blur,red_gd,wavelet,15.0,fixed3p25,0.8,3.9603960396039612,1.4142135623730951,0.005,G16_fixed,False,16,20,0.005517939527778003,22.582230633523444,0.6389666910954911,18,0.002824589871903039,25.490446024639873,0.8014360707113242,3.25,0;22.5;45;67.5;90;112.5;135;157.5;180;202.5;225;247.5;270;292.5;315;337.5
val_images,test005.png,4,rot45_padded,45.0,1000,1000,154360.0,0.15435999631881714,blur,red_gd,wavelet,15.0,fixed3p25,0.8,3.9603960396039612,1.4142135623730951,0.005,G16_fixed,False,16,20,0.005517939527778003,22.582230633523444,0.6389666910954911,19,0.0028283057172053157,25.484736485811936,0.8025206902694999,3.25,0;22.5;45;67.5;90;112.5;135;157.5;180;202.5;225;247.5;270;292.5;315;337.5
val_images,test005.png,4,rot45_padded,45.0,1000,1000,154360.0,0.15435999631881714,blur,red_gd,wavelet,15.0,fixed3p25,0.8,3.9603960396039612,1.4142135623730951,0.005,G16_fixed,False,16,20,0.005517939527778003,22.582230633523444,0.6389666910954911,20,0.002786235903235537,25.549821157885138,0.8034591417789583,3.25,0;22.5;45;67.5;90;112.5;135;157.5;180;202.5;225;247.5;270;292.5;315;337.5
val_images,test006.png,5,upright,0.0,321,481,154401.0,1.0,blur,red_gd,wavelet,15.0,fixed3p25,0.8,3.9603960396039612,1.4142135623730951,0.005,vanilla,True,0,20,0.0017023476353527098,27.68951748188577,0.8200279325425354,1,0.0011742871577916938,29.30225688612397,0.8455706447820934,3.25,none
val_images,test006.png,5,upright,0.0,321,481,154401.0,1.0,blur,red_gd,wavelet,15.0,fixed3p25,0.8,3.9603960396039612,1.4142135623730951,0.005,vanilla,True,0,20,0.0017023476353527098,27.68951748188577,0.8200279325425354,2,0.0010259990751557632,29.88853030700742,0.8560293084241682,3.25,none
val_images,test006.png,5,upright,0.0,321,481,154401.0,1.0,blur,red_gd,wavelet,15.0,fixed3p25,0.8,3.9603960396039612,1.4142135623730951,0.005,vanilla,True,0,20,0.0017023476353527098,27.68951748188577,0.8200279325425354,3,0.0009455143266167014,30.24331886254754,0.8635457550469233,3.25,none
val_images,test006.png,5,upright,0.0,321,481,154401.0,1.0,blur,red_gd,wavelet,15.0,fixed3p25,0.8,3.9603960396039612,1.4142135623730951,0.005,vanilla,True,0,20,0.0017023476353527098,27.68951748188577,0.8200279325425354,4,0.0008922183108533138,30.495288680469343,0.8664104547574174,3.25,none
val_images,test006.png,5,upright,0.0,321,481,154401.0,1.0,blur,red_gd,wavelet,15.0,fixed3p25,0.8,3.9603960396039612,1.4142135623730951,0.005,vanilla,True,0,20,0.0017023476353527098,27.68951748188577,0.8200279325425354,5,0.0008530551627931794,30.69022884281385,0.8701740921367089,3.25,none
val_images,test006.png,5,upright,0.0,321,481,154401.0,1.0,blur,red_gd,wavelet,15.0,fixed3p25,0.8,3.9603960396039612,1.4142135623730951,0.005,vanilla,True,0,20,0.0017023476353527098,27.68951748188577,0.8200279325425354,6,0.000822763796727454,30.8472482639322,0.8715103043374072,3.25,none
val_images,test006.png,5,upright,0.0,321,481,154401.0,1.0,blur,red_gd,wavelet,15.0,fixed3p25,0.8,3.9603960396039612,1.4142135623730951,0.005,vanilla,True,0,20,0.0017023476353527098,27.68951748188577,0.8200279325425354,7,0.0007982834320559523,30.97842884184221,0.8737197500340024,3.25,none
val_images,test006.png,5,upright,0.0,321,481,154401.0,1.0,blur,red_gd,wavelet,15.0,fixed3p25,0.8,3.9603960396039612,1.4142135623730951,0.005,vanilla,True,0,20,0.0017023476353527098,27.68951748188577,0.8200279325425354,8,0.0007781185886620412,31.0895420959547,0.8743895764923802,3.25,none
val_images,test006.png,5,upright,0.0,321,481,154401.0,1.0,blur,red_gd,wavelet,15.0,fixed3p25,0.8,3.9603960396039612,1.4142135623730951,0.005,vanilla,True,0,20,0.0017023476353527098,27.68951748188577,0.8200279325425354,9,0.000761028361468271,31.18599157947363,0.8757785126067836,3.25,none
val_images,test006.png,5,upright,0.0,321,481,154401.0,1.0,blur,red_gd,wavelet,15.0,fixed3p25,0.8,3.9603960396039612,1.4142135623730951,0.005,vanilla,True,0,20,0.0017023476353527098,27.68951748188577,0.8200279325425354,10,0.0007464775104077866,31.269832720018186,0.8760716818543921,3.25,none
val_images,test006.png,5,upright,0.0,321,481,154401.0,1.0,blur,red_gd,wavelet,15.0,fixed3p25,0.8,3.9603960396039612,1.4142135623730951,0.005,vanilla,True,0,20,0.0017023476353527098,27.68951748188577,0.8200279325425354,11,0.0007337758861070868,31.344365644562025,0.8769617141404524,3.25,none
val_images,test006.png,5,upright,0.0,321,481,154401.0,1.0,blur,red_gd,wavelet,15.0,fixed3p25,0.8,3.9603960396039612,1.4142135623730951,0.005,vanilla,True,0,20,0.0017023476353527098,27.68951748188577,0.8200279325425354,12,0.0007227524706681486,31.410104150558386,0.87701372967144,3.25,none
val_images,test006.png,5,upright,0.0,321,481,154401.0,1.0,blur,red_gd,wavelet,15.0,fixed3p25,0.8,3.9603960396039612,1.4142135623730951,0.005,vanilla,True,0,20,0.0017023476353527098,27.68951748188577,0.8200279325425354,13,0.000712928453506793,31.46954051924133,0.8775715304628856,3.25,none
val_images,test006.png,5,upright,0.0,321,481,154401.0,1.0,blur,red_gd,wavelet,15.0,fixed3p25,0.8,3.9603960396039612,1.4142135623730951,0.005,vanilla,True,0,20,0.0017023476353527098,27.68951748188577,0.8200279325425354,14,0.0007043062064401553,31.522384845299527,0.8774585940181735,3.25,none
val_images,test006.png,5,upright,0.0,321,481,154401.0,1.0,blur,red_gd,wavelet,15.0,fixed3p25,0.8,3.9603960396039612,1.4142135623730951,0.005,vanilla,True,0,20,0.0017023476353527098,27.68951748188577,0.8200279325425354,15,0.0006964993703394742,31.570792718576996,0.8777805033646155,3.25,none
val_images,test006.png,5,upright,0.0,321,481,154401.0,1.0,blur,red_gd,wavelet,15.0,fixed3p25,0.8,3.9603960396039612,1.4142135623730951,0.005,vanilla,True,0,20,0.0017023476353527098,27.68951748188577,0.8200279325425354,16,0.0006896050414687243,31.6139957219198,0.8775489634134493,3.25,none
val_images,test006.png,5,upright,0.0,321,481,154401.0,1.0,blur,red_gd,wavelet,15.0,fixed3p25,0.8,3.9603960396039612,1.4142135623730951,0.005,vanilla,True,0,20,0.0017023476353527098,27.68951748188577,0.8200279325425354,17,0.0006832827652432829,31.653995335494287,0.8776952950434259,3.25,none
val_images,test006.png,5,upright,0.0,321,481,154401.0,1.0,blur,red_gd,wavelet,15.0,fixed3p25,0.8,3.9603960396039612,1.4142135623730951,0.005,vanilla,True,0,20,0.0017023476353527098,27.68951748188577,0.8200279325425354,18,0.0006776834979412374,31.68973089600225,0.8773751060550126,3.25,none
val_images,test006.png,5,upright,0.0,321,481,154401.0,1.0,blur,red_gd,wavelet,15.0,fixed3p25,0.8,3.9603960396039612,1.4142135623730951,0.005,vanilla,True,0,20,0.0017023476353527098,27.68951748188577,0.8200279325425354,19,0.0006724935667464508,31.72311865882998,0.877387249758745,3.25,none
val_images,test006.png,5,upright,0.0,321,481,154401.0,1.0,blur,red_gd,wavelet,15.0,fixed3p25,0.8,3.9603960396039612,1.4142135623730951,0.005,vanilla,True,0,20,0.0017023476353527098,27.68951748188577,0.8200279325425354,20,0.0006678967874869051,31.752906454408887,0.8769995620170854,3.25,none
val_images,test006.png,5,upright,0.0,321,481,154401.0,1.0,blur,red_gd,wavelet,15.0,fixed3p25,0.8,3.9603960396039612,1.4142135623730951,0.005,G16_fixed,True,16,20,0.0017023476353527098,27.68951748188577,0.8200279325425354,1,0.001174568811076505,29.3012153538239,0.8455183762572781,3.25,0;22.5;45;67.5;90;112.5;135;157.5;180;202.5;225;247.5;270;292.5;315;337.5
val_images,test006.png,5,upright,0.0,321,481,154401.0,1.0,blur,red_gd,wavelet,15.0,fixed3p25,0.8,3.9603960396039612,1.4142135623730951,0.005,G16_fixed,True,16,20,0.0017023476353527098,27.68951748188577,0.8200279325425354,2,0.0010258311702677303,29.8892410886784,0.8559475408190361,3.25,0;22.5;45;67.5;90;112.5;135;157.5;180;202.5;225;247.5;270;292.5;315;337.5
val_images,test006.png,5,upright,0.0,321,481,154401.0,1.0,blur,red_gd,wavelet,15.0,fixed3p25,0.8,3.9603960396039612,1.4142135623730951,0.005,G16_fixed,True,16,20,0.0017023476353527098,27.68951748188577,0.8200279325425354,3,0.0009454798364425263,30.243477286011963,0.8634673269603176,3.25,0;22.5;45;67.5;90;112.5;135;157.5;180;202.5;225;247.5;270;292.5;315;337.5
val_images,test006.png,5,upright,0.0,321,481,154401.0,1.0,blur,red_gd,wavelet,15.0,fixed3p25,0.8,3.9603960396039612,1.4142135623730951,0.005,G16_fixed,True,16,20,0.0017023476353527098,27.68951748188577,0.8200279325425354,4,0.0008918621429801701,30.49702270253836,0.8663087512386578,3.25,0;22.5;45;67.5;90;112.5;135;157.5;180;202.5;225;247.5;270;292.5;315;337.5
val_images,test006.png,5,upright,0.0,321,481,154401.0,1.0,blur,red_gd,wavelet,15.0,fixed3p25,0.8,3.9603960396039612,1.4142135623730951,0.005,G16_fixed,True,16,20,0.0017023476353527098,27.68951748188577,0.8200279325425354,5,0.000852793373476876,30.69156182934773,0.8700813951982176,3.25,0;22.5;45;67.5;90;112.5;135;157.5;180;202.5;225;247.5;270;292.5;315;337.5
val_images,test006.png,5,upright,0.0,321,481,154401.0,1.0,blur,red_gd,wavelet,15.0,fixed3p25,0.8,3.9603960396039612,1.4142135623730951,0.005,G16_fixed,True,16,20,0.0017023476353527098,27.68951748188577,0.8200279325425354,6,0.0008222355238734336,30.85003763886329,0.8713992906457859,3.25,0;22.5;45;67.5;90;112.5;135;157.5;180;202.5;225;247.5;270;292.5;315;337.5
val_images,test006.png,5,upright,0.0,321,481,154401.0,1.0,blur,red_gd,wavelet,15.0,fixed3p25,0.8,3.9603960396039612,1.4142135623730951,0.005,G16_fixed,True,16,20,0.0017023476353527098,27.68951748188577,0.8200279325425354,7,0.0007978129722446038,30.980989064462754,0.8736191596880849,3.25,0;22.5;45;67.5;90;112.5;135;157.5;180;202.5;225;247.5;270;292.5;315;337.5
val_images,test006.png,5,upright,0.0,321,481,154401.0,1.0,blur,red_gd,wavelet,15.0,fixed3p25,0.8,3.9603960396039612,1.4142135623730951,0.005,G16_fixed,True,16,20,0.0017023476353527098,27.68951748188577,0.8200279325425354,8,0.000777402596364337,31.093540132483316,0.8742763364550747,3.25,0;22.5;45;67.5;90;112.5;135;157.5;180;202.5;225;247.5;270;292.5;315;337.5
val_images,test006.png,5,upright,0.0,321,481,154401.0,1.0,blur,red_gd,wavelet,15.0,fixed3p25,0.8,3.9603960396039612,1.4142135623730951,0.005,G16_fixed,True,16,20,0.0017023476353527098,27.68951748188577,0.8200279325425354,9,0.0007603417204076156,31.189911788599485,0.875677719865804,3.25,0;22.5;45;67.5;90;112.5;135;157.5;180;202.5;225;247.5;270;292.5;315;337.5
val_images,test006.png,5,upright,0.0,321,481,154401.0,1.0,blur,red_gd,wavelet,15.0,fixed3p25,0.8,3.9603960396039612,1.4142135623730951,0.005,G16_fixed,True,16,20,0.0017023476353527098,27.68951748188577,0.8200279325425354,10,0.0007455609513235828,31.275168461862492,0.8759632992985796,3.25,0;22.5;45;67.5;90;112.5;135;157.5;180;202.5;225;247.5;270;292.5;315;337.5
val_images,test006.png,5,upright,0.0,321,481,154401.0,1.0,blur,red_gd,wavelet,15.0,fixed3p25,0.8,3.9603960396039612,1.4142135623730951,0.005,G16_fixed,True,16,20,0.0017023476353527098,27.68951748188577,0.8200279325425354,11,0.0007328703955028475,31.349728213952236,0.8768680052266501,3.25,0;22.5;45;67.5;90;112.5;135;157.5;180;202.5;225;247.5;270;292.5;315;337.5
val_images,test006.png,5,upright,0.0,321,481,154401.0,1.0,blur,red_gd,wavelet,15.0,fixed3p25,0.8,3.9603960396039612,1.4142135623730951,0.005,G16_fixed,True,16,20,0.0017023476353527098,27.68951748188577,0.8200279325425354,12,0.0007216320341360271,31.416841961705025,0.87691749081936,3.25,0;22.5;45;67.5;90;112.5;135;157.5;180;202.5;225;247.5;270;292.5;315;337.5
val_images,test006.png,5,upright,0.0,321,481,154401.0,1.0,blur,red_gd,wavelet,15.0,fixed3p25,0.8,3.9603960396039612,1.4142135623730951,0.005,G16_fixed,True,16,20,0.0017023476353527098,27.68951748188577,0.8200279325425354,13,0.0007118075722589586,31.476373962523905,0.8774928999812177,3.25,0;22.5;45;67.5;90;112.5;135;157.5;180;202.5;225;247.5;270;292.5;315;337.5
val_images,test006.png,5,upright,0.0,321,481,154401.0,1.0,blur,red_gd,wavelet,15.0,fixed3p25,0.8,3.9603960396039612,1.4142135623730951,0.005,G16_fixed,True,16,20,0.0017023476353527098,27.68951748188577,0.8200279325425354,14,0.0007029832760201116,31.530550067277936,0.8773826958698454,3.25,0;22.5;45;67.5;90;112.5;135;157.5;180;202.5;225;247.5;270;292.5;315;337.5
val_images,test006.png,5,upright,0.0,321,481,154401.0,1.0,blur,red_gd,wavelet,15.0,fixed3p25,0.8,3.9603960396039612,1.4142135623730951,0.005,G16_fixed,True,16,20,0.0017023476353527098,27.68951748188577,0.8200279325425354,15,0.0006951671008894605,31.57910789264011,0.8777250471175705,3.25,0;22.5;45;67.5;90;112.5;135;157.5;180;202.5;225;247.5;270;292.5;315;337.5
val_images,test006.png,5,upright,0.0,321,481,154401.0,1.0,blur,red_gd,wavelet,15.0,fixed3p25,0.8,3.9603960396039612,1.4142135623730951,0.005,G16_fixed,True,16,20,0.0017023476353527098,27.68951748188577,0.8200279325425354,16,0.0006880808524821831,31.623605272822672,0.8775020077590171,3.25,0;22.5;45;67.5;90;112.5;135;157.5;180;202.5;225;247.5;270;292.5;315;337.5
val_images,test006.png,5,upright,0.0,321,481,154401.0,1.0,blur,red_gd,wavelet,15.0,fixed3p25,0.8,3.9603960396039612,1.4142135623730951,0.005,G16_fixed,True,16,20,0.0017023476353527098,27.68951748188577,0.8200279325425354,17,0.0006817409852796553,31.663805960620728,0.8776733351791763,3.25,0;22.5;45;67.5;90;112.5;135;157.5;180;202.5;225;247.5;270;292.5;315;337.5
val_images,test006.png,5,upright,0.0,321,481,154401.0,1.0,blur,red_gd,wavelet,15.0,fixed3p25,0.8,3.9603960396039612,1.4142135623730951,0.005,G16_fixed,True,16,20,0.0017023476353527098,27.68951748188577,0.8200279325425354,18,0.0006759585939296256,31.700799060977566,0.8773678198327731,3.25,0;22.5;45;67.5;90;112.5;135;157.5;180;202.5;225;247.5;270;292.5;315;337.5
val_images,test006.png,5,upright,0.0,321,481,154401.0,1.0,blur,red_gd,wavelet,15.0,fixed3p25,0.8,3.9603960396039612,1.4142135623730951,0.005,G16_fixed,True,16,20,0.0017023476353527098,27.68951748188577,0.8200279325425354,19,0.0006707444998477737,31.734428798868176,0.8774093108205258,3.25,0;22.5;45;67.5;90;112.5;135;157.5;180;202.5;225;247.5;270;292.5;315;337.5
val_images,test006.png,5,upright,0.0,321,481,154401.0,1.0,blur,red_gd,wavelet,15.0,fixed3p25,0.8,3.9603960396039612,1.4142135623730951,0.005,G16_fixed,True,16,20,0.0017023476353527098,27.68951748188577,0.8200279325425354,20,0.0006659711684502225,31.765445721119963,0.8770423685727424,3.25,0;22.5;45;67.5;90;112.5;135;157.5;180;202.5;225;247.5;270;292.5;315;337.5
val_images,test006.png,5,rot45_padded,45.0,1000,1000,154360.0,0.15435999631881714,blur,red_gd,wavelet,15.0,fixed3p25,0.8,3.9603960396039612,1.4142135623730951,0.005,vanilla,False,0,20,0.0025043702057588593,26.01301471614077,0.8291036376004146,1,0.0016651779297381121,27.785393538845106,0.852405901788028,3.25,none
val_images,test006.png,5,rot45_padded,45.0,1000,1000,154360.0,0.15435999631881714,blur,red_gd,wavelet,15.0,fixed3p25,0.8,3.9603960396039612,1.4142135623730951,0.005,vanilla,False,0,20,0.0025043702057588593,26.01301471614077,0.8291036376004146,2,0.0014542710382600434,28.37354644748672,0.861936281258098,3.25,none
val_images,test006.png,5,rot45_padded,45.0,1000,1000,154360.0,0.15435999631881714,blur,red_gd,wavelet,15.0,fixed3p25,0.8,3.9603960396039612,1.4142135623730951,0.005,vanilla,False,0,20,0.0025043702057588593,26.01301471614077,0.8291036376004146,3,0.0013276491859596175,28.769166664810022,0.8691455849961129,3.25,none
val_images,test006.png,5,rot45_padded,45.0,1000,1000,154360.0,0.15435999631881714,blur,red_gd,wavelet,15.0,fixed3p25,0.8,3.9603960396039612,1.4142135623730951,0.005,vanilla,False,0,20,0.0025043702057588593,26.01301471614077,0.8291036376004146,4,0.0012576127676310147,29.004530622051522,0.8719457558629179,3.25,none
val_images,test006.png,5,rot45_padded,45.0,1000,1000,154360.0,0.15435999631881714,blur,red_gd,wavelet,15.0,fixed3p25,0.8,3.9603960396039612,1.4142135623730951,0.005,vanilla,False,0,20,0.0025043702057588593,26.01301471614077,0.8291036376004146,5,0.0011965608065472454,29.220652266143343,0.8752930446683078,3.25,none
val_images,test006.png,5,rot45_padded,45.0,1000,1000,154360.0,0.15435999631881714,blur,red_gd,wavelet,15.0,fixed3p25,0.8,3.9603960396039612,1.4142135623730951,0.005,vanilla,False,0,20,0.0025043702057588593,26.01301471614077,0.8291036376004146,6,0.0011594533611375701,29.35746716114366,0.8766887268398549,3.25,none
val_images,test006.png,5,rot45_padded,45.0,1000,1000,154360.0,0.15435999631881714,blur,red_gd,wavelet,15.0,fixed3p25,0.8,3.9603960396039612,1.4142135623730951,0.005,vanilla,False,0,20,0.0025043702057588593,26.01301471614077,0.8291036376004146,7,0.0011217480590535618,29.501046732484713,0.8784658225900492,3.25,none
val_images,test006.png,5,rot45_padded,45.0,1000,1000,154360.0,0.15435999631881714,blur,red_gd,wavelet,15.0,fixed3p25,0.8,3.9603960396039612,1.4142135623730951,0.005,vanilla,False,0,20,0.0025043702057588593,26.01301471614077,0.8291036376004146,8,0.0010987704144329814,29.590930429368445,0.8792027362982638,3.25,none
val_images,test006.png,5,rot45_padded,45.0,1000,1000,154360.0,0.15435999631881714,blur,red_gd,wavelet,15.0,fixed3p25,0.8,3.9603960396039612,1.4142135623730951,0.005,vanilla,False,0,20,0.0025043702057588593,26.01301471614077,0.8291036376004146,9,0.0010728932440234578,29.694434894395464,0.8801785396151853,3.25,none
val_images,test006.png,5,rot45_padded,45.0,1000,1000,154360.0,0.15435999631881714,blur,red_gd,wavelet,15.0,fixed3p25,0.8,3.9603960396039612,1.4142135623730951,0.005,vanilla,False,0,20,0.0025043702057588593,26.01301471614077,0.8291036376004146,10,0.0010576198248703822,29.75670417019634,0.8805248283233998,3.25,none
val_images,test006.png,5,rot45_padded,45.0,1000,1000,154360.0,0.15435999631881714,blur,red_gd,wavelet,15.0,fixed3p25,0.8,3.9603960396039612,1.4142135623730951,0.005,vanilla,False,0,20,0.0025043702057588593,26.01301471614077,0.8291036376004146,11,0.0010388480347343972,29.834479774699723,0.8810304442536927,3.25,none
val_images,test006.png,5,rot45_padded,45.0,1000,1000,154360.0,0.15435999631881714,blur,red_gd,wavelet,15.0,fixed3p25,0.8,3.9603960396039612,1.4142135623730951,0.005,vanilla,False,0,20,0.0025043702057588593,26.01301471614077,0.8291036376004146,12,0.0010283650805771613,29.878526787912598,0.8811188131640322,3.25,none
val_images,test006.png,5,rot45_padded,45.0,1000,1000,154360.0,0.15435999631881714,blur,red_gd,wavelet,15.0,fixed3p25,0.8,3.9603960396039612,1.4142135623730951,0.005,vanilla,False,0,20,0.0025043702057588593,26.01301471614077,0.8291036376004146,13,0.0010143181177333525,29.938258170844726,0.881321869331433,3.25,none
val_images,test006.png,5,rot45_padded,45.0,1000,1000,154360.0,0.15435999631881714,blur,red_gd,wavelet,15.0,fixed3p25,0.8,3.9603960396039612,1.4142135623730951,0.005,vanilla,False,0,20,0.0025043702057588593,26.01301471614077,0.8291036376004146,14,0.0010070716757081153,29.969396185657917,0.881228844098212,3.25,none
val_images,test006.png,5,rot45_padded,45.0,1000,1000,154360.0,0.15435999631881714,blur,red_gd,wavelet,15.0,fixed3p25,0.8,3.9603960396039612,1.4142135623730951,0.005,vanilla,False,0,20,0.0025043702057588593,26.01301471614077,0.8291036376004146,15,0.0009963853830622712,30.015726521732272,0.881223884102099,3.25,none
val_images,test006.png,5,rot45_padded,45.0,1000,1000,154360.0,0.15435999631881714,blur,red_gd,wavelet,15.0,fixed3p25,0.8,3.9603960396039612,1.4142135623730951,0.005,vanilla,False,0,20,0.0025043702057588593,26.01301471614077,0.8291036376004146,16,0.0009914552402422198,30.03726887464325,0.8809972426470588,3.25,none
val_images,test006.png,5,rot45_padded,45.0,1000,1000,154360.0,0.15435999631881714,blur,red_gd,wavelet,15.0,fixed3p25,0.8,3.9603960396039612,1.4142135623730951,0.005,vanilla,False,0,20,0.0025043702057588593,26.01301471614077,0.8291036376004146,17,0.0009832776127222382,30.073238487478477,0.880842976645504,3.25,none
val_images,test006.png,5,rot45_padded,45.0,1000,1000,154360.0,0.15435999631881714,blur,red_gd,wavelet,15.0,fixed3p25,0.8,3.9603960396039612,1.4142135623730951,0.005,vanilla,False,0,20,0.0025043702057588593,26.01301471614077,0.8291036376004146,18,0.0009800776758166786,30.087395030404352,0.8805150095555844,3.25,none
val_images,test006.png,5,rot45_padded,45.0,1000,1000,154360.0,0.15435999631881714,blur,red_gd,wavelet,15.0,fixed3p25,0.8,3.9603960396039612,1.4142135623730951,0.005,vanilla,False,0,20,0.0025043702057588593,26.01301471614077,0.8291036376004146,19,0.0009738413031529379,30.115118098363276,0.8802486881316404,3.25,none
val_images,test006.png,5,rot45_padded,45.0,1000,1000,154360.0,0.15435999631881714,blur,red_gd,wavelet,15.0,fixed3p25,0.8,3.9603960396039612,1.4142135623730951,0.005,vanilla,False,0,20,0.0025043702057588593,26.01301471614077,0.8291036376004146,20,0.0009719764608643654,30.123442526051065,0.8798430819188909,3.25,none
val_images,test006.png,5,rot45_padded,45.0,1000,1000,154360.0,0.15435999631881714,blur,red_gd,wavelet,15.0,fixed3p25,0.8,3.9603960396039612,1.4142135623730951,0.005,G16_fixed,False,16,20,0.0025043702057588593,26.01301471614077,0.8291036376004146,1,0.0016662615449603404,27.78256828488692,0.8523700683467219,3.25,0;22.5;45;67.5;90;112.5;135;157.5;180;202.5;225;247.5;270;292.5;315;337.5
val_images,test006.png,5,rot45_padded,45.0,1000,1000,154360.0,0.15435999631881714,blur,red_gd,wavelet,15.0,fixed3p25,0.8,3.9603960396039612,1.4142135623730951,0.005,G16_fixed,False,16,20,0.0025043702057588593,26.01301471614077,0.8291036376004146,2,0.0014562912758350002,28.36751752195855,0.8618684609030837,3.25,0;22.5;45;67.5;90;112.5;135;157.5;180;202.5;225;247.5;270;292.5;315;337.5
val_images,test006.png,5,rot45_padded,45.0,1000,1000,154360.0,0.15435999631881714,blur,red_gd,wavelet,15.0,fixed3p25,0.8,3.9603960396039612,1.4142135623730951,0.005,G16_fixed,False,16,20,0.0025043702057588593,26.01301471614077,0.8291036376004146,3,0.0013299147741076057,28.7617618934925,0.8690551915975642,3.25,0;22.5;45;67.5;90;112.5;135;157.5;180;202.5;225;247.5;270;292.5;315;337.5
val_images,test006.png,5,rot45_padded,45.0,1000,1000,154360.0,0.15435999631881714,blur,red_gd,wavelet,15.0,fixed3p25,0.8,3.9603960396039612,1.4142135623730951,0.005,G16_fixed,False,16,20,0.0025043702057588593,26.01301471614077,0.8291036376004146,4,0.001259682530039609,28.997388936320046,0.8718687240865509,3.25,0;22.5;45;67.5;90;112.5;135;157.5;180;202.5;225;247.5;270;292.5;315;337.5
val_images,test006.png,5,rot45_padded,45.0,1000,1000,154360.0,0.15435999631881714,blur,red_gd,wavelet,15.0,fixed3p25,0.8,3.9603960396039612,1.4142135623730951,0.005,G16_fixed,False,16,20,0.0025043702057588593,26.01301471614077,0.8291036376004146,5,0.0011973189022541663,29.217901611696796,0.8752456716442083,3.25,0;22.5;45;67.5;90;112.5;135;157.5;180;202.5;225;247.5;270;292.5;315;337.5
val_images,test006.png,5,rot45_padded,45.0,1000,1000,154360.0,0.15435999631881714,blur,red_gd,wavelet,15.0,fixed3p25,0.8,3.9603960396039612,1.4142135623730951,0.005,G16_fixed,False,16,20,0.0025043702057588593,26.01301471614077,0.8291036376004146,6,0.001159412831832597,29.35761897372828,0.8766925733674527,3.25,0;22.5;45;67.5;90;112.5;135;157.5;180;202.5;225;247.5;270;292.5;315;337.5
val_images,test006.png,5,rot45_padded,45.0,1000,1000,154360.0,0.15435999631881714,blur,red_gd,wavelet,15.0,fixed3p25,0.8,3.9603960396039612,1.4142135623730951,0.005,G16_fixed,False,16,20,0.0025043702057588593,26.01301471614077,0.8291036376004146,7,0.0011194707075219354,29.509872658437914,0.8785319221300855,3.25,0;22.5;45;67.5;90;112.5;135;157.5;180;202.5;225;247.5;270;292.5;315;337.5
val_images,test006.png,5,rot45_padded,45.0,1000,1000,154360.0,0.15435999631881714,blur,red_gd,wavelet,15.0,fixed3p25,0.8,3.9603960396039612,1.4142135623730951,0.005,G16_fixed,False,16,20,0.0025043702057588593,26.01301471614077,0.8291036376004146,8,0.00109491479245453,29.606196768116888,0.8793557876068929,3.25,0;22.5;45;67.5;90;112.5;135;157.5;180;202.5;225;247.5;270;292.5;315;337.5
val_images,test006.png,5,rot45_padded,45.0,1000,1000,154360.0,0.15435999631881714,blur,red_gd,wavelet,15.0,fixed3p25,0.8,3.9603960396039612,1.4142135623730951,0.005,G16_fixed,False,16,20,0.0025043702057588593,26.01301471614077,0.8291036376004146,9,0.001066084123084075,29.722085244372632,0.8804258308499612,3.25,0;22.5;45;67.5;90;112.5;135;157.5;180;202.5;225;247.5;270;292.5;315;337.5
val_images,test006.png,5,rot45_padded,45.0,1000,1000,154360.0,0.15435999631881714,blur,red_gd,wavelet,15.0,fixed3p25,0.8,3.9603960396039612,1.4142135623730951,0.005,G16_fixed,False,16,20,0.0025043702057588593,26.01301471614077,0.8291036376004146,10,0.0010489219394672965,29.792568307006636,0.8808830615120498,3.25,0;22.5;45;67.5;90;112.5;135;157.5;180;202.5;225;247.5;270;292.5;315;337.5
val_images,test006.png,5,rot45_padded,45.0,1000,1000,154360.0,0.15435999631881714,blur,red_gd,wavelet,15.0,fixed3p25,0.8,3.9603960396039612,1.4142135623730951,0.005,G16_fixed,False,16,20,0.0025043702057588593,26.01301471614077,0.8291036376004146,11,0.0010270129834224783,29.884240660491706,0.881506603880539,3.25,0;22.5;45;67.5;90;112.5;135;157.5;180;202.5;225;247.5;270;292.5;315;337.5
val_images,test006.png,5,rot45_padded,45.0,1000,1000,154360.0,0.15435999631881714,blur,red_gd,wavelet,15.0,fixed3p25,0.8,3.9603960396039612,1.4142135623730951,0.005,G16_fixed,False,16,20,0.0025043702057588593,26.01301471614077,0.8291036376004146,12,0.0010143532101803414,29.93810792022625,0.8817268681977196,3.25,0;22.5;45;67.5;90;112.5;135;157.5;180;202.5;225;247.5;270;292.5;315;337.5
val_images,test006.png,5,rot45_padded,45.0,1000,1000,154360.0,0.15435999631881714,blur,red_gd,wavelet,15.0,fixed3p25,0.8,3.9603960396039612,1.4142135623730951,0.005,G16_fixed,False,16,20,0.0025043702057588593,26.01301471614077,0.8291036376004146,13,0.0009969863041474677,30.013108076602943,0.8820675895633584,3.25,0;22.5;45;67.5;90;112.5;135;157.5;180;202.5;225;247.5;270;292.5;315;337.5
val_images,test006.png,5,rot45_padded,45.0,1000,1000,154360.0,0.15435999631881714,blur,red_gd,wavelet,15.0,fixed3p25,0.8,3.9603960396039612,1.4142135623730951,0.005,G16_fixed,False,16,20,0.0025043702057588593,26.01301471614077,0.8291036376004146,14,0.0009872927817695344,30.055540381597915,0.8821245789064525,3.25,0;22.5;45;67.5;90;112.5;135;157.5;180;202.5;225;247.5;270;292.5;315;337.5
val_images,test006.png,5,rot45_padded,45.0,1000,1000,154360.0,0.15435999631881714,blur,red_gd,wavelet,15.0,fixed3p25,0.8,3.9603960396039612,1.4142135623730951,0.005,G16_fixed,False,16,20,0.0025043702057588593,26.01301471614077,0.8291036376004146,15,0.0009731094032163044,30.118383308085516,0.8822750996048199,3.25,0;22.5;45;67.5;90;112.5;135;157.5;180;202.5;225;247.5;270;292.5;315;337.5
val_images,test006.png,5,rot45_padded,45.0,1000,1000,154360.0,0.15435999631881714,blur,red_gd,wavelet,15.0,fixed3p25,0.8,3.9603960396039612,1.4142135623730951,0.005,G16_fixed,False,16,20,0.0025043702057588593,26.01301471614077,0.8291036376004146,16,0.000965483270799845,30.152552469620165,0.8822166931199793,3.25,0;22.5;45;67.5;90;112.5;135;157.5;180;202.5;225;247.5;270;292.5;315;337.5
val_images,test006.png,5,rot45_padded,45.0,1000,1000,154360.0,0.15435999631881714,blur,red_gd,wavelet,15.0,fixed3p25,0.8,3.9603960396039612,1.4142135623730951,0.005,G16_fixed,False,16,20,0.0025043702057588593,26.01301471614077,0.8291036376004146,17,0.0009536410032946015,30.206150840281794,0.8822344073918114,3.25,0;22.5;45;67.5;90;112.5;135;157.5;180;202.5;225;247.5;270;292.5;315;337.5
val_images,test006.png,5,rot45_padded,45.0,1000,1000,154360.0,0.15435999631881714,blur,red_gd,wavelet,15.0,fixed3p25,0.8,3.9603960396039612,1.4142135623730951,0.005,G16_fixed,False,16,20,0.0025043702057588593,26.01301471614077,0.8291036376004146,18,0.0009475189035004919,30.23412116870119,0.8820905675045349,3.25,0;22.5;45;67.5;90;112.5;135;157.5;180;202.5;225;247.5;270;292.5;315;337.5
val_images,test006.png,5,rot45_padded,45.0,1000,1000,154360.0,0.15435999631881714,blur,red_gd,wavelet,15.0,fixed3p25,0.8,3.9603960396039612,1.4142135623730951,0.005,G16_fixed,False,16,20,0.0025043702057588593,26.01301471614077,0.8291036376004146,19,0.0009374629898249222,30.28045868807802,0.8820129283817051,3.25,0;22.5;45;67.5;90;112.5;135;157.5;180;202.5;225;247.5;270;292.5;315;337.5
val_images,test006.png,5,rot45_padded,45.0,1000,1000,154360.0,0.15435999631881714,blur,red_gd,wavelet,15.0,fixed3p25,0.8,3.9603960396039612,1.4142135623730951,0.005,G16_fixed,False,16,20,0.0025043702057588593,26.01301471614077,0.8291036376004146,20,0.0009324721518993749,30.303641294463826,0.8818052158914227,3.25,0;22.5;45;67.5;90;112.5;135;157.5;180;202.5;225;247.5;270;292.5;315;337.5
val_images,test007.png,6,upright,0.0,321,481,154401.0,1.0,blur,red_gd,wavelet,15.0,fixed3p25,0.8,3.9603960396039612,1.4142135623730951,0.005,vanilla,True,0,20,0.00534305254661563,22.72210554697312,0.6301132076540955,1,0.003505006928109476,24.55311119256027,0.7411367154357809,3.25,none
val_images,test007.png,6,upright,0.0,321,481,154401.0,1.0,blur,red_gd,wavelet,15.0,fixed3p25,0.8,3.9603960396039612,1.4142135623730951,0.005,vanilla,True,0,20,0.00534305254661563,22.72210554697312,0.6301132076540955,2,0.0030085818463241615,25.216381693398677,0.7746937155523604,3.25,none
val_images,test007.png,6,upright,0.0,321,481,154401.0,1.0,blur,red_gd,wavelet,15.0,fixed3p25,0.8,3.9603960396039612,1.4142135623730951,0.005,vanilla,True,0,20,0.00534305254661563,22.72210554697312,0.6301132076540955,3,0.0027472576038306907,25.61100615906394,0.7940419751167415,3.25,none
val_images,test007.png,6,upright,0.0,321,481,154401.0,1.0,blur,red_gd,wavelet,15.0,fixed3p25,0.8,3.9603960396039612,1.4142135623730951,0.005,vanilla,True,0,20,0.00534305254661563,22.72210554697312,0.6301132076540955,4,0.002577780793991275,25.887540163882097,0.8057928806322497,3.25,none
val_images,test007.png,6,upright,0.0,321,481,154401.0,1.0,blur,red_gd,wavelet,15.0,fixed3p25,0.8,3.9603960396039612,1.4142135623730951,0.005,vanilla,True,0,20,0.00534305254661563,22.72210554697312,0.6301132076540955,5,0.0024555671842060203,26.098481790926332,0.8149380003205938,3.25,none
val_images,test007.png,6,upright,0.0,321,481,154401.0,1.0,blur,red_gd,wavelet,15.0,fixed3p25,0.8,3.9603960396039612,1.4142135623730951,0.005,vanilla,True,0,20,0.00534305254661563,22.72210554697312,0.6301132076540955,6,0.0023612465392341816,26.268586655942386,0.8215029371571427,3.25,none
val_images,test007.png,6,upright,0.0,321,481,154401.0,1.0,blur,red_gd,wavelet,15.0,fixed3p25,0.8,3.9603960396039612,1.4142135623730951,0.005,vanilla,True,0,20,0.00534305254661563,22.72210554697312,0.6301132076540955,7,0.0022857535763333987,26.40970592054151,0.8270687001703357,3.25,none
val_images,test007.png,6,upright,0.0,321,481,154401.0,1.0,blur,red_gd,wavelet,15.0,fixed3p25,0.8,3.9603960396039612,1.4142135623730951,0.005,vanilla,True,0,20,0.00534305254661563,22.72210554697312,0.6301132076540955,8,0.00222292809344914,26.530745854896427,0.8314075443164228,3.25,none
val_images,test007.png,6,upright,0.0,321,481,154401.0,1.0,blur,red_gd,wavelet,15.0,fixed3p25,0.8,3.9603960396039612,1.4142135623730951,0.005,vanilla,True,0,20,0.00534305254661563,22.72210554697312,0.6301132076540955,9,0.0021700517904929776,26.635299011482854,0.835223753813123,3.25,none
val_images,test007.png,6,upright,0.0,321,481,154401.0,1.0,blur,red_gd,wavelet,15.0,fixed3p25,0.8,3.9603960396039612,1.4142135623730951,0.005,vanilla,True,0,20,0.00534305254661563,22.72210554697312,0.6301132076540955,10,0.0021241324224973647,26.728184119939606,0.8383469120180569,3.25,none
val_images,test007.png,6,upright,0.0,321,481,154401.0,1.0,blur,red_gd,wavelet,15.0,fixed3p25,0.8,3.9603960396039612,1.4142135623730951,0.005,vanilla,True,0,20,0.00534305254661563,22.72210554697312,0.6301132076540955,11,0.0020843451900535172,26.810303555639404,0.8411502860247019,3.25,none
val_images,test007.png,6,upright,0.0,321,481,154401.0,1.0,blur,red_gd,wavelet,15.0,fixed3p25,0.8,3.9603960396039612,1.4142135623730951,0.005,vanilla,True,0,20,0.00534305254661563,22.72210554697312,0.6301132076540955,12,0.0020488256472416993,26.884949979983194,0.8435183588513028,3.25,none
val_images,test007.png,6,upright,0.0,321,481,154401.0,1.0,blur,red_gd,wavelet,15.0,fixed3p25,0.8,3.9603960396039612,1.4142135623730951,0.005,vanilla,True,0,20,0.00534305254661563,22.72210554697312,0.6301132076540955,13,0.002017467259942253,26.95193504408514,0.8456709315354175,3.25,none
val_images,test007.png,6,upright,0.0,321,481,154401.0,1.0,blur,red_gd,wavelet,15.0,fixed3p25,0.8,3.9603960396039612,1.4142135623730951,0.005,vanilla,True,0,20,0.00534305254661563,22.72210554697312,0.6301132076540955,14,0.001988926393748057,27.01381288962321,0.847529626589206,3.25,none
val_images,test007.png,6,upright,0.0,321,481,154401.0,1.0,blur,red_gd,wavelet,15.0,fixed3p25,0.8,3.9603960396039612,1.4142135623730951,0.005,vanilla,True,0,20,0.00534305254661563,22.72210554697312,0.6301132076540955,15,0.0019634005024356223,27.06991102205146,0.8492329834327498,3.25,none
val_images,test007.png,6,upright,0.0,321,481,154401.0,1.0,blur,red_gd,wavelet,15.0,fixed3p25,0.8,3.9603960396039612,1.4142135623730951,0.005,vanilla,True,0,20,0.00534305254661563,22.72210554697312,0.6301132076540955,16,0.0019398372898026082,27.122346964122414,0.8507271649795014,3.25,none
val_images,test007.png,6,upright,0.0,321,481,154401.0,1.0,blur,red_gd,wavelet,15.0,fixed3p25,0.8,3.9603960396039612,1.4142135623730951,0.005,vanilla,True,0,20,0.00534305254661563,22.72210554697312,0.6301132076540955,17,0.0019185601135851208,27.170245886526338,0.8521034514025169,3.25,none
val_images,test007.png,6,upright,0.0,321,481,154401.0,1.0,blur,red_gd,wavelet,15.0,fixed3p25,0.8,3.9603960396039612,1.4142135623730951,0.005,vanilla,True,0,20,0.00534305254661563,22.72210554697312,0.6301132076540955,18,0.001898708004163064,27.215418187970673,0.8533249056029429,3.25,none
val_images,test007.png,6,upright,0.0,321,481,154401.0,1.0,blur,red_gd,wavelet,15.0,fixed3p25,0.8,3.9603960396039612,1.4142135623730951,0.005,vanilla,True,0,20,0.00534305254661563,22.72210554697312,0.6301132076540955,19,0.0018806491861466854,27.25692209622391,0.8544539664574712,3.25,none
val_images,test007.png,6,upright,0.0,321,481,154401.0,1.0,blur,red_gd,wavelet,15.0,fixed3p25,0.8,3.9603960396039612,1.4142135623730951,0.005,vanilla,True,0,20,0.00534305254661563,22.72210554697312,0.6301132076540955,20,0.001863660848264017,27.296331183387082,0.8554644238055453,3.25,none
val_images,test007.png,6,upright,0.0,321,481,154401.0,1.0,blur,red_gd,wavelet,15.0,fixed3p25,0.8,3.9603960396039612,1.4142135623730951,0.005,G16_fixed,True,16,20,0.00534305254661563,22.72210554697312,0.6301132076540955,1,0.0035057034517415285,24.552248237582752,0.7411153121579523,3.25,0;22.5;45;67.5;90;112.5;135;157.5;180;202.5;225;247.5;270;292.5;315;337.5
val_images,test007.png,6,upright,0.0,321,481,154401.0,1.0,blur,red_gd,wavelet,15.0,fixed3p25,0.8,3.9603960396039612,1.4142135623730951,0.005,G16_fixed,True,16,20,0.00534305254661563,22.72210554697312,0.6301132076540955,2,0.0030110663247733377,25.212796781751074,0.7746068880706731,3.25,0;22.5;45;67.5;90;112.5;135;157.5;180;202.5;225;247.5;270;292.5;315;337.5
val_images,test007.png,6,upright,0.0,321,481,154401.0,1.0,blur,red_gd,wavelet,15.0,fixed3p25,0.8,3.9603960396039612,1.4142135623730951,0.005,G16_fixed,True,16,20,0.00534305254661563,22.72210554697312,0.6301132076540955,3,0.0027502251423697464,25.606317519564655,0.7939287350794361,3.25,0;22.5;45;67.5;90;112.5;135;157.5;180;202.5;225;247.5;270;292.5;315;337.5
val_images,test007.png,6,upright,0.0,321,481,154401.0,1.0,blur,red_gd,wavelet,15.0,fixed3p25,0.8,3.9603960396039612,1.4142135623730951,0.005,G16_fixed,True,16,20,0.00534305254661563,22.72210554697312,0.6301132076540955,4,0.0025805825029822913,25.88282251681346,0.8057099998542756,3.25,0;22.5;45;67.5;90;112.5;135;157.5;180;202.5;225;247.5;270;292.5;315;337.5
val_images,test007.png,6,upright,0.0,321,481,154401.0,1.0,blur,red_gd,wavelet,15.0,fixed3p25,0.8,3.9603960396039612,1.4142135623730951,0.005,G16_fixed,True,16,20,0.00534305254661563,22.72210554697312,0.6301132076540955,5,0.002458049686140917,26.094093426868564,0.814894384184688,3.25,0;22.5;45;67.5;90;112.5;135;157.5;180;202.5;225;247.5;270;292.5;315;337.5
val_images,test007.png,6,upright,0.0,321,481,154401.0,1.0,blur,red_gd,wavelet,15.0,fixed3p25,0.8,3.9603960396039612,1.4142135623730951,0.005,G16_fixed,True,16,20,0.00534305254661563,22.72210554697312,0.6301132076540955,6,0.002363435924101447,26.264561675038152,0.8215069850583869,3.25,0;22.5;45;67.5;90;112.5;135;157.5;180;202.5;225;247.5;270;292.5;315;337.5
val_images,test007.png,6,upright,0.0,321,481,154401.0,1.0,blur,red_gd,wavelet,15.0,fixed3p25,0.8,3.9603960396039612,1.4142135623730951,0.005,G16_fixed,True,16,20,0.00534305254661563,22.72210554697312,0.6301132076540955,7,0.0022876512276930284,26.40610186799565,0.8271226384544141,3.25,0;22.5;45;67.5;90;112.5;135;157.5;180;202.5;225;247.5;270;292.5;315;337.5
val_images,test007.png,6,upright,0.0,321,481,154401.0,1.0,blur,red_gd,wavelet,15.0,fixed3p25,0.8,3.9603960396039612,1.4142135623730951,0.005,G16_fixed,True,16,20,0.00534305254661563,22.72210554697312,0.6301132076540955,8,0.0022245638566667516,26.527551232043326,0.8315108163969145,3.25,0;22.5;45;67.5;90;112.5;135;157.5;180;202.5;225;247.5;270;292.5;315;337.5
val_images,test007.png,6,upright,0.0,321,481,154401.0,1.0,blur,red_gd,wavelet,15.0,fixed3p25,0.8,3.9603960396039612,1.4142135623730951,0.005,G16_fixed,True,16,20,0.00534305254661563,22.72210554697312,0.6301132076540955,9,0.0021714306068542706,26.632540449763166,0.8353794462147266,3.25,0;22.5;45;67.5;90;112.5;135;157.5;180;202.5;225;247.5;270;292.5;315;337.5
val_images,test007.png,6,upright,0.0,321,481,154401.0,1.0,blur,red_gd,wavelet,15.0,fixed3p25,0.8,3.9603960396039612,1.4142135623730951,0.005,G16_fixed,True,16,20,0.00534305254661563,22.72210554697312,0.6301132076540955,10,0.002125273464190849,26.725851802734685,0.8385520900123704,3.25,0;22.5;45;67.5;90;112.5;135;157.5;180;202.5;225;247.5;270;292.5;315;337.5
val_images,test007.png,6,upright,0.0,321,481,154401.0,1.0,blur,red_gd,wavelet,15.0,fixed3p25,0.8,3.9603960396039612,1.4142135623730951,0.005,G16_fixed,True,16,20,0.00534305254661563,22.72210554697312,0.6301132076540955,11,0.002085253200713463,26.80841203521753,0.841408036136424,3.25,0;22.5;45;67.5;90;112.5;135;157.5;180;202.5;225;247.5;270;292.5;315;337.5
val_images,test007.png,6,upright,0.0,321,481,154401.0,1.0,blur,red_gd,wavelet,15.0,fixed3p25,0.8,3.9603960396039612,1.4142135623730951,0.005,G16_fixed,True,16,20,0.00534305254661563,22.72210554697312,0.6301132076540955,12,0.002049511300045215,26.8834968284455,0.8438249873705481,3.25,0;22.5;45;67.5;90;112.5;135;157.5;180;202.5;225;247.5;270;292.5;315;337.5
val_images,test007.png,6,upright,0.0,321,481,154401.0,1.0,blur,red_gd,wavelet,15.0,fixed3p25,0.8,3.9603960396039612,1.4142135623730951,0.005,G16_fixed,True,16,20,0.00534305254661563,22.72210554697312,0.6301132076540955,13,0.0020179329267064738,26.950932732058327,0.846029727381947,3.25,0;22.5;45;67.5;90;112.5;135;157.5;180;202.5;225;247.5;270;292.5;315;337.5
val_images,test007.png,6,upright,0.0,321,481,154401.0,1.0,blur,red_gd,wavelet,15.0,fixed3p25,0.8,3.9603960396039612,1.4142135623730951,0.005,G16_fixed,True,16,20,0.00534305254661563,22.72210554697312,0.6301132076540955,14,0.001989177015758682,27.013265675309267,0.8479366936580721,3.25,0;22.5;45;67.5;90;112.5;135;157.5;180;202.5;225;247.5;270;292.5;315;337.5
val_images,test007.png,6,upright,0.0,321,481,154401.0,1.0,blur,red_gd,wavelet,15.0,fixed3p25,0.8,3.9603960396039612,1.4142135623730951,0.005,G16_fixed,True,16,20,0.00534305254661563,22.72210554697312,0.6301132076540955,15,0.001963435684389795,27.06983320200584,0.8496915094461823,3.25,0;22.5;45;67.5;90;112.5;135;157.5;180;202.5;225;247.5;270;292.5;315;337.5
val_images,test007.png,6,upright,0.0,321,481,154401.0,1.0,blur,red_gd,wavelet,15.0,fixed3p25,0.8,3.9603960396039612,1.4142135623730951,0.005,G16_fixed,True,16,20,0.00534305254661563,22.72210554697312,0.6301132076540955,16,0.0019396582176088965,27.12274789287976,0.8512337598202084,3.25,0;22.5;45;67.5;90;112.5;135;157.5;180;202.5;225;247.5;270;292.5;315;337.5
val_images,test007.png,6,upright,0.0,321,481,154401.0,1.0,blur,red_gd,wavelet,15.0,fixed3p25,0.8,3.9603960396039612,1.4142135623730951,0.005,G16_fixed,True,16,20,0.00534305254661563,22.72210554697312,0.6301132076540955,17,0.0019181677755006647,27.171134092678244,0.8526618593791491,3.25,0;22.5;45;67.5;90;112.5;135;157.5;180;202.5;225;247.5;270;292.5;315;337.5
val_images,test007.png,6,upright,0.0,321,481,154401.0,1.0,blur,red_gd,wavelet,15.0,fixed3p25,0.8,3.9603960396039612,1.4142135623730951,0.005,G16_fixed,True,16,20,0.00534305254661563,22.72210554697312,0.6301132076540955,18,0.0018981010166278676,27.216806782118663,0.8539314836043808,3.25,0;22.5;45;67.5;90;112.5;135;157.5;180;202.5;225;247.5;270;292.5;315;337.5
val_images,test007.png,6,upright,0.0,321,481,154401.0,1.0,blur,red_gd,wavelet,15.0,fixed3p25,0.8,3.9603960396039612,1.4142135623730951,0.005,G16_fixed,True,16,20,0.00534305254661563,22.72210554697312,0.6301132076540955,19,0.0018798271538578927,27.25882081362233,0.8551125599898964,3.25,0;22.5;45;67.5;90;112.5;135;157.5;180;202.5;225;247.5;270;292.5;315;337.5
val_images,test007.png,6,upright,0.0,321,481,154401.0,1.0,blur,red_gd,wavelet,15.0,fixed3p25,0.8,3.9603960396039612,1.4142135623730951,0.005,G16_fixed,True,16,20,0.00534305254661563,22.72210554697312,0.6301132076540955,20,0.0018626202134959253,27.298756883122117,0.8561718957454939,3.25,0;22.5;45;67.5;90;112.5;135;157.5;180;202.5;225;247.5;270;292.5;315;337.5
val_images,test007.png,6,rot45_padded,45.0,1000,1000,154360.0,0.15435999631881714,blur,red_gd,wavelet,15.0,fixed3p25,0.8,3.9603960396039612,1.4142135623730951,0.005,vanilla,False,0,20,0.005480007261586146,22.61218866029371,0.6381524925498834,1,0.0035787154862719456,24.462728273584474,0.7488382980532521,3.25,none
val_images,test007.png,6,rot45_padded,45.0,1000,1000,154360.0,0.15435999631881714,blur,red_gd,wavelet,15.0,fixed3p25,0.8,3.9603960396039612,1.4142135623730951,0.005,vanilla,False,0,20,0.005480007261586146,22.61218866029371,0.6381524925498834,2,0.0030534272244570324,25.152124265419896,0.7794817613857217,3.25,none
val_images,test007.png,6,rot45_padded,45.0,1000,1000,154360.0,0.15435999631881714,blur,red_gd,wavelet,15.0,fixed3p25,0.8,3.9603960396039612,1.4142135623730951,0.005,vanilla,False,0,20,0.005480007261586146,22.61218866029371,0.6381524925498834,3,0.002790528648595916,25.54313514497167,0.7993248837943768,3.25,none
val_images,test007.png,6,rot45_padded,45.0,1000,1000,154360.0,0.15435999631881714,blur,red_gd,wavelet,15.0,fixed3p25,0.8,3.9603960396039612,1.4142135623730951,0.005,vanilla,False,0,20,0.005480007261586146,22.61218866029371,0.6381524925498834,4,0.002611796588408388,25.830606497445,0.8102067103686188,3.25,none
val_images,test007.png,6,rot45_padded,45.0,1000,1000,154360.0,0.15435999631881714,blur,red_gd,wavelet,15.0,fixed3p25,0.8,3.9603960396039612,1.4142135623730951,0.005,vanilla,False,0,20,0.005480007261586146,22.61218866029371,0.6381524925498834,5,0.00249148247988924,26.035421624420223,0.8194189921287899,3.25,none
val_images,test007.png,6,rot45_padded,45.0,1000,1000,154360.0,0.15435999631881714,blur,red_gd,wavelet,15.0,fixed3p25,0.8,3.9603960396039612,1.4142135623730951,0.005,vanilla,False,0,20,0.005480007261586146,22.61218866029371,0.6381524925498834,6,0.0023918885337036798,26.212590631139655,0.8255774346495206,3.25,none
val_images,test007.png,6,rot45_padded,45.0,1000,1000,154360.0,0.15435999631881714,blur,red_gd,wavelet,15.0,fixed3p25,0.8,3.9603960396039612,1.4142135623730951,0.005,vanilla,False,0,20,0.005480007261586146,22.61218866029371,0.6381524925498834,7,0.0023186643372610093,26.347621176951396,0.831112942148225,3.25,none
val_images,test007.png,6,rot45_padded,45.0,1000,1000,154360.0,0.15435999631881714,blur,red_gd,wavelet,15.0,fixed3p25,0.8,3.9603960396039612,1.4142135623730951,0.005,vanilla,False,0,20,0.005480007261586146,22.61218866029371,0.6381524925498834,8,0.0022523587897331117,26.473624273242965,0.8351964360909562,3.25,none
val_images,test007.png,6,rot45_padded,45.0,1000,1000,154360.0,0.15435999631881714,blur,red_gd,wavelet,15.0,fixed3p25,0.8,3.9603960396039612,1.4142135623730951,0.005,vanilla,False,0,20,0.005480007261586146,22.61218866029371,0.6381524925498834,9,0.002201772879120846,26.572274821089387,0.8389521653925888,3.25,none
val_images,test007.png,6,rot45_padded,45.0,1000,1000,154360.0,0.15435999631881714,blur,red_gd,wavelet,15.0,fixed3p25,0.8,3.9603960396039612,1.4142135623730951,0.005,vanilla,False,0,20,0.005480007261586146,22.61218866029371,0.6381524925498834,10,0.0021534419794964894,26.668668250037566,0.8418860537056232,3.25,none
val_images,test007.png,6,rot45_padded,45.0,1000,1000,154360.0,0.15435999631881714,blur,red_gd,wavelet,15.0,fixed3p25,0.8,3.9603960396039612,1.4142135623730951,0.005,vanilla,False,0,20,0.005480007261586146,22.61218866029371,0.6381524925498834,11,0.002115911249979755,26.745025523515913,0.8446149119752526,3.25,none
val_images,test007.png,6,rot45_padded,45.0,1000,1000,154360.0,0.15435999631881714,blur,red_gd,wavelet,15.0,fixed3p25,0.8,3.9603960396039612,1.4142135623730951,0.005,vanilla,False,0,20,0.005480007261586146,22.61218866029371,0.6381524925498834,12,0.0020787124653559455,26.82205579617747,0.8468267159562063,3.25,none
val_images,test007.png,6,rot45_padded,45.0,1000,1000,154360.0,0.15435999631881714,blur,red_gd,wavelet,15.0,fixed3p25,0.8,3.9603960396039612,1.4142135623730951,0.005,vanilla,False,0,20,0.005480007261586146,22.61218866029371,0.6381524925498834,13,0.0020495790124217535,26.883353347286278,0.8488951861719357,3.25,none
val_images,test007.png,6,rot45_padded,45.0,1000,1000,154360.0,0.15435999631881714,blur,red_gd,wavelet,15.0,fixed3p25,0.8,3.9603960396039612,1.4142135623730951,0.005,vanilla,False,0,20,0.005480007261586146,22.61218866029371,0.6381524925498834,14,0.002019899303538097,26.94670280557238,0.8506149382935994,3.25,none
val_images,test007.png,6,rot45_padded,45.0,1000,1000,154360.0,0.15435999631881714,blur,red_gd,wavelet,15.0,fixed3p25,0.8,3.9603960396039612,1.4142135623730951,0.005,vanilla,False,0,20,0.005480007261586146,22.61218866029371,0.6381524925498834,15,0.0019965736011545655,26.997146754590673,0.8522263296838559,3.25,none
val_images,test007.png,6,rot45_padded,45.0,1000,1000,154360.0,0.15435999631881714,blur,red_gd,wavelet,15.0,fixed3p25,0.8,3.9603960396039612,1.4142135623730951,0.005,vanilla,False,0,20,0.005480007261586146,22.61218866029371,0.6381524925498834,16,0.0019722945704365,27.050282208546633,0.8535903286149261,3.25,none
val_images,test007.png,6,rot45_padded,45.0,1000,1000,154360.0,0.15435999631881714,blur,red_gd,wavelet,15.0,fixed3p25,0.8,3.9603960396039612,1.4142135623730951,0.005,vanilla,False,0,20,0.005480007261586146,22.61218866029371,0.6381524925498834,17,0.0019532056632020926,27.09252025175415,0.8548675782262244,3.25,none
val_images,test007.png,6,rot45_padded,45.0,1000,1000,154360.0,0.15435999631881714,blur,red_gd,wavelet,15.0,fixed3p25,0.8,3.9603960396039612,1.4142135623730951,0.005,vanilla,False,0,20,0.005480007261586146,22.61218866029371,0.6381524925498834,18,0.0019329779813499085,27.137730930137117,0.8559632312451412,3.25,none
val_images,test007.png,6,rot45_padded,45.0,1000,1000,154360.0,0.15435999631881714,blur,red_gd,wavelet,15.0,fixed3p25,0.8,3.9603960396039612,1.4142135623730951,0.005,vanilla,False,0,20,0.005480007261586146,22.61218866029371,0.6381524925498834,19,0.0019171065078185735,27.173537585497115,0.8569866100349831,3.25,none
val_images,test007.png,6,rot45_padded,45.0,1000,1000,154360.0,0.15435999631881714,blur,red_gd,wavelet,15.0,fixed3p25,0.8,3.9603960396039612,1.4142135623730951,0.005,vanilla,False,0,20,0.005480007261586146,22.61218866029371,0.6381524925498834,20,0.0019000312150775783,27.21239264086863,0.8578725260754081,3.25,none
val_images,test007.png,6,rot45_padded,45.0,1000,1000,154360.0,0.15435999631881714,blur,red_gd,wavelet,15.0,fixed3p25,0.8,3.9603960396039612,1.4142135623730951,0.005,G16_fixed,False,16,20,0.005480007261586146,22.61218866029371,0.6381524925498834,1,0.003578515805305981,24.46297060288235,0.7488540890612853,3.25,0;22.5;45;67.5;90;112.5;135;157.5;180;202.5;225;247.5;270;292.5;315;337.5
val_images,test007.png,6,rot45_padded,45.0,1000,1000,154360.0,0.15435999631881714,blur,red_gd,wavelet,15.0,fixed3p25,0.8,3.9603960396039612,1.4142135623730951,0.005,G16_fixed,False,16,20,0.005480007261586146,22.61218866029371,0.6381524925498834,2,0.0030531672437934254,25.152494056367246,0.7795074723859808,3.25,0;22.5;45;67.5;90;112.5;135;157.5;180;202.5;225;247.5;270;292.5;315;337.5
val_images,test007.png,6,rot45_padded,45.0,1000,1000,154360.0,0.15435999631881714,blur,red_gd,wavelet,15.0,fixed3p25,0.8,3.9603960396039612,1.4142135623730951,0.005,G16_fixed,False,16,20,0.005480007261586146,22.61218866029371,0.6381524925498834,3,0.002789747520381535,25.54435099761089,0.7993783808953097,3.25,0;22.5;45;67.5;90;112.5;135;157.5;180;202.5;225;247.5;270;292.5;315;337.5
val_images,test007.png,6,rot45_padded,45.0,1000,1000,154360.0,0.15435999631881714,blur,red_gd,wavelet,15.0,fixed3p25,0.8,3.9603960396039612,1.4142135623730951,0.005,G16_fixed,False,16,20,0.005480007261586146,22.61218866029371,0.6381524925498834,4,0.0026102363090188927,25.83320173482692,0.8103161339563358,3.25,0;22.5;45;67.5;90;112.5;135;157.5;180;202.5;225;247.5;270;292.5;315;337.5
val_images,test007.png,6,rot45_padded,45.0,1000,1000,154360.0,0.15435999631881714,blur,red_gd,wavelet,15.0,fixed3p25,0.8,3.9603960396039612,1.4142135623730951,0.005,G16_fixed,False,16,20,0.005480007261586146,22.61218866029371,0.6381524925498834,5,0.0024891817992942636,26.039433832037837,0.8195863160792951,3.25,0;22.5;45;67.5;90;112.5;135;157.5;180;202.5;225;247.5;270;292.5;315;337.5
val_images,test007.png,6,rot45_padded,45.0,1000,1000,154360.0,0.15435999631881714,blur,red_gd,wavelet,15.0,fixed3p25,0.8,3.9603960396039612,1.4142135623730951,0.005,G16_fixed,False,16,20,0.005480007261586146,22.61218866029371,0.6381524925498834,6,0.002388956189062905,26.217918146798805,0.8258054932463074,3.25,0;22.5;45;67.5;90;112.5;135;157.5;180;202.5;225;247.5;270;292.5;315;337.5
val_images,test007.png,6,rot45_padded,45.0,1000,1000,154360.0,0.15435999631881714,blur,red_gd,wavelet,15.0,fixed3p25,0.8,3.9603960396039612,1.4142135623730951,0.005,G16_fixed,False,16,20,0.005480007261586146,22.61218866029371,0.6381524925498834,7,0.0023150139319584695,26.354463910155836,0.8314053288578648,3.25,0;22.5;45;67.5;90;112.5;135;157.5;180;202.5;225;247.5;270;292.5;315;337.5
val_images,test007.png,6,rot45_padded,45.0,1000,1000,154360.0,0.15435999631881714,blur,red_gd,wavelet,15.0,fixed3p25,0.8,3.9603960396039612,1.4142135623730951,0.005,G16_fixed,False,16,20,0.005480007261586146,22.61218866029371,0.6381524925498834,8,0.0022480166183910582,26.48200482583022,0.8355586676438197,3.25,0;22.5;45;67.5;90;112.5;135;157.5;180;202.5;225;247.5;270;292.5;315;337.5
val_images,test007.png,6,rot45_padded,45.0,1000,1000,154360.0,0.15435999631881714,blur,red_gd,wavelet,15.0,fixed3p25,0.8,3.9603960396039612,1.4142135623730951,0.005,G16_fixed,False,16,20,0.005480007261586146,22.61218866029371,0.6381524925498834,9,0.0021966355425856155,26.582419935910924,0.8393879870918631,3.25,0;22.5;45;67.5;90;112.5;135;157.5;180;202.5;225;247.5;270;292.5;315;337.5
val_images,test007.png,6,rot45_padded,45.0,1000,1000,154360.0,0.15435999631881714,blur,red_gd,wavelet,15.0,fixed3p25,0.8,3.9603960396039612,1.4142135623730951,0.005,G16_fixed,False,16,20,0.005480007261586146,22.61218866029371,0.6381524925498834,10,0.0021475209445958312,26.68062591837564,0.8424016908525525,3.25,0;22.5;45;67.5;90;112.5;135;157.5;180;202.5;225;247.5;270;292.5;315;337.5
val_images,test007.png,6,rot45_padded,45.0,1000,1000,154360.0,0.15435999631881714,blur,red_gd,wavelet,15.0,fixed3p25,0.8,3.9603960396039612,1.4142135623730951,0.005,G16_fixed,False,16,20,0.005480007261586146,22.61218866029371,0.6381524925498834,11,0.0021090987680736184,26.75903081984088,0.8452142617096398,3.25,0;22.5;45;67.5;90;112.5;135;157.5;180;202.5;225;247.5;270;292.5;315;337.5
val_images,test007.png,6,rot45_padded,45.0,1000,1000,154360.0,0.15435999631881714,blur,red_gd,wavelet,15.0,fixed3p25,0.8,3.9603960396039612,1.4142135623730951,0.005,G16_fixed,False,16,20,0.005480007261586146,22.61218866029371,0.6381524925498834,12,0.002071012292818938,26.83817323275747,0.8475163578647318,3.25,0;22.5;45;67.5;90;112.5;135;157.5;180;202.5;225;247.5;270;292.5;315;337.5
val_images,test007.png,6,rot45_padded,45.0,1000,1000,154360.0,0.15435999631881714,blur,red_gd,wavelet,15.0,fixed3p25,0.8,3.9603960396039612,1.4142135623730951,0.005,G16_fixed,False,16,20,0.005480007261586146,22.61218866029371,0.6381524925498834,13,0.0020408798419431443,26.901825638861837,0.8496792198432236,3.25,0;22.5;45;67.5;90;112.5;135;157.5;180;202.5;225;247.5;270;292.5;315;337.5
val_images,test007.png,6,rot45_padded,45.0,1000,1000,154360.0,0.15435999631881714,blur,red_gd,wavelet,15.0,fixed3p25,0.8,3.9603960396039612,1.4142135623730951,0.005,G16_fixed,False,16,20,0.005480007261586146,22.61218866029371,0.6381524925498834,14,0.002010208252459247,26.96758948445727,0.8514996396410988,3.25,0;22.5;45;67.5;90;112.5;135;157.5;180;202.5;225;247.5;270;292.5;315;337.5
val_images,test007.png,6,rot45_padded,45.0,1000,1000,154360.0,0.15435999631881714,blur,red_gd,wavelet,15.0,fixed3p25,0.8,3.9603960396039612,1.4142135623730951,0.005,G16_fixed,False,16,20,0.005480007261586146,22.61218866029371,0.6381524925498834,15,0.0019857795598686714,27.020689639203063,0.8532158995206012,3.25,0;22.5;45;67.5;90;112.5;135;157.5;180;202.5;225;247.5;270;292.5;315;337.5
val_images,test007.png,6,rot45_padded,45.0,1000,1000,154360.0,0.15435999631881714,blur,red_gd,wavelet,15.0,fixed3p25,0.8,3.9603960396039612,1.4142135623730951,0.005,G16_fixed,False,16,20,0.005480007261586146,22.61218866029371,0.6381524925498834,16,0.0019604008999103153,27.076551067990763,0.8546908404055454,3.25,0;22.5;45;67.5;90;112.5;135;157.5;180;202.5;225;247.5;270;292.5;315;337.5
val_images,test007.png,6,rot45_padded,45.0,1000,1000,154360.0,0.15435999631881714,blur,red_gd,wavelet,15.0,fixed3p25,0.8,3.9603960396039612,1.4142135623730951,0.005,G16_fixed,False,16,20,0.005480007261586146,22.61218866029371,0.6381524925498834,17,0.0019401026377563002,27.121752938676636,0.8560834858447784,3.25,0;22.5;45;67.5;90;112.5;135;157.5;180;202.5;225;247.5;270;292.5;315;337.5
val_images,test007.png,6,rot45_padded,45.0,1000,1000,154360.0,0.15435999631881714,blur,red_gd,wavelet,15.0,fixed3p25,0.8,3.9603960396039612,1.4142135623730951,0.005,G16_fixed,False,16,20,0.005480007261586146,22.61218866029371,0.6381524925498834,18,0.0019186703458787494,27.169996366580275,0.8573002032586162,3.25,0;22.5;45;67.5;90;112.5;135;157.5;180;202.5;225;247.5;270;292.5;315;337.5
val_images,test007.png,6,rot45_padded,45.0,1000,1000,154360.0,0.15435999631881714,blur,red_gd,wavelet,15.0,fixed3p25,0.8,3.9603960396039612,1.4142135623730951,0.005,G16_fixed,False,16,20,0.005480007261586146,22.61218866029371,0.6381524925498834,19,0.0019014833504191703,27.209074729622262,0.8584489990930293,3.25,0;22.5;45;67.5;90;112.5;135;157.5;180;202.5;225;247.5;270;292.5;315;337.5
val_images,test007.png,6,rot45_padded,45.0,1000,1000,154360.0,0.15435999631881714,blur,red_gd,wavelet,15.0,fixed3p25,0.8,3.9603960396039612,1.4142135623730951,0.005,G16_fixed,False,16,20,0.005480007261586146,22.61218866029371,0.6381524925498834,20,0.0018830953036049049,27.2512769974843,0.8594658995206012,3.25,0;22.5;45;67.5;90;112.5;135;157.5;180;202.5;225;247.5;270;292.5;315;337.5
val_images,test008.png,7,upright,0.0,321,481,154401.0,1.0,blur,red_gd,wavelet,15.0,fixed3p25,0.8,3.9603960396039612,1.4142135623730951,0.005,vanilla,True,0,20,0.008423827960554011,20.744905113079707,0.49402145225743355,1,0.006687034820248897,21.74766415367083,0.6023346877610897,3.25,none
val_images,test008.png,7,upright,0.0,321,481,154401.0,1.0,blur,red_gd,wavelet,15.0,fixed3p25,0.8,3.9603960396039612,1.4142135623730951,0.005,vanilla,True,0,20,0.008423827960554011,20.744905113079707,0.49402145225743355,2,0.006145224819929113,22.11462224043826,0.6357523388773388,3.25,none
val_images,test008.png,7,upright,0.0,321,481,154401.0,1.0,blur,red_gd,wavelet,15.0,fixed3p25,0.8,3.9603960396039612,1.4142135623730951,0.005,vanilla,True,0,20,0.008423827960554011,20.744905113079707,0.49402145225743355,3,0.0058351567705348,22.33947471467183,0.6595445362238587,3.25,none
val_images,test008.png,7,upright,0.0,321,481,154401.0,1.0,blur,red_gd,wavelet,15.0,fixed3p25,0.8,3.9603960396039612,1.4142135623730951,0.005,vanilla,True,0,20,0.008423827960554011,20.744905113079707,0.49402145225743355,4,0.00562029464685806,22.502409157209335,0.6737478627081431,3.25,none
val_images,test008.png,7,upright,0.0,321,481,154401.0,1.0,blur,red_gd,wavelet,15.0,fixed3p25,0.8,3.9603960396039612,1.4142135623730951,0.005,vanilla,True,0,20,0.008423827960554011,20.744905113079707,0.49402145225743355,5,0.005458456867057006,22.62930117156772,0.6860349127434408,3.25,none
val_images,test008.png,7,upright,0.0,321,481,154401.0,1.0,blur,red_gd,wavelet,15.0,fixed3p25,0.8,3.9603960396039612,1.4142135623730951,0.005,vanilla,True,0,20,0.008423827960554011,20.744905113079707,0.49402145225743355,6,0.005328545327107864,22.733913355579958,0.6947000019429926,3.25,none
val_images,test008.png,7,upright,0.0,321,481,154401.0,1.0,blur,red_gd,wavelet,15.0,fixed3p25,0.8,3.9603960396039612,1.4142135623730951,0.005,vanilla,True,0,20,0.008423827960554011,20.744905113079707,0.49402145225743355,7,0.005221623810650717,22.821944199208893,0.7026281707210446,3.25,none
val_images,test008.png,7,upright,0.0,321,481,154401.0,1.0,blur,red_gd,wavelet,15.0,fixed3p25,0.8,3.9603960396039612,1.4142135623730951,0.005,vanilla,True,0,20,0.008423827960554011,20.744905113079707,0.49402145225743355,8,0.005130205676898142,22.89865223084806,0.708687929482322,3.25,none
val_images,test008.png,7,upright,0.0,321,481,154401.0,1.0,blur,red_gd,wavelet,15.0,fixed3p25,0.8,3.9603960396039612,1.4142135623730951,0.005,vanilla,True,0,20,0.008423827960554011,20.744905113079707,0.49402145225743355,9,0.00505159219325308,22.96571716582365,0.7143765968970408,3.25,none
val_images,test008.png,7,upright,0.0,321,481,154401.0,1.0,blur,red_gd,wavelet,15.0,fixed3p25,0.8,3.9603960396039612,1.4142135623730951,0.005,vanilla,True,0,20,0.008423827960554011,20.744905113079707,0.49402145225743355,10,0.004981959199887792,23.025998334707584,0.7189361022597004,3.25,none
val_images,test008.png,7,upright,0.0,321,481,154401.0,1.0,blur,red_gd,wavelet,15.0,fixed3p25,0.8,3.9603960396039612,1.4142135623730951,0.005,vanilla,True,0,20,0.008423827960554011,20.744905113079707,0.49402145225743355,11,0.004920495930644879,23.07991123027726,0.7232779823317207,3.25,none
val_images,test008.png,7,upright,0.0,321,481,154401.0,1.0,blur,red_gd,wavelet,15.0,fixed3p25,0.8,3.9603960396039612,1.4142135623730951,0.005,vanilla,True,0,20,0.008423827960554011,20.744905113079707,0.49402145225743355,12,0.004864793805223493,23.12935562620991,0.7268696345069009,3.25,none
val_images,test008.png,7,upright,0.0,321,481,154401.0,1.0,blur,red_gd,wavelet,15.0,fixed3p25,0.8,3.9603960396039612,1.4142135623730951,0.005,vanilla,True,0,20,0.008423827960554011,20.744905113079707,0.49402145225743355,13,0.004814772181841034,23.17424257347345,0.7303196101385354,3.25,none
val_images,test008.png,7,upright,0.0,321,481,154401.0,1.0,blur,red_gd,wavelet,15.0,fixed3p25,0.8,3.9603960396039612,1.4142135623730951,0.005,vanilla,True,0,20,0.008423827960554011,20.744905113079707,0.49402145225743355,14,0.004768703587017328,23.215996715949586,0.7332393613059501,3.25,none
val_images,test008.png,7,upright,0.0,321,481,154401.0,1.0,blur,red_gd,wavelet,15.0,fixed3p25,0.8,3.9603960396039612,1.4142135623730951,0.005,vanilla,True,0,20,0.008423827960554011,20.744905113079707,0.49402145225743355,15,0.004726827969585892,23.254302033283743,0.7360587245225095,3.25,none
val_images,test008.png,7,upright,0.0,321,481,154401.0,1.0,blur,red_gd,wavelet,15.0,fixed3p25,0.8,3.9603960396039612,1.4142135623730951,0.005,vanilla,True,0,20,0.008423827960554011,20.744905113079707,0.49402145225743355,16,0.004687801695139604,23.290307682630402,0.7384865038924618,3.25,none
val_images,test008.png,7,upright,0.0,321,481,154401.0,1.0,blur,red_gd,wavelet,15.0,fixed3p25,0.8,3.9603960396039612,1.4142135623730951,0.005,vanilla,True,0,20,0.008423827960554011,20.744905113079707,0.49402145225743355,17,0.004652009788660088,23.323593801094127,0.7408386887066793,3.25,none
val_images,test008.png,7,upright,0.0,321,481,154401.0,1.0,blur,red_gd,wavelet,15.0,fixed3p25,0.8,3.9603960396039612,1.4142135623730951,0.005,vanilla,True,0,20,0.008423827960554011,20.744905113079707,0.49402145225743355,18,0.004618342635030902,23.355138498980143,0.7428924420016709,3.25,none
val_images,test008.png,7,upright,0.0,321,481,154401.0,1.0,blur,red_gd,wavelet,15.0,fixed3p25,0.8,3.9603960396039612,1.4142135623730951,0.005,vanilla,True,0,20,0.008423827960554011,20.744905113079707,0.49402145225743355,19,0.004587256413747725,23.3844698344261,0.7448859827656557,3.25,none
val_images,test008.png,7,upright,0.0,321,481,154401.0,1.0,blur,red_gd,wavelet,15.0,fixed3p25,0.8,3.9603960396039612,1.4142135623730951,0.005,vanilla,True,0,20,0.008423827960554011,20.744905113079707,0.49402145225743355,20,0.004557800421442178,23.412446957778542,0.7466463644179766,3.25,none
val_images,test008.png,7,upright,0.0,321,481,154401.0,1.0,blur,red_gd,wavelet,15.0,fixed3p25,0.8,3.9603960396039612,1.4142135623730951,0.005,G16_fixed,True,16,20,0.008423827960554011,20.744905113079707,0.49402145225743355,1,0.006687861793823389,21.74712710270004,0.6022605099707904,3.25,0;22.5;45;67.5;90;112.5;135;157.5;180;202.5;225;247.5;270;292.5;315;337.5
val_images,test008.png,7,upright,0.0,321,481,154401.0,1.0,blur,red_gd,wavelet,15.0,fixed3p25,0.8,3.9603960396039612,1.4142135623730951,0.005,G16_fixed,True,16,20,0.008423827960554011,20.744905113079707,0.49402145225743355,2,0.0061482417713251535,22.112490627910503,0.6355276803582879,3.25,0;22.5;45;67.5;90;112.5;135;157.5;180;202.5;225;247.5;270;292.5;315;337.5
val_images,test008.png,7,upright,0.0,321,481,154401.0,1.0,blur,red_gd,wavelet,15.0,fixed3p25,0.8,3.9603960396039612,1.4142135623730951,0.005,G16_fixed,True,16,20,0.008423827960554011,20.744905113079707,0.49402145225743355,3,0.005839542260417881,22.33621194251608,0.6592158972415981,3.25,0;22.5;45;67.5;90;112.5;135;157.5;180;202.5;225;247.5;270;292.5;315;337.5
val_images,test008.png,7,upright,0.0,321,481,154401.0,1.0,blur,red_gd,wavelet,15.0,fixed3p25,0.8,3.9603960396039612,1.4142135623730951,0.005,G16_fixed,True,16,20,0.008423827960554011,20.744905113079707,0.49402145225743355,4,0.005625601983001041,22.498309978553355,0.6733472722812676,3.25,0;22.5;45;67.5;90;112.5;135;157.5;180;202.5;225;247.5;270;292.5;315;337.5
val_images,test008.png,7,upright,0.0,321,481,154401.0,1.0,blur,red_gd,wavelet,15.0,fixed3p25,0.8,3.9603960396039612,1.4142135623730951,0.005,G16_fixed,True,16,20,0.008423827960554011,20.744905113079707,0.49402145225743355,5,0.005464140136215925,22.624781710386657,0.6855971828226501,3.25,0;22.5;45;67.5;90;112.5;135;157.5;180;202.5;225;247.5;270;292.5;315;337.5
val_images,test008.png,7,upright,0.0,321,481,154401.0,1.0,blur,red_gd,wavelet,15.0,fixed3p25,0.8,3.9603960396039612,1.4142135623730951,0.005,G16_fixed,True,16,20,0.008423827960554011,20.744905113079707,0.49402145225743355,6,0.005334341652883563,22.729191721462712,0.6942477501764885,3.25,0;22.5;45;67.5;90;112.5;135;157.5;180;202.5;225;247.5;270;292.5;315;337.5
val_images,test008.png,7,upright,0.0,321,481,154401.0,1.0,blur,red_gd,wavelet,15.0,fixed3p25,0.8,3.9603960396039612,1.4142135623730951,0.005,G16_fixed,True,16,20,0.008423827960554011,20.744905113079707,0.49402145225743355,7,0.005227475083523382,22.81708028546463,0.7021733384174973,3.25,0;22.5;45;67.5;90;112.5;135;157.5;180;202.5;225;247.5;270;292.5;315;337.5
val_images,test008.png,7,upright,0.0,321,481,154401.0,1.0,blur,red_gd,wavelet,15.0,fixed3p25,0.8,3.9603960396039612,1.4142135623730951,0.005,G16_fixed,True,16,20,0.008423827960554011,20.744905113079707,0.49402145225743355,8,0.005136087783393566,22.89367562135926,0.7082369932837222,3.25,0;22.5;45;67.5;90;112.5;135;157.5;180;202.5;225;247.5;270;292.5;315;337.5
val_images,test008.png,7,upright,0.0,321,481,154401.0,1.0,blur,red_gd,wavelet,15.0,fixed3p25,0.8,3.9603960396039612,1.4142135623730951,0.005,G16_fixed,True,16,20,0.008423827960554011,20.744905113079707,0.49402145225743355,9,0.005057490111862739,22.960649576659364,0.7139360334453793,3.25,0;22.5;45;67.5;90;112.5;135;157.5;180;202.5;225;247.5;270;292.5;315;337.5
val_images,test008.png,7,upright,0.0,321,481,154401.0,1.0,blur,red_gd,wavelet,15.0,fixed3p25,0.8,3.9603960396039612,1.4142135623730951,0.005,G16_fixed,True,16,20,0.008423827960554011,20.744905113079707,0.49402145225743355,10,0.00498786304804029,23.02085479471145,0.7185082896969579,3.25,0;22.5;45;67.5;90;112.5;135;157.5;180;202.5;225;247.5;270;292.5;315;337.5
val_images,test008.png,7,upright,0.0,321,481,154401.0,1.0,blur,red_gd,wavelet,15.0,fixed3p25,0.8,3.9603960396039612,1.4142135623730951,0.005,G16_fixed,True,16,20,0.008423827960554011,20.744905113079707,0.49402145225743355,11,0.004926398197585953,23.0747048733553,0.7228672721517347,3.25,0;22.5;45;67.5;90;112.5;135;157.5;180;202.5;225;247.5;270;292.5;315;337.5
val_images,test008.png,7,upright,0.0,321,481,154401.0,1.0,blur,red_gd,wavelet,15.0,fixed3p25,0.8,3.9603960396039612,1.4142135623730951,0.005,G16_fixed,True,16,20,0.008423827960554011,20.744905113079707,0.49402145225743355,12,0.004870691328530296,23.124093922027427,0.7264769880862171,3.25,0;22.5;45;67.5;90;112.5;135;157.5;180;202.5;225;247.5;270;292.5;315;337.5
val_images,test008.png,7,upright,0.0,321,481,154401.0,1.0,blur,red_gd,wavelet,15.0,fixed3p25,0.8,3.9603960396039612,1.4142135623730951,0.005,G16_fixed,True,16,20,0.008423827960554011,20.744905113079707,0.49402145225743355,13,0.004820657450759306,23.168937277848805,0.7299483669956801,3.25,0;22.5;45;67.5;90;112.5;135;157.5;180;202.5;225;247.5;270;292.5;315;337.5
val_images,test008.png,7,upright,0.0,321,481,154401.0,1.0,blur,red_gd,wavelet,15.0,fixed3p25,0.8,3.9603960396039612,1.4142135623730951,0.005,G16_fixed,True,16,20,0.008423827960554011,20.744905113079707,0.49402145225743355,14,0.004774574229729932,23.210653503468773,0.7328897238359855,3.25,0;22.5;45;67.5;90;112.5;135;157.5;180;202.5;225;247.5;270;292.5;315;337.5
val_images,test008.png,7,upright,0.0,321,481,154401.0,1.0,blur,red_gd,wavelet,15.0,fixed3p25,0.8,3.9603960396039612,1.4142135623730951,0.005,G16_fixed,True,16,20,0.008423827960554011,20.744905113079707,0.49402145225743355,15,0.004732676870641423,23.24893146511929,0.7357336780526033,3.25,0;22.5;45;67.5;90;112.5;135;157.5;180;202.5;225;247.5;270;292.5;315;337.5
val_images,test008.png,7,upright,0.0,321,481,154401.0,1.0,blur,red_gd,wavelet,15.0,fixed3p25,0.8,3.9603960396039612,1.4142135623730951,0.005,G16_fixed,True,16,20,0.008423827960554011,20.744905113079707,0.49402145225743355,16,0.004693623320298079,23.284917669913984,0.7381860990213794,3.25,0;22.5;45;67.5;90;112.5;135;157.5;180;202.5;225;247.5;270;292.5;315;337.5
val_images,test008.png,7,upright,0.0,321,481,154401.0,1.0,blur,red_gd,wavelet,15.0,fixed3p25,0.8,3.9603960396039612,1.4142135623730951,0.005,G16_fixed,True,16,20,0.008423827960554011,20.744905113079707,0.49402145225743355,17,0.004657796627167247,23.318194779368554,0.7405655565702295,3.25,0;22.5;45;67.5;90;112.5;135;157.5;180;202.5;225;247.5;270;292.5;315;337.5
val_images,test008.png,7,upright,0.0,321,481,154401.0,1.0,blur,red_gd,wavelet,15.0,fixed3p25,0.8,3.9603960396039612,1.4142135623730951,0.005,G16_fixed,True,16,20,0.008423827960554011,20.744905113079707,0.49402145225743355,18,0.004624090338555329,23.349736899091454,0.7426465320010881,3.25,0;22.5;45;67.5;90;112.5;135;157.5;180;202.5;225;247.5;270;292.5;315;337.5
val_images,test008.png,7,upright,0.0,321,481,154401.0,1.0,blur,red_gd,wavelet,15.0,fixed3p25,0.8,3.9603960396039612,1.4142135623730951,0.005,G16_fixed,True,16,20,0.008423827960554011,20.744905113079707,0.49402145225743355,19,0.004592959052746582,23.379074263968988,0.7446696224441551,3.25,0;22.5;45;67.5;90;112.5;135;157.5;180;202.5;225;247.5;270;292.5;315;337.5
val_images,test008.png,7,upright,0.0,321,481,154401.0,1.0,blur,red_gd,wavelet,15.0,fixed3p25,0.8,3.9603960396039612,1.4142135623730951,0.005,G16_fixed,True,16,20,0.008423827960554011,20.744905113079707,0.49402145225743355,20,0.004563450485161204,23.407066573367356,0.7464596549730895,3.25,0;22.5;45;67.5;90;112.5;135;157.5;180;202.5;225;247.5;270;292.5;315;337.5
val_images,test008.png,7,rot45_padded,45.0,1000,1000,154360.0,0.15435999631881714,blur,red_gd,wavelet,15.0,fixed3p25,0.8,3.9603960396039612,1.4142135623730951,0.005,vanilla,False,0,20,0.008167439441231132,20.879140769855713,0.5165159266487432,1,0.006621038076574242,21.790739145505608,0.6171344584089142,3.25,none
val_images,test008.png,7,rot45_padded,45.0,1000,1000,154360.0,0.15435999631881714,blur,red_gd,wavelet,15.0,fixed3p25,0.8,3.9603960396039612,1.4142135623730951,0.005,vanilla,False,0,20,0.008167439441231132,20.879140769855713,0.5165159266487432,2,0.006095606281708546,22.149830920627206,0.6478579396378595,3.25,none
val_images,test008.png,7,rot45_padded,45.0,1000,1000,154360.0,0.15435999631881714,blur,red_gd,wavelet,15.0,fixed3p25,0.8,3.9603960396039612,1.4142135623730951,0.005,vanilla,False,0,20,0.008167439441231132,20.879140769855713,0.5165159266487432,3,0.005814260545559083,22.35505510755603,0.6700710291688261,3.25,none
val_images,test008.png,7,rot45_padded,45.0,1000,1000,154360.0,0.15435999631881714,blur,red_gd,wavelet,15.0,fixed3p25,0.8,3.9603960396039612,1.4142135623730951,0.005,vanilla,False,0,20,0.008167439441231132,20.879140769855713,0.5165159266487432,4,0.005598227487817642,22.51949457656827,0.6833279346981083,3.25,none
val_images,test008.png,7,rot45_padded,45.0,1000,1000,154360.0,0.15435999631881714,blur,red_gd,wavelet,15.0,fixed3p25,0.8,3.9603960396039612,1.4142135623730951,0.005,vanilla,False,0,20,0.008167439441231132,20.879140769855713,0.5165159266487432,5,0.005452106492634912,22.634356699481444,0.6947552090081628,3.25,none
val_images,test008.png,7,rot45_padded,45.0,1000,1000,154360.0,0.15435999631881714,blur,red_gd,wavelet,15.0,fixed3p25,0.8,3.9603960396039612,1.4142135623730951,0.005,vanilla,False,0,20,0.008167439441231132,20.879140769855713,0.5165159266487432,6,0.005320016149722038,22.74087049335681,0.7028100908590308,3.25,none
val_images,test008.png,7,rot45_padded,45.0,1000,1000,154360.0,0.15435999631881714,blur,red_gd,wavelet,15.0,fixed3p25,0.8,3.9603960396039612,1.4142135623730951,0.005,vanilla,False,0,20,0.008167439441231132,20.879140769855713,0.5165159266487432,7,0.005223877079655513,22.820070507711506,0.7101605014252397,3.25,none
val_images,test008.png,7,rot45_padded,45.0,1000,1000,154360.0,0.15435999631881714,blur,red_gd,wavelet,15.0,fixed3p25,0.8,3.9603960396039612,1.4142135623730951,0.005,vanilla,False,0,20,0.008167439441231132,20.879140769855713,0.5165159266487432,8,0.005130443390121915,22.898451000807537,0.7157654994817311,3.25,none
val_images,test008.png,7,rot45_padded,45.0,1000,1000,154360.0,0.15435999631881714,blur,red_gd,wavelet,15.0,fixed3p25,0.8,3.9603960396039612,1.4142135623730951,0.005,vanilla,False,0,20,0.008167439441231132,20.879140769855713,0.5165159266487432,9,0.005060215001280489,22.95831030218298,0.7210216276075408,3.25,none
val_images,test008.png,7,rot45_padded,45.0,1000,1000,154360.0,0.15435999631881714,blur,red_gd,wavelet,15.0,fixed3p25,0.8,3.9603960396039612,1.4142135623730951,0.005,vanilla,False,0,20,0.008167439441231132,20.879140769855713,0.5165159266487432,10,0.00498893324591762,23.019923070697534,0.7252161647285567,3.25,none
val_images,test008.png,7,rot45_padded,45.0,1000,1000,154360.0,0.15435999631881714,blur,red_gd,wavelet,15.0,fixed3p25,0.8,3.9603960396039612,1.4142135623730951,0.005,vanilla,False,0,20,0.008167439441231132,20.879140769855713,0.5165159266487432,11,0.004934421528432925,23.06763753173646,0.7292125550660793,3.25,none
val_images,test008.png,7,rot45_padded,45.0,1000,1000,154360.0,0.15435999631881714,blur,red_gd,wavelet,15.0,fixed3p25,0.8,3.9603960396039612,1.4142135623730951,0.005,vanilla,False,0,20,0.008167439441231132,20.879140769855713,0.5165159266487432,12,0.004877427045036764,23.118092179201007,0.7324974896346204,3.25,none
val_images,test008.png,7,rot45_padded,45.0,1000,1000,154360.0,0.15435999631881714,blur,red_gd,wavelet,15.0,fixed3p25,0.8,3.9603960396039612,1.4142135623730951,0.005,vanilla,False,0,20,0.008167439441231132,20.879140769855713,0.5165159266487432,13,0.00483340312545551,23.157469814264722,0.7356594365444415,3.25,none
val_images,test008.png,7,rot45_padded,45.0,1000,1000,154360.0,0.15435999631881714,blur,red_gd,wavelet,15.0,fixed3p25,0.8,3.9603960396039612,1.4142135623730951,0.005,vanilla,False,0,20,0.008167439441231132,20.879140769855713,0.5165159266487432,14,0.00478635828987432,23.199947947549184,0.7383127814038611,3.25,none
val_images,test008.png,7,rot45_padded,45.0,1000,1000,154360.0,0.15435999631881714,blur,red_gd,wavelet,15.0,fixed3p25,0.8,3.9603960396039612,1.4142135623730951,0.005,vanilla,False,0,20,0.008167439441231132,20.879140769855713,0.5165159266487432,15,0.00474980481086725,23.233242369656644,0.7408844381640322,3.25,none
val_images,test008.png,7,rot45_padded,45.0,1000,1000,154360.0,0.15435999631881714,blur,red_gd,wavelet,15.0,fixed3p25,0.8,3.9603960396039612,1.4142135623730951,0.005,vanilla,False,0,20,0.008167439441231132,20.879140769855713,0.5165159266487432,16,0.004710076997613128,23.269719932182007,0.7430743270601192,3.25,none
val_images,test008.png,7,rot45_padded,45.0,1000,1000,154360.0,0.15435999631881714,blur,red_gd,wavelet,15.0,fixed3p25,0.8,3.9603960396039612,1.4142135623730951,0.005,vanilla,False,0,20,0.008167439441231132,20.879140769855713,0.5165159266487432,17,0.004679106677495991,23.298370533503025,0.7452073278375226,3.25,none
val_images,test008.png,7,rot45_padded,45.0,1000,1000,154360.0,0.15435999631881714,blur,red_gd,wavelet,15.0,fixed3p25,0.8,3.9603960396039612,1.4142135623730951,0.005,vanilla,False,0,20,0.008167439441231132,20.879140769855713,0.5165159266487432,18,0.004644983375155886,23.33015836049453,0.7470447027241514,3.25,none
val_images,test008.png,7,rot45_padded,45.0,1000,1000,154360.0,0.15435999631881714,blur,red_gd,wavelet,15.0,fixed3p25,0.8,3.9603960396039612,1.4142135623730951,0.005,vanilla,False,0,20,0.008167439441231132,20.879140769855713,0.5165159266487432,19,0.004618336049099912,23.355144692187864,0.7488402213170511,3.25,none
val_images,test008.png,7,rot45_padded,45.0,1000,1000,154360.0,0.15435999631881714,blur,red_gd,wavelet,15.0,fixed3p25,0.8,3.9603960396039612,1.4142135623730951,0.005,vanilla,False,0,20,0.008167439441231132,20.879140769855713,0.5165159266487432,20,0.00458863577900788,23.383164128750956,0.7504002413189945,3.25,none
val_images,test008.png,7,rot45_padded,45.0,1000,1000,154360.0,0.15435999631881714,blur,red_gd,wavelet,15.0,fixed3p25,0.8,3.9603960396039612,1.4142135623730951,0.005,G16_fixed,False,16,20,0.008167439441231132,20.879140769855713,0.5165159266487432,1,0.00662087595935435,21.790845484534593,0.6171487310507904,3.25,0;22.5;45;67.5;90;112.5;135;157.5;180;202.5;225;247.5;270;292.5;315;337.5
val_images,test008.png,7,rot45_padded,45.0,1000,1000,154360.0,0.15435999631881714,blur,red_gd,wavelet,15.0,fixed3p25,0.8,3.9603960396039612,1.4142135623730951,0.005,G16_fixed,False,16,20,0.008167439441231132,20.879140769855713,0.5165159266487432,2,0.006095186753976095,22.150129832402264,0.6478868898192537,3.25,0;22.5;45;67.5;90;112.5;135;157.5;180;202.5;225;247.5;270;292.5;315;337.5
val_images,test008.png,7,rot45_padded,45.0,1000,1000,154360.0,0.15435999631881714,blur,red_gd,wavelet,15.0,fixed3p25,0.8,3.9603960396039612,1.4142135623730951,0.005,G16_fixed,False,16,20,0.008167439441231132,20.879140769855713,0.5165159266487432,3,0.0058132127147475865,22.355837852233993,0.6701336364667012,3.25,0;22.5;45;67.5;90;112.5;135;157.5;180;202.5;225;247.5;270;292.5;315;337.5
val_images,test008.png,7,rot45_padded,45.0,1000,1000,154360.0,0.15435999631881714,blur,red_gd,wavelet,15.0,fixed3p25,0.8,3.9603960396039612,1.4142135623730951,0.005,G16_fixed,False,16,20,0.008167439441231132,20.879140769855713,0.5165159266487432,4,0.005596314504622919,22.52097886784895,0.683441154201218,3.25,0;22.5;45;67.5;90;112.5;135;157.5;180;202.5;225;247.5;270;292.5;315;337.5
val_images,test008.png,7,rot45_padded,45.0,1000,1000,154360.0,0.15435999631881714,blur,red_gd,wavelet,15.0,fixed3p25,0.8,3.9603960396039612,1.4142135623730951,0.005,G16_fixed,False,16,20,0.008167439441231132,20.879140769855713,0.5165159266487432,5,0.005448796928901998,22.636993775061867,0.694938273354496,3.25,0;22.5;45;67.5;90;112.5;135;157.5;180;202.5;225;247.5;270;292.5;315;337.5
val_images,test008.png,7,rot45_padded,45.0,1000,1000,154360.0,0.15435999631881714,blur,red_gd,wavelet,15.0,fixed3p25,0.8,3.9603960396039612,1.4142135623730951,0.005,G16_fixed,False,16,20,0.008167439441231132,20.879140769855713,0.5165159266487432,6,0.005315653614875534,22.744433268356666,0.7030704906549624,3.25,0;22.5;45;67.5;90;112.5;135;157.5;180;202.5;225;247.5;270;292.5;315;337.5
val_images,test008.png,7,rot45_padded,45.0,1000,1000,154360.0,0.15435999631881714,blur,red_gd,wavelet,15.0,fixed3p25,0.8,3.9603960396039612,1.4142135623730951,0.005,G16_fixed,False,16,20,0.008167439441231132,20.879140769855713,0.5165159266487432,7,0.005218350464088616,22.824667570662598,0.7104999068735424,3.25,0;22.5;45;67.5;90;112.5;135;157.5;180;202.5;225;247.5;270;292.5;315;337.5
val_images,test008.png,7,rot45_padded,45.0,1000,1000,154360.0,0.15435999631881714,blur,red_gd,wavelet,15.0,fixed3p25,0.8,3.9603960396039612,1.4142135623730951,0.005,G16_fixed,False,16,20,0.008167439441231132,20.879140769855713,0.5165159266487432,8,0.005123983216613153,22.90392301437935,0.7161858338462037,3.25,0;22.5;45;67.5;90;112.5;135;157.5;180;202.5;225;247.5;270;292.5;315;337.5
val_images,test008.png,7,rot45_padded,45.0,1000,1000,154360.0,0.15435999631881714,blur,red_gd,wavelet,15.0,fixed3p25,0.8,3.9603960396039612,1.4142135623730951,0.005,G16_fixed,False,16,20,0.008167439441231132,20.879140769855713,0.5165159266487432,9,0.005052648872005782,22.96480881506252,0.7215242068055195,3.25,0;22.5;45;67.5;90;112.5;135;157.5;180;202.5;225;247.5;270;292.5;315;337.5
val_images,test008.png,7,rot45_padded,45.0,1000,1000,154360.0,0.15435999631881714,blur,red_gd,wavelet,15.0,fixed3p25,0.8,3.9603960396039612,1.4142135623730951,0.005,G16_fixed,False,16,20,0.008167439441231132,20.879140769855713,0.5165159266487432,10,0.004980418928610472,23.027341249648327,0.7258035699825084,3.25,0;22.5;45;67.5;90;112.5;135;157.5;180;202.5;225;247.5;270;292.5;315;337.5
val_images,test008.png,7,rot45_padded,45.0,1000,1000,154360.0,0.15435999631881714,blur,red_gd,wavelet,15.0,fixed3p25,0.8,3.9603960396039612,1.4142135623730951,0.005,G16_fixed,False,16,20,0.008167439441231132,20.879140769855713,0.5165159266487432,11,0.004924760923758786,23.076148478085045,0.7298867096398031,3.25,0;22.5;45;67.5;90;112.5;135;157.5;180;202.5;225;247.5;270;292.5;315;337.5
val_images,test008.png,7,rot45_padded,45.0,1000,1000,154360.0,0.15435999631881714,blur,red_gd,wavelet,15.0,fixed3p25,0.8,3.9603960396039612,1.4142135623730951,0.005,G16_fixed,False,16,20,0.008167439441231132,20.879140769855713,0.5165159266487432,12,0.004866746288100868,23.127612936886536,0.7332616327092512,3.25,0;22.5;45;67.5;90;112.5;135;157.5;180;202.5;225;247.5;270;292.5;315;337.5
val_images,test008.png,7,rot45_padded,45.0,1000,1000,154360.0,0.15435999631881714,blur,red_gd,wavelet,15.0,fixed3p25,0.8,3.9603960396039612,1.4142135623730951,0.005,G16_fixed,False,16,20,0.008167439441231132,20.879140769855713,0.5165159266487432,13,0.004821503721515451,23.168174936888168,0.7365159975058305,3.25,0;22.5;45;67.5;90;112.5;135;157.5;180;202.5;225;247.5;270;292.5;315;337.5
val_images,test008.png,7,rot45_padded,45.0,1000,1000,154360.0,0.15435999631881714,blur,red_gd,wavelet,15.0,fixed3p25,0.8,3.9603960396039612,1.4142135623730951,0.005,G16_fixed,False,16,20,0.008167439441231132,20.879140769855713,0.5165159266487432,14,0.004773358465878263,23.211759501074255,0.7392646957599119,3.25,0;22.5;45;67.5;90;112.5;135;157.5;180;202.5;225;247.5;270;292.5;315;337.5
val_images,test008.png,7,rot45_padded,45.0,1000,1000,154360.0,0.15435999631881714,blur,red_gd,wavelet,15.0,fixed3p25,0.8,3.9603960396039612,1.4142135623730951,0.005,G16_fixed,False,16,20,0.008167439441231132,20.879140769855713,0.5165159266487432,15,0.004735509630743473,23.24633275813902,0.7419342365250065,3.25,0;22.5;45;67.5;90;112.5;135;157.5;180;202.5;225;247.5;270;292.5;315;337.5
val_images,test008.png,7,rot45_padded,45.0,1000,1000,154360.0,0.15435999631881714,blur,red_gd,wavelet,15.0,fixed3p25,0.8,3.9603960396039612,1.4142135623730951,0.005,G16_fixed,False,16,20,0.008167439441231132,20.879140769855713,0.5165159266487432,16,0.004694595593929167,23.284018131719893,0.7442257041169992,3.25,0;22.5;45;67.5;90;112.5;135;157.5;180;202.5;225;247.5;270;292.5;315;337.5
val_images,test008.png,7,rot45_padded,45.0,1000,1000,154360.0,0.15435999631881714,blur,red_gd,wavelet,15.0,fixed3p25,0.8,3.9603960396039612,1.4142135623730951,0.005,G16_fixed,False,16,20,0.008167439441231132,20.879140769855713,0.5165159266487432,17,0.00466225083611363,23.314043644899428,0.7464630672615963,3.25,0;22.5;45;67.5;90;112.5;135;157.5;180;202.5;225;247.5;270;292.5;315;337.5
val_images,test008.png,7,rot45_padded,45.0,1000,1000,154360.0,0.15435999631881714,blur,red_gd,wavelet,15.0,fixed3p25,0.8,3.9603960396039612,1.4142135623730951,0.005,G16_fixed,False,16,20,0.008167439441231132,20.879140769855713,0.5165159266487432,18,0.0046268511572227665,23.34714471244981,0.748408144920964,3.25,0;22.5;45;67.5;90;112.5;135;157.5;180;202.5;225;247.5;270;292.5;315;337.5
val_images,test008.png,7,rot45_padded,45.0,1000,1000,154360.0,0.15435999631881714,blur,red_gd,wavelet,15.0,fixed3p25,0.8,3.9603960396039612,1.4142135623730951,0.005,G16_fixed,False,16,20,0.008167439441231132,20.879140769855713,0.5165159266487432,19,0.004598748334858448,23.373603564126604,0.7503142005700959,3.25,0;22.5;45;67.5;90;112.5;135;157.5;180;202.5;225;247.5;270;292.5;315;337.5
val_images,test008.png,7,rot45_padded,45.0,1000,1000,154360.0,0.15435999631881714,blur,red_gd,wavelet,15.0,fixed3p25,0.8,3.9603960396039612,1.4142135623730951,0.005,G16_fixed,False,16,20,0.008167439441231132,20.879140769855713,0.5165159266487432,20,0.004567690234197857,23.403033561939353,0.751988300482638,3.25,0;22.5;45;67.5;90;112.5;135;157.5;180;202.5;225;247.5;270;292.5;315;337.5
val_images,test009.png,8,upright,0.0,321,481,154401.0,1.0,blur,red_gd,wavelet,15.0,fixed3p25,0.8,3.9603960396039612,1.4142135623730951,0.005,vanilla,True,0,20,0.004286914000516512,23.678552287533634,0.6955107459634329,1,0.00279022741956719,25.543603977880668,0.7742995511687101,3.25,none
val_images,test009.png,8,upright,0.0,321,481,154401.0,1.0,blur,red_gd,wavelet,15.0,fixed3p25,0.8,3.9603960396039612,1.4142135623730951,0.005,vanilla,True,0,20,0.004286914000516512,23.678552287533634,0.6955107459634329,2,0.0024273152843994695,26.148738094192616,0.797316524828207,3.25,none
val_images,test009.png,8,upright,0.0,321,481,154401.0,1.0,blur,red_gd,wavelet,15.0,fixed3p25,0.8,3.9603960396039612,1.4142135623730951,0.005,vanilla,True,0,20,0.004286914000516512,23.678552287533634,0.6955107459634329,3,0.002244972157207025,26.487890408728333,0.810880029922086,3.25,none
val_images,test009.png,8,upright,0.0,321,481,154401.0,1.0,blur,red_gd,wavelet,15.0,fixed3p25,0.8,3.9603960396039612,1.4142135623730951,0.005,vanilla,True,0,20,0.004286914000516512,23.678552287533634,0.6955107459634329,4,0.0021297601516050333,26.71669302993,0.8186319126009547,3.25,none
val_images,test009.png,8,upright,0.0,321,481,154401.0,1.0,blur,red_gd,wavelet,15.0,fixed3p25,0.8,3.9603960396039612,1.4142135623730951,0.005,vanilla,True,0,20,0.004286914000516512,23.678552287533634,0.6955107459634329,5,0.0020456750834803735,26.891633445521258,0.8249837780357641,3.25,none
val_images,test009.png,8,upright,0.0,321,481,154401.0,1.0,blur,red_gd,wavelet,15.0,fixed3p25,0.8,3.9603960396039612,1.4142135623730951,0.005,vanilla,True,0,20,0.004286914000516512,23.678552287533634,0.6955107459634329,6,0.0019820532629929535,27.028846790570398,0.8291832731815209,3.25,none
val_images,test009.png,8,upright,0.0,321,481,154401.0,1.0,blur,red_gd,wavelet,15.0,fixed3p25,0.8,3.9603960396039612,1.4142135623730951,0.005,vanilla,True,0,20,0.004286914000516512,23.678552287533634,0.6955107459634329,7,0.0019296768204980458,27.14515419918102,0.8329471129558746,3.25,none
val_images,test009.png,8,upright,0.0,321,481,154401.0,1.0,blur,red_gd,wavelet,15.0,fixed3p25,0.8,3.9603960396039612,1.4142135623730951,0.005,vanilla,True,0,20,0.004286914000516512,23.678552287533634,0.6955107459634329,8,0.001887214771279918,27.24178672874764,0.8356278861535871,3.25,none
val_images,test009.png,8,upright,0.0,321,481,154401.0,1.0,blur,red_gd,wavelet,15.0,fixed3p25,0.8,3.9603960396039612,1.4142135623730951,0.005,vanilla,True,0,20,0.004286914000516512,23.678552287533634,0.6955107459634329,9,0.0018501895198900712,27.327837833662624,0.8381162322459051,3.25,none
val_images,test009.png,8,upright,0.0,321,481,154401.0,1.0,blur,red_gd,wavelet,15.0,fixed3p25,0.8,3.9603960396039612,1.4142135623730951,0.005,vanilla,True,0,20,0.004286914000516512,23.678552287533634,0.6955107459634329,10,0.0018190807663441097,27.40148018034443,0.8399694626330141,3.25,none
val_images,test009.png,8,upright,0.0,321,481,154401.0,1.0,blur,red_gd,wavelet,15.0,fixed3p25,0.8,3.9603960396039612,1.4142135623730951,0.005,vanilla,True,0,20,0.004286914000516512,23.678552287533634,0.6955107459634329,11,0.0017910166353940996,27.469003803004327,0.8417145128593727,3.25,none
val_images,test009.png,8,upright,0.0,321,481,154401.0,1.0,blur,red_gd,wavelet,15.0,fixed3p25,0.8,3.9603960396039612,1.4142135623730951,0.005,vanilla,True,0,20,0.004286914000516512,23.678552287533634,0.6955107459634329,12,0.0017669209498142216,27.52782879937171,0.8430534573934106,3.25,none
val_images,test009.png,8,upright,0.0,321,481,154401.0,1.0,blur,red_gd,wavelet,15.0,fixed3p25,0.8,3.9603960396039612,1.4142135623730951,0.005,vanilla,True,0,20,0.004286914000516512,23.678552287533634,0.6955107459634329,13,0.0017446831876569574,27.582834239162125,0.8443184771309772,3.25,none
val_images,test009.png,8,upright,0.0,321,481,154401.0,1.0,blur,red_gd,wavelet,15.0,fixed3p25,0.8,3.9603960396039612,1.4142135623730951,0.005,vanilla,True,0,20,0.004286914000516512,23.678552287533634,0.6955107459634329,14,0.001725317696050483,27.631309232354653,0.8453095551518449,3.25,none
val_images,test009.png,8,upright,0.0,321,481,154401.0,1.0,blur,red_gd,wavelet,15.0,fixed3p25,0.8,3.9603960396039612,1.4142135623730951,0.005,vanilla,True,0,20,0.004286914000516512,23.678552287533634,0.6955107459634329,15,0.0017071501697487387,27.677282744185465,0.8462424445923278,3.25,none
val_images,test009.png,8,upright,0.0,321,481,154401.0,1.0,blur,red_gd,wavelet,15.0,fixed3p25,0.8,3.9603960396039612,1.4142135623730951,0.005,vanilla,True,0,20,0.004286914000516512,23.678552287533634,0.6955107459634329,16,0.0016911736095256832,27.71811807074726,0.8469838683039618,3.25,none
val_images,test009.png,8,upright,0.0,321,481,154401.0,1.0,blur,red_gd,wavelet,15.0,fixed3p25,0.8,3.9603960396039612,1.4142135623730951,0.005,vanilla,True,0,20,0.004286914000516512,23.678552287533634,0.6955107459634329,17,0.0016759989211457705,27.757262652645665,0.8476753004352303,3.25,none
val_images,test009.png,8,upright,0.0,321,481,154401.0,1.0,blur,red_gd,wavelet,15.0,fixed3p25,0.8,3.9603960396039612,1.4142135623730951,0.005,vanilla,True,0,20,0.004286914000516512,23.678552287533634,0.6955107459634329,18,0.0016625631700288533,27.792218444466602,0.8482299641032117,3.25,none
val_images,test009.png,8,upright,0.0,321,481,154401.0,1.0,blur,red_gd,wavelet,15.0,fixed3p25,0.8,3.9603960396039612,1.4142135623730951,0.005,vanilla,True,0,20,0.004286914000516512,23.678552287533634,0.6955107459634329,19,0.001649676198101605,27.82601291651501,0.8487390382834308,3.25,none
val_images,test009.png,8,upright,0.0,321,481,154401.0,1.0,blur,red_gd,wavelet,15.0,fixed3p25,0.8,3.9603960396039612,1.4142135623730951,0.005,vanilla,True,0,20,0.004286914000516512,23.678552287533634,0.6955107459634329,20,0.0016382096481612307,27.856305206382608,0.8491492930745267,3.25,none
val_images,test009.png,8,upright,0.0,321,481,154401.0,1.0,blur,red_gd,wavelet,15.0,fixed3p25,0.8,3.9603960396039612,1.4142135623730951,0.005,G16_fixed,True,16,20,0.004286914000516512,23.678552287533634,0.6955107459634329,1,0.0027906071079602584,25.543013039111948,0.7743260143230938,3.25,0;22.5;45;67.5;90;112.5;135;157.5;180;202.5;225;247.5;270;292.5;315;337.5
val_images,test009.png,8,upright,0.0,321,481,154401.0,1.0,blur,red_gd,wavelet,15.0,fixed3p25,0.8,3.9603960396039612,1.4142135623730951,0.005,G16_fixed,True,16,20,0.004286914000516512,23.678552287533634,0.6955107459634329,2,0.0024293356772958482,26.145124717222718,0.7973416218159208,3.25,0;22.5;45;67.5;90;112.5;135;157.5;180;202.5;225;247.5;270;292.5;315;337.5
val_images,test009.png,8,upright,0.0,321,481,154401.0,1.0,blur,red_gd,wavelet,15.0,fixed3p25,0.8,3.9603960396039612,1.4142135623730951,0.005,G16_fixed,True,16,20,0.004286914000516512,23.678552287533634,0.6955107459634329,3,0.002247850752603509,26.48232527387887,0.8109167646258768,3.25,0;22.5;45;67.5;90;112.5;135;157.5;180;202.5;225;247.5;270;292.5;315;337.5
val_images,test009.png,8,upright,0.0,321,481,154401.0,1.0,blur,red_gd,wavelet,15.0,fixed3p25,0.8,3.9603960396039612,1.4142135623730951,0.005,G16_fixed,True,16,20,0.004286914000516512,23.678552287533634,0.6955107459634329,4,0.0021337333406094357,26.708598566725883,0.8186967802183923,3.25,0;22.5;45;67.5;90;112.5;135;157.5;180;202.5;225;247.5;270;292.5;315;337.5
val_images,test009.png,8,upright,0.0,321,481,154401.0,1.0,blur,red_gd,wavelet,15.0,fixed3p25,0.8,3.9603960396039612,1.4142135623730951,0.005,G16_fixed,True,16,20,0.004286914000516512,23.678552287533634,0.6955107459634329,5,0.0020505126021791473,26.881375572518706,0.8250780435359875,3.25,0;22.5;45;67.5;90;112.5;135;157.5;180;202.5;225;247.5;270;292.5;315;337.5
val_images,test009.png,8,upright,0.0,321,481,154401.0,1.0,blur,red_gd,wavelet,15.0,fixed3p25,0.8,3.9603960396039612,1.4142135623730951,0.005,G16_fixed,True,16,20,0.004286914000516512,23.678552287533634,0.6955107459634329,6,0.001987611023495132,27.01668603277968,0.829317208113937,3.25,0;22.5;45;67.5;90;112.5;135;157.5;180;202.5;225;247.5;270;292.5;315;337.5
val_images,test009.png,8,upright,0.0,321,481,154401.0,1.0,blur,red_gd,wavelet,15.0,fixed3p25,0.8,3.9603960396039612,1.4142135623730951,0.005,G16_fixed,True,16,20,0.004286914000516512,23.678552287533634,0.6955107459634329,7,0.001935808956049811,27.131375052029007,0.8331283071353165,3.25,0;22.5;45;67.5;90;112.5;135;157.5;180;202.5;225;247.5;270;292.5;315;337.5
val_images,test009.png,8,upright,0.0,321,481,154401.0,1.0,blur,red_gd,wavelet,15.0,fixed3p25,0.8,3.9603960396039612,1.4142135623730951,0.005,G16_fixed,True,16,20,0.004286914000516512,23.678552287533634,0.6955107459634329,8,0.0018938582310757581,27.2265253418486,0.8358548722158535,3.25,0;22.5;45;67.5;90;112.5;135;157.5;180;202.5;225;247.5;270;292.5;315;337.5
val_images,test009.png,8,upright,0.0,321,481,154401.0,1.0,blur,red_gd,wavelet,15.0,fixed3p25,0.8,3.9603960396039612,1.4142135623730951,0.005,G16_fixed,True,16,20,0.004286914000516512,23.678552287533634,0.6955107459634329,9,0.0018572306543589217,27.311341567369336,0.8383971059934845,3.25,0;22.5;45;67.5;90;112.5;135;157.5;180;202.5;225;247.5;270;292.5;315;337.5
val_images,test009.png,8,upright,0.0,321,481,154401.0,1.0,blur,red_gd,wavelet,15.0,fixed3p25,0.8,3.9603960396039612,1.4142135623730951,0.005,G16_fixed,True,16,20,0.004286914000516512,23.678552287533634,0.6955107459634329,10,0.0018264922995889154,27.383821544146116,0.8403014917325665,3.25,0;22.5;45;67.5;90;112.5;135;157.5;180;202.5;225;247.5;270;292.5;315;337.5
val_images,test009.png,8,upright,0.0,321,481,154401.0,1.0,blur,red_gd,wavelet,15.0,fixed3p25,0.8,3.9603960396039612,1.4142135623730951,0.005,G16_fixed,True,16,20,0.004286914000516512,23.678552287533634,0.6955107459634329,11,0.0017987831506034813,27.45021189168474,0.8421072604775875,3.25,0;22.5;45;67.5;90;112.5;135;157.5;180;202.5;225;247.5;270;292.5;315;337.5
val_images,test009.png,8,upright,0.0,321,481,154401.0,1.0,blur,red_gd,wavelet,15.0,fixed3p25,0.8,3.9603960396039612,1.4142135623730951,0.005,G16_fixed,True,16,20,0.004286914000516512,23.678552287533634,0.6955107459634329,12,0.0017750137875311284,27.50798269186108,0.8435045959870726,3.25,0;22.5;45;67.5;90;112.5;135;157.5;180;202.5;225;247.5;270;292.5;315;337.5
val_images,test009.png,8,upright,0.0,321,481,154401.0,1.0,blur,red_gd,wavelet,15.0,fixed3p25,0.8,3.9603960396039612,1.4142135623730951,0.005,G16_fixed,True,16,20,0.004286914000516512,23.678552287533634,0.6955107459634329,13,0.001753084163950019,27.56197233329113,0.8448376710643066,3.25,0;22.5;45;67.5;90;112.5;135;157.5;180;202.5;225;247.5;270;292.5;315;337.5
val_images,test009.png,8,upright,0.0,321,481,154401.0,1.0,blur,red_gd,wavelet,15.0,fixed3p25,0.8,3.9603960396039612,1.4142135623730951,0.005,G16_fixed,True,16,20,0.004286914000516512,23.678552287533634,0.6955107459634329,14,0.0017339896524512471,27.60953498495756,0.8458944262828608,3.25,0;22.5;45;67.5;90;112.5;135;157.5;180;202.5;225;247.5;270;292.5;315;337.5
val_images,test009.png,8,upright,0.0,321,481,154401.0,1.0,blur,red_gd,wavelet,15.0,fixed3p25,0.8,3.9603960396039612,1.4142135623730951,0.005,G16_fixed,True,16,20,0.004286914000516512,23.678552287533634,0.6955107459634329,15,0.0017160591102116,27.65467756815641,0.8469023030938919,3.25,0;22.5;45;67.5;90;112.5;135;157.5;180;202.5;225;247.5;270;292.5;315;337.5
val_images,test009.png,8,upright,0.0,321,481,154401.0,1.0,blur,red_gd,wavelet,15.0,fixed3p25,0.8,3.9603960396039612,1.4142135623730951,0.005,G16_fixed,True,16,20,0.004286914000516512,23.678552287533634,0.6955107459634329,16,0.0017002792131593425,27.694797546350486,0.8477169938180452,3.25,0;22.5;45;67.5;90;112.5;135;157.5;180;202.5;225;247.5;270;292.5;315;337.5
val_images,test009.png,8,upright,0.0,321,481,154401.0,1.0,blur,red_gd,wavelet,15.0,fixed3p25,0.8,3.9603960396039612,1.4142135623730951,0.005,G16_fixed,True,16,20,0.004286914000516512,23.678552287533634,0.6955107459634329,17,0.001685249996230392,27.733356651606115,0.8484906995421014,3.25,0;22.5;45;67.5;90;112.5;135;157.5;180;202.5;225;247.5;270;292.5;315;337.5
val_images,test009.png,8,upright,0.0,321,481,154401.0,1.0,blur,red_gd,wavelet,15.0,fixed3p25,0.8,3.9603960396039612,1.4142135623730951,0.005,G16_fixed,True,16,20,0.004286914000516512,23.678552287533634,0.6955107459634329,18,0.0016718857949303883,27.767933921634608,0.8491267260250905,3.25,0;22.5;45;67.5;90;112.5;135;157.5;180;202.5;225;247.5;270;292.5;315;337.5
val_images,test009.png,8,upright,0.0,321,481,154401.0,1.0,blur,red_gd,wavelet,15.0,fixed3p25,0.8,3.9603960396039612,1.4142135623730951,0.005,G16_fixed,True,16,20,0.004286914000516512,23.678552287533634,0.6955107459634329,19,0.001659029755451612,27.801458246371496,0.8497257142116955,3.25,0;22.5;45;67.5;90;112.5;135;157.5;180;202.5;225;247.5;270;292.5;315;337.5
val_images,test009.png,8,upright,0.0,321,481,154401.0,1.0,blur,red_gd,wavelet,15.0,fixed3p25,0.8,3.9603960396039612,1.4142135623730951,0.005,G16_fixed,True,16,20,0.004286914000516512,23.678552287533634,0.6955107459634329,20,0.00164754956756271,27.83161510515356,0.850225022830163,3.25,0;22.5;45;67.5;90;112.5;135;157.5;180;202.5;225;247.5;270;292.5;315;337.5
val_images,test009.png,8,rot45_padded,45.0,1000,1000,154360.0,0.15435999631881714,blur,red_gd,wavelet,15.0,fixed3p25,0.8,3.9603960396039612,1.4142135623730951,0.005,vanilla,False,0,20,0.004215283775675572,23.751731830649724,0.7033141378109614,1,0.002782739311587968,25.555274766849006,0.7805131875161959,3.25,none
val_images,test009.png,8,rot45_padded,45.0,1000,1000,154360.0,0.15435999631881714,blur,red_gd,wavelet,15.0,fixed3p25,0.8,3.9603960396039612,1.4142135623730951,0.005,vanilla,False,0,20,0.004215283775675572,23.751731830649724,0.7033141378109614,2,0.002435948830807447,26.13331838671087,0.8014550502882871,3.25,none
val_images,test009.png,8,rot45_padded,45.0,1000,1000,154360.0,0.15435999631881714,blur,red_gd,wavelet,15.0,fixed3p25,0.8,3.9603960396039612,1.4142135623730951,0.005,vanilla,False,0,20,0.004215283775675572,23.751731830649724,0.7033141378109614,3,0.002256884232615214,26.464907175841184,0.8150254478167919,3.25,none
val_images,test009.png,8,rot45_padded,45.0,1000,1000,154360.0,0.15435999631881714,blur,red_gd,wavelet,15.0,fixed3p25,0.8,3.9603960396039612,1.4142135623730951,0.005,vanilla,False,0,20,0.004215283775675572,23.751731830649724,0.7033141378109614,4,0.002143294232346969,26.68918204733627,0.822162679774553,3.25,none
val_images,test009.png,8,rot45_padded,45.0,1000,1000,154360.0,0.15435999631881714,blur,red_gd,wavelet,15.0,fixed3p25,0.8,3.9603960396039612,1.4142135623730951,0.005,vanilla,False,0,20,0.004215283775675572,23.751731830649724,0.7033141378109614,5,0.002059479234255049,26.86242582680087,0.8285351106990153,3.25,none
val_images,test009.png,8,rot45_padded,45.0,1000,1000,154360.0,0.15435999631881714,blur,red_gd,wavelet,15.0,fixed3p25,0.8,3.9603960396039612,1.4142135623730951,0.005,vanilla,False,0,20,0.004215283775675572,23.751731830649724,0.7033141378109614,6,0.0019968766812741927,26.99648754506271,0.8324328072363306,3.25,none
val_images,test009.png,8,rot45_padded,45.0,1000,1000,154360.0,0.15435999631881714,blur,red_gd,wavelet,15.0,fixed3p25,0.8,3.9603960396039612,1.4142135623730951,0.005,vanilla,False,0,20,0.004215283775675572,23.751731830649724,0.7033141378109614,7,0.0019450889284915336,27.11060538158184,0.8362032646896864,3.25,none
val_images,test009.png,8,rot45_padded,45.0,1000,1000,154360.0,0.15435999631881714,blur,red_gd,wavelet,15.0,fixed3p25,0.8,3.9603960396039612,1.4142135623730951,0.005,vanilla,False,0,20,0.004215283775675572,23.751731830649724,0.7033141378109614,8,0.0019041430613450294,27.20300425479554,0.8386626129664421,3.25,none
val_images,test009.png,8,rot45_padded,45.0,1000,1000,154360.0,0.15435999631881714,blur,red_gd,wavelet,15.0,fixed3p25,0.8,3.9603960396039612,1.4142135623730951,0.005,vanilla,False,0,20,0.004215283775675572,23.751731830649724,0.7033141378109614,9,0.0018682671136947518,27.28561030830576,0.8411442306135009,3.25,none
val_images,test009.png,8,rot45_padded,45.0,1000,1000,154360.0,0.15435999631881714,blur,red_gd,wavelet,15.0,fixed3p25,0.8,3.9603960396039612,1.4142135623730951,0.005,vanilla,False,0,20,0.004215283775675572,23.751731830649724,0.7033141378109614,10,0.0018391496747786223,27.353829253104216,0.8428001101321586,3.25,none
val_images,test009.png,8,rot45_padded,45.0,1000,1000,154360.0,0.15435999631881714,blur,red_gd,wavelet,15.0,fixed3p25,0.8,3.9603960396039612,1.4142135623730951,0.005,vanilla,False,0,20,0.004215283775675572,23.751731830649724,0.7033141378109614,11,0.0018127223931930633,27.41668700226418,0.8445264924527079,3.25,none
val_images,test009.png,8,rot45_padded,45.0,1000,1000,154360.0,0.15435999631881714,blur,red_gd,wavelet,15.0,fixed3p25,0.8,3.9603960396039612,1.4142135623730951,0.005,vanilla,False,0,20,0.004215283775675572,23.751731830649724,0.7033141378109614,12,0.0017910105479631625,27.469018564129968,0.8456757437969681,3.25,none
val_images,test009.png,8,rot45_padded,45.0,1000,1000,154360.0,0.15435999631881714,blur,red_gd,wavelet,15.0,fixed3p25,0.8,3.9603960396039612,1.4142135623730951,0.005,vanilla,False,0,20,0.004215283775675572,23.751731830649724,0.7033141378109614,13,0.0017708303150533857,27.518230518910034,0.8469099224216118,3.25,none
val_images,test009.png,8,rot45_padded,45.0,1000,1000,154360.0,0.15435999631881714,blur,red_gd,wavelet,15.0,fixed3p25,0.8,3.9603960396039612,1.4142135623730951,0.005,vanilla,False,0,20,0.004215283775675572,23.751731830649724,0.7033141378109614,14,0.0017541889824314913,27.559236210007583,0.8477124801600155,3.25,none
val_images,test009.png,8,rot45_padded,45.0,1000,1000,154360.0,0.15435999631881714,blur,red_gd,wavelet,15.0,fixed3p25,0.8,3.9603960396039612,1.4142135623730951,0.005,vanilla,False,0,20,0.004215283775675572,23.751731830649724,0.7033141378109614,15,0.0017384562970566978,27.598362225451083,0.8486016353815755,3.25,none
val_images,test009.png,8,rot45_padded,45.0,1000,1000,154360.0,0.15435999631881714,blur,red_gd,wavelet,15.0,fixed3p25,0.8,3.9603960396039612,1.4142135623730951,0.005,vanilla,False,0,20,0.004215283775675572,23.751731830649724,0.7033141378109614,16,0.0017255163773504307,27.630809143445802,0.8491529541331951,3.25,none
val_images,test009.png,8,rot45_padded,45.0,1000,1000,154360.0,0.15435999631881714,blur,red_gd,wavelet,15.0,fixed3p25,0.8,3.9603960396039612,1.4142135623730951,0.005,vanilla,False,0,20,0.004215283775675572,23.751731830649724,0.7033141378109614,17,0.0017131272607839427,27.662103739852522,0.8497870238403732,3.25,none
val_images,test009.png,8,rot45_padded,45.0,1000,1000,154360.0,0.15435999631881714,blur,red_gd,wavelet,15.0,fixed3p25,0.8,3.9603960396039612,1.4142135623730951,0.005,vanilla,False,0,20,0.004215283775675572,23.751731830649724,0.7033141378109614,18,0.0017030202406433216,27.687801903536247,0.8501477876392848,3.25,none
val_images,test009.png,8,rot45_padded,45.0,1000,1000,154360.0,0.15435999631881714,blur,red_gd,wavelet,15.0,fixed3p25,0.8,3.9603960396039612,1.4142135623730951,0.005,vanilla,False,0,20,0.004215283775675572,23.751731830649724,0.7033141378109614,19,0.0016932542597762536,27.71277823151104,0.8505854819901529,3.25,none
val_images,test009.png,8,rot45_padded,45.0,1000,1000,154360.0,0.15435999631881714,blur,red_gd,wavelet,15.0,fixed3p25,0.8,3.9603960396039612,1.4142135623730951,0.005,vanilla,False,0,20,0.004215283775675572,23.751731830649724,0.7033141378109614,20,0.0016854095656688303,27.732945455367673,0.8507970410080332,3.25,none
val_images,test009.png,8,rot45_padded,45.0,1000,1000,154360.0,0.15435999631881714,blur,red_gd,wavelet,15.0,fixed3p25,0.8,3.9603960396039612,1.4142135623730951,0.005,G16_fixed,False,16,20,0.004215283775675572,23.751731830649724,0.7033141378109614,1,0.0027826149558180754,25.555468849820446,0.7805251826088365,3.25,0;22.5;45;67.5;90;112.5;135;157.5;180;202.5;225;247.5;270;292.5;315;337.5
val_images,test009.png,8,rot45_padded,45.0,1000,1000,154360.0,0.15435999631881714,blur,red_gd,wavelet,15.0,fixed3p25,0.8,3.9603960396039612,1.4142135623730951,0.005,G16_fixed,False,16,20,0.004215283775675572,23.751731830649724,0.7033141378109614,2,0.0024355034038605976,26.134112591216336,0.8014874927118425,3.25,0;22.5;45;67.5;90;112.5;135;157.5;180;202.5;225;247.5;270;292.5;315;337.5
val_images,test009.png,8,rot45_padded,45.0,1000,1000,154360.0,0.15435999631881714,blur,red_gd,wavelet,15.0,fixed3p25,0.8,3.9603960396039612,1.4142135623730951,0.005,G16_fixed,False,16,20,0.004215283775675572,23.751731830649724,0.7033141378109614,3,0.0022557711595079075,26.467049601868684,0.8150911930713916,3.25,0;22.5;45;67.5;90;112.5;135;157.5;180;202.5;225;247.5;270;292.5;315;337.5
val_images,test009.png,8,rot45_padded,45.0,1000,1000,154360.0,0.15435999631881714,blur,red_gd,wavelet,15.0,fixed3p25,0.8,3.9603960396039612,1.4142135623730951,0.005,G16_fixed,False,16,20,0.004215283775675572,23.751731830649724,0.7033141378109614,4,0.0021413015744697864,26.69322163670149,0.8222787335611558,3.25,0;22.5;45;67.5;90;112.5;135;157.5;180;202.5;225;247.5;270;292.5;315;337.5
val_images,test009.png,8,rot45_padded,45.0,1000,1000,154360.0,0.15435999631881714,blur,red_gd,wavelet,15.0,fixed3p25,0.8,3.9603960396039612,1.4142135623730951,0.005,G16_fixed,False,16,20,0.004215283775675572,23.751731830649724,0.7033141378109614,5,0.0020563337647812947,26.869063933545373,0.8287118485196943,3.25,0;22.5;45;67.5;90;112.5;135;157.5;180;202.5;225;247.5;270;292.5;315;337.5
val_images,test009.png,8,rot45_padded,45.0,1000,1000,154360.0,0.15435999631881714,blur,red_gd,wavelet,15.0,fixed3p25,0.8,3.9603960396039612,1.4142135623730951,0.005,G16_fixed,False,16,20,0.004215283775675572,23.751731830649724,0.7033141378109614,6,0.001992460766367481,27.006102215593856,0.8326839956109096,3.25,0;22.5;45;67.5;90;112.5;135;157.5;180;202.5;225;247.5;270;292.5;315;337.5
val_images,test009.png,8,rot45_padded,45.0,1000,1000,154360.0,0.15435999631881714,blur,red_gd,wavelet,15.0,fixed3p25,0.8,3.9603960396039612,1.4142135623730951,0.005,G16_fixed,False,16,20,0.004215283775675572,23.751731830649724,0.7033141378109614,7,0.0019390848579416624,27.124031849752335,0.8365410505474216,3.25,0;22.5;45;67.5;90;112.5;135;157.5;180;202.5;225;247.5;270;292.5;315;337.5
val_images,test009.png,8,rot45_padded,45.0,1000,1000,154360.0,0.15435999631881714,blur,red_gd,wavelet,15.0,fixed3p25,0.8,3.9603960396039612,1.4142135623730951,0.005,G16_fixed,False,16,20,0.004215283775675572,23.751731830649724,0.7033141378109614,8,0.0018962882843373446,27.220956381057473,0.8391050648646022,3.25,0;22.5;45;67.5;90;112.5;135;157.5;180;202.5;225;247.5;270;292.5;315;337.5
val_images,test009.png,8,rot45_padded,45.0,1000,1000,154360.0,0.15435999631881714,blur,red_gd,wavelet,15.0,fixed3p25,0.8,3.9603960396039612,1.4142135623730951,0.005,G16_fixed,False,16,20,0.004215283775675572,23.751731830649724,0.7033141378109614,9,0.0018582205909557002,27.30902731812636,0.8417043558888313,3.25,0;22.5;45;67.5;90;112.5;135;157.5;180;202.5;225;247.5;270;292.5;315;337.5
val_images,test009.png,8,rot45_padded,45.0,1000,1000,154360.0,0.15435999631881714,blur,red_gd,wavelet,15.0,fixed3p25,0.8,3.9603960396039612,1.4142135623730951,0.005,G16_fixed,False,16,20,0.004215283775675572,23.751731830649724,0.7033141378109614,10,0.0018267852712029711,27.383124986311973,0.8434938516293081,3.25,0;22.5;45;67.5;90;112.5;135;157.5;180;202.5;225;247.5;270;292.5;315;337.5
val_images,test009.png,8,rot45_padded,45.0,1000,1000,154360.0,0.15435999631881714,blur,red_gd,wavelet,15.0,fixed3p25,0.8,3.9603960396039612,1.4142135623730951,0.005,G16_fixed,False,16,20,0.004215283775675572,23.751731830649724,0.7033141378109614,11,0.0017977791395975722,27.452636631843703,0.8453637195516973,3.25,0;22.5;45;67.5;90;112.5;135;157.5;180;202.5;225;247.5;270;292.5;315;337.5
val_images,test009.png,8,rot45_padded,45.0,1000,1000,154360.0,0.15435999631881714,blur,red_gd,wavelet,15.0,fixed3p25,0.8,3.9603960396039612,1.4142135623730951,0.005,G16_fixed,False,16,20,0.004215283775675572,23.751731830649724,0.7033141378109614,12,0.0017734208296049008,27.511881948622907,0.8466702230176212,3.25,0;22.5;45;67.5;90;112.5;135;157.5;180;202.5;225;247.5;270;292.5;315;337.5
val_images,test009.png,8,rot45_padded,45.0,1000,1000,154360.0,0.15435999631881714,blur,red_gd,wavelet,15.0,fixed3p25,0.8,3.9603960396039612,1.4142135623730951,0.005,G16_fixed,False,16,20,0.004215283775675572,23.751731830649724,0.7033141378109614,13,0.0017503493744711023,27.568752563074707,0.8480705108998445,3.25,0;22.5;45;67.5;90;112.5;135;157.5;180;202.5;225;247.5;270;292.5;315;337.5
val_images,test009.png,8,rot45_padded,45.0,1000,1000,154360.0,0.15435999631881714,blur,red_gd,wavelet,15.0,fixed3p25,0.8,3.9603960396039612,1.4142135623730951,0.005,G16_fixed,False,16,20,0.004215283775675572,23.751731830649724,0.7033141378109614,14,0.0017307648234924648,27.617619400958926,0.8490512236006738,3.25,0;22.5;45;67.5;90;112.5;135;157.5;180;202.5;225;247.5;270;292.5;315;337.5
val_images,test009.png,8,rot45_padded,45.0,1000,1000,154360.0,0.15435999631881714,blur,red_gd,wavelet,15.0,fixed3p25,0.8,3.9603960396039612,1.4142135623730951,0.005,G16_fixed,False,16,20,0.004215283775675572,23.751731830649724,0.7033141378109614,15,0.0017118498957135512,27.665343192858014,0.8501265305130863,3.25,0;22.5;45;67.5;90;112.5;135;157.5;180;202.5;225;247.5;270;292.5;315;337.5
val_images,test009.png,8,rot45_padded,45.0,1000,1000,154360.0,0.15435999631881714,blur,red_gd,wavelet,15.0,fixed3p25,0.8,3.9603960396039612,1.4142135623730951,0.005,G16_fixed,False,16,20,0.004215283775675572,23.751731830649724,0.7033141378109614,16,0.001695683250219657,27.70655269726207,0.850875996048199,3.25,0;22.5;45;67.5;90;112.5;135;157.5;180;202.5;225;247.5;270;292.5;315;337.5
val_images,test009.png,8,rot45_padded,45.0,1000,1000,154360.0,0.15435999631881714,blur,red_gd,wavelet,15.0,fixed3p25,0.8,3.9603960396039612,1.4142135623730951,0.005,G16_fixed,False,16,20,0.004215283775675572,23.751731830649724,0.7033141378109614,17,0.0016798309539692116,27.74734420329048,0.8517153488598083,3.25,0;22.5;45;67.5;90;112.5;135;157.5;180;202.5;225;247.5;270;292.5;315;337.5
val_images,test009.png,8,rot45_padded,45.0,1000,1000,154360.0,0.15435999631881714,blur,red_gd,wavelet,15.0,fixed3p25,0.8,3.9603960396039612,1.4142135623730951,0.005,G16_fixed,False,16,20,0.004215283775675572,23.751731830649724,0.7033141378109614,18,0.001666218643208247,27.782680105471872,0.8522929353459445,3.25,0;22.5;45;67.5;90;112.5;135;157.5;180;202.5;225;247.5;270;292.5;315;337.5
val_images,test009.png,8,rot45_padded,45.0,1000,1000,154360.0,0.15435999631881714,blur,red_gd,wavelet,15.0,fixed3p25,0.8,3.9603960396039612,1.4142135623730951,0.005,G16_fixed,False,16,20,0.004215283775675572,23.751731830649724,0.7033141378109614,19,0.0016527090396372015,27.8180359748872,0.8529542344195388,3.25,0;22.5;45;67.5;90;112.5;135;157.5;180;202.5;225;247.5;270;292.5;315;337.5
val_images,test009.png,8,rot45_padded,45.0,1000,1000,154360.0,0.15435999631881714,blur,red_gd,wavelet,15.0,fixed3p25,0.8,3.9603960396039612,1.4142135623730951,0.005,G16_fixed,False,16,20,0.004215283775675572,23.751731830649724,0.7033141378109614,20,0.0016410722853637601,27.848722888779264,0.8534008365185282,3.25,0;22.5;45;67.5;90;112.5;135;157.5;180;202.5;225;247.5;270;292.5;315;337.5
val_images,test010.png,9,upright,0.0,321,481,154401.0,1.0,blur,red_gd,wavelet,15.0,fixed3p25,0.8,3.9603960396039612,1.4142135623730951,0.005,vanilla,True,0,20,0.0025351892830878485,25.95989609690921,0.7128138540229662,1,0.0017715139736966365,27.516554176037896,0.7851948315587334,3.25,none
val_images,test010.png,9,upright,0.0,321,481,154401.0,1.0,blur,red_gd,wavelet,15.0,fixed3p25,0.8,3.9603960396039612,1.4142135623730951,0.005,vanilla,True,0,20,0.0025351892830878485,25.95989609690921,0.7128138540229662,2,0.0015636228182318282,28.058680004552798,0.8067755592580359,3.25,none
val_images,test010.png,9,upright,0.0,321,481,154401.0,1.0,blur,red_gd,wavelet,15.0,fixed3p25,0.8,3.9603960396039612,1.4142135623730951,0.005,vanilla,True,0,20,0.0025351892830878485,25.95989609690921,0.7128138540229662,3,0.0014527955119072052,28.377955104783766,0.8198368210050453,3.25,none
val_images,test010.png,9,upright,0.0,321,481,154401.0,1.0,blur,red_gd,wavelet,15.0,fixed3p25,0.8,3.9603960396039612,1.4142135623730951,0.005,vanilla,True,0,20,0.0025351892830878485,25.95989609690921,0.7128138540229662,4,0.0013805808944159102,28.59938141020983,0.8273208338190815,3.25,none
val_images,test010.png,9,upright,0.0,321,481,154401.0,1.0,blur,red_gd,wavelet,15.0,fixed3p25,0.8,3.9603960396039612,1.4142135623730951,0.005,vanilla,True,0,20,0.0025351892830878485,25.95989609690921,0.7128138540229662,5,0.001328906114490181,28.765057003207183,0.8333292854320892,3.25,none
val_images,test010.png,9,upright,0.0,321,481,154401.0,1.0,blur,red_gd,wavelet,15.0,fixed3p25,0.8,3.9603960396039612,1.4142135623730951,0.005,vanilla,True,0,20,0.0025351892830878485,25.95989609690921,0.7128138540229662,6,0.0012889282472440876,28.897712585141726,0.8374353752566369,3.25,none
val_images,test010.png,9,upright,0.0,321,481,154401.0,1.0,blur,red_gd,wavelet,15.0,fixed3p25,0.8,3.9603960396039612,1.4142135623730951,0.005,vanilla,True,0,20,0.0025351892830878485,25.95989609690921,0.7128138540229662,7,0.0012575518736646985,29.00474091376065,0.8409254251105887,3.25,none
val_images,test010.png,9,upright,0.0,321,481,154401.0,1.0,blur,red_gd,wavelet,15.0,fixed3p25,0.8,3.9603960396039612,1.4142135623730951,0.005,vanilla,True,0,20,0.0025351892830878485,25.95989609690921,0.7128138540229662,8,0.0012311936721892184,29.09673625259397,0.8435530190057059,3.25,none
val_images,test010.png,9,upright,0.0,321,481,154401.0,1.0,blur,red_gd,wavelet,15.0,fixed3p25,0.8,3.9603960396039612,1.4142135623730951,0.005,vanilla,True,0,20,0.0025351892830878485,25.95989609690921,0.7128138540229662,9,0.0012096235765555274,29.17349757004755,0.8458145308320542,3.25,none
val_images,test010.png,9,upright,0.0,321,481,154401.0,1.0,blur,red_gd,wavelet,15.0,fixed3p25,0.8,3.9603960396039612,1.4142135623730951,0.005,vanilla,True,0,20,0.0025351892830878485,25.95989609690921,0.7128138540229662,10,0.0011905589104223742,29.24249110264665,0.8476240944844917,3.25,none
val_images,test010.png,9,upright,0.0,321,481,154401.0,1.0,blur,red_gd,wavelet,15.0,fixed3p25,0.8,3.9603960396039612,1.4142135623730951,0.005,vanilla,True,0,20,0.0025351892830878485,25.95989609690921,0.7128138540229662,11,0.0011746186192363452,29.30103119304816,0.8491782355684225,3.25,none
val_images,test010.png,9,upright,0.0,321,481,154401.0,1.0,blur,red_gd,wavelet,15.0,fixed3p25,0.8,3.9603960396039612,1.4142135623730951,0.005,vanilla,True,0,20,0.0025351892830878485,25.95989609690921,0.7128138540229662,12,0.0011600304614688376,29.355306063988312,0.8504724507937125,3.25,none
val_images,test010.png,9,upright,0.0,321,481,154401.0,1.0,blur,red_gd,wavelet,15.0,fixed3p25,0.8,3.9603960396039612,1.4142135623730951,0.005,vanilla,True,0,20,0.0025351892830878485,25.95989609690921,0.7128138540229662,13,0.0011476906875198347,29.40175142254771,0.8515743907099047,3.25,none
val_images,test010.png,9,upright,0.0,321,481,154401.0,1.0,blur,red_gd,wavelet,15.0,fixed3p25,0.8,3.9603960396039612,1.4142135623730951,0.005,vanilla,True,0,20,0.0025351892830878485,25.95989609690921,0.7128138540229662,14,0.0011361038666855602,29.445819620525274,0.852516944514608,3.25,none
val_images,test010.png,9,upright,0.0,321,481,154401.0,1.0,blur,red_gd,wavelet,15.0,fixed3p25,0.8,3.9603960396039612,1.4142135623730951,0.005,vanilla,True,0,20,0.0025351892830878485,25.95989609690921,0.7128138540229662,15,0.0011262419498628976,29.483683002460587,0.8533082080103108,3.25,none
val_images,test010.png,9,upright,0.0,321,481,154401.0,1.0,blur,red_gd,wavelet,15.0,fixed3p25,0.8,3.9603960396039612,1.4142135623730951,0.005,vanilla,True,0,20,0.0025351892830878485,25.95989609690921,0.7128138540229662,16,0.0011167973740303253,29.52025615893443,0.853996857209474,3.25,none
val_images,test010.png,9,upright,0.0,321,481,154401.0,1.0,blur,red_gd,wavelet,15.0,fixed3p25,0.8,3.9603960396039612,1.4142135623730951,0.005,vanilla,True,0,20,0.0025351892830878485,25.95989609690921,0.7128138540229662,17,0.0011087365558447443,29.551716332326773,0.8545631585935324,3.25,none
val_images,test010.png,9,upright,0.0,321,481,154401.0,1.0,blur,red_gd,wavelet,15.0,fixed3p25,0.8,3.9603960396039612,1.4142135623730951,0.005,vanilla,True,0,20,0.0025351892830878485,25.95989609690921,0.7128138540229662,18,0.0011008942413127485,29.582544000295155,0.8550611516440956,3.25,none
val_images,test010.png,9,upright,0.0,321,481,154401.0,1.0,blur,red_gd,wavelet,15.0,fixed3p25,0.8,3.9603960396039612,1.4142135623730951,0.005,vanilla,True,0,20,0.0025351892830878485,25.95989609690921,0.7128138540229662,19,0.001094198502714219,29.609038838405798,0.8554580483610857,3.25,none
val_images,test010.png,9,upright,0.0,321,481,154401.0,1.0,blur,red_gd,wavelet,15.0,fixed3p25,0.8,3.9603960396039612,1.4142135623730951,0.005,vanilla,True,0,20,0.0025351892830878485,25.95989609690921,0.7128138540229662,20,0.001087599020361095,29.63531192268762,0.8558077870285814,3.25,none
val_images,test010.png,9,upright,0.0,321,481,154401.0,1.0,blur,red_gd,wavelet,15.0,fixed3p25,0.8,3.9603960396039612,1.4142135623730951,0.005,G16_fixed,True,16,20,0.0025351892830878485,25.95989609690921,0.7128138540229662,1,0.001771540854290836,27.51648827757288,0.7852458857131754,3.25,0;22.5;45;67.5;90;112.5;135;157.5;180;202.5;225;247.5;270;292.5;315;337.5
val_images,test010.png,9,upright,0.0,321,481,154401.0,1.0,blur,red_gd,wavelet,15.0,fixed3p25,0.8,3.9603960396039612,1.4142135623730951,0.005,G16_fixed,True,16,20,0.0025351892830878485,25.95989609690921,0.7128138540229662,2,0.0015644074944007407,28.05650112197604,0.8068061209124293,3.25,0;22.5;45;67.5;90;112.5;135;157.5;180;202.5;225;247.5;270;292.5;315;337.5
val_images,test010.png,9,upright,0.0,321,481,154401.0,1.0,blur,red_gd,wavelet,15.0,fixed3p25,0.8,3.9603960396039612,1.4142135623730951,0.005,G16_fixed,True,16,20,0.0025351892830878485,25.95989609690921,0.7128138540229662,3,0.0014538526505695295,28.374796074297564,0.8198682428384532,3.25,0;22.5;45;67.5;90;112.5;135;157.5;180;202.5;225;247.5;270;292.5;315;337.5
val_images,test010.png,9,upright,0.0,321,481,154401.0,1.0,blur,red_gd,wavelet,15.0,fixed3p25,0.8,3.9603960396039612,1.4142135623730951,0.005,G16_fixed,True,16,20,0.0025351892830878485,25.95989609690921,0.7128138540229662,4,0.0013821793015136418,28.594356149886075,0.8273513448747094,3.25,0;22.5;45;67.5;90;112.5;135;157.5;180;202.5;225;247.5;270;292.5;315;337.5
val_images,test010.png,9,upright,0.0,321,481,154401.0,1.0,blur,red_gd,wavelet,15.0,fixed3p25,0.8,3.9603960396039612,1.4142135623730951,0.005,G16_fixed,True,16,20,0.0025351892830878485,25.95989609690921,0.7128138540229662,5,0.0013308183920554776,28.75881205764584,0.8333655141482245,3.25,0;22.5;45;67.5;90;112.5;135;157.5;180;202.5;225;247.5;270;292.5;315;337.5
val_images,test010.png,9,upright,0.0,321,481,154401.0,1.0,blur,red_gd,wavelet,15.0,fixed3p25,0.8,3.9603960396039612,1.4142135623730951,0.005,G16_fixed,True,16,20,0.0025351892830878485,25.95989609690921,0.7128138540229662,6,0.0012913689459019757,28.88949661468642,0.8374739821147531,3.25,0;22.5;45;67.5;90;112.5;135;157.5;180;202.5;225;247.5;270;292.5;315;337.5
val_images,test010.png,9,upright,0.0,321,481,154401.0,1.0,blur,red_gd,wavelet,15.0,fixed3p25,0.8,3.9603960396039612,1.4142135623730951,0.005,G16_fixed,True,16,20,0.0025351892830878485,25.95989609690921,0.7128138540229662,7,0.0012603701853756615,28.99501878808081,0.8409704074131644,3.25,0;22.5;45;67.5;90;112.5;135;157.5;180;202.5;225;247.5;270;292.5;315;337.5
val_images,test010.png,9,upright,0.0,321,481,154401.0,1.0,blur,red_gd,wavelet,15.0,fixed3p25,0.8,3.9603960396039612,1.4142135623730951,0.005,G16_fixed,True,16,20,0.0025351892830878485,25.95989609690921,0.7128138540229662,8,0.001234573313955524,29.084831148038006,0.8435981025058128,3.25,0;22.5;45;67.5;90;112.5;135;157.5;180;202.5;225;247.5;270;292.5;315;337.5
val_images,test010.png,9,upright,0.0,321,481,154401.0,1.0,blur,red_gd,wavelet,15.0,fixed3p25,0.8,3.9603960396039612,1.4142135623730951,0.005,G16_fixed,True,16,20,0.0025351892830878485,25.95989609690921,0.7128138540229662,9,0.0012134476375575511,29.159789595137184,0.845863915227233,3.25,0;22.5;45;67.5;90;112.5;135;157.5;180;202.5;225;247.5;270;292.5;315;337.5
val_images,test010.png,9,upright,0.0,321,481,154401.0,1.0,blur,red_gd,wavelet,15.0,fixed3p25,0.8,3.9603960396039612,1.4142135623730951,0.005,G16_fixed,True,16,20,0.0025351892830878485,25.95989609690921,0.7128138540229662,10,0.0011949889707024545,29.226361030716326,0.8476698863673163,3.25,0;22.5;45;67.5;90;112.5;135;157.5;180;202.5;225;247.5;270;292.5;315;337.5
val_images,test010.png,9,upright,0.0,321,481,154401.0,1.0,blur,red_gd,wavelet,15.0,fixed3p25,0.8,3.9603960396039612,1.4142135623730951,0.005,G16_fixed,True,16,20,0.0025351892830878485,25.95989609690921,0.7128138540229662,11,0.0011795559519062276,29.282814536526587,0.8492250900253236,3.25,0;22.5;45;67.5;90;112.5;135;157.5;180;202.5;225;247.5;270;292.5;315;337.5
val_images,test010.png,9,upright,0.0,321,481,154401.0,1.0,blur,red_gd,wavelet,15.0,fixed3p25,0.8,3.9603960396039612,1.4142135623730951,0.005,G16_fixed,True,16,20,0.0025351892830878485,25.95989609690921,0.7128138540229662,12,0.0011656152013909298,29.33444797342091,0.8505129298061541,3.25,0;22.5;45;67.5;90;112.5;135;157.5;180;202.5;225;247.5;270;292.5;315;337.5
val_images,test010.png,9,upright,0.0,321,481,154401.0,1.0,blur,red_gd,wavelet,15.0,fixed3p25,0.8,3.9603960396039612,1.4142135623730951,0.005,G16_fixed,True,16,20,0.0025351892830878485,25.95989609690921,0.7128138540229662,13,0.0011538370539744115,29.37855518352201,0.8516131493643175,3.25,0;22.5;45;67.5;90;112.5;135;157.5;180;202.5;225;247.5;270;292.5;315;337.5
val_images,test010.png,9,upright,0.0,321,481,154401.0,1.0,blur,red_gd,wavelet,15.0,fixed3p25,0.8,3.9603960396039612,1.4142135623730951,0.005,G16_fixed,True,16,20,0.0025351892830878485,25.95989609690921,0.7128138540229662,14,0.0011429366765493645,29.41977830660718,0.8525463929961593,3.25,0;22.5;45;67.5;90;112.5;135;157.5;180;202.5;225;247.5;270;292.5;315;337.5
val_images,test010.png,9,upright,0.0,321,481,154401.0,1.0,blur,red_gd,wavelet,15.0,fixed3p25,0.8,3.9603960396039612,1.4142135623730951,0.005,G16_fixed,True,16,20,0.0025351892830878485,25.95989609690921,0.7128138540229662,15,0.0011336846132076034,29.455077477307746,0.8533336085906179,3.25,0;22.5;45;67.5;90;112.5;135;157.5;180;202.5;225;247.5;270;292.5;315;337.5
val_images,test010.png,9,upright,0.0,321,481,154401.0,1.0,blur,red_gd,wavelet,15.0,fixed3p25,0.8,3.9603960396039612,1.4142135623730951,0.005,G16_fixed,True,16,20,0.0025351892830878485,25.95989609690921,0.7128138540229662,16,0.001124960476829864,29.488627353270335,0.8540109236662975,3.25,0;22.5;45;67.5;90;112.5;135;157.5;180;202.5;225;247.5;270;292.5;315;337.5
val_images,test010.png,9,upright,0.0,321,481,154401.0,1.0,blur,red_gd,wavelet,15.0,fixed3p25,0.8,3.9603960396039612,1.4142135623730951,0.005,G16_fixed,True,16,20,0.0025351892830878485,25.95989609690921,0.7128138540229662,17,0.0011175504259707677,29.51732871572524,0.8545716591861452,3.25,0;22.5;45;67.5;90;112.5;135;157.5;180;202.5;225;247.5;270;292.5;315;337.5
val_images,test010.png,9,upright,0.0,321,481,154401.0,1.0,blur,red_gd,wavelet,15.0,fixed3p25,0.8,3.9603960396039612,1.4142135623730951,0.005,G16_fixed,True,16,20,0.0025351892830878485,25.95989609690921,0.7128138540229662,18,0.001110456123267802,29.5449859677254,0.8550568001502581,3.25,0;22.5;45;67.5;90;112.5;135;157.5;180;202.5;225;247.5;270;292.5;315;337.5
val_images,test010.png,9,upright,0.0,321,481,154401.0,1.0,blur,red_gd,wavelet,15.0,fixed3p25,0.8,3.9603960396039612,1.4142135623730951,0.005,G16_fixed,True,16,20,0.0025351892830878485,25.95989609690921,0.7128138540229662,19,0.0011044439621327945,29.568563146987525,0.8554475238178509,3.25,0;22.5;45;67.5;90;112.5;135;157.5;180;202.5;225;247.5;270;292.5;315;337.5
val_images,test010.png,9,upright,0.0,321,481,154401.0,1.0,blur,red_gd,wavelet,15.0,fixed3p25,0.8,3.9603960396039612,1.4142135623730951,0.005,G16_fixed,True,16,20,0.0025351892830878485,25.95989609690921,0.7128138540229662,20,0.0010986046471715188,29.591585682159174,0.8557853211766763,3.25,0;22.5;45;67.5;90;112.5;135;157.5;180;202.5;225;247.5;270;292.5;315;337.5
val_images,test010.png,9,rot45_padded,45.0,1000,1000,154360.0,0.15435999631881714,blur,red_gd,wavelet,15.0,fixed3p25,0.8,3.9603960396039612,1.4142135623730951,0.005,vanilla,False,0,20,0.002787479460934463,25.547883239565863,0.7124111755798134,1,0.0019266032159374797,27.152077191133152,0.786476823658979,3.25,none
val_images,test010.png,9,rot45_padded,45.0,1000,1000,154360.0,0.15435999631881714,blur,red_gd,wavelet,15.0,fixed3p25,0.8,3.9603960396039612,1.4142135623730951,0.005,vanilla,False,0,20,0.002787479460934463,25.547883239565863,0.7124111755798134,2,0.0016989807540130418,27.69811540773848,0.8072400253465923,3.25,none
val_images,test010.png,9,rot45_padded,45.0,1000,1000,154360.0,0.15435999631881714,blur,red_gd,wavelet,15.0,fixed3p25,0.8,3.9603960396039612,1.4142135623730951,0.005,vanilla,False,0,20,0.002787479460934463,25.547883239565863,0.7124111755798134,3,0.0015751808287103302,28.026695825707897,0.8208554677377559,3.25,none
val_images,test010.png,9,rot45_padded,45.0,1000,1000,154360.0,0.15435999631881714,blur,red_gd,wavelet,15.0,fixed3p25,0.8,3.9603960396039612,1.4142135623730951,0.005,vanilla,False,0,20,0.002787479460934463,25.547883239565863,0.7124111755798134,4,0.001497718156635159,28.24569905284351,0.8276969725803317,3.25,none
val_images,test010.png,9,rot45_padded,45.0,1000,1000,154360.0,0.15435999631881714,blur,red_gd,wavelet,15.0,fixed3p25,0.8,3.9603960396039612,1.4142135623730951,0.005,vanilla,False,0,20,0.002787479460934463,25.547883239565863,0.7124111755798134,5,0.0014403475415184573,28.415327043265325,0.83399839458085,3.25,none
val_images,test010.png,9,rot45_padded,45.0,1000,1000,154360.0,0.15435999631881714,blur,red_gd,wavelet,15.0,fixed3p25,0.8,3.9603960396039612,1.4142135623730951,0.005,vanilla,False,0,20,0.002787479460934463,25.547883239565863,0.7124111755798134,6,0.001398374701324724,28.543764416708118,0.8376578594681264,3.25,none
val_images,test010.png,9,rot45_padded,45.0,1000,1000,154360.0,0.15435999631881714,blur,red_gd,wavelet,15.0,fixed3p25,0.8,3.9603960396039612,1.4142135623730951,0.005,vanilla,False,0,20,0.002787479460934463,25.547883239565863,0.7124111755798134,7,0.0013638160549380304,28.652442013162624,0.8413417700505312,3.25,none
val_images,test010.png,9,rot45_padded,45.0,1000,1000,154360.0,0.15435999631881714,blur,red_gd,wavelet,15.0,fixed3p25,0.8,3.9603960396039612,1.4142135623730951,0.005,vanilla,False,0,20,0.002787479460934463,25.547883239565863,0.7124111755798134,8,0.001336904398732063,28.738996477773547,0.843631516827546,3.25,none
val_images,test010.png,9,rot45_padded,45.0,1000,1000,154360.0,0.15435999631881714,blur,red_gd,wavelet,15.0,fixed3p25,0.8,3.9603960396039612,1.4142135623730951,0.005,vanilla,False,0,20,0.002787479460934463,25.547883239565863,0.7124111755798134,9,0.0013135958965901544,28.815382168712823,0.846020159853589,3.25,none
val_images,test010.png,9,rot45_padded,45.0,1000,1000,154360.0,0.15435999631881714,blur,red_gd,wavelet,15.0,fixed3p25,0.8,3.9603960396039612,1.4142135623730951,0.005,vanilla,False,0,20,0.002787479460934463,25.547883239565863,0.7124111755798134,10,0.001294813133886238,28.877929039980792,0.8475542157942472,3.25,none
val_images,test010.png,9,rot45_padded,45.0,1000,1000,154360.0,0.15435999631881714,blur,red_gd,wavelet,15.0,fixed3p25,0.8,3.9603960396039612,1.4142135623730951,0.005,vanilla,False,0,20,0.002787479460934463,25.547883239565863,0.7124111755798134,11,0.0012780909403583244,28.93438243602757,0.8491861557398289,3.25,none
val_images,test010.png,9,rot45_padded,45.0,1000,1000,154360.0,0.15435999631881714,blur,red_gd,wavelet,15.0,fixed3p25,0.8,3.9603960396039612,1.4142135623730951,0.005,vanilla,False,0,20,0.002787479460934463,25.547883239565863,0.7124111755798134,12,0.0012643425104438286,28.98135259720022,0.850243444707178,3.25,none
val_images,test010.png,9,rot45_padded,45.0,1000,1000,154360.0,0.15435999631881714,blur,red_gd,wavelet,15.0,fixed3p25,0.8,3.9603960396039612,1.4142135623730951,0.005,vanilla,False,0,20,0.002787479460934463,25.547883239565863,0.7124111755798134,13,0.0012519196853578384,29.024235316085935,0.8513854585060897,3.25,none
val_images,test010.png,9,rot45_padded,45.0,1000,1000,154360.0,0.15435999631881714,blur,red_gd,wavelet,15.0,fixed3p25,0.8,3.9603960396039612,1.4142135623730951,0.005,vanilla,False,0,20,0.002787479460934463,25.547883239565863,0.7124111755798134,14,0.0012415873815927458,29.06022709852388,0.8521162987496761,3.25,none
val_images,test010.png,9,rot45_padded,45.0,1000,1000,154360.0,0.15435999631881714,blur,red_gd,wavelet,15.0,fixed3p25,0.8,3.9603960396039612,1.4142135623730951,0.005,vanilla,False,0,20,0.002787479460934463,25.547883239565863,0.7124111755798134,15,0.0012321841874311675,29.09324368790014,0.8529171862853071,3.25,none
val_images,test010.png,9,rot45_padded,45.0,1000,1000,154360.0,0.15435999631881714,blur,red_gd,wavelet,15.0,fixed3p25,0.8,3.9603960396039612,1.4142135623730951,0.005,vanilla,False,0,20,0.002787479460934463,25.547883239565863,0.7124111755798134,16,0.0012243233804537183,29.12103856865737,0.8534102503887018,3.25,none
val_images,test010.png,9,rot45_padded,45.0,1000,1000,154360.0,0.15435999631881714,blur,red_gd,wavelet,15.0,fixed3p25,0.8,3.9603960396039612,1.4142135623730951,0.005,vanilla,False,0,20,0.002787479460934463,25.547883239565863,0.7124111755798134,17,0.0012171588867060969,29.146527257011776,0.8539616197525266,3.25,none
val_images,test010.png,9,rot45_padded,45.0,1000,1000,154360.0,0.15435999631881714,blur,red_gd,wavelet,15.0,fixed3p25,0.8,3.9603960396039612,1.4142135623730951,0.005,vanilla,False,0,20,0.002787479460934463,25.547883239565863,0.7124111755798134,18,0.001211171917545885,29.167942073587394,0.8542745044052863,3.25,none
val_images,test010.png,9,rot45_padded,45.0,1000,1000,154360.0,0.15435999631881714,blur,red_gd,wavelet,15.0,fixed3p25,0.8,3.9603960396039612,1.4142135623730951,0.005,vanilla,False,0,20,0.002787479460934463,25.547883239565863,0.7124111755798134,19,0.0012057311054831745,29.187495350031686,0.8546361792238922,3.25,none
val_images,test010.png,9,rot45_padded,45.0,1000,1000,154360.0,0.15435999631881714,blur,red_gd,wavelet,15.0,fixed3p25,0.8,3.9603960396039612,1.4142135623730951,0.005,vanilla,False,0,20,0.002787479460934463,25.547883239565863,0.7124111755798134,20,0.0012012141638699206,29.20379555548745,0.8548083619461,3.25,none
val_images,test010.png,9,rot45_padded,45.0,1000,1000,154360.0,0.15435999631881714,blur,red_gd,wavelet,15.0,fixed3p25,0.8,3.9603960396039612,1.4142135623730951,0.005,G16_fixed,False,16,20,0.002787479460934463,25.547883239565863,0.7124111755798134,1,0.0019265516152126118,27.152193510933706,0.7864724710093288,3.25,0;22.5;45;67.5;90;112.5;135;157.5;180;202.5;225;247.5;270;292.5;315;337.5
val_images,test010.png,9,rot45_padded,45.0,1000,1000,154360.0,0.15435999631881714,blur,red_gd,wavelet,15.0,fixed3p25,0.8,3.9603960396039612,1.4142135623730951,0.005,G16_fixed,False,16,20,0.002787479460934463,25.547883239565863,0.7124111755798134,2,0.0016987707924428891,27.69865214593254,0.8072442261596269,3.25,0;22.5;45;67.5;90;112.5;135;157.5;180;202.5;225;247.5;270;292.5;315;337.5
val_images,test010.png,9,rot45_padded,45.0,1000,1000,154360.0,0.15435999631881714,blur,red_gd,wavelet,15.0,fixed3p25,0.8,3.9603960396039612,1.4142135623730951,0.005,G16_fixed,False,16,20,0.002787479460934463,25.547883239565863,0.7124111755798134,3,0.0015745669580179348,28.028388663838037,0.8208802171061156,3.25,0;22.5;45;67.5;90;112.5;135;157.5;180;202.5;225;247.5;270;292.5;315;337.5
val_images,test010.png,9,rot45_padded,45.0,1000,1000,154360.0,0.15435999631881714,blur,red_gd,wavelet,15.0,fixed3p25,0.8,3.9603960396039612,1.4142135623730951,0.005,G16_fixed,False,16,20,0.002787479460934463,25.547883239565863,0.7124111755798134,4,0.0014967404118656773,28.24853515268241,0.8277556321261985,3.25,0;22.5;45;67.5;90;112.5;135;157.5;180;202.5;225;247.5;270;292.5;315;337.5
val_images,test010.png,9,rot45_padded,45.0,1000,1000,154360.0,0.15435999631881714,blur,red_gd,wavelet,15.0,fixed3p25,0.8,3.9603960396039612,1.4142135623730951,0.005,G16_fixed,False,16,20,0.002787479460934463,25.547883239565863,0.7124111755798134,5,0.0014386910791686237,28.420324492985,0.8341008842964499,3.25,0;22.5;45;67.5;90;112.5;135;157.5;180;202.5;225;247.5;270;292.5;315;337.5
val_images,test010.png,9,rot45_padded,45.0,1000,1000,154360.0,0.15435999631881714,blur,red_gd,wavelet,15.0,fixed3p25,0.8,3.9603960396039612,1.4142135623730951,0.005,G16_fixed,False,16,20,0.002787479460934463,25.547883239565863,0.7124111755798134,6,0.0013963325186139037,28.55011147756573,0.8378051915975642,3.25,0;22.5;45;67.5;90;112.5;135;157.5;180;202.5;225;247.5;270;292.5;315;337.5
val_images,test010.png,9,rot45_padded,45.0,1000,1000,154360.0,0.15435999631881714,blur,red_gd,wavelet,15.0,fixed3p25,0.8,3.9603960396039612,1.4142135623730951,0.005,G16_fixed,False,16,20,0.002787479460934463,25.547883239565863,0.7124111755798134,7,0.0013609799921095573,28.661482593523484,0.8415398662218191,3.25,0;22.5;45;67.5;90;112.5;135;157.5;180;202.5;225;247.5;270;292.5;315;337.5
val_images,test010.png,9,rot45_padded,45.0,1000,1000,154360.0,0.15435999631881714,blur,red_gd,wavelet,15.0,fixed3p25,0.8,3.9603960396039612,1.4142135623730951,0.005,G16_fixed,False,16,20,0.002787479460934463,25.547883239565863,0.7124111755798134,8,0.001333450313428734,28.75023162205637,0.8438955100900493,3.25,0;22.5;45;67.5;90;112.5;135;157.5;180;202.5;225;247.5;270;292.5;315;337.5
val_images,test010.png,9,rot45_padded,45.0,1000,1000,154360.0,0.15435999631881714,blur,red_gd,wavelet,15.0,fixed3p25,0.8,3.9603960396039612,1.4142135623730951,0.005,G16_fixed,False,16,20,0.002787479460934463,25.547883239565863,0.7124111755798134,9,0.0013090479154604091,28.83044456551458,0.8463582493845556,3.25,0;22.5;45;67.5;90;112.5;135;157.5;180;202.5;225;247.5;270;292.5;315;337.5
val_images,test010.png,9,rot45_padded,45.0,1000,1000,154360.0,0.15435999631881714,blur,red_gd,wavelet,15.0,fixed3p25,0.8,3.9603960396039612,1.4142135623730951,0.005,G16_fixed,False,16,20,0.002787479460934463,25.547883239565863,0.7124111755798134,10,0.001289438552638971,28.895993490558386,0.8479787509717543,3.25,0;22.5;45;67.5;90;112.5;135;157.5;180;202.5;225;247.5;270;292.5;315;337.5
val_images,test010.png,9,rot45_padded,45.0,1000,1000,154360.0,0.15435999631881714,blur,red_gd,wavelet,15.0,fixed3p25,0.8,3.9603960396039612,1.4142135623730951,0.005,G16_fixed,False,16,20,0.002787479460934463,25.547883239565863,0.7124111755798134,11,0.0012713867013520546,28.957223355826308,0.8497049308434828,3.25,0;22.5;45;67.5;90;112.5;135;157.5;180;202.5;225;247.5;270;292.5;315;337.5
val_images,test010.png,9,rot45_padded,45.0,1000,1000,154360.0,0.15435999631881714,blur,red_gd,wavelet,15.0,fixed3p25,0.8,3.9603960396039612,1.4142135623730951,0.005,G16_fixed,False,16,20,0.002787479460934463,25.547883239565863,0.7124111755798134,12,0.0012566126823178162,29.0079856149669,0.8508688091150557,3.25,0;22.5;45;67.5;90;112.5;135;157.5;180;202.5;225;247.5;270;292.5;315;337.5
val_images,test010.png,9,rot45_padded,45.0,1000,1000,154360.0,0.15435999631881714,blur,red_gd,wavelet,15.0,fixed3p25,0.8,3.9603960396039612,1.4142135623730951,0.005,G16_fixed,False,16,20,0.002787479460934463,25.547883239565863,0.7124111755798134,13,0.001242619396090106,29.056618717520678,0.8521251052733869,3.25,0;22.5;45;67.5;90;112.5;135;157.5;180;202.5;225;247.5;270;292.5;315;337.5
val_images,test010.png,9,rot45_padded,45.0,1000,1000,154360.0,0.15435999631881714,blur,red_gd,wavelet,15.0,fixed3p25,0.8,3.9603960396039612,1.4142135623730951,0.005,G16_fixed,False,16,20,0.002787479460934463,25.547883239565863,0.7124111755798134,14,0.0012310603394598565,29.09720659942579,0.8529823748056491,3.25,0;22.5;45;67.5;90;112.5;135;157.5;180;202.5;225;247.5;270;292.5;315;337.5
val_images,test010.png,9,rot45_padded,45.0,1000,1000,154360.0,0.15435999631881714,blur,red_gd,wavelet,15.0,fixed3p25,0.8,3.9603960396039612,1.4142135623730951,0.005,G16_fixed,False,16,20,0.002787479460934463,25.547883239565863,0.7124111755798134,15,0.001219876920290332,29.136839853377268,0.8539165748898678,3.25,0;22.5;45;67.5;90;112.5;135;157.5;180;202.5;225;247.5;270;292.5;315;337.5
val_images,test010.png,9,rot45_padded,45.0,1000,1000,154360.0,0.15435999631881714,blur,red_gd,wavelet,15.0,fixed3p25,0.8,3.9603960396039612,1.4142135623730951,0.005,G16_fixed,False,16,20,0.002787479460934463,25.547883239565863,0.7124111755798134,16,0.0012106116246176249,29.16995160191309,0.8545537825537705,3.25,0;22.5;45;67.5;90;112.5;135;157.5;180;202.5;225;247.5;270;292.5;315;337.5
val_images,test010.png,9,rot45_padded,45.0,1000,1000,154360.0,0.15435999631881714,blur,red_gd,wavelet,15.0,fixed3p25,0.8,3.9603960396039612,1.4142135623730951,0.005,G16_fixed,False,16,20,0.002787479460934463,25.547883239565863,0.7124111755798134,17,0.001201481657282742,29.202828550737276,0.8552552677183208,3.25,0;22.5;45;67.5;90;112.5;135;157.5;180;202.5;225;247.5;270;292.5;315;337.5
val_images,test010.png,9,rot45_padded,45.0,1000,1000,154360.0,0.15435999631881714,blur,red_gd,wavelet,15.0,fixed3p25,0.8,3.9603960396039612,1.4142135623730951,0.005,G16_fixed,False,16,20,0.002787479460934463,25.547883239565863,0.7124111755798134,18,0.0011939306523584276,29.23020897806909,0.8557278844908007,3.25,0;22.5;45;67.5;90;112.5;135;157.5;180;202.5;225;247.5;270;292.5;315;337.5
val_images,test010.png,9,rot45_padded,45.0,1000,1000,154360.0,0.15435999631881714,blur,red_gd,wavelet,15.0,fixed3p25,0.8,3.9603960396039612,1.4142135623730951,0.005,G16_fixed,False,16,20,0.002787479460934463,25.547883239565863,0.7124111755798134,19,0.0011863601735973334,29.25783441107482,0.8562545550984711,3.25,0;22.5;45;67.5;90;112.5;135;157.5;180;202.5;225;247.5;270;292.5;315;337.5
val_images,test010.png,9,rot45_padded,45.0,1000,1000,154360.0,0.15435999631881714,blur,red_gd,wavelet,15.0,fixed3p25,0.8,3.9603960396039612,1.4142135623730951,0.005,G16_fixed,False,16,20,0.002787479460934463,25.547883239565863,0.7124111755798134,20,0.0011801328953142207,29.280690838364013,0.8566005401334542,3.25,0;22.5;45;67.5;90;112.5;135;157.5;180;202.5;225;247.5;270;292.5;315;337.5
