dataset,denoiser,noise_sigma,angle_index,angle_deg,estimator,group_size,mean_se,mean_psnr,n,psnr_from_mean_se,save_dir
val_images,nlm,15.0,0,0.0,group_avg,4,0.0005474401020133,32.996831024130266,20,32.616633920826615,results/figure5_angle_psnr_grid/sigma15/val_images/nlm
val_images,nlm,15.0,0,0.0,group_avg,8,0.0005453292916057,33.01036029450048,20,32.63341174161577,results/figure5_angle_psnr_grid/sigma15/val_images/nlm
val_images,nlm,15.0,0,0.0,group_avg,16,0.000549799013824,32.96264709777444,20,32.597960434869854,results/figure5_angle_psnr_grid/sigma15/val_images/nlm
val_images,nlm,15.0,0,0.0,group_avg,32,0.0005526701708593,32.934018400942534,20,32.5753397486238,results/figure5_angle_psnr_grid/sigma15/val_images/nlm
val_images,nlm,15.0,0,0.0,vanilla,0,0.0005662003518519,32.84717454797003,20,32.47029865088734,results/figure5_angle_psnr_grid/sigma15/val_images/nlm
val_images,nlm,15.0,1,5.0,group_avg,4,0.0004883752912282,33.4501314240456,20,33.112463167882936,results/figure5_angle_psnr_grid/sigma15/val_images/nlm
val_images,nlm,15.0,1,5.0,group_avg,8,0.0004815561370924,33.518035268767576,20,33.17353077992476,results/figure5_angle_psnr_grid/sigma15/val_images/nlm
val_images,nlm,15.0,1,5.0,group_avg,16,0.0004799922909587,33.532433083791894,20,33.18765737668071,results/figure5_angle_psnr_grid/sigma15/val_images/nlm
val_images,nlm,15.0,1,5.0,group_avg,32,0.0004796372735872,33.53474348490679,20,33.19087074354938,results/figure5_angle_psnr_grid/sigma15/val_images/nlm
val_images,nlm,15.0,1,5.0,vanilla,0,0.0005048979688435,33.30239592878916,20,32.9679637642632,results/figure5_angle_psnr_grid/sigma15/val_images/nlm
val_images,nlm,15.0,2,10.0,group_avg,4,0.0004196754580559,34.11203004898574,20,33.770864268869325,results/figure5_angle_psnr_grid/sigma15/val_images/nlm
val_images,nlm,15.0,2,10.0,group_avg,8,0.000415396842003,34.15859905354413,20,33.8153680945199,results/figure5_angle_psnr_grid/sigma15/val_images/nlm
val_images,nlm,15.0,2,10.0,group_avg,16,0.0004138479963918,34.174815920297064,20,33.83159143058043,results/figure5_angle_psnr_grid/sigma15/val_images/nlm
val_images,nlm,15.0,2,10.0,group_avg,32,0.0004126788153164,34.188754346861614,20,33.84387824864542,results/figure5_angle_psnr_grid/sigma15/val_images/nlm
val_images,nlm,15.0,2,10.0,vanilla,0,0.0004339026563484,33.9644286165221,20,33.626076911154406,results/figure5_angle_psnr_grid/sigma15/val_images/nlm
val_images,nlm,15.0,3,15.0,group_avg,4,0.0003654860885932,34.7126573388429,20,34.37129148835203,results/figure5_angle_psnr_grid/sigma15/val_images/nlm
val_images,nlm,15.0,3,15.0,group_avg,8,0.0003624553805811,34.748055149653105,20,34.40745448844928,results/figure5_angle_psnr_grid/sigma15/val_images/nlm
val_images,nlm,15.0,3,15.0,group_avg,16,0.0003605181448123,34.77217835832821,20,34.43072872432565,results/figure5_angle_psnr_grid/sigma15/val_images/nlm
val_images,nlm,15.0,3,15.0,group_avg,32,0.0003595218149913,34.785623888550624,20,34.44274752449553,results/figure5_angle_psnr_grid/sigma15/val_images/nlm
val_images,nlm,15.0,3,15.0,vanilla,0,0.0003778155530953,34.56571202761209,20,34.22720167948213,results/figure5_angle_psnr_grid/sigma15/val_images/nlm
val_images,nlm,15.0,4,20.0,group_avg,4,0.0003214081835951,35.27585150445016,20,34.929430695609696,results/figure5_angle_psnr_grid/sigma15/val_images/nlm
val_images,nlm,15.0,4,20.0,group_avg,8,0.0003198033966109,35.292511428242776,20,34.951169279520435,results/figure5_angle_psnr_grid/sigma15/val_images/nlm
val_images,nlm,15.0,4,20.0,group_avg,16,0.0003173738579038,35.32897463074009,20,34.98428848960084,results/figure5_angle_psnr_grid/sigma15/val_images/nlm
val_images,nlm,15.0,4,20.0,group_avg,32,0.000317072412508,35.33185834973982,20,34.98841542951492,results/figure5_angle_psnr_grid/sigma15/val_images/nlm
val_images,nlm,15.0,4,20.0,vanilla,0,0.0003322503042649,35.12857050890609,20,34.78534612671025,results/figure5_angle_psnr_grid/sigma15/val_images/nlm
val_images,nlm,15.0,5,25.0,group_avg,4,0.0002865295411691,35.77726310079113,20,35.428305956673384,results/figure5_angle_psnr_grid/sigma15/val_images/nlm
val_images,nlm,15.0,5,25.0,group_avg,8,0.0002857289579906,35.781804633962125,20,35.440457426126244,results/figure5_angle_psnr_grid/sigma15/val_images/nlm
val_images,nlm,15.0,5,25.0,group_avg,16,0.0002835183639705,35.81905305889644,20,35.474188058617464,results/figure5_angle_psnr_grid/sigma15/val_images/nlm
val_images,nlm,15.0,5,25.0,group_avg,32,0.0002833167475379,35.8212651896484,20,35.47727752523884,results/figure5_angle_psnr_grid/sigma15/val_images/nlm
val_images,nlm,15.0,5,25.0,vanilla,0,0.0002960397168728,35.6326709697525,20,35.2865001981402,results/figure5_angle_psnr_grid/sigma15/val_images/nlm
val_images,nlm,15.0,6,30.0,group_avg,4,0.0002583947764309,36.22832516624074,20,35.87716270050507,results/figure5_angle_psnr_grid/sigma15/val_images/nlm
val_images,nlm,15.0,6,30.0,group_avg,8,0.0002580827436521,36.22296092636842,20,35.88241032988789,results/figure5_angle_psnr_grid/sigma15/val_images/nlm
val_images,nlm,15.0,6,30.0,group_avg,16,0.0002565923230162,36.24949329520739,20,35.90756341419997,results/figure5_angle_psnr_grid/sigma15/val_images/nlm
val_images,nlm,15.0,6,30.0,group_avg,32,0.0002558861652906,36.2630978530536,20,35.91953193989124,results/figure5_angle_psnr_grid/sigma15/val_images/nlm
val_images,nlm,15.0,6,30.0,vanilla,0,0.0002670477043309,36.08263280428372,20,35.734111510806045,results/figure5_angle_psnr_grid/sigma15/val_images/nlm
val_images,nlm,15.0,7,35.0,group_avg,4,0.0002339667126398,36.66143389516381,20,36.308459269709005,results/figure5_angle_psnr_grid/sigma15/val_images/nlm
val_images,nlm,15.0,7,35.0,group_avg,8,0.0002336316304333,36.6575047397612,20,36.31468360220924,results/figure5_angle_psnr_grid/sigma15/val_images/nlm
val_images,nlm,15.0,7,35.0,group_avg,16,0.000232587628973,36.67782071832208,20,36.33413388539753,results/figure5_angle_psnr_grid/sigma15/val_images/nlm
val_images,nlm,15.0,7,35.0,group_avg,32,0.0002318583345176,36.69350202159816,20,36.34777288079812,results/figure5_angle_psnr_grid/sigma15/val_images/nlm
val_images,nlm,15.0,7,35.0,vanilla,0,0.0002417775063732,36.51636242612802,20,36.16584105925159,results/figure5_angle_psnr_grid/sigma15/val_images/nlm
val_images,nlm,15.0,8,40.0,group_avg,4,0.0002147072589212,37.0364638273647,20,36.68153272488922,results/figure5_angle_psnr_grid/sigma15/val_images/nlm
val_images,nlm,15.0,8,40.0,group_avg,8,0.0002144569707838,37.03033945228048,20,36.68659832736768,results/figure5_angle_psnr_grid/sigma15/val_images/nlm
val_images,nlm,15.0,8,40.0,group_avg,16,0.000213695298027,37.04639003020977,20,36.7020503358408,results/figure5_angle_psnr_grid/sigma15/val_images/nlm
val_images,nlm,15.0,8,40.0,group_avg,32,0.0002134584423112,37.0505638332446,20,36.706866641128855,results/figure5_angle_psnr_grid/sigma15/val_images/nlm
val_images,nlm,15.0,8,40.0,vanilla,0,0.0002218080927943,36.89215578386511,20,36.54022612416839,results/figure5_angle_psnr_grid/sigma15/val_images/nlm
val_images,nlm,15.0,9,45.0,group_avg,4,0.0001985993263244,37.37579068870737,20,37.02022229023239,results/figure5_angle_psnr_grid/sigma15/val_images/nlm
val_images,nlm,15.0,9,45.0,group_avg,8,0.0001955989349365,37.444183056612886,20,37.086335143359946,results/figure5_angle_psnr_grid/sigma15/val_images/nlm
val_images,nlm,15.0,9,45.0,group_avg,16,0.0001964366104125,37.41726582119831,20,37.06777568389983,results/figure5_angle_psnr_grid/sigma15/val_images/nlm
val_images,nlm,15.0,9,45.0,group_avg,32,0.0001969611595153,37.40200472109756,20,37.05619407702517,results/figure5_angle_psnr_grid/sigma15/val_images/nlm
val_images,nlm,15.0,9,45.0,vanilla,0,0.000205136389923,37.23595009416821,20,36.87957291650387,results/figure5_angle_psnr_grid/sigma15/val_images/nlm
val_images,nlm,15.0,10,50.0,group_avg,4,0.0002148667513577,37.03186743631961,20,36.67830782363442,results/figure5_angle_psnr_grid/sigma15/val_images/nlm
val_images,nlm,15.0,10,50.0,group_avg,8,0.0002143204668444,37.03414108808884,20,36.68936353395024,results/figure5_angle_psnr_grid/sigma15/val_images/nlm
val_images,nlm,15.0,10,50.0,group_avg,16,0.0002136084025799,37.048421450971055,20,36.70381667737404,results/figure5_angle_psnr_grid/sigma15/val_images/nlm
val_images,nlm,15.0,10,50.0,group_avg,32,0.0002134249113397,37.0511188561166,20,36.707548903193896,results/figure5_angle_psnr_grid/sigma15/val_images/nlm
val_images,nlm,15.0,10,50.0,vanilla,0,0.0002219308724732,36.891459419156895,20,36.53782279506853,results/figure5_angle_psnr_grid/sigma15/val_images/nlm
val_images,nlm,15.0,11,55.0,group_avg,4,0.0002342286186816,36.65364855205336,20,36.30360042755586,results/figure5_angle_psnr_grid/sigma15/val_images/nlm
val_images,nlm,15.0,11,55.0,group_avg,8,0.0002332237301594,36.667173493028,20,36.3222726286257,results/figure5_angle_psnr_grid/sigma15/val_images/nlm
val_images,nlm,15.0,11,55.0,group_avg,16,0.000232414333631,36.6814949479695,20,36.33737091320902,results/figure5_angle_psnr_grid/sigma15/val_images/nlm
val_images,nlm,15.0,11,55.0,group_avg,32,0.0002317716691212,36.694694579835655,20,36.34939651617828,results/figure5_angle_psnr_grid/sigma15/val_images/nlm
val_images,nlm,15.0,11,55.0,vanilla,0,0.0002419901695396,36.51173669291327,20,36.16202276174084,results/figure5_angle_psnr_grid/sigma15/val_images/nlm
val_images,nlm,15.0,12,60.0,group_avg,4,0.0002587001931038,36.21980287667019,20,35.87203247109155,results/figure5_angle_psnr_grid/sigma15/val_images/nlm
val_images,nlm,15.0,12,60.0,group_avg,8,0.0002573730230273,36.23814547800644,20,35.894369763296964,results/figure5_angle_psnr_grid/sigma15/val_images/nlm
val_images,nlm,15.0,12,60.0,group_avg,16,0.0002562076090719,36.25753866377248,20,35.91407976352067,results/figure5_angle_psnr_grid/sigma15/val_images/nlm
val_images,nlm,15.0,12,60.0,group_avg,32,0.0002557173818455,36.26645927864048,20,35.92239750725893,results/figure5_angle_psnr_grid/sigma15/val_images/nlm
val_images,nlm,15.0,12,60.0,vanilla,0,0.0002672929950994,36.077128797298926,20,35.73012422573478,results/figure5_angle_psnr_grid/sigma15/val_images/nlm
val_images,nlm,15.0,13,65.0,group_avg,4,0.0002869907297301,35.76635692510326,20,35.421321314613664,results/figure5_angle_psnr_grid/sigma15/val_images/nlm
val_images,nlm,15.0,13,65.0,group_avg,8,0.0002847810088242,35.79960995853317,20,35.45488975842148,results/figure5_angle_psnr_grid/sigma15/val_images/nlm
val_images,nlm,15.0,13,65.0,group_avg,16,0.0002829941685948,35.82863589080538,20,35.48222513497532,results/figure5_angle_psnr_grid/sigma15/val_images/nlm
val_images,nlm,15.0,13,65.0,group_avg,32,0.0002830043015455,35.82632325659337,20,35.48206963333304,results/figure5_angle_psnr_grid/sigma15/val_images/nlm
val_images,nlm,15.0,13,65.0,vanilla,0,0.0002965319508949,35.623167959912465,20,35.27928505167185,results/figure5_angle_psnr_grid/sigma15/val_images/nlm
val_images,nlm,15.0,14,70.0,group_avg,4,0.0003218412380861,35.26651180129286,20,34.92358309752717,results/figure5_angle_psnr_grid/sigma15/val_images/nlm
val_images,nlm,15.0,14,70.0,group_avg,8,0.0003186413682067,35.31196309176004,20,34.9669784178782,results/figure5_angle_psnr_grid/sigma15/val_images/nlm
val_images,nlm,15.0,14,70.0,group_avg,16,0.0003168146502566,35.33789581886836,20,34.991947438170456,results/figure5_angle_psnr_grid/sigma15/val_images/nlm
val_images,nlm,15.0,14,70.0,group_avg,32,0.0003168136605575,35.33623930547337,20,34.99196100514209,results/figure5_angle_psnr_grid/sigma15/val_images/nlm
val_images,nlm,15.0,14,70.0,vanilla,0,0.0003325573272388,35.12230147340967,20,34.781334789098295,results/figure5_angle_psnr_grid/sigma15/val_images/nlm
val_images,nlm,15.0,15,75.0,group_avg,4,0.0003655423630407,34.70836290137607,20,34.37062285002433,results/figure5_angle_psnr_grid/sigma15/val_images/nlm
val_images,nlm,15.0,15,75.0,group_avg,8,0.0003610097914389,34.76828771389758,20,34.424810188415535,results/figure5_angle_psnr_grid/sigma15/val_images/nlm
val_images,nlm,15.0,15,75.0,group_avg,16,0.0003597815292781,34.78217438509856,20,34.43961136539289,results/figure5_angle_psnr_grid/sigma15/val_images/nlm
val_images,nlm,15.0,15,75.0,group_avg,32,0.0003590690690814,34.791382614937895,20,34.448220042468215,results/figure5_angle_psnr_grid/sigma15/val_images/nlm
val_images,nlm,15.0,15,75.0,vanilla,0,0.0003777646112825,34.56372343199805,20,34.227787289038275,results/figure5_angle_psnr_grid/sigma15/val_images/nlm
val_images,nlm,15.0,16,80.0,group_avg,4,0.0004198860684454,34.108341383665845,20,33.768685347395994,results/figure5_angle_psnr_grid/sigma15/val_images/nlm
val_images,nlm,15.0,16,80.0,group_avg,8,0.0004140386815783,34.175677624047566,20,33.82959083006496,results/figure5_angle_psnr_grid/sigma15/val_images/nlm
val_images,nlm,15.0,16,80.0,group_avg,16,0.0004130529352807,34.184549390613505,20,33.83994287260893,results/figure5_angle_psnr_grid/sigma15/val_images/nlm
val_images,nlm,15.0,16,80.0,group_avg,32,0.0004121930731917,34.19441591374513,20,33.8489931071271,results/figure5_angle_psnr_grid/sigma15/val_images/nlm
val_images,nlm,15.0,16,80.0,vanilla,0,0.0004339309112286,33.96389125550148,20,33.625794116411335,results/figure5_angle_psnr_grid/sigma15/val_images/nlm
val_images,nlm,15.0,17,85.0,group_avg,4,0.000488397960551,33.44948614763858,20,33.11226158247344,results/figure5_angle_psnr_grid/sigma15/val_images/nlm
val_images,nlm,15.0,17,85.0,group_avg,8,0.0004806066090241,33.528404018965524,20,33.182102613245334,results/figure5_angle_psnr_grid/sigma15/val_images/nlm
val_images,nlm,15.0,17,85.0,group_avg,16,0.0004794616466388,33.537614994405935,20,33.19246127428278,results/figure5_angle_psnr_grid/sigma15/val_images/nlm
val_images,nlm,15.0,17,85.0,group_avg,32,0.0004792884290218,33.5377640266412,20,33.19403055616236,results/figure5_angle_psnr_grid/sigma15/val_images/nlm
val_images,nlm,15.0,17,85.0,vanilla,0,0.0005047012846916,33.30530191982313,20,32.969655897901845,results/figure5_angle_psnr_grid/sigma15/val_images/nlm
val_images,nlm,15.0,18,90.0,group_avg,4,0.0005474400898766,32.99683107500472,20,32.61663401710877,results/figure5_angle_psnr_grid/sigma15/val_images/nlm
val_images,nlm,15.0,18,90.0,group_avg,8,0.000545329282779,33.01036028480182,20,32.63341181191019,results/figure5_angle_psnr_grid/sigma15/val_images/nlm
val_images,nlm,15.0,18,90.0,group_avg,16,0.0005497990072041,32.9626472040975,20,32.59796048716207,results/figure5_angle_psnr_grid/sigma15/val_images/nlm
val_images,nlm,15.0,18,90.0,group_avg,32,0.0005526701454827,32.93401858066507,20,32.575339948035925,results/figure5_angle_psnr_grid/sigma15/val_images/nlm
val_images,nlm,15.0,18,90.0,vanilla,0,0.0005661397051119,32.8504708872007,20,32.47076385644767,results/figure5_angle_psnr_grid/sigma15/val_images/nlm
val_images,nlm,15.0,19,95.0,group_avg,4,0.0004884897181764,33.44924052156328,20,33.111445729610445,results/figure5_angle_psnr_grid/sigma15/val_images/nlm
val_images,nlm,15.0,19,95.0,group_avg,8,0.0004816630547866,33.51712117810848,20,33.17256664288938,results/figure5_angle_psnr_grid/sigma15/val_images/nlm
val_images,nlm,15.0,19,95.0,group_avg,16,0.000480053724721,33.5318814872718,20,33.187101562822306,results/figure5_angle_psnr_grid/sigma15/val_images/nlm
val_images,nlm,15.0,19,95.0,group_avg,32,0.0004796616025269,33.53449284099647,20,33.1906504592461,results/figure5_angle_psnr_grid/sigma15/val_images/nlm
val_images,nlm,15.0,19,95.0,vanilla,0,0.0005047849994152,33.30499722061031,20,32.968935594056944,results/figure5_angle_psnr_grid/sigma15/val_images/nlm
val_images,nlm,15.0,20,100.0,group_avg,4,0.0004197221005621,34.11185351829515,20,33.770381623122525,results/figure5_angle_psnr_grid/sigma15/val_images/nlm
val_images,nlm,15.0,20,100.0,group_avg,8,0.0004153692537534,34.1589260507425,20,33.815656537310794,results/figure5_angle_psnr_grid/sigma15/val_images/nlm
val_images,nlm,15.0,20,100.0,group_avg,16,0.0004137987915244,34.17532492668023,20,33.83210782000499,results/figure5_angle_psnr_grid/sigma15/val_images/nlm
val_images,nlm,15.0,20,100.0,group_avg,32,0.0004126129494923,34.18944852468032,20,33.844571462009455,results/figure5_angle_psnr_grid/sigma15/val_images/nlm
val_images,nlm,15.0,20,100.0,vanilla,0,0.0004336102603238,33.96861702867734,20,33.62900449833806,results/figure5_angle_psnr_grid/sigma15/val_images/nlm
val_images,nlm,15.0,21,105.0,group_avg,4,0.0003654917535161,34.71231437683187,20,34.37122417455281,results/figure5_angle_psnr_grid/sigma15/val_images/nlm
val_images,nlm,15.0,21,105.0,group_avg,8,0.0003624634495436,34.74753154255561,20,34.4073578071182,results/figure5_angle_psnr_grid/sigma15/val_images/nlm
val_images,nlm,15.0,21,105.0,group_avg,16,0.0003605455875048,34.771562146518804,20,34.43039815132942,results/figure5_angle_psnr_grid/sigma15/val_images/nlm
val_images,nlm,15.0,21,105.0,group_avg,32,0.0003595727205798,34.78489173844333,20,34.44213263966102,results/figure5_angle_psnr_grid/sigma15/val_images/nlm
val_images,nlm,15.0,21,105.0,vanilla,0,0.0003776385569938,34.568651180145665,20,34.229236705318456,results/figure5_angle_psnr_grid/sigma15/val_images/nlm
val_images,nlm,15.0,22,110.0,group_avg,4,0.0003213572229984,35.275963188665216,20,34.930119342066426,results/figure5_angle_psnr_grid/sigma15/val_images/nlm
val_images,nlm,15.0,22,110.0,group_avg,8,0.0003197748151324,35.29249641797385,20,34.95155743465639,results/figure5_angle_psnr_grid/sigma15/val_images/nlm
val_images,nlm,15.0,22,110.0,group_avg,16,0.0003173444495259,35.32897541979431,20,34.98469093257769,results/figure5_angle_psnr_grid/sigma15/val_images/nlm
val_images,nlm,15.0,22,110.0,group_avg,32,0.0003170218739618,35.332184066988816,20,34.98910771179121,results/figure5_angle_psnr_grid/sigma15/val_images/nlm
val_images,nlm,15.0,22,110.0,vanilla,0,0.0003319895655441,35.1319607657688,20,34.788755659881986,results/figure5_angle_psnr_grid/sigma15/val_images/nlm
val_images,nlm,15.0,23,115.0,group_avg,4,0.000286469625354,35.77732200742122,20,35.42921419911043,results/figure5_angle_psnr_grid/sigma15/val_images/nlm
val_images,nlm,15.0,23,115.0,group_avg,8,0.0002856922630638,35.78201123626501,20,35.441015207448764,results/figure5_angle_psnr_grid/sigma15/val_images/nlm
val_images,nlm,15.0,23,115.0,group_avg,16,0.0002834121615868,35.82044988011315,20,35.47581517543931,results/figure5_angle_psnr_grid/sigma15/val_images/nlm
val_images,nlm,15.0,23,115.0,group_avg,32,0.0002831936433749,35.82297039718172,20,35.479164991396935,results/figure5_angle_psnr_grid/sigma15/val_images/nlm
val_images,nlm,15.0,23,115.0,vanilla,0,0.0002960339719789,35.63158334561462,20,35.286584477369104,results/figure5_angle_psnr_grid/sigma15/val_images/nlm
val_images,nlm,15.0,24,120.0,group_avg,4,0.0002583280453072,36.22873936413959,20,35.87828442216079,results/figure5_angle_psnr_grid/sigma15/val_images/nlm
val_images,nlm,15.0,24,120.0,group_avg,8,0.0002580450011675,36.22316471095348,20,35.88304549639456,results/figure5_angle_psnr_grid/sigma15/val_images/nlm
val_images,nlm,15.0,24,120.0,group_avg,16,0.0002565140495834,36.25048394310361,20,35.908888430687995,results/figure5_angle_psnr_grid/sigma15/val_images/nlm
val_images,nlm,15.0,24,120.0,group_avg,32,0.0002557862427912,36.26454506915057,20,35.92122817326093,results/figure5_angle_psnr_grid/sigma15/val_images/nlm
val_images,nlm,15.0,24,120.0,vanilla,0,0.0002669035390352,36.08314324684237,20,35.736456676014484,results/figure5_angle_psnr_grid/sigma15/val_images/nlm
val_images,nlm,15.0,25,125.0,group_avg,4,0.0002339342976482,36.66225474931879,20,36.30906100604575,results/figure5_angle_psnr_grid/sigma15/val_images/nlm
val_images,nlm,15.0,25,125.0,group_avg,8,0.0002336428126742,36.65753527438788,20,36.314475742112776,results/figure5_angle_psnr_grid/sigma15/val_images/nlm
val_images,nlm,15.0,25,125.0,group_avg,16,0.0002325316854587,36.67896236942583,20,36.33517860484553,results/figure5_angle_psnr_grid/sigma15/val_images/nlm
val_images,nlm,15.0,25,125.0,group_avg,32,0.0002317868178065,36.69488089157635,20,36.349112668912426,results/figure5_angle_psnr_grid/sigma15/val_images/nlm
val_images,nlm,15.0,25,125.0,vanilla,0,0.0002417993763397,36.51520564403973,20,36.16544823626472,results/figure5_angle_psnr_grid/sigma15/val_images/nlm
val_images,nlm,15.0,26,130.0,group_avg,4,0.0002145452149553,37.03914166148695,20,36.68481167179514,results/figure5_angle_psnr_grid/sigma15/val_images/nlm
val_images,nlm,15.0,26,130.0,group_avg,8,0.0002143366379351,37.03236274897373,20,36.68903585873509,results/figure5_angle_psnr_grid/sigma15/val_images/nlm
val_images,nlm,15.0,26,130.0,group_avg,16,0.0002135375611582,37.049315910357976,20,36.70525721720982,results/figure5_angle_psnr_grid/sigma15/val_images/nlm
val_images,nlm,15.0,26,130.0,group_avg,32,0.0002132908542304,37.05378456241976,20,36.71027766408908,results/figure5_angle_psnr_grid/sigma15/val_images/nlm
val_images,nlm,15.0,26,130.0,vanilla,0,0.0002218156678276,36.8902281919733,20,36.54007780951632,results/figure5_angle_psnr_grid/sigma15/val_images/nlm
val_images,nlm,15.0,27,135.0,group_avg,4,0.0001985164516448,37.37900029309209,20,37.02203496142523,results/figure5_angle_psnr_grid/sigma15/val_images/nlm
val_images,nlm,15.0,27,135.0,group_avg,8,0.0001954050498962,37.45043666028918,20,37.09064216903161,results/figure5_angle_psnr_grid/sigma15/val_images/nlm
val_images,nlm,15.0,27,135.0,group_avg,16,0.0001962598739624,37.42291935233848,20,37.07168484394109,results/figure5_angle_psnr_grid/sigma15/val_images/nlm
val_images,nlm,15.0,27,135.0,group_avg,32,0.0001967952766418,37.40718963876778,20,37.05985329446342,results/figure5_angle_psnr_grid/sigma15/val_images/nlm
val_images,nlm,15.0,27,135.0,vanilla,0,0.0002051576942443,37.23419217944915,20,36.879121905897485,results/figure5_angle_psnr_grid/sigma15/val_images/nlm
val_images,nlm,15.0,28,140.0,group_avg,4,0.0002148537711215,37.03300567169615,20,36.678570191599306,results/figure5_angle_psnr_grid/sigma15/val_images/nlm
val_images,nlm,15.0,28,140.0,group_avg,8,0.0002142662330351,37.03677606001495,20,36.69046265551581,results/figure5_angle_psnr_grid/sigma15/val_images/nlm
val_images,nlm,15.0,28,140.0,group_avg,16,0.0002135439004104,37.05111988420818,20,36.70512829088061,results/figure5_angle_psnr_grid/sigma15/val_images/nlm
val_images,nlm,15.0,28,140.0,group_avg,32,0.0002133436667678,37.05420381597767,20,36.70920244900373,results/figure5_angle_psnr_grid/sigma15/val_images/nlm
val_images,nlm,15.0,28,140.0,vanilla,0,0.0002222159755908,36.885660692289136,20,36.53224721895841,results/figure5_angle_psnr_grid/sigma15/val_images/nlm
val_images,nlm,15.0,29,145.0,group_avg,4,0.0002341884556836,36.65613915846862,20,36.30434517275872,results/figure5_angle_psnr_grid/sigma15/val_images/nlm
val_images,nlm,15.0,29,145.0,group_avg,8,0.0002331406179145,36.67031583180715,20,36.32382056812132,results/figure5_angle_psnr_grid/sigma15/val_images/nlm
val_images,nlm,15.0,29,145.0,group_avg,16,0.0002323430251369,36.68438792424898,20,36.33870360370348,results/figure5_angle_psnr_grid/sigma15/val_images/nlm
val_images,nlm,15.0,29,145.0,group_avg,32,0.0002317082230632,36.697422977029966,20,36.35058553315701,results/figure5_angle_psnr_grid/sigma15/val_images/nlm
val_images,nlm,15.0,29,145.0,vanilla,0,0.0002421552169749,36.50965637879558,20,36.15906170106935,results/figure5_angle_psnr_grid/sigma15/val_images/nlm
val_images,nlm,15.0,30,150.0,group_avg,4,0.0002587499727446,36.21878211625093,20,35.87119687281364,results/figure5_angle_psnr_grid/sigma15/val_images/nlm
val_images,nlm,15.0,30,150.0,group_avg,8,0.0002573973586189,36.23795690961957,20,35.89395914087033,results/figure5_angle_psnr_grid/sigma15/val_images/nlm
val_images,nlm,15.0,30,150.0,group_avg,16,0.0002562077530724,36.25788535547012,20,35.91407732258575,results/figure5_angle_psnr_grid/sigma15/val_images/nlm
val_images,nlm,15.0,30,150.0,group_avg,32,0.0002556833477452,36.26746461848987,20,35.92297555969913,results/figure5_angle_psnr_grid/sigma15/val_images/nlm
val_images,nlm,15.0,30,150.0,vanilla,0,0.000267503745539,36.07374918791886,20,35.726701326874704,results/figure5_angle_psnr_grid/sigma15/val_images/nlm
val_images,nlm,15.0,31,155.0,group_avg,4,0.0002869956497724,35.76619476413333,20,35.4212468617248,results/figure5_angle_psnr_grid/sigma15/val_images/nlm
val_images,nlm,15.0,31,155.0,group_avg,8,0.0002848208375289,35.799090111036385,20,35.45428240833004,results/figure5_angle_psnr_grid/sigma15/val_images/nlm
val_images,nlm,15.0,31,155.0,group_avg,16,0.0002829814590797,35.828889003602235,20,35.48242018479657,results/figure5_angle_psnr_grid/sigma15/val_images/nlm
val_images,nlm,15.0,31,155.0,group_avg,32,0.0002829933399041,35.82675733549145,20,35.48223785242131,results/figure5_angle_psnr_grid/sigma15/val_images/nlm
val_images,nlm,15.0,31,155.0,vanilla,0,0.0002967701909573,35.62043948898441,20,35.27579723854224,results/figure5_angle_psnr_grid/sigma15/val_images/nlm
val_images,nlm,15.0,32,160.0,group_avg,4,0.000321716875112,35.267607363047446,20,34.92526158321465,results/figure5_angle_psnr_grid/sigma15/val_images/nlm
val_images,nlm,15.0,32,160.0,group_avg,8,0.0003185510580085,35.312944471343094,20,34.968209481505696,results/figure5_angle_psnr_grid/sigma15/val_images/nlm
val_images,nlm,15.0,32,160.0,group_avg,16,0.0003167138188995,35.33917865774171,20,34.99332987020013,results/figure5_angle_psnr_grid/sigma15/val_images/nlm
val_images,nlm,15.0,32,160.0,group_avg,32,0.0003167153154277,35.33742727852822,20,34.99330934907354,results/figure5_angle_psnr_grid/sigma15/val_images/nlm
val_images,nlm,15.0,32,160.0,vanilla,0,0.0003327123217386,35.12168125208712,20,34.779311150794776,results/figure5_angle_psnr_grid/sigma15/val_images/nlm
val_images,nlm,15.0,33,165.0,group_avg,4,0.0003656669279534,34.70655780487417,20,34.369143168203244,results/figure5_angle_psnr_grid/sigma15/val_images/nlm
val_images,nlm,15.0,33,165.0,group_avg,8,0.0003611114437863,34.76708417218144,20,34.42358748364828,results/figure5_angle_psnr_grid/sigma15/val_images/nlm
val_images,nlm,15.0,33,165.0,group_avg,16,0.0003598317695935,34.78175632740833,20,34.43900495381627,results/figure5_angle_psnr_grid/sigma15/val_images/nlm
val_images,nlm,15.0,33,165.0,group_avg,32,0.0003591170425916,34.79112034192514,20,34.4476398410287,results/figure5_angle_psnr_grid/sigma15/val_images/nlm
val_images,nlm,15.0,33,165.0,vanilla,0,0.0003781729099783,34.56006599623685,20,34.22309584608618,results/figure5_angle_psnr_grid/sigma15/val_images/nlm
val_images,nlm,15.0,34,170.0,group_avg,4,0.0004200807229682,34.10636056295075,20,33.76667247289876,results/figure5_angle_psnr_grid/sigma15/val_images/nlm
val_images,nlm,15.0,34,170.0,group_avg,8,0.0004142056020261,34.174139039203645,20,33.82784031679705,results/figure5_angle_psnr_grid/sigma15/val_images/nlm
val_images,nlm,15.0,34,170.0,group_avg,16,0.0004131612755675,34.18362827896143,20,33.83880390432738,results/figure5_angle_psnr_grid/sigma15/val_images/nlm
val_images,nlm,15.0,34,170.0,group_avg,32,0.0004122960876452,34.1935692397783,20,33.847907862807695,results/figure5_angle_psnr_grid/sigma15/val_images/nlm
val_images,nlm,15.0,34,170.0,vanilla,0,0.0004345067814853,33.95907976875937,20,33.62003440990526,results/figure5_angle_psnr_grid/sigma15/val_images/nlm
val_images,nlm,15.0,35,175.0,group_avg,4,0.0004884461006149,33.44877539963833,20,33.111833531263414,results/figure5_angle_psnr_grid/sigma15/val_images/nlm
val_images,nlm,15.0,35,175.0,group_avg,8,0.0004806576892733,33.52782577866283,20,33.18164105713754,results/figure5_angle_psnr_grid/sigma15/val_images/nlm
val_images,nlm,15.0,35,175.0,group_avg,16,0.0004795156847685,33.536997702350945,20,33.191971826601005,results/figure5_angle_psnr_grid/sigma15/val_images/nlm
val_images,nlm,15.0,35,175.0,group_avg,32,0.0004793037828058,33.537544326710055,20,33.19389143415468,results/figure5_angle_psnr_grid/sigma15/val_images/nlm
val_images,nlm,15.0,35,175.0,vanilla,0,0.0005051872655749,33.30176461222736,20,32.96547605385592,results/figure5_angle_psnr_grid/sigma15/val_images/nlm
val_images,restormer,15.0,0,0.0,group_avg,4,0.0006944608443415,31.68039279501246,20,31.58352235982233,results/figure5_angle_psnr_grid/sigma15/val_images/restormer
val_images,restormer,15.0,0,0.0,group_avg,8,0.0006605413313228,31.880781391413915,20,31.80100002570504,results/figure5_angle_psnr_grid/sigma15/val_images/restormer
val_images,restormer,15.0,0,0.0,group_avg,16,0.0007223231264285,31.46838587248121,20,31.412684802254937,results/figure5_angle_psnr_grid/sigma15/val_images/restormer
val_images,restormer,15.0,0,0.0,group_avg,32,0.0007685328286791,31.19087428477188,20,31.143375764274825,results/figure5_angle_psnr_grid/sigma15/val_images/restormer
val_images,restormer,15.0,0,0.0,vanilla,0,0.0013183654830348,28.85744085715553,20,28.79964176038136,results/figure5_angle_psnr_grid/sigma15/val_images/restormer
val_images,restormer,15.0,1,5.0,group_avg,4,0.0007511617299169,31.277274058397104,20,31.242665465530223,results/figure5_angle_psnr_grid/sigma15/val_images/restormer
val_images,restormer,15.0,1,5.0,group_avg,8,0.0007217933684587,31.453267041230117,20,31.415871123776512,results/figure5_angle_psnr_grid/sigma15/val_images/restormer
val_images,restormer,15.0,1,5.0,group_avg,16,0.0007225672528147,31.446390474614446,20,31.41121724810775,results/figure5_angle_psnr_grid/sigma15/val_images/restormer
val_images,restormer,15.0,1,5.0,group_avg,32,0.0007221395652741,31.449575224532037,20,31.41378859811432,results/figure5_angle_psnr_grid/sigma15/val_images/restormer
val_images,restormer,15.0,1,5.0,vanilla,0,0.0008202654197812,30.903406488806706,20,30.860455967688623,results/figure5_angle_psnr_grid/sigma15/val_images/restormer
val_images,restormer,15.0,2,10.0,group_avg,4,0.0006868198477302,31.662643889195785,20,31.631571630813045,results/figure5_angle_psnr_grid/sigma15/val_images/restormer
val_images,restormer,15.0,2,10.0,group_avg,8,0.0006285487757688,32.05100287535205,20,32.01661015153303,results/figure5_angle_psnr_grid/sigma15/val_images/restormer
val_images,restormer,15.0,2,10.0,group_avg,16,0.0006278711666306,32.0565581678868,20,32.021294603414205,results/figure5_angle_psnr_grid/sigma15/val_images/restormer
val_images,restormer,15.0,2,10.0,group_avg,32,0.0006336151472386,32.01581803239041,20,31.98174449026599,results/figure5_angle_psnr_grid/sigma15/val_images/restormer
val_images,restormer,15.0,2,10.0,vanilla,0,0.0008758490309447,30.709691391966675,20,30.575707462040377,results/figure5_angle_psnr_grid/sigma15/val_images/restormer
val_images,restormer,15.0,3,15.0,group_avg,4,0.0006550238381518,31.877441072294392,20,31.8374289452816,results/figure5_angle_psnr_grid/sigma15/val_images/restormer
val_images,restormer,15.0,3,15.0,group_avg,8,0.0005701830120657,32.4707382476963,20,32.43985726128613,results/figure5_angle_psnr_grid/sigma15/val_images/restormer
val_images,restormer,15.0,3,15.0,group_avg,16,0.0005622701526471,32.53298452264519,20,32.50054969815636,results/figure5_angle_psnr_grid/sigma15/val_images/restormer
val_images,restormer,15.0,3,15.0,group_avg,32,0.0005676181506204,32.49080046324401,20,32.459437256382905,results/figure5_angle_psnr_grid/sigma15/val_images/restormer
val_images,restormer,15.0,3,15.0,vanilla,0,0.0010417327351427,30.104203967587488,20,29.82243688465477,results/figure5_angle_psnr_grid/sigma15/val_images/restormer
val_images,restormer,15.0,4,20.0,group_avg,4,0.0006501116427393,31.930645295826597,20,31.870120561845027,results/figure5_angle_psnr_grid/sigma15/val_images/restormer
val_images,restormer,15.0,4,20.0,group_avg,8,0.0005335403786805,32.754813443559875,20,32.72832707308762,results/figure5_angle_psnr_grid/sigma15/val_images/restormer
val_images,restormer,15.0,4,20.0,group_avg,16,0.000519703456123,32.870739315219325,20,32.84244395029768,results/figure5_angle_psnr_grid/sigma15/val_images/restormer
val_images,restormer,15.0,4,20.0,group_avg,32,0.0005178982203572,32.88513752489688,20,32.85755581336537,results/figure5_angle_psnr_grid/sigma15/val_images/restormer
val_images,restormer,15.0,4,20.0,vanilla,0,0.0012363950742197,29.46988119468305,20,29.078427338282754,results/figure5_angle_psnr_grid/sigma15/val_images/restormer
val_images,restormer,15.0,5,25.0,group_avg,4,0.0006647766038518,31.863710708991658,20,31.773242735152422,results/figure5_angle_psnr_grid/sigma15/val_images/restormer
val_images,restormer,15.0,5,25.0,group_avg,8,0.0005061770018281,32.988861467619,20,32.95697590916245,results/figure5_angle_psnr_grid/sigma15/val_images/restormer
val_images,restormer,15.0,5,25.0,group_avg,16,0.0004902010613505,33.12214910040956,20,33.096257527776004,results/figure5_angle_psnr_grid/sigma15/val_images/restormer
val_images,restormer,15.0,5,25.0,group_avg,32,0.0004808807803022,33.20461023014098,20,33.17962580329959,results/figure5_angle_psnr_grid/sigma15/val_images/restormer
val_images,restormer,15.0,5,25.0,vanilla,0,0.001361826048063,29.025772593544296,20,28.658783631949465,results/figure5_angle_psnr_grid/sigma15/val_images/restormer
val_images,restormer,15.0,6,30.0,group_avg,4,0.0005898460836198,32.350368061770865,20,32.29261299807351,results/figure5_angle_psnr_grid/sigma15/val_images/restormer
val_images,restormer,15.0,6,30.0,group_avg,8,0.000463905789534,33.36319983398248,20,33.33570207461821,results/figure5_angle_psnr_grid/sigma15/val_images/restormer
val_images,restormer,15.0,6,30.0,group_avg,16,0.0004582208631077,33.41404506530624,20,33.38925140973143,results/figure5_angle_psnr_grid/sigma15/val_images/restormer
val_images,restormer,15.0,6,30.0,group_avg,32,0.000448228941749,33.50862470305387,20,33.48500104882408,results/figure5_angle_psnr_grid/sigma15/val_images/restormer
val_images,restormer,15.0,6,30.0,vanilla,0,0.0010468639535871,29.971026218418118,20,29.80109753894605,results/figure5_angle_psnr_grid/sigma15/val_images/restormer
val_images,restormer,15.0,7,35.0,group_avg,4,0.0005408107950294,32.709794036560695,20,32.66954648103879,results/figure5_angle_psnr_grid/sigma15/val_images/restormer
val_images,restormer,15.0,7,35.0,group_avg,8,0.0004390092709427,33.60344005458383,20,33.57526308284633,results/figure5_angle_psnr_grid/sigma15/val_images/restormer
val_images,restormer,15.0,7,35.0,group_avg,16,0.0004388478848062,33.60115344853109,20,33.57685990549267,results/figure5_angle_psnr_grid/sigma15/val_images/restormer
val_images,restormer,15.0,7,35.0,group_avg,32,0.0004292098781687,33.69692589599817,20,33.673302914012595,results/figure5_angle_psnr_grid/sigma15/val_images/restormer
val_images,restormer,15.0,7,35.0,vanilla,0,0.00083392983643,30.87819164648497,20,30.788704876513727,results/figure5_angle_psnr_grid/sigma15/val_images/restormer
val_images,restormer,15.0,8,40.0,group_avg,4,0.0004880911194246,33.14636381175724,20,33.114990940438815,results/figure5_angle_psnr_grid/sigma15/val_images/restormer
val_images,restormer,15.0,8,40.0,group_avg,8,0.000415119708967,33.84359726555693,20,33.818266467890496,results/figure5_angle_psnr_grid/sigma15/val_images/restormer
val_images,restormer,15.0,8,40.0,group_avg,16,0.0004158649600145,33.83067225527948,20,33.81047670915264,results/figure5_angle_psnr_grid/sigma15/val_images/restormer
val_images,restormer,15.0,8,40.0,group_avg,32,0.000410713015652,33.88409282013366,20,33.864615339705225,results/figure5_angle_psnr_grid/sigma15/val_images/restormer
val_images,restormer,15.0,8,40.0,vanilla,0,0.0006876253759075,31.685907380955022,20,31.626481046242368,results/figure5_angle_psnr_grid/sigma15/val_images/restormer
val_images,restormer,15.0,9,45.0,group_avg,4,0.0004007446777343,34.015272569054765,20,33.97132236774045,results/figure5_angle_psnr_grid/sigma15/val_images/restormer
val_images,restormer,15.0,9,45.0,group_avg,8,0.0003610457901,34.4615884911075,20,34.42437714640917,results/figure5_angle_psnr_grid/sigma15/val_images/restormer
val_images,restormer,15.0,9,45.0,group_avg,16,0.000377674710083,34.26279481430079,20,34.228820954984506,results/figure5_angle_psnr_grid/sigma15/val_images/restormer
val_images,restormer,15.0,9,45.0,group_avg,32,0.0003825456329345,34.2049048335582,20,34.17316751491797,results/figure5_angle_psnr_grid/sigma15/val_images/restormer
val_images,restormer,15.0,9,45.0,vanilla,0,0.0005606496612548,32.554657414891416,20,32.51308435912651,results/figure5_angle_psnr_grid/sigma15/val_images/restormer
val_images,restormer,15.0,10,50.0,group_avg,4,0.0004133586342818,33.87575589384448,20,33.8367298634926,results/figure5_angle_psnr_grid/sigma15/val_images/restormer
val_images,restormer,15.0,10,50.0,group_avg,8,0.0003900937888838,34.1139800979916,20,34.08830964517553,results/figure5_angle_psnr_grid/sigma15/val_images/restormer
val_images,restormer,15.0,10,50.0,group_avg,16,0.0004047198101879,33.950550584835,20,33.92845537281953,results/figure5_angle_psnr_grid/sigma15/val_images/restormer
val_images,restormer,15.0,10,50.0,group_avg,32,0.000403650116715,33.96176522493721,20,33.939949176046625,results/figure5_angle_psnr_grid/sigma15/val_images/restormer
val_images,restormer,15.0,10,50.0,vanilla,0,0.0005344981356531,32.770656442931255,20,32.72053805285837,results/figure5_angle_psnr_grid/sigma15/val_images/restormer
val_images,restormer,15.0,11,55.0,group_avg,4,0.0004430986710704,33.585813889804186,20,33.53499552490711,results/figure5_angle_psnr_grid/sigma15/val_images/restormer
val_images,restormer,15.0,11,55.0,group_avg,8,0.0004090120756029,33.91476476069389,20,33.88263869766967,results/figure5_angle_psnr_grid/sigma15/val_images/restormer
val_images,restormer,15.0,11,55.0,group_avg,16,0.0004222679587824,33.767127593478875,20,33.74411871101484,results/figure5_angle_psnr_grid/sigma15/val_images/restormer
val_images,restormer,15.0,11,55.0,group_avg,32,0.000418295034535,33.808549399636384,20,33.78517290778744,results/figure5_angle_psnr_grid/sigma15/val_images/restormer
val_images,restormer,15.0,11,55.0,vanilla,0,0.0005852724512635,32.443112630761085,20,32.32641917617886,results/figure5_angle_psnr_grid/sigma15/val_images/restormer
val_images,restormer,15.0,12,60.0,group_avg,4,0.0005182508997451,32.96156244858643,20,32.854599352466366,results/figure5_angle_psnr_grid/sigma15/val_images/restormer
val_images,restormer,15.0,12,60.0,group_avg,8,0.000442368475235,33.587033749933354,20,33.54215829983854,results/figure5_angle_psnr_grid/sigma15/val_images/restormer
val_images,restormer,15.0,12,60.0,group_avg,16,0.0004505661442803,33.495994640276805,20,33.46241444446711,results/figure5_angle_psnr_grid/sigma15/val_images/restormer
val_images,restormer,15.0,12,60.0,group_avg,32,0.0004443687462598,33.55342994245675,20,33.52256493845009,results/figure5_angle_psnr_grid/sigma15/val_images/restormer
val_images,restormer,15.0,12,60.0,vanilla,0,0.0007759602881738,31.40995752385392,20,31.10160504345287,results/figure5_angle_psnr_grid/sigma15/val_images/restormer
val_images,restormer,15.0,13,65.0,group_avg,4,0.0006086468663002,32.267489397846546,20,32.15634609664457,results/figure5_angle_psnr_grid/sigma15/val_images/restormer
val_images,restormer,15.0,13,65.0,group_avg,8,0.0004871164729093,33.17065340068343,20,33.12367183561781,results/figure5_angle_psnr_grid/sigma15/val_images/restormer
val_images,restormer,15.0,13,65.0,group_avg,16,0.0004863490713601,33.164754286218866,20,33.13051909034029,results/figure5_angle_psnr_grid/sigma15/val_images/restormer
val_images,restormer,15.0,13,65.0,group_avg,32,0.0004765230959623,33.24925155059663,20,33.21916045275597,results/figure5_angle_psnr_grid/sigma15/val_images/restormer
val_images,restormer,15.0,13,65.0,vanilla,0,0.0010719444279684,30.038183160870688,20,29.69827728871072,results/figure5_angle_psnr_grid/sigma15/val_images/restormer
val_images,restormer,15.0,14,70.0,group_avg,4,0.0006724717705561,31.83668612216664,20,31.723259420304363,results/figure5_angle_psnr_grid/sigma15/val_images/restormer
val_images,restormer,15.0,14,70.0,group_avg,8,0.0005400738635892,32.72095645790548,20,32.67546839518663,results/figure5_angle_psnr_grid/sigma15/val_images/restormer
val_images,restormer,15.0,14,70.0,group_avg,16,0.0005287861995436,32.802659839467935,20,32.76719887751367,results/figure5_angle_psnr_grid/sigma15/val_images/restormer
val_images,restormer,15.0,14,70.0,group_avg,32,0.0005231603111159,32.84652247487303,20,32.81365210626326,results/figure5_angle_psnr_grid/sigma15/val_images/restormer
val_images,restormer,15.0,14,70.0,vanilla,0,0.0013537989781061,29.193319675600247,20,28.68445818058997,results/figure5_angle_psnr_grid/sigma15/val_images/restormer
val_images,restormer,15.0,15,75.0,group_avg,4,0.0006941635265587,31.626187796717737,20,31.58538209204542,results/figure5_angle_psnr_grid/sigma15/val_images/restormer
val_images,restormer,15.0,15,75.0,group_avg,8,0.0005843758872166,32.367234321746785,20,32.33307712424249,results/figure5_angle_psnr_grid/sigma15/val_images/restormer
val_images,restormer,15.0,15,75.0,group_avg,16,0.0005721015916243,32.4585915766535,20,32.42526843996777,results/figure5_angle_psnr_grid/sigma15/val_images/restormer
val_images,restormer,15.0,15,75.0,group_avg,32,0.0005722659161876,32.45703016106744,20,32.424021196384174,results/figure5_angle_psnr_grid/sigma15/val_images/restormer
val_images,restormer,15.0,15,75.0,vanilla,0,0.0012986316666975,29.12095025430711,20,28.865140112088813,results/figure5_angle_psnr_grid/sigma15/val_images/restormer
val_images,restormer,15.0,16,80.0,group_avg,4,0.0007530289064858,31.267451350486205,20,31.23188352237076,results/figure5_angle_psnr_grid/sigma15/val_images/restormer
val_images,restormer,15.0,16,80.0,group_avg,8,0.0006489962325629,31.91750539191334,20,31.87757824281065,results/figure5_angle_psnr_grid/sigma15/val_images/restormer
val_images,restormer,15.0,16,80.0,group_avg,16,0.0006360700655774,32.00374268618553,20,31.964950424999103,results/figure5_angle_psnr_grid/sigma15/val_images/restormer
val_images,restormer,15.0,16,80.0,group_avg,32,0.0006388443320069,31.984906088146847,20,31.946049540270664,results/figure5_angle_psnr_grid/sigma15/val_images/restormer
val_images,restormer,15.0,16,80.0,vanilla,0,0.001177489240839,29.460415122378578,20,29.290430524925476,results/figure5_angle_psnr_grid/sigma15/val_images/restormer
val_images,restormer,15.0,17,85.0,group_avg,4,0.0007748333457857,31.145677743060386,20,31.107916972209782,results/figure5_angle_psnr_grid/sigma15/val_images/restormer
val_images,restormer,15.0,17,85.0,group_avg,8,0.0007329084333032,31.38777960809203,20,31.34950281013971,results/figure5_angle_psnr_grid/sigma15/val_images/restormer
val_images,restormer,15.0,17,85.0,group_avg,16,0.0007281451746821,31.414504860212418,20,31.37782024151575,results/figure5_angle_psnr_grid/sigma15/val_images/restormer
val_images,restormer,15.0,17,85.0,group_avg,32,0.000727223297581,31.420162428634416,20,31.38332216352605,results/figure5_angle_psnr_grid/sigma15/val_images/restormer
val_images,restormer,15.0,17,85.0,vanilla,0,0.0009494635835289,30.286123328433007,20,30.22521687878731,results/figure5_angle_psnr_grid/sigma15/val_images/restormer
val_images,restormer,15.0,18,90.0,group_avg,4,0.0006944608244815,31.68039290087261,20,31.5835224840203,results/figure5_angle_psnr_grid/sigma15/val_images/restormer
val_images,restormer,15.0,18,90.0,group_avg,8,0.0006605413445628,31.88078130046698,20,31.800999938654595,results/figure5_angle_psnr_grid/sigma15/val_images/restormer
val_images,restormer,15.0,18,90.0,group_avg,16,0.0007223231352552,31.468385849422823,20,31.412684749185043,results/figure5_angle_psnr_grid/sigma15/val_images/restormer
val_images,restormer,15.0,18,90.0,group_avg,32,0.0007685327977859,31.19087445730525,20,31.14337593885115,results/figure5_angle_psnr_grid/sigma15/val_images/restormer
val_images,restormer,15.0,18,90.0,vanilla,0,0.0013868222458843,28.62543118305941,20,28.57979200483084,results/figure5_angle_psnr_grid/sigma15/val_images/restormer
val_images,restormer,15.0,19,95.0,group_avg,4,0.0007650026213377,31.198816287594557,20,31.16337076701835,results/figure5_angle_psnr_grid/sigma15/val_images/restormer
val_images,restormer,15.0,19,95.0,group_avg,8,0.0007315564621239,31.394618897603827,20,31.35752149043006,results/figure5_angle_psnr_grid/sigma15/val_images/restormer
val_images,restormer,15.0,19,95.0,group_avg,16,0.0007288141064345,31.409103717551925,20,31.373832300424542,results/figure5_angle_psnr_grid/sigma15/val_images/restormer
val_images,restormer,15.0,19,95.0,group_avg,32,0.0007270712666213,31.42061441207656,20,31.38423018049528,results/figure5_angle_psnr_grid/sigma15/val_images/restormer
val_images,restormer,15.0,19,95.0,vanilla,0,0.0008726389817893,30.64689068165153,20,30.59165390480677,results/figure5_angle_psnr_grid/sigma15/val_images/restormer
val_images,restormer,15.0,20,100.0,group_avg,4,0.0007226105120922,31.450391201635995,20,31.41095724873645,results/figure5_angle_psnr_grid/sigma15/val_images/restormer
val_images,restormer,15.0,20,100.0,group_avg,8,0.0006425285715937,31.95945631406132,20,31.92107555608154,results/figure5_angle_psnr_grid/sigma15/val_images/restormer
val_images,restormer,15.0,20,100.0,group_avg,16,0.0006337436915595,32.017802319265755,20,31.98086350711076,results/figure5_angle_psnr_grid/sigma15/val_images/restormer
val_images,restormer,15.0,20,100.0,group_avg,32,0.0006371635640526,31.99362940842746,20,31.957490671196787,results/figure5_angle_psnr_grid/sigma15/val_images/restormer
val_images,restormer,15.0,20,100.0,vanilla,0,0.0010895069925956,29.78745636802064,20,29.627699780510675,results/figure5_angle_psnr_grid/sigma15/val_images/restormer
val_images,restormer,15.0,21,105.0,group_avg,4,0.0007176344197888,31.494497684499677,20,31.440967394652567,results/figure5_angle_psnr_grid/sigma15/val_images/restormer
val_images,restormer,15.0,21,105.0,group_avg,8,0.0005900466840923,32.3242113435747,20,32.291136259144125,results/figure5_angle_psnr_grid/sigma15/val_images/restormer
val_images,restormer,15.0,21,105.0,group_avg,16,0.000571133487498,32.46544626596277,20,32.432623749267684,results/figure5_angle_psnr_grid/sigma15/val_images/restormer
val_images,restormer,15.0,21,105.0,group_avg,32,0.0005729308243299,32.450951106244,20,32.4189781158477,results/figure5_angle_psnr_grid/sigma15/val_images/restormer
val_images,restormer,15.0,21,105.0,vanilla,0,0.0014500195410584,28.73326396527464,20,28.38626144994915,results/figure5_angle_psnr_grid/sigma15/val_images/restormer
val_images,restormer,15.0,22,110.0,group_avg,4,0.0007538257065041,31.33262334749616,20,31.227290565885347,results/figure5_angle_psnr_grid/sigma15/val_images/restormer
val_images,restormer,15.0,22,110.0,group_avg,8,0.0005632509189153,32.53364353140951,20,32.49298091074103,results/figure5_angle_psnr_grid/sigma15/val_images/restormer
val_images,restormer,15.0,22,110.0,group_avg,16,0.0005316336837037,32.77729243176849,20,32.74387510454592,results/figure5_angle_psnr_grid/sigma15/val_images/restormer
val_images,restormer,15.0,22,110.0,group_avg,32,0.0005245670673543,32.83171696385821,20,32.80198978166601,results/figure5_angle_psnr_grid/sigma15/val_images/restormer
val_images,restormer,15.0,22,110.0,vanilla,0,0.0018646705927435,27.749713693193478,20,27.293978782731525,results/figure5_angle_psnr_grid/sigma15/val_images/restormer
val_images,restormer,15.0,23,115.0,group_avg,4,0.0007608289365268,31.3080367294266,20,31.187129782801925,results/figure5_angle_psnr_grid/sigma15/val_images/restormer
val_images,restormer,15.0,23,115.0,group_avg,8,0.000533444967448,32.770401100905296,20,32.729103776760844,results/figure5_angle_psnr_grid/sigma15/val_images/restormer
val_images,restormer,15.0,23,115.0,group_avg,16,0.0005022667183039,33.01895524007885,20,32.990655985392955,results/figure5_angle_psnr_grid/sigma15/val_images/restormer
val_images,restormer,15.0,23,115.0,group_avg,32,0.0004846202427671,33.17159350801087,20,33.14598449178194,results/figure5_angle_psnr_grid/sigma15/val_images/restormer
val_images,restormer,15.0,23,115.0,vanilla,0,0.0017989722386813,27.772649653064967,20,27.44975538533564,results/figure5_angle_psnr_grid/sigma15/val_images/restormer
val_images,restormer,15.0,24,120.0,group_avg,4,0.0006905031855195,31.69332941919391,20,31.60834313536689,results/figure5_angle_psnr_grid/sigma15/val_images/restormer
val_images,restormer,15.0,24,120.0,group_avg,8,0.0004904139282581,33.12653895818464,20,33.094372039060865,results/figure5_angle_psnr_grid/sigma15/val_images/restormer
val_images,restormer,15.0,24,120.0,group_avg,16,0.0004657399977832,33.34255093978952,20,33.31856463225427,results/figure5_angle_psnr_grid/sigma15/val_images/restormer
val_images,restormer,15.0,24,120.0,group_avg,32,0.0004495298374228,33.49486146127024,20,33.47241476793825,results/figure5_angle_psnr_grid/sigma15/val_images/restormer
val_images,restormer,15.0,24,120.0,vanilla,0,0.0014382545929261,28.642086305749142,20,28.42164230423063,results/figure5_angle_psnr_grid/sigma15/val_images/restormer
val_images,restormer,15.0,25,125.0,group_avg,4,0.0005479334593497,32.650161701574326,20,32.61272178726993,results/figure5_angle_psnr_grid/sigma15/val_images/restormer
val_images,restormer,15.0,25,125.0,group_avg,8,0.0004362632295577,33.62759245459937,20,33.60251389977056,results/figure5_angle_psnr_grid/sigma15/val_images/restormer
val_images,restormer,15.0,25,125.0,group_avg,16,0.0004339822821605,33.645686997721505,20,33.62528000710965,results/figure5_angle_psnr_grid/sigma15/val_images/restormer
val_images,restormer,15.0,25,125.0,group_avg,32,0.000425071791159,33.736933034471335,20,33.715377149587084,results/figure5_angle_psnr_grid/sigma15/val_images/restormer
val_images,restormer,15.0,25,125.0,vanilla,0,0.0008997658990681,30.55071133997838,20,30.458704705249392,results/figure5_angle_psnr_grid/sigma15/val_images/restormer
val_images,restormer,15.0,26,130.0,group_avg,4,0.0004816543072785,33.20315143195678,20,33.172645516054615,results/figure5_angle_psnr_grid/sigma15/val_images/restormer
val_images,restormer,15.0,26,130.0,group_avg,8,0.0004097344237339,33.89806573425127,20,33.874975473729684,results/figure5_angle_psnr_grid/sigma15/val_images/restormer
val_images,restormer,15.0,26,130.0,group_avg,16,0.000413423152115,33.855823079622894,20,33.83605206097086,results/figure5_angle_psnr_grid/sigma15/val_images/restormer
val_images,restormer,15.0,26,130.0,group_avg,32,0.0004083005581729,33.90911059922925,20,33.890200263682864,results/figure5_angle_psnr_grid/sigma15/val_images/restormer
val_images,restormer,15.0,26,130.0,vanilla,0,0.0006988352628586,31.6179040650258,20,31.55625188865768,results/figure5_angle_psnr_grid/sigma15/val_images/restormer
val_images,restormer,15.0,27,135.0,group_avg,4,0.0004027044143676,33.99715359478718,20,33.95013609714607,results/figure5_angle_psnr_grid/sigma15/val_images/restormer
val_images,restormer,15.0,27,135.0,group_avg,8,0.0003619386764526,34.45347764717009,20,34.41365006080878,results/figure5_angle_psnr_grid/sigma15/val_images/restormer
val_images,restormer,15.0,27,135.0,group_avg,16,0.000376763154602,34.26781796756235,20,34.23931575453019,results/figure5_angle_psnr_grid/sigma15/val_images/restormer
val_images,restormer,15.0,27,135.0,group_avg,32,0.0003812614898681,34.21193470420111,20,34.18777059353616,results/figure5_angle_psnr_grid/sigma15/val_images/restormer
val_images,restormer,15.0,27,135.0,vanilla,0,0.0005842884811401,32.39114301973707,20,32.33372675432993,results/figure5_angle_psnr_grid/sigma15/val_images/restormer
val_images,restormer,15.0,28,140.0,group_avg,4,0.0004116187039026,33.8981089399084,20,33.85504899174086,results/figure5_angle_psnr_grid/sigma15/val_images/restormer
val_images,restormer,15.0,28,140.0,group_avg,8,0.0003903212435121,34.11259880070444,20,34.0857781128848,results/figure5_angle_psnr_grid/sigma15/val_images/restormer
val_images,restormer,15.0,28,140.0,group_avg,16,0.0004011481191018,33.99000446187199,20,33.96695239771115,results/figure5_angle_psnr_grid/sigma15/val_images/restormer
val_images,restormer,15.0,28,140.0,group_avg,32,0.0004004219035357,33.99852637175883,20,33.97482174138487,results/figure5_angle_psnr_grid/sigma15/val_images/restormer
val_images,restormer,15.0,28,140.0,vanilla,0,0.0005408832923124,32.718941916419745,20,32.66896433548833,results/figure5_angle_psnr_grid/sigma15/val_images/restormer
val_images,restormer,15.0,29,145.0,group_avg,4,0.0004409112436276,33.60326983901482,20,33.556488261381496,results/figure5_angle_psnr_grid/sigma15/val_images/restormer
val_images,restormer,15.0,29,145.0,group_avg,8,0.000410624885113,33.89222739850859,20,33.86554734605511,results/figure5_angle_psnr_grid/sigma15/val_images/restormer
val_images,restormer,15.0,29,145.0,group_avg,16,0.0004277507094812,33.71194679958212,20,33.68809261451309,results/figure5_angle_psnr_grid/sigma15/val_images/restormer
val_images,restormer,15.0,29,145.0,group_avg,32,0.000422351067886,33.76744825531064,20,33.74326403395754,results/figure5_angle_psnr_grid/sigma15/val_images/restormer
val_images,restormer,15.0,29,145.0,vanilla,0,0.0005771106871089,32.46660734358786,20,32.38740883221275,results/figure5_angle_psnr_grid/sigma15/val_images/restormer
val_images,restormer,15.0,30,150.0,group_avg,4,0.0004667633713164,33.35110654665901,20,33.30903232016788,results/figure5_angle_psnr_grid/sigma15/val_images/restormer
val_images,restormer,15.0,30,150.0,group_avg,8,0.0004275544983097,33.719294334007955,20,33.69008519984504,results/figure5_angle_psnr_grid/sigma15/val_images/restormer
val_images,restormer,15.0,30,150.0,group_avg,16,0.0004422868986977,33.56709642749836,20,33.5429592499291,results/figure5_angle_psnr_grid/sigma15/val_images/restormer
val_images,restormer,15.0,30,150.0,group_avg,32,0.0004400792629773,33.58754080630236,20,33.56469095392266,results/figure5_angle_psnr_grid/sigma15/val_images/restormer
val_images,restormer,15.0,30,150.0,vanilla,0,0.000613970430946,32.199847940372955,20,32.11852544145753,results/figure5_angle_psnr_grid/sigma15/val_images/restormer
val_images,restormer,15.0,31,155.0,group_avg,4,0.0005472554487533,32.70275352965191,20,32.61809905681943,results/figure5_angle_psnr_grid/sigma15/val_images/restormer
val_images,restormer,15.0,31,155.0,group_avg,8,0.0004674775431418,33.34053264788403,20,33.302392470884406,results/figure5_angle_psnr_grid/sigma15/val_images/restormer
val_images,restormer,15.0,31,155.0,group_avg,16,0.0004770584509657,33.24441233467005,20,33.21428406333705,results/figure5_angle_psnr_grid/sigma15/val_images/restormer
val_images,restormer,15.0,31,155.0,group_avg,32,0.0004740593476418,33.26908543944854,20,33.24167285456786,results/figure5_angle_psnr_grid/sigma15/val_images/restormer
val_images,restormer,15.0,31,155.0,vanilla,0,0.0008535667084096,30.97062520630693,20,30.68762532004329,results/figure5_angle_psnr_grid/sigma15/val_images/restormer
val_images,restormer,15.0,32,160.0,group_avg,4,0.0005957136508279,32.29961110255749,20,32.24962447892891,results/figure5_angle_psnr_grid/sigma15/val_images/restormer
val_images,restormer,15.0,32,160.0,group_avg,8,0.0005161809504743,32.901660397258084,20,32.871980270229535,results/figure5_angle_psnr_grid/sigma15/val_images/restormer
val_images,restormer,15.0,32,160.0,group_avg,16,0.0005196957990095,32.869022534477395,20,32.84250793806975,results/figure5_angle_psnr_grid/sigma15/val_images/restormer
val_images,restormer,15.0,32,160.0,group_avg,32,0.0005181163645413,32.882544563419366,20,32.8557269044252,results/figure5_angle_psnr_grid/sigma15/val_images/restormer
val_images,restormer,15.0,32,160.0,vanilla,0,0.0009523248877674,30.51423606605001,20,30.21214865802369,results/figure5_angle_psnr_grid/sigma15/val_images/restormer
val_images,restormer,15.0,33,165.0,group_avg,4,0.0006533334284824,31.880183106658905,20,31.848651201140783,results/figure5_angle_psnr_grid/sigma15/val_images/restormer
val_images,restormer,15.0,33,165.0,group_avg,8,0.0005698466792082,32.47237497080631,20,32.44241978241131,results/figure5_angle_psnr_grid/sigma15/val_images/restormer
val_images,restormer,15.0,33,165.0,group_avg,16,0.000566554532772,32.49921442637087,20,32.4675828148961,results/figure5_angle_psnr_grid/sigma15/val_images/restormer
val_images,restormer,15.0,33,165.0,group_avg,32,0.000567323964734,32.49343361307858,20,32.46168870706504,results/figure5_angle_psnr_grid/sigma15/val_images/restormer
val_images,restormer,15.0,33,165.0,vanilla,0,0.0010122412994362,30.19972905214869,20,29.947159474546503,results/figure5_angle_psnr_grid/sigma15/val_images/restormer
val_images,restormer,15.0,34,170.0,group_avg,4,0.0007072640611103,31.54195798959774,20,31.504184095805183,results/figure5_angle_psnr_grid/sigma15/val_images/restormer
val_images,restormer,15.0,34,170.0,group_avg,8,0.0006331309474984,32.02184781566561,20,31.98506457605822,results/figure5_angle_psnr_grid/sigma15/val_images/restormer
val_images,restormer,15.0,34,170.0,group_avg,16,0.0006287452138489,32.0524186142748,20,32.01525307871459,results/figure5_angle_psnr_grid/sigma15/val_images/restormer
val_images,restormer,15.0,34,170.0,group_avg,32,0.0006330109748287,32.02232488545174,20,31.985887603361256,results/figure5_angle_psnr_grid/sigma15/val_images/restormer
val_images,restormer,15.0,34,170.0,vanilla,0,0.0009282453633536,30.488783144632738,20,30.323372114257477,results/figure5_angle_psnr_grid/sigma15/val_images/restormer
val_images,restormer,15.0,35,175.0,group_avg,4,0.0007594636138528,31.23143258170988,20,31.194930284917305,results/figure5_angle_psnr_grid/sigma15/val_images/restormer
val_images,restormer,15.0,35,175.0,group_avg,8,0.0007236213721334,31.44238495593236,20,31.4048861474952,results/figure5_angle_psnr_grid/sigma15/val_images/restormer
val_images,restormer,15.0,35,175.0,group_avg,16,0.0007224891986697,31.447742681430206,20,31.411686412955284,results/figure5_angle_psnr_grid/sigma15/val_images/restormer
val_images,restormer,15.0,35,175.0,group_avg,32,0.0007223878465592,31.44842096364528,20,31.412295691959876,results/figure5_angle_psnr_grid/sigma15/val_images/restormer
val_images,restormer,15.0,35,175.0,vanilla,0,0.000860839035362,30.700121097542016,20,30.650780478371395,results/figure5_angle_psnr_grid/sigma15/val_images/restormer
val_images,restormer-aug,15.0,0,0.0,group_avg,4,0.000801633300121,31.089640163003438,20,30.96024250361035,results/figure5_angle_psnr_grid/sigma15/val_images/restormer-aug
val_images,restormer-aug,15.0,0,0.0,group_avg,8,0.0005286913356333,32.97743196137347,20,32.76797806896683,results/figure5_angle_psnr_grid/sigma15/val_images/restormer-aug
val_images,restormer-aug,15.0,0,0.0,group_avg,16,0.0004847881557752,33.400324137105834,20,33.14447999287874,results/figure5_angle_psnr_grid/sigma15/val_images/restormer-aug
val_images,restormer-aug,15.0,0,0.0,group_avg,32,0.0004790541619163,33.46401577347904,20,33.196153824275655,results/figure5_angle_psnr_grid/sigma15/val_images/restormer-aug
val_images,restormer-aug,15.0,0,0.0,vanilla,0,0.0013591629676901,28.758182347684,20,28.66728466942796,results/figure5_angle_psnr_grid/sigma15/val_images/restormer-aug
val_images,restormer-aug,15.0,1,5.0,group_avg,4,0.0022202398926019,27.17249182759029,20,26.53600098340064,results/figure5_angle_psnr_grid/sigma15/val_images/restormer-aug
val_images,restormer-aug,15.0,1,5.0,group_avg,8,0.0008620623461902,30.909808616523584,20,30.64461323934875,results/figure5_angle_psnr_grid/sigma15/val_images/restormer-aug
val_images,restormer-aug,15.0,1,5.0,group_avg,16,0.0005250587165355,32.95057952537704,20,32.79792127372115,results/figure5_angle_psnr_grid/sigma15/val_images/restormer-aug
val_images,restormer-aug,15.0,1,5.0,group_avg,32,0.0004429846396669,33.72883562817703,20,33.53611332520785,results/figure5_angle_psnr_grid/sigma15/val_images/restormer-aug
val_images,restormer-aug,15.0,1,5.0,vanilla,0,0.0040559419970959,24.91017136549053,20,23.919082643555107,results/figure5_angle_psnr_grid/sigma15/val_images/restormer-aug
val_images,restormer-aug,15.0,2,10.0,group_avg,4,0.0035388988774505,26.24720189413903,20,24.5113184696765,results/figure5_angle_psnr_grid/sigma15/val_images/restormer-aug
val_images,restormer-aug,15.0,2,10.0,group_avg,8,0.0011503886251083,30.194027994968184,20,29.391554211867835,results/figure5_angle_psnr_grid/sigma15/val_images/restormer-aug
val_images,restormer-aug,15.0,2,10.0,group_avg,16,0.0005436749793831,32.88333661871592,20,32.64660653325053,results/figure5_angle_psnr_grid/sigma15/val_images/restormer-aug
val_images,restormer-aug,15.0,2,10.0,group_avg,32,0.0004165583528207,33.96649491710446,20,33.803241526414624,results/figure5_angle_psnr_grid/sigma15/val_images/restormer-aug
val_images,restormer-aug,15.0,2,10.0,vanilla,0,0.0056517578201918,24.4676803228298,20,22.47816456095896,results/figure5_angle_psnr_grid/sigma15/val_images/restormer-aug
val_images,restormer-aug,15.0,3,15.0,group_avg,4,0.0062412146853216,23.189426252861026,20,22.047308782992747,results/figure5_angle_psnr_grid/sigma15/val_images/restormer-aug
val_images,restormer-aug,15.0,3,15.0,group_avg,8,0.0017842498846172,28.221469928281653,20,27.48544322655715,results/figure5_angle_psnr_grid/sigma15/val_images/restormer-aug
val_images,restormer-aug,15.0,3,15.0,group_avg,16,0.0006688481909763,32.08267691600747,20,31.74672443222866,results/figure5_angle_psnr_grid/sigma15/val_images/restormer-aug
val_images,restormer-aug,15.0,3,15.0,group_avg,32,0.0004251422993539,33.922058406427354,20,33.714656829366646,results/figure5_angle_psnr_grid/sigma15/val_images/restormer-aug
val_images,restormer-aug,15.0,3,15.0,vanilla,0,0.0077591223734151,22.94834349509218,20,21.1018739857916,results/figure5_angle_psnr_grid/sigma15/val_images/restormer-aug
val_images,restormer-aug,15.0,4,20.0,group_avg,4,0.0077471083086402,23.114643133080246,20,21.108603723260323,results/figure5_angle_psnr_grid/sigma15/val_images/restormer-aug
val_images,restormer-aug,15.0,4,20.0,group_avg,8,0.0021377922348466,27.84721907675716,20,26.70034504760608,results/figure5_angle_psnr_grid/sigma15/val_images/restormer-aug
val_images,restormer-aug,15.0,4,20.0,group_avg,16,0.0007415629842519,31.76877653462416,20,31.29851956501532,results/figure5_angle_psnr_grid/sigma15/val_images/restormer-aug
val_images,restormer-aug,15.0,4,20.0,group_avg,32,0.0004528016252062,33.732729878186625,20,33.44092023037026,results/figure5_angle_psnr_grid/sigma15/val_images/restormer-aug
val_images,restormer-aug,15.0,4,20.0,vanilla,0,0.0071766040525992,23.86817660174764,20,21.44081013989897,results/figure5_angle_psnr_grid/sigma15/val_images/restormer-aug
val_images,restormer-aug,15.0,5,25.0,group_avg,4,0.0063509015720702,24.43982433136317,20,21.971646180179704,results/figure5_angle_psnr_grid/sigma15/val_images/restormer-aug
val_images,restormer-aug,15.0,5,25.0,group_avg,8,0.0017700399770392,29.033864155487027,20,27.520169248181386,results/figure5_angle_psnr_grid/sigma15/val_images/restormer-aug
val_images,restormer-aug,15.0,5,25.0,group_avg,16,0.0006266061602192,32.700708132854764,20,32.030053398468056,results/figure5_angle_psnr_grid/sigma15/val_images/restormer-aug
val_images,restormer-aug,15.0,5,25.0,group_avg,32,0.0003989324082743,34.28892187567344,20,33.99100681255949,results/figure5_angle_psnr_grid/sigma15/val_images/restormer-aug
val_images,restormer-aug,15.0,5,25.0,vanilla,0,0.0088789222133351,23.696891310055427,20,20.51639748771996,results/figure5_angle_psnr_grid/sigma15/val_images/restormer-aug
val_images,restormer-aug,15.0,6,30.0,group_avg,4,0.0026361041172181,28.32003389111618,20,25.79037440572588,results/figure5_angle_psnr_grid/sigma15/val_images/restormer-aug
val_images,restormer-aug,15.0,6,30.0,group_avg,8,0.0008151731125347,32.207708822718025,20,30.8875015342554,results/figure5_angle_psnr_grid/sigma15/val_images/restormer-aug
val_images,restormer-aug,15.0,6,30.0,group_avg,16,0.0003751765360367,34.7863237970174,20,34.25764330709852,results/figure5_angle_psnr_grid/sigma15/val_images/restormer-aug
val_images,restormer-aug,15.0,6,30.0,group_avg,32,0.0003063601295406,35.48482575458199,20,35.13767755511924,results/figure5_angle_psnr_grid/sigma15/val_images/restormer-aug
val_images,restormer-aug,15.0,6,30.0,vanilla,0,0.0052256726035201,25.706299407059493,20,22.8185780297812,results/figure5_angle_psnr_grid/sigma15/val_images/restormer-aug
val_images,restormer-aug,15.0,7,35.0,group_avg,4,0.0015227230471098,29.63935900162765,20,28.173790789682755,results/figure5_angle_psnr_grid/sigma15/val_images/restormer-aug
val_images,restormer-aug,15.0,7,35.0,group_avg,8,0.0005257279717819,33.438949776006645,20,32.79238915377652,results/figure5_angle_psnr_grid/sigma15/val_images/restormer-aug
val_images,restormer-aug,15.0,7,35.0,group_avg,16,0.0003071189764164,35.426682275594466,20,35.12693348329535,results/figure5_angle_psnr_grid/sigma15/val_images/restormer-aug
val_images,restormer-aug,15.0,7,35.0,group_avg,32,0.0002988687810594,35.57029097630332,20,35.24519447696403,results/figure5_angle_psnr_grid/sigma15/val_images/restormer-aug
val_images,restormer-aug,15.0,7,35.0,vanilla,0,0.0028471814287594,26.86842328559743,20,25.45584857756949,results/figure5_angle_psnr_grid/sigma15/val_images/restormer-aug
val_images,restormer-aug,15.0,8,40.0,group_avg,4,0.0005390141762253,33.48556742928605,20,32.68399812595262,results/figure5_angle_psnr_grid/sigma15/val_images/restormer-aug
val_images,restormer-aug,15.0,8,40.0,group_avg,8,0.0002651278523871,36.06926682617923,20,35.765446460780126,results/figure5_angle_psnr_grid/sigma15/val_images/restormer-aug
val_images,restormer-aug,15.0,8,40.0,group_avg,16,0.0002219271976937,36.745841810543865,20,36.537894707085165,results/figure5_angle_psnr_grid/sigma15/val_images/restormer-aug
val_images,restormer-aug,15.0,8,40.0,group_avg,32,0.0002588082589049,36.10106268938304,20,35.87021868885862,results/figure5_angle_psnr_grid/sigma15/val_images/restormer-aug
val_images,restormer-aug,15.0,8,40.0,vanilla,0,0.0010364530351985,31.31178029550089,20,29.84450372312248,results/figure5_angle_psnr_grid/sigma15/val_images/restormer-aug
val_images,restormer-aug,15.0,9,45.0,group_avg,4,0.0002769539051055,36.08541721317858,20,35.575925068348546,results/figure5_angle_psnr_grid/sigma15/val_images/restormer-aug
val_images,restormer-aug,15.0,9,45.0,group_avg,8,0.0001854023818969,37.632033060831695,20,37.31884690698173,results/figure5_angle_psnr_grid/sigma15/val_images/restormer-aug
val_images,restormer-aug,15.0,9,45.0,group_avg,16,0.0001869521514892,37.60085839109079,20,37.28269532518127,results/figure5_angle_psnr_grid/sigma15/val_images/restormer-aug
val_images,restormer-aug,15.0,9,45.0,group_avg,32,0.0002651592914581,36.33078668726538,20,35.764931501471736,results/figure5_angle_psnr_grid/sigma15/val_images/restormer-aug
val_images,restormer-aug,15.0,9,45.0,vanilla,0,0.000468796087265,34.133433761020896,20,33.290160217474416,results/figure5_angle_psnr_grid/sigma15/val_images/restormer-aug
val_images,restormer-aug,15.0,10,50.0,group_avg,4,0.0003182603378837,35.70537707797911,20,34.97217480485216,results/figure5_angle_psnr_grid/sigma15/val_images/restormer-aug
val_images,restormer-aug,15.0,10,50.0,group_avg,8,0.00020413613438,37.16367214604601,20,36.90080113496183,results/figure5_angle_psnr_grid/sigma15/val_images/restormer-aug
val_images,restormer-aug,15.0,10,50.0,group_avg,16,0.0001904188305979,37.38475549059815,20,37.20290106264487,results/figure5_angle_psnr_grid/sigma15/val_images/restormer-aug
val_images,restormer-aug,15.0,10,50.0,group_avg,32,0.0002091381675257,36.97567336912228,20,36.79566701600311,results/figure5_angle_psnr_grid/sigma15/val_images/restormer-aug
val_images,restormer-aug,15.0,10,50.0,vanilla,0,0.0005379111710724,33.86979012755034,20,32.69289436412041,results/figure5_angle_psnr_grid/sigma15/val_images/restormer-aug
val_images,restormer-aug,15.0,11,55.0,group_avg,4,0.0004851139173842,35.04169099560921,20,33.14156265764586,results/figure5_angle_psnr_grid/sigma15/val_images/restormer-aug
val_images,restormer-aug,15.0,11,55.0,group_avg,8,0.0002527948906045,36.64378088363786,20,35.97231708098037,results/figure5_angle_psnr_grid/sigma15/val_images/restormer-aug
val_images,restormer-aug,15.0,11,55.0,group_avg,16,0.0002093379864746,37.09023498799407,20,36.79151957426147,results/figure5_angle_psnr_grid/sigma15/val_images/restormer-aug
val_images,restormer-aug,15.0,11,55.0,group_avg,32,0.0002205977667236,36.749839479966845,20,36.56398888561801,results/figure5_angle_psnr_grid/sigma15/val_images/restormer-aug
val_images,restormer-aug,15.0,11,55.0,vanilla,0,0.0009673880930342,32.75906151352202,20,30.143992623696548,results/figure5_angle_psnr_grid/sigma15/val_images/restormer-aug
val_images,restormer-aug,15.0,12,60.0,group_avg,4,0.0006289118216024,33.96328637763134,20,32.014102417979736,results/figure5_angle_psnr_grid/sigma15/val_images/restormer-aug
val_images,restormer-aug,15.0,12,60.0,group_avg,8,0.000301036982874,36.07366123121368,20,35.21380147358032,results/figure5_angle_psnr_grid/sigma15/val_images/restormer-aug
val_images,restormer-aug,15.0,12,60.0,group_avg,16,0.0002254675793524,36.900923489279805,20,36.469158977797925,results/figure5_angle_psnr_grid/sigma15/val_images/restormer-aug
val_images,restormer-aug,15.0,12,60.0,group_avg,32,0.0002228738159095,36.81720373805605,20,36.51940951142745,results/figure5_angle_psnr_grid/sigma15/val_images/restormer-aug
val_images,restormer-aug,15.0,12,60.0,vanilla,0,0.0010494860613781,32.67990257762081,20,29.790233250727603,results/figure5_angle_psnr_grid/sigma15/val_images/restormer-aug
val_images,restormer-aug,15.0,13,65.0,group_avg,4,0.0017087704197967,30.022989085279857,20,27.67316282576523,results/figure5_angle_psnr_grid/sigma15/val_images/restormer-aug
val_images,restormer-aug,15.0,13,65.0,group_avg,8,0.000591251360633,33.326198532213695,20,32.28227846821156,results/figure5_angle_psnr_grid/sigma15/val_images/restormer-aug
val_images,restormer-aug,15.0,13,65.0,group_avg,16,0.0003191740259784,35.32529963054476,20,34.959724582774655,results/figure5_angle_psnr_grid/sigma15/val_images/restormer-aug
val_images,restormer-aug,15.0,13,65.0,group_avg,32,0.0002670394082656,35.97275812475032,20,35.7342464301967,results/figure5_angle_psnr_grid/sigma15/val_images/restormer-aug
val_images,restormer-aug,15.0,13,65.0,vanilla,0,0.0016420155715466,30.69983268725064,20,27.846227286997014,results/figure5_angle_psnr_grid/sigma15/val_images/restormer-aug
val_images,restormer-aug,15.0,14,70.0,group_avg,4,0.0029306543291439,27.733859493780383,20,25.33035403601305,results/figure5_angle_psnr_grid/sigma15/val_images/restormer-aug
val_images,restormer-aug,15.0,14,70.0,group_avg,8,0.0009183796357222,31.56020815128942,20,30.369777549455605,results/figure5_angle_psnr_grid/sigma15/val_images/restormer-aug
val_images,restormer-aug,15.0,14,70.0,group_avg,16,0.0004200222491665,34.19359902299858,20,33.76727703806111,results/figure5_angle_psnr_grid/sigma15/val_images/restormer-aug
val_images,restormer-aug,15.0,14,70.0,group_avg,32,0.0003150924558373,35.27404212134341,20,35.01561994881972,results/figure5_angle_psnr_grid/sigma15/val_images/restormer-aug
val_images,restormer-aug,15.0,14,70.0,vanilla,0,0.0024700803424233,28.585480504510716,20,26.07288920544513,results/figure5_angle_psnr_grid/sigma15/val_images/restormer-aug
val_images,restormer-aug,15.0,15,75.0,group_avg,4,0.0039656059022712,26.362281525225985,20,24.016904477134737,results/figure5_angle_psnr_grid/sigma15/val_images/restormer-aug
val_images,restormer-aug,15.0,15,75.0,group_avg,8,0.0012076996809553,30.239051271789613,20,29.180410484294697,results/figure5_angle_psnr_grid/sigma15/val_images/restormer-aug
val_images,restormer-aug,15.0,15,75.0,group_avg,16,0.0005215438970951,33.10474169198626,20,32.82709132177266,results/figure5_angle_psnr_grid/sigma15/val_images/restormer-aug
val_images,restormer-aug,15.0,15,75.0,group_avg,32,0.0003679292607777,34.48279647093965,20,34.34235672106378,results/figure5_angle_psnr_grid/sigma15/val_images/restormer-aug
val_images,restormer-aug,15.0,15,75.0,vanilla,0,0.0034625916616859,26.709562363630383,20,24.605987211368834,results/figure5_angle_psnr_grid/sigma15/val_images/restormer-aug
val_images,restormer-aug,15.0,16,80.0,group_avg,4,0.0042019530057756,24.153417555943964,20,23.76548809009178,results/figure5_angle_psnr_grid/sigma15/val_images/restormer-aug
val_images,restormer-aug,15.0,16,80.0,group_avg,8,0.0013050264367734,29.07482698797889,20,28.843806904494198,results/figure5_angle_psnr_grid/sigma15/val_images/restormer-aug
val_images,restormer-aug,15.0,16,80.0,group_avg,16,0.0005800504037448,32.513751809341265,20,32.36534266579936,results/figure5_angle_psnr_grid/sigma15/val_images/restormer-aug
val_images,restormer-aug,15.0,16,80.0,group_avg,32,0.000426364779297,33.89315182178318,20,33.70218678251405,results/figure5_angle_psnr_grid/sigma15/val_images/restormer-aug
val_images,restormer-aug,15.0,16,80.0,vanilla,0,0.0053961014534289,23.289525786077487,20,22.679198936461344,results/figure5_angle_psnr_grid/sigma15/val_images/restormer-aug
val_images,restormer-aug,15.0,17,85.0,group_avg,4,0.0018008868657052,27.755217354032844,20,27.44513569325504,results/figure5_angle_psnr_grid/sigma15/val_images/restormer-aug
val_images,restormer-aug,15.0,17,85.0,group_avg,8,0.000754124155268,31.37953391813024,20,31.225571481500893,results/figure5_angle_psnr_grid/sigma15/val_images/restormer-aug
val_images,restormer-aug,15.0,17,85.0,group_avg,16,0.0004939726721495,33.23762541798244,20,33.06297076709845,results/figure5_angle_psnr_grid/sigma15/val_images/restormer-aug
val_images,restormer-aug,15.0,17,85.0,group_avg,32,0.0004282984659075,33.904180489588505,20,33.68253481169783,results/figure5_angle_psnr_grid/sigma15/val_images/restormer-aug
val_images,restormer-aug,15.0,17,85.0,vanilla,0,0.0024106378816068,26.72017972639651,20,26.17868023065668,results/figure5_angle_psnr_grid/sigma15/val_images/restormer-aug
val_images,restormer-aug,15.0,18,90.0,group_avg,4,0.0008016332846743,31.089640238398594,20,30.96024258729427,results/figure5_angle_psnr_grid/sigma15/val_images/restormer-aug
val_images,restormer-aug,15.0,18,90.0,group_avg,8,0.0005286913455633,32.97743184649954,20,32.76797798739692,results/figure5_angle_psnr_grid/sigma15/val_images/restormer-aug
val_images,restormer-aug,15.0,18,90.0,group_avg,16,0.0004847881668085,33.400324039548416,20,33.14447989403761,results/figure5_angle_psnr_grid/sigma15/val_images/restormer-aug
val_images,restormer-aug,15.0,18,90.0,group_avg,32,0.0004790541773629,33.46401566148916,20,33.196153684241764,results/figure5_angle_psnr_grid/sigma15/val_images/restormer-aug
val_images,restormer-aug,15.0,18,90.0,vanilla,0,0.0011295890768385,29.567992508669725,20,29.47079515913089,results/figure5_angle_psnr_grid/sigma15/val_images/restormer-aug
val_images,restormer-aug,15.0,19,95.0,group_avg,4,0.0020312047637999,27.169094118833605,20,26.922462935790044,results/figure5_angle_psnr_grid/sigma15/val_images/restormer-aug
val_images,restormer-aug,15.0,19,95.0,group_avg,8,0.0008136845491826,31.02445762783673,20,30.8954393061668,results/figure5_angle_psnr_grid/sigma15/val_images/restormer-aug
val_images,restormer-aug,15.0,19,95.0,group_avg,16,0.0005130671560764,33.04879195915636,20,32.898257857564495,results/figure5_angle_psnr_grid/sigma15/val_images/restormer-aug
val_images,restormer-aug,15.0,19,95.0,group_avg,32,0.0004355036532506,33.81672921533084,20,33.61008197533615,results/figure5_angle_psnr_grid/sigma15/val_images/restormer-aug
val_images,restormer-aug,15.0,19,95.0,vanilla,0,0.0046783220022916,23.774314927653418,20,23.299098896226976,results/figure5_angle_psnr_grid/sigma15/val_images/restormer-aug
val_images,restormer-aug,15.0,20,100.0,group_avg,4,0.0033143153055403,25.218288539450946,20,24.79606177587637,results/figure5_angle_psnr_grid/sigma15/val_images/restormer-aug
val_images,restormer-aug,15.0,20,100.0,group_avg,8,0.0010902266924032,29.898337338512285,20,29.624831891937404,results/figure5_angle_psnr_grid/sigma15/val_images/restormer-aug
val_images,restormer-aug,15.0,20,100.0,group_avg,16,0.0005283244677236,32.96758562770467,20,32.77099275833366,results/figure5_angle_psnr_grid/sigma15/val_images/restormer-aug
val_images,restormer-aug,15.0,20,100.0,group_avg,32,0.0004037300154732,34.14812178624318,20,33.93908961588369,results/figure5_angle_psnr_grid/sigma15/val_images/restormer-aug
val_images,restormer-aug,15.0,20,100.0,vanilla,0,0.004652046112272,23.811048996719784,20,23.32355989084162,results/figure5_angle_psnr_grid/sigma15/val_images/restormer-aug
val_images,restormer-aug,15.0,21,105.0,group_avg,4,0.0046460595740463,25.36026769863748,20,23.329152257639937,results/figure5_angle_psnr_grid/sigma15/val_images/restormer-aug
val_images,restormer-aug,15.0,21,105.0,group_avg,8,0.0013841505155152,29.76423069836221,20,28.588166811917997,results/figure5_angle_psnr_grid/sigma15/val_images/restormer-aug
val_images,restormer-aug,15.0,21,105.0,group_avg,16,0.0005660717241776,32.88409031401087,20,32.47128537997093,results/figure5_angle_psnr_grid/sigma15/val_images/restormer-aug
val_images,restormer-aug,15.0,21,105.0,group_avg,32,0.0003841236851527,34.323910191806625,20,34.15528913313893,results/figure5_angle_psnr_grid/sigma15/val_images/restormer-aug
val_images,restormer-aug,15.0,21,105.0,vanilla,0,0.0054473692571446,25.357667888706057,20,22.638131845019966,results/figure5_angle_psnr_grid/sigma15/val_images/restormer-aug
val_images,restormer-aug,15.0,22,110.0,group_avg,4,0.004396694953435,25.3866257106338,20,23.56873665068392,results/figure5_angle_psnr_grid/sigma15/val_images/restormer-aug
val_images,restormer-aug,15.0,22,110.0,group_avg,8,0.0012916391390815,30.059412047984196,20,28.88858803520449,results/figure5_angle_psnr_grid/sigma15/val_images/restormer-aug
val_images,restormer-aug,15.0,22,110.0,group_avg,16,0.0005215198120277,33.34514942154641,20,32.8272918850128,results/figure5_angle_psnr_grid/sigma15/val_images/restormer-aug
val_images,restormer-aug,15.0,22,110.0,group_avg,32,0.0003573617956313,34.73253994846368,20,34.468918783366284,results/figure5_angle_psnr_grid/sigma15/val_images/restormer-aug
val_images,restormer-aug,15.0,22,110.0,vanilla,0,0.004614440680146,26.76017199422022,20,23.358809326114613,results/figure5_angle_psnr_grid/sigma15/val_images/restormer-aug
val_images,restormer-aug,15.0,23,115.0,group_avg,4,0.0039661022949464,27.62996440454602,20,24.01636088527631,results/figure5_angle_psnr_grid/sigma15/val_images/restormer-aug
val_images,restormer-aug,15.0,23,115.0,group_avg,8,0.0011675227907221,31.35759227698281,20,29.327346329988984,results/figure5_angle_psnr_grid/sigma15/val_images/restormer-aug
val_images,restormer-aug,15.0,23,115.0,group_avg,16,0.0004738146809765,34.048973250169055,20,33.243914869472945,results/figure5_angle_psnr_grid/sigma15/val_images/restormer-aug
val_images,restormer-aug,15.0,23,115.0,group_avg,32,0.0003424994094308,35.0517159765778,20,34.653401730216295,results/figure5_angle_psnr_grid/sigma15/val_images/restormer-aug
val_images,restormer-aug,15.0,23,115.0,vanilla,0,0.0054598630775467,27.366579107885947,20,22.628182483962725,results/figure5_angle_psnr_grid/sigma15/val_images/restormer-aug
val_images,restormer-aug,15.0,24,120.0,group_avg,4,0.0019465846838126,29.180596853178816,20,27.107266980785965,results/figure5_angle_psnr_grid/sigma15/val_images/restormer-aug
val_images,restormer-aug,15.0,24,120.0,group_avg,8,0.0006413444388086,32.781915325975106,20,31.929086667399638,results/figure5_angle_psnr_grid/sigma15/val_images/restormer-aug
val_images,restormer-aug,15.0,24,120.0,group_avg,16,0.0003219762996668,35.175656672746,20,34.921760950828485,results/figure5_angle_psnr_grid/sigma15/val_images/restormer-aug
val_images,restormer-aug,15.0,24,120.0,group_avg,32,0.0002689620525763,35.85327308723761,20,35.703089895858895,results/figure5_angle_psnr_grid/sigma15/val_images/restormer-aug
val_images,restormer-aug,15.0,24,120.0,vanilla,0,0.0040622356198111,26.973224439512848,20,23.91234890036064,results/figure5_angle_psnr_grid/sigma15/val_images/restormer-aug
val_images,restormer-aug,15.0,25,125.0,group_avg,4,0.0012097196011633,31.09268164428702,20,29.173152823938864,results/figure5_angle_psnr_grid/sigma15/val_images/restormer-aug
val_images,restormer-aug,15.0,25,125.0,group_avg,8,0.0004429870155935,34.33818682319103,20,33.53609003209705,results/figure5_angle_psnr_grid/sigma15/val_images/restormer-aug
val_images,restormer-aug,15.0,25,125.0,group_avg,16,0.0002680768945179,36.04871500823092,20,35.71740616139319,results/figure5_angle_psnr_grid/sigma15/val_images/restormer-aug
val_images,restormer-aug,15.0,25,125.0,group_avg,32,0.0002612560946103,36.04717839829773,20,35.82933569494125,results/figure5_angle_psnr_grid/sigma15/val_images/restormer-aug
val_images,restormer-aug,15.0,25,125.0,vanilla,0,0.0030410945201502,27.843454224289424,20,25.169700813548044,results/figure5_angle_psnr_grid/sigma15/val_images/restormer-aug
val_images,restormer-aug,15.0,26,130.0,group_avg,4,0.0005128560893574,33.93385806656012,20,32.90004483554918,results/figure5_angle_psnr_grid/sigma15/val_images/restormer-aug
val_images,restormer-aug,15.0,26,130.0,group_avg,8,0.0002597209636552,36.17578219772047,20,35.85492994412396,results/figure5_angle_psnr_grid/sigma15/val_images/restormer-aug
val_images,restormer-aug,15.0,26,130.0,group_avg,16,0.0002208642560871,36.66872262101944,20,36.55874563169551,results/figure5_angle_psnr_grid/sigma15/val_images/restormer-aug
val_images,restormer-aug,15.0,26,130.0,group_avg,32,0.0002487593467012,36.222456839057166,20,36.04220592413248,results/figure5_angle_psnr_grid/sigma15/val_images/restormer-aug
val_images,restormer-aug,15.0,26,130.0,vanilla,0,0.0011211890911661,31.36001237195153,20,29.503211364463557,results/figure5_angle_psnr_grid/sigma15/val_images/restormer-aug
val_images,restormer-aug,15.0,27,135.0,group_avg,4,0.0002311371051788,36.75536951985013,20,36.36130330241852,results/figure5_angle_psnr_grid/sigma15/val_images/restormer-aug
val_images,restormer-aug,15.0,27,135.0,group_avg,8,0.0001703127986907,37.9462562095831,20,37.68752714386599,results/figure5_angle_psnr_grid/sigma15/val_images/restormer-aug
val_images,restormer-aug,15.0,27,135.0,group_avg,16,0.0001722515846252,37.82106200572555,20,37.63836774117963,results/figure5_angle_psnr_grid/sigma15/val_images/restormer-aug
val_images,restormer-aug,15.0,27,135.0,group_avg,32,0.0001976703636169,37.27060035518925,20,37.04058438842293,results/figure5_angle_psnr_grid/sigma15/val_images/restormer-aug
val_images,restormer-aug,15.0,27,135.0,vanilla,0,0.000387733214569,34.92015874569275,20,34.11466994230824,results/figure5_angle_psnr_grid/sigma15/val_images/restormer-aug
val_images,restormer-aug,15.0,28,140.0,group_avg,4,0.0003250402128491,36.0155231236621,20,34.88062906288367,results/figure5_angle_psnr_grid/sigma15/val_images/restormer-aug
val_images,restormer-aug,15.0,28,140.0,group_avg,8,0.0002066095874275,37.28967166830194,20,36.848495295236006,results/figure5_angle_psnr_grid/sigma15/val_images/restormer-aug
val_images,restormer-aug,15.0,28,140.0,group_avg,16,0.0001850060197621,37.58822632532858,20,37.32814140208075,results/figure5_angle_psnr_grid/sigma15/val_images/restormer-aug
val_images,restormer-aug,15.0,28,140.0,group_avg,32,0.0001994703553036,37.27137463445512,20,37.0012163874752,results/figure5_angle_psnr_grid/sigma15/val_images/restormer-aug
val_images,restormer-aug,15.0,28,140.0,vanilla,0,0.0006075182048899,34.15813203713886,20,32.16440703466604,results/figure5_angle_psnr_grid/sigma15/val_images/restormer-aug
val_images,restormer-aug,15.0,29,145.0,group_avg,4,0.0008021017686823,33.64415958580811,20,30.957705260135565,results/figure5_angle_psnr_grid/sigma15/val_images/restormer-aug
val_images,restormer-aug,15.0,29,145.0,group_avg,8,0.0003370262170694,35.79250913738349,20,34.7233631430448,results/figure5_angle_psnr_grid/sigma15/val_images/restormer-aug
val_images,restormer-aug,15.0,29,145.0,group_avg,16,0.0002369339455628,36.675053920528754,20,36.25372713382389,results/figure5_angle_psnr_grid/sigma15/val_images/restormer-aug
val_images,restormer-aug,15.0,29,145.0,group_avg,32,0.0002502953552795,36.477363456469696,20,36.015472095015056,results/figure5_angle_psnr_grid/sigma15/val_images/restormer-aug
val_images,restormer-aug,15.0,29,145.0,vanilla,0,0.0016412248789646,31.869450780057225,20,27.848319082813138,results/figure5_angle_psnr_grid/sigma15/val_images/restormer-aug
val_images,restormer-aug,15.0,30,150.0,group_avg,4,0.0012462340980252,32.572836828652264,20,29.044003702521508,results/figure5_angle_psnr_grid/sigma15/val_images/restormer-aug
val_images,restormer-aug,15.0,30,150.0,group_avg,8,0.0004595193953917,34.77356762328377,20,33.376961531922554,results/figure5_angle_psnr_grid/sigma15/val_images/restormer-aug
val_images,restormer-aug,15.0,30,150.0,group_avg,16,0.0002706310076197,36.100440779938246,20,35.67622445481617,results/figure5_angle_psnr_grid/sigma15/val_images/restormer-aug
val_images,restormer-aug,15.0,30,150.0,group_avg,32,0.0002380077570232,36.473573157174215,20,36.23408888416136,results/figure5_angle_psnr_grid/sigma15/val_images/restormer-aug
val_images,restormer-aug,15.0,30,150.0,vanilla,0,0.0023584232750645,31.273248817036897,20,26.27378247787199,results/figure5_angle_psnr_grid/sigma15/val_images/restormer-aug
val_images,restormer-aug,15.0,31,155.0,group_avg,4,0.0021526785128127,30.05528115860012,20,26.670208241182483,results/figure5_angle_psnr_grid/sigma15/val_images/restormer-aug
val_images,restormer-aug,15.0,31,155.0,group_avg,8,0.0007047279382524,33.198889145082894,20,31.519785109798956,results/figure5_angle_psnr_grid/sigma15/val_images/restormer-aug
val_images,restormer-aug,15.0,31,155.0,group_avg,16,0.0003531362605535,35.125257481417535,20,34.520576861475064,results/figure5_angle_psnr_grid/sigma15/val_images/restormer-aug
val_images,restormer-aug,15.0,31,155.0,group_avg,32,0.0002861531439508,35.70788575659149,20,35.434014781568294,results/figure5_angle_psnr_grid/sigma15/val_images/restormer-aug
val_images,restormer-aug,15.0,31,155.0,vanilla,0,0.0022263155607149,30.71939926925815,20,26.524132782024708,results/figure5_angle_psnr_grid/sigma15/val_images/restormer-aug
val_images,restormer-aug,15.0,32,160.0,group_avg,4,0.0056327731820246,26.408132234904407,20,22.492777363872914,results/figure5_angle_psnr_grid/sigma15/val_images/restormer-aug
val_images,restormer-aug,15.0,32,160.0,group_avg,8,0.0016021639264546,30.241169406057445,20,27.952930508532116,results/figure5_angle_psnr_grid/sigma15/val_images/restormer-aug
val_images,restormer-aug,15.0,32,160.0,group_avg,16,0.0006099198257647,33.10607006314137,20,32.14727249442277,results/figure5_angle_psnr_grid/sigma15/val_images/restormer-aug
val_images,restormer-aug,15.0,32,160.0,group_avg,32,0.0003845932341822,34.54707708505795,20,34.14998360199375,results/figure5_angle_psnr_grid/sigma15/val_images/restormer-aug
val_images,restormer-aug,15.0,32,160.0,vanilla,0,0.0057225773576491,26.585555361394874,20,22.42408327832439,results/figure5_angle_psnr_grid/sigma15/val_images/restormer-aug
val_images,restormer-aug,15.0,33,165.0,group_avg,4,0.0059149086188016,23.84255529451941,20,22.280519605300103,results/figure5_angle_psnr_grid/sigma15/val_images/restormer-aug
val_images,restormer-aug,15.0,33,165.0,group_avg,8,0.0016967592650386,28.696357183408445,20,27.703797706945224,results/figure5_angle_psnr_grid/sigma15/val_images/restormer-aug
val_images,restormer-aug,15.0,33,165.0,group_avg,16,0.0006480418275619,32.332085802133314,20,31.88396961886949,results/figure5_angle_psnr_grid/sigma15/val_images/restormer-aug
val_images,restormer-aug,15.0,33,165.0,group_avg,32,0.0004051613232965,34.161145106098665,20,33.92372019088097,results/figure5_angle_psnr_grid/sigma15/val_images/restormer-aug
val_images,restormer-aug,15.0,33,165.0,vanilla,0,0.0064410296984185,23.86375563307847,20,21.91044698386463,results/figure5_angle_psnr_grid/sigma15/val_images/restormer-aug
val_images,restormer-aug,15.0,34,170.0,group_avg,4,0.0039115594368325,25.1027638941781,20,24.07650066186899,results/figure5_angle_psnr_grid/sigma15/val_images/restormer-aug
val_images,restormer-aug,15.0,34,170.0,group_avg,8,0.0012301743669035,29.63683036476889,20,29.100333265955896,results/figure5_angle_psnr_grid/sigma15/val_images/restormer-aug
val_images,restormer-aug,15.0,34,170.0,group_avg,16,0.0005600913323616,32.73606949628713,20,32.5174114816078,results/figure5_angle_psnr_grid/sigma15/val_images/restormer-aug
val_images,restormer-aug,15.0,34,170.0,group_avg,32,0.0004180531484743,33.974228432299846,20,33.78768501426335,results/figure5_angle_psnr_grid/sigma15/val_images/restormer-aug
val_images,restormer-aug,15.0,34,170.0,vanilla,0,0.0049695902589839,24.23408253789584,20,23.03679417221995,results/figure5_angle_psnr_grid/sigma15/val_images/restormer-aug
val_images,restormer-aug,15.0,35,175.0,group_avg,4,0.002386406536214,27.35745445651449,20,26.22255570139704,results/figure5_angle_psnr_grid/sigma15/val_images/restormer-aug
val_images,restormer-aug,15.0,35,175.0,group_avg,8,0.0009029167657718,30.956581425944865,20,30.443522827231444,results/figure5_angle_psnr_grid/sigma15/val_images/restormer-aug
val_images,restormer-aug,15.0,35,175.0,group_avg,16,0.0005315587026998,32.98426357494706,20,32.74448767169223,results/figure5_angle_psnr_grid/sigma15/val_images/restormer-aug
val_images,restormer-aug,15.0,35,175.0,group_avg,32,0.000443249028176,33.75979403138388,20,33.5335220791708,results/figure5_angle_psnr_grid/sigma15/val_images/restormer-aug
val_images,restormer-aug,15.0,35,175.0,vanilla,0,0.003493722660467,26.492641558915373,20,24.567115732538703,results/figure5_angle_psnr_grid/sigma15/val_images/restormer-aug
val_images,tv,15.0,0,0.0,group_avg,4,0.0008964736886752,31.02091775416676,20,30.474624523715576,results/figure5_angle_psnr_grid/sigma15/val_images/tv
val_images,tv,15.0,0,0.0,group_avg,8,0.0009052815786631,30.95084319243105,20,30.43216316883846,results/figure5_angle_psnr_grid/sigma15/val_images/tv
val_images,tv,15.0,0,0.0,group_avg,16,0.0009086120861794,30.923083570539237,20,30.41621490583107,results/figure5_angle_psnr_grid/sigma15/val_images/tv
val_images,tv,15.0,0,0.0,group_avg,32,0.0009111454399794,30.90437221712056,20,30.40412294005006,results/figure5_angle_psnr_grid/sigma15/val_images/tv
val_images,tv,15.0,0,0.0,vanilla,0,0.0008953598086365,31.032130329551663,20,30.480024043451458,results/figure5_angle_psnr_grid/sigma15/val_images/tv
val_images,tv,15.0,1,5.0,group_avg,4,0.0007869585147127,31.573621285722577,20,31.04048161295588,results/figure5_angle_psnr_grid/sigma15/val_images/tv
val_images,tv,15.0,1,5.0,group_avg,8,0.0007871594689786,31.54820243880913,20,31.03937275923373,results/figure5_angle_psnr_grid/sigma15/val_images/tv
val_images,tv,15.0,1,5.0,group_avg,16,0.0007753968751057,31.615535913730845,20,31.10475953557134,results/figure5_angle_psnr_grid/sigma15/val_images/tv
val_images,tv,15.0,1,5.0,group_avg,32,0.0007831406565383,31.573828454255292,20,31.0616022916508,results/figure5_angle_psnr_grid/sigma15/val_images/tv
val_images,tv,15.0,1,5.0,vanilla,0,0.0007845527241006,31.601515120315035,20,31.053778653127857,results/figure5_angle_psnr_grid/sigma15/val_images/tv
val_images,tv,15.0,2,10.0,group_avg,4,0.0006713459381058,32.260098655730474,20,31.730536343832465,results/figure5_angle_psnr_grid/sigma15/val_images/tv
val_images,tv,15.0,2,10.0,group_avg,8,0.0006665558273164,32.280738050223604,20,31.761634704359903,results/figure5_angle_psnr_grid/sigma15/val_images/tv
val_images,tv,15.0,2,10.0,group_avg,16,0.0006645913856216,32.289277573078806,20,31.774452923098472,results/figure5_angle_psnr_grid/sigma15/val_images/tv
val_images,tv,15.0,2,10.0,group_avg,32,0.0006651411803673,32.2837577684538,20,31.77086163197778,results/figure5_angle_psnr_grid/sigma15/val_images/tv
val_images,tv,15.0,2,10.0,vanilla,0,0.0006726974242125,32.25469078965225,20,31.721802352463055,results/figure5_angle_psnr_grid/sigma15/val_images/tv
val_images,tv,15.0,3,15.0,group_avg,4,0.0005923672077688,32.7905438942834,20,32.27408991135305,results/figure5_angle_psnr_grid/sigma15/val_images/tv
val_images,tv,15.0,3,15.0,group_avg,8,0.0005904979357499,32.803747117312284,20,32.28781616245135,results/figure5_angle_psnr_grid/sigma15/val_images/tv
val_images,tv,15.0,3,15.0,group_avg,16,0.0005874980016726,32.818892660700214,20,32.30993606271576,results/figure5_angle_psnr_grid/sigma15/val_images/tv
val_images,tv,15.0,3,15.0,group_avg,32,0.0005838989727335,32.84224961662596,20,32.33662288812009,results/figure5_angle_psnr_grid/sigma15/val_images/tv
val_images,tv,15.0,3,15.0,vanilla,0,0.0005942266643961,32.782860316562775,20,32.26047864245081,results/figure5_angle_psnr_grid/sigma15/val_images/tv
val_images,tv,15.0,4,20.0,group_avg,4,0.000522156112383,33.332825778443954,20,32.82199633759405,results/figure5_angle_psnr_grid/sigma15/val_images/tv
val_images,tv,15.0,4,20.0,group_avg,8,0.0005225374844298,33.32335037813233,20,32.81882549815705,results/figure5_angle_psnr_grid/sigma15/val_images/tv
val_images,tv,15.0,4,20.0,group_avg,16,0.0005209472965827,33.33619949831588,20,32.83206211366631,results/figure5_angle_psnr_grid/sigma15/val_images/tv
val_images,tv,15.0,4,20.0,group_avg,32,0.0005162763142199,33.37071201961233,20,32.87117799104518,results/figure5_angle_psnr_grid/sigma15/val_images/tv
val_images,tv,15.0,4,20.0,vanilla,0,0.0005238212421396,33.31982549388534,20,32.808168939272655,results/figure5_angle_psnr_grid/sigma15/val_images/tv
val_images,tv,15.0,5,25.0,group_avg,4,0.0004540326515248,33.929124258315696,20,33.4291291395534,results/figure5_angle_psnr_grid/sigma15/val_images/tv
val_images,tv,15.0,5,25.0,group_avg,8,0.0004611991101698,33.854118488681664,20,33.36111539297302,results/figure5_angle_psnr_grid/sigma15/val_images/tv
val_images,tv,15.0,5,25.0,group_avg,16,0.0004642355659982,33.834376603557686,20,33.3326159045247,results/figure5_angle_psnr_grid/sigma15/val_images/tv
val_images,tv,15.0,5,25.0,group_avg,32,0.0004628078060399,33.83295832214849,20,33.345993245442614,results/figure5_angle_psnr_grid/sigma15/val_images/tv
val_images,tv,15.0,5,25.0,vanilla,0,0.0004571842306384,33.91689532804253,20,33.39908757858596,results/figure5_angle_psnr_grid/sigma15/val_images/tv
val_images,tv,15.0,6,30.0,group_avg,4,0.0004120594568613,34.341208590776134,20,33.850401142489346,results/figure5_angle_psnr_grid/sigma15/val_images/tv
val_images,tv,15.0,6,30.0,group_avg,8,0.0004151522835208,34.30512573426576,20,33.81792568922768,results/figure5_angle_psnr_grid/sigma15/val_images/tv
val_images,tv,15.0,6,30.0,group_avg,16,0.0004189927247129,34.273744074538044,20,33.77793517951198,results/figure5_angle_psnr_grid/sigma15/val_images/tv
val_images,tv,15.0,6,30.0,group_avg,32,0.0004185775712378,34.26285297628578,20,33.78224046299735,results/figure5_angle_psnr_grid/sigma15/val_images/tv
val_images,tv,15.0,6,30.0,vanilla,0,0.00041175439153,34.35660799862974,20,33.85361760204147,results/figure5_angle_psnr_grid/sigma15/val_images/tv
val_images,tv,15.0,7,35.0,group_avg,4,0.0003767307903147,34.72950135240344,20,34.23968883334483,results/figure5_angle_psnr_grid/sigma15/val_images/tv
val_images,tv,15.0,7,35.0,group_avg,8,0.0003771765757643,34.721638071261545,20,34.2345528659265,results/figure5_angle_psnr_grid/sigma15/val_images/tv
val_images,tv,15.0,7,35.0,group_avg,16,0.0003775285100868,34.72532713699122,20,34.2305024587362,results/figure5_angle_psnr_grid/sigma15/val_images/tv
val_images,tv,15.0,7,35.0,group_avg,32,0.0003798967529163,34.69101464328803,20,34.20334418465635,results/figure5_angle_psnr_grid/sigma15/val_images/tv
val_images,tv,15.0,7,35.0,vanilla,0,0.0003790103057712,34.70072150675158,20,34.21348980853218,results/figure5_angle_psnr_grid/sigma15/val_images/tv
val_images,tv,15.0,8,40.0,group_avg,4,0.000354611771246,35.00048606059241,20,34.50246852202767,results/figure5_angle_psnr_grid/sigma15/val_images/tv
val_images,tv,15.0,8,40.0,group_avg,8,0.0003500294321286,35.05104248998616,20,34.558954365821435,results/figure5_angle_psnr_grid/sigma15/val_images/tv
val_images,tv,15.0,8,40.0,group_avg,16,0.0003487885730752,35.06120258281729,20,34.574377517545145,results/figure5_angle_psnr_grid/sigma15/val_images/tv
val_images,tv,15.0,8,40.0,group_avg,32,0.0003501691718525,35.03613482532577,20,34.55722090930034,results/figure5_angle_psnr_grid/sigma15/val_images/tv
val_images,tv,15.0,8,40.0,vanilla,0,0.0003573433858984,34.95448240916461,20,34.4691425188484,results/figure5_angle_psnr_grid/sigma15/val_images/tv
val_images,tv,15.0,9,45.0,group_avg,4,0.0003300634689331,35.27559477473766,20,34.81402540252275,results/figure5_angle_psnr_grid/sigma15/val_images/tv
val_images,tv,15.0,9,45.0,group_avg,8,0.000319028017044,35.45129795729504,20,34.96171175521689,results/figure5_angle_psnr_grid/sigma15/val_images/tv
val_images,tv,15.0,9,45.0,group_avg,16,0.0003216536266326,35.41279227244515,20,34.92611547581859,results/figure5_angle_psnr_grid/sigma15/val_images/tv
val_images,tv,15.0,9,45.0,group_avg,32,0.0003240352859497,35.37202650902991,20,34.894076945500764,results/figure5_angle_psnr_grid/sigma15/val_images/tv
val_images,tv,15.0,9,45.0,vanilla,0,0.0003322624771118,35.24531723793985,20,34.785187014640314,results/figure5_angle_psnr_grid/sigma15/val_images/tv
val_images,tv,15.0,10,50.0,group_avg,4,0.0003514741818794,35.01880585069292,20,34.54106571295906,results/figure5_angle_psnr_grid/sigma15/val_images/tv
val_images,tv,15.0,10,50.0,group_avg,8,0.0003489946422594,35.053589987056185,20,34.57181240247136,results/figure5_angle_psnr_grid/sigma15/val_images/tv
val_images,tv,15.0,10,50.0,group_avg,16,0.0003499074010083,35.044723181580906,20,34.56046871512313,results/figure5_angle_psnr_grid/sigma15/val_images/tv
val_images,tv,15.0,10,50.0,group_avg,32,0.0003507167519162,35.026819832249984,20,34.550434896330906,results/figure5_angle_psnr_grid/sigma15/val_images/tv
val_images,tv,15.0,10,50.0,vanilla,0,0.0003521143210436,34.99307792836751,20,34.53316311130523,results/figure5_angle_psnr_grid/sigma15/val_images/tv
val_images,tv,15.0,11,55.0,group_avg,4,0.0003806233733088,34.677645301731715,20,34.195045460873864,results/figure5_angle_psnr_grid/sigma15/val_images/tv
val_images,tv,15.0,11,55.0,group_avg,8,0.0003771508219222,34.72416793821064,20,34.23484941491929,results/figure5_angle_psnr_grid/sigma15/val_images/tv
val_images,tv,15.0,11,55.0,group_avg,16,0.0003795961113298,34.70207780054277,20,34.20678245234821,results/figure5_angle_psnr_grid/sigma15/val_images/tv
val_images,tv,15.0,11,55.0,group_avg,32,0.0003801400841156,34.684907948812324,20,34.20056333521343,results/figure5_angle_psnr_grid/sigma15/val_images/tv
val_images,tv,15.0,11,55.0,vanilla,0,0.0003865646147338,34.603431426094446,20,34.127779028402244,results/figure5_angle_psnr_grid/sigma15/val_images/tv
val_images,tv,15.0,12,60.0,group_avg,4,0.0004185462538482,34.28088954211356,20,33.78256540822293,results/figure5_angle_psnr_grid/sigma15/val_images/tv
val_images,tv,15.0,12,60.0,group_avg,8,0.0004181176459748,34.29257385848281,20,33.787015033709466,results/figure5_angle_psnr_grid/sigma15/val_images/tv
val_images,tv,15.0,12,60.0,group_avg,16,0.000420031110918,34.271636479279806,20,33.76718541031535,results/figure5_angle_psnr_grid/sigma15/val_images/tv
val_images,tv,15.0,12,60.0,group_avg,32,0.0004206645602615,34.2483663692645,20,33.76064074460676,results/figure5_angle_psnr_grid/sigma15/val_images/tv
val_images,tv,15.0,12,60.0,vanilla,0,0.0004269690971369,34.2049056694045,20,33.696035568920394,results/figure5_angle_psnr_grid/sigma15/val_images/tv
val_images,tv,15.0,13,65.0,group_avg,4,0.0004680264226399,33.80636983856584,20,33.29729627945491,results/figure5_angle_psnr_grid/sigma15/val_images/tv
val_images,tv,15.0,13,65.0,group_avg,8,0.0004647488649968,33.843122571381215,20,33.327816621826535,results/figure5_angle_psnr_grid/sigma15/val_images/tv
val_images,tv,15.0,13,65.0,group_avg,16,0.0004648424313562,33.83817335924846,20,33.32694235904268,results/figure5_angle_psnr_grid/sigma15/val_images/tv
val_images,tv,15.0,13,65.0,group_avg,32,0.0004633614525659,33.836537147604666,20,33.34080098371286,results/figure5_angle_psnr_grid/sigma15/val_images/tv
val_images,tv,15.0,13,65.0,vanilla,0,0.0004750583498563,33.74597462008424,20,33.23253044134561,results/figure5_angle_psnr_grid/sigma15/val_images/tv
val_images,tv,15.0,14,70.0,group_avg,4,0.0005227026277995,33.335604166466844,20,32.81745316554304,results/figure5_angle_psnr_grid/sigma15/val_images/tv
val_images,tv,15.0,14,70.0,group_avg,8,0.0005177364232886,33.37566229094732,20,32.85891280880909,results/figure5_angle_psnr_grid/sigma15/val_images/tv
val_images,tv,15.0,14,70.0,group_avg,16,0.0005179968917006,33.36584547728236,20,32.85672846280457,results/figure5_angle_psnr_grid/sigma15/val_images/tv
val_images,tv,15.0,14,70.0,group_avg,32,0.000516025813448,33.36800529472059,20,32.87328572873474,results/figure5_angle_psnr_grid/sigma15/val_images/tv
val_images,tv,15.0,14,70.0,vanilla,0,0.0005258913161062,33.311993517649164,20,32.79104000508574,results/figure5_angle_psnr_grid/sigma15/val_images/tv
val_images,tv,15.0,15,75.0,group_avg,4,0.0005930174255649,32.793681229202235,20,32.26932544889494,results/figure5_angle_psnr_grid/sigma15/val_images/tv
val_images,tv,15.0,15,75.0,group_avg,8,0.0005895215021249,32.81291620975637,20,32.295003498837474,results/figure5_angle_psnr_grid/sigma15/val_images/tv
val_images,tv,15.0,15,75.0,group_avg,16,0.0005855697126089,32.83521399005523,20,32.32421394359147,results/figure5_angle_psnr_grid/sigma15/val_images/tv
val_images,tv,15.0,15,75.0,group_avg,32,0.0005821084627885,32.855027648379746,20,32.34996086824616,results/figure5_angle_psnr_grid/sigma15/val_images/tv
val_images,tv,15.0,15,75.0,vanilla,0,0.0005967529427839,32.769788836779526,20,32.24205430667766,results/figure5_angle_psnr_grid/sigma15/val_images/tv
val_images,tv,15.0,16,80.0,group_avg,4,0.0006747444976505,32.24384961610117,20,31.7086064830498,results/figure5_angle_psnr_grid/sigma15/val_images/tv
val_images,tv,15.0,16,80.0,group_avg,8,0.0006774081458716,32.21438174407746,20,31.69149585244009,results/figure5_angle_psnr_grid/sigma15/val_images/tv
val_images,tv,15.0,16,80.0,group_avg,16,0.0006692850977852,32.25861660167368,20,31.74388844833194,results/figure5_angle_psnr_grid/sigma15/val_images/tv
val_images,tv,15.0,16,80.0,group_avg,32,0.000666775442026,32.27259740972805,20,31.76020404028456,results/figure5_angle_psnr_grid/sigma15/val_images/tv
val_images,tv,15.0,16,80.0,vanilla,0,0.0006780504316022,32.22298993912223,20,31.68738003253813,results/figure5_angle_psnr_grid/sigma15/val_images/tv
val_images,tv,15.0,17,85.0,group_avg,4,0.0007780181271955,31.605622766248683,20,31.090102841809006,results/figure5_angle_psnr_grid/sigma15/val_images/tv
val_images,tv,15.0,17,85.0,group_avg,8,0.000780443906784,31.578684500782224,20,31.076583057336443,results/figure5_angle_psnr_grid/sigma15/val_images/tv
val_images,tv,15.0,17,85.0,group_avg,16,0.0007659862106665,31.663603301253403,20,31.15779048494432,results/figure5_angle_psnr_grid/sigma15/val_images/tv
val_images,tv,15.0,17,85.0,group_avg,32,0.0007738562747836,31.62402684011252,20,31.113396915967595,results/figure5_angle_psnr_grid/sigma15/val_images/tv
val_images,tv,15.0,17,85.0,vanilla,0,0.0007824374809861,31.582620119886617,20,31.065503537782707,results/figure5_angle_psnr_grid/sigma15/val_images/tv
val_images,tv,15.0,18,90.0,group_avg,4,0.0008964736820552,31.020917794067135,20,30.4746245557859,results/figure5_angle_psnr_grid/sigma15/val_images/tv
val_images,tv,15.0,18,90.0,group_avg,8,0.0009052816272096,30.95084300788966,20,30.432162935944238,results/figure5_angle_psnr_grid/sigma15/val_images/tv
val_images,tv,15.0,18,90.0,group_avg,16,0.0009086120519762,30.923083711700485,20,30.4162150693142,results/figure5_angle_psnr_grid/sigma15/val_images/tv
val_images,tv,15.0,18,90.0,group_avg,32,0.0009111454300494,30.90437223825272,20,30.404122987380937,results/figure5_angle_psnr_grid/sigma15/val_images/tv
val_images,tv,15.0,18,90.0,vanilla,0,0.0009045751683224,30.97727799442967,20,30.43555338332945,results/figure5_angle_psnr_grid/sigma15/val_images/tv
val_images,tv,15.0,19,95.0,group_avg,4,0.0007791751185432,31.592155251080925,20,31.08364924265885,results/figure5_angle_psnr_grid/sigma15/val_images/tv
val_images,tv,15.0,19,95.0,group_avg,8,0.000779513885267,31.579249720844416,20,31.08176144437726,results/figure5_angle_psnr_grid/sigma15/val_images/tv
val_images,tv,15.0,19,95.0,group_avg,16,0.0007655373988673,31.661532906478595,20,31.16033587820121,results/figure5_angle_psnr_grid/sigma15/val_images/tv
val_images,tv,15.0,19,95.0,group_avg,32,0.0007741052014753,31.619399083767824,20,31.11200014361636,results/figure5_angle_psnr_grid/sigma15/val_images/tv
val_images,tv,15.0,19,95.0,vanilla,0,0.0007870336286723,31.545047674914123,20,31.040067105445985,results/figure5_angle_psnr_grid/sigma15/val_images/tv
val_images,tv,15.0,20,100.0,group_avg,4,0.0006723633253181,32.25879907800864,20,31.723959835822814,results/figure5_angle_psnr_grid/sigma15/val_images/tv
val_images,tv,15.0,20,100.0,group_avg,8,0.000668713107126,32.27005873907699,20,31.747601643180445,results/figure5_angle_psnr_grid/sigma15/val_images/tv
val_images,tv,15.0,20,100.0,group_avg,16,0.0006647830122635,32.28595082804526,20,31.77320086959305,results/figure5_angle_psnr_grid/sigma15/val_images/tv
val_images,tv,15.0,20,100.0,group_avg,32,0.0006652796063646,32.28219302364348,20,31.769957893136787,results/figure5_angle_psnr_grid/sigma15/val_images/tv
val_images,tv,15.0,20,100.0,vanilla,0,0.0006728622269865,32.25536149077258,20,31.720738513551854,results/figure5_angle_psnr_grid/sigma15/val_images/tv
val_images,tv,15.0,21,105.0,group_avg,4,0.0005936972999154,32.78757874163033,20,32.26434926203594,results/figure5_angle_psnr_grid/sigma15/val_images/tv
val_images,tv,15.0,21,105.0,group_avg,8,0.0005930318066114,32.78350596301824,20,32.269220131022,results/figure5_angle_psnr_grid/sigma15/val_images/tv
val_images,tv,15.0,21,105.0,group_avg,16,0.0005912649636724,32.79317519787763,20,32.28217855035261,results/figure5_angle_psnr_grid/sigma15/val_images/tv
val_images,tv,15.0,21,105.0,group_avg,32,0.0005865001608804,32.821712751190084,20,32.317318644188866,results/figure5_angle_psnr_grid/sigma15/val_images/tv
val_images,tv,15.0,21,105.0,vanilla,0,0.0005984647526542,32.74899644910082,20,32.22961422832402,results/figure5_angle_psnr_grid/sigma15/val_images/tv
val_images,tv,15.0,22,110.0,group_avg,4,0.0005229567175361,33.340950057496585,20,32.81534253987511,results/figure5_angle_psnr_grid/sigma15/val_images/tv
val_images,tv,15.0,22,110.0,group_avg,8,0.0005232417969577,33.322338560431504,20,32.81297571520419,results/figure5_angle_psnr_grid/sigma15/val_images/tv
val_images,tv,15.0,22,110.0,group_avg,16,0.0005205869963421,33.34158474863118,20,32.83506684262462,results/figure5_angle_psnr_grid/sigma15/val_images/tv
val_images,tv,15.0,22,110.0,group_avg,32,0.0005179979907519,33.35458434251399,20,32.85671924824292,results/figure5_angle_psnr_grid/sigma15/val_images/tv
val_images,tv,15.0,22,110.0,vanilla,0,0.0005245138140468,33.32170727947518,20,32.80243069366858,results/figure5_angle_psnr_grid/sigma15/val_images/tv
val_images,tv,15.0,23,115.0,group_avg,4,0.0004631860010398,33.846829022396705,20,33.34244574848437,results/figure5_angle_psnr_grid/sigma15/val_images/tv
val_images,tv,15.0,23,115.0,group_avg,8,0.0004646392590034,33.823595636783494,20,33.328840979188,results/figure5_angle_psnr_grid/sigma15/val_images/tv
val_images,tv,15.0,23,115.0,group_avg,16,0.0004663981623214,33.81530508754865,20,33.312431694309275,results/figure5_angle_psnr_grid/sigma15/val_images/tv
val_images,tv,15.0,23,115.0,group_avg,32,0.0004656185371737,33.80954815368956,20,33.31969737911396,results/figure5_angle_psnr_grid/sigma15/val_images/tv
val_images,tv,15.0,23,115.0,vanilla,0,0.0004658639776858,33.82466155847286,20,33.31740869498266,results/figure5_angle_psnr_grid/sigma15/val_images/tv
val_images,tv,15.0,24,120.0,group_avg,4,0.0004191464850943,34.271160180063404,20,33.776341714246534,results/figure5_angle_psnr_grid/sigma15/val_images/tv
val_images,tv,15.0,24,120.0,group_avg,8,0.0004174593661925,34.27604631288335,20,33.79385790592772,results/figure5_angle_psnr_grid/sigma15/val_images/tv
val_images,tv,15.0,24,120.0,group_avg,16,0.0004201999552293,34.25927356590631,20,33.76543998202477,results/figure5_angle_psnr_grid/sigma15/val_images/tv
val_images,tv,15.0,24,120.0,group_avg,32,0.0004205993923599,34.24305822333138,20,33.761313590746305,results/figure5_angle_psnr_grid/sigma15/val_images/tv
val_images,tv,15.0,24,120.0,vanilla,0,0.0004168164697226,34.28926387789469,20,33.80055129035901,results/figure5_angle_psnr_grid/sigma15/val_images/tv
val_images,tv,15.0,25,125.0,group_avg,4,0.0003784132600837,34.69779728162734,20,34.220336537705,results/figure5_angle_psnr_grid/sigma15/val_images/tv
val_images,tv,15.0,25,125.0,group_avg,8,0.000377630813299,34.701939418714545,20,34.229325760801295,results/figure5_angle_psnr_grid/sigma15/val_images/tv
val_images,tv,15.0,25,125.0,group_avg,16,0.0003798959155608,34.690966415838304,20,34.2033537572381,results/figure5_angle_psnr_grid/sigma15/val_images/tv
val_images,tv,15.0,25,125.0,group_avg,32,0.0003804502107949,34.677281256595585,20,34.197021709350814,results/figure5_angle_psnr_grid/sigma15/val_images/tv
val_images,tv,15.0,25,125.0,vanilla,0,0.0003788395916022,34.702815874330305,20,34.21544640239342,results/figure5_angle_psnr_grid/sigma15/val_images/tv
val_images,tv,15.0,26,130.0,group_avg,4,0.0003535969616248,34.9945697109179,20,34.514914754327975,results/figure5_angle_psnr_grid/sigma15/val_images/tv
val_images,tv,15.0,26,130.0,group_avg,8,0.0003499309447412,35.04322490560361,20,34.56017650726232,results/figure5_angle_psnr_grid/sigma15/val_images/tv
val_images,tv,15.0,26,130.0,group_avg,16,0.0003509859494011,35.03600449162174,20,34.54710268775386,results/figure5_angle_psnr_grid/sigma15/val_images/tv
val_images,tv,15.0,26,130.0,group_avg,32,0.0003511640952078,35.02503263713627,20,34.54489894959108,results/figure5_angle_psnr_grid/sigma15/val_images/tv
val_images,tv,15.0,26,130.0,vanilla,0,0.0003572446973565,34.95556989761063,20,34.47034208795576,results/figure5_angle_psnr_grid/sigma15/val_images/tv
val_images,tv,15.0,27,135.0,group_avg,4,0.0003273382293701,35.31396227011911,20,34.85003271089974,results/figure5_angle_psnr_grid/sigma15/val_images/tv
val_images,tv,15.0,27,135.0,group_avg,8,0.00031745870018,35.476869917373634,20,34.98312766279303,results/figure5_angle_psnr_grid/sigma15/val_images/tv
val_images,tv,15.0,27,135.0,group_avg,16,0.0003206816524505,35.42741014782034,20,34.939258871792035,results/figure5_angle_psnr_grid/sigma15/val_images/tv
val_images,tv,15.0,27,135.0,group_avg,32,0.0003227998470306,35.389656989420544,20,34.91066679754691,results/figure5_angle_psnr_grid/sigma15/val_images/tv
val_images,tv,15.0,27,135.0,vanilla,0,0.0003300498512268,35.28383716296988,20,34.8142045867483,results/figure5_angle_psnr_grid/sigma15/val_images/tv
val_images,tv,15.0,28,140.0,group_avg,4,0.0003542047074945,34.99732548531456,20,34.507456711941025,results/figure5_angle_psnr_grid/sigma15/val_images/tv
val_images,tv,15.0,28,140.0,group_avg,8,0.0003487441072131,35.065101052758635,20,34.57493122002,results/figure5_angle_psnr_grid/sigma15/val_images/tv
val_images,tv,15.0,28,140.0,group_avg,16,0.0003498557570632,35.047958193876674,20,34.5611097514552,results/figure5_angle_psnr_grid/sigma15/val_images/tv
val_images,tv,15.0,28,140.0,group_avg,32,0.0003516129372653,35.01806870542326,20,34.53935153849689,results/figure5_angle_psnr_grid/sigma15/val_images/tv
val_images,tv,15.0,28,140.0,vanilla,0,0.0003554819689175,34.98818201504057,20,34.49182423058586,results/figure5_angle_psnr_grid/sigma15/val_images/tv
val_images,tv,15.0,29,145.0,group_avg,4,0.0003749896939936,34.748819936433485,20,34.259806680140855,results/figure5_angle_psnr_grid/sigma15/val_images/tv
val_images,tv,15.0,29,145.0,group_avg,8,0.0003726687653396,34.77919954835049,20,34.28677005446047,results/figure5_angle_psnr_grid/sigma15/val_images/tv
val_images,tv,15.0,29,145.0,group_avg,16,0.0003758261632215,34.745552010962584,20,34.25012989676647,results/figure5_angle_psnr_grid/sigma15/val_images/tv
val_images,tv,15.0,29,145.0,group_avg,32,0.0003797278579537,34.693543591235745,20,34.20527540569479,results/figure5_angle_psnr_grid/sigma15/val_images/tv
val_images,tv,15.0,29,145.0,vanilla,0,0.0003775994335588,34.719719015672446,20,34.22968665863509,results/figure5_angle_psnr_grid/sigma15/val_images/tv
val_images,tv,15.0,30,150.0,group_avg,4,0.0004085628265403,34.38758336663416,20,33.887411505837115,results/figure5_angle_psnr_grid/sigma15/val_images/tv
val_images,tv,15.0,30,150.0,group_avg,8,0.0004117101690223,34.35954409092264,20,33.85408406027136,results/figure5_angle_psnr_grid/sigma15/val_images/tv
val_images,tv,15.0,30,150.0,group_avg,16,0.000415895999153,34.312818176734474,20,33.81015257452071,results/figure5_angle_psnr_grid/sigma15/val_images/tv
val_images,tv,15.0,30,150.0,group_avg,32,0.0004171238217425,34.28024154946094,20,33.79735007095137,results/figure5_angle_psnr_grid/sigma15/val_images/tv
val_images,tv,15.0,30,150.0,vanilla,0,0.0004111190568189,34.36038518441924,20,33.86032391671374,results/figure5_angle_psnr_grid/sigma15/val_images/tv
val_images,tv,15.0,31,155.0,group_avg,4,0.0004603454831112,33.875823966773446,20,33.3691611376908,results/figure5_angle_psnr_grid/sigma15/val_images/tv
val_images,tv,15.0,31,155.0,group_avg,8,0.0004573482521566,33.909023267919345,20,33.39752976314742,results/figure5_angle_psnr_grid/sigma15/val_images/tv
val_images,tv,15.0,31,155.0,group_avg,16,0.0004618961569245,33.86601483036953,20,33.354556511620025,results/figure5_angle_psnr_grid/sigma15/val_images/tv
val_images,tv,15.0,31,155.0,group_avg,32,0.0004619866372202,33.84648991182696,20,33.353705860573946,results/figure5_angle_psnr_grid/sigma15/val_images/tv
val_images,tv,15.0,31,155.0,vanilla,0,0.0004570016587345,33.899124406916734,20,33.400822236107345,results/figure5_angle_psnr_grid/sigma15/val_images/tv
val_images,tv,15.0,32,160.0,group_avg,4,0.0005221162344506,33.34088471887237,20,32.82232802819328,results/figure5_angle_psnr_grid/sigma15/val_images/tv
val_images,tv,15.0,32,160.0,group_avg,8,0.0005165051743082,33.38459718162364,20,32.869253233945386,results/figure5_angle_psnr_grid/sigma15/val_images/tv
val_images,tv,15.0,32,160.0,group_avg,16,0.0005180589619924,33.366317791404654,20,32.8562080895994,results/figure5_angle_psnr_grid/sigma15/val_images/tv
val_images,tv,15.0,32,160.0,group_avg,32,0.0005151844948623,33.381858897879155,20,32.880372161006306,results/figure5_angle_psnr_grid/sigma15/val_images/tv
val_images,tv,15.0,32,160.0,vanilla,0,0.0005236977576693,33.327476562346426,20,32.809192856248,results/figure5_angle_psnr_grid/sigma15/val_images/tv
val_images,tv,15.0,33,165.0,group_avg,4,0.0005944904204787,32.78031882930652,20,32.258551391390625,results/figure5_angle_psnr_grid/sigma15/val_images/tv
val_images,tv,15.0,33,165.0,group_avg,8,0.0005959770858853,32.766259159314565,20,32.247704376839934,results/figure5_angle_psnr_grid/sigma15/val_images/tv
val_images,tv,15.0,33,165.0,group_avg,16,0.0005915439137583,32.79198000347538,20,32.28013009624354,results/figure5_angle_psnr_grid/sigma15/val_images/tv
val_images,tv,15.0,33,165.0,group_avg,32,0.0005855114918019,32.83184895914008,20,32.32464576633956,results/figure5_angle_psnr_grid/sigma15/val_images/tv
val_images,tv,15.0,33,165.0,vanilla,0,0.0005957808581645,32.7716328720383,20,32.2491345433859,results/figure5_angle_psnr_grid/sigma15/val_images/tv
val_images,tv,15.0,34,170.0,group_avg,4,0.0006724607599455,32.24122262358439,20,31.72333052940932,results/figure5_angle_psnr_grid/sigma15/val_images/tv
val_images,tv,15.0,34,170.0,group_avg,8,0.0006783736064088,32.196649232969186,20,31.68531057588018,results/figure5_angle_psnr_grid/sigma15/val_images/tv
val_images,tv,15.0,34,170.0,group_avg,16,0.0006711569940109,32.24303957466286,20,31.73175879745056,results/figure5_angle_psnr_grid/sigma15/val_images/tv
val_images,tv,15.0,34,170.0,group_avg,32,0.000670449214231,32.24754203599615,20,31.736341138818325,results/figure5_angle_psnr_grid/sigma15/val_images/tv
val_images,tv,15.0,34,170.0,vanilla,0,0.0006721463122304,32.2456348940427,20,31.72536179806472,results/figure5_angle_psnr_grid/sigma15/val_images/tv
val_images,tv,15.0,35,175.0,group_avg,4,0.0007903174683451,31.54674880596886,20,31.021984187667456,results/figure5_angle_psnr_grid/sigma15/val_images/tv
val_images,tv,15.0,35,175.0,group_avg,8,0.0007943485109135,31.511328437070404,20,30.99988914249373,results/figure5_angle_psnr_grid/sigma15/val_images/tv
val_images,tv,15.0,35,175.0,group_avg,16,0.0007765196124091,31.607301992847063,20,31.09847570903205,results/figure5_angle_psnr_grid/sigma15/val_images/tv
val_images,tv,15.0,35,175.0,group_avg,32,0.0007796558886766,31.59245409430945,20,31.0809703657098,results/figure5_angle_psnr_grid/sigma15/val_images/tv
val_images,tv,15.0,35,175.0,vanilla,0,0.0007885903101414,31.568417205918763,20,31.03148563653812,results/figure5_angle_psnr_grid/sigma15/val_images/tv
val_images,wavelet,15.0,0,0.0,group_avg,4,0.0009768474151118,30.17976549141112,20,30.10173268369413,results/figure5_angle_psnr_grid/sigma15/val_images/wavelet
val_images,wavelet,15.0,0,0.0,group_avg,8,0.00084455502602,30.792400513640068,20,30.733720492092257,results/figure5_angle_psnr_grid/sigma15/val_images/wavelet
val_images,wavelet,15.0,0,0.0,group_avg,16,0.0007770163286145,31.14683625656224,20,31.095698546190565,results/figure5_angle_psnr_grid/sigma15/val_images/wavelet
val_images,wavelet,15.0,0,0.0,group_avg,32,0.0007399602028799,31.36234413664522,20,31.30791637207418,results/figure5_angle_psnr_grid/sigma15/val_images/wavelet
val_images,wavelet,15.0,0,0.0,vanilla,0,0.0009850771072213,30.137773144981004,20,30.065297736342757,results/figure5_angle_psnr_grid/sigma15/val_images/wavelet
val_images,wavelet,15.0,1,5.0,group_avg,4,0.0010362745970487,29.94098706843501,20,29.84525147890869,results/figure5_angle_psnr_grid/sigma15/val_images/wavelet
val_images,wavelet,15.0,1,5.0,group_avg,8,0.0008556595947593,30.778798501304795,20,30.67698975416764,results/figure5_angle_psnr_grid/sigma15/val_images/wavelet
val_images,wavelet,15.0,1,5.0,group_avg,16,0.0007699400745332,31.235364570558783,20,31.135430752331175,results/figure5_angle_psnr_grid/sigma15/val_images/wavelet
val_images,wavelet,15.0,1,5.0,group_avg,32,0.0007271047402173,31.48802970696759,20,31.38403024048862,results/figure5_angle_psnr_grid/sigma15/val_images/wavelet
val_images,wavelet,15.0,1,5.0,vanilla,0,0.0010362746082246,29.94098702610448,20,29.8452514320715,results/figure5_angle_psnr_grid/sigma15/val_images/wavelet
val_images,wavelet,15.0,2,10.0,group_avg,4,0.0009084416617618,30.619666188316813,20,30.41702956950803,results/figure5_angle_psnr_grid/sigma15/val_images/wavelet
val_images,wavelet,15.0,2,10.0,group_avg,8,0.0007950080049511,31.20998781941619,20,30.99628498401901,results/figure5_angle_psnr_grid/sigma15/val_images/wavelet
val_images,wavelet,15.0,2,10.0,group_avg,16,0.0007359263134263,31.54459057772657,20,31.331656683723068,results/figure5_angle_psnr_grid/sigma15/val_images/wavelet
val_images,wavelet,15.0,2,10.0,group_avg,32,0.0007035622663844,31.736316512569708,20,31.52697460772931,results/figure5_angle_psnr_grid/sigma15/val_images/wavelet
val_images,wavelet,15.0,2,10.0,vanilla,0,0.000988811288604,30.212472900624807,20,30.04886584174284,results/figure5_angle_psnr_grid/sigma15/val_images/wavelet
val_images,wavelet,15.0,3,15.0,group_avg,4,0.0009615096627925,30.452318839089344,20,30.170463469154555,results/figure5_angle_psnr_grid/sigma15/val_images/wavelet
val_images,wavelet,15.0,3,15.0,group_avg,8,0.0008009380649875,31.231719585984187,20,30.96401065781036,results/figure5_angle_psnr_grid/sigma15/val_images/wavelet
val_images,wavelet,15.0,3,15.0,group_avg,16,0.0007228090677755,31.687902927825853,20,31.409764077710367,results/figure5_angle_psnr_grid/sigma15/val_images/wavelet
val_images,wavelet,15.0,3,15.0,group_avg,32,0.0006861121941866,31.918186129859727,20,31.636048619431985,results/figure5_angle_psnr_grid/sigma15/val_images/wavelet
val_images,wavelet,15.0,3,15.0,vanilla,0,0.0009681010249759,30.414217916887104,20,30.14079320067339,results/figure5_angle_psnr_grid/sigma15/val_images/wavelet
val_images,wavelet,15.0,4,20.0,group_avg,4,0.0008840584921429,30.777047531583072,20,30.53518999721615,results/figure5_angle_psnr_grid/sigma15/val_images/wavelet
val_images,wavelet,15.0,4,20.0,group_avg,8,0.0007407814278888,31.54791846224726,20,31.30309914374877,results/figure5_angle_psnr_grid/sigma15/val_images/wavelet
val_images,wavelet,15.0,4,20.0,group_avg,16,0.0006708754024649,31.98094370836717,20,31.73358131167163,results/figure5_angle_psnr_grid/sigma15/val_images/wavelet
val_images,wavelet,15.0,4,20.0,group_avg,32,0.0006380114867074,32.20428450025629,20,31.951715022055787,results/figure5_angle_psnr_grid/sigma15/val_images/wavelet
val_images,wavelet,15.0,4,20.0,vanilla,0,0.0008898212834196,30.742627487150337,20,30.506972106792794,results/figure5_angle_psnr_grid/sigma15/val_images/wavelet
val_images,wavelet,15.0,5,25.0,group_avg,4,0.0007337159640297,31.62098345508415,20,31.344720315391086,results/figure5_angle_psnr_grid/sigma15/val_images/wavelet
val_images,wavelet,15.0,5,25.0,group_avg,8,0.0006465384212501,32.1642910572214,20,31.89405661593883,results/figure5_angle_psnr_grid/sigma15/val_images/wavelet
val_images,wavelet,15.0,5,25.0,group_avg,16,0.000607389446969,32.41649585440097,20,32.16532757960905,results/figure5_angle_psnr_grid/sigma15/val_images/wavelet
val_images,wavelet,15.0,5,25.0,group_avg,32,0.0005884876800427,32.5491910995495,20,32.30262624656528,results/figure5_angle_psnr_grid/sigma15/val_images/wavelet
val_images,wavelet,15.0,5,25.0,vanilla,0,0.0008291313884312,31.00801833192994,20,30.813766434553383,results/figure5_angle_psnr_grid/sigma15/val_images/wavelet
val_images,wavelet,15.0,6,30.0,group_avg,4,0.0006841582102324,31.901618255229717,20,31.64843456926366,results/figure5_angle_psnr_grid/sigma15/val_images/wavelet
val_images,wavelet,15.0,6,30.0,group_avg,8,0.0006074241023662,32.41095984499934,20,32.16507979429619,results/figure5_angle_psnr_grid/sigma15/val_images/wavelet
val_images,wavelet,15.0,6,30.0,group_avg,16,0.0005735757676642,32.651928621509825,20,32.41409204955336,results/figure5_angle_psnr_grid/sigma15/val_images/wavelet
val_images,wavelet,15.0,6,30.0,group_avg,32,0.0005586115987001,32.766527436488346,20,32.528900510926505,results/figure5_angle_psnr_grid/sigma15/val_images/wavelet
val_images,wavelet,15.0,6,30.0,vanilla,0,0.0007889057580063,31.198349011151105,20,31.02974874131972,results/figure5_angle_psnr_grid/sigma15/val_images/wavelet
val_images,wavelet,15.0,7,35.0,group_avg,4,0.0006523718132021,32.06534607664641,20,31.85504811634271,results/figure5_angle_psnr_grid/sigma15/val_images/wavelet
val_images,wavelet,15.0,7,35.0,group_avg,8,0.0005747788952706,32.611910607891254,20,32.40499186668264,results/figure5_angle_psnr_grid/sigma15/val_images/wavelet
val_images,wavelet,15.0,7,35.0,group_avg,16,0.0005480682798671,32.81019764907227,20,32.61165332533376,results/figure5_angle_psnr_grid/sigma15/val_images/wavelet
val_images,wavelet,15.0,7,35.0,group_avg,32,0.0005339942420309,32.920118222477186,20,32.72463425869661,results/figure5_angle_psnr_grid/sigma15/val_images/wavelet
val_images,wavelet,15.0,7,35.0,vanilla,0,0.0007703566709278,31.25781460788064,20,31.13308152293356,results/figure5_angle_psnr_grid/sigma15/val_images/wavelet
val_images,wavelet,15.0,8,40.0,group_avg,4,0.0006217678784875,32.2808126917772,20,32.06371718053412,results/figure5_angle_psnr_grid/sigma15/val_images/wavelet
val_images,wavelet,15.0,8,40.0,group_avg,8,0.0005550765709264,32.74365010280463,20,32.556471032969974,results/figure5_angle_psnr_grid/sigma15/val_images/wavelet
val_images,wavelet,15.0,8,40.0,group_avg,16,0.0005298569308142,32.9294961272502,20,32.75841380485463,results/figure5_angle_psnr_grid/sigma15/val_images/wavelet
val_images,wavelet,15.0,8,40.0,group_avg,32,0.0005190856183848,33.01489630746699,20,32.84761003374362,results/figure5_angle_psnr_grid/sigma15/val_images/wavelet
val_images,wavelet,15.0,8,40.0,vanilla,0,0.0007475489556793,31.389625076547357,20,31.263603608828404,results/figure5_angle_psnr_grid/sigma15/val_images/wavelet
val_images,wavelet,15.0,9,45.0,group_avg,4,0.000718461592102,31.558783560830086,20,31.43596443652213,results/figure5_angle_psnr_grid/sigma15/val_images/wavelet
val_images,wavelet,15.0,9,45.0,group_avg,8,0.0006113787353515,32.28279792736182,20,32.13689670745814,results/figure5_angle_psnr_grid/sigma15/val_images/wavelet
val_images,wavelet,15.0,9,45.0,group_avg,16,0.0005539471252441,32.709189874729056,20,32.565316870957524,results/figure5_angle_psnr_grid/sigma15/val_images/wavelet
val_images,wavelet,15.0,9,45.0,group_avg,32,0.0005242559356689,32.95223138778279,20,32.80456643716837,results/figure5_angle_psnr_grid/sigma15/val_images/wavelet
val_images,wavelet,15.0,9,45.0,vanilla,0,0.0007187075744628,31.557130103012856,20,31.43447778087314,results/figure5_angle_psnr_grid/sigma15/val_images/wavelet
val_images,wavelet,15.0,10,50.0,group_avg,4,0.0006192966096976,32.29464845608321,20,32.08101297503152,results/figure5_angle_psnr_grid/sigma15/val_images/wavelet
val_images,wavelet,15.0,10,50.0,group_avg,8,0.0005501603070923,32.78508951401141,20,32.5951074624838,results/figure5_angle_psnr_grid/sigma15/val_images/wavelet
val_images,wavelet,15.0,10,50.0,group_avg,16,0.0005293215135904,32.93598532601992,20,32.76280454310709,results/figure5_angle_psnr_grid/sigma15/val_images/wavelet
val_images,wavelet,15.0,10,50.0,group_avg,32,0.0005183966724609,33.02161292335724,20,32.85337794823609,results/figure5_angle_psnr_grid/sigma15/val_images/wavelet
val_images,wavelet,15.0,10,50.0,vanilla,0,0.0007409114193704,31.423859860812357,20,31.302337115593826,results/figure5_angle_psnr_grid/sigma15/val_images/wavelet
val_images,wavelet,15.0,11,55.0,group_avg,4,0.000653183389278,32.05948351438025,20,31.849648680820664,results/figure5_angle_psnr_grid/sigma15/val_images/wavelet
val_images,wavelet,15.0,11,55.0,group_avg,8,0.0005773468716182,32.58910789656482,20,32.38563183088888,results/figure5_angle_psnr_grid/sigma15/val_images/wavelet
val_images,wavelet,15.0,11,55.0,group_avg,16,0.0005489586606983,32.801988399343266,20,32.604603588405595,results/figure5_angle_psnr_grid/sigma15/val_images/wavelet
val_images,wavelet,15.0,11,55.0,group_avg,32,0.000534106201756,32.919923507360934,20,32.72372379205951,results/figure5_angle_psnr_grid/sigma15/val_images/wavelet
val_images,wavelet,15.0,11,55.0,vanilla,0,0.0007747837900792,31.22648109611733,20,31.10819474107754,results/figure5_angle_psnr_grid/sigma15/val_images/wavelet
val_images,wavelet,15.0,12,60.0,group_avg,4,0.0006879905082203,31.883410403039885,20,31.62417553415572,results/figure5_angle_psnr_grid/sigma15/val_images/wavelet
val_images,wavelet,15.0,12,60.0,group_avg,8,0.000610372708307,32.39605089844843,20,32.14404893297952,results/figure5_angle_psnr_grid/sigma15/val_images/wavelet
val_images,wavelet,15.0,12,60.0,group_avg,16,0.0005760464878658,32.636731363222175,20,32.39542466908526,results/figure5_angle_psnr_grid/sigma15/val_images/wavelet
val_images,wavelet,15.0,12,60.0,group_avg,32,0.0005598317135508,32.758978741495085,20,32.519425031009646,results/figure5_angle_psnr_grid/sigma15/val_images/wavelet
val_images,wavelet,15.0,12,60.0,vanilla,0,0.0007937237004037,31.17901838191093,20,31.003306515692856,results/figure5_angle_psnr_grid/sigma15/val_images/wavelet
val_images,wavelet,15.0,13,65.0,group_avg,4,0.0007325307225028,31.63867647093648,20,31.35174156183877,results/figure5_angle_psnr_grid/sigma15/val_images/wavelet
val_images,wavelet,15.0,13,65.0,group_avg,8,0.0006473584136691,32.16100045929552,20,31.88855203132547,results/figure5_angle_psnr_grid/sigma15/val_images/wavelet
val_images,wavelet,15.0,13,65.0,group_avg,16,0.0006073771619454,32.41958048049202,20,32.16541542064651,results/figure5_angle_psnr_grid/sigma15/val_images/wavelet
val_images,wavelet,15.0,13,65.0,group_avg,32,0.0005873999256624,32.555326693347205,20,32.310661127747046,results/figure5_angle_psnr_grid/sigma15/val_images/wavelet
val_images,wavelet,15.0,13,65.0,vanilla,0,0.0008269402074907,31.02761508942125,20,30.8252589128858,results/figure5_angle_psnr_grid/sigma15/val_images/wavelet
val_images,wavelet,15.0,14,70.0,group_avg,4,0.0008822395320578,30.78251397949144,20,30.54413485925177,results/figure5_angle_psnr_grid/sigma15/val_images/wavelet
val_images,wavelet,15.0,14,70.0,group_avg,8,0.0007398208877267,31.54777159834429,20,31.308734111979657,results/figure5_angle_psnr_grid/sigma15/val_images/wavelet
val_images,wavelet,15.0,14,70.0,group_avg,16,0.0006699584655832,31.984415350939106,20,31.739521207725097,results/figure5_angle_psnr_grid/sigma15/val_images/wavelet
val_images,wavelet,15.0,14,70.0,group_avg,32,0.0006373849930355,32.20661018460094,20,31.95598166024769,results/figure5_angle_psnr_grid/sigma15/val_images/wavelet
val_images,wavelet,15.0,14,70.0,vanilla,0,0.0008884771282614,30.74454473661502,20,30.513537475972417,results/figure5_angle_psnr_grid/sigma15/val_images/wavelet
val_images,wavelet,15.0,15,75.0,group_avg,4,0.0009660566091711,30.44047858303598,20,30.149974239671906,results/figure5_angle_psnr_grid/sigma15/val_images/wavelet
val_images,wavelet,15.0,15,75.0,group_avg,8,0.000807361625075,31.207497459236475,20,30.929318970042388,results/figure5_angle_psnr_grid/sigma15/val_images/wavelet
val_images,wavelet,15.0,15,75.0,group_avg,16,0.00072679284892,31.669070704845968,20,31.38589354465067,results/figure5_angle_psnr_grid/sigma15/val_images/wavelet
val_images,wavelet,15.0,15,75.0,group_avg,32,0.000688791209542,31.90203688230119,20,31.61912404051137,results/figure5_angle_psnr_grid/sigma15/val_images/wavelet
val_images,wavelet,15.0,15,75.0,vanilla,0,0.0009726448895027,30.40179238411568,20,30.1204569074825,results/figure5_angle_psnr_grid/sigma15/val_images/wavelet
val_images,wavelet,15.0,16,80.0,group_avg,4,0.0009233225834667,30.58179300900961,20,30.346465419385105,results/figure5_angle_psnr_grid/sigma15/val_images/wavelet
val_images,wavelet,15.0,16,80.0,group_avg,8,0.0007985687800701,31.19592209879564,20,30.976876724891454,results/figure5_angle_psnr_grid/sigma15/val_images/wavelet
val_images,wavelet,15.0,16,80.0,group_avg,16,0.0007333745621903,31.55465785504694,20,31.34674158040464,results/figure5_angle_psnr_grid/sigma15/val_images/wavelet
val_images,wavelet,15.0,16,80.0,group_avg,32,0.0007031172824692,31.735278891879933,20,31.52972227069952,results/figure5_angle_psnr_grid/sigma15/val_images/wavelet
val_images,wavelet,15.0,16,80.0,vanilla,0,0.0010018995189286,30.18244592788529,20,29.99175831924884,results/figure5_angle_psnr_grid/sigma15/val_images/wavelet
val_images,wavelet,15.0,17,85.0,group_avg,4,0.0010287976711988,29.9730059512714,20,29.876700274939548,results/figure5_angle_psnr_grid/sigma15/val_images/wavelet
val_images,wavelet,15.0,17,85.0,group_avg,8,0.000855405293405,30.78177712903646,20,30.67828066576877,results/figure5_angle_psnr_grid/sigma15/val_images/wavelet
val_images,wavelet,15.0,17,85.0,group_avg,16,0.0007701954487711,31.23544781672421,20,31.13399052032982,results/figure5_angle_psnr_grid/sigma15/val_images/wavelet
val_images,wavelet,15.0,17,85.0,group_avg,32,0.0007272831648588,31.48702709660799,20,31.38296465355197,results/figure5_angle_psnr_grid/sigma15/val_images/wavelet
val_images,wavelet,15.0,17,85.0,vanilla,0,0.0010287976525723,29.97300602689024,20,29.876700353568857,results/figure5_angle_psnr_grid/sigma15/val_images/wavelet
val_images,wavelet,15.0,18,90.0,group_avg,4,0.0009768474261451,30.17976543539166,20,30.101732634641422,results/figure5_angle_psnr_grid/sigma15/val_images/wavelet
val_images,wavelet,15.0,18,90.0,group_avg,8,0.0008445550679465,30.792400326985742,20,30.73372027649394,results/figure5_angle_psnr_grid/sigma15/val_images/wavelet
val_images,wavelet,15.0,18,90.0,group_avg,16,0.0007770163197879,31.146836292756813,20,31.095698595524933,results/figure5_angle_psnr_grid/sigma15/val_images/wavelet
val_images,wavelet,15.0,18,90.0,group_avg,32,0.0007399601918466,31.36234418366219,20,31.30791643683039,results/figure5_angle_psnr_grid/sigma15/val_images/wavelet
val_images,wavelet,15.0,18,90.0,vanilla,0,0.0009845729030658,30.140519510323,20,30.06752120839216,results/figure5_angle_psnr_grid/sigma15/val_images/wavelet
val_images,wavelet,15.0,19,95.0,group_avg,4,0.0010361832827329,29.94134181883996,20,29.84563418684096,results/figure5_angle_psnr_grid/sigma15/val_images/wavelet
val_images,wavelet,15.0,19,95.0,group_avg,8,0.0008555703703314,30.77918831868445,20,30.677442641009623,results/figure5_angle_psnr_grid/sigma15/val_images/wavelet
val_images,wavelet,15.0,19,95.0,group_avg,16,0.000769844174385,31.23583236465954,20,31.13597172299301,results/figure5_angle_psnr_grid/sigma15/val_images/wavelet
val_images,wavelet,15.0,19,95.0,group_avg,32,0.0007270864080637,31.488129263768837,20,31.384139738516325,results/figure5_angle_psnr_grid/sigma15/val_images/wavelet
val_images,wavelet,15.0,19,95.0,vanilla,0,0.0010361832603812,29.941341905471848,20,29.845634280523598,results/figure5_angle_psnr_grid/sigma15/val_images/wavelet
val_images,wavelet,15.0,20,100.0,group_avg,4,0.0009092742160347,30.61691719152929,20,30.413051238721227,results/figure5_angle_psnr_grid/sigma15/val_images/wavelet
val_images,wavelet,15.0,20,100.0,group_avg,8,0.0007955293853702,31.208066747656357,20,30.993437736937963,results/figure5_angle_psnr_grid/sigma15/val_images/wavelet
val_images,wavelet,15.0,20,100.0,group_avg,16,0.0007360834747872,31.54403123659842,20,31.33072932151917,results/figure5_angle_psnr_grid/sigma15/val_images/wavelet
val_images,wavelet,15.0,20,100.0,group_avg,32,0.0007036807054833,31.73585241040815,20,31.526243569120656,results/figure5_angle_psnr_grid/sigma15/val_images/wavelet
val_images,wavelet,15.0,20,100.0,vanilla,0,0.0009894161436693,30.211159025341352,20,30.04621007809196,results/figure5_angle_psnr_grid/sigma15/val_images/wavelet
val_images,wavelet,15.0,21,105.0,group_avg,4,0.0009614888644723,30.452411043688954,20,30.170557411979573,results/figure5_angle_psnr_grid/sigma15/val_images/wavelet
val_images,wavelet,15.0,21,105.0,group_avg,8,0.0008008821318844,31.231992590776564,20,30.96431395574744,results/figure5_angle_psnr_grid/sigma15/val_images/wavelet
val_images,wavelet,15.0,21,105.0,group_avg,16,0.0007227481956286,31.68814146593913,20,31.410129838904176,results/figure5_angle_psnr_grid/sigma15/val_images/wavelet
val_images,wavelet,15.0,21,105.0,group_avg,32,0.0006861151269615,31.918201305947843,20,31.63603005562777,results/figure5_angle_psnr_grid/sigma15/val_images/wavelet
val_images,wavelet,15.0,21,105.0,vanilla,0,0.0009679380462847,30.41482208236821,20,30.141524391975373,results/figure5_angle_psnr_grid/sigma15/val_images/wavelet
val_images,wavelet,15.0,22,110.0,group_avg,4,0.0008839584508249,30.777410033435537,20,30.535681478845675,results/figure5_angle_psnr_grid/sigma15/val_images/wavelet
val_images,wavelet,15.0,22,110.0,group_avg,8,0.0007407186277629,31.54817251770666,20,31.30346733473222,results/figure5_angle_psnr_grid/sigma15/val_images/wavelet
val_images,wavelet,15.0,22,110.0,group_avg,16,0.000670856807671,31.980982894206186,20,31.73370168764992,results/figure5_angle_psnr_grid/sigma15/val_images/wavelet
val_images,wavelet,15.0,22,110.0,group_avg,32,0.0006380310202103,32.20414096420042,20,31.951582059517676,results/figure5_angle_psnr_grid/sigma15/val_images/wavelet
val_images,wavelet,15.0,22,110.0,vanilla,0,0.0008898681451507,30.741988333515177,20,30.50674339507605,results/figure5_angle_psnr_grid/sigma15/val_images/wavelet
val_images,wavelet,15.0,23,115.0,group_avg,4,0.0007337164993057,31.62103544791363,20,31.34471714703505,results/figure5_angle_psnr_grid/sigma15/val_images/wavelet
val_images,wavelet,15.0,23,115.0,group_avg,8,0.0006465939649131,32.16396109435024,20,31.89368353261655,results/figure5_angle_psnr_grid/sigma15/val_images/wavelet
val_images,wavelet,15.0,23,115.0,group_avg,16,0.0006074186951971,32.41624819350075,20,32.16511845450338,results/figure5_angle_psnr_grid/sigma15/val_images/wavelet
val_images,wavelet,15.0,23,115.0,group_avg,32,0.000588504465553,32.54904157018153,20,32.30250237395394,results/figure5_angle_psnr_grid/sigma15/val_images/wavelet
val_images,wavelet,15.0,23,115.0,vanilla,0,0.0008342616230616,30.98259931146494,20,30.786977339733173,results/figure5_angle_psnr_grid/sigma15/val_images/wavelet
val_images,wavelet,15.0,24,120.0,group_avg,4,0.0006841340478372,31.90176094074597,20,31.648587951624982,results/figure5_angle_psnr_grid/sigma15/val_images/wavelet
val_images,wavelet,15.0,24,120.0,group_avg,8,0.0006074706120572,32.41070781261716,20,32.1647472732647,results/figure5_angle_psnr_grid/sigma15/val_images/wavelet
val_images,wavelet,15.0,24,120.0,group_avg,16,0.0005736448295178,32.65153817098927,20,32.413569165252746,results/figure5_angle_psnr_grid/sigma15/val_images/wavelet
val_images,wavelet,15.0,24,120.0,group_avg,32,0.0005586087582776,32.76659721033631,20,32.52892259394343,results/figure5_angle_psnr_grid/sigma15/val_images/wavelet
val_images,wavelet,15.0,24,120.0,vanilla,0,0.0007891320515939,31.197612212787323,20,31.02850316841335,results/figure5_angle_psnr_grid/sigma15/val_images/wavelet
val_images,wavelet,15.0,25,125.0,group_avg,4,0.0006524092563653,32.06504114807436,20,31.854798858293737,results/figure5_angle_psnr_grid/sigma15/val_images/wavelet
val_images,wavelet,15.0,25,125.0,group_avg,8,0.0005747409513095,32.61224385386369,20,32.40527857513692,results/figure5_angle_psnr_grid/sigma15/val_images/wavelet
val_images,wavelet,15.0,25,125.0,group_avg,16,0.0005479872601135,32.81099374265686,20,32.612295380972,results/figure5_angle_psnr_grid/sigma15/val_images/wavelet
val_images,wavelet,15.0,25,125.0,group_avg,32,0.000533977493126,32.92026740529723,20,32.7247704787245,results/figure5_angle_psnr_grid/sigma15/val_images/wavelet
val_images,wavelet,15.0,25,125.0,vanilla,0,0.0007709094117142,31.248382944744428,20,31.12996652174805,results/figure5_angle_psnr_grid/sigma15/val_images/wavelet
val_images,wavelet,15.0,26,130.0,group_avg,4,0.0006218984838185,32.28005234593665,20,32.062805019901994,results/figure5_angle_psnr_grid/sigma15/val_images/wavelet
val_images,wavelet,15.0,26,130.0,group_avg,8,0.0005551859016957,32.742716153882775,20,32.55561570819586,results/figure5_angle_psnr_grid/sigma15/val_images/wavelet
val_images,wavelet,15.0,26,130.0,group_avg,16,0.0005299689326514,32.92849613640691,20,32.757495884624234,results/figure5_angle_psnr_grid/sigma15/val_images/wavelet
val_images,wavelet,15.0,26,130.0,group_avg,32,0.0005191073150412,33.01457533708275,20,32.84742851183439,results/figure5_angle_psnr_grid/sigma15/val_images/wavelet
val_images,wavelet,15.0,26,130.0,vanilla,0,0.0007486899007147,31.38640569805897,20,31.25698025150901,results/figure5_angle_psnr_grid/sigma15/val_images/wavelet
val_images,wavelet,15.0,27,135.0,group_avg,4,0.0007182260482788,31.560378640557268,20,31.43738848139761,results/figure5_angle_psnr_grid/sigma15/val_images/wavelet
val_images,wavelet,15.0,27,135.0,group_avg,8,0.0006111321411132,32.28458457977078,20,32.13864874943125,results/figure5_angle_psnr_grid/sigma15/val_images/wavelet
val_images,wavelet,15.0,27,135.0,group_avg,16,0.0005538169937133,32.71037289704671,20,32.56633722186119,results/figure5_angle_psnr_grid/sigma15/val_images/wavelet
val_images,wavelet,15.0,27,135.0,group_avg,32,0.000524187600708,32.95286522952706,20,32.80513256200902,results/figure5_angle_psnr_grid/sigma15/val_images/wavelet
val_images,wavelet,15.0,27,135.0,vanilla,0,0.0007184526733398,31.55891172283077,20,31.43601834884391,results/figure5_angle_psnr_grid/sigma15/val_images/wavelet
val_images,wavelet,15.0,28,140.0,group_avg,4,0.0006194511029501,32.29337293411538,20,32.07992969444596,results/figure5_angle_psnr_grid/sigma15/val_images/wavelet
val_images,wavelet,15.0,28,140.0,group_avg,8,0.0005502004143321,32.78485184693085,20,32.59479086897802,results/figure5_angle_psnr_grid/sigma15/val_images/wavelet
val_images,wavelet,15.0,28,140.0,group_avg,16,0.0005293309744472,32.935891803860954,20,32.76272691994084,results/figure5_angle_psnr_grid/sigma15/val_images/wavelet
val_images,wavelet,15.0,28,140.0,group_avg,32,0.000518422009684,33.021408475780284,20,32.85316568708767,results/figure5_angle_psnr_grid/sigma15/val_images/wavelet
val_images,wavelet,15.0,28,140.0,vanilla,0,0.0007528880973888,31.363486830363364,20,31.23269568683768,results/figure5_angle_psnr_grid/sigma15/val_images/wavelet
val_images,wavelet,15.0,29,145.0,group_avg,4,0.0006531051804541,32.06010172554058,20,31.850168713858807,results/figure5_angle_psnr_grid/sigma15/val_images/wavelet
val_images,wavelet,15.0,29,145.0,group_avg,8,0.0005773609621662,32.58912136939407,20,32.38552583962306,results/figure5_angle_psnr_grid/sigma15/val_images/wavelet
val_images,wavelet,15.0,29,145.0,group_avg,16,0.000548926241668,32.8021892019677,20,32.60486007077324,results/figure5_angle_psnr_grid/sigma15/val_images/wavelet
val_images,wavelet,15.0,29,145.0,group_avg,32,0.0005340429396829,32.92040300858775,20,32.72423822151957,results/figure5_angle_psnr_grid/sigma15/val_images/wavelet
val_images,wavelet,15.0,29,145.0,vanilla,0,0.0007813406767151,31.190580912212063,20,31.071595656647265,results/figure5_angle_psnr_grid/sigma15/val_images/wavelet
val_images,wavelet,15.0,30,150.0,group_avg,4,0.0006879852410676,31.883488262266145,20,31.62420878322089,results/figure5_angle_psnr_grid/sigma15/val_images/wavelet
val_images,wavelet,15.0,30,150.0,group_avg,8,0.0006103807663975,32.39601265784724,20,32.143991598156305,results/figure5_angle_psnr_grid/sigma15/val_images/wavelet
val_images,wavelet,15.0,30,150.0,group_avg,16,0.0005760200462048,32.63698030771533,20,32.395624023325844,results/figure5_angle_psnr_grid/sigma15/val_images/wavelet
val_images,wavelet,15.0,30,150.0,group_avg,32,0.0005598149243778,32.75919234082252,20,32.51955527648117,results/figure5_angle_psnr_grid/sigma15/val_images/wavelet
val_images,wavelet,15.0,30,150.0,vanilla,0,0.000798015618334,31.150342366090356,20,30.979886087872167,results/figure5_angle_psnr_grid/sigma15/val_images/wavelet
val_images,wavelet,15.0,31,155.0,group_avg,4,0.0007324723094093,31.638995588220688,20,31.35208788855104,results/figure5_angle_psnr_grid/sigma15/val_images/wavelet
val_images,wavelet,15.0,31,155.0,group_avg,8,0.0006472938108981,32.16129395998739,20,31.88898545470269,results/figure5_angle_psnr_grid/sigma15/val_images/wavelet
val_images,wavelet,15.0,31,155.0,group_avg,16,0.0006073311600164,32.419792472376,20,32.16574436190044,results/figure5_angle_psnr_grid/sigma15/val_images/wavelet
val_images,wavelet,15.0,31,155.0,group_avg,32,0.0005873683180517,32.555514423979034,20,32.310894825091154,results/figure5_angle_psnr_grid/sigma15/val_images/wavelet
val_images,wavelet,15.0,31,155.0,vanilla,0,0.0008260445985577,31.035582662826243,20,30.829965042720477,results/figure5_angle_psnr_grid/sigma15/val_images/wavelet
val_images,wavelet,15.0,32,160.0,group_avg,4,0.0008821685587743,30.78288751138889,20,30.54448424900551,results/figure5_angle_psnr_grid/sigma15/val_images/wavelet
val_images,wavelet,15.0,32,160.0,group_avg,8,0.0007397738982132,31.548158651308228,20,31.30900996164611,results/figure5_angle_psnr_grid/sigma15/val_images/wavelet
val_images,wavelet,15.0,32,160.0,group_avg,16,0.0006699426967458,31.98461302395633,20,31.73962342898203,results/figure5_angle_psnr_grid/sigma15/val_images/wavelet
val_images,wavelet,15.0,32,160.0,group_avg,32,0.0006373956788372,32.206569250356175,20,31.95590885110026,results/figure5_angle_psnr_grid/sigma15/val_images/wavelet
val_images,wavelet,15.0,32,160.0,vanilla,0,0.000888204502093,30.7465151523316,20,30.514870298234484,results/figure5_angle_psnr_grid/sigma15/val_images/wavelet
val_images,wavelet,15.0,33,165.0,group_avg,4,0.0009661083012449,30.44021529752241,20,30.14974186217373,results/figure5_angle_psnr_grid/sigma15/val_images/wavelet
val_images,wavelet,15.0,33,165.0,group_avg,8,0.0008073816320337,31.207392800518583,20,30.929211350311565,results/figure5_angle_psnr_grid/sigma15/val_images/wavelet
val_images,wavelet,15.0,33,165.0,group_avg,16,0.0007268133685917,31.668982045274333,20,31.38577093124799,results/figure5_angle_psnr_grid/sigma15/val_images/wavelet
val_images,wavelet,15.0,33,165.0,group_avg,32,0.0006887835007326,31.90205615433369,20,31.61917264612721,results/figure5_angle_psnr_grid/sigma15/val_images/wavelet
val_images,wavelet,15.0,33,165.0,vanilla,0,0.0009725949668466,30.40236794316479,20,30.120679822245464,results/figure5_angle_psnr_grid/sigma15/val_images/wavelet
val_images,wavelet,15.0,34,170.0,group_avg,4,0.0009231193124233,30.582371199053966,20,30.34742163136254,results/figure5_angle_psnr_grid/sigma15/val_images/wavelet
val_images,wavelet,15.0,34,170.0,group_avg,8,0.0007984584719412,31.196378737402977,20,30.97747666721217,results/figure5_angle_psnr_grid/sigma15/val_images/wavelet
val_images,wavelet,15.0,34,170.0,group_avg,16,0.0007331935335322,31.555409571781105,20,31.34781373993034,results/figure5_angle_psnr_grid/sigma15/val_images/wavelet
val_images,wavelet,15.0,34,170.0,group_avg,32,0.0007030433185259,31.73564415842452,20,31.530179147850475,results/figure5_angle_psnr_grid/sigma15/val_images/wavelet
val_images,wavelet,15.0,34,170.0,vanilla,0,0.0010043115101048,30.172845056146517,20,29.9813155996366,results/figure5_angle_psnr_grid/sigma15/val_images/wavelet
val_images,wavelet,15.0,35,175.0,group_avg,4,0.0010288715548813,29.972716696212167,20,29.87638839511732,results/figure5_angle_psnr_grid/sigma15/val_images/wavelet
val_images,wavelet,15.0,35,175.0,group_avg,8,0.0008554709926247,30.78146866008928,20,30.677947119634204,results/figure5_angle_psnr_grid/sigma15/val_images/wavelet
val_images,wavelet,15.0,35,175.0,group_avg,16,0.0007703064344823,31.234928473328345,20,31.13336474398305,results/figure5_angle_psnr_grid/sigma15/val_images/wavelet
val_images,wavelet,15.0,35,175.0,group_avg,32,0.0007273694965988,31.486578295086662,20,31.3824491573192,results/figure5_angle_psnr_grid/sigma15/val_images/wavelet
val_images,wavelet,15.0,35,175.0,vanilla,0,0.0010288715474307,29.972716746673356,20,29.876388426566788,results/figure5_angle_psnr_grid/sigma15/val_images/wavelet
val_images,nlm,25.0,0,0.0,group_avg,4,0.0010443048368163,30.246661546671483,20,29.81172710507204,results/figure5_angle_psnr_grid/sigma25/val_images/nlm
val_images,nlm,25.0,0,0.0,group_avg,8,0.0010360352107809,30.28599995230981,20,29.846254843706834,results/figure5_angle_psnr_grid/sigma25/val_images/nlm
val_images,nlm,25.0,0,0.0,group_avg,16,0.0010422319930973,30.25189181940031,20,29.8203559955118,results/figure5_angle_psnr_grid/sigma25/val_images/nlm
val_images,nlm,25.0,0,0.0,group_avg,32,0.0010459597479591,30.23199187747871,20,29.80485028256116,results/figure5_angle_psnr_grid/sigma25/val_images/nlm
val_images,nlm,25.0,0,0.0,vanilla,0,0.0010691629786069,30.13363940931875,20,29.70956087761617,results/figure5_angle_psnr_grid/sigma25/val_images/nlm
val_images,nlm,25.0,1,5.0,group_avg,4,0.0009086332991719,30.818613032281565,20,30.41611351406905,results/figure5_angle_psnr_grid/sigma25/val_images/nlm
val_images,nlm,25.0,1,5.0,group_avg,8,0.0008957218099385,30.892959030475016,20,30.47826851016479,results/figure5_angle_psnr_grid/sigma25/val_images/nlm
val_images,nlm,25.0,1,5.0,group_avg,16,0.0008947139028459,30.898831100933663,20,30.48315814157337,results/figure5_angle_psnr_grid/sigma25/val_images/nlm
val_images,nlm,25.0,1,5.0,group_avg,32,0.0008947067335247,30.898366934880425,20,30.48319294162612,results/figure5_angle_psnr_grid/sigma25/val_images/nlm
val_images,nlm,25.0,1,5.0,vanilla,0,0.0009295632224529,30.71050018493279,20,30.317210671844705,results/figure5_angle_psnr_grid/sigma25/val_images/nlm
val_images,nlm,25.0,2,10.0,group_avg,4,0.000779062520704,31.49137732889623,20,31.084276882745225,results/figure5_angle_psnr_grid/sigma25/val_images/nlm
val_images,nlm,25.0,2,10.0,group_avg,8,0.0007712694747786,31.5420642554695,20,31.127938567581914,results/figure5_angle_psnr_grid/sigma25/val_images/nlm
val_images,nlm,25.0,2,10.0,group_avg,16,0.0007701628504117,31.548938121562585,20,31.134174338439987,results/figure5_angle_psnr_grid/sigma25/val_images/nlm
val_images,nlm,25.0,2,10.0,group_avg,32,0.0007690409095666,31.557076411651924,20,31.14050557043194,results/figure5_angle_psnr_grid/sigma25/val_images/nlm
val_images,nlm,25.0,2,10.0,vanilla,0,0.0007971970947368,31.38247505840925,20,30.98434292688644,results/figure5_angle_psnr_grid/sigma25/val_images/nlm
val_images,nlm,25.0,3,15.0,group_avg,4,0.0006773229617111,32.099963192736475,20,31.69204201264449,results/figure5_angle_psnr_grid/sigma25/val_images/nlm
val_images,nlm,25.0,3,15.0,group_avg,8,0.0006725072811954,32.13475941828563,20,31.72303009220159,results/figure5_angle_psnr_grid/sigma25/val_images/nlm
val_images,nlm,25.0,3,15.0,group_avg,16,0.0006708073194572,32.14692799254581,20,31.734022072726724,results/figure5_angle_psnr_grid/sigma25/val_images/nlm
val_images,nlm,25.0,3,15.0,group_avg,32,0.0006698847562401,32.154480759547035,20,31.739999048124577,results/figure5_angle_psnr_grid/sigma25/val_images/nlm
val_images,nlm,25.0,3,15.0,vanilla,0,0.0006928434253522,31.99327230667696,20,31.593648998593213,results/figure5_angle_psnr_grid/sigma25/val_images/nlm
val_images,nlm,25.0,4,20.0,group_avg,4,0.0005946732122744,32.67077320957081,20,32.25721624344853,results/figure5_angle_psnr_grid/sigma25/val_images/nlm
val_images,nlm,25.0,4,20.0,group_avg,8,0.0005927752015849,32.683168203226394,20,32.27109973112566,results/figure5_angle_psnr_grid/sigma25/val_images/nlm
val_images,nlm,25.0,4,20.0,group_avg,16,0.0005902508974978,32.70540915007891,20,32.289633438882646,results/figure5_angle_psnr_grid/sigma25/val_images/nlm
val_images,nlm,25.0,4,20.0,group_avg,32,0.0005903486510197,32.7040042047271,20,32.288914248107254,results/figure5_angle_psnr_grid/sigma25/val_images/nlm
val_images,nlm,25.0,4,20.0,vanilla,0,0.0006083198496643,32.56440259225362,20,32.1586801214295,results/figure5_angle_psnr_grid/sigma25/val_images/nlm
val_images,nlm,25.0,5,25.0,group_avg,4,0.0005295757828121,33.17857635161949,20,32.760718831444855,results/figure5_angle_psnr_grid/sigma25/val_images/nlm
val_images,nlm,25.0,5,25.0,group_avg,8,0.0005295280225891,33.173953152769464,20,32.761110521120806,results/figure5_angle_psnr_grid/sigma25/val_images/nlm
val_images,nlm,25.0,5,25.0,group_avg,16,0.0005271465806362,33.19716027941557,20,32.78068606210641,results/figure5_angle_psnr_grid/sigma25/val_images/nlm
val_images,nlm,25.0,5,25.0,group_avg,32,0.0005272928020327,33.19517133148056,20,32.77948157094087,results/figure5_angle_psnr_grid/sigma25/val_images/nlm
val_images,nlm,25.0,5,25.0,vanilla,0,0.0005415033396471,33.074452429735736,20,32.663988605790834,results/figure5_angle_psnr_grid/sigma25/val_images/nlm
val_images,nlm,25.0,6,30.0,group_avg,4,0.0004764473987976,33.64011457189914,20,33.219850397747265,results/figure5_angle_psnr_grid/sigma25/val_images/nlm
val_images,nlm,25.0,6,30.0,group_avg,8,0.0004779205606505,33.617759037817834,20,33.20644285267,results/figure5_angle_psnr_grid/sigma25/val_images/nlm
val_images,nlm,25.0,6,30.0,group_avg,16,0.0004765624715363,33.63222127695853,20,33.218801605761705,results/figure5_angle_psnr_grid/sigma25/val_images/nlm
val_images,nlm,25.0,6,30.0,group_avg,32,0.0004759819881542,33.63890690994439,20,33.224094812988845,results/figure5_angle_psnr_grid/sigma25/val_images/nlm
val_images,nlm,25.0,6,30.0,vanilla,0,0.0004872610721895,33.5357791385014,20,33.12238283485465,results/figure5_angle_psnr_grid/sigma25/val_images/nlm
val_images,nlm,25.0,7,35.0,group_avg,4,0.0004310627538199,34.07797297683707,20,33.654595009440015,results/figure5_angle_psnr_grid/sigma25/val_images/nlm
val_images,nlm,25.0,7,35.0,group_avg,8,0.0004328927013673,34.04949229637224,20,33.63619736391978,results/figure5_angle_psnr_grid/sigma25/val_images/nlm
val_images,nlm,25.0,7,35.0,group_avg,16,0.0004319729870666,34.0606658268565,20,33.6454341044135,results/figure5_angle_psnr_grid/sigma25/val_images/nlm
val_images,nlm,25.0,7,35.0,group_avg,32,0.0004312366078477,34.07046582655882,20,33.65284378824476,results/figure5_angle_psnr_grid/sigma25/val_images/nlm
val_images,nlm,25.0,7,35.0,vanilla,0,0.0004406978463166,33.97548785495408,20,33.55859071875061,results/figure5_angle_psnr_grid/sigma25/val_images/nlm
val_images,nlm,25.0,8,40.0,group_avg,4,0.0003952495832115,34.45661941182575,20,34.031285793565694,results/figure5_angle_psnr_grid/sigma25/val_images/nlm
val_images,nlm,25.0,8,40.0,group_avg,8,0.0003974887881321,34.41991155653876,20,34.00675116871667,results/figure5_angle_psnr_grid/sigma25/val_images/nlm
val_images,nlm,25.0,8,40.0,group_avg,16,0.0003969263494284,34.427684216953004,20,34.012900700735315,results/figure5_angle_psnr_grid/sigma25/val_images/nlm
val_images,nlm,25.0,8,40.0,group_avg,32,0.0003968414556336,34.428894934601566,20,34.01382966022642,results/figure5_angle_psnr_grid/sigma25/val_images/nlm
val_images,nlm,25.0,8,40.0,vanilla,0,0.000404126812488,34.354306008967434,20,33.93482334587506,results/figure5_angle_psnr_grid/sigma25/val_images/nlm
val_images,nlm,25.0,9,45.0,group_avg,4,0.0003651376495361,34.80163196386096,20,34.37543384407763,results/figure5_angle_psnr_grid/sigma25/val_images/nlm
val_images,nlm,25.0,9,45.0,group_avg,8,0.0003640958480834,34.81433553634244,20,34.38784273454707,results/figure5_angle_psnr_grid/sigma25/val_images/nlm
val_images,nlm,25.0,9,45.0,group_avg,16,0.000365513318634,34.79167229125987,20,34.37096793524499,results/figure5_angle_psnr_grid/sigma25/val_images/nlm
val_images,nlm,25.0,9,45.0,group_avg,32,0.0003663330841064,34.77918077454417,20,34.36123857759044,results/figure5_angle_psnr_grid/sigma25/val_images/nlm
val_images,nlm,25.0,9,45.0,vanilla,0,0.0003724568893432,34.7115904704516,20,34.2892398816089,results/figure5_angle_psnr_grid/sigma25/val_images/nlm
val_images,nlm,25.0,10,50.0,group_avg,4,0.0003952503845319,34.45565950795145,20,34.031276988782935,results/figure5_angle_psnr_grid/sigma25/val_images/nlm
val_images,nlm,25.0,10,50.0,group_avg,8,0.0003972406615812,34.424813631545184,20,34.009463034884845,results/figure5_angle_psnr_grid/sigma25/val_images/nlm
val_images,nlm,25.0,10,50.0,group_avg,16,0.0003967818751541,34.43056184998495,20,34.01448174472282,results/figure5_angle_psnr_grid/sigma25/val_images/nlm
val_images,nlm,25.0,10,50.0,group_avg,32,0.0003967832073905,34.43013858916696,20,34.01446716285884,results/figure5_angle_psnr_grid/sigma25/val_images/nlm
val_images,nlm,25.0,10,50.0,vanilla,0,0.0004033181285227,34.362582394146926,20,33.943522566920294,results/figure5_angle_psnr_grid/sigma25/val_images/nlm
val_images,nlm,25.0,11,55.0,group_avg,4,0.0004313407657171,34.072630040822105,20,33.651794950435566,results/figure5_angle_psnr_grid/sigma25/val_images/nlm
val_images,nlm,25.0,11,55.0,group_avg,8,0.0004322856787641,34.05849845124593,20,33.642291520137306,results/figure5_angle_psnr_grid/sigma25/val_images/nlm
val_images,nlm,25.0,11,55.0,group_avg,16,0.0004317281795009,34.064163681670586,20,33.64789603411437,results/figure5_angle_psnr_grid/sigma25/val_images/nlm
val_images,nlm,25.0,11,55.0,group_avg,32,0.000431111612122,34.07172042666026,20,33.654102791349075,results/figure5_angle_psnr_grid/sigma25/val_images/nlm
val_images,nlm,25.0,11,55.0,vanilla,0,0.0004400884929393,33.98021727976197,20,33.56459986852328,results/figure5_angle_psnr_grid/sigma25/val_images/nlm
val_images,nlm,25.0,12,60.0,group_avg,4,0.0004771803663504,33.63045836907433,20,33.21317433738241,results/figure5_angle_psnr_grid/sigma25/val_images/nlm
val_images,nlm,25.0,12,60.0,group_avg,8,0.0004773104527508,33.62644693117532,20,33.21199054797202,results/figure5_angle_psnr_grid/sigma25/val_images/nlm
val_images,nlm,25.0,12,60.0,group_avg,16,0.000476366913893,33.63537111087334,20,33.22058410104145,results/figure5_angle_psnr_grid/sigma25/val_images/nlm
val_images,nlm,25.0,12,60.0,group_avg,32,0.0004759445440624,33.64014692210916,20,33.22443647302058,results/figure5_angle_psnr_grid/sigma25/val_images/nlm
val_images,nlm,25.0,12,60.0,vanilla,0,0.0004868813512527,33.53729373840095,20,33.12576859677032,results/figure5_angle_psnr_grid/sigma25/val_images/nlm
val_images,nlm,25.0,13,65.0,group_avg,4,0.0005302307489734,33.16833732449431,20,32.75535090404714,results/figure5_angle_psnr_grid/sigma25/val_images/nlm
val_images,nlm,25.0,13,65.0,group_avg,8,0.000528375557944,33.18583646209223,20,32.7705728056463,results/figure5_angle_psnr_grid/sigma25/val_images/nlm
val_images,nlm,25.0,13,65.0,group_avg,16,0.0005265381637455,33.20331870758926,20,32.78570145459614,results/figure5_angle_psnr_grid/sigma25/val_images/nlm
val_images,nlm,25.0,13,65.0,group_avg,32,0.000526899855681,33.19887869799866,20,32.7827192038137,results/figure5_angle_psnr_grid/sigma25/val_images/nlm
val_images,nlm,25.0,13,65.0,vanilla,0,0.0005409359898353,33.074801697198296,20,32.668541228897034,results/figure5_angle_psnr_grid/sigma25/val_images/nlm
val_images,nlm,25.0,14,70.0,group_avg,4,0.000595394149413,32.662740371994886,20,32.251954372239155,results/figure5_angle_psnr_grid/sigma25/val_images/nlm
val_images,nlm,25.0,14,70.0,group_avg,8,0.0005915630763437,32.696201357712994,20,32.27998941234645,results/figure5_angle_psnr_grid/sigma25/val_images/nlm
val_images,nlm,25.0,14,70.0,group_avg,16,0.0005896400792839,32.71194822772294,20,32.29413004083441,results/figure5_angle_psnr_grid/sigma25/val_images/nlm
val_images,nlm,25.0,14,70.0,group_avg,32,0.0005901050253085,32.70695455093609,20,32.29070686912451,results/figure5_angle_psnr_grid/sigma25/val_images/nlm
val_images,nlm,25.0,14,70.0,vanilla,0,0.0006075191615755,32.568016649791645,20,32.164400195645534,results/figure5_angle_psnr_grid/sigma25/val_images/nlm
val_images,nlm,25.0,15,75.0,group_avg,4,0.0006777635676047,32.09344532568467,20,31.689217798678776,results/figure5_angle_psnr_grid/sigma25/val_images/nlm
val_images,nlm,25.0,15,75.0,group_avg,8,0.0006708778216945,32.147750633513375,20,31.733565650698765,results/figure5_angle_psnr_grid/sigma25/val_images/nlm
val_images,nlm,25.0,15,75.0,group_avg,16,0.0006697622944265,32.15508139942487,20,31.740793055620795,results/figure5_angle_psnr_grid/sigma25/val_images/nlm
val_images,nlm,25.0,15,75.0,group_avg,32,0.000669272566991,32.158842217601524,20,31.743969760551543,results/figure5_angle_psnr_grid/sigma25/val_images/nlm
val_images,nlm,25.0,15,75.0,vanilla,0,0.0006915242395059,31.99887410416823,20,31.60192592273133,results/figure5_angle_psnr_grid/sigma25/val_images/nlm
val_images,nlm,25.0,16,80.0,group_avg,4,0.0007797904107731,31.48417361373632,20,31.080221097147387,results/figure5_angle_psnr_grid/sigma25/val_images/nlm
val_images,nlm,25.0,16,80.0,group_avg,8,0.0007701560318707,31.550241618746742,20,31.13421278833199,results/figure5_angle_psnr_grid/sigma25/val_images/nlm
val_images,nlm,25.0,16,80.0,group_avg,16,0.0007694090947562,31.554409245363843,20,31.138426844457765,results/figure5_angle_psnr_grid/sigma25/val_images/nlm
val_images,nlm,25.0,16,80.0,group_avg,32,0.0007685740758731,31.560483567817123,20,31.143142684471687,results/figure5_angle_psnr_grid/sigma25/val_images/nlm
val_images,nlm,25.0,16,80.0,vanilla,0,0.0007959793369651,31.387269318713777,20,30.990982060795385,results/figure5_angle_psnr_grid/sigma25/val_images/nlm
val_images,nlm,25.0,17,85.0,group_avg,4,0.0009086594432592,30.81617096733433,20,30.415988556404372,results/figure5_angle_psnr_grid/sigma25/val_images/nlm
val_images,nlm,25.0,17,85.0,group_avg,8,0.0008947526942938,30.89815229017452,20,30.48296985181386,results/figure5_angle_psnr_grid/sigma25/val_images/nlm
val_images,nlm,25.0,17,85.0,group_avg,16,0.0008940849658101,30.90149390877449,20,30.48621207793428,results/figure5_angle_psnr_grid/sigma25/val_images/nlm
val_images,nlm,25.0,17,85.0,group_avg,32,0.0008942605461925,30.90028617317651,20,30.485359294275675,results/figure5_angle_psnr_grid/sigma25/val_images/nlm
val_images,nlm,25.0,17,85.0,vanilla,0,0.0009275940917432,30.718923386677154,20,30.32642026238755,results/figure5_angle_psnr_grid/sigma25/val_images/nlm
val_images,nlm,25.0,18,90.0,group_avg,4,0.001044304832403,30.246661540295225,20,29.81172712342569,results/figure5_angle_psnr_grid/sigma25/val_images/nlm
val_images,nlm,25.0,18,90.0,group_avg,8,0.0010360352482942,30.285999967543358,20,29.846254686455577,results/figure5_angle_psnr_grid/sigma25/val_images/nlm
val_images,nlm,25.0,18,90.0,group_avg,16,0.0010422320592971,30.25189162350447,20,29.82035571965952,results/figure5_angle_psnr_grid/sigma25/val_images/nlm
val_images,nlm,25.0,18,90.0,group_avg,32,0.0010459598075389,30.231991535810693,20,29.80485003517892,results/figure5_angle_psnr_grid/sigma25/val_images/nlm
val_images,nlm,25.0,18,90.0,vanilla,0,0.0010667693571378,30.14533578256381,20,29.71929467876321,results/figure5_angle_psnr_grid/sigma25/val_images/nlm
val_images,nlm,25.0,19,95.0,group_avg,4,0.0009086173065006,30.818559831853072,20,30.4161899540367,results/figure5_angle_psnr_grid/sigma25/val_images/nlm
val_images,nlm,25.0,19,95.0,group_avg,8,0.0008957168180495,30.892865027931908,20,30.478292713615723,results/figure5_angle_psnr_grid/sigma25/val_images/nlm
val_images,nlm,25.0,19,95.0,group_avg,16,0.0008947105519473,30.898786172090134,20,30.48317440687898,results/figure5_angle_psnr_grid/sigma25/val_images/nlm
val_images,nlm,25.0,19,95.0,group_avg,32,0.0008947050143033,30.89836724872813,20,30.48320128680883,results/figure5_angle_psnr_grid/sigma25/val_images/nlm
val_images,nlm,25.0,19,95.0,vanilla,0,0.0009280258137732,30.71809936551391,20,30.324399433680234,results/figure5_angle_psnr_grid/sigma25/val_images/nlm
val_images,nlm,25.0,20,100.0,group_avg,4,0.0007791855204533,31.491190196032544,20,31.08359126516552,results/figure5_angle_psnr_grid/sigma25/val_images/nlm
val_images,nlm,25.0,20,100.0,group_avg,8,0.0007713051090669,31.54220995704231,20,31.127737918940312,results/figure5_angle_psnr_grid/sigma25/val_images/nlm
val_images,nlm,25.0,20,100.0,group_avg,16,0.0007701770307336,31.54907928181987,20,31.13409437640569,results/figure5_angle_psnr_grid/sigma25/val_images/nlm
val_images,nlm,25.0,20,100.0,group_avg,32,0.0007690383520128,31.55730698869855,20,31.140520013530328,results/figure5_angle_psnr_grid/sigma25/val_images/nlm
val_images,nlm,25.0,20,100.0,vanilla,0,0.0007957955584559,31.39043514120808,20,30.991984890944707,results/figure5_angle_psnr_grid/sigma25/val_images/nlm
val_images,nlm,25.0,21,105.0,group_avg,4,0.000677340940109,32.09995820254101,20,31.691926738014352,results/figure5_angle_psnr_grid/sigma25/val_images/nlm
val_images,nlm,25.0,21,105.0,group_avg,8,0.0006725293571187,32.13459388747126,20,31.722887531747432,results/figure5_angle_psnr_grid/sigma25/val_images/nlm
val_images,nlm,25.0,21,105.0,group_avg,16,0.00067083572488,32.14675778457473,20,31.733838174059077,results/figure5_angle_psnr_grid/sigma25/val_images/nlm
val_images,nlm,25.0,21,105.0,group_avg,32,0.0006699244594643,32.15432399107836,20,31.73974165489268,results/figure5_angle_psnr_grid/sigma25/val_images/nlm
val_images,nlm,25.0,21,105.0,vanilla,0,0.0006917224853381,31.999143449032324,20,31.60068106785421,results/figure5_angle_psnr_grid/sigma25/val_images/nlm
val_images,nlm,25.0,22,110.0,group_avg,4,0.0005946784599528,32.67065415753295,20,32.2571779194134,results/figure5_angle_psnr_grid/sigma25/val_images/nlm
val_images,nlm,25.0,22,110.0,group_avg,8,0.0005928621980418,32.6824757565425,20,32.27046240168095,results/figure5_angle_psnr_grid/sigma25/val_images/nlm
val_images,nlm,25.0,22,110.0,group_avg,16,0.0005903397295978,32.70481764936495,20,32.28897987972257,results/figure5_angle_psnr_grid/sigma25/val_images/nlm
val_images,nlm,25.0,22,110.0,group_avg,32,0.0005904079100991,32.703583991765896,20,32.288478326054005,results/figure5_angle_psnr_grid/sigma25/val_images/nlm
val_images,nlm,25.0,22,110.0,vanilla,0,0.0006077213341906,32.5656951319266,20,32.16295517382066,results/figure5_angle_psnr_grid/sigma25/val_images/nlm
val_images,nlm,25.0,23,115.0,group_avg,4,0.0005294992767308,33.17878610054033,20,32.76134628780347,results/figure5_angle_psnr_grid/sigma25/val_images/nlm
val_images,nlm,25.0,23,115.0,group_avg,8,0.0005294691882948,33.17433548561102,20,32.76159307969816,results/figure5_angle_psnr_grid/sigma25/val_images/nlm
val_images,nlm,25.0,23,115.0,group_avg,16,0.000527055828315,33.1978573770384,20,32.78143379768518,results/figure5_angle_psnr_grid/sigma25/val_images/nlm
val_images,nlm,25.0,23,115.0,group_avg,32,0.00052722634883,33.19561639074024,20,32.78002893433837,results/figure5_angle_psnr_grid/sigma25/val_images/nlm
val_images,nlm,25.0,23,115.0,vanilla,0,0.000541318226279,33.07061754260239,20,32.66547349891835,results/figure5_angle_psnr_grid/sigma25/val_images/nlm
val_images,nlm,25.0,24,120.0,group_avg,4,0.0004766263256189,33.6385858878329,20,33.21821973833261,results/figure5_angle_psnr_grid/sigma25/val_images/nlm
val_images,nlm,25.0,24,120.0,group_avg,8,0.0004781267495893,33.61611373270214,20,33.20456958303608,results/figure5_angle_psnr_grid/sigma25/val_images/nlm
val_images,nlm,25.0,24,120.0,group_avg,16,0.0004766852124261,33.63131915208234,20,33.217683204063924,results/figure5_angle_psnr_grid/sigma25/val_images/nlm
val_images,nlm,25.0,24,120.0,group_avg,32,0.0004760710349036,33.63831691243221,20,33.22328241050565,results/figure5_angle_psnr_grid/sigma25/val_images/nlm
val_images,nlm,25.0,24,120.0,vanilla,0,0.0004874422634313,33.527787420665405,20,33.12076818238577,results/figure5_angle_psnr_grid/sigma25/val_images/nlm
val_images,nlm,25.0,25,125.0,group_avg,4,0.0004310425648469,34.078641670061344,20,33.6547984175253,results/figure5_angle_psnr_grid/sigma25/val_images/nlm
val_images,nlm,25.0,25,125.0,group_avg,8,0.0004329468961279,34.04921182874348,20,33.635653695425546,results/figure5_angle_psnr_grid/sigma25/val_images/nlm
val_images,nlm,25.0,25,125.0,group_avg,16,0.0004319657003685,34.06087576890447,20,33.64550736361112,results/figure5_angle_psnr_grid/sigma25/val_images/nlm
val_images,nlm,25.0,25,125.0,group_avg,32,0.0004311974038147,34.07094511365553,20,33.65323862645808,results/figure5_angle_psnr_grid/sigma25/val_images/nlm
val_images,nlm,25.0,25,125.0,vanilla,0,0.0004409966745304,33.96494344198808,20,33.55564685449453,results/figure5_angle_psnr_grid/sigma25/val_images/nlm
val_images,nlm,25.0,26,130.0,group_avg,4,0.0003951719227346,34.45782547094821,20,34.03213919941117,results/figure5_angle_psnr_grid/sigma25/val_images/nlm
val_images,nlm,25.0,26,130.0,group_avg,8,0.0003974826034556,34.42021916490249,20,34.00681874274294,results/figure5_angle_psnr_grid/sigma25/val_images/nlm
val_images,nlm,25.0,26,130.0,group_avg,16,0.0003968571629972,34.42868724867416,20,34.013657765726975,results/figure5_angle_psnr_grid/sigma25/val_images/nlm
val_images,nlm,25.0,26,130.0,group_avg,32,0.0003967242344966,34.43033224658186,20,34.01511269183831,results/figure5_angle_psnr_grid/sigma25/val_images/nlm
val_images,nlm,25.0,26,130.0,vanilla,0,0.0004043740371413,34.34238128567495,20,33.932167360885025,results/figure5_angle_psnr_grid/sigma25/val_images/nlm
val_images,nlm,25.0,27,135.0,group_avg,4,0.0003649410247802,34.80430563496546,20,34.37777312754238,results/figure5_angle_psnr_grid/sigma25/val_images/nlm
val_images,nlm,25.0,27,135.0,group_avg,8,0.0003638428024291,34.818207546232415,20,34.39086211909768,results/figure5_angle_psnr_grid/sigma25/val_images/nlm
val_images,nlm,25.0,27,135.0,group_avg,16,0.0003652839660644,34.795222910621234,20,34.373693904832855,results/figure5_angle_psnr_grid/sigma25/val_images/nlm
val_images,nlm,25.0,27,135.0,group_avg,32,0.0003660981407165,34.78252345424857,20,34.364024767415,results/figure5_angle_psnr_grid/sigma25/val_images/nlm
val_images,nlm,25.0,27,135.0,vanilla,0,0.0003731357147216,34.70497464669908,20,34.28133180430572,results/figure5_angle_psnr_grid/sigma25/val_images/nlm
val_images,nlm,25.0,28,140.0,group_avg,4,0.0003951225978372,34.457103381961915,20,34.032681314540774,results/figure5_angle_psnr_grid/sigma25/val_images/nlm
val_images,nlm,25.0,28,140.0,group_avg,8,0.0003971100595478,34.42670145830516,20,34.0108911129722,results/figure5_angle_psnr_grid/sigma25/val_images/nlm
val_images,nlm,25.0,28,140.0,group_avg,16,0.0003966651181564,34.43221399696218,20,34.01575988732396,results/figure5_angle_psnr_grid/sigma25/val_images/nlm
val_images,nlm,25.0,28,140.0,group_avg,32,0.0003966244049799,34.432131283588106,20,34.01620566424109,results/figure5_angle_psnr_grid/sigma25/val_images/nlm
val_images,nlm,25.0,28,140.0,vanilla,0,0.0004040625782497,34.35758923457347,20,33.93551369335108,results/figure5_angle_psnr_grid/sigma25/val_images/nlm
val_images,nlm,25.0,29,145.0,group_avg,4,0.0004312587515478,34.074356979208254,20,33.65262078677246,results/figure5_angle_psnr_grid/sigma25/val_images/nlm
val_images,nlm,25.0,29,145.0,group_avg,8,0.0004321961553199,34.06016707407647,20,33.6431910078167,results/figure5_angle_psnr_grid/sigma25/val_images/nlm
val_images,nlm,25.0,29,145.0,group_avg,16,0.000431645996604,34.065748125945404,20,33.64872282694008,results/figure5_angle_psnr_grid/sigma25/val_images/nlm
val_images,nlm,25.0,29,145.0,group_avg,32,0.0004310330353285,34.07334578016948,20,33.65489443270662,results/figure5_angle_psnr_grid/sigma25/val_images/nlm
val_images,nlm,25.0,29,145.0,vanilla,0,0.0004408348001609,33.976686184246404,20,33.557241289445955,results/figure5_angle_psnr_grid/sigma25/val_images/nlm
val_images,nlm,25.0,30,150.0,group_avg,4,0.0004770233998545,33.63195677099249,20,33.214603166025334,results/figure5_angle_psnr_grid/sigma25/val_images/nlm
val_images,nlm,25.0,30,150.0,group_avg,8,0.0004772144919974,33.62750175474097,20,33.2128637619414,results/figure5_angle_psnr_grid/sigma25/val_images/nlm
val_images,nlm,25.0,30,150.0,group_avg,16,0.0004762168257721,33.6367725063674,20,33.22195264095116,results/figure5_angle_psnr_grid/sigma25/val_images/nlm
val_images,nlm,25.0,30,150.0,group_avg,32,0.0004757740672505,33.64182237490668,20,33.22599233498694,results/figure5_angle_psnr_grid/sigma25/val_images/nlm
val_images,nlm,25.0,30,150.0,vanilla,0,0.0004875250830245,33.53615396014608,20,33.120030350651085,results/figure5_angle_psnr_grid/sigma25/val_images/nlm
val_images,nlm,25.0,31,155.0,group_avg,4,0.0005301883283482,33.16843588343609,20,32.75569837126769,results/figure5_angle_psnr_grid/sigma25/val_images/nlm
val_images,nlm,25.0,31,155.0,group_avg,8,0.0005283777330513,33.18577100803704,20,32.770554927545376,results/figure5_angle_psnr_grid/sigma25/val_images/nlm
val_images,nlm,25.0,31,155.0,group_avg,16,0.0005265274604187,33.20337878718817,20,32.785789737712896,results/figure5_angle_psnr_grid/sigma25/val_images/nlm
val_images,nlm,25.0,31,155.0,group_avg,32,0.0005268810738543,33.19910630591654,20,32.78287401480848,results/figure5_angle_psnr_grid/sigma25/val_images/nlm
val_images,nlm,25.0,31,155.0,vanilla,0,0.000541711349228,33.07473134827944,20,32.66232065547257,results/figure5_angle_psnr_grid/sigma25/val_images/nlm
val_images,nlm,25.0,32,160.0,group_avg,4,0.0005953685978514,32.662517170745986,20,32.25214075533243,results/figure5_angle_psnr_grid/sigma25/val_images/nlm
val_images,nlm,25.0,32,160.0,group_avg,8,0.0005915367015687,32.696166869538544,20,32.28018304638255,results/figure5_angle_psnr_grid/sigma25/val_images/nlm
val_images,nlm,25.0,32,160.0,group_avg,16,0.00058962156804,32.711952357962346,20,32.29426638599709,results/figure5_angle_psnr_grid/sigma25/val_images/nlm
val_images,nlm,25.0,32,160.0,group_avg,32,0.0005900463559939,32.70715442467173,20,32.29113867406096,results/figure5_angle_psnr_grid/sigma25/val_images/nlm
val_images,nlm,25.0,32,160.0,vanilla,0,0.0006081384502869,32.5706900045449,20,32.159975369268224,results/figure5_angle_psnr_grid/sigma25/val_images/nlm
val_images,nlm,25.0,33,165.0,group_avg,4,0.0006779588416512,32.09199301842445,20,31.687966710095044,results/figure5_angle_psnr_grid/sigma25/val_images/nlm
val_images,nlm,25.0,33,165.0,group_avg,8,0.0006710166192733,32.146747751669615,20,31.732667233938287,results/figure5_angle_psnr_grid/sigma25/val_images/nlm
val_images,nlm,25.0,33,165.0,group_avg,16,0.0006698719857817,32.15433816569643,20,31.740081841357807,results/figure5_angle_psnr_grid/sigma25/val_images/nlm
val_images,nlm,25.0,33,165.0,group_avg,32,0.0006693439957344,32.15834808385223,20,31.743506280418416,results/figure5_angle_psnr_grid/sigma25/val_images/nlm
val_images,nlm,25.0,33,165.0,vanilla,0,0.0006924384989992,32.00032735515169,20,31.59618793716736,results/figure5_angle_psnr_grid/sigma25/val_images/nlm
val_images,nlm,25.0,34,170.0,group_avg,4,0.0007799525814781,31.483271330690293,20,31.07931800166413,results/figure5_angle_psnr_grid/sigma25/val_images/nlm
val_images,nlm,25.0,34,170.0,group_avg,8,0.0007702878564627,31.5495789063284,20,31.133469487086924,results/figure5_angle_psnr_grid/sigma25/val_images/nlm
val_images,nlm,25.0,34,170.0,group_avg,16,0.0007694993382666,31.55391558963243,20,31.137917493052583,results/figure5_angle_psnr_grid/sigma25/val_images/nlm
val_images,nlm,25.0,34,170.0,group_avg,32,0.0007686396348228,31.560131349616533,20,31.142772249444644,results/figure5_angle_psnr_grid/sigma25/val_images/nlm
val_images,nlm,25.0,34,170.0,vanilla,0,0.0007964347113433,31.39236356008406,20,30.988498201961704,results/figure5_angle_psnr_grid/sigma25/val_images/nlm
val_images,nlm,25.0,35,175.0,group_avg,4,0.0009087066575884,30.815659675004845,20,30.415762901016045,results/figure5_angle_psnr_grid/sigma25/val_images/nlm
val_images,nlm,25.0,35,175.0,group_avg,8,0.0008947917129844,30.89785942969096,20,30.482780467276136,results/figure5_angle_psnr_grid/sigma25/val_images/nlm
val_images,nlm,25.0,35,175.0,group_avg,16,0.0008941197171807,30.90122919100607,20,30.486043279265832,results/figure5_angle_psnr_grid/sigma25/val_images/nlm
val_images,nlm,25.0,35,175.0,group_avg,32,0.0008942730631679,30.900132981102665,20,30.485298506451286,results/figure5_angle_psnr_grid/sigma25/val_images/nlm
val_images,nlm,25.0,35,175.0,vanilla,0,0.0009279636144638,30.724256668708648,20,30.324690521727177,results/figure5_angle_psnr_grid/sigma25/val_images/nlm
val_images,restormer,25.0,0,0.0,group_avg,4,0.0011765934613462,29.3902597662873,20,29.29373569435842,results/figure5_angle_psnr_grid/sigma25/val_images/restormer
val_images,restormer,25.0,0,0.0,group_avg,8,0.0012266512432148,29.196353714112075,20,29.11278896667437,results/figure5_angle_psnr_grid/sigma25/val_images/restormer
val_images,restormer,25.0,0,0.0,group_avg,16,0.0014892397002347,28.323423947027877,20,28.270353948528708,results/figure5_angle_psnr_grid/sigma25/val_images/restormer
val_images,restormer,25.0,0,0.0,group_avg,32,0.0016730753351236,27.80490966290561,20,27.76484503214604,results/figure5_angle_psnr_grid/sigma25/val_images/restormer
val_images,restormer,25.0,0,0.0,vanilla,0,0.0015754093934729,28.09535789847244,20,28.026065693520973,results/figure5_angle_psnr_grid/sigma25/val_images/restormer
val_images,restormer,25.0,1,5.0,group_avg,4,0.0019184714108705,27.19441609604753,20,27.170446682893157,results/figure5_angle_psnr_grid/sigma25/val_images/restormer
val_images,restormer,25.0,1,5.0,group_avg,8,0.001685756728053,27.761827201614256,20,27.732050983275784,results/figure5_angle_psnr_grid/sigma25/val_images/restormer
val_images,restormer,25.0,1,5.0,group_avg,16,0.0016640631258487,27.81815612097888,20,27.78830202872347,results/figure5_angle_psnr_grid/sigma25/val_images/restormer
val_images,restormer,25.0,1,5.0,group_avg,32,0.0016728995665907,27.792283440489065,20,27.76530131353624,results/figure5_angle_psnr_grid/sigma25/val_images/restormer
val_images,restormer,25.0,1,5.0,vanilla,0,0.0022118089720606,26.570755456127024,20,26.55252384583637,results/figure5_angle_psnr_grid/sigma25/val_images/restormer
val_images,restormer,25.0,2,10.0,group_avg,4,0.0016918567127851,27.739041322104733,20,27.71636421132571,results/figure5_angle_psnr_grid/sigma25/val_images/restormer
val_images,restormer,25.0,2,10.0,group_avg,8,0.001506635531686,28.247938586891923,20,28.21991794614018,results/figure5_angle_psnr_grid/sigma25/val_images/restormer
val_images,restormer,25.0,2,10.0,group_avg,16,0.0014854474739726,28.306365769623227,20,28.281427004184646,results/figure5_angle_psnr_grid/sigma25/val_images/restormer
val_images,restormer,25.0,2,10.0,group_avg,32,0.0015049055484482,28.24926179399339,20,28.22490756598349,results/figure5_angle_psnr_grid/sigma25/val_images/restormer
val_images,restormer,25.0,2,10.0,vanilla,0,0.0019113197318647,27.2025724526742,20,27.18666656655285,results/figure5_angle_psnr_grid/sigma25/val_images/restormer
val_images,restormer,25.0,3,15.0,group_avg,4,0.0015444750176284,28.12960047715172,20,28.11219112156232,results/figure5_angle_psnr_grid/sigma25/val_images/restormer
val_images,restormer,25.0,3,15.0,group_avg,8,0.0013474122264073,28.731645049184227,20,28.704995161809403,results/figure5_angle_psnr_grid/sigma25/val_images/restormer
val_images,restormer,25.0,3,15.0,group_avg,16,0.00136035604874,28.68237666083065,20,28.66347407978676,results/figure5_angle_psnr_grid/sigma25/val_images/restormer
val_images,restormer,25.0,3,15.0,group_avg,32,0.0013644882491942,28.66966851656473,20,28.65030200068878,results/figure5_angle_psnr_grid/sigma25/val_images/restormer
val_images,restormer,25.0,3,15.0,vanilla,0,0.0016903255231368,27.732569825408053,20,27.72029650836992,results/figure5_angle_psnr_grid/sigma25/val_images/restormer
val_images,restormer,25.0,4,20.0,group_avg,4,0.0014191388475667,28.50191860936358,20,28.47975111390961,results/figure5_angle_psnr_grid/sigma25/val_images/restormer
val_images,restormer,25.0,4,20.0,group_avg,8,0.0012212123328757,29.160667008248243,20,29.13208818463749,results/figure5_angle_psnr_grid/sigma25/val_images/restormer
val_images,restormer,25.0,4,20.0,group_avg,16,0.0012583016605893,29.01900633683393,20,29.002152302546232,results/figure5_angle_psnr_grid/sigma25/val_images/restormer
val_images,restormer,25.0,4,20.0,group_avg,32,0.0012557405281455,29.02694872271412,20,29.011000889714392,results/figure5_angle_psnr_grid/sigma25/val_images/restormer
val_images,restormer,25.0,4,20.0,vanilla,0,0.0015589505543849,28.091883875792952,20,28.071676592167552,results/figure5_angle_psnr_grid/sigma25/val_images/restormer
val_images,restormer,25.0,5,25.0,group_avg,4,0.0013298400366796,28.77653704976817,20,28.762005961497863,results/figure5_angle_psnr_grid/sigma25/val_images/restormer
val_images,restormer,25.0,5,25.0,group_avg,8,0.0011503816930858,29.41195922737875,20,29.391580381703903,results/figure5_angle_psnr_grid/sigma25/val_images/restormer
val_images,restormer,25.0,5,25.0,group_avg,16,0.0011702304082781,29.33165025368036,20,29.317286209955576,results/figure5_angle_psnr_grid/sigma25/val_images/restormer
val_images,restormer,25.0,5,25.0,group_avg,32,0.0011715438264763,29.3257134290834,20,29.31241460169193,results/figure5_angle_psnr_grid/sigma25/val_images/restormer
val_images,restormer,25.0,5,25.0,vanilla,0,0.0014965771418106,28.264016951819464,20,28.249008923224796,results/figure5_angle_psnr_grid/sigma25/val_images/restormer
val_images,restormer,25.0,6,30.0,group_avg,4,0.0012496263967591,29.04074655410881,20,29.032198094544952,results/figure5_angle_psnr_grid/sigma25/val_images/restormer
val_images,restormer,25.0,6,30.0,group_avg,8,0.0011082420270143,29.56429926883539,20,29.55365384446519,results/figure5_angle_psnr_grid/sigma25/val_images/restormer
val_images,restormer,25.0,6,30.0,group_avg,16,0.0011000180835664,29.59789478266871,20,29.58600175270353,results/figure5_angle_psnr_grid/sigma25/val_images/restormer
val_images,restormer,25.0,6,30.0,group_avg,32,0.00110026206299,29.59581584249609,20,29.585038612460064,results/figure5_angle_psnr_grid/sigma25/val_images/restormer
val_images,restormer,25.0,6,30.0,vanilla,0,0.0014377529604633,28.434446314621777,20,28.42315729477709,results/figure5_angle_psnr_grid/sigma25/val_images/restormer
val_images,restormer,25.0,7,35.0,group_avg,4,0.0011486729256659,29.41012061523377,20,29.39803615175758,results/figure5_angle_psnr_grid/sigma25/val_images/restormer
val_images,restormer,25.0,7,35.0,group_avg,8,0.0010783455394417,29.679504923675463,20,29.672420537809224,results/figure5_angle_psnr_grid/sigma25/val_images/restormer
val_images,restormer,25.0,7,35.0,group_avg,16,0.0010271381078395,29.894679909782383,20,29.883711577269253,results/figure5_angle_psnr_grid/sigma25/val_images/restormer
val_images,restormer,25.0,7,35.0,group_avg,32,0.0010201890085561,29.92527169507804,20,29.913193598375152,results/figure5_angle_psnr_grid/sigma25/val_images/restormer
val_images,restormer,25.0,7,35.0,vanilla,0,0.0014225177613307,28.48459288505889,20,28.46942302367156,results/figure5_angle_psnr_grid/sigma25/val_images/restormer
val_images,restormer,25.0,8,40.0,group_avg,4,0.001011237578935,29.96738463585725,20,29.95146799800519,results/figure5_angle_psnr_grid/sigma25/val_images/restormer
val_images,restormer,25.0,8,40.0,group_avg,8,0.0010178406172469,29.93062620031022,20,29.92320222460307,results/figure5_angle_psnr_grid/sigma25/val_images/restormer
val_images,restormer,25.0,8,40.0,group_avg,16,0.0009425262811667,30.26985127975457,20,30.257065311947954,results/figure5_angle_psnr_grid/sigma25/val_images/restormer
val_images,restormer,25.0,8,40.0,group_avg,32,0.0009395510016361,30.28333216065461,20,30.270796401212223,results/figure5_angle_psnr_grid/sigma25/val_images/restormer
val_images,restormer,25.0,8,40.0,vanilla,0,0.001281562399668,28.93814353280178,20,28.92260243032789,results/figure5_angle_psnr_grid/sigma25/val_images/restormer
val_images,restormer,25.0,9,45.0,group_avg,4,0.0009969944366455,30.021519050831117,20,30.01307265099476,results/figure5_angle_psnr_grid/sigma25/val_images/restormer
val_images,restormer,25.0,9,45.0,group_avg,8,0.0009259501708984,30.340311317108277,20,30.334123838214325,results/figure5_angle_psnr_grid/sigma25/val_images/restormer
val_images,restormer,25.0,9,45.0,group_avg,16,0.0008578842529296,30.677675548521243,20,30.665713038819703,results/figure5_angle_psnr_grid/sigma25/val_images/restormer
val_images,restormer,25.0,9,45.0,group_avg,32,0.0008655197357177,30.63697711610167,20,30.627230248242835,results/figure5_angle_psnr_grid/sigma25/val_images/restormer
val_images,restormer,25.0,9,45.0,vanilla,0,0.0014124140258789,28.517602240263614,20,28.500379783564853,results/figure5_angle_psnr_grid/sigma25/val_images/restormer
val_images,restormer,25.0,10,50.0,group_avg,4,0.0010564363491081,29.777141861681024,20,29.761566643133555,results/figure5_angle_psnr_grid/sigma25/val_images/restormer
val_images,restormer,25.0,10,50.0,group_avg,8,0.0010144327533119,29.944365246182254,20,29.93776737032316,results/figure5_angle_psnr_grid/sigma25/val_images/restormer
val_images,restormer,25.0,10,50.0,group_avg,16,0.0009442324868395,30.260369170157997,20,30.24921061506484,results/figure5_angle_psnr_grid/sigma25/val_images/restormer
val_images,restormer,25.0,10,50.0,group_avg,32,0.0009382598601404,30.289414225405647,20,30.276768629051976,results/figure5_angle_psnr_grid/sigma25/val_images/restormer
val_images,restormer,25.0,10,50.0,vanilla,0,0.0013534431998822,28.70524093814088,20,28.68559965601124,results/figure5_angle_psnr_grid/sigma25/val_images/restormer
val_images,restormer,25.0,11,55.0,group_avg,4,0.0011498169022568,29.403563180624094,20,29.393713115337427,results/figure5_angle_psnr_grid/sigma25/val_images/restormer
val_images,restormer,25.0,11,55.0,group_avg,8,0.0010679902826262,29.72029817821359,20,29.714326988252683,results/figure5_angle_psnr_grid/sigma25/val_images/restormer
val_images,restormer,25.0,11,55.0,group_avg,16,0.0010351503273029,29.85853339090944,20,29.849965762192628,results/figure5_angle_psnr_grid/sigma25/val_images/restormer
val_images,restormer,25.0,11,55.0,group_avg,32,0.0010213111223604,29.920130989937903,20,29.90841938479593,results/figure5_angle_psnr_grid/sigma25/val_images/restormer
val_images,restormer,25.0,11,55.0,vanilla,0,0.0014117732679349,28.515590216911534,20,28.502350457710136,results/figure5_angle_psnr_grid/sigma25/val_images/restormer
val_images,restormer,25.0,12,60.0,group_avg,4,0.0012072125513749,29.20163796995983,20,29.18216257854294,results/figure5_angle_psnr_grid/sigma25/val_images/restormer
val_images,restormer,25.0,12,60.0,group_avg,8,0.0010854205923588,29.661350756650037,20,29.644019433397727,results/figure5_angle_psnr_grid/sigma25/val_images/restormer
val_images,restormer,25.0,12,60.0,group_avg,16,0.0010951881500337,29.618885982191728,20,29.60511263927036,results/figure5_angle_psnr_grid/sigma25/val_images/restormer
val_images,restormer,25.0,12,60.0,group_avg,32,0.0010955049274066,29.616161776391625,20,29.603856647114675,results/figure5_angle_psnr_grid/sigma25/val_images/restormer
val_images,restormer,25.0,12,60.0,vanilla,0,0.0014446294708349,28.43206783024228,20,28.402435296595595,results/figure5_angle_psnr_grid/sigma25/val_images/restormer
val_images,restormer,25.0,13,65.0,group_avg,4,0.001276363039374,28.953860337608766,20,28.94025780495697,results/figure5_angle_psnr_grid/sigma25/val_images/restormer
val_images,restormer,25.0,13,65.0,group_avg,8,0.0011281121174679,29.4963429473794,20,29.476477358332183,results/figure5_angle_psnr_grid/sigma25/val_images/restormer
val_images,restormer,25.0,13,65.0,group_avg,16,0.0011530903784517,29.39857125046085,20,29.381366516605244,results/figure5_angle_psnr_grid/sigma25/val_images/restormer
val_images,restormer,25.0,13,65.0,group_avg,32,0.0011680778747056,29.339233839953323,20,29.325282022343067,results/figure5_angle_psnr_grid/sigma25/val_images/restormer
val_images,restormer,25.0,13,65.0,vanilla,0,0.001492784579525,28.276789525849544,20,28.26002859839395,results/figure5_angle_psnr_grid/sigma25/val_images/restormer
val_images,restormer,25.0,14,70.0,group_avg,4,0.001327126769933,28.795657602691627,20,28.77087590434136,results/figure5_angle_psnr_grid/sigma25/val_images/restormer
val_images,restormer,25.0,14,70.0,group_avg,8,0.0012012547890556,29.233048569584845,20,29.203648679133813,results/figure5_angle_psnr_grid/sigma25/val_images/restormer
val_images,restormer,25.0,14,70.0,group_avg,16,0.0012399248732936,29.088636902828267,20,29.066046278235863,results/figure5_angle_psnr_grid/sigma25/val_images/restormer
val_images,restormer,25.0,14,70.0,group_avg,32,0.001244996624823,29.067677241367107,20,29.04831825935897,results/figure5_angle_psnr_grid/sigma25/val_images/restormer
val_images,restormer,25.0,14,70.0,vanilla,0,0.0015140707624481,28.22797030727504,20,28.19853826934638,results/figure5_angle_psnr_grid/sigma25/val_images/restormer
val_images,restormer,25.0,15,75.0,group_avg,4,0.0015217831084291,28.19719341673266,20,28.17647240814217,results/figure5_angle_psnr_grid/sigma25/val_images/restormer
val_images,restormer,25.0,15,75.0,group_avg,8,0.0013608853080309,28.689417595566773,20,28.661784744940665,results/figure5_angle_psnr_grid/sigma25/val_images/restormer
val_images,restormer,25.0,15,75.0,group_avg,16,0.0013699858994968,28.65482247391402,20,28.632839027722365,results/figure5_angle_psnr_grid/sigma25/val_images/restormer
val_images,restormer,25.0,15,75.0,group_avg,32,0.001360918344591,28.6837215595685,20,28.66167931782258,results/figure5_angle_psnr_grid/sigma25/val_images/restormer
val_images,restormer,25.0,15,75.0,vanilla,0,0.0017275890353128,27.646895262372443,20,27.625595610023154,results/figure5_angle_psnr_grid/sigma25/val_images/restormer
val_images,restormer,25.0,16,80.0,group_avg,4,0.0016522285511102,27.83776123333593,20,27.81929877342187,results/figure5_angle_psnr_grid/sigma25/val_images/restormer
val_images,restormer,25.0,16,80.0,group_avg,8,0.0015008614020697,28.260969909617693,20,28.236594110848365,results/figure5_angle_psnr_grid/sigma25/val_images/restormer
val_images,restormer,25.0,16,80.0,group_avg,16,0.0014928536562327,28.28364358100515,20,28.259827638795723,results/figure5_angle_psnr_grid/sigma25/val_images/restormer
val_images,restormer,25.0,16,80.0,group_avg,32,0.0015009076495652,28.261416322529637,20,28.236460289546574,results/figure5_angle_psnr_grid/sigma25/val_images/restormer
val_images,restormer,25.0,16,80.0,vanilla,0,0.0019044240732399,27.222717255519647,20,27.202363373796395,results/figure5_angle_psnr_grid/sigma25/val_images/restormer
val_images,restormer,25.0,17,85.0,group_avg,4,0.001921358987689,27.186849022424717,20,27.163914837553328,results/figure5_angle_psnr_grid/sigma25/val_images/restormer
val_images,restormer,25.0,17,85.0,group_avg,8,0.0016884688585996,27.754508784268523,20,27.725069448971187,results/figure5_angle_psnr_grid/sigma25/val_images/restormer
val_images,restormer,25.0,17,85.0,group_avg,16,0.0016604788899421,27.827566295492783,20,27.79766641318174,results/figure5_angle_psnr_grid/sigma25/val_images/restormer
val_images,restormer,25.0,17,85.0,group_avg,32,0.0016698846593499,27.799854290924703,20,27.77313524982821,results/figure5_angle_psnr_grid/sigma25/val_images/restormer
val_images,restormer,25.0,17,85.0,vanilla,0,0.0021894887462258,26.616123064236792,20,26.59657282700484,results/figure5_angle_psnr_grid/sigma25/val_images/restormer
val_images,restormer,25.0,18,90.0,group_avg,4,0.0011765934083864,29.39025995282764,20,29.29373588983942,results/figure5_angle_psnr_grid/sigma25/val_images/restormer
val_images,restormer,25.0,18,90.0,group_avg,8,0.0012266512299749,29.196353734428836,20,29.11278901355029,results/figure5_angle_psnr_grid/sigma25/val_images/restormer
val_images,restormer,25.0,18,90.0,group_avg,16,0.0014892397443679,28.323423825361186,20,28.27035381982676,results/figure5_angle_psnr_grid/sigma25/val_images/restormer
val_images,restormer,25.0,18,90.0,group_avg,32,0.0016730753748435,27.80490956957193,20,27.76484492904175,results/figure5_angle_psnr_grid/sigma25/val_images/restormer
val_images,restormer,25.0,18,90.0,vanilla,0,0.0016365398024082,27.91108685765759,20,27.86073427718597,results/figure5_angle_psnr_grid/sigma25/val_images/restormer
val_images,restormer,25.0,19,95.0,group_avg,4,0.0018965222910046,27.24138839399101,20,27.220420483983503,results/figure5_angle_psnr_grid/sigma25/val_images/restormer
val_images,restormer,25.0,19,95.0,group_avg,8,0.0016771766543388,27.784466509421076,20,27.75421191440413,results/figure5_angle_psnr_grid/sigma25/val_images/restormer
val_images,restormer,25.0,19,95.0,group_avg,16,0.0016587459519505,27.832464520646983,20,27.80220123990468,results/figure5_angle_psnr_grid/sigma25/val_images/restormer
val_images,restormer,25.0,19,95.0,group_avg,32,0.0016686780080199,27.803231510459156,20,27.77627457707307,results/figure5_angle_psnr_grid/sigma25/val_images/restormer
val_images,restormer,25.0,19,95.0,vanilla,0,0.0021563589349389,26.682637261537423,20,26.66278947340177,results/figure5_angle_psnr_grid/sigma25/val_images/restormer
val_images,restormer,25.0,20,100.0,group_avg,4,0.0016799544150327,27.76009478799231,20,27.74702502541011,results/figure5_angle_psnr_grid/sigma25/val_images/restormer
val_images,restormer,25.0,20,100.0,group_avg,8,0.001510791505342,28.231615134679764,20,28.207954657252618,results/figure5_angle_psnr_grid/sigma25/val_images/restormer
val_images,restormer,25.0,20,100.0,group_avg,16,0.0014912963751809,28.28747085058632,20,28.26436037757808,results/figure5_angle_psnr_grid/sigma25/val_images/restormer
val_images,restormer,25.0,20,100.0,group_avg,32,0.0015093809150642,28.234875865801587,20,28.21201145622391,results/figure5_angle_psnr_grid/sigma25/val_images/restormer
val_images,restormer,25.0,20,100.0,vanilla,0,0.001930245591572,27.155996231281243,20,27.14387430744056,results/figure5_angle_psnr_grid/sigma25/val_images/restormer
val_images,restormer,25.0,21,105.0,group_avg,4,0.0015245742853581,28.19188535785306,20,28.168514096487964,results/figure5_angle_psnr_grid/sigma25/val_images/restormer
val_images,restormer,25.0,21,105.0,group_avg,8,0.0013519880240463,28.72099032756247,20,28.690271553719175,results/figure5_angle_psnr_grid/sigma25/val_images/restormer
val_images,restormer,25.0,21,105.0,group_avg,16,0.0013643482394946,28.67120408804244,20,28.650747651721904,results/figure5_angle_psnr_grid/sigma25/val_images/restormer
val_images,restormer,25.0,21,105.0,group_avg,32,0.0013686167213322,28.657155443538283,20,28.637181582327507,results/figure5_angle_psnr_grid/sigma25/val_images/restormer
val_images,restormer,25.0,21,105.0,vanilla,0,0.0016945678900418,27.732380238143,20,27.709410271925385,results/figure5_angle_psnr_grid/sigma25/val_images/restormer
val_images,restormer,25.0,22,110.0,group_avg,4,0.0013974746619175,28.56196171419044,20,28.54656057709269,results/figure5_angle_psnr_grid/sigma25/val_images/restormer
val_images,restormer,25.0,22,110.0,group_avg,8,0.0012180406709569,29.16916750676316,20,29.14338210161845,results/figure5_angle_psnr_grid/sigma25/val_images/restormer
val_images,restormer,25.0,22,110.0,group_avg,16,0.0012566034917151,29.025032014545594,20,29.00801737847428,results/figure5_angle_psnr_grid/sigma25/val_images/restormer
val_images,restormer,25.0,22,110.0,group_avg,32,0.0012579856596745,29.01946283370886,20,29.003243095741524,results/figure5_angle_psnr_grid/sigma25/val_images/restormer
val_images,restormer,25.0,22,110.0,vanilla,0,0.0015746529842173,28.04130908281309,20,28.02815139426409,results/figure5_angle_psnr_grid/sigma25/val_images/restormer
val_images,restormer,25.0,23,115.0,group_avg,4,0.0013150288743895,28.82477413427536,20,28.81064711166339,results/figure5_angle_psnr_grid/sigma25/val_images/restormer
val_images,restormer,25.0,23,115.0,group_avg,8,0.001148186605069,29.41866564241659,20,29.39987523988641,results/figure5_angle_psnr_grid/sigma25/val_images/restormer
val_images,restormer,25.0,23,115.0,group_avg,16,0.0011704188868652,29.329352553266784,20,29.316586786845345,results/figure5_angle_psnr_grid/sigma25/val_images/restormer
val_images,restormer,25.0,23,115.0,group_avg,32,0.0011758299615225,29.30811889183777,20,29.296554776746284,results/figure5_angle_psnr_grid/sigma25/val_images/restormer
val_images,restormer,25.0,23,115.0,vanilla,0,0.0014930193858135,28.276960919503534,20,28.25934553227953,results/figure5_angle_psnr_grid/sigma25/val_images/restormer
val_images,restormer,25.0,24,120.0,group_avg,4,0.0012508323589822,29.03780022304545,20,29.028008921031898,results/figure5_angle_psnr_grid/sigma25/val_images/restormer
val_images,restormer,25.0,24,120.0,group_avg,8,0.0011192843504558,29.522654535299456,20,29.510595683901272,results/figure5_angle_psnr_grid/sigma25/val_images/restormer
val_images,restormer,25.0,24,120.0,group_avg,16,0.0011059078687825,29.57546776306613,20,29.562810518251524,results/figure5_angle_psnr_grid/sigma25/val_images/restormer
val_images,restormer,25.0,24,120.0,group_avg,32,0.0010996678347343,29.59949331250156,20,29.587384778662877,results/figure5_angle_psnr_grid/sigma25/val_images/restormer
val_images,restormer,25.0,24,120.0,vanilla,0,0.0014867991309391,28.29907999838476,20,28.277477014291836,results/figure5_angle_psnr_grid/sigma25/val_images/restormer
val_images,restormer,25.0,25,125.0,group_avg,4,0.0011323963431136,29.473283052202827,20,29.46001541786723,results/figure5_angle_psnr_grid/sigma25/val_images/restormer
val_images,restormer,25.0,25,125.0,group_avg,8,0.0010794229440269,29.67804659630708,20,29.668083548844887,results/figure5_angle_psnr_grid/sigma25/val_images/restormer
val_images,restormer,25.0,25,125.0,group_avg,16,0.0010274812423006,29.893397085872813,20,29.88226097860353,results/figure5_angle_psnr_grid/sigma25/val_images/restormer
val_images,restormer,25.0,25,125.0,group_avg,32,0.0010152771189089,29.945206059446672,20,29.934154013107538,results/figure5_angle_psnr_grid/sigma25/val_images/restormer
val_images,restormer,25.0,25,125.0,vanilla,0,0.0014185229060876,28.501642550663103,20,28.48163646891633,results/figure5_angle_psnr_grid/sigma25/val_images/restormer
val_images,restormer,25.0,26,130.0,group_avg,4,0.0010032376017524,29.99876763249176,20,29.98596198674871,results/figure5_angle_psnr_grid/sigma25/val_images/restormer
val_images,restormer,25.0,26,130.0,group_avg,8,0.0010170423537443,29.93247140549253,20,29.926609609273648,results/figure5_angle_psnr_grid/sigma25/val_images/restormer
val_images,restormer,25.0,26,130.0,group_avg,16,0.000942468041992,30.26815022191428,20,30.25733367299148,results/figure5_angle_psnr_grid/sigma25/val_images/restormer
val_images,restormer,25.0,26,130.0,group_avg,32,0.0009358490201413,30.298968101095944,20,30.287942100315085,results/figure5_angle_psnr_grid/sigma25/val_images/restormer
val_images,restormer,25.0,26,130.0,vanilla,0,0.0012830821483084,28.94112168199817,20,28.917455373780268,results/figure5_angle_psnr_grid/sigma25/val_images/restormer
val_images,restormer,25.0,27,135.0,group_avg,4,0.0010248258544921,29.916065787933,20,29.893499266653496,results/figure5_angle_psnr_grid/sigma25/val_images/restormer
val_images,restormer,25.0,27,135.0,group_avg,8,0.0009375661956787,30.28735228480433,20,30.279980597036108,results/figure5_angle_psnr_grid/sigma25/val_images/restormer
val_images,restormer,25.0,27,135.0,group_avg,16,0.0008641622619628,30.647642545145665,20,30.63404703286456,results/figure5_angle_psnr_grid/sigma25/val_images/restormer
val_images,restormer,25.0,27,135.0,group_avg,32,0.0008701540863037,30.61542981234054,20,30.60403835995039,results/figure5_angle_psnr_grid/sigma25/val_images/restormer
val_images,restormer,25.0,27,135.0,vanilla,0,0.0014665926940917,28.38835092782397,20,28.33690482795693,results/figure5_angle_psnr_grid/sigma25/val_images/restormer
val_images,restormer,25.0,28,140.0,group_avg,4,0.001091841404539,29.64396598564249,20,29.618404405101124,results/figure5_angle_psnr_grid/sigma25/val_images/restormer
val_images,restormer,25.0,28,140.0,group_avg,8,0.001043591539374,29.823290606689252,20,29.814694504783613,results/figure5_angle_psnr_grid/sigma25/val_images/restormer
val_images,restormer,25.0,28,140.0,group_avg,16,0.0009575757277501,30.19999140585428,20,30.188268707864605,results/figure5_angle_psnr_grid/sigma25/val_images/restormer
val_images,restormer,25.0,28,140.0,group_avg,32,0.0009495406012915,30.236090979819878,20,30.22486460584782,results/figure5_angle_psnr_grid/sigma25/val_images/restormer
val_images,restormer,25.0,28,140.0,vanilla,0,0.0014809552659708,28.356648292610352,20,28.29458059666116,results/figure5_angle_psnr_grid/sigma25/val_images/restormer
val_images,restormer,25.0,29,145.0,group_avg,4,0.0011922369511677,29.26382659236769,20,29.23637422147905,results/figure5_angle_psnr_grid/sigma25/val_images/restormer
val_images,restormer,25.0,29,145.0,group_avg,8,0.001088761918721,29.64551499508145,20,29.630670777188843,results/figure5_angle_psnr_grid/sigma25/val_images/restormer
val_images,restormer,25.0,29,145.0,group_avg,16,0.001043541702771,29.828066038262325,20,29.814901906603957,results/figure5_angle_psnr_grid/sigma25/val_images/restormer
val_images,restormer,25.0,29,145.0,group_avg,32,0.0010262324822918,29.902806443607886,20,29.88754243182056,results/figure5_angle_psnr_grid/sigma25/val_images/restormer
val_images,restormer,25.0,29,145.0,vanilla,0,0.0014907985717429,28.303241490530517,20,28.265810319930964,results/figure5_angle_psnr_grid/sigma25/val_images/restormer
val_images,restormer,25.0,30,150.0,group_avg,4,0.001217968330623,29.158941292159348,20,29.143640039974663,results/figure5_angle_psnr_grid/sigma25/val_images/restormer
val_images,restormer,25.0,30,150.0,group_avg,8,0.0010967726584266,29.613641928076003,20,29.598833846613296,results/figure5_angle_psnr_grid/sigma25/val_images/restormer
val_images,restormer,25.0,30,150.0,group_avg,16,0.0011079515438378,29.56837033976198,20,29.554792330227507,results/figure5_angle_psnr_grid/sigma25/val_images/restormer
val_images,restormer,25.0,30,150.0,group_avg,32,0.0011088869315738,29.564965080633463,20,29.55112734731798,results/figure5_angle_psnr_grid/sigma25/val_images/restormer
val_images,restormer,25.0,30,150.0,vanilla,0,0.0014924502929568,28.28962533354227,20,28.261001244224087,results/figure5_angle_psnr_grid/sigma25/val_images/restormer
val_images,restormer,25.0,31,155.0,group_avg,4,0.0013024599263442,28.87210198314559,20,28.852356300516885,results/figure5_angle_psnr_grid/sigma25/val_images/restormer
val_images,restormer,25.0,31,155.0,group_avg,8,0.0011398800556494,29.454122761366456,20,29.43140845075934,results/figure5_angle_psnr_grid/sigma25/val_images/restormer
val_images,restormer,25.0,31,155.0,group_avg,16,0.0011595350009195,29.37653069473081,20,29.357161375160263,results/figure5_angle_psnr_grid/sigma25/val_images/restormer
val_images,restormer,25.0,31,155.0,group_avg,32,0.0011700149158017,29.33487935203962,20,29.318086016648685,results/figure5_angle_psnr_grid/sigma25/val_images/restormer
val_images,restormer,25.0,31,155.0,vanilla,0,0.0015233749551898,28.193243849704128,20,28.17193188635149,results/figure5_angle_psnr_grid/sigma25/val_images/restormer
val_images,restormer,25.0,32,160.0,group_avg,4,0.0013818524302736,28.618156677139005,20,28.595383333292347,results/figure5_angle_psnr_grid/sigma25/val_images/restormer
val_images,restormer,25.0,32,160.0,group_avg,8,0.0012253728190952,29.143655307251425,20,29.1173175730574,results/figure5_angle_psnr_grid/sigma25/val_images/restormer
val_images,restormer,25.0,32,160.0,group_avg,16,0.0012502492768869,29.051705407211227,20,29.03003387965328,results/figure5_angle_psnr_grid/sigma25/val_images/restormer
val_images,restormer,25.0,32,160.0,group_avg,32,0.0012484857129216,29.05561121390217,20,29.03616423144269,results/figure5_angle_psnr_grid/sigma25/val_images/restormer
val_images,restormer,25.0,32,160.0,vanilla,0,0.001565363155932,28.072854338990236,20,28.053848924170627,results/figure5_angle_psnr_grid/sigma25/val_images/restormer
val_images,restormer,25.0,33,165.0,group_avg,4,0.0015138112828189,28.21945614818956,20,28.199282621799235,results/figure5_angle_psnr_grid/sigma25/val_images/restormer
val_images,restormer,25.0,33,165.0,group_avg,8,0.001346270809912,28.7356087870566,20,28.70867570557396,results/figure5_angle_psnr_grid/sigma25/val_images/restormer
val_images,restormer,25.0,33,165.0,group_avg,16,0.0013572029743515,28.69508875123666,20,28.67355197256341,results/figure5_angle_psnr_grid/sigma25/val_images/restormer
val_images,restormer,25.0,33,165.0,group_avg,32,0.0013534435665111,28.707875448384424,20,28.685598479568466,results/figure5_angle_psnr_grid/sigma25/val_images/restormer
val_images,restormer,25.0,33,165.0,vanilla,0,0.0016832741680939,27.75575104532804,20,27.73845141307077,results/figure5_angle_psnr_grid/sigma25/val_images/restormer
val_images,restormer,25.0,34,170.0,group_avg,4,0.0016976895187111,27.72210705180775,20,27.701417326078616,results/figure5_angle_psnr_grid/sigma25/val_images/restormer
val_images,restormer,25.0,34,170.0,group_avg,8,0.0015174942641567,28.21479382199941,20,28.188729418011533,results/figure5_angle_psnr_grid/sigma25/val_images/restormer
val_images,restormer,25.0,34,170.0,group_avg,16,0.0014968407672384,28.2728932332193,20,28.248243971104003,results/figure5_angle_psnr_grid/sigma25/val_images/restormer
val_images,restormer,25.0,34,170.0,group_avg,32,0.0015016336999904,28.260043011193765,20,28.23435993746033,results/figure5_angle_psnr_grid/sigma25/val_images/restormer
val_images,restormer,25.0,34,170.0,vanilla,0,0.0019469360787436,27.120375835835915,20,27.10648306879879,results/figure5_angle_psnr_grid/sigma25/val_images/restormer
val_images,restormer,25.0,35,175.0,group_avg,4,0.0019293873608112,27.170377075568094,20,27.145805708143016,results/figure5_angle_psnr_grid/sigma25/val_images/restormer
val_images,restormer,25.0,35,175.0,group_avg,8,0.0016930484399199,27.742441062021964,20,27.713306160854025,results/figure5_angle_psnr_grid/sigma25/val_images/restormer
val_images,restormer,25.0,35,175.0,group_avg,16,0.0016651062145829,27.815135585484605,20,27.785580582921973,results/figure5_angle_psnr_grid/sigma25/val_images/restormer
val_images,restormer,25.0,35,175.0,group_avg,32,0.0016723675057291,27.7930199696286,20,27.76668279425618,results/figure5_angle_psnr_grid/sigma25/val_images/restormer
val_images,restormer,25.0,35,175.0,vanilla,0,0.0022139979228377,26.56786552732741,20,26.548227909101115,results/figure5_angle_psnr_grid/sigma25/val_images/restormer
val_images,tv,25.0,0,0.0,group_avg,4,0.0009472391199241,30.61623528791984,20,30.23540374370778,results/figure5_angle_psnr_grid/sigma25/val_images/tv
val_images,tv,25.0,0,0.0,group_avg,8,0.000962076551674,30.54603478459888,20,30.167903701171824,results/figure5_angle_psnr_grid/sigma25/val_images/tv
val_images,tv,25.0,0,0.0,group_avg,16,0.0009822059557027,30.467346781957836,20,30.077974368089848,results/figure5_angle_psnr_grid/sigma25/val_images/tv
val_images,tv,25.0,0,0.0,group_avg,32,0.000992489509842,30.4302269065226,20,30.03274074833664,results/figure5_angle_psnr_grid/sigma25/val_images/tv
val_images,tv,25.0,0,0.0,vanilla,0,0.0009526433163103,30.58933172278202,20,30.21069675179191,results/figure5_angle_psnr_grid/sigma25/val_images/tv
val_images,tv,25.0,1,5.0,group_avg,4,0.0008519343305379,31.101546419314023,20,30.69593880566845,results/figure5_angle_psnr_grid/sigma25/val_images/tv
val_images,tv,25.0,1,5.0,group_avg,8,0.0008472959231585,31.11635430995534,20,30.719648832355283,results/figure5_angle_psnr_grid/sigma25/val_images/tv
val_images,tv,25.0,1,5.0,group_avg,16,0.0008357054628431,31.161429384700387,20,30.779467589254494,results/figure5_angle_psnr_grid/sigma25/val_images/tv
val_images,tv,25.0,1,5.0,group_avg,32,0.0008366643320769,31.159169207772408,20,30.77448745072327,results/figure5_angle_psnr_grid/sigma25/val_images/tv
val_images,tv,25.0,1,5.0,vanilla,0,0.0008545092977583,31.087856995527783,20,30.682832074392383,results/figure5_angle_psnr_grid/sigma25/val_images/tv
val_images,tv,25.0,2,10.0,group_avg,4,0.000744057554178,31.64852045343513,20,31.283934697024964,results/figure5_angle_psnr_grid/sigma25/val_images/tv
val_images,tv,25.0,2,10.0,group_avg,8,0.0007323122783709,31.72584268866139,20,31.35303684169774,results/figure5_angle_psnr_grid/sigma25/val_images/tv
val_images,tv,25.0,2,10.0,group_avg,16,0.0007256408688201,31.77122581925249,20,31.39278265359164,results/figure5_angle_psnr_grid/sigma25/val_images/tv
val_images,tv,25.0,2,10.0,group_avg,32,0.0007205011952301,31.803298203697512,20,31.423652944038764,results/figure5_angle_psnr_grid/sigma25/val_images/tv
val_images,tv,25.0,2,10.0,vanilla,0,0.0007526603270869,31.565507452359107,20,31.234009751326237,results/figure5_angle_psnr_grid/sigma25/val_images/tv
val_images,tv,25.0,3,15.0,group_avg,4,0.0006328692425768,32.36618072327914,20,31.98686010509244,results/figure5_angle_psnr_grid/sigma25/val_images/tv
val_images,tv,25.0,3,15.0,group_avg,8,0.0006279929016871,32.38993381344566,20,32.020452651410466,results/figure5_angle_psnr_grid/sigma25/val_images/tv
val_images,tv,25.0,3,15.0,group_avg,16,0.0006251608191658,32.41499950164872,20,32.040082484284426,results/figure5_angle_psnr_grid/sigma25/val_images/tv
val_images,tv,25.0,3,15.0,group_avg,32,0.0006231325343196,32.432216780523824,20,32.054195732410705,results/figure5_angle_psnr_grid/sigma25/val_images/tv
val_images,tv,25.0,3,15.0,vanilla,0,0.000634691294133,32.35448275359094,20,31.974374587301977,results/figure5_angle_psnr_grid/sigma25/val_images/tv
val_images,tv,25.0,4,20.0,group_avg,4,0.0005608308397905,32.890462396839034,20,32.511681127614324,results/figure5_angle_psnr_grid/sigma25/val_images/tv
val_images,tv,25.0,4,20.0,group_avg,8,0.0005617599147698,32.88736341969764,20,32.50449253769833,results/figure5_angle_psnr_grid/sigma25/val_images/tv
val_images,tv,25.0,4,20.0,group_avg,16,0.0005562284747236,32.92474579822405,20,32.54746782284505,results/figure5_angle_psnr_grid/sigma25/val_images/tv
val_images,tv,25.0,4,20.0,group_avg,32,0.0005517941226009,32.9606639418738,20,32.58222929691523,results/figure5_angle_psnr_grid/sigma25/val_images/tv
val_images,tv,25.0,4,20.0,vanilla,0,0.0005629074951642,32.87443105171354,20,32.49562968630992,results/figure5_angle_psnr_grid/sigma25/val_images/tv
val_images,tv,25.0,5,25.0,group_avg,4,0.0005187080121849,33.22124753567448,20,32.850770436570365,results/figure5_angle_psnr_grid/sigma25/val_images/tv
val_images,tv,25.0,5,25.0,group_avg,8,0.0005038137735196,33.36798835500163,20,32.977299637100934,results/figure5_angle_psnr_grid/sigma25/val_images/tv
val_images,tv,25.0,5,25.0,group_avg,16,0.0004953185579469,33.43941199116464,20,33.051154001359045,results/figure5_angle_psnr_grid/sigma25/val_images/tv
val_images,tv,25.0,5,25.0,group_avg,32,0.0004946941902694,33.437026176867214,20,33.05663189997152,results/figure5_angle_psnr_grid/sigma25/val_images/tv
val_images,tv,25.0,5,25.0,vanilla,0,0.000521165961316,33.20087351454824,20,32.83023956918285,results/figure5_angle_psnr_grid/sigma25/val_images/tv
val_images,tv,25.0,6,30.0,group_avg,4,0.000464106601464,33.73883713330616,20,33.333822541213,results/figure5_angle_psnr_grid/sigma25/val_images/tv
val_images,tv,25.0,6,30.0,group_avg,8,0.0004564949927279,33.79804958317254,20,33.40563981859215,results/figure5_angle_psnr_grid/sigma25/val_images/tv
val_images,tv,25.0,6,30.0,group_avg,16,0.0004514315012519,33.84055888501067,20,33.45408138783803,results/figure5_angle_psnr_grid/sigma25/val_images/tv
val_images,tv,25.0,6,30.0,group_avg,32,0.0004478894340684,33.86887439222751,20,33.48829182654415,results/figure5_angle_psnr_grid/sigma25/val_images/tv
val_images,tv,25.0,6,30.0,vanilla,0,0.0004665827620148,33.71628221783837,20,33.31071310334601,results/figure5_angle_psnr_grid/sigma25/val_images/tv
val_images,tv,25.0,7,35.0,group_avg,4,0.0004248995041437,34.1208508388948,20,33.71713775730309,results/figure5_angle_psnr_grid/sigma25/val_images/tv
val_images,tv,25.0,7,35.0,group_avg,8,0.0004155750804085,34.207898602724654,20,33.81350502417831,results/figure5_angle_psnr_grid/sigma25/val_images/tv
val_images,tv,25.0,7,35.0,group_avg,16,0.0004092226314695,34.263509635437366,20,33.880403562634605,results/figure5_angle_psnr_grid/sigma25/val_images/tv
val_images,tv,25.0,7,35.0,group_avg,32,0.0004067701303041,34.286932009878164,20,33.906509454257,results/figure5_angle_psnr_grid/sigma25/val_images/tv
val_images,tv,25.0,7,35.0,vanilla,0,0.0004274358781744,34.093932004043126,20,33.69129026769053,results/figure5_angle_psnr_grid/sigma25/val_images/tv
val_images,tv,25.0,8,40.0,group_avg,4,0.0003849818866333,34.537596917641864,20,34.145597035310985,results/figure5_angle_psnr_grid/sigma25/val_images/tv
val_images,tv,25.0,8,40.0,group_avg,8,0.0003736664248961,34.65514194845131,20,34.27515923122773,results/figure5_angle_psnr_grid/sigma25/val_images/tv
val_images,tv,25.0,8,40.0,group_avg,16,0.0003721470661987,34.66894287169512,20,34.29285400395634,results/figure5_angle_psnr_grid/sigma25/val_images/tv
val_images,tv,25.0,8,40.0,group_avg,32,0.0003715735310213,34.67459943385509,20,34.29955230471696,results/figure5_angle_psnr_grid/sigma25/val_images/tv
val_images,tv,25.0,8,40.0,vanilla,0,0.0003881893982115,34.499372105597466,20,34.10956329743898,results/figure5_angle_psnr_grid/sigma25/val_images/tv
val_images,tv,25.0,9,45.0,group_avg,4,0.0003619735595703,34.81319826221604,20,34.4132315143393,results/figure5_angle_psnr_grid/sigma25/val_images/tv
val_images,tv,25.0,9,45.0,group_avg,8,0.0003459498725891,35.01808540357683,20,34.60986825008041,results/figure5_angle_psnr_grid/sigma25/val_images/tv
val_images,tv,25.0,9,45.0,group_avg,16,0.0003463515693664,34.99528085999685,20,34.60482840174833,results/figure5_angle_psnr_grid/sigma25/val_images/tv
val_images,tv,25.0,9,45.0,group_avg,32,0.0003456599342346,34.997358247722616,20,34.61350957018843,results/figure5_angle_psnr_grid/sigma25/val_images/tv
val_images,tv,25.0,9,45.0,vanilla,0,0.0003650800659179,34.775206569879266,20,34.37611879726732,results/figure5_angle_psnr_grid/sigma25/val_images/tv
val_images,tv,25.0,10,50.0,group_avg,4,0.0003901883026455,34.490991749409616,20,34.08725754348617,results/figure5_angle_psnr_grid/sigma25/val_images/tv
val_images,tv,25.0,10,50.0,group_avg,8,0.0003757977054802,34.63444810251473,20,34.25045875912707,results/figure5_angle_psnr_grid/sigma25/val_images/tv
val_images,tv,25.0,10,50.0,group_avg,16,0.0003748276972534,34.642042666638154,20,34.26168325148432,results/figure5_angle_psnr_grid/sigma25/val_images/tv
val_images,tv,25.0,10,50.0,group_avg,32,0.0003727208899174,34.664109077790485,20,34.28616265626525,results/figure5_angle_psnr_grid/sigma25/val_images/tv
val_images,tv,25.0,10,50.0,vanilla,0,0.0003943151447065,34.44209076255355,20,34.04156542388644,results/figure5_angle_psnr_grid/sigma25/val_images/tv
val_images,tv,25.0,11,55.0,group_avg,4,0.000422265059899,34.14940523874191,20,33.74414852557639,results/figure5_angle_psnr_grid/sigma25/val_images/tv
val_images,tv,25.0,11,55.0,group_avg,8,0.000407471351362,34.278575371909355,20,33.899029203786554,results/figure5_angle_psnr_grid/sigma25/val_images/tv
val_images,tv,25.0,11,55.0,group_avg,16,0.0004057563315296,34.29500788221576,20,33.91734694602347,results/figure5_angle_psnr_grid/sigma25/val_images/tv
val_images,tv,25.0,11,55.0,group_avg,32,0.0004057903570618,34.2966517088429,20,33.91698277471673,results/figure5_angle_psnr_grid/sigma25/val_images/tv
val_images,tv,25.0,11,55.0,vanilla,0,0.0004273945192747,34.0938034021659,20,33.691710513436284,results/figure5_angle_psnr_grid/sigma25/val_images/tv
val_images,tv,25.0,12,60.0,group_avg,4,0.0004658030789146,33.722899027188525,20,33.31797645146078,results/figure5_angle_psnr_grid/sigma25/val_images/tv
val_images,tv,25.0,12,60.0,group_avg,8,0.0004500639318566,33.84953251270569,20,33.46725790045883,results/figure5_angle_psnr_grid/sigma25/val_images/tv
val_images,tv,25.0,12,60.0,group_avg,16,0.0004462583358192,33.88087299006368,20,33.50413658461819,results/figure5_angle_psnr_grid/sigma25/val_images/tv
val_images,tv,25.0,12,60.0,group_avg,32,0.0004460697713554,33.882905497416395,20,33.505972064340924,results/figure5_angle_psnr_grid/sigma25/val_images/tv
val_images,tv,25.0,12,60.0,vanilla,0,0.0004705265114503,33.679417185720425,20,33.27415901562458,results/figure5_angle_psnr_grid/sigma25/val_images/tv
val_images,tv,25.0,13,65.0,group_avg,4,0.0005069679302944,33.320363276823585,20,32.95019512336627,results/figure5_angle_psnr_grid/sigma25/val_images/tv
val_images,tv,25.0,13,65.0,group_avg,8,0.0004975244129094,33.41319166563202,20,33.03185604100689,results/figure5_angle_psnr_grid/sigma25/val_images/tv
val_images,tv,25.0,13,65.0,group_avg,16,0.0004937584542812,33.44230007478223,20,33.0648545518068,results/figure5_angle_psnr_grid/sigma25/val_images/tv
val_images,tv,25.0,13,65.0,group_avg,32,0.0004919144557857,33.454436995086674,20,33.0811041473336,results/figure5_angle_psnr_grid/sigma25/val_images/tv
val_images,tv,25.0,13,65.0,vanilla,0,0.00051132203004,33.28342118842204,20,32.91305495521642,results/figure5_angle_psnr_grid/sigma25/val_images/tv
val_images,tv,25.0,14,70.0,group_avg,4,0.0005788467929856,32.75012938040969,20,32.3743636851008,results/figure5_angle_psnr_grid/sigma25/val_images/tv
val_images,tv,25.0,14,70.0,group_avg,8,0.0005547289619916,32.946653076458915,20,32.55919159333327,results/figure5_angle_psnr_grid/sigma25/val_images/tv
val_images,tv,25.0,14,70.0,group_avg,16,0.0005474650484164,33.00287369164139,20,32.616436020848965,results/figure5_angle_psnr_grid/sigma25/val_images/tv
val_images,tv,25.0,14,70.0,group_avg,32,0.0005488194605681,32.98460192634262,20,32.60570497396913,results/figure5_angle_psnr_grid/sigma25/val_images/tv
val_images,tv,25.0,14,70.0,vanilla,0,0.0005831055659727,32.718857428754006,20,32.34252813046958,results/figure5_angle_psnr_grid/sigma25/val_images/tv
val_images,tv,25.0,15,75.0,group_avg,4,0.000641892307078,32.331250674244785,20,31.92537829197417,results/figure5_angle_psnr_grid/sigma25/val_images/tv
val_images,tv,25.0,15,75.0,group_avg,8,0.0006305248700762,32.38753507018636,20,32.002977786803235,results/figure5_angle_psnr_grid/sigma25/val_images/tv
val_images,tv,25.0,15,75.0,group_avg,16,0.0006249089195747,32.417745095780695,20,32.041832764296515,results/figure5_angle_psnr_grid/sigma25/val_images/tv
val_images,tv,25.0,15,75.0,group_avg,32,0.0006224181131344,32.43396483475475,20,32.05917777329595,results/figure5_angle_psnr_grid/sigma25/val_images/tv
val_images,tv,25.0,15,75.0,vanilla,0,0.0006471128526441,32.297434343845914,20,31.89019974344105,results/figure5_angle_psnr_grid/sigma25/val_images/tv
val_images,tv,25.0,16,80.0,group_avg,4,0.0007375507927621,31.71161471866616,20,31.3220806584911,results/figure5_angle_psnr_grid/sigma25/val_images/tv
val_images,tv,25.0,16,80.0,group_avg,8,0.0007316512003888,31.74847822253124,20,31.356959105380263,results/figure5_angle_psnr_grid/sigma25/val_images/tv
val_images,tv,25.0,16,80.0,group_avg,16,0.000725448563529,31.77854696013789,20,31.393933749111653,results/figure5_angle_psnr_grid/sigma25/val_images/tv
val_images,tv,25.0,16,80.0,group_avg,32,0.0007194565194315,31.80975815843056,20,31.42995447650297,results/figure5_angle_psnr_grid/sigma25/val_images/tv
val_images,tv,25.0,16,80.0,vanilla,0,0.0007407872825579,31.706976928011574,20,31.30306481998806,results/figure5_angle_psnr_grid/sigma25/val_images/tv
val_images,tv,25.0,17,85.0,group_avg,4,0.0008511620312929,31.11259031486286,20,30.699877576615165,results/figure5_angle_psnr_grid/sigma25/val_images/tv
val_images,tv,25.0,17,85.0,group_avg,8,0.0008514940179884,31.103191621770375,20,30.698183987451092,results/figure5_angle_psnr_grid/sigma25/val_images/tv
val_images,tv,25.0,17,85.0,group_avg,16,0.0008402678221464,31.140581915447125,20,30.755822673407703,results/figure5_angle_psnr_grid/sigma25/val_images/tv
val_images,tv,25.0,17,85.0,group_avg,32,0.0008380094617605,31.150727686353868,20,30.7675107782893,results/figure5_angle_psnr_grid/sigma25/val_images/tv
val_images,tv,25.0,17,85.0,vanilla,0,0.0008575019221752,31.081400033618685,20,30.66764897770107,results/figure5_angle_psnr_grid/sigma25/val_images/tv
val_images,tv,25.0,18,90.0,group_avg,4,0.0009472390945475,30.616235431311072,20,30.23540386005552,results/figure5_angle_psnr_grid/sigma25/val_images/tv
val_images,tv,25.0,18,90.0,group_avg,8,0.0009620765274007,30.54603474956618,20,30.167903810744637,results/figure5_angle_psnr_grid/sigma25/val_images/tv
val_images,tv,25.0,18,90.0,group_avg,16,0.0009822059071562,30.4673469274666,20,30.07797458274428,results/figure5_angle_psnr_grid/sigma25/val_images/tv
val_images,tv,25.0,18,90.0,group_avg,32,0.000992489489982,30.43022693151456,20,30.032740835239945,results/figure5_angle_psnr_grid/sigma25/val_images/tv
val_images,tv,25.0,18,90.0,vanilla,0,0.0009556674985961,30.573977003324018,20,30.19693183710136,results/figure5_angle_psnr_grid/sigma25/val_images/tv
val_images,tv,25.0,19,95.0,group_avg,4,0.0008517563417553,31.10781671579125,20,30.696846242066734,results/figure5_angle_psnr_grid/sigma25/val_images/tv
val_images,tv,25.0,19,95.0,group_avg,8,0.0008411325216293,31.143139891777757,20,30.75135575095901,results/figure5_angle_psnr_grid/sigma25/val_images/tv
val_images,tv,25.0,19,95.0,group_avg,16,0.0008323712721467,31.17082579817811,20,30.79682917123868,results/figure5_angle_psnr_grid/sigma25/val_images/tv
val_images,tv,25.0,19,95.0,group_avg,32,0.0008339746594429,31.16566959463671,20,30.788471453230688,results/figure5_angle_psnr_grid/sigma25/val_images/tv
val_images,tv,25.0,19,95.0,vanilla,0,0.0008586728647351,31.073463020640872,20,30.66172261198174,results/figure5_angle_psnr_grid/sigma25/val_images/tv
val_images,tv,25.0,20,100.0,group_avg,4,0.0007397849954894,31.671298949130996,20,31.30894481404252,results/figure5_angle_psnr_grid/sigma25/val_images/tv
val_images,tv,25.0,20,100.0,group_avg,8,0.0007286506705713,31.74041923450858,20,31.37480631084253,results/figure5_angle_psnr_grid/sigma25/val_images/tv
val_images,tv,25.0,20,100.0,group_avg,16,0.000723276524102,31.78114324757746,20,31.40695630877422,results/figure5_angle_psnr_grid/sigma25/val_images/tv
val_images,tv,25.0,20,100.0,group_avg,32,0.000718052976849,31.81305698794144,20,31.4384351299383,results/figure5_angle_psnr_grid/sigma25/val_images/tv
val_images,tv,25.0,20,100.0,vanilla,0,0.00075257530605,31.55748093009551,20,31.234500361119927,results/figure5_angle_psnr_grid/sigma25/val_images/tv
val_images,tv,25.0,21,105.0,group_avg,4,0.0006416206568849,32.3294508534776,20,31.92721662450299,results/figure5_angle_psnr_grid/sigma25/val_images/tv
val_images,tv,25.0,21,105.0,group_avg,8,0.0006364057497703,32.353835592254256,20,31.96265905263301,results/figure5_angle_psnr_grid/sigma25/val_images/tv
val_images,tv,25.0,21,105.0,group_avg,16,0.0006269389612993,32.40949706336872,20,32.02774739968776,results/figure5_angle_psnr_grid/sigma25/val_images/tv
val_images,tv,25.0,21,105.0,group_avg,32,0.0006232860863339,32.43493035250582,20,32.053125677908795,results/figure5_angle_psnr_grid/sigma25/val_images/tv
val_images,tv,25.0,21,105.0,vanilla,0,0.0006459053978596,32.30060538903943,20,31.89831086023741,results/figure5_angle_psnr_grid/sigma25/val_images/tv
val_images,tv,25.0,22,110.0,group_avg,4,0.0005714824645747,32.821153713408606,20,32.42997090999681,results/figure5_angle_psnr_grid/sigma25/val_images/tv
val_images,tv,25.0,22,110.0,group_avg,8,0.0005639036927541,32.8892907724686,20,32.487950614012185,results/figure5_angle_psnr_grid/sigma25/val_images/tv
val_images,tv,25.0,22,110.0,group_avg,16,0.0005563998616141,32.936869651754755,20,32.54612986696163,results/figure5_angle_psnr_grid/sigma25/val_images/tv
val_images,tv,25.0,22,110.0,group_avg,32,0.0005539312841609,32.94546597236163,20,32.56544106680748,results/figure5_angle_psnr_grid/sigma25/val_images/tv
val_images,tv,25.0,22,110.0,vanilla,0,0.0005753959179624,32.78962319036286,20,32.40033223454823,results/figure5_angle_psnr_grid/sigma25/val_images/tv
val_images,tv,25.0,23,115.0,group_avg,4,0.0005070204860641,33.33925712197727,20,32.9497449272806,results/figure5_angle_psnr_grid/sigma25/val_images/tv
val_images,tv,25.0,23,115.0,group_avg,8,0.0005035102478802,33.36226475261856,20,32.979916858798546,results/figure5_angle_psnr_grid/sigma25/val_images/tv
val_images,tv,25.0,23,115.0,group_avg,16,0.0004961597617754,33.41973521332635,20,33.043784596274655,results/figure5_angle_psnr_grid/sigma25/val_images/tv
val_images,tv,25.0,23,115.0,group_avg,32,0.0004933346176763,33.441792573769675,20,33.06858408684753,results/figure5_angle_psnr_grid/sigma25/val_images/tv
val_images,tv,25.0,23,115.0,vanilla,0,0.0005104016218125,33.31180949001929,20,32.92087954304318,results/figure5_angle_psnr_grid/sigma25/val_images/tv
val_images,tv,25.0,24,120.0,group_avg,4,0.0004624625055604,33.74135646719441,20,33.349234721968976,results/figure5_angle_psnr_grid/sigma25/val_images/tv
val_images,tv,25.0,24,120.0,group_avg,8,0.0004549003864847,33.806192623802744,20,33.420836941919745,results/figure5_angle_psnr_grid/sigma25/val_images/tv
val_images,tv,25.0,24,120.0,group_avg,16,0.0004494412597885,33.854106462741754,20,33.47327060808814,results/figure5_angle_psnr_grid/sigma25/val_images/tv
val_images,tv,25.0,24,120.0,group_avg,32,0.0004481390963163,33.8650378013548,20,33.48587165942358,results/figure5_angle_psnr_grid/sigma25/val_images/tv
val_images,tv,25.0,24,120.0,vanilla,0,0.0004666628965676,33.70025804036216,20,33.309967276267265,results/figure5_angle_psnr_grid/sigma25/val_images/tv
val_images,tv,25.0,25,125.0,group_avg,4,0.0004231363834884,34.137857078176616,20,33.735196301428026,results/figure5_angle_psnr_grid/sigma25/val_images/tv
val_images,tv,25.0,25,125.0,group_avg,8,0.0004145746766295,34.22243621270208,20,33.823972293428056,results/figure5_angle_psnr_grid/sigma25/val_images/tv
val_images,tv,25.0,25,125.0,group_avg,16,0.000408484274189,34.272794727933174,20,33.888246582609895,results/figure5_angle_psnr_grid/sigma25/val_images/tv
val_images,tv,25.0,25,125.0,group_avg,32,0.0004067549214871,34.28833630552454,20,33.90667183660224,results/figure5_angle_psnr_grid/sigma25/val_images/tv
val_images,tv,25.0,25,125.0,vanilla,0,0.0004254065888621,34.11393422440046,20,33.71195787859931,results/figure5_angle_psnr_grid/sigma25/val_images/tv
val_images,tv,25.0,26,130.0,group_avg,4,0.0003886281920246,34.501345590956085,20,34.10465697826234,results/figure5_angle_psnr_grid/sigma25/val_images/tv
val_images,tv,25.0,26,130.0,group_avg,8,0.0003791999412112,34.60749450424632,20,34.21131738664245,results/figure5_angle_psnr_grid/sigma25/val_images/tv
val_images,tv,25.0,26,130.0,group_avg,16,0.000376139419163,34.62927698928189,20,34.246511504172574,results/figure5_angle_psnr_grid/sigma25/val_images/tv
val_images,tv,25.0,26,130.0,group_avg,32,0.00037330558175,34.6592065106583,20,34.27935516355144,results/figure5_angle_psnr_grid/sigma25/val_images/tv
val_images,tv,25.0,26,130.0,vanilla,0,0.0003930170823418,34.45677940330294,20,34.05588572765652,results/figure5_angle_psnr_grid/sigma25/val_images/tv
val_images,tv,25.0,27,135.0,group_avg,4,0.0003594941200256,34.84061948524598,20,34.44308208650513,results/figure5_angle_psnr_grid/sigma25/val_images/tv
val_images,tv,25.0,27,135.0,group_avg,8,0.0003437398193359,35.048278588893,20,34.637701556248054,results/figure5_angle_psnr_grid/sigma25/val_images/tv
val_images,tv,25.0,27,135.0,group_avg,16,0.0003447705230712,35.01983967759631,20,34.624698722403664,results/figure5_angle_psnr_grid/sigma25/val_images/tv
val_images,tv,25.0,27,135.0,group_avg,32,0.0003425873008728,35.03466651309349,20,34.65228739628198,results/figure5_angle_psnr_grid/sigma25/val_images/tv
val_images,tv,25.0,27,135.0,vanilla,0,0.0003616106300354,34.814436853964345,20,34.417588113331206,results/figure5_angle_psnr_grid/sigma25/val_images/tv
val_images,tv,25.0,28,140.0,group_avg,4,0.0003881297798095,34.507910321001575,20,34.110230341196186,results/figure5_angle_psnr_grid/sigma25/val_images/tv
val_images,tv,25.0,28,140.0,group_avg,8,0.0003753470081022,34.64359921482456,20,34.25567041552943,results/figure5_angle_psnr_grid/sigma25/val_images/tv
val_images,tv,25.0,28,140.0,group_avg,16,0.0003732313153432,34.66046386665338,20,34.28021924651705,results/figure5_angle_psnr_grid/sigma25/val_images/tv
val_images,tv,25.0,28,140.0,group_avg,32,0.000371683105814,34.67459173097639,20,34.29827178528882,results/figure5_angle_psnr_grid/sigma25/val_images/tv
val_images,tv,25.0,28,140.0,vanilla,0,0.0003898697159595,34.48792978699244,20,34.09080498339692,results/figure5_angle_psnr_grid/sigma25/val_images/tv
val_images,tv,25.0,29,145.0,group_avg,4,0.0004216592892903,34.15157470276669,20,33.750383275837606,results/figure5_angle_psnr_grid/sigma25/val_images/tv
val_images,tv,25.0,29,145.0,group_avg,8,0.000406100314116,34.29491237325702,20,33.913666745857455,results/figure5_angle_psnr_grid/sigma25/val_images/tv
val_images,tv,25.0,29,145.0,group_avg,16,0.0004052907484113,34.30332366842564,20,33.92233309803237,results/figure5_angle_psnr_grid/sigma25/val_images/tv
val_images,tv,25.0,29,145.0,group_avg,32,0.000404430647001,34.31112619074287,20,33.931559418072105,results/figure5_angle_psnr_grid/sigma25/val_images/tv
val_images,tv,25.0,29,145.0,vanilla,0,0.0004234610709989,34.13286422510869,20,33.73186508420456,results/figure5_angle_psnr_grid/sigma25/val_images/tv
val_images,tv,25.0,30,150.0,group_avg,4,0.0004595962431699,33.76792125111403,20,33.376235299777214,results/figure5_angle_psnr_grid/sigma25/val_images/tv
val_images,tv,25.0,30,150.0,group_avg,8,0.0004470755303105,33.87339070798678,20,33.49619099628558,results/figure5_angle_psnr_grid/sigma25/val_images/tv
val_images,tv,25.0,30,150.0,group_avg,16,0.0004465794134137,33.87891949665887,20,33.501013010740074,results/figure5_angle_psnr_grid/sigma25/val_images/tv
val_images,tv,25.0,30,150.0,group_avg,32,0.000445215156525,33.891528762075744,20,33.514300593347464,results/figure5_angle_psnr_grid/sigma25/val_images/tv
val_images,tv,25.0,30,150.0,vanilla,0,0.0004616038755405,33.747047421086386,20,33.35730553581091,results/figure5_angle_psnr_grid/sigma25/val_images/tv
val_images,tv,25.0,31,155.0,group_avg,4,0.0005179955323693,33.211957237320334,20,32.85673985960763,results/figure5_angle_psnr_grid/sigma25/val_images/tv
val_images,tv,25.0,31,155.0,group_avg,8,0.0004951878387145,33.42947567631511,20,33.05230029666447,results/figure5_angle_psnr_grid/sigma25/val_images/tv
val_images,tv,25.0,31,155.0,group_avg,16,0.0004906060909004,33.47247530972235,20,33.092670643073035,results/figure5_angle_psnr_grid/sigma25/val_images/tv
val_images,tv,25.0,31,155.0,group_avg,32,0.0004926760943426,33.45105450602853,20,33.07438510075346,results/figure5_angle_psnr_grid/sigma25/val_images/tv
val_images,tv,25.0,31,155.0,vanilla,0,0.0005186879524963,33.20431787705701,20,32.850938391957456,results/figure5_angle_psnr_grid/sigma25/val_images/tv
val_images,tv,25.0,32,160.0,group_avg,4,0.0005619695319373,32.88387613552417,20,32.50287229751537,results/figure5_angle_psnr_grid/sigma25/val_images/tv
val_images,tv,25.0,32,160.0,group_avg,8,0.0005541522887044,32.93724957963597,20,32.56370868745671,results/figure5_angle_psnr_grid/sigma25/val_images/tv
val_images,tv,25.0,32,160.0,group_avg,16,0.000553347779431,32.94663595173816,20,32.57001828525472,results/figure5_angle_psnr_grid/sigma25/val_images/tv
val_images,tv,25.0,32,160.0,group_avg,32,0.0005514781057132,32.96336563969901,20,32.58471724849643,results/figure5_angle_psnr_grid/sigma25/val_images/tv
val_images,tv,25.0,32,160.0,vanilla,0,0.0005626067519571,32.87706548150307,20,32.49795060083805,results/figure5_angle_psnr_grid/sigma25/val_images/tv
val_images,tv,25.0,33,165.0,group_avg,4,0.0006370144893515,32.349679507902266,20,31.958506892127676,results/figure5_angle_psnr_grid/sigma25/val_images/tv
val_images,tv,25.0,33,165.0,group_avg,8,0.0006339107900749,32.36520705722831,20,31.979718558473493,results/figure5_angle_psnr_grid/sigma25/val_images/tv
val_images,tv,25.0,33,165.0,group_avg,16,0.000628179930526,32.40153138349624,20,32.01915942819766,results/figure5_angle_psnr_grid/sigma25/val_images/tv
val_images,tv,25.0,33,165.0,group_avg,32,0.0006237525912076,32.42916764989235,20,32.049876372084746,results/figure5_angle_psnr_grid/sigma25/val_images/tv
val_images,tv,25.0,33,165.0,vanilla,0,0.0006387932807359,32.335908650145576,20,31.94639660715532,results/figure5_angle_psnr_grid/sigma25/val_images/tv
val_images,tv,25.0,34,170.0,group_avg,4,0.0007503725631576,31.57853731552347,20,31.24723054009448,results/figure5_angle_psnr_grid/sigma25/val_images/tv
val_images,tv,25.0,34,170.0,group_avg,8,0.0007353365280577,31.70724572695774,20,31.33513859786601,results/figure5_angle_psnr_grid/sigma25/val_images/tv
val_images,tv,25.0,34,170.0,group_avg,16,0.0007276082174088,31.761116741940377,20,31.381024047773785,results/figure5_angle_psnr_grid/sigma25/val_images/tv
val_images,tv,25.0,34,170.0,group_avg,32,0.0007204437111636,31.80121296058263,20,31.423999452955,results/figure5_angle_psnr_grid/sigma25/val_images/tv
val_images,tv,25.0,34,170.0,vanilla,0,0.0007515416825376,31.57071365860652,20,31.24046927260631,results/figure5_angle_psnr_grid/sigma25/val_images/tv
val_images,tv,25.0,35,175.0,group_avg,4,0.0008515991587191,31.101406852698165,20,30.697647762658868,results/figure5_angle_psnr_grid/sigma25/val_images/tv
val_images,tv,25.0,35,175.0,group_avg,8,0.0008502523079514,31.103533423398854,20,30.704521805311188,results/figure5_angle_psnr_grid/sigma25/val_images/tv
val_images,tv,25.0,35,175.0,group_avg,16,0.0008372957222163,31.15220758435721,20,30.77121127617184,results/figure5_angle_psnr_grid/sigma25/val_images/tv
val_images,tv,25.0,35,175.0,group_avg,32,0.0008371020630002,31.157421547111834,20,30.7722158777076,results/figure5_angle_psnr_grid/sigma25/val_images/tv
val_images,tv,25.0,35,175.0,vanilla,0,0.0008538508638739,31.08923695090921,20,30.686179778503806,results/figure5_angle_psnr_grid/sigma25/val_images/tv
val_images,wavelet,25.0,0,0.0,group_avg,4,0.0018692401443065,27.501276063408163,20,27.283349005218945,results/figure5_angle_psnr_grid/sigma25/val_images/wavelet
val_images,wavelet,25.0,0,0.0,group_avg,8,0.0016492612987827,28.02980862020579,20,27.827105319665197,results/figure5_angle_psnr_grid/sigma25/val_images/wavelet
val_images,wavelet,25.0,0,0.0,group_avg,16,0.0015246359608749,28.38909754000955,20,28.168338409444743,results/figure5_angle_psnr_grid/sigma25/val_images/wavelet
val_images,wavelet,25.0,0,0.0,group_avg,32,0.0014588249259855,28.58746182846533,20,28.359968247896283,results/figure5_angle_psnr_grid/sigma25/val_images/wavelet
val_images,wavelet,25.0,0,0.0,vanilla,0,0.0019183121184759,27.36847986294537,20,27.170807296451443,results/figure5_angle_psnr_grid/sigma25/val_images/wavelet
val_images,wavelet,25.0,1,5.0,group_avg,4,0.0017311336435377,27.76668557182488,20,27.61669403291236,results/figure5_angle_psnr_grid/sigma25/val_images/wavelet
val_images,wavelet,25.0,1,5.0,group_avg,8,0.0015383404046297,28.287381882576124,20,28.12947553029712,results/figure5_angle_psnr_grid/sigma25/val_images/wavelet
val_images,wavelet,25.0,1,5.0,group_avg,16,0.0014150614365935,28.667003878834983,20,28.492247043133,results/figure5_angle_psnr_grid/sigma25/val_images/wavelet
val_images,wavelet,25.0,1,5.0,group_avg,32,0.0013516960181295,28.878116317116454,20,28.691209655633763,results/figure5_angle_psnr_grid/sigma25/val_images/wavelet
val_images,wavelet,25.0,1,5.0,vanilla,0,0.001731133621186,27.766685606477683,20,27.61669408898681,results/figure5_angle_psnr_grid/sigma25/val_images/wavelet
val_images,wavelet,25.0,2,10.0,group_avg,4,0.0013822022157415,28.79340826470917,20,28.594284151700045,results/figure5_angle_psnr_grid/sigma25/val_images/wavelet
val_images,wavelet,25.0,2,10.0,group_avg,8,0.0013095912472637,29.016552128232227,20,28.82864236221163,results/figure5_angle_psnr_grid/sigma25/val_images/wavelet
val_images,wavelet,25.0,2,10.0,group_avg,16,0.0012750709467989,29.126937264768667,20,28.944656497821164,results/figure5_angle_psnr_grid/sigma25/val_images/wavelet
val_images,wavelet,25.0,2,10.0,group_avg,32,0.0012559223010794,29.191041216740825,20,29.01037227841033,results/figure5_angle_psnr_grid/sigma25/val_images/wavelet
val_images,wavelet,25.0,2,10.0,vanilla,0,0.0016674080688245,27.901517664023537,20,27.77958101221189,results/figure5_angle_psnr_grid/sigma25/val_images/wavelet
val_images,wavelet,25.0,3,15.0,group_avg,4,0.0015322065388224,28.304649921478983,20,28.1468268860354,results/figure5_angle_psnr_grid/sigma25/val_images/wavelet
val_images,wavelet,25.0,3,15.0,group_avg,8,0.0013456568108413,28.88681562056603,20,28.710656861462887,results/figure5_angle_psnr_grid/sigma25/val_images/wavelet
val_images,wavelet,25.0,3,15.0,group_avg,16,0.0012578587110587,29.193800987068528,20,29.00368138265621,results/figure5_angle_psnr_grid/sigma25/val_images/wavelet
val_images,wavelet,25.0,3,15.0,group_avg,32,0.0012169137485189,29.345609475054665,20,29.147402022709485,results/figure5_angle_psnr_grid/sigma25/val_images/wavelet
val_images,wavelet,25.0,3,15.0,vanilla,0,0.001585446153617,28.13667961855275,20,27.998485032957326,results/figure5_angle_psnr_grid/sigma25/val_images/wavelet
val_images,wavelet,25.0,4,20.0,group_avg,4,0.0014383566886683,28.626990393710663,20,28.42133402749012,results/figure5_angle_psnr_grid/sigma25/val_images/wavelet
val_images,wavelet,25.0,4,20.0,group_avg,8,0.0012776837782292,29.16196101505825,20,28.935766190754588,results/figure5_angle_psnr_grid/sigma25/val_images/wavelet
val_images,wavelet,25.0,4,20.0,group_avg,16,0.0011946338285059,29.471229674776666,20,29.227651914762205,results/figure5_angle_psnr_grid/sigma25/val_images/wavelet
val_images,wavelet,25.0,4,20.0,group_avg,32,0.0011579920806998,29.615768054415103,20,29.362944106604854,results/figure5_angle_psnr_grid/sigma25/val_images/wavelet
val_images,wavelet,25.0,4,20.0,vanilla,0,0.0014953777776492,28.427499311292188,20,28.25249077558543,results/figure5_angle_psnr_grid/sigma25/val_images/wavelet
val_images,wavelet,25.0,5,25.0,group_avg,4,0.0011360289969077,29.72378861416258,20,29.44610583205728,results/figure5_angle_psnr_grid/sigma25/val_images/wavelet
val_images,wavelet,25.0,5,25.0,group_avg,8,0.001093872767312,29.903674074546316,20,29.6103318958184,results/figure5_angle_psnr_grid/sigma25/val_images/wavelet
val_images,wavelet,25.0,5,25.0,group_avg,16,0.001068511132423,30.01591003974473,20,29.71220948722461,results/figure5_angle_psnr_grid/sigma25/val_images/wavelet
val_images,wavelet,25.0,5,25.0,group_avg,32,0.0010615952564499,30.047153216632363,20,29.74041030707117,results/figure5_angle_psnr_grid/sigma25/val_images/wavelet
val_images,wavelet,25.0,5,25.0,vanilla,0,0.0014121197412784,28.74171686818413,20,28.50128475542288,results/figure5_angle_psnr_grid/sigma25/val_images/wavelet
val_images,wavelet,25.0,6,30.0,group_avg,4,0.0010595728488883,30.03127768950324,20,29.748691788468943,results/figure5_angle_psnr_grid/sigma25/val_images/wavelet
val_images,wavelet,25.0,6,30.0,group_avg,8,0.0010200057085468,30.232408505197263,20,29.91397397666057,results/figure5_angle_psnr_grid/sigma25/val_images/wavelet
val_images,wavelet,25.0,6,30.0,group_avg,16,0.0009961724758219,30.343116399176058,20,30.01665461964972,results/figure5_angle_psnr_grid/sigma25/val_images/wavelet
val_images,wavelet,25.0,6,30.0,group_avg,32,0.0009882654641393,30.38067244885604,20,30.051263811966265,results/figure5_angle_psnr_grid/sigma25/val_images/wavelet
val_images,wavelet,25.0,6,30.0,vanilla,0,0.0013205001153074,29.050760803123296,20,28.79261556534006,results/figure5_angle_psnr_grid/sigma25/val_images/wavelet
val_images,wavelet,25.0,7,35.0,group_avg,4,0.0009781575518296,30.37406680764815,20,30.095911877692348,results/figure5_angle_psnr_grid/sigma25/val_images/wavelet
val_images,wavelet,25.0,7,35.0,group_avg,8,0.0009397921577295,30.59316047818486,20,30.26968183349045,results/figure5_angle_psnr_grid/sigma25/val_images/wavelet
val_images,wavelet,25.0,7,35.0,group_avg,16,0.0009273473695727,30.65842824397213,20,30.327575555749103,results/figure5_angle_psnr_grid/sigma25/val_images/wavelet
val_images,wavelet,25.0,7,35.0,group_avg,32,0.0009197422592484,30.697302346922196,20,30.36333858598593,results/figure5_angle_psnr_grid/sigma25/val_images/wavelet
val_images,wavelet,25.0,7,35.0,vanilla,0,0.0012142622619109,29.405531696497476,20,29.156875022231624,results/figure5_angle_psnr_grid/sigma25/val_images/wavelet
val_images,wavelet,25.0,8,40.0,group_avg,4,0.0009154319487008,30.648442238098017,20,30.383739347071117,results/figure5_angle_psnr_grid/sigma25/val_images/wavelet
val_images,wavelet,25.0,8,40.0,group_avg,8,0.0008717155025379,30.907939488199013,20,30.59625230477757,results/figure5_angle_psnr_grid/sigma25/val_images/wavelet
val_images,wavelet,25.0,8,40.0,group_avg,16,0.0008626809795096,30.965412753426023,20,30.64149777231677,results/figure5_angle_psnr_grid/sigma25/val_images/wavelet
val_images,wavelet,25.0,8,40.0,group_avg,32,0.0008560578240988,31.00291772596146,20,30.67496899062464,results/figure5_angle_psnr_grid/sigma25/val_images/wavelet
val_images,wavelet,25.0,8,40.0,vanilla,0,0.0011250500935385,29.73089287589958,20,29.4882813989661,results/figure5_angle_psnr_grid/sigma25/val_images/wavelet
val_images,wavelet,25.0,9,45.0,group_avg,4,0.0010582636535644,29.97186841396656,20,29.75406119613273,results/figure5_angle_psnr_grid/sigma25/val_images/wavelet
val_images,wavelet,25.0,9,45.0,group_avg,8,0.0008684575027465,30.898373256550947,20,30.612514285401076,results/figure5_angle_psnr_grid/sigma25/val_images/wavelet
val_images,wavelet,25.0,9,45.0,group_avg,16,0.0008349196243286,31.09036971867465,20,30.783553309723267,results/figure5_angle_psnr_grid/sigma25/val_images/wavelet
val_images,wavelet,25.0,9,45.0,group_avg,32,0.000813165737915,31.21380148202227,20,30.89820928297535,results/figure5_angle_psnr_grid/sigma25/val_images/wavelet
val_images,wavelet,25.0,9,45.0,vanilla,0,0.0010602140106201,29.96240246130779,20,29.74606460914346,results/figure5_angle_psnr_grid/sigma25/val_images/wavelet
val_images,wavelet,25.0,10,50.0,group_avg,4,0.0009142322484141,30.64864664929761,20,30.38943463574697,results/figure5_angle_psnr_grid/sigma25/val_images/wavelet
val_images,wavelet,25.0,10,50.0,group_avg,8,0.0008711484545932,30.908481566462346,20,30.59907829473569,results/figure5_angle_psnr_grid/sigma25/val_images/wavelet
val_images,wavelet,25.0,10,50.0,group_avg,16,0.0008624236649795,30.96508427269816,20,30.642793349158666,results/figure5_angle_psnr_grid/sigma25/val_images/wavelet
val_images,wavelet,25.0,10,50.0,group_avg,32,0.0008563641411845,30.99989755599491,20,30.6734152635158,results/figure5_angle_psnr_grid/sigma25/val_images/wavelet
val_images,wavelet,25.0,10,50.0,vanilla,0,0.0011240301808584,29.73427314846349,20,29.4922202755317,results/figure5_angle_psnr_grid/sigma25/val_images/wavelet
val_images,wavelet,25.0,11,55.0,group_avg,4,0.0009781060701726,30.372991081872232,20,30.09614045833259,results/figure5_angle_psnr_grid/sigma25/val_images/wavelet
val_images,wavelet,25.0,11,55.0,group_avg,8,0.0009409447017325,30.58710380216628,20,30.264358988236204,results/figure5_angle_psnr_grid/sigma25/val_images/wavelet
val_images,wavelet,25.0,11,55.0,group_avg,16,0.0009275575197752,30.65735612791766,20,30.32659149371753,results/figure5_angle_psnr_grid/sigma25/val_images/wavelet
val_images,wavelet,25.0,11,55.0,group_avg,32,0.0009193218421701,30.69845674629275,20,30.36532421356922,results/figure5_angle_psnr_grid/sigma25/val_images/wavelet
val_images,wavelet,25.0,11,55.0,vanilla,0,0.0012121066378221,29.41883610246605,20,29.16459170449871,results/figure5_angle_psnr_grid/sigma25/val_images/wavelet
val_images,wavelet,25.0,12,60.0,group_avg,4,0.0010583693034985,30.041987780635907,20,29.753627647337307,results/figure5_angle_psnr_grid/sigma25/val_images/wavelet
val_images,wavelet,25.0,12,60.0,group_avg,8,0.0010173044153198,30.24484653704142,20,29.92549070566757,results/figure5_angle_psnr_grid/sigma25/val_images/wavelet
val_images,wavelet,25.0,12,60.0,group_avg,16,0.0009958304315551,30.34518626651281,20,30.018146062644977,results/figure5_angle_psnr_grid/sigma25/val_images/wavelet
val_images,wavelet,25.0,12,60.0,group_avg,32,0.0009881619045136,30.38200912481452,20,30.05171892986984,results/figure5_angle_psnr_grid/sigma25/val_images/wavelet
val_images,wavelet,25.0,12,60.0,vanilla,0,0.0013148869140019,29.066854928664974,20,28.81111596783976,results/figure5_angle_psnr_grid/sigma25/val_images/wavelet
val_images,wavelet,25.0,13,65.0,group_avg,4,0.0011430877718365,29.70735727419888,20,29.419204210826138,results/figure5_angle_psnr_grid/sigma25/val_images/wavelet
val_images,wavelet,25.0,13,65.0,group_avg,8,0.0010974020549606,29.89485430983167,20,29.596342308929454,results/figure5_angle_psnr_grid/sigma25/val_images/wavelet
val_images,wavelet,25.0,13,65.0,group_avg,16,0.0010706685405174,30.010879113843703,20,29.703449580236526,results/figure5_angle_psnr_grid/sigma25/val_images/wavelet
val_images,wavelet,25.0,13,65.0,group_avg,32,0.0010621429469333,30.0461848702462,20,29.73817030442286,results/figure5_angle_psnr_grid/sigma25/val_images/wavelet
val_images,wavelet,25.0,13,65.0,vanilla,0,0.0014279635519397,28.70261530952302,20,28.452828775692662,results/figure5_angle_psnr_grid/sigma25/val_images/wavelet
val_images,wavelet,25.0,14,70.0,group_avg,4,0.0014381588741696,28.636036497591363,20,28.42193134562368,results/figure5_angle_psnr_grid/sigma25/val_images/wavelet
val_images,wavelet,25.0,14,70.0,group_avg,8,0.0012743684274797,29.173688077044183,20,28.947049967338888,results/figure5_angle_psnr_grid/sigma25/val_images/wavelet
val_images,wavelet,25.0,14,70.0,group_avg,16,0.0011949402604863,29.47382599245726,20,29.22653806171627,results/figure5_angle_psnr_grid/sigma25/val_images/wavelet
val_images,wavelet,25.0,14,70.0,group_avg,32,0.0011556002377953,29.625364148019266,20,29.371923774602283,results/figure5_angle_psnr_grid/sigma25/val_images/wavelet
val_images,wavelet,25.0,14,70.0,vanilla,0,0.0014974692901821,28.43469222220541,20,28.2464207527668,results/figure5_angle_psnr_grid/sigma25/val_images/wavelet
val_images,wavelet,25.0,15,75.0,group_avg,4,0.0015024143466991,28.38947885010252,20,28.232102779383776,results/figure5_angle_psnr_grid/sigma25/val_images/wavelet
val_images,wavelet,25.0,15,75.0,group_avg,8,0.0013493353632612,28.875462408939452,20,28.69880097538729,results/figure5_angle_psnr_grid/sigma25/val_images/wavelet
val_images,wavelet,25.0,15,75.0,group_avg,16,0.0012628482904984,29.18108236383127,20,28.9864881932336,results/figure5_angle_psnr_grid/sigma25/val_images/wavelet
val_images,wavelet,25.0,15,75.0,group_avg,32,0.00121757393357,29.34747890208815,20,29.145046580668293,results/figure5_angle_psnr_grid/sigma25/val_images/wavelet
val_images,wavelet,25.0,15,75.0,vanilla,0,0.0015616605771206,28.20096803697309,20,28.06413352982356,results/figure5_angle_psnr_grid/sigma25/val_images/wavelet
val_images,wavelet,25.0,16,80.0,group_avg,4,0.0013781164273873,28.804830046184613,20,28.607140903849206,results/figure5_angle_psnr_grid/sigma25/val_images/wavelet
val_images,wavelet,25.0,16,80.0,group_avg,8,0.0013122600065863,29.00959273563821,20,28.819801068519556,results/figure5_angle_psnr_grid/sigma25/val_images/wavelet
val_images,wavelet,25.0,16,80.0,group_avg,16,0.0012753016971234,29.126430867212832,20,28.943870623700864,results/figure5_angle_psnr_grid/sigma25/val_images/wavelet
val_images,wavelet,25.0,16,80.0,group_avg,32,0.0012565119999142,29.18861708865825,20,29.008333594616467,results/figure5_angle_psnr_grid/sigma25/val_images/wavelet
val_images,wavelet,25.0,16,80.0,vanilla,0,0.0016517099894487,27.94045611204445,20,27.820662046177663,results/figure5_angle_psnr_grid/sigma25/val_images/wavelet
val_images,wavelet,25.0,17,85.0,group_avg,4,0.0017219639159739,27.80657009300117,20,27.63975953496541,results/figure5_angle_psnr_grid/sigma25/val_images/wavelet
val_images,wavelet,25.0,17,85.0,group_avg,8,0.001531240157783,28.31285946317751,20,28.149566897586617,results/figure5_angle_psnr_grid/sigma25/val_images/wavelet
val_images,wavelet,25.0,17,85.0,group_avg,16,0.0014179438836872,28.657099263699884,20,28.48340956379478,results/figure5_angle_psnr_grid/sigma25/val_images/wavelet
val_images,wavelet,25.0,17,85.0,group_avg,32,0.0013549756743013,28.86411271275697,20,28.68068501550836,results/figure5_angle_psnr_grid/sigma25/val_images/wavelet
val_images,wavelet,25.0,17,85.0,vanilla,0,0.0017219638861715,27.80657017375865,20,27.6397596101295,results/figure5_angle_psnr_grid/sigma25/val_images/wavelet
val_images,wavelet,25.0,18,90.0,group_avg,4,0.0018692402105063,27.50127592035878,20,27.283348851412025,results/figure5_angle_psnr_grid/sigma25/val_images/wavelet
val_images,wavelet,25.0,18,90.0,group_avg,8,0.0016492612767161,28.029808680046838,20,27.827105377772437,results/figure5_angle_psnr_grid/sigma25/val_images/wavelet
val_images,wavelet,25.0,18,90.0,group_avg,16,0.001524636018248,28.38909734958283,20,28.16833824601657,results/figure5_angle_psnr_grid/sigma25/val_images/wavelet
val_images,wavelet,25.0,18,90.0,group_avg,32,0.0014588249259855,28.587461851098745,20,28.359968247896283,results/figure5_angle_psnr_grid/sigma25/val_images/wavelet
val_images,wavelet,25.0,18,90.0,vanilla,0,0.0019169984275813,27.37294937383693,20,27.17378243351985,results/figure5_angle_psnr_grid/sigma25/val_images/wavelet
val_images,wavelet,25.0,19,95.0,group_avg,4,0.0017311909645795,27.766550055417675,20,27.61655023234493,results/figure5_angle_psnr_grid/sigma25/val_images/wavelet
val_images,wavelet,25.0,19,95.0,group_avg,8,0.0015384012684226,28.28724380691436,20,28.129303706905915,results/figure5_angle_psnr_grid/sigma25/val_images/wavelet
val_images,wavelet,25.0,19,95.0,group_avg,16,0.0014150834791362,28.66701408419916,20,28.492179393207323,results/figure5_angle_psnr_grid/sigma25/val_images/wavelet
val_images,wavelet,25.0,19,95.0,group_avg,32,0.001351704146713,28.8780898137061,20,28.6911835389014,results/figure5_angle_psnr_grid/sigma25/val_images/wavelet
val_images,wavelet,25.0,19,95.0,vanilla,0,0.0017311909720301,27.76655003769965,20,27.616550213654065,results/figure5_angle_psnr_grid/sigma25/val_images/wavelet
val_images,wavelet,25.0,20,100.0,group_avg,4,0.0013821753614265,28.793493907897947,20,28.594368530049096,results/figure5_angle_psnr_grid/sigma25/val_images/wavelet
val_images,wavelet,25.0,20,100.0,group_avg,8,0.0013095291384476,29.016761863451045,20,28.828848336066383,results/figure5_angle_psnr_grid/sigma25/val_images/wavelet
val_images,wavelet,25.0,20,100.0,group_avg,16,0.0012751000029177,29.12680718770205,20,28.94455753259638,results/figure5_angle_psnr_grid/sigma25/val_images/wavelet
val_images,wavelet,25.0,20,100.0,group_avg,32,0.0012559202979828,29.191017572718987,20,29.010379205069054,results/figure5_angle_psnr_grid/sigma25/val_images/wavelet
val_images,wavelet,25.0,20,100.0,vanilla,0,0.0016522653568093,27.937680703559653,20,27.81920202933649,results/figure5_angle_psnr_grid/sigma25/val_images/wavelet
val_images,wavelet,25.0,21,105.0,group_avg,4,0.0015321847457272,28.304724949006413,20,28.14688865765727,results/figure5_angle_psnr_grid/sigma25/val_images/wavelet
val_images,wavelet,25.0,21,105.0,group_avg,8,0.001345683719922,28.886783466522026,20,28.71057001652348,results/figure5_angle_psnr_grid/sigma25/val_images/wavelet
val_images,wavelet,25.0,21,105.0,group_avg,16,0.0012579339656453,29.1935351776582,20,29.003421562743316,results/figure5_angle_psnr_grid/sigma25/val_images/wavelet
val_images,wavelet,25.0,21,105.0,group_avg,32,0.0012169745691158,29.34543180037712,20,29.147184970435944,results/figure5_angle_psnr_grid/sigma25/val_images/wavelet
val_images,wavelet,25.0,21,105.0,vanilla,0,0.0015835250676157,28.142758763902457,20,28.003750572424888,results/figure5_angle_psnr_grid/sigma25/val_images/wavelet
val_images,wavelet,25.0,22,110.0,group_avg,4,0.0014380341045034,28.62769330879353,20,28.42230814076892,results/figure5_angle_psnr_grid/sigma25/val_images/wavelet
val_images,wavelet,25.0,22,110.0,group_avg,8,0.0012777016898788,29.161823759753965,20,28.935705308115324,results/figure5_angle_psnr_grid/sigma25/val_images/wavelet
val_images,wavelet,25.0,22,110.0,group_avg,16,0.00119472567455,29.470917853551946,20,29.227318032564064,results/figure5_angle_psnr_grid/sigma25/val_images/wavelet
val_images,wavelet,25.0,22,110.0,group_avg,32,0.0011580945793713,29.61545727180363,20,29.36255971159737,results/figure5_angle_psnr_grid/sigma25/val_images/wavelet
val_images,wavelet,25.0,22,110.0,vanilla,0,0.001490331233652,28.444937742071957,20,28.26717196715181,results/figure5_angle_psnr_grid/sigma25/val_images/wavelet
val_images,wavelet,25.0,23,115.0,group_avg,4,0.0011359992583755,29.72391746267912,20,29.446219521492026,results/figure5_angle_psnr_grid/sigma25/val_images/wavelet
val_images,wavelet,25.0,23,115.0,group_avg,8,0.0010938620003664,29.903755247031235,20,29.610374643460084,results/figure5_angle_psnr_grid/sigma25/val_images/wavelet
val_images,wavelet,25.0,23,115.0,group_avg,16,0.0010684936701394,30.01597808125145,20,29.712280462950787,results/figure5_angle_psnr_grid/sigma25/val_images/wavelet
val_images,wavelet,25.0,23,115.0,group_avg,32,0.0010615673518963,30.047200385236568,20,29.740524465012754,results/figure5_angle_psnr_grid/sigma25/val_images/wavelet
val_images,wavelet,25.0,23,115.0,vanilla,0,0.0014189435848746,28.71394849402011,20,28.480348711138248,results/figure5_angle_psnr_grid/sigma25/val_images/wavelet
val_images,wavelet,25.0,24,120.0,group_avg,4,0.0010595681517995,30.03120627863585,20,29.748711040795897,results/figure5_angle_psnr_grid/sigma25/val_images/wavelet
val_images,wavelet,25.0,24,120.0,group_avg,8,0.0010200366622238,30.232271891603347,20,29.91384218517127,results/figure5_angle_psnr_grid/sigma25/val_images/wavelet
val_images,wavelet,25.0,24,120.0,group_avg,16,0.0009962037501599,30.342958537577005,20,30.016518277203843,results/figure5_angle_psnr_grid/sigma25/val_images/wavelet
val_images,wavelet,25.0,24,120.0,group_avg,32,0.0009882641715986,30.380635278290537,20,30.05126949205598,results/figure5_angle_psnr_grid/sigma25/val_images/wavelet
val_images,wavelet,25.0,24,120.0,vanilla,0,0.0013195773560699,29.049755437279224,20,28.79565145550336,results/figure5_angle_psnr_grid/sigma25/val_images/wavelet
val_images,wavelet,25.0,25,125.0,group_avg,4,0.0009782176332083,30.37381032404172,20,30.09564512915196,results/figure5_angle_psnr_grid/sigma25/val_images/wavelet
val_images,wavelet,25.0,25,125.0,group_avg,8,0.0009398218107044,30.593051835466603,20,30.269544804040823,results/figure5_angle_psnr_grid/sigma25/val_images/wavelet
val_images,wavelet,25.0,25,125.0,group_avg,16,0.0009273717183987,30.65836581249558,20,30.327461527044463,results/figure5_angle_psnr_grid/sigma25/val_images/wavelet
val_images,wavelet,25.0,25,125.0,group_avg,32,0.0009197755506361,30.69716135198531,20,30.363181389725867,results/figure5_angle_psnr_grid/sigma25/val_images/wavelet
val_images,wavelet,25.0,25,125.0,vanilla,0,0.0012078395531916,29.432847972554686,20,29.179907526283458,results/figure5_angle_psnr_grid/sigma25/val_images/wavelet
val_images,wavelet,25.0,26,130.0,group_avg,4,0.0009154258678991,30.64851961929668,20,30.383768195391067,results/figure5_angle_psnr_grid/sigma25/val_images/wavelet
val_images,wavelet,25.0,26,130.0,group_avg,8,0.0008717224671003,30.90788242145453,20,30.596217607001357,results/figure5_angle_psnr_grid/sigma25/val_images/wavelet
val_images,wavelet,25.0,26,130.0,group_avg,16,0.0008627209746305,30.96510744093307,20,30.641296431866756,results/figure5_angle_psnr_grid/sigma25/val_images/wavelet
val_images,wavelet,25.0,26,130.0,group_avg,32,0.0008560747260234,31.00272786662084,20,30.674883244780165,results/figure5_angle_psnr_grid/sigma25/val_images/wavelet
val_images,wavelet,25.0,26,130.0,vanilla,0,0.0011219594733358,29.740910932553486,20,29.50022830089211,results/figure5_angle_psnr_grid/sigma25/val_images/wavelet
val_images,wavelet,25.0,27,135.0,group_avg,4,0.0010583136383056,29.97162166264761,20,29.75385607159157,results/figure5_angle_psnr_grid/sigma25/val_images/wavelet
val_images,wavelet,25.0,27,135.0,group_avg,8,0.0008684733032226,30.898306292424557,20,30.612435271780644,results/figure5_angle_psnr_grid/sigma25/val_images/wavelet
val_images,wavelet,25.0,27,135.0,group_avg,16,0.0008349419677734,31.090286600533297,20,30.78343708889586,results/figure5_angle_psnr_grid/sigma25/val_images/wavelet
val_images,wavelet,25.0,27,135.0,group_avg,32,0.0008131977828979,31.213680317511397,20,30.89803814092655,results/figure5_angle_psnr_grid/sigma25/val_images/wavelet
val_images,wavelet,25.0,27,135.0,vanilla,0,0.0010601546661376,29.962851861807167,20,29.746307708200117,results/figure5_angle_psnr_grid/sigma25/val_images/wavelet
val_images,wavelet,25.0,28,140.0,group_avg,4,0.0009144187681013,30.64782349788289,20,30.388548687903864,results/figure5_angle_psnr_grid/sigma25/val_images/wavelet
val_images,wavelet,25.0,28,140.0,group_avg,8,0.0008712304877073,30.9081463150847,20,30.598669353512427,results/figure5_angle_psnr_grid/sigma25/val_images/wavelet
val_images,wavelet,25.0,28,140.0,group_avg,16,0.0008624343278169,30.965023344519373,20,30.642739654170907,results/figure5_angle_psnr_grid/sigma25/val_images/wavelet
val_images,wavelet,25.0,28,140.0,group_avg,32,0.0008563578641748,30.99995079407184,20,30.673447096710923,results/figure5_angle_psnr_grid/sigma25/val_images/wavelet
val_images,wavelet,25.0,28,140.0,vanilla,0,0.0011252496717802,29.721006170563545,20,29.487511050671632,results/figure5_angle_psnr_grid/sigma25/val_images/wavelet
val_images,wavelet,25.0,29,145.0,group_avg,4,0.0009782338777254,30.372501152413516,20,30.095573009765285,results/figure5_angle_psnr_grid/sigma25/val_images/wavelet
val_images,wavelet,25.0,29,145.0,group_avg,8,0.0009409253626798,30.58720589351111,20,30.26444824885056,results/figure5_angle_psnr_grid/sigma25/val_images/wavelet
val_images,wavelet,25.0,29,145.0,group_avg,16,0.0009275195435046,30.657506224428847,20,30.326769307190567,results/figure5_angle_psnr_grid/sigma25/val_images/wavelet
val_images,wavelet,25.0,29,145.0,group_avg,32,0.0009193194853689,30.698485915426524,20,30.365335347287875,results/figure5_angle_psnr_grid/sigma25/val_images/wavelet
val_images,wavelet,25.0,29,145.0,vanilla,0,0.0012130419953236,29.406238125140327,20,29.161241636662947,results/figure5_angle_psnr_grid/sigma25/val_images/wavelet
val_images,wavelet,25.0,30,150.0,group_avg,4,0.0010584084736171,30.04191958957612,20,29.753466918454645,results/figure5_angle_psnr_grid/sigma25/val_images/wavelet
val_images,wavelet,25.0,30,150.0,group_avg,8,0.0010172757122075,30.244948510059874,20,29.92561324302175,results/figure5_angle_psnr_grid/sigma25/val_images/wavelet
val_images,wavelet,25.0,30,150.0,group_avg,16,0.0009958014018437,30.34536645886422,20,30.018272666802023,results/figure5_angle_psnr_grid/sigma25/val_images/wavelet
val_images,wavelet,25.0,30,150.0,group_avg,32,0.0009881165290122,30.38218873147814,20,30.05191835854907,results/figure5_angle_psnr_grid/sigma25/val_images/wavelet
val_images,wavelet,25.0,30,150.0,vanilla,0,0.0013166472633495,29.063564827005525,20,28.805305592063487,results/figure5_angle_psnr_grid/sigma25/val_images/wavelet
val_images,wavelet,25.0,31,155.0,group_avg,4,0.0011430215796906,29.707733741339723,20,29.41945570259053,results/figure5_angle_psnr_grid/sigma25/val_images/wavelet
val_images,wavelet,25.0,31,155.0,group_avg,8,0.0010973151362249,29.89515447685909,20,29.596686301562958,results/figure5_angle_psnr_grid/sigma25/val_images/wavelet
val_images,wavelet,25.0,31,155.0,group_avg,16,0.0010706617749794,30.01093925817897,20,29.703477023324574,results/figure5_angle_psnr_grid/sigma25/val_images/wavelet
val_images,wavelet,25.0,31,155.0,group_avg,32,0.0010621572370482,30.046185695995383,20,29.73811187465746,results/figure5_angle_psnr_grid/sigma25/val_images/wavelet
val_images,wavelet,25.0,31,155.0,vanilla,0,0.0014217243657791,28.71723317272068,20,28.471845934967806,results/figure5_angle_psnr_grid/sigma25/val_images/wavelet
val_images,wavelet,25.0,32,160.0,group_avg,4,0.0014384398995722,28.63535002746672,20,28.421082789452896,results/figure5_angle_psnr_grid/sigma25/val_images/wavelet
val_images,wavelet,25.0,32,160.0,group_avg,8,0.0012745398303431,29.1733149819721,20,28.946465879483814,results/figure5_angle_psnr_grid/sigma25/val_images/wavelet
val_images,wavelet,25.0,32,160.0,group_avg,16,0.0011950485216517,29.47358829198003,20,29.226144610273103,results/figure5_angle_psnr_grid/sigma25/val_images/wavelet
val_images,wavelet,25.0,32,160.0,group_avg,32,0.001155629418868,29.62531019776436,20,29.37181410848739,results/figure5_angle_psnr_grid/sigma25/val_images/wavelet
val_images,wavelet,25.0,32,160.0,vanilla,0,0.0014964058213117,28.43421865191144,20,28.249506109799498,results/figure5_angle_psnr_grid/sigma25/val_images/wavelet
val_images,wavelet,25.0,33,165.0,group_avg,4,0.0015024523794259,28.38936742920536,20,28.231992841706774,results/figure5_angle_psnr_grid/sigma25/val_images/wavelet
val_images,wavelet,25.0,33,165.0,group_avg,8,0.0013493490142487,28.875382321125585,20,28.69875703880398,results/figure5_angle_psnr_grid/sigma25/val_images/wavelet
val_images,wavelet,25.0,33,165.0,group_avg,16,0.0012627181059431,29.181491535127797,20,28.98693592198181,results/figure5_angle_psnr_grid/sigma25/val_images/wavelet
val_images,wavelet,25.0,33,165.0,group_avg,32,0.0012175293916154,29.347637627850325,20,29.145205459553477,results/figure5_angle_psnr_grid/sigma25/val_images/wavelet
val_images,wavelet,25.0,33,165.0,vanilla,0,0.0015538670084962,28.224135092824596,20,28.085861540986897,results/figure5_angle_psnr_grid/sigma25/val_images/wavelet
val_images,wavelet,25.0,34,170.0,group_avg,4,0.0013780415211873,28.805055738269893,20,28.60737696687545,results/figure5_angle_psnr_grid/sigma25/val_images/wavelet
val_images,wavelet,25.0,34,170.0,group_avg,8,0.0013121246036624,29.010039715842804,20,28.82024920971404,results/figure5_angle_psnr_grid/sigma25/val_images/wavelet
val_images,wavelet,25.0,34,170.0,group_avg,16,0.0012752332681368,29.12661400259613,20,28.944103659763503,results/figure5_angle_psnr_grid/sigma25/val_images/wavelet
val_images,wavelet,25.0,34,170.0,group_avg,32,0.0012565117018534,29.18856821597401,20,29.008334624818872,results/figure5_angle_psnr_grid/sigma25/val_images/wavelet
val_images,wavelet,25.0,34,170.0,vanilla,0,0.0016564409063283,27.92427447080472,20,27.80824052998616,results/figure5_angle_psnr_grid/sigma25/val_images/wavelet
val_images,wavelet,25.0,35,175.0,group_avg,4,0.0017219892777502,27.80649772097501,20,27.639695570800388,results/figure5_angle_psnr_grid/sigma25/val_images/wavelet
val_images,wavelet,25.0,35,175.0,group_avg,8,0.0015312173105776,28.312878849067552,20,28.14963169793297,results/figure5_angle_psnr_grid/sigma25/val_images/wavelet
val_images,wavelet,25.0,35,175.0,group_avg,16,0.0014179741553962,28.656991818933363,20,28.48331684717899,results/figure5_angle_psnr_grid/sigma25/val_images/wavelet
val_images,wavelet,25.0,35,175.0,group_avg,32,0.0013550296463072,28.86388113211472,20,28.680512028805047,results/figure5_angle_psnr_grid/sigma25/val_images/wavelet
val_images,wavelet,25.0,35,175.0,vanilla,0,0.0017219893038272,27.80649764381177,20,27.639695505032783,results/figure5_angle_psnr_grid/sigma25/val_images/wavelet
val_images,nlm,50.0,0,0.0,group_avg,4,0.0020484435276418,27.24548772156757,20,26.88576004359898,results/figure5_angle_psnr_grid/sigma50/val_images/nlm
val_images,nlm,50.0,0,0.0,group_avg,8,0.002010947810963,27.336313349586067,20,26.965992002659465,results/figure5_angle_psnr_grid/sigma50/val_images/nlm
val_images,nlm,50.0,0,0.0,group_avg,16,0.002015159711441,27.324427392258684,20,26.956905281586923,results/figure5_angle_psnr_grid/sigma50/val_images/nlm
val_images,nlm,50.0,0,0.0,group_avg,32,0.0020173732518013,27.31812147242285,20,26.952137417471363,results/figure5_angle_psnr_grid/sigma50/val_images/nlm
val_images,nlm,50.0,0,0.0,vanilla,0,0.0020753060956583,27.18147013013145,20,26.8291783830068,results/figure5_angle_psnr_grid/sigma50/val_images/nlm
val_images,nlm,50.0,1,5.0,group_avg,4,0.0017462913691997,27.926725990477344,20,27.57883292429738,results/figure5_angle_psnr_grid/sigma50/val_images/nlm
val_images,nlm,50.0,1,5.0,group_avg,8,0.0017099283225834,28.03235976686692,20,27.670220941452275,results/figure5_angle_psnr_grid/sigma50/val_images/nlm
val_images,nlm,50.0,1,5.0,group_avg,16,0.0017088482230901,28.035678812303612,20,27.67296508842516,results/figure5_angle_psnr_grid/sigma50/val_images/nlm
val_images,nlm,50.0,1,5.0,group_avg,32,0.001708527855575,28.03652562155929,20,27.673779361371345,results/figure5_angle_psnr_grid/sigma50/val_images/nlm
val_images,nlm,50.0,1,5.0,vanilla,0,0.0017692583166062,27.862448362955888,20,27.52208754265744,results/figure5_angle_psnr_grid/sigma50/val_images/nlm
val_images,nlm,50.0,2,10.0,group_avg,4,0.00149816593586,28.595057783401792,20,28.244400818052423,results/figure5_angle_psnr_grid/sigma50/val_images/nlm
val_images,nlm,50.0,2,10.0,group_avg,8,0.0014727816919247,28.67977561820053,20,28.3186162316337,results/figure5_angle_psnr_grid/sigma50/val_images/nlm
val_images,nlm,50.0,2,10.0,group_avg,16,0.0014705808976447,28.687304981104525,20,28.3251107966808,results/figure5_angle_psnr_grid/sigma50/val_images/nlm
val_images,nlm,50.0,2,10.0,group_avg,32,0.001469208808487,28.69258730645489,20,28.32916476551989,results/figure5_angle_psnr_grid/sigma50/val_images/nlm
val_images,nlm,50.0,2,10.0,vanilla,0,0.0015177743323233,28.530805885377465,20,28.18792795971699,results/figure5_angle_psnr_grid/sigma50/val_images/nlm
val_images,nlm,50.0,3,15.0,group_avg,4,0.0012986187374095,29.21816928208504,20,28.86518335103441,results/figure5_angle_psnr_grid/sigma50/val_images/nlm
val_images,nlm,50.0,3,15.0,group_avg,8,0.0012822185151327,29.28040883510512,20,28.920379562294293,results/figure5_angle_psnr_grid/sigma50/val_images/nlm
val_images,nlm,50.0,3,15.0,group_avg,16,0.0012790057013033,29.293280016477716,20,28.93127519603404,results/figure5_angle_psnr_grid/sigma50/val_images/nlm
val_images,nlm,50.0,3,15.0,group_avg,32,0.0012778812767903,29.298030555054943,20,28.935094929928784,results/figure5_angle_psnr_grid/sigma50/val_images/nlm
val_images,nlm,50.0,3,15.0,vanilla,0,0.0013160098753679,29.152754036680665,20,28.80740851754209,results/figure5_angle_psnr_grid/sigma50/val_images/nlm
val_images,nlm,50.0,4,20.0,group_avg,4,0.0011390406167167,29.79191301983312,20,29.434607892646795,results/figure5_angle_psnr_grid/sigma50/val_images/nlm
val_images,nlm,50.0,4,20.0,group_avg,8,0.0011305831726942,29.826754570010785,20,29.46697482753862,results/figure5_angle_psnr_grid/sigma50/val_images/nlm
val_images,nlm,50.0,4,20.0,group_avg,16,0.0011261581327125,29.8474709618489,20,29.48400622501921,results/figure5_angle_psnr_grid/sigma50/val_images/nlm
val_images,nlm,50.0,4,20.0,group_avg,32,0.0011262836297553,29.846902464187377,20,29.483522282001054,results/figure5_angle_psnr_grid/sigma50/val_images/nlm
val_images,nlm,50.0,4,20.0,vanilla,0,0.0011544114979587,29.725803344082248,20,29.37639356312383,results/figure5_angle_psnr_grid/sigma50/val_images/nlm
val_images,nlm,50.0,5,25.0,group_avg,4,0.0010118798894955,30.310084899605663,20,29.948710353470894,results/figure5_angle_psnr_grid/sigma50/val_images/nlm
val_images,nlm,50.0,5,25.0,group_avg,8,0.0010095943025361,30.318601970962856,20,29.958531089558235,results/figure5_angle_psnr_grid/sigma50/val_images/nlm
val_images,nlm,50.0,5,25.0,group_avg,16,0.0010055284950006,30.339865310596856,20,29.97605617711512,results/figure5_angle_psnr_grid/sigma50/val_images/nlm
val_images,nlm,50.0,5,25.0,group_avg,32,0.0010056003580011,30.339418993637867,20,29.975745807100203,results/figure5_angle_psnr_grid/sigma50/val_images/nlm
val_images,nlm,50.0,5,25.0,vanilla,0,0.0010257340616097,30.242888119168903,20,29.88965222602545,results/figure5_angle_psnr_grid/sigma50/val_images/nlm
val_images,nlm,50.0,6,30.0,group_avg,4,0.0009080764781829,30.783552416063053,20,30.418775736659452,results/figure5_angle_psnr_grid/sigma50/val_images/nlm
val_images,nlm,50.0,6,30.0,group_avg,8,0.0009104660375188,30.76718139862128,20,30.40736249751808,results/figure5_angle_psnr_grid/sigma50/val_images/nlm
val_images,nlm,50.0,6,30.0,group_avg,16,0.0009080947123096,30.78096530427557,20,30.418688531437542,results/figure5_angle_psnr_grid/sigma50/val_images/nlm
val_images,nlm,50.0,6,30.0,group_avg,32,0.0009073742287599,30.78544242477915,20,30.4221355972538,results/figure5_angle_psnr_grid/sigma50/val_images/nlm
val_images,nlm,50.0,6,30.0,vanilla,0,0.0009207930119443,30.715111921290717,20,30.358379853008472,results/figure5_angle_psnr_grid/sigma50/val_images/nlm
val_images,nlm,50.0,7,35.0,group_avg,4,0.0008195059060546,31.23272566362057,20,30.864479121877952,results/figure5_angle_psnr_grid/sigma50/val_images/nlm
val_images,nlm,50.0,7,35.0,group_avg,8,0.0008246894650574,31.19831783448524,20,30.837095532683897,results/figure5_angle_psnr_grid/sigma50/val_images/nlm
val_images,nlm,50.0,7,35.0,group_avg,16,0.0008232691001236,31.20762694348854,20,30.84458184719232,results/figure5_angle_psnr_grid/sigma50/val_images/nlm
val_images,nlm,50.0,7,35.0,group_avg,32,0.0008224092015454,31.2134245422406,20,30.84912039207216,results/figure5_angle_psnr_grid/sigma50/val_images/nlm
val_images,nlm,50.0,7,35.0,vanilla,0,0.0008311273915685,31.163157950782868,20,30.803324043566423,results/figure5_angle_psnr_grid/sigma50/val_images/nlm
val_images,nlm,50.0,8,40.0,group_avg,4,0.0007497757755832,31.622003279020483,20,31.25068595256777,results/figure5_angle_psnr_grid/sigma50/val_images/nlm
val_images,nlm,50.0,8,40.0,group_avg,8,0.0007567360016352,31.572516578833586,20,31.21055604026865,results/figure5_angle_psnr_grid/sigma50/val_images/nlm
val_images,nlm,50.0,8,40.0,group_avg,16,0.0007561100038799,31.57711661103408,20,31.214150158709742,results/figure5_angle_psnr_grid/sigma50/val_images/nlm
val_images,nlm,50.0,8,40.0,group_avg,32,0.0007559242723226,31.57853975165472,20,31.215217094719154,results/figure5_angle_psnr_grid/sigma50/val_images/nlm
val_images,nlm,50.0,8,40.0,vanilla,0,0.0007602752507871,31.552756685493573,20,31.19029146855772,results/figure5_angle_psnr_grid/sigma50/val_images/nlm
val_images,nlm,50.0,9,45.0,group_avg,4,0.000692667123413,31.966607743339303,20,31.594754251235507,results/figure5_angle_psnr_grid/sigma50/val_images/nlm
val_images,nlm,50.0,9,45.0,group_avg,8,0.0006966519851684,31.93864087089848,20,31.56984120992595,results/figure5_angle_psnr_grid/sigma50/val_images/nlm
val_images,nlm,50.0,9,45.0,group_avg,16,0.0006980246582031,31.92743498366584,20,31.561292353533453,results/figure5_angle_psnr_grid/sigma50/val_images/nlm
val_images,nlm,50.0,9,45.0,group_avg,32,0.0006986515518188,31.922312943715887,20,31.55739371970009,results/figure5_angle_psnr_grid/sigma50/val_images/nlm
val_images,nlm,50.0,9,45.0,vanilla,0,0.0007027173751831,31.89405321145525,20,31.532193080924174,results/figure5_angle_psnr_grid/sigma50/val_images/nlm
val_images,nlm,50.0,10,50.0,group_avg,4,0.0007500305954677,31.619827447898157,20,31.24921020379214,results/figure5_angle_psnr_grid/sigma50/val_images/nlm
val_images,nlm,50.0,10,50.0,group_avg,8,0.000756445808237,31.57554024964253,20,31.212221793746146,results/figure5_angle_psnr_grid/sigma50/val_images/nlm
val_images,nlm,50.0,10,50.0,group_avg,16,0.0007559804175119,31.57865032986399,20,31.21489454071096,results/figure5_angle_psnr_grid/sigma50/val_images/nlm
val_images,nlm,50.0,10,50.0,group_avg,32,0.0007558422375597,31.57949445827512,20,31.21568842735745,results/figure5_angle_psnr_grid/sigma50/val_images/nlm
val_images,nlm,50.0,10,50.0,vanilla,0,0.0007604910384543,31.550359460906897,20,31.18905899260916,results/figure5_angle_psnr_grid/sigma50/val_images/nlm
val_images,nlm,50.0,11,55.0,group_avg,4,0.0008200667906392,31.22776967086525,20,30.8615077490309,results/figure5_angle_psnr_grid/sigma50/val_images/nlm
val_images,nlm,50.0,11,55.0,group_avg,8,0.0008242397037398,31.20186655722471,20,30.83946469282665,results/figure5_angle_psnr_grid/sigma50/val_images/nlm
val_images,nlm,50.0,11,55.0,group_avg,16,0.0008231458356506,31.20849472209244,20,30.84523214596412,results/figure5_angle_psnr_grid/sigma50/val_images/nlm
val_images,nlm,50.0,11,55.0,group_avg,32,0.0008224408343769,31.213193965141272,20,30.84895334992381,results/figure5_angle_psnr_grid/sigma50/val_images/nlm
val_images,nlm,50.0,11,55.0,vanilla,0,0.0008311407210474,31.16089450485457,20,30.803254392718912,results/figure5_angle_psnr_grid/sigma50/val_images/nlm
val_images,nlm,50.0,12,60.0,group_avg,4,0.0009086726640539,30.77818227803497,20,30.415925367973887,results/figure5_angle_psnr_grid/sigma50/val_images/nlm
val_images,nlm,50.0,12,60.0,group_avg,8,0.0009098757205347,30.77169699102268,20,30.410179236920115,results/figure5_angle_psnr_grid/sigma50/val_images/nlm
val_images,nlm,50.0,12,60.0,group_avg,16,0.0009079128381788,30.78251252616108,20,30.41955842794911,results/figure5_angle_psnr_grid/sigma50/val_images/nlm
val_images,nlm,50.0,12,60.0,group_avg,32,0.0009073517943709,30.785802323680297,20,30.422242975791605,results/figure5_angle_psnr_grid/sigma50/val_images/nlm
val_images,nlm,50.0,12,60.0,vanilla,0,0.0009205362773414,30.71350067843081,20,30.359590917457872,results/figure5_angle_psnr_grid/sigma50/val_images/nlm
val_images,nlm,50.0,13,65.0,group_avg,4,0.0010122400139936,30.30456380717872,20,29.94716498964452,results/figure5_angle_psnr_grid/sigma50/val_images/nlm
val_images,nlm,50.0,13,65.0,group_avg,8,0.0010084387227599,30.324682054220037,20,29.96350486321548,results/figure5_angle_psnr_grid/sigma50/val_images/nlm
val_images,nlm,50.0,13,65.0,group_avg,16,0.0010049318223731,30.342745903334556,20,29.97863401100702,results/figure5_angle_psnr_grid/sigma50/val_images/nlm
val_images,nlm,50.0,13,65.0,group_avg,32,0.0010052941143003,30.34071908947012,20,29.977068601033316,results/figure5_angle_psnr_grid/sigma50/val_images/nlm
val_images,nlm,50.0,13,65.0,vanilla,0,0.0010248676998079,30.24242786769613,20,29.8933219407338,results/figure5_angle_psnr_grid/sigma50/val_images/nlm
val_images,nlm,50.0,14,70.0,group_avg,4,0.0011395774329589,29.786327888195217,20,29.43256159676902,results/figure5_angle_psnr_grid/sigma50/val_images/nlm
val_images,nlm,50.0,14,70.0,group_avg,8,0.0011295420632832,29.832467453120607,20,29.470975916478544,results/figure5_angle_psnr_grid/sigma50/val_images/nlm
val_images,nlm,50.0,14,70.0,group_avg,16,0.0011257578888053,29.84985201421417,20,29.485550010138173,results/figure5_angle_psnr_grid/sigma50/val_images/nlm
val_images,nlm,50.0,14,70.0,group_avg,32,0.0011261282955264,29.84788170297932,20,29.484121291425627,results/figure5_angle_psnr_grid/sigma50/val_images/nlm
val_images,nlm,50.0,14,70.0,vanilla,0,0.0011533412025603,29.726587021513488,20,29.380421927330712,results/figure5_angle_psnr_grid/sigma50/val_images/nlm
val_images,nlm,50.0,15,75.0,group_avg,4,0.0012989888048415,29.21335123314276,20,28.863945918187937,results/figure5_angle_psnr_grid/sigma50/val_images/nlm
val_images,nlm,50.0,15,75.0,group_avg,8,0.0012806582537944,29.28669280333483,20,28.92566747142443,results/figure5_angle_psnr_grid/sigma50/val_images/nlm
val_images,nlm,50.0,15,75.0,group_avg,16,0.0012780269096157,29.297124006705065,20,28.93460001753065,results/figure5_angle_psnr_grid/sigma50/val_images/nlm
val_images,nlm,50.0,15,75.0,group_avg,32,0.0012773424152739,29.300063873851105,20,28.93692666456164,results/figure5_angle_psnr_grid/sigma50/val_images/nlm
val_images,nlm,50.0,15,75.0,vanilla,0,0.0013141243281897,29.15580589254109,20,28.813635445993327,results/figure5_angle_psnr_grid/sigma50/val_images/nlm
val_images,nlm,50.0,16,80.0,group_avg,4,0.0014983776263193,28.59197183063552,20,28.243787204423537,results/figure5_angle_psnr_grid/sigma50/val_images/nlm
val_images,nlm,50.0,16,80.0,group_avg,8,0.0014713370810534,28.685151455753303,20,28.322878196782835,results/figure5_angle_psnr_grid/sigma50/val_images/nlm
val_images,nlm,50.0,16,80.0,group_avg,16,0.0014695709875916,28.69109226588416,20,28.328094305000352,results/figure5_angle_psnr_grid/sigma50/val_images/nlm
val_images,nlm,50.0,16,80.0,group_avg,32,0.0014685048882737,28.69504312044461,20,28.331246034845385,results/figure5_angle_psnr_grid/sigma50/val_images/nlm
val_images,nlm,50.0,16,80.0,vanilla,0,0.0015155821914208,28.53544039957011,20,28.194205064671888,results/figure5_angle_psnr_grid/sigma50/val_images/nlm
val_images,nlm,50.0,17,85.0,group_avg,4,0.0017467703334987,27.923545671762746,20,27.57764192584916,results/figure5_angle_psnr_grid/sigma50/val_images/nlm
val_images,nlm,50.0,17,85.0,group_avg,8,0.0017090773917734,28.034953061739905,20,27.6723827077303,results/figure5_angle_psnr_grid/sigma50/val_images/nlm
val_images,nlm,50.0,17,85.0,group_avg,16,0.001708361621946,28.037012419308716,20,27.67420193487458,results/figure5_angle_psnr_grid/sigma50/val_images/nlm
val_images,nlm,50.0,17,85.0,group_avg,32,0.0017082833088934,28.037266665335427,20,27.67440102449216,results/figure5_angle_psnr_grid/sigma50/val_images/nlm
val_images,nlm,50.0,17,85.0,vanilla,0,0.0017667624019086,27.867363834359526,20,27.528218514429376,results/figure5_angle_psnr_grid/sigma50/val_images/nlm
val_images,nlm,50.0,18,90.0,group_avg,4,0.0020484435541217,27.245487631945764,20,26.885759987458396,results/figure5_angle_psnr_grid/sigma50/val_images/nlm
val_images,nlm,50.0,18,90.0,group_avg,8,0.0020109478462696,27.3363132709111,20,26.965991926409632,results/figure5_angle_psnr_grid/sigma50/val_images/nlm
val_images,nlm,50.0,18,90.0,group_avg,16,0.0020151597820541,27.324427295288235,20,26.956905129405992,results/figure5_angle_psnr_grid/sigma50/val_images/nlm
val_images,nlm,50.0,18,90.0,group_avg,32,0.0020173732871078,27.31812140060853,20,26.95213734146439,results/figure5_angle_psnr_grid/sigma50/val_images/nlm
val_images,nlm,50.0,18,90.0,vanilla,0,0.002072180758975,27.18862471558908,20,26.83572363211864,results/figure5_angle_psnr_grid/sigma50/val_images/nlm
val_images,nlm,50.0,19,95.0,group_avg,4,0.0017461906038224,27.92703801718629,20,27.579083530300046,results/figure5_angle_psnr_grid/sigma50/val_images/nlm
val_images,nlm,50.0,19,95.0,group_avg,8,0.0017099316567182,28.03243142070581,20,27.670212473290647,results/figure5_angle_psnr_grid/sigma50/val_images/nlm
val_images,nlm,50.0,19,95.0,group_avg,16,0.0017088468894362,28.03574378119503,20,27.6729684778354,results/figure5_angle_psnr_grid/sigma50/val_images/nlm
val_images,nlm,50.0,19,95.0,group_avg,32,0.001708518911153,28.03662749015969,20,27.67380209745538,results/figure5_angle_psnr_grid/sigma50/val_images/nlm
val_images,nlm,50.0,19,95.0,vanilla,0,0.0017656684666872,27.87226773115495,20,27.530908390399148,results/figure5_angle_psnr_grid/sigma50/val_images/nlm
val_images,nlm,50.0,20,100.0,group_avg,4,0.00149819455931,28.59522648654632,20,28.24431784401524,results/figure5_angle_psnr_grid/sigma50/val_images/nlm
val_images,nlm,50.0,20,100.0,group_avg,8,0.0014728020626165,28.679920397278156,20,28.31855616286809,results/figure5_angle_psnr_grid/sigma50/val_images/nlm
val_images,nlm,50.0,20,100.0,group_avg,16,0.001470584480784,28.68749070189991,20,28.32510021490505,results/figure5_angle_psnr_grid/sigma50/val_images/nlm
val_images,nlm,50.0,20,100.0,group_avg,32,0.0014691546319337,28.69287596689913,20,28.329324913021257,results/figure5_angle_psnr_grid/sigma50/val_images/nlm
val_images,nlm,50.0,20,100.0,vanilla,0,0.001514780151521,28.5408266722836,20,28.196503941647364,results/figure5_angle_psnr_grid/sigma50/val_images/nlm
val_images,nlm,50.0,21,105.0,group_avg,4,0.0012985312250776,29.218815145155418,20,28.86547602664723,results/figure5_angle_psnr_grid/sigma50/val_images/nlm
val_images,nlm,50.0,21,105.0,group_avg,8,0.0012822186349516,29.28070981826187,20,28.920379156461312,results/figure5_angle_psnr_grid/sigma50/val_images/nlm
val_images,nlm,50.0,21,105.0,group_avg,16,0.0012789860649471,29.293591265385817,20,28.93134187303631,results/figure5_angle_psnr_grid/sigma50/val_images/nlm
val_images,nlm,50.0,21,105.0,group_avg,32,0.0012778756146538,29.298305942213595,20,28.93511417303159,results/figure5_angle_psnr_grid/sigma50/val_images/nlm
val_images,nlm,50.0,21,105.0,vanilla,0,0.0013127565822782,29.164900921956765,20,28.81815795444293,results/figure5_angle_psnr_grid/sigma50/val_images/nlm
val_images,nlm,50.0,22,110.0,group_avg,4,0.0011391491187027,29.791362440315982,20,29.43419421495243,results/figure5_angle_psnr_grid/sigma50/val_images/nlm
val_images,nlm,50.0,22,110.0,group_avg,8,0.0011307942741032,29.825845725373483,20,29.466163992731246,results/figure5_angle_psnr_grid/sigma50/val_images/nlm
val_images,nlm,50.0,22,110.0,group_avg,16,0.0011263178238292,29.846847858696567,20,29.48339043180132,results/figure5_angle_psnr_grid/sigma50/val_images/nlm
val_images,nlm,50.0,22,110.0,group_avg,32,0.0011263987027046,29.84642018311944,20,29.483078583870924,results/figure5_angle_psnr_grid/sigma50/val_images/nlm
val_images,nlm,50.0,22,110.0,vanilla,0,0.0011521006445105,29.73537102490967,20,29.38509580421177,results/figure5_angle_psnr_grid/sigma50/val_images/nlm
val_images,nlm,50.0,23,115.0,group_avg,4,0.0010117576732545,30.3101568551548,20,29.94923493198357,results/figure5_angle_psnr_grid/sigma50/val_images/nlm
val_images,nlm,50.0,23,115.0,group_avg,8,0.0010094499118275,30.31884043324864,20,29.959152255629352,results/figure5_angle_psnr_grid/sigma50/val_images/nlm
val_images,nlm,50.0,23,115.0,group_avg,16,0.0010054661309558,30.33988693398385,20,29.97632553994868,results/figure5_angle_psnr_grid/sigma50/val_images/nlm
val_images,nlm,50.0,23,115.0,group_avg,32,0.00100556006093,30.339362300856997,20,29.97591984389488,results/figure5_angle_psnr_grid/sigma50/val_images/nlm
val_images,nlm,50.0,23,115.0,vanilla,0,0.001023489730392,30.25262761533378,20,29.89916510653087,results/figure5_angle_psnr_grid/sigma50/val_images/nlm
val_images,nlm,50.0,24,120.0,group_avg,4,0.0009081513525108,30.783613434906226,20,30.418417659254064,results/figure5_angle_psnr_grid/sigma50/val_images/nlm
val_images,nlm,50.0,24,120.0,group_avg,8,0.0009105708817676,30.76700550647134,20,30.40686241673125,results/figure5_angle_psnr_grid/sigma50/val_images/nlm
val_images,nlm,50.0,24,120.0,group_avg,16,0.0009081574609037,30.78093227613653,20,30.418388447907585,results/figure5_angle_psnr_grid/sigma50/val_images/nlm
val_images,nlm,50.0,24,120.0,group_avg,32,0.0009073990760234,30.7854662506796,20,30.42201667298464,results/figure5_angle_psnr_grid/sigma50/val_images/nlm
val_images,nlm,50.0,24,120.0,vanilla,0,0.000918997063295,30.72385582534077,20,30.36685876423256,results/figure5_angle_psnr_grid/sigma50/val_images/nlm
val_images,nlm,50.0,25,125.0,group_avg,4,0.0008195349271986,31.23319337423744,20,30.86432532799517,results/figure5_angle_psnr_grid/sigma50/val_images/nlm
val_images,nlm,50.0,25,125.0,group_avg,8,0.0008247587672189,31.19825796001829,20,30.83673059190225,results/figure5_angle_psnr_grid/sigma50/val_images/nlm
val_images,nlm,50.0,25,125.0,group_avg,16,0.00082327179079,31.207639589025035,20,30.844567653295417,results/figure5_angle_psnr_grid/sigma50/val_images/nlm
val_images,nlm,50.0,25,125.0,group_avg,32,0.0008223961233628,31.21348845033232,20,30.84918945535177,results/figure5_angle_psnr_grid/sigma50/val_images/nlm
val_images,nlm,50.0,25,125.0,vanilla,0,0.0008295487565735,31.17171541194616,20,30.811580833122115,results/figure5_angle_psnr_grid/sigma50/val_images/nlm
val_images,nlm,50.0,26,130.0,group_avg,4,0.0007498779159034,31.621855900184773,20,31.250094362952623,results/figure5_angle_psnr_grid/sigma50/val_images/nlm
val_images,nlm,50.0,26,130.0,group_avg,8,0.0007568960447734,31.5718311491495,20,31.20963764200699,results/figure5_angle_psnr_grid/sigma50/val_images/nlm
val_images,nlm,50.0,26,130.0,group_avg,16,0.0007562148086728,31.576731427874517,20,31.213548222631648,results/figure5_angle_psnr_grid/sigma50/val_images/nlm
val_images,nlm,50.0,26,130.0,group_avg,32,0.0007559874595682,31.57847168779427,20,31.214854085800955,results/figure5_angle_psnr_grid/sigma50/val_images/nlm
val_images,nlm,50.0,26,130.0,vanilla,0,0.0007593068419034,31.55895917879861,20,31.195826867972517,results/figure5_angle_psnr_grid/sigma50/val_images/nlm
val_images,nlm,50.0,27,135.0,group_avg,4,0.0006925564971923,31.96764708571045,20,31.595447920569363,results/figure5_angle_psnr_grid/sigma50/val_images/nlm
val_images,nlm,50.0,27,135.0,group_avg,8,0.0006965440277099,31.939667252418747,20,31.57051427140712,results/figure5_angle_psnr_grid/sigma50/val_images/nlm
val_images,nlm,50.0,27,135.0,group_avg,16,0.0006979510787963,31.92817804819608,20,31.561750171381007,results/figure5_angle_psnr_grid/sigma50/val_images/nlm
val_images,nlm,50.0,27,135.0,group_avg,32,0.0006986047775268,31.922875830354013,20,31.55768448691994,results/figure5_angle_psnr_grid/sigma50/val_images/nlm
val_images,nlm,50.0,27,135.0,vanilla,0,0.0007027034362792,31.89200913328458,20,31.53227922720803,results/figure5_angle_psnr_grid/sigma50/val_images/nlm
val_images,nlm,50.0,28,140.0,group_avg,4,0.0007501215964452,31.619163597981167,20,31.248683307619544,results/figure5_angle_psnr_grid/sigma50/val_images/nlm
val_images,nlm,50.0,28,140.0,group_avg,8,0.0007564831916469,31.5752430255034,20,31.212007171531056,results/figure5_angle_psnr_grid/sigma50/val_images/nlm
val_images,nlm,50.0,28,140.0,group_avg,16,0.0007560339410974,31.578212491246887,20,31.214587070114405,results/figure5_angle_psnr_grid/sigma50/val_images/nlm
val_images,nlm,50.0,28,140.0,group_avg,32,0.0007558550966086,31.579296058873886,20,31.21561454201247,results/figure5_angle_psnr_grid/sigma50/val_images/nlm
val_images,nlm,50.0,28,140.0,vanilla,0,0.0007610000994919,31.544868146740733,20,31.18615286450456,results/figure5_angle_psnr_grid/sigma50/val_images/nlm
val_images,nlm,50.0,29,145.0,group_avg,4,0.0008200717878476,31.22792415400813,20,30.86148128468153,results/figure5_angle_psnr_grid/sigma50/val_images/nlm
val_images,nlm,50.0,29,145.0,group_avg,8,0.0008242028618929,31.202170997418698,20,30.839658818010424,results/figure5_angle_psnr_grid/sigma50/val_images/nlm
val_images,nlm,50.0,29,145.0,group_avg,16,0.00082309181231,31.20883081792864,20,30.84551718426025,results/figure5_angle_psnr_grid/sigma50/val_images/nlm
val_images,nlm,50.0,29,145.0,group_avg,32,0.000822393463211,31.213477532496064,20,30.849203503218877,results/figure5_angle_psnr_grid/sigma50/val_images/nlm
val_images,nlm,50.0,29,145.0,vanilla,0,0.0008319019839946,31.15512950912497,20,30.799278399567108,results/figure5_angle_psnr_grid/sigma50/val_images/nlm
val_images,nlm,50.0,30,150.0,group_avg,4,0.000908611215918,30.778599763560088,20,30.41621906547082,results/figure5_angle_psnr_grid/sigma50/val_images/nlm
val_images,nlm,50.0,30,150.0,group_avg,8,0.0009098158420539,30.772059227272727,20,30.41046505342155,results/figure5_angle_psnr_grid/sigma50/val_images/nlm
val_images,nlm,50.0,30,150.0,group_avg,16,0.0009077595444383,30.78335966516213,20,30.4202917609714,results/figure5_angle_psnr_grid/sigma50/val_images/nlm
val_images,nlm,50.0,30,150.0,group_avg,32,0.0009071975683384,30.78665973214432,20,30.422981225369497,results/figure5_angle_psnr_grid/sigma50/val_images/nlm
val_images,nlm,50.0,30,150.0,vanilla,0,0.0009215150216025,30.70814978349182,20,30.35497580959353,results/figure5_angle_psnr_grid/sigma50/val_images/nlm
val_images,nlm,50.0,31,155.0,group_avg,4,0.0010123074456106,30.30450270304862,20,29.946875688654742,results/figure5_angle_psnr_grid/sigma50/val_images/nlm
val_images,nlm,50.0,31,155.0,group_avg,8,0.0010084574881335,30.32475757309101,20,29.963424048960988,results/figure5_angle_psnr_grid/sigma50/val_images/nlm
val_images,nlm,50.0,31,155.0,group_avg,16,0.0010049070175942,30.343046087009785,20,29.97874120943893,results/figure5_angle_psnr_grid/sigma50/val_images/nlm
val_images,nlm,50.0,31,155.0,group_avg,32,0.0010052645775936,30.34102591112416,20,29.97719620366241,results/figure5_angle_psnr_grid/sigma50/val_images/nlm
val_images,nlm,50.0,31,155.0,vanilla,0,0.0010260849416275,30.23822824584745,20,29.888166858585294,results/figure5_angle_psnr_grid/sigma50/val_images/nlm
val_images,nlm,50.0,32,160.0,group_avg,4,0.0011397189470317,29.78571712337696,20,29.43202231823052,results/figure5_angle_psnr_grid/sigma50/val_images/nlm
val_images,nlm,50.0,32,160.0,group_avg,8,0.001129523716682,29.832535505523545,20,29.471046457387256,results/figure5_angle_psnr_grid/sigma50/val_images/nlm
val_images,nlm,50.0,32,160.0,group_avg,16,0.0011257508386581,29.84992854359387,20,29.48557720825625,results/figure5_angle_psnr_grid/sigma50/val_images/nlm
val_images,nlm,50.0,32,160.0,group_avg,32,0.0011261157875972,29.847998516061075,20,29.484169528867596,results/figure5_angle_psnr_grid/sigma50/val_images/nlm
val_images,nlm,50.0,32,160.0,vanilla,0,0.0011551123818641,29.721067723379985,20,29.37375760837508,results/figure5_angle_psnr_grid/sigma50/val_images/nlm
val_images,nlm,50.0,33,165.0,group_avg,4,0.0012990519939503,29.21312460639121,20,28.86373466144964,results/figure5_angle_psnr_grid/sigma50/val_images/nlm
val_images,nlm,50.0,33,165.0,group_avg,8,0.0012807538023475,29.28645163415418,20,28.925343461007603,results/figure5_angle_psnr_grid/sigma50/val_images/nlm
val_images,nlm,50.0,33,165.0,group_avg,16,0.0012781419356954,29.296811251469137,20,28.934209157655964,results/figure5_angle_psnr_grid/sigma50/val_images/nlm
val_images,nlm,50.0,33,165.0,group_avg,32,0.0012774275089372,29.299827143654245,20,28.93663735703463,results/figure5_angle_psnr_grid/sigma50/val_images/nlm
val_images,nlm,50.0,33,165.0,vanilla,0,0.0013161245141262,29.15083285106504,20,28.807030216339832,results/figure5_angle_psnr_grid/sigma50/val_images/nlm
val_images,nlm,50.0,34,170.0,group_avg,4,0.0014986134821365,28.591280652644524,20,28.243103646305023,results/figure5_angle_psnr_grid/sigma50/val_images/nlm
val_images,nlm,50.0,34,170.0,group_avg,8,0.0014714921688087,28.68469700898139,20,28.322420448468822,results/figure5_angle_psnr_grid/sigma50/val_images/nlm
val_images,nlm,50.0,34,170.0,group_avg,16,0.0014697732522792,28.690494119297465,20,28.32749660408012,results/figure5_angle_psnr_grid/sigma50/val_images/nlm
val_images,nlm,50.0,34,170.0,group_avg,32,0.0014686751578991,28.694518146890424,20,28.33074250998367,results/figure5_angle_psnr_grid/sigma50/val_images/nlm
val_images,nlm,50.0,34,170.0,vanilla,0,0.001518424031114,28.528502437725887,20,28.186069315648197,results/figure5_angle_psnr_grid/sigma50/val_images/nlm
val_images,nlm,50.0,35,175.0,group_avg,4,0.0017469083704054,27.92322716528169,20,27.57729874221953,results/figure5_angle_psnr_grid/sigma50/val_images/nlm
val_images,nlm,50.0,35,175.0,group_avg,8,0.0017090966142714,28.034941112925868,20,27.67233386162259,results/figure5_angle_psnr_grid/sigma50/val_images/nlm
val_images,nlm,50.0,35,175.0,group_avg,16,0.0017083612643182,28.037072080712345,20,27.67420284402533,results/figure5_angle_psnr_grid/sigma50/val_images/nlm
val_images,nlm,50.0,35,175.0,group_avg,32,0.0017082503587007,28.037428919869672,20,27.67448479411515,results/figure5_angle_psnr_grid/sigma50/val_images/nlm
val_images,nlm,50.0,35,175.0,vanilla,0,0.0017699134163558,27.860994428800986,20,27.520479786769627,results/figure5_angle_psnr_grid/sigma50/val_images/nlm
val_images,restormer,50.0,0,0.0,group_avg,4,0.0021025754570315,26.934378020231584,20,26.77248409330581,results/figure5_angle_psnr_grid/sigma50/val_images/restormer
val_images,restormer,50.0,0,0.0,group_avg,8,0.0031719949995827,25.072598765768483,20,24.986675059872603,results/figure5_angle_psnr_grid/sigma50/val_images/restormer
val_images,restormer,50.0,0,0.0,group_avg,16,0.0044079452360005,23.62123926168158,20,23.55763809766639,results/figure5_angle_psnr_grid/sigma50/val_images/restormer
val_images,restormer,50.0,0,0.0,group_avg,32,0.0051851632092054,22.90895277282904,20,22.85237569122237,results/figure5_angle_psnr_grid/sigma50/val_images/restormer
val_images,restormer,50.0,0,0.0,vanilla,0,0.0029417194460193,25.408623498239677,20,25.31398748622628,results/figure5_angle_psnr_grid/sigma50/val_images/restormer
val_images,restormer,50.0,1,5.0,group_avg,4,0.0050456131100654,23.049840170954106,20,22.97086053581708,results/figure5_angle_psnr_grid/sigma50/val_images/restormer
val_images,restormer,50.0,1,5.0,group_avg,8,0.0052099931389093,22.88927258549589,20,22.83162848626728,results/figure5_angle_psnr_grid/sigma50/val_images/restormer
val_images,restormer,50.0,1,5.0,group_avg,16,0.0053129344582557,22.80455979098717,20,22.746655416271395,results/figure5_angle_psnr_grid/sigma50/val_images/restormer
val_images,restormer,50.0,1,5.0,group_avg,32,0.0052834141105413,22.825761004717855,20,22.770853482616285,results/figure5_angle_psnr_grid/sigma50/val_images/restormer
val_images,restormer,50.0,1,5.0,vanilla,0,0.0055319460630416,22.662651733751453,20,22.57122062951296,results/figure5_angle_psnr_grid/sigma50/val_images/restormer
val_images,restormer,50.0,2,10.0,group_avg,4,0.0045386448559503,23.516352829113856,20,23.43073799000998,results/figure5_angle_psnr_grid/sigma50/val_images/restormer
val_images,restormer,50.0,2,10.0,group_avg,8,0.0045830860903122,23.46074104910805,20,23.388419847372365,results/figure5_angle_psnr_grid/sigma50/val_images/restormer
val_images,restormer,50.0,2,10.0,group_avg,16,0.004721642445927,23.32755892077588,20,23.25906903669889,results/figure5_angle_psnr_grid/sigma50/val_images/restormer
val_images,restormer,50.0,2,10.0,group_avg,32,0.0046686342396022,23.37211462831832,20,23.30810149188641,results/figure5_angle_psnr_grid/sigma50/val_images/restormer
val_images,restormer,50.0,2,10.0,vanilla,0,0.0051311611919887,22.971218819326783,20,22.897843420603294,results/figure5_angle_psnr_grid/sigma50/val_images/restormer
val_images,restormer,50.0,3,15.0,group_avg,4,0.0043346196488797,23.72445349129514,20,23.630490046790584,results/figure5_angle_psnr_grid/sigma50/val_images/restormer
val_images,restormer,50.0,3,15.0,group_avg,8,0.0041359416552056,23.91654750653699,20,23.834255963650204,results/figure5_angle_psnr_grid/sigma50/val_images/restormer
val_images,restormer,50.0,3,15.0,group_avg,16,0.004185330576928,23.86257307692144,20,23.78270233712368,results/figure5_angle_psnr_grid/sigma50/val_images/restormer
val_images,restormer,50.0,3,15.0,group_avg,32,0.0041125970677444,23.93952573287674,20,23.85883838467307,results/figure5_angle_psnr_grid/sigma50/val_images/restormer
val_images,restormer,50.0,3,15.0,vanilla,0,0.0049373073313164,23.14191940518284,20,23.06509838520661,results/figure5_angle_psnr_grid/sigma50/val_images/restormer
val_images,restormer,50.0,4,20.0,group_avg,4,0.0038934968661689,24.223904999751912,20,24.09660170526349,results/figure5_angle_psnr_grid/sigma50/val_images/restormer
val_images,restormer,50.0,4,20.0,group_avg,8,0.0036514700369832,24.476311703450293,20,24.37532258715869,results/figure5_angle_psnr_grid/sigma50/val_images/restormer
val_images,restormer,50.0,4,20.0,group_avg,16,0.0036488385161059,24.46751768198264,20,24.378453564533675,results/figure5_angle_psnr_grid/sigma50/val_images/restormer
val_images,restormer,50.0,4,20.0,group_avg,32,0.0035989820083287,24.526308189694056,20,24.43820324423242,results/figure5_angle_psnr_grid/sigma50/val_images/restormer
val_images,restormer,50.0,4,20.0,vanilla,0,0.0045366897392317,23.518525072545845,20,23.432609207884354,results/figure5_angle_psnr_grid/sigma50/val_images/restormer
val_images,restormer,50.0,5,25.0,group_avg,4,0.0036349871141474,24.51849295378141,20,24.394971243550287,results/figure5_angle_psnr_grid/sigma50/val_images/restormer
val_images,restormer,50.0,5,25.0,group_avg,8,0.0033680858855238,24.81664019210009,20,24.726168426078097,results/figure5_angle_psnr_grid/sigma50/val_images/restormer
val_images,restormer,50.0,5,25.0,group_avg,16,0.0033477175445457,24.83814121376132,20,24.75251191664429,results/figure5_angle_psnr_grid/sigma50/val_images/restormer
val_images,restormer,50.0,5,25.0,group_avg,32,0.0032750875987468,24.93376190160615,20,24.847770794451417,results/figure5_angle_psnr_grid/sigma50/val_images/restormer
val_images,restormer,50.0,5,25.0,vanilla,0,0.0042924947836104,23.76256779034272,20,23.6729022393654,results/figure5_angle_psnr_grid/sigma50/val_images/restormer
val_images,restormer,50.0,6,30.0,group_avg,4,0.0034280626811232,24.747506083709325,20,24.649512457286924,results/figure5_angle_psnr_grid/sigma50/val_images/restormer
val_images,restormer,50.0,6,30.0,group_avg,8,0.003142778637686,25.106739548307864,20,25.02686207533823,results/figure5_angle_psnr_grid/sigma50/val_images/restormer
val_images,restormer,50.0,6,30.0,group_avg,16,0.003107925517888,25.157346628098285,20,25.075293977082545,results/figure5_angle_psnr_grid/sigma50/val_images/restormer
val_images,restormer,50.0,6,30.0,group_avg,32,0.0030430763096531,25.247520443656253,20,25.166871569268384,results/figure5_angle_psnr_grid/sigma50/val_images/restormer
val_images,restormer,50.0,6,30.0,vanilla,0,0.0041836003139688,23.849531844377207,20,23.784498130817987,results/figure5_angle_psnr_grid/sigma50/val_images/restormer
val_images,restormer,50.0,7,35.0,group_avg,4,0.003369388403248,24.81019765806691,20,24.72448923223477,results/figure5_angle_psnr_grid/sigma50/val_images/restormer
val_images,restormer,50.0,7,35.0,group_avg,8,0.003031109792693,25.265374446006003,20,25.183983323565013,results/figure5_angle_psnr_grid/sigma50/val_images/restormer
val_images,restormer,50.0,7,35.0,group_avg,16,0.0029597690716952,25.36822309274576,20,25.287421723197244,results/figure5_angle_psnr_grid/sigma50/val_images/restormer
val_images,restormer,50.0,7,35.0,group_avg,32,0.0028885974875327,25.469910543461296,20,25.393129708322505,results/figure5_angle_psnr_grid/sigma50/val_images/restormer
val_images,restormer,50.0,7,35.0,vanilla,0,0.0040223091303513,24.02319760259141,20,23.955245552095157,results/figure5_angle_psnr_grid/sigma50/val_images/restormer
val_images,restormer,50.0,8,40.0,group_avg,4,0.0033196005449689,24.863277758508243,20,24.789141727878324,results/figure5_angle_psnr_grid/sigma50/val_images/restormer
val_images,restormer,50.0,8,40.0,group_avg,8,0.0029722041420012,25.34645171907037,20,25.269213649316708,results/figure5_angle_psnr_grid/sigma50/val_images/restormer
val_images,restormer,50.0,8,40.0,group_avg,16,0.0028352953676091,25.54563404872353,20,25.47401691677277,results/figure5_angle_psnr_grid/sigma50/val_images/restormer
val_images,restormer,50.0,8,40.0,group_avg,32,0.0027563837163271,25.6653317876362,20,25.596603243973707,results/figure5_angle_psnr_grid/sigma50/val_images/restormer
val_images,restormer,50.0,8,40.0,vanilla,0,0.0038070229114138,24.251829401715064,20,24.194145095080227,results/figure5_angle_psnr_grid/sigma50/val_images/restormer
val_images,restormer,50.0,9,45.0,group_avg,4,0.0033501088378906,24.84236941480085,20,24.74941083432558,results/figure5_angle_psnr_grid/sigma50/val_images/restormer
val_images,restormer,50.0,9,45.0,group_avg,8,0.0028160821838378,25.58616814811541,20,25.503546750034765,results/figure5_angle_psnr_grid/sigma50/val_images/restormer
val_images,restormer,50.0,9,45.0,group_avg,16,0.0026831497131347,25.78749855741638,20,25.713550940912747,results/figure5_angle_psnr_grid/sigma50/val_images/restormer
val_images,restormer,50.0,9,45.0,group_avg,32,0.0026273401916503,25.87667874307538,20,25.80483690521454,results/figure5_angle_psnr_grid/sigma50/val_images/restormer
val_images,restormer,50.0,9,45.0,vanilla,0,0.0040595885253906,23.967347455334032,20,23.915179837155268,results/figure5_angle_psnr_grid/sigma50/val_images/restormer
val_images,restormer,50.0,10,50.0,group_avg,4,0.0036222004010287,24.48041048196987,20,24.41027525680342,results/figure5_angle_psnr_grid/sigma50/val_images/restormer
val_images,restormer,50.0,10,50.0,group_avg,8,0.0030178637142685,25.2690789614299,20,25.203003767133744,results/figure5_angle_psnr_grid/sigma50/val_images/restormer
val_images,restormer,50.0,10,50.0,group_avg,16,0.0028553396354547,25.507233658977214,20,25.443422261113003,results/figure5_angle_psnr_grid/sigma50/val_images/restormer
val_images,restormer,50.0,10,50.0,group_avg,32,0.0027819160065942,25.6185904198298,20,25.5565598664566,results/figure5_angle_psnr_grid/sigma50/val_images/restormer
val_images,restormer,50.0,10,50.0,vanilla,0,0.0042480302682119,23.748388032480765,20,23.718123974655224,results/figure5_angle_psnr_grid/sigma50/val_images/restormer
val_images,restormer,50.0,11,55.0,group_avg,4,0.0039442722506641,24.12916624254807,20,24.040331158199656,results/figure5_angle_psnr_grid/sigma50/val_images/restormer
val_images,restormer,50.0,11,55.0,group_avg,8,0.0032472399950075,24.961968810398677,20,24.88485612619533,results/figure5_angle_psnr_grid/sigma50/val_images/restormer
val_images,restormer,50.0,11,55.0,group_avg,16,0.0030430419631232,25.239415602277084,20,25.166920587403453,results/figure5_angle_psnr_grid/sigma50/val_images/restormer
val_images,restormer,50.0,11,55.0,group_avg,32,0.0029342781538721,25.395887739869185,20,25.32498719747684,results/figure5_angle_psnr_grid/sigma50/val_images/restormer
val_images,restormer,50.0,11,55.0,vanilla,0,0.0044385584363023,23.58909135566245,20,23.527580579969158,results/figure5_angle_psnr_grid/sigma50/val_images/restormer
val_images,restormer,50.0,12,60.0,group_avg,4,0.0042583967331356,23.791589767632296,20,23.707538800077828,results/figure5_angle_psnr_grid/sigma50/val_images/restormer
val_images,restormer,50.0,12,60.0,group_avg,8,0.0034865950985836,24.65072679383512,20,24.57598484703473,results/figure5_angle_psnr_grid/sigma50/val_images/restormer
val_images,restormer,50.0,12,60.0,group_avg,16,0.0032468435854263,24.960506811541947,20,24.885386327236866,results/figure5_angle_psnr_grid/sigma50/val_images/restormer
val_images,restormer,50.0,12,60.0,group_avg,32,0.0030911078653897,25.176904690067868,20,25.09885839800425,results/figure5_angle_psnr_grid/sigma50/val_images/restormer
val_images,restormer,50.0,12,60.0,vanilla,0,0.0046886108644831,23.35687155898733,20,23.28955810430399,results/figure5_angle_psnr_grid/sigma50/val_images/restormer
val_images,restormer,50.0,13,65.0,group_avg,4,0.0045564550214594,23.49543648459598,20,23.41372912459152,results/figure5_angle_psnr_grid/sigma50/val_images/restormer
val_images,restormer,50.0,13,65.0,group_avg,8,0.0037519451983517,24.336052842140106,20,24.2574351363712,results/figure5_angle_psnr_grid/sigma50/val_images/restormer
val_images,restormer,50.0,13,65.0,group_avg,16,0.0035033025158532,24.632834860754247,20,24.55522359030268,results/figure5_angle_psnr_grid/sigma50/val_images/restormer
val_images,restormer,50.0,13,65.0,group_avg,32,0.0033433355556028,24.840117669194846,20,24.758200330295345,results/figure5_angle_psnr_grid/sigma50/val_images/restormer
val_images,restormer,50.0,13,65.0,vanilla,0,0.0049585567080564,23.111027528533093,20,23.046447156351363,results/figure5_angle_psnr_grid/sigma50/val_images/restormer
val_images,restormer,50.0,14,70.0,group_avg,4,0.0047454233308887,23.31900796108912,20,23.23725038859811,results/figure5_angle_psnr_grid/sigma50/val_images/restormer
val_images,restormer,50.0,14,70.0,group_avg,8,0.0040618524047879,23.998622334975742,20,23.912758615690045,results/figure5_angle_psnr_grid/sigma50/val_images/restormer
val_images,restormer,50.0,14,70.0,group_avg,16,0.003834856872708,24.247039679238867,20,24.162508404641763,results/figure5_angle_psnr_grid/sigma50/val_images/restormer
val_images,restormer,50.0,14,70.0,group_avg,32,0.0037069482421717,24.396726286411344,20,24.309834777136565,results/figure5_angle_psnr_grid/sigma50/val_images/restormer
val_images,restormer,50.0,14,70.0,vanilla,0,0.0052631742746792,22.8587131931051,20,22.78752249348401,results/figure5_angle_psnr_grid/sigma50/val_images/restormer
val_images,restormer,50.0,15,75.0,group_avg,4,0.0048386635957972,23.239899910840663,20,23.15274570817084,results/figure5_angle_psnr_grid/sigma50/val_images/restormer
val_images,restormer,50.0,15,75.0,group_avg,8,0.0044059779276544,23.640542522705992,20,23.55957682837061,results/figure5_angle_psnr_grid/sigma50/val_images/restormer
val_images,restormer,50.0,15,75.0,group_avg,16,0.0043104569272806,23.728987118018253,20,23.654766902851023,results/figure5_angle_psnr_grid/sigma50/val_images/restormer
val_images,restormer,50.0,15,75.0,group_avg,32,0.0041836537040002,23.864469815862044,20,23.784442707626656,results/figure5_angle_psnr_grid/sigma50/val_images/restormer
val_images,restormer,50.0,15,75.0,vanilla,0,0.0052535951445797,22.86513254609485,20,22.795433980991724,results/figure5_angle_psnr_grid/sigma50/val_images/restormer
val_images,restormer,50.0,16,80.0,group_avg,4,0.0048768619376304,23.209137311951757,20,23.11859538969427,results/figure5_angle_psnr_grid/sigma50/val_images/restormer
val_images,restormer,50.0,16,80.0,group_avg,8,0.0047733819260864,23.286329591226767,20,23.21173815632505,results/figure5_angle_psnr_grid/sigma50/val_images/restormer
val_images,restormer,50.0,16,80.0,group_avg,16,0.004779598461232,23.268887133889923,20,23.20608587361973,results/figure5_angle_psnr_grid/sigma50/val_images/restormer
val_images,restormer,50.0,16,80.0,group_avg,32,0.0046716745493167,23.370058583121214,20,23.30527419825242,results/figure5_angle_psnr_grid/sigma50/val_images/restormer
val_images,restormer,50.0,16,80.0,vanilla,0,0.0052939675420654,22.82636537363456,20,22.762187257368044,results/figure5_angle_psnr_grid/sigma50/val_images/restormer
val_images,restormer,50.0,17,85.0,group_avg,4,0.0051346556544303,22.973711897119905,20,22.89488676194296,results/figure5_angle_psnr_grid/sigma50/val_images/restormer
val_images,restormer,50.0,17,85.0,group_avg,8,0.0052193617224693,22.88599522743598,20,22.823826037713527,results/figure5_angle_psnr_grid/sigma50/val_images/restormer
val_images,restormer,50.0,17,85.0,group_avg,16,0.0052924964278936,22.819678537793404,20,22.76339426430252,results/figure5_angle_psnr_grid/sigma50/val_images/restormer
val_images,restormer,50.0,17,85.0,group_avg,32,0.0052304504960775,22.873819234796397,20,22.81460903955896,results/figure5_angle_psnr_grid/sigma50/val_images/restormer
val_images,restormer,50.0,17,85.0,vanilla,0,0.0054852299541234,22.67068474567359,20,22.60805161031194,results/figure5_angle_psnr_grid/sigma50/val_images/restormer
val_images,restormer,50.0,18,90.0,group_avg,4,0.0021025752672587,26.934378443862347,20,26.77248448528825,results/figure5_angle_psnr_grid/sigma50/val_images/restormer
val_images,restormer,50.0,18,90.0,group_avg,8,0.0031719948142233,25.072598962840853,20,24.986675313657948,results/figure5_angle_psnr_grid/sigma50/val_images/restormer
val_images,restormer,50.0,18,90.0,group_avg,16,0.0044079454654932,23.62123903027238,20,23.557637871557905,results/figure5_angle_psnr_grid/sigma50/val_images/restormer
val_images,restormer,50.0,18,90.0,group_avg,32,0.0051851632268586,22.90895276160481,20,22.852375676436488,results/figure5_angle_psnr_grid/sigma50/val_images/restormer
val_images,restormer,50.0,18,90.0,vanilla,0,0.0029488605773069,25.393371182632457,20,25.303457604891044,results/figure5_angle_psnr_grid/sigma50/val_images/restormer
val_images,restormer,50.0,19,95.0,group_avg,4,0.0049739475548267,23.109200041443128,20,23.032987982316293,results/figure5_angle_psnr_grid/sigma50/val_images/restormer
val_images,restormer,50.0,19,95.0,group_avg,8,0.0051538369059562,22.93606770657248,20,22.87869328890263,results/figure5_angle_psnr_grid/sigma50/val_images/restormer
val_images,restormer,50.0,19,95.0,group_avg,16,0.0052797153443098,22.8329472767866,20,22.773894918086185,results/figure5_angle_psnr_grid/sigma50/val_images/restormer
val_images,restormer,50.0,19,95.0,group_avg,32,0.0052764271944761,22.832548466392204,20,22.776600499920416,results/figure5_angle_psnr_grid/sigma50/val_images/restormer
val_images,restormer,50.0,19,95.0,vanilla,0,0.0053580549359321,22.761643664548217,20,22.70992837900284,results/figure5_angle_psnr_grid/sigma50/val_images/restormer
val_images,restormer,50.0,20,100.0,group_avg,4,0.0044395382357755,23.5977022355426,20,23.526621992735805,results/figure5_angle_psnr_grid/sigma50/val_images/restormer
val_images,restormer,50.0,20,100.0,group_avg,8,0.004517406903503,23.516243082641683,20,23.4511078878618,results/figure5_angle_psnr_grid/sigma50/val_images/restormer
val_images,restormer,50.0,20,100.0,group_avg,16,0.0046986569342706,23.34535599298584,20,23.280262632111963,results/figure5_angle_psnr_grid/sigma50/val_images/restormer
val_images,restormer,50.0,20,100.0,group_avg,32,0.0046613227637518,23.377145817557697,20,23.31490824193946,results/figure5_angle_psnr_grid/sigma50/val_images/restormer
val_images,restormer,50.0,20,100.0,vanilla,0,0.0049619342280746,23.09271237493289,20,23.0434899672918,results/figure5_angle_psnr_grid/sigma50/val_images/restormer
val_images,restormer,50.0,21,105.0,group_avg,4,0.0042535773333709,23.807055260347045,20,23.712456669731164,results/figure5_angle_psnr_grid/sigma50/val_images/restormer
val_images,restormer,50.0,21,105.0,group_avg,8,0.004104791645415,23.95022459350076,20,23.867088822821746,results/figure5_angle_psnr_grid/sigma50/val_images/restormer
val_images,restormer,50.0,21,105.0,group_avg,16,0.0041710303719675,23.8805213833096,20,23.79756647763877,results/figure5_angle_psnr_grid/sigma50/val_images/restormer
val_images,restormer,50.0,21,105.0,group_avg,32,0.0040956614614839,23.958452989073614,20,23.87675948391034,results/figure5_angle_psnr_grid/sigma50/val_images/restormer
val_images,restormer,50.0,21,105.0,vanilla,0,0.0048360259764554,23.22818921502159,20,23.155113750153635,results/figure5_angle_psnr_grid/sigma50/val_images/restormer
val_images,restormer,50.0,22,110.0,group_avg,4,0.0038770398420558,24.22999127596741,20,24.114997359811547,results/figure5_angle_psnr_grid/sigma50/val_images/restormer
val_images,restormer,50.0,22,110.0,group_avg,8,0.0036504739929779,24.471501146104984,20,24.37650741250422,results/figure5_angle_psnr_grid/sigma50/val_images/restormer
val_images,restormer,50.0,22,110.0,group_avg,16,0.0036585746587617,24.456573882112032,20,24.36688078102934,results/figure5_angle_psnr_grid/sigma50/val_images/restormer
val_images,restormer,50.0,22,110.0,group_avg,32,0.0036031847511988,24.524810113812133,20,24.43313469109981,results/figure5_angle_psnr_grid/sigma50/val_images/restormer
val_images,restormer,50.0,22,110.0,vanilla,0,0.0044335015638581,23.59691021070518,20,23.532531340076645,results/figure5_angle_psnr_grid/sigma50/val_images/restormer
val_images,restormer,50.0,23,115.0,group_avg,4,0.0035326636432816,24.63417560359925,20,24.518977112265738,results/figure5_angle_psnr_grid/sigma50/val_images/restormer
val_images,restormer,50.0,23,115.0,group_avg,8,0.0033134159334515,24.887620445355644,20,24.79724043663879,results/figure5_angle_psnr_grid/sigma50/val_images/restormer
val_images,restormer,50.0,23,115.0,group_avg,16,0.0033145970682705,24.883214975808965,20,24.795692581076143,results/figure5_angle_psnr_grid/sigma50/val_images/restormer
val_images,restormer,50.0,23,115.0,group_avg,32,0.0032505944119198,24.9686015811987,20,24.88037215571163,results/figure5_angle_psnr_grid/sigma50/val_images/restormer
val_images,restormer,50.0,23,115.0,vanilla,0,0.0041892630195248,23.83546300367312,20,23.77862371951427,results/figure5_angle_psnr_grid/sigma50/val_images/restormer
val_images,restormer,50.0,24,120.0,group_avg,4,0.0034370884708841,24.738498250378697,20,24.63809288950265,results/figure5_angle_psnr_grid/sigma50/val_images/restormer
val_images,restormer,50.0,24,120.0,group_avg,8,0.0031444400967853,25.10315726064101,20,25.0245667439174,results/figure5_angle_psnr_grid/sigma50/val_images/restormer
val_images,restormer,50.0,24,120.0,group_avg,16,0.0031101296144618,25.15305199795776,20,25.072215113999796,results/figure5_angle_psnr_grid/sigma50/val_images/restormer
val_images,restormer,50.0,24,120.0,group_avg,32,0.0030278333161106,25.26635821446396,20,25.18868036664,results/figure5_angle_psnr_grid/sigma50/val_images/restormer
val_images,restormer,50.0,24,120.0,vanilla,0,0.004119312721585,23.894706938764195,20,23.85175236908974,results/figure5_angle_psnr_grid/sigma50/val_images/restormer
val_images,restormer,50.0,25,125.0,group_avg,4,0.0033803135069547,24.788903932518267,20,24.71043019241143,results/figure5_angle_psnr_grid/sigma50/val_images/restormer
val_images,restormer,50.0,25,125.0,group_avg,8,0.0030309287515883,25.25536032637122,20,25.18424272525716,results/figure5_angle_psnr_grid/sigma50/val_images/restormer
val_images,restormer,50.0,25,125.0,group_avg,16,0.0029531561710923,25.37072966736549,20,25.297135857304024,results/figure5_angle_psnr_grid/sigma50/val_images/restormer
val_images,restormer,50.0,25,125.0,group_avg,32,0.0028811129474249,25.47550339267803,20,25.404397158667884,results/figure5_angle_psnr_grid/sigma50/val_images/restormer
val_images,restormer,50.0,25,125.0,vanilla,0,0.0039868928376903,24.027764548280945,20,23.99365437431464,results/figure5_angle_psnr_grid/sigma50/val_images/restormer
val_images,restormer,50.0,26,130.0,group_avg,4,0.0033298805820461,24.85331390508273,20,24.77571341114809,results/figure5_angle_psnr_grid/sigma50/val_images/restormer
val_images,restormer,50.0,26,130.0,group_avg,8,0.002975274524742,25.34120398895727,20,25.26472956295061,results/figure5_angle_psnr_grid/sigma50/val_images/restormer
val_images,restormer,50.0,26,130.0,group_avg,16,0.0028424098725685,25.534741210230457,20,25.463132970770527,results/figure5_angle_psnr_grid/sigma50/val_images/restormer
val_images,restormer,50.0,26,130.0,group_avg,32,0.0027707483043801,25.64024044207422,20,25.574029238689867,results/figure5_angle_psnr_grid/sigma50/val_images/restormer
val_images,restormer,50.0,26,130.0,vanilla,0,0.0038526517037447,24.186815191869204,20,24.14240251298174,results/figure5_angle_psnr_grid/sigma50/val_images/restormer
val_images,restormer,50.0,27,135.0,group_avg,4,0.0033672697509765,24.81508097708824,20,24.72722091016722,results/figure5_angle_psnr_grid/sigma50/val_images/restormer
val_images,restormer,50.0,27,135.0,group_avg,8,0.0028180257202148,25.58175501165089,20,25.50055047388336,results/figure5_angle_psnr_grid/sigma50/val_images/restormer
val_images,restormer,50.0,27,135.0,group_avg,16,0.0026887418884277,25.77487838829041,20,25.704508868104835,results/figure5_angle_psnr_grid/sigma50/val_images/restormer
val_images,restormer,50.0,27,135.0,group_avg,32,0.0026386919189453,25.853298778917,20,25.78611312967721,results/figure5_angle_psnr_grid/sigma50/val_images/restormer
val_images,restormer,50.0,27,135.0,vanilla,0,0.0041689932983398,23.85963950806516,20,23.799688030018785,results/figure5_angle_psnr_grid/sigma50/val_images/restormer
val_images,restormer,50.0,28,140.0,group_avg,4,0.0036334321297314,24.47345867151148,20,24.39682947747702,results/figure5_angle_psnr_grid/sigma50/val_images/restormer
val_images,restormer,50.0,28,140.0,group_avg,8,0.0030395367663871,25.24504300910717,20,25.171925990002173,results/figure5_angle_psnr_grid/sigma50/val_images/restormer
val_images,restormer,50.0,28,140.0,group_avg,16,0.0028661949414302,25.496092649394377,20,25.4269427482204,results/figure5_angle_psnr_grid/sigma50/val_images/restormer
val_images,restormer,50.0,28,140.0,group_avg,32,0.0027853162233605,25.62023463997715,20,25.551254912391457,results/figure5_angle_psnr_grid/sigma50/val_images/restormer
val_images,restormer,50.0,28,140.0,vanilla,0,0.0043541017673214,23.646189701637173,20,23.611014245210068,results/figure5_angle_psnr_grid/sigma50/val_images/restormer
val_images,restormer,50.0,29,145.0,group_avg,4,0.0039125805439705,24.155324276861784,20,24.07536709013062,results/figure5_angle_psnr_grid/sigma50/val_images/restormer
val_images,restormer,50.0,29,145.0,group_avg,8,0.0032421124140723,24.966186145679,20,24.891719308925243,results/figure5_angle_psnr_grid/sigma50/val_images/restormer
val_images,restormer,50.0,29,145.0,group_avg,16,0.0030406232568358,25.245294974483336,20,25.17037387028912,results/figure5_angle_psnr_grid/sigma50/val_images/restormer
val_images,restormer,50.0,29,145.0,group_avg,32,0.002938501405231,25.3909971144573,20,25.31874097264044,results/figure5_angle_psnr_grid/sigma50/val_images/restormer
val_images,restormer,50.0,29,145.0,vanilla,0,0.004444583978245,23.569028326619872,20,23.521688836044664,results/figure5_angle_psnr_grid/sigma50/val_images/restormer
val_images,restormer,50.0,30,150.0,group_avg,4,0.0042381588952889,23.81049179025532,20,23.728227649320708,results/figure5_angle_psnr_grid/sigma50/val_images/restormer
val_images,restormer,50.0,30,150.0,group_avg,8,0.0034895363035909,24.64781041256053,20,24.57232279107028,results/figure5_angle_psnr_grid/sigma50/val_images/restormer
val_images,restormer,50.0,30,150.0,group_avg,16,0.0032610971855976,24.942381018395,20,24.86636258372865,results/figure5_angle_psnr_grid/sigma50/val_images/restormer
val_images,restormer,50.0,30,150.0,group_avg,32,0.0031007739714877,25.163087551030188,20,25.08529890168127,results/figure5_angle_psnr_grid/sigma50/val_images/restormer
val_images,restormer,50.0,30,150.0,vanilla,0,0.0047396037120614,23.3078917727303,20,23.24257969055836,results/figure5_angle_psnr_grid/sigma50/val_images/restormer
val_images,restormer,50.0,31,155.0,group_avg,4,0.0044578967172765,23.576392690000727,20,23.508699976854054,results/figure5_angle_psnr_grid/sigma50/val_images/restormer
val_images,restormer,50.0,31,155.0,group_avg,8,0.003731101225135,24.35496936572538,20,24.28162968348285,results/figure5_angle_psnr_grid/sigma50/val_images/restormer
val_images,restormer,50.0,31,155.0,group_avg,16,0.0035064326608912,24.62572615811144,20,24.55134497071527,results/figure5_angle_psnr_grid/sigma50/val_images/restormer
val_images,restormer,50.0,31,155.0,group_avg,32,0.0033485148250273,24.832923941577494,20,24.751477739524343,results/figure5_angle_psnr_grid/sigma50/val_images/restormer
val_images,restormer,50.0,31,155.0,vanilla,0,0.0047969437827941,23.240773245171106,20,23.1903537116624,results/figure5_angle_psnr_grid/sigma50/val_images/restormer
val_images,restormer,50.0,32,160.0,group_avg,4,0.0047403288144366,23.304128195425093,20,23.24191532304283,results/figure5_angle_psnr_grid/sigma50/val_images/restormer
val_images,restormer,50.0,32,160.0,group_avg,8,0.0040523009961382,23.994781133616343,20,23.92298303660479,results/figure5_angle_psnr_grid/sigma50/val_images/restormer
val_images,restormer,50.0,32,160.0,group_avg,16,0.0038096501564364,24.26831915398917,20,24.191149041420005,results/figure5_angle_psnr_grid/sigma50/val_images/restormer
val_images,restormer,50.0,32,160.0,group_avg,32,0.0036955462202666,24.40652435261223,20,24.323213616221548,results/figure5_angle_psnr_grid/sigma50/val_images/restormer
val_images,restormer,50.0,32,160.0,vanilla,0,0.0052758453918801,22.831901661063156,20,22.777079398954115,results/figure5_angle_psnr_grid/sigma50/val_images/restormer
val_images,restormer,50.0,33,165.0,group_avg,4,0.0047956819165092,23.278066959141604,20,23.191496300948707,results/figure5_angle_psnr_grid/sigma50/val_images/restormer
val_images,restormer,50.0,33,165.0,group_avg,8,0.0043982051629232,23.64979763958983,20,23.567245159831188,results/figure5_angle_psnr_grid/sigma50/val_images/restormer
val_images,restormer,50.0,33,165.0,group_avg,16,0.0043108027411517,23.731465636148,20,23.65441849655817,results/figure5_angle_psnr_grid/sigma50/val_images/restormer
val_images,restormer,50.0,33,165.0,group_avg,32,0.0041849458971713,23.86368958117959,20,23.783101521777297,results/figure5_angle_psnr_grid/sigma50/val_images/restormer
val_images,restormer,50.0,33,165.0,vanilla,0,0.0053877439199354,22.768583336844305,20,22.685930545232797,results/figure5_angle_psnr_grid/sigma50/val_images/restormer
val_images,restormer,50.0,34,170.0,group_avg,4,0.0048317691231695,23.255052448896382,20,23.15893825820907,results/figure5_angle_psnr_grid/sigma50/val_images/restormer
val_images,restormer,50.0,34,170.0,group_avg,8,0.0047689872538184,23.29361563016564,20,23.215738383133974,results/figure5_angle_psnr_grid/sigma50/val_images/restormer
val_images,restormer,50.0,34,170.0,group_avg,16,0.0048147857864722,23.23599807414704,20,23.174230302056014,results/figure5_angle_psnr_grid/sigma50/val_images/restormer
val_images,restormer,50.0,34,170.0,group_avg,32,0.0047052476286412,23.34045112153033,20,23.274175155050592,results/figure5_angle_psnr_grid/sigma50/val_images/restormer
val_images,restormer,50.0,34,170.0,vanilla,0,0.0052814336695407,22.84955794704761,20,22.77248170221067,results/figure5_angle_psnr_grid/sigma50/val_images/restormer
val_images,restormer,50.0,35,175.0,group_avg,4,0.0052385973334312,22.891396180354437,20,22.807849824624626,results/figure5_angle_psnr_grid/sigma50/val_images/restormer
val_images,restormer,50.0,35,175.0,group_avg,8,0.0052724353224039,22.83954003319902,20,22.779887390982665,results/figure5_angle_psnr_grid/sigma50/val_images/restormer
val_images,restormer,50.0,35,175.0,group_avg,16,0.0053228610008955,22.7925709393185,20,22.73854874674937,results/figure5_angle_psnr_grid/sigma50/val_images/restormer
val_images,restormer,50.0,35,175.0,group_avg,32,0.0052465598583221,22.85607030428269,20,22.80125367880887,results/figure5_angle_psnr_grid/sigma50/val_images/restormer
val_images,restormer,50.0,35,175.0,vanilla,0,0.0056663411110639,22.552351563930344,20,22.46697284705514,results/figure5_angle_psnr_grid/sigma50/val_images/restormer
val_images,tv,50.0,0,0.0,group_avg,4,0.0024573664833148,26.16160255791242,20,26.095300694815133,results/figure5_angle_psnr_grid/sigma50/val_images/tv
val_images,tv,50.0,0,0.0,group_avg,8,0.0024037276012076,26.25813167623001,20,26.19114749645704,results/figure5_angle_psnr_grid/sigma50/val_images/tv
val_images,tv,50.0,0,0.0,group_avg,16,0.0023887470454905,26.28522948043077,20,26.218298370914816,results/figure5_angle_psnr_grid/sigma50/val_images/tv
val_images,tv,50.0,0,0.0,group_avg,32,0.002385833221581,26.289995248432632,20,26.223599183683604,results/figure5_angle_psnr_grid/sigma50/val_images/tv
val_images,tv,50.0,0,0.0,vanilla,0,0.0024893349756928,26.104928861237465,20,26.03916658913125,results/figure5_angle_psnr_grid/sigma50/val_images/tv
val_images,tv,50.0,1,5.0,group_avg,4,0.0021378226503729,26.7596518740534,20,26.70028325862081,results/figure5_angle_psnr_grid/sigma50/val_images/tv
val_images,tv,50.0,1,5.0,group_avg,8,0.0020680838897824,26.907516344242776,20,26.844318484936387,results/figure5_angle_psnr_grid/sigma50/val_images/tv
val_images,tv,50.0,1,5.0,group_avg,16,0.0020457460880279,26.955384228018566,20,26.8914827062944,results/figure5_angle_psnr_grid/sigma50/val_images/tv
val_images,tv,50.0,1,5.0,group_avg,32,0.0020433535873889,26.96008416574521,20,26.89656475381828,results/figure5_angle_psnr_grid/sigma50/val_images/tv
val_images,tv,50.0,1,5.0,vanilla,0,0.0021621791645884,26.7101729898013,20,26.651083219607678,results/figure5_angle_psnr_grid/sigma50/val_images/tv
val_images,tv,50.0,2,10.0,group_avg,4,0.0018437066626032,27.40159615098711,20,27.343081749020048,results/figure5_angle_psnr_grid/sigma50/val_images/tv
val_images,tv,50.0,2,10.0,group_avg,8,0.0017825264949754,27.552207809983862,20,27.48964006196365,results/figure5_angle_psnr_grid/sigma50/val_images/tv
val_images,tv,50.0,2,10.0,group_avg,16,0.0017672621998008,27.59035329347181,20,27.526990116256897,results/figure5_angle_psnr_grid/sigma50/val_images/tv
val_images,tv,50.0,2,10.0,group_avg,32,0.0017636394793184,27.598853186445133,20,27.535901879936805,results/figure5_angle_psnr_grid/sigma50/val_images/tv
val_images,tv,50.0,2,10.0,vanilla,0,0.001864422880484,27.352779857135733,20,27.29455575978148,results/figure5_angle_psnr_grid/sigma50/val_images/tv
val_images,tv,50.0,3,15.0,group_avg,4,0.0016026486549349,28.01153235174976,20,27.951616766149424,results/figure5_angle_psnr_grid/sigma50/val_images/tv
val_images,tv,50.0,3,15.0,group_avg,8,0.0015510866877107,28.156748804218125,20,28.093639294962703,results/figure5_angle_psnr_grid/sigma50/val_images/tv
val_images,tv,50.0,3,15.0,group_avg,16,0.0015399808082552,28.18790333791712,20,28.12484691449751,results/figure5_angle_psnr_grid/sigma50/val_images/tv
val_images,tv,50.0,3,15.0,group_avg,32,0.0015352157525897,28.20141642066402,20,28.138305820273278,results/figure5_angle_psnr_grid/sigma50/val_images/tv
val_images,tv,50.0,3,15.0,vanilla,0,0.0016211527510225,27.9614852302286,20,27.901760623872896,results/figure5_angle_psnr_grid/sigma50/val_images/tv
val_images,tv,50.0,4,20.0,group_avg,4,0.0014114270776317,28.56271913043045,20,28.503415550659422,results/figure5_angle_psnr_grid/sigma50/val_images/tv
val_images,tv,50.0,4,20.0,group_avg,8,0.0013675007241054,28.70338317424005,20,28.64072435031169,results/figure5_angle_psnr_grid/sigma50/val_images/tv
val_images,tv,50.0,4,20.0,group_avg,16,0.0013592946132833,28.729377811627405,20,28.666864041531444,results/figure5_angle_psnr_grid/sigma50/val_images/tv
val_images,tv,50.0,4,20.0,group_avg,32,0.0013556358596702,28.741170974732228,20,28.678569515999868,results/figure5_angle_psnr_grid/sigma50/val_images/tv
val_images,tv,50.0,4,20.0,vanilla,0,0.0014287074527761,28.509569512843623,20,28.450566897897826,results/figure5_angle_psnr_grid/sigma50/val_images/tv
val_images,tv,50.0,5,25.0,group_avg,4,0.0012581666291432,29.063113030688932,20,29.002618379644943,results/figure5_angle_psnr_grid/sigma50/val_images/tv
val_images,tv,50.0,5,25.0,group_avg,8,0.00122263050919,29.18970000253068,20,29.127047711443357,results/figure5_angle_psnr_grid/sigma50/val_images/tv
val_images,tv,50.0,5,25.0,group_avg,16,0.0012110609653646,29.231461517282565,20,29.16833993723152,results/figure5_angle_psnr_grid/sigma50/val_images/tv
val_images,tv,50.0,5,25.0,group_avg,32,0.0012105163571059,29.23281001730552,20,29.170293377770857,results/figure5_angle_psnr_grid/sigma50/val_images/tv
val_images,tv,50.0,5,25.0,vanilla,0,0.0012735895636711,29.010037872783062,20,28.94970508383585,results/figure5_angle_psnr_grid/sigma50/val_images/tv
val_images,tv,50.0,6,30.0,group_avg,4,0.0011353930057957,29.5088604168326,20,29.44853785426485,results/figure5_angle_psnr_grid/sigma50/val_images/tv
val_images,tv,50.0,6,30.0,group_avg,8,0.0011047468782655,29.63031871879688,20,29.567372169699677,results/figure5_angle_psnr_grid/sigma50/val_images/tv
val_images,tv,50.0,6,30.0,group_avg,16,0.001094289016777,29.67202897917925,20,29.60867959707857,results/figure5_angle_psnr_grid/sigma50/val_images/tv
val_images,tv,50.0,6,30.0,group_avg,32,0.0010937065935942,29.6736915507882,20,29.610991696602184,results/figure5_angle_psnr_grid/sigma50/val_images/tv
val_images,tv,50.0,6,30.0,vanilla,0,0.001149494838335,29.45483461478772,20,29.39492974536187,results/figure5_angle_psnr_grid/sigma50/val_images/tv
val_images,tv,50.0,7,35.0,group_avg,4,0.0010297851994729,29.933231661562537,20,29.87253354335746,results/figure5_angle_psnr_grid/sigma50/val_images/tv
val_images,tv,50.0,7,35.0,group_avg,8,0.0010023951593841,30.05161049737102,20,29.98961039238393,results/figure5_angle_psnr_grid/sigma50/val_images/tv
val_images,tv,50.0,7,35.0,group_avg,16,0.00099238790141,30.096054146437684,20,30.033185390218563,results/figure5_angle_psnr_grid/sigma50/val_images/tv
val_images,tv,50.0,7,35.0,group_avg,32,0.00099092994792,30.10203932922761,20,30.039570461273456,results/figure5_angle_psnr_grid/sigma50/val_images/tv
val_images,tv,50.0,7,35.0,vanilla,0,0.0010432888591055,29.87612474787913,20,29.81595430262717,results/figure5_angle_psnr_grid/sigma50/val_images/tv
val_images,tv,50.0,8,40.0,group_avg,4,0.0009468653057775,30.297872791212164,20,30.23711796200545,results/figure5_angle_psnr_grid/sigma50/val_images/tv
val_images,tv,50.0,8,40.0,group_avg,8,0.0009219660190483,30.41532581857096,20,30.35285085466685,results/figure5_angle_psnr_grid/sigma50/val_images/tv
val_images,tv,50.0,8,40.0,group_avg,16,0.0009117877100896,30.46414708999789,20,30.40106265913652,results/figure5_angle_psnr_grid/sigma50/val_images/tv
val_images,tv,50.0,8,40.0,group_avg,32,0.0009108950160901,30.4678430393148,20,30.40531674135761,results/figure5_angle_psnr_grid/sigma50/val_images/tv
val_images,tv,50.0,8,40.0,vanilla,0,0.0009592533826742,30.240884131790164,20,30.180666606475825,results/figure5_angle_psnr_grid/sigma50/val_images/tv
val_images,tv,50.0,9,45.0,group_avg,4,0.0008760475524902,30.63487308548743,20,30.57472319375752,results/figure5_angle_psnr_grid/sigma50/val_images/tv
val_images,tv,50.0,9,45.0,group_avg,8,0.0008442749877929,30.79880831276187,20,30.73516076798554,results/figure5_angle_psnr_grid/sigma50/val_images/tv
val_images,tv,50.0,9,45.0,group_avg,16,0.0008399641235351,30.82087785814396,20,30.757392630850863,results/figure5_angle_psnr_grid/sigma50/val_images/tv
val_images,tv,50.0,9,45.0,group_avg,32,0.0008410906921386,30.814146694631138,20,30.75157173082221,results/figure5_angle_psnr_grid/sigma50/val_images/tv
val_images,tv,50.0,9,45.0,vanilla,0,0.0008880378204345,30.5751609511902,20,30.515685377616386,results/figure5_angle_psnr_grid/sigma50/val_images/tv
val_images,tv,50.0,10,50.0,group_avg,4,0.0009476495544174,30.294380608404417,20,30.23352237261915,results/figure5_angle_psnr_grid/sigma50/val_images/tv
val_images,tv,50.0,10,50.0,group_avg,8,0.0009181905436129,30.433882457638948,20,30.37067184318696,results/figure5_angle_psnr_grid/sigma50/val_images/tv
val_images,tv,50.0,10,50.0,group_avg,16,0.000910164297631,30.47220141073721,20,30.40880204256945,results/figure5_angle_psnr_grid/sigma50/val_images/tv
val_images,tv,50.0,10,50.0,group_avg,32,0.0009101085382626,30.4719486357774,20,30.40906811241903,results/figure5_angle_psnr_grid/sigma50/val_images/tv
val_images,tv,50.0,10,50.0,vanilla,0,0.0009608501339173,30.233970168871437,20,30.17344344993542,results/figure5_angle_psnr_grid/sigma50/val_images/tv
val_images,tv,50.0,11,55.0,group_avg,4,0.0010309570089348,29.928063963854758,20,29.86759444485285,results/figure5_angle_psnr_grid/sigma50/val_images/tv
val_images,tv,50.0,11,55.0,group_avg,8,0.0010010481496637,30.05771156072256,20,29.99545032780048,results/figure5_angle_psnr_grid/sigma50/val_images/tv
val_images,tv,50.0,11,55.0,group_avg,16,0.000992283538016,30.09645505752362,20,30.03364213530229,results/figure5_angle_psnr_grid/sigma50/val_images/tv
val_images,tv,50.0,11,55.0,group_avg,32,0.0009914081218853,30.10003314340684,20,30.037475275576263,results/figure5_angle_psnr_grid/sigma50/val_images/tv
val_images,tv,50.0,11,55.0,vanilla,0,0.0010451796491007,29.86809235848745,20,29.80809055095962,results/figure5_angle_psnr_grid/sigma50/val_images/tv
val_images,tv,50.0,12,60.0,group_avg,4,0.0011354289831607,29.508658641803624,20,29.44840024091473,results/figure5_angle_psnr_grid/sigma50/val_images/tv
val_images,tv,50.0,12,60.0,group_avg,8,0.0011040198013728,29.632145179395497,20,29.570231371594915,results/figure5_angle_psnr_grid/sigma50/val_images/tv
val_images,tv,50.0,12,60.0,group_avg,16,0.0010942858378791,29.671288973097184,20,29.60869221330516,results/figure5_angle_psnr_grid/sigma50/val_images/tv
val_images,tv,50.0,12,60.0,group_avg,32,0.0010944180610294,29.67022718253987,20,29.608167484632443,results/figure5_angle_psnr_grid/sigma50/val_images/tv
val_images,tv,50.0,12,60.0,vanilla,0,0.0011508992619643,29.449539622988446,20,29.389626884359267,results/figure5_angle_psnr_grid/sigma50/val_images/tv
val_images,tv,50.0,13,65.0,group_avg,4,0.0012594904632864,29.05841646490178,20,28.99805116580135,results/figure5_angle_psnr_grid/sigma50/val_images/tv
val_images,tv,50.0,13,65.0,group_avg,8,0.001224928229804,29.180358949386918,20,29.118893564530705,results/figure5_angle_psnr_grid/sigma50/val_images/tv
val_images,tv,50.0,13,65.0,group_avg,16,0.0012122725275546,29.22664978050351,20,29.163997366809816,results/figure5_angle_psnr_grid/sigma50/val_images/tv
val_images,tv,50.0,13,65.0,group_avg,32,0.0012117453903544,29.227993041624625,20,29.165886237177855,results/figure5_angle_psnr_grid/sigma50/val_images/tv
val_images,tv,50.0,13,65.0,vanilla,0,0.0012766069234175,28.99925786916906,20,28.939428045921925,results/figure5_angle_psnr_grid/sigma50/val_images/tv
val_images,tv,50.0,14,70.0,group_avg,4,0.0014111590000246,28.563898404661465,20,28.50424050070606,results/figure5_angle_psnr_grid/sigma50/val_images/tv
val_images,tv,50.0,14,70.0,group_avg,8,0.0013716772076961,28.68906003893174,20,28.627480777035696,results/figure5_angle_psnr_grid/sigma50/val_images/tv
val_images,tv,50.0,14,70.0,group_avg,16,0.001362182799818,28.71963544426408,20,28.65764607823257,results/figure5_angle_psnr_grid/sigma50/val_images/tv
val_images,tv,50.0,14,70.0,group_avg,32,0.0013582607506077,28.731743760840487,20,28.6701684884815,results/figure5_angle_psnr_grid/sigma50/val_images/tv
val_images,tv,50.0,14,70.0,vanilla,0,0.0014301418886442,28.50558405762921,20,28.44620872745891,results/figure5_angle_psnr_grid/sigma50/val_images/tv
val_images,tv,50.0,15,75.0,group_avg,4,0.0016028811424818,28.01058106087901,20,27.950986804394123,results/figure5_angle_psnr_grid/sigma50/val_images/tv
val_images,tv,50.0,15,75.0,group_avg,8,0.0015550939644924,28.144337111764788,20,28.08243364175639,results/figure5_angle_psnr_grid/sigma50/val_images/tv
val_images,tv,50.0,15,75.0,group_avg,16,0.0015420599157919,28.181098720680644,20,28.11898751711574,results/figure5_angle_psnr_grid/sigma50/val_images/tv
val_images,tv,50.0,15,75.0,group_avg,32,0.0015374926392225,28.19393108293429,20,28.131869547412748,results/figure5_angle_psnr_grid/sigma50/val_images/tv
val_images,tv,50.0,15,75.0,vanilla,0,0.0016237588663707,27.954147206867475,20,27.894784644914377,results/figure5_angle_psnr_grid/sigma50/val_images/tv
val_images,tv,50.0,16,80.0,group_avg,4,0.0018461333773412,27.39603738938913,20,27.337369257636304,results/figure5_angle_psnr_grid/sigma50/val_images/tv
val_images,tv,50.0,16,80.0,group_avg,8,0.0017879307023168,27.53842947473676,20,27.476493178581265,results/figure5_angle_psnr_grid/sigma50/val_images/tv
val_images,tv,50.0,16,80.0,group_avg,16,0.0017702406859402,27.58241034986352,20,27.5196768196054,results/figure5_angle_psnr_grid/sigma50/val_images/tv
val_images,tv,50.0,16,80.0,group_avg,32,0.0017651151365854,27.594802977464,20,27.53226960784458,results/figure5_angle_psnr_grid/sigma50/val_images/tv
val_images,tv,50.0,16,80.0,vanilla,0,0.0018706460370658,27.33848587104317,20,27.280083817634736,results/figure5_angle_psnr_grid/sigma50/val_images/tv
val_images,tv,50.0,17,85.0,group_avg,4,0.0021427259594202,26.748858149438284,20,26.690333688190545,results/figure5_angle_psnr_grid/sigma50/val_images/tv
val_images,tv,50.0,17,85.0,group_avg,8,0.0020735244005918,26.89522270399349,20,26.832908496271664,results/figure5_angle_psnr_grid/sigma50/val_images/tv
val_images,tv,50.0,17,85.0,group_avg,16,0.0020501703619956,26.945333848453657,20,26.88210049090329,results/figure5_angle_psnr_grid/sigma50/val_images/tv
val_images,tv,50.0,17,85.0,group_avg,32,0.0020472066178917,26.95112988923501,20,26.888383231988115,results/figure5_angle_psnr_grid/sigma50/val_images/tv
val_images,tv,50.0,17,85.0,vanilla,0,0.0021706500127911,26.69263817459062,20,26.63410194862772,results/figure5_angle_psnr_grid/sigma50/val_images/tv
val_images,tv,50.0,18,90.0,group_avg,4,0.0024573663950484,26.16160268434844,20,26.095300850809817,results/figure5_angle_psnr_grid/sigma50/val_images/tv
val_images,tv,50.0,18,90.0,group_avg,8,0.0024037275570744,26.25813182855847,20,26.191147576194883,results/figure5_angle_psnr_grid/sigma50/val_images/tv
val_images,tv,50.0,18,90.0,group_avg,16,0.0023887468601311,26.285229772130656,20,26.218298707914016,results/figure5_angle_psnr_grid/sigma50/val_images/tv
val_images,tv,50.0,18,90.0,group_avg,32,0.0023858332039277,26.28999527365061,20,26.223599215817963,results/figure5_angle_psnr_grid/sigma50/val_images/tv
val_images,tv,50.0,18,90.0,vanilla,0,0.0024943873002829,26.096309617291904,20,26.03036113280588,results/figure5_angle_psnr_grid/sigma50/val_images/tv
val_images,tv,50.0,19,95.0,group_avg,4,0.0021426460146903,26.74864225140857,20,26.690495725723,results/figure5_angle_psnr_grid/sigma50/val_images/tv
val_images,tv,50.0,19,95.0,group_avg,8,0.0020704934969544,26.90183987300574,20,26.839261291998724,results/figure5_angle_psnr_grid/sigma50/val_images/tv
val_images,tv,50.0,19,95.0,group_avg,16,0.0020487438216805,26.948380392469584,20,26.88512343104955,results/figure5_angle_psnr_grid/sigma50/val_images/tv
val_images,tv,50.0,19,95.0,group_avg,32,0.0020459019392728,26.95401878373536,20,26.89115185996915,results/figure5_angle_psnr_grid/sigma50/val_images/tv
val_images,tv,50.0,19,95.0,vanilla,0,0.0021706423908472,26.69193738872352,20,26.634117198317867,results/figure5_angle_psnr_grid/sigma50/val_images/tv
val_images,tv,50.0,20,100.0,group_avg,4,0.001846223410927,27.39560540035401,20,27.33715746288417,results/figure5_angle_psnr_grid/sigma50/val_images/tv
val_images,tv,50.0,20,100.0,group_avg,8,0.0017841516826063,27.54809670876377,20,27.48568226126593,results/figure5_angle_psnr_grid/sigma50/val_images/tv
val_images,tv,50.0,20,100.0,group_avg,16,0.0017687380621849,27.58634636524199,20,27.52336478322986,results/figure5_angle_psnr_grid/sigma50/val_images/tv
val_images,tv,50.0,20,100.0,group_avg,32,0.001764340063174,27.59689278923214,20,27.534177041666545,results/figure5_angle_psnr_grid/sigma50/val_images/tv
val_images,tv,50.0,20,100.0,vanilla,0,0.0018696927233068,27.340381665273043,20,27.2822976220014,results/figure5_angle_psnr_grid/sigma50/val_images/tv
val_images,tv,50.0,21,105.0,group_avg,4,0.0016019481271614,28.01329664258464,20,27.953515509560845,results/figure5_angle_psnr_grid/sigma50/val_images/tv
val_images,tv,50.0,21,105.0,group_avg,8,0.001551165678973,28.1563496829176,20,28.09341813004582,results/figure5_angle_psnr_grid/sigma50/val_images/tv
val_images,tv,50.0,21,105.0,group_avg,16,0.0015395494270185,28.188604537521893,20,28.12606363573498,results/figure5_angle_psnr_grid/sigma50/val_images/tv
val_images,tv,50.0,21,105.0,group_avg,32,0.0015357354653848,28.19944431279552,20,28.136835862692102,results/figure5_angle_psnr_grid/sigma50/val_images/tv
val_images,tv,50.0,21,105.0,vanilla,0,0.0016235996076362,27.954523096038752,20,27.89521062307597,results/figure5_angle_psnr_grid/sigma50/val_images/tv
val_images,tv,50.0,22,110.0,group_avg,4,0.0014106422529884,28.56610164306607,20,28.505831118675022,results/figure5_angle_psnr_grid/sigma50/val_images/tv
val_images,tv,50.0,22,110.0,group_avg,8,0.001368741712192,28.69967919062136,20,28.63678497485342,results/figure5_angle_psnr_grid/sigma50/val_images/tv
val_images,tv,50.0,22,110.0,group_avg,16,0.0013602865338494,28.726413255043564,20,28.663696012161047,results/figure5_angle_psnr_grid/sigma50/val_images/tv
val_images,tv,50.0,22,110.0,group_avg,32,0.0013569813983184,28.736369795813584,20,28.674261056659933,results/figure5_angle_psnr_grid/sigma50/val_images/tv
val_images,tv,50.0,22,110.0,vanilla,0,0.0014292821589518,28.50848619956681,20,28.44882027346531,results/figure5_angle_psnr_grid/sigma50/val_images/tv
val_images,tv,50.0,23,115.0,group_avg,4,0.0012592103866858,29.05872046110711,20,28.999017026615064,results/figure5_angle_psnr_grid/sigma50/val_images/tv
val_images,tv,50.0,23,115.0,group_avg,8,0.0012238021231157,29.18484349559141,20,29.12288797701999,results/figure5_angle_psnr_grid/sigma50/val_images/tv
val_images,tv,50.0,23,115.0,group_avg,16,0.001211875563342,29.22821443935125,20,29.16541971694778,results/figure5_angle_psnr_grid/sigma50/val_images/tv
val_images,tv,50.0,23,115.0,group_avg,32,0.0012111953284227,29.229882845709845,20,29.167858129134498,results/figure5_angle_psnr_grid/sigma50/val_images/tv
val_images,tv,50.0,23,115.0,vanilla,0,0.0012758024254845,29.001257881861918,20,28.94216576528271,results/figure5_angle_psnr_grid/sigma50/val_images/tv
val_images,tv,50.0,24,120.0,group_avg,4,0.0011357792121989,29.50656680376316,20,29.4470608433181,results/figure5_angle_psnr_grid/sigma50/val_images/tv
val_images,tv,50.0,24,120.0,group_avg,8,0.0011053516408267,29.626872384360933,20,29.564995397375032,results/figure5_angle_psnr_grid/sigma50/val_images/tv
val_images,tv,50.0,24,120.0,group_avg,16,0.0010943609358779,29.670880026934533,20,29.608394178493125,results/figure5_angle_psnr_grid/sigma50/val_images/tv
val_images,tv,50.0,24,120.0,group_avg,32,0.0010937927088692,29.67252478020109,20,29.610649759224277,results/figure5_angle_psnr_grid/sigma50/val_images/tv
val_images,tv,50.0,24,120.0,vanilla,0,0.0011508689496092,29.4485723074116,20,29.38974127023444,results/figure5_angle_psnr_grid/sigma50/val_images/tv
val_images,tv,50.0,25,125.0,group_avg,4,0.0010299511807436,29.93252514590268,20,29.871833601842788,results/figure5_angle_psnr_grid/sigma50/val_images/tv
val_images,tv,50.0,25,125.0,group_avg,8,0.0010032639520598,30.048070029804016,20,29.98584791962452,results/figure5_angle_psnr_grid/sigma50/val_images/tv
val_images,tv,50.0,25,125.0,group_avg,16,0.0009929373071341,30.093784400608477,20,30.030781714695816,results/figure5_angle_psnr_grid/sigma50/val_images/tv
val_images,tv,50.0,25,125.0,group_avg,32,0.0009914736958853,30.09975638384538,20,30.03718803277536,results/figure5_angle_psnr_grid/sigma50/val_images/tv
val_images,tv,50.0,25,125.0,vanilla,0,0.0010434375870835,29.875414382124525,20,29.81533523020051,results/figure5_angle_psnr_grid/sigma50/val_images/tv
val_images,tv,50.0,26,130.0,group_avg,4,0.0009467580640473,30.298447157768187,20,30.237609870718387,results/figure5_angle_psnr_grid/sigma50/val_images/tv
val_images,tv,50.0,26,130.0,group_avg,8,0.0009218592027104,30.415223274893755,20,30.353354044943845,results/figure5_angle_psnr_grid/sigma50/val_images/tv
val_images,tv,50.0,26,130.0,group_avg,16,0.0009119948200834,30.462714038614443,20,30.40007628355297,results/figure5_angle_psnr_grid/sigma50/val_images/tv
val_images,tv,50.0,26,130.0,group_avg,32,0.0009109775421976,30.467508388466214,20,30.404923293056783,results/figure5_angle_psnr_grid/sigma50/val_images/tv
val_images,tv,50.0,26,130.0,vanilla,0,0.0009590373328467,30.241837675047115,20,30.181644865376377,results/figure5_angle_psnr_grid/sigma50/val_images/tv
val_images,tv,50.0,27,135.0,group_avg,4,0.0008762096130371,30.63416656022976,20,30.57391986416838,results/figure5_angle_psnr_grid/sigma50/val_images/tv
val_images,tv,50.0,27,135.0,group_avg,8,0.0008440848083496,30.800124903316828,20,30.736139159953417,results/figure5_angle_psnr_grid/sigma50/val_images/tv
val_images,tv,50.0,27,135.0,group_avg,16,0.0008396722106933,30.822705578386785,20,30.7589021973574,results/figure5_angle_psnr_grid/sigma50/val_images/tv
val_images,tv,50.0,27,135.0,group_avg,32,0.0008411135040283,30.81399502083417,20,30.75145394395877,results/figure5_angle_psnr_grid/sigma50/val_images/tv
val_images,tv,50.0,27,135.0,vanilla,0,0.0008870808013916,30.57988557360854,20,30.520368198523062,results/figure5_angle_psnr_grid/sigma50/val_images/tv
val_images,tv,50.0,28,140.0,group_avg,4,0.0009471094974496,30.29694157752969,20,30.235998083365917,results/figure5_angle_psnr_grid/sigma50/val_images/tv
val_images,tv,50.0,28,140.0,group_avg,8,0.0009182470020756,30.433191547248786,20,30.3704048087991,results/figure5_angle_psnr_grid/sigma50/val_images/tv
val_images,tv,50.0,28,140.0,group_avg,16,0.0009103886013883,30.47096646415195,20,30.40773188542513,results/figure5_angle_psnr_grid/sigma50/val_images/tv
val_images,tv,50.0,28,140.0,group_avg,32,0.0009102854717837,30.47086864331207,20,30.408223885821247,results/figure5_angle_psnr_grid/sigma50/val_images/tv
val_images,tv,50.0,28,140.0,vanilla,0,0.000958889629383,30.24259342354557,20,30.18231378343838,results/figure5_angle_psnr_grid/sigma50/val_images/tv
val_images,tv,50.0,29,145.0,group_avg,4,0.0010301145054523,29.931208303941823,20,29.87114497312211,results/figure5_angle_psnr_grid/sigma50/val_images/tv
val_images,tv,50.0,29,145.0,group_avg,8,0.0010001550781661,30.06187547091406,20,29.999326556298733,results/figure5_angle_psnr_grid/sigma50/val_images/tv
val_images,tv,50.0,29,145.0,group_avg,16,0.0009917121905264,30.099278564766145,20,30.03614348210749,results/figure5_angle_psnr_grid/sigma50/val_images/tv
val_images,tv,50.0,29,145.0,group_avg,32,0.000990702811876,30.10325003074663,20,30.040566043633294,results/figure5_angle_psnr_grid/sigma50/val_images/tv
val_images,tv,50.0,29,145.0,vanilla,0,0.0010425770010301,29.87843470522525,20,29.818918597234504,results/figure5_angle_psnr_grid/sigma50/val_images/tv
val_images,tv,50.0,30,150.0,group_avg,4,0.0011355725680008,29.50831615678692,20,29.447851072608064,results/figure5_angle_psnr_grid/sigma50/val_images/tv
val_images,tv,50.0,30,150.0,group_avg,8,0.001103649437995,29.634285975630554,20,29.57168853528526,results/figure5_angle_psnr_grid/sigma50/val_images/tv
val_images,tv,50.0,30,150.0,group_avg,16,0.0010939750026304,29.672848535820243,20,29.60992601534316,results/figure5_angle_psnr_grid/sigma50/val_images/tv
val_images,tv,50.0,30,150.0,group_avg,32,0.0010934909827662,29.674178818321018,20,29.61184793925841,results/figure5_angle_psnr_grid/sigma50/val_images/tv
val_images,tv,50.0,30,150.0,vanilla,0,0.0011492945479739,29.45557745760322,20,29.39568653499528,results/figure5_angle_psnr_grid/sigma50/val_images/tv
val_images,tv,50.0,31,155.0,group_avg,4,0.0012596591103353,29.057899185437982,20,28.99746968002031,results/figure5_angle_psnr_grid/sigma50/val_images/tv
val_images,tv,50.0,31,155.0,group_avg,8,0.001224334525326,29.18357780995576,20,29.12099903551944,results/figure5_angle_psnr_grid/sigma50/val_images/tv
val_images,tv,50.0,31,155.0,group_avg,16,0.0012119641778497,29.22816599917803,20,29.165102164668333,results/figure5_angle_psnr_grid/sigma50/val_images/tv
val_images,tv,50.0,31,155.0,group_avg,32,0.0012109179896275,29.23142992871457,20,29.168852687960744,results/figure5_angle_psnr_grid/sigma50/val_images/tv
val_images,tv,50.0,31,155.0,vanilla,0,0.0012743365676936,29.00719124430961,20,28.947158544277748,results/figure5_angle_psnr_grid/sigma50/val_images/tv
val_images,tv,50.0,32,160.0,group_avg,4,0.0014123150963775,28.559882840240004,20,28.50068398644366,results/figure5_angle_psnr_grid/sigma50/val_images/tv
val_images,tv,50.0,32,160.0,group_avg,8,0.0013715876961378,28.68922560043822,20,28.627764193892617,results/figure5_angle_psnr_grid/sigma50/val_images/tv
val_images,tv,50.0,32,160.0,group_avg,16,0.0013617011437896,28.72127587448267,20,28.6591819774252,results/figure5_angle_psnr_grid/sigma50/val_images/tv
val_images,tv,50.0,32,160.0,group_avg,32,0.0013572353363135,28.735603934825207,20,28.673448418016,results/figure5_angle_psnr_grid/sigma50/val_images/tv
val_images,tv,50.0,32,160.0,vanilla,0,0.0014283947496296,28.50980209743072,20,28.451517548185453,results/figure5_angle_psnr_grid/sigma50/val_images/tv
val_images,tv,50.0,33,165.0,group_avg,4,0.0016003082810395,28.017670285871795,20,27.957963474329198,results/figure5_angle_psnr_grid/sigma50/val_images/tv
val_images,tv,50.0,33,165.0,group_avg,8,0.0015535453367268,28.149067226736538,20,28.08676068316324,results/figure5_angle_psnr_grid/sigma50/val_images/tv
val_images,tv,50.0,33,165.0,group_avg,16,0.0015413960024246,28.18362400931948,20,28.120857716813777,results/figure5_angle_psnr_grid/sigma50/val_images/tv
val_images,tv,50.0,33,165.0,group_avg,32,0.0015356425082622,28.199825434037315,20,28.137098746425323,results/figure5_angle_psnr_grid/sigma50/val_images/tv
val_images,tv,50.0,33,165.0,vanilla,0,0.0016184893121155,27.967977816045607,20,27.908901641666187,results/figure5_angle_psnr_grid/sigma50/val_images/tv
val_images,tv,50.0,34,170.0,group_avg,4,0.0018443460061855,27.400605856892888,20,27.34157600375276,results/figure5_angle_psnr_grid/sigma50/val_images/tv
val_images,tv,50.0,34,170.0,group_avg,8,0.0017863966251366,27.542578801278943,20,27.48022110405681,results/figure5_angle_psnr_grid/sigma50/val_images/tv
val_images,tv,50.0,34,170.0,group_avg,16,0.0017685635011252,27.58712635438333,20,27.52379342016496,results/figure5_angle_psnr_grid/sigma50/val_images/tv
val_images,tv,50.0,34,170.0,group_avg,32,0.0017637566140008,27.59879870846978,20,27.53561344651534,results/figure5_angle_psnr_grid/sigma50/val_images/tv
val_images,tv,50.0,34,170.0,vanilla,0,0.0018652469256023,27.35076898684936,20,27.292636671646704,results/figure5_angle_psnr_grid/sigma50/val_images/tv
val_images,tv,50.0,35,175.0,group_avg,4,0.0021379709616303,26.75946983669911,20,26.69998197765851,results/figure5_angle_psnr_grid/sigma50/val_images/tv
val_images,tv,50.0,35,175.0,group_avg,8,0.0020708170011639,26.90158474605676,20,26.83858278168941,results/figure5_angle_psnr_grid/sigma50/val_images/tv
val_images,tv,50.0,35,175.0,group_avg,16,0.0020481017678976,26.95018078205213,20,26.88648467550557,results/figure5_angle_psnr_grid/sigma50/val_images/tv
val_images,tv,50.0,35,175.0,group_avg,32,0.0020448291376233,26.956773100878348,20,26.893429750343792,results/figure5_angle_psnr_grid/sigma50/val_images/tv
val_images,tv,50.0,35,175.0,vanilla,0,0.0021633139029145,26.70760149185686,20,26.648804586411263,results/figure5_angle_psnr_grid/sigma50/val_images/tv
val_images,wavelet,50.0,0,0.0,group_avg,4,0.0032959394195894,25.05651374722475,20,24.82020779371711,results/figure5_angle_psnr_grid/sigma50/val_images/wavelet
val_images,wavelet,50.0,0,0.0,group_avg,8,0.0029892048890258,25.487617711586044,20,25.244443161003225,results/figure5_angle_psnr_grid/sigma50/val_images/wavelet
val_images,wavelet,50.0,0,0.0,group_avg,16,0.0028080094875138,25.77803203684158,20,25.51601429174734,results/figure5_angle_psnr_grid/sigma50/val_images/wavelet
val_images,wavelet,50.0,0,0.0,group_avg,32,0.0027139684438893,25.934033549806337,20,25.6639520631682,results/figure5_angle_psnr_grid/sigma50/val_images/wavelet
val_images,wavelet,50.0,0,0.0,vanilla,0,0.0035141941486997,24.75358151087833,20,24.54174248708744,results/figure5_angle_psnr_grid/sigma50/val_images/wavelet
val_images,wavelet,50.0,1,5.0,group_avg,4,0.0029285534992814,25.516965413870174,20,25.33346837802839,results/figure5_angle_psnr_grid/sigma50/val_images/wavelet
val_images,wavelet,50.0,1,5.0,group_avg,8,0.0026393781155347,25.989303291507756,20,25.78498388587393,results/figure5_angle_psnr_grid/sigma50/val_images/wavelet
val_images,wavelet,50.0,1,5.0,group_avg,16,0.0024751434773206,26.291600436457426,20,26.063996211334025,results/figure5_angle_psnr_grid/sigma50/val_images/wavelet
val_images,wavelet,50.0,1,5.0,group_avg,32,0.0023910772874951,26.453955234040205,20,26.21406385828944,results/figure5_angle_psnr_grid/sigma50/val_images/wavelet
val_images,wavelet,50.0,1,5.0,vanilla,0,0.0029285534545779,25.51696548371595,20,25.33346844432213,results/figure5_angle_psnr_grid/sigma50/val_images/wavelet
val_images,wavelet,50.0,2,10.0,group_avg,4,0.0022468845212792,26.686672202643667,20,26.48419247589749,results/figure5_angle_psnr_grid/sigma50/val_images/wavelet
val_images,wavelet,50.0,2,10.0,group_avg,8,0.0022015357527305,26.78947952964708,20,26.572742572462467,results/figure5_angle_psnr_grid/sigma50/val_images/wavelet
val_images,wavelet,50.0,2,10.0,group_avg,16,0.0021580917912855,26.88768484499342,20,26.65930087178129,results/figure5_angle_psnr_grid/sigma50/val_images/wavelet
val_images,wavelet,50.0,2,10.0,group_avg,32,0.0021348366211552,26.942021251675744,20,26.70635355882855,results/figure5_angle_psnr_grid/sigma50/val_images/wavelet
val_images,wavelet,50.0,2,10.0,vanilla,0,0.0026693262918685,25.900155779962013,20,25.735983358802763,results/figure5_angle_psnr_grid/sigma50/val_images/wavelet
val_images,wavelet,50.0,3,15.0,group_avg,4,0.0021812837822233,26.822983795048327,20,26.612878295903485,results/figure5_angle_psnr_grid/sigma50/val_images/wavelet
val_images,wavelet,50.0,3,15.0,group_avg,8,0.0020616026070973,27.07773056169973,20,26.8579504524913,results/figure5_angle_psnr_grid/sigma50/val_images/wavelet
val_images,wavelet,50.0,3,15.0,group_avg,16,0.0019995552659295,27.221763234821065,20,26.990665878512573,results/figure5_angle_psnr_grid/sigma50/val_images/wavelet
val_images,wavelet,50.0,3,15.0,group_avg,32,0.0019708297985848,27.28871505648278,20,27.0535087989462,results/figure5_angle_psnr_grid/sigma50/val_images/wavelet
val_images,wavelet,50.0,3,15.0,vanilla,0,0.0024822243188226,26.20341522304225,20,26.051589738345484,results/figure5_angle_psnr_grid/sigma50/val_images/wavelet
val_images,wavelet,50.0,4,20.0,group_avg,4,0.0019881651799549,27.209820882230407,20,27.01547536556977,results/figure5_angle_psnr_grid/sigma50/val_images/wavelet
val_images,wavelet,50.0,4,20.0,group_avg,8,0.0018835627386707,27.44644267290397,20,27.25019909517137,results/figure5_angle_psnr_grid/sigma50/val_images/wavelet
val_images,wavelet,50.0,4,20.0,group_avg,16,0.0018232763282001,27.59945507766837,20,27.39147506485945,results/figure5_angle_psnr_grid/sigma50/val_images/wavelet
val_images,wavelet,50.0,4,20.0,group_avg,32,0.0018047099560825,27.644946118834454,20,27.43592585777438,results/figure5_angle_psnr_grid/sigma50/val_images/wavelet
val_images,wavelet,50.0,4,20.0,vanilla,0,0.0023006194653164,26.51136340575913,20,26.381552100059533,results/figure5_angle_psnr_grid/sigma50/val_images/wavelet
val_images,wavelet,50.0,5,25.0,group_avg,4,0.0018576277332099,27.454101777743244,20,27.310413138145115,results/figure5_angle_psnr_grid/sigma50/val_images/wavelet
val_images,wavelet,50.0,5,25.0,group_avg,8,0.0017440695687744,27.746669958086283,20,27.58436195589069,results/figure5_angle_psnr_grid/sigma50/val_images/wavelet
val_images,wavelet,50.0,5,25.0,group_avg,16,0.0016945085543666,27.88882566277972,20,27.70956234377601,results/figure5_angle_psnr_grid/sigma50/val_images/wavelet
val_images,wavelet,50.0,5,25.0,group_avg,32,0.0016723321694277,27.952264486139853,20,27.76677455951003,results/figure5_angle_psnr_grid/sigma50/val_images/wavelet
val_images,wavelet,50.0,5,25.0,vanilla,0,0.0021394343897423,26.82587499075713,20,26.697010275300293,results/figure5_angle_psnr_grid/sigma50/val_images/wavelet
val_images,wavelet,50.0,6,30.0,group_avg,4,0.0017500796309567,27.73665779723383,20,27.56942189886104,results/figure5_angle_psnr_grid/sigma50/val_images/wavelet
val_images,wavelet,50.0,6,30.0,group_avg,8,0.0016237625167279,28.069016727712302,20,27.89477488159143,results/figure5_angle_psnr_grid/sigma50/val_images/wavelet
val_images,wavelet,50.0,6,30.0,group_avg,16,0.0015799699322592,28.20025284480728,20,28.01351177841861,results/figure5_angle_psnr_grid/sigma50/val_images/wavelet
val_images,wavelet,50.0,6,30.0,group_avg,32,0.001559729600383,28.260143232854148,20,28.069506857738883,results/figure5_angle_psnr_grid/sigma50/val_images/wavelet
val_images,wavelet,50.0,6,30.0,vanilla,0,0.0020267143286922,27.09209813251109,20,26.932074620696422,results/figure5_angle_psnr_grid/sigma50/val_images/wavelet
val_images,wavelet,50.0,7,35.0,group_avg,4,0.0016408126415841,28.05829572777868,20,27.84941006620018,results/figure5_angle_psnr_grid/sigma50/val_images/wavelet
val_images,wavelet,50.0,7,35.0,group_avg,8,0.0015360039576155,28.344420401785584,20,28.13607665314673,results/figure5_angle_psnr_grid/sigma50/val_images/wavelet
val_images,wavelet,50.0,7,35.0,group_avg,16,0.0014953542738761,28.468572521446468,20,28.252559036859296,results/figure5_angle_psnr_grid/sigma50/val_images/wavelet
val_images,wavelet,50.0,7,35.0,group_avg,32,0.0014724949965479,28.536306084863263,20,28.3194617224564,results/figure5_angle_psnr_grid/sigma50/val_images/wavelet
val_images,wavelet,50.0,7,35.0,vanilla,0,0.0019233161566951,27.35182233701253,20,27.15949320118084,results/figure5_angle_psnr_grid/sigma50/val_images/wavelet
val_images,wavelet,50.0,8,40.0,group_avg,4,0.0015535674243814,28.287298895570736,20,28.08669893743812,results/figure5_angle_psnr_grid/sigma50/val_images/wavelet
val_images,wavelet,50.0,8,40.0,group_avg,8,0.001452328708339,28.595126376636152,20,28.37935077808475,results/figure5_angle_psnr_grid/sigma50/val_images/wavelet
val_images,wavelet,50.0,8,40.0,group_avg,16,0.001410567480634,28.729831296728065,20,28.50606132645113,results/figure5_angle_psnr_grid/sigma50/val_images/wavelet
val_images,wavelet,50.0,8,40.0,group_avg,32,0.0013863515190442,28.81106988199224,20,28.58126637382775,results/figure5_angle_psnr_grid/sigma50/val_images/wavelet
val_images,wavelet,50.0,8,40.0,vanilla,0,0.0017871299211186,27.674308630957405,20,27.47843873921944,results/figure5_angle_psnr_grid/sigma50/val_images/wavelet
val_images,wavelet,50.0,9,45.0,group_avg,4,0.0016073276763916,28.17629623111594,20,27.938955771619906,results/figure5_angle_psnr_grid/sigma50/val_images/wavelet
val_images,wavelet,50.0,9,45.0,group_avg,8,0.0013327059936523,28.921880505641678,20,28.752656490989956,results/figure5_angle_psnr_grid/sigma50/val_images/wavelet
val_images,wavelet,50.0,9,45.0,group_avg,16,0.0013030469299316,29.04449030439628,20,28.85039942657853,results/figure5_angle_psnr_grid/sigma50/val_images/wavelet
val_images,wavelet,50.0,9,45.0,group_avg,32,0.001292243786621,29.098207939689637,20,28.886555473341232,results/figure5_angle_psnr_grid/sigma50/val_images/wavelet
val_images,wavelet,50.0,9,45.0,vanilla,0,0.0016567708801269,28.01753201886483,20,27.807375473300297,results/figure5_angle_psnr_grid/sigma50/val_images/wavelet
val_images,wavelet,50.0,10,50.0,group_avg,4,0.0015765629123601,28.237426230841056,20,28.02288694154457,results/figure5_angle_psnr_grid/sigma50/val_images/wavelet
val_images,wavelet,50.0,10,50.0,group_avg,8,0.0014492419760242,28.601615452013203,20,28.38859095496123,results/figure5_angle_psnr_grid/sigma50/val_images/wavelet
val_images,wavelet,50.0,10,50.0,group_avg,16,0.001408047657764,28.735358550661893,20,28.513826455109,results/figure5_angle_psnr_grid/sigma50/val_images/wavelet
val_images,wavelet,50.0,10,50.0,group_avg,32,0.0013840289594904,28.816742251178027,20,28.58854822584941,results/figure5_angle_psnr_grid/sigma50/val_images/wavelet
val_images,wavelet,50.0,10,50.0,vanilla,0,0.0018144437411754,27.63216512852401,20,27.41256493032909,results/figure5_angle_psnr_grid/sigma50/val_images/wavelet
val_images,wavelet,50.0,11,55.0,group_avg,4,0.0016387805404446,28.058542998784464,20,27.85479201679891,results/figure5_angle_psnr_grid/sigma50/val_images/wavelet
val_images,wavelet,50.0,11,55.0,group_avg,8,0.0015360946684352,28.34725358625861,20,28.13582018215913,results/figure5_angle_psnr_grid/sigma50/val_images/wavelet
val_images,wavelet,50.0,11,55.0,group_avg,16,0.0014963737438718,28.46707379001328,20,28.249599207569236,results/figure5_angle_psnr_grid/sigma50/val_images/wavelet
val_images,wavelet,50.0,11,55.0,group_avg,32,0.0014694994106602,28.54480532219405,20,28.328305837642485,results/figure5_angle_psnr_grid/sigma50/val_images/wavelet
val_images,wavelet,50.0,11,55.0,vanilla,0,0.0019115702292051,27.369701976479966,20,27.186097418008583,results/figure5_angle_psnr_grid/sigma50/val_images/wavelet
val_images,wavelet,50.0,12,60.0,group_avg,4,0.0017400066061346,27.74960017036937,20,27.594491028654677,results/figure5_angle_psnr_grid/sigma50/val_images/wavelet
val_images,wavelet,50.0,12,60.0,group_avg,8,0.0016334892594124,28.044125330986475,20,27.868837167705628,results/figure5_angle_psnr_grid/sigma50/val_images/wavelet
val_images,wavelet,50.0,12,60.0,group_avg,16,0.0015829086076081,28.19065041278304,20,28.005441592736403,results/figure5_angle_psnr_grid/sigma50/val_images/wavelet
val_images,wavelet,50.0,12,60.0,group_avg,32,0.0015588951377067,28.26177867922185,20,28.071830975417477,results/figure5_angle_psnr_grid/sigma50/val_images/wavelet
val_images,wavelet,50.0,12,60.0,vanilla,0,0.0020242129121341,27.083141532699965,20,26.93743809173208,results/figure5_angle_psnr_grid/sigma50/val_images/wavelet
val_images,wavelet,50.0,13,65.0,group_avg,4,0.0018439246230109,27.485045717746857,20,27.342568362539144,results/figure5_angle_psnr_grid/sigma50/val_images/wavelet
val_images,wavelet,50.0,13,65.0,group_avg,8,0.0017418242701112,27.75265949911227,20,27.589956623999385,results/figure5_angle_psnr_grid/sigma50/val_images/wavelet
val_images,wavelet,50.0,13,65.0,group_avg,16,0.0016901211512382,27.90115412896343,20,27.72082163180151,results/figure5_angle_psnr_grid/sigma50/val_images/wavelet
val_images,wavelet,50.0,13,65.0,group_avg,32,0.0016697124890577,27.9598503153558,20,27.773583044005616,results/figure5_angle_psnr_grid/sigma50/val_images/wavelet
val_images,wavelet,50.0,13,65.0,vanilla,0,0.00214443444261,26.815475016509996,20,26.686872260152104,results/figure5_angle_psnr_grid/sigma50/val_images/wavelet
val_images,wavelet,50.0,14,70.0,group_avg,4,0.0019772449566047,27.238273883907425,20,27.03939523548401,results/figure5_angle_psnr_grid/sigma50/val_images/wavelet
val_images,wavelet,50.0,14,70.0,group_avg,8,0.0018791388143275,27.45996212208108,20,27.26041136839489,results/figure5_angle_psnr_grid/sigma50/val_images/wavelet
val_images,wavelet,50.0,14,70.0,group_avg,16,0.0018232483635173,27.599786118913443,20,27.391541675720063,results/figure5_angle_psnr_grid/sigma50/val_images/wavelet
val_images,wavelet,50.0,14,70.0,group_avg,32,0.0018044080014002,27.647543579401816,20,27.436652557506317,results/figure5_angle_psnr_grid/sigma50/val_images/wavelet
val_images,wavelet,50.0,14,70.0,vanilla,0,0.0022958435349151,26.527859393317,20,26.39057713067806,results/figure5_angle_psnr_grid/sigma50/val_images/wavelet
val_images,wavelet,50.0,15,75.0,group_avg,4,0.0021812618191526,26.823655606995025,20,26.612922024686178,results/figure5_angle_psnr_grid/sigma50/val_images/wavelet
val_images,wavelet,50.0,15,75.0,group_avg,8,0.0020633198506123,27.07641001781996,20,26.85433443578606,results/figure5_angle_psnr_grid/sigma50/val_images/wavelet
val_images,wavelet,50.0,15,75.0,group_avg,16,0.0019948861823628,27.23151994150735,20,27.00081877812739,results/figure5_angle_psnr_grid/sigma50/val_images/wavelet
val_images,wavelet,50.0,15,75.0,group_avg,32,0.0019669633340104,27.29797321041668,20,27.06203735650245,results/figure5_angle_psnr_grid/sigma50/val_images/wavelet
val_images,wavelet,50.0,15,75.0,vanilla,0,0.0024791752973379,26.205116617057563,20,26.05692764085352,results/figure5_angle_psnr_grid/sigma50/val_images/wavelet
val_images,wavelet,50.0,16,80.0,group_avg,4,0.0022375594429347,26.7192533399421,20,26.502254184050557,results/figure5_angle_psnr_grid/sigma50/val_images/wavelet
val_images,wavelet,50.0,16,80.0,group_avg,8,0.0021975272710872,26.805495653231947,20,26.58065726670925,results/figure5_angle_psnr_grid/sigma50/val_images/wavelet
val_images,wavelet,50.0,16,80.0,group_avg,16,0.0021533059222536,26.90097706857269,20,26.66894265156353,results/figure5_angle_psnr_grid/sigma50/val_images/wavelet
val_images,wavelet,50.0,16,80.0,group_avg,32,0.0021293758591842,26.955274844684567,20,26.71747673854047,results/figure5_angle_psnr_grid/sigma50/val_images/wavelet
val_images,wavelet,50.0,16,80.0,vanilla,0,0.0026608490137662,25.92596062461559,20,25.749797681951524,results/figure5_angle_psnr_grid/sigma50/val_images/wavelet
val_images,wavelet,50.0,17,85.0,group_avg,4,0.0029069614633917,25.56470014395206,20,25.365607254869627,results/figure5_angle_psnr_grid/sigma50/val_images/wavelet
val_images,wavelet,50.0,17,85.0,group_avg,8,0.0026239376366138,26.021944799074163,20,25.8104649109376,results/figure5_angle_psnr_grid/sigma50/val_images/wavelet
val_images,wavelet,50.0,17,85.0,group_avg,16,0.002467506378889,26.30951083842959,20,26.0774171593786,results/figure5_angle_psnr_grid/sigma50/val_images/wavelet
val_images,wavelet,50.0,17,85.0,group_avg,32,0.002383306749165,26.469907921034764,20,26.228200571515792,results/figure5_angle_psnr_grid/sigma50/val_images/wavelet
val_images,wavelet,50.0,17,85.0,vanilla,0,0.0029069614261388,25.56470021494409,20,25.36560731052475,results/figure5_angle_psnr_grid/sigma50/val_images/wavelet
val_images,wavelet,50.0,18,90.0,group_avg,4,0.0032959393842828,25.05651384729987,20,24.820207840239338,results/figure5_angle_psnr_grid/sigma50/val_images/wavelet
val_images,wavelet,50.0,18,90.0,group_avg,8,0.0029892049066791,25.48761773912469,20,25.2444431353552,results/figure5_angle_psnr_grid/sigma50/val_images/wavelet
val_images,wavelet,50.0,18,90.0,group_avg,16,0.0028080096728732,25.77803179054872,20,25.51601400506533,results/figure5_angle_psnr_grid/sigma50/val_images/wavelet
val_images,wavelet,50.0,18,90.0,group_avg,32,0.002713968523329,25.934033502996,20,25.66395193604716,results/figure5_angle_psnr_grid/sigma50/val_images/wavelet
val_images,wavelet,50.0,18,90.0,vanilla,0,0.0035390188353181,24.70257232415659,20,24.511171259601188,results/figure5_angle_psnr_grid/sigma50/val_images/wavelet
val_images,wavelet,50.0,19,95.0,group_avg,4,0.0029285138249397,25.51702949502998,20,25.33352721412062,results/figure5_angle_psnr_grid/sigma50/val_images/wavelet
val_images,wavelet,50.0,19,95.0,group_avg,8,0.0026393736824393,25.98930514361724,20,25.784991180283544,results/figure5_angle_psnr_grid/sigma50/val_images/wavelet
val_images,wavelet,50.0,19,95.0,group_avg,16,0.0024750747308135,26.29171613733328,20,26.06411683724367,results/figure5_angle_psnr_grid/sigma50/val_images/wavelet
val_images,wavelet,50.0,19,95.0,group_avg,32,0.0023910554051399,26.453990523550413,20,26.21410360367808,results/figure5_angle_psnr_grid/sigma50/val_images/wavelet
val_images,wavelet,50.0,19,95.0,vanilla,0,0.002928513765335,25.517029583417887,20,25.333527302513478,results/figure5_angle_psnr_grid/sigma50/val_images/wavelet
val_images,wavelet,50.0,20,100.0,group_avg,4,0.0022468909119588,26.686630380510856,20,26.48418012353628,results/figure5_angle_psnr_grid/sigma50/val_images/wavelet
val_images,wavelet,50.0,20,100.0,group_avg,8,0.0022015028314364,26.78957696513941,20,26.572807516414677,results/figure5_angle_psnr_grid/sigma50/val_images/wavelet
val_images,wavelet,50.0,20,100.0,group_avg,16,0.0021580127122346,26.88789520195889,20,26.65946001341197,results/figure5_angle_psnr_grid/sigma50/val_images/wavelet
val_images,wavelet,50.0,20,100.0,group_avg,32,0.0021347630866759,26.942205369227672,20,26.70650315420426,results/figure5_angle_psnr_grid/sigma50/val_images/wavelet
val_images,wavelet,50.0,20,100.0,vanilla,0,0.002674825462016,25.8929476658666,20,25.72704551346065,results/figure5_angle_psnr_grid/sigma50/val_images/wavelet
val_images,wavelet,50.0,21,105.0,group_avg,4,0.0021813754965738,26.822832763344543,20,26.612695696100094,results/figure5_angle_psnr_grid/sigma50/val_images/wavelet
val_images,wavelet,50.0,21,105.0,group_avg,8,0.0020616321494058,27.07765381204265,20,26.85788821950024,results/figure5_angle_psnr_grid/sigma50/val_images/wavelet
val_images,wavelet,50.0,21,105.0,group_avg,16,0.0019996394902097,27.221577814273253,20,26.99048295098663,results/figure5_angle_psnr_grid/sigma50/val_images/wavelet
val_images,wavelet,50.0,21,105.0,group_avg,32,0.0019708643955762,27.28862822378732,20,27.053432561258933,results/figure5_angle_psnr_grid/sigma50/val_images/wavelet
val_images,wavelet,50.0,21,105.0,vanilla,0,0.0025001740382482,26.176975867652096,20,26.020297588399348,results/figure5_angle_psnr_grid/sigma50/val_images/wavelet
val_images,wavelet,50.0,22,110.0,group_avg,4,0.0019880868395256,27.2099880135884,20,27.01564649564901,results/figure5_angle_psnr_grid/sigma50/val_images/wavelet
val_images,wavelet,50.0,22,110.0,group_avg,8,0.0018835153019189,27.446566006598665,20,27.25030847182523,results/figure5_angle_psnr_grid/sigma50/val_images/wavelet
val_images,wavelet,50.0,22,110.0,group_avg,16,0.0018232783334005,27.59948369167329,20,27.39147028858392,results/figure5_angle_psnr_grid/sigma50/val_images/wavelet
val_images,wavelet,50.0,22,110.0,group_avg,32,0.0018047111061239,27.64495233246777,20,27.43592309025771,results/figure5_angle_psnr_grid/sigma50/val_images/wavelet
val_images,wavelet,50.0,22,110.0,vanilla,0,0.0023032521902969,26.51078246223713,20,26.37658507169059,results/figure5_angle_psnr_grid/sigma50/val_images/wavelet
val_images,wavelet,50.0,23,115.0,group_avg,4,0.0018580591613012,27.453054855833688,20,27.30940462022881,results/figure5_angle_psnr_grid/sigma50/val_images/wavelet
val_images,wavelet,50.0,23,115.0,group_avg,8,0.0017442347672418,27.746230459279,20,27.58395061114589,results/figure5_angle_psnr_grid/sigma50/val_images/wavelet
val_images,wavelet,50.0,23,115.0,group_avg,16,0.0016946172724379,27.88846929093973,20,27.70928371346897,results/figure5_angle_psnr_grid/sigma50/val_images/wavelet
val_images,wavelet,50.0,23,115.0,group_avg,32,0.0016724213367615,27.95199358194614,20,27.766543003546523,results/figure5_angle_psnr_grid/sigma50/val_images/wavelet
val_images,wavelet,50.0,23,115.0,vanilla,0,0.0021513360767307,26.79937751720036,20,26.67291739836347,results/figure5_angle_psnr_grid/sigma50/val_images/wavelet
val_images,wavelet,50.0,24,120.0,group_avg,4,0.001749715015723,27.73731615622363,20,27.57032681129486,results/figure5_angle_psnr_grid/sigma50/val_images/wavelet
val_images,wavelet,50.0,24,120.0,group_avg,8,0.0016236646003388,28.069173273493284,20,27.89503677844685,results/figure5_angle_psnr_grid/sigma50/val_images/wavelet
val_images,wavelet,50.0,24,120.0,group_avg,16,0.0015798338136725,28.20057506712381,20,28.01388595071473,results/figure5_angle_psnr_grid/sigma50/val_images/wavelet
val_images,wavelet,50.0,24,120.0,group_avg,32,0.0015596312999925,28.26037064928765,20,28.06978057609689,results/figure5_angle_psnr_grid/sigma50/val_images/wavelet
val_images,wavelet,50.0,24,120.0,vanilla,0,0.0020226954456289,27.099393126613585,20,26.94069503408075,results/figure5_angle_psnr_grid/sigma50/val_images/wavelet
val_images,wavelet,50.0,25,125.0,group_avg,4,0.001640809295752,28.05828970738984,20,27.84941892204292,results/figure5_angle_psnr_grid/sigma50/val_images/wavelet
val_images,wavelet,50.0,25,125.0,group_avg,8,0.0015360273569001,28.34432556907217,20,28.136010493794,results/figure5_angle_psnr_grid/sigma50/val_images/wavelet
val_images,wavelet,50.0,25,125.0,group_avg,16,0.0014953313233351,28.46860625592853,20,28.252625692433675,results/figure5_angle_psnr_grid/sigma50/val_images/wavelet
val_images,wavelet,50.0,25,125.0,group_avg,32,0.0014725200543887,28.53619475702481,20,28.319387818032848,results/figure5_angle_psnr_grid/sigma50/val_images/wavelet
val_images,wavelet,50.0,25,125.0,vanilla,0,0.0019203049294016,27.36051475327272,20,27.16629803253955,results/figure5_angle_psnr_grid/sigma50/val_images/wavelet
val_images,wavelet,50.0,26,130.0,group_avg,4,0.0015534657490249,28.287549356904982,20,28.08698317673542,results/figure5_angle_psnr_grid/sigma50/val_images/wavelet
val_images,wavelet,50.0,26,130.0,group_avg,8,0.0014522538887573,28.59532141578416,20,28.37957451922766,results/figure5_angle_psnr_grid/sigma50/val_images/wavelet
val_images,wavelet,50.0,26,130.0,group_avg,16,0.0014105597774058,28.729809605980968,20,28.50608504370429,results/figure5_angle_psnr_grid/sigma50/val_images/wavelet
val_images,wavelet,50.0,26,130.0,group_avg,32,0.001386333612996,28.811099385026047,20,28.58132246745237,results/figure5_angle_psnr_grid/sigma50/val_images/wavelet
val_images,wavelet,50.0,26,130.0,vanilla,0,0.0017878409693055,27.671634366097635,20,27.476711148604046,results/figure5_angle_psnr_grid/sigma50/val_images/wavelet
val_images,wavelet,50.0,27,135.0,group_avg,4,0.0016073573669433,28.176284120190616,20,27.93887554949787,results/figure5_angle_psnr_grid/sigma50/val_images/wavelet
val_images,wavelet,50.0,27,135.0,group_avg,8,0.001332529498291,28.92279415551664,20,28.7532316819016,results/figure5_angle_psnr_grid/sigma50/val_images/wavelet
val_images,wavelet,50.0,27,135.0,group_avg,16,0.001303047970581,29.04464531108648,20,28.850395958183743,results/figure5_angle_psnr_grid/sigma50/val_images/wavelet
val_images,wavelet,50.0,27,135.0,group_avg,32,0.0012923364318847,29.09804562630153,20,28.88624412431429,results/figure5_angle_psnr_grid/sigma50/val_images/wavelet
val_images,wavelet,50.0,27,135.0,vanilla,0,0.0016536753509521,28.02476335568668,20,27.81549746977554,results/figure5_angle_psnr_grid/sigma50/val_images/wavelet
val_images,wavelet,50.0,28,140.0,group_avg,4,0.0015764604093023,28.237729446065675,20,28.023169315050023,results/figure5_angle_psnr_grid/sigma50/val_images/wavelet
val_images,wavelet,50.0,28,140.0,group_avg,8,0.0014491883073436,28.60178505903871,20,28.38875178692568,results/figure5_angle_psnr_grid/sigma50/val_images/wavelet
val_images,wavelet,50.0,28,140.0,group_avg,16,0.0014079789024958,28.73555773863729,20,28.514038527210825,results/figure5_angle_psnr_grid/sigma50/val_images/wavelet
val_images,wavelet,50.0,28,140.0,group_avg,32,0.0013840077855059,28.81681301968893,20,28.58861466820894,results/figure5_angle_psnr_grid/sigma50/val_images/wavelet
val_images,wavelet,50.0,28,140.0,vanilla,0,0.0018116773028865,27.63593674447331,20,27.41919156579928,results/figure5_angle_psnr_grid/sigma50/val_images/wavelet
val_images,wavelet,50.0,29,145.0,group_avg,4,0.0016388758212687,28.058379244750437,20,27.854539519699784,results/figure5_angle_psnr_grid/sigma50/val_images/wavelet
val_images,wavelet,50.0,29,145.0,group_avg,8,0.0015362039141591,28.3470625792757,20,28.135511326663327,results/figure5_angle_psnr_grid/sigma50/val_images/wavelet
val_images,wavelet,50.0,29,145.0,group_avg,16,0.0014963708037039,28.467115278488954,20,28.2496077408647,results/figure5_angle_psnr_grid/sigma50/val_images/wavelet
val_images,wavelet,50.0,29,145.0,group_avg,32,0.0014695147433304,28.544754803273637,20,28.328260523848723,results/figure5_angle_psnr_grid/sigma50/val_images/wavelet
val_images,wavelet,50.0,29,145.0,vanilla,0,0.0019058636003407,27.38424633198432,20,27.199081843582825,results/figure5_angle_psnr_grid/sigma50/val_images/wavelet
val_images,wavelet,50.0,30,150.0,group_avg,4,0.0017395802102278,27.750496482862054,20,27.595555415894506,results/figure5_angle_psnr_grid/sigma50/val_images/wavelet
val_images,wavelet,50.0,30,150.0,group_avg,8,0.0016330496016028,28.045158776035475,20,27.870006239741283,results/figure5_angle_psnr_grid/sigma50/val_images/wavelet
val_images,wavelet,50.0,30,150.0,group_avg,16,0.001582635919134,28.1913599409595,20,28.006189818508357,results/figure5_angle_psnr_grid/sigma50/val_images/wavelet
val_images,wavelet,50.0,30,150.0,group_avg,32,0.0015587196292893,28.262224224401372,20,28.072319953966737,results/figure5_angle_psnr_grid/sigma50/val_images/wavelet
val_images,wavelet,50.0,30,150.0,vanilla,0,0.0020064495434507,27.11848273901993,20,26.97571757074634,results/figure5_angle_psnr_grid/sigma50/val_images/wavelet
val_images,wavelet,50.0,31,155.0,group_avg,4,0.0018440489562248,27.484750391780675,20,27.34227553382141,results/figure5_angle_psnr_grid/sigma50/val_images/wavelet
val_images,wavelet,50.0,31,155.0,group_avg,8,0.0017418569087864,27.75257133238225,20,27.58987524573422,results/figure5_angle_psnr_grid/sigma50/val_images/wavelet
val_images,wavelet,50.0,31,155.0,group_avg,16,0.0016901089934524,27.901173174097227,20,27.720852872628807,results/figure5_angle_psnr_grid/sigma50/val_images/wavelet
val_images,wavelet,50.0,31,155.0,group_avg,32,0.0016697156480638,27.959863671446463,20,27.773574827395784,results/figure5_angle_psnr_grid/sigma50/val_images/wavelet
val_images,wavelet,50.0,31,155.0,vanilla,0,0.0021325915131344,26.838610751964914,20,26.710923234445755,results/figure5_angle_psnr_grid/sigma50/val_images/wavelet
val_images,wavelet,50.0,32,160.0,group_avg,4,0.0019775414313887,27.23753117954893,20,27.03874408849235,results/figure5_angle_psnr_grid/sigma50/val_images/wavelet
val_images,wavelet,50.0,32,160.0,group_avg,8,0.001879308563392,27.45951247236652,20,27.260019072988584,results/figure5_angle_psnr_grid/sigma50/val_images/wavelet
val_images,wavelet,50.0,32,160.0,group_avg,16,0.0018232761561853,27.599711134724902,20,27.39147547458921,results/figure5_angle_psnr_grid/sigma50/val_images/wavelet
val_images,wavelet,50.0,32,160.0,group_avg,32,0.0018043844206361,27.647662585462825,20,27.43670931331009,results/figure5_angle_psnr_grid/sigma50/val_images/wavelet
val_images,wavelet,50.0,32,160.0,vanilla,0,0.0022991084828871,26.518354343993632,20,26.38440536165382,results/figure5_angle_psnr_grid/sigma50/val_images/wavelet
val_images,wavelet,50.0,33,165.0,group_avg,4,0.0021811271985139,26.824072119064027,20,26.613190065891548,results/figure5_angle_psnr_grid/sigma50/val_images/wavelet
val_images,wavelet,50.0,33,165.0,group_avg,8,0.0020632954410082,27.076539333004785,20,26.85438581424336,results/figure5_angle_psnr_grid/sigma50/val_images/wavelet
val_images,wavelet,50.0,33,165.0,group_avg,16,0.0019948901168789,27.231550029212837,20,27.00081021254124,results/figure5_angle_psnr_grid/sigma50/val_images/wavelet
val_images,wavelet,50.0,33,165.0,group_avg,32,0.0019669344938959,27.29802138875909,20,27.06210103432591,results/figure5_angle_psnr_grid/sigma50/val_images/wavelet
val_images,wavelet,50.0,33,165.0,vanilla,0,0.0025020202235464,26.170019782365245,20,26.017091842752315,results/figure5_angle_psnr_grid/sigma50/val_images/wavelet
val_images,wavelet,50.0,34,170.0,group_avg,4,0.0022374576471653,26.71953213314112,20,26.50245176694268,results/figure5_angle_psnr_grid/sigma50/val_images/wavelet
val_images,wavelet,50.0,34,170.0,group_avg,8,0.0021974113158282,26.805734660910428,20,26.58088643363918,results/figure5_angle_psnr_grid/sigma50/val_images/wavelet
val_images,wavelet,50.0,34,170.0,group_avg,16,0.0021532317019139,26.901109701380943,20,26.669092347150915,results/figure5_angle_psnr_grid/sigma50/val_images/wavelet
val_images,wavelet,50.0,34,170.0,group_avg,32,0.0021293263554548,26.9553792902527,20,26.71757770449416,results/figure5_angle_psnr_grid/sigma50/val_images/wavelet
val_images,wavelet,50.0,34,170.0,vanilla,0,0.002668864400215,25.915110803280857,20,25.73673491305927,results/figure5_angle_psnr_grid/sigma50/val_images/wavelet
val_images,wavelet,50.0,35,175.0,group_avg,4,0.0029069331884384,25.564728631383844,20,25.36564949731452,results/figure5_angle_psnr_grid/sigma50/val_images/wavelet
val_images,wavelet,50.0,35,175.0,group_avg,8,0.0026238578408956,26.022097107550376,20,25.810596984835072,results/figure5_angle_psnr_grid/sigma50/val_images/wavelet
val_images,wavelet,50.0,35,175.0,group_avg,16,0.0024674810245633,26.309600504591295,20,26.07746178459392,results/figure5_angle_psnr_grid/sigma50/val_images/wavelet
val_images,wavelet,50.0,35,175.0,group_avg,32,0.0023833072781562,26.469925423057912,20,26.228199607569618,results/figure5_angle_psnr_grid/sigma50/val_images/wavelet
val_images,wavelet,50.0,35,175.0,vanilla,0,0.0029069332331418,25.564728556653005,20,25.36564943052772,results/figure5_angle_psnr_grid/sigma50/val_images/wavelet
