[finish] waiting for aligned parameter sweeps
[wait] wavelet: 31680/31680
[wait] restormer: 7200/7200
[wait] restormer-aug: 7200/7200
[finish] selecting parameters
     denoiser problem algorithm           schedule  rho  step  red_input_sigma  lambda  mean_final_psnr  mean_gap_psnr  fail_rate   n
    restormer    blur   pnp_hqs          fixed15p0  1.6   0.5              0.0    0.15        23.746924       3.637057        0.0 144
    restormer    blur    red_gd          fixed15p0  0.8   8.0             15.0    0.02        22.589528       2.479662        0.0 144
    restormer inpaint   pnp_hqs          fixed15p0  0.1   0.5              0.0    0.15        26.772017      18.596539        0.0 144
    restormer inpaint    red_gd          fixed15p0  0.8   4.0             15.0    0.02        25.042630      16.867152        0.0 144
restormer-aug    blur   pnp_hqs          fixed15p0  1.6   0.5              0.0    0.15        23.166586       3.056720        0.0 144
restormer-aug    blur    red_gd          fixed15p0  0.8   8.0             15.0    0.02        23.107848       2.997982        0.0 144
restormer-aug inpaint   pnp_hqs          fixed15p0  0.1   0.5              0.0    0.15        26.543795      18.368317        0.0 144
restormer-aug inpaint    red_gd          fixed15p0  0.8   2.0             15.0    0.02        24.439405      16.263927        0.0 144
      wavelet    blur   pnp_hqs          fixed10p0  0.4   0.5              0.0    0.15        21.599682       1.489816        0.0 144
      wavelet    blur    red_gd          fixed10p0  0.8   1.0             15.0    0.02        21.989301       1.879435        0.0 144
      wavelet inpaint   pnp_hqs linear25p0_to_10p0  0.1   0.5              0.0    0.15        23.314189      15.138711        0.0 144
      wavelet inpaint    red_gd          fixed10p0  0.8   1.0             15.0    0.02        24.165184      15.989706        0.0 144
[finish] running selected vanilla+G16 experiments
+ /home/yuqi/anaconda3/envs/restormer37/bin/python -u /home/yuqi/Documents/inference_group_averaging/scripts/run_downstream_solver_sweep.py --save-dir /home/yuqi/Documents/inference_group_averaging/results/downstream/solver_sweep_rectangle_angles5_sigma15/selected_final/restormer/blur/pnp_hqs --denoisers restormer --dataset val_images --eval-mask none --problems blur --algorithms pnp_hqs --modes vanilla G16_fixed --max-images 2 --num-iter 20 --save-image-count 1 --measurement-sigma 15.0 --input-pad 0 --rotation-angles 0 5 10 15 20 25 30 35 40 45 50 55 60 65 70 75 80 85 90 --input-poses all --exclude-upright --pnp-num-iter 20 --red-num-iter 40 --pnp-restormer-rhos 1.6
[solver-sweep] denoiser=restormer problem=blur algorithm=pnp_hqs schedule=fixed15p0 rho=1.6 step=0.5 lam=0.15 image=test001.png input=rot0_padded mode=vanilla
[solver-sweep] denoiser=restormer problem=blur algorithm=pnp_hqs schedule=fixed15p0 rho=1.6 step=0.5 lam=0.15 image=test001.png input=rot0_padded mode=G16_fixed
[solver-sweep] denoiser=restormer problem=blur algorithm=pnp_hqs schedule=fixed15p0 rho=1.6 step=0.5 lam=0.15 image=test001.png input=rot5_padded mode=vanilla
[solver-sweep] denoiser=restormer problem=blur algorithm=pnp_hqs schedule=fixed15p0 rho=1.6 step=0.5 lam=0.15 image=test001.png input=rot5_padded mode=G16_fixed
[solver-sweep] denoiser=restormer problem=blur algorithm=pnp_hqs schedule=fixed15p0 rho=1.6 step=0.5 lam=0.15 image=test001.png input=rot10_padded mode=vanilla
[solver-sweep] denoiser=restormer problem=blur algorithm=pnp_hqs schedule=fixed15p0 rho=1.6 step=0.5 lam=0.15 image=test001.png input=rot10_padded mode=G16_fixed
[solver-sweep] denoiser=restormer problem=blur algorithm=pnp_hqs schedule=fixed15p0 rho=1.6 step=0.5 lam=0.15 image=test001.png input=rot15_padded mode=vanilla
[solver-sweep] denoiser=restormer problem=blur algorithm=pnp_hqs schedule=fixed15p0 rho=1.6 step=0.5 lam=0.15 image=test001.png input=rot15_padded mode=G16_fixed
[solver-sweep] denoiser=restormer problem=blur algorithm=pnp_hqs schedule=fixed15p0 rho=1.6 step=0.5 lam=0.15 image=test001.png input=rot20_padded mode=vanilla
[solver-sweep] denoiser=restormer problem=blur algorithm=pnp_hqs schedule=fixed15p0 rho=1.6 step=0.5 lam=0.15 image=test001.png input=rot20_padded mode=G16_fixed
[solver-sweep] denoiser=restormer problem=blur algorithm=pnp_hqs schedule=fixed15p0 rho=1.6 step=0.5 lam=0.15 image=test001.png input=rot25_padded mode=vanilla
[solver-sweep] denoiser=restormer problem=blur algorithm=pnp_hqs schedule=fixed15p0 rho=1.6 step=0.5 lam=0.15 image=test001.png input=rot25_padded mode=G16_fixed
[solver-sweep] denoiser=restormer problem=blur algorithm=pnp_hqs schedule=fixed15p0 rho=1.6 step=0.5 lam=0.15 image=test001.png input=rot30_padded mode=vanilla
[solver-sweep] denoiser=restormer problem=blur algorithm=pnp_hqs schedule=fixed15p0 rho=1.6 step=0.5 lam=0.15 image=test001.png input=rot30_padded mode=G16_fixed
[solver-sweep] denoiser=restormer problem=blur algorithm=pnp_hqs schedule=fixed15p0 rho=1.6 step=0.5 lam=0.15 image=test001.png input=rot35_padded mode=vanilla
[solver-sweep] denoiser=restormer problem=blur algorithm=pnp_hqs schedule=fixed15p0 rho=1.6 step=0.5 lam=0.15 image=test001.png input=rot35_padded mode=G16_fixed
[solver-sweep] denoiser=restormer problem=blur algorithm=pnp_hqs schedule=fixed15p0 rho=1.6 step=0.5 lam=0.15 image=test001.png input=rot40_padded mode=vanilla
[solver-sweep] denoiser=restormer problem=blur algorithm=pnp_hqs schedule=fixed15p0 rho=1.6 step=0.5 lam=0.15 image=test001.png input=rot40_padded mode=G16_fixed
[solver-sweep] denoiser=restormer problem=blur algorithm=pnp_hqs schedule=fixed15p0 rho=1.6 step=0.5 lam=0.15 image=test001.png input=rot45_padded mode=vanilla
[solver-sweep] denoiser=restormer problem=blur algorithm=pnp_hqs schedule=fixed15p0 rho=1.6 step=0.5 lam=0.15 image=test001.png input=rot45_padded mode=G16_fixed
[solver-sweep] denoiser=restormer problem=blur algorithm=pnp_hqs schedule=fixed15p0 rho=1.6 step=0.5 lam=0.15 image=test001.png input=rot50_padded mode=vanilla
[solver-sweep] denoiser=restormer problem=blur algorithm=pnp_hqs schedule=fixed15p0 rho=1.6 step=0.5 lam=0.15 image=test001.png input=rot50_padded mode=G16_fixed
[solver-sweep] denoiser=restormer problem=blur algorithm=pnp_hqs schedule=fixed15p0 rho=1.6 step=0.5 lam=0.15 image=test001.png input=rot55_padded mode=vanilla
[solver-sweep] denoiser=restormer problem=blur algorithm=pnp_hqs schedule=fixed15p0 rho=1.6 step=0.5 lam=0.15 image=test001.png input=rot55_padded mode=G16_fixed
[solver-sweep] denoiser=restormer problem=blur algorithm=pnp_hqs schedule=fixed15p0 rho=1.6 step=0.5 lam=0.15 image=test001.png input=rot60_padded mode=vanilla
[solver-sweep] denoiser=restormer problem=blur algorithm=pnp_hqs schedule=fixed15p0 rho=1.6 step=0.5 lam=0.15 image=test001.png input=rot60_padded mode=G16_fixed
[solver-sweep] denoiser=restormer problem=blur algorithm=pnp_hqs schedule=fixed15p0 rho=1.6 step=0.5 lam=0.15 image=test001.png input=rot65_padded mode=vanilla
[solver-sweep] denoiser=restormer problem=blur algorithm=pnp_hqs schedule=fixed15p0 rho=1.6 step=0.5 lam=0.15 image=test001.png input=rot65_padded mode=G16_fixed
[solver-sweep] denoiser=restormer problem=blur algorithm=pnp_hqs schedule=fixed15p0 rho=1.6 step=0.5 lam=0.15 image=test001.png input=rot70_padded mode=vanilla
[solver-sweep] denoiser=restormer problem=blur algorithm=pnp_hqs schedule=fixed15p0 rho=1.6 step=0.5 lam=0.15 image=test001.png input=rot70_padded mode=G16_fixed
[solver-sweep] denoiser=restormer problem=blur algorithm=pnp_hqs schedule=fixed15p0 rho=1.6 step=0.5 lam=0.15 image=test001.png input=rot75_padded mode=vanilla
[solver-sweep] denoiser=restormer problem=blur algorithm=pnp_hqs schedule=fixed15p0 rho=1.6 step=0.5 lam=0.15 image=test001.png input=rot75_padded mode=G16_fixed
[solver-sweep] denoiser=restormer problem=blur algorithm=pnp_hqs schedule=fixed15p0 rho=1.6 step=0.5 lam=0.15 image=test001.png input=rot80_padded mode=vanilla
[solver-sweep] denoiser=restormer problem=blur algorithm=pnp_hqs schedule=fixed15p0 rho=1.6 step=0.5 lam=0.15 image=test001.png input=rot80_padded mode=G16_fixed
[solver-sweep] denoiser=restormer problem=blur algorithm=pnp_hqs schedule=fixed15p0 rho=1.6 step=0.5 lam=0.15 image=test001.png input=rot85_padded mode=vanilla
[solver-sweep] denoiser=restormer problem=blur algorithm=pnp_hqs schedule=fixed15p0 rho=1.6 step=0.5 lam=0.15 image=test001.png input=rot85_padded mode=G16_fixed
[solver-sweep] denoiser=restormer problem=blur algorithm=pnp_hqs schedule=fixed15p0 rho=1.6 step=0.5 lam=0.15 image=test001.png input=rot90_padded mode=vanilla
[solver-sweep] denoiser=restormer problem=blur algorithm=pnp_hqs schedule=fixed15p0 rho=1.6 step=0.5 lam=0.15 image=test001.png input=rot90_padded mode=G16_fixed
[solver-sweep] denoiser=restormer problem=blur algorithm=pnp_hqs schedule=fixed15p0 rho=1.6 step=0.5 lam=0.15 image=test002.png input=rot0_padded mode=vanilla
[solver-sweep] denoiser=restormer problem=blur algorithm=pnp_hqs schedule=fixed15p0 rho=1.6 step=0.5 lam=0.15 image=test002.png input=rot0_padded mode=G16_fixed
[solver-sweep] denoiser=restormer problem=blur algorithm=pnp_hqs schedule=fixed15p0 rho=1.6 step=0.5 lam=0.15 image=test002.png input=rot5_padded mode=vanilla
[solver-sweep] denoiser=restormer problem=blur algorithm=pnp_hqs schedule=fixed15p0 rho=1.6 step=0.5 lam=0.15 image=test002.png input=rot5_padded mode=G16_fixed
[solver-sweep] denoiser=restormer problem=blur algorithm=pnp_hqs schedule=fixed15p0 rho=1.6 step=0.5 lam=0.15 image=test002.png input=rot10_padded mode=vanilla
[solver-sweep] denoiser=restormer problem=blur algorithm=pnp_hqs schedule=fixed15p0 rho=1.6 step=0.5 lam=0.15 image=test002.png input=rot10_padded mode=G16_fixed
[solver-sweep] denoiser=restormer problem=blur algorithm=pnp_hqs schedule=fixed15p0 rho=1.6 step=0.5 lam=0.15 image=test002.png input=rot15_padded mode=vanilla
[solver-sweep] denoiser=restormer problem=blur algorithm=pnp_hqs schedule=fixed15p0 rho=1.6 step=0.5 lam=0.15 image=test002.png input=rot15_padded mode=G16_fixed
[solver-sweep] denoiser=restormer problem=blur algorithm=pnp_hqs schedule=fixed15p0 rho=1.6 step=0.5 lam=0.15 image=test002.png input=rot20_padded mode=vanilla
[solver-sweep] denoiser=restormer problem=blur algorithm=pnp_hqs schedule=fixed15p0 rho=1.6 step=0.5 lam=0.15 image=test002.png input=rot20_padded mode=G16_fixed
[solver-sweep] denoiser=restormer problem=blur algorithm=pnp_hqs schedule=fixed15p0 rho=1.6 step=0.5 lam=0.15 image=test002.png input=rot25_padded mode=vanilla
[solver-sweep] denoiser=restormer problem=blur algorithm=pnp_hqs schedule=fixed15p0 rho=1.6 step=0.5 lam=0.15 image=test002.png input=rot25_padded mode=G16_fixed
[solver-sweep] denoiser=restormer problem=blur algorithm=pnp_hqs schedule=fixed15p0 rho=1.6 step=0.5 lam=0.15 image=test002.png input=rot30_padded mode=vanilla
[solver-sweep] denoiser=restormer problem=blur algorithm=pnp_hqs schedule=fixed15p0 rho=1.6 step=0.5 lam=0.15 image=test002.png input=rot30_padded mode=G16_fixed
[solver-sweep] denoiser=restormer problem=blur algorithm=pnp_hqs schedule=fixed15p0 rho=1.6 step=0.5 lam=0.15 image=test002.png input=rot35_padded mode=vanilla
[solver-sweep] denoiser=restormer problem=blur algorithm=pnp_hqs schedule=fixed15p0 rho=1.6 step=0.5 lam=0.15 image=test002.png input=rot35_padded mode=G16_fixed
[solver-sweep] denoiser=restormer problem=blur algorithm=pnp_hqs schedule=fixed15p0 rho=1.6 step=0.5 lam=0.15 image=test002.png input=rot40_padded mode=vanilla
[solver-sweep] denoiser=restormer problem=blur algorithm=pnp_hqs schedule=fixed15p0 rho=1.6 step=0.5 lam=0.15 image=test002.png input=rot40_padded mode=G16_fixed
[solver-sweep] denoiser=restormer problem=blur algorithm=pnp_hqs schedule=fixed15p0 rho=1.6 step=0.5 lam=0.15 image=test002.png input=rot45_padded mode=vanilla
[solver-sweep] denoiser=restormer problem=blur algorithm=pnp_hqs schedule=fixed15p0 rho=1.6 step=0.5 lam=0.15 image=test002.png input=rot45_padded mode=G16_fixed
[solver-sweep] denoiser=restormer problem=blur algorithm=pnp_hqs schedule=fixed15p0 rho=1.6 step=0.5 lam=0.15 image=test002.png input=rot50_padded mode=vanilla
[solver-sweep] denoiser=restormer problem=blur algorithm=pnp_hqs schedule=fixed15p0 rho=1.6 step=0.5 lam=0.15 image=test002.png input=rot50_padded mode=G16_fixed
[solver-sweep] denoiser=restormer problem=blur algorithm=pnp_hqs schedule=fixed15p0 rho=1.6 step=0.5 lam=0.15 image=test002.png input=rot55_padded mode=vanilla
[solver-sweep] denoiser=restormer problem=blur algorithm=pnp_hqs schedule=fixed15p0 rho=1.6 step=0.5 lam=0.15 image=test002.png input=rot55_padded mode=G16_fixed
[solver-sweep] denoiser=restormer problem=blur algorithm=pnp_hqs schedule=fixed15p0 rho=1.6 step=0.5 lam=0.15 image=test002.png input=rot60_padded mode=vanilla
[solver-sweep] denoiser=restormer problem=blur algorithm=pnp_hqs schedule=fixed15p0 rho=1.6 step=0.5 lam=0.15 image=test002.png input=rot60_padded mode=G16_fixed
[solver-sweep] denoiser=restormer problem=blur algorithm=pnp_hqs schedule=fixed15p0 rho=1.6 step=0.5 lam=0.15 image=test002.png input=rot65_padded mode=vanilla
[solver-sweep] denoiser=restormer problem=blur algorithm=pnp_hqs schedule=fixed15p0 rho=1.6 step=0.5 lam=0.15 image=test002.png input=rot65_padded mode=G16_fixed
[solver-sweep] denoiser=restormer problem=blur algorithm=pnp_hqs schedule=fixed15p0 rho=1.6 step=0.5 lam=0.15 image=test002.png input=rot70_padded mode=vanilla
[solver-sweep] denoiser=restormer problem=blur algorithm=pnp_hqs schedule=fixed15p0 rho=1.6 step=0.5 lam=0.15 image=test002.png input=rot70_padded mode=G16_fixed
[solver-sweep] denoiser=restormer problem=blur algorithm=pnp_hqs schedule=fixed15p0 rho=1.6 step=0.5 lam=0.15 image=test002.png input=rot75_padded mode=vanilla
[solver-sweep] denoiser=restormer problem=blur algorithm=pnp_hqs schedule=fixed15p0 rho=1.6 step=0.5 lam=0.15 image=test002.png input=rot75_padded mode=G16_fixed
[solver-sweep] denoiser=restormer problem=blur algorithm=pnp_hqs schedule=fixed15p0 rho=1.6 step=0.5 lam=0.15 image=test002.png input=rot80_padded mode=vanilla
[solver-sweep] denoiser=restormer problem=blur algorithm=pnp_hqs schedule=fixed15p0 rho=1.6 step=0.5 lam=0.15 image=test002.png input=rot80_padded mode=G16_fixed
[solver-sweep] denoiser=restormer problem=blur algorithm=pnp_hqs schedule=fixed15p0 rho=1.6 step=0.5 lam=0.15 image=test002.png input=rot85_padded mode=vanilla
[solver-sweep] denoiser=restormer problem=blur algorithm=pnp_hqs schedule=fixed15p0 rho=1.6 step=0.5 lam=0.15 image=test002.png input=rot85_padded mode=G16_fixed
[solver-sweep] denoiser=restormer problem=blur algorithm=pnp_hqs schedule=fixed15p0 rho=1.6 step=0.5 lam=0.15 image=test002.png input=rot90_padded mode=vanilla
[solver-sweep] denoiser=restormer problem=blur algorithm=pnp_hqs schedule=fixed15p0 rho=1.6 step=0.5 lam=0.15 image=test002.png input=rot90_padded mode=G16_fixed
wrote /home/yuqi/Documents/inference_group_averaging/results/downstream/solver_sweep_rectangle_angles5_sigma15/selected_final/restormer/blur/pnp_hqs/downstream_solver_sweep_summary.csv
+ /home/yuqi/anaconda3/envs/restormer37/bin/python -u /home/yuqi/Documents/inference_group_averaging/scripts/run_downstream_solver_sweep.py --save-dir /home/yuqi/Documents/inference_group_averaging/results/downstream/solver_sweep_rectangle_angles5_sigma15/selected_final/restormer/blur/red_gd --denoisers restormer --dataset val_images --eval-mask none --problems blur --algorithms red_gd --modes vanilla G16_fixed --max-images 2 --num-iter 20 --save-image-count 1 --measurement-sigma 15.0 --input-pad 0 --rotation-angles 0 5 10 15 20 25 30 35 40 45 50 55 60 65 70 75 80 85 90 --input-poses all --exclude-upright --pnp-num-iter 20 --red-num-iter 40 --red-lambdas 0.02 --red-input-sigma 15.0 --red-steps 8.0
[solver-sweep] denoiser=restormer problem=blur algorithm=red_gd schedule=fixed15p0 rho=0.8 step=8 lam=0.02 image=test001.png input=rot0_padded mode=vanilla
[solver-sweep] denoiser=restormer problem=blur algorithm=red_gd schedule=fixed15p0 rho=0.8 step=8 lam=0.02 image=test001.png input=rot0_padded mode=G16_fixed
[solver-sweep] denoiser=restormer problem=blur algorithm=red_gd schedule=fixed15p0 rho=0.8 step=8 lam=0.02 image=test001.png input=rot5_padded mode=vanilla
[solver-sweep] denoiser=restormer problem=blur algorithm=red_gd schedule=fixed15p0 rho=0.8 step=8 lam=0.02 image=test001.png input=rot5_padded mode=G16_fixed
[solver-sweep] denoiser=restormer problem=blur algorithm=red_gd schedule=fixed15p0 rho=0.8 step=8 lam=0.02 image=test001.png input=rot10_padded mode=vanilla
[solver-sweep] denoiser=restormer problem=blur algorithm=red_gd schedule=fixed15p0 rho=0.8 step=8 lam=0.02 image=test001.png input=rot10_padded mode=G16_fixed
[solver-sweep] denoiser=restormer problem=blur algorithm=red_gd schedule=fixed15p0 rho=0.8 step=8 lam=0.02 image=test001.png input=rot15_padded mode=vanilla
[solver-sweep] denoiser=restormer problem=blur algorithm=red_gd schedule=fixed15p0 rho=0.8 step=8 lam=0.02 image=test001.png input=rot15_padded mode=G16_fixed
[solver-sweep] denoiser=restormer problem=blur algorithm=red_gd schedule=fixed15p0 rho=0.8 step=8 lam=0.02 image=test001.png input=rot20_padded mode=vanilla
[solver-sweep] denoiser=restormer problem=blur algorithm=red_gd schedule=fixed15p0 rho=0.8 step=8 lam=0.02 image=test001.png input=rot20_padded mode=G16_fixed
[solver-sweep] denoiser=restormer problem=blur algorithm=red_gd schedule=fixed15p0 rho=0.8 step=8 lam=0.02 image=test001.png input=rot25_padded mode=vanilla
[solver-sweep] denoiser=restormer problem=blur algorithm=red_gd schedule=fixed15p0 rho=0.8 step=8 lam=0.02 image=test001.png input=rot25_padded mode=G16_fixed
[solver-sweep] denoiser=restormer problem=blur algorithm=red_gd schedule=fixed15p0 rho=0.8 step=8 lam=0.02 image=test001.png input=rot30_padded mode=vanilla
[solver-sweep] denoiser=restormer problem=blur algorithm=red_gd schedule=fixed15p0 rho=0.8 step=8 lam=0.02 image=test001.png input=rot30_padded mode=G16_fixed
[solver-sweep] denoiser=restormer problem=blur algorithm=red_gd schedule=fixed15p0 rho=0.8 step=8 lam=0.02 image=test001.png input=rot35_padded mode=vanilla
[solver-sweep] denoiser=restormer problem=blur algorithm=red_gd schedule=fixed15p0 rho=0.8 step=8 lam=0.02 image=test001.png input=rot35_padded mode=G16_fixed
[solver-sweep] denoiser=restormer problem=blur algorithm=red_gd schedule=fixed15p0 rho=0.8 step=8 lam=0.02 image=test001.png input=rot40_padded mode=vanilla
[solver-sweep] denoiser=restormer problem=blur algorithm=red_gd schedule=fixed15p0 rho=0.8 step=8 lam=0.02 image=test001.png input=rot40_padded mode=G16_fixed
[solver-sweep] denoiser=restormer problem=blur algorithm=red_gd schedule=fixed15p0 rho=0.8 step=8 lam=0.02 image=test001.png input=rot45_padded mode=vanilla
[solver-sweep] denoiser=restormer problem=blur algorithm=red_gd schedule=fixed15p0 rho=0.8 step=8 lam=0.02 image=test001.png input=rot45_padded mode=G16_fixed
[solver-sweep] denoiser=restormer problem=blur algorithm=red_gd schedule=fixed15p0 rho=0.8 step=8 lam=0.02 image=test001.png input=rot50_padded mode=vanilla
[solver-sweep] denoiser=restormer problem=blur algorithm=red_gd schedule=fixed15p0 rho=0.8 step=8 lam=0.02 image=test001.png input=rot50_padded mode=G16_fixed
[solver-sweep] denoiser=restormer problem=blur algorithm=red_gd schedule=fixed15p0 rho=0.8 step=8 lam=0.02 image=test001.png input=rot55_padded mode=vanilla
[solver-sweep] denoiser=restormer problem=blur algorithm=red_gd schedule=fixed15p0 rho=0.8 step=8 lam=0.02 image=test001.png input=rot55_padded mode=G16_fixed
[solver-sweep] denoiser=restormer problem=blur algorithm=red_gd schedule=fixed15p0 rho=0.8 step=8 lam=0.02 image=test001.png input=rot60_padded mode=vanilla
[solver-sweep] denoiser=restormer problem=blur algorithm=red_gd schedule=fixed15p0 rho=0.8 step=8 lam=0.02 image=test001.png input=rot60_padded mode=G16_fixed
[solver-sweep] denoiser=restormer problem=blur algorithm=red_gd schedule=fixed15p0 rho=0.8 step=8 lam=0.02 image=test001.png input=rot65_padded mode=vanilla
[solver-sweep] denoiser=restormer problem=blur algorithm=red_gd schedule=fixed15p0 rho=0.8 step=8 lam=0.02 image=test001.png input=rot65_padded mode=G16_fixed
[solver-sweep] denoiser=restormer problem=blur algorithm=red_gd schedule=fixed15p0 rho=0.8 step=8 lam=0.02 image=test001.png input=rot70_padded mode=vanilla
[solver-sweep] denoiser=restormer problem=blur algorithm=red_gd schedule=fixed15p0 rho=0.8 step=8 lam=0.02 image=test001.png input=rot70_padded mode=G16_fixed
[solver-sweep] denoiser=restormer problem=blur algorithm=red_gd schedule=fixed15p0 rho=0.8 step=8 lam=0.02 image=test001.png input=rot75_padded mode=vanilla
[solver-sweep] denoiser=restormer problem=blur algorithm=red_gd schedule=fixed15p0 rho=0.8 step=8 lam=0.02 image=test001.png input=rot75_padded mode=G16_fixed
[solver-sweep] denoiser=restormer problem=blur algorithm=red_gd schedule=fixed15p0 rho=0.8 step=8 lam=0.02 image=test001.png input=rot80_padded mode=vanilla
[solver-sweep] denoiser=restormer problem=blur algorithm=red_gd schedule=fixed15p0 rho=0.8 step=8 lam=0.02 image=test001.png input=rot80_padded mode=G16_fixed
[solver-sweep] denoiser=restormer problem=blur algorithm=red_gd schedule=fixed15p0 rho=0.8 step=8 lam=0.02 image=test001.png input=rot85_padded mode=vanilla
[solver-sweep] denoiser=restormer problem=blur algorithm=red_gd schedule=fixed15p0 rho=0.8 step=8 lam=0.02 image=test001.png input=rot85_padded mode=G16_fixed
[solver-sweep] denoiser=restormer problem=blur algorithm=red_gd schedule=fixed15p0 rho=0.8 step=8 lam=0.02 image=test001.png input=rot90_padded mode=vanilla
[solver-sweep] denoiser=restormer problem=blur algorithm=red_gd schedule=fixed15p0 rho=0.8 step=8 lam=0.02 image=test001.png input=rot90_padded mode=G16_fixed
[solver-sweep] denoiser=restormer problem=blur algorithm=red_gd schedule=fixed15p0 rho=0.8 step=8 lam=0.02 image=test002.png input=rot0_padded mode=vanilla
[solver-sweep] denoiser=restormer problem=blur algorithm=red_gd schedule=fixed15p0 rho=0.8 step=8 lam=0.02 image=test002.png input=rot0_padded mode=G16_fixed
[solver-sweep] denoiser=restormer problem=blur algorithm=red_gd schedule=fixed15p0 rho=0.8 step=8 lam=0.02 image=test002.png input=rot5_padded mode=vanilla
[solver-sweep] denoiser=restormer problem=blur algorithm=red_gd schedule=fixed15p0 rho=0.8 step=8 lam=0.02 image=test002.png input=rot5_padded mode=G16_fixed
[solver-sweep] denoiser=restormer problem=blur algorithm=red_gd schedule=fixed15p0 rho=0.8 step=8 lam=0.02 image=test002.png input=rot10_padded mode=vanilla
[solver-sweep] denoiser=restormer problem=blur algorithm=red_gd schedule=fixed15p0 rho=0.8 step=8 lam=0.02 image=test002.png input=rot10_padded mode=G16_fixed
[solver-sweep] denoiser=restormer problem=blur algorithm=red_gd schedule=fixed15p0 rho=0.8 step=8 lam=0.02 image=test002.png input=rot15_padded mode=vanilla
[solver-sweep] denoiser=restormer problem=blur algorithm=red_gd schedule=fixed15p0 rho=0.8 step=8 lam=0.02 image=test002.png input=rot15_padded mode=G16_fixed
[solver-sweep] denoiser=restormer problem=blur algorithm=red_gd schedule=fixed15p0 rho=0.8 step=8 lam=0.02 image=test002.png input=rot20_padded mode=vanilla
[solver-sweep] denoiser=restormer problem=blur algorithm=red_gd schedule=fixed15p0 rho=0.8 step=8 lam=0.02 image=test002.png input=rot20_padded mode=G16_fixed
[solver-sweep] denoiser=restormer problem=blur algorithm=red_gd schedule=fixed15p0 rho=0.8 step=8 lam=0.02 image=test002.png input=rot25_padded mode=vanilla
[solver-sweep] denoiser=restormer problem=blur algorithm=red_gd schedule=fixed15p0 rho=0.8 step=8 lam=0.02 image=test002.png input=rot25_padded mode=G16_fixed
[solver-sweep] denoiser=restormer problem=blur algorithm=red_gd schedule=fixed15p0 rho=0.8 step=8 lam=0.02 image=test002.png input=rot30_padded mode=vanilla
[solver-sweep] denoiser=restormer problem=blur algorithm=red_gd schedule=fixed15p0 rho=0.8 step=8 lam=0.02 image=test002.png input=rot30_padded mode=G16_fixed
[solver-sweep] denoiser=restormer problem=blur algorithm=red_gd schedule=fixed15p0 rho=0.8 step=8 lam=0.02 image=test002.png input=rot35_padded mode=vanilla
[solver-sweep] denoiser=restormer problem=blur algorithm=red_gd schedule=fixed15p0 rho=0.8 step=8 lam=0.02 image=test002.png input=rot35_padded mode=G16_fixed
[solver-sweep] denoiser=restormer problem=blur algorithm=red_gd schedule=fixed15p0 rho=0.8 step=8 lam=0.02 image=test002.png input=rot40_padded mode=vanilla
[solver-sweep] denoiser=restormer problem=blur algorithm=red_gd schedule=fixed15p0 rho=0.8 step=8 lam=0.02 image=test002.png input=rot40_padded mode=G16_fixed
[solver-sweep] denoiser=restormer problem=blur algorithm=red_gd schedule=fixed15p0 rho=0.8 step=8 lam=0.02 image=test002.png input=rot45_padded mode=vanilla
[solver-sweep] denoiser=restormer problem=blur algorithm=red_gd schedule=fixed15p0 rho=0.8 step=8 lam=0.02 image=test002.png input=rot45_padded mode=G16_fixed
[solver-sweep] denoiser=restormer problem=blur algorithm=red_gd schedule=fixed15p0 rho=0.8 step=8 lam=0.02 image=test002.png input=rot50_padded mode=vanilla
[solver-sweep] denoiser=restormer problem=blur algorithm=red_gd schedule=fixed15p0 rho=0.8 step=8 lam=0.02 image=test002.png input=rot50_padded mode=G16_fixed
[solver-sweep] denoiser=restormer problem=blur algorithm=red_gd schedule=fixed15p0 rho=0.8 step=8 lam=0.02 image=test002.png input=rot55_padded mode=vanilla
[solver-sweep] denoiser=restormer problem=blur algorithm=red_gd schedule=fixed15p0 rho=0.8 step=8 lam=0.02 image=test002.png input=rot55_padded mode=G16_fixed
[solver-sweep] denoiser=restormer problem=blur algorithm=red_gd schedule=fixed15p0 rho=0.8 step=8 lam=0.02 image=test002.png input=rot60_padded mode=vanilla
[solver-sweep] denoiser=restormer problem=blur algorithm=red_gd schedule=fixed15p0 rho=0.8 step=8 lam=0.02 image=test002.png input=rot60_padded mode=G16_fixed
[solver-sweep] denoiser=restormer problem=blur algorithm=red_gd schedule=fixed15p0 rho=0.8 step=8 lam=0.02 image=test002.png input=rot65_padded mode=vanilla
[solver-sweep] denoiser=restormer problem=blur algorithm=red_gd schedule=fixed15p0 rho=0.8 step=8 lam=0.02 image=test002.png input=rot65_padded mode=G16_fixed
[solver-sweep] denoiser=restormer problem=blur algorithm=red_gd schedule=fixed15p0 rho=0.8 step=8 lam=0.02 image=test002.png input=rot70_padded mode=vanilla
[solver-sweep] denoiser=restormer problem=blur algorithm=red_gd schedule=fixed15p0 rho=0.8 step=8 lam=0.02 image=test002.png input=rot70_padded mode=G16_fixed
[solver-sweep] denoiser=restormer problem=blur algorithm=red_gd schedule=fixed15p0 rho=0.8 step=8 lam=0.02 image=test002.png input=rot75_padded mode=vanilla
[solver-sweep] denoiser=restormer problem=blur algorithm=red_gd schedule=fixed15p0 rho=0.8 step=8 lam=0.02 image=test002.png input=rot75_padded mode=G16_fixed
[solver-sweep] denoiser=restormer problem=blur algorithm=red_gd schedule=fixed15p0 rho=0.8 step=8 lam=0.02 image=test002.png input=rot80_padded mode=vanilla
[solver-sweep] denoiser=restormer problem=blur algorithm=red_gd schedule=fixed15p0 rho=0.8 step=8 lam=0.02 image=test002.png input=rot80_padded mode=G16_fixed
[solver-sweep] denoiser=restormer problem=blur algorithm=red_gd schedule=fixed15p0 rho=0.8 step=8 lam=0.02 image=test002.png input=rot85_padded mode=vanilla
[solver-sweep] denoiser=restormer problem=blur algorithm=red_gd schedule=fixed15p0 rho=0.8 step=8 lam=0.02 image=test002.png input=rot85_padded mode=G16_fixed
[solver-sweep] denoiser=restormer problem=blur algorithm=red_gd schedule=fixed15p0 rho=0.8 step=8 lam=0.02 image=test002.png input=rot90_padded mode=vanilla
[solver-sweep] denoiser=restormer problem=blur algorithm=red_gd schedule=fixed15p0 rho=0.8 step=8 lam=0.02 image=test002.png input=rot90_padded mode=G16_fixed
wrote /home/yuqi/Documents/inference_group_averaging/results/downstream/solver_sweep_rectangle_angles5_sigma15/selected_final/restormer/blur/red_gd/downstream_solver_sweep_summary.csv
+ /home/yuqi/anaconda3/envs/restormer37/bin/python -u /home/yuqi/Documents/inference_group_averaging/scripts/run_downstream_solver_sweep.py --save-dir /home/yuqi/Documents/inference_group_averaging/results/downstream/solver_sweep_rectangle_angles5_sigma15/selected_final/restormer/inpaint/pnp_hqs --denoisers restormer --dataset val_images --eval-mask none --problems inpaint --algorithms pnp_hqs --modes vanilla G16_fixed --max-images 2 --num-iter 20 --save-image-count 1 --measurement-sigma 15.0 --input-pad 0 --rotation-angles 0 5 10 15 20 25 30 35 40 45 50 55 60 65 70 75 80 85 90 --input-poses all --exclude-upright --pnp-num-iter 20 --red-num-iter 40 --inpaint-init telea --pnp-restormer-rhos 0.1
[solver-sweep] denoiser=restormer problem=inpaint algorithm=pnp_hqs schedule=fixed15p0 rho=0.1 step=0.5 lam=0.15 image=test001.png input=rot0_padded mode=vanilla
[solver-sweep] denoiser=restormer problem=inpaint algorithm=pnp_hqs schedule=fixed15p0 rho=0.1 step=0.5 lam=0.15 image=test001.png input=rot0_padded mode=G16_fixed
[solver-sweep] denoiser=restormer problem=inpaint algorithm=pnp_hqs schedule=fixed15p0 rho=0.1 step=0.5 lam=0.15 image=test001.png input=rot5_padded mode=vanilla
[solver-sweep] denoiser=restormer problem=inpaint algorithm=pnp_hqs schedule=fixed15p0 rho=0.1 step=0.5 lam=0.15 image=test001.png input=rot5_padded mode=G16_fixed
[solver-sweep] denoiser=restormer problem=inpaint algorithm=pnp_hqs schedule=fixed15p0 rho=0.1 step=0.5 lam=0.15 image=test001.png input=rot10_padded mode=vanilla
[solver-sweep] denoiser=restormer problem=inpaint algorithm=pnp_hqs schedule=fixed15p0 rho=0.1 step=0.5 lam=0.15 image=test001.png input=rot10_padded mode=G16_fixed
[solver-sweep] denoiser=restormer problem=inpaint algorithm=pnp_hqs schedule=fixed15p0 rho=0.1 step=0.5 lam=0.15 image=test001.png input=rot15_padded mode=vanilla
[solver-sweep] denoiser=restormer problem=inpaint algorithm=pnp_hqs schedule=fixed15p0 rho=0.1 step=0.5 lam=0.15 image=test001.png input=rot15_padded mode=G16_fixed
[solver-sweep] denoiser=restormer problem=inpaint algorithm=pnp_hqs schedule=fixed15p0 rho=0.1 step=0.5 lam=0.15 image=test001.png input=rot20_padded mode=vanilla
[solver-sweep] denoiser=restormer problem=inpaint algorithm=pnp_hqs schedule=fixed15p0 rho=0.1 step=0.5 lam=0.15 image=test001.png input=rot20_padded mode=G16_fixed
[solver-sweep] denoiser=restormer problem=inpaint algorithm=pnp_hqs schedule=fixed15p0 rho=0.1 step=0.5 lam=0.15 image=test001.png input=rot25_padded mode=vanilla
[solver-sweep] denoiser=restormer problem=inpaint algorithm=pnp_hqs schedule=fixed15p0 rho=0.1 step=0.5 lam=0.15 image=test001.png input=rot25_padded mode=G16_fixed
[solver-sweep] denoiser=restormer problem=inpaint algorithm=pnp_hqs schedule=fixed15p0 rho=0.1 step=0.5 lam=0.15 image=test001.png input=rot30_padded mode=vanilla
[solver-sweep] denoiser=restormer problem=inpaint algorithm=pnp_hqs schedule=fixed15p0 rho=0.1 step=0.5 lam=0.15 image=test001.png input=rot30_padded mode=G16_fixed
[solver-sweep] denoiser=restormer problem=inpaint algorithm=pnp_hqs schedule=fixed15p0 rho=0.1 step=0.5 lam=0.15 image=test001.png input=rot35_padded mode=vanilla
[solver-sweep] denoiser=restormer problem=inpaint algorithm=pnp_hqs schedule=fixed15p0 rho=0.1 step=0.5 lam=0.15 image=test001.png input=rot35_padded mode=G16_fixed
[solver-sweep] denoiser=restormer problem=inpaint algorithm=pnp_hqs schedule=fixed15p0 rho=0.1 step=0.5 lam=0.15 image=test001.png input=rot40_padded mode=vanilla
[solver-sweep] denoiser=restormer problem=inpaint algorithm=pnp_hqs schedule=fixed15p0 rho=0.1 step=0.5 lam=0.15 image=test001.png input=rot40_padded mode=G16_fixed
[solver-sweep] denoiser=restormer problem=inpaint algorithm=pnp_hqs schedule=fixed15p0 rho=0.1 step=0.5 lam=0.15 image=test001.png input=rot45_padded mode=vanilla
[solver-sweep] denoiser=restormer problem=inpaint algorithm=pnp_hqs schedule=fixed15p0 rho=0.1 step=0.5 lam=0.15 image=test001.png input=rot45_padded mode=G16_fixed
[solver-sweep] denoiser=restormer problem=inpaint algorithm=pnp_hqs schedule=fixed15p0 rho=0.1 step=0.5 lam=0.15 image=test001.png input=rot50_padded mode=vanilla
[solver-sweep] denoiser=restormer problem=inpaint algorithm=pnp_hqs schedule=fixed15p0 rho=0.1 step=0.5 lam=0.15 image=test001.png input=rot50_padded mode=G16_fixed
[solver-sweep] denoiser=restormer problem=inpaint algorithm=pnp_hqs schedule=fixed15p0 rho=0.1 step=0.5 lam=0.15 image=test001.png input=rot55_padded mode=vanilla
[solver-sweep] denoiser=restormer problem=inpaint algorithm=pnp_hqs schedule=fixed15p0 rho=0.1 step=0.5 lam=0.15 image=test001.png input=rot55_padded mode=G16_fixed
[solver-sweep] denoiser=restormer problem=inpaint algorithm=pnp_hqs schedule=fixed15p0 rho=0.1 step=0.5 lam=0.15 image=test001.png input=rot60_padded mode=vanilla
[solver-sweep] denoiser=restormer problem=inpaint algorithm=pnp_hqs schedule=fixed15p0 rho=0.1 step=0.5 lam=0.15 image=test001.png input=rot60_padded mode=G16_fixed
[solver-sweep] denoiser=restormer problem=inpaint algorithm=pnp_hqs schedule=fixed15p0 rho=0.1 step=0.5 lam=0.15 image=test001.png input=rot65_padded mode=vanilla
[solver-sweep] denoiser=restormer problem=inpaint algorithm=pnp_hqs schedule=fixed15p0 rho=0.1 step=0.5 lam=0.15 image=test001.png input=rot65_padded mode=G16_fixed
[solver-sweep] denoiser=restormer problem=inpaint algorithm=pnp_hqs schedule=fixed15p0 rho=0.1 step=0.5 lam=0.15 image=test001.png input=rot70_padded mode=vanilla
[solver-sweep] denoiser=restormer problem=inpaint algorithm=pnp_hqs schedule=fixed15p0 rho=0.1 step=0.5 lam=0.15 image=test001.png input=rot70_padded mode=G16_fixed
[solver-sweep] denoiser=restormer problem=inpaint algorithm=pnp_hqs schedule=fixed15p0 rho=0.1 step=0.5 lam=0.15 image=test001.png input=rot75_padded mode=vanilla
[solver-sweep] denoiser=restormer problem=inpaint algorithm=pnp_hqs schedule=fixed15p0 rho=0.1 step=0.5 lam=0.15 image=test001.png input=rot75_padded mode=G16_fixed
[solver-sweep] denoiser=restormer problem=inpaint algorithm=pnp_hqs schedule=fixed15p0 rho=0.1 step=0.5 lam=0.15 image=test001.png input=rot80_padded mode=vanilla
[solver-sweep] denoiser=restormer problem=inpaint algorithm=pnp_hqs schedule=fixed15p0 rho=0.1 step=0.5 lam=0.15 image=test001.png input=rot80_padded mode=G16_fixed
[solver-sweep] denoiser=restormer problem=inpaint algorithm=pnp_hqs schedule=fixed15p0 rho=0.1 step=0.5 lam=0.15 image=test001.png input=rot85_padded mode=vanilla
[solver-sweep] denoiser=restormer problem=inpaint algorithm=pnp_hqs schedule=fixed15p0 rho=0.1 step=0.5 lam=0.15 image=test001.png input=rot85_padded mode=G16_fixed
[solver-sweep] denoiser=restormer problem=inpaint algorithm=pnp_hqs schedule=fixed15p0 rho=0.1 step=0.5 lam=0.15 image=test001.png input=rot90_padded mode=vanilla
[solver-sweep] denoiser=restormer problem=inpaint algorithm=pnp_hqs schedule=fixed15p0 rho=0.1 step=0.5 lam=0.15 image=test001.png input=rot90_padded mode=G16_fixed
[solver-sweep] denoiser=restormer problem=inpaint algorithm=pnp_hqs schedule=fixed15p0 rho=0.1 step=0.5 lam=0.15 image=test002.png input=rot0_padded mode=vanilla
[solver-sweep] denoiser=restormer problem=inpaint algorithm=pnp_hqs schedule=fixed15p0 rho=0.1 step=0.5 lam=0.15 image=test002.png input=rot0_padded mode=G16_fixed
[solver-sweep] denoiser=restormer problem=inpaint algorithm=pnp_hqs schedule=fixed15p0 rho=0.1 step=0.5 lam=0.15 image=test002.png input=rot5_padded mode=vanilla
[solver-sweep] denoiser=restormer problem=inpaint algorithm=pnp_hqs schedule=fixed15p0 rho=0.1 step=0.5 lam=0.15 image=test002.png input=rot5_padded mode=G16_fixed
[solver-sweep] denoiser=restormer problem=inpaint algorithm=pnp_hqs schedule=fixed15p0 rho=0.1 step=0.5 lam=0.15 image=test002.png input=rot10_padded mode=vanilla
[solver-sweep] denoiser=restormer problem=inpaint algorithm=pnp_hqs schedule=fixed15p0 rho=0.1 step=0.5 lam=0.15 image=test002.png input=rot10_padded mode=G16_fixed
[solver-sweep] denoiser=restormer problem=inpaint algorithm=pnp_hqs schedule=fixed15p0 rho=0.1 step=0.5 lam=0.15 image=test002.png input=rot15_padded mode=vanilla
[solver-sweep] denoiser=restormer problem=inpaint algorithm=pnp_hqs schedule=fixed15p0 rho=0.1 step=0.5 lam=0.15 image=test002.png input=rot15_padded mode=G16_fixed
[solver-sweep] denoiser=restormer problem=inpaint algorithm=pnp_hqs schedule=fixed15p0 rho=0.1 step=0.5 lam=0.15 image=test002.png input=rot20_padded mode=vanilla
[solver-sweep] denoiser=restormer problem=inpaint algorithm=pnp_hqs schedule=fixed15p0 rho=0.1 step=0.5 lam=0.15 image=test002.png input=rot20_padded mode=G16_fixed
[solver-sweep] denoiser=restormer problem=inpaint algorithm=pnp_hqs schedule=fixed15p0 rho=0.1 step=0.5 lam=0.15 image=test002.png input=rot25_padded mode=vanilla
[solver-sweep] denoiser=restormer problem=inpaint algorithm=pnp_hqs schedule=fixed15p0 rho=0.1 step=0.5 lam=0.15 image=test002.png input=rot25_padded mode=G16_fixed
[solver-sweep] denoiser=restormer problem=inpaint algorithm=pnp_hqs schedule=fixed15p0 rho=0.1 step=0.5 lam=0.15 image=test002.png input=rot30_padded mode=vanilla
[solver-sweep] denoiser=restormer problem=inpaint algorithm=pnp_hqs schedule=fixed15p0 rho=0.1 step=0.5 lam=0.15 image=test002.png input=rot30_padded mode=G16_fixed
[solver-sweep] denoiser=restormer problem=inpaint algorithm=pnp_hqs schedule=fixed15p0 rho=0.1 step=0.5 lam=0.15 image=test002.png input=rot35_padded mode=vanilla
[solver-sweep] denoiser=restormer problem=inpaint algorithm=pnp_hqs schedule=fixed15p0 rho=0.1 step=0.5 lam=0.15 image=test002.png input=rot35_padded mode=G16_fixed
[solver-sweep] denoiser=restormer problem=inpaint algorithm=pnp_hqs schedule=fixed15p0 rho=0.1 step=0.5 lam=0.15 image=test002.png input=rot40_padded mode=vanilla
[solver-sweep] denoiser=restormer problem=inpaint algorithm=pnp_hqs schedule=fixed15p0 rho=0.1 step=0.5 lam=0.15 image=test002.png input=rot40_padded mode=G16_fixed
[solver-sweep] denoiser=restormer problem=inpaint algorithm=pnp_hqs schedule=fixed15p0 rho=0.1 step=0.5 lam=0.15 image=test002.png input=rot45_padded mode=vanilla
[solver-sweep] denoiser=restormer problem=inpaint algorithm=pnp_hqs schedule=fixed15p0 rho=0.1 step=0.5 lam=0.15 image=test002.png input=rot45_padded mode=G16_fixed
[solver-sweep] denoiser=restormer problem=inpaint algorithm=pnp_hqs schedule=fixed15p0 rho=0.1 step=0.5 lam=0.15 image=test002.png input=rot50_padded mode=vanilla
[solver-sweep] denoiser=restormer problem=inpaint algorithm=pnp_hqs schedule=fixed15p0 rho=0.1 step=0.5 lam=0.15 image=test002.png input=rot50_padded mode=G16_fixed
[solver-sweep] denoiser=restormer problem=inpaint algorithm=pnp_hqs schedule=fixed15p0 rho=0.1 step=0.5 lam=0.15 image=test002.png input=rot55_padded mode=vanilla
[solver-sweep] denoiser=restormer problem=inpaint algorithm=pnp_hqs schedule=fixed15p0 rho=0.1 step=0.5 lam=0.15 image=test002.png input=rot55_padded mode=G16_fixed
[solver-sweep] denoiser=restormer problem=inpaint algorithm=pnp_hqs schedule=fixed15p0 rho=0.1 step=0.5 lam=0.15 image=test002.png input=rot60_padded mode=vanilla
[solver-sweep] denoiser=restormer problem=inpaint algorithm=pnp_hqs schedule=fixed15p0 rho=0.1 step=0.5 lam=0.15 image=test002.png input=rot60_padded mode=G16_fixed
[solver-sweep] denoiser=restormer problem=inpaint algorithm=pnp_hqs schedule=fixed15p0 rho=0.1 step=0.5 lam=0.15 image=test002.png input=rot65_padded mode=vanilla
[solver-sweep] denoiser=restormer problem=inpaint algorithm=pnp_hqs schedule=fixed15p0 rho=0.1 step=0.5 lam=0.15 image=test002.png input=rot65_padded mode=G16_fixed
[solver-sweep] denoiser=restormer problem=inpaint algorithm=pnp_hqs schedule=fixed15p0 rho=0.1 step=0.5 lam=0.15 image=test002.png input=rot70_padded mode=vanilla
[solver-sweep] denoiser=restormer problem=inpaint algorithm=pnp_hqs schedule=fixed15p0 rho=0.1 step=0.5 lam=0.15 image=test002.png input=rot70_padded mode=G16_fixed
[solver-sweep] denoiser=restormer problem=inpaint algorithm=pnp_hqs schedule=fixed15p0 rho=0.1 step=0.5 lam=0.15 image=test002.png input=rot75_padded mode=vanilla
[solver-sweep] denoiser=restormer problem=inpaint algorithm=pnp_hqs schedule=fixed15p0 rho=0.1 step=0.5 lam=0.15 image=test002.png input=rot75_padded mode=G16_fixed
[solver-sweep] denoiser=restormer problem=inpaint algorithm=pnp_hqs schedule=fixed15p0 rho=0.1 step=0.5 lam=0.15 image=test002.png input=rot80_padded mode=vanilla
[solver-sweep] denoiser=restormer problem=inpaint algorithm=pnp_hqs schedule=fixed15p0 rho=0.1 step=0.5 lam=0.15 image=test002.png input=rot80_padded mode=G16_fixed
[solver-sweep] denoiser=restormer problem=inpaint algorithm=pnp_hqs schedule=fixed15p0 rho=0.1 step=0.5 lam=0.15 image=test002.png input=rot85_padded mode=vanilla
[solver-sweep] denoiser=restormer problem=inpaint algorithm=pnp_hqs schedule=fixed15p0 rho=0.1 step=0.5 lam=0.15 image=test002.png input=rot85_padded mode=G16_fixed
[solver-sweep] denoiser=restormer problem=inpaint algorithm=pnp_hqs schedule=fixed15p0 rho=0.1 step=0.5 lam=0.15 image=test002.png input=rot90_padded mode=vanilla
[solver-sweep] denoiser=restormer problem=inpaint algorithm=pnp_hqs schedule=fixed15p0 rho=0.1 step=0.5 lam=0.15 image=test002.png input=rot90_padded mode=G16_fixed
wrote /home/yuqi/Documents/inference_group_averaging/results/downstream/solver_sweep_rectangle_angles5_sigma15/selected_final/restormer/inpaint/pnp_hqs/downstream_solver_sweep_summary.csv
+ /home/yuqi/anaconda3/envs/restormer37/bin/python -u /home/yuqi/Documents/inference_group_averaging/scripts/run_downstream_solver_sweep.py --save-dir /home/yuqi/Documents/inference_group_averaging/results/downstream/solver_sweep_rectangle_angles5_sigma15/selected_final/restormer/inpaint/red_gd --denoisers restormer --dataset val_images --eval-mask none --problems inpaint --algorithms red_gd --modes vanilla G16_fixed --max-images 2 --num-iter 20 --save-image-count 1 --measurement-sigma 15.0 --input-pad 0 --rotation-angles 0 5 10 15 20 25 30 35 40 45 50 55 60 65 70 75 80 85 90 --input-poses all --exclude-upright --pnp-num-iter 20 --red-num-iter 40 --inpaint-init telea --red-lambdas 0.02 --red-input-sigma 15.0 --red-steps 4.0
[solver-sweep] denoiser=restormer problem=inpaint algorithm=red_gd schedule=fixed15p0 rho=0.8 step=4 lam=0.02 image=test001.png input=rot0_padded mode=vanilla
[solver-sweep] denoiser=restormer problem=inpaint algorithm=red_gd schedule=fixed15p0 rho=0.8 step=4 lam=0.02 image=test001.png input=rot0_padded mode=G16_fixed
[solver-sweep] denoiser=restormer problem=inpaint algorithm=red_gd schedule=fixed15p0 rho=0.8 step=4 lam=0.02 image=test001.png input=rot5_padded mode=vanilla
[solver-sweep] denoiser=restormer problem=inpaint algorithm=red_gd schedule=fixed15p0 rho=0.8 step=4 lam=0.02 image=test001.png input=rot5_padded mode=G16_fixed
[solver-sweep] denoiser=restormer problem=inpaint algorithm=red_gd schedule=fixed15p0 rho=0.8 step=4 lam=0.02 image=test001.png input=rot10_padded mode=vanilla
[solver-sweep] denoiser=restormer problem=inpaint algorithm=red_gd schedule=fixed15p0 rho=0.8 step=4 lam=0.02 image=test001.png input=rot10_padded mode=G16_fixed
[solver-sweep] denoiser=restormer problem=inpaint algorithm=red_gd schedule=fixed15p0 rho=0.8 step=4 lam=0.02 image=test001.png input=rot15_padded mode=vanilla
[solver-sweep] denoiser=restormer problem=inpaint algorithm=red_gd schedule=fixed15p0 rho=0.8 step=4 lam=0.02 image=test001.png input=rot15_padded mode=G16_fixed
[solver-sweep] denoiser=restormer problem=inpaint algorithm=red_gd schedule=fixed15p0 rho=0.8 step=4 lam=0.02 image=test001.png input=rot20_padded mode=vanilla
[solver-sweep] denoiser=restormer problem=inpaint algorithm=red_gd schedule=fixed15p0 rho=0.8 step=4 lam=0.02 image=test001.png input=rot20_padded mode=G16_fixed
[solver-sweep] denoiser=restormer problem=inpaint algorithm=red_gd schedule=fixed15p0 rho=0.8 step=4 lam=0.02 image=test001.png input=rot25_padded mode=vanilla
[solver-sweep] denoiser=restormer problem=inpaint algorithm=red_gd schedule=fixed15p0 rho=0.8 step=4 lam=0.02 image=test001.png input=rot25_padded mode=G16_fixed
[solver-sweep] denoiser=restormer problem=inpaint algorithm=red_gd schedule=fixed15p0 rho=0.8 step=4 lam=0.02 image=test001.png input=rot30_padded mode=vanilla
[solver-sweep] denoiser=restormer problem=inpaint algorithm=red_gd schedule=fixed15p0 rho=0.8 step=4 lam=0.02 image=test001.png input=rot30_padded mode=G16_fixed
[solver-sweep] denoiser=restormer problem=inpaint algorithm=red_gd schedule=fixed15p0 rho=0.8 step=4 lam=0.02 image=test001.png input=rot35_padded mode=vanilla
[solver-sweep] denoiser=restormer problem=inpaint algorithm=red_gd schedule=fixed15p0 rho=0.8 step=4 lam=0.02 image=test001.png input=rot35_padded mode=G16_fixed
[solver-sweep] denoiser=restormer problem=inpaint algorithm=red_gd schedule=fixed15p0 rho=0.8 step=4 lam=0.02 image=test001.png input=rot40_padded mode=vanilla
[solver-sweep] denoiser=restormer problem=inpaint algorithm=red_gd schedule=fixed15p0 rho=0.8 step=4 lam=0.02 image=test001.png input=rot40_padded mode=G16_fixed
[solver-sweep] denoiser=restormer problem=inpaint algorithm=red_gd schedule=fixed15p0 rho=0.8 step=4 lam=0.02 image=test001.png input=rot45_padded mode=vanilla
[solver-sweep] denoiser=restormer problem=inpaint algorithm=red_gd schedule=fixed15p0 rho=0.8 step=4 lam=0.02 image=test001.png input=rot45_padded mode=G16_fixed
[solver-sweep] denoiser=restormer problem=inpaint algorithm=red_gd schedule=fixed15p0 rho=0.8 step=4 lam=0.02 image=test001.png input=rot50_padded mode=vanilla
[solver-sweep] denoiser=restormer problem=inpaint algorithm=red_gd schedule=fixed15p0 rho=0.8 step=4 lam=0.02 image=test001.png input=rot50_padded mode=G16_fixed
[solver-sweep] denoiser=restormer problem=inpaint algorithm=red_gd schedule=fixed15p0 rho=0.8 step=4 lam=0.02 image=test001.png input=rot55_padded mode=vanilla
[solver-sweep] denoiser=restormer problem=inpaint algorithm=red_gd schedule=fixed15p0 rho=0.8 step=4 lam=0.02 image=test001.png input=rot55_padded mode=G16_fixed
[solver-sweep] denoiser=restormer problem=inpaint algorithm=red_gd schedule=fixed15p0 rho=0.8 step=4 lam=0.02 image=test001.png input=rot60_padded mode=vanilla
[solver-sweep] denoiser=restormer problem=inpaint algorithm=red_gd schedule=fixed15p0 rho=0.8 step=4 lam=0.02 image=test001.png input=rot60_padded mode=G16_fixed
[solver-sweep] denoiser=restormer problem=inpaint algorithm=red_gd schedule=fixed15p0 rho=0.8 step=4 lam=0.02 image=test001.png input=rot65_padded mode=vanilla
[solver-sweep] denoiser=restormer problem=inpaint algorithm=red_gd schedule=fixed15p0 rho=0.8 step=4 lam=0.02 image=test001.png input=rot65_padded mode=G16_fixed
[solver-sweep] denoiser=restormer problem=inpaint algorithm=red_gd schedule=fixed15p0 rho=0.8 step=4 lam=0.02 image=test001.png input=rot70_padded mode=vanilla
[solver-sweep] denoiser=restormer problem=inpaint algorithm=red_gd schedule=fixed15p0 rho=0.8 step=4 lam=0.02 image=test001.png input=rot70_padded mode=G16_fixed
[solver-sweep] denoiser=restormer problem=inpaint algorithm=red_gd schedule=fixed15p0 rho=0.8 step=4 lam=0.02 image=test001.png input=rot75_padded mode=vanilla
[solver-sweep] denoiser=restormer problem=inpaint algorithm=red_gd schedule=fixed15p0 rho=0.8 step=4 lam=0.02 image=test001.png input=rot75_padded mode=G16_fixed
[solver-sweep] denoiser=restormer problem=inpaint algorithm=red_gd schedule=fixed15p0 rho=0.8 step=4 lam=0.02 image=test001.png input=rot80_padded mode=vanilla
[solver-sweep] denoiser=restormer problem=inpaint algorithm=red_gd schedule=fixed15p0 rho=0.8 step=4 lam=0.02 image=test001.png input=rot80_padded mode=G16_fixed
[solver-sweep] denoiser=restormer problem=inpaint algorithm=red_gd schedule=fixed15p0 rho=0.8 step=4 lam=0.02 image=test001.png input=rot85_padded mode=vanilla
[solver-sweep] denoiser=restormer problem=inpaint algorithm=red_gd schedule=fixed15p0 rho=0.8 step=4 lam=0.02 image=test001.png input=rot85_padded mode=G16_fixed
[solver-sweep] denoiser=restormer problem=inpaint algorithm=red_gd schedule=fixed15p0 rho=0.8 step=4 lam=0.02 image=test001.png input=rot90_padded mode=vanilla
[solver-sweep] denoiser=restormer problem=inpaint algorithm=red_gd schedule=fixed15p0 rho=0.8 step=4 lam=0.02 image=test001.png input=rot90_padded mode=G16_fixed
[solver-sweep] denoiser=restormer problem=inpaint algorithm=red_gd schedule=fixed15p0 rho=0.8 step=4 lam=0.02 image=test002.png input=rot0_padded mode=vanilla
[solver-sweep] denoiser=restormer problem=inpaint algorithm=red_gd schedule=fixed15p0 rho=0.8 step=4 lam=0.02 image=test002.png input=rot0_padded mode=G16_fixed
[solver-sweep] denoiser=restormer problem=inpaint algorithm=red_gd schedule=fixed15p0 rho=0.8 step=4 lam=0.02 image=test002.png input=rot5_padded mode=vanilla
[solver-sweep] denoiser=restormer problem=inpaint algorithm=red_gd schedule=fixed15p0 rho=0.8 step=4 lam=0.02 image=test002.png input=rot5_padded mode=G16_fixed
[solver-sweep] denoiser=restormer problem=inpaint algorithm=red_gd schedule=fixed15p0 rho=0.8 step=4 lam=0.02 image=test002.png input=rot10_padded mode=vanilla
[solver-sweep] denoiser=restormer problem=inpaint algorithm=red_gd schedule=fixed15p0 rho=0.8 step=4 lam=0.02 image=test002.png input=rot10_padded mode=G16_fixed
[solver-sweep] denoiser=restormer problem=inpaint algorithm=red_gd schedule=fixed15p0 rho=0.8 step=4 lam=0.02 image=test002.png input=rot15_padded mode=vanilla
[solver-sweep] denoiser=restormer problem=inpaint algorithm=red_gd schedule=fixed15p0 rho=0.8 step=4 lam=0.02 image=test002.png input=rot15_padded mode=G16_fixed
[solver-sweep] denoiser=restormer problem=inpaint algorithm=red_gd schedule=fixed15p0 rho=0.8 step=4 lam=0.02 image=test002.png input=rot20_padded mode=vanilla
[solver-sweep] denoiser=restormer problem=inpaint algorithm=red_gd schedule=fixed15p0 rho=0.8 step=4 lam=0.02 image=test002.png input=rot20_padded mode=G16_fixed
[solver-sweep] denoiser=restormer problem=inpaint algorithm=red_gd schedule=fixed15p0 rho=0.8 step=4 lam=0.02 image=test002.png input=rot25_padded mode=vanilla
[solver-sweep] denoiser=restormer problem=inpaint algorithm=red_gd schedule=fixed15p0 rho=0.8 step=4 lam=0.02 image=test002.png input=rot25_padded mode=G16_fixed
[solver-sweep] denoiser=restormer problem=inpaint algorithm=red_gd schedule=fixed15p0 rho=0.8 step=4 lam=0.02 image=test002.png input=rot30_padded mode=vanilla
[solver-sweep] denoiser=restormer problem=inpaint algorithm=red_gd schedule=fixed15p0 rho=0.8 step=4 lam=0.02 image=test002.png input=rot30_padded mode=G16_fixed
[solver-sweep] denoiser=restormer problem=inpaint algorithm=red_gd schedule=fixed15p0 rho=0.8 step=4 lam=0.02 image=test002.png input=rot35_padded mode=vanilla
[solver-sweep] denoiser=restormer problem=inpaint algorithm=red_gd schedule=fixed15p0 rho=0.8 step=4 lam=0.02 image=test002.png input=rot35_padded mode=G16_fixed
[solver-sweep] denoiser=restormer problem=inpaint algorithm=red_gd schedule=fixed15p0 rho=0.8 step=4 lam=0.02 image=test002.png input=rot40_padded mode=vanilla
[solver-sweep] denoiser=restormer problem=inpaint algorithm=red_gd schedule=fixed15p0 rho=0.8 step=4 lam=0.02 image=test002.png input=rot40_padded mode=G16_fixed
[solver-sweep] denoiser=restormer problem=inpaint algorithm=red_gd schedule=fixed15p0 rho=0.8 step=4 lam=0.02 image=test002.png input=rot45_padded mode=vanilla
[solver-sweep] denoiser=restormer problem=inpaint algorithm=red_gd schedule=fixed15p0 rho=0.8 step=4 lam=0.02 image=test002.png input=rot45_padded mode=G16_fixed
[solver-sweep] denoiser=restormer problem=inpaint algorithm=red_gd schedule=fixed15p0 rho=0.8 step=4 lam=0.02 image=test002.png input=rot50_padded mode=vanilla
[solver-sweep] denoiser=restormer problem=inpaint algorithm=red_gd schedule=fixed15p0 rho=0.8 step=4 lam=0.02 image=test002.png input=rot50_padded mode=G16_fixed
[solver-sweep] denoiser=restormer problem=inpaint algorithm=red_gd schedule=fixed15p0 rho=0.8 step=4 lam=0.02 image=test002.png input=rot55_padded mode=vanilla
[solver-sweep] denoiser=restormer problem=inpaint algorithm=red_gd schedule=fixed15p0 rho=0.8 step=4 lam=0.02 image=test002.png input=rot55_padded mode=G16_fixed
[solver-sweep] denoiser=restormer problem=inpaint algorithm=red_gd schedule=fixed15p0 rho=0.8 step=4 lam=0.02 image=test002.png input=rot60_padded mode=vanilla
[solver-sweep] denoiser=restormer problem=inpaint algorithm=red_gd schedule=fixed15p0 rho=0.8 step=4 lam=0.02 image=test002.png input=rot60_padded mode=G16_fixed
[solver-sweep] denoiser=restormer problem=inpaint algorithm=red_gd schedule=fixed15p0 rho=0.8 step=4 lam=0.02 image=test002.png input=rot65_padded mode=vanilla
[solver-sweep] denoiser=restormer problem=inpaint algorithm=red_gd schedule=fixed15p0 rho=0.8 step=4 lam=0.02 image=test002.png input=rot65_padded mode=G16_fixed
[solver-sweep] denoiser=restormer problem=inpaint algorithm=red_gd schedule=fixed15p0 rho=0.8 step=4 lam=0.02 image=test002.png input=rot70_padded mode=vanilla
[solver-sweep] denoiser=restormer problem=inpaint algorithm=red_gd schedule=fixed15p0 rho=0.8 step=4 lam=0.02 image=test002.png input=rot70_padded mode=G16_fixed
[solver-sweep] denoiser=restormer problem=inpaint algorithm=red_gd schedule=fixed15p0 rho=0.8 step=4 lam=0.02 image=test002.png input=rot75_padded mode=vanilla
[solver-sweep] denoiser=restormer problem=inpaint algorithm=red_gd schedule=fixed15p0 rho=0.8 step=4 lam=0.02 image=test002.png input=rot75_padded mode=G16_fixed
[solver-sweep] denoiser=restormer problem=inpaint algorithm=red_gd schedule=fixed15p0 rho=0.8 step=4 lam=0.02 image=test002.png input=rot80_padded mode=vanilla
[solver-sweep] denoiser=restormer problem=inpaint algorithm=red_gd schedule=fixed15p0 rho=0.8 step=4 lam=0.02 image=test002.png input=rot80_padded mode=G16_fixed
[solver-sweep] denoiser=restormer problem=inpaint algorithm=red_gd schedule=fixed15p0 rho=0.8 step=4 lam=0.02 image=test002.png input=rot85_padded mode=vanilla
[solver-sweep] denoiser=restormer problem=inpaint algorithm=red_gd schedule=fixed15p0 rho=0.8 step=4 lam=0.02 image=test002.png input=rot85_padded mode=G16_fixed
[solver-sweep] denoiser=restormer problem=inpaint algorithm=red_gd schedule=fixed15p0 rho=0.8 step=4 lam=0.02 image=test002.png input=rot90_padded mode=vanilla
[solver-sweep] denoiser=restormer problem=inpaint algorithm=red_gd schedule=fixed15p0 rho=0.8 step=4 lam=0.02 image=test002.png input=rot90_padded mode=G16_fixed
wrote /home/yuqi/Documents/inference_group_averaging/results/downstream/solver_sweep_rectangle_angles5_sigma15/selected_final/restormer/inpaint/red_gd/downstream_solver_sweep_summary.csv
+ /home/yuqi/anaconda3/envs/restormer37/bin/python -u /home/yuqi/Documents/inference_group_averaging/scripts/run_downstream_solver_sweep.py --save-dir /home/yuqi/Documents/inference_group_averaging/results/downstream/solver_sweep_rectangle_angles5_sigma15/selected_final/restormer-aug/blur/pnp_hqs --denoisers restormer-aug --dataset val_images --eval-mask none --problems blur --algorithms pnp_hqs --modes vanilla G16_fixed --max-images 2 --num-iter 20 --save-image-count 1 --measurement-sigma 15.0 --input-pad 0 --rotation-angles 0 5 10 15 20 25 30 35 40 45 50 55 60 65 70 75 80 85 90 --input-poses all --exclude-upright --pnp-num-iter 20 --red-num-iter 40 --pnp-restormer-rhos 1.6
[solver-sweep] denoiser=restormer-aug problem=blur algorithm=pnp_hqs schedule=fixed15p0 rho=1.6 step=0.5 lam=0.15 image=test001.png input=rot0_padded mode=vanilla
[solver-sweep] denoiser=restormer-aug problem=blur algorithm=pnp_hqs schedule=fixed15p0 rho=1.6 step=0.5 lam=0.15 image=test001.png input=rot0_padded mode=G16_fixed
[solver-sweep] denoiser=restormer-aug problem=blur algorithm=pnp_hqs schedule=fixed15p0 rho=1.6 step=0.5 lam=0.15 image=test001.png input=rot5_padded mode=vanilla
[solver-sweep] denoiser=restormer-aug problem=blur algorithm=pnp_hqs schedule=fixed15p0 rho=1.6 step=0.5 lam=0.15 image=test001.png input=rot5_padded mode=G16_fixed
[solver-sweep] denoiser=restormer-aug problem=blur algorithm=pnp_hqs schedule=fixed15p0 rho=1.6 step=0.5 lam=0.15 image=test001.png input=rot10_padded mode=vanilla
[solver-sweep] denoiser=restormer-aug problem=blur algorithm=pnp_hqs schedule=fixed15p0 rho=1.6 step=0.5 lam=0.15 image=test001.png input=rot10_padded mode=G16_fixed
[solver-sweep] denoiser=restormer-aug problem=blur algorithm=pnp_hqs schedule=fixed15p0 rho=1.6 step=0.5 lam=0.15 image=test001.png input=rot15_padded mode=vanilla
[solver-sweep] denoiser=restormer-aug problem=blur algorithm=pnp_hqs schedule=fixed15p0 rho=1.6 step=0.5 lam=0.15 image=test001.png input=rot15_padded mode=G16_fixed
[solver-sweep] denoiser=restormer-aug problem=blur algorithm=pnp_hqs schedule=fixed15p0 rho=1.6 step=0.5 lam=0.15 image=test001.png input=rot20_padded mode=vanilla
[solver-sweep] denoiser=restormer-aug problem=blur algorithm=pnp_hqs schedule=fixed15p0 rho=1.6 step=0.5 lam=0.15 image=test001.png input=rot20_padded mode=G16_fixed
[solver-sweep] denoiser=restormer-aug problem=blur algorithm=pnp_hqs schedule=fixed15p0 rho=1.6 step=0.5 lam=0.15 image=test001.png input=rot25_padded mode=vanilla
[solver-sweep] denoiser=restormer-aug problem=blur algorithm=pnp_hqs schedule=fixed15p0 rho=1.6 step=0.5 lam=0.15 image=test001.png input=rot25_padded mode=G16_fixed
[solver-sweep] denoiser=restormer-aug problem=blur algorithm=pnp_hqs schedule=fixed15p0 rho=1.6 step=0.5 lam=0.15 image=test001.png input=rot30_padded mode=vanilla
[solver-sweep] denoiser=restormer-aug problem=blur algorithm=pnp_hqs schedule=fixed15p0 rho=1.6 step=0.5 lam=0.15 image=test001.png input=rot30_padded mode=G16_fixed
[solver-sweep] denoiser=restormer-aug problem=blur algorithm=pnp_hqs schedule=fixed15p0 rho=1.6 step=0.5 lam=0.15 image=test001.png input=rot35_padded mode=vanilla
[solver-sweep] denoiser=restormer-aug problem=blur algorithm=pnp_hqs schedule=fixed15p0 rho=1.6 step=0.5 lam=0.15 image=test001.png input=rot35_padded mode=G16_fixed
[solver-sweep] denoiser=restormer-aug problem=blur algorithm=pnp_hqs schedule=fixed15p0 rho=1.6 step=0.5 lam=0.15 image=test001.png input=rot40_padded mode=vanilla
[solver-sweep] denoiser=restormer-aug problem=blur algorithm=pnp_hqs schedule=fixed15p0 rho=1.6 step=0.5 lam=0.15 image=test001.png input=rot40_padded mode=G16_fixed
[solver-sweep] denoiser=restormer-aug problem=blur algorithm=pnp_hqs schedule=fixed15p0 rho=1.6 step=0.5 lam=0.15 image=test001.png input=rot45_padded mode=vanilla
[solver-sweep] denoiser=restormer-aug problem=blur algorithm=pnp_hqs schedule=fixed15p0 rho=1.6 step=0.5 lam=0.15 image=test001.png input=rot45_padded mode=G16_fixed
[solver-sweep] denoiser=restormer-aug problem=blur algorithm=pnp_hqs schedule=fixed15p0 rho=1.6 step=0.5 lam=0.15 image=test001.png input=rot50_padded mode=vanilla
[solver-sweep] denoiser=restormer-aug problem=blur algorithm=pnp_hqs schedule=fixed15p0 rho=1.6 step=0.5 lam=0.15 image=test001.png input=rot50_padded mode=G16_fixed
[solver-sweep] denoiser=restormer-aug problem=blur algorithm=pnp_hqs schedule=fixed15p0 rho=1.6 step=0.5 lam=0.15 image=test001.png input=rot55_padded mode=vanilla
[solver-sweep] denoiser=restormer-aug problem=blur algorithm=pnp_hqs schedule=fixed15p0 rho=1.6 step=0.5 lam=0.15 image=test001.png input=rot55_padded mode=G16_fixed
[solver-sweep] denoiser=restormer-aug problem=blur algorithm=pnp_hqs schedule=fixed15p0 rho=1.6 step=0.5 lam=0.15 image=test001.png input=rot60_padded mode=vanilla
[solver-sweep] denoiser=restormer-aug problem=blur algorithm=pnp_hqs schedule=fixed15p0 rho=1.6 step=0.5 lam=0.15 image=test001.png input=rot60_padded mode=G16_fixed
[solver-sweep] denoiser=restormer-aug problem=blur algorithm=pnp_hqs schedule=fixed15p0 rho=1.6 step=0.5 lam=0.15 image=test001.png input=rot65_padded mode=vanilla
[solver-sweep] denoiser=restormer-aug problem=blur algorithm=pnp_hqs schedule=fixed15p0 rho=1.6 step=0.5 lam=0.15 image=test001.png input=rot65_padded mode=G16_fixed
[solver-sweep] denoiser=restormer-aug problem=blur algorithm=pnp_hqs schedule=fixed15p0 rho=1.6 step=0.5 lam=0.15 image=test001.png input=rot70_padded mode=vanilla
[solver-sweep] denoiser=restormer-aug problem=blur algorithm=pnp_hqs schedule=fixed15p0 rho=1.6 step=0.5 lam=0.15 image=test001.png input=rot70_padded mode=G16_fixed
[solver-sweep] denoiser=restormer-aug problem=blur algorithm=pnp_hqs schedule=fixed15p0 rho=1.6 step=0.5 lam=0.15 image=test001.png input=rot75_padded mode=vanilla
[solver-sweep] denoiser=restormer-aug problem=blur algorithm=pnp_hqs schedule=fixed15p0 rho=1.6 step=0.5 lam=0.15 image=test001.png input=rot75_padded mode=G16_fixed
[solver-sweep] denoiser=restormer-aug problem=blur algorithm=pnp_hqs schedule=fixed15p0 rho=1.6 step=0.5 lam=0.15 image=test001.png input=rot80_padded mode=vanilla
[solver-sweep] denoiser=restormer-aug problem=blur algorithm=pnp_hqs schedule=fixed15p0 rho=1.6 step=0.5 lam=0.15 image=test001.png input=rot80_padded mode=G16_fixed
[solver-sweep] denoiser=restormer-aug problem=blur algorithm=pnp_hqs schedule=fixed15p0 rho=1.6 step=0.5 lam=0.15 image=test001.png input=rot85_padded mode=vanilla
[solver-sweep] denoiser=restormer-aug problem=blur algorithm=pnp_hqs schedule=fixed15p0 rho=1.6 step=0.5 lam=0.15 image=test001.png input=rot85_padded mode=G16_fixed
[solver-sweep] denoiser=restormer-aug problem=blur algorithm=pnp_hqs schedule=fixed15p0 rho=1.6 step=0.5 lam=0.15 image=test001.png input=rot90_padded mode=vanilla
[solver-sweep] denoiser=restormer-aug problem=blur algorithm=pnp_hqs schedule=fixed15p0 rho=1.6 step=0.5 lam=0.15 image=test001.png input=rot90_padded mode=G16_fixed
[solver-sweep] denoiser=restormer-aug problem=blur algorithm=pnp_hqs schedule=fixed15p0 rho=1.6 step=0.5 lam=0.15 image=test002.png input=rot0_padded mode=vanilla
[solver-sweep] denoiser=restormer-aug problem=blur algorithm=pnp_hqs schedule=fixed15p0 rho=1.6 step=0.5 lam=0.15 image=test002.png input=rot0_padded mode=G16_fixed
[solver-sweep] denoiser=restormer-aug problem=blur algorithm=pnp_hqs schedule=fixed15p0 rho=1.6 step=0.5 lam=0.15 image=test002.png input=rot5_padded mode=vanilla
[solver-sweep] denoiser=restormer-aug problem=blur algorithm=pnp_hqs schedule=fixed15p0 rho=1.6 step=0.5 lam=0.15 image=test002.png input=rot5_padded mode=G16_fixed
[solver-sweep] denoiser=restormer-aug problem=blur algorithm=pnp_hqs schedule=fixed15p0 rho=1.6 step=0.5 lam=0.15 image=test002.png input=rot10_padded mode=vanilla
[solver-sweep] denoiser=restormer-aug problem=blur algorithm=pnp_hqs schedule=fixed15p0 rho=1.6 step=0.5 lam=0.15 image=test002.png input=rot10_padded mode=G16_fixed
[solver-sweep] denoiser=restormer-aug problem=blur algorithm=pnp_hqs schedule=fixed15p0 rho=1.6 step=0.5 lam=0.15 image=test002.png input=rot15_padded mode=vanilla
[solver-sweep] denoiser=restormer-aug problem=blur algorithm=pnp_hqs schedule=fixed15p0 rho=1.6 step=0.5 lam=0.15 image=test002.png input=rot15_padded mode=G16_fixed
[solver-sweep] denoiser=restormer-aug problem=blur algorithm=pnp_hqs schedule=fixed15p0 rho=1.6 step=0.5 lam=0.15 image=test002.png input=rot20_padded mode=vanilla
[solver-sweep] denoiser=restormer-aug problem=blur algorithm=pnp_hqs schedule=fixed15p0 rho=1.6 step=0.5 lam=0.15 image=test002.png input=rot20_padded mode=G16_fixed
[solver-sweep] denoiser=restormer-aug problem=blur algorithm=pnp_hqs schedule=fixed15p0 rho=1.6 step=0.5 lam=0.15 image=test002.png input=rot25_padded mode=vanilla
[solver-sweep] denoiser=restormer-aug problem=blur algorithm=pnp_hqs schedule=fixed15p0 rho=1.6 step=0.5 lam=0.15 image=test002.png input=rot25_padded mode=G16_fixed
[solver-sweep] denoiser=restormer-aug problem=blur algorithm=pnp_hqs schedule=fixed15p0 rho=1.6 step=0.5 lam=0.15 image=test002.png input=rot30_padded mode=vanilla
[solver-sweep] denoiser=restormer-aug problem=blur algorithm=pnp_hqs schedule=fixed15p0 rho=1.6 step=0.5 lam=0.15 image=test002.png input=rot30_padded mode=G16_fixed
[solver-sweep] denoiser=restormer-aug problem=blur algorithm=pnp_hqs schedule=fixed15p0 rho=1.6 step=0.5 lam=0.15 image=test002.png input=rot35_padded mode=vanilla
[solver-sweep] denoiser=restormer-aug problem=blur algorithm=pnp_hqs schedule=fixed15p0 rho=1.6 step=0.5 lam=0.15 image=test002.png input=rot35_padded mode=G16_fixed
[solver-sweep] denoiser=restormer-aug problem=blur algorithm=pnp_hqs schedule=fixed15p0 rho=1.6 step=0.5 lam=0.15 image=test002.png input=rot40_padded mode=vanilla
[solver-sweep] denoiser=restormer-aug problem=blur algorithm=pnp_hqs schedule=fixed15p0 rho=1.6 step=0.5 lam=0.15 image=test002.png input=rot40_padded mode=G16_fixed
[solver-sweep] denoiser=restormer-aug problem=blur algorithm=pnp_hqs schedule=fixed15p0 rho=1.6 step=0.5 lam=0.15 image=test002.png input=rot45_padded mode=vanilla
[solver-sweep] denoiser=restormer-aug problem=blur algorithm=pnp_hqs schedule=fixed15p0 rho=1.6 step=0.5 lam=0.15 image=test002.png input=rot45_padded mode=G16_fixed
[solver-sweep] denoiser=restormer-aug problem=blur algorithm=pnp_hqs schedule=fixed15p0 rho=1.6 step=0.5 lam=0.15 image=test002.png input=rot50_padded mode=vanilla
[solver-sweep] denoiser=restormer-aug problem=blur algorithm=pnp_hqs schedule=fixed15p0 rho=1.6 step=0.5 lam=0.15 image=test002.png input=rot50_padded mode=G16_fixed
[solver-sweep] denoiser=restormer-aug problem=blur algorithm=pnp_hqs schedule=fixed15p0 rho=1.6 step=0.5 lam=0.15 image=test002.png input=rot55_padded mode=vanilla
[solver-sweep] denoiser=restormer-aug problem=blur algorithm=pnp_hqs schedule=fixed15p0 rho=1.6 step=0.5 lam=0.15 image=test002.png input=rot55_padded mode=G16_fixed
[solver-sweep] denoiser=restormer-aug problem=blur algorithm=pnp_hqs schedule=fixed15p0 rho=1.6 step=0.5 lam=0.15 image=test002.png input=rot60_padded mode=vanilla
[solver-sweep] denoiser=restormer-aug problem=blur algorithm=pnp_hqs schedule=fixed15p0 rho=1.6 step=0.5 lam=0.15 image=test002.png input=rot60_padded mode=G16_fixed
[solver-sweep] denoiser=restormer-aug problem=blur algorithm=pnp_hqs schedule=fixed15p0 rho=1.6 step=0.5 lam=0.15 image=test002.png input=rot65_padded mode=vanilla
[solver-sweep] denoiser=restormer-aug problem=blur algorithm=pnp_hqs schedule=fixed15p0 rho=1.6 step=0.5 lam=0.15 image=test002.png input=rot65_padded mode=G16_fixed
[solver-sweep] denoiser=restormer-aug problem=blur algorithm=pnp_hqs schedule=fixed15p0 rho=1.6 step=0.5 lam=0.15 image=test002.png input=rot70_padded mode=vanilla
[solver-sweep] denoiser=restormer-aug problem=blur algorithm=pnp_hqs schedule=fixed15p0 rho=1.6 step=0.5 lam=0.15 image=test002.png input=rot70_padded mode=G16_fixed
[solver-sweep] denoiser=restormer-aug problem=blur algorithm=pnp_hqs schedule=fixed15p0 rho=1.6 step=0.5 lam=0.15 image=test002.png input=rot75_padded mode=vanilla
[solver-sweep] denoiser=restormer-aug problem=blur algorithm=pnp_hqs schedule=fixed15p0 rho=1.6 step=0.5 lam=0.15 image=test002.png input=rot75_padded mode=G16_fixed
[solver-sweep] denoiser=restormer-aug problem=blur algorithm=pnp_hqs schedule=fixed15p0 rho=1.6 step=0.5 lam=0.15 image=test002.png input=rot80_padded mode=vanilla
[solver-sweep] denoiser=restormer-aug problem=blur algorithm=pnp_hqs schedule=fixed15p0 rho=1.6 step=0.5 lam=0.15 image=test002.png input=rot80_padded mode=G16_fixed
[solver-sweep] denoiser=restormer-aug problem=blur algorithm=pnp_hqs schedule=fixed15p0 rho=1.6 step=0.5 lam=0.15 image=test002.png input=rot85_padded mode=vanilla
[solver-sweep] denoiser=restormer-aug problem=blur algorithm=pnp_hqs schedule=fixed15p0 rho=1.6 step=0.5 lam=0.15 image=test002.png input=rot85_padded mode=G16_fixed
[solver-sweep] denoiser=restormer-aug problem=blur algorithm=pnp_hqs schedule=fixed15p0 rho=1.6 step=0.5 lam=0.15 image=test002.png input=rot90_padded mode=vanilla
[solver-sweep] denoiser=restormer-aug problem=blur algorithm=pnp_hqs schedule=fixed15p0 rho=1.6 step=0.5 lam=0.15 image=test002.png input=rot90_padded mode=G16_fixed
wrote /home/yuqi/Documents/inference_group_averaging/results/downstream/solver_sweep_rectangle_angles5_sigma15/selected_final/restormer-aug/blur/pnp_hqs/downstream_solver_sweep_summary.csv
+ /home/yuqi/anaconda3/envs/restormer37/bin/python -u /home/yuqi/Documents/inference_group_averaging/scripts/run_downstream_solver_sweep.py --save-dir /home/yuqi/Documents/inference_group_averaging/results/downstream/solver_sweep_rectangle_angles5_sigma15/selected_final/restormer-aug/blur/red_gd --denoisers restormer-aug --dataset val_images --eval-mask none --problems blur --algorithms red_gd --modes vanilla G16_fixed --max-images 2 --num-iter 20 --save-image-count 1 --measurement-sigma 15.0 --input-pad 0 --rotation-angles 0 5 10 15 20 25 30 35 40 45 50 55 60 65 70 75 80 85 90 --input-poses all --exclude-upright --pnp-num-iter 20 --red-num-iter 40 --red-lambdas 0.02 --red-input-sigma 15.0 --red-steps 8.0
[solver-sweep] denoiser=restormer-aug problem=blur algorithm=red_gd schedule=fixed15p0 rho=0.8 step=8 lam=0.02 image=test001.png input=rot0_padded mode=vanilla
[solver-sweep] denoiser=restormer-aug problem=blur algorithm=red_gd schedule=fixed15p0 rho=0.8 step=8 lam=0.02 image=test001.png input=rot0_padded mode=G16_fixed
[solver-sweep] denoiser=restormer-aug problem=blur algorithm=red_gd schedule=fixed15p0 rho=0.8 step=8 lam=0.02 image=test001.png input=rot5_padded mode=vanilla
[solver-sweep] denoiser=restormer-aug problem=blur algorithm=red_gd schedule=fixed15p0 rho=0.8 step=8 lam=0.02 image=test001.png input=rot5_padded mode=G16_fixed
[solver-sweep] denoiser=restormer-aug problem=blur algorithm=red_gd schedule=fixed15p0 rho=0.8 step=8 lam=0.02 image=test001.png input=rot10_padded mode=vanilla
[solver-sweep] denoiser=restormer-aug problem=blur algorithm=red_gd schedule=fixed15p0 rho=0.8 step=8 lam=0.02 image=test001.png input=rot10_padded mode=G16_fixed
[solver-sweep] denoiser=restormer-aug problem=blur algorithm=red_gd schedule=fixed15p0 rho=0.8 step=8 lam=0.02 image=test001.png input=rot15_padded mode=vanilla
[solver-sweep] denoiser=restormer-aug problem=blur algorithm=red_gd schedule=fixed15p0 rho=0.8 step=8 lam=0.02 image=test001.png input=rot15_padded mode=G16_fixed
[solver-sweep] denoiser=restormer-aug problem=blur algorithm=red_gd schedule=fixed15p0 rho=0.8 step=8 lam=0.02 image=test001.png input=rot20_padded mode=vanilla
[solver-sweep] denoiser=restormer-aug problem=blur algorithm=red_gd schedule=fixed15p0 rho=0.8 step=8 lam=0.02 image=test001.png input=rot20_padded mode=G16_fixed
[solver-sweep] denoiser=restormer-aug problem=blur algorithm=red_gd schedule=fixed15p0 rho=0.8 step=8 lam=0.02 image=test001.png input=rot25_padded mode=vanilla
[solver-sweep] denoiser=restormer-aug problem=blur algorithm=red_gd schedule=fixed15p0 rho=0.8 step=8 lam=0.02 image=test001.png input=rot25_padded mode=G16_fixed
[solver-sweep] denoiser=restormer-aug problem=blur algorithm=red_gd schedule=fixed15p0 rho=0.8 step=8 lam=0.02 image=test001.png input=rot30_padded mode=vanilla
[solver-sweep] denoiser=restormer-aug problem=blur algorithm=red_gd schedule=fixed15p0 rho=0.8 step=8 lam=0.02 image=test001.png input=rot30_padded mode=G16_fixed
[solver-sweep] denoiser=restormer-aug problem=blur algorithm=red_gd schedule=fixed15p0 rho=0.8 step=8 lam=0.02 image=test001.png input=rot35_padded mode=vanilla
[solver-sweep] denoiser=restormer-aug problem=blur algorithm=red_gd schedule=fixed15p0 rho=0.8 step=8 lam=0.02 image=test001.png input=rot35_padded mode=G16_fixed
[solver-sweep] denoiser=restormer-aug problem=blur algorithm=red_gd schedule=fixed15p0 rho=0.8 step=8 lam=0.02 image=test001.png input=rot40_padded mode=vanilla
[solver-sweep] denoiser=restormer-aug problem=blur algorithm=red_gd schedule=fixed15p0 rho=0.8 step=8 lam=0.02 image=test001.png input=rot40_padded mode=G16_fixed
[solver-sweep] denoiser=restormer-aug problem=blur algorithm=red_gd schedule=fixed15p0 rho=0.8 step=8 lam=0.02 image=test001.png input=rot45_padded mode=vanilla
[solver-sweep] denoiser=restormer-aug problem=blur algorithm=red_gd schedule=fixed15p0 rho=0.8 step=8 lam=0.02 image=test001.png input=rot45_padded mode=G16_fixed
[solver-sweep] denoiser=restormer-aug problem=blur algorithm=red_gd schedule=fixed15p0 rho=0.8 step=8 lam=0.02 image=test001.png input=rot50_padded mode=vanilla
[solver-sweep] denoiser=restormer-aug problem=blur algorithm=red_gd schedule=fixed15p0 rho=0.8 step=8 lam=0.02 image=test001.png input=rot50_padded mode=G16_fixed
[solver-sweep] denoiser=restormer-aug problem=blur algorithm=red_gd schedule=fixed15p0 rho=0.8 step=8 lam=0.02 image=test001.png input=rot55_padded mode=vanilla
[solver-sweep] denoiser=restormer-aug problem=blur algorithm=red_gd schedule=fixed15p0 rho=0.8 step=8 lam=0.02 image=test001.png input=rot55_padded mode=G16_fixed
[solver-sweep] denoiser=restormer-aug problem=blur algorithm=red_gd schedule=fixed15p0 rho=0.8 step=8 lam=0.02 image=test001.png input=rot60_padded mode=vanilla
[solver-sweep] denoiser=restormer-aug problem=blur algorithm=red_gd schedule=fixed15p0 rho=0.8 step=8 lam=0.02 image=test001.png input=rot60_padded mode=G16_fixed
[solver-sweep] denoiser=restormer-aug problem=blur algorithm=red_gd schedule=fixed15p0 rho=0.8 step=8 lam=0.02 image=test001.png input=rot65_padded mode=vanilla
[solver-sweep] denoiser=restormer-aug problem=blur algorithm=red_gd schedule=fixed15p0 rho=0.8 step=8 lam=0.02 image=test001.png input=rot65_padded mode=G16_fixed
[solver-sweep] denoiser=restormer-aug problem=blur algorithm=red_gd schedule=fixed15p0 rho=0.8 step=8 lam=0.02 image=test001.png input=rot70_padded mode=vanilla
[solver-sweep] denoiser=restormer-aug problem=blur algorithm=red_gd schedule=fixed15p0 rho=0.8 step=8 lam=0.02 image=test001.png input=rot70_padded mode=G16_fixed
[solver-sweep] denoiser=restormer-aug problem=blur algorithm=red_gd schedule=fixed15p0 rho=0.8 step=8 lam=0.02 image=test001.png input=rot75_padded mode=vanilla
[solver-sweep] denoiser=restormer-aug problem=blur algorithm=red_gd schedule=fixed15p0 rho=0.8 step=8 lam=0.02 image=test001.png input=rot75_padded mode=G16_fixed
[solver-sweep] denoiser=restormer-aug problem=blur algorithm=red_gd schedule=fixed15p0 rho=0.8 step=8 lam=0.02 image=test001.png input=rot80_padded mode=vanilla
[solver-sweep] denoiser=restormer-aug problem=blur algorithm=red_gd schedule=fixed15p0 rho=0.8 step=8 lam=0.02 image=test001.png input=rot80_padded mode=G16_fixed
[solver-sweep] denoiser=restormer-aug problem=blur algorithm=red_gd schedule=fixed15p0 rho=0.8 step=8 lam=0.02 image=test001.png input=rot85_padded mode=vanilla
[solver-sweep] denoiser=restormer-aug problem=blur algorithm=red_gd schedule=fixed15p0 rho=0.8 step=8 lam=0.02 image=test001.png input=rot85_padded mode=G16_fixed
[solver-sweep] denoiser=restormer-aug problem=blur algorithm=red_gd schedule=fixed15p0 rho=0.8 step=8 lam=0.02 image=test001.png input=rot90_padded mode=vanilla
[solver-sweep] denoiser=restormer-aug problem=blur algorithm=red_gd schedule=fixed15p0 rho=0.8 step=8 lam=0.02 image=test001.png input=rot90_padded mode=G16_fixed
[solver-sweep] denoiser=restormer-aug problem=blur algorithm=red_gd schedule=fixed15p0 rho=0.8 step=8 lam=0.02 image=test002.png input=rot0_padded mode=vanilla
[solver-sweep] denoiser=restormer-aug problem=blur algorithm=red_gd schedule=fixed15p0 rho=0.8 step=8 lam=0.02 image=test002.png input=rot0_padded mode=G16_fixed
[solver-sweep] denoiser=restormer-aug problem=blur algorithm=red_gd schedule=fixed15p0 rho=0.8 step=8 lam=0.02 image=test002.png input=rot5_padded mode=vanilla
[solver-sweep] denoiser=restormer-aug problem=blur algorithm=red_gd schedule=fixed15p0 rho=0.8 step=8 lam=0.02 image=test002.png input=rot5_padded mode=G16_fixed
[solver-sweep] denoiser=restormer-aug problem=blur algorithm=red_gd schedule=fixed15p0 rho=0.8 step=8 lam=0.02 image=test002.png input=rot10_padded mode=vanilla
[solver-sweep] denoiser=restormer-aug problem=blur algorithm=red_gd schedule=fixed15p0 rho=0.8 step=8 lam=0.02 image=test002.png input=rot10_padded mode=G16_fixed
[solver-sweep] denoiser=restormer-aug problem=blur algorithm=red_gd schedule=fixed15p0 rho=0.8 step=8 lam=0.02 image=test002.png input=rot15_padded mode=vanilla
[solver-sweep] denoiser=restormer-aug problem=blur algorithm=red_gd schedule=fixed15p0 rho=0.8 step=8 lam=0.02 image=test002.png input=rot15_padded mode=G16_fixed
[solver-sweep] denoiser=restormer-aug problem=blur algorithm=red_gd schedule=fixed15p0 rho=0.8 step=8 lam=0.02 image=test002.png input=rot20_padded mode=vanilla
[solver-sweep] denoiser=restormer-aug problem=blur algorithm=red_gd schedule=fixed15p0 rho=0.8 step=8 lam=0.02 image=test002.png input=rot20_padded mode=G16_fixed
[solver-sweep] denoiser=restormer-aug problem=blur algorithm=red_gd schedule=fixed15p0 rho=0.8 step=8 lam=0.02 image=test002.png input=rot25_padded mode=vanilla
[solver-sweep] denoiser=restormer-aug problem=blur algorithm=red_gd schedule=fixed15p0 rho=0.8 step=8 lam=0.02 image=test002.png input=rot25_padded mode=G16_fixed
[solver-sweep] denoiser=restormer-aug problem=blur algorithm=red_gd schedule=fixed15p0 rho=0.8 step=8 lam=0.02 image=test002.png input=rot30_padded mode=vanilla
[solver-sweep] denoiser=restormer-aug problem=blur algorithm=red_gd schedule=fixed15p0 rho=0.8 step=8 lam=0.02 image=test002.png input=rot30_padded mode=G16_fixed
[solver-sweep] denoiser=restormer-aug problem=blur algorithm=red_gd schedule=fixed15p0 rho=0.8 step=8 lam=0.02 image=test002.png input=rot35_padded mode=vanilla
[solver-sweep] denoiser=restormer-aug problem=blur algorithm=red_gd schedule=fixed15p0 rho=0.8 step=8 lam=0.02 image=test002.png input=rot35_padded mode=G16_fixed
[solver-sweep] denoiser=restormer-aug problem=blur algorithm=red_gd schedule=fixed15p0 rho=0.8 step=8 lam=0.02 image=test002.png input=rot40_padded mode=vanilla
[solver-sweep] denoiser=restormer-aug problem=blur algorithm=red_gd schedule=fixed15p0 rho=0.8 step=8 lam=0.02 image=test002.png input=rot40_padded mode=G16_fixed
[solver-sweep] denoiser=restormer-aug problem=blur algorithm=red_gd schedule=fixed15p0 rho=0.8 step=8 lam=0.02 image=test002.png input=rot45_padded mode=vanilla
[solver-sweep] denoiser=restormer-aug problem=blur algorithm=red_gd schedule=fixed15p0 rho=0.8 step=8 lam=0.02 image=test002.png input=rot45_padded mode=G16_fixed
[solver-sweep] denoiser=restormer-aug problem=blur algorithm=red_gd schedule=fixed15p0 rho=0.8 step=8 lam=0.02 image=test002.png input=rot50_padded mode=vanilla
[solver-sweep] denoiser=restormer-aug problem=blur algorithm=red_gd schedule=fixed15p0 rho=0.8 step=8 lam=0.02 image=test002.png input=rot50_padded mode=G16_fixed
[solver-sweep] denoiser=restormer-aug problem=blur algorithm=red_gd schedule=fixed15p0 rho=0.8 step=8 lam=0.02 image=test002.png input=rot55_padded mode=vanilla
[solver-sweep] denoiser=restormer-aug problem=blur algorithm=red_gd schedule=fixed15p0 rho=0.8 step=8 lam=0.02 image=test002.png input=rot55_padded mode=G16_fixed
[solver-sweep] denoiser=restormer-aug problem=blur algorithm=red_gd schedule=fixed15p0 rho=0.8 step=8 lam=0.02 image=test002.png input=rot60_padded mode=vanilla
[solver-sweep] denoiser=restormer-aug problem=blur algorithm=red_gd schedule=fixed15p0 rho=0.8 step=8 lam=0.02 image=test002.png input=rot60_padded mode=G16_fixed
[solver-sweep] denoiser=restormer-aug problem=blur algorithm=red_gd schedule=fixed15p0 rho=0.8 step=8 lam=0.02 image=test002.png input=rot65_padded mode=vanilla
[solver-sweep] denoiser=restormer-aug problem=blur algorithm=red_gd schedule=fixed15p0 rho=0.8 step=8 lam=0.02 image=test002.png input=rot65_padded mode=G16_fixed
[solver-sweep] denoiser=restormer-aug problem=blur algorithm=red_gd schedule=fixed15p0 rho=0.8 step=8 lam=0.02 image=test002.png input=rot70_padded mode=vanilla
[solver-sweep] denoiser=restormer-aug problem=blur algorithm=red_gd schedule=fixed15p0 rho=0.8 step=8 lam=0.02 image=test002.png input=rot70_padded mode=G16_fixed
[solver-sweep] denoiser=restormer-aug problem=blur algorithm=red_gd schedule=fixed15p0 rho=0.8 step=8 lam=0.02 image=test002.png input=rot75_padded mode=vanilla
[solver-sweep] denoiser=restormer-aug problem=blur algorithm=red_gd schedule=fixed15p0 rho=0.8 step=8 lam=0.02 image=test002.png input=rot75_padded mode=G16_fixed
[solver-sweep] denoiser=restormer-aug problem=blur algorithm=red_gd schedule=fixed15p0 rho=0.8 step=8 lam=0.02 image=test002.png input=rot80_padded mode=vanilla
[solver-sweep] denoiser=restormer-aug problem=blur algorithm=red_gd schedule=fixed15p0 rho=0.8 step=8 lam=0.02 image=test002.png input=rot80_padded mode=G16_fixed
[solver-sweep] denoiser=restormer-aug problem=blur algorithm=red_gd schedule=fixed15p0 rho=0.8 step=8 lam=0.02 image=test002.png input=rot85_padded mode=vanilla
[solver-sweep] denoiser=restormer-aug problem=blur algorithm=red_gd schedule=fixed15p0 rho=0.8 step=8 lam=0.02 image=test002.png input=rot85_padded mode=G16_fixed
[solver-sweep] denoiser=restormer-aug problem=blur algorithm=red_gd schedule=fixed15p0 rho=0.8 step=8 lam=0.02 image=test002.png input=rot90_padded mode=vanilla
[solver-sweep] denoiser=restormer-aug problem=blur algorithm=red_gd schedule=fixed15p0 rho=0.8 step=8 lam=0.02 image=test002.png input=rot90_padded mode=G16_fixed
wrote /home/yuqi/Documents/inference_group_averaging/results/downstream/solver_sweep_rectangle_angles5_sigma15/selected_final/restormer-aug/blur/red_gd/downstream_solver_sweep_summary.csv
+ /home/yuqi/anaconda3/envs/restormer37/bin/python -u /home/yuqi/Documents/inference_group_averaging/scripts/run_downstream_solver_sweep.py --save-dir /home/yuqi/Documents/inference_group_averaging/results/downstream/solver_sweep_rectangle_angles5_sigma15/selected_final/restormer-aug/inpaint/pnp_hqs --denoisers restormer-aug --dataset val_images --eval-mask none --problems inpaint --algorithms pnp_hqs --modes vanilla G16_fixed --max-images 2 --num-iter 20 --save-image-count 1 --measurement-sigma 15.0 --input-pad 0 --rotation-angles 0 5 10 15 20 25 30 35 40 45 50 55 60 65 70 75 80 85 90 --input-poses all --exclude-upright --pnp-num-iter 20 --red-num-iter 40 --inpaint-init telea --pnp-restormer-rhos 0.1
[solver-sweep] denoiser=restormer-aug problem=inpaint algorithm=pnp_hqs schedule=fixed15p0 rho=0.1 step=0.5 lam=0.15 image=test001.png input=rot0_padded mode=vanilla
[solver-sweep] denoiser=restormer-aug problem=inpaint algorithm=pnp_hqs schedule=fixed15p0 rho=0.1 step=0.5 lam=0.15 image=test001.png input=rot0_padded mode=G16_fixed
[solver-sweep] denoiser=restormer-aug problem=inpaint algorithm=pnp_hqs schedule=fixed15p0 rho=0.1 step=0.5 lam=0.15 image=test001.png input=rot5_padded mode=vanilla
[solver-sweep] denoiser=restormer-aug problem=inpaint algorithm=pnp_hqs schedule=fixed15p0 rho=0.1 step=0.5 lam=0.15 image=test001.png input=rot5_padded mode=G16_fixed
[solver-sweep] denoiser=restormer-aug problem=inpaint algorithm=pnp_hqs schedule=fixed15p0 rho=0.1 step=0.5 lam=0.15 image=test001.png input=rot10_padded mode=vanilla
[solver-sweep] denoiser=restormer-aug problem=inpaint algorithm=pnp_hqs schedule=fixed15p0 rho=0.1 step=0.5 lam=0.15 image=test001.png input=rot10_padded mode=G16_fixed
[solver-sweep] denoiser=restormer-aug problem=inpaint algorithm=pnp_hqs schedule=fixed15p0 rho=0.1 step=0.5 lam=0.15 image=test001.png input=rot15_padded mode=vanilla
[solver-sweep] denoiser=restormer-aug problem=inpaint algorithm=pnp_hqs schedule=fixed15p0 rho=0.1 step=0.5 lam=0.15 image=test001.png input=rot15_padded mode=G16_fixed
[solver-sweep] denoiser=restormer-aug problem=inpaint algorithm=pnp_hqs schedule=fixed15p0 rho=0.1 step=0.5 lam=0.15 image=test001.png input=rot20_padded mode=vanilla
[solver-sweep] denoiser=restormer-aug problem=inpaint algorithm=pnp_hqs schedule=fixed15p0 rho=0.1 step=0.5 lam=0.15 image=test001.png input=rot20_padded mode=G16_fixed
[solver-sweep] denoiser=restormer-aug problem=inpaint algorithm=pnp_hqs schedule=fixed15p0 rho=0.1 step=0.5 lam=0.15 image=test001.png input=rot25_padded mode=vanilla
[solver-sweep] denoiser=restormer-aug problem=inpaint algorithm=pnp_hqs schedule=fixed15p0 rho=0.1 step=0.5 lam=0.15 image=test001.png input=rot25_padded mode=G16_fixed
[solver-sweep] denoiser=restormer-aug problem=inpaint algorithm=pnp_hqs schedule=fixed15p0 rho=0.1 step=0.5 lam=0.15 image=test001.png input=rot30_padded mode=vanilla
[solver-sweep] denoiser=restormer-aug problem=inpaint algorithm=pnp_hqs schedule=fixed15p0 rho=0.1 step=0.5 lam=0.15 image=test001.png input=rot30_padded mode=G16_fixed
[solver-sweep] denoiser=restormer-aug problem=inpaint algorithm=pnp_hqs schedule=fixed15p0 rho=0.1 step=0.5 lam=0.15 image=test001.png input=rot35_padded mode=vanilla
[solver-sweep] denoiser=restormer-aug problem=inpaint algorithm=pnp_hqs schedule=fixed15p0 rho=0.1 step=0.5 lam=0.15 image=test001.png input=rot35_padded mode=G16_fixed
[solver-sweep] denoiser=restormer-aug problem=inpaint algorithm=pnp_hqs schedule=fixed15p0 rho=0.1 step=0.5 lam=0.15 image=test001.png input=rot40_padded mode=vanilla
[solver-sweep] denoiser=restormer-aug problem=inpaint algorithm=pnp_hqs schedule=fixed15p0 rho=0.1 step=0.5 lam=0.15 image=test001.png input=rot40_padded mode=G16_fixed
[solver-sweep] denoiser=restormer-aug problem=inpaint algorithm=pnp_hqs schedule=fixed15p0 rho=0.1 step=0.5 lam=0.15 image=test001.png input=rot45_padded mode=vanilla
[solver-sweep] denoiser=restormer-aug problem=inpaint algorithm=pnp_hqs schedule=fixed15p0 rho=0.1 step=0.5 lam=0.15 image=test001.png input=rot45_padded mode=G16_fixed
[solver-sweep] denoiser=restormer-aug problem=inpaint algorithm=pnp_hqs schedule=fixed15p0 rho=0.1 step=0.5 lam=0.15 image=test001.png input=rot50_padded mode=vanilla
[solver-sweep] denoiser=restormer-aug problem=inpaint algorithm=pnp_hqs schedule=fixed15p0 rho=0.1 step=0.5 lam=0.15 image=test001.png input=rot50_padded mode=G16_fixed
[solver-sweep] denoiser=restormer-aug problem=inpaint algorithm=pnp_hqs schedule=fixed15p0 rho=0.1 step=0.5 lam=0.15 image=test001.png input=rot55_padded mode=vanilla
[solver-sweep] denoiser=restormer-aug problem=inpaint algorithm=pnp_hqs schedule=fixed15p0 rho=0.1 step=0.5 lam=0.15 image=test001.png input=rot55_padded mode=G16_fixed
[solver-sweep] denoiser=restormer-aug problem=inpaint algorithm=pnp_hqs schedule=fixed15p0 rho=0.1 step=0.5 lam=0.15 image=test001.png input=rot60_padded mode=vanilla
[solver-sweep] denoiser=restormer-aug problem=inpaint algorithm=pnp_hqs schedule=fixed15p0 rho=0.1 step=0.5 lam=0.15 image=test001.png input=rot60_padded mode=G16_fixed
[solver-sweep] denoiser=restormer-aug problem=inpaint algorithm=pnp_hqs schedule=fixed15p0 rho=0.1 step=0.5 lam=0.15 image=test001.png input=rot65_padded mode=vanilla
[solver-sweep] denoiser=restormer-aug problem=inpaint algorithm=pnp_hqs schedule=fixed15p0 rho=0.1 step=0.5 lam=0.15 image=test001.png input=rot65_padded mode=G16_fixed
[solver-sweep] denoiser=restormer-aug problem=inpaint algorithm=pnp_hqs schedule=fixed15p0 rho=0.1 step=0.5 lam=0.15 image=test001.png input=rot70_padded mode=vanilla
[solver-sweep] denoiser=restormer-aug problem=inpaint algorithm=pnp_hqs schedule=fixed15p0 rho=0.1 step=0.5 lam=0.15 image=test001.png input=rot70_padded mode=G16_fixed
[solver-sweep] denoiser=restormer-aug problem=inpaint algorithm=pnp_hqs schedule=fixed15p0 rho=0.1 step=0.5 lam=0.15 image=test001.png input=rot75_padded mode=vanilla
[solver-sweep] denoiser=restormer-aug problem=inpaint algorithm=pnp_hqs schedule=fixed15p0 rho=0.1 step=0.5 lam=0.15 image=test001.png input=rot75_padded mode=G16_fixed
[solver-sweep] denoiser=restormer-aug problem=inpaint algorithm=pnp_hqs schedule=fixed15p0 rho=0.1 step=0.5 lam=0.15 image=test001.png input=rot80_padded mode=vanilla
[solver-sweep] denoiser=restormer-aug problem=inpaint algorithm=pnp_hqs schedule=fixed15p0 rho=0.1 step=0.5 lam=0.15 image=test001.png input=rot80_padded mode=G16_fixed
[solver-sweep] denoiser=restormer-aug problem=inpaint algorithm=pnp_hqs schedule=fixed15p0 rho=0.1 step=0.5 lam=0.15 image=test001.png input=rot85_padded mode=vanilla
[solver-sweep] denoiser=restormer-aug problem=inpaint algorithm=pnp_hqs schedule=fixed15p0 rho=0.1 step=0.5 lam=0.15 image=test001.png input=rot85_padded mode=G16_fixed
[solver-sweep] denoiser=restormer-aug problem=inpaint algorithm=pnp_hqs schedule=fixed15p0 rho=0.1 step=0.5 lam=0.15 image=test001.png input=rot90_padded mode=vanilla
[solver-sweep] denoiser=restormer-aug problem=inpaint algorithm=pnp_hqs schedule=fixed15p0 rho=0.1 step=0.5 lam=0.15 image=test001.png input=rot90_padded mode=G16_fixed
[solver-sweep] denoiser=restormer-aug problem=inpaint algorithm=pnp_hqs schedule=fixed15p0 rho=0.1 step=0.5 lam=0.15 image=test002.png input=rot0_padded mode=vanilla
[solver-sweep] denoiser=restormer-aug problem=inpaint algorithm=pnp_hqs schedule=fixed15p0 rho=0.1 step=0.5 lam=0.15 image=test002.png input=rot0_padded mode=G16_fixed
[solver-sweep] denoiser=restormer-aug problem=inpaint algorithm=pnp_hqs schedule=fixed15p0 rho=0.1 step=0.5 lam=0.15 image=test002.png input=rot5_padded mode=vanilla
[solver-sweep] denoiser=restormer-aug problem=inpaint algorithm=pnp_hqs schedule=fixed15p0 rho=0.1 step=0.5 lam=0.15 image=test002.png input=rot5_padded mode=G16_fixed
[solver-sweep] denoiser=restormer-aug problem=inpaint algorithm=pnp_hqs schedule=fixed15p0 rho=0.1 step=0.5 lam=0.15 image=test002.png input=rot10_padded mode=vanilla
[solver-sweep] denoiser=restormer-aug problem=inpaint algorithm=pnp_hqs schedule=fixed15p0 rho=0.1 step=0.5 lam=0.15 image=test002.png input=rot10_padded mode=G16_fixed
[solver-sweep] denoiser=restormer-aug problem=inpaint algorithm=pnp_hqs schedule=fixed15p0 rho=0.1 step=0.5 lam=0.15 image=test002.png input=rot15_padded mode=vanilla
[solver-sweep] denoiser=restormer-aug problem=inpaint algorithm=pnp_hqs schedule=fixed15p0 rho=0.1 step=0.5 lam=0.15 image=test002.png input=rot15_padded mode=G16_fixed
[solver-sweep] denoiser=restormer-aug problem=inpaint algorithm=pnp_hqs schedule=fixed15p0 rho=0.1 step=0.5 lam=0.15 image=test002.png input=rot20_padded mode=vanilla
[solver-sweep] denoiser=restormer-aug problem=inpaint algorithm=pnp_hqs schedule=fixed15p0 rho=0.1 step=0.5 lam=0.15 image=test002.png input=rot20_padded mode=G16_fixed
[solver-sweep] denoiser=restormer-aug problem=inpaint algorithm=pnp_hqs schedule=fixed15p0 rho=0.1 step=0.5 lam=0.15 image=test002.png input=rot25_padded mode=vanilla
[solver-sweep] denoiser=restormer-aug problem=inpaint algorithm=pnp_hqs schedule=fixed15p0 rho=0.1 step=0.5 lam=0.15 image=test002.png input=rot25_padded mode=G16_fixed
[solver-sweep] denoiser=restormer-aug problem=inpaint algorithm=pnp_hqs schedule=fixed15p0 rho=0.1 step=0.5 lam=0.15 image=test002.png input=rot30_padded mode=vanilla
[solver-sweep] denoiser=restormer-aug problem=inpaint algorithm=pnp_hqs schedule=fixed15p0 rho=0.1 step=0.5 lam=0.15 image=test002.png input=rot30_padded mode=G16_fixed
[solver-sweep] denoiser=restormer-aug problem=inpaint algorithm=pnp_hqs schedule=fixed15p0 rho=0.1 step=0.5 lam=0.15 image=test002.png input=rot35_padded mode=vanilla
[solver-sweep] denoiser=restormer-aug problem=inpaint algorithm=pnp_hqs schedule=fixed15p0 rho=0.1 step=0.5 lam=0.15 image=test002.png input=rot35_padded mode=G16_fixed
[solver-sweep] denoiser=restormer-aug problem=inpaint algorithm=pnp_hqs schedule=fixed15p0 rho=0.1 step=0.5 lam=0.15 image=test002.png input=rot40_padded mode=vanilla
[solver-sweep] denoiser=restormer-aug problem=inpaint algorithm=pnp_hqs schedule=fixed15p0 rho=0.1 step=0.5 lam=0.15 image=test002.png input=rot40_padded mode=G16_fixed
[solver-sweep] denoiser=restormer-aug problem=inpaint algorithm=pnp_hqs schedule=fixed15p0 rho=0.1 step=0.5 lam=0.15 image=test002.png input=rot45_padded mode=vanilla
[solver-sweep] denoiser=restormer-aug problem=inpaint algorithm=pnp_hqs schedule=fixed15p0 rho=0.1 step=0.5 lam=0.15 image=test002.png input=rot45_padded mode=G16_fixed
[solver-sweep] denoiser=restormer-aug problem=inpaint algorithm=pnp_hqs schedule=fixed15p0 rho=0.1 step=0.5 lam=0.15 image=test002.png input=rot50_padded mode=vanilla
[solver-sweep] denoiser=restormer-aug problem=inpaint algorithm=pnp_hqs schedule=fixed15p0 rho=0.1 step=0.5 lam=0.15 image=test002.png input=rot50_padded mode=G16_fixed
[solver-sweep] denoiser=restormer-aug problem=inpaint algorithm=pnp_hqs schedule=fixed15p0 rho=0.1 step=0.5 lam=0.15 image=test002.png input=rot55_padded mode=vanilla
[solver-sweep] denoiser=restormer-aug problem=inpaint algorithm=pnp_hqs schedule=fixed15p0 rho=0.1 step=0.5 lam=0.15 image=test002.png input=rot55_padded mode=G16_fixed
[solver-sweep] denoiser=restormer-aug problem=inpaint algorithm=pnp_hqs schedule=fixed15p0 rho=0.1 step=0.5 lam=0.15 image=test002.png input=rot60_padded mode=vanilla
[solver-sweep] denoiser=restormer-aug problem=inpaint algorithm=pnp_hqs schedule=fixed15p0 rho=0.1 step=0.5 lam=0.15 image=test002.png input=rot60_padded mode=G16_fixed
[solver-sweep] denoiser=restormer-aug problem=inpaint algorithm=pnp_hqs schedule=fixed15p0 rho=0.1 step=0.5 lam=0.15 image=test002.png input=rot65_padded mode=vanilla
[solver-sweep] denoiser=restormer-aug problem=inpaint algorithm=pnp_hqs schedule=fixed15p0 rho=0.1 step=0.5 lam=0.15 image=test002.png input=rot65_padded mode=G16_fixed
[solver-sweep] denoiser=restormer-aug problem=inpaint algorithm=pnp_hqs schedule=fixed15p0 rho=0.1 step=0.5 lam=0.15 image=test002.png input=rot70_padded mode=vanilla
[solver-sweep] denoiser=restormer-aug problem=inpaint algorithm=pnp_hqs schedule=fixed15p0 rho=0.1 step=0.5 lam=0.15 image=test002.png input=rot70_padded mode=G16_fixed
[solver-sweep] denoiser=restormer-aug problem=inpaint algorithm=pnp_hqs schedule=fixed15p0 rho=0.1 step=0.5 lam=0.15 image=test002.png input=rot75_padded mode=vanilla
[solver-sweep] denoiser=restormer-aug problem=inpaint algorithm=pnp_hqs schedule=fixed15p0 rho=0.1 step=0.5 lam=0.15 image=test002.png input=rot75_padded mode=G16_fixed
[solver-sweep] denoiser=restormer-aug problem=inpaint algorithm=pnp_hqs schedule=fixed15p0 rho=0.1 step=0.5 lam=0.15 image=test002.png input=rot80_padded mode=vanilla
[solver-sweep] denoiser=restormer-aug problem=inpaint algorithm=pnp_hqs schedule=fixed15p0 rho=0.1 step=0.5 lam=0.15 image=test002.png input=rot80_padded mode=G16_fixed
[solver-sweep] denoiser=restormer-aug problem=inpaint algorithm=pnp_hqs schedule=fixed15p0 rho=0.1 step=0.5 lam=0.15 image=test002.png input=rot85_padded mode=vanilla
[solver-sweep] denoiser=restormer-aug problem=inpaint algorithm=pnp_hqs schedule=fixed15p0 rho=0.1 step=0.5 lam=0.15 image=test002.png input=rot85_padded mode=G16_fixed
[solver-sweep] denoiser=restormer-aug problem=inpaint algorithm=pnp_hqs schedule=fixed15p0 rho=0.1 step=0.5 lam=0.15 image=test002.png input=rot90_padded mode=vanilla
[solver-sweep] denoiser=restormer-aug problem=inpaint algorithm=pnp_hqs schedule=fixed15p0 rho=0.1 step=0.5 lam=0.15 image=test002.png input=rot90_padded mode=G16_fixed
wrote /home/yuqi/Documents/inference_group_averaging/results/downstream/solver_sweep_rectangle_angles5_sigma15/selected_final/restormer-aug/inpaint/pnp_hqs/downstream_solver_sweep_summary.csv
+ /home/yuqi/anaconda3/envs/restormer37/bin/python -u /home/yuqi/Documents/inference_group_averaging/scripts/run_downstream_solver_sweep.py --save-dir /home/yuqi/Documents/inference_group_averaging/results/downstream/solver_sweep_rectangle_angles5_sigma15/selected_final/restormer-aug/inpaint/red_gd --denoisers restormer-aug --dataset val_images --eval-mask none --problems inpaint --algorithms red_gd --modes vanilla G16_fixed --max-images 2 --num-iter 20 --save-image-count 1 --measurement-sigma 15.0 --input-pad 0 --rotation-angles 0 5 10 15 20 25 30 35 40 45 50 55 60 65 70 75 80 85 90 --input-poses all --exclude-upright --pnp-num-iter 20 --red-num-iter 40 --inpaint-init telea --red-lambdas 0.02 --red-input-sigma 15.0 --red-steps 2.0
[solver-sweep] denoiser=restormer-aug problem=inpaint algorithm=red_gd schedule=fixed15p0 rho=0.8 step=2 lam=0.02 image=test001.png input=rot0_padded mode=vanilla
[solver-sweep] denoiser=restormer-aug problem=inpaint algorithm=red_gd schedule=fixed15p0 rho=0.8 step=2 lam=0.02 image=test001.png input=rot0_padded mode=G16_fixed
[solver-sweep] denoiser=restormer-aug problem=inpaint algorithm=red_gd schedule=fixed15p0 rho=0.8 step=2 lam=0.02 image=test001.png input=rot5_padded mode=vanilla
[solver-sweep] denoiser=restormer-aug problem=inpaint algorithm=red_gd schedule=fixed15p0 rho=0.8 step=2 lam=0.02 image=test001.png input=rot5_padded mode=G16_fixed
[solver-sweep] denoiser=restormer-aug problem=inpaint algorithm=red_gd schedule=fixed15p0 rho=0.8 step=2 lam=0.02 image=test001.png input=rot10_padded mode=vanilla
[solver-sweep] denoiser=restormer-aug problem=inpaint algorithm=red_gd schedule=fixed15p0 rho=0.8 step=2 lam=0.02 image=test001.png input=rot10_padded mode=G16_fixed
[solver-sweep] denoiser=restormer-aug problem=inpaint algorithm=red_gd schedule=fixed15p0 rho=0.8 step=2 lam=0.02 image=test001.png input=rot15_padded mode=vanilla
[solver-sweep] denoiser=restormer-aug problem=inpaint algorithm=red_gd schedule=fixed15p0 rho=0.8 step=2 lam=0.02 image=test001.png input=rot15_padded mode=G16_fixed
[solver-sweep] denoiser=restormer-aug problem=inpaint algorithm=red_gd schedule=fixed15p0 rho=0.8 step=2 lam=0.02 image=test001.png input=rot20_padded mode=vanilla
[solver-sweep] denoiser=restormer-aug problem=inpaint algorithm=red_gd schedule=fixed15p0 rho=0.8 step=2 lam=0.02 image=test001.png input=rot20_padded mode=G16_fixed
[solver-sweep] denoiser=restormer-aug problem=inpaint algorithm=red_gd schedule=fixed15p0 rho=0.8 step=2 lam=0.02 image=test001.png input=rot25_padded mode=vanilla
[solver-sweep] denoiser=restormer-aug problem=inpaint algorithm=red_gd schedule=fixed15p0 rho=0.8 step=2 lam=0.02 image=test001.png input=rot25_padded mode=G16_fixed
[solver-sweep] denoiser=restormer-aug problem=inpaint algorithm=red_gd schedule=fixed15p0 rho=0.8 step=2 lam=0.02 image=test001.png input=rot30_padded mode=vanilla
[solver-sweep] denoiser=restormer-aug problem=inpaint algorithm=red_gd schedule=fixed15p0 rho=0.8 step=2 lam=0.02 image=test001.png input=rot30_padded mode=G16_fixed
[solver-sweep] denoiser=restormer-aug problem=inpaint algorithm=red_gd schedule=fixed15p0 rho=0.8 step=2 lam=0.02 image=test001.png input=rot35_padded mode=vanilla
[solver-sweep] denoiser=restormer-aug problem=inpaint algorithm=red_gd schedule=fixed15p0 rho=0.8 step=2 lam=0.02 image=test001.png input=rot35_padded mode=G16_fixed
[solver-sweep] denoiser=restormer-aug problem=inpaint algorithm=red_gd schedule=fixed15p0 rho=0.8 step=2 lam=0.02 image=test001.png input=rot40_padded mode=vanilla
[solver-sweep] denoiser=restormer-aug problem=inpaint algorithm=red_gd schedule=fixed15p0 rho=0.8 step=2 lam=0.02 image=test001.png input=rot40_padded mode=G16_fixed
[solver-sweep] denoiser=restormer-aug problem=inpaint algorithm=red_gd schedule=fixed15p0 rho=0.8 step=2 lam=0.02 image=test001.png input=rot45_padded mode=vanilla
[solver-sweep] denoiser=restormer-aug problem=inpaint algorithm=red_gd schedule=fixed15p0 rho=0.8 step=2 lam=0.02 image=test001.png input=rot45_padded mode=G16_fixed
[solver-sweep] denoiser=restormer-aug problem=inpaint algorithm=red_gd schedule=fixed15p0 rho=0.8 step=2 lam=0.02 image=test001.png input=rot50_padded mode=vanilla
[solver-sweep] denoiser=restormer-aug problem=inpaint algorithm=red_gd schedule=fixed15p0 rho=0.8 step=2 lam=0.02 image=test001.png input=rot50_padded mode=G16_fixed
[solver-sweep] denoiser=restormer-aug problem=inpaint algorithm=red_gd schedule=fixed15p0 rho=0.8 step=2 lam=0.02 image=test001.png input=rot55_padded mode=vanilla
[solver-sweep] denoiser=restormer-aug problem=inpaint algorithm=red_gd schedule=fixed15p0 rho=0.8 step=2 lam=0.02 image=test001.png input=rot55_padded mode=G16_fixed
[solver-sweep] denoiser=restormer-aug problem=inpaint algorithm=red_gd schedule=fixed15p0 rho=0.8 step=2 lam=0.02 image=test001.png input=rot60_padded mode=vanilla
[solver-sweep] denoiser=restormer-aug problem=inpaint algorithm=red_gd schedule=fixed15p0 rho=0.8 step=2 lam=0.02 image=test001.png input=rot60_padded mode=G16_fixed
[solver-sweep] denoiser=restormer-aug problem=inpaint algorithm=red_gd schedule=fixed15p0 rho=0.8 step=2 lam=0.02 image=test001.png input=rot65_padded mode=vanilla
[solver-sweep] denoiser=restormer-aug problem=inpaint algorithm=red_gd schedule=fixed15p0 rho=0.8 step=2 lam=0.02 image=test001.png input=rot65_padded mode=G16_fixed
[solver-sweep] denoiser=restormer-aug problem=inpaint algorithm=red_gd schedule=fixed15p0 rho=0.8 step=2 lam=0.02 image=test001.png input=rot70_padded mode=vanilla
[solver-sweep] denoiser=restormer-aug problem=inpaint algorithm=red_gd schedule=fixed15p0 rho=0.8 step=2 lam=0.02 image=test001.png input=rot70_padded mode=G16_fixed
[solver-sweep] denoiser=restormer-aug problem=inpaint algorithm=red_gd schedule=fixed15p0 rho=0.8 step=2 lam=0.02 image=test001.png input=rot75_padded mode=vanilla
[solver-sweep] denoiser=restormer-aug problem=inpaint algorithm=red_gd schedule=fixed15p0 rho=0.8 step=2 lam=0.02 image=test001.png input=rot75_padded mode=G16_fixed
[solver-sweep] denoiser=restormer-aug problem=inpaint algorithm=red_gd schedule=fixed15p0 rho=0.8 step=2 lam=0.02 image=test001.png input=rot80_padded mode=vanilla
[solver-sweep] denoiser=restormer-aug problem=inpaint algorithm=red_gd schedule=fixed15p0 rho=0.8 step=2 lam=0.02 image=test001.png input=rot80_padded mode=G16_fixed
[solver-sweep] denoiser=restormer-aug problem=inpaint algorithm=red_gd schedule=fixed15p0 rho=0.8 step=2 lam=0.02 image=test001.png input=rot85_padded mode=vanilla
[solver-sweep] denoiser=restormer-aug problem=inpaint algorithm=red_gd schedule=fixed15p0 rho=0.8 step=2 lam=0.02 image=test001.png input=rot85_padded mode=G16_fixed
[solver-sweep] denoiser=restormer-aug problem=inpaint algorithm=red_gd schedule=fixed15p0 rho=0.8 step=2 lam=0.02 image=test001.png input=rot90_padded mode=vanilla
[solver-sweep] denoiser=restormer-aug problem=inpaint algorithm=red_gd schedule=fixed15p0 rho=0.8 step=2 lam=0.02 image=test001.png input=rot90_padded mode=G16_fixed
[solver-sweep] denoiser=restormer-aug problem=inpaint algorithm=red_gd schedule=fixed15p0 rho=0.8 step=2 lam=0.02 image=test002.png input=rot0_padded mode=vanilla
[solver-sweep] denoiser=restormer-aug problem=inpaint algorithm=red_gd schedule=fixed15p0 rho=0.8 step=2 lam=0.02 image=test002.png input=rot0_padded mode=G16_fixed
[solver-sweep] denoiser=restormer-aug problem=inpaint algorithm=red_gd schedule=fixed15p0 rho=0.8 step=2 lam=0.02 image=test002.png input=rot5_padded mode=vanilla
[solver-sweep] denoiser=restormer-aug problem=inpaint algorithm=red_gd schedule=fixed15p0 rho=0.8 step=2 lam=0.02 image=test002.png input=rot5_padded mode=G16_fixed
[solver-sweep] denoiser=restormer-aug problem=inpaint algorithm=red_gd schedule=fixed15p0 rho=0.8 step=2 lam=0.02 image=test002.png input=rot10_padded mode=vanilla
[solver-sweep] denoiser=restormer-aug problem=inpaint algorithm=red_gd schedule=fixed15p0 rho=0.8 step=2 lam=0.02 image=test002.png input=rot10_padded mode=G16_fixed
[solver-sweep] denoiser=restormer-aug problem=inpaint algorithm=red_gd schedule=fixed15p0 rho=0.8 step=2 lam=0.02 image=test002.png input=rot15_padded mode=vanilla
[solver-sweep] denoiser=restormer-aug problem=inpaint algorithm=red_gd schedule=fixed15p0 rho=0.8 step=2 lam=0.02 image=test002.png input=rot15_padded mode=G16_fixed
[solver-sweep] denoiser=restormer-aug problem=inpaint algorithm=red_gd schedule=fixed15p0 rho=0.8 step=2 lam=0.02 image=test002.png input=rot20_padded mode=vanilla
[solver-sweep] denoiser=restormer-aug problem=inpaint algorithm=red_gd schedule=fixed15p0 rho=0.8 step=2 lam=0.02 image=test002.png input=rot20_padded mode=G16_fixed
[solver-sweep] denoiser=restormer-aug problem=inpaint algorithm=red_gd schedule=fixed15p0 rho=0.8 step=2 lam=0.02 image=test002.png input=rot25_padded mode=vanilla
[solver-sweep] denoiser=restormer-aug problem=inpaint algorithm=red_gd schedule=fixed15p0 rho=0.8 step=2 lam=0.02 image=test002.png input=rot25_padded mode=G16_fixed
[solver-sweep] denoiser=restormer-aug problem=inpaint algorithm=red_gd schedule=fixed15p0 rho=0.8 step=2 lam=0.02 image=test002.png input=rot30_padded mode=vanilla
[solver-sweep] denoiser=restormer-aug problem=inpaint algorithm=red_gd schedule=fixed15p0 rho=0.8 step=2 lam=0.02 image=test002.png input=rot30_padded mode=G16_fixed
[solver-sweep] denoiser=restormer-aug problem=inpaint algorithm=red_gd schedule=fixed15p0 rho=0.8 step=2 lam=0.02 image=test002.png input=rot35_padded mode=vanilla
[solver-sweep] denoiser=restormer-aug problem=inpaint algorithm=red_gd schedule=fixed15p0 rho=0.8 step=2 lam=0.02 image=test002.png input=rot35_padded mode=G16_fixed
[solver-sweep] denoiser=restormer-aug problem=inpaint algorithm=red_gd schedule=fixed15p0 rho=0.8 step=2 lam=0.02 image=test002.png input=rot40_padded mode=vanilla
[solver-sweep] denoiser=restormer-aug problem=inpaint algorithm=red_gd schedule=fixed15p0 rho=0.8 step=2 lam=0.02 image=test002.png input=rot40_padded mode=G16_fixed
[solver-sweep] denoiser=restormer-aug problem=inpaint algorithm=red_gd schedule=fixed15p0 rho=0.8 step=2 lam=0.02 image=test002.png input=rot45_padded mode=vanilla
[solver-sweep] denoiser=restormer-aug problem=inpaint algorithm=red_gd schedule=fixed15p0 rho=0.8 step=2 lam=0.02 image=test002.png input=rot45_padded mode=G16_fixed
[solver-sweep] denoiser=restormer-aug problem=inpaint algorithm=red_gd schedule=fixed15p0 rho=0.8 step=2 lam=0.02 image=test002.png input=rot50_padded mode=vanilla
[solver-sweep] denoiser=restormer-aug problem=inpaint algorithm=red_gd schedule=fixed15p0 rho=0.8 step=2 lam=0.02 image=test002.png input=rot50_padded mode=G16_fixed
[solver-sweep] denoiser=restormer-aug problem=inpaint algorithm=red_gd schedule=fixed15p0 rho=0.8 step=2 lam=0.02 image=test002.png input=rot55_padded mode=vanilla
[solver-sweep] denoiser=restormer-aug problem=inpaint algorithm=red_gd schedule=fixed15p0 rho=0.8 step=2 lam=0.02 image=test002.png input=rot55_padded mode=G16_fixed
[solver-sweep] denoiser=restormer-aug problem=inpaint algorithm=red_gd schedule=fixed15p0 rho=0.8 step=2 lam=0.02 image=test002.png input=rot60_padded mode=vanilla
[solver-sweep] denoiser=restormer-aug problem=inpaint algorithm=red_gd schedule=fixed15p0 rho=0.8 step=2 lam=0.02 image=test002.png input=rot60_padded mode=G16_fixed
[solver-sweep] denoiser=restormer-aug problem=inpaint algorithm=red_gd schedule=fixed15p0 rho=0.8 step=2 lam=0.02 image=test002.png input=rot65_padded mode=vanilla
[solver-sweep] denoiser=restormer-aug problem=inpaint algorithm=red_gd schedule=fixed15p0 rho=0.8 step=2 lam=0.02 image=test002.png input=rot65_padded mode=G16_fixed
[solver-sweep] denoiser=restormer-aug problem=inpaint algorithm=red_gd schedule=fixed15p0 rho=0.8 step=2 lam=0.02 image=test002.png input=rot70_padded mode=vanilla
[solver-sweep] denoiser=restormer-aug problem=inpaint algorithm=red_gd schedule=fixed15p0 rho=0.8 step=2 lam=0.02 image=test002.png input=rot70_padded mode=G16_fixed
[solver-sweep] denoiser=restormer-aug problem=inpaint algorithm=red_gd schedule=fixed15p0 rho=0.8 step=2 lam=0.02 image=test002.png input=rot75_padded mode=vanilla
[solver-sweep] denoiser=restormer-aug problem=inpaint algorithm=red_gd schedule=fixed15p0 rho=0.8 step=2 lam=0.02 image=test002.png input=rot75_padded mode=G16_fixed
[solver-sweep] denoiser=restormer-aug problem=inpaint algorithm=red_gd schedule=fixed15p0 rho=0.8 step=2 lam=0.02 image=test002.png input=rot80_padded mode=vanilla
[solver-sweep] denoiser=restormer-aug problem=inpaint algorithm=red_gd schedule=fixed15p0 rho=0.8 step=2 lam=0.02 image=test002.png input=rot80_padded mode=G16_fixed
[solver-sweep] denoiser=restormer-aug problem=inpaint algorithm=red_gd schedule=fixed15p0 rho=0.8 step=2 lam=0.02 image=test002.png input=rot85_padded mode=vanilla
[solver-sweep] denoiser=restormer-aug problem=inpaint algorithm=red_gd schedule=fixed15p0 rho=0.8 step=2 lam=0.02 image=test002.png input=rot85_padded mode=G16_fixed
[solver-sweep] denoiser=restormer-aug problem=inpaint algorithm=red_gd schedule=fixed15p0 rho=0.8 step=2 lam=0.02 image=test002.png input=rot90_padded mode=vanilla
[solver-sweep] denoiser=restormer-aug problem=inpaint algorithm=red_gd schedule=fixed15p0 rho=0.8 step=2 lam=0.02 image=test002.png input=rot90_padded mode=G16_fixed
wrote /home/yuqi/Documents/inference_group_averaging/results/downstream/solver_sweep_rectangle_angles5_sigma15/selected_final/restormer-aug/inpaint/red_gd/downstream_solver_sweep_summary.csv
+ /home/yuqi/anaconda3/envs/restormer37/bin/python -u /home/yuqi/Documents/inference_group_averaging/scripts/run_downstream_solver_sweep.py --save-dir /home/yuqi/Documents/inference_group_averaging/results/downstream/solver_sweep_rectangle_angles5_sigma15/selected_final/wavelet/blur/pnp_hqs --denoisers wavelet --dataset val_images --eval-mask none --problems blur --algorithms pnp_hqs --modes vanilla G16_fixed --max-images 2 --num-iter 20 --save-image-count 1 --measurement-sigma 15.0 --input-pad 0 --rotation-angles 0 5 10 15 20 25 30 35 40 45 50 55 60 65 70 75 80 85 90 --input-poses all --exclude-upright --pnp-num-iter 20 --red-num-iter 40 --pnp-classical-schedules 10.0 --pnp-classical-rhos 0.4
[solver-sweep] denoiser=wavelet problem=blur algorithm=pnp_hqs schedule=fixed10p0 rho=0.4 step=0.5 lam=0.15 image=test001.png input=rot0_padded mode=vanilla
[solver-sweep] denoiser=wavelet problem=blur algorithm=pnp_hqs schedule=fixed10p0 rho=0.4 step=0.5 lam=0.15 image=test001.png input=rot0_padded mode=G16_fixed
[solver-sweep] denoiser=wavelet problem=blur algorithm=pnp_hqs schedule=fixed10p0 rho=0.4 step=0.5 lam=0.15 image=test001.png input=rot5_padded mode=vanilla
[solver-sweep] denoiser=wavelet problem=blur algorithm=pnp_hqs schedule=fixed10p0 rho=0.4 step=0.5 lam=0.15 image=test001.png input=rot5_padded mode=G16_fixed
[solver-sweep] denoiser=wavelet problem=blur algorithm=pnp_hqs schedule=fixed10p0 rho=0.4 step=0.5 lam=0.15 image=test001.png input=rot10_padded mode=vanilla
[solver-sweep] denoiser=wavelet problem=blur algorithm=pnp_hqs schedule=fixed10p0 rho=0.4 step=0.5 lam=0.15 image=test001.png input=rot10_padded mode=G16_fixed
[solver-sweep] denoiser=wavelet problem=blur algorithm=pnp_hqs schedule=fixed10p0 rho=0.4 step=0.5 lam=0.15 image=test001.png input=rot15_padded mode=vanilla
[solver-sweep] denoiser=wavelet problem=blur algorithm=pnp_hqs schedule=fixed10p0 rho=0.4 step=0.5 lam=0.15 image=test001.png input=rot15_padded mode=G16_fixed
[solver-sweep] denoiser=wavelet problem=blur algorithm=pnp_hqs schedule=fixed10p0 rho=0.4 step=0.5 lam=0.15 image=test001.png input=rot20_padded mode=vanilla
[solver-sweep] denoiser=wavelet problem=blur algorithm=pnp_hqs schedule=fixed10p0 rho=0.4 step=0.5 lam=0.15 image=test001.png input=rot20_padded mode=G16_fixed
[solver-sweep] denoiser=wavelet problem=blur algorithm=pnp_hqs schedule=fixed10p0 rho=0.4 step=0.5 lam=0.15 image=test001.png input=rot25_padded mode=vanilla
[solver-sweep] denoiser=wavelet problem=blur algorithm=pnp_hqs schedule=fixed10p0 rho=0.4 step=0.5 lam=0.15 image=test001.png input=rot25_padded mode=G16_fixed
[solver-sweep] denoiser=wavelet problem=blur algorithm=pnp_hqs schedule=fixed10p0 rho=0.4 step=0.5 lam=0.15 image=test001.png input=rot30_padded mode=vanilla
[solver-sweep] denoiser=wavelet problem=blur algorithm=pnp_hqs schedule=fixed10p0 rho=0.4 step=0.5 lam=0.15 image=test001.png input=rot30_padded mode=G16_fixed
[solver-sweep] denoiser=wavelet problem=blur algorithm=pnp_hqs schedule=fixed10p0 rho=0.4 step=0.5 lam=0.15 image=test001.png input=rot35_padded mode=vanilla
[solver-sweep] denoiser=wavelet problem=blur algorithm=pnp_hqs schedule=fixed10p0 rho=0.4 step=0.5 lam=0.15 image=test001.png input=rot35_padded mode=G16_fixed
[solver-sweep] denoiser=wavelet problem=blur algorithm=pnp_hqs schedule=fixed10p0 rho=0.4 step=0.5 lam=0.15 image=test001.png input=rot40_padded mode=vanilla
[solver-sweep] denoiser=wavelet problem=blur algorithm=pnp_hqs schedule=fixed10p0 rho=0.4 step=0.5 lam=0.15 image=test001.png input=rot40_padded mode=G16_fixed
[solver-sweep] denoiser=wavelet problem=blur algorithm=pnp_hqs schedule=fixed10p0 rho=0.4 step=0.5 lam=0.15 image=test001.png input=rot45_padded mode=vanilla
[solver-sweep] denoiser=wavelet problem=blur algorithm=pnp_hqs schedule=fixed10p0 rho=0.4 step=0.5 lam=0.15 image=test001.png input=rot45_padded mode=G16_fixed
[solver-sweep] denoiser=wavelet problem=blur algorithm=pnp_hqs schedule=fixed10p0 rho=0.4 step=0.5 lam=0.15 image=test001.png input=rot50_padded mode=vanilla
[solver-sweep] denoiser=wavelet problem=blur algorithm=pnp_hqs schedule=fixed10p0 rho=0.4 step=0.5 lam=0.15 image=test001.png input=rot50_padded mode=G16_fixed
[solver-sweep] denoiser=wavelet problem=blur algorithm=pnp_hqs schedule=fixed10p0 rho=0.4 step=0.5 lam=0.15 image=test001.png input=rot55_padded mode=vanilla
[solver-sweep] denoiser=wavelet problem=blur algorithm=pnp_hqs schedule=fixed10p0 rho=0.4 step=0.5 lam=0.15 image=test001.png input=rot55_padded mode=G16_fixed
[solver-sweep] denoiser=wavelet problem=blur algorithm=pnp_hqs schedule=fixed10p0 rho=0.4 step=0.5 lam=0.15 image=test001.png input=rot60_padded mode=vanilla
[solver-sweep] denoiser=wavelet problem=blur algorithm=pnp_hqs schedule=fixed10p0 rho=0.4 step=0.5 lam=0.15 image=test001.png input=rot60_padded mode=G16_fixed
[solver-sweep] denoiser=wavelet problem=blur algorithm=pnp_hqs schedule=fixed10p0 rho=0.4 step=0.5 lam=0.15 image=test001.png input=rot65_padded mode=vanilla
[solver-sweep] denoiser=wavelet problem=blur algorithm=pnp_hqs schedule=fixed10p0 rho=0.4 step=0.5 lam=0.15 image=test001.png input=rot65_padded mode=G16_fixed
[solver-sweep] denoiser=wavelet problem=blur algorithm=pnp_hqs schedule=fixed10p0 rho=0.4 step=0.5 lam=0.15 image=test001.png input=rot70_padded mode=vanilla
[solver-sweep] denoiser=wavelet problem=blur algorithm=pnp_hqs schedule=fixed10p0 rho=0.4 step=0.5 lam=0.15 image=test001.png input=rot70_padded mode=G16_fixed
[solver-sweep] denoiser=wavelet problem=blur algorithm=pnp_hqs schedule=fixed10p0 rho=0.4 step=0.5 lam=0.15 image=test001.png input=rot75_padded mode=vanilla
[solver-sweep] denoiser=wavelet problem=blur algorithm=pnp_hqs schedule=fixed10p0 rho=0.4 step=0.5 lam=0.15 image=test001.png input=rot75_padded mode=G16_fixed
[solver-sweep] denoiser=wavelet problem=blur algorithm=pnp_hqs schedule=fixed10p0 rho=0.4 step=0.5 lam=0.15 image=test001.png input=rot80_padded mode=vanilla
[solver-sweep] denoiser=wavelet problem=blur algorithm=pnp_hqs schedule=fixed10p0 rho=0.4 step=0.5 lam=0.15 image=test001.png input=rot80_padded mode=G16_fixed
[solver-sweep] denoiser=wavelet problem=blur algorithm=pnp_hqs schedule=fixed10p0 rho=0.4 step=0.5 lam=0.15 image=test001.png input=rot85_padded mode=vanilla
[solver-sweep] denoiser=wavelet problem=blur algorithm=pnp_hqs schedule=fixed10p0 rho=0.4 step=0.5 lam=0.15 image=test001.png input=rot85_padded mode=G16_fixed
[solver-sweep] denoiser=wavelet problem=blur algorithm=pnp_hqs schedule=fixed10p0 rho=0.4 step=0.5 lam=0.15 image=test001.png input=rot90_padded mode=vanilla
[solver-sweep] denoiser=wavelet problem=blur algorithm=pnp_hqs schedule=fixed10p0 rho=0.4 step=0.5 lam=0.15 image=test001.png input=rot90_padded mode=G16_fixed
[solver-sweep] denoiser=wavelet problem=blur algorithm=pnp_hqs schedule=fixed10p0 rho=0.4 step=0.5 lam=0.15 image=test002.png input=rot0_padded mode=vanilla
[solver-sweep] denoiser=wavelet problem=blur algorithm=pnp_hqs schedule=fixed10p0 rho=0.4 step=0.5 lam=0.15 image=test002.png input=rot0_padded mode=G16_fixed
[solver-sweep] denoiser=wavelet problem=blur algorithm=pnp_hqs schedule=fixed10p0 rho=0.4 step=0.5 lam=0.15 image=test002.png input=rot5_padded mode=vanilla
[solver-sweep] denoiser=wavelet problem=blur algorithm=pnp_hqs schedule=fixed10p0 rho=0.4 step=0.5 lam=0.15 image=test002.png input=rot5_padded mode=G16_fixed
[solver-sweep] denoiser=wavelet problem=blur algorithm=pnp_hqs schedule=fixed10p0 rho=0.4 step=0.5 lam=0.15 image=test002.png input=rot10_padded mode=vanilla
[solver-sweep] denoiser=wavelet problem=blur algorithm=pnp_hqs schedule=fixed10p0 rho=0.4 step=0.5 lam=0.15 image=test002.png input=rot10_padded mode=G16_fixed
[solver-sweep] denoiser=wavelet problem=blur algorithm=pnp_hqs schedule=fixed10p0 rho=0.4 step=0.5 lam=0.15 image=test002.png input=rot15_padded mode=vanilla
[solver-sweep] denoiser=wavelet problem=blur algorithm=pnp_hqs schedule=fixed10p0 rho=0.4 step=0.5 lam=0.15 image=test002.png input=rot15_padded mode=G16_fixed
[solver-sweep] denoiser=wavelet problem=blur algorithm=pnp_hqs schedule=fixed10p0 rho=0.4 step=0.5 lam=0.15 image=test002.png input=rot20_padded mode=vanilla
[solver-sweep] denoiser=wavelet problem=blur algorithm=pnp_hqs schedule=fixed10p0 rho=0.4 step=0.5 lam=0.15 image=test002.png input=rot20_padded mode=G16_fixed
[solver-sweep] denoiser=wavelet problem=blur algorithm=pnp_hqs schedule=fixed10p0 rho=0.4 step=0.5 lam=0.15 image=test002.png input=rot25_padded mode=vanilla
[solver-sweep] denoiser=wavelet problem=blur algorithm=pnp_hqs schedule=fixed10p0 rho=0.4 step=0.5 lam=0.15 image=test002.png input=rot25_padded mode=G16_fixed
[solver-sweep] denoiser=wavelet problem=blur algorithm=pnp_hqs schedule=fixed10p0 rho=0.4 step=0.5 lam=0.15 image=test002.png input=rot30_padded mode=vanilla
[solver-sweep] denoiser=wavelet problem=blur algorithm=pnp_hqs schedule=fixed10p0 rho=0.4 step=0.5 lam=0.15 image=test002.png input=rot30_padded mode=G16_fixed
[solver-sweep] denoiser=wavelet problem=blur algorithm=pnp_hqs schedule=fixed10p0 rho=0.4 step=0.5 lam=0.15 image=test002.png input=rot35_padded mode=vanilla
[solver-sweep] denoiser=wavelet problem=blur algorithm=pnp_hqs schedule=fixed10p0 rho=0.4 step=0.5 lam=0.15 image=test002.png input=rot35_padded mode=G16_fixed
[solver-sweep] denoiser=wavelet problem=blur algorithm=pnp_hqs schedule=fixed10p0 rho=0.4 step=0.5 lam=0.15 image=test002.png input=rot40_padded mode=vanilla
[solver-sweep] denoiser=wavelet problem=blur algorithm=pnp_hqs schedule=fixed10p0 rho=0.4 step=0.5 lam=0.15 image=test002.png input=rot40_padded mode=G16_fixed
[solver-sweep] denoiser=wavelet problem=blur algorithm=pnp_hqs schedule=fixed10p0 rho=0.4 step=0.5 lam=0.15 image=test002.png input=rot45_padded mode=vanilla
[solver-sweep] denoiser=wavelet problem=blur algorithm=pnp_hqs schedule=fixed10p0 rho=0.4 step=0.5 lam=0.15 image=test002.png input=rot45_padded mode=G16_fixed
[solver-sweep] denoiser=wavelet problem=blur algorithm=pnp_hqs schedule=fixed10p0 rho=0.4 step=0.5 lam=0.15 image=test002.png input=rot50_padded mode=vanilla
[solver-sweep] denoiser=wavelet problem=blur algorithm=pnp_hqs schedule=fixed10p0 rho=0.4 step=0.5 lam=0.15 image=test002.png input=rot50_padded mode=G16_fixed
[solver-sweep] denoiser=wavelet problem=blur algorithm=pnp_hqs schedule=fixed10p0 rho=0.4 step=0.5 lam=0.15 image=test002.png input=rot55_padded mode=vanilla
[solver-sweep] denoiser=wavelet problem=blur algorithm=pnp_hqs schedule=fixed10p0 rho=0.4 step=0.5 lam=0.15 image=test002.png input=rot55_padded mode=G16_fixed
[solver-sweep] denoiser=wavelet problem=blur algorithm=pnp_hqs schedule=fixed10p0 rho=0.4 step=0.5 lam=0.15 image=test002.png input=rot60_padded mode=vanilla
[solver-sweep] denoiser=wavelet problem=blur algorithm=pnp_hqs schedule=fixed10p0 rho=0.4 step=0.5 lam=0.15 image=test002.png input=rot60_padded mode=G16_fixed
[solver-sweep] denoiser=wavelet problem=blur algorithm=pnp_hqs schedule=fixed10p0 rho=0.4 step=0.5 lam=0.15 image=test002.png input=rot65_padded mode=vanilla
[solver-sweep] denoiser=wavelet problem=blur algorithm=pnp_hqs schedule=fixed10p0 rho=0.4 step=0.5 lam=0.15 image=test002.png input=rot65_padded mode=G16_fixed
[solver-sweep] denoiser=wavelet problem=blur algorithm=pnp_hqs schedule=fixed10p0 rho=0.4 step=0.5 lam=0.15 image=test002.png input=rot70_padded mode=vanilla
[solver-sweep] denoiser=wavelet problem=blur algorithm=pnp_hqs schedule=fixed10p0 rho=0.4 step=0.5 lam=0.15 image=test002.png input=rot70_padded mode=G16_fixed
[solver-sweep] denoiser=wavelet problem=blur algorithm=pnp_hqs schedule=fixed10p0 rho=0.4 step=0.5 lam=0.15 image=test002.png input=rot75_padded mode=vanilla
[solver-sweep] denoiser=wavelet problem=blur algorithm=pnp_hqs schedule=fixed10p0 rho=0.4 step=0.5 lam=0.15 image=test002.png input=rot75_padded mode=G16_fixed
[solver-sweep] denoiser=wavelet problem=blur algorithm=pnp_hqs schedule=fixed10p0 rho=0.4 step=0.5 lam=0.15 image=test002.png input=rot80_padded mode=vanilla
[solver-sweep] denoiser=wavelet problem=blur algorithm=pnp_hqs schedule=fixed10p0 rho=0.4 step=0.5 lam=0.15 image=test002.png input=rot80_padded mode=G16_fixed
[solver-sweep] denoiser=wavelet problem=blur algorithm=pnp_hqs schedule=fixed10p0 rho=0.4 step=0.5 lam=0.15 image=test002.png input=rot85_padded mode=vanilla
[solver-sweep] denoiser=wavelet problem=blur algorithm=pnp_hqs schedule=fixed10p0 rho=0.4 step=0.5 lam=0.15 image=test002.png input=rot85_padded mode=G16_fixed
[solver-sweep] denoiser=wavelet problem=blur algorithm=pnp_hqs schedule=fixed10p0 rho=0.4 step=0.5 lam=0.15 image=test002.png input=rot90_padded mode=vanilla
[solver-sweep] denoiser=wavelet problem=blur algorithm=pnp_hqs schedule=fixed10p0 rho=0.4 step=0.5 lam=0.15 image=test002.png input=rot90_padded mode=G16_fixed
wrote /home/yuqi/Documents/inference_group_averaging/results/downstream/solver_sweep_rectangle_angles5_sigma15/selected_final/wavelet/blur/pnp_hqs/downstream_solver_sweep_summary.csv
+ /home/yuqi/anaconda3/envs/restormer37/bin/python -u /home/yuqi/Documents/inference_group_averaging/scripts/run_downstream_solver_sweep.py --save-dir /home/yuqi/Documents/inference_group_averaging/results/downstream/solver_sweep_rectangle_angles5_sigma15/selected_final/wavelet/blur/red_gd --denoisers wavelet --dataset val_images --eval-mask none --problems blur --algorithms red_gd --modes vanilla G16_fixed --max-images 2 --num-iter 20 --save-image-count 1 --measurement-sigma 15.0 --input-pad 0 --rotation-angles 0 5 10 15 20 25 30 35 40 45 50 55 60 65 70 75 80 85 90 --input-poses all --exclude-upright --pnp-num-iter 20 --red-num-iter 40 --red-classical-schedules 10.0 --red-lambdas 0.02 --red-input-sigma 15.0 --red-steps 1.0
[solver-sweep] denoiser=wavelet problem=blur algorithm=red_gd schedule=fixed10p0 rho=0.8 step=1 lam=0.02 image=test001.png input=rot0_padded mode=vanilla
[solver-sweep] denoiser=wavelet problem=blur algorithm=red_gd schedule=fixed10p0 rho=0.8 step=1 lam=0.02 image=test001.png input=rot0_padded mode=G16_fixed
[solver-sweep] denoiser=wavelet problem=blur algorithm=red_gd schedule=fixed10p0 rho=0.8 step=1 lam=0.02 image=test001.png input=rot5_padded mode=vanilla
[solver-sweep] denoiser=wavelet problem=blur algorithm=red_gd schedule=fixed10p0 rho=0.8 step=1 lam=0.02 image=test001.png input=rot5_padded mode=G16_fixed
[solver-sweep] denoiser=wavelet problem=blur algorithm=red_gd schedule=fixed10p0 rho=0.8 step=1 lam=0.02 image=test001.png input=rot10_padded mode=vanilla
[solver-sweep] denoiser=wavelet problem=blur algorithm=red_gd schedule=fixed10p0 rho=0.8 step=1 lam=0.02 image=test001.png input=rot10_padded mode=G16_fixed
[solver-sweep] denoiser=wavelet problem=blur algorithm=red_gd schedule=fixed10p0 rho=0.8 step=1 lam=0.02 image=test001.png input=rot15_padded mode=vanilla
[solver-sweep] denoiser=wavelet problem=blur algorithm=red_gd schedule=fixed10p0 rho=0.8 step=1 lam=0.02 image=test001.png input=rot15_padded mode=G16_fixed
[solver-sweep] denoiser=wavelet problem=blur algorithm=red_gd schedule=fixed10p0 rho=0.8 step=1 lam=0.02 image=test001.png input=rot20_padded mode=vanilla
[solver-sweep] denoiser=wavelet problem=blur algorithm=red_gd schedule=fixed10p0 rho=0.8 step=1 lam=0.02 image=test001.png input=rot20_padded mode=G16_fixed
[solver-sweep] denoiser=wavelet problem=blur algorithm=red_gd schedule=fixed10p0 rho=0.8 step=1 lam=0.02 image=test001.png input=rot25_padded mode=vanilla
[solver-sweep] denoiser=wavelet problem=blur algorithm=red_gd schedule=fixed10p0 rho=0.8 step=1 lam=0.02 image=test001.png input=rot25_padded mode=G16_fixed
[solver-sweep] denoiser=wavelet problem=blur algorithm=red_gd schedule=fixed10p0 rho=0.8 step=1 lam=0.02 image=test001.png input=rot30_padded mode=vanilla
[solver-sweep] denoiser=wavelet problem=blur algorithm=red_gd schedule=fixed10p0 rho=0.8 step=1 lam=0.02 image=test001.png input=rot30_padded mode=G16_fixed
[solver-sweep] denoiser=wavelet problem=blur algorithm=red_gd schedule=fixed10p0 rho=0.8 step=1 lam=0.02 image=test001.png input=rot35_padded mode=vanilla
[solver-sweep] denoiser=wavelet problem=blur algorithm=red_gd schedule=fixed10p0 rho=0.8 step=1 lam=0.02 image=test001.png input=rot35_padded mode=G16_fixed
[solver-sweep] denoiser=wavelet problem=blur algorithm=red_gd schedule=fixed10p0 rho=0.8 step=1 lam=0.02 image=test001.png input=rot40_padded mode=vanilla
[solver-sweep] denoiser=wavelet problem=blur algorithm=red_gd schedule=fixed10p0 rho=0.8 step=1 lam=0.02 image=test001.png input=rot40_padded mode=G16_fixed
[solver-sweep] denoiser=wavelet problem=blur algorithm=red_gd schedule=fixed10p0 rho=0.8 step=1 lam=0.02 image=test001.png input=rot45_padded mode=vanilla
[solver-sweep] denoiser=wavelet problem=blur algorithm=red_gd schedule=fixed10p0 rho=0.8 step=1 lam=0.02 image=test001.png input=rot45_padded mode=G16_fixed
[solver-sweep] denoiser=wavelet problem=blur algorithm=red_gd schedule=fixed10p0 rho=0.8 step=1 lam=0.02 image=test001.png input=rot50_padded mode=vanilla
[solver-sweep] denoiser=wavelet problem=blur algorithm=red_gd schedule=fixed10p0 rho=0.8 step=1 lam=0.02 image=test001.png input=rot50_padded mode=G16_fixed
[solver-sweep] denoiser=wavelet problem=blur algorithm=red_gd schedule=fixed10p0 rho=0.8 step=1 lam=0.02 image=test001.png input=rot55_padded mode=vanilla
[solver-sweep] denoiser=wavelet problem=blur algorithm=red_gd schedule=fixed10p0 rho=0.8 step=1 lam=0.02 image=test001.png input=rot55_padded mode=G16_fixed
[solver-sweep] denoiser=wavelet problem=blur algorithm=red_gd schedule=fixed10p0 rho=0.8 step=1 lam=0.02 image=test001.png input=rot60_padded mode=vanilla
[solver-sweep] denoiser=wavelet problem=blur algorithm=red_gd schedule=fixed10p0 rho=0.8 step=1 lam=0.02 image=test001.png input=rot60_padded mode=G16_fixed
[solver-sweep] denoiser=wavelet problem=blur algorithm=red_gd schedule=fixed10p0 rho=0.8 step=1 lam=0.02 image=test001.png input=rot65_padded mode=vanilla
[solver-sweep] denoiser=wavelet problem=blur algorithm=red_gd schedule=fixed10p0 rho=0.8 step=1 lam=0.02 image=test001.png input=rot65_padded mode=G16_fixed
[solver-sweep] denoiser=wavelet problem=blur algorithm=red_gd schedule=fixed10p0 rho=0.8 step=1 lam=0.02 image=test001.png input=rot70_padded mode=vanilla
[solver-sweep] denoiser=wavelet problem=blur algorithm=red_gd schedule=fixed10p0 rho=0.8 step=1 lam=0.02 image=test001.png input=rot70_padded mode=G16_fixed
[solver-sweep] denoiser=wavelet problem=blur algorithm=red_gd schedule=fixed10p0 rho=0.8 step=1 lam=0.02 image=test001.png input=rot75_padded mode=vanilla
[solver-sweep] denoiser=wavelet problem=blur algorithm=red_gd schedule=fixed10p0 rho=0.8 step=1 lam=0.02 image=test001.png input=rot75_padded mode=G16_fixed
[solver-sweep] denoiser=wavelet problem=blur algorithm=red_gd schedule=fixed10p0 rho=0.8 step=1 lam=0.02 image=test001.png input=rot80_padded mode=vanilla
[solver-sweep] denoiser=wavelet problem=blur algorithm=red_gd schedule=fixed10p0 rho=0.8 step=1 lam=0.02 image=test001.png input=rot80_padded mode=G16_fixed
[solver-sweep] denoiser=wavelet problem=blur algorithm=red_gd schedule=fixed10p0 rho=0.8 step=1 lam=0.02 image=test001.png input=rot85_padded mode=vanilla
[solver-sweep] denoiser=wavelet problem=blur algorithm=red_gd schedule=fixed10p0 rho=0.8 step=1 lam=0.02 image=test001.png input=rot85_padded mode=G16_fixed
[solver-sweep] denoiser=wavelet problem=blur algorithm=red_gd schedule=fixed10p0 rho=0.8 step=1 lam=0.02 image=test001.png input=rot90_padded mode=vanilla
[solver-sweep] denoiser=wavelet problem=blur algorithm=red_gd schedule=fixed10p0 rho=0.8 step=1 lam=0.02 image=test001.png input=rot90_padded mode=G16_fixed
[solver-sweep] denoiser=wavelet problem=blur algorithm=red_gd schedule=fixed10p0 rho=0.8 step=1 lam=0.02 image=test002.png input=rot0_padded mode=vanilla
[solver-sweep] denoiser=wavelet problem=blur algorithm=red_gd schedule=fixed10p0 rho=0.8 step=1 lam=0.02 image=test002.png input=rot0_padded mode=G16_fixed
[solver-sweep] denoiser=wavelet problem=blur algorithm=red_gd schedule=fixed10p0 rho=0.8 step=1 lam=0.02 image=test002.png input=rot5_padded mode=vanilla
[solver-sweep] denoiser=wavelet problem=blur algorithm=red_gd schedule=fixed10p0 rho=0.8 step=1 lam=0.02 image=test002.png input=rot5_padded mode=G16_fixed
[solver-sweep] denoiser=wavelet problem=blur algorithm=red_gd schedule=fixed10p0 rho=0.8 step=1 lam=0.02 image=test002.png input=rot10_padded mode=vanilla
[solver-sweep] denoiser=wavelet problem=blur algorithm=red_gd schedule=fixed10p0 rho=0.8 step=1 lam=0.02 image=test002.png input=rot10_padded mode=G16_fixed
[solver-sweep] denoiser=wavelet problem=blur algorithm=red_gd schedule=fixed10p0 rho=0.8 step=1 lam=0.02 image=test002.png input=rot15_padded mode=vanilla
[solver-sweep] denoiser=wavelet problem=blur algorithm=red_gd schedule=fixed10p0 rho=0.8 step=1 lam=0.02 image=test002.png input=rot15_padded mode=G16_fixed
[solver-sweep] denoiser=wavelet problem=blur algorithm=red_gd schedule=fixed10p0 rho=0.8 step=1 lam=0.02 image=test002.png input=rot20_padded mode=vanilla
[solver-sweep] denoiser=wavelet problem=blur algorithm=red_gd schedule=fixed10p0 rho=0.8 step=1 lam=0.02 image=test002.png input=rot20_padded mode=G16_fixed
[solver-sweep] denoiser=wavelet problem=blur algorithm=red_gd schedule=fixed10p0 rho=0.8 step=1 lam=0.02 image=test002.png input=rot25_padded mode=vanilla
[solver-sweep] denoiser=wavelet problem=blur algorithm=red_gd schedule=fixed10p0 rho=0.8 step=1 lam=0.02 image=test002.png input=rot25_padded mode=G16_fixed
[solver-sweep] denoiser=wavelet problem=blur algorithm=red_gd schedule=fixed10p0 rho=0.8 step=1 lam=0.02 image=test002.png input=rot30_padded mode=vanilla
[solver-sweep] denoiser=wavelet problem=blur algorithm=red_gd schedule=fixed10p0 rho=0.8 step=1 lam=0.02 image=test002.png input=rot30_padded mode=G16_fixed
[solver-sweep] denoiser=wavelet problem=blur algorithm=red_gd schedule=fixed10p0 rho=0.8 step=1 lam=0.02 image=test002.png input=rot35_padded mode=vanilla
[solver-sweep] denoiser=wavelet problem=blur algorithm=red_gd schedule=fixed10p0 rho=0.8 step=1 lam=0.02 image=test002.png input=rot35_padded mode=G16_fixed
[solver-sweep] denoiser=wavelet problem=blur algorithm=red_gd schedule=fixed10p0 rho=0.8 step=1 lam=0.02 image=test002.png input=rot40_padded mode=vanilla
[solver-sweep] denoiser=wavelet problem=blur algorithm=red_gd schedule=fixed10p0 rho=0.8 step=1 lam=0.02 image=test002.png input=rot40_padded mode=G16_fixed
[solver-sweep] denoiser=wavelet problem=blur algorithm=red_gd schedule=fixed10p0 rho=0.8 step=1 lam=0.02 image=test002.png input=rot45_padded mode=vanilla
[solver-sweep] denoiser=wavelet problem=blur algorithm=red_gd schedule=fixed10p0 rho=0.8 step=1 lam=0.02 image=test002.png input=rot45_padded mode=G16_fixed
[solver-sweep] denoiser=wavelet problem=blur algorithm=red_gd schedule=fixed10p0 rho=0.8 step=1 lam=0.02 image=test002.png input=rot50_padded mode=vanilla
[solver-sweep] denoiser=wavelet problem=blur algorithm=red_gd schedule=fixed10p0 rho=0.8 step=1 lam=0.02 image=test002.png input=rot50_padded mode=G16_fixed
[solver-sweep] denoiser=wavelet problem=blur algorithm=red_gd schedule=fixed10p0 rho=0.8 step=1 lam=0.02 image=test002.png input=rot55_padded mode=vanilla
[solver-sweep] denoiser=wavelet problem=blur algorithm=red_gd schedule=fixed10p0 rho=0.8 step=1 lam=0.02 image=test002.png input=rot55_padded mode=G16_fixed
[solver-sweep] denoiser=wavelet problem=blur algorithm=red_gd schedule=fixed10p0 rho=0.8 step=1 lam=0.02 image=test002.png input=rot60_padded mode=vanilla
[solver-sweep] denoiser=wavelet problem=blur algorithm=red_gd schedule=fixed10p0 rho=0.8 step=1 lam=0.02 image=test002.png input=rot60_padded mode=G16_fixed
[solver-sweep] denoiser=wavelet problem=blur algorithm=red_gd schedule=fixed10p0 rho=0.8 step=1 lam=0.02 image=test002.png input=rot65_padded mode=vanilla
[solver-sweep] denoiser=wavelet problem=blur algorithm=red_gd schedule=fixed10p0 rho=0.8 step=1 lam=0.02 image=test002.png input=rot65_padded mode=G16_fixed
[solver-sweep] denoiser=wavelet problem=blur algorithm=red_gd schedule=fixed10p0 rho=0.8 step=1 lam=0.02 image=test002.png input=rot70_padded mode=vanilla
[solver-sweep] denoiser=wavelet problem=blur algorithm=red_gd schedule=fixed10p0 rho=0.8 step=1 lam=0.02 image=test002.png input=rot70_padded mode=G16_fixed
[solver-sweep] denoiser=wavelet problem=blur algorithm=red_gd schedule=fixed10p0 rho=0.8 step=1 lam=0.02 image=test002.png input=rot75_padded mode=vanilla
[solver-sweep] denoiser=wavelet problem=blur algorithm=red_gd schedule=fixed10p0 rho=0.8 step=1 lam=0.02 image=test002.png input=rot75_padded mode=G16_fixed
[solver-sweep] denoiser=wavelet problem=blur algorithm=red_gd schedule=fixed10p0 rho=0.8 step=1 lam=0.02 image=test002.png input=rot80_padded mode=vanilla
[solver-sweep] denoiser=wavelet problem=blur algorithm=red_gd schedule=fixed10p0 rho=0.8 step=1 lam=0.02 image=test002.png input=rot80_padded mode=G16_fixed
[solver-sweep] denoiser=wavelet problem=blur algorithm=red_gd schedule=fixed10p0 rho=0.8 step=1 lam=0.02 image=test002.png input=rot85_padded mode=vanilla
[solver-sweep] denoiser=wavelet problem=blur algorithm=red_gd schedule=fixed10p0 rho=0.8 step=1 lam=0.02 image=test002.png input=rot85_padded mode=G16_fixed
[solver-sweep] denoiser=wavelet problem=blur algorithm=red_gd schedule=fixed10p0 rho=0.8 step=1 lam=0.02 image=test002.png input=rot90_padded mode=vanilla
[solver-sweep] denoiser=wavelet problem=blur algorithm=red_gd schedule=fixed10p0 rho=0.8 step=1 lam=0.02 image=test002.png input=rot90_padded mode=G16_fixed
wrote /home/yuqi/Documents/inference_group_averaging/results/downstream/solver_sweep_rectangle_angles5_sigma15/selected_final/wavelet/blur/red_gd/downstream_solver_sweep_summary.csv
+ /home/yuqi/anaconda3/envs/restormer37/bin/python -u /home/yuqi/Documents/inference_group_averaging/scripts/run_downstream_solver_sweep.py --save-dir /home/yuqi/Documents/inference_group_averaging/results/downstream/solver_sweep_rectangle_angles5_sigma15/selected_final/wavelet/inpaint/pnp_hqs --denoisers wavelet --dataset val_images --eval-mask none --problems inpaint --algorithms pnp_hqs --modes vanilla G16_fixed --max-images 2 --num-iter 20 --save-image-count 1 --measurement-sigma 15.0 --input-pad 0 --rotation-angles 0 5 10 15 20 25 30 35 40 45 50 55 60 65 70 75 80 85 90 --input-poses all --exclude-upright --pnp-num-iter 20 --red-num-iter 40 --inpaint-init telea --pnp-classical-schedules 25.0->10.0 --pnp-classical-rhos 0.1
[solver-sweep] denoiser=wavelet problem=inpaint algorithm=pnp_hqs schedule=linear25p0_to_10p0 rho=0.1 step=0.5 lam=0.15 image=test001.png input=rot0_padded mode=vanilla
[solver-sweep] denoiser=wavelet problem=inpaint algorithm=pnp_hqs schedule=linear25p0_to_10p0 rho=0.1 step=0.5 lam=0.15 image=test001.png input=rot0_padded mode=G16_fixed
[solver-sweep] denoiser=wavelet problem=inpaint algorithm=pnp_hqs schedule=linear25p0_to_10p0 rho=0.1 step=0.5 lam=0.15 image=test001.png input=rot5_padded mode=vanilla
[solver-sweep] denoiser=wavelet problem=inpaint algorithm=pnp_hqs schedule=linear25p0_to_10p0 rho=0.1 step=0.5 lam=0.15 image=test001.png input=rot5_padded mode=G16_fixed
[solver-sweep] denoiser=wavelet problem=inpaint algorithm=pnp_hqs schedule=linear25p0_to_10p0 rho=0.1 step=0.5 lam=0.15 image=test001.png input=rot10_padded mode=vanilla
[solver-sweep] denoiser=wavelet problem=inpaint algorithm=pnp_hqs schedule=linear25p0_to_10p0 rho=0.1 step=0.5 lam=0.15 image=test001.png input=rot10_padded mode=G16_fixed
[solver-sweep] denoiser=wavelet problem=inpaint algorithm=pnp_hqs schedule=linear25p0_to_10p0 rho=0.1 step=0.5 lam=0.15 image=test001.png input=rot15_padded mode=vanilla
[solver-sweep] denoiser=wavelet problem=inpaint algorithm=pnp_hqs schedule=linear25p0_to_10p0 rho=0.1 step=0.5 lam=0.15 image=test001.png input=rot15_padded mode=G16_fixed
[solver-sweep] denoiser=wavelet problem=inpaint algorithm=pnp_hqs schedule=linear25p0_to_10p0 rho=0.1 step=0.5 lam=0.15 image=test001.png input=rot20_padded mode=vanilla
[solver-sweep] denoiser=wavelet problem=inpaint algorithm=pnp_hqs schedule=linear25p0_to_10p0 rho=0.1 step=0.5 lam=0.15 image=test001.png input=rot20_padded mode=G16_fixed
[solver-sweep] denoiser=wavelet problem=inpaint algorithm=pnp_hqs schedule=linear25p0_to_10p0 rho=0.1 step=0.5 lam=0.15 image=test001.png input=rot25_padded mode=vanilla
[solver-sweep] denoiser=wavelet problem=inpaint algorithm=pnp_hqs schedule=linear25p0_to_10p0 rho=0.1 step=0.5 lam=0.15 image=test001.png input=rot25_padded mode=G16_fixed
[solver-sweep] denoiser=wavelet problem=inpaint algorithm=pnp_hqs schedule=linear25p0_to_10p0 rho=0.1 step=0.5 lam=0.15 image=test001.png input=rot30_padded mode=vanilla
[solver-sweep] denoiser=wavelet problem=inpaint algorithm=pnp_hqs schedule=linear25p0_to_10p0 rho=0.1 step=0.5 lam=0.15 image=test001.png input=rot30_padded mode=G16_fixed
[solver-sweep] denoiser=wavelet problem=inpaint algorithm=pnp_hqs schedule=linear25p0_to_10p0 rho=0.1 step=0.5 lam=0.15 image=test001.png input=rot35_padded mode=vanilla
[solver-sweep] denoiser=wavelet problem=inpaint algorithm=pnp_hqs schedule=linear25p0_to_10p0 rho=0.1 step=0.5 lam=0.15 image=test001.png input=rot35_padded mode=G16_fixed
[solver-sweep] denoiser=wavelet problem=inpaint algorithm=pnp_hqs schedule=linear25p0_to_10p0 rho=0.1 step=0.5 lam=0.15 image=test001.png input=rot40_padded mode=vanilla
[solver-sweep] denoiser=wavelet problem=inpaint algorithm=pnp_hqs schedule=linear25p0_to_10p0 rho=0.1 step=0.5 lam=0.15 image=test001.png input=rot40_padded mode=G16_fixed
[solver-sweep] denoiser=wavelet problem=inpaint algorithm=pnp_hqs schedule=linear25p0_to_10p0 rho=0.1 step=0.5 lam=0.15 image=test001.png input=rot45_padded mode=vanilla
[solver-sweep] denoiser=wavelet problem=inpaint algorithm=pnp_hqs schedule=linear25p0_to_10p0 rho=0.1 step=0.5 lam=0.15 image=test001.png input=rot45_padded mode=G16_fixed
[solver-sweep] denoiser=wavelet problem=inpaint algorithm=pnp_hqs schedule=linear25p0_to_10p0 rho=0.1 step=0.5 lam=0.15 image=test001.png input=rot50_padded mode=vanilla
[solver-sweep] denoiser=wavelet problem=inpaint algorithm=pnp_hqs schedule=linear25p0_to_10p0 rho=0.1 step=0.5 lam=0.15 image=test001.png input=rot50_padded mode=G16_fixed
[solver-sweep] denoiser=wavelet problem=inpaint algorithm=pnp_hqs schedule=linear25p0_to_10p0 rho=0.1 step=0.5 lam=0.15 image=test001.png input=rot55_padded mode=vanilla
[solver-sweep] denoiser=wavelet problem=inpaint algorithm=pnp_hqs schedule=linear25p0_to_10p0 rho=0.1 step=0.5 lam=0.15 image=test001.png input=rot55_padded mode=G16_fixed
[solver-sweep] denoiser=wavelet problem=inpaint algorithm=pnp_hqs schedule=linear25p0_to_10p0 rho=0.1 step=0.5 lam=0.15 image=test001.png input=rot60_padded mode=vanilla
[solver-sweep] denoiser=wavelet problem=inpaint algorithm=pnp_hqs schedule=linear25p0_to_10p0 rho=0.1 step=0.5 lam=0.15 image=test001.png input=rot60_padded mode=G16_fixed
[solver-sweep] denoiser=wavelet problem=inpaint algorithm=pnp_hqs schedule=linear25p0_to_10p0 rho=0.1 step=0.5 lam=0.15 image=test001.png input=rot65_padded mode=vanilla
[solver-sweep] denoiser=wavelet problem=inpaint algorithm=pnp_hqs schedule=linear25p0_to_10p0 rho=0.1 step=0.5 lam=0.15 image=test001.png input=rot65_padded mode=G16_fixed
[solver-sweep] denoiser=wavelet problem=inpaint algorithm=pnp_hqs schedule=linear25p0_to_10p0 rho=0.1 step=0.5 lam=0.15 image=test001.png input=rot70_padded mode=vanilla
[solver-sweep] denoiser=wavelet problem=inpaint algorithm=pnp_hqs schedule=linear25p0_to_10p0 rho=0.1 step=0.5 lam=0.15 image=test001.png input=rot70_padded mode=G16_fixed
[solver-sweep] denoiser=wavelet problem=inpaint algorithm=pnp_hqs schedule=linear25p0_to_10p0 rho=0.1 step=0.5 lam=0.15 image=test001.png input=rot75_padded mode=vanilla
[solver-sweep] denoiser=wavelet problem=inpaint algorithm=pnp_hqs schedule=linear25p0_to_10p0 rho=0.1 step=0.5 lam=0.15 image=test001.png input=rot75_padded mode=G16_fixed
[solver-sweep] denoiser=wavelet problem=inpaint algorithm=pnp_hqs schedule=linear25p0_to_10p0 rho=0.1 step=0.5 lam=0.15 image=test001.png input=rot80_padded mode=vanilla
[solver-sweep] denoiser=wavelet problem=inpaint algorithm=pnp_hqs schedule=linear25p0_to_10p0 rho=0.1 step=0.5 lam=0.15 image=test001.png input=rot80_padded mode=G16_fixed
[solver-sweep] denoiser=wavelet problem=inpaint algorithm=pnp_hqs schedule=linear25p0_to_10p0 rho=0.1 step=0.5 lam=0.15 image=test001.png input=rot85_padded mode=vanilla
[solver-sweep] denoiser=wavelet problem=inpaint algorithm=pnp_hqs schedule=linear25p0_to_10p0 rho=0.1 step=0.5 lam=0.15 image=test001.png input=rot85_padded mode=G16_fixed
[solver-sweep] denoiser=wavelet problem=inpaint algorithm=pnp_hqs schedule=linear25p0_to_10p0 rho=0.1 step=0.5 lam=0.15 image=test001.png input=rot90_padded mode=vanilla
[solver-sweep] denoiser=wavelet problem=inpaint algorithm=pnp_hqs schedule=linear25p0_to_10p0 rho=0.1 step=0.5 lam=0.15 image=test001.png input=rot90_padded mode=G16_fixed
[solver-sweep] denoiser=wavelet problem=inpaint algorithm=pnp_hqs schedule=linear25p0_to_10p0 rho=0.1 step=0.5 lam=0.15 image=test002.png input=rot0_padded mode=vanilla
[solver-sweep] denoiser=wavelet problem=inpaint algorithm=pnp_hqs schedule=linear25p0_to_10p0 rho=0.1 step=0.5 lam=0.15 image=test002.png input=rot0_padded mode=G16_fixed
[solver-sweep] denoiser=wavelet problem=inpaint algorithm=pnp_hqs schedule=linear25p0_to_10p0 rho=0.1 step=0.5 lam=0.15 image=test002.png input=rot5_padded mode=vanilla
[solver-sweep] denoiser=wavelet problem=inpaint algorithm=pnp_hqs schedule=linear25p0_to_10p0 rho=0.1 step=0.5 lam=0.15 image=test002.png input=rot5_padded mode=G16_fixed
[solver-sweep] denoiser=wavelet problem=inpaint algorithm=pnp_hqs schedule=linear25p0_to_10p0 rho=0.1 step=0.5 lam=0.15 image=test002.png input=rot10_padded mode=vanilla
[solver-sweep] denoiser=wavelet problem=inpaint algorithm=pnp_hqs schedule=linear25p0_to_10p0 rho=0.1 step=0.5 lam=0.15 image=test002.png input=rot10_padded mode=G16_fixed
[solver-sweep] denoiser=wavelet problem=inpaint algorithm=pnp_hqs schedule=linear25p0_to_10p0 rho=0.1 step=0.5 lam=0.15 image=test002.png input=rot15_padded mode=vanilla
[solver-sweep] denoiser=wavelet problem=inpaint algorithm=pnp_hqs schedule=linear25p0_to_10p0 rho=0.1 step=0.5 lam=0.15 image=test002.png input=rot15_padded mode=G16_fixed
[solver-sweep] denoiser=wavelet problem=inpaint algorithm=pnp_hqs schedule=linear25p0_to_10p0 rho=0.1 step=0.5 lam=0.15 image=test002.png input=rot20_padded mode=vanilla
[solver-sweep] denoiser=wavelet problem=inpaint algorithm=pnp_hqs schedule=linear25p0_to_10p0 rho=0.1 step=0.5 lam=0.15 image=test002.png input=rot20_padded mode=G16_fixed
[solver-sweep] denoiser=wavelet problem=inpaint algorithm=pnp_hqs schedule=linear25p0_to_10p0 rho=0.1 step=0.5 lam=0.15 image=test002.png input=rot25_padded mode=vanilla
[solver-sweep] denoiser=wavelet problem=inpaint algorithm=pnp_hqs schedule=linear25p0_to_10p0 rho=0.1 step=0.5 lam=0.15 image=test002.png input=rot25_padded mode=G16_fixed
[solver-sweep] denoiser=wavelet problem=inpaint algorithm=pnp_hqs schedule=linear25p0_to_10p0 rho=0.1 step=0.5 lam=0.15 image=test002.png input=rot30_padded mode=vanilla
[solver-sweep] denoiser=wavelet problem=inpaint algorithm=pnp_hqs schedule=linear25p0_to_10p0 rho=0.1 step=0.5 lam=0.15 image=test002.png input=rot30_padded mode=G16_fixed
[solver-sweep] denoiser=wavelet problem=inpaint algorithm=pnp_hqs schedule=linear25p0_to_10p0 rho=0.1 step=0.5 lam=0.15 image=test002.png input=rot35_padded mode=vanilla
[solver-sweep] denoiser=wavelet problem=inpaint algorithm=pnp_hqs schedule=linear25p0_to_10p0 rho=0.1 step=0.5 lam=0.15 image=test002.png input=rot35_padded mode=G16_fixed
[solver-sweep] denoiser=wavelet problem=inpaint algorithm=pnp_hqs schedule=linear25p0_to_10p0 rho=0.1 step=0.5 lam=0.15 image=test002.png input=rot40_padded mode=vanilla
[solver-sweep] denoiser=wavelet problem=inpaint algorithm=pnp_hqs schedule=linear25p0_to_10p0 rho=0.1 step=0.5 lam=0.15 image=test002.png input=rot40_padded mode=G16_fixed
[solver-sweep] denoiser=wavelet problem=inpaint algorithm=pnp_hqs schedule=linear25p0_to_10p0 rho=0.1 step=0.5 lam=0.15 image=test002.png input=rot45_padded mode=vanilla
[solver-sweep] denoiser=wavelet problem=inpaint algorithm=pnp_hqs schedule=linear25p0_to_10p0 rho=0.1 step=0.5 lam=0.15 image=test002.png input=rot45_padded mode=G16_fixed
[solver-sweep] denoiser=wavelet problem=inpaint algorithm=pnp_hqs schedule=linear25p0_to_10p0 rho=0.1 step=0.5 lam=0.15 image=test002.png input=rot50_padded mode=vanilla
[solver-sweep] denoiser=wavelet problem=inpaint algorithm=pnp_hqs schedule=linear25p0_to_10p0 rho=0.1 step=0.5 lam=0.15 image=test002.png input=rot50_padded mode=G16_fixed
[solver-sweep] denoiser=wavelet problem=inpaint algorithm=pnp_hqs schedule=linear25p0_to_10p0 rho=0.1 step=0.5 lam=0.15 image=test002.png input=rot55_padded mode=vanilla
[solver-sweep] denoiser=wavelet problem=inpaint algorithm=pnp_hqs schedule=linear25p0_to_10p0 rho=0.1 step=0.5 lam=0.15 image=test002.png input=rot55_padded mode=G16_fixed
[solver-sweep] denoiser=wavelet problem=inpaint algorithm=pnp_hqs schedule=linear25p0_to_10p0 rho=0.1 step=0.5 lam=0.15 image=test002.png input=rot60_padded mode=vanilla
[solver-sweep] denoiser=wavelet problem=inpaint algorithm=pnp_hqs schedule=linear25p0_to_10p0 rho=0.1 step=0.5 lam=0.15 image=test002.png input=rot60_padded mode=G16_fixed
[solver-sweep] denoiser=wavelet problem=inpaint algorithm=pnp_hqs schedule=linear25p0_to_10p0 rho=0.1 step=0.5 lam=0.15 image=test002.png input=rot65_padded mode=vanilla
[solver-sweep] denoiser=wavelet problem=inpaint algorithm=pnp_hqs schedule=linear25p0_to_10p0 rho=0.1 step=0.5 lam=0.15 image=test002.png input=rot65_padded mode=G16_fixed
[solver-sweep] denoiser=wavelet problem=inpaint algorithm=pnp_hqs schedule=linear25p0_to_10p0 rho=0.1 step=0.5 lam=0.15 image=test002.png input=rot70_padded mode=vanilla
[solver-sweep] denoiser=wavelet problem=inpaint algorithm=pnp_hqs schedule=linear25p0_to_10p0 rho=0.1 step=0.5 lam=0.15 image=test002.png input=rot70_padded mode=G16_fixed
[solver-sweep] denoiser=wavelet problem=inpaint algorithm=pnp_hqs schedule=linear25p0_to_10p0 rho=0.1 step=0.5 lam=0.15 image=test002.png input=rot75_padded mode=vanilla
[solver-sweep] denoiser=wavelet problem=inpaint algorithm=pnp_hqs schedule=linear25p0_to_10p0 rho=0.1 step=0.5 lam=0.15 image=test002.png input=rot75_padded mode=G16_fixed
[solver-sweep] denoiser=wavelet problem=inpaint algorithm=pnp_hqs schedule=linear25p0_to_10p0 rho=0.1 step=0.5 lam=0.15 image=test002.png input=rot80_padded mode=vanilla
[solver-sweep] denoiser=wavelet problem=inpaint algorithm=pnp_hqs schedule=linear25p0_to_10p0 rho=0.1 step=0.5 lam=0.15 image=test002.png input=rot80_padded mode=G16_fixed
[solver-sweep] denoiser=wavelet problem=inpaint algorithm=pnp_hqs schedule=linear25p0_to_10p0 rho=0.1 step=0.5 lam=0.15 image=test002.png input=rot85_padded mode=vanilla
[solver-sweep] denoiser=wavelet problem=inpaint algorithm=pnp_hqs schedule=linear25p0_to_10p0 rho=0.1 step=0.5 lam=0.15 image=test002.png input=rot85_padded mode=G16_fixed
[solver-sweep] denoiser=wavelet problem=inpaint algorithm=pnp_hqs schedule=linear25p0_to_10p0 rho=0.1 step=0.5 lam=0.15 image=test002.png input=rot90_padded mode=vanilla
[solver-sweep] denoiser=wavelet problem=inpaint algorithm=pnp_hqs schedule=linear25p0_to_10p0 rho=0.1 step=0.5 lam=0.15 image=test002.png input=rot90_padded mode=G16_fixed
wrote /home/yuqi/Documents/inference_group_averaging/results/downstream/solver_sweep_rectangle_angles5_sigma15/selected_final/wavelet/inpaint/pnp_hqs/downstream_solver_sweep_summary.csv
+ /home/yuqi/anaconda3/envs/restormer37/bin/python -u /home/yuqi/Documents/inference_group_averaging/scripts/run_downstream_solver_sweep.py --save-dir /home/yuqi/Documents/inference_group_averaging/results/downstream/solver_sweep_rectangle_angles5_sigma15/selected_final/wavelet/inpaint/red_gd --denoisers wavelet --dataset val_images --eval-mask none --problems inpaint --algorithms red_gd --modes vanilla G16_fixed --max-images 2 --num-iter 20 --save-image-count 1 --measurement-sigma 15.0 --input-pad 0 --rotation-angles 0 5 10 15 20 25 30 35 40 45 50 55 60 65 70 75 80 85 90 --input-poses all --exclude-upright --pnp-num-iter 20 --red-num-iter 40 --inpaint-init telea --red-classical-schedules 10.0 --red-lambdas 0.02 --red-input-sigma 15.0 --red-steps 1.0
[solver-sweep] denoiser=wavelet problem=inpaint algorithm=red_gd schedule=fixed10p0 rho=0.8 step=1 lam=0.02 image=test001.png input=rot0_padded mode=vanilla
[solver-sweep] denoiser=wavelet problem=inpaint algorithm=red_gd schedule=fixed10p0 rho=0.8 step=1 lam=0.02 image=test001.png input=rot0_padded mode=G16_fixed
[solver-sweep] denoiser=wavelet problem=inpaint algorithm=red_gd schedule=fixed10p0 rho=0.8 step=1 lam=0.02 image=test001.png input=rot5_padded mode=vanilla
[solver-sweep] denoiser=wavelet problem=inpaint algorithm=red_gd schedule=fixed10p0 rho=0.8 step=1 lam=0.02 image=test001.png input=rot5_padded mode=G16_fixed
[solver-sweep] denoiser=wavelet problem=inpaint algorithm=red_gd schedule=fixed10p0 rho=0.8 step=1 lam=0.02 image=test001.png input=rot10_padded mode=vanilla
[solver-sweep] denoiser=wavelet problem=inpaint algorithm=red_gd schedule=fixed10p0 rho=0.8 step=1 lam=0.02 image=test001.png input=rot10_padded mode=G16_fixed
[solver-sweep] denoiser=wavelet problem=inpaint algorithm=red_gd schedule=fixed10p0 rho=0.8 step=1 lam=0.02 image=test001.png input=rot15_padded mode=vanilla
[solver-sweep] denoiser=wavelet problem=inpaint algorithm=red_gd schedule=fixed10p0 rho=0.8 step=1 lam=0.02 image=test001.png input=rot15_padded mode=G16_fixed
[solver-sweep] denoiser=wavelet problem=inpaint algorithm=red_gd schedule=fixed10p0 rho=0.8 step=1 lam=0.02 image=test001.png input=rot20_padded mode=vanilla
[solver-sweep] denoiser=wavelet problem=inpaint algorithm=red_gd schedule=fixed10p0 rho=0.8 step=1 lam=0.02 image=test001.png input=rot20_padded mode=G16_fixed
[solver-sweep] denoiser=wavelet problem=inpaint algorithm=red_gd schedule=fixed10p0 rho=0.8 step=1 lam=0.02 image=test001.png input=rot25_padded mode=vanilla
[solver-sweep] denoiser=wavelet problem=inpaint algorithm=red_gd schedule=fixed10p0 rho=0.8 step=1 lam=0.02 image=test001.png input=rot25_padded mode=G16_fixed
[solver-sweep] denoiser=wavelet problem=inpaint algorithm=red_gd schedule=fixed10p0 rho=0.8 step=1 lam=0.02 image=test001.png input=rot30_padded mode=vanilla
[solver-sweep] denoiser=wavelet problem=inpaint algorithm=red_gd schedule=fixed10p0 rho=0.8 step=1 lam=0.02 image=test001.png input=rot30_padded mode=G16_fixed
[solver-sweep] denoiser=wavelet problem=inpaint algorithm=red_gd schedule=fixed10p0 rho=0.8 step=1 lam=0.02 image=test001.png input=rot35_padded mode=vanilla
[solver-sweep] denoiser=wavelet problem=inpaint algorithm=red_gd schedule=fixed10p0 rho=0.8 step=1 lam=0.02 image=test001.png input=rot35_padded mode=G16_fixed
[solver-sweep] denoiser=wavelet problem=inpaint algorithm=red_gd schedule=fixed10p0 rho=0.8 step=1 lam=0.02 image=test001.png input=rot40_padded mode=vanilla
[solver-sweep] denoiser=wavelet problem=inpaint algorithm=red_gd schedule=fixed10p0 rho=0.8 step=1 lam=0.02 image=test001.png input=rot40_padded mode=G16_fixed
[solver-sweep] denoiser=wavelet problem=inpaint algorithm=red_gd schedule=fixed10p0 rho=0.8 step=1 lam=0.02 image=test001.png input=rot45_padded mode=vanilla
[solver-sweep] denoiser=wavelet problem=inpaint algorithm=red_gd schedule=fixed10p0 rho=0.8 step=1 lam=0.02 image=test001.png input=rot45_padded mode=G16_fixed
[solver-sweep] denoiser=wavelet problem=inpaint algorithm=red_gd schedule=fixed10p0 rho=0.8 step=1 lam=0.02 image=test001.png input=rot50_padded mode=vanilla
[solver-sweep] denoiser=wavelet problem=inpaint algorithm=red_gd schedule=fixed10p0 rho=0.8 step=1 lam=0.02 image=test001.png input=rot50_padded mode=G16_fixed
[solver-sweep] denoiser=wavelet problem=inpaint algorithm=red_gd schedule=fixed10p0 rho=0.8 step=1 lam=0.02 image=test001.png input=rot55_padded mode=vanilla
[solver-sweep] denoiser=wavelet problem=inpaint algorithm=red_gd schedule=fixed10p0 rho=0.8 step=1 lam=0.02 image=test001.png input=rot55_padded mode=G16_fixed
[solver-sweep] denoiser=wavelet problem=inpaint algorithm=red_gd schedule=fixed10p0 rho=0.8 step=1 lam=0.02 image=test001.png input=rot60_padded mode=vanilla
[solver-sweep] denoiser=wavelet problem=inpaint algorithm=red_gd schedule=fixed10p0 rho=0.8 step=1 lam=0.02 image=test001.png input=rot60_padded mode=G16_fixed
[solver-sweep] denoiser=wavelet problem=inpaint algorithm=red_gd schedule=fixed10p0 rho=0.8 step=1 lam=0.02 image=test001.png input=rot65_padded mode=vanilla
[solver-sweep] denoiser=wavelet problem=inpaint algorithm=red_gd schedule=fixed10p0 rho=0.8 step=1 lam=0.02 image=test001.png input=rot65_padded mode=G16_fixed
[solver-sweep] denoiser=wavelet problem=inpaint algorithm=red_gd schedule=fixed10p0 rho=0.8 step=1 lam=0.02 image=test001.png input=rot70_padded mode=vanilla
[solver-sweep] denoiser=wavelet problem=inpaint algorithm=red_gd schedule=fixed10p0 rho=0.8 step=1 lam=0.02 image=test001.png input=rot70_padded mode=G16_fixed
[solver-sweep] denoiser=wavelet problem=inpaint algorithm=red_gd schedule=fixed10p0 rho=0.8 step=1 lam=0.02 image=test001.png input=rot75_padded mode=vanilla
[solver-sweep] denoiser=wavelet problem=inpaint algorithm=red_gd schedule=fixed10p0 rho=0.8 step=1 lam=0.02 image=test001.png input=rot75_padded mode=G16_fixed
[solver-sweep] denoiser=wavelet problem=inpaint algorithm=red_gd schedule=fixed10p0 rho=0.8 step=1 lam=0.02 image=test001.png input=rot80_padded mode=vanilla
[solver-sweep] denoiser=wavelet problem=inpaint algorithm=red_gd schedule=fixed10p0 rho=0.8 step=1 lam=0.02 image=test001.png input=rot80_padded mode=G16_fixed
[solver-sweep] denoiser=wavelet problem=inpaint algorithm=red_gd schedule=fixed10p0 rho=0.8 step=1 lam=0.02 image=test001.png input=rot85_padded mode=vanilla
[solver-sweep] denoiser=wavelet problem=inpaint algorithm=red_gd schedule=fixed10p0 rho=0.8 step=1 lam=0.02 image=test001.png input=rot85_padded mode=G16_fixed
[solver-sweep] denoiser=wavelet problem=inpaint algorithm=red_gd schedule=fixed10p0 rho=0.8 step=1 lam=0.02 image=test001.png input=rot90_padded mode=vanilla
[solver-sweep] denoiser=wavelet problem=inpaint algorithm=red_gd schedule=fixed10p0 rho=0.8 step=1 lam=0.02 image=test001.png input=rot90_padded mode=G16_fixed
[solver-sweep] denoiser=wavelet problem=inpaint algorithm=red_gd schedule=fixed10p0 rho=0.8 step=1 lam=0.02 image=test002.png input=rot0_padded mode=vanilla
[solver-sweep] denoiser=wavelet problem=inpaint algorithm=red_gd schedule=fixed10p0 rho=0.8 step=1 lam=0.02 image=test002.png input=rot0_padded mode=G16_fixed
[solver-sweep] denoiser=wavelet problem=inpaint algorithm=red_gd schedule=fixed10p0 rho=0.8 step=1 lam=0.02 image=test002.png input=rot5_padded mode=vanilla
[solver-sweep] denoiser=wavelet problem=inpaint algorithm=red_gd schedule=fixed10p0 rho=0.8 step=1 lam=0.02 image=test002.png input=rot5_padded mode=G16_fixed
[solver-sweep] denoiser=wavelet problem=inpaint algorithm=red_gd schedule=fixed10p0 rho=0.8 step=1 lam=0.02 image=test002.png input=rot10_padded mode=vanilla
[solver-sweep] denoiser=wavelet problem=inpaint algorithm=red_gd schedule=fixed10p0 rho=0.8 step=1 lam=0.02 image=test002.png input=rot10_padded mode=G16_fixed
[solver-sweep] denoiser=wavelet problem=inpaint algorithm=red_gd schedule=fixed10p0 rho=0.8 step=1 lam=0.02 image=test002.png input=rot15_padded mode=vanilla
[solver-sweep] denoiser=wavelet problem=inpaint algorithm=red_gd schedule=fixed10p0 rho=0.8 step=1 lam=0.02 image=test002.png input=rot15_padded mode=G16_fixed
[solver-sweep] denoiser=wavelet problem=inpaint algorithm=red_gd schedule=fixed10p0 rho=0.8 step=1 lam=0.02 image=test002.png input=rot20_padded mode=vanilla
[solver-sweep] denoiser=wavelet problem=inpaint algorithm=red_gd schedule=fixed10p0 rho=0.8 step=1 lam=0.02 image=test002.png input=rot20_padded mode=G16_fixed
[solver-sweep] denoiser=wavelet problem=inpaint algorithm=red_gd schedule=fixed10p0 rho=0.8 step=1 lam=0.02 image=test002.png input=rot25_padded mode=vanilla
[solver-sweep] denoiser=wavelet problem=inpaint algorithm=red_gd schedule=fixed10p0 rho=0.8 step=1 lam=0.02 image=test002.png input=rot25_padded mode=G16_fixed
[solver-sweep] denoiser=wavelet problem=inpaint algorithm=red_gd schedule=fixed10p0 rho=0.8 step=1 lam=0.02 image=test002.png input=rot30_padded mode=vanilla
[solver-sweep] denoiser=wavelet problem=inpaint algorithm=red_gd schedule=fixed10p0 rho=0.8 step=1 lam=0.02 image=test002.png input=rot30_padded mode=G16_fixed
[solver-sweep] denoiser=wavelet problem=inpaint algorithm=red_gd schedule=fixed10p0 rho=0.8 step=1 lam=0.02 image=test002.png input=rot35_padded mode=vanilla
[solver-sweep] denoiser=wavelet problem=inpaint algorithm=red_gd schedule=fixed10p0 rho=0.8 step=1 lam=0.02 image=test002.png input=rot35_padded mode=G16_fixed
[solver-sweep] denoiser=wavelet problem=inpaint algorithm=red_gd schedule=fixed10p0 rho=0.8 step=1 lam=0.02 image=test002.png input=rot40_padded mode=vanilla
[solver-sweep] denoiser=wavelet problem=inpaint algorithm=red_gd schedule=fixed10p0 rho=0.8 step=1 lam=0.02 image=test002.png input=rot40_padded mode=G16_fixed
[solver-sweep] denoiser=wavelet problem=inpaint algorithm=red_gd schedule=fixed10p0 rho=0.8 step=1 lam=0.02 image=test002.png input=rot45_padded mode=vanilla
[solver-sweep] denoiser=wavelet problem=inpaint algorithm=red_gd schedule=fixed10p0 rho=0.8 step=1 lam=0.02 image=test002.png input=rot45_padded mode=G16_fixed
[solver-sweep] denoiser=wavelet problem=inpaint algorithm=red_gd schedule=fixed10p0 rho=0.8 step=1 lam=0.02 image=test002.png input=rot50_padded mode=vanilla
[solver-sweep] denoiser=wavelet problem=inpaint algorithm=red_gd schedule=fixed10p0 rho=0.8 step=1 lam=0.02 image=test002.png input=rot50_padded mode=G16_fixed
[solver-sweep] denoiser=wavelet problem=inpaint algorithm=red_gd schedule=fixed10p0 rho=0.8 step=1 lam=0.02 image=test002.png input=rot55_padded mode=vanilla
[solver-sweep] denoiser=wavelet problem=inpaint algorithm=red_gd schedule=fixed10p0 rho=0.8 step=1 lam=0.02 image=test002.png input=rot55_padded mode=G16_fixed
[solver-sweep] denoiser=wavelet problem=inpaint algorithm=red_gd schedule=fixed10p0 rho=0.8 step=1 lam=0.02 image=test002.png input=rot60_padded mode=vanilla
[solver-sweep] denoiser=wavelet problem=inpaint algorithm=red_gd schedule=fixed10p0 rho=0.8 step=1 lam=0.02 image=test002.png input=rot60_padded mode=G16_fixed
[solver-sweep] denoiser=wavelet problem=inpaint algorithm=red_gd schedule=fixed10p0 rho=0.8 step=1 lam=0.02 image=test002.png input=rot65_padded mode=vanilla
[solver-sweep] denoiser=wavelet problem=inpaint algorithm=red_gd schedule=fixed10p0 rho=0.8 step=1 lam=0.02 image=test002.png input=rot65_padded mode=G16_fixed
[solver-sweep] denoiser=wavelet problem=inpaint algorithm=red_gd schedule=fixed10p0 rho=0.8 step=1 lam=0.02 image=test002.png input=rot70_padded mode=vanilla
[solver-sweep] denoiser=wavelet problem=inpaint algorithm=red_gd schedule=fixed10p0 rho=0.8 step=1 lam=0.02 image=test002.png input=rot70_padded mode=G16_fixed
[solver-sweep] denoiser=wavelet problem=inpaint algorithm=red_gd schedule=fixed10p0 rho=0.8 step=1 lam=0.02 image=test002.png input=rot75_padded mode=vanilla
[solver-sweep] denoiser=wavelet problem=inpaint algorithm=red_gd schedule=fixed10p0 rho=0.8 step=1 lam=0.02 image=test002.png input=rot75_padded mode=G16_fixed
[solver-sweep] denoiser=wavelet problem=inpaint algorithm=red_gd schedule=fixed10p0 rho=0.8 step=1 lam=0.02 image=test002.png input=rot80_padded mode=vanilla
[solver-sweep] denoiser=wavelet problem=inpaint algorithm=red_gd schedule=fixed10p0 rho=0.8 step=1 lam=0.02 image=test002.png input=rot80_padded mode=G16_fixed
[solver-sweep] denoiser=wavelet problem=inpaint algorithm=red_gd schedule=fixed10p0 rho=0.8 step=1 lam=0.02 image=test002.png input=rot85_padded mode=vanilla
[solver-sweep] denoiser=wavelet problem=inpaint algorithm=red_gd schedule=fixed10p0 rho=0.8 step=1 lam=0.02 image=test002.png input=rot85_padded mode=G16_fixed
[solver-sweep] denoiser=wavelet problem=inpaint algorithm=red_gd schedule=fixed10p0 rho=0.8 step=1 lam=0.02 image=test002.png input=rot90_padded mode=vanilla
[solver-sweep] denoiser=wavelet problem=inpaint algorithm=red_gd schedule=fixed10p0 rho=0.8 step=1 lam=0.02 image=test002.png input=rot90_padded mode=G16_fixed
wrote /home/yuqi/Documents/inference_group_averaging/results/downstream/solver_sweep_rectangle_angles5_sigma15/selected_final/wavelet/inpaint/red_gd/downstream_solver_sweep_summary.csv
[finish] aggregating selected final results
[finish] committing and pushing
+ git add scripts/run_downstream_solver_sweep.py scripts/finish_downstream_solver_sweep.py scripts/run_downstream_stochastic_wavelet.py scripts/run_downstream_vanilla_classical.py src/groupavg/experiments/downstream_effect.py src/groupavg/metrics.py
+ git add -f results/README.md results/downstream/solver_sweep_rectangle_angles5_sigma15
error: file write error: No space left on device
fatal: unable to write loose object file
Traceback (most recent call last):
  File "scripts/finish_downstream_solver_sweep.py", line 277, in <module>
    main()
  File "scripts/finish_downstream_solver_sweep.py", line 272, in main
    push_results()
  File "scripts/finish_downstream_solver_sweep.py", line 244, in push_results
    _run(["git", "add", "-f", "results/README.md", BASE.relative_to(REPO)])
  File "scripts/finish_downstream_solver_sweep.py", line 68, in _run
    subprocess.run([str(c) for c in cmd], check=True, cwd=REPO, **kwargs)
  File "/home/yuqi/anaconda3/envs/restormer37/lib/python3.7/subprocess.py", line 512, in run
    output=stdout, stderr=stderr)
subprocess.CalledProcessError: Command '['git', 'add', '-f', 'results/README.md', 'results/downstream/solver_sweep_rectangle_angles5_sigma15']' returned non-zero exit status 128.
