dataset,file,image_index,input_pose,input_angle_deg,input_height,input_width,eval_mask_pixels,eval_mask_fraction,problem,algorithm,denoiser,train_sigma,schedule,rho,step,red_input_sigma,lambda,mode,group_expand,base_group_size,num_iter,degraded_se,degraded_psnr,degraded_ssim,final_se,final_psnr,final_ssim,gap_psnr,gap_ssim,beats_degraded,total_denoiser_calls,total_group_evals
val_images,test001.png,0,upright,0.0,481,321,154401.0,1.0,inpaint,pnp_hqs,restormer,15.0,fixed15p0,0.8,0.5,0.0,0.15,vanilla,True,0,20,0.0999886886459608,10.00049127364958,0.1873629911925764,0.0889943738220607,10.50637448358092,0.2497069825486881,0.5058832099313371,0.0623439913561116,True,20,20
val_images,test001.png,0,upright,0.0,481,321,154401.0,1.0,inpaint,pnp_hqs,restormer,15.0,fixed15p0,0.8,0.5,0.0,0.15,G16_fixed,True,16,20,0.0999886886459608,10.00049127364958,0.1873629911925764,0.0218038144941985,16.614675215851154,0.5471646273340198,6.6141839422015725,0.3598016361414433,True,20,320
val_images,test001.png,0,rot45_padded,45.0,1000,1000,154360.0,0.1543599963188171,inpaint,pnp_hqs,restormer,15.0,fixed15p0,0.8,0.5,0.0,0.15,vanilla,False,0,20,0.1001781043502202,9.992271906344085,0.1975350717276172,0.0766117140430649,11.15704821029108,0.3492297834607411,1.1647763039469972,0.1516947117331238,True,20,20
val_images,test001.png,0,rot45_padded,45.0,1000,1000,154360.0,0.1543599963188171,inpaint,pnp_hqs,restormer,15.0,fixed15p0,0.8,0.5,0.0,0.15,G16_fixed,False,16,20,0.1001781043502202,9.992271906344085,0.1975350717276172,0.0235648608695784,16.27735120035588,0.5509569755765742,6.285079294011798,0.3534219038489569,True,20,320
val_images,test002.png,1,upright,0.0,481,321,154401.0,1.0,inpaint,pnp_hqs,restormer,15.0,fixed15p0,0.8,0.5,0.0,0.15,vanilla,True,0,20,0.2216011898400917,6.54427912086212,0.0680886779291423,0.1940158560339635,7.121627757055516,0.1064434972692858,0.5773486361933964,0.0383548193401435,True,20,20
val_images,test002.png,1,upright,0.0,481,321,154401.0,1.0,inpaint,pnp_hqs,restormer,15.0,fixed15p0,0.8,0.5,0.0,0.15,G16_fixed,True,16,20,0.2216011898400917,6.54427912086212,0.0680886779291423,0.0522627375814437,12.81807845175554,0.3274767539151301,6.2737993308934215,0.2593880759859878,True,20,320
val_images,test002.png,1,rot45_padded,45.0,1000,1000,154360.0,0.1543599963188171,inpaint,pnp_hqs,restormer,15.0,fixed15p0,0.8,0.5,0.0,0.15,vanilla,False,0,20,0.2216987429952708,6.542367692750708,0.0768388299875291,0.1854062489877559,7.318756323535266,0.155310624817796,0.7763886307845578,0.0784717948302669,True,20,20
val_images,test002.png,1,rot45_padded,45.0,1000,1000,154360.0,0.1543599963188171,inpaint,pnp_hqs,restormer,15.0,fixed15p0,0.8,0.5,0.0,0.15,G16_fixed,False,16,20,0.2216987429952708,6.542367692750708,0.0768388299875291,0.0571715407063844,12.428201038979385,0.3505554689524488,5.885833346228675,0.2737166389649196,True,20,320
val_images,test003.png,2,upright,0.0,481,321,154401.0,1.0,inpaint,pnp_hqs,restormer,15.0,fixed15p0,0.8,0.5,0.0,0.15,vanilla,True,0,20,0.1231573574045828,9.095396383537716,0.0752822664786011,0.1115008059371377,9.527219934876886,0.1831582464248936,0.4318235513391713,0.1078759799462924,True,20,20
val_images,test003.png,2,upright,0.0,481,321,154401.0,1.0,inpaint,pnp_hqs,restormer,15.0,fixed15p0,0.8,0.5,0.0,0.15,G16_fixed,True,16,20,0.1231573574045828,9.095396383537716,0.0752822664786011,0.0233297641596597,16.320896514624017,0.5124849924061373,7.225500131086303,0.4372027259275362,True,20,320
val_images,test003.png,2,rot45_padded,45.0,1000,1000,154360.0,0.1543599963188171,inpaint,pnp_hqs,restormer,15.0,fixed15p0,0.8,0.5,0.0,0.15,vanilla,False,0,20,0.1222923355913125,9.126007605819042,0.0865922954052215,0.097661191016536,10.102779836280227,0.3592224042012179,0.9767722304611848,0.2726301087959963,True,20,20
val_images,test003.png,2,rot45_padded,45.0,1000,1000,154360.0,0.1543599963188171,inpaint,pnp_hqs,restormer,15.0,fixed15p0,0.8,0.5,0.0,0.15,G16_fixed,False,16,20,0.1222923355913125,9.126007605819042,0.0865922954052215,0.0346937651583554,14.597485655726334,0.4934970401982378,5.471478049907292,0.4069047447930163,True,20,320
val_images,test004.png,3,upright,0.0,321,481,154401.0,1.0,inpaint,pnp_hqs,restormer,15.0,fixed15p0,0.8,0.5,0.0,0.15,vanilla,True,0,20,0.0731512551934572,11.35778217468741,0.0838764921069973,0.0628916470950641,12.014070312067284,0.1694073488027927,0.6562881373798746,0.0855308566957953,True,20,20
val_images,test004.png,3,upright,0.0,321,481,154401.0,1.0,inpaint,pnp_hqs,restormer,15.0,fixed15p0,0.8,0.5,0.0,0.15,G16_fixed,True,16,20,0.0731512551934572,11.35778217468741,0.0838764921069973,0.0079587383385025,20.99155773475232,0.6339583090459259,9.63377556006491,0.5500818169389285,True,20,320
val_images,test004.png,3,rot45_padded,45.0,1000,1000,154360.0,0.1543599963188171,inpaint,pnp_hqs,restormer,15.0,fixed15p0,0.8,0.5,0.0,0.15,vanilla,False,0,20,0.0728395294482055,11.376328684606964,0.0959549017414647,0.0558657331582825,12.52854497363243,0.3059819324549754,1.152216289025466,0.2100270307135106,True,20,20
val_images,test004.png,3,rot45_padded,45.0,1000,1000,154360.0,0.1543599963188171,inpaint,pnp_hqs,restormer,15.0,fixed15p0,0.8,0.5,0.0,0.15,G16_fixed,False,16,20,0.0728395294482055,11.376328684606964,0.0959549017414647,0.012470350737521,19.041213315071936,0.6169349450958798,7.664884630464972,0.520980043354415,True,20,320
val_images,test005.png,4,upright,0.0,321,481,154401.0,1.0,inpaint,pnp_hqs,restormer,15.0,fixed15p0,0.8,0.5,0.0,0.15,vanilla,True,0,20,0.2809441810610035,5.513799586189751,0.0517964446574989,0.2472417600922273,6.068781733651939,0.0680768757670772,0.5549821474621881,0.0162804311095783,True,20,20
val_images,test005.png,4,upright,0.0,321,481,154401.0,1.0,inpaint,pnp_hqs,restormer,15.0,fixed15p0,0.8,0.5,0.0,0.15,G16_fixed,True,16,20,0.2809441810610035,5.513799586189751,0.0517964446574989,0.076470262245306,11.165074204493068,0.2295028701643771,5.651274618303318,0.1777064255068782,True,20,320
val_images,test005.png,4,rot45_padded,45.0,1000,1000,154360.0,0.1543599963188171,inpaint,pnp_hqs,restormer,15.0,fixed15p0,0.8,0.5,0.0,0.15,vanilla,False,0,20,0.2814709981941565,5.505663467206643,0.061343991926341,0.2582419951736201,5.879731315926797,0.0625545030185119,0.3740678487201538,0.0012105110921709,True,20,20
val_images,test005.png,4,rot45_padded,45.0,1000,1000,154360.0,0.1543599963188171,inpaint,pnp_hqs,restormer,15.0,fixed15p0,0.8,0.5,0.0,0.15,G16_fixed,False,16,20,0.2814709981941565,5.505663467206643,0.061343991926341,0.0995220183337652,10.020808249530106,0.2163138574193444,4.515144782323462,0.1549698654930033,True,20,320
val_images,test006.png,5,upright,0.0,321,481,154401.0,1.0,inpaint,pnp_hqs,restormer,15.0,fixed15p0,0.8,0.5,0.0,0.15,vanilla,True,0,20,0.2497476386568092,6.024986093008419,0.0362356102170646,0.2146501844223806,6.6826873404879645,0.0563244839128308,0.6577012474795456,0.0200888736957662,True,20,20
val_images,test006.png,5,upright,0.0,321,481,154401.0,1.0,inpaint,pnp_hqs,restormer,15.0,fixed15p0,0.8,0.5,0.0,0.15,G16_fixed,True,16,20,0.2497476386568092,6.024986093008419,0.0362356102170646,0.0640394294928465,11.935525457285696,0.2215114023306196,5.910539364277277,0.1852757921135549,True,20,320
val_images,test006.png,5,rot45_padded,45.0,1000,1000,154360.0,0.1543599963188171,inpaint,pnp_hqs,restormer,15.0,fixed15p0,0.8,0.5,0.0,0.15,vanilla,False,0,20,0.2486030525233221,6.044935430881965,0.0464601950189492,0.2203019473552086,6.569816638937921,0.095537990027371,0.5248812080559553,0.0490777950084218,True,20,20
val_images,test006.png,5,rot45_padded,45.0,1000,1000,154360.0,0.1543599963188171,inpaint,pnp_hqs,restormer,15.0,fixed15p0,0.8,0.5,0.0,0.15,G16_fixed,False,16,20,0.2486030525233221,6.044935430881965,0.0464601950189492,0.0839950098896249,10.757465144354317,0.2424330451136952,4.71252971347235,0.195972850094746,True,20,320
val_images,test007.png,6,upright,0.0,321,481,154401.0,1.0,inpaint,pnp_hqs,restormer,15.0,fixed15p0,0.8,0.5,0.0,0.15,vanilla,True,0,20,0.0619545200079662,12.079270033652628,0.1499739315159876,0.049727031044569,13.03407469572356,0.2586827734681122,0.9548046620709344,0.1087088419521246,True,20,20
val_images,test007.png,6,upright,0.0,321,481,154401.0,1.0,inpaint,pnp_hqs,restormer,15.0,fixed15p0,0.8,0.5,0.0,0.15,G16_fixed,True,16,20,0.0619545200079662,12.079270033652628,0.1499739315159876,0.0065306858206016,21.850412088530945,0.7221813552859113,9.771142054878318,0.5722074237699237,True,20,320
val_images,test007.png,6,rot45_padded,45.0,1000,1000,154360.0,0.1543599963188171,inpaint,pnp_hqs,restormer,15.0,fixed15p0,0.8,0.5,0.0,0.15,vanilla,False,0,20,0.0620886556284821,12.069877435918125,0.1587001115493003,0.0441130698175126,13.554327187254144,0.3860305758454262,1.4844497513360224,0.2273304642961259,True,20,20
val_images,test007.png,6,rot45_padded,45.0,1000,1000,154360.0,0.1543599963188171,inpaint,pnp_hqs,restormer,15.0,fixed15p0,0.8,0.5,0.0,0.15,G16_fixed,False,16,20,0.0620886556284821,12.069877435918125,0.1587001115493003,0.010014463861114,19.993722963346958,0.696212233172454,7.923845527428831,0.5375121216231536,True,20,320
val_images,test008.png,7,upright,0.0,321,481,154401.0,1.0,inpaint,pnp_hqs,restormer,15.0,fixed15p0,0.8,0.5,0.0,0.15,vanilla,True,0,20,0.0564591398776562,12.482657423639672,0.1905611241183671,0.042610314669675,13.704852585993848,0.3438179541421364,1.2221951623541756,0.1532568300237692,True,20,20
val_images,test008.png,7,upright,0.0,321,481,154401.0,1.0,inpaint,pnp_hqs,restormer,15.0,fixed15p0,0.8,0.5,0.0,0.15,G16_fixed,True,16,20,0.0564591398776562,12.482657423639672,0.1905611241183671,0.0081416924062587,20.892853093243332,0.6945347463746997,8.410195669603663,0.5039736222563326,True,20,320
val_images,test008.png,7,rot45_padded,45.0,1000,1000,154360.0,0.1543599963188171,inpaint,pnp_hqs,restormer,15.0,fixed15p0,0.8,0.5,0.0,0.15,vanilla,False,0,20,0.0568718089004599,12.451029580851918,0.1977085956732638,0.0329442498967511,14.822203763972306,0.4504958477746825,2.371174183120388,0.2527872521014187,True,20,20
val_images,test008.png,7,rot45_padded,45.0,1000,1000,154360.0,0.1543599963188171,inpaint,pnp_hqs,restormer,15.0,fixed15p0,0.8,0.5,0.0,0.15,G16_fixed,False,16,20,0.0568718089004599,12.451029580851918,0.1977085956732638,0.0101387381769888,19.940160920313296,0.6858186625421093,7.489131339461378,0.4881100668688455,True,20,320
val_images,test009.png,8,upright,0.0,321,481,154401.0,1.0,inpaint,pnp_hqs,restormer,15.0,fixed15p0,0.8,0.5,0.0,0.15,vanilla,True,0,20,0.0506282551450848,12.956070399036845,0.1853327536738751,0.0421659088742543,13.750385341411146,0.4452680236850798,0.7943149423743012,0.2599352700112046,True,20,20
val_images,test009.png,8,upright,0.0,321,481,154401.0,1.0,inpaint,pnp_hqs,restormer,15.0,fixed15p0,0.8,0.5,0.0,0.15,G16_fixed,True,16,20,0.0506282551450848,12.956070399036845,0.1853327536738751,0.0064815955307476,21.88318073619309,0.7630037309505767,8.927110337156245,0.5776709772767016,True,20,320
val_images,test009.png,8,rot45_padded,45.0,1000,1000,154360.0,0.1543599963188171,inpaint,pnp_hqs,restormer,15.0,fixed15p0,0.8,0.5,0.0,0.15,vanilla,False,0,20,0.049990921435686,13.011088582314898,0.1941674241626717,0.0311501326292838,15.065400998862408,0.5728939755279865,2.05431241654751,0.3787265513653148,True,20,20
val_images,test009.png,8,rot45_padded,45.0,1000,1000,154360.0,0.1543599963188171,inpaint,pnp_hqs,restormer,15.0,fixed15p0,0.8,0.5,0.0,0.15,G16_fixed,False,16,20,0.049990921435686,13.011088582314898,0.1941674241626717,0.0077309724363399,21.11765875140608,0.7704304264381964,8.106570169091178,0.5762630022755246,True,20,320
val_images,test010.png,9,upright,0.0,321,481,154401.0,1.0,inpaint,pnp_hqs,restormer,15.0,fixed15p0,0.8,0.5,0.0,0.15,vanilla,True,0,20,0.0848681330391318,10.712553514903805,0.070367418635161,0.0714443817357076,11.460319177073776,0.188680469200329,0.7477656621699715,0.1183130505651679,True,20,20
val_images,test010.png,9,upright,0.0,321,481,154401.0,1.0,inpaint,pnp_hqs,restormer,15.0,fixed15p0,0.8,0.5,0.0,0.15,G16_fixed,True,16,20,0.0848681330391318,10.712553514903805,0.070367418635161,0.0101499257867905,19.93537133169997,0.6063209597088102,9.222817816796164,0.5359535410736491,True,20,320
val_images,test010.png,9,rot45_padded,45.0,1000,1000,154360.0,0.1543599963188171,inpaint,pnp_hqs,restormer,15.0,fixed15p0,0.8,0.5,0.0,0.15,vanilla,False,0,20,0.0846225000101224,10.725141484142886,0.081013875083004,0.0646035887596365,11.897433560727745,0.3177681232184504,1.172292076584858,0.2367542481354463,True,20,20
val_images,test010.png,9,rot45_padded,45.0,1000,1000,154360.0,0.1543599963188171,inpaint,pnp_hqs,restormer,15.0,fixed15p0,0.8,0.5,0.0,0.15,G16_fixed,False,16,20,0.0846225000101224,10.725141484142886,0.081013875083004,0.0191877876671215,17.1697509610085,0.5212029205266908,6.4446094768656135,0.4401890454436868,True,20,320
val_images,test001.png,0,upright,0.0,481,321,154401.0,1.0,inpaint,red_gd,restormer,15.0,fixed15p0,0.8,3.846153846153847,1.4142135623730951,0.02,vanilla,True,0,20,0.0999886886459608,10.00049127364958,0.1873629911925764,0.0956532346171657,10.19300339252641,0.2184287737368929,0.192512118876829,0.0310657825443164,True,20,20
val_images,test001.png,0,upright,0.0,481,321,154401.0,1.0,inpaint,red_gd,restormer,15.0,fixed15p0,0.8,3.846153846153847,1.4142135623730951,0.02,G16_fixed,True,16,20,0.0999886886459608,10.00049127364958,0.1873629911925764,0.0801148407292536,10.96287026364996,0.2458199600795979,0.9623789900003796,0.0584569688870214,True,20,320
val_images,test001.png,0,rot45_padded,45.0,1000,1000,154360.0,0.1543599963188171,inpaint,red_gd,restormer,15.0,fixed15p0,0.8,3.846153846153847,1.4142135623730951,0.02,vanilla,False,0,20,0.1001781043502202,9.992271906344085,0.1975350717276172,0.0974220926324825,10.113425459921384,0.2196460131753692,0.1211535535773009,0.022110941447752,True,20,20
val_images,test001.png,0,rot45_padded,45.0,1000,1000,154360.0,0.1543599963188171,inpaint,red_gd,restormer,15.0,fixed15p0,0.8,3.846153846153847,1.4142135623730951,0.02,G16_fixed,False,16,20,0.1001781043502202,9.992271906344085,0.1975350717276172,0.0832241670243262,10.797505429246629,0.2450354234824436,0.8052335229025438,0.0475003517548263,True,20,320
val_images,test002.png,1,upright,0.0,481,321,154401.0,1.0,inpaint,red_gd,restormer,15.0,fixed15p0,0.8,3.846153846153847,1.4142135623730951,0.02,vanilla,True,0,20,0.2216011898400917,6.54427912086212,0.0680886779291423,0.2141307121958407,6.693210385411136,0.0753347120990958,0.1489312645490166,0.0072460341699535,True,20,20
val_images,test002.png,1,upright,0.0,481,321,154401.0,1.0,inpaint,red_gd,restormer,15.0,fixed15p0,0.8,3.846153846153847,1.4142135623730951,0.02,G16_fixed,True,16,20,0.2216011898400917,6.54427912086212,0.0680886779291423,0.1751061865693875,7.56698509853255,0.0887157011207828,1.02270597767043,0.0206270231916405,True,20,320
val_images,test002.png,1,rot45_padded,45.0,1000,1000,154360.0,0.1543599963188171,inpaint,red_gd,restormer,15.0,fixed15p0,0.8,3.846153846153847,1.4142135623730951,0.02,vanilla,False,0,20,0.2216987429952708,6.542367692750708,0.0768388299875291,0.2157910586453744,6.659665543770367,0.0800897911133065,0.1172978510196589,0.0032509611257773,True,20,20
val_images,test002.png,1,rot45_padded,45.0,1000,1000,154360.0,0.1543599963188171,inpaint,red_gd,restormer,15.0,fixed15p0,0.8,3.846153846153847,1.4142135623730951,0.02,G16_fixed,False,16,20,0.2216987429952708,6.542367692750708,0.0768388299875291,0.1792571823780448,7.465234342394624,0.0942963271228783,0.9228666496439164,0.0174574971353491,True,20,320
val_images,test003.png,2,upright,0.0,481,321,154401.0,1.0,inpaint,red_gd,restormer,15.0,fixed15p0,0.8,3.846153846153847,1.4142135623730951,0.02,vanilla,True,0,20,0.1231573574045828,9.095396383537716,0.0752822664786011,0.1176359315597049,9.294600039858109,0.0904721234196993,0.1992036563203925,0.0151898569410981,True,20,20
val_images,test003.png,2,upright,0.0,481,321,154401.0,1.0,inpaint,red_gd,restormer,15.0,fixed15p0,0.8,3.846153846153847,1.4142135623730951,0.02,G16_fixed,True,16,20,0.1231573574045828,9.095396383537716,0.0752822664786011,0.0987431494331319,10.054930249834388,0.1027048430304855,0.959533866296674,0.0274225765518843,True,20,320
val_images,test003.png,2,rot45_padded,45.0,1000,1000,154360.0,0.1543599963188171,inpaint,red_gd,restormer,15.0,fixed15p0,0.8,3.846153846153847,1.4142135623730951,0.02,vanilla,False,0,20,0.1222923355913125,9.126007605819042,0.0865922954052215,0.1198800313593223,9.212531521196288,0.095656985648403,0.0865239153772456,0.0090646902431815,True,20,20
val_images,test003.png,2,rot45_padded,45.0,1000,1000,154360.0,0.1543599963188171,inpaint,red_gd,restormer,15.0,fixed15p0,0.8,3.846153846153847,1.4142135623730951,0.02,G16_fixed,False,16,20,0.1222923355913125,9.126007605819042,0.0865922954052215,0.1023339502117614,9.899802612676565,0.1103946081805519,0.7737950068575223,0.0238023127753303,True,20,320
val_images,test004.png,3,upright,0.0,321,481,154401.0,1.0,inpaint,red_gd,restormer,15.0,fixed15p0,0.8,3.846153846153847,1.4142135623730951,0.02,vanilla,True,0,20,0.0731512551934572,11.35778217468741,0.0838764921069973,0.0673348701696394,11.717599729179318,0.1030379410289603,0.359817554491908,0.0191614489219629,True,20,20
val_images,test004.png,3,upright,0.0,321,481,154401.0,1.0,inpaint,red_gd,restormer,15.0,fixed15p0,0.8,3.846153846153847,1.4142135623730951,0.02,G16_fixed,True,16,20,0.0731512551934572,11.35778217468741,0.0838764921069973,0.0579720366428164,12.367814419580249,0.1155260768834074,1.0100322448928392,0.0316495847764101,True,20,320
val_images,test004.png,3,rot45_padded,45.0,1000,1000,154360.0,0.1543599963188171,inpaint,red_gd,restormer,15.0,fixed15p0,0.8,3.846153846153847,1.4142135623730951,0.02,vanilla,False,0,20,0.0728395294482055,11.376328684606964,0.0959549017414647,0.0711178350831659,11.480214723098516,0.1017532890341571,0.1038860384915505,0.0057983872926924,True,20,20
val_images,test004.png,3,rot45_padded,45.0,1000,1000,154360.0,0.1543599963188171,inpaint,red_gd,restormer,15.0,fixed15p0,0.8,3.846153846153847,1.4142135623730951,0.02,G16_fixed,False,16,20,0.0728395294482055,11.376328684606964,0.0959549017414647,0.061164052883681,12.135037448636847,0.1202481845401982,0.7587087640298851,0.0242932827987334,True,20,320
val_images,test005.png,4,upright,0.0,321,481,154401.0,1.0,inpaint,red_gd,restormer,15.0,fixed15p0,0.8,3.846153846153847,1.4142135623730951,0.02,vanilla,True,0,20,0.2809441810610035,5.513799586189751,0.0517964446574989,0.2717387729435042,5.65848390017775,0.0561081172664846,0.1446843139879989,0.0043116726089856,True,20,20
val_images,test005.png,4,upright,0.0,321,481,154401.0,1.0,inpaint,red_gd,restormer,15.0,fixed15p0,0.8,3.846153846153847,1.4142135623730951,0.02,G16_fixed,True,16,20,0.2809441810610035,5.513799586189751,0.0517964446574989,0.2256426397416467,6.46578828205087,0.0677888359693266,0.951988695861119,0.0159923913118276,True,20,320
val_images,test005.png,4,rot45_padded,45.0,1000,1000,154360.0,0.1543599963188171,inpaint,red_gd,restormer,15.0,fixed15p0,0.8,3.846153846153847,1.4142135623730951,0.02,vanilla,False,0,20,0.2814709981941565,5.505663467206643,0.061343991926341,0.2755323644807592,5.59827380878013,0.0629611088223147,0.0926103415734864,0.0016171168959736,True,20,20
val_images,test005.png,4,rot45_padded,45.0,1000,1000,154360.0,0.1543599963188171,inpaint,red_gd,restormer,15.0,fixed15p0,0.8,3.846153846153847,1.4142135623730951,0.02,G16_fixed,False,16,20,0.2814709981941565,5.505663467206643,0.061343991926341,0.2308413570549365,6.366863812541293,0.0765430649131899,0.86120034533465,0.0151990729868489,True,20,320
val_images,test006.png,5,upright,0.0,321,481,154401.0,1.0,inpaint,red_gd,restormer,15.0,fixed15p0,0.8,3.846153846153847,1.4142135623730951,0.02,vanilla,True,0,20,0.2497476386568092,6.024986093008419,0.0362356102170646,0.2415380648441396,6.170144175042761,0.0400608073194959,0.1451580820343423,0.0038251971024313,True,20,20
val_images,test006.png,5,upright,0.0,321,481,154401.0,1.0,inpaint,red_gd,restormer,15.0,fixed15p0,0.8,3.846153846153847,1.4142135623730951,0.02,G16_fixed,True,16,20,0.2497476386568092,6.024986093008419,0.0362356102170646,0.2008576060671563,6.9711171777622285,0.0479244183975492,0.9461310847538096,0.0116888081804845,True,20,320
val_images,test006.png,5,rot45_padded,45.0,1000,1000,154360.0,0.1543599963188171,inpaint,red_gd,restormer,15.0,fixed15p0,0.8,3.846153846153847,1.4142135623730951,0.02,vanilla,False,0,20,0.2486030525233221,6.044935430881965,0.0464601950189492,0.2441007425822752,6.1243089940749815,0.0477092915910857,0.0793735631930161,0.0012490965721365,True,20,20
val_images,test006.png,5,rot45_padded,45.0,1000,1000,154360.0,0.1543599963188171,inpaint,red_gd,restormer,15.0,fixed15p0,0.8,3.846153846153847,1.4142135623730951,0.02,G16_fixed,False,16,20,0.2486030525233221,6.044935430881965,0.0464601950189492,0.2045438246023905,6.892136277842351,0.0575448310260916,0.8472008469603853,0.0110846360071423,True,20,320
val_images,test007.png,6,upright,0.0,321,481,154401.0,1.0,inpaint,red_gd,restormer,15.0,fixed15p0,0.8,3.846153846153847,1.4142135623730951,0.02,vanilla,True,0,20,0.0619545200079662,12.079270033652628,0.1499739315159876,0.0568945612297685,12.449292475028884,0.1856084410479854,0.3700224413762587,0.0356345095319978,True,20,20
val_images,test007.png,6,upright,0.0,321,481,154401.0,1.0,inpaint,red_gd,restormer,15.0,fixed15p0,0.8,3.846153846153847,1.4142135623730951,0.02,G16_fixed,True,16,20,0.0619545200079662,12.079270033652628,0.1499739315159876,0.0485337287323268,13.13956341578464,0.2041239840779852,1.0602933821320129,0.0541500525619976,True,20,320
val_images,test007.png,6,rot45_padded,45.0,1000,1000,154360.0,0.1543599963188171,inpaint,red_gd,restormer,15.0,fixed15p0,0.8,3.846153846153847,1.4142135623730951,0.02,vanilla,False,0,20,0.0620886556284821,12.069877435918125,0.1587001115493003,0.0602777192925628,12.19843188298234,0.1706820197104172,0.1285544470642179,0.0119819081611168,True,20,20
val_images,test007.png,6,rot45_padded,45.0,1000,1000,154360.0,0.1543599963188171,inpaint,red_gd,restormer,15.0,fixed15p0,0.8,3.846153846153847,1.4142135623730951,0.02,G16_fixed,False,16,20,0.0620886556284821,12.069877435918125,0.1587001115493003,0.0518725218999012,12.85062637285254,0.1985085468830979,0.7807489369344172,0.0398084353337976,True,20,320
val_images,test008.png,7,upright,0.0,321,481,154401.0,1.0,inpaint,red_gd,restormer,15.0,fixed15p0,0.8,3.846153846153847,1.4142135623730951,0.02,vanilla,True,0,20,0.0564591398776562,12.482657423639672,0.1905611241183671,0.0511667714820095,12.910119852515049,0.2422984377934728,0.4274624288753763,0.0517373136751057,True,20,20
val_images,test008.png,7,upright,0.0,321,481,154401.0,1.0,inpaint,red_gd,restormer,15.0,fixed15p0,0.8,3.846153846153847,1.4142135623730951,0.02,G16_fixed,True,16,20,0.0564591398776562,12.482657423639672,0.1905611241183671,0.0440711326553908,13.558457877096195,0.2605649716484997,1.075800453456523,0.0700038475301325,True,20,320
val_images,test008.png,7,rot45_padded,45.0,1000,1000,154360.0,0.1543599963188171,inpaint,red_gd,restormer,15.0,fixed15p0,0.8,3.846153846153847,1.4142135623730951,0.02,vanilla,False,0,20,0.0568718089004599,12.451029580851918,0.1977085956732638,0.0548872284149067,12.605286987957625,0.214673490541591,0.1542574071057068,0.0169648948683272,True,20,20
val_images,test008.png,7,rot45_padded,45.0,1000,1000,154360.0,0.1543599963188171,inpaint,red_gd,restormer,15.0,fixed15p0,0.8,3.846153846153847,1.4142135623730951,0.02,G16_fixed,False,16,20,0.0568718089004599,12.451029580851918,0.1977085956732638,0.0471303259223568,13.266995569347907,0.2490245762746177,0.8159659884959911,0.0513159806013539,True,20,320
val_images,test009.png,8,upright,0.0,321,481,154401.0,1.0,inpaint,red_gd,restormer,15.0,fixed15p0,0.8,3.846153846153847,1.4142135623730951,0.02,vanilla,True,0,20,0.0506282551450848,12.956070399036845,0.1853327536738751,0.0471197778532036,13.267967657030267,0.2996723780529271,0.311897257993424,0.1143396243790519,True,20,20
val_images,test009.png,8,upright,0.0,321,481,154401.0,1.0,inpaint,red_gd,restormer,15.0,fixed15p0,0.8,3.846153846153847,1.4142135623730951,0.02,G16_fixed,True,16,20,0.0506282551450848,12.956070399036845,0.1853327536738751,0.0389034744047156,14.100116108230182,0.3065430579303242,1.1440457091933371,0.1212103042564491,True,20,320
val_images,test009.png,8,rot45_padded,45.0,1000,1000,154360.0,0.1543599963188171,inpaint,red_gd,restormer,15.0,fixed15p0,0.8,3.846153846153847,1.4142135623730951,0.02,vanilla,False,0,20,0.049990921435686,13.011088582314898,0.1941674241626717,0.0459961095663141,13.37278900173522,0.3011498586907229,0.3617004194203215,0.1069824345280512,True,20,20
val_images,test009.png,8,rot45_padded,45.0,1000,1000,154360.0,0.1543599963188171,inpaint,red_gd,restormer,15.0,fixed15p0,0.8,3.846153846153847,1.4142135623730951,0.02,G16_fixed,False,16,20,0.049990921435686,13.011088582314898,0.1941674241626717,0.0394606250961631,14.03836039366035,0.3227641046093547,1.027271811345452,0.128596680446683,True,20,320
val_images,test010.png,9,upright,0.0,321,481,154401.0,1.0,inpaint,red_gd,restormer,15.0,fixed15p0,0.8,3.846153846153847,1.4142135623730951,0.02,vanilla,True,0,20,0.0848681330391318,10.712553514903805,0.070367418635161,0.0784567634560333,11.053696116051237,0.0805506668714904,0.3411426011474319,0.0101832482363294,True,20,20
val_images,test010.png,9,upright,0.0,321,481,154401.0,1.0,inpaint,red_gd,restormer,15.0,fixed15p0,0.8,3.846153846153847,1.4142135623730951,0.02,G16_fixed,True,16,20,0.0848681330391318,10.712553514903805,0.070367418635161,0.0677991581174992,11.68775698864419,0.0949719348886989,0.975203473740386,0.0246045162535378,True,20,320
val_images,test010.png,9,rot45_padded,45.0,1000,1000,154360.0,0.1543599963188171,inpaint,red_gd,restormer,15.0,fixed15p0,0.8,3.846153846153847,1.4142135623730951,0.02,vanilla,False,0,20,0.0846225000101224,10.725141484142886,0.081013875083004,0.0828986040141552,10.814527827676258,0.084561436384507,0.0893863435333717,0.0035475613015029,True,20,20
val_images,test010.png,9,rot45_padded,45.0,1000,1000,154360.0,0.1543599963188171,inpaint,red_gd,restormer,15.0,fixed15p0,0.8,3.846153846153847,1.4142135623730951,0.02,G16_fixed,False,16,20,0.0846225000101224,10.725141484142886,0.081013875083004,0.0712888473981277,11.469784069265042,0.1009049905152727,0.7446425851221559,0.0198911154322687,True,20,320
val_images,test001.png,0,upright,0.0,481,321,154401.0,1.0,blur,pnp_hqs,restormer,15.0,fixed15p0,0.2,0.5,0.0,0.15,vanilla,True,0,20,0.0079434227246544,20.99992325012016,0.4803873618856095,0.0046960338771132,23.282687787557016,0.6410598457911542,2.282764537436858,0.1606724839055446,True,20,20
val_images,test001.png,0,upright,0.0,481,321,154401.0,1.0,blur,pnp_hqs,restormer,15.0,fixed15p0,0.2,0.5,0.0,0.15,G16_fixed,True,16,20,0.0079434227246544,20.99992325012016,0.4803873618856095,0.0050678755084922,22.951740620283157,0.6071396477354422,1.9518173701629955,0.1267522858498326,True,20,320
val_images,test001.png,0,rot45_padded,45.0,1000,1000,154360.0,0.1543599963188171,blur,pnp_hqs,restormer,15.0,fixed15p0,0.2,0.5,0.0,0.15,vanilla,False,0,20,0.0089277723657865,20.492568916080103,0.4905917477811609,0.0051826684639904,22.854465721492318,0.6141273342349054,2.361896805412212,0.1235355864537444,True,20,20
val_images,test001.png,0,rot45_padded,45.0,1000,1000,154360.0,0.1543599963188171,blur,pnp_hqs,restormer,15.0,fixed15p0,0.2,0.5,0.0,0.15,G16_fixed,False,16,20,0.0089277723657865,20.492568916080103,0.4905917477811609,0.0058212960374945,22.349803144445204,0.577623230597305,1.857234228365101,0.087031482816144,True,20,320
val_images,test002.png,1,upright,0.0,481,321,154401.0,1.0,blur,pnp_hqs,restormer,15.0,fixed15p0,0.2,0.5,0.0,0.15,vanilla,True,0,20,0.0038893401297342,24.10124075364373,0.7211078012771938,0.001586572323181,27.99540125994985,0.8295352887934664,3.894160506306125,0.1084274875162726,True,20,20
val_images,test002.png,1,upright,0.0,481,321,154401.0,1.0,blur,pnp_hqs,restormer,15.0,fixed15p0,0.2,0.5,0.0,0.15,G16_fixed,True,16,20,0.0038893401297342,24.10124075364373,0.7211078012771938,0.0018807144111179,27.256771476139715,0.797313033513384,3.155530722495985,0.0762052322361902,True,20,320
val_images,test002.png,1,rot45_padded,45.0,1000,1000,154360.0,0.1543599963188171,blur,pnp_hqs,restormer,15.0,fixed15p0,0.2,0.5,0.0,0.15,vanilla,False,0,20,0.0045239676154008,23.4448051261109,0.7165430547907489,0.0018334514522033,27.367305851957877,0.8055594976839855,3.922500725846973,0.0890164428932366,True,20,20
val_images,test002.png,1,rot45_padded,45.0,1000,1000,154360.0,0.1543599963188171,blur,pnp_hqs,restormer,15.0,fixed15p0,0.2,0.5,0.0,0.15,G16_fixed,False,16,20,0.0045239676154008,23.4448051261109,0.7165430547907489,0.0020210469748325,26.94423592138587,0.7933946517070485,3.4994307952749715,0.0768515969162996,True,20,320
val_images,test003.png,2,upright,0.0,481,321,154401.0,1.0,blur,pnp_hqs,restormer,15.0,fixed15p0,0.2,0.5,0.0,0.15,vanilla,True,0,20,0.0047815311646904,23.204330092678724,0.7179322733499135,0.0031663818051038,24.994367187054177,0.7499974700617223,1.790037094375453,0.0320651967118088,True,20,20
val_images,test003.png,2,upright,0.0,481,321,154401.0,1.0,blur,pnp_hqs,restormer,15.0,fixed15p0,0.2,0.5,0.0,0.15,G16_fixed,True,16,20,0.0047815311646904,23.204330092678724,0.7179322733499135,0.0027231397812908,25.649300653492663,0.7936489745046988,2.444970560813939,0.0757167011547853,True,20,320
val_images,test003.png,2,rot45_padded,45.0,1000,1000,154360.0,0.1543599963188171,blur,pnp_hqs,restormer,15.0,fixed15p0,0.2,0.5,0.0,0.15,vanilla,False,0,20,0.0050727316368796,22.94758112589974,0.7207247870238404,0.0029313290357033,25.329354301559025,0.7923936435119202,2.3817731756592835,0.0716688564880798,True,20,20
val_images,test003.png,2,rot45_padded,45.0,1000,1000,154360.0,0.1543599963188171,blur,pnp_hqs,restormer,15.0,fixed15p0,0.2,0.5,0.0,0.15,G16_fixed,False,16,20,0.0050727316368796,22.94758112589974,0.7207247870238404,0.0033161874075694,24.79360934161136,0.7799333740930293,1.846028215711616,0.0592085870691889,True,20,320
val_images,test004.png,3,upright,0.0,321,481,154401.0,1.0,blur,pnp_hqs,restormer,15.0,fixed15p0,0.2,0.5,0.0,0.15,vanilla,True,0,20,0.002024673235702,26.93645058070325,0.7615864595274642,0.0019055789607524,27.19973050823279,0.7769002265205536,0.2632799275295383,0.0153137669930893,True,20,20
val_images,test004.png,3,upright,0.0,321,481,154401.0,1.0,blur,pnp_hqs,restormer,15.0,fixed15p0,0.2,0.5,0.0,0.15,G16_fixed,True,16,20,0.002024673235702,26.93645058070325,0.7615864595274642,0.0011549951925164,29.374198234497065,0.8380111892086192,2.4377476537938136,0.0764247296811549,True,20,320
val_images,test004.png,3,rot45_padded,45.0,1000,1000,154360.0,0.1543599963188171,blur,pnp_hqs,restormer,15.0,fixed15p0,0.2,0.5,0.0,0.15,vanilla,False,0,20,0.0022549900312935,26.46855373681268,0.7687513665295413,0.001214238107745,29.15696141316735,0.8561185094908007,2.688407676354668,0.0873671429612593,True,20,20
val_images,test004.png,3,rot45_padded,45.0,1000,1000,154360.0,0.1543599963188171,blur,pnp_hqs,restormer,15.0,fixed15p0,0.2,0.5,0.0,0.15,G16_fixed,False,16,20,0.0022549900312935,26.46855373681268,0.7687513665295413,0.0014311195130359,28.44324096719112,0.8260961085287639,1.974687230378436,0.0573447419992225,True,20,320
val_images,test005.png,4,upright,0.0,321,481,154401.0,1.0,blur,pnp_hqs,restormer,15.0,fixed15p0,0.2,0.5,0.0,0.15,vanilla,True,0,20,0.0049282229155686,23.073096561983647,0.6259368867429616,0.002610059841642,25.8334953534486,0.7618062605650222,2.760398791464951,0.1358693738220606,True,20,20
val_images,test005.png,4,upright,0.0,321,481,154401.0,1.0,blur,pnp_hqs,restormer,15.0,fixed15p0,0.2,0.5,0.0,0.15,G16_fixed,True,16,20,0.0049282229155686,23.073096561983647,0.6259368867429616,0.0030713513938543,25.12670493006103,0.7196560214959747,2.053608368077384,0.0937191347530131,True,20,320
val_images,test005.png,4,rot45_padded,45.0,1000,1000,154360.0,0.1543599963188171,blur,pnp_hqs,restormer,15.0,fixed15p0,0.2,0.5,0.0,0.15,vanilla,False,0,20,0.005517939527778,22.582230633523444,0.6389666910954911,0.0029392168292668,25.317683743627136,0.760832833959575,2.735453110103691,0.1218661428640839,True,20,20
val_images,test005.png,4,rot45_padded,45.0,1000,1000,154360.0,0.1543599963188171,blur,pnp_hqs,restormer,15.0,fixed15p0,0.2,0.5,0.0,0.15,G16_fixed,False,16,20,0.005517939527778,22.582230633523444,0.6389666910954911,0.0035505667965966,24.49702312582776,0.7010241379729204,1.914792492304315,0.0620574468774293,True,20,320
val_images,test006.png,5,upright,0.0,321,481,154401.0,1.0,blur,pnp_hqs,restormer,15.0,fixed15p0,0.2,0.5,0.0,0.15,vanilla,True,0,20,0.0017023476353527,27.68951748188577,0.8200279325425354,0.0009437913991193,30.25123984751088,0.8400780475838887,2.561722365625112,0.0200501150413533,True,20,20
val_images,test006.png,5,upright,0.0,321,481,154401.0,1.0,blur,pnp_hqs,restormer,15.0,fixed15p0,0.2,0.5,0.0,0.15,G16_fixed,True,16,20,0.0017023476353527,27.68951748188577,0.8200279325425354,0.001007915155408,29.96576024526354,0.8528454317005719,2.2762427633777698,0.0328174991580365,True,20,320
val_images,test006.png,5,rot45_padded,45.0,1000,1000,154360.0,0.1543599963188171,blur,pnp_hqs,restormer,15.0,fixed15p0,0.2,0.5,0.0,0.15,vanilla,False,0,20,0.0025043702057588,26.01301471614077,0.8291036376004146,0.001052293878789,29.77862955892453,0.8362599503595491,3.765614842783759,0.0071563127591345,True,20,20
val_images,test006.png,5,rot45_padded,45.0,1000,1000,154360.0,0.1543599963188171,blur,pnp_hqs,restormer,15.0,fixed15p0,0.2,0.5,0.0,0.15,G16_fixed,False,16,20,0.0025043702057588,26.01301471614077,0.8291036376004146,0.0011535304480496,29.379709375577917,0.8554870716182948,3.366694659437144,0.0263834340178802,True,20,320
val_images,test007.png,6,upright,0.0,321,481,154401.0,1.0,blur,pnp_hqs,restormer,15.0,fixed15p0,0.2,0.5,0.0,0.15,vanilla,True,0,20,0.0053430525466156,22.72210554697312,0.6301132076540955,0.0031150054788343,25.065411851443216,0.7146208877371261,2.343306304470097,0.0845076800830305,True,20,20
val_images,test007.png,6,upright,0.0,321,481,154401.0,1.0,blur,pnp_hqs,restormer,15.0,fixed15p0,0.2,0.5,0.0,0.15,G16_fixed,True,16,20,0.0053430525466156,22.72210554697312,0.6301132076540955,0.0022807814570121,26.41916326543044,0.7823878650397342,3.69705771845732,0.1522746573856387,True,20,320
val_images,test007.png,6,rot45_padded,45.0,1000,1000,154360.0,0.1543599963188171,blur,pnp_hqs,restormer,15.0,fixed15p0,0.2,0.5,0.0,0.15,vanilla,False,0,20,0.0054800072615861,22.61218866029371,0.6381524925498834,0.0027816976095981,25.556900826907327,0.7571687633616222,2.944712166613616,0.1190162708117388,True,20,20
val_images,test007.png,6,rot45_padded,45.0,1000,1000,154360.0,0.1543599963188171,blur,pnp_hqs,restormer,15.0,fixed15p0,0.2,0.5,0.0,0.15,G16_fixed,False,16,20,0.0054800072615861,22.61218866029371,0.6381524925498834,0.0030480702388592,25.15975029459237,0.7475772949598342,2.54756163429866,0.1094248024099507,True,20,320
val_images,test008.png,7,upright,0.0,321,481,154401.0,1.0,blur,pnp_hqs,restormer,15.0,fixed15p0,0.2,0.5,0.0,0.15,vanilla,True,0,20,0.008423827960554,20.744905113079707,0.4940214522574335,0.0053587357921196,22.70937654946154,0.6677738688544763,1.964471436381832,0.1737524165970427,True,20,20
val_images,test008.png,7,upright,0.0,321,481,154401.0,1.0,blur,pnp_hqs,restormer,15.0,fixed15p0,0.2,0.5,0.0,0.15,G16_fixed,True,16,20,0.008423827960554,20.744905113079707,0.4940214522574335,0.0053129715804949,22.74662507159571,0.6494301971813654,2.001719958516002,0.1554087449239318,True,20,320
val_images,test008.png,7,rot45_padded,45.0,1000,1000,154360.0,0.1543599963188171,blur,pnp_hqs,restormer,15.0,fixed15p0,0.2,0.5,0.0,0.15,vanilla,False,0,20,0.0081674394412311,20.879140769855717,0.5165159266487432,0.0055919788575104,22.524344792659345,0.6473877016390257,1.6452040228036324,0.1308717749902824,True,20,20
val_images,test008.png,7,rot45_padded,45.0,1000,1000,154360.0,0.1543599963188171,blur,pnp_hqs,restormer,15.0,fixed15p0,0.2,0.5,0.0,0.15,G16_fixed,False,16,20,0.0081674394412311,20.879140769855717,0.5165159266487432,0.006431398097639,21.91694607155396,0.595653271977844,1.0378053016982491,0.0791373453291007,True,20,320
val_images,test009.png,8,upright,0.0,321,481,154401.0,1.0,blur,pnp_hqs,restormer,15.0,fixed15p0,0.2,0.5,0.0,0.15,vanilla,True,0,20,0.0042869140005165,23.678552287533638,0.6955107459634329,0.0019157354770284,27.17664458095591,0.8130966100446241,3.4980922934222747,0.1175858640811912,True,20,20
val_images,test009.png,8,upright,0.0,321,481,154401.0,1.0,blur,pnp_hqs,restormer,15.0,fixed15p0,0.2,0.5,0.0,0.15,G16_fixed,True,16,20,0.0042869140005165,23.678552287533638,0.6955107459634329,0.0019737781906594,27.04701654090464,0.7989735332025052,3.368464253371002,0.1034627872390723,True,20,320
val_images,test009.png,8,rot45_padded,45.0,1000,1000,154360.0,0.1543599963188171,blur,pnp_hqs,restormer,15.0,fixed15p0,0.2,0.5,0.0,0.15,vanilla,False,0,20,0.0042152837756755,23.751731830649724,0.7033141378109614,0.0021214352953956,26.73370209846544,0.8144381943994559,2.9819702678157114,0.1111240565884944,True,20,20
val_images,test009.png,8,rot45_padded,45.0,1000,1000,154360.0,0.1543599963188171,blur,pnp_hqs,restormer,15.0,fixed15p0,0.2,0.5,0.0,0.15,G16_fixed,False,16,20,0.0042152837756755,23.751731830649724,0.7033141378109614,0.0024876822150102,26.04205098692705,0.7682854305681523,2.2903191562773277,0.0649712927571909,True,20,320
val_images,test010.png,9,upright,0.0,321,481,154401.0,1.0,blur,pnp_hqs,restormer,15.0,fixed15p0,0.2,0.5,0.0,0.15,vanilla,True,0,20,0.0025351892830878,25.95989609690921,0.7128138540229662,0.0022265014336148,26.52377020896196,0.6893162932882559,0.5638741120527477,-0.0234975607347102,True,20,20
val_images,test010.png,9,upright,0.0,321,481,154401.0,1.0,blur,pnp_hqs,restormer,15.0,fixed15p0,0.2,0.5,0.0,0.15,G16_fixed,True,16,20,0.0025351892830878,25.95989609690921,0.7128138540229662,0.0014947532535069,28.25430492613564,0.7866058793336831,2.2944088292264304,0.0737920253107169,True,20,320
val_images,test010.png,9,rot45_padded,45.0,1000,1000,154360.0,0.1543599963188171,blur,pnp_hqs,restormer,15.0,fixed15p0,0.2,0.5,0.0,0.15,vanilla,False,0,20,0.0027874794609344,25.547883239565863,0.7124111755798134,0.001766653424194,27.528486404892533,0.7741647467770147,1.98060316532667,0.0617535711972013,True,20,20
val_images,test010.png,9,rot45_padded,45.0,1000,1000,154360.0,0.1543599963188171,blur,pnp_hqs,restormer,15.0,fixed15p0,0.2,0.5,0.0,0.15,G16_fixed,False,16,20,0.0027874794609344,25.547883239565863,0.7124111755798134,0.0017745953886334,27.50900651349517,0.7834209599313293,1.961123273929303,0.0710097843515159,True,20,320
val_images,test001.png,0,upright,0.0,481,321,154401.0,1.0,blur,red_gd,restormer,15.0,fixed15p0,0.8,3.921568627450981,1.4142135623730951,0.01,vanilla,True,0,20,0.0079434227246544,20.99992325012016,0.4803873618856095,0.0042784224998694,23.687163304934057,0.6864854947506817,2.6872400548138984,0.2060981328650721,True,20,20
val_images,test001.png,0,upright,0.0,481,321,154401.0,1.0,blur,red_gd,restormer,15.0,fixed15p0,0.8,3.921568627450981,1.4142135623730951,0.01,G16_fixed,True,16,20,0.0079434227246544,20.99992325012016,0.4803873618856095,0.0042867293940828,23.67873931083703,0.6849676835804173,2.6788160607168727,0.2045803216948077,True,20,320
val_images,test001.png,0,rot45_padded,45.0,1000,1000,154360.0,0.1543599963188171,blur,red_gd,restormer,15.0,fixed15p0,0.8,3.921568627450981,1.4142135623730951,0.01,vanilla,False,0,20,0.0089277723657865,20.492568916080103,0.4905917477811609,0.0045074767354672,23.46066506132857,0.6941436617323141,2.9680961452484667,0.2035519139511531,True,20,20
val_images,test001.png,0,rot45_padded,45.0,1000,1000,154360.0,0.1543599963188171,blur,red_gd,restormer,15.0,fixed15p0,0.8,3.921568627450981,1.4142135623730951,0.01,G16_fixed,False,16,20,0.0089277723657865,20.492568916080103,0.4905917477811609,0.004512118823666,23.456194720160703,0.6942540975641358,2.9636258040806,0.2036623497829748,True,20,320
val_images,test002.png,1,upright,0.0,481,321,154401.0,1.0,blur,red_gd,restormer,15.0,fixed15p0,0.8,3.921568627450981,1.4142135623730951,0.01,vanilla,True,0,20,0.0038893401297342,24.10124075364373,0.7211078012771938,0.0015895595280372,27.9872320338054,0.8340851297919055,3.8859912801616687,0.1129773285147117,True,20,20
val_images,test002.png,1,upright,0.0,481,321,154401.0,1.0,blur,red_gd,restormer,15.0,fixed15p0,0.8,3.921568627450981,1.4142135623730951,0.01,G16_fixed,True,16,20,0.0038893401297342,24.10124075364373,0.7211078012771938,0.0015684875140019,28.045189341684296,0.8353058250108484,3.9439485880405662,0.1141980237336546,True,20,320
val_images,test002.png,1,rot45_padded,45.0,1000,1000,154360.0,0.1543599963188171,blur,red_gd,restormer,15.0,fixed15p0,0.8,3.921568627450981,1.4142135623730951,0.01,vanilla,False,0,20,0.0045239676154008,23.4448051261109,0.7165430547907489,0.0017730981767965,27.512672167620064,0.829502765450894,4.067867041509164,0.1129597106601451,True,20,20
val_images,test002.png,1,rot45_padded,45.0,1000,1000,154360.0,0.1543599963188171,blur,red_gd,restormer,15.0,fixed15p0,0.8,3.921568627450981,1.4142135623730951,0.01,G16_fixed,False,16,20,0.0045239676154008,23.4448051261109,0.7165430547907489,0.0017712719856256,27.5171474610136,0.829378461874838,4.072342334902697,0.1128354070840891,True,20,320
val_images,test003.png,2,upright,0.0,481,321,154401.0,1.0,blur,red_gd,restormer,15.0,fixed15p0,0.8,3.921568627450981,1.4142135623730951,0.01,vanilla,True,0,20,0.0047815311646904,23.204330092678724,0.7179322733499135,0.0024200749172912,26.161711895308983,0.8229481896976056,2.957381802630259,0.1050159163476921,True,20,20
val_images,test003.png,2,upright,0.0,481,321,154401.0,1.0,blur,red_gd,restormer,15.0,fixed15p0,0.8,3.921568627450981,1.4142135623730951,0.01,G16_fixed,True,16,20,0.0047815311646904,23.204330092678724,0.7179322733499135,0.002413627132409,26.17329820752644,0.8241193993238386,2.968968114847716,0.1061871259739251,True,20,320
val_images,test003.png,2,rot45_padded,45.0,1000,1000,154360.0,0.1543599963188171,blur,red_gd,restormer,15.0,fixed15p0,0.8,3.921568627450981,1.4142135623730951,0.01,vanilla,False,0,20,0.0050727316368796,22.94758112589974,0.7207247870238404,0.0025009141434162,26.01901217378085,0.8228157796708992,3.0714310478811093,0.1020909926470589,True,20,20
val_images,test003.png,2,rot45_padded,45.0,1000,1000,154360.0,0.1543599963188171,blur,red_gd,restormer,15.0,fixed15p0,0.8,3.921568627450981,1.4142135623730951,0.01,G16_fixed,False,16,20,0.0050727316368796,22.94758112589974,0.7207247870238404,0.0025009127594887,26.01901457703104,0.8258018997797357,3.071433451131295,0.1050771127558953,True,20,320
val_images,test004.png,3,upright,0.0,321,481,154401.0,1.0,blur,red_gd,restormer,15.0,fixed15p0,0.8,3.921568627450981,1.4142135623730951,0.01,vanilla,True,0,20,0.002024673235702,26.93645058070325,0.7615864595274642,0.0008483002623912,30.714503986648825,0.8930298581291571,3.778053405945574,0.1314433986016929,True,20,20
val_images,test004.png,3,upright,0.0,321,481,154401.0,1.0,blur,red_gd,restormer,15.0,fixed15p0,0.8,3.921568627450981,1.4142135623730951,0.01,G16_fixed,True,16,20,0.002024673235702,26.93645058070325,0.7615864595274642,0.0008242505801812,30.83940738489413,0.8971904934229701,3.9029568041908815,0.1356040338955059,True,20,320
val_images,test004.png,3,rot45_padded,45.0,1000,1000,154360.0,0.1543599963188171,blur,red_gd,restormer,15.0,fixed15p0,0.8,3.921568627450981,1.4142135623730951,0.01,vanilla,False,0,20,0.0022549900312935,26.46855373681268,0.7687513665295413,0.0009396462342874,30.270356223734524,0.8914872295283752,3.801802486921844,0.1227358629988338,True,20,20
val_images,test004.png,3,rot45_padded,45.0,1000,1000,154360.0,0.1543599963188171,blur,red_gd,restormer,15.0,fixed15p0,0.8,3.921568627450981,1.4142135623730951,0.01,G16_fixed,False,16,20,0.0022549900312935,26.46855373681268,0.7687513665295413,0.0009322324358882,30.30475790394833,0.8947017119072298,3.836204167135655,0.1259503453776884,True,20,320
val_images,test005.png,4,upright,0.0,321,481,154401.0,1.0,blur,red_gd,restormer,15.0,fixed15p0,0.8,3.921568627450981,1.4142135623730951,0.01,vanilla,True,0,20,0.0049282229155686,23.073096561983647,0.6259368867429616,0.0022839523788706,26.413129555090823,0.8087117210218846,3.340032993107176,0.182774834278923,True,20,20
val_images,test005.png,4,upright,0.0,321,481,154401.0,1.0,blur,red_gd,restormer,15.0,fixed15p0,0.8,3.921568627450981,1.4142135623730951,0.01,G16_fixed,True,16,20,0.0049282229155686,23.073096561983647,0.6259368867429616,0.0022959259047236,26.390421318180124,0.8060269505216935,3.317324756196477,0.1800900637787319,True,20,320
val_images,test005.png,4,rot45_padded,45.0,1000,1000,154360.0,0.1543599963188171,blur,red_gd,restormer,15.0,fixed15p0,0.8,3.921568627450981,1.4142135623730951,0.01,vanilla,False,0,20,0.005517939527778,22.582230633523444,0.6389666910954911,0.002733498380789,25.63281179030372,0.8060645062678155,3.050581156780275,0.1670978151723243,True,20,20
val_images,test005.png,4,rot45_padded,45.0,1000,1000,154360.0,0.1543599963188171,blur,red_gd,restormer,15.0,fixed15p0,0.8,3.921568627450981,1.4142135623730951,0.01,G16_fixed,False,16,20,0.005517939527778,22.582230633523444,0.6389666910954911,0.0027394160547229,25.62342003325345,0.8055446176956466,3.041189399730001,0.1665779266001554,True,20,320
val_images,test006.png,5,upright,0.0,321,481,154401.0,1.0,blur,red_gd,restormer,15.0,fixed15p0,0.8,3.921568627450981,1.4142135623730951,0.01,vanilla,True,0,20,0.0017023476353527,27.68951748188577,0.8200279325425354,0.0006269418798196,32.02772718249921,0.8879445809936464,4.338209700613444,0.067916648451111,True,20,20
val_images,test006.png,5,upright,0.0,321,481,154401.0,1.0,blur,red_gd,restormer,15.0,fixed15p0,0.8,3.921568627450981,1.4142135623730951,0.01,G16_fixed,True,16,20,0.0017023476353527,27.68951748188577,0.8200279325425354,0.0006395864322705,31.94100757640834,0.8880468916975927,4.25149009452257,0.0680189591550572,True,20,320
val_images,test006.png,5,rot45_padded,45.0,1000,1000,154360.0,0.1543599963188171,blur,red_gd,restormer,15.0,fixed15p0,0.8,3.921568627450981,1.4142135623730951,0.01,vanilla,False,0,20,0.0025043702057588,26.01301471614077,0.8291036376004146,0.0008838242340285,30.53634094468017,0.8904159715923814,4.5233262285394,0.0613123339919667,True,20,20
val_images,test006.png,5,rot45_padded,45.0,1000,1000,154360.0,0.1543599963188171,blur,red_gd,restormer,15.0,fixed15p0,0.8,3.921568627450981,1.4142135623730951,0.01,G16_fixed,False,16,20,0.0025043702057588,26.01301471614077,0.8291036376004146,0.0008806505917452,30.551963687462838,0.8913146419085255,4.538948971322064,0.0622110043081108,True,20,320
val_images,test007.png,6,upright,0.0,321,481,154401.0,1.0,blur,red_gd,restormer,15.0,fixed15p0,0.8,3.921568627450981,1.4142135623730951,0.01,vanilla,True,0,20,0.0053430525466156,22.72210554697312,0.6301132076540955,0.0018597283754537,27.3055048247881,0.8569476760189377,4.58339927781498,0.2268344683648422,True,20,20
val_images,test007.png,6,upright,0.0,321,481,154401.0,1.0,blur,red_gd,restormer,15.0,fixed15p0,0.8,3.921568627450981,1.4142135623730951,0.01,G16_fixed,True,16,20,0.0053430525466156,22.72210554697312,0.6301132076540955,0.0018590140631932,27.30717324835899,0.8565757750921302,4.585067701385871,0.2264625674380347,True,20,320
val_images,test007.png,6,rot45_padded,45.0,1000,1000,154360.0,0.1543599963188171,blur,red_gd,restormer,15.0,fixed15p0,0.8,3.921568627450981,1.4142135623730951,0.01,vanilla,False,0,20,0.0054800072615861,22.61218866029371,0.6381524925498834,0.0019205234247836,27.165803913406425,0.8557403350932884,4.553615253112714,0.217587842543405,True,20,20
val_images,test007.png,6,rot45_padded,45.0,1000,1000,154360.0,0.1543599963188171,blur,red_gd,restormer,15.0,fixed15p0,0.8,3.921568627450981,1.4142135623730951,0.01,G16_fixed,False,16,20,0.0054800072615861,22.61218866029371,0.6381524925498834,0.0019155454376133,27.17707541895096,0.8570607063034464,4.564886758657245,0.218908213753563,True,20,320
val_images,test008.png,7,upright,0.0,321,481,154401.0,1.0,blur,red_gd,restormer,15.0,fixed15p0,0.8,3.921568627450981,1.4142135623730951,0.01,vanilla,True,0,20,0.008423827960554,20.744905113079707,0.4940214522574335,0.0045945655635528,23.377555467961283,0.7443616277582399,2.6326503548815765,0.2503401755008063,True,20,20
val_images,test008.png,7,upright,0.0,321,481,154401.0,1.0,blur,red_gd,restormer,15.0,fixed15p0,0.8,3.921568627450981,1.4142135623730951,0.01,G16_fixed,True,16,20,0.008423827960554,20.744905113079707,0.4940214522574335,0.0045985110813573,23.373827626277517,0.7434310152622069,2.628922513197807,0.2494095630047733,True,20,320
val_images,test008.png,7,rot45_padded,45.0,1000,1000,154360.0,0.1543599963188171,blur,red_gd,restormer,15.0,fixed15p0,0.8,3.921568627450981,1.4142135623730951,0.01,vanilla,False,0,20,0.0081674394412311,20.879140769855717,0.5165159266487432,0.004659131858966,23.316949983281265,0.7437873011952578,2.4378092134255525,0.2272713745465145,True,20,20
val_images,test008.png,7,rot45_padded,45.0,1000,1000,154360.0,0.1543599963188171,blur,red_gd,restormer,15.0,fixed15p0,0.8,3.921568627450981,1.4142135623730951,0.01,G16_fixed,False,16,20,0.0081674394412311,20.879140769855717,0.5165159266487432,0.0046508476690295,23.32467884866744,0.7449865573982897,2.445538078811726,0.2284706307495464,True,20,320
val_images,test009.png,8,upright,0.0,321,481,154401.0,1.0,blur,red_gd,restormer,15.0,fixed15p0,0.8,3.921568627450981,1.4142135623730951,0.01,vanilla,True,0,20,0.0042869140005165,23.678552287533638,0.6955107459634329,0.0016259260072177,27.888992222033337,0.8541218361603876,4.210439934499703,0.1586110901969547,True,20,20
val_images,test009.png,8,upright,0.0,321,481,154401.0,1.0,blur,red_gd,restormer,15.0,fixed15p0,0.8,3.921568627450981,1.4142135623730951,0.01,G16_fixed,True,16,20,0.0042869140005165,23.678552287533638,0.6955107459634329,0.0016263165664393,27.887949140456406,0.8555209932254325,4.209396852922772,0.1600102472619996,True,20,320
val_images,test009.png,8,rot45_padded,45.0,1000,1000,154360.0,0.1543599963188171,blur,red_gd,restormer,15.0,fixed15p0,0.8,3.921568627450981,1.4142135623730951,0.01,vanilla,False,0,20,0.0042152837756755,23.751731830649724,0.7033141378109614,0.001656965506327,27.806865323578243,0.8521959623607153,4.055133492928519,0.1488818245497538,True,20,20
val_images,test009.png,8,rot45_padded,45.0,1000,1000,154360.0,0.1543599963188171,blur,red_gd,restormer,15.0,fixed15p0,0.8,3.921568627450981,1.4142135623730951,0.01,G16_fixed,False,16,20,0.0042152837756755,23.751731830649724,0.7033141378109614,0.0016522053888839,27.819359656630684,0.8541818840697072,4.06762782598096,0.1508677462587457,True,20,320
val_images,test010.png,9,upright,0.0,321,481,154401.0,1.0,blur,red_gd,restormer,15.0,fixed15p0,0.8,3.921568627450981,1.4142135623730951,0.01,vanilla,True,0,20,0.0025351892830878,25.95989609690921,0.7128138540229662,0.0011194419501361,29.509984223075566,0.8534647605909288,3.550088126166358,0.1406509065679626,True,20,20
val_images,test010.png,9,upright,0.0,321,481,154401.0,1.0,blur,red_gd,restormer,15.0,fixed15p0,0.8,3.921568627450981,1.4142135623730951,0.01,G16_fixed,True,16,20,0.0025351892830878,25.95989609690921,0.7128138540229662,0.0010822490903353,29.65672770552907,0.8610264425100874,3.696831608619864,0.1482125884871212,True,20,320
val_images,test010.png,9,rot45_padded,45.0,1000,1000,154360.0,0.1543599963188171,blur,red_gd,restormer,15.0,fixed15p0,0.8,3.921568627450981,1.4142135623730951,0.01,vanilla,False,0,20,0.0027874794609344,25.547883239565863,0.7124111755798134,0.0011816638156706,29.27506063020057,0.8560345944545219,3.727177390634712,0.1436234188747085,True,20,20
val_images,test010.png,9,rot45_padded,45.0,1000,1000,154360.0,0.1543599963188171,blur,red_gd,restormer,15.0,fixed15p0,0.8,3.921568627450981,1.4142135623730951,0.01,G16_fixed,False,16,20,0.0027874794609344,25.547883239565863,0.7124111755798134,0.0011752679947899,29.298630905092807,0.8588096616675305,3.750747665526944,0.1463984860877171,True,20,320
val_images,test001.png,0,upright,0.0,481,321,154401.0,1.0,inpaint,pnp_hqs,wavelet,15.0,fixed15p0,0.4,0.5,0.0,0.15,vanilla,True,0,20,0.0999886886459608,10.00049127364958,0.1873629911925764,0.0350561466672009,14.552358227870547,0.4518401455463371,4.551866954220968,0.2644771543537606,True,20,20
val_images,test001.png,0,upright,0.0,481,321,154401.0,1.0,inpaint,pnp_hqs,wavelet,15.0,fixed15p0,0.4,0.5,0.0,0.15,G16_fixed,True,16,20,0.0999886886459608,10.00049127364958,0.1873629911925764,0.0100216761000475,19.990596377375468,0.400094963763188,9.990105103725886,0.2127319725706115,True,20,320
val_images,test001.png,0,rot45_padded,45.0,1000,1000,154360.0,0.1543599963188171,inpaint,pnp_hqs,wavelet,15.0,fixed15p0,0.4,0.5,0.0,0.15,vanilla,False,0,20,0.1001781043502202,9.992271906344085,0.1975350717276172,0.0096073210934463,20.173976941758667,0.4492587842543405,10.181705035414584,0.2517237125267232,True,20,20
val_images,test001.png,0,rot45_padded,45.0,1000,1000,154360.0,0.1543599963188171,inpaint,pnp_hqs,wavelet,15.0,fixed15p0,0.4,0.5,0.0,0.15,G16_fixed,False,16,20,0.1001781043502202,9.992271906344085,0.1975350717276172,0.0093838041512636,20.27621064928446,0.4158057361848924,10.28393874294038,0.2182706644572752,True,20,320
val_images,test002.png,1,upright,0.0,481,321,154401.0,1.0,inpaint,pnp_hqs,wavelet,15.0,fixed15p0,0.4,0.5,0.0,0.15,vanilla,True,0,20,0.2216011898400917,6.54427912086212,0.0680886779291423,0.1346515247836801,8.70788724306767,0.1412353223100886,2.1636081222055505,0.0731466443809463,True,20,20
val_images,test002.png,1,upright,0.0,481,321,154401.0,1.0,inpaint,pnp_hqs,wavelet,15.0,fixed15p0,0.4,0.5,0.0,0.15,G16_fixed,True,16,20,0.2216011898400917,6.54427912086212,0.0680886779291423,0.0058121110093401,22.35666099418157,0.667345803297906,15.812381873319454,0.5992571253687637,True,20,320
val_images,test002.png,1,rot45_padded,45.0,1000,1000,154360.0,0.1543599963188171,inpaint,pnp_hqs,wavelet,15.0,fixed15p0,0.4,0.5,0.0,0.15,vanilla,False,0,20,0.2216987429952708,6.542367692750708,0.0768388299875291,0.0071402615727337,21.46285878207845,0.5815828258616221,14.920491089327744,0.504743995874093,True,20,20
val_images,test002.png,1,rot45_padded,45.0,1000,1000,154360.0,0.1543599963188171,inpaint,pnp_hqs,wavelet,15.0,fixed15p0,0.4,0.5,0.0,0.15,G16_fixed,False,16,20,0.2216987429952708,6.542367692750708,0.0768388299875291,0.0050597393256328,22.95871857143484,0.6749436180033688,16.416350878684128,0.5981047880158397,True,20,320
val_images,test003.png,2,upright,0.0,481,321,154401.0,1.0,inpaint,pnp_hqs,wavelet,15.0,fixed15p0,0.4,0.5,0.0,0.15,vanilla,True,0,20,0.1231573574045828,9.095396383537716,0.0752822664786011,0.0438257950533432,13.582701965314223,0.3641283745328722,4.487305581776509,0.288846108054271,True,20,20
val_images,test003.png,2,upright,0.0,481,321,154401.0,1.0,inpaint,pnp_hqs,wavelet,15.0,fixed15p0,0.4,0.5,0.0,0.15,G16_fixed,True,16,20,0.1231573574045828,9.095396383537716,0.0752822664786011,0.0058630248312682,22.31878266473575,0.6674441672981393,13.223386281198035,0.5921619008195381,True,20,320
val_images,test003.png,2,rot45_padded,45.0,1000,1000,154360.0,0.1543599963188171,inpaint,pnp_hqs,wavelet,15.0,fixed15p0,0.4,0.5,0.0,0.15,vanilla,False,0,20,0.1222923355913125,9.126007605819042,0.0865922954052215,0.0059972430424666,22.220483507181097,0.6497438516293081,13.094475901362054,0.5631515562240865,True,20,20
val_images,test003.png,2,rot45_padded,45.0,1000,1000,154360.0,0.1543599963188171,inpaint,pnp_hqs,wavelet,15.0,fixed15p0,0.4,0.5,0.0,0.15,G16_fixed,False,16,20,0.1222923355913125,9.126007605819042,0.0865922954052215,0.00553513067502,22.56872121710241,0.6732402136239959,13.442713611283372,0.5866479182187743,True,20,320
val_images,test004.png,3,upright,0.0,321,481,154401.0,1.0,inpaint,pnp_hqs,wavelet,15.0,fixed15p0,0.4,0.5,0.0,0.15,vanilla,True,0,20,0.0731512551934572,11.35778217468741,0.0838764921069973,0.00312079627037,25.05734581716604,0.6805128670636849,13.699563642478632,0.5966363749566875,True,20,20
val_images,test004.png,3,upright,0.0,321,481,154401.0,1.0,inpaint,pnp_hqs,wavelet,15.0,fixed15p0,0.4,0.5,0.0,0.15,G16_fixed,True,16,20,0.0731512551934572,11.35778217468741,0.0838764921069973,0.0032949852879029,24.82146520188891,0.6448191316766083,13.4636830272015,0.560942639569611,True,20,320
val_images,test004.png,3,rot45_padded,45.0,1000,1000,154360.0,0.1543599963188171,inpaint,pnp_hqs,wavelet,15.0,fixed15p0,0.4,0.5,0.0,0.15,vanilla,False,0,20,0.0728395294482055,11.376328684606964,0.0959549017414647,0.0039256071914629,24.06093159426517,0.5733886086097435,12.684602909658206,0.4774337068682787,True,20,20
val_images,test004.png,3,rot45_padded,45.0,1000,1000,154360.0,0.1543599963188171,inpaint,pnp_hqs,wavelet,15.0,fixed15p0,0.4,0.5,0.0,0.15,G16_fixed,False,16,20,0.0728395294482055,11.376328684606964,0.0959549017414647,0.0030592454533158,25.143856767439544,0.6555017491578129,13.76752808283258,0.5595468474163481,True,20,320
val_images,test005.png,4,upright,0.0,321,481,154401.0,1.0,inpaint,pnp_hqs,wavelet,15.0,fixed15p0,0.4,0.5,0.0,0.15,vanilla,True,0,20,0.2809441810610035,5.513799586189751,0.0517964446574989,0.186572195735455,7.291530773011365,0.0869555345132155,1.7777311868216144,0.0351590898557166,True,20,20
val_images,test005.png,4,upright,0.0,321,481,154401.0,1.0,inpaint,pnp_hqs,wavelet,15.0,fixed15p0,0.4,0.5,0.0,0.15,G16_fixed,True,16,20,0.2809441810610035,5.513799586189751,0.0517964446574989,0.0109976290430437,19.587009334335693,0.5089960051262621,14.073209748145942,0.4571995604687631,True,20,320
val_images,test005.png,4,rot45_padded,45.0,1000,1000,154360.0,0.1543599963188171,inpaint,pnp_hqs,wavelet,15.0,fixed15p0,0.4,0.5,0.0,0.15,vanilla,False,0,20,0.2814709981941565,5.505663467206643,0.061343991926341,0.0301531259616319,15.206676580672903,0.3436371600884296,9.701013113466262,0.2822931681620886,True,20,20
val_images,test005.png,4,rot45_padded,45.0,1000,1000,154360.0,0.1543599963188171,inpaint,pnp_hqs,wavelet,15.0,fixed15p0,0.4,0.5,0.0,0.15,G16_fixed,False,16,20,0.2814709981941565,5.505663467206643,0.061343991926341,0.0104276745576999,19.818125313971315,0.5213621971365638,14.312461846764672,0.4600182052102228,True,20,320
val_images,test006.png,5,upright,0.0,321,481,154401.0,1.0,inpaint,pnp_hqs,wavelet,15.0,fixed15p0,0.4,0.5,0.0,0.15,vanilla,True,0,20,0.2497476386568092,6.024986093008419,0.0362356102170646,0.1558791869466519,8.072118681186561,0.0821311572625825,2.047132588178142,0.0458955470455178,True,20,20
val_images,test006.png,5,upright,0.0,321,481,154401.0,1.0,inpaint,pnp_hqs,wavelet,15.0,fixed15p0,0.4,0.5,0.0,0.15,G16_fixed,True,16,20,0.2497476386568092,6.024986093008419,0.0362356102170646,0.0040960926153226,23.87630232240026,0.762859575067519,17.85131622939184,0.7266239648504543,True,20,320
val_images,test006.png,5,rot45_padded,45.0,1000,1000,154360.0,0.1543599963188171,inpaint,pnp_hqs,wavelet,15.0,fixed15p0,0.4,0.5,0.0,0.15,vanilla,False,0,20,0.2486030525233221,6.044935430881965,0.0464601950189492,0.0062915316638813,22.01243613347247,0.60966419814071,15.967500702590504,0.5632040031217609,True,20,20
val_images,test006.png,5,rot45_padded,45.0,1000,1000,154360.0,0.1543599963188171,inpaint,pnp_hqs,wavelet,15.0,fixed15p0,0.4,0.5,0.0,0.15,G16_fixed,False,16,20,0.2486030525233221,6.044935430881965,0.0464601950189492,0.0033333660994641,24.771169856957066,0.7749205894499871,18.726234426075106,0.7284603944310379,True,20,320
val_images,test007.png,6,upright,0.0,321,481,154401.0,1.0,inpaint,pnp_hqs,wavelet,15.0,fixed15p0,0.4,0.5,0.0,0.15,vanilla,True,0,20,0.0619545200079662,12.079270033652628,0.1499739315159876,0.0055677395274722,22.543210902846145,0.6599080377555845,10.463940869193518,0.5099341062395969,True,20,20
val_images,test007.png,6,upright,0.0,321,481,154401.0,1.0,inpaint,pnp_hqs,wavelet,15.0,fixed15p0,0.4,0.5,0.0,0.15,G16_fixed,True,16,20,0.0619545200079662,12.079270033652628,0.1499739315159876,0.0065479253734492,21.838962788758387,0.5132855660747015,9.75969275510576,0.3633116345587139,True,20,320
val_images,test007.png,6,rot45_padded,45.0,1000,1000,154360.0,0.1543599963188171,inpaint,pnp_hqs,wavelet,15.0,fixed15p0,0.4,0.5,0.0,0.15,vanilla,False,0,20,0.0620886556284821,12.069877435918125,0.1587001115493003,0.0066438649719507,21.7757920261026,0.5260112318605856,9.705914590184475,0.3673111203112853,True,20,20
val_images,test007.png,6,rot45_padded,45.0,1000,1000,154360.0,0.1543599963188171,inpaint,pnp_hqs,wavelet,15.0,fixed15p0,0.4,0.5,0.0,0.15,G16_fixed,False,16,20,0.0620886556284821,12.069877435918125,0.1587001115493003,0.0064828948302416,21.88231023748973,0.5231187949436382,9.812432801571603,0.3644186833943379,True,20,320
val_images,test008.png,7,upright,0.0,321,481,154401.0,1.0,inpaint,pnp_hqs,wavelet,15.0,fixed15p0,0.4,0.5,0.0,0.15,vanilla,True,0,20,0.0564591398776562,12.482657423639672,0.1905611241183671,0.0095882265185802,20.182617144582203,0.5672761692767534,7.69995972094253,0.3767150451583863,True,20,20
val_images,test008.png,7,upright,0.0,321,481,154401.0,1.0,inpaint,pnp_hqs,wavelet,15.0,fixed15p0,0.4,0.5,0.0,0.15,G16_fixed,True,16,20,0.0564591398776562,12.482657423639672,0.1905611241183671,0.0097258203742304,20.120737556603856,0.3847261200137952,7.638080132964184,0.1941649958954281,True,20,320
val_images,test008.png,7,rot45_padded,45.0,1000,1000,154360.0,0.1543599963188171,inpaint,pnp_hqs,wavelet,15.0,fixed15p0,0.4,0.5,0.0,0.15,vanilla,False,0,20,0.0568718089004599,12.451029580851918,0.1977085956732638,0.0097946147221794,20.090126426015885,0.4133739209477844,7.639096845163968,0.2156653252745206,True,20,20
val_images,test008.png,7,rot45_padded,45.0,1000,1000,154360.0,0.1543599963188171,inpaint,pnp_hqs,wavelet,15.0,fixed15p0,0.4,0.5,0.0,0.15,G16_fixed,False,16,20,0.0568718089004599,12.451029580851918,0.1977085956732638,0.0096764755545579,20.14282796196345,0.3901007840842835,7.691798381111537,0.1923921884110197,True,20,320
val_images,test009.png,8,upright,0.0,321,481,154401.0,1.0,inpaint,pnp_hqs,wavelet,15.0,fixed15p0,0.4,0.5,0.0,0.15,vanilla,True,0,20,0.0506282551450848,12.956070399036845,0.1853327536738751,0.0046973280986633,23.28149104184959,0.7080385449252272,10.325420642812746,0.5227057912513521,True,20,20
val_images,test009.png,8,upright,0.0,321,481,154401.0,1.0,inpaint,pnp_hqs,wavelet,15.0,fixed15p0,0.4,0.5,0.0,0.15,G16_fixed,True,16,20,0.0506282551450848,12.956070399036845,0.1853327536738751,0.0052080115568086,22.833280607200763,0.605322595465703,9.877210208163918,0.4199898417918278,True,20,320
val_images,test009.png,8,rot45_padded,45.0,1000,1000,154360.0,0.1543599963188171,inpaint,pnp_hqs,wavelet,15.0,fixed15p0,0.4,0.5,0.0,0.15,vanilla,False,0,20,0.049990921435686,13.011088582314898,0.1941674241626717,0.0052017816888078,22.83847878463795,0.6084515803154963,9.827390202323052,0.4142841561528246,True,20,20
val_images,test009.png,8,rot45_padded,45.0,1000,1000,154360.0,0.1543599963188171,inpaint,pnp_hqs,wavelet,15.0,fixed15p0,0.4,0.5,0.0,0.15,G16_fixed,False,16,20,0.049990921435686,13.011088582314898,0.1941674241626717,0.0051006142170696,22.923775229173003,0.6116950634879502,9.912686646858106,0.4175276393252785,True,20,320
val_images,test010.png,9,upright,0.0,321,481,154401.0,1.0,inpaint,pnp_hqs,wavelet,15.0,fixed15p0,0.4,0.5,0.0,0.15,vanilla,True,0,20,0.0848681330391318,10.712553514903805,0.070367418635161,0.007398013096529,21.30884904198608,0.5859130607962384,10.596295527082274,0.5155456421610773,True,20,20
val_images,test010.png,9,upright,0.0,321,481,154401.0,1.0,inpaint,pnp_hqs,wavelet,15.0,fixed15p0,0.4,0.5,0.0,0.15,G16_fixed,True,16,20,0.0848681330391318,10.712553514903805,0.070367418635161,0.0036458976095776,24.38195532120924,0.6043740710066645,13.669401806305432,0.5340066523715035,True,20,320
val_images,test010.png,9,rot45_padded,45.0,1000,1000,154360.0,0.1543599963188171,inpaint,pnp_hqs,wavelet,15.0,fixed15p0,0.4,0.5,0.0,0.15,vanilla,False,0,20,0.0846225000101224,10.725141484142886,0.081013875083004,0.0047367073211314,23.245234492903077,0.5263670862755895,12.520093008760186,0.4453532111925855,True,20,20
val_images,test010.png,9,rot45_padded,45.0,1000,1000,154360.0,0.1543599963188171,inpaint,pnp_hqs,wavelet,15.0,fixed15p0,0.4,0.5,0.0,0.15,G16_fixed,False,16,20,0.0846225000101224,10.725141484142886,0.081013875083004,0.0035186818981145,24.536199932210625,0.6109033367614667,13.81105844806774,0.5298894616784626,True,20,320
val_images,test001.png,0,upright,0.0,481,321,154401.0,1.0,inpaint,red_gd,wavelet,15.0,fixed5p0,0.8,3.846153846153847,1.4142135623730951,0.02,vanilla,True,0,20,0.0999886886459608,10.00049127364958,0.1873629911925764,0.0993024428881613,10.030400675187323,0.1899112209239253,0.0299094015377416,0.0025482297313489,True,20,20
val_images,test001.png,0,upright,0.0,481,321,154401.0,1.0,inpaint,red_gd,wavelet,15.0,fixed5p0,0.8,3.846153846153847,1.4142135623730951,0.02,G16_fixed,True,16,20,0.0999886886459608,10.00049127364958,0.1873629911925764,0.0979131019836335,10.091591903370778,0.1945240067867112,0.0911006297211969,0.0071610155941347,True,20,320
val_images,test001.png,0,rot45_padded,45.0,1000,1000,154360.0,0.1543599963188171,inpaint,red_gd,wavelet,15.0,fixed5p0,0.8,3.846153846153847,1.4142135623730951,0.02,vanilla,False,0,20,0.1001781043502202,9.992271906344085,0.1975350717276172,0.098470916708506,10.066920190258635,0.203932694877235,0.0746482839145521,0.0063976231496177,True,20,20
val_images,test001.png,0,rot45_padded,45.0,1000,1000,154360.0,0.1543599963188171,inpaint,red_gd,wavelet,15.0,fixed5p0,0.8,3.846153846153847,1.4142135623730951,0.02,G16_fixed,False,16,20,0.1001781043502202,9.992271906344085,0.1975350717276172,0.0981151129057074,10.082640920488362,0.2047508791340049,0.0903690141442794,0.0072158074063876,True,20,320
val_images,test002.png,1,upright,0.0,481,321,154401.0,1.0,inpaint,red_gd,wavelet,15.0,fixed5p0,0.8,3.846153846153847,1.4142135623730951,0.02,vanilla,True,0,20,0.2216011898400917,6.54427912086212,0.0680886779291423,0.2208153151129202,6.559708084864563,0.0685392409618461,0.0154289640024432,0.0004505630327037,True,20,20
val_images,test002.png,1,upright,0.0,481,321,154401.0,1.0,inpaint,red_gd,wavelet,15.0,fixed5p0,0.8,3.846153846153847,1.4142135623730951,0.02,G16_fixed,True,16,20,0.2216011898400917,6.54427912086212,0.0680886779291423,0.2190805617353514,6.593961541854166,0.0695084919402238,0.0496824209920463,0.0014198140110815,True,20,320
val_images,test002.png,1,rot45_padded,45.0,1000,1000,154360.0,0.1543599963188171,inpaint,red_gd,wavelet,15.0,fixed5p0,0.8,3.846153846153847,1.4142135623730951,0.02,vanilla,False,0,20,0.2216987429952708,6.542367692750708,0.0768388299875291,0.219745339628142,6.580803266989854,0.0780457855722823,0.0384355742391457,0.0012069555847531,True,20,20
val_images,test002.png,1,rot45_padded,45.0,1000,1000,154360.0,0.1543599963188171,inpaint,red_gd,wavelet,15.0,fixed5p0,0.8,3.846153846153847,1.4142135623730951,0.02,G16_fixed,False,16,20,0.2216987429952708,6.542367692750708,0.0768388299875291,0.2191891621048199,6.591809235199494,0.0783970469296611,0.0494415424487861,0.001558216942132,True,20,320
val_images,test003.png,2,upright,0.0,481,321,154401.0,1.0,inpaint,red_gd,wavelet,15.0,fixed5p0,0.8,3.846153846153847,1.4142135623730951,0.02,vanilla,True,0,20,0.1231573574045828,9.095396383537716,0.0752822664786011,0.1223818427746581,9.122830116652723,0.0761055400183612,0.0274337331150089,0.0008232735397601,True,20,20
val_images,test003.png,2,upright,0.0,481,321,154401.0,1.0,inpaint,red_gd,wavelet,15.0,fixed5p0,0.8,3.846153846153847,1.4142135623730951,0.02,G16_fixed,True,16,20,0.1231573574045828,9.095396383537716,0.0752822664786011,0.1208241471274473,9.178462617727828,0.0777689681110387,0.0830662341901131,0.0024867016324376,True,20,320
val_images,test003.png,2,rot45_padded,45.0,1000,1000,154360.0,0.1543599963188171,inpaint,red_gd,wavelet,15.0,fixed5p0,0.8,3.846153846153847,1.4142135623730951,0.02,vanilla,False,0,20,0.1222923355913125,9.126007605819042,0.0865922954052215,0.1203389954894402,9.195936180331106,0.088864954236444,0.0699285745120636,0.0022726588312224,True,20,20
val_images,test003.png,2,rot45_padded,45.0,1000,1000,154360.0,0.1543599963188171,inpaint,red_gd,wavelet,15.0,fixed5p0,0.8,3.846153846153847,1.4142135623730951,0.02,G16_fixed,False,16,20,0.1222923355913125,9.126007605819042,0.0865922954052215,0.1199777129154249,9.208994210923263,0.0894120595219778,0.0829866051042227,0.0028197641167562,True,20,320
val_images,test004.png,3,upright,0.0,321,481,154401.0,1.0,inpaint,red_gd,wavelet,15.0,fixed5p0,0.8,3.846153846153847,1.4142135623730951,0.02,vanilla,True,0,20,0.0731512551934572,11.35778217468741,0.0838764921069973,0.0723556655032998,11.405274576273428,0.0851916488963802,0.0474924015860178,0.0013151567893828,True,20,20
val_images,test004.png,3,upright,0.0,321,481,154401.0,1.0,inpaint,red_gd,wavelet,15.0,fixed5p0,0.8,3.846153846153847,1.4142135623730951,0.02,G16_fixed,True,16,20,0.0731512551934572,11.35778217468741,0.0838764921069973,0.0708081655073477,11.4991665713648,0.0879803176367866,0.14138439667739,0.0041038255297893,True,20,320
val_images,test004.png,3,rot45_padded,45.0,1000,1000,154360.0,0.1543599963188171,inpaint,red_gd,wavelet,15.0,fixed5p0,0.8,3.846153846153847,1.4142135623730951,0.02,vanilla,False,0,20,0.0728395294482055,11.376328684606964,0.0959549017414647,0.0708189889908331,11.498502775049966,0.0997199816480143,0.1221740904430017,0.0037650799065496,True,20,20
val_images,test004.png,3,rot45_padded,45.0,1000,1000,154360.0,0.1543599963188171,inpaint,red_gd,wavelet,15.0,fixed5p0,0.8,3.846153846153847,1.4142135623730951,0.02,G16_fixed,False,16,20,0.0728395294482055,11.376328684606964,0.0959549017414647,0.0705236984059179,11.516649204911904,0.1004954112444124,0.1403205203049395,0.0045405095029476,True,20,320
val_images,test005.png,4,upright,0.0,321,481,154401.0,1.0,inpaint,red_gd,wavelet,15.0,fixed5p0,0.8,3.846153846153847,1.4142135623730951,0.02,vanilla,True,0,20,0.2809441810610035,5.513799586189751,0.0517964446574989,0.2801146395991606,5.526641931007845,0.0520017807729548,0.012842344818094,0.0002053361154558,True,20,20
val_images,test005.png,4,upright,0.0,321,481,154401.0,1.0,inpaint,red_gd,wavelet,15.0,fixed5p0,0.8,3.846153846153847,1.4142135623730951,0.02,G16_fixed,True,16,20,0.2809441810610035,5.513799586189751,0.0517964446574989,0.2782019809619108,5.55639781900537,0.0525381023884236,0.0425982328156191,0.0007416577309246,True,20,320
val_images,test005.png,4,rot45_padded,45.0,1000,1000,154360.0,0.1543599963188171,inpaint,red_gd,wavelet,15.0,fixed5p0,0.8,3.846153846153847,1.4142135623730951,0.02,vanilla,False,0,20,0.2814709981941565,5.505663467206643,0.061343991926341,0.2793967834931329,5.537785979327323,0.0619328775872959,0.0321225121206794,0.0005888856609549,True,20,20
val_images,test005.png,4,rot45_padded,45.0,1000,1000,154360.0,0.1543599963188171,inpaint,red_gd,wavelet,15.0,fixed5p0,0.8,3.846153846153847,1.4142135623730951,0.02,G16_fixed,False,16,20,0.2814709981941565,5.505663467206643,0.061343991926341,0.278723565245206,5.548263114327037,0.0621872545308046,0.0425996471203937,0.0008432626044635,True,20,320
val_images,test006.png,5,upright,0.0,321,481,154401.0,1.0,inpaint,red_gd,wavelet,15.0,fixed5p0,0.8,3.846153846153847,1.4142135623730951,0.02,vanilla,True,0,20,0.2497476386568092,6.024986093008419,0.0362356102170646,0.2489176418060764,6.039443220835961,0.0364627923495476,0.0144571278275424,0.0002271821324829,True,20,20
val_images,test006.png,5,upright,0.0,321,481,154401.0,1.0,inpaint,red_gd,wavelet,15.0,fixed5p0,0.8,3.846153846153847,1.4142135623730951,0.02,G16_fixed,True,16,20,0.2497476386568092,6.024986093008419,0.0362356102170646,0.2470469295454692,6.0722053942583445,0.0369741750984449,0.0472193012499255,0.0007385648813802,True,20,320
val_images,test006.png,5,rot45_padded,45.0,1000,1000,154360.0,0.1543599963188171,inpaint,red_gd,wavelet,15.0,fixed5p0,0.8,3.846153846153847,1.4142135623730951,0.02,vanilla,False,0,20,0.2486030525233221,6.044935430881965,0.0464601950189492,0.2465309635349183,6.081285269025706,0.0471027770663951,0.0363498381437406,0.0006425820474459,True,20,20
val_images,test006.png,5,rot45_padded,45.0,1000,1000,154360.0,0.1543599963188171,inpaint,red_gd,wavelet,15.0,fixed5p0,0.8,3.846153846153847,1.4142135623730951,0.02,G16_fixed,False,16,20,0.2486030525233221,6.044935430881965,0.0464601950189492,0.2459327778812516,6.091835847046428,0.0473395820848989,0.0469004161644628,0.0008793870659497,True,20,320
val_images,test007.png,6,upright,0.0,321,481,154401.0,1.0,inpaint,red_gd,wavelet,15.0,fixed5p0,0.8,3.846153846153847,1.4142135623730951,0.02,vanilla,True,0,20,0.0619545200079662,12.079270033652628,0.1499739315159876,0.0612281304545469,12.13049001150085,0.152293935515314,0.0512199778482234,0.0023200039993264,True,20,20
val_images,test007.png,6,upright,0.0,321,481,154401.0,1.0,inpaint,red_gd,wavelet,15.0,fixed5p0,0.8,3.846153846153847,1.4142135623730951,0.02,G16_fixed,True,16,20,0.0619545200079662,12.079270033652628,0.1499739315159876,0.059811712885603,12.232137601006231,0.1573446030951872,0.1528675673536064,0.0073706715791996,True,20,320
val_images,test007.png,6,rot45_padded,45.0,1000,1000,154360.0,0.1543599963188171,inpaint,red_gd,wavelet,15.0,fixed5p0,0.8,3.846153846153847,1.4142135623730951,0.02,vanilla,False,0,20,0.0620886556284821,12.069877435918125,0.1587001115493003,0.0602252154561576,12.2022163763509,0.1649831360132158,0.1323389404327777,0.0062830244639155,True,20,20
val_images,test007.png,6,rot45_padded,45.0,1000,1000,154360.0,0.1543599963188171,inpaint,red_gd,wavelet,15.0,fixed5p0,0.8,3.846153846153847,1.4142135623730951,0.02,G16_fixed,False,16,20,0.0620886556284821,12.069877435918125,0.1587001115493003,0.0599612411732314,12.22129386012108,0.1664677311763086,0.1514164242029565,0.0077676196270083,True,20,320
val_images,test008.png,7,upright,0.0,321,481,154401.0,1.0,inpaint,red_gd,wavelet,15.0,fixed5p0,0.8,3.846153846153847,1.4142135623730951,0.02,vanilla,True,0,20,0.0564591398776562,12.482657423639672,0.1905611241183671,0.0557777073274298,12.535393408320544,0.1936465356441992,0.0527359846808721,0.003085411525832,True,20,20
val_images,test008.png,7,upright,0.0,321,481,154401.0,1.0,inpaint,red_gd,wavelet,15.0,fixed5p0,0.8,3.846153846153847,1.4142135623730951,0.02,G16_fixed,True,16,20,0.0564591398776562,12.482657423639672,0.1905611241183671,0.0544632019971535,12.638968292315347,0.2003132265982733,0.1563108686756766,0.0097521024799062,True,20,320
val_images,test008.png,7,rot45_padded,45.0,1000,1000,154360.0,0.1543599963188171,inpaint,red_gd,wavelet,15.0,fixed5p0,0.8,3.846153846153847,1.4142135623730951,0.02,vanilla,False,0,20,0.0568718089004599,12.451029580851918,0.1977085956732638,0.0551142810941144,12.58735853112832,0.2060617479026302,0.1363289502764022,0.0083531522293664,True,20,20
val_images,test008.png,7,rot45_padded,45.0,1000,1000,154360.0,0.1543599963188171,inpaint,red_gd,wavelet,15.0,fixed5p0,0.8,3.846153846153847,1.4142135623730951,0.02,G16_fixed,False,16,20,0.0568718089004599,12.451029580851918,0.1977085956732638,0.0548797694411602,12.605877218392454,0.2078140057131057,0.1548476375405361,0.0101054100398419,True,20,320
val_images,test009.png,8,upright,0.0,321,481,154401.0,1.0,inpaint,red_gd,wavelet,15.0,fixed5p0,0.8,3.846153846153847,1.4142135623730951,0.02,vanilla,True,0,20,0.0506282551450848,12.956070399036845,0.1853327536738751,0.0499791583684691,13.012110615150354,0.1906381733886114,0.0560402161135087,0.0053054197147363,True,20,20
val_images,test009.png,8,upright,0.0,321,481,154401.0,1.0,inpaint,red_gd,wavelet,15.0,fixed5p0,0.8,3.846153846153847,1.4142135623730951,0.02,G16_fixed,True,16,20,0.0506282551450848,12.956070399036845,0.1853327536738751,0.0487214975888676,13.122793709378772,0.2012510114693234,0.1667233103419274,0.0159182577954482,True,20,320
val_images,test009.png,8,rot45_padded,45.0,1000,1000,154360.0,0.1543599963188171,inpaint,red_gd,wavelet,15.0,fixed5p0,0.8,3.846153846153847,1.4142135623730951,0.02,vanilla,False,0,20,0.049990921435686,13.011088582314898,0.1941674241626717,0.0482993381694982,13.160588202071654,0.2086567115833117,0.1494996197567566,0.01448928742064,True,20,20
val_images,test009.png,8,rot45_padded,45.0,1000,1000,154360.0,0.1543599963188171,inpaint,red_gd,wavelet,15.0,fixed5p0,0.8,3.846153846153847,1.4142135623730951,0.02,G16_fixed,False,16,20,0.049990921435686,13.011088582314898,0.1941674241626717,0.0480882283349394,13.179612228956866,0.2105414088818346,0.1685236466419688,0.0163739847191629,True,20,320
val_images,test010.png,9,upright,0.0,321,481,154401.0,1.0,inpaint,red_gd,wavelet,15.0,fixed5p0,0.8,3.846153846153847,1.4142135623730951,0.02,vanilla,True,0,20,0.0848681330391318,10.712553514903805,0.070367418635161,0.0840552385711556,10.75435214864016,0.0712324804304214,0.0417986337363558,0.0008650617952603,True,20,20
val_images,test010.png,9,upright,0.0,321,481,154401.0,1.0,inpaint,red_gd,wavelet,15.0,fixed5p0,0.8,3.846153846153847,1.4142135623730951,0.02,G16_fixed,True,16,20,0.0848681330391318,10.712553514903805,0.070367418635161,0.0824767152070744,10.83668643988474,0.0731324957011288,0.1241329249809357,0.0027650770659678,True,20,320
val_images,test010.png,9,rot45_padded,45.0,1000,1000,154360.0,0.1543599963188171,inpaint,red_gd,wavelet,15.0,fixed5p0,0.8,3.846153846153847,1.4142135623730951,0.02,vanilla,False,0,20,0.0846225000101224,10.725141484142886,0.081013875083004,0.0825562440783719,10.832500736279876,0.0834717176466539,0.1073592521369892,0.0024578425636499,True,20,20
val_images,test010.png,9,rot45_padded,45.0,1000,1000,154360.0,0.1543599963188171,inpaint,red_gd,wavelet,15.0,fixed5p0,0.8,3.846153846153847,1.4142135623730951,0.02,G16_fixed,False,16,20,0.0846225000101224,10.725141484142886,0.081013875083004,0.082249401257612,10.84867254854725,0.0841237357071132,0.1235310644043643,0.0031098606241092,True,20,320
val_images,test001.png,0,upright,0.0,481,321,154401.0,1.0,blur,pnp_hqs,wavelet,15.0,fixed3p0,0.4,0.5,0.0,0.15,vanilla,True,0,20,0.0079434227246544,20.99992325012016,0.4803873618856095,0.0054882322640701,22.60567517405257,0.6311976403974068,1.605751923932413,0.1508102785117972,True,20,20
val_images,test001.png,0,upright,0.0,481,321,154401.0,1.0,blur,pnp_hqs,wavelet,15.0,fixed3p0,0.4,0.5,0.0,0.15,G16_fixed,True,16,20,0.0079434227246544,20.99992325012016,0.4803873618856095,0.004992199915672,23.0170803139158,0.6327104928886471,2.0171570637956435,0.1523231310030375,True,20,320
val_images,test001.png,0,rot45_padded,45.0,1000,1000,154360.0,0.1543599963188171,blur,pnp_hqs,wavelet,15.0,fixed3p0,0.4,0.5,0.0,0.15,vanilla,False,0,20,0.0089277723657865,20.492568916080103,0.4905917477811609,0.0061088362330752,22.14041517366772,0.6327486780091993,1.6478462575876165,0.1421569302280383,True,20,20
val_images,test001.png,0,rot45_padded,45.0,1000,1000,154360.0,0.1543599963188171,blur,pnp_hqs,wavelet,15.0,fixed3p0,0.4,0.5,0.0,0.15,G16_fixed,False,16,20,0.0089277723657865,20.492568916080103,0.4905917477811609,0.005854544302255,22.32506903276168,0.6080523006284011,1.832500116681576,0.1174605528472401,True,20,320
val_images,test002.png,1,upright,0.0,481,321,154401.0,1.0,blur,pnp_hqs,wavelet,15.0,fixed3p0,0.4,0.5,0.0,0.15,vanilla,True,0,20,0.0038893401297342,24.10124075364373,0.7211078012771938,0.0022796605757643,26.42129811353116,0.8062567701148309,2.320057359887429,0.0851489688376371,True,20,20
val_images,test002.png,1,upright,0.0,481,321,154401.0,1.0,blur,pnp_hqs,wavelet,15.0,fixed3p0,0.4,0.5,0.0,0.15,G16_fixed,True,16,20,0.0038893401297342,24.10124075364373,0.7211078012771938,0.0019430874698836,27.115076487914948,0.8131571767669898,3.0138357342712183,0.092049375489796,True,20,320
val_images,test002.png,1,rot45_padded,45.0,1000,1000,154360.0,0.1543599963188171,blur,pnp_hqs,wavelet,15.0,fixed3p0,0.4,0.5,0.0,0.15,vanilla,False,0,20,0.0045239676154008,23.4448051261109,0.7165430547907489,0.0027308313548178,25.637051193159625,0.7952776281905934,2.1922460670487247,0.0787345733998445,True,20,20
val_images,test002.png,1,rot45_padded,45.0,1000,1000,154360.0,0.1543599963188171,blur,pnp_hqs,wavelet,15.0,fixed3p0,0.4,0.5,0.0,0.15,G16_fixed,False,16,20,0.0045239676154008,23.4448051261109,0.7165430547907489,0.0027212280842824,25.65235055576393,0.7802543060864213,2.207545429653031,0.0637112512956724,True,20,320
val_images,test003.png,2,upright,0.0,481,321,154401.0,1.0,blur,pnp_hqs,wavelet,15.0,fixed3p0,0.4,0.5,0.0,0.15,vanilla,True,0,20,0.0047815311646904,23.204330092678724,0.7179322733499135,0.0031082295925817,25.07486909076837,0.7989502071715857,1.8705389980896496,0.0810179338216722,True,20,20
val_images,test003.png,2,upright,0.0,481,321,154401.0,1.0,blur,pnp_hqs,wavelet,15.0,fixed3p0,0.4,0.5,0.0,0.15,G16_fixed,True,16,20,0.0047815311646904,23.204330092678724,0.7179322733499135,0.003298615156377,24.81668349871808,0.782747419867747,1.6123534060393538,0.0648151465178334,True,20,320
val_images,test003.png,2,rot45_padded,45.0,1000,1000,154360.0,0.1543599963188171,blur,pnp_hqs,wavelet,15.0,fixed3p0,0.4,0.5,0.0,0.15,vanilla,False,0,20,0.0050727316368796,22.94758112589974,0.7207247870238404,0.0035207850724868,24.533604857738872,0.7899119246404509,1.5860237318391306,0.0691871376166105,True,20,20
val_images,test003.png,2,rot45_padded,45.0,1000,1000,154360.0,0.1543599963188171,blur,pnp_hqs,wavelet,15.0,fixed3p0,0.4,0.5,0.0,0.15,G16_fixed,False,16,20,0.0050727316368796,22.94758112589974,0.7207247870238404,0.0034857068601807,24.577091388436312,0.7844840693022804,1.62951026253657,0.06375928227844,True,20,320
val_images,test004.png,3,upright,0.0,321,481,154401.0,1.0,blur,pnp_hqs,wavelet,15.0,fixed3p0,0.4,0.5,0.0,0.15,vanilla,True,0,20,0.002024673235702,26.93645058070325,0.7615864595274642,0.0012395213198025,29.06745998954281,0.8502649958549491,2.13100940883956,0.0886785363274849,True,20,20
val_images,test004.png,3,upright,0.0,321,481,154401.0,1.0,blur,pnp_hqs,wavelet,15.0,fixed3p0,0.4,0.5,0.0,0.15,G16_fixed,True,16,20,0.002024673235702,26.93645058070325,0.7615864595274642,0.0014723344426416,28.31993528248467,0.8277196532891626,1.3834847017814198,0.0661331937616984,True,20,320
val_images,test004.png,3,rot45_padded,45.0,1000,1000,154360.0,0.1543599963188171,blur,pnp_hqs,wavelet,15.0,fixed3p0,0.4,0.5,0.0,0.15,vanilla,False,0,20,0.0022549900312935,26.46855373681268,0.7687513665295413,0.0015477480249535,28.102997415081155,0.8267523969940399,1.6344436782684753,0.0580010304644985,True,20,20
val_images,test004.png,3,rot45_padded,45.0,1000,1000,154360.0,0.1543599963188171,blur,pnp_hqs,wavelet,15.0,fixed3p0,0.4,0.5,0.0,0.15,G16_fixed,False,16,20,0.0022549900312935,26.46855373681268,0.7687513665295413,0.001417064642035,28.48610338151412,0.8403368647155999,2.01754964470144,0.0715854981860585,True,20,320
val_images,test005.png,4,upright,0.0,321,481,154401.0,1.0,blur,pnp_hqs,wavelet,15.0,fixed3p0,0.4,0.5,0.0,0.15,vanilla,True,0,20,0.0049282229155686,23.073096561983647,0.6259368867429616,0.0031490297885938,25.01823231087584,0.7581470084390645,1.9451357488921917,0.1322101216961029,True,20,20
val_images,test005.png,4,upright,0.0,321,481,154401.0,1.0,blur,pnp_hqs,wavelet,15.0,fixed3p0,0.4,0.5,0.0,0.15,G16_fixed,True,16,20,0.0049282229155686,23.073096561983647,0.6259368867429616,0.0030989257445658,25.08788830056828,0.7554386589141262,2.0147917385846306,0.1295017721711646,True,20,320
val_images,test005.png,4,rot45_padded,45.0,1000,1000,154360.0,0.1543599963188171,blur,pnp_hqs,wavelet,15.0,fixed3p0,0.4,0.5,0.0,0.15,vanilla,False,0,20,0.005517939527778,22.582230633523444,0.6389666910954911,0.0040537371293162,23.921444172090904,0.7480805827286862,1.33921353856746,0.109113891633195,True,20,20
val_images,test005.png,4,rot45_padded,45.0,1000,1000,154360.0,0.1543599963188171,blur,pnp_hqs,wavelet,15.0,fixed3p0,0.4,0.5,0.0,0.15,G16_fixed,False,16,20,0.005517939527778,22.582230633523444,0.6389666910954911,0.003591200093835,24.447603962586548,0.7447374441241255,1.865373329063104,0.1057707530286343,True,20,320
val_images,test006.png,5,upright,0.0,321,481,154401.0,1.0,blur,pnp_hqs,wavelet,15.0,fixed3p0,0.4,0.5,0.0,0.15,vanilla,True,0,20,0.0017023476353527,27.68951748188577,0.8200279325425354,0.0008434130343583,30.73959691551913,0.863412275503397,3.050079433633357,0.0433843429608616,True,20,20
val_images,test006.png,5,upright,0.0,321,481,154401.0,1.0,blur,pnp_hqs,wavelet,15.0,fixed3p0,0.4,0.5,0.0,0.15,G16_fixed,True,16,20,0.0017023476353527,27.68951748188577,0.8200279325425354,0.000960326423452,30.17581121327243,0.8681458912183211,2.4862937313866595,0.0481179586757857,True,20,320
val_images,test006.png,5,rot45_padded,45.0,1000,1000,154360.0,0.1543599963188171,blur,pnp_hqs,wavelet,15.0,fixed3p0,0.4,0.5,0.0,0.15,vanilla,False,0,20,0.0025043702057588,26.01301471614077,0.8291036376004146,0.0014671421569998,28.335278036690053,0.851291421028764,2.322263320549282,0.0221877834283493,True,20,20
val_images,test006.png,5,rot45_padded,45.0,1000,1000,154360.0,0.1543599963188171,blur,pnp_hqs,wavelet,15.0,fixed3p0,0.4,0.5,0.0,0.15,G16_fixed,False,16,20,0.0025043702057588,26.01301471614077,0.8291036376004146,0.0014034531220897,28.52802089020088,0.8625515232249288,2.515006174060108,0.0334478856245141,True,20,320
val_images,test007.png,6,upright,0.0,321,481,154401.0,1.0,blur,pnp_hqs,wavelet,15.0,fixed3p0,0.4,0.5,0.0,0.15,vanilla,True,0,20,0.0053430525466156,22.72210554697312,0.6301132076540955,0.0029162053007975,25.351819049545597,0.7958674267815623,2.629713502572475,0.1657542191274668,True,20,20
val_images,test007.png,6,upright,0.0,321,481,154401.0,1.0,blur,pnp_hqs,wavelet,15.0,fixed3p0,0.4,0.5,0.0,0.15,G16_fixed,True,16,20,0.0053430525466156,22.72210554697312,0.6301132076540955,0.0032164818961032,24.92618888673561,0.7499565356603908,2.204083339762491,0.1198433280062952,True,20,320
val_images,test007.png,6,rot45_padded,45.0,1000,1000,154360.0,0.1543599963188171,blur,pnp_hqs,wavelet,15.0,fixed3p0,0.4,0.5,0.0,0.15,vanilla,False,0,20,0.0054800072615861,22.61218866029371,0.6381524925498834,0.0032385211993017,24.896532557168847,0.780525941791915,2.284343896875136,0.1423734492420316,True,20,20
val_images,test007.png,6,rot45_padded,45.0,1000,1000,154360.0,0.1543599963188171,blur,pnp_hqs,wavelet,15.0,fixed3p0,0.4,0.5,0.0,0.15,G16_fixed,False,16,20,0.0054800072615861,22.61218866029371,0.6381524925498834,0.0032463710337112,24.886018453586217,0.7571276662509717,2.2738297932925065,0.1189751737010883,True,20,320
val_images,test008.png,7,upright,0.0,321,481,154401.0,1.0,blur,pnp_hqs,wavelet,15.0,fixed3p0,0.4,0.5,0.0,0.15,vanilla,True,0,20,0.008423827960554,20.744905113079707,0.4940214522574335,0.0057644536923386,22.392418452895058,0.6863854103924197,1.647513339815351,0.1923639581349862,True,20,20
val_images,test008.png,7,upright,0.0,321,481,154401.0,1.0,blur,pnp_hqs,wavelet,15.0,fixed3p0,0.4,0.5,0.0,0.15,G16_fixed,True,16,20,0.008423827960554,20.744905113079707,0.4940214522574335,0.0064452478284527,21.9076037878223,0.606919745500353,1.1626986747425931,0.1128982932429194,True,20,320
val_images,test008.png,7,rot45_padded,45.0,1000,1000,154360.0,0.1543599963188171,blur,pnp_hqs,wavelet,15.0,fixed3p0,0.4,0.5,0.0,0.15,vanilla,False,0,20,0.0081674394412311,20.879140769855717,0.5165159266487432,0.0061186304856038,22.133457737863385,0.6734562265159367,1.2543169680076716,0.1569402998671935,True,20,20
val_images,test008.png,7,rot45_padded,45.0,1000,1000,154360.0,0.1543599963188171,blur,pnp_hqs,wavelet,15.0,fixed3p0,0.4,0.5,0.0,0.15,G16_fixed,False,16,20,0.0081674394412311,20.879140769855717,0.5165159266487432,0.0064477707506245,21.90590412193764,0.614341120189816,1.0267633520819253,0.0978251935410727,True,20,320
val_images,test009.png,8,upright,0.0,321,481,154401.0,1.0,blur,pnp_hqs,wavelet,15.0,fixed3p0,0.4,0.5,0.0,0.15,vanilla,True,0,20,0.0042869140005165,23.678552287533638,0.6955107459634329,0.0024597905999181,26.091018624782517,0.8104447793408074,2.41246633724888,0.1149340333773745,True,20,20
val_images,test009.png,8,upright,0.0,321,481,154401.0,1.0,blur,pnp_hqs,wavelet,15.0,fixed3p0,0.4,0.5,0.0,0.15,G16_fixed,True,16,20,0.0042869140005165,23.678552287533638,0.6955107459634329,0.0025957716199164,25.85733520104769,0.7806094702268768,2.1787829135140555,0.0850987242634438,True,20,320
val_images,test009.png,8,rot45_padded,45.0,1000,1000,154360.0,0.1543599963188171,blur,pnp_hqs,wavelet,15.0,fixed3p0,0.4,0.5,0.0,0.15,vanilla,False,0,20,0.0042152837756755,23.751731830649724,0.7033141378109614,0.0026452532331076,25.77532746132772,0.800291576914356,2.0235956306779954,0.0969774391033946,True,20,20
val_images,test009.png,8,rot45_padded,45.0,1000,1000,154360.0,0.1543599963188171,blur,pnp_hqs,wavelet,15.0,fixed3p0,0.4,0.5,0.0,0.15,G16_fixed,False,16,20,0.0042152837756755,23.751731830649724,0.7033141378109614,0.0025795708483567,25.884525396542767,0.7882614606277533,2.132793565893042,0.0849473228167918,True,20,320
val_images,test010.png,9,upright,0.0,321,481,154401.0,1.0,blur,pnp_hqs,wavelet,15.0,fixed3p0,0.4,0.5,0.0,0.15,vanilla,True,0,20,0.0025351892830878,25.95989609690921,0.7128138540229662,0.0015637456585942,28.058338830226862,0.8165829155899249,2.0984427333176576,0.1037690615669587,True,20,20
val_images,test010.png,9,upright,0.0,321,481,154401.0,1.0,blur,pnp_hqs,wavelet,15.0,fixed3p0,0.4,0.5,0.0,0.15,G16_fixed,True,16,20,0.0025351892830878,25.95989609690921,0.7128138540229662,0.0017608848728564,27.542690373987707,0.7814464750066386,1.5827942770784986,0.0686326209836724,True,20,320
val_images,test010.png,9,rot45_padded,45.0,1000,1000,154360.0,0.1543599963188171,blur,pnp_hqs,wavelet,15.0,fixed3p0,0.4,0.5,0.0,0.15,vanilla,False,0,20,0.0027874794609344,25.547883239565863,0.7124111755798134,0.0018131294655781,27.41571184222897,0.7984272763345426,1.8678286026631064,0.0860161007547292,True,20,20
val_images,test010.png,9,rot45_padded,45.0,1000,1000,154360.0,0.1543599963188171,blur,pnp_hqs,wavelet,15.0,fixed3p0,0.4,0.5,0.0,0.15,G16_fixed,False,16,20,0.0027874794609344,25.547883239565863,0.7124111755798134,0.0017428212043503,27.587471647815462,0.7963273759393625,2.039588408249603,0.0839162003595491,True,20,320
val_images,test001.png,0,upright,0.0,481,321,154401.0,1.0,blur,red_gd,wavelet,15.0,fixed3p25,0.8,3.960396039603961,1.4142135623730951,0.005,vanilla,True,0,20,0.0079434227246544,20.99992325012016,0.4803873618856095,0.0042816849343389,23.68385293209777,0.6884272223787411,2.683929681977613,0.2080398604931315,True,20,20
val_images,test001.png,0,upright,0.0,481,321,154401.0,1.0,blur,red_gd,wavelet,15.0,fixed3p25,0.8,3.960396039603961,1.4142135623730951,0.005,G16_fixed,True,16,20,0.0079434227246544,20.99992325012016,0.4803873618856095,0.004281429568694,23.68411195909184,0.6882993592981911,2.684188708971682,0.2079119974125815,True,20,320
val_images,test001.png,0,rot45_padded,45.0,1000,1000,154360.0,0.1543599963188171,blur,red_gd,wavelet,15.0,fixed3p25,0.8,3.960396039603961,1.4142135623730951,0.005,vanilla,False,0,20,0.0089277723657865,20.492568916080103,0.4905917477811609,0.0045003095727165,23.467576104250465,0.6993786339563358,2.975007188170359,0.2087868861751748,True,20,20
val_images,test001.png,0,rot45_padded,45.0,1000,1000,154360.0,0.1543599963188171,blur,red_gd,wavelet,15.0,fixed3p25,0.8,3.960396039603961,1.4142135623730951,0.005,G16_fixed,False,16,20,0.0089277723657865,20.492568916080103,0.4905917477811609,0.0044917339671921,23.475859736932687,0.6998544899099508,2.9832908208525843,0.2092627421287898,True,20,320
val_images,test002.png,1,upright,0.0,481,321,154401.0,1.0,blur,red_gd,wavelet,15.0,fixed3p25,0.8,3.960396039603961,1.4142135623730951,0.005,vanilla,True,0,20,0.0038893401297342,24.10124075364373,0.7211078012771938,0.0016190900349311,27.9072900017402,0.8229570950803428,3.806049248096468,0.101849293803149,True,20,20
val_images,test002.png,1,upright,0.0,481,321,154401.0,1.0,blur,red_gd,wavelet,15.0,fixed3p25,0.8,3.960396039603961,1.4142135623730951,0.005,G16_fixed,True,16,20,0.0038893401297342,24.10124075364373,0.7211078012771938,0.0016125155554836,27.924960871558792,0.8240839801879521,3.8237201179150624,0.1029761789107583,True,20,320
val_images,test002.png,1,rot45_padded,45.0,1000,1000,154360.0,0.1543599963188171,blur,red_gd,wavelet,15.0,fixed3p25,0.8,3.960396039603961,1.4142135623730951,0.005,vanilla,False,0,20,0.0045239676154008,23.4448051261109,0.7165430547907489,0.0018447648617046,27.340589822269003,0.8190083753077222,3.895784696158103,0.1024653205169733,True,20,20
val_images,test002.png,1,rot45_padded,45.0,1000,1000,154360.0,0.1543599963188171,blur,red_gd,wavelet,15.0,fixed3p25,0.8,3.960396039603961,1.4142135623730951,0.005,G16_fixed,False,16,20,0.0045239676154008,23.4448051261109,0.7165430547907489,0.0018381115314595,27.356281403776123,0.8198751093223633,3.911476277665223,0.1033320545316144,True,20,320
val_images,test003.png,2,upright,0.0,481,321,154401.0,1.0,blur,red_gd,wavelet,15.0,fixed3p25,0.8,3.960396039603961,1.4142135623730951,0.005,vanilla,True,0,20,0.0047815311646904,23.204330092678724,0.7179322733499135,0.0024397250269539,26.126591187456896,0.8124013830059391,2.922261094778172,0.0944691096560256,True,20,20
val_images,test003.png,2,upright,0.0,481,321,154401.0,1.0,blur,red_gd,wavelet,15.0,fixed3p25,0.8,3.960396039603961,1.4142135623730951,0.005,G16_fixed,True,16,20,0.0047815311646904,23.204330092678724,0.7179322733499135,0.002435541932133,26.134043888853757,0.8148677692340075,2.929713796175029,0.096935495884094,True,20,320
val_images,test003.png,2,rot45_padded,45.0,1000,1000,154360.0,0.1543599963188171,blur,red_gd,wavelet,15.0,fixed3p25,0.8,3.960396039603961,1.4142135623730951,0.005,vanilla,False,0,20,0.0050727316368796,22.94758112589974,0.7207247870238404,0.002567133689736,25.90551513797275,0.8189871181815237,2.9579340120730078,0.0982623311576833,True,20,20
val_images,test003.png,2,rot45_padded,45.0,1000,1000,154360.0,0.1543599963188171,blur,red_gd,wavelet,15.0,fixed3p25,0.8,3.960396039603961,1.4142135623730951,0.005,G16_fixed,False,16,20,0.0050727316368796,22.94758112589974,0.7207247870238404,0.0025108337402343,26.001820439933063,0.8214639782812905,3.0542393140333246,0.1007391912574501,True,20,320
val_images,test004.png,3,upright,0.0,321,481,154401.0,1.0,blur,red_gd,wavelet,15.0,fixed3p25,0.8,3.960396039603961,1.4142135623730951,0.005,vanilla,True,0,20,0.002024673235702,26.93645058070325,0.7615864595274642,0.0008399460306609,30.757486179132822,0.8909598626304234,3.8210355984295754,0.1293734031029592,True,20,20
val_images,test004.png,3,upright,0.0,321,481,154401.0,1.0,blur,red_gd,wavelet,15.0,fixed3p25,0.8,3.960396039603961,1.4142135623730951,0.005,G16_fixed,True,16,20,0.002024673235702,26.93645058070325,0.7615864595274642,0.0008457987859193,30.727329425858137,0.8910876751122079,3.790878845154886,0.1295012155847437,True,20,320
val_images,test004.png,3,rot45_padded,45.0,1000,1000,154360.0,0.1543599963188171,blur,red_gd,wavelet,15.0,fixed3p25,0.8,3.960396039603961,1.4142135623730951,0.005,vanilla,False,0,20,0.0022549900312935,26.46855373681268,0.7687513665295413,0.0009695105986386,30.13447438874998,0.8892531055649132,3.665920651937298,0.1205017390353718,True,20,20
val_images,test004.png,3,rot45_padded,45.0,1000,1000,154360.0,0.1543599963188171,blur,red_gd,wavelet,15.0,fixed3p25,0.8,3.960396039603961,1.4142135623730951,0.005,G16_fixed,False,16,20,0.0022549900312935,26.46855373681268,0.7687513665295413,0.0009504502596216,30.220706063494017,0.8913252704716248,3.752152326681337,0.1225739039420834,True,20,320
val_images,test005.png,4,upright,0.0,321,481,154401.0,1.0,blur,red_gd,wavelet,15.0,fixed3p25,0.8,3.960396039603961,1.4142135623730951,0.005,vanilla,True,0,20,0.0049282229155686,23.073096561983647,0.6259368867429616,0.002290221091559,26.40122590057817,0.8051240155504175,3.328129338594522,0.1791871288074559,True,20,20
val_images,test005.png,4,upright,0.0,321,481,154401.0,1.0,blur,red_gd,wavelet,15.0,fixed3p25,0.8,3.960396039603961,1.4142135623730951,0.005,G16_fixed,True,16,20,0.0049282229155686,23.073096561983647,0.6259368867429616,0.0022888531460263,26.40382070984864,0.8048233070867417,3.3307241478649914,0.1788864203437801,True,20,320
val_images,test005.png,4,rot45_padded,45.0,1000,1000,154360.0,0.1543599963188171,blur,red_gd,wavelet,15.0,fixed3p25,0.8,3.960396039603961,1.4142135623730951,0.005,vanilla,False,0,20,0.005517939527778,22.582230633523444,0.6389666910954911,0.0027940766432644,25.537616850900235,0.8026818901431718,2.955386217376791,0.1637151990476807,True,20,20
val_images,test005.png,4,rot45_padded,45.0,1000,1000,154360.0,0.1543599963188171,blur,red_gd,wavelet,15.0,fixed3p25,0.8,3.960396039603961,1.4142135623730951,0.005,G16_fixed,False,16,20,0.005517939527778,22.582230633523444,0.6389666910954911,0.0027862359032355,25.549821157885138,0.8034591417789583,2.967590524361693,0.1644924506834671,True,20,320
val_images,test006.png,5,upright,0.0,321,481,154401.0,1.0,blur,red_gd,wavelet,15.0,fixed3p25,0.8,3.960396039603961,1.4142135623730951,0.005,vanilla,True,0,20,0.0017023476353527,27.68951748188577,0.8200279325425354,0.0006678967874869,31.752906454408887,0.8769995620170854,4.063388972523118,0.05697162947455,True,20,20
val_images,test006.png,5,upright,0.0,321,481,154401.0,1.0,blur,red_gd,wavelet,15.0,fixed3p25,0.8,3.960396039603961,1.4142135623730951,0.005,G16_fixed,True,16,20,0.0017023476353527,27.68951748188577,0.8200279325425354,0.0006659711684502,31.765445721119963,0.8770423685727424,4.0759282392341945,0.057014436030207,True,20,320
val_images,test006.png,5,rot45_padded,45.0,1000,1000,154360.0,0.1543599963188171,blur,red_gd,wavelet,15.0,fixed3p25,0.8,3.960396039603961,1.4142135623730951,0.005,vanilla,False,0,20,0.0025043702057588,26.01301471614077,0.8291036376004146,0.0009719764608643,30.123442526051065,0.8798430819188909,4.110427809910295,0.0507394443184763,True,20,20
val_images,test006.png,5,rot45_padded,45.0,1000,1000,154360.0,0.1543599963188171,blur,red_gd,wavelet,15.0,fixed3p25,0.8,3.960396039603961,1.4142135623730951,0.005,G16_fixed,False,16,20,0.0025043702057588,26.01301471614077,0.8291036376004146,0.0009324721518993,30.303641294463823,0.8818052158914227,4.290626578323057,0.052701578291008,True,20,320
val_images,test007.png,6,upright,0.0,321,481,154401.0,1.0,blur,red_gd,wavelet,15.0,fixed3p25,0.8,3.960396039603961,1.4142135623730951,0.005,vanilla,True,0,20,0.0053430525466156,22.72210554697312,0.6301132076540955,0.001863660848264,27.29633118338708,0.8554644238055453,4.574225636413964,0.2253512161514498,True,20,20
val_images,test007.png,6,upright,0.0,321,481,154401.0,1.0,blur,red_gd,wavelet,15.0,fixed3p25,0.8,3.960396039603961,1.4142135623730951,0.005,G16_fixed,True,16,20,0.0053430525466156,22.72210554697312,0.6301132076540955,0.0018626202134959,27.29875688312212,0.8561718957454939,4.576651336148998,0.2260586880913984,True,20,320
val_images,test007.png,6,rot45_padded,45.0,1000,1000,154360.0,0.1543599963188171,blur,red_gd,wavelet,15.0,fixed3p25,0.8,3.960396039603961,1.4142135623730951,0.005,vanilla,False,0,20,0.0054800072615861,22.61218866029371,0.6381524925498834,0.0019000312150775,27.21239264086863,0.8578725260754081,4.600203980574918,0.2197200335255247,True,20,20
val_images,test007.png,6,rot45_padded,45.0,1000,1000,154360.0,0.1543599963188171,blur,red_gd,wavelet,15.0,fixed3p25,0.8,3.960396039603961,1.4142135623730951,0.005,G16_fixed,False,16,20,0.0054800072615861,22.61218866029371,0.6381524925498834,0.0018830953036049,27.2512769974843,0.8594658995206012,4.639088337190589,0.2213134069707177,True,20,320
val_images,test008.png,7,upright,0.0,321,481,154401.0,1.0,blur,red_gd,wavelet,15.0,fixed3p25,0.8,3.960396039603961,1.4142135623730951,0.005,vanilla,True,0,20,0.008423827960554,20.744905113079707,0.4940214522574335,0.0045578004214421,23.412446957778545,0.7466463644179766,2.6675418446988357,0.252624912160543,True,20,20
val_images,test008.png,7,upright,0.0,321,481,154401.0,1.0,blur,red_gd,wavelet,15.0,fixed3p25,0.8,3.960396039603961,1.4142135623730951,0.005,G16_fixed,True,16,20,0.008423827960554,20.744905113079707,0.4940214522574335,0.0045634504851612,23.40706657336736,0.7464596549730895,2.662161460287649,0.252438202715656,True,20,320
val_images,test008.png,7,rot45_padded,45.0,1000,1000,154360.0,0.1543599963188171,blur,red_gd,wavelet,15.0,fixed3p25,0.8,3.960396039603961,1.4142135623730951,0.005,vanilla,False,0,20,0.0081674394412311,20.879140769855717,0.5165159266487432,0.0045886357790078,23.38316412875096,0.7504002413189945,2.5040233588952425,0.2338843146702512,True,20,20
val_images,test008.png,7,rot45_padded,45.0,1000,1000,154360.0,0.1543599963188171,blur,red_gd,wavelet,15.0,fixed3p25,0.8,3.960396039603961,1.4142135623730951,0.005,G16_fixed,False,16,20,0.0081674394412311,20.879140769855717,0.5165159266487432,0.0045676902341978,23.403033561939356,0.751988300482638,2.52389279208364,0.2354723738338947,True,20,320
val_images,test009.png,8,upright,0.0,321,481,154401.0,1.0,blur,red_gd,wavelet,15.0,fixed3p25,0.8,3.960396039603961,1.4142135623730951,0.005,vanilla,True,0,20,0.0042869140005165,23.678552287533638,0.6955107459634329,0.0016382096481612,27.856305206382608,0.8491492930745267,4.177752918848974,0.1536385471110938,True,20,20
val_images,test009.png,8,upright,0.0,321,481,154401.0,1.0,blur,red_gd,wavelet,15.0,fixed3p25,0.8,3.960396039603961,1.4142135623730951,0.005,G16_fixed,True,16,20,0.0042869140005165,23.678552287533638,0.6955107459634329,0.0016475495675627,27.83161510515356,0.850225022830163,4.153062817619926,0.1547142768667301,True,20,320
val_images,test009.png,8,rot45_padded,45.0,1000,1000,154360.0,0.1543599963188171,blur,red_gd,wavelet,15.0,fixed3p25,0.8,3.960396039603961,1.4142135623730951,0.005,vanilla,False,0,20,0.0042152837756755,23.751731830649724,0.7033141378109614,0.0016854095656688,27.732945455367677,0.8507970410080332,3.981213624717949,0.1474829031970718,True,20,20
val_images,test009.png,8,rot45_padded,45.0,1000,1000,154360.0,0.1543599963188171,blur,red_gd,wavelet,15.0,fixed3p25,0.8,3.960396039603961,1.4142135623730951,0.005,G16_fixed,False,16,20,0.0042152837756755,23.751731830649724,0.7033141378109614,0.0016410722853637,27.848722888779264,0.8534008365185282,4.09699105812954,0.1500866987075667,True,20,320
val_images,test010.png,9,upright,0.0,321,481,154401.0,1.0,blur,red_gd,wavelet,15.0,fixed3p25,0.8,3.960396039603961,1.4142135623730951,0.005,vanilla,True,0,20,0.0025351892830878,25.95989609690921,0.7128138540229662,0.001087599020361,29.63531192268762,0.8558077870285814,3.675415825778412,0.1429939330056152,True,20,20
val_images,test010.png,9,upright,0.0,321,481,154401.0,1.0,blur,red_gd,wavelet,15.0,fixed3p25,0.8,3.960396039603961,1.4142135623730951,0.005,G16_fixed,True,16,20,0.0025351892830878,25.95989609690921,0.7128138540229662,0.0010986046471715,29.59158568215917,0.8557853211766763,3.6316895852499655,0.1429714671537101,True,20,320
val_images,test010.png,9,rot45_padded,45.0,1000,1000,154360.0,0.1543599963188171,blur,red_gd,wavelet,15.0,fixed3p25,0.8,3.960396039603961,1.4142135623730951,0.005,vanilla,False,0,20,0.0027874794609344,25.547883239565863,0.7124111755798134,0.0012012141638699,29.20379555548745,0.8548083619461,3.6559123159215865,0.1423971863662866,True,20,20
val_images,test010.png,9,rot45_padded,45.0,1000,1000,154360.0,0.1543599963188171,blur,red_gd,wavelet,15.0,fixed3p25,0.8,3.960396039603961,1.4142135623730951,0.005,G16_fixed,False,16,20,0.0027874794609344,25.547883239565863,0.7124111755798134,0.0011801328953142,29.280690838364013,0.8566005401334542,3.73280759879815,0.1441893645536408,True,20,320
