[solver-sweep] denoiser=wavelet problem=blur algorithm=pnp_hqs schedule=fixed3p0 rho=0.4 step=0.5 lam=0.15 image=test001.png input=upright mode=vanilla
[solver-sweep] denoiser=wavelet problem=blur algorithm=pnp_hqs schedule=fixed3p0 rho=0.4 step=0.5 lam=0.15 image=test001.png input=rot45_padded mode=vanilla
[solver-sweep] denoiser=wavelet problem=blur algorithm=pnp_hqs schedule=fixed3p0 rho=0.4 step=0.5 lam=0.15 image=test002.png input=upright mode=vanilla
[solver-sweep] denoiser=wavelet problem=blur algorithm=pnp_hqs schedule=fixed3p0 rho=0.4 step=0.5 lam=0.15 image=test002.png input=rot45_padded mode=vanilla
[solver-sweep] denoiser=wavelet problem=blur algorithm=pnp_hqs schedule=fixed3p0 rho=0.4 step=0.5 lam=0.15 image=test003.png input=upright mode=vanilla
[solver-sweep] denoiser=wavelet problem=blur algorithm=pnp_hqs schedule=fixed3p0 rho=0.4 step=0.5 lam=0.15 image=test003.png input=rot45_padded mode=vanilla
[solver-sweep] denoiser=wavelet problem=blur algorithm=pnp_hqs schedule=fixed3p0 rho=0.4 step=0.5 lam=0.15 image=test004.png input=upright mode=vanilla
[solver-sweep] denoiser=wavelet problem=blur algorithm=pnp_hqs schedule=fixed3p0 rho=0.4 step=0.5 lam=0.15 image=test004.png input=rot45_padded mode=vanilla
[solver-sweep] denoiser=wavelet problem=blur algorithm=pnp_hqs schedule=fixed3p0 rho=0.4 step=0.5 lam=0.15 image=test005.png input=upright mode=vanilla
[solver-sweep] denoiser=wavelet problem=blur algorithm=pnp_hqs schedule=fixed3p0 rho=0.4 step=0.5 lam=0.15 image=test005.png input=rot45_padded mode=vanilla
[solver-sweep] denoiser=wavelet problem=blur algorithm=pnp_hqs schedule=fixed3p0 rho=0.4 step=0.5 lam=0.15 image=test006.png input=upright mode=vanilla
[solver-sweep] denoiser=wavelet problem=blur algorithm=pnp_hqs schedule=fixed3p0 rho=0.4 step=0.5 lam=0.15 image=test006.png input=rot45_padded mode=vanilla
[solver-sweep] denoiser=wavelet problem=blur algorithm=pnp_hqs schedule=fixed3p0 rho=0.4 step=0.5 lam=0.15 image=test007.png input=upright mode=vanilla
[solver-sweep] denoiser=wavelet problem=blur algorithm=pnp_hqs schedule=fixed3p0 rho=0.4 step=0.5 lam=0.15 image=test007.png input=rot45_padded mode=vanilla
[solver-sweep] denoiser=wavelet problem=blur algorithm=pnp_hqs schedule=fixed3p0 rho=0.4 step=0.5 lam=0.15 image=test008.png input=upright mode=vanilla
[solver-sweep] denoiser=wavelet problem=blur algorithm=pnp_hqs schedule=fixed3p0 rho=0.4 step=0.5 lam=0.15 image=test008.png input=rot45_padded mode=vanilla
[solver-sweep] denoiser=wavelet problem=blur algorithm=pnp_hqs schedule=fixed3p0 rho=0.4 step=0.5 lam=0.15 image=test009.png input=upright mode=vanilla
[solver-sweep] denoiser=wavelet problem=blur algorithm=pnp_hqs schedule=fixed3p0 rho=0.4 step=0.5 lam=0.15 image=test009.png input=rot45_padded mode=vanilla
[solver-sweep] denoiser=wavelet problem=blur algorithm=pnp_hqs schedule=fixed3p0 rho=0.4 step=0.5 lam=0.15 image=test010.png input=upright mode=vanilla
[solver-sweep] denoiser=wavelet problem=blur algorithm=pnp_hqs schedule=fixed3p0 rho=0.4 step=0.5 lam=0.15 image=test010.png input=rot45_padded mode=vanilla
[solver-sweep] denoiser=wavelet problem=blur algorithm=pnp_hqs schedule=fixed3p0 rho=0.8 step=0.5 lam=0.15 image=test001.png input=upright mode=vanilla
[solver-sweep] denoiser=wavelet problem=blur algorithm=pnp_hqs schedule=fixed3p0 rho=0.8 step=0.5 lam=0.15 image=test001.png input=rot45_padded mode=vanilla
[solver-sweep] denoiser=wavelet problem=blur algorithm=pnp_hqs schedule=fixed3p0 rho=0.8 step=0.5 lam=0.15 image=test002.png input=upright mode=vanilla
[solver-sweep] denoiser=wavelet problem=blur algorithm=pnp_hqs schedule=fixed3p0 rho=0.8 step=0.5 lam=0.15 image=test002.png input=rot45_padded mode=vanilla
[solver-sweep] denoiser=wavelet problem=blur algorithm=pnp_hqs schedule=fixed3p0 rho=0.8 step=0.5 lam=0.15 image=test003.png input=upright mode=vanilla
[solver-sweep] denoiser=wavelet problem=blur algorithm=pnp_hqs schedule=fixed3p0 rho=0.8 step=0.5 lam=0.15 image=test003.png input=rot45_padded mode=vanilla
[solver-sweep] denoiser=wavelet problem=blur algorithm=pnp_hqs schedule=fixed3p0 rho=0.8 step=0.5 lam=0.15 image=test004.png input=upright mode=vanilla
[solver-sweep] denoiser=wavelet problem=blur algorithm=pnp_hqs schedule=fixed3p0 rho=0.8 step=0.5 lam=0.15 image=test004.png input=rot45_padded mode=vanilla
[solver-sweep] denoiser=wavelet problem=blur algorithm=pnp_hqs schedule=fixed3p0 rho=0.8 step=0.5 lam=0.15 image=test005.png input=upright mode=vanilla
[solver-sweep] denoiser=wavelet problem=blur algorithm=pnp_hqs schedule=fixed3p0 rho=0.8 step=0.5 lam=0.15 image=test005.png input=rot45_padded mode=vanilla
[solver-sweep] denoiser=wavelet problem=blur algorithm=pnp_hqs schedule=fixed3p0 rho=0.8 step=0.5 lam=0.15 image=test006.png input=upright mode=vanilla
[solver-sweep] denoiser=wavelet problem=blur algorithm=pnp_hqs schedule=fixed3p0 rho=0.8 step=0.5 lam=0.15 image=test006.png input=rot45_padded mode=vanilla
[solver-sweep] denoiser=wavelet problem=blur algorithm=pnp_hqs schedule=fixed3p0 rho=0.8 step=0.5 lam=0.15 image=test007.png input=upright mode=vanilla
[solver-sweep] denoiser=wavelet problem=blur algorithm=pnp_hqs schedule=fixed3p0 rho=0.8 step=0.5 lam=0.15 image=test007.png input=rot45_padded mode=vanilla
[solver-sweep] denoiser=wavelet problem=blur algorithm=pnp_hqs schedule=fixed3p0 rho=0.8 step=0.5 lam=0.15 image=test008.png input=upright mode=vanilla
[solver-sweep] denoiser=wavelet problem=blur algorithm=pnp_hqs schedule=fixed3p0 rho=0.8 step=0.5 lam=0.15 image=test008.png input=rot45_padded mode=vanilla
[solver-sweep] denoiser=wavelet problem=blur algorithm=pnp_hqs schedule=fixed3p0 rho=0.8 step=0.5 lam=0.15 image=test009.png input=upright mode=vanilla
[solver-sweep] denoiser=wavelet problem=blur algorithm=pnp_hqs schedule=fixed3p0 rho=0.8 step=0.5 lam=0.15 image=test009.png input=rot45_padded mode=vanilla
[solver-sweep] denoiser=wavelet problem=blur algorithm=pnp_hqs schedule=fixed3p0 rho=0.8 step=0.5 lam=0.15 image=test010.png input=upright mode=vanilla
[solver-sweep] denoiser=wavelet problem=blur algorithm=pnp_hqs schedule=fixed3p0 rho=0.8 step=0.5 lam=0.15 image=test010.png input=rot45_padded mode=vanilla
[solver-sweep] denoiser=wavelet problem=blur algorithm=pnp_hqs schedule=fixed5p0 rho=0.4 step=0.5 lam=0.15 image=test001.png input=upright mode=vanilla
[solver-sweep] denoiser=wavelet problem=blur algorithm=pnp_hqs schedule=fixed5p0 rho=0.4 step=0.5 lam=0.15 image=test001.png input=rot45_padded mode=vanilla
[solver-sweep] denoiser=wavelet problem=blur algorithm=pnp_hqs schedule=fixed5p0 rho=0.4 step=0.5 lam=0.15 image=test002.png input=upright mode=vanilla
[solver-sweep] denoiser=wavelet problem=blur algorithm=pnp_hqs schedule=fixed5p0 rho=0.4 step=0.5 lam=0.15 image=test002.png input=rot45_padded mode=vanilla
[solver-sweep] denoiser=wavelet problem=blur algorithm=pnp_hqs schedule=fixed5p0 rho=0.4 step=0.5 lam=0.15 image=test003.png input=upright mode=vanilla
[solver-sweep] denoiser=wavelet problem=blur algorithm=pnp_hqs schedule=fixed5p0 rho=0.4 step=0.5 lam=0.15 image=test003.png input=rot45_padded mode=vanilla
[solver-sweep] denoiser=wavelet problem=blur algorithm=pnp_hqs schedule=fixed5p0 rho=0.4 step=0.5 lam=0.15 image=test004.png input=upright mode=vanilla
[solver-sweep] denoiser=wavelet problem=blur algorithm=pnp_hqs schedule=fixed5p0 rho=0.4 step=0.5 lam=0.15 image=test004.png input=rot45_padded mode=vanilla
[solver-sweep] denoiser=wavelet problem=blur algorithm=pnp_hqs schedule=fixed5p0 rho=0.4 step=0.5 lam=0.15 image=test005.png input=upright mode=vanilla
[solver-sweep] denoiser=wavelet problem=blur algorithm=pnp_hqs schedule=fixed5p0 rho=0.4 step=0.5 lam=0.15 image=test005.png input=rot45_padded mode=vanilla
[solver-sweep] denoiser=wavelet problem=blur algorithm=pnp_hqs schedule=fixed5p0 rho=0.4 step=0.5 lam=0.15 image=test006.png input=upright mode=vanilla
[solver-sweep] denoiser=wavelet problem=blur algorithm=pnp_hqs schedule=fixed5p0 rho=0.4 step=0.5 lam=0.15 image=test006.png input=rot45_padded mode=vanilla
[solver-sweep] denoiser=wavelet problem=blur algorithm=pnp_hqs schedule=fixed5p0 rho=0.4 step=0.5 lam=0.15 image=test007.png input=upright mode=vanilla
[solver-sweep] denoiser=wavelet problem=blur algorithm=pnp_hqs schedule=fixed5p0 rho=0.4 step=0.5 lam=0.15 image=test007.png input=rot45_padded mode=vanilla
[solver-sweep] denoiser=wavelet problem=blur algorithm=pnp_hqs schedule=fixed5p0 rho=0.4 step=0.5 lam=0.15 image=test008.png input=upright mode=vanilla
[solver-sweep] denoiser=wavelet problem=blur algorithm=pnp_hqs schedule=fixed5p0 rho=0.4 step=0.5 lam=0.15 image=test008.png input=rot45_padded mode=vanilla
[solver-sweep] denoiser=wavelet problem=blur algorithm=pnp_hqs schedule=fixed5p0 rho=0.4 step=0.5 lam=0.15 image=test009.png input=upright mode=vanilla
[solver-sweep] denoiser=wavelet problem=blur algorithm=pnp_hqs schedule=fixed5p0 rho=0.4 step=0.5 lam=0.15 image=test009.png input=rot45_padded mode=vanilla
[solver-sweep] denoiser=wavelet problem=blur algorithm=pnp_hqs schedule=fixed5p0 rho=0.4 step=0.5 lam=0.15 image=test010.png input=upright mode=vanilla
[solver-sweep] denoiser=wavelet problem=blur algorithm=pnp_hqs schedule=fixed5p0 rho=0.4 step=0.5 lam=0.15 image=test010.png input=rot45_padded mode=vanilla
[solver-sweep] denoiser=wavelet problem=blur algorithm=pnp_hqs schedule=fixed5p0 rho=0.8 step=0.5 lam=0.15 image=test001.png input=upright mode=vanilla
[solver-sweep] denoiser=wavelet problem=blur algorithm=pnp_hqs schedule=fixed5p0 rho=0.8 step=0.5 lam=0.15 image=test001.png input=rot45_padded mode=vanilla
[solver-sweep] denoiser=wavelet problem=blur algorithm=pnp_hqs schedule=fixed5p0 rho=0.8 step=0.5 lam=0.15 image=test002.png input=upright mode=vanilla
[solver-sweep] denoiser=wavelet problem=blur algorithm=pnp_hqs schedule=fixed5p0 rho=0.8 step=0.5 lam=0.15 image=test002.png input=rot45_padded mode=vanilla
[solver-sweep] denoiser=wavelet problem=blur algorithm=pnp_hqs schedule=fixed5p0 rho=0.8 step=0.5 lam=0.15 image=test003.png input=upright mode=vanilla
[solver-sweep] denoiser=wavelet problem=blur algorithm=pnp_hqs schedule=fixed5p0 rho=0.8 step=0.5 lam=0.15 image=test003.png input=rot45_padded mode=vanilla
[solver-sweep] denoiser=wavelet problem=blur algorithm=pnp_hqs schedule=fixed5p0 rho=0.8 step=0.5 lam=0.15 image=test004.png input=upright mode=vanilla
[solver-sweep] denoiser=wavelet problem=blur algorithm=pnp_hqs schedule=fixed5p0 rho=0.8 step=0.5 lam=0.15 image=test004.png input=rot45_padded mode=vanilla
[solver-sweep] denoiser=wavelet problem=blur algorithm=pnp_hqs schedule=fixed5p0 rho=0.8 step=0.5 lam=0.15 image=test005.png input=upright mode=vanilla
[solver-sweep] denoiser=wavelet problem=blur algorithm=pnp_hqs schedule=fixed5p0 rho=0.8 step=0.5 lam=0.15 image=test005.png input=rot45_padded mode=vanilla
[solver-sweep] denoiser=wavelet problem=blur algorithm=pnp_hqs schedule=fixed5p0 rho=0.8 step=0.5 lam=0.15 image=test006.png input=upright mode=vanilla
[solver-sweep] denoiser=wavelet problem=blur algorithm=pnp_hqs schedule=fixed5p0 rho=0.8 step=0.5 lam=0.15 image=test006.png input=rot45_padded mode=vanilla
[solver-sweep] denoiser=wavelet problem=blur algorithm=pnp_hqs schedule=fixed5p0 rho=0.8 step=0.5 lam=0.15 image=test007.png input=upright mode=vanilla
[solver-sweep] denoiser=wavelet problem=blur algorithm=pnp_hqs schedule=fixed5p0 rho=0.8 step=0.5 lam=0.15 image=test007.png input=rot45_padded mode=vanilla
[solver-sweep] denoiser=wavelet problem=blur algorithm=pnp_hqs schedule=fixed5p0 rho=0.8 step=0.5 lam=0.15 image=test008.png input=upright mode=vanilla
[solver-sweep] denoiser=wavelet problem=blur algorithm=pnp_hqs schedule=fixed5p0 rho=0.8 step=0.5 lam=0.15 image=test008.png input=rot45_padded mode=vanilla
[solver-sweep] denoiser=wavelet problem=blur algorithm=pnp_hqs schedule=fixed5p0 rho=0.8 step=0.5 lam=0.15 image=test009.png input=upright mode=vanilla
[solver-sweep] denoiser=wavelet problem=blur algorithm=pnp_hqs schedule=fixed5p0 rho=0.8 step=0.5 lam=0.15 image=test009.png input=rot45_padded mode=vanilla
[solver-sweep] denoiser=wavelet problem=blur algorithm=pnp_hqs schedule=fixed5p0 rho=0.8 step=0.5 lam=0.15 image=test010.png input=upright mode=vanilla
[solver-sweep] denoiser=wavelet problem=blur algorithm=pnp_hqs schedule=fixed5p0 rho=0.8 step=0.5 lam=0.15 image=test010.png input=rot45_padded mode=vanilla
[solver-sweep] denoiser=wavelet problem=blur algorithm=pnp_hqs schedule=fixed7p5 rho=0.4 step=0.5 lam=0.15 image=test001.png input=upright mode=vanilla
[solver-sweep] denoiser=wavelet problem=blur algorithm=pnp_hqs schedule=fixed7p5 rho=0.4 step=0.5 lam=0.15 image=test001.png input=rot45_padded mode=vanilla
[solver-sweep] denoiser=wavelet problem=blur algorithm=pnp_hqs schedule=fixed7p5 rho=0.4 step=0.5 lam=0.15 image=test002.png input=upright mode=vanilla
[solver-sweep] denoiser=wavelet problem=blur algorithm=pnp_hqs schedule=fixed7p5 rho=0.4 step=0.5 lam=0.15 image=test002.png input=rot45_padded mode=vanilla
[solver-sweep] denoiser=wavelet problem=blur algorithm=pnp_hqs schedule=fixed7p5 rho=0.4 step=0.5 lam=0.15 image=test003.png input=upright mode=vanilla
[solver-sweep] denoiser=wavelet problem=blur algorithm=pnp_hqs schedule=fixed7p5 rho=0.4 step=0.5 lam=0.15 image=test003.png input=rot45_padded mode=vanilla
[solver-sweep] denoiser=wavelet problem=blur algorithm=pnp_hqs schedule=fixed7p5 rho=0.4 step=0.5 lam=0.15 image=test004.png input=upright mode=vanilla
[solver-sweep] denoiser=wavelet problem=blur algorithm=pnp_hqs schedule=fixed7p5 rho=0.4 step=0.5 lam=0.15 image=test004.png input=rot45_padded mode=vanilla
[solver-sweep] denoiser=wavelet problem=blur algorithm=pnp_hqs schedule=fixed7p5 rho=0.4 step=0.5 lam=0.15 image=test005.png input=upright mode=vanilla
[solver-sweep] denoiser=wavelet problem=blur algorithm=pnp_hqs schedule=fixed7p5 rho=0.4 step=0.5 lam=0.15 image=test005.png input=rot45_padded mode=vanilla
[solver-sweep] denoiser=wavelet problem=blur algorithm=pnp_hqs schedule=fixed7p5 rho=0.4 step=0.5 lam=0.15 image=test006.png input=upright mode=vanilla
[solver-sweep] denoiser=wavelet problem=blur algorithm=pnp_hqs schedule=fixed7p5 rho=0.4 step=0.5 lam=0.15 image=test006.png input=rot45_padded mode=vanilla
[solver-sweep] denoiser=wavelet problem=blur algorithm=pnp_hqs schedule=fixed7p5 rho=0.4 step=0.5 lam=0.15 image=test007.png input=upright mode=vanilla
[solver-sweep] denoiser=wavelet problem=blur algorithm=pnp_hqs schedule=fixed7p5 rho=0.4 step=0.5 lam=0.15 image=test007.png input=rot45_padded mode=vanilla
[solver-sweep] denoiser=wavelet problem=blur algorithm=pnp_hqs schedule=fixed7p5 rho=0.4 step=0.5 lam=0.15 image=test008.png input=upright mode=vanilla
[solver-sweep] denoiser=wavelet problem=blur algorithm=pnp_hqs schedule=fixed7p5 rho=0.4 step=0.5 lam=0.15 image=test008.png input=rot45_padded mode=vanilla
[solver-sweep] denoiser=wavelet problem=blur algorithm=pnp_hqs schedule=fixed7p5 rho=0.4 step=0.5 lam=0.15 image=test009.png input=upright mode=vanilla
[solver-sweep] denoiser=wavelet problem=blur algorithm=pnp_hqs schedule=fixed7p5 rho=0.4 step=0.5 lam=0.15 image=test009.png input=rot45_padded mode=vanilla
[solver-sweep] denoiser=wavelet problem=blur algorithm=pnp_hqs schedule=fixed7p5 rho=0.4 step=0.5 lam=0.15 image=test010.png input=upright mode=vanilla
[solver-sweep] denoiser=wavelet problem=blur algorithm=pnp_hqs schedule=fixed7p5 rho=0.4 step=0.5 lam=0.15 image=test010.png input=rot45_padded mode=vanilla
[solver-sweep] denoiser=wavelet problem=blur algorithm=pnp_hqs schedule=fixed7p5 rho=0.8 step=0.5 lam=0.15 image=test001.png input=upright mode=vanilla
[solver-sweep] denoiser=wavelet problem=blur algorithm=pnp_hqs schedule=fixed7p5 rho=0.8 step=0.5 lam=0.15 image=test001.png input=rot45_padded mode=vanilla
[solver-sweep] denoiser=wavelet problem=blur algorithm=pnp_hqs schedule=fixed7p5 rho=0.8 step=0.5 lam=0.15 image=test002.png input=upright mode=vanilla
[solver-sweep] denoiser=wavelet problem=blur algorithm=pnp_hqs schedule=fixed7p5 rho=0.8 step=0.5 lam=0.15 image=test002.png input=rot45_padded mode=vanilla
[solver-sweep] denoiser=wavelet problem=blur algorithm=pnp_hqs schedule=fixed7p5 rho=0.8 step=0.5 lam=0.15 image=test003.png input=upright mode=vanilla
[solver-sweep] denoiser=wavelet problem=blur algorithm=pnp_hqs schedule=fixed7p5 rho=0.8 step=0.5 lam=0.15 image=test003.png input=rot45_padded mode=vanilla
[solver-sweep] denoiser=wavelet problem=blur algorithm=pnp_hqs schedule=fixed7p5 rho=0.8 step=0.5 lam=0.15 image=test004.png input=upright mode=vanilla
[solver-sweep] denoiser=wavelet problem=blur algorithm=pnp_hqs schedule=fixed7p5 rho=0.8 step=0.5 lam=0.15 image=test004.png input=rot45_padded mode=vanilla
[solver-sweep] denoiser=wavelet problem=blur algorithm=pnp_hqs schedule=fixed7p5 rho=0.8 step=0.5 lam=0.15 image=test005.png input=upright mode=vanilla
[solver-sweep] denoiser=wavelet problem=blur algorithm=pnp_hqs schedule=fixed7p5 rho=0.8 step=0.5 lam=0.15 image=test005.png input=rot45_padded mode=vanilla
[solver-sweep] denoiser=wavelet problem=blur algorithm=pnp_hqs schedule=fixed7p5 rho=0.8 step=0.5 lam=0.15 image=test006.png input=upright mode=vanilla
[solver-sweep] denoiser=wavelet problem=blur algorithm=pnp_hqs schedule=fixed7p5 rho=0.8 step=0.5 lam=0.15 image=test006.png input=rot45_padded mode=vanilla
[solver-sweep] denoiser=wavelet problem=blur algorithm=pnp_hqs schedule=fixed7p5 rho=0.8 step=0.5 lam=0.15 image=test007.png input=upright mode=vanilla
[solver-sweep] denoiser=wavelet problem=blur algorithm=pnp_hqs schedule=fixed7p5 rho=0.8 step=0.5 lam=0.15 image=test007.png input=rot45_padded mode=vanilla
[solver-sweep] denoiser=wavelet problem=blur algorithm=pnp_hqs schedule=fixed7p5 rho=0.8 step=0.5 lam=0.15 image=test008.png input=upright mode=vanilla
[solver-sweep] denoiser=wavelet problem=blur algorithm=pnp_hqs schedule=fixed7p5 rho=0.8 step=0.5 lam=0.15 image=test008.png input=rot45_padded mode=vanilla
[solver-sweep] denoiser=wavelet problem=blur algorithm=pnp_hqs schedule=fixed7p5 rho=0.8 step=0.5 lam=0.15 image=test009.png input=upright mode=vanilla
[solver-sweep] denoiser=wavelet problem=blur algorithm=pnp_hqs schedule=fixed7p5 rho=0.8 step=0.5 lam=0.15 image=test009.png input=rot45_padded mode=vanilla
[solver-sweep] denoiser=wavelet problem=blur algorithm=pnp_hqs schedule=fixed7p5 rho=0.8 step=0.5 lam=0.15 image=test010.png input=upright mode=vanilla
[solver-sweep] denoiser=wavelet problem=blur algorithm=pnp_hqs schedule=fixed7p5 rho=0.8 step=0.5 lam=0.15 image=test010.png input=rot45_padded mode=vanilla
[solver-sweep] denoiser=wavelet problem=blur algorithm=pnp_hqs schedule=fixed10p0 rho=0.4 step=0.5 lam=0.15 image=test001.png input=upright mode=vanilla
[solver-sweep] denoiser=wavelet problem=blur algorithm=pnp_hqs schedule=fixed10p0 rho=0.4 step=0.5 lam=0.15 image=test001.png input=rot45_padded mode=vanilla
[solver-sweep] denoiser=wavelet problem=blur algorithm=pnp_hqs schedule=fixed10p0 rho=0.4 step=0.5 lam=0.15 image=test002.png input=upright mode=vanilla
[solver-sweep] denoiser=wavelet problem=blur algorithm=pnp_hqs schedule=fixed10p0 rho=0.4 step=0.5 lam=0.15 image=test002.png input=rot45_padded mode=vanilla
[solver-sweep] denoiser=wavelet problem=blur algorithm=pnp_hqs schedule=fixed10p0 rho=0.4 step=0.5 lam=0.15 image=test003.png input=upright mode=vanilla
[solver-sweep] denoiser=wavelet problem=blur algorithm=pnp_hqs schedule=fixed10p0 rho=0.4 step=0.5 lam=0.15 image=test003.png input=rot45_padded mode=vanilla
[solver-sweep] denoiser=wavelet problem=blur algorithm=pnp_hqs schedule=fixed10p0 rho=0.4 step=0.5 lam=0.15 image=test004.png input=upright mode=vanilla
[solver-sweep] denoiser=wavelet problem=blur algorithm=pnp_hqs schedule=fixed10p0 rho=0.4 step=0.5 lam=0.15 image=test004.png input=rot45_padded mode=vanilla
[solver-sweep] denoiser=wavelet problem=blur algorithm=pnp_hqs schedule=fixed10p0 rho=0.4 step=0.5 lam=0.15 image=test005.png input=upright mode=vanilla
[solver-sweep] denoiser=wavelet problem=blur algorithm=pnp_hqs schedule=fixed10p0 rho=0.4 step=0.5 lam=0.15 image=test005.png input=rot45_padded mode=vanilla
[solver-sweep] denoiser=wavelet problem=blur algorithm=pnp_hqs schedule=fixed10p0 rho=0.4 step=0.5 lam=0.15 image=test006.png input=upright mode=vanilla
[solver-sweep] denoiser=wavelet problem=blur algorithm=pnp_hqs schedule=fixed10p0 rho=0.4 step=0.5 lam=0.15 image=test006.png input=rot45_padded mode=vanilla
[solver-sweep] denoiser=wavelet problem=blur algorithm=pnp_hqs schedule=fixed10p0 rho=0.4 step=0.5 lam=0.15 image=test007.png input=upright mode=vanilla
[solver-sweep] denoiser=wavelet problem=blur algorithm=pnp_hqs schedule=fixed10p0 rho=0.4 step=0.5 lam=0.15 image=test007.png input=rot45_padded mode=vanilla
[solver-sweep] denoiser=wavelet problem=blur algorithm=pnp_hqs schedule=fixed10p0 rho=0.4 step=0.5 lam=0.15 image=test008.png input=upright mode=vanilla
[solver-sweep] denoiser=wavelet problem=blur algorithm=pnp_hqs schedule=fixed10p0 rho=0.4 step=0.5 lam=0.15 image=test008.png input=rot45_padded mode=vanilla
[solver-sweep] denoiser=wavelet problem=blur algorithm=pnp_hqs schedule=fixed10p0 rho=0.4 step=0.5 lam=0.15 image=test009.png input=upright mode=vanilla
[solver-sweep] denoiser=wavelet problem=blur algorithm=pnp_hqs schedule=fixed10p0 rho=0.4 step=0.5 lam=0.15 image=test009.png input=rot45_padded mode=vanilla
[solver-sweep] denoiser=wavelet problem=blur algorithm=pnp_hqs schedule=fixed10p0 rho=0.4 step=0.5 lam=0.15 image=test010.png input=upright mode=vanilla
[solver-sweep] denoiser=wavelet problem=blur algorithm=pnp_hqs schedule=fixed10p0 rho=0.4 step=0.5 lam=0.15 image=test010.png input=rot45_padded mode=vanilla
[solver-sweep] denoiser=wavelet problem=blur algorithm=pnp_hqs schedule=fixed10p0 rho=0.8 step=0.5 lam=0.15 image=test001.png input=upright mode=vanilla
[solver-sweep] denoiser=wavelet problem=blur algorithm=pnp_hqs schedule=fixed10p0 rho=0.8 step=0.5 lam=0.15 image=test001.png input=rot45_padded mode=vanilla
[solver-sweep] denoiser=wavelet problem=blur algorithm=pnp_hqs schedule=fixed10p0 rho=0.8 step=0.5 lam=0.15 image=test002.png input=upright mode=vanilla
[solver-sweep] denoiser=wavelet problem=blur algorithm=pnp_hqs schedule=fixed10p0 rho=0.8 step=0.5 lam=0.15 image=test002.png input=rot45_padded mode=vanilla
[solver-sweep] denoiser=wavelet problem=blur algorithm=pnp_hqs schedule=fixed10p0 rho=0.8 step=0.5 lam=0.15 image=test003.png input=upright mode=vanilla
[solver-sweep] denoiser=wavelet problem=blur algorithm=pnp_hqs schedule=fixed10p0 rho=0.8 step=0.5 lam=0.15 image=test003.png input=rot45_padded mode=vanilla
[solver-sweep] denoiser=wavelet problem=blur algorithm=pnp_hqs schedule=fixed10p0 rho=0.8 step=0.5 lam=0.15 image=test004.png input=upright mode=vanilla
[solver-sweep] denoiser=wavelet problem=blur algorithm=pnp_hqs schedule=fixed10p0 rho=0.8 step=0.5 lam=0.15 image=test004.png input=rot45_padded mode=vanilla
[solver-sweep] denoiser=wavelet problem=blur algorithm=pnp_hqs schedule=fixed10p0 rho=0.8 step=0.5 lam=0.15 image=test005.png input=upright mode=vanilla
[solver-sweep] denoiser=wavelet problem=blur algorithm=pnp_hqs schedule=fixed10p0 rho=0.8 step=0.5 lam=0.15 image=test005.png input=rot45_padded mode=vanilla
[solver-sweep] denoiser=wavelet problem=blur algorithm=pnp_hqs schedule=fixed10p0 rho=0.8 step=0.5 lam=0.15 image=test006.png input=upright mode=vanilla
[solver-sweep] denoiser=wavelet problem=blur algorithm=pnp_hqs schedule=fixed10p0 rho=0.8 step=0.5 lam=0.15 image=test006.png input=rot45_padded mode=vanilla
[solver-sweep] denoiser=wavelet problem=blur algorithm=pnp_hqs schedule=fixed10p0 rho=0.8 step=0.5 lam=0.15 image=test007.png input=upright mode=vanilla
[solver-sweep] denoiser=wavelet problem=blur algorithm=pnp_hqs schedule=fixed10p0 rho=0.8 step=0.5 lam=0.15 image=test007.png input=rot45_padded mode=vanilla
[solver-sweep] denoiser=wavelet problem=blur algorithm=pnp_hqs schedule=fixed10p0 rho=0.8 step=0.5 lam=0.15 image=test008.png input=upright mode=vanilla
[solver-sweep] denoiser=wavelet problem=blur algorithm=pnp_hqs schedule=fixed10p0 rho=0.8 step=0.5 lam=0.15 image=test008.png input=rot45_padded mode=vanilla
[solver-sweep] denoiser=wavelet problem=blur algorithm=pnp_hqs schedule=fixed10p0 rho=0.8 step=0.5 lam=0.15 image=test009.png input=upright mode=vanilla
[solver-sweep] denoiser=wavelet problem=blur algorithm=pnp_hqs schedule=fixed10p0 rho=0.8 step=0.5 lam=0.15 image=test009.png input=rot45_padded mode=vanilla
[solver-sweep] denoiser=wavelet problem=blur algorithm=pnp_hqs schedule=fixed10p0 rho=0.8 step=0.5 lam=0.15 image=test010.png input=upright mode=vanilla
[solver-sweep] denoiser=wavelet problem=blur algorithm=pnp_hqs schedule=fixed10p0 rho=0.8 step=0.5 lam=0.15 image=test010.png input=rot45_padded mode=vanilla
[solver-sweep] denoiser=wavelet problem=blur algorithm=pnp_hqs schedule=fixed15p0 rho=0.4 step=0.5 lam=0.15 image=test001.png input=upright mode=vanilla
[solver-sweep] denoiser=wavelet problem=blur algorithm=pnp_hqs schedule=fixed15p0 rho=0.4 step=0.5 lam=0.15 image=test001.png input=rot45_padded mode=vanilla
[solver-sweep] denoiser=wavelet problem=blur algorithm=pnp_hqs schedule=fixed15p0 rho=0.4 step=0.5 lam=0.15 image=test002.png input=upright mode=vanilla
[solver-sweep] denoiser=wavelet problem=blur algorithm=pnp_hqs schedule=fixed15p0 rho=0.4 step=0.5 lam=0.15 image=test002.png input=rot45_padded mode=vanilla
[solver-sweep] denoiser=wavelet problem=blur algorithm=pnp_hqs schedule=fixed15p0 rho=0.4 step=0.5 lam=0.15 image=test003.png input=upright mode=vanilla
[solver-sweep] denoiser=wavelet problem=blur algorithm=pnp_hqs schedule=fixed15p0 rho=0.4 step=0.5 lam=0.15 image=test003.png input=rot45_padded mode=vanilla
[solver-sweep] denoiser=wavelet problem=blur algorithm=pnp_hqs schedule=fixed15p0 rho=0.4 step=0.5 lam=0.15 image=test004.png input=upright mode=vanilla
[solver-sweep] denoiser=wavelet problem=blur algorithm=pnp_hqs schedule=fixed15p0 rho=0.4 step=0.5 lam=0.15 image=test004.png input=rot45_padded mode=vanilla
[solver-sweep] denoiser=wavelet problem=blur algorithm=pnp_hqs schedule=fixed15p0 rho=0.4 step=0.5 lam=0.15 image=test005.png input=upright mode=vanilla
[solver-sweep] denoiser=wavelet problem=blur algorithm=pnp_hqs schedule=fixed15p0 rho=0.4 step=0.5 lam=0.15 image=test005.png input=rot45_padded mode=vanilla
[solver-sweep] denoiser=wavelet problem=blur algorithm=pnp_hqs schedule=fixed15p0 rho=0.4 step=0.5 lam=0.15 image=test006.png input=upright mode=vanilla
[solver-sweep] denoiser=wavelet problem=blur algorithm=pnp_hqs schedule=fixed15p0 rho=0.4 step=0.5 lam=0.15 image=test006.png input=rot45_padded mode=vanilla
[solver-sweep] denoiser=wavelet problem=blur algorithm=pnp_hqs schedule=fixed15p0 rho=0.4 step=0.5 lam=0.15 image=test007.png input=upright mode=vanilla
[solver-sweep] denoiser=wavelet problem=blur algorithm=pnp_hqs schedule=fixed15p0 rho=0.4 step=0.5 lam=0.15 image=test007.png input=rot45_padded mode=vanilla
[solver-sweep] denoiser=wavelet problem=blur algorithm=pnp_hqs schedule=fixed15p0 rho=0.4 step=0.5 lam=0.15 image=test008.png input=upright mode=vanilla
[solver-sweep] denoiser=wavelet problem=blur algorithm=pnp_hqs schedule=fixed15p0 rho=0.4 step=0.5 lam=0.15 image=test008.png input=rot45_padded mode=vanilla
[solver-sweep] denoiser=wavelet problem=blur algorithm=pnp_hqs schedule=fixed15p0 rho=0.4 step=0.5 lam=0.15 image=test009.png input=upright mode=vanilla
[solver-sweep] denoiser=wavelet problem=blur algorithm=pnp_hqs schedule=fixed15p0 rho=0.4 step=0.5 lam=0.15 image=test009.png input=rot45_padded mode=vanilla
[solver-sweep] denoiser=wavelet problem=blur algorithm=pnp_hqs schedule=fixed15p0 rho=0.4 step=0.5 lam=0.15 image=test010.png input=upright mode=vanilla
[solver-sweep] denoiser=wavelet problem=blur algorithm=pnp_hqs schedule=fixed15p0 rho=0.4 step=0.5 lam=0.15 image=test010.png input=rot45_padded mode=vanilla
[solver-sweep] denoiser=wavelet problem=blur algorithm=pnp_hqs schedule=fixed15p0 rho=0.8 step=0.5 lam=0.15 image=test001.png input=upright mode=vanilla
[solver-sweep] denoiser=wavelet problem=blur algorithm=pnp_hqs schedule=fixed15p0 rho=0.8 step=0.5 lam=0.15 image=test001.png input=rot45_padded mode=vanilla
[solver-sweep] denoiser=wavelet problem=blur algorithm=pnp_hqs schedule=fixed15p0 rho=0.8 step=0.5 lam=0.15 image=test002.png input=upright mode=vanilla
[solver-sweep] denoiser=wavelet problem=blur algorithm=pnp_hqs schedule=fixed15p0 rho=0.8 step=0.5 lam=0.15 image=test002.png input=rot45_padded mode=vanilla
[solver-sweep] denoiser=wavelet problem=blur algorithm=pnp_hqs schedule=fixed15p0 rho=0.8 step=0.5 lam=0.15 image=test003.png input=upright mode=vanilla
[solver-sweep] denoiser=wavelet problem=blur algorithm=pnp_hqs schedule=fixed15p0 rho=0.8 step=0.5 lam=0.15 image=test003.png input=rot45_padded mode=vanilla
[solver-sweep] denoiser=wavelet problem=blur algorithm=pnp_hqs schedule=fixed15p0 rho=0.8 step=0.5 lam=0.15 image=test004.png input=upright mode=vanilla
[solver-sweep] denoiser=wavelet problem=blur algorithm=pnp_hqs schedule=fixed15p0 rho=0.8 step=0.5 lam=0.15 image=test004.png input=rot45_padded mode=vanilla
[solver-sweep] denoiser=wavelet problem=blur algorithm=pnp_hqs schedule=fixed15p0 rho=0.8 step=0.5 lam=0.15 image=test005.png input=upright mode=vanilla
[solver-sweep] denoiser=wavelet problem=blur algorithm=pnp_hqs schedule=fixed15p0 rho=0.8 step=0.5 lam=0.15 image=test005.png input=rot45_padded mode=vanilla
[solver-sweep] denoiser=wavelet problem=blur algorithm=pnp_hqs schedule=fixed15p0 rho=0.8 step=0.5 lam=0.15 image=test006.png input=upright mode=vanilla
[solver-sweep] denoiser=wavelet problem=blur algorithm=pnp_hqs schedule=fixed15p0 rho=0.8 step=0.5 lam=0.15 image=test006.png input=rot45_padded mode=vanilla
[solver-sweep] denoiser=wavelet problem=blur algorithm=pnp_hqs schedule=fixed15p0 rho=0.8 step=0.5 lam=0.15 image=test007.png input=upright mode=vanilla
[solver-sweep] denoiser=wavelet problem=blur algorithm=pnp_hqs schedule=fixed15p0 rho=0.8 step=0.5 lam=0.15 image=test007.png input=rot45_padded mode=vanilla
[solver-sweep] denoiser=wavelet problem=blur algorithm=pnp_hqs schedule=fixed15p0 rho=0.8 step=0.5 lam=0.15 image=test008.png input=upright mode=vanilla
[solver-sweep] denoiser=wavelet problem=blur algorithm=pnp_hqs schedule=fixed15p0 rho=0.8 step=0.5 lam=0.15 image=test008.png input=rot45_padded mode=vanilla
[solver-sweep] denoiser=wavelet problem=blur algorithm=pnp_hqs schedule=fixed15p0 rho=0.8 step=0.5 lam=0.15 image=test009.png input=upright mode=vanilla
[solver-sweep] denoiser=wavelet problem=blur algorithm=pnp_hqs schedule=fixed15p0 rho=0.8 step=0.5 lam=0.15 image=test009.png input=rot45_padded mode=vanilla
[solver-sweep] denoiser=wavelet problem=blur algorithm=pnp_hqs schedule=fixed15p0 rho=0.8 step=0.5 lam=0.15 image=test010.png input=upright mode=vanilla
[solver-sweep] denoiser=wavelet problem=blur algorithm=pnp_hqs schedule=fixed15p0 rho=0.8 step=0.5 lam=0.15 image=test010.png input=rot45_padded mode=vanilla
[solver-sweep] denoiser=wavelet problem=blur algorithm=pnp_hqs schedule=linear15p0_to_3p0 rho=0.4 step=0.5 lam=0.15 image=test001.png input=upright mode=vanilla
[solver-sweep] denoiser=wavelet problem=blur algorithm=pnp_hqs schedule=linear15p0_to_3p0 rho=0.4 step=0.5 lam=0.15 image=test001.png input=rot45_padded mode=vanilla
[solver-sweep] denoiser=wavelet problem=blur algorithm=pnp_hqs schedule=linear15p0_to_3p0 rho=0.4 step=0.5 lam=0.15 image=test002.png input=upright mode=vanilla
[solver-sweep] denoiser=wavelet problem=blur algorithm=pnp_hqs schedule=linear15p0_to_3p0 rho=0.4 step=0.5 lam=0.15 image=test002.png input=rot45_padded mode=vanilla
[solver-sweep] denoiser=wavelet problem=blur algorithm=pnp_hqs schedule=linear15p0_to_3p0 rho=0.4 step=0.5 lam=0.15 image=test003.png input=upright mode=vanilla
[solver-sweep] denoiser=wavelet problem=blur algorithm=pnp_hqs schedule=linear15p0_to_3p0 rho=0.4 step=0.5 lam=0.15 image=test003.png input=rot45_padded mode=vanilla
[solver-sweep] denoiser=wavelet problem=blur algorithm=pnp_hqs schedule=linear15p0_to_3p0 rho=0.4 step=0.5 lam=0.15 image=test004.png input=upright mode=vanilla
[solver-sweep] denoiser=wavelet problem=blur algorithm=pnp_hqs schedule=linear15p0_to_3p0 rho=0.4 step=0.5 lam=0.15 image=test004.png input=rot45_padded mode=vanilla
[solver-sweep] denoiser=wavelet problem=blur algorithm=pnp_hqs schedule=linear15p0_to_3p0 rho=0.4 step=0.5 lam=0.15 image=test005.png input=upright mode=vanilla
[solver-sweep] denoiser=wavelet problem=blur algorithm=pnp_hqs schedule=linear15p0_to_3p0 rho=0.4 step=0.5 lam=0.15 image=test005.png input=rot45_padded mode=vanilla
[solver-sweep] denoiser=wavelet problem=blur algorithm=pnp_hqs schedule=linear15p0_to_3p0 rho=0.4 step=0.5 lam=0.15 image=test006.png input=upright mode=vanilla
[solver-sweep] denoiser=wavelet problem=blur algorithm=pnp_hqs schedule=linear15p0_to_3p0 rho=0.4 step=0.5 lam=0.15 image=test006.png input=rot45_padded mode=vanilla
[solver-sweep] denoiser=wavelet problem=blur algorithm=pnp_hqs schedule=linear15p0_to_3p0 rho=0.4 step=0.5 lam=0.15 image=test007.png input=upright mode=vanilla
[solver-sweep] denoiser=wavelet problem=blur algorithm=pnp_hqs schedule=linear15p0_to_3p0 rho=0.4 step=0.5 lam=0.15 image=test007.png input=rot45_padded mode=vanilla
[solver-sweep] denoiser=wavelet problem=blur algorithm=pnp_hqs schedule=linear15p0_to_3p0 rho=0.4 step=0.5 lam=0.15 image=test008.png input=upright mode=vanilla
[solver-sweep] denoiser=wavelet problem=blur algorithm=pnp_hqs schedule=linear15p0_to_3p0 rho=0.4 step=0.5 lam=0.15 image=test008.png input=rot45_padded mode=vanilla
[solver-sweep] denoiser=wavelet problem=blur algorithm=pnp_hqs schedule=linear15p0_to_3p0 rho=0.4 step=0.5 lam=0.15 image=test009.png input=upright mode=vanilla
[solver-sweep] denoiser=wavelet problem=blur algorithm=pnp_hqs schedule=linear15p0_to_3p0 rho=0.4 step=0.5 lam=0.15 image=test009.png input=rot45_padded mode=vanilla
[solver-sweep] denoiser=wavelet problem=blur algorithm=pnp_hqs schedule=linear15p0_to_3p0 rho=0.4 step=0.5 lam=0.15 image=test010.png input=upright mode=vanilla
[solver-sweep] denoiser=wavelet problem=blur algorithm=pnp_hqs schedule=linear15p0_to_3p0 rho=0.4 step=0.5 lam=0.15 image=test010.png input=rot45_padded mode=vanilla
[solver-sweep] denoiser=wavelet problem=blur algorithm=pnp_hqs schedule=linear15p0_to_3p0 rho=0.8 step=0.5 lam=0.15 image=test001.png input=upright mode=vanilla
[solver-sweep] denoiser=wavelet problem=blur algorithm=pnp_hqs schedule=linear15p0_to_3p0 rho=0.8 step=0.5 lam=0.15 image=test001.png input=rot45_padded mode=vanilla
[solver-sweep] denoiser=wavelet problem=blur algorithm=pnp_hqs schedule=linear15p0_to_3p0 rho=0.8 step=0.5 lam=0.15 image=test002.png input=upright mode=vanilla
[solver-sweep] denoiser=wavelet problem=blur algorithm=pnp_hqs schedule=linear15p0_to_3p0 rho=0.8 step=0.5 lam=0.15 image=test002.png input=rot45_padded mode=vanilla
[solver-sweep] denoiser=wavelet problem=blur algorithm=pnp_hqs schedule=linear15p0_to_3p0 rho=0.8 step=0.5 lam=0.15 image=test003.png input=upright mode=vanilla
[solver-sweep] denoiser=wavelet problem=blur algorithm=pnp_hqs schedule=linear15p0_to_3p0 rho=0.8 step=0.5 lam=0.15 image=test003.png input=rot45_padded mode=vanilla
[solver-sweep] denoiser=wavelet problem=blur algorithm=pnp_hqs schedule=linear15p0_to_3p0 rho=0.8 step=0.5 lam=0.15 image=test004.png input=upright mode=vanilla
[solver-sweep] denoiser=wavelet problem=blur algorithm=pnp_hqs schedule=linear15p0_to_3p0 rho=0.8 step=0.5 lam=0.15 image=test004.png input=rot45_padded mode=vanilla
[solver-sweep] denoiser=wavelet problem=blur algorithm=pnp_hqs schedule=linear15p0_to_3p0 rho=0.8 step=0.5 lam=0.15 image=test005.png input=upright mode=vanilla
[solver-sweep] denoiser=wavelet problem=blur algorithm=pnp_hqs schedule=linear15p0_to_3p0 rho=0.8 step=0.5 lam=0.15 image=test005.png input=rot45_padded mode=vanilla
[solver-sweep] denoiser=wavelet problem=blur algorithm=pnp_hqs schedule=linear15p0_to_3p0 rho=0.8 step=0.5 lam=0.15 image=test006.png input=upright mode=vanilla
[solver-sweep] denoiser=wavelet problem=blur algorithm=pnp_hqs schedule=linear15p0_to_3p0 rho=0.8 step=0.5 lam=0.15 image=test006.png input=rot45_padded mode=vanilla
[solver-sweep] denoiser=wavelet problem=blur algorithm=pnp_hqs schedule=linear15p0_to_3p0 rho=0.8 step=0.5 lam=0.15 image=test007.png input=upright mode=vanilla
[solver-sweep] denoiser=wavelet problem=blur algorithm=pnp_hqs schedule=linear15p0_to_3p0 rho=0.8 step=0.5 lam=0.15 image=test007.png input=rot45_padded mode=vanilla
[solver-sweep] denoiser=wavelet problem=blur algorithm=pnp_hqs schedule=linear15p0_to_3p0 rho=0.8 step=0.5 lam=0.15 image=test008.png input=upright mode=vanilla
[solver-sweep] denoiser=wavelet problem=blur algorithm=pnp_hqs schedule=linear15p0_to_3p0 rho=0.8 step=0.5 lam=0.15 image=test008.png input=rot45_padded mode=vanilla
[solver-sweep] denoiser=wavelet problem=blur algorithm=pnp_hqs schedule=linear15p0_to_3p0 rho=0.8 step=0.5 lam=0.15 image=test009.png input=upright mode=vanilla
[solver-sweep] denoiser=wavelet problem=blur algorithm=pnp_hqs schedule=linear15p0_to_3p0 rho=0.8 step=0.5 lam=0.15 image=test009.png input=rot45_padded mode=vanilla
[solver-sweep] denoiser=wavelet problem=blur algorithm=pnp_hqs schedule=linear15p0_to_3p0 rho=0.8 step=0.5 lam=0.15 image=test010.png input=upright mode=vanilla
[solver-sweep] denoiser=wavelet problem=blur algorithm=pnp_hqs schedule=linear15p0_to_3p0 rho=0.8 step=0.5 lam=0.15 image=test010.png input=rot45_padded mode=vanilla
[solver-sweep] denoiser=wavelet problem=blur algorithm=pnp_hqs schedule=linear10p0_to_2p0 rho=0.4 step=0.5 lam=0.15 image=test001.png input=upright mode=vanilla
[solver-sweep] denoiser=wavelet problem=blur algorithm=pnp_hqs schedule=linear10p0_to_2p0 rho=0.4 step=0.5 lam=0.15 image=test001.png input=rot45_padded mode=vanilla
[solver-sweep] denoiser=wavelet problem=blur algorithm=pnp_hqs schedule=linear10p0_to_2p0 rho=0.4 step=0.5 lam=0.15 image=test002.png input=upright mode=vanilla
[solver-sweep] denoiser=wavelet problem=blur algorithm=pnp_hqs schedule=linear10p0_to_2p0 rho=0.4 step=0.5 lam=0.15 image=test002.png input=rot45_padded mode=vanilla
[solver-sweep] denoiser=wavelet problem=blur algorithm=pnp_hqs schedule=linear10p0_to_2p0 rho=0.4 step=0.5 lam=0.15 image=test003.png input=upright mode=vanilla
[solver-sweep] denoiser=wavelet problem=blur algorithm=pnp_hqs schedule=linear10p0_to_2p0 rho=0.4 step=0.5 lam=0.15 image=test003.png input=rot45_padded mode=vanilla
[solver-sweep] denoiser=wavelet problem=blur algorithm=pnp_hqs schedule=linear10p0_to_2p0 rho=0.4 step=0.5 lam=0.15 image=test004.png input=upright mode=vanilla
[solver-sweep] denoiser=wavelet problem=blur algorithm=pnp_hqs schedule=linear10p0_to_2p0 rho=0.4 step=0.5 lam=0.15 image=test004.png input=rot45_padded mode=vanilla
[solver-sweep] denoiser=wavelet problem=blur algorithm=pnp_hqs schedule=linear10p0_to_2p0 rho=0.4 step=0.5 lam=0.15 image=test005.png input=upright mode=vanilla
[solver-sweep] denoiser=wavelet problem=blur algorithm=pnp_hqs schedule=linear10p0_to_2p0 rho=0.4 step=0.5 lam=0.15 image=test005.png input=rot45_padded mode=vanilla
[solver-sweep] denoiser=wavelet problem=blur algorithm=pnp_hqs schedule=linear10p0_to_2p0 rho=0.4 step=0.5 lam=0.15 image=test006.png input=upright mode=vanilla
[solver-sweep] denoiser=wavelet problem=blur algorithm=pnp_hqs schedule=linear10p0_to_2p0 rho=0.4 step=0.5 lam=0.15 image=test006.png input=rot45_padded mode=vanilla
[solver-sweep] denoiser=wavelet problem=blur algorithm=pnp_hqs schedule=linear10p0_to_2p0 rho=0.4 step=0.5 lam=0.15 image=test007.png input=upright mode=vanilla
[solver-sweep] denoiser=wavelet problem=blur algorithm=pnp_hqs schedule=linear10p0_to_2p0 rho=0.4 step=0.5 lam=0.15 image=test007.png input=rot45_padded mode=vanilla
[solver-sweep] denoiser=wavelet problem=blur algorithm=pnp_hqs schedule=linear10p0_to_2p0 rho=0.4 step=0.5 lam=0.15 image=test008.png input=upright mode=vanilla
[solver-sweep] denoiser=wavelet problem=blur algorithm=pnp_hqs schedule=linear10p0_to_2p0 rho=0.4 step=0.5 lam=0.15 image=test008.png input=rot45_padded mode=vanilla
[solver-sweep] denoiser=wavelet problem=blur algorithm=pnp_hqs schedule=linear10p0_to_2p0 rho=0.4 step=0.5 lam=0.15 image=test009.png input=upright mode=vanilla
[solver-sweep] denoiser=wavelet problem=blur algorithm=pnp_hqs schedule=linear10p0_to_2p0 rho=0.4 step=0.5 lam=0.15 image=test009.png input=rot45_padded mode=vanilla
[solver-sweep] denoiser=wavelet problem=blur algorithm=pnp_hqs schedule=linear10p0_to_2p0 rho=0.4 step=0.5 lam=0.15 image=test010.png input=upright mode=vanilla
[solver-sweep] denoiser=wavelet problem=blur algorithm=pnp_hqs schedule=linear10p0_to_2p0 rho=0.4 step=0.5 lam=0.15 image=test010.png input=rot45_padded mode=vanilla
[solver-sweep] denoiser=wavelet problem=blur algorithm=pnp_hqs schedule=linear10p0_to_2p0 rho=0.8 step=0.5 lam=0.15 image=test001.png input=upright mode=vanilla
[solver-sweep] denoiser=wavelet problem=blur algorithm=pnp_hqs schedule=linear10p0_to_2p0 rho=0.8 step=0.5 lam=0.15 image=test001.png input=rot45_padded mode=vanilla
[solver-sweep] denoiser=wavelet problem=blur algorithm=pnp_hqs schedule=linear10p0_to_2p0 rho=0.8 step=0.5 lam=0.15 image=test002.png input=upright mode=vanilla
[solver-sweep] denoiser=wavelet problem=blur algorithm=pnp_hqs schedule=linear10p0_to_2p0 rho=0.8 step=0.5 lam=0.15 image=test002.png input=rot45_padded mode=vanilla
[solver-sweep] denoiser=wavelet problem=blur algorithm=pnp_hqs schedule=linear10p0_to_2p0 rho=0.8 step=0.5 lam=0.15 image=test003.png input=upright mode=vanilla
[solver-sweep] denoiser=wavelet problem=blur algorithm=pnp_hqs schedule=linear10p0_to_2p0 rho=0.8 step=0.5 lam=0.15 image=test003.png input=rot45_padded mode=vanilla
[solver-sweep] denoiser=wavelet problem=blur algorithm=pnp_hqs schedule=linear10p0_to_2p0 rho=0.8 step=0.5 lam=0.15 image=test004.png input=upright mode=vanilla
[solver-sweep] denoiser=wavelet problem=blur algorithm=pnp_hqs schedule=linear10p0_to_2p0 rho=0.8 step=0.5 lam=0.15 image=test004.png input=rot45_padded mode=vanilla
[solver-sweep] denoiser=wavelet problem=blur algorithm=pnp_hqs schedule=linear10p0_to_2p0 rho=0.8 step=0.5 lam=0.15 image=test005.png input=upright mode=vanilla
[solver-sweep] denoiser=wavelet problem=blur algorithm=pnp_hqs schedule=linear10p0_to_2p0 rho=0.8 step=0.5 lam=0.15 image=test005.png input=rot45_padded mode=vanilla
[solver-sweep] denoiser=wavelet problem=blur algorithm=pnp_hqs schedule=linear10p0_to_2p0 rho=0.8 step=0.5 lam=0.15 image=test006.png input=upright mode=vanilla
[solver-sweep] denoiser=wavelet problem=blur algorithm=pnp_hqs schedule=linear10p0_to_2p0 rho=0.8 step=0.5 lam=0.15 image=test006.png input=rot45_padded mode=vanilla
[solver-sweep] denoiser=wavelet problem=blur algorithm=pnp_hqs schedule=linear10p0_to_2p0 rho=0.8 step=0.5 lam=0.15 image=test007.png input=upright mode=vanilla
[solver-sweep] denoiser=wavelet problem=blur algorithm=pnp_hqs schedule=linear10p0_to_2p0 rho=0.8 step=0.5 lam=0.15 image=test007.png input=rot45_padded mode=vanilla
[solver-sweep] denoiser=wavelet problem=blur algorithm=pnp_hqs schedule=linear10p0_to_2p0 rho=0.8 step=0.5 lam=0.15 image=test008.png input=upright mode=vanilla
[solver-sweep] denoiser=wavelet problem=blur algorithm=pnp_hqs schedule=linear10p0_to_2p0 rho=0.8 step=0.5 lam=0.15 image=test008.png input=rot45_padded mode=vanilla
[solver-sweep] denoiser=wavelet problem=blur algorithm=pnp_hqs schedule=linear10p0_to_2p0 rho=0.8 step=0.5 lam=0.15 image=test009.png input=upright mode=vanilla
[solver-sweep] denoiser=wavelet problem=blur algorithm=pnp_hqs schedule=linear10p0_to_2p0 rho=0.8 step=0.5 lam=0.15 image=test009.png input=rot45_padded mode=vanilla
[solver-sweep] denoiser=wavelet problem=blur algorithm=pnp_hqs schedule=linear10p0_to_2p0 rho=0.8 step=0.5 lam=0.15 image=test010.png input=upright mode=vanilla
[solver-sweep] denoiser=wavelet problem=blur algorithm=pnp_hqs schedule=linear10p0_to_2p0 rho=0.8 step=0.5 lam=0.15 image=test010.png input=rot45_padded mode=vanilla
[solver-sweep] denoiser=wavelet problem=inpaint algorithm=pnp_hqs schedule=fixed3p0 rho=0.4 step=0.5 lam=0.15 image=test001.png input=upright mode=vanilla
[solver-sweep] denoiser=wavelet problem=inpaint algorithm=pnp_hqs schedule=fixed3p0 rho=0.4 step=0.5 lam=0.15 image=test001.png input=rot45_padded mode=vanilla
[solver-sweep] denoiser=wavelet problem=inpaint algorithm=pnp_hqs schedule=fixed3p0 rho=0.4 step=0.5 lam=0.15 image=test002.png input=upright mode=vanilla
[solver-sweep] denoiser=wavelet problem=inpaint algorithm=pnp_hqs schedule=fixed3p0 rho=0.4 step=0.5 lam=0.15 image=test002.png input=rot45_padded mode=vanilla
[solver-sweep] denoiser=wavelet problem=inpaint algorithm=pnp_hqs schedule=fixed3p0 rho=0.4 step=0.5 lam=0.15 image=test003.png input=upright mode=vanilla
[solver-sweep] denoiser=wavelet problem=inpaint algorithm=pnp_hqs schedule=fixed3p0 rho=0.4 step=0.5 lam=0.15 image=test003.png input=rot45_padded mode=vanilla
[solver-sweep] denoiser=wavelet problem=inpaint algorithm=pnp_hqs schedule=fixed3p0 rho=0.4 step=0.5 lam=0.15 image=test004.png input=upright mode=vanilla
[solver-sweep] denoiser=wavelet problem=inpaint algorithm=pnp_hqs schedule=fixed3p0 rho=0.4 step=0.5 lam=0.15 image=test004.png input=rot45_padded mode=vanilla
[solver-sweep] denoiser=wavelet problem=inpaint algorithm=pnp_hqs schedule=fixed3p0 rho=0.4 step=0.5 lam=0.15 image=test005.png input=upright mode=vanilla
[solver-sweep] denoiser=wavelet problem=inpaint algorithm=pnp_hqs schedule=fixed3p0 rho=0.4 step=0.5 lam=0.15 image=test005.png input=rot45_padded mode=vanilla
[solver-sweep] denoiser=wavelet problem=inpaint algorithm=pnp_hqs schedule=fixed3p0 rho=0.4 step=0.5 lam=0.15 image=test006.png input=upright mode=vanilla
[solver-sweep] denoiser=wavelet problem=inpaint algorithm=pnp_hqs schedule=fixed3p0 rho=0.4 step=0.5 lam=0.15 image=test006.png input=rot45_padded mode=vanilla
[solver-sweep] denoiser=wavelet problem=inpaint algorithm=pnp_hqs schedule=fixed3p0 rho=0.4 step=0.5 lam=0.15 image=test007.png input=upright mode=vanilla
[solver-sweep] denoiser=wavelet problem=inpaint algorithm=pnp_hqs schedule=fixed3p0 rho=0.4 step=0.5 lam=0.15 image=test007.png input=rot45_padded mode=vanilla
[solver-sweep] denoiser=wavelet problem=inpaint algorithm=pnp_hqs schedule=fixed3p0 rho=0.4 step=0.5 lam=0.15 image=test008.png input=upright mode=vanilla
[solver-sweep] denoiser=wavelet problem=inpaint algorithm=pnp_hqs schedule=fixed3p0 rho=0.4 step=0.5 lam=0.15 image=test008.png input=rot45_padded mode=vanilla
[solver-sweep] denoiser=wavelet problem=inpaint algorithm=pnp_hqs schedule=fixed3p0 rho=0.4 step=0.5 lam=0.15 image=test009.png input=upright mode=vanilla
[solver-sweep] denoiser=wavelet problem=inpaint algorithm=pnp_hqs schedule=fixed3p0 rho=0.4 step=0.5 lam=0.15 image=test009.png input=rot45_padded mode=vanilla
[solver-sweep] denoiser=wavelet problem=inpaint algorithm=pnp_hqs schedule=fixed3p0 rho=0.4 step=0.5 lam=0.15 image=test010.png input=upright mode=vanilla
[solver-sweep] denoiser=wavelet problem=inpaint algorithm=pnp_hqs schedule=fixed3p0 rho=0.4 step=0.5 lam=0.15 image=test010.png input=rot45_padded mode=vanilla
[solver-sweep] denoiser=wavelet problem=inpaint algorithm=pnp_hqs schedule=fixed3p0 rho=0.8 step=0.5 lam=0.15 image=test001.png input=upright mode=vanilla
[solver-sweep] denoiser=wavelet problem=inpaint algorithm=pnp_hqs schedule=fixed3p0 rho=0.8 step=0.5 lam=0.15 image=test001.png input=rot45_padded mode=vanilla
[solver-sweep] denoiser=wavelet problem=inpaint algorithm=pnp_hqs schedule=fixed3p0 rho=0.8 step=0.5 lam=0.15 image=test002.png input=upright mode=vanilla
[solver-sweep] denoiser=wavelet problem=inpaint algorithm=pnp_hqs schedule=fixed3p0 rho=0.8 step=0.5 lam=0.15 image=test002.png input=rot45_padded mode=vanilla
[solver-sweep] denoiser=wavelet problem=inpaint algorithm=pnp_hqs schedule=fixed3p0 rho=0.8 step=0.5 lam=0.15 image=test003.png input=upright mode=vanilla
[solver-sweep] denoiser=wavelet problem=inpaint algorithm=pnp_hqs schedule=fixed3p0 rho=0.8 step=0.5 lam=0.15 image=test003.png input=rot45_padded mode=vanilla
[solver-sweep] denoiser=wavelet problem=inpaint algorithm=pnp_hqs schedule=fixed3p0 rho=0.8 step=0.5 lam=0.15 image=test004.png input=upright mode=vanilla
[solver-sweep] denoiser=wavelet problem=inpaint algorithm=pnp_hqs schedule=fixed3p0 rho=0.8 step=0.5 lam=0.15 image=test004.png input=rot45_padded mode=vanilla
[solver-sweep] denoiser=wavelet problem=inpaint algorithm=pnp_hqs schedule=fixed3p0 rho=0.8 step=0.5 lam=0.15 image=test005.png input=upright mode=vanilla
[solver-sweep] denoiser=wavelet problem=inpaint algorithm=pnp_hqs schedule=fixed3p0 rho=0.8 step=0.5 lam=0.15 image=test005.png input=rot45_padded mode=vanilla
[solver-sweep] denoiser=wavelet problem=inpaint algorithm=pnp_hqs schedule=fixed3p0 rho=0.8 step=0.5 lam=0.15 image=test006.png input=upright mode=vanilla
[solver-sweep] denoiser=wavelet problem=inpaint algorithm=pnp_hqs schedule=fixed3p0 rho=0.8 step=0.5 lam=0.15 image=test006.png input=rot45_padded mode=vanilla
[solver-sweep] denoiser=wavelet problem=inpaint algorithm=pnp_hqs schedule=fixed3p0 rho=0.8 step=0.5 lam=0.15 image=test007.png input=upright mode=vanilla
[solver-sweep] denoiser=wavelet problem=inpaint algorithm=pnp_hqs schedule=fixed3p0 rho=0.8 step=0.5 lam=0.15 image=test007.png input=rot45_padded mode=vanilla
[solver-sweep] denoiser=wavelet problem=inpaint algorithm=pnp_hqs schedule=fixed3p0 rho=0.8 step=0.5 lam=0.15 image=test008.png input=upright mode=vanilla
[solver-sweep] denoiser=wavelet problem=inpaint algorithm=pnp_hqs schedule=fixed3p0 rho=0.8 step=0.5 lam=0.15 image=test008.png input=rot45_padded mode=vanilla
[solver-sweep] denoiser=wavelet problem=inpaint algorithm=pnp_hqs schedule=fixed3p0 rho=0.8 step=0.5 lam=0.15 image=test009.png input=upright mode=vanilla
[solver-sweep] denoiser=wavelet problem=inpaint algorithm=pnp_hqs schedule=fixed3p0 rho=0.8 step=0.5 lam=0.15 image=test009.png input=rot45_padded mode=vanilla
[solver-sweep] denoiser=wavelet problem=inpaint algorithm=pnp_hqs schedule=fixed3p0 rho=0.8 step=0.5 lam=0.15 image=test010.png input=upright mode=vanilla
[solver-sweep] denoiser=wavelet problem=inpaint algorithm=pnp_hqs schedule=fixed3p0 rho=0.8 step=0.5 lam=0.15 image=test010.png input=rot45_padded mode=vanilla
[solver-sweep] denoiser=wavelet problem=inpaint algorithm=pnp_hqs schedule=fixed5p0 rho=0.4 step=0.5 lam=0.15 image=test001.png input=upright mode=vanilla
[solver-sweep] denoiser=wavelet problem=inpaint algorithm=pnp_hqs schedule=fixed5p0 rho=0.4 step=0.5 lam=0.15 image=test001.png input=rot45_padded mode=vanilla
[solver-sweep] denoiser=wavelet problem=inpaint algorithm=pnp_hqs schedule=fixed5p0 rho=0.4 step=0.5 lam=0.15 image=test002.png input=upright mode=vanilla
[solver-sweep] denoiser=wavelet problem=inpaint algorithm=pnp_hqs schedule=fixed5p0 rho=0.4 step=0.5 lam=0.15 image=test002.png input=rot45_padded mode=vanilla
[solver-sweep] denoiser=wavelet problem=inpaint algorithm=pnp_hqs schedule=fixed5p0 rho=0.4 step=0.5 lam=0.15 image=test003.png input=upright mode=vanilla
[solver-sweep] denoiser=wavelet problem=inpaint algorithm=pnp_hqs schedule=fixed5p0 rho=0.4 step=0.5 lam=0.15 image=test003.png input=rot45_padded mode=vanilla
[solver-sweep] denoiser=wavelet problem=inpaint algorithm=pnp_hqs schedule=fixed5p0 rho=0.4 step=0.5 lam=0.15 image=test004.png input=upright mode=vanilla
[solver-sweep] denoiser=wavelet problem=inpaint algorithm=pnp_hqs schedule=fixed5p0 rho=0.4 step=0.5 lam=0.15 image=test004.png input=rot45_padded mode=vanilla
[solver-sweep] denoiser=wavelet problem=inpaint algorithm=pnp_hqs schedule=fixed5p0 rho=0.4 step=0.5 lam=0.15 image=test005.png input=upright mode=vanilla
[solver-sweep] denoiser=wavelet problem=inpaint algorithm=pnp_hqs schedule=fixed5p0 rho=0.4 step=0.5 lam=0.15 image=test005.png input=rot45_padded mode=vanilla
[solver-sweep] denoiser=wavelet problem=inpaint algorithm=pnp_hqs schedule=fixed5p0 rho=0.4 step=0.5 lam=0.15 image=test006.png input=upright mode=vanilla
[solver-sweep] denoiser=wavelet problem=inpaint algorithm=pnp_hqs schedule=fixed5p0 rho=0.4 step=0.5 lam=0.15 image=test006.png input=rot45_padded mode=vanilla
[solver-sweep] denoiser=wavelet problem=inpaint algorithm=pnp_hqs schedule=fixed5p0 rho=0.4 step=0.5 lam=0.15 image=test007.png input=upright mode=vanilla
[solver-sweep] denoiser=wavelet problem=inpaint algorithm=pnp_hqs schedule=fixed5p0 rho=0.4 step=0.5 lam=0.15 image=test007.png input=rot45_padded mode=vanilla
[solver-sweep] denoiser=wavelet problem=inpaint algorithm=pnp_hqs schedule=fixed5p0 rho=0.4 step=0.5 lam=0.15 image=test008.png input=upright mode=vanilla
[solver-sweep] denoiser=wavelet problem=inpaint algorithm=pnp_hqs schedule=fixed5p0 rho=0.4 step=0.5 lam=0.15 image=test008.png input=rot45_padded mode=vanilla
[solver-sweep] denoiser=wavelet problem=inpaint algorithm=pnp_hqs schedule=fixed5p0 rho=0.4 step=0.5 lam=0.15 image=test009.png input=upright mode=vanilla
[solver-sweep] denoiser=wavelet problem=inpaint algorithm=pnp_hqs schedule=fixed5p0 rho=0.4 step=0.5 lam=0.15 image=test009.png input=rot45_padded mode=vanilla
[solver-sweep] denoiser=wavelet problem=inpaint algorithm=pnp_hqs schedule=fixed5p0 rho=0.4 step=0.5 lam=0.15 image=test010.png input=upright mode=vanilla
[solver-sweep] denoiser=wavelet problem=inpaint algorithm=pnp_hqs schedule=fixed5p0 rho=0.4 step=0.5 lam=0.15 image=test010.png input=rot45_padded mode=vanilla
[solver-sweep] denoiser=wavelet problem=inpaint algorithm=pnp_hqs schedule=fixed5p0 rho=0.8 step=0.5 lam=0.15 image=test001.png input=upright mode=vanilla
[solver-sweep] denoiser=wavelet problem=inpaint algorithm=pnp_hqs schedule=fixed5p0 rho=0.8 step=0.5 lam=0.15 image=test001.png input=rot45_padded mode=vanilla
[solver-sweep] denoiser=wavelet problem=inpaint algorithm=pnp_hqs schedule=fixed5p0 rho=0.8 step=0.5 lam=0.15 image=test002.png input=upright mode=vanilla
[solver-sweep] denoiser=wavelet problem=inpaint algorithm=pnp_hqs schedule=fixed5p0 rho=0.8 step=0.5 lam=0.15 image=test002.png input=rot45_padded mode=vanilla
[solver-sweep] denoiser=wavelet problem=inpaint algorithm=pnp_hqs schedule=fixed5p0 rho=0.8 step=0.5 lam=0.15 image=test003.png input=upright mode=vanilla
[solver-sweep] denoiser=wavelet problem=inpaint algorithm=pnp_hqs schedule=fixed5p0 rho=0.8 step=0.5 lam=0.15 image=test003.png input=rot45_padded mode=vanilla
[solver-sweep] denoiser=wavelet problem=inpaint algorithm=pnp_hqs schedule=fixed5p0 rho=0.8 step=0.5 lam=0.15 image=test004.png input=upright mode=vanilla
[solver-sweep] denoiser=wavelet problem=inpaint algorithm=pnp_hqs schedule=fixed5p0 rho=0.8 step=0.5 lam=0.15 image=test004.png input=rot45_padded mode=vanilla
[solver-sweep] denoiser=wavelet problem=inpaint algorithm=pnp_hqs schedule=fixed5p0 rho=0.8 step=0.5 lam=0.15 image=test005.png input=upright mode=vanilla
[solver-sweep] denoiser=wavelet problem=inpaint algorithm=pnp_hqs schedule=fixed5p0 rho=0.8 step=0.5 lam=0.15 image=test005.png input=rot45_padded mode=vanilla
[solver-sweep] denoiser=wavelet problem=inpaint algorithm=pnp_hqs schedule=fixed5p0 rho=0.8 step=0.5 lam=0.15 image=test006.png input=upright mode=vanilla
[solver-sweep] denoiser=wavelet problem=inpaint algorithm=pnp_hqs schedule=fixed5p0 rho=0.8 step=0.5 lam=0.15 image=test006.png input=rot45_padded mode=vanilla
[solver-sweep] denoiser=wavelet problem=inpaint algorithm=pnp_hqs schedule=fixed5p0 rho=0.8 step=0.5 lam=0.15 image=test007.png input=upright mode=vanilla
[solver-sweep] denoiser=wavelet problem=inpaint algorithm=pnp_hqs schedule=fixed5p0 rho=0.8 step=0.5 lam=0.15 image=test007.png input=rot45_padded mode=vanilla
[solver-sweep] denoiser=wavelet problem=inpaint algorithm=pnp_hqs schedule=fixed5p0 rho=0.8 step=0.5 lam=0.15 image=test008.png input=upright mode=vanilla
[solver-sweep] denoiser=wavelet problem=inpaint algorithm=pnp_hqs schedule=fixed5p0 rho=0.8 step=0.5 lam=0.15 image=test008.png input=rot45_padded mode=vanilla
[solver-sweep] denoiser=wavelet problem=inpaint algorithm=pnp_hqs schedule=fixed5p0 rho=0.8 step=0.5 lam=0.15 image=test009.png input=upright mode=vanilla
[solver-sweep] denoiser=wavelet problem=inpaint algorithm=pnp_hqs schedule=fixed5p0 rho=0.8 step=0.5 lam=0.15 image=test009.png input=rot45_padded mode=vanilla
[solver-sweep] denoiser=wavelet problem=inpaint algorithm=pnp_hqs schedule=fixed5p0 rho=0.8 step=0.5 lam=0.15 image=test010.png input=upright mode=vanilla
[solver-sweep] denoiser=wavelet problem=inpaint algorithm=pnp_hqs schedule=fixed5p0 rho=0.8 step=0.5 lam=0.15 image=test010.png input=rot45_padded mode=vanilla
[solver-sweep] denoiser=wavelet problem=inpaint algorithm=pnp_hqs schedule=fixed7p5 rho=0.4 step=0.5 lam=0.15 image=test001.png input=upright mode=vanilla
[solver-sweep] denoiser=wavelet problem=inpaint algorithm=pnp_hqs schedule=fixed7p5 rho=0.4 step=0.5 lam=0.15 image=test001.png input=rot45_padded mode=vanilla
[solver-sweep] denoiser=wavelet problem=inpaint algorithm=pnp_hqs schedule=fixed7p5 rho=0.4 step=0.5 lam=0.15 image=test002.png input=upright mode=vanilla
[solver-sweep] denoiser=wavelet problem=inpaint algorithm=pnp_hqs schedule=fixed7p5 rho=0.4 step=0.5 lam=0.15 image=test002.png input=rot45_padded mode=vanilla
[solver-sweep] denoiser=wavelet problem=inpaint algorithm=pnp_hqs schedule=fixed7p5 rho=0.4 step=0.5 lam=0.15 image=test003.png input=upright mode=vanilla
[solver-sweep] denoiser=wavelet problem=inpaint algorithm=pnp_hqs schedule=fixed7p5 rho=0.4 step=0.5 lam=0.15 image=test003.png input=rot45_padded mode=vanilla
[solver-sweep] denoiser=wavelet problem=inpaint algorithm=pnp_hqs schedule=fixed7p5 rho=0.4 step=0.5 lam=0.15 image=test004.png input=upright mode=vanilla
[solver-sweep] denoiser=wavelet problem=inpaint algorithm=pnp_hqs schedule=fixed7p5 rho=0.4 step=0.5 lam=0.15 image=test004.png input=rot45_padded mode=vanilla
[solver-sweep] denoiser=wavelet problem=inpaint algorithm=pnp_hqs schedule=fixed7p5 rho=0.4 step=0.5 lam=0.15 image=test005.png input=upright mode=vanilla
[solver-sweep] denoiser=wavelet problem=inpaint algorithm=pnp_hqs schedule=fixed7p5 rho=0.4 step=0.5 lam=0.15 image=test005.png input=rot45_padded mode=vanilla
[solver-sweep] denoiser=wavelet problem=inpaint algorithm=pnp_hqs schedule=fixed7p5 rho=0.4 step=0.5 lam=0.15 image=test006.png input=upright mode=vanilla
[solver-sweep] denoiser=wavelet problem=inpaint algorithm=pnp_hqs schedule=fixed7p5 rho=0.4 step=0.5 lam=0.15 image=test006.png input=rot45_padded mode=vanilla
[solver-sweep] denoiser=wavelet problem=inpaint algorithm=pnp_hqs schedule=fixed7p5 rho=0.4 step=0.5 lam=0.15 image=test007.png input=upright mode=vanilla
[solver-sweep] denoiser=wavelet problem=inpaint algorithm=pnp_hqs schedule=fixed7p5 rho=0.4 step=0.5 lam=0.15 image=test007.png input=rot45_padded mode=vanilla
[solver-sweep] denoiser=wavelet problem=inpaint algorithm=pnp_hqs schedule=fixed7p5 rho=0.4 step=0.5 lam=0.15 image=test008.png input=upright mode=vanilla
[solver-sweep] denoiser=wavelet problem=inpaint algorithm=pnp_hqs schedule=fixed7p5 rho=0.4 step=0.5 lam=0.15 image=test008.png input=rot45_padded mode=vanilla
[solver-sweep] denoiser=wavelet problem=inpaint algorithm=pnp_hqs schedule=fixed7p5 rho=0.4 step=0.5 lam=0.15 image=test009.png input=upright mode=vanilla
[solver-sweep] denoiser=wavelet problem=inpaint algorithm=pnp_hqs schedule=fixed7p5 rho=0.4 step=0.5 lam=0.15 image=test009.png input=rot45_padded mode=vanilla
[solver-sweep] denoiser=wavelet problem=inpaint algorithm=pnp_hqs schedule=fixed7p5 rho=0.4 step=0.5 lam=0.15 image=test010.png input=upright mode=vanilla
[solver-sweep] denoiser=wavelet problem=inpaint algorithm=pnp_hqs schedule=fixed7p5 rho=0.4 step=0.5 lam=0.15 image=test010.png input=rot45_padded mode=vanilla
[solver-sweep] denoiser=wavelet problem=inpaint algorithm=pnp_hqs schedule=fixed7p5 rho=0.8 step=0.5 lam=0.15 image=test001.png input=upright mode=vanilla
[solver-sweep] denoiser=wavelet problem=inpaint algorithm=pnp_hqs schedule=fixed7p5 rho=0.8 step=0.5 lam=0.15 image=test001.png input=rot45_padded mode=vanilla
[solver-sweep] denoiser=wavelet problem=inpaint algorithm=pnp_hqs schedule=fixed7p5 rho=0.8 step=0.5 lam=0.15 image=test002.png input=upright mode=vanilla
[solver-sweep] denoiser=wavelet problem=inpaint algorithm=pnp_hqs schedule=fixed7p5 rho=0.8 step=0.5 lam=0.15 image=test002.png input=rot45_padded mode=vanilla
[solver-sweep] denoiser=wavelet problem=inpaint algorithm=pnp_hqs schedule=fixed7p5 rho=0.8 step=0.5 lam=0.15 image=test003.png input=upright mode=vanilla
[solver-sweep] denoiser=wavelet problem=inpaint algorithm=pnp_hqs schedule=fixed7p5 rho=0.8 step=0.5 lam=0.15 image=test003.png input=rot45_padded mode=vanilla
[solver-sweep] denoiser=wavelet problem=inpaint algorithm=pnp_hqs schedule=fixed7p5 rho=0.8 step=0.5 lam=0.15 image=test004.png input=upright mode=vanilla
[solver-sweep] denoiser=wavelet problem=inpaint algorithm=pnp_hqs schedule=fixed7p5 rho=0.8 step=0.5 lam=0.15 image=test004.png input=rot45_padded mode=vanilla
[solver-sweep] denoiser=wavelet problem=inpaint algorithm=pnp_hqs schedule=fixed7p5 rho=0.8 step=0.5 lam=0.15 image=test005.png input=upright mode=vanilla
[solver-sweep] denoiser=wavelet problem=inpaint algorithm=pnp_hqs schedule=fixed7p5 rho=0.8 step=0.5 lam=0.15 image=test005.png input=rot45_padded mode=vanilla
[solver-sweep] denoiser=wavelet problem=inpaint algorithm=pnp_hqs schedule=fixed7p5 rho=0.8 step=0.5 lam=0.15 image=test006.png input=upright mode=vanilla
[solver-sweep] denoiser=wavelet problem=inpaint algorithm=pnp_hqs schedule=fixed7p5 rho=0.8 step=0.5 lam=0.15 image=test006.png input=rot45_padded mode=vanilla
[solver-sweep] denoiser=wavelet problem=inpaint algorithm=pnp_hqs schedule=fixed7p5 rho=0.8 step=0.5 lam=0.15 image=test007.png input=upright mode=vanilla
[solver-sweep] denoiser=wavelet problem=inpaint algorithm=pnp_hqs schedule=fixed7p5 rho=0.8 step=0.5 lam=0.15 image=test007.png input=rot45_padded mode=vanilla
[solver-sweep] denoiser=wavelet problem=inpaint algorithm=pnp_hqs schedule=fixed7p5 rho=0.8 step=0.5 lam=0.15 image=test008.png input=upright mode=vanilla
[solver-sweep] denoiser=wavelet problem=inpaint algorithm=pnp_hqs schedule=fixed7p5 rho=0.8 step=0.5 lam=0.15 image=test008.png input=rot45_padded mode=vanilla
[solver-sweep] denoiser=wavelet problem=inpaint algorithm=pnp_hqs schedule=fixed7p5 rho=0.8 step=0.5 lam=0.15 image=test009.png input=upright mode=vanilla
[solver-sweep] denoiser=wavelet problem=inpaint algorithm=pnp_hqs schedule=fixed7p5 rho=0.8 step=0.5 lam=0.15 image=test009.png input=rot45_padded mode=vanilla
[solver-sweep] denoiser=wavelet problem=inpaint algorithm=pnp_hqs schedule=fixed7p5 rho=0.8 step=0.5 lam=0.15 image=test010.png input=upright mode=vanilla
[solver-sweep] denoiser=wavelet problem=inpaint algorithm=pnp_hqs schedule=fixed7p5 rho=0.8 step=0.5 lam=0.15 image=test010.png input=rot45_padded mode=vanilla
[solver-sweep] denoiser=wavelet problem=inpaint algorithm=pnp_hqs schedule=fixed10p0 rho=0.4 step=0.5 lam=0.15 image=test001.png input=upright mode=vanilla
[solver-sweep] denoiser=wavelet problem=inpaint algorithm=pnp_hqs schedule=fixed10p0 rho=0.4 step=0.5 lam=0.15 image=test001.png input=rot45_padded mode=vanilla
[solver-sweep] denoiser=wavelet problem=inpaint algorithm=pnp_hqs schedule=fixed10p0 rho=0.4 step=0.5 lam=0.15 image=test002.png input=upright mode=vanilla
[solver-sweep] denoiser=wavelet problem=inpaint algorithm=pnp_hqs schedule=fixed10p0 rho=0.4 step=0.5 lam=0.15 image=test002.png input=rot45_padded mode=vanilla
[solver-sweep] denoiser=wavelet problem=inpaint algorithm=pnp_hqs schedule=fixed10p0 rho=0.4 step=0.5 lam=0.15 image=test003.png input=upright mode=vanilla
[solver-sweep] denoiser=wavelet problem=inpaint algorithm=pnp_hqs schedule=fixed10p0 rho=0.4 step=0.5 lam=0.15 image=test003.png input=rot45_padded mode=vanilla
[solver-sweep] denoiser=wavelet problem=inpaint algorithm=pnp_hqs schedule=fixed10p0 rho=0.4 step=0.5 lam=0.15 image=test004.png input=upright mode=vanilla
[solver-sweep] denoiser=wavelet problem=inpaint algorithm=pnp_hqs schedule=fixed10p0 rho=0.4 step=0.5 lam=0.15 image=test004.png input=rot45_padded mode=vanilla
[solver-sweep] denoiser=wavelet problem=inpaint algorithm=pnp_hqs schedule=fixed10p0 rho=0.4 step=0.5 lam=0.15 image=test005.png input=upright mode=vanilla
[solver-sweep] denoiser=wavelet problem=inpaint algorithm=pnp_hqs schedule=fixed10p0 rho=0.4 step=0.5 lam=0.15 image=test005.png input=rot45_padded mode=vanilla
[solver-sweep] denoiser=wavelet problem=inpaint algorithm=pnp_hqs schedule=fixed10p0 rho=0.4 step=0.5 lam=0.15 image=test006.png input=upright mode=vanilla
[solver-sweep] denoiser=wavelet problem=inpaint algorithm=pnp_hqs schedule=fixed10p0 rho=0.4 step=0.5 lam=0.15 image=test006.png input=rot45_padded mode=vanilla
[solver-sweep] denoiser=wavelet problem=inpaint algorithm=pnp_hqs schedule=fixed10p0 rho=0.4 step=0.5 lam=0.15 image=test007.png input=upright mode=vanilla
[solver-sweep] denoiser=wavelet problem=inpaint algorithm=pnp_hqs schedule=fixed10p0 rho=0.4 step=0.5 lam=0.15 image=test007.png input=rot45_padded mode=vanilla
[solver-sweep] denoiser=wavelet problem=inpaint algorithm=pnp_hqs schedule=fixed10p0 rho=0.4 step=0.5 lam=0.15 image=test008.png input=upright mode=vanilla
[solver-sweep] denoiser=wavelet problem=inpaint algorithm=pnp_hqs schedule=fixed10p0 rho=0.4 step=0.5 lam=0.15 image=test008.png input=rot45_padded mode=vanilla
[solver-sweep] denoiser=wavelet problem=inpaint algorithm=pnp_hqs schedule=fixed10p0 rho=0.4 step=0.5 lam=0.15 image=test009.png input=upright mode=vanilla
[solver-sweep] denoiser=wavelet problem=inpaint algorithm=pnp_hqs schedule=fixed10p0 rho=0.4 step=0.5 lam=0.15 image=test009.png input=rot45_padded mode=vanilla
[solver-sweep] denoiser=wavelet problem=inpaint algorithm=pnp_hqs schedule=fixed10p0 rho=0.4 step=0.5 lam=0.15 image=test010.png input=upright mode=vanilla
[solver-sweep] denoiser=wavelet problem=inpaint algorithm=pnp_hqs schedule=fixed10p0 rho=0.4 step=0.5 lam=0.15 image=test010.png input=rot45_padded mode=vanilla
[solver-sweep] denoiser=wavelet problem=inpaint algorithm=pnp_hqs schedule=fixed10p0 rho=0.8 step=0.5 lam=0.15 image=test001.png input=upright mode=vanilla
[solver-sweep] denoiser=wavelet problem=inpaint algorithm=pnp_hqs schedule=fixed10p0 rho=0.8 step=0.5 lam=0.15 image=test001.png input=rot45_padded mode=vanilla
[solver-sweep] denoiser=wavelet problem=inpaint algorithm=pnp_hqs schedule=fixed10p0 rho=0.8 step=0.5 lam=0.15 image=test002.png input=upright mode=vanilla
[solver-sweep] denoiser=wavelet problem=inpaint algorithm=pnp_hqs schedule=fixed10p0 rho=0.8 step=0.5 lam=0.15 image=test002.png input=rot45_padded mode=vanilla
[solver-sweep] denoiser=wavelet problem=inpaint algorithm=pnp_hqs schedule=fixed10p0 rho=0.8 step=0.5 lam=0.15 image=test003.png input=upright mode=vanilla
[solver-sweep] denoiser=wavelet problem=inpaint algorithm=pnp_hqs schedule=fixed10p0 rho=0.8 step=0.5 lam=0.15 image=test003.png input=rot45_padded mode=vanilla
[solver-sweep] denoiser=wavelet problem=inpaint algorithm=pnp_hqs schedule=fixed10p0 rho=0.8 step=0.5 lam=0.15 image=test004.png input=upright mode=vanilla
[solver-sweep] denoiser=wavelet problem=inpaint algorithm=pnp_hqs schedule=fixed10p0 rho=0.8 step=0.5 lam=0.15 image=test004.png input=rot45_padded mode=vanilla
[solver-sweep] denoiser=wavelet problem=inpaint algorithm=pnp_hqs schedule=fixed10p0 rho=0.8 step=0.5 lam=0.15 image=test005.png input=upright mode=vanilla
[solver-sweep] denoiser=wavelet problem=inpaint algorithm=pnp_hqs schedule=fixed10p0 rho=0.8 step=0.5 lam=0.15 image=test005.png input=rot45_padded mode=vanilla
[solver-sweep] denoiser=wavelet problem=inpaint algorithm=pnp_hqs schedule=fixed10p0 rho=0.8 step=0.5 lam=0.15 image=test006.png input=upright mode=vanilla
[solver-sweep] denoiser=wavelet problem=inpaint algorithm=pnp_hqs schedule=fixed10p0 rho=0.8 step=0.5 lam=0.15 image=test006.png input=rot45_padded mode=vanilla
[solver-sweep] denoiser=wavelet problem=inpaint algorithm=pnp_hqs schedule=fixed10p0 rho=0.8 step=0.5 lam=0.15 image=test007.png input=upright mode=vanilla
[solver-sweep] denoiser=wavelet problem=inpaint algorithm=pnp_hqs schedule=fixed10p0 rho=0.8 step=0.5 lam=0.15 image=test007.png input=rot45_padded mode=vanilla
[solver-sweep] denoiser=wavelet problem=inpaint algorithm=pnp_hqs schedule=fixed10p0 rho=0.8 step=0.5 lam=0.15 image=test008.png input=upright mode=vanilla
[solver-sweep] denoiser=wavelet problem=inpaint algorithm=pnp_hqs schedule=fixed10p0 rho=0.8 step=0.5 lam=0.15 image=test008.png input=rot45_padded mode=vanilla
[solver-sweep] denoiser=wavelet problem=inpaint algorithm=pnp_hqs schedule=fixed10p0 rho=0.8 step=0.5 lam=0.15 image=test009.png input=upright mode=vanilla
[solver-sweep] denoiser=wavelet problem=inpaint algorithm=pnp_hqs schedule=fixed10p0 rho=0.8 step=0.5 lam=0.15 image=test009.png input=rot45_padded mode=vanilla
[solver-sweep] denoiser=wavelet problem=inpaint algorithm=pnp_hqs schedule=fixed10p0 rho=0.8 step=0.5 lam=0.15 image=test010.png input=upright mode=vanilla
[solver-sweep] denoiser=wavelet problem=inpaint algorithm=pnp_hqs schedule=fixed10p0 rho=0.8 step=0.5 lam=0.15 image=test010.png input=rot45_padded mode=vanilla
[solver-sweep] denoiser=wavelet problem=inpaint algorithm=pnp_hqs schedule=fixed15p0 rho=0.4 step=0.5 lam=0.15 image=test001.png input=upright mode=vanilla
[solver-sweep] denoiser=wavelet problem=inpaint algorithm=pnp_hqs schedule=fixed15p0 rho=0.4 step=0.5 lam=0.15 image=test001.png input=rot45_padded mode=vanilla
[solver-sweep] denoiser=wavelet problem=inpaint algorithm=pnp_hqs schedule=fixed15p0 rho=0.4 step=0.5 lam=0.15 image=test002.png input=upright mode=vanilla
[solver-sweep] denoiser=wavelet problem=inpaint algorithm=pnp_hqs schedule=fixed15p0 rho=0.4 step=0.5 lam=0.15 image=test002.png input=rot45_padded mode=vanilla
[solver-sweep] denoiser=wavelet problem=inpaint algorithm=pnp_hqs schedule=fixed15p0 rho=0.4 step=0.5 lam=0.15 image=test003.png input=upright mode=vanilla
[solver-sweep] denoiser=wavelet problem=inpaint algorithm=pnp_hqs schedule=fixed15p0 rho=0.4 step=0.5 lam=0.15 image=test003.png input=rot45_padded mode=vanilla
[solver-sweep] denoiser=wavelet problem=inpaint algorithm=pnp_hqs schedule=fixed15p0 rho=0.4 step=0.5 lam=0.15 image=test004.png input=upright mode=vanilla
[solver-sweep] denoiser=wavelet problem=inpaint algorithm=pnp_hqs schedule=fixed15p0 rho=0.4 step=0.5 lam=0.15 image=test004.png input=rot45_padded mode=vanilla
[solver-sweep] denoiser=wavelet problem=inpaint algorithm=pnp_hqs schedule=fixed15p0 rho=0.4 step=0.5 lam=0.15 image=test005.png input=upright mode=vanilla
[solver-sweep] denoiser=wavelet problem=inpaint algorithm=pnp_hqs schedule=fixed15p0 rho=0.4 step=0.5 lam=0.15 image=test005.png input=rot45_padded mode=vanilla
[solver-sweep] denoiser=wavelet problem=inpaint algorithm=pnp_hqs schedule=fixed15p0 rho=0.4 step=0.5 lam=0.15 image=test006.png input=upright mode=vanilla
[solver-sweep] denoiser=wavelet problem=inpaint algorithm=pnp_hqs schedule=fixed15p0 rho=0.4 step=0.5 lam=0.15 image=test006.png input=rot45_padded mode=vanilla
[solver-sweep] denoiser=wavelet problem=inpaint algorithm=pnp_hqs schedule=fixed15p0 rho=0.4 step=0.5 lam=0.15 image=test007.png input=upright mode=vanilla
[solver-sweep] denoiser=wavelet problem=inpaint algorithm=pnp_hqs schedule=fixed15p0 rho=0.4 step=0.5 lam=0.15 image=test007.png input=rot45_padded mode=vanilla
[solver-sweep] denoiser=wavelet problem=inpaint algorithm=pnp_hqs schedule=fixed15p0 rho=0.4 step=0.5 lam=0.15 image=test008.png input=upright mode=vanilla
[solver-sweep] denoiser=wavelet problem=inpaint algorithm=pnp_hqs schedule=fixed15p0 rho=0.4 step=0.5 lam=0.15 image=test008.png input=rot45_padded mode=vanilla
[solver-sweep] denoiser=wavelet problem=inpaint algorithm=pnp_hqs schedule=fixed15p0 rho=0.4 step=0.5 lam=0.15 image=test009.png input=upright mode=vanilla
[solver-sweep] denoiser=wavelet problem=inpaint algorithm=pnp_hqs schedule=fixed15p0 rho=0.4 step=0.5 lam=0.15 image=test009.png input=rot45_padded mode=vanilla
[solver-sweep] denoiser=wavelet problem=inpaint algorithm=pnp_hqs schedule=fixed15p0 rho=0.4 step=0.5 lam=0.15 image=test010.png input=upright mode=vanilla
[solver-sweep] denoiser=wavelet problem=inpaint algorithm=pnp_hqs schedule=fixed15p0 rho=0.4 step=0.5 lam=0.15 image=test010.png input=rot45_padded mode=vanilla
[solver-sweep] denoiser=wavelet problem=inpaint algorithm=pnp_hqs schedule=fixed15p0 rho=0.8 step=0.5 lam=0.15 image=test001.png input=upright mode=vanilla
[solver-sweep] denoiser=wavelet problem=inpaint algorithm=pnp_hqs schedule=fixed15p0 rho=0.8 step=0.5 lam=0.15 image=test001.png input=rot45_padded mode=vanilla
[solver-sweep] denoiser=wavelet problem=inpaint algorithm=pnp_hqs schedule=fixed15p0 rho=0.8 step=0.5 lam=0.15 image=test002.png input=upright mode=vanilla
[solver-sweep] denoiser=wavelet problem=inpaint algorithm=pnp_hqs schedule=fixed15p0 rho=0.8 step=0.5 lam=0.15 image=test002.png input=rot45_padded mode=vanilla
[solver-sweep] denoiser=wavelet problem=inpaint algorithm=pnp_hqs schedule=fixed15p0 rho=0.8 step=0.5 lam=0.15 image=test003.png input=upright mode=vanilla
[solver-sweep] denoiser=wavelet problem=inpaint algorithm=pnp_hqs schedule=fixed15p0 rho=0.8 step=0.5 lam=0.15 image=test003.png input=rot45_padded mode=vanilla
[solver-sweep] denoiser=wavelet problem=inpaint algorithm=pnp_hqs schedule=fixed15p0 rho=0.8 step=0.5 lam=0.15 image=test004.png input=upright mode=vanilla
[solver-sweep] denoiser=wavelet problem=inpaint algorithm=pnp_hqs schedule=fixed15p0 rho=0.8 step=0.5 lam=0.15 image=test004.png input=rot45_padded mode=vanilla
[solver-sweep] denoiser=wavelet problem=inpaint algorithm=pnp_hqs schedule=fixed15p0 rho=0.8 step=0.5 lam=0.15 image=test005.png input=upright mode=vanilla
[solver-sweep] denoiser=wavelet problem=inpaint algorithm=pnp_hqs schedule=fixed15p0 rho=0.8 step=0.5 lam=0.15 image=test005.png input=rot45_padded mode=vanilla
[solver-sweep] denoiser=wavelet problem=inpaint algorithm=pnp_hqs schedule=fixed15p0 rho=0.8 step=0.5 lam=0.15 image=test006.png input=upright mode=vanilla
[solver-sweep] denoiser=wavelet problem=inpaint algorithm=pnp_hqs schedule=fixed15p0 rho=0.8 step=0.5 lam=0.15 image=test006.png input=rot45_padded mode=vanilla
[solver-sweep] denoiser=wavelet problem=inpaint algorithm=pnp_hqs schedule=fixed15p0 rho=0.8 step=0.5 lam=0.15 image=test007.png input=upright mode=vanilla
[solver-sweep] denoiser=wavelet problem=inpaint algorithm=pnp_hqs schedule=fixed15p0 rho=0.8 step=0.5 lam=0.15 image=test007.png input=rot45_padded mode=vanilla
[solver-sweep] denoiser=wavelet problem=inpaint algorithm=pnp_hqs schedule=fixed15p0 rho=0.8 step=0.5 lam=0.15 image=test008.png input=upright mode=vanilla
[solver-sweep] denoiser=wavelet problem=inpaint algorithm=pnp_hqs schedule=fixed15p0 rho=0.8 step=0.5 lam=0.15 image=test008.png input=rot45_padded mode=vanilla
[solver-sweep] denoiser=wavelet problem=inpaint algorithm=pnp_hqs schedule=fixed15p0 rho=0.8 step=0.5 lam=0.15 image=test009.png input=upright mode=vanilla
[solver-sweep] denoiser=wavelet problem=inpaint algorithm=pnp_hqs schedule=fixed15p0 rho=0.8 step=0.5 lam=0.15 image=test009.png input=rot45_padded mode=vanilla
[solver-sweep] denoiser=wavelet problem=inpaint algorithm=pnp_hqs schedule=fixed15p0 rho=0.8 step=0.5 lam=0.15 image=test010.png input=upright mode=vanilla
[solver-sweep] denoiser=wavelet problem=inpaint algorithm=pnp_hqs schedule=fixed15p0 rho=0.8 step=0.5 lam=0.15 image=test010.png input=rot45_padded mode=vanilla
[solver-sweep] denoiser=wavelet problem=inpaint algorithm=pnp_hqs schedule=linear15p0_to_3p0 rho=0.4 step=0.5 lam=0.15 image=test001.png input=upright mode=vanilla
[solver-sweep] denoiser=wavelet problem=inpaint algorithm=pnp_hqs schedule=linear15p0_to_3p0 rho=0.4 step=0.5 lam=0.15 image=test001.png input=rot45_padded mode=vanilla
[solver-sweep] denoiser=wavelet problem=inpaint algorithm=pnp_hqs schedule=linear15p0_to_3p0 rho=0.4 step=0.5 lam=0.15 image=test002.png input=upright mode=vanilla
[solver-sweep] denoiser=wavelet problem=inpaint algorithm=pnp_hqs schedule=linear15p0_to_3p0 rho=0.4 step=0.5 lam=0.15 image=test002.png input=rot45_padded mode=vanilla
[solver-sweep] denoiser=wavelet problem=inpaint algorithm=pnp_hqs schedule=linear15p0_to_3p0 rho=0.4 step=0.5 lam=0.15 image=test003.png input=upright mode=vanilla
[solver-sweep] denoiser=wavelet problem=inpaint algorithm=pnp_hqs schedule=linear15p0_to_3p0 rho=0.4 step=0.5 lam=0.15 image=test003.png input=rot45_padded mode=vanilla
[solver-sweep] denoiser=wavelet problem=inpaint algorithm=pnp_hqs schedule=linear15p0_to_3p0 rho=0.4 step=0.5 lam=0.15 image=test004.png input=upright mode=vanilla
[solver-sweep] denoiser=wavelet problem=inpaint algorithm=pnp_hqs schedule=linear15p0_to_3p0 rho=0.4 step=0.5 lam=0.15 image=test004.png input=rot45_padded mode=vanilla
[solver-sweep] denoiser=wavelet problem=inpaint algorithm=pnp_hqs schedule=linear15p0_to_3p0 rho=0.4 step=0.5 lam=0.15 image=test005.png input=upright mode=vanilla
[solver-sweep] denoiser=wavelet problem=inpaint algorithm=pnp_hqs schedule=linear15p0_to_3p0 rho=0.4 step=0.5 lam=0.15 image=test005.png input=rot45_padded mode=vanilla
[solver-sweep] denoiser=wavelet problem=inpaint algorithm=pnp_hqs schedule=linear15p0_to_3p0 rho=0.4 step=0.5 lam=0.15 image=test006.png input=upright mode=vanilla
[solver-sweep] denoiser=wavelet problem=inpaint algorithm=pnp_hqs schedule=linear15p0_to_3p0 rho=0.4 step=0.5 lam=0.15 image=test006.png input=rot45_padded mode=vanilla
[solver-sweep] denoiser=wavelet problem=inpaint algorithm=pnp_hqs schedule=linear15p0_to_3p0 rho=0.4 step=0.5 lam=0.15 image=test007.png input=upright mode=vanilla
[solver-sweep] denoiser=wavelet problem=inpaint algorithm=pnp_hqs schedule=linear15p0_to_3p0 rho=0.4 step=0.5 lam=0.15 image=test007.png input=rot45_padded mode=vanilla
[solver-sweep] denoiser=wavelet problem=inpaint algorithm=pnp_hqs schedule=linear15p0_to_3p0 rho=0.4 step=0.5 lam=0.15 image=test008.png input=upright mode=vanilla
[solver-sweep] denoiser=wavelet problem=inpaint algorithm=pnp_hqs schedule=linear15p0_to_3p0 rho=0.4 step=0.5 lam=0.15 image=test008.png input=rot45_padded mode=vanilla
[solver-sweep] denoiser=wavelet problem=inpaint algorithm=pnp_hqs schedule=linear15p0_to_3p0 rho=0.4 step=0.5 lam=0.15 image=test009.png input=upright mode=vanilla
[solver-sweep] denoiser=wavelet problem=inpaint algorithm=pnp_hqs schedule=linear15p0_to_3p0 rho=0.4 step=0.5 lam=0.15 image=test009.png input=rot45_padded mode=vanilla
[solver-sweep] denoiser=wavelet problem=inpaint algorithm=pnp_hqs schedule=linear15p0_to_3p0 rho=0.4 step=0.5 lam=0.15 image=test010.png input=upright mode=vanilla
[solver-sweep] denoiser=wavelet problem=inpaint algorithm=pnp_hqs schedule=linear15p0_to_3p0 rho=0.4 step=0.5 lam=0.15 image=test010.png input=rot45_padded mode=vanilla
[solver-sweep] denoiser=wavelet problem=inpaint algorithm=pnp_hqs schedule=linear15p0_to_3p0 rho=0.8 step=0.5 lam=0.15 image=test001.png input=upright mode=vanilla
[solver-sweep] denoiser=wavelet problem=inpaint algorithm=pnp_hqs schedule=linear15p0_to_3p0 rho=0.8 step=0.5 lam=0.15 image=test001.png input=rot45_padded mode=vanilla
[solver-sweep] denoiser=wavelet problem=inpaint algorithm=pnp_hqs schedule=linear15p0_to_3p0 rho=0.8 step=0.5 lam=0.15 image=test002.png input=upright mode=vanilla
[solver-sweep] denoiser=wavelet problem=inpaint algorithm=pnp_hqs schedule=linear15p0_to_3p0 rho=0.8 step=0.5 lam=0.15 image=test002.png input=rot45_padded mode=vanilla
[solver-sweep] denoiser=wavelet problem=inpaint algorithm=pnp_hqs schedule=linear15p0_to_3p0 rho=0.8 step=0.5 lam=0.15 image=test003.png input=upright mode=vanilla
[solver-sweep] denoiser=wavelet problem=inpaint algorithm=pnp_hqs schedule=linear15p0_to_3p0 rho=0.8 step=0.5 lam=0.15 image=test003.png input=rot45_padded mode=vanilla
[solver-sweep] denoiser=wavelet problem=inpaint algorithm=pnp_hqs schedule=linear15p0_to_3p0 rho=0.8 step=0.5 lam=0.15 image=test004.png input=upright mode=vanilla
[solver-sweep] denoiser=wavelet problem=inpaint algorithm=pnp_hqs schedule=linear15p0_to_3p0 rho=0.8 step=0.5 lam=0.15 image=test004.png input=rot45_padded mode=vanilla
[solver-sweep] denoiser=wavelet problem=inpaint algorithm=pnp_hqs schedule=linear15p0_to_3p0 rho=0.8 step=0.5 lam=0.15 image=test005.png input=upright mode=vanilla
[solver-sweep] denoiser=wavelet problem=inpaint algorithm=pnp_hqs schedule=linear15p0_to_3p0 rho=0.8 step=0.5 lam=0.15 image=test005.png input=rot45_padded mode=vanilla
[solver-sweep] denoiser=wavelet problem=inpaint algorithm=pnp_hqs schedule=linear15p0_to_3p0 rho=0.8 step=0.5 lam=0.15 image=test006.png input=upright mode=vanilla
[solver-sweep] denoiser=wavelet problem=inpaint algorithm=pnp_hqs schedule=linear15p0_to_3p0 rho=0.8 step=0.5 lam=0.15 image=test006.png input=rot45_padded mode=vanilla
[solver-sweep] denoiser=wavelet problem=inpaint algorithm=pnp_hqs schedule=linear15p0_to_3p0 rho=0.8 step=0.5 lam=0.15 image=test007.png input=upright mode=vanilla
[solver-sweep] denoiser=wavelet problem=inpaint algorithm=pnp_hqs schedule=linear15p0_to_3p0 rho=0.8 step=0.5 lam=0.15 image=test007.png input=rot45_padded mode=vanilla
[solver-sweep] denoiser=wavelet problem=inpaint algorithm=pnp_hqs schedule=linear15p0_to_3p0 rho=0.8 step=0.5 lam=0.15 image=test008.png input=upright mode=vanilla
[solver-sweep] denoiser=wavelet problem=inpaint algorithm=pnp_hqs schedule=linear15p0_to_3p0 rho=0.8 step=0.5 lam=0.15 image=test008.png input=rot45_padded mode=vanilla
[solver-sweep] denoiser=wavelet problem=inpaint algorithm=pnp_hqs schedule=linear15p0_to_3p0 rho=0.8 step=0.5 lam=0.15 image=test009.png input=upright mode=vanilla
[solver-sweep] denoiser=wavelet problem=inpaint algorithm=pnp_hqs schedule=linear15p0_to_3p0 rho=0.8 step=0.5 lam=0.15 image=test009.png input=rot45_padded mode=vanilla
[solver-sweep] denoiser=wavelet problem=inpaint algorithm=pnp_hqs schedule=linear15p0_to_3p0 rho=0.8 step=0.5 lam=0.15 image=test010.png input=upright mode=vanilla
[solver-sweep] denoiser=wavelet problem=inpaint algorithm=pnp_hqs schedule=linear15p0_to_3p0 rho=0.8 step=0.5 lam=0.15 image=test010.png input=rot45_padded mode=vanilla
[solver-sweep] denoiser=wavelet problem=inpaint algorithm=pnp_hqs schedule=linear10p0_to_2p0 rho=0.4 step=0.5 lam=0.15 image=test001.png input=upright mode=vanilla
[solver-sweep] denoiser=wavelet problem=inpaint algorithm=pnp_hqs schedule=linear10p0_to_2p0 rho=0.4 step=0.5 lam=0.15 image=test001.png input=rot45_padded mode=vanilla
[solver-sweep] denoiser=wavelet problem=inpaint algorithm=pnp_hqs schedule=linear10p0_to_2p0 rho=0.4 step=0.5 lam=0.15 image=test002.png input=upright mode=vanilla
[solver-sweep] denoiser=wavelet problem=inpaint algorithm=pnp_hqs schedule=linear10p0_to_2p0 rho=0.4 step=0.5 lam=0.15 image=test002.png input=rot45_padded mode=vanilla
[solver-sweep] denoiser=wavelet problem=inpaint algorithm=pnp_hqs schedule=linear10p0_to_2p0 rho=0.4 step=0.5 lam=0.15 image=test003.png input=upright mode=vanilla
[solver-sweep] denoiser=wavelet problem=inpaint algorithm=pnp_hqs schedule=linear10p0_to_2p0 rho=0.4 step=0.5 lam=0.15 image=test003.png input=rot45_padded mode=vanilla
[solver-sweep] denoiser=wavelet problem=inpaint algorithm=pnp_hqs schedule=linear10p0_to_2p0 rho=0.4 step=0.5 lam=0.15 image=test004.png input=upright mode=vanilla
[solver-sweep] denoiser=wavelet problem=inpaint algorithm=pnp_hqs schedule=linear10p0_to_2p0 rho=0.4 step=0.5 lam=0.15 image=test004.png input=rot45_padded mode=vanilla
[solver-sweep] denoiser=wavelet problem=inpaint algorithm=pnp_hqs schedule=linear10p0_to_2p0 rho=0.4 step=0.5 lam=0.15 image=test005.png input=upright mode=vanilla
[solver-sweep] denoiser=wavelet problem=inpaint algorithm=pnp_hqs schedule=linear10p0_to_2p0 rho=0.4 step=0.5 lam=0.15 image=test005.png input=rot45_padded mode=vanilla
[solver-sweep] denoiser=wavelet problem=inpaint algorithm=pnp_hqs schedule=linear10p0_to_2p0 rho=0.4 step=0.5 lam=0.15 image=test006.png input=upright mode=vanilla
[solver-sweep] denoiser=wavelet problem=inpaint algorithm=pnp_hqs schedule=linear10p0_to_2p0 rho=0.4 step=0.5 lam=0.15 image=test006.png input=rot45_padded mode=vanilla
[solver-sweep] denoiser=wavelet problem=inpaint algorithm=pnp_hqs schedule=linear10p0_to_2p0 rho=0.4 step=0.5 lam=0.15 image=test007.png input=upright mode=vanilla
[solver-sweep] denoiser=wavelet problem=inpaint algorithm=pnp_hqs schedule=linear10p0_to_2p0 rho=0.4 step=0.5 lam=0.15 image=test007.png input=rot45_padded mode=vanilla
[solver-sweep] denoiser=wavelet problem=inpaint algorithm=pnp_hqs schedule=linear10p0_to_2p0 rho=0.4 step=0.5 lam=0.15 image=test008.png input=upright mode=vanilla
[solver-sweep] denoiser=wavelet problem=inpaint algorithm=pnp_hqs schedule=linear10p0_to_2p0 rho=0.4 step=0.5 lam=0.15 image=test008.png input=rot45_padded mode=vanilla
[solver-sweep] denoiser=wavelet problem=inpaint algorithm=pnp_hqs schedule=linear10p0_to_2p0 rho=0.4 step=0.5 lam=0.15 image=test009.png input=upright mode=vanilla
[solver-sweep] denoiser=wavelet problem=inpaint algorithm=pnp_hqs schedule=linear10p0_to_2p0 rho=0.4 step=0.5 lam=0.15 image=test009.png input=rot45_padded mode=vanilla
[solver-sweep] denoiser=wavelet problem=inpaint algorithm=pnp_hqs schedule=linear10p0_to_2p0 rho=0.4 step=0.5 lam=0.15 image=test010.png input=upright mode=vanilla
[solver-sweep] denoiser=wavelet problem=inpaint algorithm=pnp_hqs schedule=linear10p0_to_2p0 rho=0.4 step=0.5 lam=0.15 image=test010.png input=rot45_padded mode=vanilla
[solver-sweep] denoiser=wavelet problem=inpaint algorithm=pnp_hqs schedule=linear10p0_to_2p0 rho=0.8 step=0.5 lam=0.15 image=test001.png input=upright mode=vanilla
[solver-sweep] denoiser=wavelet problem=inpaint algorithm=pnp_hqs schedule=linear10p0_to_2p0 rho=0.8 step=0.5 lam=0.15 image=test001.png input=rot45_padded mode=vanilla
[solver-sweep] denoiser=wavelet problem=inpaint algorithm=pnp_hqs schedule=linear10p0_to_2p0 rho=0.8 step=0.5 lam=0.15 image=test002.png input=upright mode=vanilla
[solver-sweep] denoiser=wavelet problem=inpaint algorithm=pnp_hqs schedule=linear10p0_to_2p0 rho=0.8 step=0.5 lam=0.15 image=test002.png input=rot45_padded mode=vanilla
[solver-sweep] denoiser=wavelet problem=inpaint algorithm=pnp_hqs schedule=linear10p0_to_2p0 rho=0.8 step=0.5 lam=0.15 image=test003.png input=upright mode=vanilla
[solver-sweep] denoiser=wavelet problem=inpaint algorithm=pnp_hqs schedule=linear10p0_to_2p0 rho=0.8 step=0.5 lam=0.15 image=test003.png input=rot45_padded mode=vanilla
[solver-sweep] denoiser=wavelet problem=inpaint algorithm=pnp_hqs schedule=linear10p0_to_2p0 rho=0.8 step=0.5 lam=0.15 image=test004.png input=upright mode=vanilla
[solver-sweep] denoiser=wavelet problem=inpaint algorithm=pnp_hqs schedule=linear10p0_to_2p0 rho=0.8 step=0.5 lam=0.15 image=test004.png input=rot45_padded mode=vanilla
[solver-sweep] denoiser=wavelet problem=inpaint algorithm=pnp_hqs schedule=linear10p0_to_2p0 rho=0.8 step=0.5 lam=0.15 image=test005.png input=upright mode=vanilla
[solver-sweep] denoiser=wavelet problem=inpaint algorithm=pnp_hqs schedule=linear10p0_to_2p0 rho=0.8 step=0.5 lam=0.15 image=test005.png input=rot45_padded mode=vanilla
[solver-sweep] denoiser=wavelet problem=inpaint algorithm=pnp_hqs schedule=linear10p0_to_2p0 rho=0.8 step=0.5 lam=0.15 image=test006.png input=upright mode=vanilla
[solver-sweep] denoiser=wavelet problem=inpaint algorithm=pnp_hqs schedule=linear10p0_to_2p0 rho=0.8 step=0.5 lam=0.15 image=test006.png input=rot45_padded mode=vanilla
[solver-sweep] denoiser=wavelet problem=inpaint algorithm=pnp_hqs schedule=linear10p0_to_2p0 rho=0.8 step=0.5 lam=0.15 image=test007.png input=upright mode=vanilla
[solver-sweep] denoiser=wavelet problem=inpaint algorithm=pnp_hqs schedule=linear10p0_to_2p0 rho=0.8 step=0.5 lam=0.15 image=test007.png input=rot45_padded mode=vanilla
[solver-sweep] denoiser=wavelet problem=inpaint algorithm=pnp_hqs schedule=linear10p0_to_2p0 rho=0.8 step=0.5 lam=0.15 image=test008.png input=upright mode=vanilla
[solver-sweep] denoiser=wavelet problem=inpaint algorithm=pnp_hqs schedule=linear10p0_to_2p0 rho=0.8 step=0.5 lam=0.15 image=test008.png input=rot45_padded mode=vanilla
[solver-sweep] denoiser=wavelet problem=inpaint algorithm=pnp_hqs schedule=linear10p0_to_2p0 rho=0.8 step=0.5 lam=0.15 image=test009.png input=upright mode=vanilla
[solver-sweep] denoiser=wavelet problem=inpaint algorithm=pnp_hqs schedule=linear10p0_to_2p0 rho=0.8 step=0.5 lam=0.15 image=test009.png input=rot45_padded mode=vanilla
[solver-sweep] denoiser=wavelet problem=inpaint algorithm=pnp_hqs schedule=linear10p0_to_2p0 rho=0.8 step=0.5 lam=0.15 image=test010.png input=upright mode=vanilla
[solver-sweep] denoiser=wavelet problem=inpaint algorithm=pnp_hqs schedule=linear10p0_to_2p0 rho=0.8 step=0.5 lam=0.15 image=test010.png input=rot45_padded mode=vanilla
[solver-sweep] denoiser=wavelet problem=blur algorithm=red_gd schedule=fixed3p25 rho=0.8 step=3.9604 lam=0.005 image=test001.png input=upright mode=vanilla
[solver-sweep] denoiser=wavelet problem=blur algorithm=red_gd schedule=fixed3p25 rho=0.8 step=3.9604 lam=0.005 image=test001.png input=rot45_padded mode=vanilla
[solver-sweep] denoiser=wavelet problem=blur algorithm=red_gd schedule=fixed3p25 rho=0.8 step=3.9604 lam=0.005 image=test002.png input=upright mode=vanilla
[solver-sweep] denoiser=wavelet problem=blur algorithm=red_gd schedule=fixed3p25 rho=0.8 step=3.9604 lam=0.005 image=test002.png input=rot45_padded mode=vanilla
[solver-sweep] denoiser=wavelet problem=blur algorithm=red_gd schedule=fixed3p25 rho=0.8 step=3.9604 lam=0.005 image=test003.png input=upright mode=vanilla
[solver-sweep] denoiser=wavelet problem=blur algorithm=red_gd schedule=fixed3p25 rho=0.8 step=3.9604 lam=0.005 image=test003.png input=rot45_padded mode=vanilla
[solver-sweep] denoiser=wavelet problem=blur algorithm=red_gd schedule=fixed3p25 rho=0.8 step=3.9604 lam=0.005 image=test004.png input=upright mode=vanilla
[solver-sweep] denoiser=wavelet problem=blur algorithm=red_gd schedule=fixed3p25 rho=0.8 step=3.9604 lam=0.005 image=test004.png input=rot45_padded mode=vanilla
[solver-sweep] denoiser=wavelet problem=blur algorithm=red_gd schedule=fixed3p25 rho=0.8 step=3.9604 lam=0.005 image=test005.png input=upright mode=vanilla
[solver-sweep] denoiser=wavelet problem=blur algorithm=red_gd schedule=fixed3p25 rho=0.8 step=3.9604 lam=0.005 image=test005.png input=rot45_padded mode=vanilla
[solver-sweep] denoiser=wavelet problem=blur algorithm=red_gd schedule=fixed3p25 rho=0.8 step=3.9604 lam=0.005 image=test006.png input=upright mode=vanilla
[solver-sweep] denoiser=wavelet problem=blur algorithm=red_gd schedule=fixed3p25 rho=0.8 step=3.9604 lam=0.005 image=test006.png input=rot45_padded mode=vanilla
[solver-sweep] denoiser=wavelet problem=blur algorithm=red_gd schedule=fixed3p25 rho=0.8 step=3.9604 lam=0.005 image=test007.png input=upright mode=vanilla
[solver-sweep] denoiser=wavelet problem=blur algorithm=red_gd schedule=fixed3p25 rho=0.8 step=3.9604 lam=0.005 image=test007.png input=rot45_padded mode=vanilla
[solver-sweep] denoiser=wavelet problem=blur algorithm=red_gd schedule=fixed3p25 rho=0.8 step=3.9604 lam=0.005 image=test008.png input=upright mode=vanilla
[solver-sweep] denoiser=wavelet problem=blur algorithm=red_gd schedule=fixed3p25 rho=0.8 step=3.9604 lam=0.005 image=test008.png input=rot45_padded mode=vanilla
[solver-sweep] denoiser=wavelet problem=blur algorithm=red_gd schedule=fixed3p25 rho=0.8 step=3.9604 lam=0.005 image=test009.png input=upright mode=vanilla
[solver-sweep] denoiser=wavelet problem=blur algorithm=red_gd schedule=fixed3p25 rho=0.8 step=3.9604 lam=0.005 image=test009.png input=rot45_padded mode=vanilla
[solver-sweep] denoiser=wavelet problem=blur algorithm=red_gd schedule=fixed3p25 rho=0.8 step=3.9604 lam=0.005 image=test010.png input=upright mode=vanilla
[solver-sweep] denoiser=wavelet problem=blur algorithm=red_gd schedule=fixed3p25 rho=0.8 step=3.9604 lam=0.005 image=test010.png input=rot45_padded mode=vanilla
[solver-sweep] denoiser=wavelet problem=blur algorithm=red_gd schedule=fixed3p25 rho=0.8 step=3.92157 lam=0.01 image=test001.png input=upright mode=vanilla
[solver-sweep] denoiser=wavelet problem=blur algorithm=red_gd schedule=fixed3p25 rho=0.8 step=3.92157 lam=0.01 image=test001.png input=rot45_padded mode=vanilla
[solver-sweep] denoiser=wavelet problem=blur algorithm=red_gd schedule=fixed3p25 rho=0.8 step=3.92157 lam=0.01 image=test002.png input=upright mode=vanilla
[solver-sweep] denoiser=wavelet problem=blur algorithm=red_gd schedule=fixed3p25 rho=0.8 step=3.92157 lam=0.01 image=test002.png input=rot45_padded mode=vanilla
[solver-sweep] denoiser=wavelet problem=blur algorithm=red_gd schedule=fixed3p25 rho=0.8 step=3.92157 lam=0.01 image=test003.png input=upright mode=vanilla
[solver-sweep] denoiser=wavelet problem=blur algorithm=red_gd schedule=fixed3p25 rho=0.8 step=3.92157 lam=0.01 image=test003.png input=rot45_padded mode=vanilla
[solver-sweep] denoiser=wavelet problem=blur algorithm=red_gd schedule=fixed3p25 rho=0.8 step=3.92157 lam=0.01 image=test004.png input=upright mode=vanilla
[solver-sweep] denoiser=wavelet problem=blur algorithm=red_gd schedule=fixed3p25 rho=0.8 step=3.92157 lam=0.01 image=test004.png input=rot45_padded mode=vanilla
[solver-sweep] denoiser=wavelet problem=blur algorithm=red_gd schedule=fixed3p25 rho=0.8 step=3.92157 lam=0.01 image=test005.png input=upright mode=vanilla
[solver-sweep] denoiser=wavelet problem=blur algorithm=red_gd schedule=fixed3p25 rho=0.8 step=3.92157 lam=0.01 image=test005.png input=rot45_padded mode=vanilla
[solver-sweep] denoiser=wavelet problem=blur algorithm=red_gd schedule=fixed3p25 rho=0.8 step=3.92157 lam=0.01 image=test006.png input=upright mode=vanilla
[solver-sweep] denoiser=wavelet problem=blur algorithm=red_gd schedule=fixed3p25 rho=0.8 step=3.92157 lam=0.01 image=test006.png input=rot45_padded mode=vanilla
[solver-sweep] denoiser=wavelet problem=blur algorithm=red_gd schedule=fixed3p25 rho=0.8 step=3.92157 lam=0.01 image=test007.png input=upright mode=vanilla
[solver-sweep] denoiser=wavelet problem=blur algorithm=red_gd schedule=fixed3p25 rho=0.8 step=3.92157 lam=0.01 image=test007.png input=rot45_padded mode=vanilla
[solver-sweep] denoiser=wavelet problem=blur algorithm=red_gd schedule=fixed3p25 rho=0.8 step=3.92157 lam=0.01 image=test008.png input=upright mode=vanilla
[solver-sweep] denoiser=wavelet problem=blur algorithm=red_gd schedule=fixed3p25 rho=0.8 step=3.92157 lam=0.01 image=test008.png input=rot45_padded mode=vanilla
[solver-sweep] denoiser=wavelet problem=blur algorithm=red_gd schedule=fixed3p25 rho=0.8 step=3.92157 lam=0.01 image=test009.png input=upright mode=vanilla
[solver-sweep] denoiser=wavelet problem=blur algorithm=red_gd schedule=fixed3p25 rho=0.8 step=3.92157 lam=0.01 image=test009.png input=rot45_padded mode=vanilla
[solver-sweep] denoiser=wavelet problem=blur algorithm=red_gd schedule=fixed3p25 rho=0.8 step=3.92157 lam=0.01 image=test010.png input=upright mode=vanilla
[solver-sweep] denoiser=wavelet problem=blur algorithm=red_gd schedule=fixed3p25 rho=0.8 step=3.92157 lam=0.01 image=test010.png input=rot45_padded mode=vanilla
[solver-sweep] denoiser=wavelet problem=blur algorithm=red_gd schedule=fixed3p25 rho=0.8 step=3.84615 lam=0.02 image=test001.png input=upright mode=vanilla
[solver-sweep] denoiser=wavelet problem=blur algorithm=red_gd schedule=fixed3p25 rho=0.8 step=3.84615 lam=0.02 image=test001.png input=rot45_padded mode=vanilla
[solver-sweep] denoiser=wavelet problem=blur algorithm=red_gd schedule=fixed3p25 rho=0.8 step=3.84615 lam=0.02 image=test002.png input=upright mode=vanilla
[solver-sweep] denoiser=wavelet problem=blur algorithm=red_gd schedule=fixed3p25 rho=0.8 step=3.84615 lam=0.02 image=test002.png input=rot45_padded mode=vanilla
[solver-sweep] denoiser=wavelet problem=blur algorithm=red_gd schedule=fixed3p25 rho=0.8 step=3.84615 lam=0.02 image=test003.png input=upright mode=vanilla
[solver-sweep] denoiser=wavelet problem=blur algorithm=red_gd schedule=fixed3p25 rho=0.8 step=3.84615 lam=0.02 image=test003.png input=rot45_padded mode=vanilla
[solver-sweep] denoiser=wavelet problem=blur algorithm=red_gd schedule=fixed3p25 rho=0.8 step=3.84615 lam=0.02 image=test004.png input=upright mode=vanilla
[solver-sweep] denoiser=wavelet problem=blur algorithm=red_gd schedule=fixed3p25 rho=0.8 step=3.84615 lam=0.02 image=test004.png input=rot45_padded mode=vanilla
[solver-sweep] denoiser=wavelet problem=blur algorithm=red_gd schedule=fixed3p25 rho=0.8 step=3.84615 lam=0.02 image=test005.png input=upright mode=vanilla
[solver-sweep] denoiser=wavelet problem=blur algorithm=red_gd schedule=fixed3p25 rho=0.8 step=3.84615 lam=0.02 image=test005.png input=rot45_padded mode=vanilla
[solver-sweep] denoiser=wavelet problem=blur algorithm=red_gd schedule=fixed3p25 rho=0.8 step=3.84615 lam=0.02 image=test006.png input=upright mode=vanilla
[solver-sweep] denoiser=wavelet problem=blur algorithm=red_gd schedule=fixed3p25 rho=0.8 step=3.84615 lam=0.02 image=test006.png input=rot45_padded mode=vanilla
[solver-sweep] denoiser=wavelet problem=blur algorithm=red_gd schedule=fixed3p25 rho=0.8 step=3.84615 lam=0.02 image=test007.png input=upright mode=vanilla
[solver-sweep] denoiser=wavelet problem=blur algorithm=red_gd schedule=fixed3p25 rho=0.8 step=3.84615 lam=0.02 image=test007.png input=rot45_padded mode=vanilla
[solver-sweep] denoiser=wavelet problem=blur algorithm=red_gd schedule=fixed3p25 rho=0.8 step=3.84615 lam=0.02 image=test008.png input=upright mode=vanilla
[solver-sweep] denoiser=wavelet problem=blur algorithm=red_gd schedule=fixed3p25 rho=0.8 step=3.84615 lam=0.02 image=test008.png input=rot45_padded mode=vanilla
[solver-sweep] denoiser=wavelet problem=blur algorithm=red_gd schedule=fixed3p25 rho=0.8 step=3.84615 lam=0.02 image=test009.png input=upright mode=vanilla
[solver-sweep] denoiser=wavelet problem=blur algorithm=red_gd schedule=fixed3p25 rho=0.8 step=3.84615 lam=0.02 image=test009.png input=rot45_padded mode=vanilla
[solver-sweep] denoiser=wavelet problem=blur algorithm=red_gd schedule=fixed3p25 rho=0.8 step=3.84615 lam=0.02 image=test010.png input=upright mode=vanilla
[solver-sweep] denoiser=wavelet problem=blur algorithm=red_gd schedule=fixed3p25 rho=0.8 step=3.84615 lam=0.02 image=test010.png input=rot45_padded mode=vanilla
[solver-sweep] denoiser=wavelet problem=blur algorithm=red_gd schedule=fixed4p1 rho=0.8 step=3.9604 lam=0.005 image=test001.png input=upright mode=vanilla
[solver-sweep] denoiser=wavelet problem=blur algorithm=red_gd schedule=fixed4p1 rho=0.8 step=3.9604 lam=0.005 image=test001.png input=rot45_padded mode=vanilla
[solver-sweep] denoiser=wavelet problem=blur algorithm=red_gd schedule=fixed4p1 rho=0.8 step=3.9604 lam=0.005 image=test002.png input=upright mode=vanilla
[solver-sweep] denoiser=wavelet problem=blur algorithm=red_gd schedule=fixed4p1 rho=0.8 step=3.9604 lam=0.005 image=test002.png input=rot45_padded mode=vanilla
[solver-sweep] denoiser=wavelet problem=blur algorithm=red_gd schedule=fixed4p1 rho=0.8 step=3.9604 lam=0.005 image=test003.png input=upright mode=vanilla
[solver-sweep] denoiser=wavelet problem=blur algorithm=red_gd schedule=fixed4p1 rho=0.8 step=3.9604 lam=0.005 image=test003.png input=rot45_padded mode=vanilla
[solver-sweep] denoiser=wavelet problem=blur algorithm=red_gd schedule=fixed4p1 rho=0.8 step=3.9604 lam=0.005 image=test004.png input=upright mode=vanilla
[solver-sweep] denoiser=wavelet problem=blur algorithm=red_gd schedule=fixed4p1 rho=0.8 step=3.9604 lam=0.005 image=test004.png input=rot45_padded mode=vanilla
[solver-sweep] denoiser=wavelet problem=blur algorithm=red_gd schedule=fixed4p1 rho=0.8 step=3.9604 lam=0.005 image=test005.png input=upright mode=vanilla
[solver-sweep] denoiser=wavelet problem=blur algorithm=red_gd schedule=fixed4p1 rho=0.8 step=3.9604 lam=0.005 image=test005.png input=rot45_padded mode=vanilla
[solver-sweep] denoiser=wavelet problem=blur algorithm=red_gd schedule=fixed4p1 rho=0.8 step=3.9604 lam=0.005 image=test006.png input=upright mode=vanilla
[solver-sweep] denoiser=wavelet problem=blur algorithm=red_gd schedule=fixed4p1 rho=0.8 step=3.9604 lam=0.005 image=test006.png input=rot45_padded mode=vanilla
[solver-sweep] denoiser=wavelet problem=blur algorithm=red_gd schedule=fixed4p1 rho=0.8 step=3.9604 lam=0.005 image=test007.png input=upright mode=vanilla
[solver-sweep] denoiser=wavelet problem=blur algorithm=red_gd schedule=fixed4p1 rho=0.8 step=3.9604 lam=0.005 image=test007.png input=rot45_padded mode=vanilla
[solver-sweep] denoiser=wavelet problem=blur algorithm=red_gd schedule=fixed4p1 rho=0.8 step=3.9604 lam=0.005 image=test008.png input=upright mode=vanilla
[solver-sweep] denoiser=wavelet problem=blur algorithm=red_gd schedule=fixed4p1 rho=0.8 step=3.9604 lam=0.005 image=test008.png input=rot45_padded mode=vanilla
[solver-sweep] denoiser=wavelet problem=blur algorithm=red_gd schedule=fixed4p1 rho=0.8 step=3.9604 lam=0.005 image=test009.png input=upright mode=vanilla
[solver-sweep] denoiser=wavelet problem=blur algorithm=red_gd schedule=fixed4p1 rho=0.8 step=3.9604 lam=0.005 image=test009.png input=rot45_padded mode=vanilla
[solver-sweep] denoiser=wavelet problem=blur algorithm=red_gd schedule=fixed4p1 rho=0.8 step=3.9604 lam=0.005 image=test010.png input=upright mode=vanilla
[solver-sweep] denoiser=wavelet problem=blur algorithm=red_gd schedule=fixed4p1 rho=0.8 step=3.9604 lam=0.005 image=test010.png input=rot45_padded mode=vanilla
[solver-sweep] denoiser=wavelet problem=blur algorithm=red_gd schedule=fixed4p1 rho=0.8 step=3.92157 lam=0.01 image=test001.png input=upright mode=vanilla
[solver-sweep] denoiser=wavelet problem=blur algorithm=red_gd schedule=fixed4p1 rho=0.8 step=3.92157 lam=0.01 image=test001.png input=rot45_padded mode=vanilla
[solver-sweep] denoiser=wavelet problem=blur algorithm=red_gd schedule=fixed4p1 rho=0.8 step=3.92157 lam=0.01 image=test002.png input=upright mode=vanilla
[solver-sweep] denoiser=wavelet problem=blur algorithm=red_gd schedule=fixed4p1 rho=0.8 step=3.92157 lam=0.01 image=test002.png input=rot45_padded mode=vanilla
[solver-sweep] denoiser=wavelet problem=blur algorithm=red_gd schedule=fixed4p1 rho=0.8 step=3.92157 lam=0.01 image=test003.png input=upright mode=vanilla
[solver-sweep] denoiser=wavelet problem=blur algorithm=red_gd schedule=fixed4p1 rho=0.8 step=3.92157 lam=0.01 image=test003.png input=rot45_padded mode=vanilla
[solver-sweep] denoiser=wavelet problem=blur algorithm=red_gd schedule=fixed4p1 rho=0.8 step=3.92157 lam=0.01 image=test004.png input=upright mode=vanilla
[solver-sweep] denoiser=wavelet problem=blur algorithm=red_gd schedule=fixed4p1 rho=0.8 step=3.92157 lam=0.01 image=test004.png input=rot45_padded mode=vanilla
[solver-sweep] denoiser=wavelet problem=blur algorithm=red_gd schedule=fixed4p1 rho=0.8 step=3.92157 lam=0.01 image=test005.png input=upright mode=vanilla
[solver-sweep] denoiser=wavelet problem=blur algorithm=red_gd schedule=fixed4p1 rho=0.8 step=3.92157 lam=0.01 image=test005.png input=rot45_padded mode=vanilla
[solver-sweep] denoiser=wavelet problem=blur algorithm=red_gd schedule=fixed4p1 rho=0.8 step=3.92157 lam=0.01 image=test006.png input=upright mode=vanilla
[solver-sweep] denoiser=wavelet problem=blur algorithm=red_gd schedule=fixed4p1 rho=0.8 step=3.92157 lam=0.01 image=test006.png input=rot45_padded mode=vanilla
[solver-sweep] denoiser=wavelet problem=blur algorithm=red_gd schedule=fixed4p1 rho=0.8 step=3.92157 lam=0.01 image=test007.png input=upright mode=vanilla
[solver-sweep] denoiser=wavelet problem=blur algorithm=red_gd schedule=fixed4p1 rho=0.8 step=3.92157 lam=0.01 image=test007.png input=rot45_padded mode=vanilla
[solver-sweep] denoiser=wavelet problem=blur algorithm=red_gd schedule=fixed4p1 rho=0.8 step=3.92157 lam=0.01 image=test008.png input=upright mode=vanilla
[solver-sweep] denoiser=wavelet problem=blur algorithm=red_gd schedule=fixed4p1 rho=0.8 step=3.92157 lam=0.01 image=test008.png input=rot45_padded mode=vanilla
[solver-sweep] denoiser=wavelet problem=blur algorithm=red_gd schedule=fixed4p1 rho=0.8 step=3.92157 lam=0.01 image=test009.png input=upright mode=vanilla
[solver-sweep] denoiser=wavelet problem=blur algorithm=red_gd schedule=fixed4p1 rho=0.8 step=3.92157 lam=0.01 image=test009.png input=rot45_padded mode=vanilla
[solver-sweep] denoiser=wavelet problem=blur algorithm=red_gd schedule=fixed4p1 rho=0.8 step=3.92157 lam=0.01 image=test010.png input=upright mode=vanilla
[solver-sweep] denoiser=wavelet problem=blur algorithm=red_gd schedule=fixed4p1 rho=0.8 step=3.92157 lam=0.01 image=test010.png input=rot45_padded mode=vanilla
[solver-sweep] denoiser=wavelet problem=blur algorithm=red_gd schedule=fixed4p1 rho=0.8 step=3.84615 lam=0.02 image=test001.png input=upright mode=vanilla
[solver-sweep] denoiser=wavelet problem=blur algorithm=red_gd schedule=fixed4p1 rho=0.8 step=3.84615 lam=0.02 image=test001.png input=rot45_padded mode=vanilla
[solver-sweep] denoiser=wavelet problem=blur algorithm=red_gd schedule=fixed4p1 rho=0.8 step=3.84615 lam=0.02 image=test002.png input=upright mode=vanilla
[solver-sweep] denoiser=wavelet problem=blur algorithm=red_gd schedule=fixed4p1 rho=0.8 step=3.84615 lam=0.02 image=test002.png input=rot45_padded mode=vanilla
[solver-sweep] denoiser=wavelet problem=blur algorithm=red_gd schedule=fixed4p1 rho=0.8 step=3.84615 lam=0.02 image=test003.png input=upright mode=vanilla
[solver-sweep] denoiser=wavelet problem=blur algorithm=red_gd schedule=fixed4p1 rho=0.8 step=3.84615 lam=0.02 image=test003.png input=rot45_padded mode=vanilla
[solver-sweep] denoiser=wavelet problem=blur algorithm=red_gd schedule=fixed4p1 rho=0.8 step=3.84615 lam=0.02 image=test004.png input=upright mode=vanilla
[solver-sweep] denoiser=wavelet problem=blur algorithm=red_gd schedule=fixed4p1 rho=0.8 step=3.84615 lam=0.02 image=test004.png input=rot45_padded mode=vanilla
[solver-sweep] denoiser=wavelet problem=blur algorithm=red_gd schedule=fixed4p1 rho=0.8 step=3.84615 lam=0.02 image=test005.png input=upright mode=vanilla
[solver-sweep] denoiser=wavelet problem=blur algorithm=red_gd schedule=fixed4p1 rho=0.8 step=3.84615 lam=0.02 image=test005.png input=rot45_padded mode=vanilla
[solver-sweep] denoiser=wavelet problem=blur algorithm=red_gd schedule=fixed4p1 rho=0.8 step=3.84615 lam=0.02 image=test006.png input=upright mode=vanilla
[solver-sweep] denoiser=wavelet problem=blur algorithm=red_gd schedule=fixed4p1 rho=0.8 step=3.84615 lam=0.02 image=test006.png input=rot45_padded mode=vanilla
[solver-sweep] denoiser=wavelet problem=blur algorithm=red_gd schedule=fixed4p1 rho=0.8 step=3.84615 lam=0.02 image=test007.png input=upright mode=vanilla
[solver-sweep] denoiser=wavelet problem=blur algorithm=red_gd schedule=fixed4p1 rho=0.8 step=3.84615 lam=0.02 image=test007.png input=rot45_padded mode=vanilla
[solver-sweep] denoiser=wavelet problem=blur algorithm=red_gd schedule=fixed4p1 rho=0.8 step=3.84615 lam=0.02 image=test008.png input=upright mode=vanilla
[solver-sweep] denoiser=wavelet problem=blur algorithm=red_gd schedule=fixed4p1 rho=0.8 step=3.84615 lam=0.02 image=test008.png input=rot45_padded mode=vanilla
[solver-sweep] denoiser=wavelet problem=blur algorithm=red_gd schedule=fixed4p1 rho=0.8 step=3.84615 lam=0.02 image=test009.png input=upright mode=vanilla
[solver-sweep] denoiser=wavelet problem=blur algorithm=red_gd schedule=fixed4p1 rho=0.8 step=3.84615 lam=0.02 image=test009.png input=rot45_padded mode=vanilla
[solver-sweep] denoiser=wavelet problem=blur algorithm=red_gd schedule=fixed4p1 rho=0.8 step=3.84615 lam=0.02 image=test010.png input=upright mode=vanilla
[solver-sweep] denoiser=wavelet problem=blur algorithm=red_gd schedule=fixed4p1 rho=0.8 step=3.84615 lam=0.02 image=test010.png input=rot45_padded mode=vanilla
[solver-sweep] denoiser=wavelet problem=blur algorithm=red_gd schedule=fixed5p0 rho=0.8 step=3.9604 lam=0.005 image=test001.png input=upright mode=vanilla
[solver-sweep] denoiser=wavelet problem=blur algorithm=red_gd schedule=fixed5p0 rho=0.8 step=3.9604 lam=0.005 image=test001.png input=rot45_padded mode=vanilla
[solver-sweep] denoiser=wavelet problem=blur algorithm=red_gd schedule=fixed5p0 rho=0.8 step=3.9604 lam=0.005 image=test002.png input=upright mode=vanilla
[solver-sweep] denoiser=wavelet problem=blur algorithm=red_gd schedule=fixed5p0 rho=0.8 step=3.9604 lam=0.005 image=test002.png input=rot45_padded mode=vanilla
[solver-sweep] denoiser=wavelet problem=blur algorithm=red_gd schedule=fixed5p0 rho=0.8 step=3.9604 lam=0.005 image=test003.png input=upright mode=vanilla
[solver-sweep] denoiser=wavelet problem=blur algorithm=red_gd schedule=fixed5p0 rho=0.8 step=3.9604 lam=0.005 image=test003.png input=rot45_padded mode=vanilla
[solver-sweep] denoiser=wavelet problem=blur algorithm=red_gd schedule=fixed5p0 rho=0.8 step=3.9604 lam=0.005 image=test004.png input=upright mode=vanilla
[solver-sweep] denoiser=wavelet problem=blur algorithm=red_gd schedule=fixed5p0 rho=0.8 step=3.9604 lam=0.005 image=test004.png input=rot45_padded mode=vanilla
[solver-sweep] denoiser=wavelet problem=blur algorithm=red_gd schedule=fixed5p0 rho=0.8 step=3.9604 lam=0.005 image=test005.png input=upright mode=vanilla
[solver-sweep] denoiser=wavelet problem=blur algorithm=red_gd schedule=fixed5p0 rho=0.8 step=3.9604 lam=0.005 image=test005.png input=rot45_padded mode=vanilla
[solver-sweep] denoiser=wavelet problem=blur algorithm=red_gd schedule=fixed5p0 rho=0.8 step=3.9604 lam=0.005 image=test006.png input=upright mode=vanilla
[solver-sweep] denoiser=wavelet problem=blur algorithm=red_gd schedule=fixed5p0 rho=0.8 step=3.9604 lam=0.005 image=test006.png input=rot45_padded mode=vanilla
[solver-sweep] denoiser=wavelet problem=blur algorithm=red_gd schedule=fixed5p0 rho=0.8 step=3.9604 lam=0.005 image=test007.png input=upright mode=vanilla
[solver-sweep] denoiser=wavelet problem=blur algorithm=red_gd schedule=fixed5p0 rho=0.8 step=3.9604 lam=0.005 image=test007.png input=rot45_padded mode=vanilla
[solver-sweep] denoiser=wavelet problem=blur algorithm=red_gd schedule=fixed5p0 rho=0.8 step=3.9604 lam=0.005 image=test008.png input=upright mode=vanilla
[solver-sweep] denoiser=wavelet problem=blur algorithm=red_gd schedule=fixed5p0 rho=0.8 step=3.9604 lam=0.005 image=test008.png input=rot45_padded mode=vanilla
[solver-sweep] denoiser=wavelet problem=blur algorithm=red_gd schedule=fixed5p0 rho=0.8 step=3.9604 lam=0.005 image=test009.png input=upright mode=vanilla
[solver-sweep] denoiser=wavelet problem=blur algorithm=red_gd schedule=fixed5p0 rho=0.8 step=3.9604 lam=0.005 image=test009.png input=rot45_padded mode=vanilla
[solver-sweep] denoiser=wavelet problem=blur algorithm=red_gd schedule=fixed5p0 rho=0.8 step=3.9604 lam=0.005 image=test010.png input=upright mode=vanilla
[solver-sweep] denoiser=wavelet problem=blur algorithm=red_gd schedule=fixed5p0 rho=0.8 step=3.9604 lam=0.005 image=test010.png input=rot45_padded mode=vanilla
[solver-sweep] denoiser=wavelet problem=blur algorithm=red_gd schedule=fixed5p0 rho=0.8 step=3.92157 lam=0.01 image=test001.png input=upright mode=vanilla
[solver-sweep] denoiser=wavelet problem=blur algorithm=red_gd schedule=fixed5p0 rho=0.8 step=3.92157 lam=0.01 image=test001.png input=rot45_padded mode=vanilla
[solver-sweep] denoiser=wavelet problem=blur algorithm=red_gd schedule=fixed5p0 rho=0.8 step=3.92157 lam=0.01 image=test002.png input=upright mode=vanilla
[solver-sweep] denoiser=wavelet problem=blur algorithm=red_gd schedule=fixed5p0 rho=0.8 step=3.92157 lam=0.01 image=test002.png input=rot45_padded mode=vanilla
[solver-sweep] denoiser=wavelet problem=blur algorithm=red_gd schedule=fixed5p0 rho=0.8 step=3.92157 lam=0.01 image=test003.png input=upright mode=vanilla
[solver-sweep] denoiser=wavelet problem=blur algorithm=red_gd schedule=fixed5p0 rho=0.8 step=3.92157 lam=0.01 image=test003.png input=rot45_padded mode=vanilla
[solver-sweep] denoiser=wavelet problem=blur algorithm=red_gd schedule=fixed5p0 rho=0.8 step=3.92157 lam=0.01 image=test004.png input=upright mode=vanilla
[solver-sweep] denoiser=wavelet problem=blur algorithm=red_gd schedule=fixed5p0 rho=0.8 step=3.92157 lam=0.01 image=test004.png input=rot45_padded mode=vanilla
[solver-sweep] denoiser=wavelet problem=blur algorithm=red_gd schedule=fixed5p0 rho=0.8 step=3.92157 lam=0.01 image=test005.png input=upright mode=vanilla
[solver-sweep] denoiser=wavelet problem=blur algorithm=red_gd schedule=fixed5p0 rho=0.8 step=3.92157 lam=0.01 image=test005.png input=rot45_padded mode=vanilla
[solver-sweep] denoiser=wavelet problem=blur algorithm=red_gd schedule=fixed5p0 rho=0.8 step=3.92157 lam=0.01 image=test006.png input=upright mode=vanilla
[solver-sweep] denoiser=wavelet problem=blur algorithm=red_gd schedule=fixed5p0 rho=0.8 step=3.92157 lam=0.01 image=test006.png input=rot45_padded mode=vanilla
[solver-sweep] denoiser=wavelet problem=blur algorithm=red_gd schedule=fixed5p0 rho=0.8 step=3.92157 lam=0.01 image=test007.png input=upright mode=vanilla
[solver-sweep] denoiser=wavelet problem=blur algorithm=red_gd schedule=fixed5p0 rho=0.8 step=3.92157 lam=0.01 image=test007.png input=rot45_padded mode=vanilla
[solver-sweep] denoiser=wavelet problem=blur algorithm=red_gd schedule=fixed5p0 rho=0.8 step=3.92157 lam=0.01 image=test008.png input=upright mode=vanilla
[solver-sweep] denoiser=wavelet problem=blur algorithm=red_gd schedule=fixed5p0 rho=0.8 step=3.92157 lam=0.01 image=test008.png input=rot45_padded mode=vanilla
[solver-sweep] denoiser=wavelet problem=blur algorithm=red_gd schedule=fixed5p0 rho=0.8 step=3.92157 lam=0.01 image=test009.png input=upright mode=vanilla
[solver-sweep] denoiser=wavelet problem=blur algorithm=red_gd schedule=fixed5p0 rho=0.8 step=3.92157 lam=0.01 image=test009.png input=rot45_padded mode=vanilla
[solver-sweep] denoiser=wavelet problem=blur algorithm=red_gd schedule=fixed5p0 rho=0.8 step=3.92157 lam=0.01 image=test010.png input=upright mode=vanilla
[solver-sweep] denoiser=wavelet problem=blur algorithm=red_gd schedule=fixed5p0 rho=0.8 step=3.92157 lam=0.01 image=test010.png input=rot45_padded mode=vanilla
[solver-sweep] denoiser=wavelet problem=blur algorithm=red_gd schedule=fixed5p0 rho=0.8 step=3.84615 lam=0.02 image=test001.png input=upright mode=vanilla
[solver-sweep] denoiser=wavelet problem=blur algorithm=red_gd schedule=fixed5p0 rho=0.8 step=3.84615 lam=0.02 image=test001.png input=rot45_padded mode=vanilla
[solver-sweep] denoiser=wavelet problem=blur algorithm=red_gd schedule=fixed5p0 rho=0.8 step=3.84615 lam=0.02 image=test002.png input=upright mode=vanilla
[solver-sweep] denoiser=wavelet problem=blur algorithm=red_gd schedule=fixed5p0 rho=0.8 step=3.84615 lam=0.02 image=test002.png input=rot45_padded mode=vanilla
[solver-sweep] denoiser=wavelet problem=blur algorithm=red_gd schedule=fixed5p0 rho=0.8 step=3.84615 lam=0.02 image=test003.png input=upright mode=vanilla
[solver-sweep] denoiser=wavelet problem=blur algorithm=red_gd schedule=fixed5p0 rho=0.8 step=3.84615 lam=0.02 image=test003.png input=rot45_padded mode=vanilla
[solver-sweep] denoiser=wavelet problem=blur algorithm=red_gd schedule=fixed5p0 rho=0.8 step=3.84615 lam=0.02 image=test004.png input=upright mode=vanilla
[solver-sweep] denoiser=wavelet problem=blur algorithm=red_gd schedule=fixed5p0 rho=0.8 step=3.84615 lam=0.02 image=test004.png input=rot45_padded mode=vanilla
[solver-sweep] denoiser=wavelet problem=blur algorithm=red_gd schedule=fixed5p0 rho=0.8 step=3.84615 lam=0.02 image=test005.png input=upright mode=vanilla
[solver-sweep] denoiser=wavelet problem=blur algorithm=red_gd schedule=fixed5p0 rho=0.8 step=3.84615 lam=0.02 image=test005.png input=rot45_padded mode=vanilla
[solver-sweep] denoiser=wavelet problem=blur algorithm=red_gd schedule=fixed5p0 rho=0.8 step=3.84615 lam=0.02 image=test006.png input=upright mode=vanilla
[solver-sweep] denoiser=wavelet problem=blur algorithm=red_gd schedule=fixed5p0 rho=0.8 step=3.84615 lam=0.02 image=test006.png input=rot45_padded mode=vanilla
[solver-sweep] denoiser=wavelet problem=blur algorithm=red_gd schedule=fixed5p0 rho=0.8 step=3.84615 lam=0.02 image=test007.png input=upright mode=vanilla
[solver-sweep] denoiser=wavelet problem=blur algorithm=red_gd schedule=fixed5p0 rho=0.8 step=3.84615 lam=0.02 image=test007.png input=rot45_padded mode=vanilla
[solver-sweep] denoiser=wavelet problem=blur algorithm=red_gd schedule=fixed5p0 rho=0.8 step=3.84615 lam=0.02 image=test008.png input=upright mode=vanilla
[solver-sweep] denoiser=wavelet problem=blur algorithm=red_gd schedule=fixed5p0 rho=0.8 step=3.84615 lam=0.02 image=test008.png input=rot45_padded mode=vanilla
[solver-sweep] denoiser=wavelet problem=blur algorithm=red_gd schedule=fixed5p0 rho=0.8 step=3.84615 lam=0.02 image=test009.png input=upright mode=vanilla
[solver-sweep] denoiser=wavelet problem=blur algorithm=red_gd schedule=fixed5p0 rho=0.8 step=3.84615 lam=0.02 image=test009.png input=rot45_padded mode=vanilla
[solver-sweep] denoiser=wavelet problem=blur algorithm=red_gd schedule=fixed5p0 rho=0.8 step=3.84615 lam=0.02 image=test010.png input=upright mode=vanilla
[solver-sweep] denoiser=wavelet problem=blur algorithm=red_gd schedule=fixed5p0 rho=0.8 step=3.84615 lam=0.02 image=test010.png input=rot45_padded mode=vanilla
[solver-sweep] denoiser=wavelet problem=inpaint algorithm=red_gd schedule=fixed3p25 rho=0.8 step=3.9604 lam=0.005 image=test001.png input=upright mode=vanilla
[solver-sweep] denoiser=wavelet problem=inpaint algorithm=red_gd schedule=fixed3p25 rho=0.8 step=3.9604 lam=0.005 image=test001.png input=rot45_padded mode=vanilla
[solver-sweep] denoiser=wavelet problem=inpaint algorithm=red_gd schedule=fixed3p25 rho=0.8 step=3.9604 lam=0.005 image=test002.png input=upright mode=vanilla
[solver-sweep] denoiser=wavelet problem=inpaint algorithm=red_gd schedule=fixed3p25 rho=0.8 step=3.9604 lam=0.005 image=test002.png input=rot45_padded mode=vanilla
[solver-sweep] denoiser=wavelet problem=inpaint algorithm=red_gd schedule=fixed3p25 rho=0.8 step=3.9604 lam=0.005 image=test003.png input=upright mode=vanilla
[solver-sweep] denoiser=wavelet problem=inpaint algorithm=red_gd schedule=fixed3p25 rho=0.8 step=3.9604 lam=0.005 image=test003.png input=rot45_padded mode=vanilla
[solver-sweep] denoiser=wavelet problem=inpaint algorithm=red_gd schedule=fixed3p25 rho=0.8 step=3.9604 lam=0.005 image=test004.png input=upright mode=vanilla
[solver-sweep] denoiser=wavelet problem=inpaint algorithm=red_gd schedule=fixed3p25 rho=0.8 step=3.9604 lam=0.005 image=test004.png input=rot45_padded mode=vanilla
[solver-sweep] denoiser=wavelet problem=inpaint algorithm=red_gd schedule=fixed3p25 rho=0.8 step=3.9604 lam=0.005 image=test005.png input=upright mode=vanilla
[solver-sweep] denoiser=wavelet problem=inpaint algorithm=red_gd schedule=fixed3p25 rho=0.8 step=3.9604 lam=0.005 image=test005.png input=rot45_padded mode=vanilla
[solver-sweep] denoiser=wavelet problem=inpaint algorithm=red_gd schedule=fixed3p25 rho=0.8 step=3.9604 lam=0.005 image=test006.png input=upright mode=vanilla
[solver-sweep] denoiser=wavelet problem=inpaint algorithm=red_gd schedule=fixed3p25 rho=0.8 step=3.9604 lam=0.005 image=test006.png input=rot45_padded mode=vanilla
[solver-sweep] denoiser=wavelet problem=inpaint algorithm=red_gd schedule=fixed3p25 rho=0.8 step=3.9604 lam=0.005 image=test007.png input=upright mode=vanilla
[solver-sweep] denoiser=wavelet problem=inpaint algorithm=red_gd schedule=fixed3p25 rho=0.8 step=3.9604 lam=0.005 image=test007.png input=rot45_padded mode=vanilla
[solver-sweep] denoiser=wavelet problem=inpaint algorithm=red_gd schedule=fixed3p25 rho=0.8 step=3.9604 lam=0.005 image=test008.png input=upright mode=vanilla
[solver-sweep] denoiser=wavelet problem=inpaint algorithm=red_gd schedule=fixed3p25 rho=0.8 step=3.9604 lam=0.005 image=test008.png input=rot45_padded mode=vanilla
[solver-sweep] denoiser=wavelet problem=inpaint algorithm=red_gd schedule=fixed3p25 rho=0.8 step=3.9604 lam=0.005 image=test009.png input=upright mode=vanilla
[solver-sweep] denoiser=wavelet problem=inpaint algorithm=red_gd schedule=fixed3p25 rho=0.8 step=3.9604 lam=0.005 image=test009.png input=rot45_padded mode=vanilla
[solver-sweep] denoiser=wavelet problem=inpaint algorithm=red_gd schedule=fixed3p25 rho=0.8 step=3.9604 lam=0.005 image=test010.png input=upright mode=vanilla
[solver-sweep] denoiser=wavelet problem=inpaint algorithm=red_gd schedule=fixed3p25 rho=0.8 step=3.9604 lam=0.005 image=test010.png input=rot45_padded mode=vanilla
[solver-sweep] denoiser=wavelet problem=inpaint algorithm=red_gd schedule=fixed3p25 rho=0.8 step=3.92157 lam=0.01 image=test001.png input=upright mode=vanilla
[solver-sweep] denoiser=wavelet problem=inpaint algorithm=red_gd schedule=fixed3p25 rho=0.8 step=3.92157 lam=0.01 image=test001.png input=rot45_padded mode=vanilla
[solver-sweep] denoiser=wavelet problem=inpaint algorithm=red_gd schedule=fixed3p25 rho=0.8 step=3.92157 lam=0.01 image=test002.png input=upright mode=vanilla
[solver-sweep] denoiser=wavelet problem=inpaint algorithm=red_gd schedule=fixed3p25 rho=0.8 step=3.92157 lam=0.01 image=test002.png input=rot45_padded mode=vanilla
[solver-sweep] denoiser=wavelet problem=inpaint algorithm=red_gd schedule=fixed3p25 rho=0.8 step=3.92157 lam=0.01 image=test003.png input=upright mode=vanilla
[solver-sweep] denoiser=wavelet problem=inpaint algorithm=red_gd schedule=fixed3p25 rho=0.8 step=3.92157 lam=0.01 image=test003.png input=rot45_padded mode=vanilla
[solver-sweep] denoiser=wavelet problem=inpaint algorithm=red_gd schedule=fixed3p25 rho=0.8 step=3.92157 lam=0.01 image=test004.png input=upright mode=vanilla
[solver-sweep] denoiser=wavelet problem=inpaint algorithm=red_gd schedule=fixed3p25 rho=0.8 step=3.92157 lam=0.01 image=test004.png input=rot45_padded mode=vanilla
[solver-sweep] denoiser=wavelet problem=inpaint algorithm=red_gd schedule=fixed3p25 rho=0.8 step=3.92157 lam=0.01 image=test005.png input=upright mode=vanilla
[solver-sweep] denoiser=wavelet problem=inpaint algorithm=red_gd schedule=fixed3p25 rho=0.8 step=3.92157 lam=0.01 image=test005.png input=rot45_padded mode=vanilla
[solver-sweep] denoiser=wavelet problem=inpaint algorithm=red_gd schedule=fixed3p25 rho=0.8 step=3.92157 lam=0.01 image=test006.png input=upright mode=vanilla
[solver-sweep] denoiser=wavelet problem=inpaint algorithm=red_gd schedule=fixed3p25 rho=0.8 step=3.92157 lam=0.01 image=test006.png input=rot45_padded mode=vanilla
[solver-sweep] denoiser=wavelet problem=inpaint algorithm=red_gd schedule=fixed3p25 rho=0.8 step=3.92157 lam=0.01 image=test007.png input=upright mode=vanilla
[solver-sweep] denoiser=wavelet problem=inpaint algorithm=red_gd schedule=fixed3p25 rho=0.8 step=3.92157 lam=0.01 image=test007.png input=rot45_padded mode=vanilla
[solver-sweep] denoiser=wavelet problem=inpaint algorithm=red_gd schedule=fixed3p25 rho=0.8 step=3.92157 lam=0.01 image=test008.png input=upright mode=vanilla
[solver-sweep] denoiser=wavelet problem=inpaint algorithm=red_gd schedule=fixed3p25 rho=0.8 step=3.92157 lam=0.01 image=test008.png input=rot45_padded mode=vanilla
[solver-sweep] denoiser=wavelet problem=inpaint algorithm=red_gd schedule=fixed3p25 rho=0.8 step=3.92157 lam=0.01 image=test009.png input=upright mode=vanilla
[solver-sweep] denoiser=wavelet problem=inpaint algorithm=red_gd schedule=fixed3p25 rho=0.8 step=3.92157 lam=0.01 image=test009.png input=rot45_padded mode=vanilla
[solver-sweep] denoiser=wavelet problem=inpaint algorithm=red_gd schedule=fixed3p25 rho=0.8 step=3.92157 lam=0.01 image=test010.png input=upright mode=vanilla
[solver-sweep] denoiser=wavelet problem=inpaint algorithm=red_gd schedule=fixed3p25 rho=0.8 step=3.92157 lam=0.01 image=test010.png input=rot45_padded mode=vanilla
[solver-sweep] denoiser=wavelet problem=inpaint algorithm=red_gd schedule=fixed3p25 rho=0.8 step=3.84615 lam=0.02 image=test001.png input=upright mode=vanilla
[solver-sweep] denoiser=wavelet problem=inpaint algorithm=red_gd schedule=fixed3p25 rho=0.8 step=3.84615 lam=0.02 image=test001.png input=rot45_padded mode=vanilla
[solver-sweep] denoiser=wavelet problem=inpaint algorithm=red_gd schedule=fixed3p25 rho=0.8 step=3.84615 lam=0.02 image=test002.png input=upright mode=vanilla
[solver-sweep] denoiser=wavelet problem=inpaint algorithm=red_gd schedule=fixed3p25 rho=0.8 step=3.84615 lam=0.02 image=test002.png input=rot45_padded mode=vanilla
[solver-sweep] denoiser=wavelet problem=inpaint algorithm=red_gd schedule=fixed3p25 rho=0.8 step=3.84615 lam=0.02 image=test003.png input=upright mode=vanilla
[solver-sweep] denoiser=wavelet problem=inpaint algorithm=red_gd schedule=fixed3p25 rho=0.8 step=3.84615 lam=0.02 image=test003.png input=rot45_padded mode=vanilla
[solver-sweep] denoiser=wavelet problem=inpaint algorithm=red_gd schedule=fixed3p25 rho=0.8 step=3.84615 lam=0.02 image=test004.png input=upright mode=vanilla
[solver-sweep] denoiser=wavelet problem=inpaint algorithm=red_gd schedule=fixed3p25 rho=0.8 step=3.84615 lam=0.02 image=test004.png input=rot45_padded mode=vanilla
[solver-sweep] denoiser=wavelet problem=inpaint algorithm=red_gd schedule=fixed3p25 rho=0.8 step=3.84615 lam=0.02 image=test005.png input=upright mode=vanilla
[solver-sweep] denoiser=wavelet problem=inpaint algorithm=red_gd schedule=fixed3p25 rho=0.8 step=3.84615 lam=0.02 image=test005.png input=rot45_padded mode=vanilla
[solver-sweep] denoiser=wavelet problem=inpaint algorithm=red_gd schedule=fixed3p25 rho=0.8 step=3.84615 lam=0.02 image=test006.png input=upright mode=vanilla
[solver-sweep] denoiser=wavelet problem=inpaint algorithm=red_gd schedule=fixed3p25 rho=0.8 step=3.84615 lam=0.02 image=test006.png input=rot45_padded mode=vanilla
[solver-sweep] denoiser=wavelet problem=inpaint algorithm=red_gd schedule=fixed3p25 rho=0.8 step=3.84615 lam=0.02 image=test007.png input=upright mode=vanilla
[solver-sweep] denoiser=wavelet problem=inpaint algorithm=red_gd schedule=fixed3p25 rho=0.8 step=3.84615 lam=0.02 image=test007.png input=rot45_padded mode=vanilla
[solver-sweep] denoiser=wavelet problem=inpaint algorithm=red_gd schedule=fixed3p25 rho=0.8 step=3.84615 lam=0.02 image=test008.png input=upright mode=vanilla
[solver-sweep] denoiser=wavelet problem=inpaint algorithm=red_gd schedule=fixed3p25 rho=0.8 step=3.84615 lam=0.02 image=test008.png input=rot45_padded mode=vanilla
[solver-sweep] denoiser=wavelet problem=inpaint algorithm=red_gd schedule=fixed3p25 rho=0.8 step=3.84615 lam=0.02 image=test009.png input=upright mode=vanilla
[solver-sweep] denoiser=wavelet problem=inpaint algorithm=red_gd schedule=fixed3p25 rho=0.8 step=3.84615 lam=0.02 image=test009.png input=rot45_padded mode=vanilla
[solver-sweep] denoiser=wavelet problem=inpaint algorithm=red_gd schedule=fixed3p25 rho=0.8 step=3.84615 lam=0.02 image=test010.png input=upright mode=vanilla
[solver-sweep] denoiser=wavelet problem=inpaint algorithm=red_gd schedule=fixed3p25 rho=0.8 step=3.84615 lam=0.02 image=test010.png input=rot45_padded mode=vanilla
[solver-sweep] denoiser=wavelet problem=inpaint algorithm=red_gd schedule=fixed4p1 rho=0.8 step=3.9604 lam=0.005 image=test001.png input=upright mode=vanilla
[solver-sweep] denoiser=wavelet problem=inpaint algorithm=red_gd schedule=fixed4p1 rho=0.8 step=3.9604 lam=0.005 image=test001.png input=rot45_padded mode=vanilla
[solver-sweep] denoiser=wavelet problem=inpaint algorithm=red_gd schedule=fixed4p1 rho=0.8 step=3.9604 lam=0.005 image=test002.png input=upright mode=vanilla
[solver-sweep] denoiser=wavelet problem=inpaint algorithm=red_gd schedule=fixed4p1 rho=0.8 step=3.9604 lam=0.005 image=test002.png input=rot45_padded mode=vanilla
[solver-sweep] denoiser=wavelet problem=inpaint algorithm=red_gd schedule=fixed4p1 rho=0.8 step=3.9604 lam=0.005 image=test003.png input=upright mode=vanilla
[solver-sweep] denoiser=wavelet problem=inpaint algorithm=red_gd schedule=fixed4p1 rho=0.8 step=3.9604 lam=0.005 image=test003.png input=rot45_padded mode=vanilla
[solver-sweep] denoiser=wavelet problem=inpaint algorithm=red_gd schedule=fixed4p1 rho=0.8 step=3.9604 lam=0.005 image=test004.png input=upright mode=vanilla
[solver-sweep] denoiser=wavelet problem=inpaint algorithm=red_gd schedule=fixed4p1 rho=0.8 step=3.9604 lam=0.005 image=test004.png input=rot45_padded mode=vanilla
[solver-sweep] denoiser=wavelet problem=inpaint algorithm=red_gd schedule=fixed4p1 rho=0.8 step=3.9604 lam=0.005 image=test005.png input=upright mode=vanilla
[solver-sweep] denoiser=wavelet problem=inpaint algorithm=red_gd schedule=fixed4p1 rho=0.8 step=3.9604 lam=0.005 image=test005.png input=rot45_padded mode=vanilla
[solver-sweep] denoiser=wavelet problem=inpaint algorithm=red_gd schedule=fixed4p1 rho=0.8 step=3.9604 lam=0.005 image=test006.png input=upright mode=vanilla
[solver-sweep] denoiser=wavelet problem=inpaint algorithm=red_gd schedule=fixed4p1 rho=0.8 step=3.9604 lam=0.005 image=test006.png input=rot45_padded mode=vanilla
[solver-sweep] denoiser=wavelet problem=inpaint algorithm=red_gd schedule=fixed4p1 rho=0.8 step=3.9604 lam=0.005 image=test007.png input=upright mode=vanilla
[solver-sweep] denoiser=wavelet problem=inpaint algorithm=red_gd schedule=fixed4p1 rho=0.8 step=3.9604 lam=0.005 image=test007.png input=rot45_padded mode=vanilla
[solver-sweep] denoiser=wavelet problem=inpaint algorithm=red_gd schedule=fixed4p1 rho=0.8 step=3.9604 lam=0.005 image=test008.png input=upright mode=vanilla
[solver-sweep] denoiser=wavelet problem=inpaint algorithm=red_gd schedule=fixed4p1 rho=0.8 step=3.9604 lam=0.005 image=test008.png input=rot45_padded mode=vanilla
[solver-sweep] denoiser=wavelet problem=inpaint algorithm=red_gd schedule=fixed4p1 rho=0.8 step=3.9604 lam=0.005 image=test009.png input=upright mode=vanilla
[solver-sweep] denoiser=wavelet problem=inpaint algorithm=red_gd schedule=fixed4p1 rho=0.8 step=3.9604 lam=0.005 image=test009.png input=rot45_padded mode=vanilla
[solver-sweep] denoiser=wavelet problem=inpaint algorithm=red_gd schedule=fixed4p1 rho=0.8 step=3.9604 lam=0.005 image=test010.png input=upright mode=vanilla
[solver-sweep] denoiser=wavelet problem=inpaint algorithm=red_gd schedule=fixed4p1 rho=0.8 step=3.9604 lam=0.005 image=test010.png input=rot45_padded mode=vanilla
[solver-sweep] denoiser=wavelet problem=inpaint algorithm=red_gd schedule=fixed4p1 rho=0.8 step=3.92157 lam=0.01 image=test001.png input=upright mode=vanilla
[solver-sweep] denoiser=wavelet problem=inpaint algorithm=red_gd schedule=fixed4p1 rho=0.8 step=3.92157 lam=0.01 image=test001.png input=rot45_padded mode=vanilla
[solver-sweep] denoiser=wavelet problem=inpaint algorithm=red_gd schedule=fixed4p1 rho=0.8 step=3.92157 lam=0.01 image=test002.png input=upright mode=vanilla
[solver-sweep] denoiser=wavelet problem=inpaint algorithm=red_gd schedule=fixed4p1 rho=0.8 step=3.92157 lam=0.01 image=test002.png input=rot45_padded mode=vanilla
[solver-sweep] denoiser=wavelet problem=inpaint algorithm=red_gd schedule=fixed4p1 rho=0.8 step=3.92157 lam=0.01 image=test003.png input=upright mode=vanilla
[solver-sweep] denoiser=wavelet problem=inpaint algorithm=red_gd schedule=fixed4p1 rho=0.8 step=3.92157 lam=0.01 image=test003.png input=rot45_padded mode=vanilla
[solver-sweep] denoiser=wavelet problem=inpaint algorithm=red_gd schedule=fixed4p1 rho=0.8 step=3.92157 lam=0.01 image=test004.png input=upright mode=vanilla
[solver-sweep] denoiser=wavelet problem=inpaint algorithm=red_gd schedule=fixed4p1 rho=0.8 step=3.92157 lam=0.01 image=test004.png input=rot45_padded mode=vanilla
[solver-sweep] denoiser=wavelet problem=inpaint algorithm=red_gd schedule=fixed4p1 rho=0.8 step=3.92157 lam=0.01 image=test005.png input=upright mode=vanilla
[solver-sweep] denoiser=wavelet problem=inpaint algorithm=red_gd schedule=fixed4p1 rho=0.8 step=3.92157 lam=0.01 image=test005.png input=rot45_padded mode=vanilla
[solver-sweep] denoiser=wavelet problem=inpaint algorithm=red_gd schedule=fixed4p1 rho=0.8 step=3.92157 lam=0.01 image=test006.png input=upright mode=vanilla
[solver-sweep] denoiser=wavelet problem=inpaint algorithm=red_gd schedule=fixed4p1 rho=0.8 step=3.92157 lam=0.01 image=test006.png input=rot45_padded mode=vanilla
[solver-sweep] denoiser=wavelet problem=inpaint algorithm=red_gd schedule=fixed4p1 rho=0.8 step=3.92157 lam=0.01 image=test007.png input=upright mode=vanilla
[solver-sweep] denoiser=wavelet problem=inpaint algorithm=red_gd schedule=fixed4p1 rho=0.8 step=3.92157 lam=0.01 image=test007.png input=rot45_padded mode=vanilla
[solver-sweep] denoiser=wavelet problem=inpaint algorithm=red_gd schedule=fixed4p1 rho=0.8 step=3.92157 lam=0.01 image=test008.png input=upright mode=vanilla
[solver-sweep] denoiser=wavelet problem=inpaint algorithm=red_gd schedule=fixed4p1 rho=0.8 step=3.92157 lam=0.01 image=test008.png input=rot45_padded mode=vanilla
[solver-sweep] denoiser=wavelet problem=inpaint algorithm=red_gd schedule=fixed4p1 rho=0.8 step=3.92157 lam=0.01 image=test009.png input=upright mode=vanilla
[solver-sweep] denoiser=wavelet problem=inpaint algorithm=red_gd schedule=fixed4p1 rho=0.8 step=3.92157 lam=0.01 image=test009.png input=rot45_padded mode=vanilla
[solver-sweep] denoiser=wavelet problem=inpaint algorithm=red_gd schedule=fixed4p1 rho=0.8 step=3.92157 lam=0.01 image=test010.png input=upright mode=vanilla
[solver-sweep] denoiser=wavelet problem=inpaint algorithm=red_gd schedule=fixed4p1 rho=0.8 step=3.92157 lam=0.01 image=test010.png input=rot45_padded mode=vanilla
[solver-sweep] denoiser=wavelet problem=inpaint algorithm=red_gd schedule=fixed4p1 rho=0.8 step=3.84615 lam=0.02 image=test001.png input=upright mode=vanilla
[solver-sweep] denoiser=wavelet problem=inpaint algorithm=red_gd schedule=fixed4p1 rho=0.8 step=3.84615 lam=0.02 image=test001.png input=rot45_padded mode=vanilla
[solver-sweep] denoiser=wavelet problem=inpaint algorithm=red_gd schedule=fixed4p1 rho=0.8 step=3.84615 lam=0.02 image=test002.png input=upright mode=vanilla
[solver-sweep] denoiser=wavelet problem=inpaint algorithm=red_gd schedule=fixed4p1 rho=0.8 step=3.84615 lam=0.02 image=test002.png input=rot45_padded mode=vanilla
[solver-sweep] denoiser=wavelet problem=inpaint algorithm=red_gd schedule=fixed4p1 rho=0.8 step=3.84615 lam=0.02 image=test003.png input=upright mode=vanilla
[solver-sweep] denoiser=wavelet problem=inpaint algorithm=red_gd schedule=fixed4p1 rho=0.8 step=3.84615 lam=0.02 image=test003.png input=rot45_padded mode=vanilla
[solver-sweep] denoiser=wavelet problem=inpaint algorithm=red_gd schedule=fixed4p1 rho=0.8 step=3.84615 lam=0.02 image=test004.png input=upright mode=vanilla
[solver-sweep] denoiser=wavelet problem=inpaint algorithm=red_gd schedule=fixed4p1 rho=0.8 step=3.84615 lam=0.02 image=test004.png input=rot45_padded mode=vanilla
[solver-sweep] denoiser=wavelet problem=inpaint algorithm=red_gd schedule=fixed4p1 rho=0.8 step=3.84615 lam=0.02 image=test005.png input=upright mode=vanilla
[solver-sweep] denoiser=wavelet problem=inpaint algorithm=red_gd schedule=fixed4p1 rho=0.8 step=3.84615 lam=0.02 image=test005.png input=rot45_padded mode=vanilla
[solver-sweep] denoiser=wavelet problem=inpaint algorithm=red_gd schedule=fixed4p1 rho=0.8 step=3.84615 lam=0.02 image=test006.png input=upright mode=vanilla
[solver-sweep] denoiser=wavelet problem=inpaint algorithm=red_gd schedule=fixed4p1 rho=0.8 step=3.84615 lam=0.02 image=test006.png input=rot45_padded mode=vanilla
[solver-sweep] denoiser=wavelet problem=inpaint algorithm=red_gd schedule=fixed4p1 rho=0.8 step=3.84615 lam=0.02 image=test007.png input=upright mode=vanilla
[solver-sweep] denoiser=wavelet problem=inpaint algorithm=red_gd schedule=fixed4p1 rho=0.8 step=3.84615 lam=0.02 image=test007.png input=rot45_padded mode=vanilla
[solver-sweep] denoiser=wavelet problem=inpaint algorithm=red_gd schedule=fixed4p1 rho=0.8 step=3.84615 lam=0.02 image=test008.png input=upright mode=vanilla
[solver-sweep] denoiser=wavelet problem=inpaint algorithm=red_gd schedule=fixed4p1 rho=0.8 step=3.84615 lam=0.02 image=test008.png input=rot45_padded mode=vanilla
[solver-sweep] denoiser=wavelet problem=inpaint algorithm=red_gd schedule=fixed4p1 rho=0.8 step=3.84615 lam=0.02 image=test009.png input=upright mode=vanilla
[solver-sweep] denoiser=wavelet problem=inpaint algorithm=red_gd schedule=fixed4p1 rho=0.8 step=3.84615 lam=0.02 image=test009.png input=rot45_padded mode=vanilla
[solver-sweep] denoiser=wavelet problem=inpaint algorithm=red_gd schedule=fixed4p1 rho=0.8 step=3.84615 lam=0.02 image=test010.png input=upright mode=vanilla
[solver-sweep] denoiser=wavelet problem=inpaint algorithm=red_gd schedule=fixed4p1 rho=0.8 step=3.84615 lam=0.02 image=test010.png input=rot45_padded mode=vanilla
[solver-sweep] denoiser=wavelet problem=inpaint algorithm=red_gd schedule=fixed5p0 rho=0.8 step=3.9604 lam=0.005 image=test001.png input=upright mode=vanilla
[solver-sweep] denoiser=wavelet problem=inpaint algorithm=red_gd schedule=fixed5p0 rho=0.8 step=3.9604 lam=0.005 image=test001.png input=rot45_padded mode=vanilla
[solver-sweep] denoiser=wavelet problem=inpaint algorithm=red_gd schedule=fixed5p0 rho=0.8 step=3.9604 lam=0.005 image=test002.png input=upright mode=vanilla
[solver-sweep] denoiser=wavelet problem=inpaint algorithm=red_gd schedule=fixed5p0 rho=0.8 step=3.9604 lam=0.005 image=test002.png input=rot45_padded mode=vanilla
[solver-sweep] denoiser=wavelet problem=inpaint algorithm=red_gd schedule=fixed5p0 rho=0.8 step=3.9604 lam=0.005 image=test003.png input=upright mode=vanilla
[solver-sweep] denoiser=wavelet problem=inpaint algorithm=red_gd schedule=fixed5p0 rho=0.8 step=3.9604 lam=0.005 image=test003.png input=rot45_padded mode=vanilla
[solver-sweep] denoiser=wavelet problem=inpaint algorithm=red_gd schedule=fixed5p0 rho=0.8 step=3.9604 lam=0.005 image=test004.png input=upright mode=vanilla
[solver-sweep] denoiser=wavelet problem=inpaint algorithm=red_gd schedule=fixed5p0 rho=0.8 step=3.9604 lam=0.005 image=test004.png input=rot45_padded mode=vanilla
[solver-sweep] denoiser=wavelet problem=inpaint algorithm=red_gd schedule=fixed5p0 rho=0.8 step=3.9604 lam=0.005 image=test005.png input=upright mode=vanilla
[solver-sweep] denoiser=wavelet problem=inpaint algorithm=red_gd schedule=fixed5p0 rho=0.8 step=3.9604 lam=0.005 image=test005.png input=rot45_padded mode=vanilla
[solver-sweep] denoiser=wavelet problem=inpaint algorithm=red_gd schedule=fixed5p0 rho=0.8 step=3.9604 lam=0.005 image=test006.png input=upright mode=vanilla
[solver-sweep] denoiser=wavelet problem=inpaint algorithm=red_gd schedule=fixed5p0 rho=0.8 step=3.9604 lam=0.005 image=test006.png input=rot45_padded mode=vanilla
[solver-sweep] denoiser=wavelet problem=inpaint algorithm=red_gd schedule=fixed5p0 rho=0.8 step=3.9604 lam=0.005 image=test007.png input=upright mode=vanilla
[solver-sweep] denoiser=wavelet problem=inpaint algorithm=red_gd schedule=fixed5p0 rho=0.8 step=3.9604 lam=0.005 image=test007.png input=rot45_padded mode=vanilla
[solver-sweep] denoiser=wavelet problem=inpaint algorithm=red_gd schedule=fixed5p0 rho=0.8 step=3.9604 lam=0.005 image=test008.png input=upright mode=vanilla
[solver-sweep] denoiser=wavelet problem=inpaint algorithm=red_gd schedule=fixed5p0 rho=0.8 step=3.9604 lam=0.005 image=test008.png input=rot45_padded mode=vanilla
[solver-sweep] denoiser=wavelet problem=inpaint algorithm=red_gd schedule=fixed5p0 rho=0.8 step=3.9604 lam=0.005 image=test009.png input=upright mode=vanilla
[solver-sweep] denoiser=wavelet problem=inpaint algorithm=red_gd schedule=fixed5p0 rho=0.8 step=3.9604 lam=0.005 image=test009.png input=rot45_padded mode=vanilla
[solver-sweep] denoiser=wavelet problem=inpaint algorithm=red_gd schedule=fixed5p0 rho=0.8 step=3.9604 lam=0.005 image=test010.png input=upright mode=vanilla
[solver-sweep] denoiser=wavelet problem=inpaint algorithm=red_gd schedule=fixed5p0 rho=0.8 step=3.9604 lam=0.005 image=test010.png input=rot45_padded mode=vanilla
[solver-sweep] denoiser=wavelet problem=inpaint algorithm=red_gd schedule=fixed5p0 rho=0.8 step=3.92157 lam=0.01 image=test001.png input=upright mode=vanilla
[solver-sweep] denoiser=wavelet problem=inpaint algorithm=red_gd schedule=fixed5p0 rho=0.8 step=3.92157 lam=0.01 image=test001.png input=rot45_padded mode=vanilla
[solver-sweep] denoiser=wavelet problem=inpaint algorithm=red_gd schedule=fixed5p0 rho=0.8 step=3.92157 lam=0.01 image=test002.png input=upright mode=vanilla
[solver-sweep] denoiser=wavelet problem=inpaint algorithm=red_gd schedule=fixed5p0 rho=0.8 step=3.92157 lam=0.01 image=test002.png input=rot45_padded mode=vanilla
[solver-sweep] denoiser=wavelet problem=inpaint algorithm=red_gd schedule=fixed5p0 rho=0.8 step=3.92157 lam=0.01 image=test003.png input=upright mode=vanilla
[solver-sweep] denoiser=wavelet problem=inpaint algorithm=red_gd schedule=fixed5p0 rho=0.8 step=3.92157 lam=0.01 image=test003.png input=rot45_padded mode=vanilla
[solver-sweep] denoiser=wavelet problem=inpaint algorithm=red_gd schedule=fixed5p0 rho=0.8 step=3.92157 lam=0.01 image=test004.png input=upright mode=vanilla
[solver-sweep] denoiser=wavelet problem=inpaint algorithm=red_gd schedule=fixed5p0 rho=0.8 step=3.92157 lam=0.01 image=test004.png input=rot45_padded mode=vanilla
[solver-sweep] denoiser=wavelet problem=inpaint algorithm=red_gd schedule=fixed5p0 rho=0.8 step=3.92157 lam=0.01 image=test005.png input=upright mode=vanilla
[solver-sweep] denoiser=wavelet problem=inpaint algorithm=red_gd schedule=fixed5p0 rho=0.8 step=3.92157 lam=0.01 image=test005.png input=rot45_padded mode=vanilla
[solver-sweep] denoiser=wavelet problem=inpaint algorithm=red_gd schedule=fixed5p0 rho=0.8 step=3.92157 lam=0.01 image=test006.png input=upright mode=vanilla
[solver-sweep] denoiser=wavelet problem=inpaint algorithm=red_gd schedule=fixed5p0 rho=0.8 step=3.92157 lam=0.01 image=test006.png input=rot45_padded mode=vanilla
[solver-sweep] denoiser=wavelet problem=inpaint algorithm=red_gd schedule=fixed5p0 rho=0.8 step=3.92157 lam=0.01 image=test007.png input=upright mode=vanilla
[solver-sweep] denoiser=wavelet problem=inpaint algorithm=red_gd schedule=fixed5p0 rho=0.8 step=3.92157 lam=0.01 image=test007.png input=rot45_padded mode=vanilla
[solver-sweep] denoiser=wavelet problem=inpaint algorithm=red_gd schedule=fixed5p0 rho=0.8 step=3.92157 lam=0.01 image=test008.png input=upright mode=vanilla
[solver-sweep] denoiser=wavelet problem=inpaint algorithm=red_gd schedule=fixed5p0 rho=0.8 step=3.92157 lam=0.01 image=test008.png input=rot45_padded mode=vanilla
[solver-sweep] denoiser=wavelet problem=inpaint algorithm=red_gd schedule=fixed5p0 rho=0.8 step=3.92157 lam=0.01 image=test009.png input=upright mode=vanilla
[solver-sweep] denoiser=wavelet problem=inpaint algorithm=red_gd schedule=fixed5p0 rho=0.8 step=3.92157 lam=0.01 image=test009.png input=rot45_padded mode=vanilla
[solver-sweep] denoiser=wavelet problem=inpaint algorithm=red_gd schedule=fixed5p0 rho=0.8 step=3.92157 lam=0.01 image=test010.png input=upright mode=vanilla
[solver-sweep] denoiser=wavelet problem=inpaint algorithm=red_gd schedule=fixed5p0 rho=0.8 step=3.92157 lam=0.01 image=test010.png input=rot45_padded mode=vanilla
[solver-sweep] denoiser=wavelet problem=inpaint algorithm=red_gd schedule=fixed5p0 rho=0.8 step=3.84615 lam=0.02 image=test001.png input=upright mode=vanilla
[solver-sweep] denoiser=wavelet problem=inpaint algorithm=red_gd schedule=fixed5p0 rho=0.8 step=3.84615 lam=0.02 image=test001.png input=rot45_padded mode=vanilla
[solver-sweep] denoiser=wavelet problem=inpaint algorithm=red_gd schedule=fixed5p0 rho=0.8 step=3.84615 lam=0.02 image=test002.png input=upright mode=vanilla
[solver-sweep] denoiser=wavelet problem=inpaint algorithm=red_gd schedule=fixed5p0 rho=0.8 step=3.84615 lam=0.02 image=test002.png input=rot45_padded mode=vanilla
[solver-sweep] denoiser=wavelet problem=inpaint algorithm=red_gd schedule=fixed5p0 rho=0.8 step=3.84615 lam=0.02 image=test003.png input=upright mode=vanilla
[solver-sweep] denoiser=wavelet problem=inpaint algorithm=red_gd schedule=fixed5p0 rho=0.8 step=3.84615 lam=0.02 image=test003.png input=rot45_padded mode=vanilla
[solver-sweep] denoiser=wavelet problem=inpaint algorithm=red_gd schedule=fixed5p0 rho=0.8 step=3.84615 lam=0.02 image=test004.png input=upright mode=vanilla
[solver-sweep] denoiser=wavelet problem=inpaint algorithm=red_gd schedule=fixed5p0 rho=0.8 step=3.84615 lam=0.02 image=test004.png input=rot45_padded mode=vanilla
[solver-sweep] denoiser=wavelet problem=inpaint algorithm=red_gd schedule=fixed5p0 rho=0.8 step=3.84615 lam=0.02 image=test005.png input=upright mode=vanilla
[solver-sweep] denoiser=wavelet problem=inpaint algorithm=red_gd schedule=fixed5p0 rho=0.8 step=3.84615 lam=0.02 image=test005.png input=rot45_padded mode=vanilla
[solver-sweep] denoiser=wavelet problem=inpaint algorithm=red_gd schedule=fixed5p0 rho=0.8 step=3.84615 lam=0.02 image=test006.png input=upright mode=vanilla
[solver-sweep] denoiser=wavelet problem=inpaint algorithm=red_gd schedule=fixed5p0 rho=0.8 step=3.84615 lam=0.02 image=test006.png input=rot45_padded mode=vanilla
[solver-sweep] denoiser=wavelet problem=inpaint algorithm=red_gd schedule=fixed5p0 rho=0.8 step=3.84615 lam=0.02 image=test007.png input=upright mode=vanilla
[solver-sweep] denoiser=wavelet problem=inpaint algorithm=red_gd schedule=fixed5p0 rho=0.8 step=3.84615 lam=0.02 image=test007.png input=rot45_padded mode=vanilla
[solver-sweep] denoiser=wavelet problem=inpaint algorithm=red_gd schedule=fixed5p0 rho=0.8 step=3.84615 lam=0.02 image=test008.png input=upright mode=vanilla
[solver-sweep] denoiser=wavelet problem=inpaint algorithm=red_gd schedule=fixed5p0 rho=0.8 step=3.84615 lam=0.02 image=test008.png input=rot45_padded mode=vanilla
[solver-sweep] denoiser=wavelet problem=inpaint algorithm=red_gd schedule=fixed5p0 rho=0.8 step=3.84615 lam=0.02 image=test009.png input=upright mode=vanilla
[solver-sweep] denoiser=wavelet problem=inpaint algorithm=red_gd schedule=fixed5p0 rho=0.8 step=3.84615 lam=0.02 image=test009.png input=rot45_padded mode=vanilla
[solver-sweep] denoiser=wavelet problem=inpaint algorithm=red_gd schedule=fixed5p0 rho=0.8 step=3.84615 lam=0.02 image=test010.png input=upright mode=vanilla
[solver-sweep] denoiser=wavelet problem=inpaint algorithm=red_gd schedule=fixed5p0 rho=0.8 step=3.84615 lam=0.02 image=test010.png input=rot45_padded mode=vanilla
wrote results/downstream/solver_sweep_unclipped_masked/parameter_sweep_wavelet/downstream_solver_sweep_summary.csv
