dataset,file,image_index,input_pose,input_angle_deg,input_height,input_width,eval_mask_pixels,eval_mask_fraction,problem,algorithm,denoiser,train_sigma,schedule,rho,step,red_input_sigma,lambda,mode,group_expand,base_group_size,num_iter,degraded_se,degraded_psnr,degraded_ssim,iteration,se,psnr,ssim,effective_denoiser_sigma,sampled_angles
val_images,test001.png,0,upright,0.0,481,321,154401.0,1.0,inpaint,red_gd,wavelet,15.0,fixed5p0,0.8,3.8461538461538467,1.4142135623730951,0.02,vanilla,True,0,20,0.09998868864596085,10.000491273649581,0.18736299119257646,1,0.09995428148538546,10.001985983877555,0.18745941979002725,5.0,none
val_images,test001.png,0,upright,0.0,481,321,154401.0,1.0,inpaint,red_gd,wavelet,15.0,fixed5p0,0.8,3.8461538461538467,1.4142135623730951,0.02,vanilla,True,0,20,0.09998868864596085,10.000491273649581,0.18736299119257646,2,0.09991992492357563,10.003479009478628,0.1876180469200329,5.0,none
val_images,test001.png,0,upright,0.0,481,321,154401.0,1.0,inpaint,red_gd,wavelet,15.0,fixed5p0,0.8,3.8461538461538467,1.4142135623730951,0.02,vanilla,True,0,20,0.09998868864596085,10.000491273649581,0.18736299119257646,3,0.09988553041269163,10.004974198527103,0.1877192065020628,5.0,none
val_images,test001.png,0,upright,0.0,481,321,154401.0,1.0,inpaint,red_gd,wavelet,15.0,fixed5p0,0.8,3.8461538461538467,1.4142135623730951,0.02,vanilla,True,0,20,0.09998868864596085,10.000491273649581,0.18736299119257646,4,0.09985118650057319,10.006467701764517,0.18787317854563765,5.0,none
val_images,test001.png,0,upright,0.0,481,321,154401.0,1.0,inpaint,red_gd,wavelet,15.0,fixed5p0,0.8,3.8461538461538467,1.4142135623730951,0.02,vanilla,True,0,20,0.09998868864596085,10.000491273649581,0.18736299119257646,5,0.09981681096422627,10.00796309472533,0.1879783227804548,5.0,none
val_images,test001.png,0,upright,0.0,481,321,154401.0,1.0,inpaint,red_gd,wavelet,15.0,fixed5p0,0.8,3.8461538461538467,1.4142135623730951,0.02,vanilla,True,0,20,0.09998868864596085,10.000491273649581,0.18736299119257646,6,0.09978247970179921,10.009457075783692,0.1881283228209338,5.0,none
val_images,test001.png,0,upright,0.0,481,321,154401.0,1.0,inpaint,red_gd,wavelet,15.0,fixed5p0,0.8,3.8461538461538467,1.4142135623730951,0.02,vanilla,True,0,20,0.09998868864596085,10.000491273649581,0.18736299119257646,7,0.09974812946483508,10.010952397085548,0.1882368698227343,5.0,none
val_images,test001.png,0,upright,0.0,481,321,154401.0,1.0,inpaint,red_gd,wavelet,15.0,fixed5p0,0.8,3.8461538461538467,1.4142135623730951,0.02,vanilla,True,0,20,0.09998868864596085,10.000491273649581,0.18736299119257646,8,0.09971380452725372,10.012447131527562,0.1883834164974644,5.0,none
val_images,test001.png,0,upright,0.0,481,321,154401.0,1.0,inpaint,red_gd,wavelet,15.0,fixed5p0,0.8,3.8461538461538467,1.4142135623730951,0.02,vanilla,True,0,20,0.09998868864596085,10.000491273649581,0.18736299119257646,9,0.09967946693998096,10.013942931733066,0.18849478438044442,5.0,none
val_images,test001.png,0,upright,0.0,481,321,154401.0,1.0,inpaint,red_gd,wavelet,15.0,fixed5p0,0.8,3.8461538461538467,1.4142135623730951,0.02,vanilla,True,0,20,0.09998868864596085,10.000491273649581,0.18736299119257646,10,0.09964516097693668,10.015437868986863,0.18863843427584667,5.0,none
val_images,test001.png,0,upright,0.0,481,321,154401.0,1.0,inpaint,red_gd,wavelet,15.0,fixed5p0,0.8,3.8461538461538467,1.4142135623730951,0.02,vanilla,True,0,20,0.09998868864596085,10.000491273649581,0.18736299119257646,11,0.09961086133873809,10.01693304525054,0.18875216765111624,5.0,none
val_images,test001.png,0,upright,0.0,481,321,154401.0,1.0,inpaint,red_gd,wavelet,15.0,fixed5p0,0.8,3.8461538461538467,1.4142135623730951,0.02,vanilla,True,0,20,0.09998868864596085,10.000491273649581,0.18736299119257646,12,0.0995765680253852,10.018428460593771,0.18889331290762365,5.0,none
val_images,test001.png,0,upright,0.0,481,321,154401.0,1.0,inpaint,red_gd,wavelet,15.0,fixed5p0,0.8,3.8461538461538467,1.4142135623730951,0.02,vanilla,True,0,20,0.09998868864596085,10.000491273649581,0.18736299119257646,13,0.09954226206234092,10.019924942929206,0.18900905758382394,5.0,none
val_images,test001.png,0,upright,0.0,481,321,154401.0,1.0,inpaint,red_gd,wavelet,15.0,fixed5p0,0.8,3.8461538461538467,1.4142135623730951,0.02,vanilla,True,0,20,0.09998868864596085,10.000491273649581,0.18736299119257646,14,0.09950798772352511,10.021420560883135,0.18914806504248677,5.0,none
val_images,test001.png,0,upright,0.0,481,321,154401.0,1.0,inpaint,red_gd,wavelet,15.0,fixed5p0,0.8,3.8461538461538467,1.4142135623730951,0.02,vanilla,True,0,20,0.09998868864596085,10.000491273649581,0.18736299119257646,15,0.0994737007350179,10.02291724634927,0.18926546682825887,5.0,none
val_images,test001.png,0,upright,0.0,481,321,154401.0,1.0,inpaint,red_gd,wavelet,15.0,fixed5p0,0.8,3.8461538461538467,1.4142135623730951,0.02,vanilla,True,0,20,0.09998868864596085,10.000491273649581,0.18736299119257646,16,0.09943943904589349,10.02441334285561,0.1894026021325963,5.0,none
val_images,test001.png,0,upright,0.0,481,321,154401.0,1.0,inpaint,red_gd,wavelet,15.0,fixed5p0,0.8,3.8461538461538467,1.4142135623730951,0.02,vanilla,True,0,20,0.09998868864596085,10.000491273649581,0.18736299119257646,17,0.09940517103192337,10.02591023125651,0.18952144598318663,5.0,none
val_images,test001.png,0,upright,0.0,481,321,154401.0,1.0,inpaint,red_gd,wavelet,15.0,fixed5p0,0.8,3.8461538461538467,1.4142135623730951,0.02,vanilla,True,0,20,0.09998868864596085,10.000491273649581,0.18736299119257646,18,0.09937092831733603,10.02740653007578,0.18965701272579194,5.0,none
val_images,test001.png,0,upright,0.0,481,321,154401.0,1.0,inpaint,red_gd,wavelet,15.0,fixed5p0,0.8,3.8461538461538467,1.4142135623730951,0.02,vanilla,True,0,20,0.09998868864596085,10.000491273649581,0.18736299119257646,19,0.09933666030336591,10.028904450675979,0.1897769823989158,5.0,none
val_images,test001.png,0,upright,0.0,481,321,154401.0,1.0,inpaint,red_gd,wavelet,15.0,fixed5p0,0.8,3.8461538461538467,1.4142135623730951,0.02,vanilla,True,0,20,0.09998868864596085,10.000491273649581,0.18736299119257646,20,0.09930244288816134,10.030400675187323,0.18991122092392537,5.0,none
val_images,test001.png,0,upright,0.0,481,321,154401.0,1.0,inpaint,red_gd,wavelet,15.0,fixed5p0,0.8,3.8461538461538467,1.4142135623730951,0.02,G16_fixed,True,16,20,0.09998868864596085,10.000491273649581,0.18736299119257646,1,0.09988408834787339,10.005036898831284,0.18764736890467032,5.0,0;22.5;45;67.5;90;112.5;135;157.5;180;202.5;225;247.5;270;292.5;315;337.5
val_images,test001.png,0,upright,0.0,481,321,154401.0,1.0,inpaint,red_gd,wavelet,15.0,fixed5p0,0.8,3.8461538461538467,1.4142135623730951,0.02,G16_fixed,True,16,20,0.09998868864596085,10.000491273649581,0.18736299119257646,2,0.0997795386485515,10.009585084430539,0.18807864748285308,5.0,0;22.5;45;67.5;90;112.5;135;157.5;180;202.5;225;247.5;270;292.5;315;337.5
val_images,test001.png,0,upright,0.0,481,321,154401.0,1.0,inpaint,red_gd,wavelet,15.0,fixed5p0,0.8,3.8461538461538467,1.4142135623730951,0.02,G16_fixed,True,16,20,0.09998868864596085,10.000491273649581,0.18736299119257646,3,0.09967512809583487,10.014131975388711,0.18837457436318417,5.0,0;22.5;45;67.5;90;112.5;135;157.5;180;202.5;225;247.5;270;292.5;315;337.5
val_images,test001.png,0,upright,0.0,481,321,154401.0,1.0,inpaint,red_gd,wavelet,15.0,fixed5p0,0.8,3.8461538461538467,1.4142135623730951,0.02,G16_fixed,True,16,20,0.09998868864596085,10.000491273649581,0.18736299119257646,4,0.0995707681418838,10.01868142480103,0.18879462001541442,5.0,0;22.5;45;67.5;90;112.5;135;157.5;180;202.5;225;247.5;270;292.5;315;337.5
val_images,test001.png,0,upright,0.0,481,321,154401.0,1.0,inpaint,red_gd,wavelet,15.0,fixed5p0,0.8,3.8461538461538467,1.4142135623730951,0.02,G16_fixed,True,16,20,0.09998868864596085,10.000491273649581,0.18736299119257646,5,0.0994665283600009,10.02323039798356,0.1891002492090401,5.0,0;22.5;45;67.5;90;112.5;135;157.5;180;202.5;225;247.5;270;292.5;315;337.5
val_images,test001.png,0,upright,0.0,481,321,154401.0,1.0,inpaint,red_gd,wavelet,15.0,fixed5p0,0.8,3.8461538461538467,1.4142135623730951,0.02,G16_fixed,True,16,20,0.09998868864596085,10.000491273649581,0.18736299119257646,6,0.09936235815142065,10.027781100016677,0.18951084554180347,5.0,0;22.5;45;67.5;90;112.5;135;157.5;180;202.5;225;247.5;270;292.5;315;337.5
val_images,test001.png,0,upright,0.0,481,321,154401.0,1.0,inpaint,red_gd,wavelet,15.0,fixed5p0,0.8,3.8461538461538467,1.4142135623730951,0.02,G16_fixed,True,16,20,0.09998868864596085,10.000491273649581,0.18736299119257646,7,0.09925830179006288,10.032331594179007,0.18982462113668305,5.0,0;22.5;45;67.5;90;112.5;135;157.5;180;202.5;225;247.5;270;292.5;315;337.5
val_images,test001.png,0,upright,0.0,481,321,154401.0,1.0,inpaint,red_gd,wavelet,15.0,fixed5p0,0.8,3.8461538461538467,1.4142135623730951,0.02,G16_fixed,True,16,20,0.09998868864596085,10.000491273649581,0.18736299119257646,8,0.09915430235231637,10.03688436805806,0.19022714696634088,5.0,0;22.5;45;67.5;90;112.5;135;157.5;180;202.5;225;247.5;270;292.5;315;337.5
val_images,test001.png,0,upright,0.0,481,321,154401.0,1.0,inpaint,red_gd,wavelet,15.0,fixed5p0,0.8,3.8461538461538467,1.4142135623730951,0.02,G16_fixed,True,16,20,0.09998868864596085,10.000491273649581,0.18736299119257646,9,0.09905041043694665,10.0414372052794,0.19054782929271832,5.0,0;22.5;45;67.5;90;112.5;135;157.5;180;202.5;225;247.5;270;292.5;315;337.5
val_images,test001.png,0,upright,0.0,481,321,154401.0,1.0,inpaint,red_gd,wavelet,15.0,fixed5p0,0.8,3.8461538461538467,1.4142135623730951,0.02,G16_fixed,True,16,20,0.09998868864596085,10.000491273649581,0.18736299119257646,10,0.09894659441972527,10.045991489075446,0.19094352428902664,5.0,0;22.5;45;67.5;90;112.5;135;157.5;180;202.5;225;247.5;270;292.5;315;337.5
val_images,test001.png,0,upright,0.0,481,321,154401.0,1.0,inpaint,red_gd,wavelet,15.0,fixed5p0,0.8,3.8461538461538467,1.4142135623730951,0.02,G16_fixed,True,16,20,0.09998868864596085,10.000491273649581,0.18736299119257646,11,0.09884287960003497,10.050546107387133,0.1912699622249856,5.0,0;22.5;45;67.5;90;112.5;135;157.5;180;202.5;225;247.5;270;292.5;315;337.5
val_images,test001.png,0,upright,0.0,481,321,154401.0,1.0,inpaint,red_gd,wavelet,15.0,fixed5p0,0.8,3.8461538461538467,1.4142135623730951,0.02,G16_fixed,True,16,20,0.09998868864596085,10.000491273649581,0.18736299119257646,12,0.09873923435364731,10.055102447210578,0.19165980041418126,5.0,0;22.5;45;67.5;90;112.5;135;157.5;180;202.5;225;247.5;270;292.5;315;337.5
val_images,test001.png,0,upright,0.0,481,321,154401.0,1.0,inpaint,red_gd,wavelet,15.0,fixed5p0,0.8,3.8461538461538467,1.4142135623730951,0.02,G16_fixed,True,16,20,0.09998868864596085,10.000491273649581,0.18736299119257646,13,0.09863567765509938,10.059659673497606,0.19199114643039877,5.0,0;22.5;45;67.5;90;112.5;135;157.5;180;202.5;225;247.5;270;292.5;315;337.5
val_images,test001.png,0,upright,0.0,481,321,154401.0,1.0,inpaint,red_gd,wavelet,15.0,fixed5p0,0.8,3.8461538461538467,1.4142135623730951,0.02,G16_fixed,True,16,20,0.09998868864596085,10.000491273649581,0.18736299119257646,14,0.09853219685469977,10.06421834157014,0.1923760638896445,5.0,0;22.5;45;67.5;90;112.5;135;157.5;180;202.5;225;247.5;270;292.5;315;337.5
val_images,test001.png,0,upright,0.0,481,321,154401.0,1.0,inpaint,red_gd,wavelet,15.0,fixed5p0,0.8,3.8461538461538467,1.4142135623730951,0.02,G16_fixed,True,16,20,0.09998868864596085,10.000491273649581,0.18736299119257646,15,0.09842881725183127,10.06877733466771,0.19271148310648895,5.0,0;22.5;45;67.5;90;112.5;135;157.5;180;202.5;225;247.5;270;292.5;315;337.5
val_images,test001.png,0,upright,0.0,481,321,154401.0,1.0,inpaint,red_gd,wavelet,15.0,fixed5p0,0.8,3.8461538461538467,1.4142135623730951,0.02,G16_fixed,True,16,20,0.09998868864596085,10.000491273649581,0.18736299119257646,16,0.0983255072222654,10.073338045595808,0.19309222616757662,5.0,0;22.5;45;67.5;90;112.5;135;157.5;180;202.5;225;247.5;270;292.5;315;337.5
val_images,test001.png,0,upright,0.0,481,321,154401.0,1.0,inpaint,red_gd,wavelet,15.0,fixed5p0,0.8,3.8461538461538467,1.4142135623730951,0.02,G16_fixed,True,16,20,0.09998868864596085,10.000491273649581,0.18736299119257646,17,0.09822227941569354,10.077899915425235,0.19343104815140447,5.0,0;22.5;45;67.5;90;112.5;135;157.5;180;202.5;225;247.5;270;292.5;315;337.5
val_images,test001.png,0,upright,0.0,481,321,154401.0,1.0,inpaint,red_gd,wavelet,15.0,fixed5p0,0.8,3.8461538461538467,1.4142135623730951,0.02,G16_fixed,True,16,20,0.09998868864596085,10.000491273649581,0.18736299119257646,18,0.09811914015696142,10.082462662822353,0.19380819870013796,5.0,0;22.5;45;67.5;90;112.5;135;157.5;180;202.5;225;247.5;270;292.5;315;337.5
val_images,test001.png,0,upright,0.0,481,321,154401.0,1.0,inpaint,red_gd,wavelet,15.0,fixed5p0,0.8,3.8461538461538467,1.4142135623730951,0.02,G16_fixed,True,16,20,0.09998868864596085,10.000491273649581,0.18736299119257646,19,0.09801608312122331,10.087026565757606,0.194149930112985,5.0,0;22.5;45;67.5;90;112.5;135;157.5;180;202.5;225;247.5;270;292.5;315;337.5
val_images,test001.png,0,upright,0.0,481,321,154401.0,1.0,inpaint,red_gd,wavelet,15.0,fixed5p0,0.8,3.8461538461538467,1.4142135623730951,0.02,G16_fixed,True,16,20,0.09998868864596085,10.000491273649581,0.18736299119257646,20,0.09791310198363352,10.091591903370778,0.19452400678671122,5.0,0;22.5;45;67.5;90;112.5;135;157.5;180;202.5;225;247.5;270;292.5;315;337.5
val_images,test001.png,0,rot45_padded,45.0,1000,1000,154360.0,0.15435999631881714,inpaint,red_gd,wavelet,15.0,fixed5p0,0.8,3.8461538461538467,1.4142135623730951,0.02,vanilla,False,0,20,0.10017810435022026,9.992271906344083,0.19753507172761725,1,0.10009232931539906,9.995992038757425,0.19776659726046256,5.0,none
val_images,test001.png,0,rot45_padded,45.0,1000,1000,154360.0,0.15435999631881714,inpaint,red_gd,wavelet,15.0,fixed5p0,0.8,3.8461538461538467,1.4142135623730951,0.02,vanilla,False,0,20,0.10017810435022026,9.992271906344083,0.19753507172761725,2,0.1000065922397318,9.999713712102398,0.19817845408055842,5.0,none
val_images,test001.png,0,rot45_padded,45.0,1000,1000,154360.0,0.15435999631881714,inpaint,red_gd,wavelet,15.0,fixed5p0,0.8,3.8461538461538467,1.4142135623730951,0.02,vanilla,False,0,20,0.10017810435022026,9.992271906344083,0.19753507172761725,3,0.09992092475584673,10.003435552734036,0.19842364490881706,5.0,none
val_images,test001.png,0,rot45_padded,45.0,1000,1000,154360.0,0.15435999631881714,inpaint,red_gd,wavelet,15.0,fixed5p0,0.8,3.8461538461538467,1.4142135623730951,0.02,vanilla,False,0,20,0.10017810435022026,9.992271906344083,0.19753507172761725,4,0.09983526992501296,10.007160035243208,0.1988213809236525,5.0,none
val_images,test001.png,0,rot45_padded,45.0,1000,1000,154360.0,0.15435999631881714,inpaint,red_gd,wavelet,15.0,fixed5p0,0.8,3.8461538461538467,1.4142135623730951,0.02,vanilla,False,0,20,0.10017810435022026,9.992271906344083,0.19753507172761725,5,0.09974967835943574,10.010884960116144,0.19907794684503757,5.0,none
val_images,test001.png,0,rot45_padded,45.0,1000,1000,154360.0,0.15435999631881714,inpaint,red_gd,wavelet,15.0,fixed5p0,0.8,3.8461538461538467,1.4142135623730951,0.02,vanilla,False,0,20,0.10017810435022026,9.992271906344083,0.19753507172761725,6,0.09966413107953809,10.014611152799093,0.1994636371550272,5.0,none
val_images,test001.png,0,rot45_padded,45.0,1000,1000,154360.0,0.15435999631881714,inpaint,red_gd,wavelet,15.0,fixed5p0,0.8,3.8461538461538467,1.4142135623730951,0.02,vanilla,False,0,20,0.10017810435022026,9.992271906344083,0.19753507172761725,7,0.09957864073837135,10.01833806197271,0.1997295916404833,5.0,none
val_images,test001.png,0,rot45_padded,45.0,1000,1000,154360.0,0.15435999631881714,inpaint,red_gd,wavelet,15.0,fixed5p0,0.8,3.8461538461538467,1.4142135623730951,0.02,vanilla,False,0,20,0.10017810435022026,9.992271906344083,0.19753507172761725,8,0.09949317570330721,10.022067067521345,0.2001050203258616,5.0,none
val_images,test001.png,0,rot45_padded,45.0,1000,1000,154360.0,0.15435999631881714,inpaint,red_gd,wavelet,15.0,fixed5p0,0.8,3.8461538461538467,1.4142135623730951,0.02,vanilla,False,0,20,0.10017810435022026,9.992271906344083,0.19753507172761725,9,0.09940775495392265,10.025797342915828,0.2003789209275395,5.0,none
val_images,test001.png,0,rot45_padded,45.0,1000,1000,154360.0,0.15435999631881714,inpaint,red_gd,wavelet,15.0,fixed5p0,0.8,3.8461538461538467,1.4142135623730951,0.02,vanilla,False,0,20,0.10017810435022026,9.992271906344083,0.19753507172761725,10,0.09932235951064071,10.029529718573096,0.20074553043615573,5.0,none
val_images,test001.png,0,rot45_padded,45.0,1000,1000,154360.0,0.15435999631881714,inpaint,red_gd,wavelet,15.0,fixed5p0,0.8,3.8461538461538467,1.4142135623730951,0.02,vanilla,False,0,20,0.10017810435022026,9.992271906344083,0.19753507172761725,11,0.09923704631219228,10.03326170532498,0.2010259979714628,5.0,none
val_images,test001.png,0,rot45_padded,45.0,1000,1000,154360.0,0.15435999631881714,inpaint,red_gd,wavelet,15.0,fixed5p0,0.8,3.8461538461538467,1.4142135623730951,0.02,vanilla,False,0,20,0.10017810435022026,9.992271906344083,0.19753507172761725,12,0.0991517394402695,10.036996624704358,0.2013850915676017,5.0,none
val_images,test001.png,0,rot45_padded,45.0,1000,1000,154360.0,0.15435999631881714,inpaint,red_gd,wavelet,15.0,fixed5p0,0.8,3.8461538461538467,1.4142135623730951,0.02,vanilla,False,0,20,0.10017810435022026,9.992271906344083,0.19753507172761725,13,0.09906651481318023,10.040731153361897,0.20167096195581757,5.0,none
val_images,test001.png,0,rot45_padded,45.0,1000,1000,154360.0,0.15435999631881714,inpaint,red_gd,wavelet,15.0,fixed5p0,0.8,3.8461538461538467,1.4142135623730951,0.02,vanilla,False,0,20,0.10017810435022026,9.992271906344083,0.19753507172761725,14,0.09898129651261661,10.044468618545515,0.20202358984273774,5.0,none
val_images,test001.png,0,rot45_padded,45.0,1000,1000,154360.0,0.15435999631881714,inpaint,red_gd,wavelet,15.0,fixed5p0,0.8,3.8461538461538467,1.4142135623730951,0.02,vanilla,False,0,20,0.10017810435022026,9.992271906344083,0.19753507172761725,15,0.09889611617120692,10.04820763595272,0.20231402798247602,5.0,none
val_images,test001.png,0,rot45_padded,45.0,1000,1000,154360.0,0.15435999631881714,inpaint,red_gd,wavelet,15.0,fixed5p0,0.8,3.8461538461538467,1.4142135623730951,0.02,vanilla,False,0,20,0.10017810435022026,9.992271906344083,0.19753507172761725,16,0.09881101174810508,10.051946538440504,0.2026610885268204,5.0,none
val_images,test001.png,0,rot45_padded,45.0,1000,1000,154360.0,0.15435999631881714,inpaint,red_gd,wavelet,15.0,fixed5p0,0.8,3.8461538461538467,1.4142135623730951,0.02,vanilla,False,0,20,0.10017810435022026,9.992271906344083,0.19753507172761725,17,0.0987259136515289,10.055688384272619,0.20295525931669475,5.0,none
val_images,test001.png,0,rot45_padded,45.0,1000,1000,154360.0,0.15435999631881714,inpaint,red_gd,wavelet,15.0,fixed5p0,0.8,3.8461538461538467,1.4142135623730951,0.02,vanilla,False,0,20,0.10017810435022026,9.992271906344083,0.19753507172761725,18,0.0986408851467349,10.059430392852173,0.20329741047713137,5.0,none
val_images,test001.png,0,rot45_padded,45.0,1000,1000,154360.0,0.15435999631881714,inpaint,red_gd,wavelet,15.0,fixed5p0,0.8,3.8461538461538467,1.4142135623730951,0.02,vanilla,False,0,20,0.10017810435022026,9.992271906344083,0.19753507172761725,19,0.0985559009276205,10.06317367695228,0.2035946559584737,5.0,none
val_images,test001.png,0,rot45_padded,45.0,1000,1000,154360.0,0.15435999631881714,inpaint,red_gd,wavelet,15.0,fixed5p0,0.8,3.8461538461538467,1.4142135623730951,0.02,vanilla,False,0,20,0.10017810435022026,9.992271906344083,0.19753507172761725,20,0.09847091670850609,10.066920190258635,0.20393269487723503,5.0,none
val_images,test001.png,0,rot45_padded,45.0,1000,1000,154360.0,0.15435999631881714,inpaint,red_gd,wavelet,15.0,fixed5p0,0.8,3.8461538461538467,1.4142135623730951,0.02,G16_fixed,False,16,20,0.10017810435022026,9.992271906344083,0.19753507172761725,1,0.10007412157456595,9.996782133337051,0.19781618456854108,5.0,0;22.5;45;67.5;90;112.5;135;157.5;180;202.5;225;247.5;270;292.5;315;337.5
val_images,test001.png,0,rot45_padded,45.0,1000,1000,154360.0,0.15435999631881714,inpaint,red_gd,wavelet,15.0,fixed5p0,0.8,3.8461538461538467,1.4142135623730951,0.02,G16_fixed,False,16,20,0.10017810435022026,9.992271906344083,0.19753507172761725,2,0.09997019573764253,10.001294575596841,0.1982559413667725,5.0,0;22.5;45;67.5;90;112.5;135;157.5;180;202.5;225;247.5;270;292.5;315;337.5
val_images,test001.png,0,rot45_padded,45.0,1000,1000,154360.0,0.15435999631881714,inpaint,red_gd,wavelet,15.0,fixed5p0,0.8,3.8461538461538467,1.4142135623730951,0.02,G16_fixed,False,16,20,0.10017810435022026,9.992271906344083,0.19753507172761725,3,0.09986639643123219,10.005806208783163,0.19854947950408136,5.0,0;22.5;45;67.5;90;112.5;135;157.5;180;202.5;225;247.5;270;292.5;315;337.5
val_images,test001.png,0,rot45_padded,45.0,1000,1000,154360.0,0.15435999631881714,inpaint,red_gd,wavelet,15.0,fixed5p0,0.8,3.8461538461538467,1.4142135623730951,0.02,G16_fixed,False,16,20,0.10017810435022026,9.992271906344083,0.19753507172761725,4,0.09976267304312969,10.010319228782654,0.1989772538627235,5.0,0;22.5;45;67.5;90;112.5;135;157.5;180;202.5;225;247.5;270;292.5;315;337.5
val_images,test001.png,0,rot45_padded,45.0,1000,1000,154360.0,0.15435999631881714,inpaint,red_gd,wavelet,15.0,fixed5p0,0.8,3.8461538461538467,1.4142135623730951,0.02,G16_fixed,False,16,20,0.10017810435022026,9.992271906344083,0.19753507172761725,5,0.09965904455291202,10.014832807951759,0.19928118015515678,5.0,0;22.5;45;67.5;90;112.5;135;157.5;180;202.5;225;247.5;270;292.5;315;337.5
val_images,test001.png,0,rot45_padded,45.0,1000,1000,154360.0,0.15435999631881714,inpaint,red_gd,wavelet,15.0,fixed5p0,0.8,3.8461538461538467,1.4142135623730951,0.02,G16_fixed,False,16,20,0.10017810435022026,9.992271906344083,0.19753507172761725,6,0.09955547300142524,10.019348599059532,0.1996987814605468,5.0,0;22.5;45;67.5;90;112.5;135;157.5;180;202.5;225;247.5;270;292.5;315;337.5
val_images,test001.png,0,rot45_padded,45.0,1000,1000,154360.0,0.15435999631881714,inpaint,red_gd,wavelet,15.0,fixed5p0,0.8,3.8461538461538467,1.4142135623730951,0.02,G16_fixed,False,16,20,0.10017810435022026,9.992271906344083,0.19753507172761725,7,0.09945206593960547,10.023861907511957,0.2000115648888961,5.0,0;22.5;45;67.5;90;112.5;135;157.5;180;202.5;225;247.5;270;292.5;315;337.5
val_images,test001.png,0,rot45_padded,45.0,1000,1000,154360.0,0.15435999631881714,inpaint,red_gd,wavelet,15.0,fixed5p0,0.8,3.8461538461538467,1.4142135623730951,0.02,G16_fixed,False,16,20,0.10017810435022026,9.992271906344083,0.19753507172761725,8,0.09934870948999093,10.028377698728965,0.2004205368132936,5.0,0;22.5;45;67.5;90;112.5;135;157.5;180;202.5;225;247.5;270;292.5;315;337.5
val_images,test001.png,0,rot45_padded,45.0,1000,1000,154360.0,0.15435999631881714,inpaint,red_gd,wavelet,15.0,fixed5p0,0.8,3.8461538461538467,1.4142135623730951,0.02,G16_fixed,False,16,20,0.10017810435022026,9.992271906344083,0.19753507172761725,9,0.09924542895868424,10.032894868191134,0.200740785541915,5.0,0;22.5;45;67.5;90;112.5;135;157.5;180;202.5;225;247.5;270;292.5;315;337.5
val_images,test001.png,0,rot45_padded,45.0,1000,1000,154360.0,0.15435999631881714,inpaint,red_gd,wavelet,15.0,fixed5p0,0.8,3.8461538461538467,1.4142135623730951,0.02,G16_fixed,False,16,20,0.10017810435022026,9.992271906344083,0.19753507172761725,10,0.09914223067221106,10.037413138176582,0.20114236808434827,5.0,0;22.5;45;67.5;90;112.5;135;157.5;180;202.5;225;247.5;270;292.5;315;337.5
val_images,test001.png,0,rot45_padded,45.0,1000,1000,154360.0,0.15435999631881714,inpaint,red_gd,wavelet,15.0,fixed5p0,0.8,3.8461538461538467,1.4142135623730951,0.02,G16_fixed,False,16,20,0.10017810435022026,9.992271906344083,0.19753507172761725,11,0.09903913993667401,10.041931397534645,0.20146888007336744,5.0,0;22.5;45;67.5;90;112.5;135;157.5;180;202.5;225;247.5;270;292.5;315;337.5
val_images,test001.png,0,rot45_padded,45.0,1000,1000,154360.0,0.15435999631881714,inpaint,red_gd,wavelet,15.0,fixed5p0,0.8,3.8461538461538467,1.4142135623730951,0.02,G16_fixed,False,16,20,0.10017810435022026,9.992271906344083,0.19753507172761725,12,0.09893613777249612,10.046450474469953,0.20186422466150558,5.0,0;22.5;45;67.5;90;112.5;135;157.5;180;202.5;225;247.5;270;292.5;315;337.5
val_images,test001.png,0,rot45_padded,45.0,1000,1000,154360.0,0.15435999631881714,inpaint,red_gd,wavelet,15.0,fixed5p0,0.8,3.8461538461538467,1.4142135623730951,0.02,G16_fixed,False,16,20,0.10017810435022026,9.992271906344083,0.19753507172761725,13,0.09883322417967738,10.05097036663799,0.20219605093207438,5.0,0;22.5;45;67.5;90;112.5;135;157.5;180;202.5;225;247.5;270;292.5;315;337.5
val_images,test001.png,0,rot45_padded,45.0,1000,1000,154360.0,0.15435999631881714,inpaint,red_gd,wavelet,15.0,fixed5p0,0.8,3.8461538461538467,1.4142135623730951,0.02,G16_fixed,False,16,20,0.10017810435022026,9.992271906344083,0.19753507172761725,14,0.09873038017864084,10.055491906556899,0.20258605593256024,5.0,0;22.5;45;67.5;90;112.5;135;157.5;180;202.5;225;247.5;270;292.5;315;337.5
val_images,test001.png,0,rot45_padded,45.0,1000,1000,154360.0,0.15435999631881714,inpaint,red_gd,wavelet,15.0,fixed5p0,0.8,3.8461538461538467,1.4142135623730951,0.02,G16_fixed,False,16,20,0.10017810435022026,9.992271906344083,0.19753507172761725,15,0.09862762474896346,10.06001425873038,0.20292224750583052,5.0,0;22.5;45;67.5;90;112.5;135;157.5;180;202.5;225;247.5;270;292.5;315;337.5
val_images,test001.png,0,rot45_padded,45.0,1000,1000,154360.0,0.15435999631881714,inpaint,red_gd,wavelet,15.0,fixed5p0,0.8,3.8461538461538467,1.4142135623730951,0.02,G16_fixed,False,16,20,0.10017810435022026,9.992271906344083,0.19753507172761725,16,0.09852493258454263,10.06453853627253,0.20330776067310183,5.0,0;22.5;45;67.5;90;112.5;135;157.5;180;202.5;225;247.5;270;292.5;315;337.5
val_images,test001.png,0,rot45_padded,45.0,1000,1000,154360.0,0.15435999631881714,inpaint,red_gd,wavelet,15.0,fixed5p0,0.8,3.8461538461538467,1.4142135623730951,0.02,G16_fixed,False,16,20,0.10017810435022026,9.992271906344083,0.19753507172761725,17,0.09842236695063487,10.069061948674838,0.20364777346786733,5.0,0;22.5;45;67.5;90;112.5;135;157.5;180;202.5;225;247.5;270;292.5;315;337.5
val_images,test001.png,0,rot45_padded,45.0,1000,1000,154360.0,0.15435999631881714,inpaint,red_gd,wavelet,15.0,fixed5p0,0.8,3.8461538461538467,1.4142135623730951,0.02,G16_fixed,False,16,20,0.10017810435022026,9.992271906344083,0.19753507172761725,18,0.09831987723503498,10.07358672393573,0.20402937684228428,5.0,0;22.5;45;67.5;90;112.5;135;157.5;180;202.5;225;247.5;270;292.5;315;337.5
val_images,test001.png,0,rot45_padded,45.0,1000,1000,154360.0,0.15435999631881714,inpaint,red_gd,wavelet,15.0,fixed5p0,0.8,3.8461538461538467,1.4142135623730951,0.02,G16_fixed,False,16,20,0.10017810435022026,9.992271906344083,0.19753507172761725,19,0.09821745711121728,10.078113141146419,0.2043725275937743,5.0,0;22.5;45;67.5;90;112.5;135;157.5;180;202.5;225;247.5;270;292.5;315;337.5
val_images,test001.png,0,rot45_padded,45.0,1000,1000,154360.0,0.15435999631881714,inpaint,red_gd,wavelet,15.0,fixed5p0,0.8,3.8461538461538467,1.4142135623730951,0.02,G16_fixed,False,16,20,0.10017810435022026,9.992271906344083,0.19753507172761725,20,0.09811511290570744,10.082640920488362,0.20475087913400492,5.0,0;22.5;45;67.5;90;112.5;135;157.5;180;202.5;225;247.5;270;292.5;315;337.5
val_images,test002.png,1,upright,0.0,481,321,154401.0,1.0,inpaint,red_gd,wavelet,15.0,fixed5p0,0.8,3.8461538461538467,1.4142135623730951,0.02,vanilla,True,0,20,0.22160118984009172,6.54427912086212,0.0680886779291423,1,0.22156179870110945,6.545051177860709,0.06810588150942999,5.0,none
val_images,test002.png,1,upright,0.0,481,321,154401.0,1.0,inpaint,red_gd,wavelet,15.0,fixed5p0,0.8,3.8461538461538467,1.4142135623730951,0.02,vanilla,True,0,20,0.22160118984009172,6.54427912086212,0.0680886779291423,2,0.22152253405904107,6.545820892164197,0.06813347681119293,5.0,none
val_images,test002.png,1,upright,0.0,481,321,154401.0,1.0,inpaint,red_gd,wavelet,15.0,fixed5p0,0.8,3.8461538461538467,1.4142135623730951,0.02,vanilla,True,0,20,0.22160118984009172,6.54427912086212,0.0680886779291423,3,0.2214831429200588,6.546593223320656,0.06815148364688377,5.0,none
val_images,test002.png,1,upright,0.0,481,321,154401.0,1.0,inpaint,red_gd,wavelet,15.0,fixed5p0,0.8,3.8461538461538467,1.4142135623730951,0.02,vanilla,True,0,20,0.22160118984009172,6.54427912086212,0.0680886779291423,4,0.22144385297860766,6.547363707168752,0.06817833261685481,5.0,none
val_images,test002.png,1,upright,0.0,481,321,154401.0,1.0,inpaint,red_gd,wavelet,15.0,fixed5p0,0.8,3.8461538461538467,1.4142135623730951,0.02,vanilla,True,0,20,0.22160118984009172,6.54427912086212,0.0680886779291423,5,0.22140448713900818,6.5481358165077665,0.06819704151041768,5.0,none
val_images,test002.png,1,upright,0.0,481,321,154401.0,1.0,inpaint,red_gd,wavelet,15.0,fixed5p0,0.8,3.8461538461538467,1.4142135623730951,0.02,vanilla,True,0,20,0.22160118984009172,6.54427912086212,0.0680886779291423,6,0.22136527309570533,6.548905085061926,0.06822328329520211,5.0,none
val_images,test002.png,1,upright,0.0,481,321,154401.0,1.0,inpaint,red_gd,wavelet,15.0,fixed5p0,0.8,3.8461538461538467,1.4142135623730951,0.02,vanilla,True,0,20,0.22160118984009172,6.54427912086212,0.0680886779291423,7,0.22132590725610585,6.549677468507426,0.06824256774972312,5.0,none
val_images,test002.png,1,upright,0.0,481,321,154401.0,1.0,inpaint,red_gd,wavelet,15.0,fixed5p0,0.8,3.8461538461538467,1.4142135623730951,0.02,vanilla,True,0,20,0.22160118984009172,6.54427912086212,0.0680886779291423,8,0.22128666791342025,6.550447506730581,0.06826829722200634,5.0,none
val_images,test002.png,1,upright,0.0,481,321,154401.0,1.0,inpaint,red_gd,wavelet,15.0,fixed5p0,0.8,3.8461538461538467,1.4142135623730951,0.02,vanilla,True,0,20,0.22160118984009172,6.54427912086212,0.0680886779291423,9,0.22124732737320355,6.551219667954722,0.06828807501449148,5.0,none
val_images,test002.png,1,upright,0.0,481,321,154401.0,1.0,inpaint,red_gd,wavelet,15.0,fixed5p0,0.8,3.8461538461538467,1.4142135623730951,0.02,vanilla,True,0,20,0.22160118984009172,6.54427912086212,0.0680886779291423,10,0.22120806273113516,6.551990476393735,0.06831335542273043,5.0,none
val_images,test002.png,1,upright,0.0,481,321,154401.0,1.0,inpaint,red_gd,wavelet,15.0,fixed5p0,0.8,3.8461538461538467,1.4142135623730951,0.02,vanilla,True,0,20,0.22160118984009172,6.54427912086212,0.0680886779291423,11,0.22116874749030122,6.552762415238599,0.06833357595441415,5.0,none
val_images,test002.png,1,upright,0.0,481,321,154401.0,1.0,inpaint,red_gd,wavelet,15.0,fixed5p0,0.8,3.8461538461538467,1.4142135623730951,0.02,vanilla,True,0,20,0.22160118984009172,6.54427912086212,0.0680886779291423,12,0.22112950814761562,6.553533000689903,0.06835846422222007,5.0,none
val_images,test002.png,1,upright,0.0,481,321,154401.0,1.0,inpaint,red_gd,wavelet,15.0,fixed5p0,0.8,3.8461538461538467,1.4142135623730951,0.02,vanilla,True,0,20,0.22160118984009172,6.54427912086212,0.0680886779291423,13,0.2210901929067817,6.554305213784576,0.06837904527010835,5.0,none
val_images,test002.png,1,upright,0.0,481,321,154401.0,1.0,inpaint,red_gd,wavelet,15.0,fixed5p0,0.8,3.8461538461538467,1.4142135623730951,0.02,vanilla,True,0,20,0.22160118984009172,6.54427912086212,0.0680886779291423,14,0.2210509535640961,6.555076073053505,0.06840361097078387,5.0,none
val_images,test002.png,1,upright,0.0,481,321,154401.0,1.0,inpaint,red_gd,wavelet,15.0,fixed5p0,0.8,3.8461538461538467,1.4142135623730951,0.02,vanilla,True,0,20,0.22160118984009172,6.54427912086212,0.0680886779291423,15,0.22101163832326215,6.555848560592929,0.06842450193611116,5.0,none
val_images,test002.png,1,upright,0.0,481,321,154401.0,1.0,inpaint,red_gd,wavelet,15.0,fixed5p0,0.8,3.8461538461538467,1.4142135623730951,0.02,vanilla,True,0,20,0.22160118984009172,6.54427912086212,0.0680886779291423,16,0.22097239898057655,6.556619693874149,0.06844879566842184,5.0,none
val_images,test002.png,1,upright,0.0,481,321,154401.0,1.0,inpaint,red_gd,wavelet,15.0,fixed5p0,0.8,3.8461538461538467,1.4142135623730951,0.02,vanilla,True,0,20,0.22160118984009172,6.54427912086212,0.0680886779291423,17,0.22093310903912539,6.557391958736289,0.06846994595242259,5.0,none
val_images,test002.png,1,upright,0.0,481,321,154401.0,1.0,inpaint,red_gd,wavelet,15.0,fixed5p0,0.8,3.8461538461538467,1.4142135623730951,0.02,vanilla,True,0,20,0.22160118984009172,6.54427912086212,0.0680886779291423,18,0.2208938696964398,6.558163366136327,0.06849401199028828,5.0,none
val_images,test002.png,1,upright,0.0,481,321,154401.0,1.0,inpaint,red_gd,wavelet,15.0,fixed5p0,0.8,3.8461538461538467,1.4142135623730951,0.02,vanilla,True,0,20,0.22160118984009172,6.54427912086212,0.0680886779291423,19,0.22085452915622308,6.558936900556407,0.068515389968734,5.0,none
val_images,test002.png,1,upright,0.0,481,321,154401.0,1.0,inpaint,red_gd,wavelet,15.0,fixed5p0,0.8,3.8461538461538467,1.4142135623730951,0.02,vanilla,True,0,20,0.22160118984009172,6.54427912086212,0.0680886779291423,20,0.22081531511292024,6.559708084864563,0.0685392409618461,5.0,none
val_images,test002.png,1,upright,0.0,481,321,154401.0,1.0,inpaint,red_gd,wavelet,15.0,fixed5p0,0.8,3.8461538461538467,1.4142135623730951,0.02,G16_fixed,True,16,20,0.22160118984009172,6.54427912086212,0.0680886779291423,1,0.221474085741025,6.546770824344955,0.0681510219331481,5.0,0;22.5;45;67.5;90;112.5;135;157.5;180;202.5;225;247.5;270;292.5;315;337.5
val_images,test002.png,1,upright,0.0,481,321,154401.0,1.0,inpaint,red_gd,wavelet,15.0,fixed5p0,0.8,3.8461538461538467,1.4142135623730951,0.02,G16_fixed,True,16,20,0.22160118984009172,6.54427912086212,0.0680886779291423,2,0.22134715873763772,6.549260483518834,0.0682305758422873,5.0,0;22.5;45;67.5;90;112.5;135;157.5;180;202.5;225;247.5;270;292.5;315;337.5
val_images,test002.png,1,upright,0.0,481,321,154401.0,1.0,inpaint,red_gd,wavelet,15.0,fixed5p0,0.8,3.8461538461538467,1.4142135623730951,0.02,G16_fixed,True,16,20,0.22160118984009172,6.54427912086212,0.0680886779291423,3,0.22122033293178153,6.551749584060143,0.06829424806388884,5.0,0;22.5;45;67.5;90;112.5;135;157.5;180;202.5;225;247.5;270;292.5;315;337.5
val_images,test002.png,1,upright,0.0,481,321,154401.0,1.0,inpaint,red_gd,wavelet,15.0,fixed5p0,0.8,3.8461538461538467,1.4142135623730951,0.02,G16_fixed,True,16,20,0.22160118984009172,6.54427912086212,0.0680886779291423,4,0.22109363362283924,6.554237627233103,0.06837251170450645,5.0,0;22.5;45;67.5;90;112.5;135;157.5;180;202.5;225;247.5;270;292.5;315;337.5
val_images,test002.png,1,upright,0.0,481,321,154401.0,1.0,inpaint,red_gd,wavelet,15.0,fixed5p0,0.8,3.8461538461538467,1.4142135623730951,0.02,G16_fixed,True,16,20,0.22160118984009172,6.54427912086212,0.0680886779291423,5,0.22096698491266248,6.556726102124037,0.06843731607348721,5.0,0;22.5;45;67.5;90;112.5;135;157.5;180;202.5;225;247.5;270;292.5;315;337.5
val_images,test002.png,1,upright,0.0,481,321,154401.0,1.0,inpaint,red_gd,wavelet,15.0,fixed5p0,0.8,3.8461538461538467,1.4142135623730951,0.02,G16_fixed,True,16,20,0.22160118984009172,6.54427912086212,0.0680886779291423,6,0.22084051329816518,6.559212521028935,0.06851447919095408,5.0,0;22.5;45;67.5;90;112.5;135;157.5;180;202.5;225;247.5;270;292.5;315;337.5
val_images,test002.png,1,upright,0.0,481,321,154401.0,1.0,inpaint,red_gd,wavelet,15.0,fixed5p0,0.8,3.8461538461538467,1.4142135623730951,0.02,G16_fixed,True,16,20,0.22160118984009172,6.54427912086212,0.0680886779291423,7,0.22071414288119895,6.561698373029117,0.06858024493648034,5.0,0;22.5;45;67.5;90;112.5;135;157.5;180;202.5;225;247.5;270;292.5;315;337.5
val_images,test002.png,1,upright,0.0,481,321,154401.0,1.0,inpaint,red_gd,wavelet,15.0,fixed5p0,0.8,3.8461538461538467,1.4142135623730951,0.02,G16_fixed,True,16,20,0.22160118984009172,6.54427912086212,0.0680886779291423,8,0.22058784836238107,6.564184154430651,0.06865647830163017,5.0,0;22.5;45;67.5;90;112.5;135;157.5;180;202.5;225;247.5;270;292.5;315;337.5
val_images,test002.png,1,upright,0.0,481,321,154401.0,1.0,inpaint,red_gd,wavelet,15.0,fixed5p0,0.8,3.8461538461538467,1.4142135623730951,0.02,G16_fixed,True,16,20,0.22160118984009172,6.54427912086212,0.0680886779291423,9,0.2204616550410943,6.56666936591646,0.06872304097771388,5.0,0;22.5;45;67.5;90;112.5;135;157.5;180;202.5;225;247.5;270;292.5;315;337.5
val_images,test002.png,1,upright,0.0,481,321,154401.0,1.0,inpaint,red_gd,wavelet,15.0,fixed5p0,0.8,3.8461538461538467,1.4142135623730951,0.02,G16_fixed,True,16,20,0.22160118984009172,6.54427912086212,0.0680886779291423,10,0.22033561351610417,6.5691530083612015,0.06879847108746058,5.0,0;22.5;45;67.5;90;112.5;135;157.5;180;202.5;225;247.5;270;292.5;315;337.5
val_images,test002.png,1,upright,0.0,481,321,154401.0,1.0,inpaint,red_gd,wavelet,15.0,fixed5p0,0.8,3.8461538461538467,1.4142135623730951,0.02,G16_fixed,True,16,20,0.22160118984009172,6.54427912086212,0.0680886779291423,11,0.2202096225898796,6.57163707406145,0.06886572949657062,5.0,0;22.5;45;67.5;90;112.5;135;157.5;180;202.5;225;247.5;270;292.5;315;337.5
val_images,test002.png,1,upright,0.0,481,321,154401.0,1.0,inpaint,red_gd,wavelet,15.0,fixed5p0,0.8,3.8461538461538467,1.4142135623730951,0.02,G16_fixed,True,16,20,0.22160118984009172,6.54427912086212,0.0680886779291423,12,0.2200837834599517,6.5741195659848985,0.06894049549751945,5.0,0;22.5;45;67.5;90;112.5;135;157.5;180;202.5;225;247.5;270;292.5;315;337.5
val_images,test002.png,1,upright,0.0,481,321,154401.0,1.0,inpaint,red_gd,wavelet,15.0,fixed5p0,0.8,3.8461538461538467,1.4142135623730951,0.02,G16_fixed,True,16,20,0.22160118984009172,6.54427912086212,0.0680886779291423,13,0.21995804552755488,6.576601479661955,0.06900830416820487,5.0,0;22.5;45;67.5;90;112.5;135;157.5;180;202.5;225;247.5;270;292.5;315;337.5
val_images,test002.png,1,upright,0.0,481,321,154401.0,1.0,inpaint,red_gd,wavelet,15.0,fixed5p0,0.8,3.8461538461538467,1.4142135623730951,0.02,G16_fixed,True,16,20,0.22160118984009172,6.54427912086212,0.0680886779291423,14,0.21983240879268917,6.579082813289132,0.06908248195850415,5.0,0;22.5;45;67.5;90;112.5;135;157.5;180;202.5;225;247.5;270;292.5;315;337.5
val_images,test002.png,1,upright,0.0,481,321,154401.0,1.0,inpaint,red_gd,wavelet,15.0,fixed5p0,0.8,3.8461538461538467,1.4142135623730951,0.02,G16_fixed,True,16,20,0.22160118984009172,6.54427912086212,0.0680886779291423,15,0.21970684795597178,6.581564065153467,0.0691507966168451,5.0,0;22.5;45;67.5;90;112.5;135;157.5;180;202.5;225;247.5;270;292.5;315;337.5
val_images,test002.png,1,upright,0.0,481,321,154401.0,1.0,inpaint,red_gd,wavelet,15.0,fixed5p0,0.8,3.8461538461538467,1.4142135623730951,0.02,G16_fixed,True,16,20,0.22160118984009172,6.54427912086212,0.0680886779291423,16,0.2195813883167855,6.584044733925474,0.06922450636856303,5.0,0;22.5;45;67.5;90;112.5;135;157.5;180;202.5;225;247.5;270;292.5;315;337.5
val_images,test002.png,1,upright,0.0,481,321,154401.0,1.0,inpaint,red_gd,wavelet,15.0,fixed5p0,0.8,3.8461538461538467,1.4142135623730951,0.02,G16_fixed,True,16,20,0.22160118984009172,6.54427912086212,0.0680886779291423,17,0.21945602987513035,6.586524817795071,0.06929322581702839,5.0,0;22.5;45;67.5;90;112.5;135;157.5;180;202.5;225;247.5;270;292.5;315;337.5
val_images,test002.png,1,upright,0.0,481,321,154401.0,1.0,inpaint,red_gd,wavelet,15.0,fixed5p0,0.8,3.8461538461538467,1.4142135623730951,0.02,G16_fixed,True,16,20,0.22160118984009172,6.54427912086212,0.0680886779291423,18,0.21933077263100628,6.589004314949881,0.06936649915439343,5.0,0;22.5;45;67.5;90;112.5;135;157.5;180;202.5;225;247.5;270;292.5;315;337.5
val_images,test002.png,1,upright,0.0,481,321,154401.0,1.0,inpaint,red_gd,wavelet,15.0,fixed5p0,0.8,3.8461538461538467,1.4142135623730951,0.02,G16_fixed,True,16,20,0.22160118984009172,6.54427912086212,0.0680886779291423,19,0.21920561658441332,6.591483223575234,0.06943554749483488,5.0,0;22.5;45;67.5;90;112.5;135;157.5;180;202.5;225;247.5;270;292.5;315;337.5
val_images,test002.png,1,upright,0.0,481,321,154401.0,1.0,inpaint,red_gd,wavelet,15.0,fixed5p0,0.8,3.8461538461538467,1.4142135623730951,0.02,G16_fixed,True,16,20,0.22160118984009172,6.54427912086212,0.0680886779291423,20,0.21908056173535145,6.593961541854166,0.06950849194022383,5.0,0;22.5;45;67.5;90;112.5;135;157.5;180;202.5;225;247.5;270;292.5;315;337.5
val_images,test002.png,1,rot45_padded,45.0,1000,1000,154360.0,0.15435999631881714,inpaint,red_gd,wavelet,15.0,fixed5p0,0.8,3.8461538461538467,1.4142135623730951,0.02,vanilla,False,0,20,0.2216987429952708,6.542367692750708,0.07683882998752915,1,0.22160075776593677,6.54428758866883,0.07688124301551567,5.0,none
val_images,test002.png,1,rot45_padded,45.0,1000,1000,154360.0,0.15435999631881714,inpaint,red_gd,wavelet,15.0,fixed5p0,0.8,3.8461538461538467,1.4142135623730951,0.02,vanilla,False,0,20,0.2216987429952708,6.542367692750708,0.07683882998752915,2,0.22150307620983414,6.546202379660624,0.07695855948553705,5.0,none
val_images,test002.png,1,rot45_padded,45.0,1000,1000,154360.0,0.15435999631881714,inpaint,red_gd,wavelet,15.0,fixed5p0,0.8,3.8461538461538467,1.4142135623730951,0.02,vanilla,False,0,20,0.2216987429952708,6.542367692750708,0.07683882998752915,3,0.22140511628660275,6.548123475522995,0.07700368659302928,5.0,none
val_images,test002.png,1,rot45_padded,45.0,1000,1000,154360.0,0.15435999631881714,inpaint,red_gd,wavelet,15.0,fixed5p0,0.8,3.8461538461538467,1.4142135623730951,0.02,vanilla,False,0,20,0.2216987429952708,6.542367692750708,0.07683882998752915,4,0.22130746003660276,6.550039462258157,0.07707856735067375,5.0,none
val_images,test002.png,1,rot45_padded,45.0,1000,1000,154360.0,0.15435999631881714,inpaint,red_gd,wavelet,15.0,fixed5p0,0.8,3.8461538461538467,1.4142135623730951,0.02,vanilla,False,0,20,0.2216987429952708,6.542367692750708,0.07683882998752915,5,0.22120957603167918,6.5519607660920585,0.07712599731350414,5.0,none
val_images,test002.png,1,rot45_padded,45.0,1000,1000,154360.0,0.15435999631881714,inpaint,red_gd,wavelet,15.0,fixed5p0,0.8,3.8461538461538467,1.4142135623730951,0.02,vanilla,False,0,20,0.2216987429952708,6.542367692750708,0.07683882998752915,6,0.22111191978167918,6.553878446855435,0.07719880929725965,5.0,none
val_images,test002.png,1,rot45_padded,45.0,1000,1000,154360.0,0.15435999631881714,inpaint,red_gd,wavelet,15.0,fixed5p0,0.8,3.8461538461538467,1.4142135623730951,0.02,vanilla,False,0,20,0.2216987429952708,6.542367692750708,0.07683882998752915,7,0.2210141370011661,6.55579946110207,0.07724819415651724,5.0,none
val_images,test002.png,1,rot45_padded,45.0,1000,1000,154360.0,0.15435999631881714,inpaint,red_gd,wavelet,15.0,fixed5p0,0.8,3.8461538461538467,1.4142135623730951,0.02,vanilla,False,0,20,0.2216987429952708,6.542367692750708,0.07683882998752915,8,0.2209164554450635,6.5577193354993195,0.07731927267224346,5.0,none
val_images,test002.png,1,rot45_padded,45.0,1000,1000,154360.0,0.15435999631881714,inpaint,red_gd,wavelet,15.0,fixed5p0,0.8,3.8461538461538467,1.4142135623730951,0.02,vanilla,False,0,20,0.2216987429952708,6.542367692750708,0.07683882998752915,9,0.220818697970653,6.5596415521065365,0.07737032140774812,5.0,none
val_images,test002.png,1,rot45_padded,45.0,1000,1000,154360.0,0.15435999631881714,inpaint,red_gd,wavelet,15.0,fixed5p0,0.8,3.8461538461538467,1.4142135623730951,0.02,vanilla,False,0,20,0.2216987429952708,6.542367692750708,0.07683882998752915,10,0.22072109233285825,6.561561632313044,0.0774398815573173,5.0,none
val_images,test002.png,1,rot45_padded,45.0,1000,1000,154360.0,0.15435999631881714,inpaint,red_gd,wavelet,15.0,fixed5p0,0.8,3.8461538461538467,1.4142135623730951,0.02,vanilla,False,0,20,0.2216987429952708,6.542367692750708,0.07683882998752915,11,0.2206233348584478,6.5634855506761145,0.07749241069982508,5.0,none
val_images,test002.png,1,rot45_padded,45.0,1000,1000,154360.0,0.15435999631881714,inpaint,red_gd,wavelet,15.0,fixed5p0,0.8,3.8461538461538467,1.4142135623730951,0.02,vanilla,False,0,20,0.2216987429952708,6.542367692750708,0.07683882998752915,12,0.2205258304450635,6.565405338027607,0.07756071819731472,5.0,none
val_images,test002.png,1,rot45_padded,45.0,1000,1000,154360.0,0.15435999631881714,inpaint,red_gd,wavelet,15.0,fixed5p0,0.8,3.8461538461538467,1.4142135623730951,0.02,vanilla,False,0,20,0.2216987429952708,6.542367692750708,0.07683882998752915,13,0.22042812358285827,6.567329963100437,0.07761445570622247,5.0,none
val_images,test002.png,1,rot45_padded,45.0,1000,1000,154360.0,0.15435999631881714,inpaint,red_gd,wavelet,15.0,fixed5p0,0.8,3.8461538461538467,1.4142135623730951,0.02,vanilla,False,0,20,0.2216987429952708,6.542367692750708,0.07683882998752915,14,0.2203305432511661,6.569252947421674,0.07768170667392783,5.0,none
val_images,test002.png,1,rot45_padded,45.0,1000,1000,154360.0,0.15435999631881714,inpaint,red_gd,wavelet,15.0,fixed5p0,0.8,3.8461538461538467,1.4142135623730951,0.02,vanilla,False,0,20,0.2216987429952708,6.542367692750708,0.07683882998752915,15,0.22023296291947395,6.571176783585843,0.07773654499829943,5.0,none
val_images,test002.png,1,rot45_padded,45.0,1000,1000,154360.0,0.15435999631881714,inpaint,red_gd,wavelet,15.0,fixed5p0,0.8,3.8461538461538467,1.4142135623730951,0.02,vanilla,False,0,20,0.2216987429952708,6.542367692750708,0.07683882998752915,16,0.22013543319998705,6.5731004738442955,0.07780291657893884,5.0,none
val_images,test002.png,1,rot45_padded,45.0,1000,1000,154360.0,0.15435999631881714,inpaint,red_gd,wavelet,15.0,fixed5p0,0.8,3.8461538461538467,1.4142135623730951,0.02,vanilla,False,0,20,0.2216987429952708,6.542367692750708,0.07683882998752915,17,0.22003782756219228,6.5750265149908325,0.07785864061690205,5.0,none
val_images,test002.png,1,rot45_padded,45.0,1000,1000,154360.0,0.15435999631881714,inpaint,red_gd,wavelet,15.0,fixed5p0,0.8,3.8461538461538467,1.4142135623730951,0.02,vanilla,False,0,20,0.2216987429952708,6.542367692750708,0.07683882998752915,18,0.219940323148808,6.5769514119121375,0.07792425301446294,5.0,none
val_images,test002.png,1,rot45_padded,45.0,1000,1000,154360.0,0.15435999631881714,inpaint,red_gd,wavelet,15.0,fixed5p0,0.8,3.8461538461538467,1.4142135623730951,0.02,vanilla,False,0,20,0.2216987429952708,6.542367692750708,0.07683882998752915,19,0.21984279342932106,6.5788776622883995,0.07798078052118425,5.0,none
val_images,test002.png,1,rot45_padded,45.0,1000,1000,154360.0,0.15435999631881714,inpaint,red_gd,wavelet,15.0,fixed5p0,0.8,3.8461538461538467,1.4142135623730951,0.02,vanilla,False,0,20,0.2216987429952708,6.542367692750708,0.07683882998752915,20,0.219745339628142,6.580803266989854,0.07804578557228233,5.0,none
val_images,test002.png,1,rot45_padded,45.0,1000,1000,154360.0,0.15435999631881714,inpaint,red_gd,wavelet,15.0,fixed5p0,0.8,3.8461538461538467,1.4142135623730951,0.02,G16_fixed,False,16,20,0.2216987429952708,6.542367692750708,0.07683882998752915,1,0.22157180758454262,6.544854993108115,0.0769031327942796,5.0,0;22.5;45;67.5;90;112.5;135;157.5;180;202.5;225;247.5;270;292.5;315;337.5
val_images,test002.png,1,rot45_padded,45.0,1000,1000,154360.0,0.15435999631881714,inpaint,red_gd,wavelet,15.0,fixed5p0,0.8,3.8461538461538467,1.4142135623730951,0.02,G16_fixed,False,16,20,0.2216987429952708,6.542367692750708,0.07683882998752915,2,0.22144512523484064,6.547338755820277,0.07699473455922842,5.0,0;22.5;45;67.5;90;112.5;135;157.5;180;202.5;225;247.5;270;292.5;315;337.5
val_images,test002.png,1,rot45_padded,45.0,1000,1000,154360.0,0.15435999631881714,inpaint,red_gd,wavelet,15.0,fixed5p0,0.8,3.8461538461538467,1.4142135623730951,0.02,G16_fixed,False,16,20,0.2216987429952708,6.542367692750708,0.07683882998752915,3,0.22131859472175433,6.549820960330036,0.07706106818071391,5.0,0;22.5;45;67.5;90;112.5;135;157.5;180;202.5;225;247.5;270;292.5;315;337.5
val_images,test002.png,1,rot45_padded,45.0,1000,1000,154360.0,0.15435999631881714,inpaint,red_gd,wavelet,15.0,fixed5p0,0.8,3.8461538461538467,1.4142135623730951,0.02,G16_fixed,False,16,20,0.2216987429952708,6.542367692750708,0.07683882998752915,4,0.22119224135138638,6.5523011062852845,0.07715059484524812,5.0,0;22.5;45;67.5;90;112.5;135;157.5;180;202.5;225;247.5;270;292.5;315;337.5
val_images,test002.png,1,rot45_padded,45.0,1000,1000,154360.0,0.15435999631881714,inpaint,red_gd,wavelet,15.0,fixed5p0,0.8,3.8461538461538467,1.4142135623730951,0.02,G16_fixed,False,16,20,0.2216987429952708,6.542367692750708,0.07683882998752915,5,0.22106596389932626,6.554781177947393,0.07721869989391682,5.0,0;22.5;45;67.5;90;112.5;135;157.5;180;202.5;225;247.5;270;292.5;315;337.5
val_images,test002.png,1,rot45_padded,45.0,1000,1000,154360.0,0.15435999631881714,inpaint,red_gd,wavelet,15.0,fixed5p0,0.8,3.8461538461538467,1.4142135623730951,0.02,G16_fixed,False,16,20,0.2216987429952708,6.542367692750708,0.07683882998752915,6,0.2209399395082923,6.557257692341088,0.07730648043737043,5.0,0;22.5;45;67.5;90;112.5;135;157.5;180;202.5;225;247.5;270;292.5;315;337.5
val_images,test002.png,1,rot45_padded,45.0,1000,1000,154360.0,0.15435999631881714,inpaint,red_gd,wavelet,15.0,fixed5p0,0.8,3.8461538461538467,1.4142135623730951,0.02,G16_fixed,False,16,20,0.2216987429952708,6.542367692750708,0.07683882998752915,7,0.2208139910355662,6.559734126591435,0.07737606589304225,5.0,0;22.5;45;67.5;90;112.5;135;157.5;180;202.5;225;247.5;270;292.5;315;337.5
val_images,test002.png,1,rot45_padded,45.0,1000,1000,154360.0,0.15435999631881714,inpaint,red_gd,wavelet,15.0,fixed5p0,0.8,3.8461538461538467,1.4142135623730951,0.02,G16_fixed,False,16,20,0.2216987429952708,6.542367692750708,0.07683882998752915,8,0.2206881943994558,6.5622089857511625,0.07746234072339013,5.0,0;22.5;45;67.5;90;112.5;135;157.5;180;202.5;225;247.5;270;292.5;315;337.5
val_images,test002.png,1,rot45_padded,45.0,1000,1000,154360.0,0.15435999631881714,inpaint,red_gd,wavelet,15.0,fixed5p0,0.8,3.8461538461538467,1.4142135623730951,0.02,G16_fixed,False,16,20,0.2216987429952708,6.542367692750708,0.07683882998752915,9,0.2205624989877559,6.56468326289096,0.07753314719851322,5.0,0;22.5;45;67.5;90;112.5;135;157.5;180;202.5;225;247.5;270;292.5;315;337.5
val_images,test002.png,1,rot45_padded,45.0,1000,1000,154360.0,0.15435999631881714,inpaint,red_gd,wavelet,15.0,fixed5p0,0.8,3.8461538461538467,1.4142135623730951,0.02,G16_fixed,False,16,20,0.2216987429952708,6.542367692750708,0.07683882998752915,10,0.22043705663708216,6.567153964798436,0.07761818835635852,5.0,0;22.5;45;67.5;90;112.5;135;157.5;180;202.5;225;247.5;270;292.5;315;337.5
val_images,test002.png,1,rot45_padded,45.0,1000,1000,154360.0,0.15435999631881714,inpaint,red_gd,wavelet,15.0,fixed5p0,0.8,3.8461538461538467,1.4142135623730951,0.02,G16_fixed,False,16,20,0.2216987429952708,6.542367692750708,0.07683882998752915,11,0.22031166489861362,6.569625075383741,0.07769004503474022,5.0,0;22.5;45;67.5;90;112.5;135;157.5;180;202.5;225;247.5;270;292.5;315;337.5
val_images,test002.png,1,rot45_padded,45.0,1000,1000,154360.0,0.15435999631881714,inpaint,red_gd,wavelet,15.0,fixed5p0,0.8,3.8461538461538467,1.4142135623730951,0.02,G16_fixed,False,16,20,0.2216987429952708,6.542367692750708,0.07683882998752915,12,0.22018647560896606,6.572093599727044,0.07777401068322429,5.0,0;22.5;45;67.5;90;112.5;135;157.5;180;202.5;225;247.5;270;292.5;315;337.5
val_images,test002.png,1,rot45_padded,45.0,1000,1000,154360.0,0.15435999631881714,inpaint,red_gd,wavelet,15.0,fixed5p0,0.8,3.8461538461538467,1.4142135623730951,0.02,G16_fixed,False,16,20,0.2216987429952708,6.542367692750708,0.07683882998752915,13,0.22006133693152372,6.574562529134594,0.0778467657282489,5.0,0;22.5;45;67.5;90;112.5;135;157.5;180;202.5;225;247.5;270;292.5;315;337.5
val_images,test002.png,1,rot45_padded,45.0,1000,1000,154360.0,0.15435999631881714,inpaint,red_gd,wavelet,15.0,fixed5p0,0.8,3.8461538461538467,1.4142135623730951,0.02,G16_fixed,False,16,20,0.2216987429952708,6.542367692750708,0.07683882998752915,14,0.21993635009069706,6.577029864683965,0.07792978872441048,5.0,0;22.5;45;67.5;90;112.5;135;157.5;180;202.5;225;247.5;270;292.5;315;337.5
val_images,test002.png,1,rot45_padded,45.0,1000,1000,154360.0,0.15435999631881714,inpaint,red_gd,wavelet,15.0,fixed5p0,0.8,3.8461538461538467,1.4142135623730951,0.02,G16_fixed,False,16,20,0.2216987429952708,6.542367692750708,0.07683882998752915,15,0.21981151508648614,6.579495602859257,0.07800331560556491,5.0,0;22.5;45;67.5;90;112.5;135;157.5;180;202.5;225;247.5;270;292.5;315;337.5
val_images,test002.png,1,rot45_padded,45.0,1000,1000,154360.0,0.15435999631881714,inpaint,red_gd,wavelet,15.0,fixed5p0,0.8,3.8461538461538467,1.4142135623730951,0.02,G16_fixed,False,16,20,0.2216987429952708,6.542367692750708,0.07683882998752915,16,0.21968675600058304,6.581961240955914,0.07808558574517362,5.0,0;22.5;45;67.5;90;112.5;135;157.5;180;202.5;225;247.5;270;292.5;315;337.5
val_images,test002.png,1,rot45_padded,45.0,1000,1000,154360.0,0.15435999631881714,inpaint,red_gd,wavelet,15.0,fixed5p0,0.8,3.8461538461538467,1.4142135623730951,0.02,G16_fixed,False,16,20,0.2216987429952708,6.542367692750708,0.07683882998752915,17,0.2195621993635009,6.584424275231057,0.0781597452788935,5.0,0;22.5;45;67.5;90;112.5;135;157.5;180;202.5;225;247.5;270;292.5;315;337.5
val_images,test002.png,1,rot45_padded,45.0,1000,1000,154360.0,0.15435999631881714,inpaint,red_gd,wavelet,15.0,fixed5p0,0.8,3.8461538461538467,1.4142135623730951,0.02,G16_fixed,False,16,20,0.2216987429952708,6.542367692750708,0.07683882998752915,18,0.219437693338624,6.586887705492267,0.07824131317415457,5.0,0;22.5;45;67.5;90;112.5;135;157.5;180;202.5;225;247.5;270;292.5;315;337.5
val_images,test002.png,1,rot45_padded,45.0,1000,1000,154360.0,0.15435999631881714,inpaint,red_gd,wavelet,15.0,fixed5p0,0.8,3.8461538461538467,1.4142135623730951,0.02,G16_fixed,False,16,20,0.2216987429952708,6.542367692750708,0.07683882998752915,19,0.21931331384426017,6.589350028250588,0.07831603576865769,5.0,0;22.5;45;67.5;90;112.5;135;157.5;180;202.5;225;247.5;270;292.5;315;337.5
val_images,test002.png,1,rot45_padded,45.0,1000,1000,154360.0,0.15435999631881714,inpaint,red_gd,wavelet,15.0,fixed5p0,0.8,3.8461538461538467,1.4142135623730951,0.02,G16_fixed,False,16,20,0.2216987429952708,6.542367692750708,0.07683882998752915,20,0.2191891621048199,6.591809235199494,0.07839704692966118,5.0,0;22.5;45;67.5;90;112.5;135;157.5;180;202.5;225;247.5;270;292.5;315;337.5
val_images,test003.png,2,upright,0.0,481,321,154401.0,1.0,inpaint,red_gd,wavelet,15.0,fixed5p0,0.8,3.8461538461538467,1.4142135623730951,0.02,vanilla,True,0,20,0.12315735740458288,9.095396383537715,0.07528226647860117,1,0.12311842165449058,9.096769606809557,0.07532344122406914,5.0,none
val_images,test003.png,2,upright,0.0,481,321,154401.0,1.0,inpaint,red_gd,wavelet,15.0,fixed5p0,0.8,3.8461538461538467,1.4142135623730951,0.02,vanilla,True,0,20,0.12315735740458288,9.095396383537715,0.07528226647860117,2,0.12307968829946049,9.098136122782982,0.07536407835765313,5.0,none
val_images,test003.png,2,upright,0.0,481,321,154401.0,1.0,inpaint,red_gd,wavelet,15.0,fixed5p0,0.8,3.8461538461538467,1.4142135623730951,0.02,vanilla,True,0,20,0.12315735740458288,9.095396383537715,0.07528226647860117,3,0.12304079049844237,9.099508873280096,0.07540527207765818,5.0,none
val_images,test003.png,2,upright,0.0,481,321,154401.0,1.0,inpaint,red_gd,wavelet,15.0,fixed5p0,0.8,3.8461538461538467,1.4142135623730951,0.02,vanilla,True,0,20,0.12315735740458288,9.095396383537715,0.07528226647860117,4,0.1230020444937209,9.100876698210739,0.07544600408392757,5.0,none
val_images,test003.png,2,upright,0.0,481,321,154401.0,1.0,inpaint,red_gd,wavelet,15.0,fixed5p0,0.8,3.8461538461538467,1.4142135623730951,0.02,vanilla,True,0,20,0.12315735740458288,9.095396383537715,0.07528226647860117,5,0.12296317199208555,9.102249421829125,0.07548723575300678,5.0,none
val_images,test003.png,2,upright,0.0,481,321,154401.0,1.0,inpaint,red_gd,wavelet,15.0,fixed5p0,0.8,3.8461538461538467,1.4142135623730951,0.02,vanilla,True,0,20,0.12315735740458288,9.095396383537715,0.07528226647860117,6,0.12292442598736407,9.103618110313121,0.0755280499822702,5.0,none
val_images,test003.png,2,upright,0.0,481,321,154401.0,1.0,inpaint,red_gd,wavelet,15.0,fixed5p0,0.8,3.8461538461538467,1.4142135623730951,0.02,vanilla,True,0,20,0.12315735740458288,9.095396383537715,0.07528226647860117,7,0.12288559143480288,9.104990359678848,0.07556930062588649,5.0,none
val_images,test003.png,2,upright,0.0,481,321,154401.0,1.0,inpaint,red_gd,wavelet,15.0,fixed5p0,0.8,3.8461538461538467,1.4142135623730951,0.02,vanilla,True,0,20,0.12315735740458288,9.095396383537715,0.07528226647860117,8,0.12284682013069864,9.106360806781135,0.07561019707814393,5.0,none
val_images,test003.png,2,upright,0.0,481,321,154401.0,1.0,inpaint,red_gd,wavelet,15.0,fixed5p0,0.8,3.8461538461538467,1.4142135623730951,0.02,vanilla,True,0,20,0.12315735740458288,9.095396383537715,0.07528226647860117,9,0.12280802352721161,9.10773258115368,0.07565149199568008,5.0,none
val_images,test003.png,2,upright,0.0,481,321,154401.0,1.0,inpaint,red_gd,wavelet,15.0,fixed5p0,0.8,3.8461538461538467,1.4142135623730951,0.02,vanilla,True,0,20,0.12315735740458288,9.095396383537715,0.07528226647860117,10,0.12276929017218152,9.109102551550478,0.07569247699577723,5.0,none
val_images,test003.png,2,upright,0.0,481,321,154401.0,1.0,inpaint,red_gd,wavelet,15.0,fixed5p0,0.8,3.8461538461538467,1.4142135623730951,0.02,vanilla,True,0,20,0.12315735740458288,9.095396383537715,0.07528226647860117,11,0.12273046826931172,9.110476087593112,0.07573379721269616,5.0,none
val_images,test003.png,2,upright,0.0,481,321,154401.0,1.0,inpaint,red_gd,wavelet,15.0,fixed5p0,0.8,3.8461538461538467,1.4142135623730951,0.02,vanilla,True,0,20,0.12315735740458288,9.095396383537715,0.07528226647860117,12,0.12269173491428165,9.111846923831774,0.07577486443578733,5.0,none
val_images,test003.png,2,upright,0.0,481,321,154401.0,1.0,inpaint,red_gd,wavelet,15.0,fixed5p0,0.8,3.8461538461538467,1.4142135623730951,0.02,vanilla,True,0,20,0.12315735740458288,9.095396383537715,0.07528226647860117,13,0.1226529636101774,9.113219536622685,0.07581621627693473,5.0,none
val_images,test003.png,2,upright,0.0,481,321,154401.0,1.0,inpaint,red_gd,wavelet,15.0,fixed5p0,0.8,3.8461538461538467,1.4142135623730951,0.02,vanilla,True,0,20,0.12315735740458288,9.095396383537715,0.07528226647860117,14,0.12261423025514731,9.11459123923239,0.07585734674848285,5.0,none
val_images,test003.png,2,upright,0.0,481,321,154401.0,1.0,inpaint,red_gd,wavelet,15.0,fixed5p0,0.8,3.8461538461538467,1.4142135623730951,0.02,vanilla,True,0,20,0.12315735740458288,9.095396383537715,0.07528226647860117,15,0.12257548425042585,9.115963823414425,0.07589874286355011,5.0,none
val_images,test003.png,2,upright,0.0,481,321,154401.0,1.0,inpaint,red_gd,wavelet,15.0,fixed5p0,0.8,3.8461538461538467,1.4142135623730951,0.02,vanilla,True,0,20,0.12315735740458288,9.095396383537715,0.07528226647860117,16,0.12253675089539576,9.11733639320762,0.07593995555809224,5.0,none
val_images,test003.png,2,upright,0.0,481,321,154401.0,1.0,inpaint,red_gd,wavelet,15.0,fixed5p0,0.8,3.8461538461538467,1.4142135623730951,0.02,vanilla,True,0,20,0.12315735740458288,9.095396383537715,0.07528226647860117,17,0.12249800489067428,9.11870984540485,0.07598138962223366,5.0,none
val_images,test003.png,2,upright,0.0,481,321,154401.0,1.0,inpaint,red_gd,wavelet,15.0,fixed5p0,0.8,3.8461538461538467,1.4142135623730951,0.02,vanilla,True,0,20,0.12315735740458288,9.095396383537715,0.07528226647860117,18,0.12245929683502697,9.1200823862513,0.07602268453976982,5.0,none
val_images,test003.png,2,upright,0.0,481,321,154401.0,1.0,inpaint,red_gd,wavelet,15.0,fixed5p0,0.8,3.8461538461538467,1.4142135623730951,0.02,vanilla,True,0,20,0.12315735740458288,9.095396383537715,0.07528226647860117,19,0.12242056347999689,9.121456258522691,0.0760641755275225,5.0,none
val_images,test003.png,2,upright,0.0,481,321,154401.0,1.0,inpaint,red_gd,wavelet,15.0,fixed5p0,0.8,3.8461538461538467,1.4142135623730951,0.02,vanilla,True,0,20,0.12315735740458288,9.095396383537715,0.07528226647860117,20,0.12238184277465819,9.122830116652723,0.07610554001836128,5.0,none
val_images,test003.png,2,upright,0.0,481,321,154401.0,1.0,inpaint,red_gd,wavelet,15.0,fixed5p0,0.8,3.8461538461538467,1.4142135623730951,0.02,G16_fixed,True,16,20,0.12315735740458288,9.095396383537715,0.07528226647860117,1,0.12303987972066244,9.099541020930191,0.07541949665562399,5.0,0;22.5;45;67.5;90;112.5;135;157.5;180;202.5;225;247.5;270;292.5;315;337.5
val_images,test003.png,2,upright,0.0,481,321,154401.0,1.0,inpaint,red_gd,wavelet,15.0,fixed5p0,0.8,3.8461538461538467,1.4142135623730951,0.02,G16_fixed,True,16,20,0.12315735740458288,9.095396383537715,0.07528226647860117,2,0.12292247793489032,9.103686935946175,0.07552820810341254,5.0,0;22.5;45;67.5;90;112.5;135;157.5;180;202.5;225;247.5;270;292.5;315;337.5
val_images,test003.png,2,upright,0.0,481,321,154401.0,1.0,inpaint,red_gd,wavelet,15.0,fixed5p0,0.8,3.8461538461538467,1.4142135623730951,0.02,G16_fixed,True,16,20,0.12315735740458288,9.095396383537715,0.07528226647860117,3,0.12280521529572347,9.107831891715692,0.07566383809447477,5.0,0;22.5;45;67.5;90;112.5;135;157.5;180;202.5;225;247.5;270;292.5;315;337.5
val_images,test003.png,2,upright,0.0,481,321,154401.0,1.0,inpaint,red_gd,wavelet,15.0,fixed5p0,0.8,3.8461538461538467,1.4142135623730951,0.02,G16_fixed,True,16,20,0.12315735740458288,9.095396383537715,0.07528226647860117,4,0.12268799060563079,9.111979463925076,0.0757746810152622,5.0,0;22.5;45;67.5;90;112.5;135;157.5;180;202.5;225;247.5;270;292.5;315;337.5
val_images,test003.png,2,upright,0.0,481,321,154401.0,1.0,inpaint,red_gd,wavelet,15.0,fixed5p0,0.8,3.8461538461538467,1.4142135623730951,0.02,G16_fixed,True,16,20,0.12315735740458288,9.095396383537715,0.07528226647860117,5,0.12257089241245199,9.11612651885551,0.075908976463883,5.0,0;22.5;45;67.5;90;112.5;135;157.5;180;202.5;225;247.5;270;292.5;315;337.5
val_images,test003.png,2,upright,0.0,481,321,154401.0,1.0,inpaint,red_gd,wavelet,15.0,fixed5p0,0.8,3.8461538461538467,1.4142135623730951,0.02,G16_fixed,True,16,20,0.12315735740458288,9.095396383537715,0.07528226647860117,6,0.1224538827671129,9.120274397136457,0.07602173581291571,5.0,0;22.5;45;67.5;90;112.5;135;157.5;180;202.5;225;247.5;270;292.5;315;337.5
val_images,test003.png,2,upright,0.0,481,321,154401.0,1.0,inpaint,red_gd,wavelet,15.0,fixed5p0,0.8,3.8461538461538467,1.4142135623730951,0.02,G16_fixed,True,16,20,0.12315735740458288,9.095396383537715,0.07528226647860117,7,0.12233693637023076,9.124423995465948,0.07615490543900298,5.0,0;22.5;45;67.5;90;112.5;135;157.5;180;202.5;225;247.5;270;292.5;315;337.5
val_images,test003.png,2,upright,0.0,481,321,154401.0,1.0,inpaint,red_gd,wavelet,15.0,fixed5p0,0.8,3.8461538461538467,1.4142135623730951,0.02,G16_fixed,True,16,20,0.12315735740458288,9.095396383537715,0.07528226647860117,8,0.12222010382057111,9.128573517020866,0.07626939147091016,5.0,0;22.5;45;67.5;90;112.5;135;157.5;180;202.5;225;247.5;270;292.5;315;337.5
val_images,test003.png,2,upright,0.0,481,321,154401.0,1.0,inpaint,red_gd,wavelet,15.0,fixed5p0,0.8,3.8461538461538467,1.4142135623730951,0.02,G16_fixed,True,16,20,0.12315735740458288,9.095396383537715,0.07528226647860117,9,0.12210328392060285,9.132726557159017,0.0764016313446804,5.0,0;22.5;45;67.5;90;112.5;135;157.5;180;202.5;225;247.5;270;292.5;315;337.5
val_images,test003.png,2,upright,0.0,481,321,154401.0,1.0,inpaint,red_gd,wavelet,15.0,fixed5p0,0.8,3.8461538461538467,1.4142135623730951,0.02,G16_fixed,True,16,20,0.12315735740458288,9.095396383537715,0.07528226647860117,10,0.121986641116314,9.13687726760761,0.07651766063893692,5.0,0;22.5;45;67.5;90;112.5;135;157.5;180;202.5;225;247.5;270;292.5;315;337.5
val_images,test003.png,2,upright,0.0,481,321,154401.0,1.0,inpaint,red_gd,wavelet,15.0,fixed5p0,0.8,3.8461538461538467,1.4142135623730951,0.02,G16_fixed,True,16,20,0.12315735740458288,9.095396383537715,0.07528226647860117,11,0.12187002361140796,9.141031047270877,0.0766491288815325,5.0,0;22.5;45;67.5;90;112.5;135;157.5;180;202.5;225;247.5;270;292.5;315;337.5
val_images,test003.png,2,upright,0.0,481,321,154401.0,1.0,inpaint,red_gd,wavelet,15.0,fixed5p0,0.8,3.8461538461538467,1.4142135623730951,0.02,G16_fixed,True,16,20,0.12315735740458288,9.095396383537715,0.07528226647860117,12,0.12175349465434161,9.145185645090953,0.0767665559666874,5.0,0;22.5;45;67.5;90;112.5;135;157.5;180;202.5;225;247.5;270;292.5;315;337.5
val_images,test003.png,2,upright,0.0,481,321,154401.0,1.0,inpaint,red_gd,wavelet,15.0,fixed5p0,0.8,3.8461538461538467,1.4142135623730951,0.02,G16_fixed,True,16,20,0.12315735740458288,9.095396383537715,0.07528226647860117,13,0.12163705424511499,9.14934105961172,0.07689744232347913,5.0,0;22.5;45;67.5;90;112.5;135;157.5;180;202.5;225;247.5;270;292.5;315;337.5
val_images,test003.png,2,upright,0.0,481,321,154401.0,1.0,inpaint,red_gd,wavelet,15.0,fixed5p0,0.8,3.8461538461538467,1.4142135623730951,0.02,G16_fixed,True,16,20,0.12315735740458288,9.095396383537715,0.07528226647860117,14,0.1215206897340367,9.153497741449737,0.07701612805292712,5.0,0;22.5;45;67.5;90;112.5;135;157.5;180;202.5;225;247.5;270;292.5;315;337.5
val_images,test003.png,2,upright,0.0,481,321,154401.0,1.0,inpaint,red_gd,wavelet,15.0,fixed5p0,0.8,3.8461538461538467,1.4142135623730951,0.02,G16_fixed,True,16,20,0.12315735740458288,9.095396383537715,0.07528226647860117,15,0.12140438847141534,9.157656142947591,0.07714650842206333,5.0,0;22.5;45;67.5;90;112.5;135;157.5;180;202.5;225;247.5;270;292.5;315;337.5
val_images,test003.png,2,upright,0.0,481,321,154401.0,1.0,inpaint,red_gd,wavelet,15.0,fixed5p0,0.8,3.8461538461538467,1.4142135623730951,0.02,G16_fixed,True,16,20,0.12315735740458288,9.095396383537715,0.07528226647860117,16,0.12128818840632509,9.161814906398128,0.07726636424796471,5.0,0;22.5;45;67.5;90;112.5;135;157.5;180;202.5;225;247.5;270;292.5;315;337.5
val_images,test003.png,2,upright,0.0,481,321,154401.0,1.0,inpaint,red_gd,wavelet,15.0,fixed5p0,0.8,3.8461538461538467,1.4142135623730951,0.02,G16_fixed,True,16,20,0.12315735740458288,9.095396383537715,0.07528226647860117,17,0.12117203894000039,9.16597584254106,0.07739640940027914,5.0,0;22.5;45;67.5;90;112.5;135;157.5;180;202.5;225;247.5;270;292.5;315;337.5
val_images,test003.png,2,upright,0.0,481,321,154401.0,1.0,inpaint,red_gd,wavelet,15.0,fixed5p0,0.8,3.8461538461538467,1.4142135623730951,0.02,G16_fixed,True,16,20,0.12315735740458288,9.095396383537715,0.07528226647860117,18,0.12105602862028096,9.170135777106662,0.07751732147541143,5.0,0;22.5;45;67.5;90;112.5;135;157.5;180;202.5;225;247.5;270;292.5;315;337.5
val_images,test003.png,2,upright,0.0,481,321,154401.0,1.0,inpaint,red_gd,wavelet,15.0,fixed5p0,0.8,3.8461538461538467,1.4142135623730951,0.02,G16_fixed,True,16,20,0.12315735740458288,9.095396383537715,0.07528226647860117,19,0.12094003095025291,9.17429924588004,0.07764709465936101,5.0,0;22.5;45;67.5;90;112.5;135;157.5;180;202.5;225;247.5;270;292.5;315;337.5
val_images,test003.png,2,upright,0.0,481,321,154401.0,1.0,inpaint,red_gd,wavelet,15.0,fixed5p0,0.8,3.8461538461538467,1.4142135623730951,0.02,G16_fixed,True,16,20,0.12315735740458288,9.095396383537715,0.07528226647860117,20,0.12082414712744736,9.178462617727828,0.07776896811103878,5.0,0;22.5;45;67.5;90;112.5;135;157.5;180;202.5;225;247.5;270;292.5;315;337.5
val_images,test003.png,2,rot45_padded,45.0,1000,1000,154360.0,0.15435999631881714,inpaint,red_gd,wavelet,15.0,fixed5p0,0.8,3.8461538461538467,1.4142135623730951,0.02,vanilla,False,0,20,0.12229233559131251,9.126007605819042,0.08659229540522156,1,0.12219428709672195,9.129490980244544,0.08669371593798587,5.0,none
val_images,test003.png,2,rot45_padded,45.0,1000,1000,154360.0,0.15435999631881714,inpaint,red_gd,wavelet,15.0,fixed5p0,0.8,3.8461538461538467,1.4142135623730951,0.02,vanilla,False,0,20,0.12229233559131251,9.126007605819042,0.08659229540522156,2,0.12209644105095233,9.132969949777966,0.08681678584153926,5.0,none
val_images,test003.png,2,rot45_padded,45.0,1000,1000,154360.0,0.15435999631881714,inpaint,red_gd,wavelet,15.0,fixed5p0,0.8,3.8461538461538467,1.4142135623730951,0.02,vanilla,False,0,20,0.12229233559131251,9.126007605819042,0.08659229540522156,3,0.12199848112772091,9.136455762265282,0.08692016127073075,5.0,none
val_images,test003.png,2,rot45_padded,45.0,1000,1000,154360.0,0.15435999631881714,inpaint,red_gd,wavelet,15.0,fixed5p0,0.8,3.8461538461538467,1.4142135623730951,0.02,vanilla,False,0,20,0.12229233559131251,9.126007605819042,0.08659229540522156,4,0.1219006730411052,9.139938965372279,0.08704194688957631,5.0,none
val_images,test003.png,2,rot45_padded,45.0,1000,1000,154360.0,0.15435999631881714,inpaint,red_gd,wavelet,15.0,fixed5p0,0.8,3.8461538461538467,1.4142135623730951,0.02,vanilla,False,0,20,0.12229233559131251,9.126007605819042,0.08659229540522156,5,0.12180276373007903,9.143428573590919,0.08714696721543794,5.0,none
val_images,test003.png,2,rot45_padded,45.0,1000,1000,154360.0,0.15435999631881714,inpaint,red_gd,wavelet,15.0,fixed5p0,0.8,3.8461538461538467,1.4142135623730951,0.02,vanilla,False,0,20,0.12229233559131251,9.126007605819042,0.08659229540522156,6,0.12170501890871988,9.146915118322328,0.08726767099839661,5.0,none
val_images,test003.png,2,rot45_padded,45.0,1000,1000,154360.0,0.15435999631881714,inpaint,red_gd,wavelet,15.0,fixed5p0,0.8,3.8461538461538467,1.4142135623730951,0.02,vanilla,False,0,20,0.12229233559131251,9.126007605819042,0.08659229540522156,7,0.12160722347515548,9.150406271831365,0.08737413377210741,5.0,none
val_images,test003.png,2,rot45_padded,45.0,1000,1000,154360.0,0.15435999631881714,inpaint,red_gd,wavelet,15.0,fixed5p0,0.8,3.8461538461538467,1.4142135623730951,0.02,vanilla,False,0,20,0.12229233559131251,9.126007605819042,0.08659229540522156,8,0.12150954191905286,9.153896163860251,0.08749399612715406,5.0,none
val_images,test003.png,2,rot45_padded,45.0,1000,1000,154360.0,0.15435999631881714,inpaint,red_gd,wavelet,15.0,fixed5p0,0.8,3.8461538461538467,1.4142135623730951,0.02,vanilla,False,0,20,0.12229233559131251,9.126007605819042,0.08659229540522156,9,0.1214117844446424,9.157391578168134,0.08760170522641876,5.0,none
val_images,test003.png,2,rot45_padded,45.0,1000,1000,154360.0,0.15435999631881714,inpaint,red_gd,wavelet,15.0,fixed5p0,0.8,3.8461538461538467,1.4142135623730951,0.02,vanilla,False,0,20,0.12229233559131251,9.126007605819042,0.08659229540522156,10,0.12131416615379632,9.160884825365518,0.08772094758195129,5.0,none
val_images,test003.png,2,rot45_padded,45.0,1000,1000,154360.0,0.15435999631881714,inpaint,red_gd,wavelet,15.0,fixed5p0,0.8,3.8461538461538467,1.4142135623730951,0.02,vanilla,False,0,20,0.12229233559131251,9.126007605819042,0.08659229540522156,11,0.1212164845976937,9.164383151285273,0.08782971953752591,5.0,none
val_images,test003.png,2,rot45_padded,45.0,1000,1000,154360.0,0.15435999631881714,inpaint,red_gd,wavelet,15.0,fixed5p0,0.8,3.8461538461538467,1.4142135623730951,0.02,vanilla,False,0,20,0.12229233559131251,9.126007605819042,0.08659229540522156,12,0.12111891691905287,9.167880214155176,0.08794847475058305,5.0,none
val_images,test003.png,2,rot45_padded,45.0,1000,1000,154360.0,0.15435999631881714,inpaint,red_gd,wavelet,15.0,fixed5p0,0.8,3.8461538461538467,1.4142135623730951,0.02,vanilla,False,0,20,0.12229233559131251,9.126007605819042,0.08659229540522156,13,0.12102126066905286,9.171383273682125,0.08805826527678803,5.0,none
val_images,test003.png,2,rot45_padded,45.0,1000,1000,154360.0,0.15435999631881714,inpaint,red_gd,wavelet,15.0,fixed5p0,0.8,3.8461538461538467,1.4142135623730951,0.02,vanilla,False,0,20,0.12229233559131251,9.126007605819042,0.08659229540522156,14,0.12092374360261726,9.174884162346077,0.0881766408983059,5.0,none
val_images,test003.png,2,rot45_padded,45.0,1000,1000,154360.0,0.15435999631881714,inpaint,red_gd,wavelet,15.0,fixed5p0,0.8,3.8461538461538467,1.4142135623730951,0.02,vanilla,False,0,20,0.12229233559131251,9.126007605819042,0.08659229540522156,15,0.12082617592397642,9.17838969457785,0.08828727285242291,5.0,none
val_images,test003.png,2,rot45_padded,45.0,1000,1000,154360.0,0.15435999631881714,inpaint,red_gd,wavelet,15.0,fixed5p0,0.8,3.8461538461538467,1.4142135623730951,0.02,vanilla,False,0,20,0.12229233559131251,9.126007605819042,0.08659229540522156,16,0.12072874742889997,9.181893051868112,0.08840543337206853,5.0,none
val_images,test003.png,2,rot45_padded,45.0,1000,1000,154360.0,0.15435999631881714,inpaint,red_gd,wavelet,15.0,fixed5p0,0.8,3.8461538461538467,1.4142135623730951,0.02,vanilla,False,0,20,0.12229233559131251,9.126007605819042,0.08659229540522156,17,0.12063123036246437,9.185402426250429,0.08851686879494364,5.0,none
val_images,test003.png,2,rot45_padded,45.0,1000,1000,154360.0,0.15435999631881714,inpaint,red_gd,wavelet,15.0,fixed5p0,0.8,3.8461538461538467,1.4142135623730951,0.02,vanilla,False,0,20,0.12229233559131251,9.126007605819042,0.08659229540522156,18,0.12053382717349054,9.188910535611166,0.08863486482492226,5.0,none
val_images,test003.png,2,rot45_padded,45.0,1000,1000,154360.0,0.15435999631881714,inpaint,red_gd,wavelet,15.0,fixed5p0,0.8,3.8461538461538467,1.4142135623730951,0.02,vanilla,False,0,20,0.12229233559131251,9.126007605819042,0.08659229540522156,19,0.12043637337231149,9.192423306095165,0.0887470277982476,5.0,none
val_images,test003.png,2,rot45_padded,45.0,1000,1000,154360.0,0.15435999631881714,inpaint,red_gd,wavelet,15.0,fixed5p0,0.8,3.8461538461538467,1.4142135623730951,0.02,vanilla,False,0,20,0.12229233559131251,9.126007605819042,0.08659229540522156,20,0.12033899548944027,9.195936180331106,0.08886495423644403,5.0,none
val_images,test003.png,2,rot45_padded,45.0,1000,1000,154360.0,0.15435999631881714,inpaint,red_gd,wavelet,15.0,fixed5p0,0.8,3.8461538461538467,1.4142135623730951,0.02,G16_fixed,False,16,20,0.12229233559131251,9.126007605819042,0.08659229540522156,1,0.1221757377235035,9.130150299279515,0.08673300366229918,5.0,0;22.5;45;67.5;90;112.5;135;157.5;180;202.5;225;247.5;270;292.5;315;337.5
val_images,test003.png,2,rot45_padded,45.0,1000,1000,154360.0,0.15435999631881714,inpaint,red_gd,wavelet,15.0,fixed5p0,0.8,3.8461538461538467,1.4142135623730951,0.02,G16_fixed,False,16,20,0.12229233559131251,9.126007605819042,0.08659229540522156,2,0.12205926638620757,9.134292446152061,0.08687114334996113,5.0,0;22.5;45;67.5;90;112.5;135;157.5;180;202.5;225;247.5;270;292.5;315;337.5
val_images,test003.png,2,rot45_padded,45.0,1000,1000,154360.0,0.15435999631881714,inpaint,red_gd,wavelet,15.0,fixed5p0,0.8,3.8461538461538467,1.4142135623730951,0.02,G16_fixed,False,16,20,0.12229233559131251,9.126007605819042,0.08659229540522156,3,0.12194284566111686,9.138436744895921,0.0870122185455267,5.0,0;22.5;45;67.5;90;112.5;135;157.5;180;202.5;225;247.5;270;292.5;315;337.5
val_images,test003.png,2,rot45_padded,45.0,1000,1000,154360.0,0.15435999631881714,inpaint,red_gd,wavelet,15.0,fixed5p0,0.8,3.8461538461538467,1.4142135623730951,0.02,G16_fixed,False,16,20,0.12229233559131251,9.126007605819042,0.08659229540522156,4,0.12182656411959057,9.142580040456085,0.08715069353904834,5.0,0;22.5;45;67.5;90;112.5;135;157.5;180;202.5;225;247.5;270;292.5;315;337.5
val_images,test003.png,2,rot45_padded,45.0,1000,1000,154360.0,0.15435999631881714,inpaint,red_gd,wavelet,15.0,fixed5p0,0.8,3.8461538461538467,1.4142135623730951,0.02,G16_fixed,False,16,20,0.12229233559131251,9.126007605819042,0.08659229540522156,5,0.1217103205372182,9.14672593813282,0.08729213567310184,5.0,0;22.5;45;67.5;90;112.5;135;157.5;180;202.5;225;247.5;270;292.5;315;337.5
val_images,test003.png,2,rot45_padded,45.0,1000,1000,154360.0,0.15435999631881714,inpaint,red_gd,wavelet,15.0,fixed5p0,0.8,3.8461538461538467,1.4142135623730951,0.02,G16_fixed,False,16,20,0.12229233559131251,9.126007605819042,0.08659229540522156,6,0.12159419083230759,9.150871730052073,0.08743090168680358,5.0,0;22.5;45;67.5;90;112.5;135;157.5;180;202.5;225;247.5;270;292.5;315;337.5
val_images,test003.png,2,rot45_padded,45.0,1000,1000,154360.0,0.15435999631881714,inpaint,red_gd,wavelet,15.0,fixed5p0,0.8,3.8461538461538467,1.4142135623730951,0.02,G16_fixed,False,16,20,0.12229233559131251,9.126007605819042,0.08659229540522156,7,0.12147814969875616,9.155018316841304,0.08757265382061415,5.0,0;22.5;45;67.5;90;112.5;135;157.5;180;202.5;225;247.5;270;292.5;315;337.5
val_images,test003.png,2,rot45_padded,45.0,1000,1000,154360.0,0.15435999631881714,inpaint,red_gd,wavelet,15.0,fixed5p0,0.8,3.8461538461538467,1.4142135623730951,0.02,G16_fixed,False,16,20,0.12229233559131251,9.126007605819042,0.08659229540522156,8,0.12136223509571781,9.159164338627377,0.08771183738500907,5.0,0;22.5;45;67.5;90;112.5;135;157.5;180;202.5;225;247.5;270;292.5;315;337.5
val_images,test003.png,2,rot45_padded,45.0,1000,1000,154360.0,0.15435999631881714,inpaint,red_gd,wavelet,15.0,fixed5p0,0.8,3.8461538461538467,1.4142135623730951,0.02,G16_fixed,False,16,20,0.12229233559131251,9.126007605819042,0.08659229540522156,9,0.12124640906403861,9.16331114967074,0.08785386155942278,5.0,0;22.5;45;67.5;90;112.5;135;157.5;180;202.5;225;247.5;270;292.5;315;337.5
val_images,test003.png,2,rot45_padded,45.0,1000,1000,154360.0,0.15435999631881714,inpaint,red_gd,wavelet,15.0,fixed5p0,0.8,3.8461538461538467,1.4142135623730951,0.02,G16_fixed,False,16,20,0.12229233559131251,9.126007605819042,0.08659229540522156,10,0.12113064629761597,9.167459655758913,0.08799343736840827,5.0,0;22.5;45;67.5;90;112.5;135;157.5;180;202.5;225;247.5;270;292.5;315;337.5
val_images,test003.png,2,rot45_padded,45.0,1000,1000,154360.0,0.15435999631881714,inpaint,red_gd,wavelet,15.0,fixed5p0,0.8,3.8461538461538467,1.4142135623730951,0.02,G16_fixed,False,16,20,0.12229233559131251,9.126007605819042,0.08659229540522156,11,0.12101498475560378,9.171608495700063,0.08813575256300207,5.0,0;22.5;45;67.5;90;112.5;135;157.5;180;202.5;225;247.5;270;292.5;315;337.5
val_images,test003.png,2,rot45_padded,45.0,1000,1000,154360.0,0.15435999631881714,inpaint,red_gd,wavelet,15.0,fixed5p0,0.8,3.8461538461538467,1.4142135623730951,0.02,G16_fixed,False,16,20,0.12229233559131251,9.126007605819042,0.08659229540522156,12,0.12089939913189945,9.17575857570567,0.08827573959615509,5.0,0;22.5;45;67.5;90;112.5;135;157.5;180;202.5;225;247.5;270;292.5;315;337.5
val_images,test003.png,2,rot45_padded,45.0,1000,1000,154360.0,0.15435999631881714,inpaint,red_gd,wavelet,15.0,fixed5p0,0.8,3.8461538461538467,1.4142135623730951,0.02,G16_fixed,False,16,20,0.12229233559131251,9.126007605819042,0.08659229540522156,13,0.12078385146734906,9.179911260412622,0.08841832050482638,5.0,0;22.5;45;67.5;90;112.5;135;157.5;180;202.5;225;247.5;270;292.5;315;337.5
val_images,test003.png,2,rot45_padded,45.0,1000,1000,154360.0,0.15435999631881714,inpaint,red_gd,wavelet,15.0,fixed5p0,0.8,3.8461538461538467,1.4142135623730951,0.02,G16_fixed,False,16,20,0.12229233559131251,9.126007605819042,0.08659229540522156,14,0.12066845563941436,9.18406245496718,0.08855873141519824,5.0,0;22.5;45;67.5;90;112.5;135;157.5;180;202.5;225;247.5;270;292.5;315;337.5
val_images,test003.png,2,rot45_padded,45.0,1000,1000,154360.0,0.15435999631881714,inpaint,red_gd,wavelet,15.0,fixed5p0,0.8,3.8461538461538467,1.4142135623730951,0.02,G16_fixed,False,16,20,0.12229233559131251,9.126007605819042,0.08659229540522156,15,0.1205531104236849,9.188215797915802,0.08870159069099831,5.0,0;22.5;45;67.5;90;112.5;135;157.5;180;202.5;225;247.5;270;292.5;315;337.5
val_images,test003.png,2,rot45_padded,45.0,1000,1000,154360.0,0.15435999631881714,inpaint,red_gd,wavelet,15.0,fixed5p0,0.8,3.8461538461538467,1.4142135623730951,0.02,G16_fixed,False,16,20,0.12229233559131251,9.126007605819042,0.08659229540522156,16,0.12043785377931458,9.192369922833697,0.08884246343774294,5.0,0;22.5;45;67.5;90;112.5;135;157.5;180;202.5;225;247.5;270;292.5;315;337.5
val_images,test003.png,2,rot45_padded,45.0,1000,1000,154360.0,0.15435999631881714,inpaint,red_gd,wavelet,15.0,fixed5p0,0.8,3.8461538461538467,1.4142135623730951,0.02,G16_fixed,False,16,20,0.12229233559131251,9.126007605819042,0.08659229540522156,17,0.12032272366545738,9.196523458058685,0.0889855884276205,5.0,0;22.5;45;67.5;90;112.5;135;157.5;180;202.5;225;247.5;270;292.5;315;337.5
val_images,test003.png,2,rot45_padded,45.0,1000,1000,154360.0,0.15435999631881714,inpaint,red_gd,wavelet,15.0,fixed5p0,0.8,3.8461538461538467,1.4142135623730951,0.02,G16_fixed,False,16,20,0.12229233559131251,9.126007605819042,0.08659229540522156,18,0.12020763151075409,9.200679598058235,0.08912691668421223,5.0,0;22.5;45;67.5;90;112.5;135;157.5;180;202.5;225;247.5;270;292.5;315;337.5
val_images,test003.png,2,rot45_padded,45.0,1000,1000,154360.0,0.15435999631881714,inpaint,red_gd,wavelet,15.0,fixed5p0,0.8,3.8461538461538467,1.4142135623730951,0.02,G16_fixed,False,16,20,0.12229233559131251,9.126007605819042,0.08659229540522156,19,0.12009262792740995,9.204836516205177,0.08927033269426989,5.0,0;22.5;45;67.5;90;112.5;135;157.5;180;202.5;225;247.5;270;292.5;315;337.5
val_images,test003.png,2,rot45_padded,45.0,1000,1000,154360.0,0.15435999631881714,inpaint,red_gd,wavelet,15.0,fixed5p0,0.8,3.8461538461538467,1.4142135623730951,0.02,G16_fixed,False,16,20,0.12229233559131251,9.126007605819042,0.08659229540522156,20,0.11997771291542499,9.208994210923265,0.08941205952197784,5.0,0;22.5;45;67.5;90;112.5;135;157.5;180;202.5;225;247.5;270;292.5;315;337.5
val_images,test004.png,3,upright,0.0,321,481,154401.0,1.0,inpaint,red_gd,wavelet,15.0,fixed5p0,0.8,3.8461538461538467,1.4142135623730951,0.02,vanilla,True,0,20,0.07315125519345729,11.35778217468741,0.08387649210699737,1,0.07311132011774535,11.360153742863364,0.08394683071596039,5.0,none
val_images,test004.png,3,upright,0.0,321,481,154401.0,1.0,inpaint,red_gd,wavelet,15.0,fixed5p0,0.8,3.8461538461538467,1.4142135623730951,0.02,vanilla,True,0,20,0.07315125519345729,11.35778217468741,0.08387649210699737,2,0.07307152418863867,11.36251833672829,0.08400722666749244,5.0,none
val_images,test004.png,3,upright,0.0,321,481,154401.0,1.0,inpaint,red_gd,wavelet,15.0,fixed5p0,0.8,3.8461538461538467,1.4142135623730951,0.02,vanilla,True,0,20,0.07315125519345729,11.35778217468741,0.08387649210699737,3,0.07303160808746381,11.364891364963972,0.08407693279188606,5.0,none
val_images,test004.png,3,upright,0.0,321,481,154401.0,1.0,inpaint,red_gd,wavelet,15.0,fixed5p0,0.8,3.8461538461538467,1.4142135623730951,0.02,vanilla,True,0,20,0.07315125519345729,11.35778217468741,0.08387649210699737,4,0.07299183113289422,11.367257411455686,0.08413811302428417,5.0,none
val_images,test004.png,3,upright,0.0,321,481,154401.0,1.0,inpaint,red_gd,wavelet,15.0,fixed5p0,0.8,3.8461538461538467,1.4142135623730951,0.02,vanilla,True,0,20,0.07315125519345729,11.35778217468741,0.08387649210699737,5,0.07295193400625644,11.36963190170646,0.0842072815367938,5.0,none
val_images,test004.png,3,upright,0.0,321,481,154401.0,1.0,inpaint,red_gd,wavelet,15.0,fixed5p0,0.8,3.8461538461538467,1.4142135623730951,0.02,vanilla,True,0,20,0.07315125519345729,11.35778217468741,0.08387649210699737,6,0.07291218235106962,11.371999026034594,0.08426917015190964,5.0,none
val_images,test004.png,3,upright,0.0,321,481,154401.0,1.0,inpaint,red_gd,wavelet,15.0,fixed5p0,0.8,3.8461538461538467,1.4142135623730951,0.02,vanilla,True,0,20,0.07315125519345729,11.35778217468741,0.08387649210699737,7,0.072872323173506,11.3743738492352,0.08433788327552931,5.0,none
val_images,test004.png,3,upright,0.0,321,481,154401.0,1.0,inpaint,red_gd,wavelet,15.0,fixed5p0,0.8,3.8461538461538467,1.4142135623730951,0.02,vanilla,True,0,20,0.07315125519345729,11.35778217468741,0.08387649210699737,8,0.07283256519347349,11.37674393742672,0.08440037275098607,5.0,none
val_images,test004.png,3,upright,0.0,321,481,154401.0,1.0,inpaint,red_gd,wavelet,15.0,fixed5p0,0.8,3.8461538461538467,1.4142135623730951,0.02,vanilla,True,0,20,0.07315125519345729,11.35778217468741,0.08387649210699737,9,0.07279272499044695,11.37912022532866,0.08446872535840118,5.0,none
val_images,test004.png,3,upright,0.0,321,481,154401.0,1.0,inpaint,red_gd,wavelet,15.0,fixed5p0,0.8,3.8461538461538467,1.4142135623730951,0.02,vanilla,True,0,20,0.07315125519345729,11.35778217468741,0.08387649210699737,10,0.07275297966010583,11.381492150782464,0.08453176509543332,5.0,none
val_images,test004.png,3,upright,0.0,321,481,154401.0,1.0,inpaint,red_gd,wavelet,15.0,fixed5p0,0.8,3.8461538461538467,1.4142135623730951,0.02,vanilla,True,0,20,0.07315125519345729,11.35778217468741,0.08387649210699737,11,0.07271317740615346,11.383868772264575,0.08459980778540942,5.0,none
val_images,test004.png,3,upright,0.0,321,481,154401.0,1.0,inpaint,red_gd,wavelet,15.0,fixed5p0,0.8,3.8461538461538467,1.4142135623730951,0.02,vanilla,True,0,20,0.07315125519345729,11.35778217468741,0.08387649210699737,12,0.07267344472550372,11.386242537351626,0.08466333453556,5.0,none
val_images,test004.png,3,upright,0.0,321,481,154401.0,1.0,inpaint,red_gd,wavelet,15.0,fixed5p0,0.8,3.8461538461538467,1.4142135623730951,0.02,vanilla,True,0,20,0.07315125519345729,11.35778217468741,0.08387649210699737,13,0.07263366777093412,11.388620247845104,0.08473113055655404,5.0,none
val_images,test004.png,3,upright,0.0,321,481,154401.0,1.0,inpaint,red_gd,wavelet,15.0,fixed5p0,0.8,3.8461538461538467,1.4142135623730951,0.02,vanilla,True,0,20,0.07315125519345729,11.35778217468741,0.08387649210699737,14,0.07259394773997578,11.39099585535414,0.08479511269559459,5.0,none
val_images,test004.png,3,upright,0.0,321,481,154401.0,1.0,inpaint,red_gd,wavelet,15.0,fixed5p0,0.8,3.8461538461538467,1.4142135623730951,0.02,vanilla,True,0,20,0.07315125519345729,11.35778217468741,0.08387649210699737,15,0.07255417711025187,11.393375791778531,0.08486271264637212,5.0,none
val_images,test004.png,3,upright,0.0,321,481,154401.0,1.0,inpaint,red_gd,wavelet,15.0,fixed5p0,0.8,3.8461538461538467,1.4142135623730951,0.02,vanilla,True,0,20,0.07315125519345729,11.35778217468741,0.08387649210699737,16,0.07251448870352199,11.395752108727704,0.08492706795130861,5.0,none
val_images,test004.png,3,upright,0.0,321,481,154401.0,1.0,inpaint,red_gd,wavelet,15.0,fixed5p0,0.8,3.8461538461538467,1.4142135623730951,0.02,vanilla,True,0,20,0.07315125519345729,11.35778217468741,0.08387649210699737,17,0.07247473704833518,11.39813351670298,0.08499454773001794,5.0,none
val_images,test004.png,3,upright,0.0,321,481,154401.0,1.0,inpaint,red_gd,wavelet,15.0,fixed5p0,0.8,3.8461538461538467,1.4142135623730951,0.02,vanilla,True,0,20,0.07315125519345729,11.35778217468741,0.08387649210699737,18,0.072435054966451,11.400512059848186,0.08505926355115899,5.0,none
val_images,test004.png,3,upright,0.0,321,481,154401.0,1.0,inpaint,red_gd,wavelet,15.0,fixed5p0,0.8,3.8461538461538467,1.4142135623730951,0.02,vanilla,True,0,20,0.07315125519345729,11.35778217468741,0.08387649210699737,19,0.07239534126033834,11.402893803501769,0.08512661050810875,5.0,none
val_images,test004.png,3,upright,0.0,321,481,154401.0,1.0,inpaint,red_gd,wavelet,15.0,fixed5p0,0.8,3.8461538461538467,1.4142135623730951,0.02,vanilla,True,0,20,0.07315125519345729,11.35778217468741,0.08387649210699737,20,0.07235566550329985,11.405274576273428,0.0851916488963802,5.0,none
val_images,test004.png,3,upright,0.0,321,481,154401.0,1.0,inpaint,red_gd,wavelet,15.0,fixed5p0,0.8,3.8461538461538467,1.4142135623730951,0.02,G16_fixed,True,16,20,0.07315125519345729,11.35778217468741,0.08387649210699737,1,0.07303338536910382,11.364785677271003,0.08410740589843978,5.0,0;22.5;45;67.5;90;112.5;135;157.5;180;202.5;225;247.5;270;292.5;315;337.5
val_images,test004.png,3,upright,0.0,321,481,154401.0,1.0,inpaint,red_gd,wavelet,15.0,fixed5p0,0.8,3.8461538461538467,1.4142135623730951,0.02,G16_fixed,True,16,20,0.07315125519345729,11.35778217468741,0.08387649210699737,2,0.07291554716897883,11.37179860847949,0.0842778604898932,5.0,0;22.5;45;67.5;90;112.5;135;157.5;180;202.5;225;247.5;270;292.5;315;337.5
val_images,test004.png,3,upright,0.0,321,481,154401.0,1.0,inpaint,red_gd,wavelet,15.0,fixed5p0,0.8,3.8461538461538467,1.4142135623730951,0.02,G16_fixed,True,16,20,0.07315125519345729,11.35778217468741,0.08387649210699737,3,0.07279782281607632,11.378816090537656,0.08450566878209986,5.0,0;22.5;45;67.5;90;112.5;135;157.5;180;202.5;225;247.5;270;292.5;315;337.5
val_images,test004.png,3,upright,0.0,321,481,154401.0,1.0,inpaint,red_gd,wavelet,15.0,fixed5p0,0.8,3.8461538461538467,1.4142135623730951,0.02,G16_fixed,True,16,20,0.07315125519345729,11.35778217468741,0.08387649210699737,4,0.07268014273709367,11.385842284488785,0.0846810630780403,5.0,0;22.5;45;67.5;90;112.5;135;157.5;180;202.5;225;247.5;270;292.5;315;337.5
val_images,test004.png,3,upright,0.0,321,481,154401.0,1.0,inpaint,red_gd,wavelet,15.0,fixed5p0,0.8,3.8461538461538467,1.4142135623730951,0.02,G16_fixed,True,16,20,0.07315125519345729,11.35778217468741,0.08387649210699737,5,0.0725625954798706,11.392871914602809,0.08490634143196936,5.0,0;22.5;45;67.5;90;112.5;135;157.5;180;202.5;225;247.5;270;292.5;315;337.5
val_images,test004.png,3,upright,0.0,321,481,154401.0,1.0,inpaint,red_gd,wavelet,15.0,fixed5p0,0.8,3.8461538461538467,1.4142135623730951,0.02,G16_fixed,True,16,20,0.07315125519345729,11.35778217468741,0.08387649210699737,6,0.07244508617172168,11.399910666576666,0.08508619474412407,5.0,0;22.5;45;67.5;90;112.5;135;157.5;180;202.5;225;247.5;270;292.5;315;337.5
val_images,test004.png,3,upright,0.0,321,481,154401.0,1.0,inpaint,red_gd,wavelet,15.0,fixed5p0,0.8,3.8461538461538467,1.4142135623730951,0.02,G16_fixed,True,16,20,0.07315125519345729,11.35778217468741,0.08387649210699737,7,0.07232768438594957,11.406954388777564,0.08530941119835687,5.0,0;22.5;45;67.5;90;112.5;135;157.5;180;202.5;225;247.5;270;292.5;315;337.5
val_images,test004.png,3,upright,0.0,321,481,154401.0,1.0,inpaint,red_gd,wavelet,15.0,fixed5p0,0.8,3.8461538461538467,1.4142135623730951,0.02,G16_fixed,True,16,20,0.07315125519345729,11.35778217468741,0.08387649210699737,8,0.07221033319894302,11.414006510428582,0.08549329343721868,5.0,0;22.5;45;67.5;90;112.5;135;157.5;180;202.5;225;247.5;270;292.5;315;337.5
val_images,test004.png,3,upright,0.0,321,481,154401.0,1.0,inpaint,red_gd,wavelet,15.0,fixed5p0,0.8,3.8461538461538467,1.4142135623730951,0.02,G16_fixed,True,16,20,0.07315125519345729,11.35778217468741,0.08387649210699737,9,0.07209307688462187,11.421064386809501,0.08571487175641673,5.0,0;22.5;45;67.5;90;112.5;135;157.5;180;202.5;225;247.5;270;292.5;315;337.5
val_images,test004.png,3,upright,0.0,321,481,154401.0,1.0,inpaint,red_gd,wavelet,15.0,fixed5p0,0.8,3.8461538461538467,1.4142135623730951,0.02,G16_fixed,True,16,20,0.07315125519345729,11.35778217468741,0.08387649210699737,10,0.07197588381875765,11.428129935530023,0.08590240975608966,5.0,0;22.5;45;67.5;90;112.5;135;157.5;180;202.5;225;247.5;270;292.5;315;337.5
val_images,test004.png,3,upright,0.0,321,481,154401.0,1.0,inpaint,red_gd,wavelet,15.0,fixed5p0,0.8,3.8461538461538467,1.4142135623730951,0.02,G16_fixed,True,16,20,0.07315125519345729,11.35778217468741,0.08387649210699737,11,0.07185877930073316,11.435201646356628,0.08612273575584031,5.0,0;22.5;45;67.5;90;112.5;135;157.5;180;202.5;225;247.5;270;292.5;315;337.5
val_images,test004.png,3,upright,0.0,321,481,154401.0,1.0,inpaint,red_gd,wavelet,15.0,fixed5p0,0.8,3.8461538461538467,1.4142135623730951,0.02,G16_fixed,True,16,20,0.07315125519345729,11.35778217468741,0.08387649210699737,12,0.0717417443560113,11.442280679307483,0.08631362592373107,5.0,0;22.5;45;67.5;90;112.5;135;157.5;180;202.5;225;247.5;270;292.5;315;337.5
val_images,test004.png,3,upright,0.0,321,481,154401.0,1.0,inpaint,red_gd,wavelet,15.0,fixed5p0,0.8,3.8461538461538467,1.4142135623730951,0.02,G16_fixed,True,16,20,0.07315125519345729,11.35778217468741,0.08387649210699737,13,0.07162479795912916,11.44936590090649,0.0865330221711647,5.0,0;22.5;45;67.5;90;112.5;135;157.5;180;202.5;225;247.5;270;292.5;315;337.5
val_images,test004.png,3,upright,0.0,321,481,154401.0,1.0,inpaint,red_gd,wavelet,15.0,fixed5p0,0.8,3.8461538461538467,1.4142135623730951,0.02,G16_fixed,True,16,20,0.07315125519345729,11.35778217468741,0.08387649210699737,14,0.07150790848585825,11.456459243271102,0.08672697356437134,5.0,0;22.5;45;67.5;90;112.5;135;157.5;180;202.5;225;247.5;270;292.5;315;337.5
val_images,test004.png,3,upright,0.0,321,481,154401.0,1.0,inpaint,red_gd,wavelet,15.0,fixed5p0,0.8,3.8461538461538467,1.4142135623730951,0.02,G16_fixed,True,16,20,0.07315125519345729,11.35778217468741,0.08387649210699737,15,0.07139112021011845,11.463558033999137,0.08694572467754419,5.0,0;22.5;45;67.5;90;112.5;135;157.5;180;202.5;225;247.5;270;292.5;315;337.5
val_images,test004.png,3,upright,0.0,321,481,154401.0,1.0,inpaint,red_gd,wavelet,15.0,fixed5p0,0.8,3.8461538461538467,1.4142135623730951,0.02,G16_fixed,True,16,20,0.07315125519345729,11.35778217468741,0.08387649210699737,16,0.07127437620829852,11.470665749371879,0.08714249695193037,5.0,0;22.5;45;67.5;90;112.5;135;157.5;180;202.5;225;247.5;270;292.5;315;337.5
val_images,test004.png,3,upright,0.0,321,481,154401.0,1.0,inpaint,red_gd,wavelet,15.0,fixed5p0,0.8,3.8461538461538467,1.4142135623730951,0.02,G16_fixed,True,16,20,0.07315125519345729,11.35778217468741,0.08387649210699737,17,0.0711577207543183,11.477779712074971,0.08736086857436157,5.0,0;22.5;45;67.5;90;112.5;135;157.5;180;202.5;225;247.5;270;292.5;315;337.5
val_images,test004.png,3,upright,0.0,321,481,154401.0,1.0,inpaint,red_gd,wavelet,15.0,fixed5p0,0.8,3.8461538461538467,1.4142135623730951,0.02,G16_fixed,True,16,20,0.07315125519345729,11.35778217468741,0.08387649210699737,18,0.07104112854879502,11.484901480371523,0.08756026565971076,5.0,0;22.5;45;67.5;90;112.5;135;157.5;180;202.5;225;247.5;270;292.5;315;337.5
val_images,test004.png,3,upright,0.0,321,481,154401.0,1.0,inpaint,red_gd,wavelet,15.0,fixed5p0,0.8,3.8461538461538467,1.4142135623730951,0.02,G16_fixed,True,16,20,0.07315125519345729,11.35778217468741,0.08387649210699737,19,0.07092461224142006,11.492030298975937,0.08777846018646253,5.0,0;22.5;45;67.5;90;112.5;135;157.5;180;202.5;225;247.5;270;292.5;315;337.5
val_images,test004.png,3,upright,0.0,321,481,154401.0,1.0,inpaint,red_gd,wavelet,15.0,fixed5p0,0.8,3.8461538461538467,1.4142135623730951,0.02,G16_fixed,True,16,20,0.07315125519345729,11.35778217468741,0.08387649210699737,20,0.07080816550734775,11.4991665713648,0.08798031763678668,5.0,0;22.5;45;67.5;90;112.5;135;157.5;180;202.5;225;247.5;270;292.5;315;337.5
val_images,test004.png,3,rot45_padded,45.0,1000,1000,154360.0,0.15435999631881714,inpaint,red_gd,wavelet,15.0,fixed5p0,0.8,3.8461538461538467,1.4142135623730951,0.02,vanilla,False,0,20,0.0728395294482055,11.376328684606964,0.09595490174146476,1,0.07273801401755636,11.382385607598724,0.09614210996210158,5.0,none
val_images,test004.png,3,rot45_padded,45.0,1000,1000,154360.0,0.15435999631881714,inpaint,red_gd,wavelet,15.0,fixed5p0,0.8,3.8461538461538467,1.4142135623730951,0.02,vanilla,False,0,20,0.0728395294482055,11.376328684606964,0.09595490174146476,2,0.07263669470920252,11.388439263566582,0.09632367492185476,5.0,none
val_images,test004.png,3,rot45_padded,45.0,1000,1000,154360.0,0.15435999631881714,inpaint,red_gd,wavelet,15.0,fixed5p0,0.8,3.8461538461538467,1.4142135623730951,0.02,vanilla,False,0,20,0.0728395294482055,11.376328684606964,0.09595490174146476,3,0.07253529315601516,11.394506293827062,0.0965112943666591,5.0,none
val_images,test004.png,3,rot45_padded,45.0,1000,1000,154360.0,0.15435999631881714,inpaint,red_gd,wavelet,15.0,fixed5p0,0.8,3.8461538461538467,1.4142135623730951,0.02,vanilla,False,0,20,0.0728395294482055,11.376328684606964,0.09595490174146476,4,0.07243405609249481,11.400571949143306,0.09669399810103006,5.0,none
val_images,test004.png,3,rot45_padded,45.0,1000,1000,154360.0,0.15435999631881714,inpaint,red_gd,wavelet,15.0,fixed5p0,0.8,3.8461538461538467,1.4142135623730951,0.02,vanilla,False,0,20,0.0728395294482055,11.376328684606964,0.09595490174146476,5,0.07233274311066662,11.40665064624493,0.09688212999441241,5.0,none
val_images,test004.png,3,rot45_padded,45.0,1000,1000,154360.0,0.15435999631881714,inpaint,red_gd,wavelet,15.0,fixed5p0,0.8,3.8461538461538467,1.4142135623730951,0.02,vanilla,False,0,20,0.0728395294482055,11.376328684606964,0.09595490174146476,6,0.0722316009450311,11.412727593071228,0.09706603576865769,5.0,none
val_images,test004.png,3,rot45_padded,45.0,1000,1000,154360.0,0.15435999631881714,inpaint,red_gd,wavelet,15.0,fixed5p0,0.8,3.8461538461538467,1.4142135623730951,0.02,vanilla,False,0,20,0.0728395294482055,11.376328684606964,0.09595490174146476,7,0.0721303702080364,11.418818387943404,0.09725459786578453,5.0,none
val_images,test004.png,3,rot45_padded,45.0,1000,1000,154360.0,0.15435999631881714,inpaint,red_gd,wavelet,15.0,fixed5p0,0.8,3.8461538461538467,1.4142135623730951,0.02,vanilla,False,0,20,0.0728395294482055,11.376328684606964,0.09595490174146476,8,0.07202930396070874,11.424907819119666,0.09743974363905805,5.0,none
val_images,test004.png,3,rot45_padded,45.0,1000,1000,154360.0,0.15435999631881714,inpaint,red_gd,wavelet,15.0,fixed5p0,0.8,3.8461538461538467,1.4142135623730951,0.02,vanilla,False,0,20,0.0728395294482055,11.376328684606964,0.09595490174146476,9,0.0719281617950732,11.431010384404516,0.09762886879696812,5.0,none
val_images,test004.png,3,rot45_padded,45.0,1000,1000,154360.0,0.15435999631881714,inpaint,red_gd,wavelet,15.0,fixed5p0,0.8,3.8461538461538467,1.4142135623730951,0.02,vanilla,False,0,20,0.0728395294482055,11.376328684606964,0.09595490174146476,10,0.07182718411910469,11.437111591201695,0.09781522926316727,5.0,none
val_images,test004.png,3,rot45_padded,45.0,1000,1000,154360.0,0.15435999631881714,inpaint,red_gd,wavelet,15.0,fixed5p0,0.8,3.8461538461538467,1.4142135623730951,0.02,vanilla,False,0,20,0.0728395294482055,11.376328684606964,0.09595490174146476,11,0.07172614317787963,11.443225212013296,0.09800489850228362,5.0,none
val_images,test004.png,3,rot45_padded,45.0,1000,1000,154360.0,0.15435999631881714,inpaint,red_gd,wavelet,15.0,fixed5p0,0.8,3.8461538461538467,1.4142135623730951,0.02,vanilla,False,0,20,0.0728395294482055,11.376328684606964,0.09595490174146476,12,0.07162521611411635,11.44934054629767,0.0981924863144597,5.0,none
val_images,test004.png,3,rot45_padded,45.0,1000,1000,154360.0,0.15435999631881714,inpaint,red_gd,wavelet,15.0,fixed5p0,0.8,3.8461538461538467,1.4142135623730951,0.02,vanilla,False,0,20,0.0728395294482055,11.376328684606964,0.09595490174146476,13,0.07152426374425046,11.455466040358772,0.0983827312674106,5.0,none
val_images,test004.png,3,rot45_padded,45.0,1000,1000,154360.0,0.15435999631881714,inpaint,red_gd,wavelet,15.0,fixed5p0,0.8,3.8461538461538467,1.4142135623730951,0.02,vanilla,False,0,20,0.0728395294482055,11.376328684606964,0.09595490174146476,14,0.07142343157837198,11.461592877227794,0.09857153377251231,5.0,none
val_images,test004.png,3,rot45_padded,45.0,1000,1000,154360.0,0.15435999631881714,inpaint,red_gd,wavelet,15.0,fixed5p0,0.8,3.8461538461538467,1.4142135623730951,0.02,vanilla,False,0,20,0.0728395294482055,11.376328684606964,0.09595490174146476,15,0.0713225614533396,11.467730681176143,0.09876244933718256,5.0,none
val_images,test004.png,3,rot45_padded,45.0,1000,1000,154360.0,0.15435999631881714,inpaint,red_gd,wavelet,15.0,fixed5p0,0.8,3.8461538461538467,1.4142135623730951,0.02,vanilla,False,0,20,0.0728395294482055,11.376328684606964,0.09595490174146476,16,0.07122181785882029,11.473869456297649,0.09895244755563294,5.0,none
val_images,test004.png,3,rot45_padded,45.0,1000,1000,154360.0,0.15435999631881714,inpaint,red_gd,wavelet,15.0,fixed5p0,0.8,3.8461538461538467,1.4142135623730951,0.02,vanilla,False,0,20,0.0728395294482055,11.376328684606964,0.09595490174146476,17,0.07112099201946748,11.480021943103964,0.09914404638507385,5.0,none
val_images,test004.png,3,rot45_padded,45.0,1000,1000,154360.0,0.15435999631881714,inpaint,red_gd,wavelet,15.0,fixed5p0,0.8,3.8461538461538467,1.4142135623730951,0.02,vanilla,False,0,20,0.0728395294482055,11.376328684606964,0.09595490174146476,18,0.07102032434325603,11.486173486471225,0.09933523399034724,5.0,none
val_images,test004.png,3,rot45_padded,45.0,1000,1000,154360.0,0.15435999631881714,inpaint,red_gd,wavelet,15.0,fixed5p0,0.8,3.8461538461538467,1.4142135623730951,0.02,vanilla,False,0,20,0.0728395294482055,11.376328684606964,0.09595490174146476,19,0.07091959340178802,11.492337629733477,0.09952756037023841,5.0,none
val_images,test004.png,3,rot45_padded,45.0,1000,1000,154360.0,0.15435999631881714,inpaint,red_gd,wavelet,15.0,fixed5p0,0.8,3.8461538461538467,1.4142135623730951,0.02,vanilla,False,0,20,0.0728395294482055,11.376328684606964,0.09595490174146476,20,0.07081898899083312,11.498502775049966,0.09971998164801438,5.0,none
val_images,test004.png,3,rot45_padded,45.0,1000,1000,154360.0,0.15435999631881714,inpaint,red_gd,wavelet,15.0,fixed5p0,0.8,3.8461538461538467,1.4142135623730951,0.02,G16_fixed,False,16,20,0.0728395294482055,11.376328684606964,0.09595490174146476,1,0.07272315300879438,11.383272999643657,0.09619358890135074,5.0,0;22.5;45;67.5;90;112.5;135;157.5;180;202.5;225;247.5;270;292.5;315;337.5
val_images,test004.png,3,rot45_padded,45.0,1000,1000,154360.0,0.15435999631881714,inpaint,red_gd,wavelet,15.0,fixed5p0,0.8,3.8461538461538467,1.4142135623730951,0.02,G16_fixed,False,16,20,0.0728395294482055,11.376328684606964,0.09595490174146476,2,0.07260682085506284,11.390225787410841,0.09639850506729399,5.0,0;22.5;45;67.5;90;112.5;135;157.5;180;202.5;225;247.5;270;292.5;315;337.5
val_images,test004.png,3,rot45_padded,45.0,1000,1000,154360.0,0.15435999631881714,inpaint,red_gd,wavelet,15.0,fixed5p0,0.8,3.8461538461538467,1.4142135623730951,0.02,G16_fixed,False,16,20,0.0728395294482055,11.376328684606964,0.09595490174146476,3,0.07249059625226743,11.39718328058434,0.09663626855443444,5.0,0;22.5;45;67.5;90;112.5;135;157.5;180;202.5;225;247.5;270;292.5;315;337.5
val_images,test004.png,3,rot45_padded,45.0,1000,1000,154360.0,0.15435999631881714,inpaint,red_gd,wavelet,15.0,fixed5p0,0.8,3.8461538461538467,1.4142135623730951,0.02,G16_fixed,False,16,20,0.0728395294482055,11.376328684606964,0.09595490174146476,4,0.07237437797599766,11.40415155806859,0.09684437328930746,5.0,0;22.5;45;67.5;90;112.5;135;157.5;180;202.5;225;247.5;270;292.5;315;337.5
val_images,test004.png,3,rot45_padded,45.0,1000,1000,154360.0,0.15435999631881714,inpaint,red_gd,wavelet,15.0,fixed5p0,0.8,3.8461538461538467,1.4142135623730951,0.02,G16_fixed,False,16,20,0.0728395294482055,11.376328684606964,0.09595490174146476,5,0.07225824827108707,11.41112571074419,0.09708143453210029,5.0,0;22.5;45;67.5;90;112.5;135;157.5;180;202.5;225;247.5;270;292.5;315;337.5
val_images,test004.png,3,rot45_padded,45.0,1000,1000,154360.0,0.15435999631881714,inpaint,red_gd,wavelet,15.0,fixed5p0,0.8,3.8461538461538467,1.4142135623730951,0.02,G16_fixed,False,16,20,0.0728395294482055,11.376328684606964,0.09595490174146476,6,0.07214215019880474,11.418109176655696,0.09729248742792822,5.0,0;22.5;45;67.5;90;112.5;135;157.5;180;202.5;225;247.5;270;292.5;315;337.5
val_images,test004.png,3,rot45_padded,45.0,1000,1000,154360.0,0.15435999631881714,inpaint,red_gd,wavelet,15.0,fixed5p0,0.8,3.8461538461538467,1.4142135623730951,0.02,G16_fixed,False,16,20,0.0728395294482055,11.376328684606964,0.09595490174146476,7,0.07202614702440722,11.42509816804521,0.09752911214045089,5.0,0;22.5;45;67.5;90;112.5;135;157.5;180;202.5;225;247.5;270;292.5;315;337.5
val_images,test004.png,3,rot45_padded,45.0,1000,1000,154360.0,0.15435999631881714,inpaint,red_gd,wavelet,15.0,fixed5p0,0.8,3.8461538461538467,1.4142135623730951,0.02,G16_fixed,False,16,20,0.0728395294482055,11.376328684606964,0.09595490174146476,8,0.07191018813568929,11.432095750182755,0.09774295503409239,5.0,0;22.5;45;67.5;90;112.5;135;157.5;180;202.5;225;247.5;270;292.5;315;337.5
val_images,test004.png,3,rot45_padded,45.0,1000,1000,154360.0,0.15435999631881714,inpaint,red_gd,wavelet,15.0,fixed5p0,0.8,3.8461538461538467,1.4142135623730951,0.02,G16_fixed,False,16,20,0.0728395294482055,11.376328684606964,0.09595490174146476,9,0.07179429883875356,11.439100415679455,0.0979792823999093,5.0,0;22.5;45;67.5;90;112.5;135;157.5;180;202.5;225;247.5;270;292.5;315;337.5
val_images,test004.png,3,rot45_padded,45.0,1000,1000,154360.0,0.15435999631881714,inpaint,red_gd,wavelet,15.0,fixed5p0,0.8,3.8461538461538467,1.4142135623730951,0.02,G16_fixed,False,16,20,0.0728395294482055,11.376328684606964,0.09595490174146476,10,0.07167846648054872,11.446112947265096,0.0981957128425434,5.0,0;22.5;45;67.5;90;112.5;135;157.5;180;202.5;225;247.5;270;292.5;315;337.5
val_images,test004.png,3,rot45_padded,45.0,1000,1000,154360.0,0.15435999631881714,inpaint,red_gd,wavelet,15.0,fixed5p0,0.8,3.8461538461538467,1.4142135623730951,0.02,G16_fixed,False,16,20,0.0728395294482055,11.376328684606964,0.09595490174146476,11,0.07156270371412607,11.453132596929276,0.09843194531047551,5.0,0;22.5;45;67.5;90;112.5;135;157.5;180;202.5;225;247.5;270;292.5;315;337.5
val_images,test004.png,3,rot45_padded,45.0,1000,1000,154360.0,0.15435999631881714,inpaint,red_gd,wavelet,15.0,fixed5p0,0.8,3.8461538461538467,1.4142135623730951,0.02,G16_fixed,False,16,20,0.0728395294482055,11.376328684606964,0.09595490174146476,12,0.07144699788643431,11.460160150010346,0.09865085575116611,5.0,0;22.5;45;67.5;90;112.5;135;157.5;180;202.5;225;247.5;270;292.5;315;337.5
val_images,test004.png,3,rot45_padded,45.0,1000,1000,154360.0,0.15435999631881714,inpaint,red_gd,wavelet,15.0,fixed5p0,0.8,3.8461538461538467,1.4142135623730951,0.02,G16_fixed,False,16,20,0.0728395294482055,11.376328684606964,0.09595490174146476,13,0.0713313679770504,11.467194470968336,0.09888716413740606,5.0,0;22.5;45;67.5;90;112.5;135;157.5;180;202.5;225;247.5;270;292.5;315;337.5
val_images,test004.png,3,rot45_padded,45.0,1000,1000,154360.0,0.15435999631881714,inpaint,red_gd,wavelet,15.0,fixed5p0,0.8,3.8461538461538467,1.4142135623730951,0.02,G16_fixed,False,16,20,0.0728395294482055,11.376328684606964,0.09595490174146476,14,0.07121578867987173,11.474237117509173,0.09910835212733221,5.0,0;22.5;45;67.5;90;112.5;135;157.5;180;202.5;225;247.5;270;292.5;315;337.5
val_images,test004.png,3,rot45_padded,45.0,1000,1000,154360.0,0.15435999631881714,inpaint,red_gd,wavelet,15.0,fixed5p0,0.8,3.8461538461538467,1.4142135623730951,0.02,G16_fixed,False,16,20,0.0728395294482055,11.376328684606964,0.09595490174146476,15,0.07110029795405222,11.481285793049791,0.09934489459502138,5.0,0;22.5;45;67.5;90;112.5;135;157.5;180;202.5;225;247.5;270;292.5;315;337.5
val_images,test004.png,3,rot45_padded,45.0,1000,1000,154360.0,0.15435999631881714,inpaint,red_gd,wavelet,15.0,fixed5p0,0.8,3.8461538461538467,1.4142135623730951,0.02,G16_fixed,False,16,20,0.0728395294482055,11.376328684606964,0.09595490174146476,16,0.07098484518738662,11.4883436049237,0.09956823993019565,5.0,0;22.5;45;67.5;90;112.5;135;157.5;180;202.5;225;247.5;270;292.5;315;337.5
val_images,test004.png,3,rot45_padded,45.0,1000,1000,154360.0,0.15435999631881714,inpaint,red_gd,wavelet,15.0,fixed5p0,0.8,3.8461538461538467,1.4142135623730951,0.02,G16_fixed,False,16,20,0.0728395294482055,11.376328684606964,0.09595490174146476,17,0.07086946201250324,11.49540864062076,0.09980514300984711,5.0,0;22.5;45;67.5;90;112.5;135;157.5;180;202.5;225;247.5;270;292.5;315;337.5
val_images,test004.png,3,rot45_padded,45.0,1000,1000,154360.0,0.15435999631881714,inpaint,red_gd,wavelet,15.0,fixed5p0,0.8,3.8461538461538467,1.4142135623730951,0.02,G16_fixed,False,16,20,0.0728395294482055,11.376328684606964,0.09595490174146476,18,0.07075413577635074,11.502481693393378,0.10003059507806426,5.0,0;22.5;45;67.5;90;112.5;135;157.5;180;202.5;225;247.5;270;292.5;315;337.5
val_images,test004.png,3,rot45_padded,45.0,1000,1000,154360.0,0.15435999631881714,inpaint,red_gd,wavelet,15.0,fixed5p0,0.8,3.8461538461538467,1.4142135623730951,0.02,G16_fixed,False,16,20,0.0728395294482055,11.376328684606964,0.09595490174146476,19,0.07063890443808306,11.509560449936917,0.10026796632061415,5.0,0;22.5;45;67.5;90;112.5;135;157.5;180;202.5;225;247.5;270;292.5;315;337.5
val_images,test004.png,3,rot45_padded,45.0,1000,1000,154360.0,0.15435999631881714,inpaint,red_gd,wavelet,15.0,fixed5p0,0.8,3.8461538461538467,1.4142135623730951,0.02,G16_fixed,False,16,20,0.0728395294482055,11.376328684606964,0.09595490174146476,20,0.07052369840591799,11.516649204911904,0.10049541124441241,5.0,0;22.5;45;67.5;90;112.5;135;157.5;180;202.5;225;247.5;270;292.5;315;337.5
val_images,test005.png,4,upright,0.0,321,481,154401.0,1.0,inpaint,red_gd,wavelet,15.0,fixed5p0,0.8,3.8461538461538467,1.4142135623730951,0.02,vanilla,True,0,20,0.2809441810610035,5.513799586189751,0.05179644465749898,1,0.2809026141751025,5.514442190877103,0.051803547459213346,5.0,none
val_images,test005.png,4,upright,0.0,321,481,154401.0,1.0,inpaint,red_gd,wavelet,15.0,fixed5p0,0.8,3.8461538461538467,1.4142135623730951,0.02,vanilla,True,0,20,0.2809441810610035,5.513799586189751,0.05179644465749898,2,0.28086117378611536,5.515082934644622,0.05181682331032506,5.0,none
val_images,test005.png,4,upright,0.0,321,481,154401.0,1.0,inpaint,red_gd,wavelet,15.0,fixed5p0,0.8,3.8461538461538467,1.4142135623730951,0.02,vanilla,True,0,20,0.2809441810610035,5.513799586189751,0.05179644465749898,3,0.28081963219959716,5.51572533800379,0.05182440996273502,5.0,none
val_images,test005.png,4,upright,0.0,321,481,154401.0,1.0,inpaint,red_gd,wavelet,15.0,fixed5p0,0.8,3.8461538461538467,1.4142135623730951,0.02,vanilla,True,0,20,0.2809441810610035,5.513799586189751,0.05179644465749898,4,0.28077819181061003,5.516366271124548,0.05183724939949385,5.0,none
val_images,test005.png,4,upright,0.0,321,481,154401.0,1.0,inpaint,red_gd,wavelet,15.0,fixed5p0,0.8,3.8461538461538467,1.4142135623730951,0.02,vanilla,True,0,20,0.2809441810610035,5.513799586189751,0.05179644465749898,5,0.2807366755234746,5.517008472978633,0.05184523767960538,5.0,none
val_images,test005.png,4,upright,0.0,321,481,154401.0,1.0,inpaint,red_gd,wavelet,15.0,fixed5p0,0.8,3.8461538461538467,1.4142135623730951,0.02,vanilla,True,0,20,0.2809441810610035,5.513799586189751,0.05179644465749898,6,0.2806952098351047,5.517649986941402,0.051857703950468265,5.0,none
val_images,test005.png,4,upright,0.0,321,481,154401.0,1.0,inpaint,red_gd,wavelet,15.0,fixed5p0,0.8,3.8461538461538467,1.4142135623730951,0.02,vanilla,True,0,20,0.2809441810610035,5.513799586189751,0.05179644465749898,7,0.28065369354796926,5.518292378663778,0.05186604642193866,5.0,none
val_images,test005.png,4,upright,0.0,321,481,154401.0,1.0,inpaint,red_gd,wavelet,15.0,fixed5p0,0.8,3.8461538461538467,1.4142135623730951,0.02,vanilla,True,0,20,0.2809441810610035,5.513799586189751,0.05179644465749898,8,0.28061225315898214,5.518933690769147,0.05187820277536253,5.0,none
val_images,test005.png,4,upright,0.0,321,481,154401.0,1.0,inpaint,red_gd,wavelet,15.0,fixed5p0,0.8,3.8461538461538467,1.4142135623730951,0.02,vanilla,True,0,20,0.2809441810610035,5.513799586189751,0.05179644465749898,9,0.28057076217122945,5.51957588080592,0.051886845677003385,5.0,none
val_images,test005.png,4,upright,0.0,321,481,154401.0,1.0,inpaint,red_gd,wavelet,15.0,fixed5p0,0.8,3.8461538461538467,1.4142135623730951,0.02,vanilla,True,0,20,0.2809441810610035,5.513799586189751,0.05179644465749898,10,0.2805292711834768,5.520218165817196,0.05189873638690812,5.0,none
val_images,test005.png,4,upright,0.0,321,481,154401.0,1.0,inpaint,red_gd,wavelet,15.0,fixed5p0,0.8,3.8461538461538467,1.4142135623730951,0.02,vanilla,True,0,20,0.2809441810610035,5.513799586189751,0.05179644465749898,11,0.2804877801957241,5.520860545831075,0.051907629119953884,5.0,none
val_images,test005.png,4,upright,0.0,321,481,154401.0,1.0,inpaint,red_gd,wavelet,15.0,fixed5p0,0.8,3.8461538461538467,1.4142135623730951,0.02,vanilla,True,0,20,0.2809441810610035,5.513799586189751,0.05179644465749898,12,0.280446339806737,5.521502237311626,0.051919298460259326,5.0,none
val_images,test005.png,4,upright,0.0,321,481,154401.0,1.0,inpaint,red_gd,wavelet,15.0,fixed5p0,0.8,3.8461538461538467,1.4142135623730951,0.02,vanilla,True,0,20,0.2809441810610035,5.513799586189751,0.05179644465749898,13,0.2804048488189843,5.522144807299103,0.05192841256290438,5.0,none
val_images,test005.png,4,upright,0.0,321,481,154401.0,1.0,inpaint,red_gd,wavelet,15.0,fixed5p0,0.8,3.8461538461538467,1.4142135623730951,0.02,vanilla,True,0,20,0.2809441810610035,5.513799586189751,0.05179644465749898,14,0.28036338313061443,5.522787080475582,0.05193988583299331,5.0,none
val_images,test005.png,4,upright,0.0,321,481,154401.0,1.0,inpaint,red_gd,wavelet,15.0,fixed5p0,0.8,3.8461538461538467,1.4142135623730951,0.02,vanilla,True,0,20,0.2809441810610035,5.513799586189751,0.05179644465749898,15,0.28032191744224455,5.523429448651163,0.0519491833561635,5.0,none
val_images,test005.png,4,upright,0.0,321,481,154401.0,1.0,inpaint,red_gd,wavelet,15.0,fixed5p0,0.8,3.8461538461538467,1.4142135623730951,0.02,vanilla,True,0,20,0.2809441810610035,5.513799586189751,0.05179644465749898,16,0.2802805023526402,5.524071127826291,0.05196049534268722,5.0,none
val_images,test005.png,4,upright,0.0,321,481,154401.0,1.0,inpaint,red_gd,wavelet,15.0,fixed5p0,0.8,3.8461538461538467,1.4142135623730951,0.02,vanilla,True,0,20,0.2809441810610035,5.513799586189751,0.05179644465749898,17,0.2802390366642703,5.524713685968397,0.051969954149422605,5.0,none
val_images,test005.png,4,upright,0.0,321,481,154401.0,1.0,inpaint,red_gd,wavelet,15.0,fixed5p0,0.8,3.8461538461538467,1.4142135623730951,0.02,vanilla,True,0,20,0.2809441810610035,5.513799586189751,0.05179644465749898,18,0.2801975709759004,5.525356339193924,0.051981130151763914,5.0,none
val_images,test005.png,4,upright,0.0,321,481,154401.0,1.0,inpaint,red_gd,wavelet,15.0,fixed5p0,0.8,3.8461538461538467,1.4142135623730951,0.02,vanilla,True,0,20,0.2809441810610035,5.513799586189751,0.05179644465749898,19,0.2801561305869133,5.52599869534318,0.05199072178025887,5.0,none
val_images,test005.png,4,upright,0.0,321,481,154401.0,1.0,inpaint,red_gd,wavelet,15.0,fixed5p0,0.8,3.8461538461538467,1.4142135623730951,0.02,vanilla,True,0,20,0.2809441810610035,5.513799586189751,0.05179644465749898,20,0.2801146395991606,5.526641931007845,0.052001780772954836,5.0,none
val_images,test005.png,4,upright,0.0,321,481,154401.0,1.0,inpaint,red_gd,wavelet,15.0,fixed5p0,0.8,3.8461538461538467,1.4142135623730951,0.02,G16_fixed,True,16,20,0.2809441810610035,5.513799586189751,0.05179644465749898,1,0.28080584403598424,5.515938580587227,0.05183205037633338,5.0,0;22.5;45;67.5;90;112.5;135;157.5;180;202.5;225;247.5;270;292.5;315;337.5
val_images,test005.png,4,upright,0.0,321,481,154401.0,1.0,inpaint,red_gd,wavelet,15.0,fixed5p0,0.8,3.8461538461538467,1.4142135623730951,0.02,G16_fixed,True,16,20,0.2809441810610035,5.513799586189751,0.05179644465749898,2,0.28066765880726163,5.518076280166016,0.051870663559295274,5.0,0;22.5;45;67.5;90;112.5;135;157.5;180;202.5;225;247.5;270;292.5;315;337.5
val_images,test005.png,4,upright,0.0,321,481,154401.0,1.0,inpaint,red_gd,wavelet,15.0,fixed5p0,0.8,3.8461538461538467,1.4142135623730951,0.02,G16_fixed,True,16,20,0.2809441810610035,5.513799586189751,0.05179644465749898,3,0.2805296506742184,5.520212290828721,0.05190651278468889,5.0,0;22.5;45;67.5;90;112.5;135;157.5;180;202.5;225;247.5;270;292.5;315;337.5
val_images,test005.png,4,upright,0.0,321,481,154401.0,1.0,inpaint,red_gd,wavelet,15.0,fixed5p0,0.8,3.8461538461538467,1.4142135623730951,0.02,G16_fixed,True,16,20,0.2809441810610035,5.513799586189751,0.05179644465749898,4,0.2803917184393236,5.5223481769973475,0.051944866648977336,5.0,0;22.5;45;67.5;90;112.5;135;157.5;180;202.5;225;247.5;270;292.5;315;337.5
val_images,test005.png,4,upright,0.0,321,481,154401.0,1.0,inpaint,red_gd,wavelet,15.0,fixed5p0,0.8,3.8461538461538467,1.4142135623730951,0.02,G16_fixed,True,16,20,0.2809441810610035,5.513799586189751,0.05179644465749898,5,0.28025396330010816,5.524482369767134,0.05198091194458747,5.0,0;22.5;45;67.5;90;112.5;135;157.5;180;202.5;225;247.5;270;292.5;315;337.5
val_images,test005.png,4,upright,0.0,321,481,154401.0,1.0,inpaint,red_gd,wavelet,15.0,fixed5p0,0.8,3.8461538461538467,1.4142135623730951,0.02,G16_fixed,True,16,20,0.2809441810610035,5.513799586189751,0.05179644465749898,6,0.28011628405904104,5.526616435098153,0.0520190634138137,5.0,0;22.5;45;67.5;90;112.5;135;157.5;180;202.5;225;247.5;270;292.5;315;337.5
val_images,test005.png,4,upright,0.0,321,481,154401.0,1.0,inpaint,red_gd,wavelet,15.0,fixed5p0,0.8,3.8461538461538467,1.4142135623730951,0.02,G16_fixed,True,16,20,0.2809441810610035,5.513799586189751,0.05179644465749898,7,0.27997875661427063,5.5287491949777126,0.05205526999298903,5.0,0;22.5;45;67.5;90;112.5;135;157.5;180;202.5;225;247.5;270;292.5;315;337.5
val_images,test005.png,4,upright,0.0,321,481,154401.0,1.0,inpaint,red_gd,wavelet,15.0,fixed5p0,0.8,3.8461538461538467,1.4142135623730951,0.02,G16_fixed,True,16,20,0.2809441810610035,5.513799586189751,0.05179644465749898,8,0.2798413303670313,5.530881432224341,0.052093247528958685,5.0,0;22.5;45;67.5;90;112.5;135;157.5;180;202.5;225;247.5;270;292.5;315;337.5
val_images,test005.png,4,upright,0.0,321,481,154401.0,1.0,inpaint,red_gd,wavelet,15.0,fixed5p0,0.8,3.8461538461538467,1.4142135623730951,0.02,G16_fixed,True,16,20,0.2809441810610035,5.513799586189751,0.05179644465749898,9,0.2797040559160886,5.53301235990986,0.05212958692989359,5.0,0;22.5;45;67.5;90;112.5;135;157.5;180;202.5;225;247.5;270;292.5;315;337.5
val_images,test005.png,4,upright,0.0,321,481,154401.0,1.0,inpaint,red_gd,wavelet,15.0,fixed5p0,0.8,3.8461538461538467,1.4142135623730951,0.02,G16_fixed,True,16,20,0.2809441810610035,5.513799586189751,0.05179644465749898,10,0.27956690796205985,5.53514236860618,0.052167409507143735,5.0,0;22.5;45;67.5;90;112.5;135;157.5;180;202.5;225;247.5;270;292.5;315;337.5
val_images,test005.png,4,upright,0.0,321,481,154401.0,1.0,inpaint,red_gd,wavelet,15.0,fixed5p0,0.8,3.8461538461538467,1.4142135623730951,0.02,G16_fixed,True,16,20,0.2809441810610035,5.513799586189751,0.05179644465749898,11,0.27942988650494494,5.537271456447405,0.05220387224256967,5.0,0;22.5;45;67.5;90;112.5;135;157.5;180;202.5;225;247.5;270;292.5;315;337.5
val_images,test005.png,4,upright,0.0,321,481,154401.0,1.0,inpaint,red_gd,wavelet,15.0,fixed5p0,0.8,3.8461538461538467,1.4142135623730951,0.02,G16_fixed,True,16,20,0.2809441810610035,5.513799586189751,0.05179644465749898,12,0.2792929662453611,5.53940001496602,0.052241574647751636,5.0,0;22.5;45;67.5;90;112.5;135;157.5;180;202.5;225;247.5;270;292.5;315;337.5
val_images,test005.png,4,upright,0.0,321,481,154401.0,1.0,inpaint,red_gd,wavelet,15.0,fixed5p0,0.8,3.8461538461538467,1.4142135623730951,0.02,G16_fixed,True,16,20,0.2809441810610035,5.513799586189751,0.05179644465749898,13,0.27915619778207396,5.541527255686132,0.052278125931017286,5.0,0;22.5;45;67.5;90;112.5;135;157.5;180;202.5;225;247.5;270;292.5;315;337.5
val_images,test005.png,4,upright,0.0,321,481,154401.0,1.0,inpaint,red_gd,wavelet,15.0,fixed5p0,0.8,3.8461538461538467,1.4142135623730951,0.02,G16_fixed,True,16,20,0.2809441810610035,5.513799586189751,0.05179644465749898,14,0.27901950521693514,5.543654357515351,0.05231572081382245,5.0,0;22.5;45;67.5;90;112.5;135;157.5;180;202.5;225;247.5;270;292.5;315;337.5
val_images,test005.png,4,upright,0.0,321,481,154401.0,1.0,inpaint,red_gd,wavelet,15.0,fixed5p0,0.8,3.8461538461538467,1.4142135623730951,0.02,G16_fixed,True,16,20,0.2809441810610035,5.513799586189751,0.05179644465749898,15,0.2788829897474757,5.5457797438256495,0.05235235115765928,5.0,0;22.5;45;67.5;90;112.5;135;157.5;180;202.5;225;247.5;270;292.5;315;337.5
val_images,test005.png,4,upright,0.0,321,481,154401.0,1.0,inpaint,red_gd,wavelet,15.0,fixed5p0,0.8,3.8461538461538467,1.4142135623730951,0.02,G16_fixed,True,16,20,0.2809441810610035,5.513799586189751,0.05179644465749898,16,0.27874652487678186,5.547905382442144,0.05238986065504757,5.0,0;22.5;45;67.5;90;112.5;135;157.5;180;202.5;225;247.5;270;292.5;315;337.5
val_images,test005.png,4,upright,0.0,321,481,154401.0,1.0,inpaint,red_gd,wavelet,15.0,fixed5p0,0.8,3.8461538461538467,1.4142135623730951,0.02,G16_fixed,True,16,20,0.2809441810610035,5.513799586189751,0.05179644465749898,17,0.27861023710176747,5.550029301405976,0.05242656373460988,5.0,0;22.5;45;67.5;90;112.5;135;157.5;180;202.5;225;247.5;270;292.5;315;337.5
val_images,test005.png,4,upright,0.0,321,481,154401.0,1.0,inpaint,red_gd,wavelet,15.0,fixed5p0,0.8,3.8461538461538467,1.4142135623730951,0.02,G16_fixed,True,16,20,0.2809441810610035,5.513799586189751,0.05179644465749898,18,0.27847405052428414,5.5521526813541175,0.05246399100900415,5.0,0;22.5;45;67.5;90;112.5;135;157.5;180;202.5;225;247.5;270;292.5;315;337.5
val_images,test005.png,4,upright,0.0,321,481,154401.0,1.0,inpaint,red_gd,wavelet,15.0,fixed5p0,0.8,3.8461538461538467,1.4142135623730951,0.02,G16_fixed,True,16,20,0.2809441810610035,5.513799586189751,0.05179644465749898,19,0.27833796514433196,5.554275520987408,0.05250073836248632,5.0,0;22.5;45;67.5;90;112.5;135;157.5;180;202.5;225;247.5;270;292.5;315;337.5
val_images,test005.png,4,upright,0.0,321,481,154401.0,1.0,inpaint,red_gd,wavelet,15.0,fixed5p0,0.8,3.8461538461538467,1.4142135623730951,0.02,G16_fixed,True,16,20,0.2809441810610035,5.513799586189751,0.05179644465749898,20,0.27820198096191084,5.55639781900537,0.05253810238842365,5.0,0;22.5;45;67.5;90;112.5;135;157.5;180;202.5;225;247.5;270;292.5;315;337.5
val_images,test005.png,4,rot45_padded,45.0,1000,1000,154360.0,0.15435999631881714,inpaint,red_gd,wavelet,15.0,fixed5p0,0.8,3.8461538461538467,1.4142135623730951,0.02,vanilla,False,0,20,0.2814709981941565,5.505663467206643,0.06134399192634102,1,0.28136724317342576,5.507264646023991,0.06136322456433014,5.0,none
val_images,test005.png,4,rot45_padded,45.0,1000,1000,154360.0,0.15435999631881714,inpaint,red_gd,wavelet,15.0,fixed5p0,0.8,3.8461538461538467,1.4142135623730951,0.02,vanilla,False,0,20,0.2814709981941565,5.505663467206643,0.06134399192634102,2,0.28126343754048977,5.508867196884847,0.06140219596236072,5.0,none
val_images,test005.png,4,rot45_padded,45.0,1000,1000,154360.0,0.15435999631881714,inpaint,red_gd,wavelet,15.0,fixed5p0,0.8,3.8461538461538467,1.4142135623730951,0.02,vanilla,False,0,20,0.2814709981941565,5.505663467206643,0.06134399192634102,3,0.2811596319075538,5.510470339306823,0.061422959619558175,5.0,none
val_images,test005.png,4,rot45_padded,45.0,1000,1000,154360.0,0.15435999631881714,inpaint,red_gd,wavelet,15.0,fixed5p0,0.8,3.8461538461538467,1.4142135623730951,0.02,vanilla,False,0,20,0.2814709981941565,5.505663467206643,0.06134399192634102,4,0.2810558515807204,5.5120736826906125,0.06146058979415004,5.0,none
val_images,test005.png,4,rot45_padded,45.0,1000,1000,154360.0,0.15435999631881714,inpaint,red_gd,wavelet,15.0,fixed5p0,0.8,3.8461538461538467,1.4142135623730951,0.02,vanilla,False,0,20,0.2814709981941565,5.505663467206643,0.06134399192634102,5,0.2809520206416818,5.513678400582198,0.0614826820217349,5.0,none
val_images,test005.png,4,rot45_padded,45.0,1000,1000,154360.0,0.15435999631881714,inpaint,red_gd,wavelet,15.0,fixed5p0,0.8,3.8461538461538467,1.4142135623730951,0.02,vanilla,False,0,20,0.2814709981941565,5.505663467206643,0.06134399192634102,6,0.280848265620951,5.515282537660347,0.061519141789080724,5.0,none
val_images,test005.png,4,rot45_padded,45.0,1000,1000,154360.0,0.15435999631881714,inpaint,red_gd,wavelet,15.0,fixed5p0,0.8,3.8461538461538467,1.4142135623730951,0.02,vanilla,False,0,20,0.2814709981941565,5.505663467206643,0.06134399192634102,7,0.28074451060022027,5.516887267471475,0.0615423538117064,5.0,none
val_images,test005.png,4,rot45_padded,45.0,1000,1000,154360.0,0.15435999631881714,inpaint,red_gd,wavelet,15.0,fixed5p0,0.8,3.8461538461538467,1.4142135623730951,0.02,vanilla,False,0,20,0.2814709981941565,5.505663467206643,0.06134399192634102,8,0.28064080619169474,5.518491807224718,0.061577845620627104,5.0,none
val_images,test005.png,4,rot45_padded,45.0,1000,1000,154360.0,0.15435999631881714,inpaint,red_gd,wavelet,15.0,fixed5p0,0.8,3.8461538461538467,1.4142135623730951,0.02,vanilla,False,0,20,0.2814709981941565,5.505663467206643,0.06134399192634102,9,0.28053697525265614,5.52009889880535,0.06160204458125486,5.0,none
val_images,test005.png,4,rot45_padded,45.0,1000,1000,154360.0,0.15435999631881714,inpaint,red_gd,wavelet,15.0,fixed5p0,0.8,3.8461538461538467,1.4142135623730951,0.02,vanilla,False,0,20,0.2814709981941565,5.505663467206643,0.06134399192634102,10,0.2804333973746437,5.521702666261681,0.061636701288789196,5.0,none
val_images,test005.png,4,rot45_padded,45.0,1000,1000,154360.0,0.15435999631881714,inpaint,red_gd,wavelet,15.0,fixed5p0,0.8,3.8461538461538467,1.4142135623730951,0.02,vanilla,False,0,20,0.2814709981941565,5.505663467206643,0.06134399192634102,11,0.28032964235391294,5.523309770521232,0.0616617100447007,5.0,none
val_images,test005.png,4,rot45_padded,45.0,1000,1000,154360.0,0.15435999631881714,inpaint,red_gd,wavelet,15.0,fixed5p0,0.8,3.8461538461538467,1.4142135623730951,0.02,vanilla,False,0,20,0.2814709981941565,5.505663467206643,0.06134399192634102,12,0.28022588733318216,5.524917469708958,0.06169568348746437,5.0,none
val_images,test005.png,4,rot45_padded,45.0,1000,1000,154360.0,0.15435999631881714,inpaint,red_gd,wavelet,15.0,fixed5p0,0.8,3.8461538461538467,1.4142135623730951,0.02,vanilla,False,0,20,0.2814709981941565,5.505663467206643,0.06134399192634102,13,0.28012230945516975,5.526523017889115,0.06172143244687743,5.0,none
val_images,test005.png,4,rot45_padded,45.0,1000,1000,154360.0,0.15435999631881714,inpaint,red_gd,wavelet,15.0,fixed5p0,0.8,3.8461538461538467,1.4142135623730951,0.02,vanilla,False,0,20,0.2814709981941565,5.505663467206643,0.06134399192634102,14,0.28001852912833636,5.528132299722719,0.06175479221665263,5.0,none
val_images,test005.png,4,rot45_padded,45.0,1000,1000,154360.0,0.15435999631881714,inpaint,red_gd,wavelet,15.0,fixed5p0,0.8,3.8461538461538467,1.4142135623730951,0.02,vanilla,False,0,20,0.2814709981941565,5.505663467206643,0.06134399192634102,15,0.2799149259442213,5.529739429686989,0.06178115484905416,5.0,none
val_images,test005.png,4,rot45_padded,45.0,1000,1000,154360.0,0.15435999631881714,inpaint,red_gd,wavelet,15.0,fixed5p0,0.8,3.8461538461538467,1.4142135623730951,0.02,vanilla,False,0,20,0.2814709981941565,5.505663467206643,0.06134399192634102,16,0.279811272147901,5.531347940149364,0.061814040129405286,5.0,none
val_images,test005.png,4,rot45_padded,45.0,1000,1000,154360.0,0.15435999631881714,inpaint,red_gd,wavelet,15.0,fixed5p0,0.8,3.8461538461538467,1.4142135623730951,0.02,vanilla,False,0,20,0.2814709981941565,5.505663467206643,0.06134399192634102,17,0.2797076183515807,5.532957046581679,0.06184092153691047,5.0,none
val_images,test005.png,4,rot45_padded,45.0,1000,1000,154360.0,0.15435999631881714,inpaint,red_gd,wavelet,15.0,fixed5p0,0.8,3.8461538461538467,1.4142135623730951,0.02,vanilla,False,0,20,0.2814709981941565,5.505663467206643,0.06134399192634102,18,0.27960398986136303,5.534566356359042,0.06187340824614537,5.0,none
val_images,test005.png,4,rot45_padded,45.0,1000,1000,154360.0,0.15435999631881714,inpaint,red_gd,wavelet,15.0,fixed5p0,0.8,3.8461538461538467,1.4142135623730951,0.02,vanilla,False,0,20,0.2814709981941565,5.505663467206643,0.06134399192634102,19,0.27950043728945323,5.5361750830618774,0.06190074516349767,5.0,none
val_images,test005.png,4,rot45_padded,45.0,1000,1000,154360.0,0.15435999631881714,inpaint,red_gd,wavelet,15.0,fixed5p0,0.8,3.8461538461538467,1.4142135623730951,0.02,vanilla,False,0,20,0.2814709981941565,5.505663467206643,0.06134399192634102,20,0.27939678349313296,5.537785979327323,0.06193287758729593,5.0,none
val_images,test005.png,4,rot45_padded,45.0,1000,1000,154360.0,0.15435999631881714,inpaint,red_gd,wavelet,15.0,fixed5p0,0.8,3.8461538461538467,1.4142135623730951,0.02,G16_fixed,False,16,20,0.2814709981941565,5.505663467206643,0.06134399192634102,1,0.2813318146297616,5.507811525242009,0.06138224842697266,5.0,0;22.5;45;67.5;90;112.5;135;157.5;180;202.5;225;247.5;270;292.5;315;337.5
val_images,test005.png,4,rot45_padded,45.0,1000,1000,154360.0,0.15435999631881714,inpaint,red_gd,wavelet,15.0,fixed5p0,0.8,3.8461538461538467,1.4142135623730951,0.02,G16_fixed,False,16,20,0.2814709981941565,5.505663467206643,0.06134399192634102,2,0.28119306126911114,5.509954001874774,0.061428691451800986,5.0,0;22.5;45;67.5;90;112.5;135;157.5;180;202.5;225;247.5;270;292.5;315;337.5
val_images,test005.png,4,rot45_padded,45.0,1000,1000,154360.0,0.15435999631881714,inpaint,red_gd,wavelet,15.0,fixed5p0,0.8,3.8461538461538467,1.4142135623730951,0.02,G16_fixed,False,16,20,0.2814709981941565,5.505663467206643,0.06134399192634102,3,0.2810542826023581,5.512097927001596,0.06146751733974151,5.0,0;22.5;45;67.5;90;112.5;135;157.5;180;202.5;225;247.5;270;292.5;315;337.5
val_images,test005.png,4,rot45_padded,45.0,1000,1000,154360.0,0.15435999631881714,inpaint,red_gd,wavelet,15.0,fixed5p0,0.8,3.8461538461538467,1.4142135623730951,0.02,G16_fixed,False,16,20,0.2814709981941565,5.505663467206643,0.06134399192634102,4,0.2809156810783234,5.514240172394851,0.06151332138547875,5.0,0;22.5;45;67.5;90;112.5;135;157.5;180;202.5;225;247.5;270;292.5;315;337.5
val_images,test005.png,4,rot45_padded,45.0,1000,1000,154360.0,0.15435999631881714,inpaint,red_gd,wavelet,15.0,fixed5p0,0.8,3.8461538461538467,1.4142135623730951,0.02,G16_fixed,False,16,20,0.2814709981941565,5.505663467206643,0.06134399192634102,5,0.2807773832275201,5.516378777924933,0.06155262808936901,5.0,0;22.5;45;67.5;90;112.5;135;157.5;180;202.5;225;247.5;270;292.5;315;337.5
val_images,test005.png,4,rot45_padded,45.0,1000,1000,154360.0,0.15435999631881714,inpaint,red_gd,wavelet,15.0,fixed5p0,0.8,3.8461538461538467,1.4142135623730951,0.02,G16_fixed,False,16,20,0.2814709981941565,5.505663467206643,0.06134399192634102,6,0.2806392625194351,5.518515695774538,0.06159783111516909,5.0,0;22.5;45;67.5;90;112.5;135;157.5;180;202.5;225;247.5;270;292.5;315;337.5
val_images,test005.png,4,rot45_padded,45.0,1000,1000,154360.0,0.15435999631881714,inpaint,red_gd,wavelet,15.0,fixed5p0,0.8,3.8461538461538467,1.4142135623730951,0.02,G16_fixed,False,16,20,0.2814709981941565,5.505663467206643,0.06134399192634102,7,0.28050131895406843,5.520650922932848,0.06163757434932949,5.0,0;22.5;45;67.5;90;112.5;135;157.5;180;202.5;225;247.5;270;292.5;315;337.5
val_images,test005.png,4,rot45_padded,45.0,1000,1000,154360.0,0.15435999631881714,inpaint,red_gd,wavelet,15.0,fixed5p0,0.8,3.8461538461538467,1.4142135623730951,0.02,G16_fixed,False,16,20,0.2814709981941565,5.505663467206643,0.06134399192634102,8,0.2803635778375227,5.522784064386053,0.06168227125307722,5.0,0;22.5;45;67.5;90;112.5;135;157.5;180;202.5;225;247.5;270;292.5;315;337.5
val_images,test005.png,4,rot45_padded,45.0,1000,1000,154360.0,0.15435999631881714,inpaint,red_gd,wavelet,15.0,fixed5p0,0.8,3.8461538461538467,1.4142135623730951,0.02,G16_fixed,False,16,20,0.2814709981941565,5.505663467206643,0.06134399192634102,9,0.2802259126392848,5.524917077514635,0.061722349793097306,5.0,0;22.5;45;67.5;90;112.5;135;157.5;180;202.5;225;247.5;270;292.5;315;337.5
val_images,test005.png,4,rot45_padded,45.0,1000,1000,154360.0,0.15435999631881714,inpaint,red_gd,wavelet,15.0,fixed5p0,0.8,3.8461538461538467,1.4142135623730951,0.02,G16_fixed,False,16,20,0.2814709981941565,5.505663467206643,0.06134399192634102,10,0.28008857642038093,5.527046037746591,0.06176661649310054,5.0,0;22.5;45;67.5;90;112.5;135;157.5;180;202.5;225;247.5;270;292.5;315;337.5
val_images,test005.png,4,rot45_padded,45.0,1000,1000,154360.0,0.15435999631881714,inpaint,red_gd,wavelet,15.0,fixed5p0,0.8,3.8461538461538467,1.4142135623730951,0.02,G16_fixed,False,16,20,0.2814709981941565,5.505663467206643,0.06134399192634102,11,0.27995124020147705,5.529176042130592,0.061806986053300726,5.0,0;22.5;45;67.5;90;112.5;135;157.5;180;202.5;225;247.5;270;292.5;315;337.5
val_images,test005.png,4,rot45_padded,45.0,1000,1000,154360.0,0.15435999631881714,inpaint,red_gd,wavelet,15.0,fixed5p0,0.8,3.8461538461538467,1.4142135623730951,0.02,G16_fixed,False,16,20,0.2814709981941565,5.505663467206643,0.06134399192634102,12,0.2798142329619072,5.531301985661116,0.06185090479439298,5.0,0;22.5;45;67.5;90;112.5;135;157.5;180;202.5;225;247.5;270;292.5;315;337.5
val_images,test005.png,4,rot45_padded,45.0,1000,1000,154360.0,0.15435999631881714,inpaint,red_gd,wavelet,15.0,fixed5p0,0.8,3.8461538461538467,1.4142135623730951,0.02,G16_fixed,False,16,20,0.2814709981941565,5.505663467206643,0.06134399192634102,13,0.27967735225285045,5.53342700556774,0.06189148312993975,5.0,0;22.5;45;67.5;90;112.5;135;157.5;180;202.5;225;247.5;270;292.5;315;337.5
val_images,test005.png,4,rot45_padded,45.0,1000,1000,154360.0,0.15435999631881714,inpaint,red_gd,wavelet,15.0,fixed5p0,0.8,3.8461538461538467,1.4142135623730951,0.02,G16_fixed,False,16,20,0.2814709981941565,5.505663467206643,0.06134399192634102,14,0.27954052215599895,5.535552279452077,0.06193509187127494,5.0,0;22.5;45;67.5;90;112.5;135;157.5;180;202.5;225;247.5;270;292.5;315;337.5
val_images,test005.png,4,rot45_padded,45.0,1000,1000,154360.0,0.15435999631881714,inpaint,red_gd,wavelet,15.0,fixed5p0,0.8,3.8461538461538467,1.4142135623730951,0.02,G16_fixed,False,16,20,0.2814709981941565,5.505663467206643,0.06134399192634102,15,0.2794040210384815,5.537673480348006,0.06197587898216831,5.0,0;22.5;45;67.5;90;112.5;135;157.5;180;202.5;225;247.5;270;292.5;315;337.5
val_images,test005.png,4,rot45_padded,45.0,1000,1000,154360.0,0.15435999631881714,inpaint,red_gd,wavelet,15.0,fixed5p0,0.8,3.8461538461538467,1.4142135623730951,0.02,G16_fixed,False,16,20,0.2814709981941565,5.505663467206643,0.06134399192634102,16,0.2792676970636823,5.5397929630160245,0.062019209356374706,5.0,0;22.5;45;67.5;90;112.5;135;157.5;180;202.5;225;247.5;270;292.5;315;337.5
val_images,test005.png,4,rot45_padded,45.0,1000,1000,154360.0,0.15435999631881714,inpaint,red_gd,wavelet,15.0,fixed5p0,0.8,3.8461538461538467,1.4142135623730951,0.02,G16_fixed,False,16,20,0.2814709981941565,5.505663467206643,0.06134399192634102,17,0.27913134778278054,5.541913874290159,0.06206016728346074,5.0,0;22.5;45;67.5;90;112.5;135;157.5;180;202.5;225;247.5;270;292.5;315;337.5
val_images,test005.png,4,rot45_padded,45.0,1000,1000,154360.0,0.15435999631881714,inpaint,red_gd,wavelet,15.0,fixed5p0,0.8,3.8461538461538467,1.4142135623730951,0.02,G16_fixed,False,16,20,0.2814709981941565,5.505663467206643,0.06134399192634102,18,0.2789952768690075,5.544031488665099,0.06210328255579489,5.0,0;22.5;45;67.5;90;112.5;135;157.5;180;202.5;225;247.5;270;292.5;315;337.5
val_images,test005.png,4,rot45_padded,45.0,1000,1000,154360.0,0.15435999631881714,inpaint,red_gd,wavelet,15.0,fixed5p0,0.8,3.8461538461538467,1.4142135623730951,0.02,G16_fixed,False,16,20,0.2814709981941565,5.505663467206643,0.06134399192634102,19,0.27885930717964497,5.546148559624237,0.062144354360342706,5.0,0;22.5;45;67.5;90;112.5;135;157.5;180;202.5;225;247.5;270;292.5;315;337.5
val_images,test005.png,4,rot45_padded,45.0,1000,1000,154360.0,0.15435999631881714,inpaint,red_gd,wavelet,15.0,fixed5p0,0.8,3.8461538461538467,1.4142135623730951,0.02,G16_fixed,False,16,20,0.2814709981941565,5.505663467206643,0.06134399192634102,20,0.27872356524520603,5.548263114327037,0.06218725453080461,5.0,0;22.5;45;67.5;90;112.5;135;157.5;180;202.5;225;247.5;270;292.5;315;337.5
val_images,test006.png,5,upright,0.0,321,481,154401.0,1.0,inpaint,red_gd,wavelet,15.0,fixed5p0,0.8,3.8461538461538467,1.4142135623730951,0.02,vanilla,True,0,20,0.2497476386568092,6.024986093008419,0.03623561021706466,1,0.24970604647152544,6.025709413594036,0.036245884928894564,5.0,none
val_images,test006.png,5,upright,0.0,321,481,154401.0,1.0,inpaint,red_gd,wavelet,15.0,fixed5p0,0.8,3.8461538461538467,1.4142135623730951,0.02,vanilla,True,0,20,0.2497476386568092,6.024986093008419,0.03623561021706466,2,0.24966458078315554,6.026430654239997,0.03625821837799788,5.0,none
val_images,test006.png,5,upright,0.0,321,481,154401.0,1.0,inpaint,red_gd,wavelet,15.0,fixed5p0,0.8,3.8461538461538467,1.4142135623730951,0.02,vanilla,True,0,20,0.2497476386568092,6.024986093008419,0.03623561021706466,3,0.24962298859787177,6.027154215478391,0.03626865753581583,5.0,none
val_images,test006.png,5,upright,0.0,321,481,154401.0,1.0,inpaint,red_gd,wavelet,15.0,fixed5p0,0.8,3.8461538461538467,1.4142135623730951,0.02,vanilla,True,0,20,0.2497476386568092,6.024986093008419,0.03623561021706466,4,0.2495814976101191,6.027876136357271,0.03628084867589102,5.0,none
val_images,test006.png,5,upright,0.0,321,481,154401.0,1.0,inpaint,red_gd,wavelet,15.0,fixed5p0,0.8,3.8461538461538467,1.4142135623730951,0.02,vanilla,True,0,20,0.2497476386568092,6.024986093008419,0.03623561021706466,5,0.24953995602360088,6.02859905787085,0.03629142698031425,5.0,none
val_images,test006.png,5,upright,0.0,321,481,154401.0,1.0,inpaint,red_gd,wavelet,15.0,fixed5p0,0.8,3.8461538461538467,1.4142135623730951,0.02,vanilla,True,0,20,0.2497476386568092,6.024986093008419,0.03623561021706466,6,0.24949846503584822,6.029321218983535,0.0363035011107441,5.0,none
val_images,test006.png,5,upright,0.0,321,481,154401.0,1.0,inpaint,red_gd,wavelet,15.0,fixed5p0,0.8,3.8461538461538467,1.4142135623730951,0.02,vanilla,True,0,20,0.2497476386568092,6.024986093008419,0.03623561021706466,7,0.24945692344933,6.030044381103933,0.03631420274965836,5.0,none
val_images,test006.png,5,upright,0.0,321,481,154401.0,1.0,inpaint,red_gd,wavelet,15.0,fixed5p0,0.8,3.8461538461538467,1.4142135623730951,0.02,vanilla,True,0,20,0.2497476386568092,6.024986093008419,0.03623561021706466,8,0.2494154577609601,6.0307663420850215,0.0363261820074028,5.0,none
val_images,test006.png,5,upright,0.0,321,481,154401.0,1.0,inpaint,red_gd,wavelet,15.0,fixed5p0,0.8,3.8461538461538467,1.4142135623730951,0.02,vanilla,True,0,20,0.2497476386568092,6.024986093008419,0.03623561021706466,9,0.24937391617444188,6.031489744899067,0.0363369943311167,5.0,none
val_images,test006.png,5,upright,0.0,321,481,154401.0,1.0,inpaint,red_gd,wavelet,15.0,fixed5p0,0.8,3.8461538461538467,1.4142135623730951,0.02,vanilla,True,0,20,0.2497476386568092,6.024986093008419,0.03623561021706466,10,0.24933250108483754,6.03221106487016,0.03634889136586712,5.0,none
val_images,test006.png,5,upright,0.0,321,481,154401.0,1.0,inpaint,red_gd,wavelet,15.0,fixed5p0,0.8,3.8461538461538467,1.4142135623730951,0.02,vanilla,True,0,20,0.2497476386568092,6.024986093008419,0.03623561021706466,11,0.2492909594983193,6.0329347083912666,0.03635979539984359,5.0,none
val_images,test006.png,5,upright,0.0,321,481,154401.0,1.0,inpaint,red_gd,wavelet,15.0,fixed5p0,0.8,3.8461538461538467,1.4142135623730951,0.02,vanilla,True,0,20,0.2497476386568092,6.024986093008419,0.03623561021706466,12,0.24924949380994943,6.0336571500534975,0.03637163234855992,5.0,none
val_images,test006.png,5,upright,0.0,321,481,154401.0,1.0,inpaint,red_gd,wavelet,15.0,fixed5p0,0.8,3.8461538461538467,1.4142135623730951,0.02,vanilla,True,0,20,0.2497476386568092,6.024986093008419,0.03623561021706466,13,0.2492079522234312,6.034381034588866,0.03638260911826186,5.0,none
val_images,test006.png,5,upright,0.0,321,481,154401.0,1.0,inpaint,red_gd,wavelet,15.0,fixed5p0,0.8,3.8461538461538467,1.4142135623730951,0.02,vanilla,True,0,20,0.2497476386568092,6.024986093008419,0.03623561021706466,14,0.2491664865350613,6.03510371690515,0.03639438914336695,5.0,none
val_images,test006.png,5,upright,0.0,321,481,154401.0,1.0,inpaint,red_gd,wavelet,15.0,fixed5p0,0.8,3.8461538461538467,1.4142135623730951,0.02,vanilla,True,0,20,0.2497476386568092,6.024986093008419,0.03623561021706466,15,0.24912499554730863,6.035826960537412,0.03640543864879437,5.0,none
val_images,test006.png,5,upright,0.0,321,481,154401.0,1.0,inpaint,red_gd,wavelet,15.0,fixed5p0,0.8,3.8461538461538467,1.4142135623730951,0.02,vanilla,True,0,20,0.2497476386568092,6.024986093008419,0.03623561021706466,16,0.2490835551583215,6.036549442408951,0.03641717123755675,5.0,none
val_images,test006.png,5,upright,0.0,321,481,154401.0,1.0,inpaint,red_gd,wavelet,15.0,fixed5p0,0.8,3.8461538461538467,1.4142135623730951,0.02,vanilla,True,0,20,0.2497476386568092,6.024986093008419,0.03623561021706466,17,0.24904203887118606,6.037273368048184,0.03642827766659543,5.0,none
val_images,test006.png,5,upright,0.0,321,481,154401.0,1.0,inpaint,red_gd,wavelet,15.0,fixed5p0,0.8,3.8461538461538467,1.4142135623730951,0.02,vanilla,True,0,20,0.2497476386568092,6.024986093008419,0.03623561021706466,18,0.24900059848219894,6.037996090600703,0.03643997230628364,5.0,none
val_images,test006.png,5,upright,0.0,321,481,154401.0,1.0,inpaint,red_gd,wavelet,15.0,fixed5p0,0.8,3.8461538461538467,1.4142135623730951,0.02,vanilla,True,0,20,0.2497476386568092,6.024986093008419,0.03623561021706466,19,0.24895910749444627,6.038719816109218,0.036451135658933556,5.0,none
val_images,test006.png,5,upright,0.0,321,481,154401.0,1.0,inpaint,red_gd,wavelet,15.0,fixed5p0,0.8,3.8461538461538467,1.4142135623730951,0.02,vanilla,True,0,20,0.2497476386568092,6.024986093008419,0.03623561021706466,20,0.2489176418060764,6.039443220835961,0.03646279234954761,5.0,none
val_images,test006.png,5,upright,0.0,321,481,154401.0,1.0,inpaint,red_gd,wavelet,15.0,fixed5p0,0.8,3.8461538461538467,1.4142135623730951,0.02,G16_fixed,True,16,20,0.2497476386568092,6.024986093008419,0.03623561021706466,1,0.24961140148056035,6.027355813012953,0.03627461554045958,5.0,0;22.5;45;67.5;90;112.5;135;157.5;180;202.5;225;247.5;270;292.5;315;337.5
val_images,test006.png,5,upright,0.0,321,481,154401.0,1.0,inpaint,red_gd,wavelet,15.0,fixed5p0,0.8,3.8461538461538467,1.4142135623730951,0.02,G16_fixed,True,16,20,0.2497476386568092,6.024986093008419,0.03623561021706466,2,0.24947529080122538,6.029724624658021,0.03630947176507924,5.0,0;22.5;45;67.5;90;112.5;135;157.5;180;202.5;225;247.5;270;292.5;315;337.5
val_images,test006.png,5,upright,0.0,321,481,154401.0,1.0,inpaint,red_gd,wavelet,15.0,fixed5p0,0.8,3.8461538461538467,1.4142135623730951,0.02,G16_fixed,True,16,20,0.2497476386568092,6.024986093008419,0.03623561021706466,3,0.2493393066188043,6.032092525750736,0.036348192470417935,5.0,0;22.5;45;67.5;90;112.5;135;157.5;180;202.5;225;247.5;270;292.5;315;337.5
val_images,test006.png,5,upright,0.0,321,481,154401.0,1.0,inpaint,red_gd,wavelet,15.0,fixed5p0,0.8,3.8461538461538467,1.4142135623730951,0.02,G16_fixed,True,16,20,0.2497476386568092,6.024986093008419,0.03623561021706466,4,0.24920355013082818,6.034457750495996,0.0363833111761339,5.0,0;22.5;45;67.5;90;112.5;135;157.5;180;202.5;225;247.5;270;292.5;315;337.5
val_images,test006.png,5,upright,0.0,321,481,154401.0,1.0,inpaint,red_gd,wavelet,15.0,fixed5p0,0.8,3.8461538461538467,1.4142135623730951,0.02,G16_fixed,True,16,20,0.2497476386568092,6.024986093008419,0.03623561021706466,5,0.24906779364285206,6.036824264075642,0.03642178521249053,5.0,0;22.5;45;67.5;90;112.5;135;157.5;180;202.5;225;247.5;270;292.5;315;337.5
val_images,test006.png,5,upright,0.0,321,481,154401.0,1.0,inpaint,red_gd,wavelet,15.0,fixed5p0,0.8,3.8461538461538467,1.4142135623730951,0.02,G16_fixed,True,16,20,0.2497476386568092,6.024986093008419,0.03623561021706466,6,0.24893218895117258,6.039189419611005,0.036457147424765704,5.0,0;22.5;45;67.5;90;112.5;135;157.5;180;202.5;225;247.5;270;292.5;315;337.5
val_images,test006.png,5,upright,0.0,321,481,154401.0,1.0,inpaint,red_gd,wavelet,15.0,fixed5p0,0.8,3.8461538461538467,1.4142135623730951,0.02,G16_fixed,True,16,20,0.2497476386568092,6.024986093008419,0.03623561021706466,7,0.24879671075640702,6.041553655800326,0.03649541590363728,5.0,0;22.5;45;67.5;90;112.5;135;157.5;180;202.5;225;247.5;270;292.5;315;337.5
val_images,test006.png,5,upright,0.0,321,481,154401.0,1.0,inpaint,red_gd,wavelet,15.0,fixed5p0,0.8,3.8461538461538467,1.4142135623730951,0.02,G16_fixed,True,16,20,0.2497476386568092,6.024986093008419,0.03623561021706466,8,0.24866146025608643,6.043915202995004,0.036530974186128974,5.0,0;22.5;45;67.5;90;112.5;135;157.5;180;202.5;225;247.5;270;292.5;315;337.5
val_images,test006.png,5,upright,0.0,321,481,154401.0,1.0,inpaint,red_gd,wavelet,15.0,fixed5p0,0.8,3.8461538461538467,1.4142135623730951,0.02,G16_fixed,True,16,20,0.2497476386568092,6.024986093008419,0.03623561021706466,9,0.24852626035453138,6.046277150815211,0.03656906240689827,5.0,0;22.5;45;67.5;90;112.5;135;157.5;180;202.5;225;247.5;270;292.5;315;337.5
val_images,test006.png,5,upright,0.0,321,481,154401.0,1.0,inpaint,red_gd,wavelet,15.0,fixed5p0,0.8,3.8461538461538467,1.4142135623730951,0.02,G16_fixed,True,16,20,0.2497476386568092,6.024986093008419,0.03623561021706466,10,0.24839113635112467,6.048639056873951,0.036604810434760784,5.0,0;22.5;45;67.5;90;112.5;135;157.5;180;202.5;225;247.5;270;292.5;315;337.5
val_images,test006.png,5,upright,0.0,321,481,154401.0,1.0,inpaint,red_gd,wavelet,15.0,fixed5p0,0.8,3.8461538461538467,1.4142135623730951,0.02,G16_fixed,True,16,20,0.2497476386568092,6.024986093008419,0.03623561021706466,11,0.2482561894433974,6.050999150073865,0.03664274369681058,5.0,0;22.5;45;67.5;90;112.5;135;157.5;180;202.5;225;247.5;270;292.5;315;337.5
val_images,test006.png,5,upright,0.0,321,481,154401.0,1.0,inpaint,red_gd,wavelet,15.0,fixed5p0,0.8,3.8461538461538467,1.4142135623730951,0.02,G16_fixed,True,16,20,0.2497476386568092,6.024986093008419,0.03623561021706466,12,0.248121369032584,6.053358312405209,0.03667864984581544,5.0,0;22.5;45;67.5;90;112.5;135;157.5;180;202.5;225;247.5;270;292.5;315;337.5
val_images,test006.png,5,upright,0.0,321,481,154401.0,1.0,inpaint,red_gd,wavelet,15.0,fixed5p0,0.8,3.8461538461538467,1.4142135623730951,0.02,G16_fixed,True,16,20,0.2497476386568092,6.024986093008419,0.03623561021706466,13,0.24798664981930169,6.055716984716467,0.03671645028610566,5.0,0;22.5;45;67.5;90;112.5;135;157.5;180;202.5;225;247.5;270;292.5;315;337.5
val_images,test006.png,5,upright,0.0,321,481,154401.0,1.0,inpaint,red_gd,wavelet,15.0,fixed5p0,0.8,3.8461538461538467,1.4142135623730951,0.02,G16_fixed,True,16,20,0.2497476386568092,6.024986093008419,0.03623561021706466,14,0.24785208240231604,6.05807427890419,0.03675249558171579,5.0,0;22.5;45;67.5;90;112.5;135;157.5;180;202.5;225;247.5;270;292.5;315;337.5
val_images,test006.png,5,upright,0.0,321,481,154401.0,1.0,inpaint,red_gd,wavelet,15.0,fixed5p0,0.8,3.8461538461538467,1.4142135623730951,0.02,G16_fixed,True,16,20,0.2497476386568092,6.024986093008419,0.03623561021706466,15,0.24771756558409597,6.0604319662059964,0.036790188499629214,5.0,0;22.5;45;67.5;90;112.5;135;157.5;180;202.5;225;247.5;270;292.5;315;337.5
val_images,test006.png,5,upright,0.0,321,481,154401.0,1.0,inpaint,red_gd,wavelet,15.0,fixed5p0,0.8,3.8461538461538467,1.4142135623730951,0.02,G16_fixed,True,16,20,0.2497476386568092,6.024986093008419,0.03623561021706466,16,0.2475832258615553,6.062787827639619,0.03682636345457607,5.0,0;22.5;45;67.5;90;112.5;135;157.5;180;202.5;225;247.5;270;292.5;315;337.5
val_images,test006.png,5,upright,0.0,321,481,154401.0,1.0,inpaint,red_gd,wavelet,15.0,fixed5p0,0.8,3.8461538461538467,1.4142135623730951,0.02,G16_fixed,True,16,20,0.2497476386568092,6.024986093008419,0.03623561021706466,17,0.24744901263592853,6.0651427475896105,0.036863967824649777,5.0,0;22.5;45;67.5;90;112.5;135;157.5;180;202.5;225;247.5;270;292.5;315;337.5
val_images,test006.png,5,upright,0.0,321,481,154401.0,1.0,inpaint,red_gd,wavelet,15.0,fixed5p0,0.8,3.8461538461538467,1.4142135623730951,0.02,G16_fixed,True,16,20,0.2497476386568092,6.024986093008419,0.03623561021706466,18,0.24731482470968452,6.067498500897993,0.036900256626819124,5.0,0;22.5;45;67.5;90;112.5;135;157.5;180;202.5;225;247.5;270;292.5;315;337.5
val_images,test006.png,5,upright,0.0,321,481,154401.0,1.0,inpaint,red_gd,wavelet,15.0,fixed5p0,0.8,3.8461538461538467,1.4142135623730951,0.02,G16_fixed,True,16,20,0.2497476386568092,6.024986093008419,0.03623561021706466,19,0.2471807885797372,6.069852865688013,0.036937781936321655,5.0,0;22.5;45;67.5;90;112.5;135;157.5;180;202.5;225;247.5;270;292.5;315;337.5
val_images,test006.png,5,upright,0.0,321,481,154401.0,1.0,inpaint,red_gd,wavelet,15.0,fixed5p0,0.8,3.8461538461538467,1.4142135623730951,0.02,G16_fixed,True,16,20,0.2497476386568092,6.024986093008419,0.03623561021706466,20,0.24704692954546925,6.0722053942583445,0.03697417509844496,5.0,0;22.5;45;67.5;90;112.5;135;157.5;180;202.5;225;247.5;270;292.5;315;337.5
val_images,test006.png,5,rot45_padded,45.0,1000,1000,154360.0,0.15435999631881714,inpaint,red_gd,wavelet,15.0,fixed5p0,0.8,3.8461538461538467,1.4142135623730951,0.02,vanilla,False,0,20,0.2486030525233221,6.044935430881965,0.04646019501894921,1,0.24849919627818087,6.046750115685384,0.04648558969292563,5.0,none
val_images,test006.png,5,rot45_padded,45.0,1000,1000,154360.0,0.15435999631881714,inpaint,red_gd,wavelet,15.0,fixed5p0,0.8,3.8461538461538467,1.4142135623730951,0.02,vanilla,False,0,20,0.2486030525233221,6.044935430881965,0.04646019501894921,2,0.2483955930940658,6.048561134548256,0.04652384935682009,5.0,none
val_images,test006.png,5,rot45_padded,45.0,1000,1000,154360.0,0.15435999631881714,inpaint,red_gd,wavelet,15.0,fixed5p0,0.8,3.8461538461538467,1.4142135623730951,0.02,vanilla,False,0,20,0.2486030525233221,6.044935430881965,0.04646019501894921,3,0.24829171154282198,6.050377777925826,0.04655025311163838,5.0,none
val_images,test006.png,5,rot45_padded,45.0,1000,1000,154360.0,0.15435999631881714,inpaint,red_gd,wavelet,15.0,fixed5p0,0.8,3.8461538461538467,1.4142135623730951,0.02,vanilla,False,0,20,0.2486030525233221,6.044935430881965,0.04646019501894921,4,0.24818813366480955,6.052189867659371,0.04658766185783234,5.0,none
val_images,test006.png,5,rot45_padded,45.0,1000,1000,154360.0,0.15435999631881714,inpaint,red_gd,wavelet,15.0,fixed5p0,0.8,3.8461538461538467,1.4142135623730951,0.02,vanilla,False,0,20,0.2486030525233221,6.044935430881965,0.04646019501894921,5,0.24808437864407878,6.05400581484613,0.046614932346665264,5.0,none
val_images,test006.png,5,rot45_padded,45.0,1000,1000,154360.0,0.15435999631881714,inpaint,red_gd,wavelet,15.0,fixed5p0,0.8,3.8461538461538467,1.4142135623730951,0.02,vanilla,False,0,20,0.2486030525233221,6.044935430881965,0.04646019501894921,6,0.24798080076606635,6.05581941932348,0.046651610379146155,5.0,none
val_images,test006.png,5,rot45_padded,45.0,1000,1000,154360.0,0.15435999631881714,inpaint,red_gd,wavelet,15.0,fixed5p0,0.8,3.8461538461538467,1.4142135623730951,0.02,vanilla,False,0,20,0.2486030525233221,6.044935430881965,0.04646019501894921,7,0.24787699513313036,6.057637771867536,0.04667963372453194,5.0,none
val_images,test006.png,5,rot45_padded,45.0,1000,1000,154360.0,0.15435999631881714,inpaint,red_gd,wavelet,15.0,fixed5p0,0.8,3.8461538461538467,1.4142135623730951,0.02,vanilla,False,0,20,0.2486030525233221,6.044935430881965,0.04646019501894921,8,0.24777346786732313,6.059452006868882,0.04671568543097305,5.0,none
val_images,test006.png,5,rot45_padded,45.0,1000,1000,154360.0,0.15435999631881714,inpaint,red_gd,wavelet,15.0,fixed5p0,0.8,3.8461538461538467,1.4142135623730951,0.02,vanilla,False,0,20,0.2486030525233221,6.044935430881965,0.04646019501894921,9,0.2476698646832081,6.061268331314827,0.046744357245238406,5.0,none
val_images,test006.png,5,rot45_padded,45.0,1000,1000,154360.0,0.15435999631881714,inpaint,red_gd,wavelet,15.0,fixed5p0,0.8,3.8461538461538467,1.4142135623730951,0.02,vanilla,False,0,20,0.2486030525233221,6.044935430881965,0.04646019501894921,10,0.24756631211129826,6.0630845278420615,0.046779899666364345,5.0,none
val_images,test006.png,5,rot45_padded,45.0,1000,1000,154360.0,0.15435999631881714,inpaint,red_gd,wavelet,15.0,fixed5p0,0.8,3.8461538461538467,1.4142135623730951,0.02,vanilla,False,0,20,0.2486030525233221,6.044935430881965,0.04646019501894921,11,0.24746273423328582,6.064901928330242,0.046809137704675756,5.0,none
val_images,test006.png,5,rot45_padded,45.0,1000,1000,154360.0,0.15435999631881714,inpaint,red_gd,wavelet,15.0,fixed5p0,0.8,3.8461538461538467,1.4142135623730951,0.02,vanilla,False,0,20,0.2486030525233221,6.044935430881965,0.04646019501894921,12,0.247359181661376,6.066719645362541,0.046844234105743066,5.0,none
val_images,test006.png,5,rot45_padded,45.0,1000,1000,154360.0,0.15435999631881714,inpaint,red_gd,wavelet,15.0,fixed5p0,0.8,3.8461538461538467,1.4142135623730951,0.02,vanilla,False,0,20,0.2486030525233221,6.044935430881965,0.04646019501894921,13,0.24725557847726096,6.068539012492394,0.04687395928652986,5.0,none
val_images,test006.png,5,rot45_padded,45.0,1000,1000,154360.0,0.15435999631881714,inpaint,red_gd,wavelet,15.0,fixed5p0,0.8,3.8461538461538467,1.4142135623730951,0.02,vanilla,False,0,20,0.2486030525233221,6.044935430881965,0.04646019501894921,14,0.24715207651755636,6.070357363408623,0.046908698238897706,5.0,none
val_images,test006.png,5,rot45_padded,45.0,1000,1000,154360.0,0.15435999631881714,inpaint,red_gd,wavelet,15.0,fixed5p0,0.8,3.8461538461538467,1.4142135623730951,0.02,vanilla,False,0,20,0.2486030525233221,6.044935430881965,0.04646019501894921,15,0.2470484480273387,6.072178700290877,0.04693883148058921,5.0,none
val_images,test006.png,5,rot45_padded,45.0,1000,1000,154360.0,0.15435999631881714,inpaint,red_gd,wavelet,15.0,fixed5p0,0.8,3.8461538461538467,1.4142135623730951,0.02,vanilla,False,0,20,0.2486030525233221,6.044935430881965,0.04646019501894921,16,0.2469449460676341,6.0739985760690125,0.046973288902565434,5.0,none
val_images,test006.png,5,rot45_padded,45.0,1000,1000,154360.0,0.15435999631881714,inpaint,red_gd,wavelet,15.0,fixed5p0,0.8,3.8461538461538467,1.4142135623730951,0.02,vanilla,False,0,20,0.2486030525233221,6.044935430881965,0.04646019501894921,17,0.2468413934957243,6.075820105245634,0.047003773266430744,5.0,none
val_images,test006.png,5,rot45_padded,45.0,1000,1000,154360.0,0.15435999631881714,inpaint,red_gd,wavelet,15.0,fixed5p0,0.8,3.8461538461538467,1.4142135623730951,0.02,vanilla,False,0,20,0.2486030525233221,6.044935430881965,0.04646019501894921,18,0.2467378915360197,6.077641507885004,0.047037977627380795,5.0,none
val_images,test006.png,5,rot45_padded,45.0,1000,1000,154360.0,0.15435999631881714,inpaint,red_gd,wavelet,15.0,fixed5p0,0.8,3.8461538461538467,1.4142135623730951,0.02,vanilla,False,0,20,0.2486030525233221,6.044935430881965,0.04646019501894921,19,0.24663444018852035,6.0794627835072435,0.047068790970580136,5.0,none
val_images,test006.png,5,rot45_padded,45.0,1000,1000,154360.0,0.15435999631881714,inpaint,red_gd,wavelet,15.0,fixed5p0,0.8,3.8461538461538467,1.4142135623730951,0.02,vanilla,False,0,20,0.2486030525233221,6.044935430881965,0.04646019501894921,20,0.24653096353491838,6.081285269025706,0.04710277706639512,5.0,none
val_images,test006.png,5,rot45_padded,45.0,1000,1000,154360.0,0.15435999631881714,inpaint,red_gd,wavelet,15.0,fixed5p0,0.8,3.8461538461538467,1.4142135623730951,0.02,G16_fixed,False,16,20,0.2486030525233221,6.044935430881965,0.04646019501894921,1,0.24846794324144855,6.04729634984592,0.046502007026998575,5.0,0;22.5;45;67.5;90;112.5;135;157.5;180;202.5;225;247.5;270;292.5;315;337.5
val_images,test006.png,5,rot45_padded,45.0,1000,1000,154360.0,0.15435999631881714,inpaint,red_gd,wavelet,15.0,fixed5p0,0.8,3.8461538461538467,1.4142135623730951,0.02,G16_fixed,False,16,20,0.2486030525233221,6.044935430881965,0.04646019501894921,2,0.24833306171449857,6.04965456988654,0.04654821913364052,5.0,0;22.5;45;67.5;90;112.5;135;157.5;180;202.5;225;247.5;270;292.5;315;337.5
val_images,test006.png,5,rot45_padded,45.0,1000,1000,154360.0,0.15435999631881714,inpaint,red_gd,wavelet,15.0,fixed5p0,0.8,3.8461538461538467,1.4142135623730951,0.02,G16_fixed,False,16,20,0.2486030525233221,6.044935430881965,0.04646019501894921,3,0.2481983573302669,6.052010971513964,0.04659037277407521,5.0,0;22.5;45;67.5;90;112.5;135;157.5;180;202.5;225;247.5;270;292.5;315;337.5
val_images,test006.png,5,rot45_padded,45.0,1000,1000,154360.0,0.15435999631881714,inpaint,red_gd,wavelet,15.0,fixed5p0,0.8,3.8461538461538467,1.4142135623730951,0.02,G16_fixed,False,16,20,0.2486030525233221,6.044935430881965,0.04646019501894921,4,0.2480638807009588,6.054364664985167,0.046636217942229205,5.0,0;22.5;45;67.5;90;112.5;135;157.5;180;202.5;225;247.5;270;292.5;315;337.5
val_images,test006.png,5,rot45_padded,45.0,1000,1000,154360.0,0.15435999631881714,inpaint,red_gd,wavelet,15.0,fixed5p0,0.8,3.8461538461538467,1.4142135623730951,0.02,G16_fixed,False,16,20,0.2486030525233221,6.044935430881965,0.04646019501894921,5,0.24792950529606114,6.056717861617459,0.04667863729674138,5.0,0;22.5;45;67.5;90;112.5;135;157.5;180;202.5;225;247.5;270;292.5;315;337.5
val_images,test006.png,5,rot45_padded,45.0,1000,1000,154360.0,0.15435999631881714,inpaint,red_gd,wavelet,15.0,fixed5p0,0.8,3.8461538461538467,1.4142135623730951,0.02,G16_fixed,False,16,20,0.2486030525233221,6.044935430881965,0.04646019501894921,6,0.2477952817277792,6.059069672864208,0.04672417246513831,5.0,0;22.5;45;67.5;90;112.5;135;157.5;180;202.5;225;247.5;270;292.5;315;337.5
val_images,test006.png,5,rot45_padded,45.0,1000,1000,154360.0,0.15435999631881714,inpaint,red_gd,wavelet,15.0,fixed5p0,0.8,3.8461538461538467,1.4142135623730951,0.02,G16_fixed,False,16,20,0.2486030525233221,6.044935430881965,0.04646019501894921,7,0.24766128591442083,6.061418764492378,0.046766851207202316,5.0,0;22.5;45;67.5;90;112.5;135;157.5;180;202.5;225;247.5;270;292.5;315;337.5
val_images,test006.png,5,rot45_padded,45.0,1000,1000,154360.0,0.15435999631881714,inpaint,red_gd,wavelet,15.0,fixed5p0,0.8,3.8461538461538467,1.4142135623730951,0.02,G16_fixed,False,16,20,0.2486030525233221,6.044935430881965,0.04646019501894921,8,0.24752744193767814,6.063766463407214,0.046812111171733284,5.0,0;22.5;45;67.5;90;112.5;135;157.5;180;202.5;225;247.5;270;292.5;315;337.5
val_images,test006.png,5,rot45_padded,45.0,1000,1000,154360.0,0.15435999631881714,inpaint,red_gd,wavelet,15.0,fixed5p0,0.8,3.8461538461538467,1.4142135623730951,0.02,G16_fixed,False,16,20,0.2486030525233221,6.044935430881965,0.04646019501894921,9,0.24739372449144856,6.066113210904951,0.0468549891993554,5.0,0;22.5;45;67.5;90;112.5;135;157.5;180;202.5;225;247.5;270;292.5;315;337.5
val_images,test006.png,5,rot45_padded,45.0,1000,1000,154360.0,0.15435999631881714,inpaint,red_gd,wavelet,15.0,fixed5p0,0.8,3.8461538461538467,1.4142135623730951,0.02,G16_fixed,False,16,20,0.2486030525233221,6.044935430881965,0.04646019501894921,10,0.2472601841879373,6.068458115789678,0.04690002457222564,5.0,0;22.5;45;67.5;90;112.5;135;157.5;180;202.5;225;247.5;270;292.5;315;337.5
val_images,test006.png,5,rot45_padded,45.0,1000,1000,154360.0,0.15435999631881714,inpaint,red_gd,wavelet,15.0,fixed5p0,0.8,3.8461538461538467,1.4142135623730951,0.02,G16_fixed,False,16,20,0.2486030525233221,6.044935430881965,0.04646019501894921,11,0.24712682102714434,6.070801174390144,0.04694307974256608,5.0,0;22.5;45;67.5;90;112.5;135;157.5;180;202.5;225;247.5;270;292.5;315;337.5
val_images,test006.png,5,rot45_padded,45.0,1000,1000,154360.0,0.15435999631881714,inpaint,red_gd,wavelet,15.0,fixed5p0,0.8,3.8461538461538467,1.4142135623730951,0.02,G16_fixed,False,16,20,0.2486030525233221,6.044935430881965,0.04646019501894921,12,0.24699353378465924,6.073144162885141,0.046987937972718,5.0,0;22.5;45;67.5;90;112.5;135;157.5;180;202.5;225;247.5;270;292.5;315;337.5
val_images,test006.png,5,rot45_padded,45.0,1000,1000,154360.0,0.15435999631881714,inpaint,red_gd,wavelet,15.0,fixed5p0,0.8,3.8461538461538467,1.4142135623730951,0.02,G16_fixed,False,16,20,0.2486030525233221,6.044935430881965,0.04646019501894921,13,0.2468603730726872,6.075486190072301,0.04703112600009718,5.0,0;22.5;45;67.5;90;112.5;135;157.5;180;202.5;225;247.5;270;292.5;315;337.5
val_images,test006.png,5,rot45_padded,45.0,1000,1000,154360.0,0.15435999631881714,inpaint,red_gd,wavelet,15.0,fixed5p0,0.8,3.8461538461538467,1.4142135623730951,0.02,G16_fixed,False,16,20,0.2486030525233221,6.044935430881965,0.04646019501894921,14,0.24672751603394663,6.0778241356124525,0.047075845046684696,5.0,0;22.5;45;67.5;90;112.5;135;157.5;180;202.5;225;247.5;270;292.5;315;337.5
val_images,test006.png,5,rot45_padded,45.0,1000,1000,154360.0,0.15435999631881714,inpaint,red_gd,wavelet,15.0,fixed5p0,0.8,3.8461538461538467,1.4142135623730951,0.02,G16_fixed,False,16,20,0.2486030525233221,6.044935430881965,0.04646019501894921,15,0.24659470960741126,6.080162449055516,0.04711915011478848,5.0,0;22.5;45;67.5;90;112.5;135;157.5;180;202.5;225;247.5;270;292.5;315;337.5
val_images,test006.png,5,rot45_padded,45.0,1000,1000,154360.0,0.15435999631881714,inpaint,red_gd,wavelet,15.0,fixed5p0,0.8,3.8461538461538467,1.4142135623730951,0.02,G16_fixed,False,16,20,0.2486030525233221,6.044935430881965,0.04646019501894921,16,0.2464620803235942,6.082498900704336,0.0471637521206514,5.0,0;22.5;45;67.5;90;112.5;135;157.5;180;202.5;225;247.5;270;292.5;315;337.5
val_images,test006.png,5,rot45_padded,45.0,1000,1000,154360.0,0.15435999631881714,inpaint,red_gd,wavelet,15.0,fixed5p0,0.8,3.8461538461538467,1.4142135623730951,0.02,G16_fixed,False,16,20,0.2486030525233221,6.044935430881965,0.04646019501894921,17,0.246329526958085,6.0848352715246214,0.047207164739691304,5.0,0;22.5;45;67.5;90;112.5;135;157.5;180;202.5;225;247.5;270;292.5;315;337.5
val_images,test006.png,5,rot45_padded,45.0,1000,1000,154360.0,0.15435999631881714,inpaint,red_gd,wavelet,15.0,fixed5p0,0.8,3.8461538461538467,1.4142135623730951,0.02,G16_fixed,False,16,20,0.2486030525233221,6.044935430881965,0.04646019501894921,18,0.24619717604139674,6.087169328696589,0.047251656031355276,5.0,0;22.5;45;67.5;90;112.5;135;157.5;180;202.5;225;247.5;270;292.5;315;337.5
val_images,test006.png,5,rot45_padded,45.0,1000,1000,154360.0,0.15435999631881714,inpaint,red_gd,wavelet,15.0,fixed5p0,0.8,3.8461538461538467,1.4142135623730951,0.02,G16_fixed,False,16,20,0.2486030525233221,6.044935430881965,0.04646019501894921,19,0.24606492634911895,6.089502854381079,0.04729516987480565,5.0,0;22.5;45;67.5;90;112.5;135;157.5;180;202.5;225;247.5;270;292.5;315;337.5
val_images,test006.png,5,rot45_padded,45.0,1000,1000,154360.0,0.15435999631881714,inpaint,red_gd,wavelet,15.0,fixed5p0,0.8,3.8461538461538467,1.4142135623730951,0.02,G16_fixed,False,16,20,0.2486030525233221,6.044935430881965,0.04646019501894921,20,0.24593277788125162,6.091835847046428,0.04733958208489894,5.0,0;22.5;45;67.5;90;112.5;135;157.5;180;202.5;225;247.5;270;292.5;315;337.5
val_images,test007.png,6,upright,0.0,321,481,154401.0,1.0,inpaint,red_gd,wavelet,15.0,fixed5p0,0.8,3.8461538461538467,1.4142135623730951,0.02,vanilla,True,0,20,0.06195452000796627,12.079270033652627,0.1499739315159876,1,0.06191803197315756,12.081828558907464,0.15008533734804178,5.0,none
val_images,test007.png,6,upright,0.0,321,481,154401.0,1.0,inpaint,red_gd,wavelet,15.0,fixed5p0,0.8,3.8461538461538467,1.4142135623730951,0.02,vanilla,True,0,20,0.06195452000796627,12.079270033652627,0.1499739315159876,2,0.06188166411041703,12.084380158476902,0.15020416854894075,5.0,none
val_images,test007.png,6,upright,0.0,321,481,154401.0,1.0,inpaint,red_gd,wavelet,15.0,fixed5p0,0.8,3.8461538461538467,1.4142135623730951,0.02,vanilla,True,0,20,0.06195452000796627,12.079270033652627,0.1499739315159876,3,0.06184522667437387,12.086938143691814,0.15031634601216962,5.0,none
val_images,test007.png,6,upright,0.0,321,481,154401.0,1.0,inpaint,red_gd,wavelet,15.0,fixed5p0,0.8,3.8461538461538467,1.4142135623730951,0.02,vanilla,True,0,20,0.06195452000796627,12.079270033652627,0.1499739315159876,4,0.06180887146132473,12.089491859113888,0.15043477242294415,5.0,none
val_images,test007.png,6,upright,0.0,321,481,154401.0,1.0,inpaint,red_gd,wavelet,15.0,fixed5p0,0.8,3.8461538461538467,1.4142135623730951,0.02,vanilla,True,0,20,0.06195452000796627,12.079270033652627,0.1499739315159876,5,0.06177245299981866,12.0920515237555,0.15054764561919937,5.0,none
val_images,test007.png,6,upright,0.0,321,481,154401.0,1.0,inpaint,red_gd,wavelet,15.0,fixed5p0,0.8,3.8461538461538467,1.4142135623730951,0.02,vanilla,True,0,20,0.06195452000796627,12.079270033652627,0.1499739315159876,6,0.061736129410997986,12.094606023910007,0.15066576843738058,5.0,none
val_images,test007.png,6,upright,0.0,321,481,154401.0,1.0,inpaint,red_gd,wavelet,15.0,fixed5p0,0.8,3.8461538461538467,1.4142135623730951,0.02,vanilla,True,0,20,0.06195452000796627,12.079270033652627,0.1499739315159876,7,0.06169973624887468,12.097166924643783,0.15077922351943965,5.0,none
val_images,test007.png,6,upright,0.0,321,481,154401.0,1.0,inpaint,red_gd,wavelet,15.0,fixed5p0,0.8,3.8461538461538467,1.4142135623730951,0.02,vanilla,True,0,20,0.06195452000796627,12.079270033652627,0.1499739315159876,8,0.061663425309745404,12.099723545397133,0.15089718189163281,5.0,none
val_images,test007.png,6,upright,0.0,321,481,154401.0,1.0,inpaint,red_gd,wavelet,15.0,fixed5p0,0.8,3.8461538461538467,1.4142135623730951,0.02,vanilla,True,0,20,0.06195452000796627,12.079270033652627,0.1499739315159876,9,0.06162707009669627,12.102284792121177,0.15101118091042157,5.0,none
val_images,test007.png,6,upright,0.0,321,481,154401.0,1.0,inpaint,red_gd,wavelet,15.0,fixed5p0,0.8,3.8461538461538467,1.4142135623730951,0.02,vanilla,True,0,20,0.06195452000796627,12.079270033652627,0.1499739315159876,10,0.06159076548241268,12.104843982360663,0.1511289748366267,5.0,none
val_images,test007.png,6,upright,0.0,321,481,154401.0,1.0,inpaint,red_gd,wavelet,15.0,fixed5p0,0.8,3.8461538461538467,1.4142135623730951,0.02,vanilla,True,0,20,0.06195452000796627,12.079270033652627,0.1499739315159876,11,0.06155443556874632,12.107406466542976,0.15124346719337958,5.0,none
val_images,test007.png,6,upright,0.0,321,481,154401.0,1.0,inpaint,red_gd,wavelet,15.0,fixed5p0,0.8,3.8461538461538467,1.4142135623730951,0.02,vanilla,True,0,20,0.06195452000796627,12.079270033652627,0.1499739315159876,12,0.061518156253845505,12.109966891490835,0.15136114727236222,5.0,none
val_images,test007.png,6,upright,0.0,321,481,154401.0,1.0,inpaint,red_gd,wavelet,15.0,fixed5p0,0.8,3.8461538461538467,1.4142135623730951,0.02,vanilla,True,0,20,0.06195452000796627,12.079270033652627,0.1499739315159876,13,0.061481845314716226,12.11253106071906,0.1514760570689309,5.0,none
val_images,test007.png,6,upright,0.0,321,481,154401.0,1.0,inpaint,red_gd,wavelet,15.0,fixed5p0,0.8,3.8461538461538467,1.4142135623730951,0.02,vanilla,True,0,20,0.06195452000796627,12.079270033652627,0.1499739315159876,14,0.0614455849743525,12.115093168484854,0.15159374979760493,5.0,none
val_images,test007.png,6,upright,0.0,321,481,154401.0,1.0,inpaint,red_gd,wavelet,15.0,fixed5p0,0.8,3.8461538461538467,1.4142135623730951,0.02,vanilla,True,0,20,0.06195452000796627,12.079270033652627,0.1499739315159876,15,0.061409299334605996,12.117658577855611,0.15170905173460664,5.0,none
val_images,test007.png,6,upright,0.0,321,481,154401.0,1.0,inpaint,red_gd,wavelet,15.0,fixed5p0,0.8,3.8461538461538467,1.4142135623730951,0.02,vanilla,True,0,20,0.06195452000796627,12.079270033652627,0.1499739315159876,16,0.06137305796877935,12.120222370569467,0.1518267318135893,5.0,none
val_images,test007.png,6,upright,0.0,321,481,154401.0,1.0,inpaint,red_gd,wavelet,15.0,fixed5p0,0.8,3.8461538461538467,1.4142135623730951,0.02,vanilla,True,0,20,0.06195452000796627,12.079270033652627,0.1499739315159876,17,0.06133679762841562,12.122789021163848,0.15194240059164124,5.0,none
val_images,test007.png,6,upright,0.0,321,481,154401.0,1.0,inpaint,red_gd,wavelet,15.0,fixed5p0,0.8,3.8461538461538467,1.4142135623730951,0.02,vanilla,True,0,20,0.06195452000796627,12.079270033652627,0.1499739315159876,18,0.06130057523712606,12.125354500959817,0.15206010597000666,5.0,none
val_images,test007.png,6,upright,0.0,321,481,154401.0,1.0,inpaint,red_gd,wavelet,15.0,fixed5p0,0.8,3.8461538461538467,1.4142135623730951,0.02,vanilla,True,0,20,0.06195452000796627,12.079270033652627,0.1499739315159876,19,0.0612643401961451,12.127922393860068,0.1521761415891089,5.0,none
val_images,test007.png,6,upright,0.0,321,481,154401.0,1.0,inpaint,red_gd,wavelet,15.0,fixed5p0,0.8,3.8461538461538467,1.4142135623730951,0.02,vanilla,True,0,20,0.06195452000796627,12.079270033652627,0.1499739315159876,20,0.06122813045454693,12.13049001150085,0.15229393551531403,5.0,none
val_images,test007.png,6,upright,0.0,321,481,154401.0,1.0,inpaint,red_gd,wavelet,15.0,fixed5p0,0.8,3.8461538461538467,1.4142135623730951,0.02,G16_fixed,True,16,20,0.06195452000796627,12.079270033652627,0.1499739315159876,1,0.06184653591743253,12.086846205954984,0.15034149359864898,5.0,0;22.5;45;67.5;90;112.5;135;157.5;180;202.5;225;247.5;270;292.5;315;337.5
val_images,test007.png,6,upright,0.0,321,481,154401.0,1.0,inpaint,red_gd,wavelet,15.0,fixed5p0,0.8,3.8461538461538467,1.4142135623730951,0.02,G16_fixed,True,16,20,0.06195452000796627,12.079270033652627,0.1499739315159876,2,0.06173860242566434,12.094432058499038,0.15069459708405386,5.0,0;22.5;45;67.5;90;112.5;135;157.5;180;202.5;225;247.5;270;292.5;315;337.5
val_images,test007.png,6,upright,0.0,321,481,154401.0,1.0,inpaint,red_gd,wavelet,15.0,fixed5p0,0.8,3.8461538461538467,1.4142135623730951,0.02,G16_fixed,True,16,20,0.06195452000796627,12.079270033652627,0.1499739315159876,3,0.061630814405347116,12.102020933530275,0.15106362653091626,5.0,0;22.5;45;67.5;90;112.5;135;157.5;180;202.5;225;247.5;270;292.5;315;337.5
val_images,test007.png,6,upright,0.0,321,481,154401.0,1.0,inpaint,red_gd,wavelet,15.0,fixed5p0,0.8,3.8461538461538467,1.4142135623730951,0.02,G16_fixed,True,16,20,0.06195452000796627,12.079270033652627,0.1499739315159876,4,0.06152306433410405,12.10962041375533,0.15141879191601737,5.0,0;22.5;45;67.5;90;112.5;135;157.5;180;202.5;225;247.5;270;292.5;315;337.5
val_images,test007.png,6,upright,0.0,321,481,154401.0,1.0,inpaint,red_gd,wavelet,15.0,fixed5p0,0.8,3.8461538461538467,1.4142135623730951,0.02,G16_fixed,True,16,20,0.06195452000796627,12.079270033652627,0.1499739315159876,5,0.06141545973431196,12.117222928297466,0.15178920017924108,5.0,0;22.5;45;67.5;90;112.5;135;157.5;180;202.5;225;247.5;270;292.5;315;337.5
val_images,test007.png,6,upright,0.0,321,481,154401.0,1.0,inpaint,red_gd,wavelet,15.0,fixed5p0,0.8,3.8461538461538467,1.4142135623730951,0.02,G16_fixed,True,16,20,0.06195452000796627,12.079270033652627,0.1499739315159876,6,0.0613079120581311,12.124834742344195,0.15214655396095234,5.0,0;22.5;45;67.5;90;112.5;135;157.5;180;202.5;225;247.5;270;292.5;315;337.5
val_images,test007.png,6,upright,0.0,321,481,154401.0,1.0,inpaint,red_gd,wavelet,15.0,fixed5p0,0.8,3.8461538461538467,1.4142135623730951,0.02,G16_fixed,True,16,20,0.06195452000796627,12.079270033652627,0.1499739315159876,7,0.06120047190432704,12.132452290855651,0.15251832839084592,5.0,0;22.5;45;67.5;90;112.5;135;157.5;180;202.5;225;247.5;270;292.5;315;337.5
val_images,test007.png,6,upright,0.0,321,481,154401.0,1.0,inpaint,red_gd,wavelet,15.0,fixed5p0,0.8,3.8461538461538467,1.4142135623730951,0.02,G16_fixed,True,16,20,0.06195452000796627,12.079270033652627,0.1499739315159876,8,0.06109310132382562,12.140078278285921,0.15287792116793286,5.0,0;22.5;45;67.5;90;112.5;135;157.5;180;202.5;225;247.5;270;292.5;315;337.5
val_images,test007.png,6,upright,0.0,321,481,154401.0,1.0,inpaint,red_gd,wavelet,15.0,fixed5p0,0.8,3.8461538461538467,1.4142135623730951,0.02,G16_fixed,True,16,20,0.06195452000796627,12.079270033652627,0.1499739315159876,9,0.06098586356508377,12.147708221559892,0.15325104911480494,5.0,0;22.5;45;67.5;90;112.5;135;157.5;180;202.5;225;247.5;270;292.5;315;337.5
val_images,test007.png,6,upright,0.0,321,481,154401.0,1.0,inpaint,red_gd,wavelet,15.0,fixed5p0,0.8,3.8461538461538467,1.4142135623730951,0.02,G16_fixed,True,16,20,0.06195452000796627,12.079270033652627,0.1499739315159876,10,0.06087866375541609,12.15534888596519,0.1536129567854159,5.0,0;22.5;45;67.5;90;112.5;135;157.5;180;202.5;225;247.5;270;292.5;315;337.5
val_images,test007.png,6,upright,0.0,321,481,154401.0,1.0,inpaint,red_gd,wavelet,15.0,fixed5p0,0.8,3.8461538461538467,1.4142135623730951,0.02,G16_fixed,True,16,20,0.06195452000796627,12.079270033652627,0.1499739315159876,11,0.06077159044266229,12.162993976590425,0.15398750149772347,5.0,0;22.5;45;67.5;90;112.5;135;157.5;180;202.5;225;247.5;270;292.5;315;337.5
val_images,test007.png,6,upright,0.0,321,481,154401.0,1.0,inpaint,red_gd,wavelet,15.0,fixed5p0,0.8,3.8461538461538467,1.4142135623730951,0.02,G16_fixed,True,16,20,0.06195452000796627,12.079270033652627,0.1499739315159876,12,0.060664580378365425,12.17064802103984,0.15435169876247562,5.0,0;22.5;45;67.5;90;112.5;135;157.5;180;202.5;225;247.5;270;292.5;315;337.5
val_images,test007.png,6,upright,0.0,321,481,154401.0,1.0,inpaint,red_gd,wavelet,15.0,fixed5p0,0.8,3.8461538461538467,1.4142135623730951,0.02,G16_fixed,True,16,20,0.06195452000796627,12.079270033652627,0.1499739315159876,13,0.06055768416129105,12.178307414208474,0.15472762229114448,5.0,0;22.5;45;67.5;90;112.5;135;157.5;180;202.5;225;247.5;270;292.5;315;337.5
val_images,test007.png,6,upright,0.0,321,481,154401.0,1.0,inpaint,red_gd,wavelet,15.0,fixed5p0,0.8,3.8461538461538467,1.4142135623730951,0.02,G16_fixed,True,16,20,0.06195452000796627,12.079270033652627,0.1499739315159876,14,0.060450857517519316,12.185975341334768,0.15509418504818623,5.0,0;22.5;45;67.5;90;112.5;135;157.5;180;202.5;225;247.5;270;292.5;315;337.5
val_images,test007.png,6,upright,0.0,321,481,154401.0,1.0,inpaint,red_gd,wavelet,15.0,fixed5p0,0.8,3.8461538461538467,1.4142135623730951,0.02,G16_fixed,True,16,20,0.06195452000796627,12.079270033652627,0.1499739315159876,15,0.060344119421587294,12.193650458183443,0.1554715506416733,5.0,0;22.5;45;67.5;90;112.5;135;157.5;180;202.5;225;247.5;270;292.5;315;337.5
val_images,test007.png,6,upright,0.0,321,481,154401.0,1.0,inpaint,red_gd,wavelet,15.0,fixed5p0,0.8,3.8461538461538467,1.4142135623730951,0.02,G16_fixed,True,16,20,0.06195452000796627,12.079270033652627,0.1499739315159876,16,0.0602374635486493,12.201333234942256,0.1558404662413132,5.0,0;22.5;45;67.5;90;112.5;135;157.5;180;202.5;225;247.5;270;292.5;315;337.5
val_images,test007.png,6,upright,0.0,321,481,154401.0,1.0,inpaint,red_gd,wavelet,15.0,fixed5p0,0.8,3.8461538461538467,1.4142135623730951,0.02,G16_fixed,True,16,20,0.06195452000796627,12.079270033652627,0.1499739315159876,17,0.06013090254839671,12.209022774642193,0.1562192991990013,5.0,0;22.5;45;67.5;90;112.5;135;157.5;180;202.5;225;247.5;270;292.5;315;337.5
val_images,test007.png,6,upright,0.0,321,481,154401.0,1.0,inpaint,red_gd,wavelet,15.0,fixed5p0,0.8,3.8461538461538467,1.4142135623730951,0.02,G16_fixed,True,16,20,0.06195452000796627,12.079270033652627,0.1499739315159876,18,0.06002442377113814,12.21672000437386,0.15659058029093076,5.0,0;22.5;45;67.5;90;112.5;135;157.5;180;202.5;225;247.5;270;292.5;315;337.5
val_images,test007.png,6,upright,0.0,321,481,154401.0,1.0,inpaint,red_gd,wavelet,15.0,fixed5p0,0.8,3.8461538461538467,1.4142135623730951,0.02,G16_fixed,True,16,20,0.06195452000796627,12.079270033652627,0.1499739315159876,19,0.059918027216873594,12.224424940891316,0.15697096916065958,5.0,0;22.5;45;67.5;90;112.5;135;157.5;180;202.5;225;247.5;270;292.5;315;337.5
val_images,test007.png,6,upright,0.0,321,481,154401.0,1.0,inpaint,red_gd,wavelet,15.0,fixed5p0,0.8,3.8461538461538467,1.4142135623730951,0.02,G16_fixed,True,16,20,0.06195452000796627,12.079270033652627,0.1499739315159876,20,0.05981171288560307,12.232137601006233,0.15734460309518722,5.0,0;22.5;45;67.5;90;112.5;135;157.5;180;202.5;225;247.5;270;292.5;315;337.5
val_images,test007.png,6,rot45_padded,45.0,1000,1000,154360.0,0.15435999631881714,inpaint,red_gd,wavelet,15.0,fixed5p0,0.8,3.8461538461538467,1.4142135623730951,0.02,vanilla,False,0,20,0.06208865562848212,12.069877435918123,0.15870011154930033,1,0.061994921824387796,12.076438833077177,0.15897941500388701,5.0,none
val_images,test007.png,6,rot45_padded,45.0,1000,1000,154360.0,0.15435999631881714,inpaint,red_gd,wavelet,15.0,fixed5p0,0.8,3.8461538461538467,1.4142135623730951,0.02,vanilla,False,0,20,0.06208865562848212,12.069877435918123,0.15870011154930033,2,0.06190127659165263,12.083003944210216,0.1593163784132871,5.0,none
val_images,test007.png,6,rot45_padded,45.0,1000,1000,154360.0,0.15435999631881714,inpaint,red_gd,wavelet,15.0,fixed5p0,0.8,3.8461538461538467,1.4142135623730951,0.02,vanilla,False,0,20,0.06208865562848212,12.069877435918123,0.15870011154930033,3,0.061807644011968775,12.089578105596422,0.15960146431232183,5.0,none
val_images,test007.png,6,rot45_padded,45.0,1000,1000,154360.0,0.15435999631881714,inpaint,red_gd,wavelet,15.0,fixed5p0,0.8,3.8461538461538467,1.4142135623730951,0.02,vanilla,False,0,20,0.06208865562848212,12.069877435918123,0.15870011154930033,4,0.06171411265669539,12.096155110383108,0.15993536568330527,5.0,none
val_images,test007.png,6,rot45_padded,45.0,1000,1000,154360.0,0.15435999631881714,inpaint,red_gd,wavelet,15.0,fixed5p0,0.8,3.8461538461538467,1.4142135623730951,0.02,vanilla,False,0,20,0.06208865562848212,12.069877435918123,0.15870011154930033,5,0.061620606607524615,12.102740307025591,0.16022539892540166,5.0,none
val_images,test007.png,6,rot45_padded,45.0,1000,1000,154360.0,0.15435999631881714,inpaint,red_gd,wavelet,15.0,fixed5p0,0.8,3.8461538461538467,1.4142135623730951,0.02,vanilla,False,0,20,0.06208865562848212,12.069877435918123,0.15870011154930033,6,0.0615271764766617,12.109330145193404,0.16055693417579037,5.0,none
val_images,test007.png,6,rot45_padded,45.0,1000,1000,154360.0,0.15435999631881714,inpaint,red_gd,wavelet,15.0,fixed5p0,0.8,3.8461538461538467,1.4142135623730951,0.02,vanilla,False,0,20,0.06208865562848212,12.069877435918123,0.15870011154930033,7,0.06143381593758098,12.115925078097838,0.16085137067974217,5.0,none
val_images,test007.png,6,rot45_padded,45.0,1000,1000,154360.0,0.15435999631881714,inpaint,red_gd,wavelet,15.0,fixed5p0,0.8,3.8461538461538467,1.4142135623730951,0.02,vanilla,False,0,20,0.06208865562848212,12.069877435918123,0.15870011154930033,8,0.06134049335765419,12.122527353368204,0.16118112184989636,5.0,none
val_images,test007.png,6,rot45_padded,45.0,1000,1000,154360.0,0.15435999631881714,inpaint,red_gd,wavelet,15.0,fixed5p0,0.8,3.8461538461538467,1.4142135623730951,0.02,vanilla,False,0,20,0.06208865562848212,12.069877435918123,0.15870011154930033,9,0.06124725934908655,12.129133400442198,0.1614794301875486,5.0,none
val_images,test007.png,6,rot45_padded,45.0,1000,1000,154360.0,0.15435999631881714,inpaint,red_gd,wavelet,15.0,fixed5p0,0.8,3.8461538461538467,1.4142135623730951,0.02,vanilla,False,0,20,0.06208865562848212,12.069877435918123,0.15870011154930033,10,0.061154056973147186,12.135747264836784,0.16180801727698238,5.0,none
val_images,test007.png,6,rot45_padded,45.0,1000,1000,154360.0,0.15435999631881714,inpaint,red_gd,wavelet,15.0,fixed5p0,0.8,3.8461538461538467,1.4142135623730951,0.02,vanilla,False,0,20,0.06208865562848212,12.069877435918123,0.15870011154930033,11,0.06106093051551568,12.142365817164503,0.1621097798976419,5.0,none
val_images,test007.png,6,rot45_padded,45.0,1000,1000,154360.0,0.15435999631881714,inpaint,red_gd,wavelet,15.0,fixed5p0,0.8,3.8461538461538467,1.4142135623730951,0.02,vanilla,False,0,20,0.06208865562848212,12.069877435918123,0.15870011154930033,12,0.060967848343563745,12.148991316798384,0.1624375318856893,5.0,none
val_images,test007.png,6,rot45_padded,45.0,1000,1000,154360.0,0.15435999631881714,inpaint,red_gd,wavelet,15.0,fixed5p0,0.8,3.8461538461538467,1.4142135623730951,0.02,vanilla,False,0,20,0.06208865562848212,12.069877435918123,0.15870011154930033,13,0.06087480413076574,12.155624231500315,0.16274240715697072,5.0,none
val_images,test007.png,6,rot45_padded,45.0,1000,1000,154360.0,0.15435999631881714,inpaint,red_gd,wavelet,15.0,fixed5p0,0.8,3.8461538461538467,1.4142135623730951,0.02,vanilla,False,0,20,0.06208865562848212,12.069877435918123,0.15870011154930033,14,0.060781861142378206,12.162260059426517,0.1630698048595815,5.0,none
val_images,test007.png,6,rot45_padded,45.0,1000,1000,154360.0,0.15435999631881714,inpaint,red_gd,wavelet,15.0,fixed5p0,0.8,3.8461538461538467,1.4142135623730951,0.02,vanilla,False,0,20,0.06208865562848212,12.069877435918123,0.15870011154930033,15,0.060688937133567634,12.168904683930162,0.16337747645520212,5.0,none
val_images,test007.png,6,rot45_padded,45.0,1000,1000,154360.0,0.15435999631881714,inpaint,red_gd,wavelet,15.0,fixed5p0,0.8,3.8461538461538467,1.4142135623730951,0.02,vanilla,False,0,20,0.06208865562848212,12.069877435918123,0.15870011154930033,16,0.06059608271653926,12.175554502492147,0.1637047476272998,5.0,none
val_images,test007.png,6,rot45_padded,45.0,1000,1000,154360.0,0.15435999631881714,inpaint,red_gd,wavelet,15.0,fixed5p0,0.8,3.8461538461538467,1.4142135623730951,0.02,vanilla,False,0,20,0.06208865562848212,12.069877435918123,0.15870011154930033,17,0.06050327891171612,12.18221088575997,0.16401507636369525,5.0,none
val_images,test007.png,6,rot45_padded,45.0,1000,1000,154360.0,0.15435999631881714,inpaint,red_gd,wavelet,15.0,fixed5p0,0.8,3.8461538461538467,1.4142135623730951,0.02,vanilla,False,0,20,0.06208865562848212,12.069877435918123,0.15870011154930033,18,0.06041053837214952,12.188872938680856,0.1643425373315626,5.0,none
val_images,test007.png,6,rot45_padded,45.0,1000,1000,154360.0,0.15435999631881714,inpaint,red_gd,wavelet,15.0,fixed5p0,0.8,3.8461538461538467,1.4142135623730951,0.02,vanilla,False,0,20,0.06208865562848212,12.069877435918123,0.15870011154930033,19,0.060317861097839466,12.19554067169372,0.16465525749465534,5.0,none
val_images,test007.png,6,rot45_padded,45.0,1000,1000,154360.0,0.15435999631881714,inpaint,red_gd,wavelet,15.0,fixed5p0,0.8,3.8461538461538467,1.4142135623730951,0.02,vanilla,False,0,20,0.06208865562848212,12.069877435918123,0.15870011154930033,20,0.06022521545615769,12.2022163763509,0.16498313601321585,5.0,none
val_images,test007.png,6,rot45_padded,45.0,1000,1000,154360.0,0.15435999631881714,inpaint,red_gd,wavelet,15.0,fixed5p0,0.8,3.8461538461538467,1.4142135623730951,0.02,G16_fixed,False,16,20,0.06208865562848212,12.069877435918123,0.15870011154930033,1,0.06198162346746242,12.07737052592918,0.15906532922227262,5.0,0;22.5;45;67.5;90;112.5;135;157.5;180;202.5;225;247.5;270;292.5;315;337.5
val_images,test007.png,6,rot45_padded,45.0,1000,1000,154360.0,0.15435999631881714,inpaint,red_gd,wavelet,15.0,fixed5p0,0.8,3.8461538461538467,1.4142135623730951,0.02,G16_fixed,False,16,20,0.06208865562848212,12.069877435918123,0.15870011154930033,2,0.06187454702076315,12.084879674863036,0.1594585607508422,5.0,0;22.5;45;67.5;90;112.5;135;157.5;180;202.5;225;247.5;270;292.5;315;337.5
val_images,test007.png,6,rot45_padded,45.0,1000,1000,154360.0,0.15435999631881714,inpaint,red_gd,wavelet,15.0,fixed5p0,0.8,3.8461538461538467,1.4142135623730951,0.02,G16_fixed,False,16,20,0.06208865562848212,12.069877435918123,0.15870011154930033,3,0.061767673022884814,12.092387595552392,0.15982868780772222,5.0,0;22.5;45;67.5;90;112.5;135;157.5;180;202.5;225;247.5;270;292.5;315;337.5
val_images,test007.png,6,rot45_padded,45.0,1000,1000,154360.0,0.15435999631881714,inpaint,red_gd,wavelet,15.0,fixed5p0,0.8,3.8461538461538467,1.4142135623730951,0.02,G16_fixed,False,16,20,0.06208865562848212,12.069877435918123,0.15870011154930033,4,0.061660767392378205,12.09991074611109,0.16022119811236718,5.0,0;22.5;45;67.5;90;112.5;135;157.5;180;202.5;225;247.5;270;292.5;315;337.5
val_images,test007.png,6,rot45_padded,45.0,1000,1000,154360.0,0.15435999631881714,inpaint,red_gd,wavelet,15.0,fixed5p0,0.8,3.8461538461538467,1.4142135623730951,0.02,G16_fixed,False,16,20,0.06208865562848212,12.069877435918123,0.15870011154930033,5,0.06155400094543599,12.107437131298491,0.16059560190058952,5.0,0;22.5;45;67.5;90;112.5;135;157.5;180;202.5;225;247.5;270;292.5;315;337.5
val_images,test007.png,6,rot45_padded,45.0,1000,1000,154360.0,0.15435999631881714,inpaint,red_gd,wavelet,15.0,fixed5p0,0.8,3.8461538461538467,1.4142135623730951,0.02,G16_fixed,False,16,20,0.06208865562848212,12.069877435918123,0.15870011154930033,6,0.06144722817196813,12.114977029609209,0.16098788445031095,5.0,0;22.5;45;67.5;90;112.5;135;157.5;180;202.5;225;247.5;270;292.5;315;337.5
val_images,test007.png,6,rot45_padded,45.0,1000,1000,154360.0,0.15435999631881714,inpaint,red_gd,wavelet,15.0,fixed5p0,0.8,3.8461538461538467,1.4142135623730951,0.02,G16_fixed,False,16,20,0.06208865562848212,12.069877435918123,0.15870011154930033,7,0.06134063254121858,12.122517499097054,0.16136612211307982,5.0,0;22.5;45;67.5;90;112.5;135;157.5;180;202.5;225;247.5;270;292.5;315;337.5
val_images,test007.png,6,rot45_padded,45.0,1000,1000,154360.0,0.15435999631881714,inpaint,red_gd,wavelet,15.0,fixed5p0,0.8,3.8461538461538467,1.4142135623730951,0.02,G16_fixed,False,16,20,0.06208865562848212,12.069877435918123,0.15870011154930033,8,0.06123401793089207,12.13007242965622,0.16175873364213528,5.0,0;22.5;45;67.5;90;112.5;135;157.5;180;202.5;225;247.5;270;292.5;315;337.5
val_images,test007.png,6,rot45_padded,45.0,1000,1000,154360.0,0.15435999631881714,inpaint,red_gd,wavelet,15.0,fixed5p0,0.8,3.8461538461538467,1.4142135623730951,0.02,G16_fixed,False,16,20,0.06208865562848212,12.069877435918123,0.15870011154930033,9,0.06112755515718126,12.137629737992661,0.16214040028180876,5.0,0;22.5;45;67.5;90;112.5;135;157.5;180;202.5;225;247.5;270;292.5;315;337.5
val_images,test007.png,6,rot45_padded,45.0,1000,1000,154360.0,0.15435999631881714,inpaint,red_gd,wavelet,15.0,fixed5p0,0.8,3.8461538461538467,1.4142135623730951,0.02,G16_fixed,False,16,20,0.06208865562848212,12.069877435918123,0.15870011154930033,10,0.06102109870999611,12.14519976972328,0.16253350527986524,5.0,0;22.5;45;67.5;90;112.5;135;157.5;180;202.5;225;247.5;270;292.5;315;337.5
val_images,test007.png,6,rot45_padded,45.0,1000,1000,154360.0,0.15435999631881714,inpaint,red_gd,wavelet,15.0,fixed5p0,0.8,3.8461538461538467,1.4142135623730951,0.02,G16_fixed,False,16,20,0.06208865562848212,12.069877435918123,0.15870011154930033,11,0.06091479409942666,12.152772194282448,0.16291842375372506,5.0,0;22.5;45;67.5;90;112.5;135;157.5;180;202.5;225;247.5;270;292.5;315;337.5
val_images,test007.png,6,rot45_padded,45.0,1000,1000,154360.0,0.15435999631881714,inpaint,red_gd,wavelet,15.0,fixed5p0,0.8,3.8461538461538467,1.4142135623730951,0.02,G16_fixed,False,16,20,0.06208865562848212,12.069877435918123,0.15870011154930033,12,0.06080849581538287,12.160357393460618,0.16331237650621921,5.0,0;22.5;45;67.5;90;112.5;135;157.5;180;202.5;225;247.5;270;292.5;315;337.5
val_images,test007.png,6,rot45_padded,45.0,1000,1000,154360.0,0.15435999631881714,inpaint,red_gd,wavelet,15.0,fixed5p0,0.8,3.8461538461538467,1.4142135623730951,0.02,G16_fixed,False,16,20,0.06208865562848212,12.069877435918123,0.15870011154930033,13,0.06070236202100609,12.167944095387316,0.1637001545696748,5.0,0;22.5;45;67.5;90;112.5;135;157.5;180;202.5;225;247.5;270;292.5;315;337.5
val_images,test007.png,6,rot45_padded,45.0,1000,1000,154360.0,0.15435999631881714,inpaint,red_gd,wavelet,15.0,fixed5p0,0.8,3.8461538461538467,1.4142135623730951,0.02,G16_fixed,False,16,20,0.06208865562848212,12.069877435918123,0.15870011154930033,14,0.06059620292052669,12.175545887434158,0.16409519548458149,5.0,0;22.5;45;67.5;90;112.5;135;157.5;180;202.5;225;247.5;270;292.5;315;337.5
val_images,test007.png,6,rot45_padded,45.0,1000,1000,154360.0,0.15435999631881714,inpaint,red_gd,wavelet,15.0,fixed5p0,0.8,3.8461538461538467,1.4142135623730951,0.02,G16_fixed,False,16,20,0.06208865562848212,12.069877435918123,0.15870011154930033,15,0.06049020198318865,12.183149653349734,0.1644857951784789,5.0,0;22.5;45;67.5;90;112.5;135;157.5;180;202.5;225;247.5;270;292.5;315;337.5
val_images,test007.png,6,rot45_padded,45.0,1000,1000,154360.0,0.15435999631881714,inpaint,red_gd,wavelet,15.0,fixed5p0,0.8,3.8461538461538467,1.4142135623730951,0.02,G16_fixed,False,16,20,0.06208865562848212,12.069877435918123,0.15870011154930033,16,0.06038424533153019,12.190763570425647,0.1648820381332599,5.0,0;22.5;45;67.5;90;112.5;135;157.5;180;202.5;225;247.5;270;292.5;315;337.5
val_images,test007.png,6,rot45_padded,45.0,1000,1000,154360.0,0.15435999631881714,inpaint,red_gd,wavelet,15.0,fixed5p0,0.8,3.8461538461538467,1.4142135623730951,0.02,G16_fixed,False,16,20,0.06208865562848212,12.069877435918123,0.15870011154930033,17,0.06027840255733351,12.198382654769784,0.16527520639657295,5.0,0;22.5;45;67.5;90;112.5;135;157.5;180;202.5;225;247.5;270;292.5;315;337.5
val_images,test007.png,6,rot45_padded,45.0,1000,1000,154360.0,0.15435999631881714,inpaint,red_gd,wavelet,15.0,fixed5p0,0.8,3.8461538461538467,1.4142135623730951,0.02,G16_fixed,False,16,20,0.06208865562848212,12.069877435918123,0.15870011154930033,18,0.060172578762713785,12.20601375936993,0.16567289179920316,5.0,0;22.5;45;67.5;90;112.5;135;157.5;180;202.5;225;247.5;270;292.5;315;337.5
val_images,test007.png,6,rot45_padded,45.0,1000,1000,154360.0,0.15435999631881714,inpaint,red_gd,wavelet,15.0,fixed5p0,0.8,3.8461538461538467,1.4142135623730951,0.02,G16_fixed,False,16,20,0.06208865562848212,12.069877435918123,0.15870011154930033,19,0.06006688782513281,12.21364869057895,0.166068552713624,5.0,0;22.5;45;67.5;90;112.5;135;157.5;180;202.5;225;247.5;270;292.5;315;337.5
val_images,test007.png,6,rot45_padded,45.0,1000,1000,154360.0,0.15435999631881714,inpaint,red_gd,wavelet,15.0,fixed5p0,0.8,3.8461538461538467,1.4142135623730951,0.02,G16_fixed,False,16,20,0.06208865562848212,12.069877435918123,0.15870011154930033,20,0.05996124117323141,12.22129386012108,0.16646773117630864,5.0,0;22.5;45;67.5;90;112.5;135;157.5;180;202.5;225;247.5;270;292.5;315;337.5
val_images,test008.png,7,upright,0.0,321,481,154401.0,1.0,inpaint,red_gd,wavelet,15.0,fixed5p0,0.8,3.8461538461538467,1.4142135623730951,0.02,vanilla,True,0,20,0.05645913987765623,12.482657423639672,0.19056112411836712,1,0.05642490348791459,12.485291750894023,0.19069804437795093,5.0,none
val_images,test008.png,7,upright,0.0,321,481,154401.0,1.0,inpaint,red_gd,wavelet,15.0,fixed5p0,0.8,3.8461538461538467,1.4142135623730951,0.02,vanilla,True,0,20,0.05645913987765623,12.482657423639672,0.19056112411836712,2,0.05639073667147557,12.487922318832364,0.19086724664995694,5.0,none
val_images,test008.png,7,upright,0.0,321,481,154401.0,1.0,inpaint,red_gd,wavelet,15.0,fixed5p0,0.8,3.8461538461538467,1.4142135623730951,0.02,vanilla,True,0,20,0.05645913987765623,12.482657423639672,0.19056112411836712,3,0.05635653823080809,12.490556918123556,0.1910069624913375,5.0,none
val_images,test008.png,7,upright,0.0,321,481,154401.0,1.0,inpaint,red_gd,wavelet,15.0,fixed5p0,0.8,3.8461538461538467,1.4142135623730951,0.02,vanilla,True,0,20,0.05645913987765623,12.482657423639672,0.19056112411836712,4,0.05632240303859755,12.49318823962911,0.19117401431580755,5.0,none
val_images,test008.png,7,upright,0.0,321,481,154401.0,1.0,inpaint,red_gd,wavelet,15.0,fixed5p0,0.8,3.8461538461538467,1.4142135623730951,0.02,vanilla,True,0,20,0.05645913987765623,12.482657423639672,0.19056112411836712,5,0.05628823622215853,12.495823596358527,0.19131608299978628,5.0,none
val_images,test008.png,7,upright,0.0,321,481,154401.0,1.0,inpaint,red_gd,wavelet,15.0,fixed5p0,0.8,3.8461538461538467,1.4142135623730951,0.02,vanilla,True,0,20,0.05645913987765623,12.482657423639672,0.19056112411836712,6,0.05625413265417646,12.498455670303485,0.19148128796931366,5.0,none
val_images,test008.png,7,upright,0.0,321,481,154401.0,1.0,inpaint,red_gd,wavelet,15.0,fixed5p0,0.8,3.8461538461538467,1.4142135623730951,0.02,vanilla,True,0,20,0.05645913987765623,12.482657423639672,0.19056112411836712,7,0.05621999113712023,12.501092271935386,0.1916253553045317,5.0,none
val_images,test008.png,7,upright,0.0,321,481,154401.0,1.0,inpaint,red_gd,wavelet,15.0,fixed5p0,0.8,3.8461538461538467,1.4142135623730951,0.02,vanilla,True,0,20,0.05645913987765623,12.482657423639672,0.19056112411836712,8,0.05618590654367524,12.503726075251793,0.1917890929098581,5.0,none
val_images,test008.png,7,upright,0.0,321,481,154401.0,1.0,inpaint,red_gd,wavelet,15.0,fixed5p0,0.8,3.8461538461538467,1.4142135623730951,0.02,vanilla,True,0,20,0.05645913987765623,12.482657423639672,0.19056112411836712,9,0.056151802975693166,12.50636294436835,0.19193494385156185,5.0,none
val_images,test008.png,7,upright,0.0,321,481,154401.0,1.0,inpaint,red_gd,wavelet,15.0,fixed5p0,0.8,3.8461538461538467,1.4142135623730951,0.02,vanilla,True,0,20,0.05645913987765623,12.482657423639672,0.19056112411836712,10,0.05611774368163095,12.508997989108966,0.1920974417871322,5.0,none
val_images,test008.png,7,upright,0.0,321,481,154401.0,1.0,inpaint,red_gd,wavelet,15.0,fixed5p0,0.8,3.8461538461538467,1.4142135623730951,0.02,vanilla,True,0,20,0.05645913987765623,12.482657423639672,0.19056112411836712,11,0.05608366541303165,12.511636102940155,0.19224476009303695,5.0,none
val_images,test008.png,7,upright,0.0,321,481,154401.0,1.0,inpaint,red_gd,wavelet,15.0,fixed5p0,0.8,3.8461538461538467,1.4142135623730951,0.02,vanilla,True,0,20,0.05645913987765623,12.482657423639672,0.19056112411836712,12,0.056049637743197905,12.514271899671094,0.19240628400237045,5.0,none
val_images,test008.png,7,upright,0.0,321,481,154401.0,1.0,inpaint,red_gd,wavelet,15.0,fixed5p0,0.8,3.8461538461538467,1.4142135623730951,0.02,vanilla,True,0,20,0.05645913987765623,12.482657423639672,0.19056112411836712,13,0.056015584773981386,12.51691125856338,0.19255490522648816,5.0,none
val_images,test008.png,7,upright,0.0,321,481,154401.0,1.0,inpaint,red_gd,wavelet,15.0,fixed5p0,0.8,3.8461538461538467,1.4142135623730951,0.02,vanilla,True,0,20,0.05645913987765623,12.482657423639672,0.19056112411836712,14,0.055981576078684724,12.519548787773155,0.19271560690588144,5.0,none
val_images,test008.png,7,upright,0.0,321,481,154401.0,1.0,inpaint,red_gd,wavelet,15.0,fixed5p0,0.8,3.8461538461538467,1.4142135623730951,0.02,vanilla,True,0,20,0.05645913987765623,12.482657423639672,0.19056112411836712,15,0.055947554733696676,12.522188901699355,0.19286539190160684,5.0,none
val_images,test008.png,7,upright,0.0,321,481,154401.0,1.0,inpaint,red_gd,wavelet,15.0,fixed5p0,0.8,3.8461538461538467,1.4142135623730951,0.02,vanilla,True,0,20,0.05645913987765623,12.482657423639672,0.19056112411836712,16,0.05591357133778278,12.524827673951005,0.19302543579704795,5.0,none
val_images,test008.png,7,upright,0.0,321,481,154401.0,1.0,inpaint,red_gd,wavelet,15.0,fixed5p0,0.8,3.8461538461538467,1.4142135623730951,0.02,vanilla,True,0,20,0.05645913987765623,12.482657423639672,0.19056112411836712,17,0.05587958161702321,12.52746854206001,0.19317620746870162,5.0,none
val_images,test008.png,7,upright,0.0,321,481,154401.0,1.0,inpaint,red_gd,wavelet,15.0,fixed5p0,0.8,3.8461538461538467,1.4142135623730951,0.02,vanilla,True,0,20,0.05645913987765623,12.482657423639672,0.19056112411836712,18,0.0558456171956464,12.530109049554493,0.1933357327267958,5.0,none
val_images,test008.png,7,upright,0.0,321,481,154401.0,1.0,inpaint,red_gd,wavelet,15.0,fixed5p0,0.8,3.8461538461538467,1.4142135623730951,0.02,vanilla,True,0,20,0.05645913987765623,12.482657423639672,0.19056112411836712,19,0.0558116464494239,12.53275165561596,0.19348737722715525,5.0,none
val_images,test008.png,7,upright,0.0,321,481,154401.0,1.0,inpaint,red_gd,wavelet,15.0,fixed5p0,0.8,3.8461538461538467,1.4142135623730951,0.02,vanilla,True,0,20,0.05645913987765623,12.482657423639672,0.19056112411836712,20,0.05577770732742987,12.535393408320544,0.1936465356441992,5.0,none
val_images,test008.png,7,upright,0.0,321,481,154401.0,1.0,inpaint,red_gd,wavelet,15.0,fixed5p0,0.8,3.8461538461538467,1.4142135623730951,0.02,G16_fixed,True,16,20,0.05645913987765623,12.482657423639672,0.19056112411836712,1,0.056358442009361985,12.49041021171079,0.19101228801141185,5.0,0;22.5;45;67.5;90;112.5;135;157.5;180;202.5;225;247.5;270;292.5;315;337.5
val_images,test008.png,7,upright,0.0,321,481,154401.0,1.0,inpaint,red_gd,wavelet,15.0,fixed5p0,0.8,3.8461538461538467,1.4142135623730951,0.02,G16_fixed,True,16,20,0.05645913987765623,12.482657423639672,0.19056112411836712,2,0.056257750465913435,12.498176376129233,0.1915122670635229,5.0,0;22.5;45;67.5;90;112.5;135;157.5;180;202.5;225;247.5;270;292.5;315;337.5
val_images,test008.png,7,upright,0.0,321,481,154401.0,1.0,inpaint,red_gd,wavelet,15.0,fixed5p0,0.8,3.8461538461538467,1.4142135623730951,0.02,G16_fixed,True,16,20,0.05645913987765623,12.482657423639672,0.19056112411836712,3,0.05615725499268139,12.505941289884213,0.19197072982849853,5.0,0;22.5;45;67.5;90;112.5;135;157.5;180;202.5;225;247.5;270;292.5;315;337.5
val_images,test008.png,7,upright,0.0,321,481,154401.0,1.0,inpaint,red_gd,wavelet,15.0,fixed5p0,0.8,3.8461538461538467,1.4142135623730951,0.02,G16_fixed,True,16,20,0.05645913987765623,12.482657423639672,0.19056112411836712,4,0.05605677216914074,12.513719131666996,0.19246879877721,5.0,0;22.5;45;67.5;90;112.5;135;157.5;180;202.5;225;247.5;270;292.5;315;337.5
val_images,test008.png,7,upright,0.0,321,481,154401.0,1.0,inpaint,red_gd,wavelet,15.0,fixed5p0,0.8,3.8461538461538467,1.4142135623730951,0.02,G16_fixed,True,16,20,0.05645913987765623,12.482657423639672,0.19056112411836712,5,0.05595647276612522,12.521496692067961,0.19293362433695377,5.0,0;22.5;45;67.5;90;112.5;135;157.5;180;202.5;225;247.5;270;292.5;315;337.5
val_images,test008.png,7,upright,0.0,321,481,154401.0,1.0,inpaint,red_gd,wavelet,15.0,fixed5p0,0.8,3.8461538461538467,1.4142135623730951,0.02,G16_fixed,True,16,20,0.05645913987765623,12.482657423639672,0.19056112411836712,6,0.05585619866249247,12.529286238816793,0.19343063071158867,5.0,0;22.5;45;67.5;90;112.5;135;157.5;180;202.5;225;247.5;270;292.5;315;337.5
val_images,test008.png,7,upright,0.0,321,481,154401.0,1.0,inpaint,red_gd,wavelet,15.0,fixed5p0,0.8,3.8461538461538467,1.4142135623730951,0.02,G16_fixed,True,16,20,0.05645913987765623,12.482657423639672,0.19056112411836712,7,0.05575609532969346,12.537076480403393,0.1939011739318398,5.0,0;22.5;45;67.5;90;112.5;135;157.5;180;202.5;225;247.5;270;292.5;315;337.5
val_images,test008.png,7,upright,0.0,321,481,154401.0,1.0,inpaint,red_gd,wavelet,15.0,fixed5p0,0.8,3.8461538461538467,1.4142135623730951,0.02,G16_fixed,True,16,20,0.05645913987765623,12.482657423639672,0.19056112411836712,8,0.05565602994596861,12.544877759763118,0.1943977755163503,5.0,0;22.5;45;67.5;90;112.5;135;157.5;180;202.5;225;247.5;270;292.5;315;337.5
val_images,test008.png,7,upright,0.0,321,481,154401.0,1.0,inpaint,red_gd,wavelet,15.0,fixed5p0,0.8,3.8461538461538467,1.4142135623730951,0.02,G16_fixed,True,16,20,0.05645913987765623,12.482657423639672,0.19056112411836712,9,0.05555612268338612,12.552680717171626,0.1948734418616136,5.0,0;22.5;45;67.5;90;112.5;135;157.5;180;202.5;225;247.5;270;292.5;315;337.5
val_images,test008.png,7,upright,0.0,321,481,154401.0,1.0,inpaint,red_gd,wavelet,15.0,fixed5p0,0.8,3.8461538461538467,1.4142135623730951,0.02,G16_fixed,True,16,20,0.05645913987765623,12.482657423639672,0.19056112411836712,10,0.055456253369877785,12.560494747464634,0.19537022054180347,5.0,0;22.5;45;67.5;90;112.5;135;157.5;180;202.5;225;247.5;270;292.5;315;337.5
val_images,test008.png,7,upright,0.0,321,481,154401.0,1.0,inpaint,red_gd,wavelet,15.0,fixed5p0,0.8,3.8461538461538467,1.4142135623730951,0.02,G16_fixed,True,16,20,0.05645913987765623,12.482657423639672,0.19056112411836712,11,0.055356542177511806,12.568310457212224,0.19585059257226314,5.0,0;22.5;45;67.5;90;112.5;135;157.5;180;202.5;225;247.5;270;292.5;315;337.5
val_images,test008.png,7,upright,0.0,321,481,154401.0,1.0,inpaint,red_gd,wavelet,15.0,fixed5p0,0.8,3.8461538461538467,1.4142135623730951,0.02,G16_fixed,True,16,20,0.05645913987765623,12.482657423639672,0.19056112411836712,12,0.05525686893421999,12.57613727510638,0.19634801638671381,5.0,0;22.5;45;67.5;90;112.5;135;157.5;180;202.5;225;247.5;270;292.5;315;337.5
val_images,test008.png,7,upright,0.0,321,481,154401.0,1.0,inpaint,red_gd,wavelet,15.0,fixed5p0,0.8,3.8461538461538467,1.4142135623730951,0.02,G16_fixed,True,16,20,0.05645913987765623,12.482657423639672,0.19056112411836712,13,0.05515734116237913,12.583966769838229,0.19683272726131956,5.0,0;22.5;45;67.5;90;112.5;135;157.5;180;202.5;225;247.5;270;292.5;315;337.5
val_images,test008.png,7,upright,0.0,321,481,154401.0,1.0,inpaint,red_gd,wavelet,15.0,fixed5p0,0.8,3.8461538461538467,1.4142135623730951,0.02,G16_fixed,True,16,20,0.05645913987765623,12.482657423639672,0.19056112411836712,14,0.055057876638995217,12.591805416123092,0.19733118835046407,5.0,0;22.5;45;67.5;90;112.5;135;157.5;180;202.5;225;247.5;270;292.5;315;337.5
val_images,test008.png,7,upright,0.0,321,481,154401.0,1.0,inpaint,red_gd,wavelet,15.0,fixed5p0,0.8,3.8461538461538467,1.4142135623730951,0.02,G16_fixed,True,16,20,0.05645913987765623,12.482657423639672,0.19056112411836712,15,0.05495855126221657,12.599647240401682,0.1978198965275484,5.0,0;22.5;45;67.5;90;112.5;135;157.5;180;202.5;225;247.5;270;292.5;315;337.5
val_images,test008.png,7,upright,0.0,321,481,154401.0,1.0,inpaint,red_gd,wavelet,15.0,fixed5p0,0.8,3.8461538461538467,1.4142135623730951,0.02,G16_fixed,True,16,20,0.05645913987765623,12.482657423639672,0.19056112411836712,16,0.05485927648420347,12.607499244199701,0.19831977438212836,5.0,0;22.5;45;67.5;90;112.5;135;157.5;180;202.5;225;247.5;270;292.5;315;337.5
val_images,test008.png,7,upright,0.0,321,481,154401.0,1.0,inpaint,red_gd,wavelet,15.0,fixed5p0,0.8,3.8461538461538467,1.4142135623730951,0.02,G16_fixed,True,16,20,0.05645913987765623,12.482657423639672,0.19056112411836712,17,0.05476012187825856,12.615355939384083,0.19881225216724632,5.0,0;22.5;45;67.5;90;112.5;135;157.5;180;202.5;225;247.5;270;292.5;315;337.5
val_images,test008.png,7,upright,0.0,321,481,154401.0,1.0,inpaint,red_gd,wavelet,15.0,fixed5p0,0.8,3.8461538461538467,1.4142135623730951,0.02,G16_fixed,True,16,20,0.05645913987765623,12.482657423639672,0.19056112411836712,18,0.05466104317046198,12.623220843365107,0.19931372388294116,5.0,0;22.5;45;67.5;90;112.5;135;157.5;180;202.5;225;247.5;270;292.5;315;337.5
val_images,test008.png,7,upright,0.0,321,481,154401.0,1.0,inpaint,red_gd,wavelet,15.0,fixed5p0,0.8,3.8461538461538467,1.4142135623730951,0.02,G16_fixed,True,16,20,0.05645913987765623,12.482657423639672,0.19056112411836712,19,0.05456208463473358,12.631090450952314,0.1998098321294875,5.0,0;22.5;45;67.5;90;112.5;135;157.5;180;202.5;225;247.5;270;292.5;315;337.5
val_images,test008.png,7,upright,0.0,321,481,154401.0,1.0,inpaint,red_gd,wavelet,15.0,fixed5p0,0.8,3.8461538461538467,1.4142135623730951,0.02,G16_fixed,True,16,20,0.05645913987765623,12.482657423639672,0.19056112411836712,20,0.054463201997153515,12.638968292315349,0.20031322659827333,5.0,0;22.5;45;67.5;90;112.5;135;157.5;180;202.5;225;247.5;270;292.5;315;337.5
val_images,test008.png,7,rot45_padded,45.0,1000,1000,154360.0,0.15435999631881714,inpaint,red_gd,wavelet,15.0,fixed5p0,0.8,3.8461538461538467,1.4142135623730951,0.02,vanilla,False,0,20,0.056871808900459966,12.451029580851918,0.1977085956732638,1,0.05678331345960741,12.457792688154905,0.1980613627437484,5.0,none
val_images,test008.png,7,rot45_padded,45.0,1000,1000,154360.0,0.15435999631881714,inpaint,red_gd,wavelet,15.0,fixed5p0,0.8,3.8461538461538467,1.4142135623730951,0.02,vanilla,False,0,20,0.056871808900459966,12.451029580851918,0.1977085956732638,2,0.056694792712652244,12.464568282325654,0.19852653952205881,5.0,none
val_images,test008.png,7,rot45_padded,45.0,1000,1000,154360.0,0.15435999631881714,inpaint,red_gd,wavelet,15.0,fixed5p0,0.8,3.8461538461538467,1.4142135623730951,0.02,vanilla,False,0,20,0.056871808900459966,12.451029580851918,0.1977085956732638,3,0.056606417475787124,12.471343300072999,0.19889002372700182,5.0,none
val_images,test008.png,7,rot45_padded,45.0,1000,1000,154360.0,0.15435999631881714,inpaint,red_gd,wavelet,15.0,fixed5p0,0.8,3.8461538461538467,1.4142135623730951,0.02,vanilla,False,0,20,0.056871808900459966,12.451029580851918,0.1977085956732638,4,0.05651806121849896,12.478127444977405,0.1993483552045543,5.0,none
val_images,test008.png,7,rot45_padded,45.0,1000,1000,154360.0,0.15435999631881714,inpaint,red_gd,wavelet,15.0,fixed5p0,0.8,3.8461538461538467,1.4142135623730951,0.02,vanilla,False,0,20,0.056871808900459966,12.451029580851918,0.1977085956732638,5,0.0564298441447752,12.484911492188402,0.1997210887900039,5.0,none
val_images,test008.png,7,rot45_padded,45.0,1000,1000,154360.0,0.15435999631881714,inpaint,red_gd,wavelet,15.0,fixed5p0,0.8,3.8461538461538467,1.4142135623730951,0.02,vanilla,False,0,20,0.056871808900459966,12.451029580851918,0.1977085956732638,6,0.05634161441800013,12.491707128563924,0.20017409333295544,5.0,none
val_images,test008.png,7,rot45_padded,45.0,1000,1000,154360.0,0.15435999631881714,inpaint,red_gd,wavelet,15.0,fixed5p0,0.8,3.8461538461538467,1.4142135623730951,0.02,vanilla,False,0,20,0.056871808900459966,12.451029580851918,0.1977085956732638,7,0.056253530201315106,12.498502181260456,0.2005548489529347,5.0,none
val_images,test008.png,7,rot45_padded,45.0,1000,1000,154360.0,0.15435999631881714,inpaint,red_gd,wavelet,15.0,fixed5p0,0.8,3.8461538461538467,1.4142135623730951,0.02,vanilla,False,0,20,0.056871808900459966,12.451029580851918,0.1977085956732638,8,0.05616545231115574,12.505307393093156,0.2010036906420057,5.0,none
val_images,test008.png,7,rot45_padded,45.0,1000,1000,154360.0,0.15435999631881714,inpaint,red_gd,wavelet,15.0,fixed5p0,0.8,3.8461538461538467,1.4142135623730951,0.02,vanilla,False,0,20,0.056871808900459966,12.451029580851918,0.1977085956732638,9,0.056077494624983806,12.512113975886543,0.20139144339935863,5.0,none
val_images,test008.png,7,rot45_padded,45.0,1000,1000,154360.0,0.15435999631881714,inpaint,red_gd,wavelet,15.0,fixed5p0,0.8,3.8461538461538467,1.4142135623730951,0.02,vanilla,False,0,20,0.056871808900459966,12.451029580851918,0.1977085956732638,10,0.05598953693881187,12.518931243205262,0.20183708386644855,5.0,none
val_images,test008.png,7,rot45_padded,45.0,1000,1000,154360.0,0.15435999631881714,inpaint,red_gd,wavelet,15.0,fixed5p0,0.8,3.8461538461538467,1.4142135623730951,0.02,vanilla,False,0,20,0.056871808900459966,12.451029580851918,0.1977085956732638,11,0.055901731089255634,12.525747432607881,0.20223106192504534,5.0,none
val_images,test008.png,7,rot45_padded,45.0,1000,1000,154360.0,0.15435999631881714,inpaint,red_gd,wavelet,15.0,fixed5p0,0.8,3.8461538461538467,1.4142135623730951,0.02,vanilla,False,0,20,0.056871808900459966,12.451029580851918,0.1977085956732638,12,0.055813937892750715,12.532573352192347,0.20267437423069448,5.0,none
val_images,test008.png,7,rot45_padded,45.0,1000,1000,154360.0,0.15435999631881714,inpaint,red_gd,wavelet,15.0,fixed5p0,0.8,3.8461538461538467,1.4142135623730951,0.02,vanilla,False,0,20,0.056871808900459966,12.451029580851918,0.1977085956732638,13,0.05572626490023322,12.539400649211778,0.20307378044830268,5.0,none
val_images,test008.png,7,rot45_padded,45.0,1000,1000,154360.0,0.15435999631881714,inpaint,red_gd,wavelet,15.0,fixed5p0,0.8,3.8461538461538467,1.4142135623730951,0.02,vanilla,False,0,20,0.056871808900459966,12.451029580851918,0.1977085956732638,14,0.05563860456076704,12.546237708287764,0.20351546051033298,5.0,none
val_images,test008.png,7,rot45_padded,45.0,1000,1000,154360.0,0.15435999631881714,inpaint,red_gd,wavelet,15.0,fixed5p0,0.8,3.8461538461538467,1.4142135623730951,0.02,vanilla,False,0,20,0.056871808900459966,12.451029580851918,0.1977085956732638,15,0.055551077078339596,12.553075161174494,0.20391980141795155,5.0,none
val_images,test008.png,7,rot45_padded,45.0,1000,1000,154360.0,0.15435999631881714,inpaint,red_gd,wavelet,15.0,fixed5p0,0.8,3.8461538461538467,1.4142135623730951,0.02,vanilla,False,0,20,0.056871808900459966,12.451029580851918,0.1977085956732638,16,0.05546357490201477,12.55992141426347,0.204360380664518,5.0,none
val_images,test008.png,7,rot45_padded,45.0,1000,1000,154360.0,0.15435999631881714,inpaint,red_gd,wavelet,15.0,fixed5p0,0.8,3.8461538461538467,1.4142135623730951,0.02,vanilla,False,0,20,0.056871808900459966,12.451029580851918,0.1977085956732638,17,0.05537616129704911,12.566771530557919,0.20476915014009459,5.0,none
val_images,test008.png,7,rot45_padded,45.0,1000,1000,154360.0,0.15435999631881714,inpaint,red_gd,wavelet,15.0,fixed5p0,0.8,3.8461538461538467,1.4142135623730951,0.02,vanilla,False,0,20,0.056871808900459966,12.451029580851918,0.1977085956732638,18,0.05528879197776302,12.573628989945787,0.20520915999935216,5.0,none
val_images,test008.png,7,rot45_padded,45.0,1000,1000,154360.0,0.15435999631881714,inpaint,red_gd,wavelet,15.0,fixed5p0,0.8,3.8461538461538467,1.4142135623730951,0.02,vanilla,False,0,20,0.056871808900459966,12.451029580851918,0.1977085956732638,19,0.05520153653593871,12.580488335064521,0.20562190253303964,5.0,none
val_images,test008.png,7,rot45_padded,45.0,1000,1000,154360.0,0.15435999631881714,inpaint,red_gd,wavelet,15.0,fixed5p0,0.8,3.8461538461538467,1.4142135623730951,0.02,vanilla,False,0,20,0.056871808900459966,12.451029580851918,0.1977085956732638,20,0.055114281094114405,12.58735853112832,0.2060617479026302,5.0,none
val_images,test008.png,7,rot45_padded,45.0,1000,1000,154360.0,0.15435999631881714,inpaint,red_gd,wavelet,15.0,fixed5p0,0.8,3.8461538461538467,1.4142135623730951,0.02,G16_fixed,False,16,20,0.056871808900459966,12.451029580851918,0.1977085956732638,1,0.05677146387705688,12.45869907156808,0.19815593164922907,5.0,0;22.5;45;67.5;90;112.5;135;157.5;180;202.5;225;247.5;270;292.5;315;337.5
val_images,test008.png,7,rot45_padded,45.0,1000,1000,154360.0,0.15435999631881714,inpaint,red_gd,wavelet,15.0,fixed5p0,0.8,3.8461538461538467,1.4142135623730951,0.02,G16_fixed,False,16,20,0.056871808900459966,12.451029580851918,0.1977085956732638,2,0.05667106824144856,12.466386008931096,0.19869330673830657,5.0,0;22.5;45;67.5;90;112.5;135;157.5;180;202.5;225;247.5;270;292.5;315;337.5
val_images,test008.png,7,rot45_padded,45.0,1000,1000,154360.0,0.15435999631881714,inpaint,red_gd,wavelet,15.0,fixed5p0,0.8,3.8461538461538467,1.4142135623730951,0.02,G16_fixed,False,16,20,0.056871808900459966,12.451029580851918,0.1977085956732638,3,0.056570875054661185,12.474071034149471,0.19915132188957632,5.0,0;22.5;45;67.5;90;112.5;135;157.5;180;202.5;225;247.5;270;292.5;315;337.5
val_images,test008.png,7,rot45_padded,45.0,1000,1000,154360.0,0.15435999631881714,inpaint,red_gd,wavelet,15.0,fixed5p0,0.8,3.8461538461538467,1.4142135623730951,0.02,G16_fixed,False,16,20,0.056871808900459966,12.451029580851918,0.1977085956732638,4,0.05647065023524553,12.48177211520191,0.19968409126797745,5.0,0;22.5;45;67.5;90;112.5;135;157.5;180;202.5;225;247.5;270;292.5;315;337.5
val_images,test008.png,7,rot45_padded,45.0,1000,1000,154360.0,0.15435999631881714,inpaint,red_gd,wavelet,15.0,fixed5p0,0.8,3.8461538461538467,1.4142135623730951,0.02,G16_fixed,False,16,20,0.056871808900459966,12.451029580851918,0.1977085956732638,5,0.05637061521159951,12.489472253972169,0.20015124192229206,5.0,0;22.5;45;67.5;90;112.5;135;157.5;180;202.5;225;247.5;270;292.5;315;337.5
val_images,test008.png,7,rot45_padded,45.0,1000,1000,154360.0,0.15435999631881714,inpaint,red_gd,wavelet,15.0,fixed5p0,0.8,3.8461538461538467,1.4142135623730951,0.02,G16_fixed,False,16,20,0.056871808900459966,12.451029580851918,0.1977085956732638,6,0.05627056120837652,12.497187534352074,0.20068060762989115,5.0,0;22.5;45;67.5;90;112.5;135;157.5;180;202.5;225;247.5;270;292.5;315;337.5
val_images,test008.png,7,rot45_padded,45.0,1000,1000,154360.0,0.15435999631881714,inpaint,red_gd,wavelet,15.0,fixed5p0,0.8,3.8461538461538467,1.4142135623730951,0.02,G16_fixed,False,16,20,0.056871808900459966,12.451029580851918,0.1977085956732638,7,0.05617069067439751,12.50490236009286,0.20115597011450506,5.0,0;22.5;45;67.5;90;112.5;135;157.5;180;202.5;225;247.5;270;292.5;315;337.5
val_images,test008.png,7,rot45_padded,45.0,1000,1000,154360.0,0.15435999631881714,inpaint,red_gd,wavelet,15.0,fixed5p0,0.8,3.8461538461538467,1.4142135623730951,0.02,G16_fixed,False,16,20,0.056871808900459966,12.451029580851918,0.1977085956732638,8,0.05607083279346981,12.512629934837673,0.20168291908930422,5.0,0;22.5;45;67.5;90;112.5;135;157.5;180;202.5;225;247.5;270;292.5;315;337.5
val_images,test008.png,7,rot45_padded,45.0,1000,1000,154360.0,0.15435999631881714,inpaint,red_gd,wavelet,15.0,fixed5p0,0.8,3.8461538461538467,1.4142135623730951,0.02,G16_fixed,False,16,20,0.056871808900459966,12.451029580851918,0.1977085956732638,9,0.05597110776958085,12.520360975339482,0.20216548116011274,5.0,0;22.5;45;67.5;90;112.5;135;157.5;180;202.5;225;247.5;270;292.5;315;337.5
val_images,test008.png,7,rot45_padded,45.0,1000,1000,154360.0,0.15435999631881714,inpaint,red_gd,wavelet,15.0,fixed5p0,0.8,3.8461538461538467,1.4142135623730951,0.02,G16_fixed,False,16,20,0.056871808900459966,12.451029580851918,0.1977085956732638,10,0.05587142070484581,12.528102852099043,0.20269089911570354,5.0,0;22.5;45;67.5;90;112.5;135;157.5;180;202.5;225;247.5;270;292.5;315;337.5
val_images,test008.png,7,rot45_padded,45.0,1000,1000,154360.0,0.15435999631881714,inpaint,red_gd,wavelet,15.0,fixed5p0,0.8,3.8461538461538467,1.4142135623730951,0.02,G16_fixed,False,16,20,0.056871808900459966,12.451029580851918,0.1977085956732638,11,0.05577187915020083,12.535847223577484,0.20317981301826898,5.0,0;22.5;45;67.5;90;112.5;135;157.5;180;202.5;225;247.5;270;292.5;315;337.5
val_images,test008.png,7,rot45_padded,45.0,1000,1000,154360.0,0.15435999631881714,inpaint,red_gd,wavelet,15.0,fixed5p0,0.8,3.8461538461538467,1.4142135623730951,0.02,G16_fixed,False,16,20,0.056871808900459966,12.451029580851918,0.1977085956732638,12,0.055672381881235425,12.5436019748688,0.2037044717907813,5.0,0;22.5;45;67.5;90;112.5;135;157.5;180;202.5;225;247.5;270;292.5;315;337.5
val_images,test008.png,7,rot45_padded,45.0,1000,1000,154360.0,0.15435999631881714,inpaint,red_gd,wavelet,15.0,fixed5p0,0.8,3.8461538461538467,1.4142135623730951,0.02,G16_fixed,False,16,20,0.056871808900459966,12.451029580851918,0.1977085956732638,13,0.0555730111427831,12.551360709622228,0.20419916813779476,5.0,0;22.5;45;67.5;90;112.5;135;157.5;180;202.5;225;247.5;270;292.5;315;337.5
val_images,test008.png,7,rot45_padded,45.0,1000,1000,154360.0,0.15435999631881714,inpaint,red_gd,wavelet,15.0,fixed5p0,0.8,3.8461538461538467,1.4142135623730951,0.02,G16_fixed,False,16,20,0.056871808900459966,12.451029580851918,0.1977085956732638,14,0.055473684690010364,12.559129863224982,0.20472357384928092,5.0,0;22.5;45;67.5;90;112.5;135;157.5;180;202.5;225;247.5;270;292.5;315;337.5
val_images,test008.png,7,rot45_padded,45.0,1000,1000,154360.0,0.15435999631881714,inpaint,red_gd,wavelet,15.0,fixed5p0,0.8,3.8461538461538467,1.4142135623730951,0.02,G16_fixed,False,16,20,0.056871808900459966,12.451029580851918,0.1977085956732638,15,0.05537448476775071,12.566903016458719,0.20522354651869007,5.0,0;22.5;45;67.5;90;112.5;135;157.5;180;202.5;225;247.5;270;292.5;315;337.5
val_images,test008.png,7,rot45_padded,45.0,1000,1000,154360.0,0.15435999631881714,inpaint,red_gd,wavelet,15.0,fixed5p0,0.8,3.8461538461538467,1.4142135623730951,0.02,G16_fixed,False,16,20,0.056871808900459966,12.451029580851918,0.1977085956732638,16,0.05527534178422195,12.574685633662963,0.20574819263815108,5.0,0;22.5;45;67.5;90;112.5;135;157.5;180;202.5;225;247.5;270;292.5;315;337.5
val_images,test008.png,7,rot45_padded,45.0,1000,1000,154360.0,0.15435999631881714,inpaint,red_gd,wavelet,15.0,fixed5p0,0.8,3.8461538461538467,1.4142135623730951,0.02,G16_fixed,False,16,20,0.056871808900459966,12.451029580851918,0.1977085956732638,17,0.05517633798425758,12.582471267275304,0.20625301142621144,5.0,0;22.5;45;67.5;90;112.5;135;157.5;180;202.5;225;247.5;270;292.5;315;337.5
val_images,test008.png,7,rot45_padded,45.0,1000,1000,154360.0,0.15435999631881714,inpaint,red_gd,wavelet,15.0,fixed5p0,0.8,3.8461538461538467,1.4142135623730951,0.02,G16_fixed,False,16,20,0.056871808900459966,12.451029580851918,0.1977085956732638,18,0.055077372143447136,12.59026789018341,0.20677836611654574,5.0,0;22.5;45;67.5;90;112.5;135;157.5;180;202.5;225;247.5;270;292.5;315;337.5
val_images,test008.png,7,rot45_padded,45.0,1000,1000,154360.0,0.15435999631881714,inpaint,red_gd,wavelet,15.0,fixed5p0,0.8,3.8461538461538467,1.4142135623730951,0.02,G16_fixed,False,16,20,0.056871808900459966,12.451029580851918,0.1977085956732638,19,0.05497853915967543,12.598068040218454,0.2072875755134102,5.0,0;22.5;45;67.5;90;112.5;135;157.5;180;202.5;225;247.5;270;292.5;315;337.5
val_images,test008.png,7,rot45_padded,45.0,1000,1000,154360.0,0.15435999631881714,inpaint,red_gd,wavelet,15.0,fixed5p0,0.8,3.8461538461538467,1.4142135623730951,0.02,G16_fixed,False,16,20,0.056871808900459966,12.451029580851918,0.1977085956732638,20,0.05487976944116028,12.605877218392454,0.20781400571310574,5.0,0;22.5;45;67.5;90;112.5;135;157.5;180;202.5;225;247.5;270;292.5;315;337.5
val_images,test009.png,8,upright,0.0,321,481,154401.0,1.0,inpaint,red_gd,wavelet,15.0,fixed5p0,0.8,3.8461538461538467,1.4142135623730951,0.02,vanilla,True,0,20,0.05062825514508488,12.956070399036845,0.18533275367387517,1,0.05059554936800118,12.958876841469317,0.1856368649045343,5.0,none
val_images,test009.png,8,upright,0.0,321,481,154401.0,1.0,inpaint,red_gd,wavelet,15.0,fixed5p0,0.8,3.8461538461538467,1.4142135623730951,0.02,vanilla,True,0,20,0.05062825514508488,12.956070399036845,0.18533275367387517,2,0.0505630333362883,12.961668801035206,0.18585844954857805,5.0,none
val_images,test009.png,8,upright,0.0,321,481,154401.0,1.0,inpaint,red_gd,wavelet,15.0,fixed5p0,0.8,3.8461538461538467,1.4142135623730951,0.02,vanilla,True,0,20,0.05062825514508488,12.956070399036845,0.18533275367387517,3,0.05053036867070161,12.964475331279427,0.18615741235484226,5.0,none
val_images,test009.png,8,upright,0.0,321,481,154401.0,1.0,inpaint,red_gd,wavelet,15.0,fixed5p0,0.8,3.8461538461538467,1.4142135623730951,0.02,vanilla,True,0,20,0.05062825514508488,12.956070399036845,0.18533275367387517,4,0.05049786845110297,12.967269533558186,0.1863850309016781,5.0,none
val_images,test009.png,8,upright,0.0,321,481,154401.0,1.0,inpaint,red_gd,wavelet,15.0,fixed5p0,0.8,3.8461538461538467,1.4142135623730951,0.02,vanilla,True,0,20,0.05062825514508488,12.956070399036845,0.18533275367387517,5,0.05046525438428184,12.970075332219665,0.18667961691472207,5.0,none
val_images,test009.png,8,upright,0.0,321,481,154401.0,1.0,inpaint,red_gd,wavelet,15.0,fixed5p0,0.8,3.8461538461538467,1.4142135623730951,0.02,vanilla,True,0,20,0.05062825514508488,12.956070399036845,0.18533275367387517,6,0.05043277946406597,12.972870962342292,0.18691257363132363,5.0,none
val_images,test009.png,8,upright,0.0,321,481,154401.0,1.0,inpaint,red_gd,wavelet,15.0,fixed5p0,0.8,3.8461538461538467,1.4142135623730951,0.02,vanilla,True,0,20,0.05062825514508488,12.956070399036845,0.18533275367387517,7,0.050400219158433235,12.975675750804413,0.1872034785841737,5.0,none
val_images,test009.png,8,upright,0.0,321,481,154401.0,1.0,inpaint,red_gd,wavelet,15.0,fixed5p0,0.8,3.8461538461538467,1.4142135623730951,0.02,vanilla,True,0,20,0.05062825514508488,12.956070399036845,0.18533275367387517,8,0.050367779024868685,12.978471990035118,0.18744116628535437,5.0,none
val_images,test009.png,8,upright,0.0,321,481,154401.0,1.0,inpaint,red_gd,wavelet,15.0,fixed5p0,0.8,3.8461538461538467,1.4142135623730951,0.02,vanilla,True,0,20,0.05062825514508488,12.956070399036845,0.18533275367387517,9,0.05033525034346442,12.98127767074153,0.18772895941412296,5.0,none
val_images,test009.png,8,upright,0.0,321,481,154401.0,1.0,inpaint,red_gd,wavelet,15.0,fixed5p0,0.8,3.8461538461538467,1.4142135623730951,0.02,vanilla,True,0,20,0.05062825514508488,12.956070399036845,0.18533275367387517,10,0.05030283867170549,12.984075063024829,0.18797084681284448,5.0,none
val_images,test009.png,8,upright,0.0,321,481,154401.0,1.0,inpaint,red_gd,wavelet,15.0,fixed5p0,0.8,3.8461538461538467,1.4142135623730951,0.02,vanilla,True,0,20,0.05062825514508488,12.956070399036845,0.18533275367387517,11,0.050270354264221086,12.986880542098751,0.18825604675487853,5.0,none
val_images,test009.png,8,upright,0.0,321,481,154401.0,1.0,inpaint,red_gd,wavelet,15.0,fixed5p0,0.8,3.8461538461538467,1.4142135623730951,0.02,vanilla,True,0,20,0.05062825514508488,12.956070399036845,0.18533275367387517,12,0.05023796789184494,12.989679359748257,0.18850167846225088,5.0,none
val_images,test009.png,8,upright,0.0,321,481,154401.0,1.0,inpaint,red_gd,wavelet,15.0,fixed5p0,0.8,3.8461538461538467,1.4142135623730951,0.02,vanilla,True,0,20,0.05062825514508488,12.956070399036845,0.18533275367387517,13,0.05020552459585754,12.992484906342288,0.18878479120520592,5.0,none
val_images,test009.png,8,upright,0.0,321,481,154401.0,1.0,inpaint,red_gd,wavelet,15.0,fixed5p0,0.8,3.8461538461538467,1.4142135623730951,0.02,vanilla,True,0,20,0.05062825514508488,12.956070399036845,0.18533275367387517,14,0.05017316668528701,12.995284875601524,0.1890337750807961,5.0,none
val_images,test009.png,8,upright,0.0,321,481,154401.0,1.0,inpaint,red_gd,wavelet,15.0,fixed5p0,0.8,3.8461538461538467,1.4142135623730951,0.02,vanilla,True,0,20,0.05062825514508488,12.956070399036845,0.18533275367387517,15,0.05014076133837378,12.998090759911985,0.18931519276510514,5.0,none
val_images,test009.png,8,upright,0.0,321,481,154401.0,1.0,inpaint,red_gd,wavelet,15.0,fixed5p0,0.8,3.8461538461538467,1.4142135623730951,0.02,vanilla,True,0,20,0.05062825514508488,12.956070399036845,0.18533275367387517,16,0.050108435052031726,13.000891605957811,0.18956719991693707,5.0,none
val_images,test009.png,8,upright,0.0,321,481,154401.0,1.0,inpaint,red_gd,wavelet,15.0,fixed5p0,0.8,3.8461538461538467,1.4142135623730951,0.02,vanilla,True,0,20,0.05062825514508488,12.956070399036845,0.18533275367387517,17,0.05007606132934696,13.00369837349528,0.1898472514345762,5.0,none
val_images,test009.png,8,upright,0.0,321,481,154401.0,1.0,inpaint,red_gd,wavelet,15.0,fixed5p0,0.8,3.8461538461538467,1.4142135623730951,0.02,vanilla,True,0,20,0.05062825514508488,12.956070399036845,0.18533275367387517,18,0.050043763504810525,13.006500369500255,0.19010200356943932,5.0,none
val_images,test009.png,8,upright,0.0,321,481,154401.0,1.0,inpaint,red_gd,wavelet,15.0,fixed5p0,0.8,3.8461538461538467,1.4142135623730951,0.02,vanilla,True,0,20,0.05062825514508488,12.956070399036845,0.18533275367387517,19,0.05001143721846847,13.009306646068746,0.19038096721361908,5.0,none
val_images,test009.png,8,upright,0.0,321,481,154401.0,1.0,inpaint,red_gd,wavelet,15.0,fixed5p0,0.8,3.8461538461538467,1.4142135623730951,0.02,vanilla,True,0,20,0.05062825514508488,12.956070399036845,0.18533275367387517,20,0.04997915836846912,13.012110615150354,0.19063817338861147,5.0,none
val_images,test009.png,8,upright,0.0,321,481,154401.0,1.0,inpaint,red_gd,wavelet,15.0,fixed5p0,0.8,3.8461538461538467,1.4142135623730951,0.02,G16_fixed,True,16,20,0.05062825514508488,12.956070399036845,0.18533275367387517,1,0.05053186449670825,12.964346771092254,0.18623028722692858,5.0,0;22.5;45;67.5;90;112.5;135;157.5;180;202.5;225;247.5;270;292.5;315;337.5
val_images,test009.png,8,upright,0.0,321,481,154401.0,1.0,inpaint,red_gd,wavelet,15.0,fixed5p0,0.8,3.8461538461538467,1.4142135623730951,0.02,G16_fixed,True,16,20,0.05062825514508488,12.956070399036845,0.18533275367387517,2,0.05043557504586272,12.972630231588976,0.18686359402626926,5.0,0;22.5;45;67.5;90;112.5;135;157.5;180;202.5;225;247.5;270;292.5;315;337.5
val_images,test009.png,8,upright,0.0,321,481,154401.0,1.0,inpaint,red_gd,wavelet,15.0,fixed5p0,0.8,3.8461538461538467,1.4142135623730951,0.02,G16_fixed,True,16,20,0.05062825514508488,12.956070399036845,0.18533275367387517,3,0.050339412091931074,12.980918608321764,0.18775212099905442,5.0,0;22.5;45;67.5;90;112.5;135;157.5;180;202.5;225;247.5;270;292.5;315;337.5
val_images,test009.png,8,upright,0.0,321,481,154401.0,1.0,inpaint,red_gd,wavelet,15.0,fixed5p0,0.8,3.8461538461538467,1.4142135623730951,0.02,G16_fixed,True,16,20,0.05062825514508488,12.956070399036845,0.18533275367387517,4,0.05024334084826199,12.98921490613894,0.18840719791727384,5.0,0;22.5;45;67.5;90;112.5;135;157.5;180;202.5;225;247.5;270;292.5;315;337.5
val_images,test009.png,8,upright,0.0,321,481,154401.0,1.0,inpaint,red_gd,wavelet,15.0,fixed5p0,0.8,3.8461538461538467,1.4142135623730951,0.02,G16_fixed,True,16,20,0.05062825514508488,12.956070399036845,0.18533275367387517,5,0.05014740558877533,12.997515305922063,0.18928851456596785,5.0,0;22.5;45;67.5;90;112.5;135;157.5;180;202.5;225;247.5;270;292.5;315;337.5
val_images,test009.png,8,upright,0.0,321,481,154401.0,1.0,inpaint,red_gd,wavelet,15.0,fixed5p0,0.8,3.8461538461538467,1.4142135623730951,0.02,G16_fixed,True,16,20,0.05062825514508488,12.956070399036845,0.18533275367387517,6,0.05005157152681977,13.005822819266971,0.1899638436400995,5.0,0;22.5;45;67.5;90;112.5;135;157.5;180;202.5;225;247.5;270;292.5;315;337.5
val_images,test009.png,8,upright,0.0,321,481,154401.0,1.0,inpaint,red_gd,wavelet,15.0,fixed5p0,0.8,3.8461538461538467,1.4142135623730951,0.02,G16_fixed,True,16,20,0.05062825514508488,12.956070399036845,0.18533275367387517,7,0.04995585447450956,13.014136081991058,0.1908396450233483,5.0,0;22.5;45;67.5;90;112.5;135;157.5;180;202.5;225;247.5;270;292.5;315;337.5
val_images,test009.png,8,upright,0.0,321,481,154401.0,1.0,inpaint,red_gd,wavelet,15.0,fixed5p0,0.8,3.8461538461538467,1.4142135623730951,0.02,G16_fixed,True,16,20,0.05062825514508488,12.956070399036845,0.18533275367387517,8,0.04986024494457614,13.02245592302031,0.19153384743703084,5.0,0;22.5;45;67.5;90;112.5;135;157.5;180;202.5;225;247.5;270;292.5;315;337.5
val_images,test009.png,8,upright,0.0,321,481,154401.0,1.0,inpaint,red_gd,wavelet,15.0,fixed5p0,0.8,3.8461538461538467,1.4142135623730951,0.02,G16_fixed,True,16,20,0.05062825514508488,12.956070399036845,0.18533275367387517,9,0.0497647555867109,13.03078124571639,0.1924056009190355,5.0,0;22.5;45;67.5;90;112.5;135;157.5;180;202.5;225;247.5;270;292.5;315;337.5
val_images,test009.png,8,upright,0.0,321,481,154401.0,1.0,inpaint,red_gd,wavelet,15.0,fixed5p0,0.8,3.8461538461538467,1.4142135623730951,0.02,G16_fixed,True,16,20,0.05062825514508488,12.956070399036845,0.18533275367387517,10,0.04966937058879962,13.039113433577686,0.19311753820004404,5.0,0;22.5;45;67.5;90;112.5;135;157.5;180;202.5;225;247.5;270;292.5;315;337.5
val_images,test009.png,8,upright,0.0,321,481,154401.0,1.0,inpaint,red_gd,wavelet,15.0,fixed5p0,0.8,3.8461538461538467,1.4142135623730951,0.02,G16_fixed,True,16,20,0.05062825514508488,12.956070399036845,0.18533275367387517,11,0.04957409943811083,13.047451664340365,0.19398659729778306,5.0,0;22.5;45;67.5;90;112.5;135;157.5;180;202.5;225;247.5;270;292.5;315;337.5
val_images,test009.png,8,upright,0.0,321,481,154401.0,1.0,inpaint,red_gd,wavelet,15.0,fixed5p0,0.8,3.8461538461538467,1.4142135623730951,0.02,G16_fixed,True,16,20,0.05062825514508488,12.956070399036845,0.18533275367387517,12,0.04947892948495314,13.055797052395024,0.1947151815726582,5.0,0;22.5;45;67.5;90;112.5;135;157.5;180;202.5;225;247.5;270;292.5;315;337.5
val_images,test009.png,8,upright,0.0,321,481,154401.0,1.0,inpaint,red_gd,wavelet,15.0,fixed5p0,0.8,3.8461538461538467,1.4142135623730951,0.02,G16_fixed,True,16,20,0.05062825514508488,12.956070399036845,0.18533275367387517,13,0.049383873379017944,13.06414849576997,0.1955827859558876,5.0,0;22.5;45;67.5;90;112.5;135;157.5;180;202.5;225;247.5;270;292.5;315;337.5
val_images,test009.png,8,upright,0.0,321,481,154401.0,1.0,inpaint,red_gd,wavelet,15.0,fixed5p0,0.8,3.8461538461538467,1.4142135623730951,0.02,G16_fixed,True,16,20,0.05062825514508488,12.956070399036845,0.18533275367387517,14,0.04928892479545955,13.07250655582179,0.19632705584808388,5.0,0;22.5;45;67.5;90;112.5;135;157.5;180;202.5;225;247.5;270;292.5;315;337.5
val_images,test009.png,8,upright,0.0,321,481,154401.0,1.0,inpaint,red_gd,wavelet,15.0,fixed5p0,0.8,3.8461538461538467,1.4142135623730951,0.02,G16_fixed,True,16,20,0.05062825514508488,12.956070399036845,0.18533275367387517,15,0.049194080571855106,13.080871519001462,0.1971943186896458,5.0,0;22.5;45;67.5;90;112.5;135;157.5;180;202.5;225;247.5;270;292.5;315;337.5
val_images,test009.png,8,upright,0.0,321,481,154401.0,1.0,inpaint,red_gd,wavelet,15.0,fixed5p0,0.8,3.8461538461538467,1.4142135623730951,0.02,G16_fixed,True,16,20,0.05062825514508488,12.956070399036845,0.18533275367387517,16,0.04909935652031885,13.089241995573978,0.19795347726860577,5.0,0;22.5;45;67.5;90;112.5;135;157.5;180;202.5;225;247.5;270;292.5;315;337.5
val_images,test009.png,8,upright,0.0,321,481,154401.0,1.0,inpaint,red_gd,wavelet,15.0,fixed5p0,0.8,3.8461538461538467,1.4142135623730951,0.02,G16_fixed,True,16,20,0.05062825514508488,12.956070399036845,0.18533275367387517,17,0.049004727341468,13.097620228432374,0.19882139789411984,5.0,0;22.5;45;67.5;90;112.5;135;157.5;180;202.5;225;247.5;270;292.5;315;337.5
val_images,test009.png,8,upright,0.0,321,481,154401.0,1.0,inpaint,red_gd,wavelet,15.0,fixed5p0,0.8,3.8461538461538467,1.4142135623730951,0.02,G16_fixed,True,16,20,0.05062825514508488,12.956070399036845,0.18533275367387517,18,0.04891021200983964,13.106004546495027,0.1995947241274344,5.0,0;22.5;45;67.5;90;112.5;135;157.5;180;202.5;225;247.5;270;292.5;315;337.5
val_images,test009.png,8,upright,0.0,321,481,154401.0,1.0,inpaint,red_gd,wavelet,15.0,fixed5p0,0.8,3.8461538461538467,1.4142135623730951,0.02,G16_fixed,True,16,20,0.05062825514508488,12.956070399036845,0.18533275367387517,19,0.048815801038165234,13.114395797812124,0.200464225964372,5.0,0;22.5;45;67.5;90;112.5;135;157.5;180;202.5;225;247.5;270;292.5;315;337.5
val_images,test009.png,8,upright,0.0,321,481,154401.0,1.0,inpaint,red_gd,wavelet,15.0,fixed5p0,0.8,3.8461538461538467,1.4142135623730951,0.02,G16_fixed,True,16,20,0.05062825514508488,12.956070399036845,0.18533275367387517,20,0.048721497588867624,13.122793709378772,0.2012510114693234,5.0,0;22.5;45;67.5;90;112.5;135;157.5;180;202.5;225;247.5;270;292.5;315;337.5
val_images,test009.png,8,rot45_padded,45.0,1000,1000,154360.0,0.15435999631881714,inpaint,red_gd,wavelet,15.0,fixed5p0,0.8,3.8461538461538467,1.4142135623730951,0.02,vanilla,False,0,20,0.04999092143568606,13.011088582314898,0.1941674241626717,1,0.04990544691083344,13.018520508852387,0.1949498635494947,5.0,none
val_images,test009.png,8,rot45_padded,45.0,1000,1000,154360.0,0.15435999631881714,inpaint,red_gd,wavelet,15.0,fixed5p0,0.8,3.8461538461538467,1.4142135623730951,0.02,vanilla,False,0,20,0.04999092143568606,13.011088582314898,0.1941674241626717,2,0.0498201906511159,13.02594614845093,0.19557045775702903,5.0,none
val_images,test009.png,8,rot45_padded,45.0,1000,1000,154360.0,0.15435999631881714,inpaint,red_gd,wavelet,15.0,fixed5p0,0.8,3.8461538461538467,1.4142135623730951,0.02,vanilla,False,0,20,0.04999092143568606,13.011088582314898,0.1941674241626717,3,0.0497348932689816,13.033388097166664,0.1963485951064071,5.0,none
val_images,test009.png,8,rot45_padded,45.0,1000,1000,154360.0,0.15435999631881714,inpaint,red_gd,wavelet,15.0,fixed5p0,0.8,3.8461538461538467,1.4142135623730951,0.02,vanilla,False,0,20,0.04999092143568606,13.011088582314898,0.1941674241626717,4,0.04964980149893107,13.040824834846365,0.19698275338494428,5.0,none
val_images,test009.png,8,rot45_padded,45.0,1000,1000,154360.0,0.15435999631881714,inpaint,red_gd,wavelet,15.0,fixed5p0,0.8,3.8461538461538467,1.4142135623730951,0.02,vanilla,False,0,20,0.04999092143568606,13.011088582314898,0.1941674241626717,5,0.049564700239092055,13.048275160346707,0.19775766420623866,5.0,none
val_images,test009.png,8,rot45_padded,45.0,1000,1000,154360.0,0.15435999631881714,inpaint,red_gd,wavelet,15.0,fixed5p0,0.8,3.8461538461538467,1.4142135623730951,0.02,vanilla,False,0,20,0.04999092143568606,13.011088582314898,0.1941674241626717,6,0.04947977612197137,13.055722740633781,0.19840475390321327,5.0,none
val_images,test009.png,8,rot45_padded,45.0,1000,1000,154360.0,0.15435999631881714,inpaint,red_gd,wavelet,15.0,fixed5p0,0.8,3.8461538461538467,1.4142135623730951,0.02,vanilla,False,0,20,0.04999092143568606,13.011088582314898,0.1941674241626717,7,0.049394855168113504,13.063182836362234,0.19917732391001555,5.0,none
val_images,test009.png,8,rot45_padded,45.0,1000,1000,154360.0,0.15435999631881714,inpaint,red_gd,wavelet,15.0,fixed5p0,0.8,3.8461538461538467,1.4142135623730951,0.02,vanilla,False,0,20,0.04999092143568606,13.011088582314898,0.1941674241626717,8,0.049310105030448304,13.070640724212947,0.19983676298506736,5.0,none
val_images,test009.png,8,rot45_padded,45.0,1000,1000,154360.0,0.15435999631881714,inpaint,red_gd,wavelet,15.0,fixed5p0,0.8,3.8461538461538467,1.4142135623730951,0.02,vanilla,False,0,20,0.04999092143568606,13.011088582314898,0.1941674241626717,9,0.0492253548927831,13.07811144109666,0.20060786523791785,5.0,none
val_images,test009.png,8,rot45_padded,45.0,1000,1000,154360.0,0.15435999631881714,inpaint,red_gd,wavelet,15.0,fixed5p0,0.8,3.8461538461538467,1.4142135623730951,0.02,vanilla,False,0,20,0.04999092143568606,13.011088582314898,0.1941674241626717,10,0.049140791387624706,13.085578537063466,0.20127917287509717,5.0,none
val_images,test009.png,8,rot45_padded,45.0,1000,1000,154360.0,0.15435999631881714,inpaint,red_gd,wavelet,15.0,fixed5p0,0.8,3.8461538461538467,1.4142135623730951,0.02,vanilla,False,0,20,0.04999092143568606,13.011088582314898,0.1941674241626717,11,0.04905620890288935,13.093060174050787,0.20204955390402307,5.0,none
val_images,test009.png,8,rot45_padded,45.0,1000,1000,154360.0,0.15435999631881714,inpaint,red_gd,wavelet,15.0,fixed5p0,0.8,3.8461538461538467,1.4142135623730951,0.02,vanilla,False,0,20,0.04999092143568606,13.011088582314898,0.1941674241626717,12,0.048971809887397966,13.100538451428033,0.20273228724653408,5.0,none
val_images,test009.png,8,rot45_padded,45.0,1000,1000,154360.0,0.15435999631881714,inpaint,red_gd,wavelet,15.0,fixed5p0,0.8,3.8461538461538467,1.4142135623730951,0.02,vanilla,False,0,20,0.04999092143568606,13.011088582314898,0.1941674241626717,13,0.048887407708643756,13.108029909153348,0.2035027188876652,5.0,none
val_images,test009.png,8,rot45_padded,45.0,1000,1000,154360.0,0.15435999631881714,inpaint,red_gd,wavelet,15.0,fixed5p0,0.8,3.8461538461538467,1.4142135623730951,0.02,vanilla,False,0,20,0.04999092143568606,13.011088582314898,0.1941674241626717,14,0.048803201652184824,13.115516859016655,0.20419632120125034,5.0,none
val_images,test009.png,8,rot45_padded,45.0,1000,1000,154360.0,0.15435999631881714,inpaint,red_gd,wavelet,15.0,fixed5p0,0.8,3.8461538461538467,1.4142135623730951,0.02,vanilla,False,0,20,0.04999092143568606,13.011088582314898,0.1941674241626717,15,0.04871895131004632,13.123020685927882,0.20496746141325473,5.0,none
val_images,test009.png,8,rot45_padded,45.0,1000,1000,154360.0,0.15435999631881714,inpaint,red_gd,wavelet,15.0,fixed5p0,0.8,3.8461538461538467,1.4142135623730951,0.02,vanilla,False,0,20,0.04999092143568606,13.011088582314898,0.1941674241626717,16,0.0486348970902031,13.130519987399582,0.20567157841247732,5.0,none
val_images,test009.png,8,rot45_padded,45.0,1000,1000,154360.0,0.15435999631881714,inpaint,red_gd,wavelet,15.0,fixed5p0,0.8,3.8461538461538467,1.4142135623730951,0.02,vanilla,False,0,20,0.04999092143568606,13.011088582314898,0.1941674241626717,17,0.04855083021730856,13.138033392737292,0.2064441357662283,5.0,none
val_images,test009.png,8,rot45_padded,45.0,1000,1000,154360.0,0.15435999631881714,inpaint,red_gd,wavelet,15.0,fixed5p0,0.8,3.8461538461538467,1.4142135623730951,0.02,vanilla,False,0,20,0.04999092143568606,13.011088582314898,0.1941674241626717,18,0.048466946813658006,13.145543378952507,0.20715831194124126,5.0,none
val_images,test009.png,8,rot45_padded,45.0,1000,1000,154360.0,0.15435999631881714,inpaint,red_gd,wavelet,15.0,fixed5p0,0.8,3.8461538461538467,1.4142135623730951,0.02,vanilla,False,0,20,0.04999092143568606,13.011088582314898,0.1941674241626717,19,0.04838305075695614,13.153067509981229,0.20793279255879113,5.0,none
val_images,test009.png,8,rot45_padded,45.0,1000,1000,154360.0,0.15435999631881714,inpaint,red_gd,wavelet,15.0,fixed5p0,0.8,3.8461538461538467,1.4142135623730951,0.02,vanilla,False,0,20,0.04999092143568606,13.011088582314898,0.1941674241626717,20,0.04829933816949825,13.160588202071654,0.20865671158331173,5.0,none
val_images,test009.png,8,rot45_padded,45.0,1000,1000,154360.0,0.15435999631881714,inpaint,red_gd,wavelet,15.0,fixed5p0,0.8,3.8461538461538467,1.4142135623730951,0.02,G16_fixed,False,16,20,0.04999092143568606,13.011088582314898,0.1941674241626717,1,0.04989491008235618,13.019437556971113,0.19504654551454392,5.0,0;22.5;45;67.5;90;112.5;135;157.5;180;202.5;225;247.5;270;292.5;315;337.5
val_images,test009.png,8,rot45_padded,45.0,1000,1000,154360.0,0.15435999631881714,inpaint,red_gd,wavelet,15.0,fixed5p0,0.8,3.8461538461538467,1.4142135623730951,0.02,G16_fixed,False,16,20,0.04999092143568606,13.011088582314898,0.1941674241626717,2,0.04979895250449436,13.027797923065958,0.19574213435718452,5.0,0;22.5;45;67.5;90;112.5;135;157.5;180;202.5;225;247.5;270;292.5;315;337.5
val_images,test009.png,8,rot45_padded,45.0,1000,1000,154360.0,0.15435999631881714,inpaint,red_gd,wavelet,15.0,fixed5p0,0.8,3.8461538461538467,1.4142135623730951,0.02,G16_fixed,False,16,20,0.04999092143568606,13.011088582314898,0.1941674241626717,3,0.04970310247756867,13.036165016723967,0.196618396119461,5.0,0;22.5;45;67.5;90;112.5;135;157.5;180;202.5;225;247.5;270;292.5;315;337.5
val_images,test009.png,8,rot45_padded,45.0,1000,1000,154360.0,0.15435999631881714,inpaint,red_gd,wavelet,15.0,fixed5p0,0.8,3.8461538461538467,1.4142135623730951,0.02,G16_fixed,False,16,20,0.04999092143568606,13.011088582314898,0.1941674241626717,4,0.04960730938937387,13.044543276712613,0.19733039596964888,5.0,0;22.5;45;67.5;90;112.5;135;157.5;180;202.5;225;247.5;270;292.5;315;337.5
val_images,test009.png,8,rot45_padded,45.0,1000,1000,154360.0,0.15435999631881714,inpaint,red_gd,wavelet,15.0,fixed5p0,0.8,3.8461538461538467,1.4142135623730951,0.02,G16_fixed,False,16,20,0.04999092143568606,13.011088582314898,0.1941674241626717,5,0.04951166181126911,13.052924967476482,0.19820472181507515,5.0,0;22.5;45;67.5;90;112.5;135;157.5;180;202.5;225;247.5;270;292.5;315;337.5
val_images,test009.png,8,rot45_padded,45.0,1000,1000,154360.0,0.15435999631881714,inpaint,red_gd,wavelet,15.0,fixed5p0,0.8,3.8461538461538467,1.4142135623730951,0.02,G16_fixed,False,16,20,0.04999092143568606,13.011088582314898,0.1941674241626717,6,0.049416061682106764,13.061318695750517,0.19893248736719357,5.0,0;22.5;45;67.5;90;112.5;135;157.5;180;202.5;225;247.5;270;292.5;315;337.5
val_images,test009.png,8,rot45_padded,45.0,1000,1000,154360.0,0.15435999631881714,inpaint,red_gd,wavelet,15.0,fixed5p0,0.8,3.8461538461538467,1.4142135623730951,0.02,G16_fixed,False,16,20,0.04999092143568606,13.011088582314898,0.1941674241626717,7,0.049320581756931846,13.069718093606689,0.19980563647884814,5.0,0;22.5;45;67.5;90;112.5;135;157.5;180;202.5;225;247.5;270;292.5;315;337.5
val_images,test009.png,8,rot45_padded,45.0,1000,1000,154360.0,0.15435999631881714,inpaint,red_gd,wavelet,15.0,fixed5p0,0.8,3.8461538461538467,1.4142135623730951,0.02,G16_fixed,False,16,20,0.04999092143568606,13.011088582314898,0.1941674241626717,8,0.04922517775006478,13.078127069677432,0.2005482440601516,5.0,0;22.5;45;67.5;90;112.5;135;157.5;180;202.5;225;247.5;270;292.5;315;337.5
val_images,test009.png,8,rot45_padded,45.0,1000,1000,154360.0,0.15435999631881714,inpaint,red_gd,wavelet,15.0,fixed5p0,0.8,3.8461538461538467,1.4142135623730951,0.02,G16_fixed,False,16,20,0.04999092143568606,13.011088582314898,0.1941674241626717,9,0.04912989394718515,13.086541733413027,0.20142107684552346,5.0,0;22.5;45;67.5;90;112.5;135;157.5;180;202.5;225;247.5;270;292.5;315;337.5
val_images,test009.png,8,rot45_padded,45.0,1000,1000,154360.0,0.15435999631881714,inpaint,red_gd,wavelet,15.0,fixed5p0,0.8,3.8461538461538467,1.4142135623730951,0.02,G16_fixed,False,16,20,0.04999092143568606,13.011088582314898,0.1941674241626717,10,0.04903468289935054,13.094966288784304,0.2021780456400622,5.0,0;22.5;45;67.5;90;112.5;135;157.5;180;202.5;225;247.5;270;292.5;315;337.5
val_images,test009.png,8,rot45_padded,45.0,1000,1000,154360.0,0.15435999631881714,inpaint,red_gd,wavelet,15.0,fixed5p0,0.8,3.8461538461538467,1.4142135623730951,0.02,G16_fixed,False,16,20,0.04999092143568606,13.011088582314898,0.1941674241626717,11,0.04893959205550337,13.103396551064652,0.20305134658833246,5.0,0;22.5;45;67.5;90;112.5;135;157.5;180;202.5;225;247.5;270;292.5;315;337.5
val_images,test009.png,8,rot45_padded,45.0,1000,1000,154360.0,0.15435999631881714,inpaint,red_gd,wavelet,15.0,fixed5p0,0.8,3.8461538461538467,1.4142135623730951,0.02,G16_fixed,False,16,20,0.04999092143568606,13.011088582314898,0.1941674241626717,12,0.04884457396670122,13.11183674057887,0.20382185414777143,5.0,0;22.5;45;67.5;90;112.5;135;157.5;180;202.5;225;247.5;270;292.5;315;337.5
val_images,test009.png,8,rot45_padded,45.0,1000,1000,154360.0,0.15435999631881714,inpaint,red_gd,wavelet,15.0,fixed5p0,0.8,3.8461538461538467,1.4142135623730951,0.02,G16_fixed,False,16,20,0.04999092143568606,13.011088582314898,0.1941674241626717,13,0.048749688734937804,13.120281529117106,0.20469630652371082,5.0,0;22.5;45;67.5;90;112.5;135;157.5;180;202.5;225;247.5;270;292.5;315;337.5
val_images,test009.png,8,rot45_padded,45.0,1000,1000,154360.0,0.15435999631881714,inpaint,red_gd,wavelet,15.0,fixed5p0,0.8,3.8461538461538467,1.4142135623730951,0.02,G16_fixed,False,16,20,0.04999092143568606,13.011088582314898,0.1941674241626717,14,0.04865488891127073,13.12873514686248,0.20547996060345944,5.0,0;22.5;45;67.5;90;112.5;135;157.5;180;202.5;225;247.5;270;292.5;315;337.5
val_images,test009.png,8,rot45_padded,45.0,1000,1000,154360.0,0.15435999631881714,inpaint,red_gd,wavelet,15.0,fixed5p0,0.8,3.8461538461538467,1.4142135623730951,0.02,G16_fixed,False,16,20,0.04999092143568606,13.011088582314898,0.1941674241626717,15,0.048560187148751294,13.13719648178405,0.20635622236573595,5.0,0;22.5;45;67.5;90;112.5;135;157.5;180;202.5;225;247.5;270;292.5;315;337.5
val_images,test009.png,8,rot45_padded,45.0,1000,1000,154360.0,0.15435999631881714,inpaint,red_gd,wavelet,15.0,fixed5p0,0.8,3.8461538461538467,1.4142135623730951,0.02,G16_fixed,False,16,20,0.04999092143568606,13.011088582314898,0.1941674241626717,16,0.048465592937167984,13.145664696539015,0.20715240296628012,5.0,0;22.5;45;67.5;90;112.5;135;157.5;180;202.5;225;247.5;270;292.5;315;337.5
val_images,test009.png,8,rot45_padded,45.0,1000,1000,154360.0,0.15435999631881714,inpaint,red_gd,wavelet,15.0,fixed5p0,0.8,3.8461538461538467,1.4142135623730951,0.02,G16_fixed,False,16,20,0.04999092143568606,13.011088582314898,0.1941674241626717,17,0.04837109994999514,13.15414036721907,0.2080312586040749,5.0,0;22.5;45;67.5;90;112.5;135;157.5;180;202.5;225;247.5;270;292.5;315;337.5
val_images,test009.png,8,rot45_padded,45.0,1000,1000,154360.0,0.15435999631881714,inpaint,red_gd,wavelet,15.0,fixed5p0,0.8,3.8461538461538467,1.4142135623730951,0.02,G16_fixed,False,16,20,0.04999092143568606,13.011088582314898,0.1941674241626717,18,0.04827670502396994,13.162623789794237,0.20883951021556751,5.0,0;22.5;45;67.5;90;112.5;135;157.5;180;202.5;225;247.5;270;292.5;315;337.5
val_images,test009.png,8,rot45_padded,45.0,1000,1000,154360.0,0.15435999631881714,inpaint,red_gd,wavelet,15.0,fixed5p0,0.8,3.8461538461538467,1.4142135623730951,0.02,G16_fixed,False,16,20,0.04999092143568606,13.011088582314898,0.1941674241626717,19,0.04818241448561804,13.171114407115487,0.20972145319788157,5.0,0;22.5;45;67.5;90;112.5;135;157.5;180;202.5;225;247.5;270;292.5;315;337.5
val_images,test009.png,8,rot45_padded,45.0,1000,1000,154360.0,0.15435999631881714,inpaint,red_gd,wavelet,15.0,fixed5p0,0.8,3.8461538461538467,1.4142135623730951,0.02,G16_fixed,False,16,20,0.04999092143568606,13.011088582314898,0.1941674241626717,20,0.04808822833493943,13.179612228956866,0.21054140888183467,5.0,0;22.5;45;67.5;90;112.5;135;157.5;180;202.5;225;247.5;270;292.5;315;337.5
val_images,test010.png,9,upright,0.0,321,481,154401.0,1.0,inpaint,red_gd,wavelet,15.0,fixed5p0,0.8,3.8461538461538467,1.4142135623730951,0.02,vanilla,True,0,20,0.08486813303913188,10.712553514903805,0.07036741863516104,1,0.08482736308378831,10.71464033127529,0.07041073750331928,5.0,none
val_images,test010.png,9,upright,0.0,321,481,154401.0,1.0,inpaint,red_gd,wavelet,15.0,fixed5p0,0.8,3.8461538461538467,1.4142135623730951,0.02,vanilla,True,0,20,0.08486813303913188,10.712553514903805,0.07036741863516104,2,0.08478671330051295,10.71672199540145,0.07045337328814257,5.0,none
val_images,test010.png,9,upright,0.0,321,481,154401.0,1.0,inpaint,red_gd,wavelet,15.0,fixed5p0,0.8,3.8461538461538467,1.4142135623730951,0.02,vanilla,True,0,20,0.08486813303913188,10.712553514903805,0.07036741863516104,3,0.08474594967001509,10.718810492074427,0.07049671113083789,5.0,none
val_images,test010.png,9,upright,0.0,321,481,154401.0,1.0,inpaint,red_gd,wavelet,15.0,fixed5p0,0.8,3.8461538461538467,1.4142135623730951,0.02,vanilla,True,0,20,0.08486813303913188,10.712553514903805,0.07036741863516104,4,0.08470530621158542,10.720893832202904,0.07053944178834658,5.0,none
val_images,test010.png,9,upright,0.0,321,481,154401.0,1.0,inpaint,red_gd,wavelet,15.0,fixed5p0,0.8,3.8461538461538467,1.4142135623730951,0.02,vanilla,True,0,20,0.08486813303913188,10.712553514903805,0.07036741863516104,5,0.08466456155562464,10.722983363218715,0.07058280493042467,5.0,none
val_images,test010.png,9,upright,0.0,321,481,154401.0,1.0,inpaint,red_gd,wavelet,15.0,fixed5p0,0.8,3.8461538461538467,1.4142135623730951,0.02,vanilla,True,0,20,0.08486813303913188,10.712553514903805,0.07036741863516104,6,0.08462394339657774,10.725067408167027,0.07062564311031017,5.0,none
val_images,test010.png,9,upright,0.0,321,481,154401.0,1.0,inpaint,red_gd,wavelet,15.0,fixed5p0,0.8,3.8461538461538467,1.4142135623730951,0.02,vanilla,True,0,20,0.08486813303913188,10.712553514903805,0.07036741863516104,7,0.08458323036484544,10.727157324920677,0.07066903155177104,5.0,none
val_images,test010.png,9,upright,0.0,321,481,154401.0,1.0,inpaint,red_gd,wavelet,15.0,fixed5p0,0.8,3.8461538461538467,1.4142135623730951,0.02,vanilla,True,0,20,0.08486813303913188,10.712553514903805,0.07036741863516104,8,0.08454262485548993,10.729242724455105,0.07071195195465055,5.0,none
val_images,test010.png,9,upright,0.0,321,481,154401.0,1.0,inpaint,red_gd,wavelet,15.0,fixed5p0,0.8,3.8461538461538467,1.4142135623730951,0.02,vanilla,True,0,20,0.08486813303913188,10.712553514903805,0.07036741863516104,9,0.08450191182375762,10.731334651909503,0.0707553656954942,5.0,none
val_images,test010.png,9,upright,0.0,321,481,154401.0,1.0,inpaint,red_gd,wavelet,15.0,fixed5p0,0.8,3.8461538461538467,1.4142135623730951,0.02,vanilla,True,0,20,0.08486813303913188,10.712553514903805,0.07036741863516104,10,0.08446131896409349,10.733421408325533,0.07079838729590482,5.0,none
val_images,test010.png,9,upright,0.0,321,481,154401.0,1.0,inpaint,red_gd,wavelet,15.0,fixed5p0,0.8,3.8461538461538467,1.4142135623730951,0.02,vanilla,True,0,20,0.08486813303913188,10.712553514903805,0.07036741863516104,11,0.08442065020628105,10.735513072406901,0.07084182633613124,5.0,none
val_images,test010.png,9,upright,0.0,321,481,154401.0,1.0,inpaint,red_gd,wavelet,15.0,fixed5p0,0.8,3.8461538461538467,1.4142135623730951,0.02,vanilla,True,0,20,0.08486813303913188,10.712553514903805,0.07036741863516104,12,0.08438003204723415,10.737603140106167,0.07088494913407296,5.0,none
val_images,test010.png,9,upright,0.0,321,481,154401.0,1.0,inpaint,red_gd,wavelet,15.0,fixed5p0,0.8,3.8461538461538467,1.4142135623730951,0.02,vanilla,True,0,20,0.08486813303913188,10.712553514903805,0.07036741863516104,13,0.08433938226395878,10.739695842594584,0.07092843244821925,5.0,none
val_images,test010.png,9,upright,0.0,321,481,154401.0,1.0,inpaint,red_gd,wavelet,15.0,fixed5p0,0.8,3.8461538461538467,1.4142135623730951,0.02,vanilla,True,0,20,0.08486813303913188,10.712553514903805,0.07036741863516104,14,0.08429880205398604,10.741785969652945,0.07097164379400069,5.0,none
val_images,test010.png,9,upright,0.0,321,481,154401.0,1.0,inpaint,red_gd,wavelet,15.0,fixed5p0,0.8,3.8461538461538467,1.4142135623730951,0.02,vanilla,True,0,20,0.08486813303913188,10.712553514903805,0.07036741863516104,15,0.08425816492040207,10.743880037140585,0.07101515240752974,5.0,none
val_images,test010.png,9,upright,0.0,321,481,154401.0,1.0,inpaint,red_gd,wavelet,15.0,fixed5p0,0.8,3.8461538461538467,1.4142135623730951,0.02,vanilla,True,0,20,0.08486813303913188,10.712553514903805,0.07036741863516104,16,0.08421759103527503,10.745971853219494,0.0710584523011509,5.0,none
val_images,test010.png,9,upright,0.0,321,481,154401.0,1.0,inpaint,red_gd,wavelet,15.0,fixed5p0,0.8,3.8461538461538467,1.4142135623730951,0.02,vanilla,True,0,20,0.08486813303913188,10.712553514903805,0.07036741863516104,17,0.08417697287622813,10.748066961549775,0.07110200518859981,5.0,none
val_images,test010.png,9,upright,0.0,321,481,154401.0,1.0,inpaint,red_gd,wavelet,15.0,fixed5p0,0.8,3.8461538461538467,1.4142135623730951,0.02,vanilla,True,0,20,0.08486813303913188,10.712553514903805,0.07036741863516104,18,0.08413641796563817,10.750159816329308,0.07114539995490637,5.0,none
val_images,test010.png,9,upright,0.0,321,481,154401.0,1.0,inpaint,red_gd,wavelet,15.0,fixed5p0,0.8,3.8461538461538467,1.4142135623730951,0.02,vanilla,True,0,20,0.08486813303913188,10.712553514903805,0.07036741863516104,19,0.08409580613143697,10.752256619831826,0.07118900344112085,5.0,none
val_images,test010.png,9,upright,0.0,321,481,154401.0,1.0,inpaint,red_gd,wavelet,15.0,fixed5p0,0.8,3.8461538461538467,1.4142135623730951,0.02,vanilla,True,0,20,0.08486813303913188,10.712553514903805,0.07036741863516104,20,0.08405523857115563,10.75435214864016,0.07123248043042144,5.0,none
val_images,test010.png,9,upright,0.0,321,481,154401.0,1.0,inpaint,red_gd,wavelet,15.0,fixed5p0,0.8,3.8461538461538467,1.4142135623730951,0.02,G16_fixed,True,16,20,0.08486813303913188,10.712553514903805,0.07036741863516104,1,0.08474785977341467,10.718712606804273,0.07052131478058755,5.0,0;22.5;45;67.5;90;112.5;135;157.5;180;202.5;225;247.5;270;292.5;315;337.5
val_images,test010.png,9,upright,0.0,321,481,154401.0,1.0,inpaint,red_gd,wavelet,15.0,fixed5p0,0.8,3.8461538461538467,1.4142135623730951,0.02,G16_fixed,True,16,20,0.08486813303913188,10.712553514903805,0.07036741863516104,2,0.08462763710646304,10.724877849190214,0.07063896956018743,5.0,0;22.5;45;67.5;90;112.5;135;157.5;180;202.5;225;247.5;270;292.5;315;337.5
val_images,test010.png,9,upright,0.0,321,481,154401.0,1.0,inpaint,red_gd,wavelet,15.0,fixed5p0,0.8,3.8461538461538467,1.4142135623730951,0.02,G16_fixed,True,16,20,0.08486813303913188,10.712553514903805,0.07036741863516104,3,0.08450750298735112,10.731047305609929,0.07079093662767728,5.0,0;22.5;45;67.5;90;112.5;135;157.5;180;202.5;225;247.5;270;292.5;315;337.5
val_images,test010.png,9,upright,0.0,321,481,154401.0,1.0,inpaint,red_gd,wavelet,15.0,fixed5p0,0.8,3.8461538461538467,1.4142135623730951,0.02,G16_fixed,True,16,20,0.08486813303913188,10.712553514903805,0.07036741863516104,4,0.08438744476638753,10.737221632592153,0.07091152613567918,5.0,0;22.5;45;67.5;90;112.5;135;157.5;180;202.5;225;247.5;270;292.5;315;337.5
val_images,test010.png,9,upright,0.0,321,481,154401.0,1.0,inpaint,red_gd,wavelet,15.0,fixed5p0,0.8,3.8461538461538467,1.4142135623730951,0.02,G16_fixed,True,16,20,0.08486813303913188,10.712553514903805,0.07036741863516104,5,0.08426746876841795,10.743400512480815,0.07106189934205413,5.0,0;22.5;45;67.5;90;112.5;135;157.5;180;202.5;225;247.5;270;292.5;315;337.5
val_images,test010.png,9,upright,0.0,321,481,154401.0,1.0,inpaint,red_gd,wavelet,15.0,fixed5p0,0.8,3.8461538461538467,1.4142135623730951,0.02,G16_fixed,True,16,20,0.08486813303913188,10.712553514903805,0.07036741863516104,6,0.08414756866859671,10.74958427864825,0.07118512631071042,5.0,0;22.5;45;67.5;90;112.5;135;157.5;180;202.5;225;247.5;270;292.5;315;337.5
val_images,test010.png,9,upright,0.0,321,481,154401.0,1.0,inpaint,red_gd,wavelet,15.0,fixed5p0,0.8,3.8461538461538467,1.4142135623730951,0.02,G16_fixed,True,16,20,0.08486813303913188,10.712553514903805,0.07036741863516104,7,0.08402775079176948,10.755772612550142,0.07133419659887241,5.0,0;22.5;45;67.5;90;112.5;135;157.5;180;202.5;225;247.5;270;292.5;315;337.5
val_images,test010.png,9,upright,0.0,321,481,154401.0,1.0,inpaint,red_gd,wavelet,15.0,fixed5p0,0.8,3.8461538461538467,1.4142135623730951,0.02,G16_fixed,True,16,20,0.08486813303913188,10.712553514903805,0.07036741863516104,8,0.0839079898385535,10.761966830618434,0.07145982068404673,5.0,0;22.5;45;67.5;90;112.5;135;157.5;180;202.5;225;247.5;270;292.5;315;337.5
val_images,test010.png,9,upright,0.0,321,481,154401.0,1.0,inpaint,red_gd,wavelet,15.0,fixed5p0,0.8,3.8461538461538467,1.4142135623730951,0.02,G16_fixed,True,16,20,0.08486813303913188,10.712553514903805,0.07036741863516104,9,0.08378831743317725,10.768165306298572,0.0716078536975149,5.0,0;22.5;45;67.5;90;112.5;135;157.5;180;202.5;225;247.5;270;292.5;315;337.5
val_images,test010.png,9,upright,0.0,321,481,154401.0,1.0,inpaint,red_gd,wavelet,15.0,fixed5p0,0.8,3.8461538461538467,1.4142135623730951,0.02,G16_fixed,True,16,20,0.08486813303913188,10.712553514903805,0.07036741863516104,10,0.0836687335756407,10.774368045206034,0.07173560925568812,5.0,0;22.5;45;67.5;90;112.5;135;157.5;180;202.5;225;247.5;270;292.5;315;337.5
val_images,test010.png,9,upright,0.0,321,481,154401.0,1.0,inpaint,red_gd,wavelet,15.0,fixed5p0,0.8,3.8461538461538467,1.4142135623730951,0.02,G16_fixed,True,16,20,0.08486813303913188,10.712553514903805,0.07036741863516104,11,0.0835492066417154,10.780576696815539,0.07188285166344453,5.0,0;22.5;45;67.5;90;112.5;135;157.5;180;202.5;225;247.5;270;292.5;315;337.5
val_images,test010.png,9,upright,0.0,321,481,154401.0,1.0,inpaint,red_gd,wavelet,15.0,fixed5p0,0.8,3.8461538461538467,1.4142135623730951,0.02,G16_fixed,True,16,20,0.08486813303913188,10.712553514903805,0.07036741863516104,12,0.08342975560593843,10.786790286102066,0.07201258057347426,5.0,0;22.5;45;67.5;90;112.5;135;157.5;180;202.5;225;247.5;270;292.5;315;337.5
val_images,test010.png,9,upright,0.0,321,481,154401.0,1.0,inpaint,red_gd,wavelet,15.0,fixed5p0,0.8,3.8461538461538467,1.4142135623730951,0.02,G16_fixed,True,16,20,0.08486813303913188,10.712553514903805,0.07036741863516104,13,0.0833103741434641,10.793009151270427,0.0721591904966613,5.0,0;22.5;45;67.5;90;112.5;135;157.5;180;202.5;225;247.5;270;292.5;315;337.5
val_images,test010.png,9,upright,0.0,321,481,154401.0,1.0,inpaint,red_gd,wavelet,15.0,fixed5p0,0.8,3.8461538461538467,1.4142135623730951,0.02,G16_fixed,True,16,20,0.08486813303913188,10.712553514903805,0.07036741863516104,14,0.08319106225429239,10.79923330225469,0.07229071566286811,5.0,0;22.5;45;67.5;90;112.5;135;157.5;180;202.5;225;247.5;270;292.5;315;337.5
val_images,test010.png,9,upright,0.0,321,481,154401.0,1.0,inpaint,red_gd,wavelet,15.0,fixed5p0,0.8,3.8461538461538467,1.4142135623730951,0.02,G16_fixed,True,16,20,0.08486813303913188,10.712553514903805,0.07036741863516104,15,0.0830718452378061,10.805461426382106,0.07243689549654796,5.0,0;22.5;45;67.5;90;112.5;135;157.5;180;202.5;225;247.5;270;292.5;315;337.5
val_images,test010.png,9,upright,0.0,321,481,154401.0,1.0,inpaint,red_gd,wavelet,15.0,fixed5p0,0.8,3.8461538461538467,1.4142135623730951,0.02,G16_fixed,True,16,20,0.08486813303913188,10.712553514903805,0.07036741863516104,16,0.08295267249523967,10.811696177018398,0.07257005879778952,5.0,0;22.5;45;67.5;90;112.5;135;157.5;180;202.5;225;247.5;270;292.5;315;337.5
val_images,test010.png,9,upright,0.0,321,481,154401.0,1.0,inpaint,red_gd,wavelet,15.0,fixed5p0,0.8,3.8461538461538467,1.4142135623730951,0.02,G16_fixed,True,16,20,0.08486813303913188,10.712553514903805,0.07036741863516104,17,0.08283356932597587,10.817936243446002,0.07271594768856743,5.0,0;22.5;45;67.5;90;112.5;135;157.5;180;202.5;225;247.5;270;292.5;315;337.5
val_images,test010.png,9,upright,0.0,321,481,154401.0,1.0,inpaint,red_gd,wavelet,15.0,fixed5p0,0.8,3.8461538461538467,1.4142135623730951,0.02,G16_fixed,True,16,20,0.08486813303913188,10.712553514903805,0.07036741863516104,18,0.08271455470455179,10.824180639455632,0.07285064160246696,5.0,0;22.5;45;67.5;90;112.5;135;157.5;180;202.5;225;247.5;270;292.5;315;337.5
val_images,test010.png,9,upright,0.0,321,481,154401.0,1.0,inpaint,red_gd,wavelet,15.0,fixed5p0,0.8,3.8461538461538467,1.4142135623730951,0.02,G16_fixed,True,16,20,0.08486813303913188,10.712553514903805,0.07036741863516104,19,0.08259559700673895,10.830431033653774,0.0729963850217939,5.0,0;22.5;45;67.5;90;112.5;135;157.5;180;202.5;225;247.5;270;292.5;315;337.5
val_images,test010.png,9,upright,0.0,321,481,154401.0,1.0,inpaint,red_gd,wavelet,15.0,fixed5p0,0.8,3.8461538461538467,1.4142135623730951,0.02,G16_fixed,True,16,20,0.08486813303913188,10.712553514903805,0.07036741863516104,20,0.08247671520707443,10.83668643988474,0.07313249570112888,5.0,0;22.5;45;67.5;90;112.5;135;157.5;180;202.5;225;247.5;270;292.5;315;337.5
val_images,test010.png,9,rot45_padded,45.0,1000,1000,154360.0,0.15435999631881714,inpaint,red_gd,wavelet,15.0,fixed5p0,0.8,3.8461538461538467,1.4142135623730951,0.02,vanilla,False,0,20,0.08462250001012245,10.725141484142886,0.08101387508300402,1,0.08451877662201995,10.730467978259622,0.0811259621380215,5.0,none
val_images,test010.png,9,rot45_padded,45.0,1000,1000,154360.0,0.15435999631881714,inpaint,red_gd,wavelet,15.0,fixed5p0,0.8,3.8461538461538467,1.4142135623730951,0.02,vanilla,False,0,20,0.08462250001012245,10.725141484142886,0.08101387508300402,2,0.08441526833578972,10.735789946744742,0.08125502958789518,5.0,none
val_images,test010.png,9,rot45_padded,45.0,1000,1000,154360.0,0.15435999631881714,inpaint,red_gd,wavelet,15.0,fixed5p0,0.8,3.8461538461538467,1.4142135623730951,0.02,vanilla,False,0,20,0.08462250001012245,10.725141484142886,0.08101387508300402,3,0.08431163351904639,10.741124962585113,0.08136885011094196,5.0,none
val_images,test010.png,9,rot45_padded,45.0,1000,1000,154360.0,0.15435999631881714,inpaint,red_gd,wavelet,15.0,fixed5p0,0.8,3.8461538461538467,1.4142135623730951,0.02,vanilla,False,0,20,0.08462250001012245,10.725141484142886,0.08101387508300402,4,0.08420815686544442,10.746458383094424,0.08149720266341669,5.0,none
val_images,test010.png,9,rot45_padded,45.0,1000,1000,154360.0,0.15435999631881714,inpaint,red_gd,wavelet,15.0,fixed5p0,0.8,3.8461538461538467,1.4142135623730951,0.02,vanilla,False,0,20,0.08462250001012245,10.725141484142886,0.08101387508300402,5,0.08410462327311155,10.751801301615043,0.08161256053219747,5.0,none
val_images,test010.png,9,rot45_padded,45.0,1000,1000,154360.0,0.15435999631881714,inpaint,red_gd,wavelet,15.0,fixed5p0,0.8,3.8461538461538467,1.4142135623730951,0.02,vanilla,False,0,20,0.08462250001012245,10.725141484142886,0.08101387508300402,6,0.08400119723171483,10.757145240878568,0.08174036900346593,5.0,none
val_images,test010.png,9,rot45_padded,45.0,1000,1000,154360.0,0.15435999631881714,inpaint,red_gd,wavelet,15.0,fixed5p0,0.8,3.8461538461538467,1.4142135623730951,0.02,vanilla,False,0,20,0.08462250001012245,10.725141484142886,0.08101387508300402,7,0.08389772057811286,10.762498383822088,0.08185710605483934,5.0,none
val_images,test010.png,9,rot45_padded,45.0,1000,1000,154360.0,0.15435999631881714,inpaint,red_gd,wavelet,15.0,fixed5p0,0.8,3.8461538461538467,1.4142135623730951,0.02,vanilla,False,0,20,0.08462250001012245,10.725141484142886,0.08101387508300402,8,0.08379442739375485,10.76784862427174,0.08198457289372246,5.0,none
val_images,test010.png,9,rot45_padded,45.0,1000,1000,154360.0,0.15435999631881714,inpaint,red_gd,wavelet,15.0,fixed5p0,0.8,3.8461538461538467,1.4142135623730951,0.02,vanilla,False,0,20,0.08462250001012245,10.725141484142886,0.08101387508300402,9,0.08369100135235813,10.773212358312305,0.08210254994412412,5.0,none
val_images,test010.png,9,rot45_padded,45.0,1000,1000,154360.0,0.15435999631881714,inpaint,red_gd,wavelet,15.0,fixed5p0,0.8,3.8461538461538467,1.4142135623730951,0.02,vanilla,False,0,20,0.08462250001012245,10.725141484142886,0.08101387508300402,10,0.08358772082105144,10.778575164765062,0.08222980168113501,5.0,none
val_images,test010.png,9,rot45_padded,45.0,1000,1000,154360.0,0.15435999631881714,inpaint,red_gd,wavelet,15.0,fixed5p0,0.8,3.8461538461538467,1.4142135623730951,0.02,vanilla,False,0,20,0.08462250001012245,10.725141484142886,0.08101387508300402,11,0.08348440233059083,10.783946576244022,0.08234887954700051,5.0,none
val_images,test010.png,9,rot45_padded,45.0,1000,1000,154360.0,0.15435999631881714,inpaint,red_gd,wavelet,15.0,fixed5p0,0.8,3.8461538461538467,1.4142135623730951,0.02,vanilla,False,0,20,0.08462250001012245,10.725141484142886,0.08101387508300402,12,0.08338116608496372,10.789320355622763,0.08247606801875486,5.0,none
val_images,test010.png,9,rot45_padded,45.0,1000,1000,154360.0,0.15435999631881714,inpaint,red_gd,wavelet,15.0,fixed5p0,0.8,3.8461538461538467,1.4142135623730951,0.02,vanilla,False,0,20,0.08462250001012245,10.725141484142886,0.08101387508300402,13,0.08327792351281096,10.794701122459697,0.0825962213939816,5.0,none
val_images,test010.png,9,rot45_padded,45.0,1000,1000,154360.0,0.15435999631881714,inpaint,red_gd,wavelet,15.0,fixed5p0,0.8,3.8461538461538467,1.4142135623730951,0.02,vanilla,False,0,20,0.08462250001012245,10.725141484142886,0.08101387508300402,14,0.0831747505324404,10.800084930446165,0.08272342251878725,5.0,none
val_images,test010.png,9,rot45_padded,45.0,1000,1000,154360.0,0.15435999631881714,inpaint,red_gd,wavelet,15.0,fixed5p0,0.8,3.8461538461538467,1.4142135623730951,0.02,vanilla,False,0,20,0.08462250001012245,10.725141484142886,0.08101387508300402,15,0.08307157122554418,10.805475751597736,0.08284446793413125,5.0,none
val_images,test010.png,9,rot45_padded,45.0,1000,1000,154360.0,0.15435999631881714,inpaint,red_gd,wavelet,15.0,fixed5p0,0.8,3.8461538461538467,1.4142135623730951,0.02,vanilla,False,0,20,0.08462250001012245,10.725141484142886,0.08101387508300402,16,0.08296847416348148,10.810868967529888,0.08297179558944999,5.0,none
val_images,test010.png,9,rot45_padded,45.0,1000,1000,154360.0,0.15435999631881714,inpaint,red_gd,wavelet,15.0,fixed5p0,0.8,3.8461538461538467,1.4142135623730951,0.02,vanilla,False,0,20,0.08462250001012245,10.725141484142886,0.08101387508300402,17,0.08286532648921352,10.816271541836976,0.08309371406533428,5.0,none
val_images,test010.png,9,rot45_padded,45.0,1000,1000,154360.0,0.15435999631881714,inpaint,red_gd,wavelet,15.0,fixed5p0,0.8,3.8461538461538467,1.4142135623730951,0.02,vanilla,False,0,20,0.08462250001012245,10.725141484142886,0.08101387508300402,18,0.08276229901893302,10.82167453755838,0.08322120621032003,5.0,none
val_images,test010.png,9,rot45_padded,45.0,1000,1000,154360.0,0.15435999631881714,inpaint,red_gd,wavelet,15.0,fixed5p0,0.8,3.8461538461538467,1.4142135623730951,0.02,vanilla,False,0,20,0.08462250001012245,10.725141484142886,0.08101387508300402,19,0.08265922093644727,10.827086922625908,0.08334397876716766,5.0,none
val_images,test010.png,9,rot45_padded,45.0,1000,1000,154360.0,0.15435999631881714,inpaint,red_gd,wavelet,15.0,fixed5p0,0.8,3.8461538461538467,1.4142135623730951,0.02,vanilla,False,0,20,0.08462250001012245,10.725141484142886,0.08101387508300402,20,0.08255624407837199,10.832500736279876,0.08347171764665393,5.0,none
val_images,test010.png,9,rot45_padded,45.0,1000,1000,154360.0,0.15435999631881714,inpaint,red_gd,wavelet,15.0,fixed5p0,0.8,3.8461538461538467,1.4142135623730951,0.02,G16_fixed,False,16,20,0.08462250001012245,10.725141484142886,0.08101387508300402,1,0.0845032323484873,10.731266784554798,0.08117277210133778,5.0,0;22.5;45;67.5;90;112.5;135;157.5;180;202.5;225;247.5;270;292.5;315;337.5
val_images,test010.png,9,rot45_padded,45.0,1000,1000,154360.0,0.15435999631881714,inpaint,red_gd,wavelet,15.0,fixed5p0,0.8,3.8461538461538467,1.4142135623730951,0.02,G16_fixed,False,16,20,0.08462250001012245,10.725141484142886,0.08101387508300402,2,0.08438398366642913,10.737399759497567,0.0813190034153116,5.0,0;22.5;45;67.5;90;112.5;135;157.5;180;202.5;225;247.5;270;292.5;315;337.5
val_images,test010.png,9,rot45_padded,45.0,1000,1000,154360.0,0.15435999631881714,inpaint,red_gd,wavelet,15.0,fixed5p0,0.8,3.8461538461538467,1.4142135623730951,0.02,G16_fixed,False,16,20,0.08462250001012245,10.725141484142886,0.08101387508300402,3,0.08426484886183273,10.74353553833095,0.08147784349491449,5.0,0;22.5;45;67.5;90;112.5;135;157.5;180;202.5;225;247.5;270;292.5;315;337.5
val_images,test010.png,9,rot45_padded,45.0,1000,1000,154360.0,0.15435999631881714,inpaint,red_gd,wavelet,15.0,fixed5p0,0.8,3.8461538461538467,1.4142135623730951,0.02,G16_fixed,False,16,20,0.08462250001012245,10.725141484142886,0.08101387508300402,4,0.08414573936333895,10.749678692049292,0.08162542235885269,5.0,0;22.5;45;67.5;90;112.5;135;157.5;180;202.5;225;247.5;270;292.5;315;337.5
val_images,test010.png,9,rot45_padded,45.0,1000,1000,154360.0,0.15435999631881714,inpaint,red_gd,wavelet,15.0,fixed5p0,0.8,3.8461538461538467,1.4142135623730951,0.02,G16_fixed,False,16,20,0.08462250001012245,10.725141484142886,0.08101387508300402,5,0.0840267500688326,10.755824334872031,0.08178429407108383,5.0,0;22.5;45;67.5;90;112.5;135;157.5;180;202.5;225;247.5;270;292.5;315;337.5
val_images,test010.png,9,rot45_padded,45.0,1000,1000,154360.0,0.15435999631881714,inpaint,red_gd,wavelet,15.0,fixed5p0,0.8,3.8461538461538467,1.4142135623730951,0.02,G16_fixed,False,16,20,0.08462250001012245,10.725141484142886,0.08101387508300402,6,0.08390777975390322,10.76197770428121,0.0819331508932042,5.0,0;22.5;45;67.5;90;112.5;135;157.5;180;202.5;225;247.5;270;292.5;315;337.5
val_images,test010.png,9,rot45_padded,45.0,1000,1000,154360.0,0.15435999631881714,inpaint,red_gd,wavelet,15.0,fixed5p0,0.8,3.8461538461538467,1.4142135623730951,0.02,G16_fixed,False,16,20,0.08462250001012245,10.725141484142886,0.08101387508300402,7,0.08378890433685864,10.768134885812117,0.08209204158501231,5.0,0;22.5;45;67.5;90;112.5;135;157.5;180;202.5;225;247.5;270;292.5;315;337.5
val_images,test010.png,9,rot45_padded,45.0,1000,1000,154360.0,0.15435999631881714,inpaint,red_gd,wavelet,15.0,fixed5p0,0.8,3.8461538461538467,1.4142135623730951,0.02,G16_fixed,False,16,20,0.08462250001012245,10.725141484142886,0.08101387508300402,8,0.08367007953201931,10.774298181984552,0.08224214473268658,5.0,0;22.5;45;67.5;90;112.5;135;157.5;180;202.5;225;247.5;270;292.5;315;337.5
val_images,test010.png,9,rot45_padded,45.0,1000,1000,154360.0,0.15435999631881714,inpaint,red_gd,wavelet,15.0,fixed5p0,0.8,3.8461538461538467,1.4142135623730951,0.02,G16_fixed,False,16,20,0.08462250001012245,10.725141484142886,0.08101387508300402,9,0.08355133064548782,10.780466291052287,0.08240118093458473,5.0,0;22.5;45;67.5;90;112.5;135;157.5;180;202.5;225;247.5;270;292.5;315;337.5
val_images,test010.png,9,rot45_padded,45.0,1000,1000,154360.0,0.15435999631881714,inpaint,red_gd,wavelet,15.0,fixed5p0,0.8,3.8461538461538467,1.4142135623730951,0.02,G16_fixed,False,16,20,0.08462250001012245,10.725141484142886,0.08101387508300402,10,0.08343264502421288,10.786639879730362,0.0825524355099281,5.0,0;22.5;45;67.5;90;112.5;135;157.5;180;202.5;225;247.5;270;292.5;315;337.5
val_images,test010.png,9,rot45_padded,45.0,1000,1000,154360.0,0.15435999631881714,inpaint,red_gd,wavelet,15.0,fixed5p0,0.8,3.8461538461538467,1.4142135623730951,0.02,G16_fixed,False,16,20,0.08462250001012245,10.725141484142886,0.08101387508300402,11,0.08331403532124579,10.79281829936425,0.08271167416064719,5.0,0;22.5;45;67.5;90;112.5;135;157.5;180;202.5;225;247.5;270;292.5;315;337.5
val_images,test010.png,9,rot45_padded,45.0,1000,1000,154360.0,0.15435999631881714,inpaint,red_gd,wavelet,15.0,fixed5p0,0.8,3.8461538461538467,1.4142135623730951,0.02,G16_fixed,False,16,20,0.08462250001012245,10.725141484142886,0.08101387508300402,12,0.08319546990395828,10.79900320936151,0.08286404853103135,5.0,0;22.5;45;67.5;90;112.5;135;157.5;180;202.5;225;247.5;270;292.5;315;337.5
val_images,test010.png,9,rot45_padded,45.0,1000,1000,154360.0,0.15435999631881714,inpaint,red_gd,wavelet,15.0,fixed5p0,0.8,3.8461538461538467,1.4142135623730951,0.02,G16_fixed,False,16,20,0.08462250001012245,10.725141484142886,0.08101387508300402,13,0.08307698673150428,10.805192640581316,0.08302352758972532,5.0,0;22.5;45;67.5;90;112.5;135;157.5;180;202.5;225;247.5;270;292.5;315;337.5
val_images,test010.png,9,rot45_padded,45.0,1000,1000,154360.0,0.15435999631881714,inpaint,red_gd,wavelet,15.0,fixed5p0,0.8,3.8461538461538467,1.4142135623730951,0.02,G16_fixed,False,16,20,0.08462250001012245,10.725141484142886,0.08101387508300402,14,0.08295856682430681,10.811387593392606,0.08317695848989376,5.0,0;22.5;45;67.5;90;112.5;135;157.5;180;202.5;225;247.5;270;292.5;315;337.5
val_images,test010.png,9,rot45_padded,45.0,1000,1000,154360.0,0.15435999631881714,inpaint,red_gd,wavelet,15.0,fixed5p0,0.8,3.8461538461538467,1.4142135623730951,0.02,G16_fixed,False,16,20,0.08462250001012245,10.725141484142886,0.08101387508300402,15,0.08284022283541721,10.817587415499286,0.08333673489529347,5.0,0;22.5;45;67.5;90;112.5;135;157.5;180;202.5;225;247.5;270;292.5;315;337.5
val_images,test010.png,9,rot45_padded,45.0,1000,1000,154360.0,0.15435999631881714,inpaint,red_gd,wavelet,15.0,fixed5p0,0.8,3.8461538461538467,1.4142135623730951,0.02,G16_fixed,False,16,20,0.08462250001012245,10.725141484142886,0.08101387508300402,16,0.08272192313220718,10.823793775867262,0.08349121599872052,5.0,0;22.5;45;67.5;90;112.5;135;157.5;180;202.5;225;247.5;270;292.5;315;337.5
val_images,test010.png,9,rot45_padded,45.0,1000,1000,154360.0,0.15435999631881714,inpaint,red_gd,wavelet,15.0,fixed5p0,0.8,3.8461538461538467,1.4142135623730951,0.02,G16_fixed,False,16,20,0.08462250001012245,10.725141484142886,0.08101387508300402,17,0.082603699347305,10.830005026778585,0.0836513024038773,5.0,0;22.5;45;67.5;90;112.5;135;157.5;180;202.5;225;247.5;270;292.5;315;337.5
val_images,test010.png,9,rot45_padded,45.0,1000,1000,154360.0,0.15435999631881714,inpaint,red_gd,wavelet,15.0,fixed5p0,0.8,3.8461538461538467,1.4142135623730951,0.02,G16_fixed,False,16,20,0.08462250001012245,10.725141484142886,0.08101387508300402,18,0.0824855198480824,10.836222842018566,0.08380678942488339,5.0,0;22.5;45;67.5;90;112.5;135;157.5;180;202.5;225;247.5;270;292.5;315;337.5
val_images,test010.png,9,rot45_padded,45.0,1000,1000,154360.0,0.15435999631881714,inpaint,red_gd,wavelet,15.0,fixed5p0,0.8,3.8461538461538467,1.4142135623730951,0.02,G16_fixed,False,16,20,0.08462250001012245,10.725141484142886,0.08101387508300402,19,0.08236744789979593,10.842443901314871,0.0839672744011564,5.0,0;22.5;45;67.5;90;112.5;135;157.5;180;202.5;225;247.5;270;292.5;315;337.5
val_images,test010.png,9,rot45_padded,45.0,1000,1000,154360.0,0.15435999631881714,inpaint,red_gd,wavelet,15.0,fixed5p0,0.8,3.8461538461538467,1.4142135623730951,0.02,G16_fixed,False,16,20,0.08462250001012245,10.725141484142886,0.08101387508300402,20,0.08224940125761207,10.84867254854725,0.08412373570711325,5.0,0;22.5;45;67.5;90;112.5;135;157.5;180;202.5;225;247.5;270;292.5;315;337.5
