dataset,file,image_index,input_pose,input_angle_deg,input_height,input_width,eval_mask_pixels,eval_mask_fraction,problem,algorithm,denoiser,train_sigma,schedule,rho,step,red_input_sigma,lambda,mode,group_expand,base_group_size,num_iter,degraded_se,degraded_psnr,degraded_ssim,iteration,se,psnr,ssim,effective_denoiser_sigma,sampled_angles
val_images,test001.png,0,upright,0.0,481,321,154401.0,1.0,blur,pnp_hqs,restormer,15.0,fixed15p0,0.2,0.5,0.0,0.15,vanilla,True,0,20,0.00794342272465447,20.99992325012016,0.48038736188560954,1,0.006160260559355185,22.104009181769726,0.5239883181617995,15.0,none
val_images,test001.png,0,upright,0.0,481,321,154401.0,1.0,blur,pnp_hqs,restormer,15.0,fixed15p0,0.2,0.5,0.0,0.15,vanilla,True,0,20,0.00794342272465447,20.99992325012016,0.48038736188560954,2,0.00560661281971336,22.512994342827962,0.564709243301533,15.0,none
val_images,test001.png,0,upright,0.0,481,321,154401.0,1.0,blur,pnp_hqs,restormer,15.0,fixed15p0,0.2,0.5,0.0,0.15,vanilla,True,0,20,0.00794342272465447,20.99992325012016,0.48038736188560954,3,0.005327727445499058,22.73458000794112,0.5856538433203153,15.0,none
val_images,test001.png,0,upright,0.0,481,321,154401.0,1.0,blur,pnp_hqs,restormer,15.0,fixed15p0,0.2,0.5,0.0,0.15,vanilla,True,0,20,0.00794342272465447,20.99992325012016,0.48038736188560954,4,0.005170371609477918,22.86478241790809,0.5971420400450774,15.0,none
val_images,test001.png,0,upright,0.0,481,321,154401.0,1.0,blur,pnp_hqs,restormer,15.0,fixed15p0,0.2,0.5,0.0,0.15,vanilla,True,0,20,0.00794342272465447,20.99992325012016,0.48038736188560954,5,0.005045089065971075,22.971311623273035,0.6092805827034798,15.0,none
val_images,test001.png,0,upright,0.0,481,321,154401.0,1.0,blur,pnp_hqs,restormer,15.0,fixed15p0,0.2,0.5,0.0,0.15,vanilla,True,0,20,0.00794342272465447,20.99992325012016,0.48038736188560954,6,0.00495662858818616,23.04813622580523,0.6179153126437005,15.0,none
val_images,test001.png,0,upright,0.0,481,321,154401.0,1.0,blur,pnp_hqs,restormer,15.0,fixed15p0,0.2,0.5,0.0,0.15,vanilla,True,0,20,0.00794342272465447,20.99992325012016,0.48038736188560954,7,0.004875223475772906,23.120054718484106,0.625812464378469,15.0,none
val_images,test001.png,0,upright,0.0,481,321,154401.0,1.0,blur,pnp_hqs,restormer,15.0,fixed15p0,0.2,0.5,0.0,0.15,vanilla,True,0,20,0.00794342272465447,20.99992325012016,0.48038736188560954,8,0.004817638918151842,23.171657534723153,0.6313980621077584,15.0,none
val_images,test001.png,0,upright,0.0,481,321,154401.0,1.0,blur,pnp_hqs,restormer,15.0,fixed15p0,0.2,0.5,0.0,0.15,vanilla,True,0,20,0.00794342272465447,20.99992325012016,0.48038736188560954,9,0.004776312376387216,23.209072775853713,0.6353660173023491,15.0,none
val_images,test001.png,0,upright,0.0,481,321,154401.0,1.0,blur,pnp_hqs,restormer,15.0,fixed15p0,0.2,0.5,0.0,0.15,vanilla,True,0,20,0.00794342272465447,20.99992325012016,0.48038736188560954,10,0.004745542792691596,23.237141060209204,0.6381639772410801,15.0,none
val_images,test001.png,0,upright,0.0,481,321,154401.0,1.0,blur,pnp_hqs,restormer,15.0,fixed15p0,0.2,0.5,0.0,0.15,vanilla,True,0,20,0.00794342272465447,20.99992325012016,0.48038736188560954,11,0.004722311634457517,23.25845356380659,0.6401487644186242,15.0,none
val_images,test001.png,0,upright,0.0,481,321,154401.0,1.0,blur,pnp_hqs,restormer,15.0,fixed15p0,0.2,0.5,0.0,0.15,vanilla,True,0,20,0.00794342272465447,20.99992325012016,0.48038736188560954,12,0.004705243643049389,23.27417883375449,0.6415139697119837,15.0,none
val_images,test001.png,0,upright,0.0,481,321,154401.0,1.0,blur,pnp_hqs,restormer,15.0,fixed15p0,0.2,0.5,0.0,0.15,vanilla,True,0,20,0.00794342272465447,20.99992325012016,0.48038736188560954,13,0.004693390486915969,23.28513311276972,0.6423827505165122,15.0,none
val_images,test001.png,0,upright,0.0,481,321,154401.0,1.0,blur,pnp_hqs,restormer,15.0,fixed15p0,0.2,0.5,0.0,0.15,vanilla,True,0,20,0.00794342272465447,20.99992325012016,0.48038736188560954,14,0.004685965118071208,23.292009485784874,0.6428554947830649,15.0,none
val_images,test001.png,0,upright,0.0,481,321,154401.0,1.0,blur,pnp_hqs,restormer,15.0,fixed15p0,0.2,0.5,0.0,0.15,vanilla,True,0,20,0.00794342272465447,20.99992325012016,0.48038736188560954,15,0.004682189975797599,23.295509691599463,0.6430103776044197,15.0,none
val_images,test001.png,0,upright,0.0,481,321,154401.0,1.0,blur,pnp_hqs,restormer,15.0,fixed15p0,0.2,0.5,0.0,0.15,vanilla,True,0,20,0.00794342272465447,20.99992325012016,0.48038736188560954,16,0.0046813116128518436,23.29632448973445,0.6429161121041962,15.0,none
val_images,test001.png,0,upright,0.0,481,321,154401.0,1.0,blur,pnp_hqs,restormer,15.0,fixed15p0,0.2,0.5,0.0,0.15,vanilla,True,0,20,0.00794342272465447,20.99992325012016,0.48038736188560954,17,0.004682744585704391,23.294995296072557,0.6426342263813059,15.0,none
val_images,test001.png,0,upright,0.0,481,321,154401.0,1.0,blur,pnp_hqs,restormer,15.0,fixed15p0,0.2,0.5,0.0,0.15,vanilla,True,0,20,0.00794342272465447,20.99992325012016,0.48038736188560954,18,0.0046859627462540725,23.29201168398168,0.6422129410593196,15.0,none
val_images,test001.png,0,upright,0.0,481,321,154401.0,1.0,blur,pnp_hqs,restormer,15.0,fixed15p0,0.2,0.5,0.0,0.15,vanilla,True,0,20,0.00794342272465447,20.99992325012016,0.48038736188560954,19,0.004690531656662279,23.28777928613581,0.6416774037247168,15.0,none
val_images,test001.png,0,upright,0.0,481,321,154401.0,1.0,blur,pnp_hqs,restormer,15.0,fixed15p0,0.2,0.5,0.0,0.15,vanilla,True,0,20,0.00794342272465447,20.99992325012016,0.48038736188560954,20,0.004696033877113207,23.282687787557016,0.6410598457911542,15.0,none
val_images,test001.png,0,upright,0.0,481,321,154401.0,1.0,blur,pnp_hqs,restormer,15.0,fixed15p0,0.2,0.5,0.0,0.15,G16_fixed,True,16,20,0.00794342272465447,20.99992325012016,0.48038736188560954,1,0.006035329835390072,22.19298990392559,0.5381622973620637,15.0,0;22.5;45;67.5;90;112.5;135;157.5;180;202.5;225;247.5;270;292.5;315;337.5
val_images,test001.png,0,upright,0.0,481,321,154401.0,1.0,blur,pnp_hqs,restormer,15.0,fixed15p0,0.2,0.5,0.0,0.15,G16_fixed,True,16,20,0.00794342272465447,20.99992325012016,0.48038736188560954,2,0.00558442644692736,22.530214248269097,0.5667738247323527,15.0,0;22.5;45;67.5;90;112.5;135;157.5;180;202.5;225;247.5;270;292.5;315;337.5
val_images,test001.png,0,upright,0.0,481,321,154401.0,1.0,blur,pnp_hqs,restormer,15.0,fixed15p0,0.2,0.5,0.0,0.15,G16_fixed,True,16,20,0.00794342272465447,20.99992325012016,0.48038736188560954,3,0.005399238522732609,22.676674862315885,0.5778951804068626,15.0,0;22.5;45;67.5;90;112.5;135;157.5;180;202.5;225;247.5;270;292.5;315;337.5
val_images,test001.png,0,upright,0.0,481,321,154401.0,1.0,blur,pnp_hqs,restormer,15.0,fixed15p0,0.2,0.5,0.0,0.15,G16_fixed,True,16,20,0.00794342272465447,20.99992325012016,0.48038736188560954,4,0.005301690427593976,22.755856348663794,0.5844111882371228,15.0,0;22.5;45;67.5;90;112.5;135;157.5;180;202.5;225;247.5;270;292.5;315;337.5
val_images,test001.png,0,upright,0.0,481,321,154401.0,1.0,blur,pnp_hqs,restormer,15.0,fixed15p0,0.2,0.5,0.0,0.15,G16_fixed,True,16,20,0.00794342272465447,20.99992325012016,0.48038736188560954,5,0.0052225136373792915,22.821204172871767,0.5907038531162363,15.0,0;22.5;45;67.5;90;112.5;135;157.5;180;202.5;225;247.5;270;292.5;315;337.5
val_images,test001.png,0,upright,0.0,481,321,154401.0,1.0,blur,pnp_hqs,restormer,15.0,fixed15p0,0.2,0.5,0.0,0.15,G16_fixed,True,16,20,0.00794342272465447,20.99992325012016,0.48038736188560954,6,0.005180747518838932,22.856075723233573,0.5943104319272544,15.0,0;22.5;45;67.5;90;112.5;135;157.5;180;202.5;225;247.5;270;292.5;315;337.5
val_images,test001.png,0,upright,0.0,481,321,154401.0,1.0,blur,pnp_hqs,restormer,15.0,fixed15p0,0.2,0.5,0.0,0.15,G16_fixed,True,16,20,0.00794342272465447,20.99992325012016,0.48038736188560954,7,0.005150274016982362,22.881696639884083,0.5967626505009682,15.0,0;22.5;45;67.5;90;112.5;135;157.5;180;202.5;225;247.5;270;292.5;315;337.5
val_images,test001.png,0,upright,0.0,481,321,154401.0,1.0,blur,pnp_hqs,restormer,15.0,fixed15p0,0.2,0.5,0.0,0.15,G16_fixed,True,16,20,0.00794342272465447,20.99992325012016,0.48038736188560954,8,0.005124114059889104,22.90381211669521,0.5992798884884165,15.0,0;22.5;45;67.5;90;112.5;135;157.5;180;202.5;225;247.5;270;292.5;315;337.5
val_images,test001.png,0,upright,0.0,481,321,154401.0,1.0,blur,pnp_hqs,restormer,15.0,fixed15p0,0.2,0.5,0.0,0.15,G16_fixed,True,16,20,0.00794342272465447,20.99992325012016,0.48038736188560954,9,0.005110180424825211,22.915637659860913,0.60084253016496,15.0,0;22.5;45;67.5;90;112.5;135;157.5;180;202.5;225;247.5;270;292.5;315;337.5
val_images,test001.png,0,upright,0.0,481,321,154401.0,1.0,blur,pnp_hqs,restormer,15.0,fixed15p0,0.2,0.5,0.0,0.15,G16_fixed,True,16,20,0.00794342272465447,20.99992325012016,0.48038736188560954,10,0.005092041953283374,22.93108026855694,0.6038216842831329,15.0,0;22.5;45;67.5;90;112.5;135;157.5;180;202.5;225;247.5;270;292.5;315;337.5
val_images,test001.png,0,upright,0.0,481,321,154401.0,1.0,blur,pnp_hqs,restormer,15.0,fixed15p0,0.2,0.5,0.0,0.15,G16_fixed,True,16,20,0.00794342272465447,20.99992325012016,0.48038736188560954,11,0.005089749592022154,22.933035837689676,0.6032015458125272,15.0,0;22.5;45;67.5;90;112.5;135;157.5;180;202.5;225;247.5;270;292.5;315;337.5
val_images,test001.png,0,upright,0.0,481,321,154401.0,1.0,blur,pnp_hqs,restormer,15.0,fixed15p0,0.2,0.5,0.0,0.15,G16_fixed,True,16,20,0.00794342272465447,20.99992325012016,0.48038736188560954,12,0.005082767752981684,22.938997340712174,0.6052179066197758,15.0,0;22.5;45;67.5;90;112.5;135;157.5;180;202.5;225;247.5;270;292.5;315;337.5
val_images,test001.png,0,upright,0.0,481,321,154401.0,1.0,blur,pnp_hqs,restormer,15.0,fixed15p0,0.2,0.5,0.0,0.15,G16_fixed,True,16,20,0.00794342272465447,20.99992325012016,0.48038736188560954,13,0.005071011446047953,22.949054091819917,0.6052654188606291,15.0,0;22.5;45;67.5;90;112.5;135;157.5;180;202.5;225;247.5;270;292.5;315;337.5
val_images,test001.png,0,upright,0.0,481,321,154401.0,1.0,blur,pnp_hqs,restormer,15.0,fixed15p0,0.2,0.5,0.0,0.15,G16_fixed,True,16,20,0.00794342272465447,20.99992325012016,0.48038736188560954,14,0.005067283344814193,22.952248107973865,0.6068305398766848,15.0,0;22.5;45;67.5;90;112.5;135;157.5;180;202.5;225;247.5;270;292.5;315;337.5
val_images,test001.png,0,upright,0.0,481,321,154401.0,1.0,blur,pnp_hqs,restormer,15.0,fixed15p0,0.2,0.5,0.0,0.15,G16_fixed,True,16,20,0.00794342272465447,20.99992325012016,0.48038736188560954,15,0.005070409004495599,22.94957006893267,0.6053903978115427,15.0,0;22.5;45;67.5;90;112.5;135;157.5;180;202.5;225;247.5;270;292.5;315;337.5
val_images,test001.png,0,upright,0.0,481,321,154401.0,1.0,blur,pnp_hqs,restormer,15.0,fixed15p0,0.2,0.5,0.0,0.15,G16_fixed,True,16,20,0.00794342272465447,20.99992325012016,0.48038736188560954,16,0.005065664579619384,22.95363570179716,0.6069768209078956,15.0,0;22.5;45;67.5;90;112.5;135;157.5;180;202.5;225;247.5;270;292.5;315;337.5
val_images,test001.png,0,upright,0.0,481,321,154401.0,1.0,blur,pnp_hqs,restormer,15.0,fixed15p0,0.2,0.5,0.0,0.15,G16_fixed,True,16,20,0.00794342272465447,20.99992325012016,0.48038736188560954,17,0.005067192820460198,22.952325693093766,0.6058563618435113,15.0,0;22.5;45;67.5;90;112.5;135;157.5;180;202.5;225;247.5;270;292.5;315;337.5
val_images,test001.png,0,upright,0.0,481,321,154401.0,1.0,blur,pnp_hqs,restormer,15.0,fixed15p0,0.2,0.5,0.0,0.15,G16_fixed,True,16,20,0.00794342272465447,20.99992325012016,0.48038736188560954,18,0.005066731897330247,22.952720754982682,0.6067339468332459,15.0,0;22.5;45;67.5;90;112.5;135;157.5;180;202.5;225;247.5;270;292.5;315;337.5
val_images,test001.png,0,upright,0.0,481,321,154401.0,1.0,blur,pnp_hqs,restormer,15.0,fixed15p0,0.2,0.5,0.0,0.15,G16_fixed,True,16,20,0.00794342272465447,20.99992325012016,0.48038736188560954,19,0.005070486879158206,22.94950336765373,0.6061786759800778,15.0,0;22.5;45;67.5;90;112.5;135;157.5;180;202.5;225;247.5;270;292.5;315;337.5
val_images,test001.png,0,upright,0.0,481,321,154401.0,1.0,blur,pnp_hqs,restormer,15.0,fixed15p0,0.2,0.5,0.0,0.15,G16_fixed,True,16,20,0.00794342272465447,20.99992325012016,0.48038736188560954,20,0.005067875508492295,22.951740620283154,0.6071396477354422,15.0,0;22.5;45;67.5;90;112.5;135;157.5;180;202.5;225;247.5;270;292.5;315;337.5
val_images,test001.png,0,rot45_padded,45.0,1000,1000,154360.0,0.15435999631881714,blur,pnp_hqs,restormer,15.0,fixed15p0,0.2,0.5,0.0,0.15,vanilla,False,0,20,0.008927772365786554,20.492568916080103,0.49059174778116094,1,0.0065014457850914665,21.86990054639211,0.548553604398808,15.0,none
val_images,test001.png,0,rot45_padded,45.0,1000,1000,154360.0,0.15435999631881714,blur,pnp_hqs,restormer,15.0,fixed15p0,0.2,0.5,0.0,0.15,vanilla,False,0,20,0.008927772365786554,20.492568916080103,0.49059174778116094,2,0.005980244063441387,22.232810913890347,0.5775174510883648,15.0,none
val_images,test001.png,0,rot45_padded,45.0,1000,1000,154360.0,0.15435999631881714,blur,pnp_hqs,restormer,15.0,fixed15p0,0.2,0.5,0.0,0.15,vanilla,False,0,20,0.008927772365786554,20.492568916080103,0.49059174778116094,3,0.00550840426739339,22.589741939315747,0.611479202432625,15.0,none
val_images,test001.png,0,rot45_padded,45.0,1000,1000,154360.0,0.15435999631881714,blur,pnp_hqs,restormer,15.0,fixed15p0,0.2,0.5,0.0,0.15,vanilla,False,0,20,0.008927772365786554,20.492568916080103,0.49059174778116094,4,0.005239038202978224,22.807484346724692,0.6283887908136823,15.0,none
val_images,test001.png,0,rot45_padded,45.0,1000,1000,154360.0,0.15435999631881714,blur,pnp_hqs,restormer,15.0,fixed15p0,0.2,0.5,0.0,0.15,vanilla,False,0,20,0.008927772365786554,20.492568916080103,0.49059174778116094,5,0.0050537983226356005,22.96382093067884,0.6334754692763669,15.0,none
val_images,test001.png,0,rot45_padded,45.0,1000,1000,154360.0,0.15435999631881714,blur,pnp_hqs,restormer,15.0,fixed15p0,0.2,0.5,0.0,0.15,vanilla,False,0,20,0.008927772365786554,20.492568916080103,0.49059174778116094,6,0.005155709951953834,22.87711523011643,0.623023137875745,15.0,none
val_images,test001.png,0,rot45_padded,45.0,1000,1000,154360.0,0.15435999631881714,blur,pnp_hqs,restormer,15.0,fixed15p0,0.2,0.5,0.0,0.15,vanilla,False,0,20,0.008927772365786554,20.492568916080103,0.49059174778116094,7,0.00573457676871943,22.414986289906725,0.5842153184924851,15.0,none
val_images,test001.png,0,rot45_padded,45.0,1000,1000,154360.0,0.15435999631881714,blur,pnp_hqs,restormer,15.0,fixed15p0,0.2,0.5,0.0,0.15,vanilla,False,0,20,0.008927772365786554,20.492568916080103,0.49059174778116094,8,0.0053628411926918,22.706050634059054,0.6187241371631251,15.0,none
val_images,test001.png,0,rot45_padded,45.0,1000,1000,154360.0,0.15435999631881714,blur,pnp_hqs,restormer,15.0,fixed15p0,0.2,0.5,0.0,0.15,vanilla,False,0,20,0.008927772365786554,20.492568916080103,0.49059174778116094,9,0.005133624841710328,22.895758721523475,0.6288544231018398,15.0,none
val_images,test001.png,0,rot45_padded,45.0,1000,1000,154360.0,0.15435999631881714,blur,pnp_hqs,restormer,15.0,fixed15p0,0.2,0.5,0.0,0.15,vanilla,False,0,20,0.008927772365786554,20.492568916080103,0.49059174778116094,10,0.005362821026891277,22.70606696479129,0.6083056653278052,15.0,none
val_images,test001.png,0,rot45_padded,45.0,1000,1000,154360.0,0.15435999631881714,blur,pnp_hqs,restormer,15.0,fixed15p0,0.2,0.5,0.0,0.15,vanilla,False,0,20,0.008927772365786554,20.492568916080103,0.49059174778116094,11,0.0051493640513147025,22.882464032032416,0.6299452679612594,15.0,none
val_images,test001.png,0,rot45_padded,45.0,1000,1000,154360.0,0.15435999631881714,blur,pnp_hqs,restormer,15.0,fixed15p0,0.2,0.5,0.0,0.15,vanilla,False,0,20,0.008927772365786554,20.492568916080103,0.49059174778116094,12,0.005105894098136054,22.91928197183962,0.6291142155513086,15.0,none
val_images,test001.png,0,rot45_padded,45.0,1000,1000,154360.0,0.15435999631881714,blur,pnp_hqs,restormer,15.0,fixed15p0,0.2,0.5,0.0,0.15,vanilla,False,0,20,0.008927772365786554,20.492568916080103,0.49059174778116094,13,0.0056145432020722665,22.506855720631485,0.5879859277824566,15.0,none
val_images,test001.png,0,rot45_padded,45.0,1000,1000,154360.0,0.15435999631881714,blur,pnp_hqs,restormer,15.0,fixed15p0,0.2,0.5,0.0,0.15,vanilla,False,0,20,0.008927772365786554,20.492568916080103,0.49059174778116094,14,0.005387761377244145,22.685916473293453,0.6059489079910598,15.0,none
val_images,test001.png,0,rot45_padded,45.0,1000,1000,154360.0,0.15435999631881714,blur,pnp_hqs,restormer,15.0,fixed15p0,0.2,0.5,0.0,0.15,vanilla,False,0,20,0.008927772365786554,20.492568916080103,0.49059174778116094,15,0.005090547923937954,22.932354696208446,0.6334736978491837,15.0,none
val_images,test001.png,0,rot45_padded,45.0,1000,1000,154360.0,0.15435999631881714,blur,pnp_hqs,restormer,15.0,fixed15p0,0.2,0.5,0.0,0.15,vanilla,False,0,20,0.008927772365786554,20.492568916080103,0.49059174778116094,16,0.005110461058842762,22.91539916640533,0.6263667826023581,15.0,none
val_images,test001.png,0,rot45_padded,45.0,1000,1000,154360.0,0.15435999631881714,blur,pnp_hqs,restormer,15.0,fixed15p0,0.2,0.5,0.0,0.15,vanilla,False,0,20,0.008927772365786554,20.492568916080103,0.49059174778116094,17,0.005033039014924527,22.9816970304201,0.6345492578226224,15.0,none
val_images,test001.png,0,rot45_padded,45.0,1000,1000,154360.0,0.15435999631881714,blur,pnp_hqs,restormer,15.0,fixed15p0,0.2,0.5,0.0,0.15,vanilla,False,0,20,0.008927772365786554,20.492568916080103,0.49059174778116094,18,0.0049939066858976176,23.015595769583133,0.6305870813358383,15.0,none
val_images,test001.png,0,rot45_padded,45.0,1000,1000,154360.0,0.15435999631881714,blur,pnp_hqs,restormer,15.0,fixed15p0,0.2,0.5,0.0,0.15,vanilla,False,0,20,0.008927772365786554,20.492568916080103,0.49059174778116094,19,0.00536159368091434,22.707061013607976,0.602146919133843,15.0,none
val_images,test001.png,0,rot45_padded,45.0,1000,1000,154360.0,0.15435999631881714,blur,pnp_hqs,restormer,15.0,fixed15p0,0.2,0.5,0.0,0.15,vanilla,False,0,20,0.008927772365786554,20.492568916080103,0.49059174778116094,20,0.005182668463990428,22.854465721492314,0.6141273342349054,15.0,none
val_images,test001.png,0,rot45_padded,45.0,1000,1000,154360.0,0.15435999631881714,blur,pnp_hqs,restormer,15.0,fixed15p0,0.2,0.5,0.0,0.15,G16_fixed,False,16,20,0.008927772365786554,20.492568916080103,0.49059174778116094,1,0.006588340614953477,21.812239560458792,0.541131526949987,15.0,0;22.5;45;67.5;90;112.5;135;157.5;180;202.5;225;247.5;270;292.5;315;337.5
val_images,test001.png,0,rot45_padded,45.0,1000,1000,154360.0,0.15435999631881714,blur,pnp_hqs,restormer,15.0,fixed15p0,0.2,0.5,0.0,0.15,G16_fixed,False,16,20,0.008927772365786554,20.492568916080103,0.49059174778116094,2,0.006235265126343248,22.051450753915525,0.5593118359678674,15.0,0;22.5;45;67.5;90;112.5;135;157.5;180;202.5;225;247.5;270;292.5;315;337.5
val_images,test001.png,0,rot45_padded,45.0,1000,1000,154360.0,0.15435999631881714,blur,pnp_hqs,restormer,15.0,fixed15p0,0.2,0.5,0.0,0.15,G16_fixed,False,16,20,0.008927772365786554,20.492568916080103,0.49059174778116094,3,0.006183644235674721,22.087555046860867,0.5574457639608706,15.0,0;22.5;45;67.5;90;112.5;135;157.5;180;202.5;225;247.5;270;292.5;315;337.5
val_images,test001.png,0,rot45_padded,45.0,1000,1000,154360.0,0.15435999631881714,blur,pnp_hqs,restormer,15.0,fixed15p0,0.2,0.5,0.0,0.15,G16_fixed,False,16,20,0.008927772365786554,20.492568916080103,0.49059174778116094,4,0.006058239448747044,22.176535654015762,0.5650422510689298,15.0,0;22.5;45;67.5;90;112.5;135;157.5;180;202.5;225;247.5;270;292.5;315;337.5
val_images,test001.png,0,rot45_padded,45.0,1000,1000,154360.0,0.15435999631881714,blur,pnp_hqs,restormer,15.0,fixed15p0,0.2,0.5,0.0,0.15,G16_fixed,False,16,20,0.008927772365786554,20.492568916080103,0.49059174778116094,5,0.0059463081844237905,22.257525859944835,0.5700354994007515,15.0,0;22.5;45;67.5;90;112.5;135;157.5;180;202.5;225;247.5;270;292.5;315;337.5
val_images,test001.png,0,rot45_padded,45.0,1000,1000,154360.0,0.15435999631881714,blur,pnp_hqs,restormer,15.0,fixed15p0,0.2,0.5,0.0,0.15,G16_fixed,False,16,20,0.008927772365786554,20.492568916080103,0.49059174778116094,6,0.005964058042962676,22.244581385899785,0.5726113569739569,15.0,0;22.5;45;67.5;90;112.5;135;157.5;180;202.5;225;247.5;270;292.5;315;337.5
val_images,test001.png,0,rot45_padded,45.0,1000,1000,154360.0,0.15435999631881714,blur,pnp_hqs,restormer,15.0,fixed15p0,0.2,0.5,0.0,0.15,G16_fixed,False,16,20,0.008927772365786554,20.492568916080103,0.49059174778116094,7,0.005495258933307285,22.600118390626697,0.6045055997343871,15.0,0;22.5;45;67.5;90;112.5;135;157.5;180;202.5;225;247.5;270;292.5;315;337.5
val_images,test001.png,0,rot45_padded,45.0,1000,1000,154360.0,0.15435999631881714,blur,pnp_hqs,restormer,15.0,fixed15p0,0.2,0.5,0.0,0.15,G16_fixed,False,16,20,0.008927772365786554,20.492568916080103,0.49059174778116094,8,0.005555538860557301,22.55273810203478,0.5967842523160145,15.0,0;22.5;45;67.5;90;112.5;135;157.5;180;202.5;225;247.5;270;292.5;315;337.5
val_images,test001.png,0,rot45_padded,45.0,1000,1000,154360.0,0.15435999631881714,blur,pnp_hqs,restormer,15.0,fixed15p0,0.2,0.5,0.0,0.15,G16_fixed,False,16,20,0.008927772365786554,20.492568916080103,0.49059174778116094,9,0.005789978549282117,22.373230452441817,0.5838670052960612,15.0,0;22.5;45;67.5;90;112.5;135;157.5;180;202.5;225;247.5;270;292.5;315;337.5
val_images,test001.png,0,rot45_padded,45.0,1000,1000,154360.0,0.15435999631881714,blur,pnp_hqs,restormer,15.0,fixed15p0,0.2,0.5,0.0,0.15,G16_fixed,False,16,20,0.008927772365786554,20.492568916080103,0.49059174778116094,10,0.0059701979361101885,22.240112700204794,0.5676981771508163,15.0,0;22.5;45;67.5;90;112.5;135;157.5;180;202.5;225;247.5;270;292.5;315;337.5
val_images,test001.png,0,rot45_padded,45.0,1000,1000,154360.0,0.15435999631881714,blur,pnp_hqs,restormer,15.0,fixed15p0,0.2,0.5,0.0,0.15,G16_fixed,False,16,20,0.008927772365786554,20.492568916080103,0.49059174778116094,11,0.005874261314864602,22.310467379154545,0.5746533570063488,15.0,0;22.5;45;67.5;90;112.5;135;157.5;180;202.5;225;247.5;270;292.5;315;337.5
val_images,test001.png,0,rot45_padded,45.0,1000,1000,154360.0,0.15435999631881714,blur,pnp_hqs,restormer,15.0,fixed15p0,0.2,0.5,0.0,0.15,G16_fixed,False,16,20,0.008927772365786554,20.492568916080103,0.49059174778116094,12,0.005982474163734533,22.231191682802173,0.5674786720167142,15.0,0;22.5;45;67.5;90;112.5;135;157.5;180;202.5;225;247.5;270;292.5;315;337.5
val_images,test001.png,0,rot45_padded,45.0,1000,1000,154360.0,0.15435999631881714,blur,pnp_hqs,restormer,15.0,fixed15p0,0.2,0.5,0.0,0.15,G16_fixed,False,16,20,0.008927772365786554,20.492568916080103,0.49059174778116094,13,0.0060154926965322545,22.20728796150872,0.5713823407942472,15.0,0;22.5;45;67.5;90;112.5;135;157.5;180;202.5;225;247.5;270;292.5;315;337.5
val_images,test001.png,0,rot45_padded,45.0,1000,1000,154360.0,0.15435999631881714,blur,pnp_hqs,restormer,15.0,fixed15p0,0.2,0.5,0.0,0.15,G16_fixed,False,16,20,0.008927772365786554,20.492568916080103,0.49059174778116094,14,0.005503067843003976,22.593951330800586,0.6048383243715989,15.0,0;22.5;45;67.5;90;112.5;135;157.5;180;202.5;225;247.5;270;292.5;315;337.5
val_images,test001.png,0,rot45_padded,45.0,1000,1000,154360.0,0.15435999631881714,blur,pnp_hqs,restormer,15.0,fixed15p0,0.2,0.5,0.0,0.15,G16_fixed,False,16,20,0.008927772365786554,20.492568916080103,0.49059174778116094,15,0.005850746409823222,22.327887252017344,0.5785633523095361,15.0,0;22.5;45;67.5;90;112.5;135;157.5;180;202.5;225;247.5;270;292.5;315;337.5
val_images,test001.png,0,rot45_padded,45.0,1000,1000,154360.0,0.15435999631881714,blur,pnp_hqs,restormer,15.0,fixed15p0,0.2,0.5,0.0,0.15,G16_fixed,False,16,20,0.008927772365786554,20.492568916080103,0.49059174778116094,16,0.005941723825771532,22.26087538283092,0.5692284371760818,15.0,0;22.5;45;67.5;90;112.5;135;157.5;180;202.5;225;247.5;270;292.5;315;337.5
val_images,test001.png,0,rot45_padded,45.0,1000,1000,154360.0,0.15435999631881714,blur,pnp_hqs,restormer,15.0,fixed15p0,0.2,0.5,0.0,0.15,G16_fixed,False,16,20,0.008927772365786554,20.492568916080103,0.49059174778116094,17,0.0058964464632950166,22.29409640277135,0.5727286760656906,15.0,0;22.5;45;67.5;90;112.5;135;157.5;180;202.5;225;247.5;270;292.5;315;337.5
val_images,test001.png,0,rot45_padded,45.0,1000,1000,154360.0,0.15435999631881714,blur,pnp_hqs,restormer,15.0,fixed15p0,0.2,0.5,0.0,0.15,G16_fixed,False,16,20,0.008927772365786554,20.492568916080103,0.49059174778116094,18,0.005851568858158283,22.327276800553722,0.5765092559600933,15.0,0;22.5;45;67.5;90;112.5;135;157.5;180;202.5;225;247.5;270;292.5;315;337.5
val_images,test001.png,0,rot45_padded,45.0,1000,1000,154360.0,0.15435999631881714,blur,pnp_hqs,restormer,15.0,fixed15p0,0.2,0.5,0.0,0.15,G16_fixed,False,16,20,0.008927772365786554,20.492568916080103,0.49059174778116094,19,0.005852852352050401,22.326324315493373,0.5764523172292044,15.0,0;22.5;45;67.5;90;112.5;135;157.5;180;202.5;225;247.5;270;292.5;315;337.5
val_images,test001.png,0,rot45_padded,45.0,1000,1000,154360.0,0.15435999631881714,blur,pnp_hqs,restormer,15.0,fixed15p0,0.2,0.5,0.0,0.15,G16_fixed,False,16,20,0.008927772365786554,20.492568916080103,0.49059174778116094,20,0.005821296037494534,22.349803144445204,0.577623230597305,15.0,0;22.5;45;67.5;90;112.5;135;157.5;180;202.5;225;247.5;270;292.5;315;337.5
val_images,test002.png,1,upright,0.0,481,321,154401.0,1.0,blur,pnp_hqs,restormer,15.0,fixed15p0,0.2,0.5,0.0,0.15,vanilla,True,0,20,0.0038893401297342227,24.10124075364373,0.7211078012771938,1,0.002439118237070194,26.127671466061035,0.7724430824606058,15.0,none
val_images,test002.png,1,upright,0.0,481,321,154401.0,1.0,blur,pnp_hqs,restormer,15.0,fixed15p0,0.2,0.5,0.0,0.15,vanilla,True,0,20,0.0038893401297342227,24.10124075364373,0.7211078012771938,2,0.0021457454084909183,26.684218081140898,0.7900492265270302,15.0,none
val_images,test002.png,1,upright,0.0,481,321,154401.0,1.0,blur,pnp_hqs,restormer,15.0,fixed15p0,0.2,0.5,0.0,0.15,vanilla,True,0,20,0.0038893401297342227,24.10124075364373,0.7211078012771938,3,0.002001937787249192,26.985494228977565,0.7990694178632263,15.0,none
val_images,test002.png,1,upright,0.0,481,321,154401.0,1.0,blur,pnp_hqs,restormer,15.0,fixed15p0,0.2,0.5,0.0,0.15,vanilla,True,0,20,0.0038893401297342227,24.10124075364373,0.7211078012771938,4,0.0019122249900168635,27.184610105043486,0.8046727251604588,15.0,none
val_images,test002.png,1,upright,0.0,481,321,154401.0,1.0,blur,pnp_hqs,restormer,15.0,fixed15p0,0.2,0.5,0.0,0.15,vanilla,True,0,20,0.0038893401297342227,24.10124075364373,0.7211078012771938,5,0.0018479912407085486,27.333000916229242,0.808751997639264,15.0,none
val_images,test002.png,1,upright,0.0,481,321,154401.0,1.0,blur,pnp_hqs,restormer,15.0,fixed15p0,0.2,0.5,0.0,0.15,vanilla,True,0,20,0.0038893401297342227,24.10124075364373,0.7211078012771938,6,0.0017990523518483324,27.44956198639975,0.8118916004430023,15.0,none
val_images,test002.png,1,upright,0.0,481,321,154401.0,1.0,blur,pnp_hqs,restormer,15.0,fixed15p0,0.2,0.5,0.0,0.15,vanilla,True,0,20,0.0038893401297342227,24.10124075364373,0.7211078012771938,7,0.0017605091374919245,27.543617164887003,0.8144154162699724,15.0,none
val_images,test002.png,1,upright,0.0,481,321,154401.0,1.0,blur,pnp_hqs,restormer,15.0,fixed15p0,0.2,0.5,0.0,0.15,vanilla,True,0,20,0.0038893401297342227,24.10124075364373,0.7211078012771938,8,0.0017294203467401847,27.620994358281852,0.8165339359848706,15.0,none
val_images,test002.png,1,upright,0.0,481,321,154401.0,1.0,blur,pnp_hqs,restormer,15.0,fixed15p0,0.2,0.5,0.0,0.15,vanilla,True,0,20,0.0038893401297342227,24.10124075364373,0.7211078012771938,9,0.0017042087211981707,27.684772165449765,0.8183237661187428,15.0,none
val_images,test002.png,1,upright,0.0,481,321,154401.0,1.0,blur,pnp_hqs,restormer,15.0,fixed15p0,0.2,0.5,0.0,0.15,vanilla,True,0,20,0.0038893401297342227,24.10124075364373,0.7211078012771938,10,0.0016838735516862342,27.73690524396214,0.8198225015543941,15.0,none
val_images,test002.png,1,upright,0.0,481,321,154401.0,1.0,blur,pnp_hqs,restormer,15.0,fixed15p0,0.2,0.5,0.0,0.15,vanilla,True,0,20,0.0038893401297342227,24.10124075364373,0.7211078012771938,11,0.001667496154367321,27.779351589940088,0.8210730500450126,15.0,none
val_images,test002.png,1,upright,0.0,481,321,154401.0,1.0,blur,pnp_hqs,restormer,15.0,fixed15p0,0.2,0.5,0.0,0.15,vanilla,True,0,20,0.0038893401297342227,24.10124075364373,0.7211078012771938,12,0.0016541192045502154,27.814331961057658,0.822140633399395,15.0,none
val_images,test002.png,1,upright,0.0,481,321,154401.0,1.0,blur,pnp_hqs,restormer,15.0,fixed15p0,0.2,0.5,0.0,0.15,vanilla,True,0,20,0.0038893401297342227,24.10124075364373,0.7211078012771938,13,0.0016425634149901272,27.844778544935167,0.8231418817721388,15.0,none
val_images,test002.png,1,upright,0.0,481,321,154401.0,1.0,blur,pnp_hqs,restormer,15.0,fixed15p0,0.2,0.5,0.0,0.15,vanilla,True,0,20,0.0038893401297342227,24.10124075364373,0.7211078012771938,14,0.001631438802020085,27.87429212678108,0.8242210016450671,15.0,none
val_images,test002.png,1,upright,0.0,481,321,154401.0,1.0,blur,pnp_hqs,restormer,15.0,fixed15p0,0.2,0.5,0.0,0.15,vanilla,True,0,20,0.0038893401297342227,24.10124075364373,0.7211078012771938,15,0.0016207387443172526,27.902869857965573,0.825352794832935,15.0,none
val_images,test002.png,1,upright,0.0,481,321,154401.0,1.0,blur,pnp_hqs,restormer,15.0,fixed15p0,0.2,0.5,0.0,0.15,vanilla,True,0,20,0.0038893401297342227,24.10124075364373,0.7211078012771938,16,0.0016115385644753252,27.927592972640056,0.8264204793848485,15.0,none
val_images,test002.png,1,upright,0.0,481,321,154401.0,1.0,blur,pnp_hqs,restormer,15.0,fixed15p0,0.2,0.5,0.0,0.15,vanilla,True,0,20,0.0038893401297342227,24.10124075364373,0.7211078012771938,17,0.0016036762871491077,27.94883292468997,0.8273773526402031,15.0,none
val_images,test002.png,1,upright,0.0,481,321,154401.0,1.0,blur,pnp_hqs,restormer,15.0,fixed15p0,0.2,0.5,0.0,0.15,vanilla,True,0,20,0.0038893401297342227,24.10124075364373,0.7211078012771938,18,0.0015969508020106736,27.967084631629596,0.828210967302673,15.0,none
val_images,test002.png,1,upright,0.0,481,321,154401.0,1.0,blur,pnp_hqs,restormer,15.0,fixed15p0,0.2,0.5,0.0,0.15,vanilla,True,0,20,0.0038893401297342227,24.10124075364373,0.7211078012771938,19,0.0015912618997860582,27.982583355820605,0.828938375156249,15.0,none
val_images,test002.png,1,upright,0.0,481,321,154401.0,1.0,blur,pnp_hqs,restormer,15.0,fixed15p0,0.2,0.5,0.0,0.15,vanilla,True,0,20,0.0038893401297342227,24.10124075364373,0.7211078012771938,20,0.0015865723231810959,27.995401259949855,0.8295352887934664,15.0,none
val_images,test002.png,1,upright,0.0,481,321,154401.0,1.0,blur,pnp_hqs,restormer,15.0,fixed15p0,0.2,0.5,0.0,0.15,G16_fixed,True,16,20,0.0038893401297342227,24.10124075364373,0.7211078012771938,1,0.002473220421492271,26.067371761692847,0.7686419007972747,15.0,0;22.5;45;67.5;90;112.5;135;157.5;180;202.5;225;247.5;270;292.5;315;337.5
val_images,test002.png,1,upright,0.0,481,321,154401.0,1.0,blur,pnp_hqs,restormer,15.0,fixed15p0,0.2,0.5,0.0,0.15,G16_fixed,True,16,20,0.0038893401297342227,24.10124075364373,0.7211078012771938,2,0.002224879901300024,26.526934272045793,0.7821224745144137,15.0,0;22.5;45;67.5;90;112.5;135;157.5;180;202.5;225;247.5;270;292.5;315;337.5
val_images,test002.png,1,upright,0.0,481,321,154401.0,1.0,blur,pnp_hqs,restormer,15.0,fixed15p0,0.2,0.5,0.0,0.15,G16_fixed,True,16,20,0.0038893401297342227,24.10124075364373,0.7211078012771938,3,0.002111800949908335,26.753470191071422,0.7873291886872494,15.0,0;22.5;45;67.5;90;112.5;135;157.5;180;202.5;225;247.5;270;292.5;315;337.5
val_images,test002.png,1,upright,0.0,481,321,154401.0,1.0,blur,pnp_hqs,restormer,15.0,fixed15p0,0.2,0.5,0.0,0.15,G16_fixed,True,16,20,0.0038893401297342227,24.10124075364373,0.7211078012771938,4,0.002054037913047843,26.873915445383943,0.7902504072188652,15.0,0;22.5;45;67.5;90;112.5;135;157.5;180;202.5;225;247.5;270;292.5;315;337.5
val_images,test002.png,1,upright,0.0,481,321,154401.0,1.0,blur,pnp_hqs,restormer,15.0,fixed15p0,0.2,0.5,0.0,0.15,G16_fixed,True,16,20,0.0038893401297342227,24.10124075364373,0.7211078012771938,5,0.001987075388125421,27.0178565577605,0.7934097941399343,15.0,0;22.5;45;67.5;90;112.5;135;157.5;180;202.5;225;247.5;270;292.5;315;337.5
val_images,test002.png,1,upright,0.0,481,321,154401.0,1.0,blur,pnp_hqs,restormer,15.0,fixed15p0,0.2,0.5,0.0,0.15,G16_fixed,True,16,20,0.0038893401297342227,24.10124075364373,0.7211078012771938,6,0.001975310186877433,27.043646965582337,0.7938599713570508,15.0,0;22.5;45;67.5;90;112.5;135;157.5;180;202.5;225;247.5;270;292.5;315;337.5
val_images,test002.png,1,upright,0.0,481,321,154401.0,1.0,blur,pnp_hqs,restormer,15.0,fixed15p0,0.2,0.5,0.0,0.15,G16_fixed,True,16,20,0.0038893401297342227,24.10124075364373,0.7211078012771938,7,0.001940668216405658,27.120487068067586,0.7955265428980383,15.0,0;22.5;45;67.5;90;112.5;135;157.5;180;202.5;225;247.5;270;292.5;315;337.5
val_images,test002.png,1,upright,0.0,481,321,154401.0,1.0,blur,pnp_hqs,restormer,15.0,fixed15p0,0.2,0.5,0.0,0.15,G16_fixed,True,16,20,0.0038893401297342227,24.10124075364373,0.7211078012771938,8,0.001939131081250587,27.1239283252023,0.7949368142855292,15.0,0;22.5;45;67.5;90;112.5;135;157.5;180;202.5;225;247.5;270;292.5;315;337.5
val_images,test002.png,1,upright,0.0,481,321,154401.0,1.0,blur,pnp_hqs,restormer,15.0,fixed15p0,0.2,0.5,0.0,0.15,G16_fixed,True,16,20,0.0038893401297342227,24.10124075364373,0.7211078012771938,9,0.0019105799371821385,27.188347870512906,0.7973001814269338,15.0,0;22.5;45;67.5;90;112.5;135;157.5;180;202.5;225;247.5;270;292.5;315;337.5
val_images,test002.png,1,upright,0.0,481,321,154401.0,1.0,blur,pnp_hqs,restormer,15.0,fixed15p0,0.2,0.5,0.0,0.15,G16_fixed,True,16,20,0.0038893401297342227,24.10124075364373,0.7211078012771938,10,0.0019196847502100862,27.167700850908865,0.7965200496596525,15.0,0;22.5;45;67.5;90;112.5;135;157.5;180;202.5;225;247.5;270;292.5;315;337.5
val_images,test002.png,1,upright,0.0,481,321,154401.0,1.0,blur,pnp_hqs,restormer,15.0,fixed15p0,0.2,0.5,0.0,0.15,G16_fixed,True,16,20,0.0038893401297342227,24.10124075364373,0.7211078012771938,11,0.0018975298040011278,27.218113940298068,0.797600839291844,15.0,0;22.5;45;67.5;90;112.5;135;157.5;180;202.5;225;247.5;270;292.5;315;337.5
val_images,test002.png,1,upright,0.0,481,321,154401.0,1.0,blur,pnp_hqs,restormer,15.0,fixed15p0,0.2,0.5,0.0,0.15,G16_fixed,True,16,20,0.0038893401297342227,24.10124075364373,0.7211078012771938,12,0.00190800750384753,27.194199216271194,0.7969249409815998,15.0,0;22.5;45;67.5;90;112.5;135;157.5;180;202.5;225;247.5;270;292.5;315;337.5
val_images,test002.png,1,upright,0.0,481,321,154401.0,1.0,blur,pnp_hqs,restormer,15.0,fixed15p0,0.2,0.5,0.0,0.15,G16_fixed,True,16,20,0.0038893401297342227,24.10124075364373,0.7211078012771938,13,0.0018869238283779938,27.242456311455157,0.7982406100834839,15.0,0;22.5;45;67.5;90;112.5;135;157.5;180;202.5;225;247.5;270;292.5;315;337.5
val_images,test002.png,1,upright,0.0,481,321,154401.0,1.0,blur,pnp_hqs,restormer,15.0,fixed15p0,0.2,0.5,0.0,0.15,G16_fixed,True,16,20,0.0038893401297342227,24.10124075364373,0.7211078012771938,14,0.001895221235322816,27.22340086132984,0.7969146188334273,15.0,0;22.5;45;67.5;90;112.5;135;157.5;180;202.5;225;247.5;270;292.5;315;337.5
val_images,test002.png,1,upright,0.0,481,321,154401.0,1.0,blur,pnp_hqs,restormer,15.0,fixed15p0,0.2,0.5,0.0,0.15,G16_fixed,True,16,20,0.0038893401297342227,24.10124075364373,0.7211078012771938,15,0.0018870843213374792,27.24208693648846,0.798085524867067,15.0,0;22.5;45;67.5;90;112.5;135;157.5;180;202.5;225;247.5;270;292.5;315;337.5
val_images,test002.png,1,upright,0.0,481,321,154401.0,1.0,blur,pnp_hqs,restormer,15.0,fixed15p0,0.2,0.5,0.0,0.15,G16_fixed,True,16,20,0.0038893401297342227,24.10124075364373,0.7211078012771938,16,0.0018965899714612842,27.220265501758803,0.79732183769859,15.0,0;22.5;45;67.5;90;112.5;135;157.5;180;202.5;225;247.5;270;292.5;315;337.5
val_images,test002.png,1,upright,0.0,481,321,154401.0,1.0,blur,pnp_hqs,restormer,15.0,fixed15p0,0.2,0.5,0.0,0.15,G16_fixed,True,16,20,0.0038893401297342227,24.10124075364373,0.7211078012771938,17,0.0018788590571638542,27.26105797329921,0.7984618278864775,15.0,0;22.5;45;67.5;90;112.5;135;157.5;180;202.5;225;247.5;270;292.5;315;337.5
val_images,test002.png,1,upright,0.0,481,321,154401.0,1.0,blur,pnp_hqs,restormer,15.0,fixed15p0,0.2,0.5,0.0,0.15,G16_fixed,True,16,20,0.0038893401297342227,24.10124075364373,0.7211078012771938,18,0.0018946579287531938,27.224691883687107,0.7973807346616926,15.0,0;22.5;45;67.5;90;112.5;135;157.5;180;202.5;225;247.5;270;292.5;315;337.5
val_images,test002.png,1,upright,0.0,481,321,154401.0,1.0,blur,pnp_hqs,restormer,15.0,fixed15p0,0.2,0.5,0.0,0.15,G16_fixed,True,16,20,0.0038893401297342227,24.10124075364373,0.7211078012771938,19,0.0018664939838320752,27.289734055730598,0.7991976857339007,15.0,0;22.5;45;67.5;90;112.5;135;157.5;180;202.5;225;247.5;270;292.5;315;337.5
val_images,test002.png,1,upright,0.0,481,321,154401.0,1.0,blur,pnp_hqs,restormer,15.0,fixed15p0,0.2,0.5,0.0,0.15,G16_fixed,True,16,20,0.0038893401297342227,24.10124075364373,0.7211078012771938,20,0.0018807144111179048,27.256771476139715,0.797313033513384,15.0,0;22.5;45;67.5;90;112.5;135;157.5;180;202.5;225;247.5;270;292.5;315;337.5
val_images,test002.png,1,rot45_padded,45.0,1000,1000,154360.0,0.15435999631881714,blur,pnp_hqs,restormer,15.0,fixed15p0,0.2,0.5,0.0,0.15,vanilla,False,0,20,0.004523967615400889,23.4448051261109,0.7165430547907489,1,0.0027753303569349854,25.566853139270368,0.7625540538351905,15.0,none
val_images,test002.png,1,rot45_padded,45.0,1000,1000,154360.0,0.15435999631881714,blur,pnp_hqs,restormer,15.0,fixed15p0,0.2,0.5,0.0,0.15,vanilla,False,0,20,0.004523967615400889,23.4448051261109,0.7165430547907489,2,0.0024805664552805737,26.054491335642833,0.7710171231212749,15.0,none
val_images,test002.png,1,rot45_padded,45.0,1000,1000,154360.0,0.15435999631881714,blur,pnp_hqs,restormer,15.0,fixed15p0,0.2,0.5,0.0,0.15,vanilla,False,0,20,0.004523967615400889,23.4448051261109,0.7165430547907489,3,0.002197785586327214,26.580146791632416,0.7864733314168179,15.0,none
val_images,test002.png,1,rot45_padded,45.0,1000,1000,154360.0,0.15435999631881714,blur,pnp_hqs,restormer,15.0,fixed15p0,0.2,0.5,0.0,0.15,vanilla,False,0,20,0.004523967615400889,23.4448051261109,0.7165430547907489,4,0.002091886664215349,26.794618486954043,0.7911909456789323,15.0,none
val_images,test002.png,1,rot45_padded,45.0,1000,1000,154360.0,0.15435999631881714,blur,pnp_hqs,restormer,15.0,fixed15p0,0.2,0.5,0.0,0.15,vanilla,False,0,20,0.004523967615400889,23.4448051261109,0.7165430547907489,5,0.0019436514232405173,27.113816193156758,0.8065545336388961,15.0,none
val_images,test002.png,1,rot45_padded,45.0,1000,1000,154360.0,0.15435999631881714,blur,pnp_hqs,restormer,15.0,fixed15p0,0.2,0.5,0.0,0.15,vanilla,False,0,20,0.004523967615400889,23.4448051261109,0.7165430547907489,6,0.0018806674993850617,27.256879806041837,0.8105038546255506,15.0,none
val_images,test002.png,1,rot45_padded,45.0,1000,1000,154360.0,0.15435999631881714,blur,pnp_hqs,restormer,15.0,fixed15p0,0.2,0.5,0.0,0.15,vanilla,False,0,20,0.004523967615400889,23.4448051261109,0.7165430547907489,7,0.0018443299130659456,27.341613898938874,0.8097962453841668,15.0,none
val_images,test002.png,1,rot45_padded,45.0,1000,1000,154360.0,0.15435999631881714,blur,pnp_hqs,restormer,15.0,fixed15p0,0.2,0.5,0.0,0.15,vanilla,False,0,20,0.004523967615400889,23.4448051261109,0.7165430547907489,8,0.0018093040923004664,27.42488434517061,0.8106499214498575,15.0,none
val_images,test002.png,1,rot45_padded,45.0,1000,1000,154360.0,0.15435999631881714,blur,pnp_hqs,restormer,15.0,fixed15p0,0.2,0.5,0.0,0.15,vanilla,False,0,20,0.004523967615400889,23.4448051261109,0.7165430547907489,9,0.0017429953815097418,27.58703763657357,0.820358253433532,15.0,none
val_images,test002.png,1,rot45_padded,45.0,1000,1000,154360.0,0.15435999631881714,blur,pnp_hqs,restormer,15.0,fixed15p0,0.2,0.5,0.0,0.15,vanilla,False,0,20,0.004523967615400889,23.4448051261109,0.7165430547907489,10,0.0017814478067327392,27.49226897186115,0.8044526087555066,15.0,none
val_images,test002.png,1,rot45_padded,45.0,1000,1000,154360.0,0.15435999631881714,blur,pnp_hqs,restormer,15.0,fixed15p0,0.2,0.5,0.0,0.15,vanilla,False,0,20,0.004523967615400889,23.4448051261109,0.7165430547907489,11,0.0017769411457236736,27.50326956275019,0.815152585676341,15.0,none
val_images,test002.png,1,rot45_padded,45.0,1000,1000,154360.0,0.15435999631881714,blur,pnp_hqs,restormer,15.0,fixed15p0,0.2,0.5,0.0,0.15,vanilla,False,0,20,0.004523967615400889,23.4448051261109,0.7165430547907489,12,0.0017400980304639925,27.59426284539057,0.8239798603912931,15.0,none
val_images,test002.png,1,rot45_padded,45.0,1000,1000,154360.0,0.15435999631881714,blur,pnp_hqs,restormer,15.0,fixed15p0,0.2,0.5,0.0,0.15,vanilla,False,0,20,0.004523967615400889,23.4448051261109,0.7165430547907489,13,0.00170647017416419,27.679012979561648,0.8162710141876134,15.0,none
val_images,test002.png,1,rot45_padded,45.0,1000,1000,154360.0,0.15435999631881714,blur,pnp_hqs,restormer,15.0,fixed15p0,0.2,0.5,0.0,0.15,vanilla,False,0,20,0.004523967615400889,23.4448051261109,0.7165430547907489,14,0.0017678329258207276,27.525587816434978,0.8050082801567764,15.0,none
val_images,test002.png,1,rot45_padded,45.0,1000,1000,154360.0,0.15435999631881714,blur,pnp_hqs,restormer,15.0,fixed15p0,0.2,0.5,0.0,0.15,vanilla,False,0,20,0.004523967615400889,23.4448051261109,0.7165430547907489,15,0.0018236692596142945,27.390539224488393,0.8013252299818606,15.0,none
val_images,test002.png,1,rot45_padded,45.0,1000,1000,154360.0,0.15435999631881714,blur,pnp_hqs,restormer,15.0,fixed15p0,0.2,0.5,0.0,0.15,vanilla,False,0,20,0.004523967615400889,23.4448051261109,0.7165430547907489,16,0.001727066969247518,27.626908217777903,0.8132437463559212,15.0,none
val_images,test002.png,1,rot45_padded,45.0,1000,1000,154360.0,0.15435999631881714,blur,pnp_hqs,restormer,15.0,fixed15p0,0.2,0.5,0.0,0.15,vanilla,False,0,20,0.004523967615400889,23.4448051261109,0.7165430547907489,17,0.0017235891594729851,27.635662460734984,0.8142470827124902,15.0,none
val_images,test002.png,1,rot45_padded,45.0,1000,1000,154360.0,0.15435999631881714,blur,pnp_hqs,restormer,15.0,fixed15p0,0.2,0.5,0.0,0.15,vanilla,False,0,20,0.004523967615400889,23.4448051261109,0.7165430547907489,18,0.0017475020425188074,27.575823079690455,0.8066312617420316,15.0,none
val_images,test002.png,1,rot45_padded,45.0,1000,1000,154360.0,0.15435999631881714,blur,pnp_hqs,restormer,15.0,fixed15p0,0.2,0.5,0.0,0.15,vanilla,False,0,20,0.004523967615400889,23.4448051261109,0.7165430547907489,19,0.0017803106137463762,27.495042190015297,0.805776067310184,15.0,none
val_images,test002.png,1,rot45_padded,45.0,1000,1000,154360.0,0.15435999631881714,blur,pnp_hqs,restormer,15.0,fixed15p0,0.2,0.5,0.0,0.15,vanilla,False,0,20,0.004523967615400889,23.4448051261109,0.7165430547907489,20,0.0018334514522033516,27.367305851957873,0.8055594976839855,15.0,none
val_images,test002.png,1,rot45_padded,45.0,1000,1000,154360.0,0.15435999631881714,blur,pnp_hqs,restormer,15.0,fixed15p0,0.2,0.5,0.0,0.15,G16_fixed,False,16,20,0.004523967615400889,23.4448051261109,0.7165430547907489,1,0.0027803340456157683,25.559030222645664,0.7648488112205235,15.0,0;22.5;45;67.5;90;112.5;135;157.5;180;202.5;225;247.5;270;292.5;315;337.5
val_images,test002.png,1,rot45_padded,45.0,1000,1000,154360.0,0.15435999631881714,blur,pnp_hqs,restormer,15.0,fixed15p0,0.2,0.5,0.0,0.15,G16_fixed,False,16,20,0.004523967615400889,23.4448051261109,0.7165430547907489,2,0.0024003666711922412,26.197224119916708,0.7773295785825344,15.0,0;22.5;45;67.5;90;112.5;135;157.5;180;202.5;225;247.5;270;292.5;315;337.5
val_images,test002.png,1,rot45_padded,45.0,1000,1000,154360.0,0.15435999631881714,blur,pnp_hqs,restormer,15.0,fixed15p0,0.2,0.5,0.0,0.15,G16_fixed,False,16,20,0.004523967615400889,23.4448051261109,0.7165430547907489,3,0.0022100744670028667,26.555930928019595,0.784529519062581,15.0,0;22.5;45;67.5;90;112.5;135;157.5;180;202.5;225;247.5;270;292.5;315;337.5
val_images,test002.png,1,rot45_padded,45.0,1000,1000,154360.0,0.15435999631881714,blur,pnp_hqs,restormer,15.0,fixed15p0,0.2,0.5,0.0,0.15,G16_fixed,False,16,20,0.004523967615400889,23.4448051261109,0.7165430547907489,4,0.0021126052449175225,26.75181646331692,0.7878777694998704,15.0,0;22.5;45;67.5;90;112.5;135;157.5;180;202.5;225;247.5;270;292.5;315;337.5
val_images,test002.png,1,rot45_padded,45.0,1000,1000,154360.0,0.15435999631881714,blur,pnp_hqs,restormer,15.0,fixed15p0,0.2,0.5,0.0,0.15,G16_fixed,False,16,20,0.004523967615400889,23.4448051261109,0.7165430547907489,5,0.0020891166344983924,26.80037312865533,0.7884852677993003,15.0,0;22.5;45;67.5;90;112.5;135;157.5;180;202.5;225;247.5;270;292.5;315;337.5
val_images,test002.png,1,rot45_padded,45.0,1000,1000,154360.0,0.15435999631881714,blur,pnp_hqs,restormer,15.0,fixed15p0,0.2,0.5,0.0,0.15,G16_fixed,False,16,20,0.004523967615400889,23.4448051261109,0.7165430547907489,6,0.002107578424877316,26.762162559166185,0.7866537133162737,15.0,0;22.5;45;67.5;90;112.5;135;157.5;180;202.5;225;247.5;270;292.5;315;337.5
val_images,test002.png,1,rot45_padded,45.0,1000,1000,154360.0,0.15435999631881714,blur,pnp_hqs,restormer,15.0,fixed15p0,0.2,0.5,0.0,0.15,G16_fixed,False,16,20,0.004523967615400889,23.4448051261109,0.7165430547907489,7,0.0021084026525477174,26.760464460777822,0.7844387713785955,15.0,0;22.5;45;67.5;90;112.5;135;157.5;180;202.5;225;247.5;270;292.5;315;337.5
val_images,test002.png,1,rot45_padded,45.0,1000,1000,154360.0,0.15435999631881714,blur,pnp_hqs,restormer,15.0,fixed15p0,0.2,0.5,0.0,0.15,G16_fixed,False,16,20,0.004523967615400889,23.4448051261109,0.7165430547907489,8,0.0020764707005311244,26.826741925037435,0.7835805402144338,15.0,0;22.5;45;67.5;90;112.5;135;157.5;180;202.5;225;247.5;270;292.5;315;337.5
val_images,test002.png,1,rot45_padded,45.0,1000,1000,154360.0,0.15435999631881714,blur,pnp_hqs,restormer,15.0,fixed15p0,0.2,0.5,0.0,0.15,G16_fixed,False,16,20,0.004523967615400889,23.4448051261109,0.7165430547907489,9,0.002069430859109286,26.841490790525057,0.7828130061220523,15.0,0;22.5;45;67.5;90;112.5;135;157.5;180;202.5;225;247.5;270;292.5;315;337.5
val_images,test002.png,1,rot45_padded,45.0,1000,1000,154360.0,0.15435999631881714,blur,pnp_hqs,restormer,15.0,fixed15p0,0.2,0.5,0.0,0.15,G16_fixed,False,16,20,0.004523967615400889,23.4448051261109,0.7165430547907489,10,0.002041338119645229,26.90085054404865,0.7861038117064006,15.0,0;22.5;45;67.5;90;112.5;135;157.5;180;202.5;225;247.5;270;292.5;315;337.5
val_images,test002.png,1,rot45_padded,45.0,1000,1000,154360.0,0.15435999631881714,blur,pnp_hqs,restormer,15.0,fixed15p0,0.2,0.5,0.0,0.15,G16_fixed,False,16,20,0.004523967615400889,23.4448051261109,0.7165430547907489,11,0.0020325537387742127,26.919579632519365,0.7878708862399585,15.0,0;22.5;45;67.5;90;112.5;135;157.5;180;202.5;225;247.5;270;292.5;315;337.5
val_images,test002.png,1,rot45_padded,45.0,1000,1000,154360.0,0.15435999631881714,blur,pnp_hqs,restormer,15.0,fixed15p0,0.2,0.5,0.0,0.15,G16_fixed,False,16,20,0.004523967615400889,23.4448051261109,0.7165430547907489,12,0.002022157280084907,26.941850687170454,0.7900908893981602,15.0,0;22.5;45;67.5;90;112.5;135;157.5;180;202.5;225;247.5;270;292.5;315;337.5
val_images,test002.png,1,rot45_padded,45.0,1000,1000,154360.0,0.15435999631881714,blur,pnp_hqs,restormer,15.0,fixed15p0,0.2,0.5,0.0,0.15,G16_fixed,False,16,20,0.004523967615400889,23.4448051261109,0.7165430547907489,13,0.002013287491117558,26.960942047978733,0.7882715830688002,15.0,0;22.5;45;67.5;90;112.5;135;157.5;180;202.5;225;247.5;270;292.5;315;337.5
val_images,test002.png,1,rot45_padded,45.0,1000,1000,154360.0,0.15435999631881714,blur,pnp_hqs,restormer,15.0,fixed15p0,0.2,0.5,0.0,0.15,G16_fixed,False,16,20,0.004523967615400889,23.4448051261109,0.7165430547907489,14,0.0020077794597197704,26.972839930643154,0.7929189475900492,15.0,0;22.5;45;67.5;90;112.5;135;157.5;180;202.5;225;247.5;270;292.5;315;337.5
val_images,test002.png,1,rot45_padded,45.0,1000,1000,154360.0,0.15435999631881714,blur,pnp_hqs,restormer,15.0,fixed15p0,0.2,0.5,0.0,0.15,G16_fixed,False,16,20,0.004523967615400889,23.4448051261109,0.7165430547907489,15,0.002030391648631851,26.924201815774648,0.7921823881672713,15.0,0;22.5;45;67.5;90;112.5;135;157.5;180;202.5;225;247.5;270;292.5;315;337.5
val_images,test002.png,1,rot45_padded,45.0,1000,1000,154360.0,0.15435999631881714,blur,pnp_hqs,restormer,15.0,fixed15p0,0.2,0.5,0.0,0.15,G16_fixed,False,16,20,0.004523967615400889,23.4448051261109,0.7165430547907489,16,0.0020144936827743384,26.95834090172127,0.7927727289291268,15.0,0;22.5;45;67.5;90;112.5;135;157.5;180;202.5;225;247.5;270;292.5;315;337.5
val_images,test002.png,1,rot45_padded,45.0,1000,1000,154360.0,0.15435999631881714,blur,pnp_hqs,restormer,15.0,fixed15p0,0.2,0.5,0.0,0.15,G16_fixed,False,16,20,0.004523967615400889,23.4448051261109,0.7165430547907489,17,0.002046521916603233,26.889836000493105,0.7907045623866287,15.0,0;22.5;45;67.5;90;112.5;135;157.5;180;202.5;225;247.5;270;292.5;315;337.5
val_images,test002.png,1,rot45_padded,45.0,1000,1000,154360.0,0.15435999631881714,blur,pnp_hqs,restormer,15.0,fixed15p0,0.2,0.5,0.0,0.15,G16_fixed,False,16,20,0.004523967615400889,23.4448051261109,0.7165430547907489,18,0.00206417173695521,26.852541726895804,0.7867503826282716,15.0,0;22.5;45;67.5;90;112.5;135;157.5;180;202.5;225;247.5;270;292.5;315;337.5
val_images,test002.png,1,rot45_padded,45.0,1000,1000,154360.0,0.15435999631881714,blur,pnp_hqs,restormer,15.0,fixed15p0,0.2,0.5,0.0,0.15,G16_fixed,False,16,20,0.004523967615400889,23.4448051261109,0.7165430547907489,19,0.0020682009429813016,26.844072681949275,0.7847276152338689,15.0,0;22.5;45;67.5;90;112.5;135;157.5;180;202.5;225;247.5;270;292.5;315;337.5
val_images,test002.png,1,rot45_padded,45.0,1000,1000,154360.0,0.15435999631881714,blur,pnp_hqs,restormer,15.0,fixed15p0,0.2,0.5,0.0,0.15,G16_fixed,False,16,20,0.004523967615400889,23.4448051261109,0.7165430547907489,20,0.0020210469748325748,26.94423592138587,0.7933946517070485,15.0,0;22.5;45;67.5;90;112.5;135;157.5;180;202.5;225;247.5;270;292.5;315;337.5
val_images,test003.png,2,upright,0.0,481,321,154401.0,1.0,blur,pnp_hqs,restormer,15.0,fixed15p0,0.2,0.5,0.0,0.15,vanilla,True,0,20,0.004781531164690481,23.204330092678724,0.7179322733499135,1,0.003686835568634999,24.333462313190026,0.7254653163677697,15.0,none
val_images,test003.png,2,upright,0.0,481,321,154401.0,1.0,blur,pnp_hqs,restormer,15.0,fixed15p0,0.2,0.5,0.0,0.15,vanilla,True,0,20,0.004781531164690481,23.204330092678724,0.7179322733499135,2,0.0032613975901477727,24.86596254036172,0.766010967383631,15.0,none
val_images,test003.png,2,upright,0.0,481,321,154401.0,1.0,blur,pnp_hqs,restormer,15.0,fixed15p0,0.2,0.5,0.0,0.15,vanilla,True,0,20,0.004781531164690481,23.204330092678724,0.7179322733499135,3,0.0033469881691990336,24.753458227664108,0.7459847855583837,15.0,none
val_images,test003.png,2,upright,0.0,481,321,154401.0,1.0,blur,pnp_hqs,restormer,15.0,fixed15p0,0.2,0.5,0.0,0.15,vanilla,True,0,20,0.004781531164690481,23.204330092678724,0.7179322733499135,4,0.003245266664159498,24.88749611339802,0.7505057852604582,15.0,none
val_images,test003.png,2,upright,0.0,481,321,154401.0,1.0,blur,pnp_hqs,restormer,15.0,fixed15p0,0.2,0.5,0.0,0.15,vanilla,True,0,20,0.004781531164690481,23.204330092678724,0.7179322733499135,5,0.003249458455643199,24.881890111204363,0.7451368008464971,15.0,none
val_images,test003.png,2,upright,0.0,481,321,154401.0,1.0,blur,pnp_hqs,restormer,15.0,fixed15p0,0.2,0.5,0.0,0.15,vanilla,True,0,20,0.004781531164690481,23.204330092678724,0.7179322733499135,6,0.003200396034640522,24.947962763623636,0.7508671110452653,15.0,none
val_images,test003.png,2,upright,0.0,481,321,154401.0,1.0,blur,pnp_hqs,restormer,15.0,fixed15p0,0.2,0.5,0.0,0.15,vanilla,True,0,20,0.004781531164690481,23.204330092678724,0.7179322733499135,7,0.0032014291586543522,24.946561038182296,0.7482709389835558,15.0,none
val_images,test003.png,2,upright,0.0,481,321,154401.0,1.0,blur,pnp_hqs,restormer,15.0,fixed15p0,0.2,0.5,0.0,0.15,vanilla,True,0,20,0.004781531164690481,23.204330092678724,0.7179322733499135,8,0.0031834713405176495,24.970990555570314,0.7503976050997079,15.0,none
val_images,test003.png,2,upright,0.0,481,321,154401.0,1.0,blur,pnp_hqs,restormer,15.0,fixed15p0,0.2,0.5,0.0,0.15,vanilla,True,0,20,0.004781531164690481,23.204330092678724,0.7179322733499135,9,0.003181825497077213,24.973236423307274,0.7496278966781303,15.0,none
val_images,test003.png,2,upright,0.0,481,321,154401.0,1.0,blur,pnp_hqs,restormer,15.0,fixed15p0,0.2,0.5,0.0,0.15,vanilla,True,0,20,0.004781531164690481,23.204330092678724,0.7179322733499135,10,0.0031733614699786393,24.984804556411895,0.7505191939333294,15.0,none
val_images,test003.png,2,upright,0.0,481,321,154401.0,1.0,blur,pnp_hqs,restormer,15.0,fixed15p0,0.2,0.5,0.0,0.15,vanilla,True,0,20,0.004781531164690481,23.204330092678724,0.7179322733499135,11,0.00317116576026568,24.98781056337085,0.7503000506797236,15.0,none
val_images,test003.png,2,upright,0.0,481,321,154401.0,1.0,blur,pnp_hqs,restormer,15.0,fixed15p0,0.2,0.5,0.0,0.15,vanilla,True,0,20,0.004781531164690481,23.204330092678724,0.7179322733499135,12,0.0031667745384911894,24.993828555339014,0.7506862710571822,15.0,none
val_images,test003.png,2,upright,0.0,481,321,154401.0,1.0,blur,pnp_hqs,restormer,15.0,fixed15p0,0.2,0.5,0.0,0.15,vanilla,True,0,20,0.004781531164690481,23.204330092678724,0.7179322733499135,13,0.0031652909668730893,24.99586361634239,0.7506090067421843,15.0,none
val_images,test003.png,2,upright,0.0,481,321,154401.0,1.0,blur,pnp_hqs,restormer,15.0,fixed15p0,0.2,0.5,0.0,0.15,vanilla,True,0,20,0.004781531164690481,23.204330092678724,0.7179322733499135,14,0.003163292513285212,24.998606465187233,0.7507437006560839,15.0,none
val_images,test003.png,2,upright,0.0,481,321,154401.0,1.0,blur,pnp_hqs,restormer,15.0,fixed15p0,0.2,0.5,0.0,0.15,vanilla,True,0,20,0.004781531164690481,23.204330092678724,0.7179322733499135,15,0.0031628780382408268,24.999175543189338,0.7506551022176022,15.0,none
val_images,test003.png,2,upright,0.0,481,321,154401.0,1.0,blur,pnp_hqs,restormer,15.0,fixed15p0,0.2,0.5,0.0,0.15,vanilla,True,0,20,0.004781531164690481,23.204330092678724,0.7179322733499135,16,0.003162410197310898,24.99981798263899,0.7506467534212862,15.0,none
val_images,test003.png,2,upright,0.0,481,321,154401.0,1.0,blur,pnp_hqs,restormer,15.0,fixed15p0,0.2,0.5,0.0,0.15,vanilla,True,0,20,0.004781531164690481,23.204330092678724,0.7179322733499135,17,0.0031629288346578066,24.99910579523769,0.7505077080135492,15.0,none
val_images,test003.png,2,upright,0.0,481,321,154401.0,1.0,blur,pnp_hqs,restormer,15.0,fixed15p0,0.2,0.5,0.0,0.15,vanilla,True,0,20,0.004781531164690481,23.204330092678724,0.7179322733499135,18,0.0031636743758439874,24.99808223041494,0.7503894080996885,15.0,none
val_images,test003.png,2,upright,0.0,481,321,154401.0,1.0,blur,pnp_hqs,restormer,15.0,fixed15p0,0.2,0.5,0.0,0.15,vanilla,True,0,20,0.004781531164690481,23.204330092678724,0.7179322733499135,19,0.003165096280216571,24.99613074483659,0.7501916681239111,15.0,none
val_images,test003.png,2,upright,0.0,481,321,154401.0,1.0,blur,pnp_hqs,restormer,15.0,fixed15p0,0.2,0.5,0.0,0.15,vanilla,True,0,20,0.004781531164690481,23.204330092678724,0.7179322733499135,20,0.003166381805103877,24.994367187054177,0.7499974700617223,15.0,none
val_images,test003.png,2,upright,0.0,481,321,154401.0,1.0,blur,pnp_hqs,restormer,15.0,fixed15p0,0.2,0.5,0.0,0.15,G16_fixed,True,16,20,0.004781531164690481,23.204330092678724,0.7179322733499135,1,0.0034593336361416456,24.610075503453444,0.7614765590086852,15.0,0;22.5;45;67.5;90;112.5;135;157.5;180;202.5;225;247.5;270;292.5;315;337.5
val_images,test003.png,2,upright,0.0,481,321,154401.0,1.0,blur,pnp_hqs,restormer,15.0,fixed15p0,0.2,0.5,0.0,0.15,G16_fixed,True,16,20,0.004781531164690481,23.204330092678724,0.7179322733499135,2,0.0031526598547193065,25.013228834186684,0.7764644193528539,15.0,0;22.5;45;67.5;90;112.5;135;157.5;180;202.5;225;247.5;270;292.5;315;337.5
val_images,test003.png,2,upright,0.0,481,321,154401.0,1.0,blur,pnp_hqs,restormer,15.0,fixed15p0,0.2,0.5,0.0,0.15,G16_fixed,True,16,20,0.004781531164690481,23.204330092678724,0.7179322733499135,3,0.003020805994187821,25.198771656102718,0.7826454127563941,15.0,0;22.5;45;67.5;90;112.5;135;157.5;180;202.5;225;247.5;270;292.5;315;337.5
val_images,test003.png,2,upright,0.0,481,321,154401.0,1.0,blur,pnp_hqs,restormer,15.0,fixed15p0,0.2,0.5,0.0,0.15,G16_fixed,True,16,20,0.004781531164690481,23.204330092678724,0.7179322733499135,4,0.0029504632345448093,25.30109792695477,0.7853465266578584,15.0,0;22.5;45;67.5;90;112.5;135;157.5;180;202.5;225;247.5;270;292.5;315;337.5
val_images,test003.png,2,upright,0.0,481,321,154401.0,1.0,blur,pnp_hqs,restormer,15.0,fixed15p0,0.2,0.5,0.0,0.15,G16_fixed,True,16,20,0.004781531164690481,23.204330092678724,0.7179322733499135,5,0.002891408347951317,25.388905694367644,0.7877464767067571,15.0,0;22.5;45;67.5;90;112.5;135;157.5;180;202.5;225;247.5;270;292.5;315;337.5
val_images,test003.png,2,upright,0.0,481,321,154401.0,1.0,blur,pnp_hqs,restormer,15.0,fixed15p0,0.2,0.5,0.0,0.15,G16_fixed,True,16,20,0.004781531164690481,23.204330092678724,0.7179322733499135,6,0.0028576016524140065,25.439983116598018,0.7890841056728907,15.0,0;22.5;45;67.5;90;112.5;135;157.5;180;202.5;225;247.5;270;292.5;315;337.5
val_images,test003.png,2,upright,0.0,481,321,154401.0,1.0,blur,pnp_hqs,restormer,15.0,fixed15p0,0.2,0.5,0.0,0.15,G16_fixed,True,16,20,0.004781531164690481,23.204330092678724,0.7179322733499135,7,0.002824419733040407,25.490707629325968,0.7907917634115064,15.0,0;22.5;45;67.5;90;112.5;135;157.5;180;202.5;225;247.5;270;292.5;315;337.5
val_images,test003.png,2,upright,0.0,481,321,154401.0,1.0,blur,pnp_hqs,restormer,15.0,fixed15p0,0.2,0.5,0.0,0.15,G16_fixed,True,16,20,0.004781531164690481,23.204330092678724,0.7179322733499135,8,0.0027943081309483907,25.537257055260195,0.7924874798414518,15.0,0;22.5;45;67.5;90;112.5;135;157.5;180;202.5;225;247.5;270;292.5;315;337.5
val_images,test003.png,2,upright,0.0,481,321,154401.0,1.0,blur,pnp_hqs,restormer,15.0,fixed15p0,0.2,0.5,0.0,0.15,G16_fixed,True,16,20,0.004781531164690481,23.204330092678724,0.7179322733499135,9,0.0027659753917078137,25.58151688034751,0.7939532754807288,15.0,0;22.5;45;67.5;90;112.5;135;157.5;180;202.5;225;247.5;270;292.5;315;337.5
val_images,test003.png,2,upright,0.0,481,321,154401.0,1.0,blur,pnp_hqs,restormer,15.0,fixed15p0,0.2,0.5,0.0,0.15,G16_fixed,True,16,20,0.004781531164690481,23.204330092678724,0.7179322733499135,10,0.002752930595115357,25.60204737585375,0.7945920848958232,15.0,0;22.5;45;67.5;90;112.5;135;157.5;180;202.5;225;247.5;270;292.5;315;337.5
val_images,test003.png,2,upright,0.0,481,321,154401.0,1.0,blur,pnp_hqs,restormer,15.0,fixed15p0,0.2,0.5,0.0,0.15,G16_fixed,True,16,20,0.004781531164690481,23.204330092678724,0.7179322733499135,11,0.002736596878762018,25.627891727116765,0.7949641376189274,15.0,0;22.5;45;67.5;90;112.5;135;157.5;180;202.5;225;247.5;270;292.5;315;337.5
val_images,test003.png,2,upright,0.0,481,321,154401.0,1.0,blur,pnp_hqs,restormer,15.0,fixed15p0,0.2,0.5,0.0,0.15,G16_fixed,True,16,20,0.004781531164690481,23.204330092678724,0.7179322733499135,12,0.0027377023431984734,25.626137723209588,0.7939979541907112,15.0,0;22.5;45;67.5;90;112.5;135;157.5;180;202.5;225;247.5;270;292.5;315;337.5
val_images,test003.png,2,upright,0.0,481,321,154401.0,1.0,blur,pnp_hqs,restormer,15.0,fixed15p0,0.2,0.5,0.0,0.15,G16_fixed,True,16,20,0.004781531164690481,23.204330092678724,0.7179322733499135,13,0.0027334303052350293,25.63291994915909,0.7944997927474563,15.0,0;22.5;45;67.5;90;112.5;135;157.5;180;202.5;225;247.5;270;292.5;315;337.5
val_images,test003.png,2,upright,0.0,481,321,154401.0,1.0,blur,pnp_hqs,restormer,15.0,fixed15p0,0.2,0.5,0.0,0.15,G16_fixed,True,16,20,0.004781531164690481,23.204330092678724,0.7179322733499135,14,0.0027330205738249143,25.633570989824214,0.7935633107946192,15.0,0;22.5;45;67.5;90;112.5;135;157.5;180;202.5;225;247.5;270;292.5;315;337.5
val_images,test003.png,2,upright,0.0,481,321,154401.0,1.0,blur,pnp_hqs,restormer,15.0,fixed15p0,0.2,0.5,0.0,0.15,G16_fixed,True,16,20,0.004781531164690481,23.204330092678724,0.7179322733499135,15,0.0027197808929245114,25.654660815638447,0.7952547263294927,15.0,0;22.5;45;67.5;90;112.5;135;157.5;180;202.5;225;247.5;270;292.5;315;337.5
val_images,test003.png,2,upright,0.0,481,321,154401.0,1.0,blur,pnp_hqs,restormer,15.0,fixed15p0,0.2,0.5,0.0,0.15,G16_fixed,True,16,20,0.004781531164690481,23.204330092678724,0.7179322733499135,16,0.002725811633293745,25.645041593038584,0.7940730933575559,15.0,0;22.5;45;67.5;90;112.5;135;157.5;180;202.5;225;247.5;270;292.5;315;337.5
val_images,test003.png,2,upright,0.0,481,321,154401.0,1.0,blur,pnp_hqs,restormer,15.0,fixed15p0,0.2,0.5,0.0,0.15,G16_fixed,True,16,20,0.004781531164690481,23.204330092678724,0.7179322733499135,17,0.002712593298747559,25.666153154717442,0.795735869991127,15.0,0;22.5;45;67.5;90;112.5;135;157.5;180;202.5;225;247.5;270;292.5;315;337.5
val_images,test003.png,2,upright,0.0,481,321,154401.0,1.0,blur,pnp_hqs,restormer,15.0,fixed15p0,0.2,0.5,0.0,0.15,G16_fixed,True,16,20,0.004781531164690481,23.204330092678724,0.7179322733499135,18,0.0027288787881524813,25.64015754475074,0.7934627204487018,15.0,0;22.5;45;67.5;90;112.5;135;157.5;180;202.5;225;247.5;270;292.5;315;337.5
val_images,test003.png,2,upright,0.0,481,321,154401.0,1.0,blur,pnp_hqs,restormer,15.0,fixed15p0,0.2,0.5,0.0,0.15,G16_fixed,True,16,20,0.004781531164690481,23.204330092678724,0.7179322733499135,19,0.002714863127745995,25.662520608681536,0.7952638847060576,15.0,0;22.5;45;67.5;90;112.5;135;157.5;180;202.5;225;247.5;270;292.5;315;337.5
val_images,test003.png,2,upright,0.0,481,321,154401.0,1.0,blur,pnp_hqs,restormer,15.0,fixed15p0,0.2,0.5,0.0,0.15,G16_fixed,True,16,20,0.004781531164690481,23.204330092678724,0.7179322733499135,20,0.002723139781290884,25.649300653492663,0.7936489745046988,15.0,0;22.5;45;67.5;90;112.5;135;157.5;180;202.5;225;247.5;270;292.5;315;337.5
val_images,test003.png,2,rot45_padded,45.0,1000,1000,154360.0,0.15435999631881714,blur,pnp_hqs,restormer,15.0,fixed15p0,0.2,0.5,0.0,0.15,vanilla,False,0,20,0.005072731636879697,22.94758112589974,0.7207247870238404,1,0.003717183362452222,24.29786015353812,0.7534886993068153,15.0,none
val_images,test003.png,2,rot45_padded,45.0,1000,1000,154360.0,0.15435999631881714,blur,pnp_hqs,restormer,15.0,fixed15p0,0.2,0.5,0.0,0.15,vanilla,False,0,20,0.005072731636879697,22.94758112589974,0.7207247870238404,2,0.003233332855153436,24.903495846815325,0.7907078521799689,15.0,none
val_images,test003.png,2,rot45_padded,45.0,1000,1000,154360.0,0.15435999631881714,blur,pnp_hqs,restormer,15.0,fixed15p0,0.2,0.5,0.0,0.15,vanilla,False,0,20,0.005072731636879697,22.94758112589974,0.7207247870238404,3,0.0029791664663266874,25.259052291155214,0.7988254425531226,15.0,none
val_images,test003.png,2,rot45_padded,45.0,1000,1000,154360.0,0.15435999631881714,blur,pnp_hqs,restormer,15.0,fixed15p0,0.2,0.5,0.0,0.15,vanilla,False,0,20,0.005072731636879697,22.94758112589974,0.7207247870238404,4,0.0028494724927093117,25.45235531117671,0.80599425652695,15.0,none
val_images,test003.png,2,rot45_padded,45.0,1000,1000,154360.0,0.15435999631881714,blur,pnp_hqs,restormer,15.0,fixed15p0,0.2,0.5,0.0,0.15,vanilla,False,0,20,0.005072731636879697,22.94758112589974,0.7207247870238404,5,0.0027697780398576177,25.57555032353369,0.8111586247246696,15.0,none
val_images,test003.png,2,rot45_padded,45.0,1000,1000,154360.0,0.15435999631881714,blur,pnp_hqs,restormer,15.0,fixed15p0,0.2,0.5,0.0,0.15,vanilla,False,0,20,0.005072731636879697,22.94758112589974,0.7207247870238404,6,0.002677325159504365,25.722988808104898,0.8169965401496502,15.0,none
val_images,test003.png,2,rot45_padded,45.0,1000,1000,154360.0,0.15435999631881714,blur,pnp_hqs,restormer,15.0,fixed15p0,0.2,0.5,0.0,0.15,vanilla,False,0,20,0.005072731636879697,22.94758112589974,0.7207247870238404,7,0.0029540456122887446,25.295828031972665,0.770785774731148,15.0,none
val_images,test003.png,2,rot45_padded,45.0,1000,1000,154360.0,0.15435999631881714,blur,pnp_hqs,restormer,15.0,fixed15p0,0.2,0.5,0.0,0.15,vanilla,False,0,20,0.005072731636879697,22.94758112589974,0.7207247870238404,8,0.0028029786579718274,25.52380208968345,0.7833486857022545,15.0,none
val_images,test003.png,2,rot45_padded,45.0,1000,1000,154360.0,0.15435999631881714,blur,pnp_hqs,restormer,15.0,fixed15p0,0.2,0.5,0.0,0.15,vanilla,False,0,20,0.005072731636879697,22.94758112589974,0.7207247870238404,9,0.0027006949498635494,25.685244676721357,0.8034643548360975,15.0,none
val_images,test003.png,2,rot45_padded,45.0,1000,1000,154360.0,0.15435999631881714,blur,pnp_hqs,restormer,15.0,fixed15p0,0.2,0.5,0.0,0.15,vanilla,False,0,20,0.005072731636879697,22.94758112589974,0.7207247870238404,10,0.002914109221391957,25.354941748176074,0.7816475588721171,15.0,none
val_images,test003.png,2,rot45_padded,45.0,1000,1000,154360.0,0.15435999631881714,blur,pnp_hqs,restormer,15.0,fixed15p0,0.2,0.5,0.0,0.15,vanilla,False,0,20,0.005072731636879697,22.94758112589974,0.7207247870238404,11,0.002770700130971734,25.574104747632035,0.7882372679936512,15.0,none
val_images,test003.png,2,rot45_padded,45.0,1000,1000,154360.0,0.15435999631881714,blur,pnp_hqs,restormer,15.0,fixed15p0,0.2,0.5,0.0,0.15,vanilla,False,0,20,0.005072731636879697,22.94758112589974,0.7207247870238404,12,0.002657743376380701,25.754869555235583,0.8102113160792952,15.0,none
val_images,test003.png,2,rot45_padded,45.0,1000,1000,154360.0,0.15435999631881714,blur,pnp_hqs,restormer,15.0,fixed15p0,0.2,0.5,0.0,0.15,vanilla,False,0,20,0.005072731636879697,22.94758112589974,0.7207247870238404,13,0.0025883969447562717,25.86969121473951,0.8211943670640062,15.0,none
val_images,test003.png,2,rot45_padded,45.0,1000,1000,154360.0,0.15435999631881714,blur,pnp_hqs,restormer,15.0,fixed15p0,0.2,0.5,0.0,0.15,vanilla,False,0,20,0.005072731636879697,22.94758112589974,0.7207247870238404,14,0.0025768524193646347,25.88910453506103,0.8239646767297227,15.0,none
val_images,test003.png,2,rot45_padded,45.0,1000,1000,154360.0,0.15435999631881714,blur,pnp_hqs,restormer,15.0,fixed15p0,0.2,0.5,0.0,0.15,vanilla,False,0,20,0.005072731636879697,22.94758112589974,0.7207247870238404,15,0.0027779904632686983,25.562692495116103,0.7938920178478881,15.0,none
val_images,test003.png,2,rot45_padded,45.0,1000,1000,154360.0,0.15435999631881714,blur,pnp_hqs,restormer,15.0,fixed15p0,0.2,0.5,0.0,0.15,vanilla,False,0,20,0.005072731636879697,22.94758112589974,0.7207247870238404,16,0.0030613328113738786,25.140894537132805,0.781002050806556,15.0,none
val_images,test003.png,2,rot45_padded,45.0,1000,1000,154360.0,0.15435999631881714,blur,pnp_hqs,restormer,15.0,fixed15p0,0.2,0.5,0.0,0.15,vanilla,False,0,20,0.005072731636879697,22.94758112589974,0.7207247870238404,17,0.003171672361383292,24.9871168232307,0.7703766256640321,15.0,none
val_images,test003.png,2,rot45_padded,45.0,1000,1000,154360.0,0.15435999631881714,blur,pnp_hqs,restormer,15.0,fixed15p0,0.2,0.5,0.0,0.15,vanilla,False,0,20,0.005072731636879697,22.94758112589974,0.7207247870238404,18,0.003368338342465462,24.72584291018713,0.6894507968385593,15.0,none
val_images,test003.png,2,rot45_padded,45.0,1000,1000,154360.0,0.15435999631881714,blur,pnp_hqs,restormer,15.0,fixed15p0,0.2,0.5,0.0,0.15,vanilla,False,0,20,0.005072731636879697,22.94758112589974,0.7207247870238404,19,0.003223046912959154,24.917333730818285,0.7602139479139673,15.0,none
val_images,test003.png,2,rot45_padded,45.0,1000,1000,154360.0,0.15435999631881714,blur,pnp_hqs,restormer,15.0,fixed15p0,0.2,0.5,0.0,0.15,vanilla,False,0,20,0.005072731636879697,22.94758112589974,0.7207247870238404,20,0.002931329035703368,25.329354301559025,0.7923936435119202,15.0,none
val_images,test003.png,2,rot45_padded,45.0,1000,1000,154360.0,0.15435999631881714,blur,pnp_hqs,restormer,15.0,fixed15p0,0.2,0.5,0.0,0.15,G16_fixed,False,16,20,0.005072731636879697,22.94758112589974,0.7207247870238404,1,0.0036552158344839176,24.370869735740154,0.7641457064654056,15.0,0;22.5;45;67.5;90;112.5;135;157.5;180;202.5;225;247.5;270;292.5;315;337.5
val_images,test003.png,2,rot45_padded,45.0,1000,1000,154360.0,0.15435999631881714,blur,pnp_hqs,restormer,15.0,fixed15p0,0.2,0.5,0.0,0.15,G16_fixed,False,16,20,0.005072731636879697,22.94758112589974,0.7207247870238404,2,0.003476795553388791,24.588208464595684,0.7736893463332469,15.0,0;22.5;45;67.5;90;112.5;135;157.5;180;202.5;225;247.5;270;292.5;315;337.5
val_images,test003.png,2,rot45_padded,45.0,1000,1000,154360.0,0.15435999631881714,blur,pnp_hqs,restormer,15.0,fixed15p0,0.2,0.5,0.0,0.15,G16_fixed,False,16,20,0.005072731636879697,22.94758112589974,0.7207247870238404,3,0.003326649306258503,24.779929798298287,0.779032274391034,15.0,0;22.5;45;67.5;90;112.5;135;157.5;180;202.5;225;247.5;270;292.5;315;337.5
val_images,test003.png,2,rot45_padded,45.0,1000,1000,154360.0,0.15435999631881714,blur,pnp_hqs,restormer,15.0,fixed15p0,0.2,0.5,0.0,0.15,G16_fixed,False,16,20,0.005072731636879697,22.94758112589974,0.7207247870238404,4,0.003338994730257191,24.763842663670218,0.7815680470976937,15.0,0;22.5;45;67.5;90;112.5;135;157.5;180;202.5;225;247.5;270;292.5;315;337.5
val_images,test003.png,2,rot45_padded,45.0,1000,1000,154360.0,0.15435999631881714,blur,pnp_hqs,restormer,15.0,fixed15p0,0.2,0.5,0.0,0.15,G16_fixed,False,16,20,0.005072731636879697,22.94758112589974,0.7207247870238404,5,0.0032291729668317976,24.90908691889389,0.783841091846981,15.0,0;22.5;45;67.5;90;112.5;135;157.5;180;202.5;225;247.5;270;292.5;315;337.5
val_images,test003.png,2,rot45_padded,45.0,1000,1000,154360.0,0.15435999631881714,blur,pnp_hqs,restormer,15.0,fixed15p0,0.2,0.5,0.0,0.15,G16_fixed,False,16,20,0.005072731636879697,22.94758112589974,0.7207247870238404,6,0.0032377428389423466,24.897576484990985,0.7843505036926665,15.0,0;22.5;45;67.5;90;112.5;135;157.5;180;202.5;225;247.5;270;292.5;315;337.5
val_images,test003.png,2,rot45_padded,45.0,1000,1000,154360.0,0.15435999631881714,blur,pnp_hqs,restormer,15.0,fixed15p0,0.2,0.5,0.0,0.15,G16_fixed,False,16,20,0.005072731636879697,22.94758112589974,0.7207247870238404,7,0.0032196278212508504,24.92194328465329,0.7811163331659756,15.0,0;22.5;45;67.5;90;112.5;135;157.5;180;202.5;225;247.5;270;292.5;315;337.5
val_images,test003.png,2,rot45_padded,45.0,1000,1000,154360.0,0.15435999631881714,blur,pnp_hqs,restormer,15.0,fixed15p0,0.2,0.5,0.0,0.15,G16_fixed,False,16,20,0.005072731636879697,22.94758112589974,0.7207247870238404,8,0.0032338249402269854,24.90283493876501,0.7823640758616222,15.0,0;22.5;45;67.5;90;112.5;135;157.5;180;202.5;225;247.5;270;292.5;315;337.5
val_images,test003.png,2,rot45_padded,45.0,1000,1000,154360.0,0.15435999631881714,blur,pnp_hqs,restormer,15.0,fixed15p0,0.2,0.5,0.0,0.15,G16_fixed,False,16,20,0.005072731636879697,22.94758112589974,0.7207247870238404,9,0.0032792553255427655,24.842247674851503,0.7822454408525524,15.0,0;22.5;45;67.5;90;112.5;135;157.5;180;202.5;225;247.5;270;292.5;315;337.5
val_images,test003.png,2,rot45_padded,45.0,1000,1000,154360.0,0.15435999631881714,blur,pnp_hqs,restormer,15.0,fixed15p0,0.2,0.5,0.0,0.15,G16_fixed,False,16,20,0.005072731636879697,22.94758112589974,0.7207247870238404,10,0.0032693076547670626,24.855442086699448,0.7848011547680747,15.0,0;22.5;45;67.5;90;112.5;135;157.5;180;202.5;225;247.5;270;292.5;315;337.5
val_images,test003.png,2,rot45_padded,45.0,1000,1000,154360.0,0.15435999631881714,blur,pnp_hqs,restormer,15.0,fixed15p0,0.2,0.5,0.0,0.15,G16_fixed,False,16,20,0.005072731636879697,22.94758112589974,0.7207247870238404,11,0.0032537432154338885,24.87616724454032,0.7826114683208085,15.0,0;22.5;45;67.5;90;112.5;135;157.5;180;202.5;225;247.5;270;292.5;315;337.5
val_images,test003.png,2,rot45_padded,45.0,1000,1000,154360.0,0.15435999631881714,blur,pnp_hqs,restormer,15.0,fixed15p0,0.2,0.5,0.0,0.15,G16_fixed,False,16,20,0.005072731636879697,22.94758112589974,0.7207247870238404,12,0.0034150269155707436,24.666058690724086,0.7687724718191241,15.0,0;22.5;45;67.5;90;112.5;135;157.5;180;202.5;225;247.5;270;292.5;315;337.5
val_images,test003.png,2,rot45_padded,45.0,1000,1000,154360.0,0.15435999631881714,blur,pnp_hqs,restormer,15.0,fixed15p0,0.2,0.5,0.0,0.15,G16_fixed,False,16,20,0.005072731636879697,22.94758112589974,0.7207247870238404,13,0.0033883614007535145,24.70010274261526,0.7754071245789065,15.0,0;22.5;45;67.5;90;112.5;135;157.5;180;202.5;225;247.5;270;292.5;315;337.5
val_images,test003.png,2,rot45_padded,45.0,1000,1000,154360.0,0.15435999631881714,blur,pnp_hqs,restormer,15.0,fixed15p0,0.2,0.5,0.0,0.15,G16_fixed,False,16,20,0.005072731636879697,22.94758112589974,0.7207247870238404,14,0.0033050074482186527,24.808275574441154,0.780264377915263,15.0,0;22.5;45;67.5;90;112.5;135;157.5;180;202.5;225;247.5;270;292.5;315;337.5
val_images,test003.png,2,rot45_padded,45.0,1000,1000,154360.0,0.15435999631881714,blur,pnp_hqs,restormer,15.0,fixed15p0,0.2,0.5,0.0,0.15,G16_fixed,False,16,20,0.005072731636879697,22.94758112589974,0.7207247870238404,15,0.003284776998511495,24.8349410908847,0.7844865999125421,15.0,0;22.5;45;67.5;90;112.5;135;157.5;180;202.5;225;247.5;270;292.5;315;337.5
val_images,test003.png,2,rot45_padded,45.0,1000,1000,154360.0,0.15435999631881714,blur,pnp_hqs,restormer,15.0,fixed15p0,0.2,0.5,0.0,0.15,G16_fixed,False,16,20,0.005072731636879697,22.94758112589974,0.7207247870238404,16,0.0033162943653938033,24.79346926978153,0.7792764276690852,15.0,0;22.5;45;67.5;90;112.5;135;157.5;180;202.5;225;247.5;270;292.5;315;337.5
val_images,test003.png,2,rot45_padded,45.0,1000,1000,154360.0,0.15435999631881714,blur,pnp_hqs,restormer,15.0,fixed15p0,0.2,0.5,0.0,0.15,G16_fixed,False,16,20,0.005072731636879697,22.94758112589974,0.7207247870238404,17,0.0033940137560177913,24.692864018089992,0.7713186706400622,15.0,0;22.5;45;67.5;90;112.5;135;157.5;180;202.5;225;247.5;270;292.5;315;337.5
val_images,test003.png,2,rot45_padded,45.0,1000,1000,154360.0,0.15435999631881714,blur,pnp_hqs,restormer,15.0,fixed15p0,0.2,0.5,0.0,0.15,G16_fixed,False,16,20,0.005072731636879697,22.94758112589974,0.7207247870238404,18,0.003426289712866837,24.651759176752908,0.7718882603977715,15.0,0;22.5;45;67.5;90;112.5;135;157.5;180;202.5;225;247.5;270;292.5;315;337.5
val_images,test003.png,2,rot45_padded,45.0,1000,1000,154360.0,0.15435999631881714,blur,pnp_hqs,restormer,15.0,fixed15p0,0.2,0.5,0.0,0.15,G16_fixed,False,16,20,0.005072731636879697,22.94758112589974,0.7207247870238404,19,0.003324637471100431,24.782557046118274,0.7790309584736979,15.0,0;22.5;45;67.5;90;112.5;135;157.5;180;202.5;225;247.5;270;292.5;315;337.5
val_images,test003.png,2,rot45_padded,45.0,1000,1000,154360.0,0.15435999631881714,blur,pnp_hqs,restormer,15.0,fixed15p0,0.2,0.5,0.0,0.15,G16_fixed,False,16,20,0.005072731636879697,22.94758112589974,0.7207247870238404,20,0.0033161874075694603,24.793609341611358,0.7799333740930293,15.0,0;22.5;45;67.5;90;112.5;135;157.5;180;202.5;225;247.5;270;292.5;315;337.5
val_images,test004.png,3,upright,0.0,321,481,154401.0,1.0,blur,pnp_hqs,restormer,15.0,fixed15p0,0.2,0.5,0.0,0.15,vanilla,True,0,20,0.0020246732357020033,26.93645058070325,0.7615864595274642,1,0.0016206351749690133,27.90314739210739,0.7643939826328845,15.0,none
val_images,test004.png,3,upright,0.0,321,481,154401.0,1.0,blur,pnp_hqs,restormer,15.0,fixed15p0,0.2,0.5,0.0,0.15,vanilla,True,0,20,0.0020246732357020033,26.93645058070325,0.7615864595274642,2,0.0014896818143432119,28.26906483958012,0.7955887287809017,15.0,none
val_images,test004.png,3,upright,0.0,321,481,154401.0,1.0,blur,pnp_hqs,restormer,15.0,fixed15p0,0.2,0.5,0.0,0.15,vanilla,True,0,20,0.0020246732357020033,26.93645058070325,0.7615864595274642,3,0.0018648163185117405,27.293639390753214,0.7399675803589355,15.0,none
val_images,test004.png,3,upright,0.0,321,481,154401.0,1.0,blur,pnp_hqs,restormer,15.0,fixed15p0,0.2,0.5,0.0,0.15,vanilla,True,0,20,0.0020246732357020033,26.93645058070325,0.7615864595274642,4,0.0015522874100138903,28.090278648903713,0.7737046614821148,15.0,none
val_images,test004.png,3,upright,0.0,321,481,154401.0,1.0,blur,pnp_hqs,restormer,15.0,fixed15p0,0.2,0.5,0.0,0.15,vanilla,True,0,20,0.0020246732357020033,26.93645058070325,0.7615864595274642,5,0.0017729400287492066,27.513059545422223,0.7629041525799704,15.0,none
val_images,test004.png,3,upright,0.0,321,481,154401.0,1.0,blur,pnp_hqs,restormer,15.0,fixed15p0,0.2,0.5,0.0,0.15,vanilla,True,0,20,0.0020246732357020033,26.93645058070325,0.7615864595274642,6,0.001638113293090111,27.85656065419073,0.7793279046929747,15.0,none
val_images,test004.png,3,upright,0.0,321,481,154401.0,1.0,blur,pnp_hqs,restormer,15.0,fixed15p0,0.2,0.5,0.0,0.15,vanilla,True,0,20,0.0020246732357020033,26.93645058070325,0.7615864595274642,7,0.001785874140542018,27.48149151267257,0.7654429962403093,15.0,none
val_images,test004.png,3,upright,0.0,321,481,154401.0,1.0,blur,pnp_hqs,restormer,15.0,fixed15p0,0.2,0.5,0.0,0.15,vanilla,True,0,20,0.0020246732357020033,26.93645058070325,0.7615864595274642,8,0.0016660762265090171,27.78305132584139,0.7795078845020433,15.0,none
val_images,test004.png,3,upright,0.0,321,481,154401.0,1.0,blur,pnp_hqs,restormer,15.0,fixed15p0,0.2,0.5,0.0,0.15,vanilla,True,0,20,0.0020246732357020033,26.93645058070325,0.7615864595274642,9,0.001804347235951354,27.43679881347225,0.7677278846963427,15.0,none
val_images,test004.png,3,upright,0.0,321,481,154401.0,1.0,blur,pnp_hqs,restormer,15.0,fixed15p0,0.2,0.5,0.0,0.15,vanilla,True,0,20,0.0020246732357020033,26.93645058070325,0.7615864595274642,10,0.0017136359037050845,27.660814471788576,0.7794552111871037,15.0,none
val_images,test004.png,3,upright,0.0,321,481,154401.0,1.0,blur,pnp_hqs,restormer,15.0,fixed15p0,0.2,0.5,0.0,0.15,vanilla,True,0,20,0.0020246732357020033,26.93645058070325,0.7615864595274642,11,0.0018300703833888706,27.37532207247931,0.7699595432510152,15.0,none
val_images,test004.png,3,upright,0.0,321,481,154401.0,1.0,blur,pnp_hqs,restormer,15.0,fixed15p0,0.2,0.5,0.0,0.15,vanilla,True,0,20,0.0020246732357020033,26.93645058070325,0.7615864595274642,12,0.0017709678628012448,27.51789319744267,0.7794901749341002,15.0,none
val_images,test004.png,3,upright,0.0,321,481,154401.0,1.0,blur,pnp_hqs,restormer,15.0,fixed15p0,0.2,0.5,0.0,0.15,vanilla,True,0,20,0.0020246732357020033,26.93645058070325,0.7615864595274642,13,0.001861416713951213,27.301563908077135,0.7723012541207634,15.0,none
val_images,test004.png,3,upright,0.0,321,481,154401.0,1.0,blur,pnp_hqs,restormer,15.0,fixed15p0,0.2,0.5,0.0,0.15,vanilla,True,0,20,0.0020246732357020033,26.93645058070325,0.7615864595274642,14,0.0018383199586881319,27.355788976292583,0.7790929240257511,15.0,none
val_images,test004.png,3,upright,0.0,321,481,154401.0,1.0,blur,pnp_hqs,restormer,15.0,fixed15p0,0.2,0.5,0.0,0.15,vanilla,True,0,20,0.0020246732357020033,26.93645058070325,0.7615864595274642,15,0.0018930678230154355,27.228338262719678,0.7750358138062577,15.0,none
val_images,test004.png,3,upright,0.0,321,481,154401.0,1.0,blur,pnp_hqs,restormer,15.0,fixed15p0,0.2,0.5,0.0,0.15,vanilla,True,0,20,0.0020246732357020033,26.93645058070325,0.7615864595274642,16,0.001895662393309973,27.222390054884144,0.7776894660656343,15.0,none
val_images,test004.png,3,upright,0.0,321,481,154401.0,1.0,blur,pnp_hqs,restormer,15.0,fixed15p0,0.2,0.5,0.0,0.15,vanilla,True,0,20,0.0020246732357020033,26.93645058070325,0.7615864595274642,17,0.0018972347104192168,27.218789384131487,0.777418408478572,15.0,none
val_images,test004.png,3,upright,0.0,321,481,154401.0,1.0,blur,pnp_hqs,restormer,15.0,fixed15p0,0.2,0.5,0.0,0.15,vanilla,True,0,20,0.0020246732357020033,26.93645058070325,0.7615864595274642,18,0.0019078790304193707,27.19449165316857,0.7767473676498209,15.0,none
val_images,test004.png,3,upright,0.0,321,481,154401.0,1.0,blur,pnp_hqs,restormer,15.0,fixed15p0,0.2,0.5,0.0,0.15,vanilla,True,0,20,0.0020246732357020033,26.93645058070325,0.7615864595274642,19,0.0018977976216859832,27.217501019567724,0.7778498641524343,15.0,none
val_images,test004.png,3,upright,0.0,321,481,154401.0,1.0,blur,pnp_hqs,restormer,15.0,fixed15p0,0.2,0.5,0.0,0.15,vanilla,True,0,20,0.0020246732357020033,26.93645058070325,0.7615864595274642,20,0.0019055789607524602,27.19973050823279,0.7769002265205536,15.0,none
val_images,test004.png,3,upright,0.0,321,481,154401.0,1.0,blur,pnp_hqs,restormer,15.0,fixed15p0,0.2,0.5,0.0,0.15,G16_fixed,True,16,20,0.0020246732357020033,26.93645058070325,0.7615864595274642,1,0.0013592882025613299,28.666884523829506,0.8159925291934638,15.0,0;22.5;45;67.5;90;112.5;135;157.5;180;202.5;225;247.5;270;292.5;315;337.5
val_images,test004.png,3,upright,0.0,321,481,154401.0,1.0,blur,pnp_hqs,restormer,15.0,fixed15p0,0.2,0.5,0.0,0.15,G16_fixed,True,16,20,0.0020246732357020033,26.93645058070325,0.7615864595274642,2,0.0012437294175290214,29.052740933236322,0.8275158920602845,15.0,0;22.5;45;67.5;90;112.5;135;157.5;180;202.5;225;247.5;270;292.5;315;337.5
val_images,test004.png,3,upright,0.0,321,481,154401.0,1.0,blur,pnp_hqs,restormer,15.0,fixed15p0,0.2,0.5,0.0,0.15,G16_fixed,True,16,20,0.0020246732357020033,26.93645058070325,0.7615864595274642,3,0.001203874884773961,29.19418645699215,0.8308569285496855,15.0,0;22.5;45;67.5;90;112.5;135;157.5;180;202.5;225;247.5;270;292.5;315;337.5
val_images,test004.png,3,upright,0.0,321,481,154401.0,1.0,blur,pnp_hqs,restormer,15.0,fixed15p0,0.2,0.5,0.0,0.15,G16_fixed,True,16,20,0.0020246732357020033,26.93645058070325,0.7615864595274642,4,0.0011904097824199952,29.243035128855897,0.8318688532619607,15.0,0;22.5;45;67.5;90;112.5;135;157.5;180;202.5;225;247.5;270;292.5;315;337.5
val_images,test004.png,3,upright,0.0,321,481,154401.0,1.0,blur,pnp_hqs,restormer,15.0,fixed15p0,0.2,0.5,0.0,0.15,G16_fixed,True,16,20,0.0020246732357020033,26.93645058070325,0.7615864595274642,5,0.0011713406691297133,29.31316777680553,0.8353799016036165,15.0,0;22.5;45;67.5;90;112.5;135;157.5;180;202.5;225;247.5;270;292.5;315;337.5
val_images,test004.png,3,upright,0.0,321,481,154401.0,1.0,blur,pnp_hqs,restormer,15.0,fixed15p0,0.2,0.5,0.0,0.15,G16_fixed,True,16,20,0.0020246732357020033,26.93645058070325,0.7615864595274642,6,0.0011671788218373443,29.328626012059527,0.83537747286287,15.0,0;22.5;45;67.5;90;112.5;135;157.5;180;202.5;225;247.5;270;292.5;315;337.5
val_images,test004.png,3,upright,0.0,321,481,154401.0,1.0,blur,pnp_hqs,restormer,15.0,fixed15p0,0.2,0.5,0.0,0.15,G16_fixed,True,16,20,0.0020246732357020033,26.93645058070325,0.7615864595274642,7,0.0011692012900737163,29.321107141223443,0.8350492892694995,15.0,0;22.5;45;67.5;90;112.5;135;157.5;180;202.5;225;247.5;270;292.5;315;337.5
val_images,test004.png,3,upright,0.0,321,481,154401.0,1.0,blur,pnp_hqs,restormer,15.0,fixed15p0,0.2,0.5,0.0,0.15,G16_fixed,True,16,20,0.0020246732357020033,26.93645058070325,0.7615864595274642,8,0.0011609159398659982,29.351992257170814,0.8366489692424272,15.0,0;22.5;45;67.5;90;112.5;135;157.5;180;202.5;225;247.5;270;292.5;315;337.5
val_images,test004.png,3,upright,0.0,321,481,154401.0,1.0,blur,pnp_hqs,restormer,15.0,fixed15p0,0.2,0.5,0.0,0.15,G16_fixed,True,16,20,0.0020246732357020033,26.93645058070325,0.7615864595274642,9,0.0011663742816999242,29.331620650197102,0.8345866647560573,15.0,0;22.5;45;67.5;90;112.5;135;157.5;180;202.5;225;247.5;270;292.5;315;337.5
val_images,test004.png,3,upright,0.0,321,481,154401.0,1.0,blur,pnp_hqs,restormer,15.0,fixed15p0,0.2,0.5,0.0,0.15,G16_fixed,True,16,20,0.0020246732357020033,26.93645058070325,0.7615864595274642,10,0.0011628419542055366,29.34479307696876,0.8356834435981633,15.0,0;22.5;45;67.5;90;112.5;135;157.5;180;202.5;225;247.5;270;292.5;315;337.5
val_images,test004.png,3,upright,0.0,321,481,154401.0,1.0,blur,pnp_hqs,restormer,15.0,fixed15p0,0.2,0.5,0.0,0.15,G16_fixed,True,16,20,0.0020246732357020033,26.93645058070325,0.7615864595274642,11,0.0011563413963920955,29.369139265728585,0.8371005126262135,15.0,0;22.5;45;67.5;90;112.5;135;157.5;180;202.5;225;247.5;270;292.5;315;337.5
val_images,test004.png,3,upright,0.0,321,481,154401.0,1.0,blur,pnp_hqs,restormer,15.0,fixed15p0,0.2,0.5,0.0,0.15,G16_fixed,True,16,20,0.0020246732357020033,26.93645058070325,0.7615864595274642,12,0.001157750552247577,29.363850031753405,0.8365324908841264,15.0,0;22.5;45;67.5;90;112.5;135;157.5;180;202.5;225;247.5;270;292.5;315;337.5
val_images,test004.png,3,upright,0.0,321,481,154401.0,1.0,blur,pnp_hqs,restormer,15.0,fixed15p0,0.2,0.5,0.0,0.15,G16_fixed,True,16,20,0.0020246732357020033,26.93645058070325,0.7615864595274642,13,0.001155278130535505,29.37313447792938,0.8383616362588325,15.0,0;22.5;45;67.5;90;112.5;135;157.5;180;202.5;225;247.5;270;292.5;315;337.5
val_images,test004.png,3,upright,0.0,321,481,154401.0,1.0,blur,pnp_hqs,restormer,15.0,fixed15p0,0.2,0.5,0.0,0.15,G16_fixed,True,16,20,0.0020246732357020033,26.93645058070325,0.7615864595274642,14,0.001152314248547866,29.384290679620285,0.8382095363695831,15.0,0;22.5;45;67.5;90;112.5;135;157.5;180;202.5;225;247.5;270;292.5;315;337.5
val_images,test004.png,3,upright,0.0,321,481,154401.0,1.0,blur,pnp_hqs,restormer,15.0,fixed15p0,0.2,0.5,0.0,0.15,G16_fixed,True,16,20,0.0020246732357020033,26.93645058070325,0.7615864595274642,15,0.0011535830718895118,29.37951125577936,0.838933908297226,15.0,0;22.5;45;67.5;90;112.5;135;157.5;180;202.5;225;247.5;270;292.5;315;337.5
val_images,test004.png,3,upright,0.0,321,481,154401.0,1.0,blur,pnp_hqs,restormer,15.0,fixed15p0,0.2,0.5,0.0,0.15,G16_fixed,True,16,20,0.0020246732357020033,26.93645058070325,0.7615864595274642,16,0.0011509584585779277,29.389403510321998,0.8394537094157422,15.0,0;22.5;45;67.5;90;112.5;135;157.5;180;202.5;225;247.5;270;292.5;315;337.5
val_images,test004.png,3,upright,0.0,321,481,154401.0,1.0,blur,pnp_hqs,restormer,15.0,fixed15p0,0.2,0.5,0.0,0.15,G16_fixed,True,16,20,0.0020246732357020033,26.93645058070325,0.7615864595274642,17,0.0011535300024811104,29.379711053106043,0.8380000068814322,15.0,0;22.5;45;67.5;90;112.5;135;157.5;180;202.5;225;247.5;270;292.5;315;337.5
val_images,test004.png,3,upright,0.0,321,481,154401.0,1.0,blur,pnp_hqs,restormer,15.0,fixed15p0,0.2,0.5,0.0,0.15,G16_fixed,True,16,20,0.0020246732357020033,26.93645058070325,0.7615864595274642,18,0.0011526363215496904,29.383076991741788,0.8382211740856601,15.0,0;22.5;45;67.5;90;112.5;135;157.5;180;202.5;225;247.5;270;292.5;315;337.5
val_images,test004.png,3,upright,0.0,321,481,154401.0,1.0,blur,pnp_hqs,restormer,15.0,fixed15p0,0.2,0.5,0.0,0.15,G16_fixed,True,16,20,0.0020246732357020033,26.93645058070325,0.7615864595274642,19,0.001153426433132871,29.38010100062105,0.8374027390528559,15.0,0;22.5;45;67.5;90;112.5;135;157.5;180;202.5;225;247.5;270;292.5;315;337.5
val_images,test004.png,3,upright,0.0,321,481,154401.0,1.0,blur,pnp_hqs,restormer,15.0,fixed15p0,0.2,0.5,0.0,0.15,G16_fixed,True,16,20,0.0020246732357020033,26.93645058070325,0.7615864595274642,20,0.0011549951925164121,29.374198234497065,0.8380111892086192,15.0,0;22.5;45;67.5;90;112.5;135;157.5;180;202.5;225;247.5;270;292.5;315;337.5
val_images,test004.png,3,rot45_padded,45.0,1000,1000,154360.0,0.15435999631881714,blur,pnp_hqs,restormer,15.0,fixed15p0,0.2,0.5,0.0,0.15,vanilla,False,0,20,0.0022549900312935265,26.46855373681268,0.7687513665295413,1,0.0016684673276705024,27.776822933851797,0.7966073120465147,15.0,none
val_images,test004.png,3,rot45_padded,45.0,1000,1000,154360.0,0.15435999631881714,blur,pnp_hqs,restormer,15.0,fixed15p0,0.2,0.5,0.0,0.15,vanilla,False,0,20,0.0022549900312935265,26.46855373681268,0.7687513665295413,2,0.0014061383368222013,28.519719510351656,0.8288023431426536,15.0,none
val_images,test004.png,3,rot45_padded,45.0,1000,1000,154360.0,0.15435999631881714,blur,pnp_hqs,restormer,15.0,fixed15p0,0.2,0.5,0.0,0.15,vanilla,False,0,20,0.0022549900312935265,26.46855373681268,0.7687513665295413,3,0.0016743792681905326,27.761461619783713,0.7872203675660793,15.0,none
val_images,test004.png,3,rot45_padded,45.0,1000,1000,154360.0,0.15435999631881714,blur,pnp_hqs,restormer,15.0,fixed15p0,0.2,0.5,0.0,0.15,vanilla,False,0,20,0.0022549900312935265,26.46855373681268,0.7687513665295413,4,0.0013079905948604317,28.833953788060185,0.8398399034724022,15.0,none
val_images,test004.png,3,rot45_padded,45.0,1000,1000,154360.0,0.15435999631881714,blur,pnp_hqs,restormer,15.0,fixed15p0,0.2,0.5,0.0,0.15,vanilla,False,0,20,0.0022549900312935265,26.46855373681268,0.7687513665295413,5,0.0012225063825154064,29.127488648145786,0.8516528933985489,15.0,none
val_images,test004.png,3,rot45_padded,45.0,1000,1000,154360.0,0.15435999631881714,blur,pnp_hqs,restormer,15.0,fixed15p0,0.2,0.5,0.0,0.15,vanilla,False,0,20,0.0022549900312935265,26.46855373681268,0.7687513665295413,6,0.0013647800592846066,28.649373315794875,0.8274688633713397,15.0,none
val_images,test004.png,3,rot45_padded,45.0,1000,1000,154360.0,0.15435999631881714,blur,pnp_hqs,restormer,15.0,fixed15p0,0.2,0.5,0.0,0.15,vanilla,False,0,20,0.0022549900312935265,26.46855373681268,0.7687513665295413,7,0.0014921068249356718,28.26200083150669,0.8114154816662348,15.0,none
val_images,test004.png,3,rot45_padded,45.0,1000,1000,154360.0,0.15435999631881714,blur,pnp_hqs,restormer,15.0,fixed15p0,0.2,0.5,0.0,0.15,vanilla,False,0,20,0.0022549900312935265,26.46855373681268,0.7687513665295413,8,0.0014968975864874017,28.248079118445734,0.8046225139284788,15.0,none
val_images,test004.png,3,rot45_padded,45.0,1000,1000,154360.0,0.15435999631881714,blur,pnp_hqs,restormer,15.0,fixed15p0,0.2,0.5,0.0,0.15,vanilla,False,0,20,0.0022549900312935265,26.46855373681268,0.7687513665295413,9,0.0013951214832109192,28.553879736154684,0.810778881348795,15.0,none
val_images,test004.png,3,rot45_padded,45.0,1000,1000,154360.0,0.15435999631881714,blur,pnp_hqs,restormer,15.0,fixed15p0,0.2,0.5,0.0,0.15,vanilla,False,0,20,0.0022549900312935265,26.46855373681268,0.7687513665295413,10,0.0012672403557493948,28.971410052619945,0.8349543579133195,15.0,none
val_images,test004.png,3,rot45_padded,45.0,1000,1000,154360.0,0.15435999631881714,blur,pnp_hqs,restormer,15.0,fixed15p0,0.2,0.5,0.0,0.15,vanilla,False,0,20,0.0022549900312935265,26.46855373681268,0.7687513665295413,11,0.001264956974248004,28.979242461596687,0.8379118315139933,15.0,none
val_images,test004.png,3,rot45_padded,45.0,1000,1000,154360.0,0.15435999631881714,blur,pnp_hqs,restormer,15.0,fixed15p0,0.2,0.5,0.0,0.15,vanilla,False,0,20,0.0022549900312935265,26.46855373681268,0.7687513665295413,12,0.001382717044590112,28.592666836259063,0.804822179078129,15.0,none
val_images,test004.png,3,rot45_padded,45.0,1000,1000,154360.0,0.15435999631881714,blur,pnp_hqs,restormer,15.0,fixed15p0,0.2,0.5,0.0,0.15,vanilla,False,0,20,0.0022549900312935265,26.46855373681268,0.7687513665295413,13,0.001195614595554072,29.224087919182175,0.852427057689816,15.0,none
val_images,test004.png,3,rot45_padded,45.0,1000,1000,154360.0,0.15435999631881714,blur,pnp_hqs,restormer,15.0,fixed15p0,0.2,0.5,0.0,0.15,vanilla,False,0,20,0.0022549900312935265,26.46855373681268,0.7687513665295413,14,0.0011394523468373444,29.43303832781399,0.8555290797486396,15.0,none
val_images,test004.png,3,rot45_padded,45.0,1000,1000,154360.0,0.15435999631881714,blur,pnp_hqs,restormer,15.0,fixed15p0,0.2,0.5,0.0,0.15,vanilla,False,0,20,0.0022549900312935265,26.46855373681268,0.7687513665295413,15,0.001155854951967752,29.37096662033462,0.8725656541526302,15.0,none
val_images,test004.png,3,rot45_padded,45.0,1000,1000,154360.0,0.15435999631881714,blur,pnp_hqs,restormer,15.0,fixed15p0,0.2,0.5,0.0,0.15,vanilla,False,0,20,0.0022549900312935265,26.46855373681268,0.7687513665295413,16,0.0016441454940523067,27.840597534211543,0.7982758446164809,15.0,none
val_images,test004.png,3,rot45_padded,45.0,1000,1000,154360.0,0.15435999631881714,blur,pnp_hqs,restormer,15.0,fixed15p0,0.2,0.5,0.0,0.15,vanilla,False,0,20,0.0022549900312935265,26.46855373681268,0.7687513665295413,17,0.0016490570527032484,27.82764318736576,0.7995172607864732,15.0,none
val_images,test004.png,3,rot45_padded,45.0,1000,1000,154360.0,0.15435999631881714,blur,pnp_hqs,restormer,15.0,fixed15p0,0.2,0.5,0.0,0.15,vanilla,False,0,20,0.0022549900312935265,26.46855373681268,0.7687513665295413,18,0.0011638258800323715,29.34111989615299,0.8564125664032133,15.0,none
val_images,test004.png,3,rot45_padded,45.0,1000,1000,154360.0,0.15435999631881714,blur,pnp_hqs,restormer,15.0,fixed15p0,0.2,0.5,0.0,0.15,vanilla,False,0,20,0.0022549900312935265,26.46855373681268,0.7687513665295413,19,0.0013877198436032245,28.576982015021475,0.8244569816500389,15.0,none
val_images,test004.png,3,rot45_padded,45.0,1000,1000,154360.0,0.15435999631881714,blur,pnp_hqs,restormer,15.0,fixed15p0,0.2,0.5,0.0,0.15,vanilla,False,0,20,0.0022549900312935265,26.46855373681268,0.7687513665295413,20,0.001214238107745034,29.15696141316735,0.8561185094908007,15.0,none
val_images,test004.png,3,rot45_padded,45.0,1000,1000,154360.0,0.15435999631881714,blur,pnp_hqs,restormer,15.0,fixed15p0,0.2,0.5,0.0,0.15,G16_fixed,False,16,20,0.0022549900312935265,26.46855373681268,0.7687513665295413,1,0.0016474012823171583,27.83200600302651,0.8018166744946877,15.0,0;22.5;45;67.5;90;112.5;135;157.5;180;202.5;225;247.5;270;292.5;315;337.5
val_images,test004.png,3,rot45_padded,45.0,1000,1000,154360.0,0.15435999631881714,blur,pnp_hqs,restormer,15.0,fixed15p0,0.2,0.5,0.0,0.15,G16_fixed,False,16,20,0.0022549900312935265,26.46855373681268,0.7687513665295413,2,0.0015062787366611533,28.22094654567816,0.8170250854334025,15.0,0;22.5;45;67.5;90;112.5;135;157.5;180;202.5;225;247.5;270;292.5;315;337.5
val_images,test004.png,3,rot45_padded,45.0,1000,1000,154360.0,0.15435999631881714,blur,pnp_hqs,restormer,15.0,fixed15p0,0.2,0.5,0.0,0.15,G16_fixed,False,16,20,0.0022549900312935265,26.46855373681268,0.7687513665295413,3,0.001490408053945525,28.266948112420817,0.8170503915360197,15.0,0;22.5;45;67.5;90;112.5;135;157.5;180;202.5;225;247.5;270;292.5;315;337.5
val_images,test004.png,3,rot45_padded,45.0,1000,1000,154360.0,0.15435999631881714,blur,pnp_hqs,restormer,15.0,fixed15p0,0.2,0.5,0.0,0.15,G16_fixed,False,16,20,0.0022549900312935265,26.46855373681268,0.7687513665295413,4,0.0015086169810022026,28.214210081711496,0.8156954521896864,15.0,0;22.5;45;67.5;90;112.5;135;157.5;180;202.5;225;247.5;270;292.5;315;337.5
val_images,test004.png,3,rot45_padded,45.0,1000,1000,154360.0,0.15435999631881714,blur,pnp_hqs,restormer,15.0,fixed15p0,0.2,0.5,0.0,0.15,G16_fixed,False,16,20,0.0022549900312935265,26.46855373681268,0.7687513665295413,5,0.0015185882773971458,28.185599569415626,0.8120428705623218,15.0,0;22.5;45;67.5;90;112.5;135;157.5;180;202.5;225;247.5;270;292.5;315;337.5
val_images,test004.png,3,rot45_padded,45.0,1000,1000,154360.0,0.15435999631881714,blur,pnp_hqs,restormer,15.0,fixed15p0,0.2,0.5,0.0,0.15,G16_fixed,False,16,20,0.0022549900312935265,26.46855373681268,0.7687513665295413,6,0.0014636225328447906,28.345709130588755,0.8234559228427054,15.0,0;22.5;45;67.5;90;112.5;135;157.5;180;202.5;225;247.5;270;292.5;315;337.5
val_images,test004.png,3,rot45_padded,45.0,1000,1000,154360.0,0.15435999631881714,blur,pnp_hqs,restormer,15.0,fixed15p0,0.2,0.5,0.0,0.15,G16_fixed,False,16,20,0.0022549900312935265,26.46855373681268,0.7687513665295413,7,0.0013928559939148945,28.560937825574012,0.8272908096333247,15.0,0;22.5;45;67.5;90;112.5;135;157.5;180;202.5;225;247.5;270;292.5;315;337.5
val_images,test004.png,3,rot45_padded,45.0,1000,1000,154360.0,0.15435999631881714,blur,pnp_hqs,restormer,15.0,fixed15p0,0.2,0.5,0.0,0.15,G16_fixed,False,16,20,0.0022549900312935265,26.46855373681268,0.7687513665295413,8,0.0013982492581832344,28.54415402407019,0.828878413287121,15.0,0;22.5;45;67.5;90;112.5;135;157.5;180;202.5;225;247.5;270;292.5;315;337.5
val_images,test004.png,3,rot45_padded,45.0,1000,1000,154360.0,0.15435999631881714,blur,pnp_hqs,restormer,15.0,fixed15p0,0.2,0.5,0.0,0.15,G16_fixed,False,16,20,0.0022549900312935265,26.46855373681268,0.7687513665295413,9,0.0013923672698080989,28.56246194170285,0.8308783545769629,15.0,0;22.5;45;67.5;90;112.5;135;157.5;180;202.5;225;247.5;270;292.5;315;337.5
val_images,test004.png,3,rot45_padded,45.0,1000,1000,154360.0,0.15435999631881714,blur,pnp_hqs,restormer,15.0,fixed15p0,0.2,0.5,0.0,0.15,G16_fixed,False,16,20,0.0022549900312935265,26.46855373681268,0.7687513665295413,10,0.001416952346204692,28.486447553477067,0.8272503704813423,15.0,0;22.5;45;67.5;90;112.5;135;157.5;180;202.5;225;247.5;270;292.5;315;337.5
val_images,test004.png,3,rot45_padded,45.0,1000,1000,154360.0,0.15435999631881714,blur,pnp_hqs,restormer,15.0,fixed15p0,0.2,0.5,0.0,0.15,G16_fixed,False,16,20,0.0022549900312935265,26.46855373681268,0.7687513665295413,11,0.0014037112245661016,28.52722227303638,0.8302841672875098,15.0,0;22.5;45;67.5;90;112.5;135;157.5;180;202.5;225;247.5;270;292.5;315;337.5
val_images,test004.png,3,rot45_padded,45.0,1000,1000,154360.0,0.15435999631881714,blur,pnp_hqs,restormer,15.0,fixed15p0,0.2,0.5,0.0,0.15,G16_fixed,False,16,20,0.0022549900312935265,26.46855373681268,0.7687513665295413,12,0.001394870201520087,28.554662034199687,0.8311583412963203,15.0,0;22.5;45;67.5;90;112.5;135;157.5;180;202.5;225;247.5;270;292.5;315;337.5
val_images,test004.png,3,rot45_padded,45.0,1000,1000,154360.0,0.15435999631881714,blur,pnp_hqs,restormer,15.0,fixed15p0,0.2,0.5,0.0,0.15,G16_fixed,False,16,20,0.0022549900312935265,26.46855373681268,0.7687513665295413,13,0.001366695909186267,28.643281055152695,0.8344612938099248,15.0,0;22.5;45;67.5;90;112.5;135;157.5;180;202.5;225;247.5;270;292.5;315;337.5
val_images,test004.png,3,rot45_padded,45.0,1000,1000,154360.0,0.15435999631881714,blur,pnp_hqs,restormer,15.0,fixed15p0,0.2,0.5,0.0,0.15,G16_fixed,False,16,20,0.0022549900312935265,26.46855373681268,0.7687513665295413,14,0.0013793391741505248,28.603289293643506,0.8320117136887795,15.0,0;22.5;45;67.5;90;112.5;135;157.5;180;202.5;225;247.5;270;292.5;315;337.5
val_images,test004.png,3,rot45_padded,45.0,1000,1000,154360.0,0.15435999631881714,blur,pnp_hqs,restormer,15.0,fixed15p0,0.2,0.5,0.0,0.15,G16_fixed,False,16,20,0.0022549900312935265,26.46855373681268,0.7687513665295413,15,0.0013753077933812395,28.616000960097608,0.8324999190204716,15.0,0;22.5;45;67.5;90;112.5;135;157.5;180;202.5;225;247.5;270;292.5;315;337.5
val_images,test004.png,3,rot45_padded,45.0,1000,1000,154360.0,0.15435999631881714,blur,pnp_hqs,restormer,15.0,fixed15p0,0.2,0.5,0.0,0.15,G16_fixed,False,16,20,0.0022549900312935265,26.46855373681268,0.7687513665295413,16,0.0013698739998079267,28.633193771535712,0.8336313548684893,15.0,0;22.5;45;67.5;90;112.5;135;157.5;180;202.5;225;247.5;270;292.5;315;337.5
val_images,test004.png,3,rot45_padded,45.0,1000,1000,154360.0,0.15435999631881714,blur,pnp_hqs,restormer,15.0,fixed15p0,0.2,0.5,0.0,0.15,G16_fixed,False,16,20,0.0022549900312935265,26.46855373681268,0.7687513665295413,17,0.0013784201474472723,28.606183877210633,0.8338644240735942,15.0,0;22.5;45;67.5;90;112.5;135;157.5;180;202.5;225;247.5;270;292.5;315;337.5
val_images,test004.png,3,rot45_padded,45.0,1000,1000,154360.0,0.15435999631881714,blur,pnp_hqs,restormer,15.0,fixed15p0,0.2,0.5,0.0,0.15,G16_fixed,False,16,20,0.0022549900312935265,26.46855373681268,0.7687513665295413,18,0.0014424359869481245,28.409034510540764,0.822997021977844,15.0,0;22.5;45;67.5;90;112.5;135;157.5;180;202.5;225;247.5;270;292.5;315;337.5
val_images,test004.png,3,rot45_padded,45.0,1000,1000,154360.0,0.15435999631881714,blur,pnp_hqs,restormer,15.0,fixed15p0,0.2,0.5,0.0,0.15,G16_fixed,False,16,20,0.0022549900312935265,26.46855373681268,0.7687513665295413,19,0.0014638661040824816,28.3449864521579,0.8180459842251879,15.0,0;22.5;45;67.5;90;112.5;135;157.5;180;202.5;225;247.5;270;292.5;315;337.5
val_images,test004.png,3,rot45_padded,45.0,1000,1000,154360.0,0.15435999631881714,blur,pnp_hqs,restormer,15.0,fixed15p0,0.2,0.5,0.0,0.15,G16_fixed,False,16,20,0.0022549900312935265,26.46855373681268,0.7687513665295413,20,0.0014311195130359325,28.443240967191116,0.8260961085287639,15.0,0;22.5;45;67.5;90;112.5;135;157.5;180;202.5;225;247.5;270;292.5;315;337.5
val_images,test005.png,4,upright,0.0,321,481,154401.0,1.0,blur,pnp_hqs,restormer,15.0,fixed15p0,0.2,0.5,0.0,0.15,vanilla,True,0,20,0.004928222915568673,23.073096561983647,0.6259368867429616,1,0.0036053652312505262,24.430507337511315,0.6798992052350697,15.0,none
val_images,test005.png,4,upright,0.0,321,481,154401.0,1.0,blur,pnp_hqs,restormer,15.0,fixed15p0,0.2,0.5,0.0,0.15,vanilla,True,0,20,0.004928222915568673,23.073096561983647,0.6259368867429616,2,0.003244014542363513,24.889172075884794,0.7072931239111145,15.0,none
val_images,test005.png,4,upright,0.0,321,481,154401.0,1.0,blur,pnp_hqs,restormer,15.0,fixed15p0,0.2,0.5,0.0,0.15,vanilla,True,0,20,0.004928222915568673,23.073096561983647,0.6259368867429616,3,0.003051884507065308,25.15431905479048,0.7224787242310606,15.0,none
val_images,test005.png,4,upright,0.0,321,481,154401.0,1.0,blur,pnp_hqs,restormer,15.0,fixed15p0,0.2,0.5,0.0,0.15,vanilla,True,0,20,0.004928222915568673,23.073096561983647,0.6259368867429616,4,0.002938404718577762,25.31888387259196,0.7320835337044449,15.0,none
val_images,test005.png,4,upright,0.0,321,481,154401.0,1.0,blur,pnp_hqs,restormer,15.0,fixed15p0,0.2,0.5,0.0,0.15,vanilla,True,0,20,0.004928222915568673,23.073096561983647,0.6259368867429616,5,0.0028627903977002252,25.432104481553147,0.7388562290723506,15.0,none
val_images,test005.png,4,upright,0.0,321,481,154401.0,1.0,blur,pnp_hqs,restormer,15.0,fixed15p0,0.2,0.5,0.0,0.15,vanilla,True,0,20,0.004928222915568673,23.073096561983647,0.6259368867429616,6,0.0028084686698515555,25.51530416575619,0.7440015163438061,15.0,none
val_images,test005.png,4,upright,0.0,321,481,154401.0,1.0,blur,pnp_hqs,restormer,15.0,fixed15p0,0.2,0.5,0.0,0.15,vanilla,True,0,20,0.004928222915568673,23.073096561983647,0.6259368867429616,7,0.0027674178518289024,25.579252618772117,0.7480344403533656,15.0,none
val_images,test005.png,4,upright,0.0,321,481,154401.0,1.0,blur,pnp_hqs,restormer,15.0,fixed15p0,0.2,0.5,0.0,0.15,vanilla,True,0,20,0.004928222915568673,23.073096561983647,0.6259368867429616,8,0.0027356499307707688,25.62939478173279,0.7512136113917656,15.0,none
val_images,test005.png,4,upright,0.0,321,481,154401.0,1.0,blur,pnp_hqs,restormer,15.0,fixed15p0,0.2,0.5,0.0,0.15,vanilla,True,0,20,0.004928222915568673,23.073096561983647,0.6259368867429616,9,0.002710501158382839,25.669504027795618,0.7536166985641285,15.0,none
val_images,test005.png,4,upright,0.0,321,481,154401.0,1.0,blur,pnp_hqs,restormer,15.0,fixed15p0,0.2,0.5,0.0,0.15,vanilla,True,0,20,0.004928222915568673,23.073096561983647,0.6259368867429616,10,0.0026902231101335766,25.70211700859374,0.7555291801056988,15.0,none
val_images,test005.png,4,upright,0.0,321,481,154401.0,1.0,blur,pnp_hqs,restormer,15.0,fixed15p0,0.2,0.5,0.0,0.15,vanilla,True,0,20,0.004928222915568673,23.073096561983647,0.6259368867429616,11,0.002674367117281563,25.727789762565592,0.7568035100161269,15.0,none
val_images,test005.png,4,upright,0.0,321,481,154401.0,1.0,blur,pnp_hqs,restormer,15.0,fixed15p0,0.2,0.5,0.0,0.15,vanilla,True,0,20,0.004928222915568673,23.073096561983647,0.6259368867429616,12,0.0026625048691824573,25.747095893157827,0.7573126347951115,15.0,none
val_images,test005.png,4,upright,0.0,321,481,154401.0,1.0,blur,pnp_hqs,restormer,15.0,fixed15p0,0.2,0.5,0.0,0.15,vanilla,True,0,20,0.004928222915568673,23.073096561983647,0.6259368867429616,13,0.002657203462582314,25.7557519030417,0.756391433669471,15.0,none
val_images,test005.png,4,upright,0.0,321,481,154401.0,1.0,blur,pnp_hqs,restormer,15.0,fixed15p0,0.2,0.5,0.0,0.15,vanilla,True,0,20,0.004928222915568673,23.073096561983647,0.6259368867429616,14,0.0026459570963326623,25.77417202089954,0.7574251664496991,15.0,none
val_images,test005.png,4,upright,0.0,321,481,154401.0,1.0,blur,pnp_hqs,restormer,15.0,fixed15p0,0.2,0.5,0.0,0.15,vanilla,True,0,20,0.004928222915568673,23.073096561983647,0.6259368867429616,15,0.002640515752521539,25.78311237297708,0.7573596410483092,15.0,none
val_images,test005.png,4,upright,0.0,321,481,154401.0,1.0,blur,pnp_hqs,restormer,15.0,fixed15p0,0.2,0.5,0.0,0.15,vanilla,True,0,20,0.004928222915568673,23.073096561983647,0.6259368867429616,16,0.0026355651772059846,25.79126239266554,0.7572291468319505,15.0,none
val_images,test005.png,4,upright,0.0,321,481,154401.0,1.0,blur,pnp_hqs,restormer,15.0,fixed15p0,0.2,0.5,0.0,0.15,vanilla,True,0,20,0.004928222915568673,23.073096561983647,0.6259368867429616,17,0.002637695068993441,25.787754125455287,0.7559064951004203,15.0,none
val_images,test005.png,4,upright,0.0,321,481,154401.0,1.0,blur,pnp_hqs,restormer,15.0,fixed15p0,0.2,0.5,0.0,0.15,vanilla,True,0,20,0.004928222915568673,23.073096561983647,0.6259368867429616,18,0.0026199837221873765,25.81701406919247,0.7596319304117202,15.0,none
val_images,test005.png,4,upright,0.0,321,481,154401.0,1.0,blur,pnp_hqs,restormer,15.0,fixed15p0,0.2,0.5,0.0,0.15,vanilla,True,0,20,0.004928222915568673,23.073096561983647,0.6259368867429616,19,0.0026264093701096293,25.806375808652042,0.75739774191877,15.0,none
val_images,test005.png,4,upright,0.0,321,481,154401.0,1.0,blur,pnp_hqs,restormer,15.0,fixed15p0,0.2,0.5,0.0,0.15,vanilla,True,0,20,0.004928222915568673,23.073096561983647,0.6259368867429616,20,0.0026100598416420556,25.833495353448598,0.7618062605650222,15.0,none
val_images,test005.png,4,upright,0.0,321,481,154401.0,1.0,blur,pnp_hqs,restormer,15.0,fixed15p0,0.2,0.5,0.0,0.15,G16_fixed,True,16,20,0.004928222915568673,23.073096561983647,0.6259368867429616,1,0.0035417305634202903,24.507844807717547,0.6799157510314052,15.0,0;22.5;45;67.5;90;112.5;135;157.5;180;202.5;225;247.5;270;292.5;315;337.5
val_images,test005.png,4,upright,0.0,321,481,154401.0,1.0,blur,pnp_hqs,restormer,15.0,fixed15p0,0.2,0.5,0.0,0.15,G16_fixed,True,16,20,0.004928222915568673,23.073096561983647,0.6259368867429616,2,0.0032899445835362345,24.828114173287837,0.699566641812553,15.0,0;22.5;45;67.5;90;112.5;135;157.5;180;202.5;225;247.5;270;292.5;315;337.5
val_images,test005.png,4,upright,0.0,321,481,154401.0,1.0,blur,pnp_hqs,restormer,15.0,fixed15p0,0.2,0.5,0.0,0.15,G16_fixed,True,16,20,0.004928222915568673,23.073096561983647,0.6259368867429616,3,0.0031871166258031036,24.966020441459694,0.7075116599795338,15.0,0;22.5;45;67.5;90;112.5;135;157.5;180;202.5;225;247.5;270;292.5;315;337.5
val_images,test005.png,4,upright,0.0,321,481,154401.0,1.0,blur,pnp_hqs,restormer,15.0,fixed15p0,0.2,0.5,0.0,0.15,G16_fixed,True,16,20,0.004928222915568673,23.073096561983647,0.6259368867429616,4,0.0031261630995928417,25.0498836751793,0.7131308552891497,15.0,0;22.5;45;67.5;90;112.5;135;157.5;180;202.5;225;247.5;270;292.5;315;337.5
val_images,test005.png,4,upright,0.0,321,481,154401.0,1.0,blur,pnp_hqs,restormer,15.0,fixed15p0,0.2,0.5,0.0,0.15,G16_fixed,True,16,20,0.004928222915568673,23.073096561983647,0.6259368867429616,5,0.0031009520670051117,25.085049468217093,0.7153520904981185,15.0,0;22.5;45;67.5;90;112.5;135;157.5;180;202.5;225;247.5;270;292.5;315;337.5
val_images,test005.png,4,upright,0.0,321,481,154401.0,1.0,blur,pnp_hqs,restormer,15.0,fixed15p0,0.2,0.5,0.0,0.15,G16_fixed,True,16,20,0.004928222915568673,23.073096561983647,0.6259368867429616,6,0.003094399131563267,25.094236694809258,0.7165351908342562,15.0,0;22.5;45;67.5;90;112.5;135;157.5;180;202.5;225;247.5;270;292.5;315;337.5
val_images,test005.png,4,upright,0.0,321,481,154401.0,1.0,blur,pnp_hqs,restormer,15.0,fixed15p0,0.2,0.5,0.0,0.15,G16_fixed,True,16,20,0.004928222915568673,23.073096561983647,0.6259368867429616,7,0.0030838637174999068,25.109048225943443,0.7172854187310963,15.0,0;22.5;45;67.5;90;112.5;135;157.5;180;202.5;225;247.5;270;292.5;315;337.5
val_images,test005.png,4,upright,0.0,321,481,154401.0,1.0,blur,pnp_hqs,restormer,15.0,fixed15p0,0.2,0.5,0.0,0.15,G16_fixed,True,16,20,0.004928222915568673,23.073096561983647,0.6259368867429616,8,0.0030801316632375884,25.114307187607846,0.7180766822267991,15.0,0;22.5;45;67.5;90;112.5;135;157.5;180;202.5;225;247.5;270;292.5;315;337.5
val_images,test005.png,4,upright,0.0,321,481,154401.0,1.0,blur,pnp_hqs,restormer,15.0,fixed15p0,0.2,0.5,0.0,0.15,G16_fixed,True,16,20,0.004928222915568673,23.073096561983647,0.6259368867429616,9,0.0030717253503559725,25.126176181187773,0.7193581971619355,15.0,0;22.5;45;67.5;90;112.5;135;157.5;180;202.5;225;247.5;270;292.5;315;337.5
val_images,test005.png,4,upright,0.0,321,481,154401.0,1.0,blur,pnp_hqs,restormer,15.0,fixed15p0,0.2,0.5,0.0,0.15,G16_fixed,True,16,20,0.004928222915568673,23.073096561983647,0.6259368867429616,10,0.003074391272815995,25.122408613609192,0.7187456485061625,15.0,0;22.5;45;67.5;90;112.5;135;157.5;180;202.5;225;247.5;270;292.5;315;337.5
val_images,test005.png,4,upright,0.0,321,481,154401.0,1.0,blur,pnp_hqs,restormer,15.0,fixed15p0,0.2,0.5,0.0,0.15,G16_fixed,True,16,20,0.004928222915568673,23.073096561983647,0.6259368867429616,11,0.0030772402204982886,25.11838599831615,0.7187665963951011,15.0,0;22.5;45;67.5;90;112.5;135;157.5;180;202.5;225;247.5;270;292.5;315;337.5
val_images,test005.png,4,upright,0.0,321,481,154401.0,1.0,blur,pnp_hqs,restormer,15.0,fixed15p0,0.2,0.5,0.0,0.15,G16_fixed,True,16,20,0.004928222915568673,23.073096561983647,0.6259368867429616,12,0.0030748268965631697,25.12179328663692,0.7194741695325807,15.0,0;22.5;45;67.5;90;112.5;135;157.5;180;202.5;225;247.5;270;292.5;315;337.5
val_images,test005.png,4,upright,0.0,321,481,154401.0,1.0,blur,pnp_hqs,restormer,15.0,fixed15p0,0.2,0.5,0.0,0.15,G16_fixed,True,16,20,0.004928222915568673,23.073096561983647,0.6259368867429616,13,0.0030698099103678286,25.12888516195211,0.7196937175763111,15.0,0;22.5;45;67.5;90;112.5;135;157.5;180;202.5;225;247.5;270;292.5;315;337.5
val_images,test005.png,4,upright,0.0,321,481,154401.0,1.0,blur,pnp_hqs,restormer,15.0,fixed15p0,0.2,0.5,0.0,0.15,G16_fixed,True,16,20,0.004928222915568673,23.073096561983647,0.6259368867429616,14,0.0030711140144893613,25.12704060162453,0.7202434731640339,15.0,0;22.5;45;67.5;90;112.5;135;157.5;180;202.5;225;247.5;270;292.5;315;337.5
val_images,test005.png,4,upright,0.0,321,481,154401.0,1.0,blur,pnp_hqs,restormer,15.0,fixed15p0,0.2,0.5,0.0,0.15,G16_fixed,True,16,20,0.004928222915568673,23.073096561983647,0.6259368867429616,15,0.0030706382675023155,25.127713420332228,0.7198971752125958,15.0,0;22.5;45;67.5;90;112.5;135;157.5;180;202.5;225;247.5;270;292.5;315;337.5
val_images,test005.png,4,upright,0.0,321,481,154401.0,1.0,blur,pnp_hqs,restormer,15.0,fixed15p0,0.2,0.5,0.0,0.15,G16_fixed,True,16,20,0.004928222915568673,23.073096561983647,0.6259368867429616,16,0.003065038407245986,25.135640790736282,0.7204003799360108,15.0,0;22.5;45;67.5;90;112.5;135;157.5;180;202.5;225;247.5;270;292.5;315;337.5
val_images,test005.png,4,upright,0.0,321,481,154401.0,1.0,blur,pnp_hqs,restormer,15.0,fixed15p0,0.2,0.5,0.0,0.15,G16_fixed,True,16,20,0.004928222915568673,23.073096561983647,0.6259368867429616,17,0.003066586017926738,25.133448488186577,0.7196759574096022,15.0,0;22.5;45;67.5;90;112.5;135;157.5;180;202.5;225;247.5;270;292.5;315;337.5
val_images,test005.png,4,upright,0.0,321,481,154401.0,1.0,blur,pnp_hqs,restormer,15.0,fixed15p0,0.2,0.5,0.0,0.15,G16_fixed,True,16,20,0.004928222915568673,23.073096561983647,0.6259368867429616,18,0.0030668004697260503,25.133144788971467,0.7199792464103212,15.0,0;22.5;45;67.5;90;112.5;135;157.5;180;202.5;225;247.5;270;292.5;315;337.5
val_images,test005.png,4,upright,0.0,321,481,154401.0,1.0,blur,pnp_hqs,restormer,15.0,fixed15p0,0.2,0.5,0.0,0.15,G16_fixed,True,16,20,0.004928222915568673,23.073096561983647,0.6259368867429616,19,0.0030752563931160785,25.12118669978454,0.7187985242161644,15.0,0;22.5;45;67.5;90;112.5;135;157.5;180;202.5;225;247.5;270;292.5;315;337.5
val_images,test005.png,4,upright,0.0,321,481,154401.0,1.0,blur,pnp_hqs,restormer,15.0,fixed15p0,0.2,0.5,0.0,0.15,G16_fixed,True,16,20,0.004928222915568673,23.073096561983647,0.6259368867429616,20,0.0030713513938543146,25.12670493006103,0.7196560214959747,15.0,0;22.5;45;67.5;90;112.5;135;157.5;180;202.5;225;247.5;270;292.5;315;337.5
val_images,test005.png,4,rot45_padded,45.0,1000,1000,154360.0,0.15435999631881714,blur,pnp_hqs,restormer,15.0,fixed15p0,0.2,0.5,0.0,0.15,vanilla,False,0,20,0.005517939527778003,22.582230633523444,0.6389666910954911,1,0.004286364268441063,23.679109240427803,0.6872419789777144,15.0,none
val_images,test005.png,4,rot45_padded,45.0,1000,1000,154360.0,0.15435999631881714,blur,pnp_hqs,restormer,15.0,fixed15p0,0.2,0.5,0.0,0.15,vanilla,False,0,20,0.005517939527778003,22.582230633523444,0.6389666910954911,2,0.003873375000253061,24.11910454819571,0.7018977046352682,15.0,none
val_images,test005.png,4,rot45_padded,45.0,1000,1000,154360.0,0.15435999631881714,blur,pnp_hqs,restormer,15.0,fixed15p0,0.2,0.5,0.0,0.15,vanilla,False,0,20,0.005517939527778003,22.582230633523444,0.6389666910954911,3,0.0035490816446992826,24.498840098283644,0.7229021240930292,15.0,none
val_images,test005.png,4,rot45_padded,45.0,1000,1000,154360.0,0.15435999631881714,blur,pnp_hqs,restormer,15.0,fixed15p0,0.2,0.5,0.0,0.15,vanilla,False,0,20,0.005517939527778003,22.582230633523444,0.6389666910954911,4,0.003343594509815731,24.757863965522034,0.734748568686836,15.0,none
val_images,test005.png,4,rot45_padded,45.0,1000,1000,154360.0,0.15435999631881714,blur,pnp_hqs,restormer,15.0,fixed15p0,0.2,0.5,0.0,0.15,vanilla,False,0,20,0.005517939527778003,22.582230633523444,0.6389666910954911,5,0.003428984812795575,24.64834438400274,0.7207664914809536,15.0,none
val_images,test005.png,4,rot45_padded,45.0,1000,1000,154360.0,0.15435999631881714,blur,pnp_hqs,restormer,15.0,fixed15p0,0.2,0.5,0.0,0.15,vanilla,False,0,20,0.005517939527778003,22.582230633523444,0.6389666910954911,6,0.003167321491068464,24.99307852412492,0.7490529950278569,15.0,none
val_images,test005.png,4,rot45_padded,45.0,1000,1000,154360.0,0.15435999631881714,blur,pnp_hqs,restormer,15.0,fixed15p0,0.2,0.5,0.0,0.15,vanilla,False,0,20,0.005517939527778003,22.582230633523444,0.6389666910954911,7,0.0030684305800462394,25.130836977161714,0.7543578627073076,15.0,none
val_images,test005.png,4,rot45_padded,45.0,1000,1000,154360.0,0.15435999631881714,blur,pnp_hqs,restormer,15.0,fixed15p0,0.2,0.5,0.0,0.15,vanilla,False,0,20,0.005517939527778003,22.582230633523444,0.6389666910954911,8,0.0032196950405859273,24.92185261367148,0.736371094762244,15.0,none
val_images,test005.png,4,rot45_padded,45.0,1000,1000,154360.0,0.15435999631881714,blur,pnp_hqs,restormer,15.0,fixed15p0,0.2,0.5,0.0,0.15,vanilla,False,0,20,0.005517939527778003,22.582230633523444,0.6389666910954911,9,0.0032972228561049454,24.818516983206766,0.724806408314978,15.0,none
val_images,test005.png,4,rot45_padded,45.0,1000,1000,154360.0,0.15435999631881714,blur,pnp_hqs,restormer,15.0,fixed15p0,0.2,0.5,0.0,0.15,vanilla,False,0,20,0.005517939527778003,22.582230633523444,0.6389666910954911,10,0.0030924990560823725,25.096904242577033,0.7500339607897124,15.0,none
val_images,test005.png,4,rot45_padded,45.0,1000,1000,154360.0,0.15435999631881714,blur,pnp_hqs,restormer,15.0,fixed15p0,0.2,0.5,0.0,0.15,vanilla,False,0,20,0.005517939527778003,22.582230633523444,0.6389666910954911,11,0.003009352099558763,25.21526996058708,0.7613097021572947,15.0,none
val_images,test005.png,4,rot45_padded,45.0,1000,1000,154360.0,0.15435999631881714,blur,pnp_hqs,restormer,15.0,fixed15p0,0.2,0.5,0.0,0.15,vanilla,False,0,20,0.005517939527778003,22.582230633523444,0.6389666910954911,12,0.003019920165256442,25.200045379192993,0.7479939346333246,15.0,none
val_images,test005.png,4,rot45_padded,45.0,1000,1000,154360.0,0.15435999631881714,blur,pnp_hqs,restormer,15.0,fixed15p0,0.2,0.5,0.0,0.15,vanilla,False,0,20,0.005517939527778003,22.582230633523444,0.6389666910954911,13,0.003166402365513248,24.994338986906833,0.7336093385592122,15.0,none
val_images,test005.png,4,rot45_padded,45.0,1000,1000,154360.0,0.15435999631881714,blur,pnp_hqs,restormer,15.0,fixed15p0,0.2,0.5,0.0,0.15,vanilla,False,0,20,0.005517939527778003,22.582230633523444,0.6389666910954911,14,0.003253308859906934,24.876747040757216,0.7148186969584089,15.0,none
val_images,test005.png,4,rot45_padded,45.0,1000,1000,154360.0,0.15435999631881714,blur,pnp_hqs,restormer,15.0,fixed15p0,0.2,0.5,0.0,0.15,vanilla,False,0,20,0.005517939527778003,22.582230633523444,0.6389666910954911,15,0.003165423928780023,24.995681189480827,0.7395244882093807,15.0,none
val_images,test005.png,4,rot45_padded,45.0,1000,1000,154360.0,0.15435999631881714,blur,pnp_hqs,restormer,15.0,fixed15p0,0.2,0.5,0.0,0.15,vanilla,False,0,20,0.005517939527778003,22.582230633523444,0.6389666910954911,16,0.003410325120786028,24.672042158953033,0.7153997250745011,15.0,none
val_images,test005.png,4,rot45_padded,45.0,1000,1000,154360.0,0.15435999631881714,blur,pnp_hqs,restormer,15.0,fixed15p0,0.2,0.5,0.0,0.15,vanilla,False,0,20,0.005517939527778003,22.582230633523444,0.6389666910954911,17,0.003175905795565662,24.981323881948075,0.7435039740703551,15.0,none
val_images,test005.png,4,rot45_padded,45.0,1000,1000,154360.0,0.15435999631881714,blur,pnp_hqs,restormer,15.0,fixed15p0,0.2,0.5,0.0,0.15,vanilla,False,0,20,0.005517939527778003,22.582230633523444,0.6389666910954911,18,0.003028376555313067,25.187901246386225,0.7594694423749676,15.0,none
val_images,test005.png,4,rot45_padded,45.0,1000,1000,154360.0,0.15435999631881714,blur,pnp_hqs,restormer,15.0,fixed15p0,0.2,0.5,0.0,0.15,vanilla,False,0,20,0.005517939527778003,22.582230633523444,0.6389666910954911,19,0.0030119167148958807,25.211570413562065,0.7516149848568282,15.0,none
val_images,test005.png,4,rot45_padded,45.0,1000,1000,154360.0,0.15435999631881714,blur,pnp_hqs,restormer,15.0,fixed15p0,0.2,0.5,0.0,0.15,vanilla,False,0,20,0.005517939527778003,22.582230633523444,0.6389666910954911,20,0.002939216829266811,25.317683743627136,0.760832833959575,15.0,none
val_images,test005.png,4,rot45_padded,45.0,1000,1000,154360.0,0.15435999631881714,blur,pnp_hqs,restormer,15.0,fixed15p0,0.2,0.5,0.0,0.15,G16_fixed,False,16,20,0.005517939527778003,22.582230633523444,0.6389666910954911,1,0.004309070169014398,23.656164337910397,0.6861205643463333,15.0,0;22.5;45;67.5;90;112.5;135;157.5;180;202.5;225;247.5;270;292.5;315;337.5
val_images,test005.png,4,rot45_padded,45.0,1000,1000,154360.0,0.15435999631881714,blur,pnp_hqs,restormer,15.0,fixed15p0,0.2,0.5,0.0,0.15,G16_fixed,False,16,20,0.005517939527778003,22.582230633523444,0.6389666910954911,2,0.003917825960315982,24.069548603660916,0.7004992894046385,15.0,0;22.5;45;67.5;90;112.5;135;157.5;180;202.5;225;247.5;270;292.5;315;337.5
val_images,test005.png,4,rot45_padded,45.0,1000,1000,154360.0,0.15435999631881714,blur,pnp_hqs,restormer,15.0,fixed15p0,0.2,0.5,0.0,0.15,G16_fixed,False,16,20,0.005517939527778003,22.582230633523444,0.6389666910954911,3,0.003825972715972402,24.172581313669774,0.7004896224734387,15.0,0;22.5;45;67.5;90;112.5;135;157.5;180;202.5;225;247.5;270;292.5;315;337.5
val_images,test005.png,4,rot45_padded,45.0,1000,1000,154360.0,0.15435999631881714,blur,pnp_hqs,restormer,15.0,fixed15p0,0.2,0.5,0.0,0.15,G16_fixed,False,16,20,0.005517939527778003,22.582230633523444,0.6389666910954911,4,0.003800151792330024,24.20199055684582,0.6985110395342058,15.0,0;22.5;45;67.5;90;112.5;135;157.5;180;202.5;225;247.5;270;292.5;315;337.5
val_images,test005.png,4,rot45_padded,45.0,1000,1000,154360.0,0.15435999631881714,blur,pnp_hqs,restormer,15.0,fixed15p0,0.2,0.5,0.0,0.15,G16_fixed,False,16,20,0.005517939527778003,22.582230633523444,0.6389666910954911,5,0.0037463707885584023,24.263892415214478,0.6967060058467219,15.0,0;22.5;45;67.5;90;112.5;135;157.5;180;202.5;225;247.5;270;292.5;315;337.5
val_images,test005.png,4,rot45_padded,45.0,1000,1000,154360.0,0.15435999631881714,blur,pnp_hqs,restormer,15.0,fixed15p0,0.2,0.5,0.0,0.15,G16_fixed,False,16,20,0.005517939527778003,22.582230633523444,0.6389666910954911,6,0.003664583046530837,24.3597543190746,0.6997884409821197,15.0,0;22.5;45;67.5;90;112.5;135;157.5;180;202.5;225;247.5;270;292.5;315;337.5
val_images,test005.png,4,rot45_padded,45.0,1000,1000,154360.0,0.15435999631881714,blur,pnp_hqs,restormer,15.0,fixed15p0,0.2,0.5,0.0,0.15,G16_fixed,False,16,20,0.005517939527778003,22.582230633523444,0.6389666910954911,7,0.003549876414484606,24.497867662242427,0.707395101143431,15.0,0;22.5;45;67.5;90;112.5;135;157.5;180;202.5;225;247.5;270;292.5;315;337.5
val_images,test005.png,4,rot45_padded,45.0,1000,1000,154360.0,0.15435999631881714,blur,pnp_hqs,restormer,15.0,fixed15p0,0.2,0.5,0.0,0.15,G16_fixed,False,16,20,0.005517939527778003,22.582230633523444,0.6389666910954911,8,0.003526824136631697,24.52616195675473,0.7091122214304224,15.0,0;22.5;45;67.5;90;112.5;135;157.5;180;202.5;225;247.5;270;292.5;315;337.5
val_images,test005.png,4,rot45_padded,45.0,1000,1000,154360.0,0.15435999631881714,blur,pnp_hqs,restormer,15.0,fixed15p0,0.2,0.5,0.0,0.15,G16_fixed,False,16,20,0.005517939527778003,22.582230633523444,0.6389666910954911,9,0.0034508631247317555,24.62072266252585,0.7141992035663385,15.0,0;22.5;45;67.5;90;112.5;135;157.5;180;202.5;225;247.5;270;292.5;315;337.5
val_images,test005.png,4,rot45_padded,45.0,1000,1000,154360.0,0.15435999631881714,blur,pnp_hqs,restormer,15.0,fixed15p0,0.2,0.5,0.0,0.15,G16_fixed,False,16,20,0.005517939527778003,22.582230633523444,0.6389666910954911,10,0.0034403195743209864,24.634012135570078,0.713643177879632,15.0,0;22.5;45;67.5;90;112.5;135;157.5;180;202.5;225;247.5;270;292.5;315;337.5
val_images,test005.png,4,rot45_padded,45.0,1000,1000,154360.0,0.15435999631881714,blur,pnp_hqs,restormer,15.0,fixed15p0,0.2,0.5,0.0,0.15,G16_fixed,False,16,20,0.005517939527778003,22.582230633523444,0.6389666910954911,11,0.0035017311588474184,24.55717199403592,0.7101561993877947,15.0,0;22.5;45;67.5;90;112.5;135;157.5;180;202.5;225;247.5;270;292.5;315;337.5
val_images,test005.png,4,rot45_padded,45.0,1000,1000,154360.0,0.15435999631881714,blur,pnp_hqs,restormer,15.0,fixed15p0,0.2,0.5,0.0,0.15,G16_fixed,False,16,20,0.005517939527778003,22.582230633523444,0.6389666910954911,12,0.003587285160678568,24.45234098989846,0.7009662376101321,15.0,0;22.5;45;67.5;90;112.5;135;157.5;180;202.5;225;247.5;270;292.5;315;337.5
val_images,test005.png,4,rot45_padded,45.0,1000,1000,154360.0,0.15435999631881714,blur,pnp_hqs,restormer,15.0,fixed15p0,0.2,0.5,0.0,0.15,G16_fixed,False,16,20,0.005517939527778003,22.582230633523444,0.6389666910954911,13,0.0035386709513272547,24.51159819014567,0.7028911716118166,15.0,0;22.5;45;67.5;90;112.5;135;157.5;180;202.5;225;247.5;270;292.5;315;337.5
val_images,test005.png,4,rot45_padded,45.0,1000,1000,154360.0,0.15435999631881714,blur,pnp_hqs,restormer,15.0,fixed15p0,0.2,0.5,0.0,0.15,G16_fixed,False,16,20,0.005517939527778003,22.582230633523444,0.6389666910954911,14,0.003543494531730816,24.505682330988705,0.7047740974831562,15.0,0;22.5;45;67.5;90;112.5;135;157.5;180;202.5;225;247.5;270;292.5;315;337.5
val_images,test005.png,4,rot45_padded,45.0,1000,1000,154360.0,0.15435999631881714,blur,pnp_hqs,restormer,15.0,fixed15p0,0.2,0.5,0.0,0.15,G16_fixed,False,16,20,0.005517939527778003,22.582230633523444,0.6389666910954911,15,0.0035918030908114553,24.44687480166778,0.699592318686836,15.0,0;22.5;45;67.5;90;112.5;135;157.5;180;202.5;225;247.5;270;292.5;315;337.5
val_images,test005.png,4,rot45_padded,45.0,1000,1000,154360.0,0.15435999631881714,blur,pnp_hqs,restormer,15.0,fixed15p0,0.2,0.5,0.0,0.15,G16_fixed,False,16,20,0.005517939527778003,22.582230633523444,0.6389666910954911,16,0.0035737151585579167,24.46880065707351,0.7016830076606634,15.0,0;22.5;45;67.5;90;112.5;135;157.5;180;202.5;225;247.5;270;292.5;315;337.5
val_images,test005.png,4,rot45_padded,45.0,1000,1000,154360.0,0.15435999631881714,blur,pnp_hqs,restormer,15.0,fixed15p0,0.2,0.5,0.0,0.15,G16_fixed,False,16,20,0.005517939527778003,22.582230633523444,0.6389666910954911,17,0.0035624029352801486,24.482569600350846,0.7034759450310961,15.0,0;22.5;45;67.5;90;112.5;135;157.5;180;202.5;225;247.5;270;292.5;315;337.5
val_images,test005.png,4,rot45_padded,45.0,1000,1000,154360.0,0.15435999631881714,blur,pnp_hqs,restormer,15.0,fixed15p0,0.2,0.5,0.0,0.15,G16_fixed,False,16,20,0.005517939527778003,22.582230633523444,0.6389666910954911,18,0.0035998551763379845,24.43714970727828,0.6990127077124902,15.0,0;22.5;45;67.5;90;112.5;135;157.5;180;202.5;225;247.5;270;292.5;315;337.5
val_images,test005.png,4,rot45_padded,45.0,1000,1000,154360.0,0.15435999631881714,blur,pnp_hqs,restormer,15.0,fixed15p0,0.2,0.5,0.0,0.15,G16_fixed,False,16,20,0.005517939527778003,22.582230633523444,0.6389666910954911,19,0.0035563314476912736,24.4899776986287,0.7014133458311739,15.0,0;22.5;45;67.5;90;112.5;135;157.5;180;202.5;225;247.5;270;292.5;315;337.5
val_images,test005.png,4,rot45_padded,45.0,1000,1000,154360.0,0.15435999631881714,blur,pnp_hqs,restormer,15.0,fixed15p0,0.2,0.5,0.0,0.15,G16_fixed,False,16,20,0.005517939527778003,22.582230633523444,0.6389666910954911,20,0.003550566796596633,24.49702312582776,0.7010241379729204,15.0,0;22.5;45;67.5;90;112.5;135;157.5;180;202.5;225;247.5;270;292.5;315;337.5
val_images,test006.png,5,upright,0.0,321,481,154401.0,1.0,blur,pnp_hqs,restormer,15.0,fixed15p0,0.2,0.5,0.0,0.15,vanilla,True,0,20,0.0017023476353527098,27.68951748188577,0.8200279325425354,1,0.001099352362523407,29.588630859453783,0.8415661572787742,15.0,none
val_images,test006.png,5,upright,0.0,321,481,154401.0,1.0,blur,pnp_hqs,restormer,15.0,fixed15p0,0.2,0.5,0.0,0.15,vanilla,True,0,20,0.0017023476353527098,27.68951748188577,0.8200279325425354,2,0.0010023334790830775,29.989877634681925,0.8488265235490703,15.0,none
val_images,test006.png,5,upright,0.0,321,481,154401.0,1.0,blur,pnp_hqs,restormer,15.0,fixed15p0,0.2,0.5,0.0,0.15,vanilla,True,0,20,0.0017023476353527098,27.68951748188577,0.8200279325425354,3,0.0009362365685893085,30.286143997110507,0.8502351425832734,15.0,none
val_images,test006.png,5,upright,0.0,321,481,154401.0,1.0,blur,pnp_hqs,restormer,15.0,fixed15p0,0.2,0.5,0.0,0.15,vanilla,True,0,20,0.0017023476353527098,27.68951748188577,0.8200279325425354,4,0.0009266238902172751,30.33096507008124,0.8468769531123503,15.0,none
val_images,test006.png,5,upright,0.0,321,481,154401.0,1.0,blur,pnp_hqs,restormer,15.0,fixed15p0,0.2,0.5,0.0,0.15,vanilla,True,0,20,0.0017023476353527098,27.68951748188577,0.8200279325425354,5,0.0009156295295382437,30.382802095441185,0.8431812192764295,15.0,none
val_images,test006.png,5,upright,0.0,321,481,154401.0,1.0,blur,pnp_hqs,restormer,15.0,fixed15p0,0.2,0.5,0.0,0.15,vanilla,True,0,20,0.0017023476353527098,27.68951748188577,0.8200279325425354,6,0.000918113612684564,30.371035733641584,0.8429173467140757,15.0,none
val_images,test006.png,5,upright,0.0,321,481,154401.0,1.0,blur,pnp_hqs,restormer,15.0,fixed15p0,0.2,0.5,0.0,0.15,vanilla,True,0,20,0.0017023476353527098,27.68951748188577,0.8200279325425354,7,0.0009217598862271577,30.353821957225225,0.842516553892138,15.0,none
val_images,test006.png,5,upright,0.0,321,481,154401.0,1.0,blur,pnp_hqs,restormer,15.0,fixed15p0,0.2,0.5,0.0,0.15,vanilla,True,0,20,0.0017023476353527098,27.68951748188577,0.8200279325425354,8,0.0009294285639797103,30.317839845490546,0.8414540810130764,15.0,none
val_images,test006.png,5,upright,0.0,321,481,154401.0,1.0,blur,pnp_hqs,restormer,15.0,fixed15p0,0.2,0.5,0.0,0.15,vanilla,True,0,20,0.0017023476353527098,27.68951748188577,0.8200279325425354,9,0.0009429420909335209,30.25514977846199,0.8398048142499077,15.0,none
val_images,test006.png,5,upright,0.0,321,481,154401.0,1.0,blur,pnp_hqs,restormer,15.0,fixed15p0,0.2,0.5,0.0,0.15,vanilla,True,0,20,0.0017023476353527098,27.68951748188577,0.8200279325425354,10,0.0009568414334746658,30.191600269804454,0.8378889425910454,15.0,none
val_images,test006.png,5,upright,0.0,321,481,154401.0,1.0,blur,pnp_hqs,restormer,15.0,fixed15p0,0.2,0.5,0.0,0.15,vanilla,True,0,20,0.0017023476353527098,27.68951748188577,0.8200279325425354,11,0.0009686005075283879,30.138553077273066,0.8363378374330477,15.0,none
val_images,test006.png,5,upright,0.0,321,481,154401.0,1.0,blur,pnp_hqs,restormer,15.0,fixed15p0,0.2,0.5,0.0,0.15,vanilla,True,0,20,0.0017023476353527098,27.68951748188577,0.8200279325425354,12,0.0009828629357426543,30.075070420875267,0.83564969422154,15.0,none
val_images,test006.png,5,upright,0.0,321,481,154401.0,1.0,blur,pnp_hqs,restormer,15.0,fixed15p0,0.2,0.5,0.0,0.15,vanilla,True,0,20,0.0017023476353527098,27.68951748188577,0.8200279325425354,13,0.0009990402109907805,30.00417031233522,0.8358721769936723,15.0,none
val_images,test006.png,5,upright,0.0,321,481,154401.0,1.0,blur,pnp_hqs,restormer,15.0,fixed15p0,0.2,0.5,0.0,0.15,vanilla,True,0,20,0.0017023476353527098,27.68951748188577,0.8200279325425354,14,0.0010184511624256806,29.920597917964287,0.8362688713156002,15.0,none
val_images,test006.png,5,upright,0.0,321,481,154401.0,1.0,blur,pnp_hqs,restormer,15.0,fixed15p0,0.2,0.5,0.0,0.15,vanilla,True,0,20,0.0017023476353527098,27.68951748188577,0.8200279325425354,15,0.0009757632964511342,30.106555219980212,0.8378558509983743,15.0,none
val_images,test006.png,5,upright,0.0,321,481,154401.0,1.0,blur,pnp_hqs,restormer,15.0,fixed15p0,0.2,0.5,0.0,0.15,vanilla,True,0,20,0.0017023476353527098,27.68951748188577,0.8200279325425354,16,0.0009056372615988562,30.430457171475677,0.8399135003983135,15.0,none
val_images,test006.png,5,upright,0.0,321,481,154401.0,1.0,blur,pnp_hqs,restormer,15.0,fixed15p0,0.2,0.5,0.0,0.15,vanilla,True,0,20,0.0017023476353527098,27.68951748188577,0.8200279325425354,17,0.0008894496096507633,30.508786511444313,0.8404467101897009,15.0,none
val_images,test006.png,5,upright,0.0,321,481,154401.0,1.0,blur,pnp_hqs,restormer,15.0,fixed15p0,0.2,0.5,0.0,0.15,vanilla,True,0,20,0.0017023476353527098,27.68951748188577,0.8200279325425354,18,0.0009036194381710408,30.44014435343948,0.840854789233878,15.0,none
val_images,test006.png,5,upright,0.0,321,481,154401.0,1.0,blur,pnp_hqs,restormer,15.0,fixed15p0,0.2,0.5,0.0,0.15,vanilla,True,0,20,0.0017023476353527098,27.68951748188577,0.8200279325425354,19,0.0009222920626968798,30.3513152891159,0.8409157101476027,15.0,none
val_images,test006.png,5,upright,0.0,321,481,154401.0,1.0,blur,pnp_hqs,restormer,15.0,fixed15p0,0.2,0.5,0.0,0.15,vanilla,True,0,20,0.0017023476353527098,27.68951748188577,0.8200279325425354,20,0.000943791399119369,30.25123984751088,0.8400780475838887,15.0,none
val_images,test006.png,5,upright,0.0,321,481,154401.0,1.0,blur,pnp_hqs,restormer,15.0,fixed15p0,0.2,0.5,0.0,0.15,G16_fixed,True,16,20,0.0017023476353527098,27.68951748188577,0.8200279325425354,1,0.0010422588698750534,29.82024400234863,0.8465613180128367,15.0,0;22.5;45;67.5;90;112.5;135;157.5;180;202.5;225;247.5;270;292.5;315;337.5
val_images,test006.png,5,upright,0.0,321,481,154401.0,1.0,blur,pnp_hqs,restormer,15.0,fixed15p0,0.2,0.5,0.0,0.15,G16_fixed,True,16,20,0.0017023476353527098,27.68951748188577,0.8200279325425354,2,0.0009622282254916784,30.167219078829497,0.8524612858725008,15.0,0;22.5;45;67.5;90;112.5;135;157.5;180;202.5;225;247.5;270;292.5;315;337.5
val_images,test006.png,5,upright,0.0,321,481,154401.0,1.0,blur,pnp_hqs,restormer,15.0,fixed15p0,0.2,0.5,0.0,0.15,G16_fixed,True,16,20,0.0017023476353527098,27.68951748188577,0.8200279325425354,3,0.0009457226512217477,30.24236208951653,0.8532020518001826,15.0,0;22.5;45;67.5;90;112.5;135;157.5;180;202.5;225;247.5;270;292.5;315;337.5
val_images,test006.png,5,upright,0.0,321,481,154401.0,1.0,blur,pnp_hqs,restormer,15.0,fixed15p0,0.2,0.5,0.0,0.15,G16_fixed,True,16,20,0.0017023476353527098,27.68951748188577,0.8200279325425354,4,0.0009390626875316749,30.27305415252135,0.8545281442477705,15.0,0;22.5;45;67.5;90;112.5;135;157.5;180;202.5;225;247.5;270;292.5;315;337.5
val_images,test006.png,5,upright,0.0,321,481,154401.0,1.0,blur,pnp_hqs,restormer,15.0,fixed15p0,0.2,0.5,0.0,0.15,G16_fixed,True,16,20,0.0017023476353527098,27.68951748188577,0.8200279325425354,5,0.0009412843884074079,30.2627914420663,0.8540603080614763,15.0,0;22.5;45;67.5;90;112.5;135;157.5;180;202.5;225;247.5;270;292.5;315;337.5
val_images,test006.png,5,upright,0.0,321,481,154401.0,1.0,blur,pnp_hqs,restormer,15.0,fixed15p0,0.2,0.5,0.0,0.15,G16_fixed,True,16,20,0.0017023476353527098,27.68951748188577,0.8200279325425354,6,0.0009453489911972315,30.24407834907251,0.8539679147155783,15.0,0;22.5;45;67.5;90;112.5;135;157.5;180;202.5;225;247.5;270;292.5;315;337.5
val_images,test006.png,5,upright,0.0,321,481,154401.0,1.0,blur,pnp_hqs,restormer,15.0,fixed15p0,0.2,0.5,0.0,0.15,G16_fixed,True,16,20,0.0017023476353527098,27.68951748188577,0.8200279325425354,7,0.0009567071293293822,30.192209896865123,0.8537032831717412,15.0,0;22.5;45;67.5;90;112.5;135;157.5;180;202.5;225;247.5;270;292.5;315;337.5
val_images,test006.png,5,upright,0.0,321,481,154401.0,1.0,blur,pnp_hqs,restormer,15.0,fixed15p0,0.2,0.5,0.0,0.15,G16_fixed,True,16,20,0.0017023476353527098,27.68951748188577,0.8200279325425354,8,0.0009613022285517905,30.171400508777477,0.8531122895900933,15.0,0;22.5;45;67.5;90;112.5;135;157.5;180;202.5;225;247.5;270;292.5;315;337.5
val_images,test006.png,5,upright,0.0,321,481,154401.0,1.0,blur,pnp_hqs,restormer,15.0,fixed15p0,0.2,0.5,0.0,0.15,G16_fixed,True,16,20,0.0017023476353527098,27.68951748188577,0.8200279325425354,9,0.0009688319573505029,30.13751544233216,0.8535115138502989,15.0,0;22.5;45;67.5;90;112.5;135;157.5;180;202.5;225;247.5;270;292.5;315;337.5
val_images,test006.png,5,upright,0.0,321,481,154401.0,1.0,blur,pnp_hqs,restormer,15.0,fixed15p0,0.2,0.5,0.0,0.15,G16_fixed,True,16,20,0.0017023476353527098,27.68951748188577,0.8200279325425354,10,0.0009753916129408974,30.10820983078211,0.8524827397490949,15.0,0;22.5;45;67.5;90;112.5;135;157.5;180;202.5;225;247.5;270;292.5;315;337.5
val_images,test006.png,5,upright,0.0,321,481,154401.0,1.0,blur,pnp_hqs,restormer,15.0,fixed15p0,0.2,0.5,0.0,0.15,G16_fixed,True,16,20,0.0017023476353527098,27.68951748188577,0.8200279325425354,11,0.0009827135112631335,30.07573072820792,0.8531681506272628,15.0,0;22.5;45;67.5;90;112.5;135;157.5;180;202.5;225;247.5;270;292.5;315;337.5
val_images,test006.png,5,upright,0.0,321,481,154401.0,1.0,blur,pnp_hqs,restormer,15.0,fixed15p0,0.2,0.5,0.0,0.15,G16_fixed,True,16,20,0.0017023476353527098,27.68951748188577,0.8200279325425354,12,0.0009841705975898898,30.069296137941215,0.8522515033905221,15.0,0;22.5;45;67.5;90;112.5;135;157.5;180;202.5;225;247.5;270;292.5;315;337.5
val_images,test006.png,5,upright,0.0,321,481,154401.0,1.0,blur,pnp_hqs,restormer,15.0,fixed15p0,0.2,0.5,0.0,0.15,G16_fixed,True,16,20,0.0017023476353527098,27.68951748188577,0.8200279325425354,13,0.0009899505182970703,30.04386512642448,0.8528575754043044,15.0,0;22.5;45;67.5;90;112.5;135;157.5;180;202.5;225;247.5;270;292.5;315;337.5
val_images,test006.png,5,upright,0.0,321,481,154401.0,1.0,blur,pnp_hqs,restormer,15.0,fixed15p0,0.2,0.5,0.0,0.15,G16_fixed,True,16,20,0.0017023476353527098,27.68951748188577,0.8200279325425354,14,0.0009985868974408056,30.006141366651356,0.8519520598959851,15.0,0;22.5;45;67.5;90;112.5;135;157.5;180;202.5;225;247.5;270;292.5;315;337.5
val_images,test006.png,5,upright,0.0,321,481,154401.0,1.0,blur,pnp_hqs,restormer,15.0,fixed15p0,0.2,0.5,0.0,0.15,G16_fixed,True,16,20,0.0017023476353527098,27.68951748188577,0.8200279325425354,15,0.0009959132665750931,30.017784823474052,0.852912626861225,15.0,0;22.5;45;67.5;90;112.5;135;157.5;180;202.5;225;247.5;270;292.5;315;337.5
val_images,test006.png,5,upright,0.0,321,481,154401.0,1.0,blur,pnp_hqs,restormer,15.0,fixed15p0,0.2,0.5,0.0,0.15,G16_fixed,True,16,20,0.0017023476353527098,27.68951748188577,0.8200279325425354,16,0.0009981406993422363,30.008082356254366,0.8525823181197013,15.0,0;22.5;45;67.5;90;112.5;135;157.5;180;202.5;225;247.5;270;292.5;315;337.5
val_images,test006.png,5,upright,0.0,321,481,154401.0,1.0,blur,pnp_hqs,restormer,15.0,fixed15p0,0.2,0.5,0.0,0.15,G16_fixed,True,16,20,0.0017023476353527098,27.68951748188577,0.8200279325425354,17,0.0009996557963630923,30.00149511472833,0.8525552983788965,15.0,0;22.5;45;67.5;90;112.5;135;157.5;180;202.5;225;247.5;270;292.5;315;337.5
val_images,test006.png,5,upright,0.0,321,481,154401.0,1.0,blur,pnp_hqs,restormer,15.0,fixed15p0,0.2,0.5,0.0,0.15,G16_fixed,True,16,20,0.0017023476353527098,27.68951748188577,0.8200279325425354,18,0.0010070185097051975,29.969625467364015,0.8527654856509996,15.0,0;22.5;45;67.5;90;112.5;135;157.5;180;202.5;225;247.5;270;292.5;315;337.5
val_images,test006.png,5,upright,0.0,321,481,154401.0,1.0,blur,pnp_hqs,restormer,15.0,fixed15p0,0.2,0.5,0.0,0.15,G16_fixed,True,16,20,0.0017023476353527098,27.68951748188577,0.8200279325425354,19,0.0009999190680651051,30.000351497151208,0.8527470677003387,15.0,0;22.5;45;67.5;90;112.5;135;157.5;180;202.5;225;247.5;270;292.5;315;337.5
val_images,test006.png,5,upright,0.0,321,481,154401.0,1.0,blur,pnp_hqs,restormer,15.0,fixed15p0,0.2,0.5,0.0,0.15,G16_fixed,True,16,20,0.0017023476353527098,27.68951748188577,0.8200279325425354,20,0.0010079151554080366,29.96576024526354,0.8528454317005719,15.0,0;22.5;45;67.5;90;112.5;135;157.5;180;202.5;225;247.5;270;292.5;315;337.5
val_images,test006.png,5,rot45_padded,45.0,1000,1000,154360.0,0.15435999631881714,blur,pnp_hqs,restormer,15.0,fixed15p0,0.2,0.5,0.0,0.15,vanilla,False,0,20,0.0025043702057588593,26.01301471614077,0.8291036376004146,1,0.001443734605190636,28.40512633701549,0.8521522334153926,15.0,none
val_images,test006.png,5,rot45_padded,45.0,1000,1000,154360.0,0.15435999631881714,blur,pnp_hqs,restormer,15.0,fixed15p0,0.2,0.5,0.0,0.15,vanilla,False,0,20,0.0025043702057588593,26.01301471614077,0.8291036376004146,2,0.001203132287366738,29.196866182837567,0.8653217316662348,15.0,none
val_images,test006.png,5,rot45_padded,45.0,1000,1000,154360.0,0.15435999631881714,blur,pnp_hqs,restormer,15.0,fixed15p0,0.2,0.5,0.0,0.15,vanilla,False,0,20,0.0025043702057588593,26.01301471614077,0.8291036376004146,3,0.001126392321995609,29.483103185413665,0.8492916315755377,15.0,none
val_images,test006.png,5,rot45_padded,45.0,1000,1000,154360.0,0.15435999631881714,blur,pnp_hqs,restormer,15.0,fixed15p0,0.2,0.5,0.0,0.15,vanilla,False,0,20,0.0025043702057588593,26.01301471614077,0.8291036376004146,4,0.001004872614931461,29.978889891278186,0.8712954902500648,15.0,none
val_images,test006.png,5,rot45_padded,45.0,1000,1000,154360.0,0.15435999631881714,blur,pnp_hqs,restormer,15.0,fixed15p0,0.2,0.5,0.0,0.15,vanilla,False,0,20,0.0025043702057588593,26.01301471614077,0.8291036376004146,5,0.0009692901587603654,30.135461966486066,0.8733510543534595,15.0,none
val_images,test006.png,5,rot45_padded,45.0,1000,1000,154360.0,0.15435999631881714,blur,pnp_hqs,restormer,15.0,fixed15p0,0.2,0.5,0.0,0.15,vanilla,False,0,20,0.0025043702057588593,26.01301471614077,0.8291036376004146,6,0.001059588758276361,29.748626580045183,0.8467869853750972,15.0,none
val_images,test006.png,5,rot45_padded,45.0,1000,1000,154360.0,0.15435999631881714,blur,pnp_hqs,restormer,15.0,fixed15p0,0.2,0.5,0.0,0.15,vanilla,False,0,20,0.0025043702057588593,26.01301471614077,0.8291036376004146,7,0.0009631435436793453,30.16308982260583,0.874847859711065,15.0,none
val_images,test006.png,5,rot45_padded,45.0,1000,1000,154360.0,0.15435999631881714,blur,pnp_hqs,restormer,15.0,fixed15p0,0.2,0.5,0.0,0.15,vanilla,False,0,20,0.0025043702057588593,26.01301471614077,0.8291036376004146,8,0.0009141329379550037,30.389906423164035,0.879051507029023,15.0,none
val_images,test006.png,5,rot45_padded,45.0,1000,1000,154360.0,0.15435999631881714,blur,pnp_hqs,restormer,15.0,fixed15p0,0.2,0.5,0.0,0.15,vanilla,False,0,20,0.0025043702057588593,26.01301471614077,0.8291036376004146,9,0.0010676707959477844,29.715626363925228,0.8397726904638507,15.0,none
val_images,test006.png,5,rot45_padded,45.0,1000,1000,154360.0,0.15435999631881714,blur,pnp_hqs,restormer,15.0,fixed15p0,0.2,0.5,0.0,0.15,vanilla,False,0,20,0.0025043702057588593,26.01301471614077,0.8291036376004146,10,0.0009692764183374599,30.135523531458013,0.8663077586486136,15.0,none
val_images,test006.png,5,rot45_padded,45.0,1000,1000,154360.0,0.15435999631881714,blur,pnp_hqs,restormer,15.0,fixed15p0,0.2,0.5,0.0,0.15,vanilla,False,0,20,0.0025043702057588593,26.01301471614077,0.8291036376004146,11,0.0009333804037386223,30.29941321339786,0.8565949727908785,15.0,none
val_images,test006.png,5,rot45_padded,45.0,1000,1000,154360.0,0.15435999631881714,blur,pnp_hqs,restormer,15.0,fixed15p0,0.2,0.5,0.0,0.15,vanilla,False,0,20,0.0025043702057588593,26.01301471614077,0.8291036376004146,12,0.0008652729826228054,30.6284685653114,0.8772984014641099,15.0,none
val_images,test006.png,5,rot45_padded,45.0,1000,1000,154360.0,0.15435999631881714,blur,pnp_hqs,restormer,15.0,fixed15p0,0.2,0.5,0.0,0.15,vanilla,False,0,20,0.0025043702057588593,26.01301471614077,0.8291036376004146,13,0.0008714696167972799,30.597477496753914,0.8784110601839855,15.0,none
val_images,test006.png,5,rot45_padded,45.0,1000,1000,154360.0,0.15435999631881714,blur,pnp_hqs,restormer,15.0,fixed15p0,0.2,0.5,0.0,0.15,vanilla,False,0,20,0.0025043702057588593,26.01301471614077,0.8291036376004146,14,0.0008826146814050252,30.542288527780634,0.8760618440658201,15.0,none
val_images,test006.png,5,rot45_padded,45.0,1000,1000,154360.0,0.15435999631881714,blur,pnp_hqs,restormer,15.0,fixed15p0,0.2,0.5,0.0,0.15,vanilla,False,0,20,0.0025043702057588593,26.01301471614077,0.8291036376004146,15,0.0008697665951727091,30.605972761495867,0.8729451444674786,15.0,none
val_images,test006.png,5,rot45_padded,45.0,1000,1000,154360.0,0.15435999631881714,blur,pnp_hqs,restormer,15.0,fixed15p0,0.2,0.5,0.0,0.15,vanilla,False,0,20,0.0025043702057588593,26.01301471614077,0.8291036376004146,16,0.0008205213148873777,30.85910132687994,0.8833200391940917,15.0,none
val_images,test006.png,5,rot45_padded,45.0,1000,1000,154360.0,0.15435999631881714,blur,pnp_hqs,restormer,15.0,fixed15p0,0.2,0.5,0.0,0.15,vanilla,False,0,20,0.0025043702057588593,26.01301471614077,0.8291036376004146,17,0.0008048646466723993,30.942771483846347,0.8809682924656647,15.0,none
val_images,test006.png,5,rot45_padded,45.0,1000,1000,154360.0,0.15435999631881714,blur,pnp_hqs,restormer,15.0,fixed15p0,0.2,0.5,0.0,0.15,vanilla,False,0,20,0.0025043702057588593,26.01301471614077,0.8291036376004146,18,0.0008358555279979128,30.778687809525746,0.8797747554418243,15.0,none
val_images,test006.png,5,rot45_padded,45.0,1000,1000,154360.0,0.15435999631881714,blur,pnp_hqs,restormer,15.0,fixed15p0,0.2,0.5,0.0,0.15,vanilla,False,0,20,0.0025043702057588593,26.01301471614077,0.8291036376004146,19,0.0009499526388381361,30.22298046504821,0.8633358099572428,15.0,none
val_images,test006.png,5,rot45_padded,45.0,1000,1000,154360.0,0.15435999631881714,blur,pnp_hqs,restormer,15.0,fixed15p0,0.2,0.5,0.0,0.15,vanilla,False,0,20,0.0025043702057588593,26.01301471614077,0.8291036376004146,20,0.0010522938787890827,29.77862955892453,0.8362599503595491,15.0,none
val_images,test006.png,5,rot45_padded,45.0,1000,1000,154360.0,0.15435999631881714,blur,pnp_hqs,restormer,15.0,fixed15p0,0.2,0.5,0.0,0.15,G16_fixed,False,16,20,0.0025043702057588593,26.01301471614077,0.8291036376004146,1,0.0014303420423441955,28.44560095863631,0.8548389317180617,15.0,0;22.5;45;67.5;90;112.5;135;157.5;180;202.5;225;247.5;270;292.5;315;337.5
val_images,test006.png,5,rot45_padded,45.0,1000,1000,154360.0,0.15435999631881714,blur,pnp_hqs,restormer,15.0,fixed15p0,0.2,0.5,0.0,0.15,G16_fixed,False,16,20,0.0025043702057588593,26.01301471614077,0.8291036376004146,2,0.0012542098876447002,29.016297797585597,0.8573809803381706,15.0,0;22.5;45;67.5;90;112.5;135;157.5;180;202.5;225;247.5;270;292.5;315;337.5
val_images,test006.png,5,rot45_padded,45.0,1000,1000,154360.0,0.15435999631881714,blur,pnp_hqs,restormer,15.0,fixed15p0,0.2,0.5,0.0,0.15,G16_fixed,False,16,20,0.0025043702057588593,26.01301471614077,0.8291036376004146,3,0.0012545810767670745,29.015012673467623,0.8546591571650687,15.0,0;22.5;45;67.5;90;112.5;135;157.5;180;202.5;225;247.5;270;292.5;315;337.5
val_images,test006.png,5,rot45_padded,45.0,1000,1000,154360.0,0.15435999631881714,blur,pnp_hqs,restormer,15.0,fixed15p0,0.2,0.5,0.0,0.15,G16_fixed,False,16,20,0.0025043702057588593,26.01301471614077,0.8291036376004146,4,0.0012175081306926077,29.145281298232725,0.8528349920640063,15.0,0;22.5;45;67.5;90;112.5;135;157.5;180;202.5;225;247.5;270;292.5;315;337.5
val_images,test006.png,5,rot45_padded,45.0,1000,1000,154360.0,0.15435999631881714,blur,pnp_hqs,restormer,15.0,fixed15p0,0.2,0.5,0.0,0.15,G16_fixed,False,16,20,0.0025043702057588593,26.01301471614077,0.8291036376004146,5,0.0011698972687692833,29.318522729251704,0.858474406420057,15.0,0;22.5;45;67.5;90;112.5;135;157.5;180;202.5;225;247.5;270;292.5;315;337.5
val_images,test006.png,5,rot45_padded,45.0,1000,1000,154360.0,0.15435999631881714,blur,pnp_hqs,restormer,15.0,fixed15p0,0.2,0.5,0.0,0.15,G16_fixed,False,16,20,0.0025043702057588593,26.01301471614077,0.8291036376004146,6,0.001150399015554649,29.391514986052876,0.8599630126004146,15.0,0;22.5;45;67.5;90;112.5;135;157.5;180;202.5;225;247.5;270;292.5;315;337.5
val_images,test006.png,5,rot45_padded,45.0,1000,1000,154360.0,0.15435999631881714,blur,pnp_hqs,restormer,15.0,fixed15p0,0.2,0.5,0.0,0.15,G16_fixed,False,16,20,0.0025043702057588593,26.01301471614077,0.8291036376004146,7,0.0011641374614208466,29.33995735139915,0.8584966757903602,15.0,0;22.5;45;67.5;90;112.5;135;157.5;180;202.5;225;247.5;270;292.5;315;337.5
val_images,test006.png,5,rot45_padded,45.0,1000,1000,154360.0,0.15435999631881714,blur,pnp_hqs,restormer,15.0,fixed15p0,0.2,0.5,0.0,0.15,G16_fixed,False,16,20,0.0025043702057588593,26.01301471614077,0.8291036376004146,8,0.0011521370307742453,29.384958645153088,0.856402342737756,15.0,0;22.5;45;67.5;90;112.5;135;157.5;180;202.5;225;247.5;270;292.5;315;337.5
val_images,test006.png,5,rot45_padded,45.0,1000,1000,154360.0,0.15435999631881714,blur,pnp_hqs,restormer,15.0,fixed15p0,0.2,0.5,0.0,0.15,G16_fixed,False,16,20,0.0025043702057588593,26.01301471614077,0.8291036376004146,9,0.0011669737219532465,29.32938923336971,0.8552508138442602,15.0,0;22.5;45;67.5;90;112.5;135;157.5;180;202.5;225;247.5;270;292.5;315;337.5
val_images,test006.png,5,rot45_padded,45.0,1000,1000,154360.0,0.15435999631881714,blur,pnp_hqs,restormer,15.0,fixed15p0,0.2,0.5,0.0,0.15,G16_fixed,False,16,20,0.0025043702057588593,26.01301471614077,0.8291036376004146,10,0.0011834249622496213,29.2685927429094,0.8562729779411765,15.0,0;22.5;45;67.5;90;112.5;135;157.5;180;202.5;225;247.5;270;292.5;315;337.5
val_images,test006.png,5,rot45_padded,45.0,1000,1000,154360.0,0.15435999631881714,blur,pnp_hqs,restormer,15.0,fixed15p0,0.2,0.5,0.0,0.15,G16_fixed,False,16,20,0.0025043702057588593,26.01301471614077,0.8291036376004146,11,0.0011482168584637273,29.39976080979964,0.8552692366869655,15.0,0;22.5;45;67.5;90;112.5;135;157.5;180;202.5;225;247.5;270;292.5;315;337.5
val_images,test006.png,5,rot45_padded,45.0,1000,1000,154360.0,0.15435999631881714,blur,pnp_hqs,restormer,15.0,fixed15p0,0.2,0.5,0.0,0.15,G16_fixed,False,16,20,0.0025043702057588593,26.01301471614077,0.8291036376004146,12,0.0011780802342952858,29.28825130495362,0.8566027670704845,15.0,0;22.5;45;67.5;90;112.5;135;157.5;180;202.5;225;247.5;270;292.5;315;337.5
val_images,test006.png,5,rot45_padded,45.0,1000,1000,154360.0,0.15435999631881714,blur,pnp_hqs,restormer,15.0,fixed15p0,0.2,0.5,0.0,0.15,G16_fixed,False,16,20,0.0025043702057588593,26.01301471614077,0.8291036376004146,13,0.0011556191900351654,29.37185254940352,0.855001093223633,15.0,0;22.5;45;67.5;90;112.5;135;157.5;180;202.5;225;247.5;270;292.5;315;337.5
val_images,test006.png,5,rot45_padded,45.0,1000,1000,154360.0,0.15435999631881714,blur,pnp_hqs,restormer,15.0,fixed15p0,0.2,0.5,0.0,0.15,G16_fixed,False,16,20,0.0025043702057588593,26.01301471614077,0.8291036376004146,14,0.0011706795832072247,29.315619557276165,0.8581298385268205,15.0,0;22.5;45;67.5;90;112.5;135;157.5;180;202.5;225;247.5;270;292.5;315;337.5
val_images,test006.png,5,rot45_padded,45.0,1000,1000,154360.0,0.15435999631881714,blur,pnp_hqs,restormer,15.0,fixed15p0,0.2,0.5,0.0,0.15,G16_fixed,False,16,20,0.0025043702057588593,26.01301471614077,0.8291036376004146,15,0.0011728804233192194,29.30746262513438,0.860733330364084,15.0,0;22.5;45;67.5;90;112.5;135;157.5;180;202.5;225;247.5;270;292.5;315;337.5
val_images,test006.png,5,rot45_padded,45.0,1000,1000,154360.0,0.15435999631881714,blur,pnp_hqs,restormer,15.0,fixed15p0,0.2,0.5,0.0,0.15,G16_fixed,False,16,20,0.0025043702057588593,26.01301471614077,0.8291036376004146,16,0.0010714447662045097,29.7003021225713,0.8635353232702773,15.0,0;22.5;45;67.5;90;112.5;135;157.5;180;202.5;225;247.5;270;292.5;315;337.5
val_images,test006.png,5,rot45_padded,45.0,1000,1000,154360.0,0.15435999631881714,blur,pnp_hqs,restormer,15.0,fixed15p0,0.2,0.5,0.0,0.15,G16_fixed,False,16,20,0.0025043702057588593,26.01301471614077,0.8291036376004146,17,0.001075092008244222,29.685543664806175,0.8662148346398031,15.0,0;22.5;45;67.5;90;112.5;135;157.5;180;202.5;225;247.5;270;292.5;315;337.5
val_images,test006.png,5,rot45_padded,45.0,1000,1000,154360.0,0.15435999631881714,blur,pnp_hqs,restormer,15.0,fixed15p0,0.2,0.5,0.0,0.15,G16_fixed,False,16,20,0.0025043702057588593,26.01301471614077,0.8291036376004146,18,0.001102832834718758,29.574903120939315,0.8630288975447007,15.0,0;22.5;45;67.5;90;112.5;135;157.5;180;202.5;225;247.5;270;292.5;315;337.5
val_images,test006.png,5,rot45_padded,45.0,1000,1000,154360.0,0.15435999631881714,blur,pnp_hqs,restormer,15.0,fixed15p0,0.2,0.5,0.0,0.15,G16_fixed,False,16,20,0.0025043702057588593,26.01301471614077,0.8291036376004146,19,0.0011428074813253615,29.42026925195414,0.8558343725706141,15.0,0;22.5;45;67.5;90;112.5;135;157.5;180;202.5;225;247.5;270;292.5;315;337.5
val_images,test006.png,5,rot45_padded,45.0,1000,1000,154360.0,0.15435999631881714,blur,pnp_hqs,restormer,15.0,fixed15p0,0.2,0.5,0.0,0.15,G16_fixed,False,16,20,0.0025043702057588593,26.01301471614077,0.8291036376004146,20,0.001153530448049608,29.379709375577914,0.8554870716182948,15.0,0;22.5;45;67.5;90;112.5;135;157.5;180;202.5;225;247.5;270;292.5;315;337.5
val_images,test007.png,6,upright,0.0,321,481,154401.0,1.0,blur,pnp_hqs,restormer,15.0,fixed15p0,0.2,0.5,0.0,0.15,vanilla,True,0,20,0.00534305254661563,22.72210554697312,0.6301132076540955,1,0.003781805893850469,24.223007656530605,0.6823957989261727,15.0,none
val_images,test007.png,6,upright,0.0,321,481,154401.0,1.0,blur,pnp_hqs,restormer,15.0,fixed15p0,0.2,0.5,0.0,0.15,vanilla,True,0,20,0.00534305254661563,22.72210554697312,0.6301132076540955,2,0.0035349728610991026,24.516139160453413,0.693178598260374,15.0,none
val_images,test007.png,6,upright,0.0,321,481,154401.0,1.0,blur,pnp_hqs,restormer,15.0,fixed15p0,0.2,0.5,0.0,0.15,vanilla,True,0,20,0.00534305254661563,22.72210554697312,0.6301132076540955,3,0.0034630716199468025,24.605385266930874,0.695477401376934,15.0,none
val_images,test007.png,6,upright,0.0,321,481,154401.0,1.0,blur,pnp_hqs,restormer,15.0,fixed15p0,0.2,0.5,0.0,0.15,vanilla,True,0,20,0.00534305254661563,22.72210554697312,0.6301132076540955,4,0.0033561900290780987,24.74153457186731,0.7055706407341922,15.0,none
val_images,test007.png,6,upright,0.0,321,481,154401.0,1.0,blur,pnp_hqs,restormer,15.0,fixed15p0,0.2,0.5,0.0,0.15,vanilla,True,0,20,0.00534305254661563,22.72210554697312,0.6301132076540955,5,0.003347404818409126,24.752917630619983,0.7056533191171042,15.0,none
val_images,test007.png,6,upright,0.0,321,481,154401.0,1.0,blur,pnp_hqs,restormer,15.0,fixed15p0,0.2,0.5,0.0,0.15,vanilla,True,0,20,0.00534305254661563,22.72210554697312,0.6301132076540955,6,0.0033347831935238844,24.769323959054308,0.7067555120271242,15.0,none
val_images,test007.png,6,upright,0.0,321,481,154401.0,1.0,blur,pnp_hqs,restormer,15.0,fixed15p0,0.2,0.5,0.0,0.15,vanilla,True,0,20,0.00534305254661563,22.72210554697312,0.6301132076540955,7,0.003318413306959233,24.790695237507386,0.7077022149306028,15.0,none
val_images,test007.png,6,upright,0.0,321,481,154401.0,1.0,blur,pnp_hqs,restormer,15.0,fixed15p0,0.2,0.5,0.0,0.15,vanilla,True,0,20,0.00534305254661563,22.72210554697312,0.6301132076540955,8,0.003303289810299156,24.810533223145384,0.7082395232219999,15.0,none
val_images,test007.png,6,upright,0.0,321,481,154401.0,1.0,blur,pnp_hqs,restormer,15.0,fixed15p0,0.2,0.5,0.0,0.15,vanilla,True,0,20,0.00534305254661563,22.72210554697312,0.6301132076540955,9,0.003287587194955222,24.831227197840967,0.7087469276429557,15.0,none
val_images,test007.png,6,upright,0.0,321,481,154401.0,1.0,blur,pnp_hqs,restormer,15.0,fixed15p0,0.2,0.5,0.0,0.15,vanilla,True,0,20,0.00534305254661563,22.72210554697312,0.6301132076540955,10,0.0032714843354697144,24.852551548506717,0.7093084727430522,15.0,none
val_images,test007.png,6,upright,0.0,321,481,154401.0,1.0,blur,pnp_hqs,restormer,15.0,fixed15p0,0.2,0.5,0.0,0.15,vanilla,True,0,20,0.00534305254661563,22.72210554697312,0.6301132076540955,11,0.003255717088108845,24.873533410099327,0.7098916741148049,15.0,none
val_images,test007.png,6,upright,0.0,321,481,154401.0,1.0,blur,pnp_hqs,restormer,15.0,fixed15p0,0.2,0.5,0.0,0.15,vanilla,True,0,20,0.00534305254661563,22.72210554697312,0.6301132076540955,12,0.003240004194890658,24.894544275042875,0.7105038179804535,15.0,none
val_images,test007.png,6,upright,0.0,321,481,154401.0,1.0,blur,pnp_hqs,restormer,15.0,fixed15p0,0.2,0.5,0.0,0.15,vanilla,True,0,20,0.00534305254661563,22.72210554697312,0.6301132076540955,13,0.003224136540604396,24.915865743187492,0.711123197469576,15.0,none
val_images,test007.png,6,upright,0.0,321,481,154401.0,1.0,blur,pnp_hqs,restormer,15.0,fixed15p0,0.2,0.5,0.0,0.15,vanilla,True,0,20,0.00534305254661563,22.72210554697312,0.6301132076540955,14,0.0032077486677598026,24.937996667223675,0.711748395816737,15.0,none
val_images,test007.png,6,upright,0.0,321,481,154401.0,1.0,blur,pnp_hqs,restormer,15.0,fixed15p0,0.2,0.5,0.0,0.15,vanilla,True,0,20,0.00534305254661563,22.72210554697312,0.6301132076540955,15,0.0031909650967564774,24.96077946157152,0.7123448034662988,15.0,none
val_images,test007.png,6,upright,0.0,321,481,154401.0,1.0,blur,pnp_hqs,restormer,15.0,fixed15p0,0.2,0.5,0.0,0.15,vanilla,True,0,20,0.00534305254661563,22.72210554697312,0.6301132076540955,16,0.0031742509014043587,24.983587484101392,0.7128852488811601,15.0,none
val_images,test007.png,6,upright,0.0,321,481,154401.0,1.0,blur,pnp_hqs,restormer,15.0,fixed15p0,0.2,0.5,0.0,0.15,vanilla,True,0,20,0.00534305254661563,22.72210554697312,0.6301132076540955,17,0.0031579268699709886,25.00597931432158,0.7133677081106987,15.0,none
val_images,test007.png,6,upright,0.0,321,481,154401.0,1.0,blur,pnp_hqs,restormer,15.0,fixed15p0,0.2,0.5,0.0,0.15,vanilla,True,0,20,0.00534305254661563,22.72210554697312,0.6301132076540955,18,0.003142448786649192,25.027317914007618,0.7138098401240924,15.0,none
val_images,test007.png,6,upright,0.0,321,481,154401.0,1.0,blur,pnp_hqs,restormer,15.0,fixed15p0,0.2,0.5,0.0,0.15,vanilla,True,0,20,0.00534305254661563,22.72210554697312,0.6301132076540955,19,0.003128100281238059,25.04719332693319,0.7142266727547102,15.0,none
val_images,test007.png,6,upright,0.0,321,481,154401.0,1.0,blur,pnp_hqs,restormer,15.0,fixed15p0,0.2,0.5,0.0,0.15,vanilla,True,0,20,0.00534305254661563,22.72210554697312,0.6301132076540955,20,0.003115005478834334,25.065411851443216,0.7146208877371261,15.0,none
val_images,test007.png,6,upright,0.0,321,481,154401.0,1.0,blur,pnp_hqs,restormer,15.0,fixed15p0,0.2,0.5,0.0,0.15,G16_fixed,True,16,20,0.00534305254661563,22.72210554697312,0.6301132076540955,1,0.003349076158883767,24.75074976375662,0.7195141425573669,15.0,0;22.5;45;67.5;90;112.5;135;157.5;180;202.5;225;247.5;270;292.5;315;337.5
val_images,test007.png,6,upright,0.0,321,481,154401.0,1.0,blur,pnp_hqs,restormer,15.0,fixed15p0,0.2,0.5,0.0,0.15,G16_fixed,True,16,20,0.00534305254661563,22.72210554697312,0.6301132076540955,2,0.0029058756418706404,25.367229754492126,0.746343935596272,15.0,0;22.5;45;67.5;90;112.5;135;157.5;180;202.5;225;247.5;270;292.5;315;337.5
val_images,test007.png,6,upright,0.0,321,481,154401.0,1.0,blur,pnp_hqs,restormer,15.0,fixed15p0,0.2,0.5,0.0,0.15,G16_fixed,True,16,20,0.00534305254661563,22.72210554697312,0.6301132076540955,3,0.0027122381191315554,25.666721845375836,0.7577760182900369,15.0,0;22.5;45;67.5;90;112.5;135;157.5;180;202.5;225;247.5;270;292.5;315;337.5
val_images,test007.png,6,upright,0.0,321,481,154401.0,1.0,blur,pnp_hqs,restormer,15.0,fixed15p0,0.2,0.5,0.0,0.15,G16_fixed,True,16,20,0.00534305254661563,22.72210554697312,0.6301132076540955,4,0.0025941285435959974,25.860085076693366,0.7652422203385988,15.0,0;22.5;45;67.5;90;112.5;135;157.5;180;202.5;225;247.5;270;292.5;315;337.5
val_images,test007.png,6,upright,0.0,321,481,154401.0,1.0,blur,pnp_hqs,restormer,15.0,fixed15p0,0.2,0.5,0.0,0.15,G16_fixed,True,16,20,0.00534305254661563,22.72210554697312,0.6301132076540955,5,0.0025208218031396333,25.984578535097622,0.7694283068114843,15.0,0;22.5;45;67.5;90;112.5;135;157.5;180;202.5;225;247.5;270;292.5;315;337.5
val_images,test007.png,6,upright,0.0,321,481,154401.0,1.0,blur,pnp_hqs,restormer,15.0,fixed15p0,0.2,0.5,0.0,0.15,G16_fixed,True,16,20,0.00534305254661563,22.72210554697312,0.6301132076540955,6,0.0024690760663512745,26.074655302836433,0.7725788389485819,15.0,0;22.5;45;67.5;90;112.5;135;157.5;180;202.5;225;247.5;270;292.5;315;337.5
val_images,test007.png,6,upright,0.0,321,481,154401.0,1.0,blur,pnp_hqs,restormer,15.0,fixed15p0,0.2,0.5,0.0,0.15,G16_fixed,True,16,20,0.00534305254661563,22.72210554697312,0.6301132076540955,7,0.002431425445843433,26.141390425486932,0.7749105818615164,15.0,0;22.5;45;67.5;90;112.5;135;157.5;180;202.5;225;247.5;270;292.5;315;337.5
val_images,test007.png,6,upright,0.0,321,481,154401.0,1.0,blur,pnp_hqs,restormer,15.0,fixed15p0,0.2,0.5,0.0,0.15,G16_fixed,True,16,20,0.00534305254661563,22.72210554697312,0.6301132076540955,8,0.0024006240402679145,26.196758491148806,0.7763667131365729,15.0,0;22.5;45;67.5;90;112.5;135;157.5;180;202.5;225;247.5;270;292.5;315;337.5
val_images,test007.png,6,upright,0.0,321,481,154401.0,1.0,blur,pnp_hqs,restormer,15.0,fixed15p0,0.2,0.5,0.0,0.15,G16_fixed,True,16,20,0.00534305254661563,22.72210554697312,0.6301132076540955,9,0.002360938203006599,26.269153803268086,0.7798062148237382,15.0,0;22.5;45;67.5;90;112.5;135;157.5;180;202.5;225;247.5;270;292.5;315;337.5
val_images,test007.png,6,upright,0.0,321,481,154401.0,1.0,blur,pnp_hqs,restormer,15.0,fixed15p0,0.2,0.5,0.0,0.15,G16_fixed,True,16,20,0.00534305254661563,22.72210554697312,0.6301132076540955,10,0.002358719170425143,26.273237632241468,0.7783156257893408,15.0,0;22.5;45;67.5;90;112.5;135;157.5;180;202.5;225;247.5;270;292.5;315;337.5
val_images,test007.png,6,upright,0.0,321,481,154401.0,1.0,blur,pnp_hqs,restormer,15.0,fixed15p0,0.2,0.5,0.0,0.15,G16_fixed,True,16,20,0.00534305254661563,22.72210554697312,0.6301132076540955,11,0.0023260473893870507,26.33381441482186,0.7816089476428262,15.0,0;22.5;45;67.5;90;112.5;135;157.5;180;202.5;225;247.5;270;292.5;315;337.5
val_images,test007.png,6,upright,0.0,321,481,154401.0,1.0,blur,pnp_hqs,restormer,15.0,fixed15p0,0.2,0.5,0.0,0.15,G16_fixed,True,16,20,0.00534305254661563,22.72210554697312,0.6301132076540955,12,0.0023189129634442135,26.347155515798928,0.781518375852488,15.0,0;22.5;45;67.5;90;112.5;135;157.5;180;202.5;225;247.5;270;292.5;315;337.5
val_images,test007.png,6,upright,0.0,321,481,154401.0,1.0,blur,pnp_hqs,restormer,15.0,fixed15p0,0.2,0.5,0.0,0.15,G16_fixed,True,16,20,0.00534305254661563,22.72210554697312,0.6301132076540955,13,0.002295128974166193,26.39192904377332,0.7842886076676965,15.0,0;22.5;45;67.5;90;112.5;135;157.5;180;202.5;225;247.5;270;292.5;315;337.5
val_images,test007.png,6,upright,0.0,321,481,154401.0,1.0,blur,pnp_hqs,restormer,15.0,fixed15p0,0.2,0.5,0.0,0.15,G16_fixed,True,16,20,0.00534305254661563,22.72210554697312,0.6301132076540955,14,0.0023007021514797506,26.381396013841588,0.7819215974151722,15.0,0;22.5;45;67.5;90;112.5;135;157.5;180;202.5;225;247.5;270;292.5;315;337.5
val_images,test007.png,6,upright,0.0,321,481,154401.0,1.0,blur,pnp_hqs,restormer,15.0,fixed15p0,0.2,0.5,0.0,0.15,G16_fixed,True,16,20,0.00534305254661563,22.72210554697312,0.6301132076540955,15,0.0022828479026912878,26.41523022904128,0.7847936339466713,15.0,0;22.5;45;67.5;90;112.5;135;157.5;180;202.5;225;247.5;270;292.5;315;337.5
val_images,test007.png,6,upright,0.0,321,481,154401.0,1.0,blur,pnp_hqs,restormer,15.0,fixed15p0,0.2,0.5,0.0,0.15,G16_fixed,True,16,20,0.00534305254661563,22.72210554697312,0.6301132076540955,16,0.0022953720854225566,26.391469042235993,0.7816718925071728,15.0,0;22.5;45;67.5;90;112.5;135;157.5;180;202.5;225;247.5;270;292.5;315;337.5
val_images,test007.png,6,upright,0.0,321,481,154401.0,1.0,blur,pnp_hqs,restormer,15.0,fixed15p0,0.2,0.5,0.0,0.15,G16_fixed,True,16,20,0.00534305254661563,22.72210554697312,0.6301132076540955,17,0.0022727651103979047,26.434454461620867,0.7852024719723318,15.0,0;22.5;45;67.5;90;112.5;135;157.5;180;202.5;225;247.5;270;292.5;315;337.5
val_images,test007.png,6,upright,0.0,321,481,154401.0,1.0,blur,pnp_hqs,restormer,15.0,fixed15p0,0.2,0.5,0.0,0.15,G16_fixed,True,16,20,0.00534305254661563,22.72210554697312,0.6301132076540955,18,0.002300887943822012,26.38104531511616,0.7798079857805326,15.0,0;22.5;45;67.5;90;112.5;135;157.5;180;202.5;225;247.5;270;292.5;315;337.5
val_images,test007.png,6,upright,0.0,321,481,154401.0,1.0,blur,pnp_hqs,restormer,15.0,fixed15p0,0.2,0.5,0.0,0.15,G16_fixed,True,16,20,0.00534305254661563,22.72210554697312,0.6301132076540955,19,0.0022711370555859823,26.4375665675839,0.7846635951192026,15.0,0;22.5;45;67.5;90;112.5;135;157.5;180;202.5;225;247.5;270;292.5;315;337.5
val_images,test007.png,6,upright,0.0,321,481,154401.0,1.0,blur,pnp_hqs,restormer,15.0,fixed15p0,0.2,0.5,0.0,0.15,G16_fixed,True,16,20,0.00534305254661563,22.72210554697312,0.6301132076540955,20,0.0022807814570121997,26.419163265430438,0.7823878650397342,15.0,0;22.5;45;67.5;90;112.5;135;157.5;180;202.5;225;247.5;270;292.5;315;337.5
val_images,test007.png,6,rot45_padded,45.0,1000,1000,154360.0,0.15435999631881714,blur,pnp_hqs,restormer,15.0,fixed15p0,0.2,0.5,0.0,0.15,vanilla,False,0,20,0.005480007261586146,22.61218866029371,0.6381524925498834,1,0.0036954058795186577,24.323378545480004,0.702168277484452,15.0,none
val_images,test007.png,6,rot45_padded,45.0,1000,1000,154360.0,0.15435999631881714,blur,pnp_hqs,restormer,15.0,fixed15p0,0.2,0.5,0.0,0.15,vanilla,False,0,20,0.005480007261586146,22.61218866029371,0.6381524925498834,2,0.0029752289949225835,25.264796022366337,0.7715754263572169,15.0,none
val_images,test007.png,6,rot45_padded,45.0,1000,1000,154360.0,0.15435999631881714,blur,pnp_hqs,restormer,15.0,fixed15p0,0.2,0.5,0.0,0.15,vanilla,False,0,20,0.005480007261586146,22.61218866029371,0.6381524925498834,3,0.003050250715466786,25.1566446233559,0.7527279978621404,15.0,none
val_images,test007.png,6,rot45_padded,45.0,1000,1000,154360.0,0.15435999631881714,blur,pnp_hqs,restormer,15.0,fixed15p0,0.2,0.5,0.0,0.15,vanilla,False,0,20,0.005480007261586146,22.61218866029371,0.6381524925498834,4,0.0026744519283376724,25.727652038805036,0.7825900593579943,15.0,none
val_images,test007.png,6,rot45_padded,45.0,1000,1000,154360.0,0.15435999631881714,blur,pnp_hqs,restormer,15.0,fixed15p0,0.2,0.5,0.0,0.15,vanilla,False,0,20,0.005480007261586146,22.61218866029371,0.6381524925498834,5,0.0025243264401196876,25.978544838274686,0.7975745112885463,15.0,none
val_images,test007.png,6,rot45_padded,45.0,1000,1000,154360.0,0.15435999631881714,blur,pnp_hqs,restormer,15.0,fixed15p0,0.2,0.5,0.0,0.15,vanilla,False,0,20,0.005480007261586146,22.61218866029371,0.6381524925498834,6,0.0027562580568304207,25.59680123698062,0.7593254506510754,15.0,none
val_images,test007.png,6,rot45_padded,45.0,1000,1000,154360.0,0.15435999631881714,blur,pnp_hqs,restormer,15.0,fixed15p0,0.2,0.5,0.0,0.15,vanilla,False,0,20,0.005480007261586146,22.61218866029371,0.6381524925498834,7,0.002433957359153825,26.136870345062878,0.7982408209704587,15.0,none
val_images,test007.png,6,rot45_padded,45.0,1000,1000,154360.0,0.15435999631881714,blur,pnp_hqs,restormer,15.0,fixed15p0,0.2,0.5,0.0,0.15,vanilla,False,0,20,0.005480007261586146,22.61218866029371,0.6381524925498834,8,0.0028505962418286595,25.45064291762278,0.7552815354528375,15.0,none
val_images,test007.png,6,rot45_padded,45.0,1000,1000,154360.0,0.15435999631881714,blur,pnp_hqs,restormer,15.0,fixed15p0,0.2,0.5,0.0,0.15,vanilla,False,0,20,0.005480007261586146,22.61218866029371,0.6381524925498834,9,0.0030750720480557828,25.121447043742563,0.7304513900136046,15.0,none
val_images,test007.png,6,rot45_padded,45.0,1000,1000,154360.0,0.15435999631881714,blur,pnp_hqs,restormer,15.0,fixed15p0,0.2,0.5,0.0,0.15,vanilla,False,0,20,0.005480007261586146,22.61218866029371,0.6381524925498834,10,0.0026591913599398323,25.752504089732057,0.7751332619363824,15.0,none
val_images,test007.png,6,rot45_padded,45.0,1000,1000,154360.0,0.15435999631881714,blur,pnp_hqs,restormer,15.0,fixed15p0,0.2,0.5,0.0,0.15,vanilla,False,0,20,0.005480007261586146,22.61218866029371,0.6381524925498834,11,0.0028093470968586017,25.513946000871954,0.7610617023516455,15.0,none
val_images,test007.png,6,rot45_padded,45.0,1000,1000,154360.0,0.15435999631881714,blur,pnp_hqs,restormer,15.0,fixed15p0,0.2,0.5,0.0,0.15,vanilla,False,0,20,0.005480007261586146,22.61218866029371,0.6381524925498834,12,0.0025132194335178316,25.997695907526417,0.7934673814459705,15.0,none
val_images,test007.png,6,rot45_padded,45.0,1000,1000,154360.0,0.15435999631881714,blur,pnp_hqs,restormer,15.0,fixed15p0,0.2,0.5,0.0,0.15,vanilla,False,0,20,0.005480007261586146,22.61218866029371,0.6381524925498834,13,0.0029895577847138992,25.24393047749819,0.7380555701768593,15.0,none
val_images,test007.png,6,rot45_padded,45.0,1000,1000,154360.0,0.15435999631881714,blur,pnp_hqs,restormer,15.0,fixed15p0,0.2,0.5,0.0,0.15,vanilla,False,0,20,0.005480007261586146,22.61218866029371,0.6381524925498834,14,0.0029576238556580396,25.290570594802343,0.7411609326412283,15.0,none
val_images,test007.png,6,rot45_padded,45.0,1000,1000,154360.0,0.15435999631881714,blur,pnp_hqs,restormer,15.0,fixed15p0,0.2,0.5,0.0,0.15,vanilla,False,0,20,0.005480007261586146,22.61218866029371,0.6381524925498834,15,0.0027046173957692246,25.678941629635503,0.7726022467770147,15.0,none
val_images,test007.png,6,rot45_padded,45.0,1000,1000,154360.0,0.15435999631881714,blur,pnp_hqs,restormer,15.0,fixed15p0,0.2,0.5,0.0,0.15,vanilla,False,0,20,0.005480007261586146,22.61218866029371,0.6381524925498834,16,0.00255576037594493,25.92479867369386,0.7806058584639803,15.0,none
val_images,test007.png,6,rot45_padded,45.0,1000,1000,154360.0,0.15435999631881714,blur,pnp_hqs,restormer,15.0,fixed15p0,0.2,0.5,0.0,0.15,vanilla,False,0,20,0.005480007261586146,22.61218866029371,0.6381524925498834,17,0.0025805848717967536,25.882818530261677,0.7686940735132158,15.0,none
val_images,test007.png,6,rot45_padded,45.0,1000,1000,154360.0,0.15435999631881714,blur,pnp_hqs,restormer,15.0,fixed15p0,0.2,0.5,0.0,0.15,vanilla,False,0,20,0.005480007261586146,22.61218866029371,0.6381524925498834,18,0.002963893640285392,25.2813738512791,0.7317147718806686,15.0,none
val_images,test007.png,6,rot45_padded,45.0,1000,1000,154360.0,0.15435999631881714,blur,pnp_hqs,restormer,15.0,fixed15p0,0.2,0.5,0.0,0.15,vanilla,False,0,20,0.005480007261586146,22.61218866029371,0.6381524925498834,19,0.002812921781557216,25.508423440205,0.7541208963623995,15.0,none
val_images,test007.png,6,rot45_padded,45.0,1000,1000,154360.0,0.15435999631881714,blur,pnp_hqs,restormer,15.0,fixed15p0,0.2,0.5,0.0,0.15,vanilla,False,0,20,0.005480007261586146,22.61218866029371,0.6381524925498834,20,0.0027816976095981997,25.556900826907327,0.7571687633616222,15.0,none
val_images,test007.png,6,rot45_padded,45.0,1000,1000,154360.0,0.15435999631881714,blur,pnp_hqs,restormer,15.0,fixed15p0,0.2,0.5,0.0,0.15,G16_fixed,False,16,20,0.005480007261586146,22.61218866029371,0.6381524925498834,1,0.003590227785923531,24.44877996259748,0.7142426288384296,15.0,0;22.5;45;67.5;90;112.5;135;157.5;180;202.5;225;247.5;270;292.5;315;337.5
val_images,test007.png,6,rot45_padded,45.0,1000,1000,154360.0,0.15435999631881714,blur,pnp_hqs,restormer,15.0,fixed15p0,0.2,0.5,0.0,0.15,G16_fixed,False,16,20,0.005480007261586146,22.61218866029371,0.6381524925498834,2,0.0033591403649797956,24.737718483576426,0.7273180389997409,15.0,0;22.5;45;67.5;90;112.5;135;157.5;180;202.5;225;247.5;270;292.5;315;337.5
val_images,test007.png,6,rot45_padded,45.0,1000,1000,154360.0,0.15435999631881714,blur,pnp_hqs,restormer,15.0,fixed15p0,0.2,0.5,0.0,0.15,G16_fixed,False,16,20,0.005480007261586146,22.61218866029371,0.6381524925498834,3,0.0031840960761369526,24.970138364410865,0.7377472406225706,15.0,0;22.5;45;67.5;90;112.5;135;157.5;180;202.5;225;247.5;270;292.5;315;337.5
val_images,test007.png,6,rot45_padded,45.0,1000,1000,154360.0,0.15435999631881714,blur,pnp_hqs,restormer,15.0,fixed15p0,0.2,0.5,0.0,0.15,G16_fixed,False,16,20,0.005480007261586146,22.61218866029371,0.6381524925498834,4,0.0031025975749541454,25.082745512965023,0.7465301790457373,15.0,0;22.5;45;67.5;90;112.5;135;157.5;180;202.5;225;247.5;270;292.5;315;337.5
val_images,test007.png,6,rot45_padded,45.0,1000,1000,154360.0,0.15435999631881714,blur,pnp_hqs,restormer,15.0,fixed15p0,0.2,0.5,0.0,0.15,G16_fixed,False,16,20,0.005480007261586146,22.61218866029371,0.6381524925498834,5,0.0027538589196799486,25.60058312435638,0.7717330327643172,15.0,0;22.5;45;67.5;90;112.5;135;157.5;180;202.5;225;247.5;270;292.5;315;337.5
val_images,test007.png,6,rot45_padded,45.0,1000,1000,154360.0,0.15435999631881714,blur,pnp_hqs,restormer,15.0,fixed15p0,0.2,0.5,0.0,0.15,G16_fixed,False,16,20,0.005480007261586146,22.61218866029371,0.6381524925498834,6,0.0027968533949148905,25.533302978215975,0.7634347062062711,15.0,0;22.5;45;67.5;90;112.5;135;157.5;180;202.5;225;247.5;270;292.5;315;337.5
val_images,test007.png,6,rot45_padded,45.0,1000,1000,154360.0,0.15435999631881714,blur,pnp_hqs,restormer,15.0,fixed15p0,0.2,0.5,0.0,0.15,G16_fixed,False,16,20,0.005480007261586146,22.61218866029371,0.6381524925498834,7,0.002984326538813488,25.251536589989513,0.7509870898386888,15.0,0;22.5;45;67.5;90;112.5;135;157.5;180;202.5;225;247.5;270;292.5;315;337.5
val_images,test007.png,6,rot45_padded,45.0,1000,1000,154360.0,0.15435999631881714,blur,pnp_hqs,restormer,15.0,fixed15p0,0.2,0.5,0.0,0.15,G16_fixed,False,16,20,0.005480007261586146,22.61218866029371,0.6381524925498834,8,0.0031980290626670202,24.95117593842265,0.7248994841604043,15.0,0;22.5;45;67.5;90;112.5;135;157.5;180;202.5;225;247.5;270;292.5;315;337.5
val_images,test007.png,6,rot45_padded,45.0,1000,1000,154360.0,0.15435999631881714,blur,pnp_hqs,restormer,15.0,fixed15p0,0.2,0.5,0.0,0.15,G16_fixed,False,16,20,0.005480007261586146,22.61218866029371,0.6381524925498834,9,0.0032941129733379962,24.822615105530428,0.7205991169182431,15.0,0;22.5;45;67.5;90;112.5;135;157.5;180;202.5;225;247.5;270;292.5;315;337.5
val_images,test007.png,6,rot45_padded,45.0,1000,1000,154360.0,0.15435999631881714,blur,pnp_hqs,restormer,15.0,fixed15p0,0.2,0.5,0.0,0.15,G16_fixed,False,16,20,0.005480007261586146,22.61218866029371,0.6381524925498834,10,0.0031412552168530545,25.02896777142348,0.7367247222402177,15.0,0;22.5;45;67.5;90;112.5;135;157.5;180;202.5;225;247.5;270;292.5;315;337.5
val_images,test007.png,6,rot45_padded,45.0,1000,1000,154360.0,0.15435999631881714,blur,pnp_hqs,restormer,15.0,fixed15p0,0.2,0.5,0.0,0.15,G16_fixed,False,16,20,0.005480007261586146,22.61218866029371,0.6381524925498834,11,0.0030727808572492874,25.12468411393811,0.7445685005830526,15.0,0;22.5;45;67.5;90;112.5;135;157.5;180;202.5;225;247.5;270;292.5;315;337.5
val_images,test007.png,6,rot45_padded,45.0,1000,1000,154360.0,0.15435999631881714,blur,pnp_hqs,restormer,15.0,fixed15p0,0.2,0.5,0.0,0.15,G16_fixed,False,16,20,0.005480007261586146,22.61218866029371,0.6381524925498834,12,0.0030425048733227116,25.16768717467506,0.749106745189816,15.0,0;22.5;45;67.5;90;112.5;135;157.5;180;202.5;225;247.5;270;292.5;315;337.5
val_images,test007.png,6,rot45_padded,45.0,1000,1000,154360.0,0.15435999631881714,blur,pnp_hqs,restormer,15.0,fixed15p0,0.2,0.5,0.0,0.15,G16_fixed,False,16,20,0.005480007261586146,22.61218866029371,0.6381524925498834,13,0.0029534910527743586,25.29664340444125,0.7518427397803835,15.0,0;22.5;45;67.5;90;112.5;135;157.5;180;202.5;225;247.5;270;292.5;315;337.5
val_images,test007.png,6,rot45_padded,45.0,1000,1000,154360.0,0.15435999631881714,blur,pnp_hqs,restormer,15.0,fixed15p0,0.2,0.5,0.0,0.15,G16_fixed,False,16,20,0.005480007261586146,22.61218866029371,0.6381524925498834,14,0.0030691051458441305,25.129882326246534,0.7429351434957243,15.0,0;22.5;45;67.5;90;112.5;135;157.5;180;202.5;225;247.5;270;292.5;315;337.5
val_images,test007.png,6,rot45_padded,45.0,1000,1000,154360.0,0.15435999631881714,blur,pnp_hqs,restormer,15.0,fixed15p0,0.2,0.5,0.0,0.15,G16_fixed,False,16,20,0.005480007261586146,22.61218866029371,0.6381524925498834,15,0.003096671202047466,25.091049046583954,0.7373939674300337,15.0,0;22.5;45;67.5;90;112.5;135;157.5;180;202.5;225;247.5;270;292.5;315;337.5
val_images,test007.png,6,rot45_padded,45.0,1000,1000,154360.0,0.15435999631881714,blur,pnp_hqs,restormer,15.0,fixed15p0,0.2,0.5,0.0,0.15,G16_fixed,False,16,20,0.005480007261586146,22.61218866029371,0.6381524925498834,16,0.0031262570015659417,25.049753226143245,0.7372707773224929,15.0,0;22.5;45;67.5;90;112.5;135;157.5;180;202.5;225;247.5;270;292.5;315;337.5
val_images,test007.png,6,rot45_padded,45.0,1000,1000,154360.0,0.15435999631881714,blur,pnp_hqs,restormer,15.0,fixed15p0,0.2,0.5,0.0,0.15,G16_fixed,False,16,20,0.005480007261586146,22.61218866029371,0.6381524925498834,17,0.0032235490809329652,24.916657129459484,0.7279414295316144,15.0,0;22.5;45;67.5;90;112.5;135;157.5;180;202.5;225;247.5;270;292.5;315;337.5
val_images,test007.png,6,rot45_padded,45.0,1000,1000,154360.0,0.15435999631881714,blur,pnp_hqs,restormer,15.0,fixed15p0,0.2,0.5,0.0,0.15,G16_fixed,False,16,20,0.005480007261586146,22.61218866029371,0.6381524925498834,18,0.0031999507448345183,24.948567064960958,0.7312364359289971,15.0,0;22.5;45;67.5;90;112.5;135;157.5;180;202.5;225;247.5;270;292.5;315;337.5
val_images,test007.png,6,rot45_padded,45.0,1000,1000,154360.0,0.15435999631881714,blur,pnp_hqs,restormer,15.0,fixed15p0,0.2,0.5,0.0,0.15,G16_fixed,False,16,20,0.005480007261586146,22.61218866029371,0.6381524925498834,19,0.003090371564127182,25.09989300980072,0.7435970499157812,15.0,0;22.5;45;67.5;90;112.5;135;157.5;180;202.5;225;247.5;270;292.5;315;337.5
val_images,test007.png,6,rot45_padded,45.0,1000,1000,154360.0,0.15435999631881714,blur,pnp_hqs,restormer,15.0,fixed15p0,0.2,0.5,0.0,0.15,G16_fixed,False,16,20,0.005480007261586146,22.61218866029371,0.6381524925498834,20,0.0030480702388592414,25.15975029459237,0.7475772949598342,15.0,0;22.5;45;67.5;90;112.5;135;157.5;180;202.5;225;247.5;270;292.5;315;337.5
val_images,test008.png,7,upright,0.0,321,481,154401.0,1.0,blur,pnp_hqs,restormer,15.0,fixed15p0,0.2,0.5,0.0,0.15,vanilla,True,0,20,0.008423827960554011,20.744905113079707,0.49402145225743355,1,0.007171472935884078,21.443916362108638,0.5299605410586719,15.0,none
val_images,test008.png,7,upright,0.0,321,481,154401.0,1.0,blur,pnp_hqs,restormer,15.0,fixed15p0,0.2,0.5,0.0,0.15,vanilla,True,0,20,0.008423827960554011,20.744905113079707,0.49402145225743355,2,0.006370632437892039,21.958174513926394,0.5874156417380716,15.0,none
val_images,test008.png,7,upright,0.0,321,481,154401.0,1.0,blur,pnp_hqs,restormer,15.0,fixed15p0,0.2,0.5,0.0,0.15,vanilla,True,0,20,0.008423827960554011,20.744905113079707,0.49402145225743355,3,0.006212948500500523,22.06702246264744,0.5856621415178658,15.0,none
val_images,test008.png,7,upright,0.0,321,481,154401.0,1.0,blur,pnp_hqs,restormer,15.0,fixed15p0,0.2,0.5,0.0,0.15,vanilla,True,0,20,0.008423827960554011,20.744905113079707,0.49402145225743355,4,0.006067506697252608,22.169897356259007,0.597318073150433,15.0,none
val_images,test008.png,7,upright,0.0,321,481,154401.0,1.0,blur,pnp_hqs,restormer,15.0,fixed15p0,0.2,0.5,0.0,0.15,vanilla,True,0,20,0.008423827960554011,20.744905113079707,0.49402145225743355,5,0.005978299492372945,22.234223320824675,0.6042597177965169,15.0,none
val_images,test008.png,7,upright,0.0,321,481,154401.0,1.0,blur,pnp_hqs,restormer,15.0,fixed15p0,0.2,0.5,0.0,0.15,vanilla,True,0,20,0.008423827960554011,20.744905113079707,0.49402145225743355,6,0.005923405761291823,22.274285165817105,0.6122780535747826,15.0,none
val_images,test008.png,7,upright,0.0,321,481,154401.0,1.0,blur,pnp_hqs,restormer,15.0,fixed15p0,0.2,0.5,0.0,0.15,vanilla,True,0,20,0.008423827960554011,20.744905113079707,0.49402145225743355,7,0.005883023598049883,22.303994095621892,0.6168143341040537,15.0,none
val_images,test008.png,7,upright,0.0,321,481,154401.0,1.0,blur,pnp_hqs,restormer,15.0,fixed15p0,0.2,0.5,0.0,0.15,vanilla,True,0,20,0.008423827960554011,20.744905113079707,0.49402145225743355,8,0.005832373838429439,22.341546467676466,0.6210497543733525,15.0,none
val_images,test008.png,7,upright,0.0,321,481,154401.0,1.0,blur,pnp_hqs,restormer,15.0,fixed15p0,0.2,0.5,0.0,0.15,vanilla,True,0,20,0.008423827960554011,20.744905113079707,0.49402145225743355,9,0.005773382002641458,22.3856970594315,0.6262293476078523,15.0,none
val_images,test008.png,7,upright,0.0,321,481,154401.0,1.0,blur,pnp_hqs,restormer,15.0,fixed15p0,0.2,0.5,0.0,0.15,vanilla,True,0,20,0.008423827960554011,20.744905113079707,0.49402145225743355,10,0.005702350032469228,22.439461275204078,0.6331760015317258,15.0,none
val_images,test008.png,7,upright,0.0,321,481,154401.0,1.0,blur,pnp_hqs,restormer,15.0,fixed15p0,0.2,0.5,0.0,0.15,vanilla,True,0,20,0.008423827960554011,20.744905113079707,0.49402145225743355,11,0.005609263325362004,22.510941716739733,0.6430396742896742,15.0,none
val_images,test008.png,7,upright,0.0,321,481,154401.0,1.0,blur,pnp_hqs,restormer,15.0,fixed15p0,0.2,0.5,0.0,0.15,vanilla,True,0,20,0.008423827960554011,20.744905113079707,0.49402145225743355,12,0.005528945691105263,22.57357675962718,0.6512684503338709,15.0,none
val_images,test008.png,7,upright,0.0,321,481,154401.0,1.0,blur,pnp_hqs,restormer,15.0,fixed15p0,0.2,0.5,0.0,0.15,vanilla,True,0,20,0.008423827960554011,20.744905113079707,0.49402145225743355,13,0.0054524194065392224,22.63410745108083,0.6590667320807507,15.0,none
val_images,test008.png,7,upright,0.0,321,481,154401.0,1.0,blur,pnp_hqs,restormer,15.0,fixed15p0,0.2,0.5,0.0,0.15,vanilla,True,0,20,0.008423827960554011,20.744905113079707,0.49402145225743355,14,0.005387730070689512,22.685941708827244,0.6647340974151722,15.0,none
val_images,test008.png,7,upright,0.0,321,481,154401.0,1.0,blur,pnp_hqs,restormer,15.0,fixed15p0,0.2,0.5,0.0,0.15,vanilla,True,0,20,0.008423827960554011,20.744905113079707,0.49402145225743355,15,0.005336922189926717,22.727091289805237,0.6677659754470502,15.0,none
val_images,test008.png,7,upright,0.0,321,481,154401.0,1.0,blur,pnp_hqs,restormer,15.0,fixed15p0,0.2,0.5,0.0,0.15,vanilla,True,0,20,0.008423827960554011,20.744905113079707,0.49402145225743355,16,0.005304497868476402,22.753557207675634,0.6686966891406144,15.0,none
val_images,test008.png,7,upright,0.0,321,481,154401.0,1.0,blur,pnp_hqs,restormer,15.0,fixed15p0,0.2,0.5,0.0,0.15,vanilla,True,0,20,0.008423827960554011,20.744905113079707,0.49402145225743355,17,0.005287695915890279,22.767335281533008,0.669593805253852,15.0,none
val_images,test008.png,7,upright,0.0,321,481,154401.0,1.0,blur,pnp_hqs,restormer,15.0,fixed15p0,0.2,0.5,0.0,0.15,vanilla,True,0,20,0.008423827960554011,20.744905113079707,0.49402145225743355,18,0.005287538190050785,22.767464828474594,0.6719674439446636,15.0,none
val_images,test008.png,7,upright,0.0,321,481,154401.0,1.0,blur,pnp_hqs,restormer,15.0,fixed15p0,0.2,0.5,0.0,0.15,vanilla,True,0,20,0.008423827960554011,20.744905113079707,0.49402145225743355,19,0.005328379695211252,22.734048353280663,0.6699155628039973,15.0,none
val_images,test008.png,7,upright,0.0,321,481,154401.0,1.0,blur,pnp_hqs,restormer,15.0,fixed15p0,0.2,0.5,0.0,0.15,vanilla,True,0,20,0.008423827960554011,20.744905113079707,0.49402145225743355,20,0.005358735792119627,22.70937654946154,0.6677738688544763,15.0,none
val_images,test008.png,7,upright,0.0,321,481,154401.0,1.0,blur,pnp_hqs,restormer,15.0,fixed15p0,0.2,0.5,0.0,0.15,G16_fixed,True,16,20,0.008423827960554011,20.744905113079707,0.49402145225743355,1,0.006614901141017343,21.794766419120776,0.5653960203463708,15.0,0;22.5;45;67.5;90;112.5;135;157.5;180;202.5;225;247.5;270;292.5;315;337.5
val_images,test008.png,7,upright,0.0,321,481,154401.0,1.0,blur,pnp_hqs,restormer,15.0,fixed15p0,0.2,0.5,0.0,0.15,G16_fixed,True,16,20,0.008423827960554011,20.744905113079707,0.49402145225743355,2,0.006152308251803542,22.109619130142434,0.5952411456208185,15.0,0;22.5;45;67.5;90;112.5;135;157.5;180;202.5;225;247.5;270;292.5;315;337.5
val_images,test008.png,7,upright,0.0,321,481,154401.0,1.0,blur,pnp_hqs,restormer,15.0,fixed15p0,0.2,0.5,0.0,0.15,G16_fixed,True,16,20,0.008423827960554011,20.744905113079707,0.49402145225743355,3,0.005916325096537385,22.279479699433775,0.6102383667366144,15.0,0;22.5;45;67.5;90;112.5;135;157.5;180;202.5;225;247.5;270;292.5;315;337.5
val_images,test008.png,7,upright,0.0,321,481,154401.0,1.0,blur,pnp_hqs,restormer,15.0,fixed15p0,0.2,0.5,0.0,0.15,G16_fixed,True,16,20,0.008423827960554011,20.744905113079707,0.49402145225743355,4,0.005774992071173438,22.384486077038677,0.6200284688894502,15.0,0;22.5;45;67.5;90;112.5;135;157.5;180;202.5;225;247.5;270;292.5;315;337.5
val_images,test008.png,7,upright,0.0,321,481,154401.0,1.0,blur,pnp_hqs,restormer,15.0,fixed15p0,0.2,0.5,0.0,0.15,G16_fixed,True,16,20,0.008423827960554011,20.744905113079707,0.49402145225743355,5,0.0056705336868112495,22.463760652111677,0.6258643281131598,15.0,0;22.5;45;67.5;90;112.5;135;157.5;180;202.5;225;247.5;270;292.5;315;337.5
val_images,test008.png,7,upright,0.0,321,481,154401.0,1.0,blur,pnp_hqs,restormer,15.0,fixed15p0,0.2,0.5,0.0,0.15,G16_fixed,True,16,20,0.008423827960554011,20.744905113079707,0.49402145225743355,6,0.005601439886541376,22.517003204224757,0.6314131911386585,15.0,0;22.5;45;67.5;90;112.5;135;157.5;180;202.5;225;247.5;270;292.5;315;337.5
val_images,test008.png,7,upright,0.0,321,481,154401.0,1.0,blur,pnp_hqs,restormer,15.0,fixed15p0,0.2,0.5,0.0,0.15,G16_fixed,True,16,20,0.008423827960554011,20.744905113079707,0.49402145225743355,7,0.005537576338357588,22.566802737532644,0.635094150135038,15.0,0;22.5;45;67.5;90;112.5;135;157.5;180;202.5;225;247.5;270;292.5;315;337.5
val_images,test008.png,7,upright,0.0,321,481,154401.0,1.0,blur,pnp_hqs,restormer,15.0,fixed15p0,0.2,0.5,0.0,0.15,G16_fixed,True,16,20,0.008423827960554011,20.744905113079707,0.49402145225743355,8,0.005513757364776823,22.58552349121984,0.6366103927435703,15.0,0;22.5;45;67.5;90;112.5;135;157.5;180;202.5;225;247.5;270;292.5;315;337.5
val_images,test008.png,7,upright,0.0,321,481,154401.0,1.0,blur,pnp_hqs,restormer,15.0,fixed15p0,0.2,0.5,0.0,0.15,G16_fixed,True,16,20,0.008423827960554011,20.744905113079707,0.49402145225743355,9,0.005460279608525446,22.627851174911417,0.6399805741219292,15.0,0;22.5;45;67.5;90;112.5;135;157.5;180;202.5;225;247.5;270;292.5;315;337.5
val_images,test008.png,7,upright,0.0,321,481,154401.0,1.0,blur,pnp_hqs,restormer,15.0,fixed15p0,0.2,0.5,0.0,0.15,G16_fixed,True,16,20,0.008423827960554011,20.744905113079707,0.49402145225743355,10,0.0054616378691382346,22.626770988958043,0.6391673001632113,15.0,0;22.5;45;67.5;90;112.5;135;157.5;180;202.5;225;247.5;270;292.5;315;337.5
val_images,test008.png,7,upright,0.0,321,481,154401.0,1.0,blur,pnp_hqs,restormer,15.0,fixed15p0,0.2,0.5,0.0,0.15,G16_fixed,True,16,20,0.008423827960554011,20.744905113079707,0.49402145225743355,11,0.005418476726819491,22.66122787652988,0.6418566245523021,15.0,0;22.5;45;67.5;90;112.5;135;157.5;180;202.5;225;247.5;270;292.5;315;337.5
val_images,test008.png,7,upright,0.0,321,481,154401.0,1.0,blur,pnp_hqs,restormer,15.0,fixed15p0,0.2,0.5,0.0,0.15,G16_fixed,True,16,20,0.008423827960554011,20.744905113079707,0.49402145225743355,12,0.005428690562009597,22.653049126345614,0.6406247976049378,15.0,0;22.5;45;67.5;90;112.5;135;157.5;180;202.5;225;247.5;270;292.5;315;337.5
val_images,test008.png,7,upright,0.0,321,481,154401.0,1.0,blur,pnp_hqs,restormer,15.0,fixed15p0,0.2,0.5,0.0,0.15,G16_fixed,True,16,20,0.008423827960554011,20.744905113079707,0.49402145225743355,13,0.005398962206036351,22.676897126782873,0.6427972050051489,15.0,0;22.5;45;67.5;90;112.5;135;157.5;180;202.5;225;247.5;270;292.5;315;337.5
val_images,test008.png,7,upright,0.0,321,481,154401.0,1.0,blur,pnp_hqs,restormer,15.0,fixed15p0,0.2,0.5,0.0,0.15,G16_fixed,True,16,20,0.008423827960554011,20.744905113079707,0.49402145225743355,14,0.005388365717681759,22.68542935632609,0.6443304487989068,15.0,0;22.5;45;67.5;90;112.5;135;157.5;180;202.5;225;247.5;270;292.5;315;337.5
val_images,test008.png,7,upright,0.0,321,481,154401.0,1.0,blur,pnp_hqs,restormer,15.0,fixed15p0,0.2,0.5,0.0,0.15,G16_fixed,True,16,20,0.008423827960554011,20.744905113079707,0.49402145225743355,15,0.00535161480647389,22.715151533574115,0.6473898019604796,15.0,0;22.5;45;67.5;90;112.5;135;157.5;180;202.5;225;247.5;270;292.5;315;337.5
val_images,test008.png,7,upright,0.0,321,481,154401.0,1.0,blur,pnp_hqs,restormer,15.0,fixed15p0,0.2,0.5,0.0,0.15,G16_fixed,True,16,20,0.008423827960554011,20.744905113079707,0.49402145225743355,16,0.005353910725460813,22.713288747932758,0.6467777592923621,15.0,0;22.5;45;67.5;90;112.5;135;157.5;180;202.5;225;247.5;270;292.5;315;337.5
val_images,test008.png,7,upright,0.0,321,481,154401.0,1.0,blur,pnp_hqs,restormer,15.0,fixed15p0,0.2,0.5,0.0,0.15,G16_fixed,True,16,20,0.008423827960554011,20.744905113079707,0.49402145225743355,17,0.005322887752634576,22.73852691994708,0.6495245638791199,15.0,0;22.5;45;67.5;90;112.5;135;157.5;180;202.5;225;247.5;270;292.5;315;337.5
val_images,test008.png,7,upright,0.0,321,481,154401.0,1.0,blur,pnp_hqs,restormer,15.0,fixed15p0,0.2,0.5,0.0,0.15,G16_fixed,True,16,20,0.008423827960554011,20.744905113079707,0.49402145225743355,18,0.005327506866505479,22.734759818608712,0.6486006810189053,15.0,0;22.5;45;67.5;90;112.5;135;157.5;180;202.5;225;247.5;270;292.5;315;337.5
val_images,test008.png,7,upright,0.0,321,481,154401.0,1.0,blur,pnp_hqs,restormer,15.0,fixed15p0,0.2,0.5,0.0,0.15,G16_fixed,True,16,20,0.008423827960554011,20.744905113079707,0.49402145225743355,19,0.005306322981761979,22.752063191995266,0.6502685681277971,15.0,0;22.5;45;67.5;90;112.5;135;157.5;180;202.5;225;247.5;270;292.5;315;337.5
val_images,test008.png,7,upright,0.0,321,481,154401.0,1.0,blur,pnp_hqs,restormer,15.0,fixed15p0,0.2,0.5,0.0,0.15,G16_fixed,True,16,20,0.008423827960554011,20.744905113079707,0.49402145225743355,20,0.005312971580494945,22.74662507159571,0.6494301971813654,15.0,0;22.5;45;67.5;90;112.5;135;157.5;180;202.5;225;247.5;270;292.5;315;337.5
val_images,test008.png,7,rot45_padded,45.0,1000,1000,154360.0,0.15435999631881714,blur,pnp_hqs,restormer,15.0,fixed15p0,0.2,0.5,0.0,0.15,vanilla,False,0,20,0.008167439441231132,20.879140769855713,0.5165159266487432,1,0.007004904765544021,21.545977647436413,0.5549521512211713,15.0,none
val_images,test008.png,7,rot45_padded,45.0,1000,1000,154360.0,0.15435999631881714,blur,pnp_hqs,restormer,15.0,fixed15p0,0.2,0.5,0.0,0.15,vanilla,False,0,20,0.008167439441231132,20.879140769855713,0.5165159266487432,2,0.006411130677297591,21.930653708543964,0.5882819585708733,15.0,none
val_images,test008.png,7,rot45_padded,45.0,1000,1000,154360.0,0.15435999631881714,blur,pnp_hqs,restormer,15.0,fixed15p0,0.2,0.5,0.0,0.15,vanilla,False,0,20,0.008167439441231132,20.879140769855713,0.5165159266487432,3,0.006437899393564557,21.91255814410448,0.5839228811706401,15.0,none
val_images,test008.png,7,rot45_padded,45.0,1000,1000,154360.0,0.15435999631881714,blur,pnp_hqs,restormer,15.0,fixed15p0,0.2,0.5,0.0,0.15,vanilla,False,0,20,0.008167439441231132,20.879140769855713,0.5165159266487432,4,0.006015863193690885,22.20702048563472,0.5997442059147448,15.0,none
val_images,test008.png,7,rot45_padded,45.0,1000,1000,154360.0,0.15435999631881714,blur,pnp_hqs,restormer,15.0,fixed15p0,0.2,0.5,0.0,0.15,vanilla,False,0,20,0.008167439441231132,20.879140769855713,0.5165159266487432,5,0.005701204741300774,22.440333623600996,0.6371963773807982,15.0,none
val_images,test008.png,7,rot45_padded,45.0,1000,1000,154360.0,0.15435999631881714,blur,pnp_hqs,restormer,15.0,fixed15p0,0.2,0.5,0.0,0.15,vanilla,False,0,20,0.008167439441231132,20.879140769855713,0.5165159266487432,6,0.005975774373066614,22.236058085122675,0.6158328643268982,15.0,none
val_images,test008.png,7,rot45_padded,45.0,1000,1000,154360.0,0.15435999631881714,blur,pnp_hqs,restormer,15.0,fixed15p0,0.2,0.5,0.0,0.15,vanilla,False,0,20,0.008167439441231132,20.879140769855713,0.5165159266487432,7,0.005974790202919514,22.236773398047664,0.6168456145536408,15.0,none
val_images,test008.png,7,rot45_padded,45.0,1000,1000,154360.0,0.15435999631881714,blur,pnp_hqs,restormer,15.0,fixed15p0,0.2,0.5,0.0,0.15,vanilla,False,0,20,0.008167439441231132,20.879140769855713,0.5165159266487432,8,0.005967255706273079,22.242253515569445,0.6186567217057528,15.0,none
val_images,test008.png,7,rot45_padded,45.0,1000,1000,154360.0,0.15435999631881714,blur,pnp_hqs,restormer,15.0,fixed15p0,0.2,0.5,0.0,0.15,vanilla,False,0,20,0.008167439441231132,20.879140769855713,0.5165159266487432,9,0.005619831386703566,22.502767144883666,0.6604142204100804,15.0,none
val_images,test008.png,7,rot45_padded,45.0,1000,1000,154360.0,0.15435999631881714,blur,pnp_hqs,restormer,15.0,fixed15p0,0.2,0.5,0.0,0.15,vanilla,False,0,20,0.008167439441231132,20.879140769855713,0.5165159266487432,10,0.00612796922828534,22.126834241880225,0.5954484949954651,15.0,none
val_images,test008.png,7,rot45_padded,45.0,1000,1000,154360.0,0.15435999631881714,blur,pnp_hqs,restormer,15.0,fixed15p0,0.2,0.5,0.0,0.15,vanilla,False,0,20,0.008167439441231132,20.879140769855713,0.5165159266487432,11,0.005874257756193922,22.31047001014323,0.6210781108285826,15.0,none
val_images,test008.png,7,rot45_padded,45.0,1000,1000,154360.0,0.15435999631881714,blur,pnp_hqs,restormer,15.0,fixed15p0,0.2,0.5,0.0,0.15,vanilla,False,0,20,0.008167439441231132,20.879140769855713,0.5165159266487432,12,0.006035187566301989,22.193092280116847,0.6050008401626069,15.0,none
val_images,test008.png,7,rot45_padded,45.0,1000,1000,154360.0,0.15435999631881714,blur,pnp_hqs,restormer,15.0,fixed15p0,0.2,0.5,0.0,0.15,vanilla,False,0,20,0.008167439441231132,20.879140769855713,0.5165159266487432,13,0.005879473185780197,22.306615859576215,0.6280897739051567,15.0,none
val_images,test008.png,7,rot45_padded,45.0,1000,1000,154360.0,0.15435999631881714,blur,pnp_hqs,restormer,15.0,fixed15p0,0.2,0.5,0.0,0.15,vanilla,False,0,20,0.008167439441231132,20.879140769855713,0.5165159266487432,14,0.005812076312576931,22.35668692048916,0.624365727844001,15.0,none
val_images,test008.png,7,rot45_padded,45.0,1000,1000,154360.0,0.15435999631881714,blur,pnp_hqs,restormer,15.0,fixed15p0,0.2,0.5,0.0,0.15,vanilla,False,0,20,0.008167439441231132,20.879140769855713,0.5165159266487432,15,0.005681614259204336,22.455282550878714,0.638761458603265,15.0,none
val_images,test008.png,7,rot45_padded,45.0,1000,1000,154360.0,0.15435999631881714,blur,pnp_hqs,restormer,15.0,fixed15p0,0.2,0.5,0.0,0.15,vanilla,False,0,20,0.008167439441231132,20.879140769855713,0.5165159266487432,16,0.006312319836365679,21.99811004150719,0.5821890588559212,15.0,none
val_images,test008.png,7,rot45_padded,45.0,1000,1000,154360.0,0.15435999631881714,blur,pnp_hqs,restormer,15.0,fixed15p0,0.2,0.5,0.0,0.15,vanilla,False,0,20,0.008167439441231132,20.879140769855713,0.5165159266487432,17,0.005751049064483998,22.402529272477345,0.6388308985488469,15.0,none
val_images,test008.png,7,rot45_padded,45.0,1000,1000,154360.0,0.15435999631881714,blur,pnp_hqs,restormer,15.0,fixed15p0,0.2,0.5,0.0,0.15,vanilla,False,0,20,0.008167439441231132,20.879140769855713,0.5165159266487432,18,0.005770449750810807,22.387903364658722,0.636102799462296,15.0,none
val_images,test008.png,7,rot45_padded,45.0,1000,1000,154360.0,0.15435999631881714,blur,pnp_hqs,restormer,15.0,fixed15p0,0.2,0.5,0.0,0.15,vanilla,False,0,20,0.008167439441231132,20.879140769855713,0.5165159266487432,19,0.005500846046275752,22.59570509601867,0.6615617509393625,15.0,none
val_images,test008.png,7,rot45_padded,45.0,1000,1000,154360.0,0.15435999631881714,blur,pnp_hqs,restormer,15.0,fixed15p0,0.2,0.5,0.0,0.15,vanilla,False,0,20,0.008167439441231132,20.879140769855713,0.5165159266487432,20,0.005591978857510446,22.524344792659345,0.6473877016390257,15.0,none
val_images,test008.png,7,rot45_padded,45.0,1000,1000,154360.0,0.15435999631881714,blur,pnp_hqs,restormer,15.0,fixed15p0,0.2,0.5,0.0,0.15,G16_fixed,False,16,20,0.008167439441231132,20.879140769855713,0.5165159266487432,1,0.006948564682145228,21.58104895409933,0.5596842911861881,15.0,0;22.5;45;67.5;90;112.5;135;157.5;180;202.5;225;247.5;270;292.5;315;337.5
val_images,test008.png,7,rot45_padded,45.0,1000,1000,154360.0,0.15435999631881714,blur,pnp_hqs,restormer,15.0,fixed15p0,0.2,0.5,0.0,0.15,G16_fixed,False,16,20,0.008167439441231132,20.879140769855713,0.5165159266487432,2,0.0066961402626166105,21.741754578459766,0.5769687135592122,15.0,0;22.5;45;67.5;90;112.5;135;157.5;180;202.5;225;247.5;270;292.5;315;337.5
val_images,test008.png,7,rot45_padded,45.0,1000,1000,154360.0,0.15435999631881714,blur,pnp_hqs,restormer,15.0,fixed15p0,0.2,0.5,0.0,0.15,G16_fixed,False,16,20,0.008167439441231132,20.879140769855713,0.5165159266487432,3,0.006603330131267815,21.802369897777417,0.576158260316792,15.0,0;22.5;45;67.5;90;112.5;135;157.5;180;202.5;225;247.5;270;292.5;315;337.5
val_images,test008.png,7,rot45_padded,45.0,1000,1000,154360.0,0.15435999631881714,blur,pnp_hqs,restormer,15.0,fixed15p0,0.2,0.5,0.0,0.15,G16_fixed,False,16,20,0.008167439441231132,20.879140769855713,0.5165159266487432,4,0.0065064132939536634,21.866583533531777,0.587445186981731,15.0,0;22.5;45;67.5;90;112.5;135;157.5;180;202.5;225;247.5;270;292.5;315;337.5
val_images,test008.png,7,rot45_padded,45.0,1000,1000,154360.0,0.15435999631881714,blur,pnp_hqs,restormer,15.0,fixed15p0,0.2,0.5,0.0,0.15,G16_fixed,False,16,20,0.008167439441231132,20.879140769855713,0.5165159266487432,5,0.006306977876266317,22.001786924302273,0.5981774038772998,15.0,0;22.5;45;67.5;90;112.5;135;157.5;180;202.5;225;247.5;270;292.5;315;337.5
val_images,test008.png,7,rot45_padded,45.0,1000,1000,154360.0,0.15435999631881714,blur,pnp_hqs,restormer,15.0,fixed15p0,0.2,0.5,0.0,0.15,G16_fixed,False,16,20,0.008167439441231132,20.879140769855713,0.5165159266487432,6,0.006323398373602091,21.99049456806558,0.6003741760332988,15.0,0;22.5;45;67.5;90;112.5;135;157.5;180;202.5;225;247.5;270;292.5;315;337.5
val_images,test008.png,7,rot45_padded,45.0,1000,1000,154360.0,0.15435999631881714,blur,pnp_hqs,restormer,15.0,fixed15p0,0.2,0.5,0.0,0.15,G16_fixed,False,16,20,0.008167439441231132,20.879140769855713,0.5165159266487432,7,0.006220393441569222,22.061821451968697,0.6035717033233998,15.0,0;22.5;45;67.5;90;112.5;135;157.5;180;202.5;225;247.5;270;292.5;315;337.5
val_images,test008.png,7,rot45_padded,45.0,1000,1000,154360.0,0.15435999631881714,blur,pnp_hqs,restormer,15.0,fixed15p0,0.2,0.5,0.0,0.15,G16_fixed,False,16,20,0.008167439441231132,20.879140769855713,0.5165159266487432,8,0.006332091810666826,21.984527968139588,0.5974142730467737,15.0,0;22.5;45;67.5;90;112.5;135;157.5;180;202.5;225;247.5;270;292.5;315;337.5
val_images,test008.png,7,rot45_padded,45.0,1000,1000,154360.0,0.15435999631881714,blur,pnp_hqs,restormer,15.0,fixed15p0,0.2,0.5,0.0,0.15,G16_fixed,False,16,20,0.008167439441231132,20.879140769855713,0.5165159266487432,9,0.00623080532116481,22.054558178777512,0.6059105439394921,15.0,0;22.5;45;67.5;90;112.5;135;157.5;180;202.5;225;247.5;270;292.5;315;337.5
val_images,test008.png,7,rot45_padded,45.0,1000,1000,154360.0,0.15435999631881714,blur,pnp_hqs,restormer,15.0,fixed15p0,0.2,0.5,0.0,0.15,G16_fixed,False,16,20,0.008167439441231132,20.879140769855713,0.5165159266487432,10,0.006307515235539081,22.00141691788975,0.6005999064686447,15.0,0;22.5;45;67.5;90;112.5;135;157.5;180;202.5;225;247.5;270;292.5;315;337.5
val_images,test008.png,7,rot45_padded,45.0,1000,1000,154360.0,0.15435999631881714,blur,pnp_hqs,restormer,15.0,fixed15p0,0.2,0.5,0.0,0.15,G16_fixed,False,16,20,0.008167439441231132,20.879140769855713,0.5165159266487432,11,0.006159703871783088,22.104401660728932,0.6104356799850997,15.0,0;22.5;45;67.5;90;112.5;135;157.5;180;202.5;225;247.5;270;292.5;315;337.5
val_images,test008.png,7,rot45_padded,45.0,1000,1000,154360.0,0.15435999631881714,blur,pnp_hqs,restormer,15.0,fixed15p0,0.2,0.5,0.0,0.15,G16_fixed,False,16,20,0.008167439441231132,20.879140769855713,0.5165159266487432,12,0.006224439650133009,22.058997394625614,0.6083866448561803,15.0,0;22.5;45;67.5;90;112.5;135;157.5;180;202.5;225;247.5;270;292.5;315;337.5
val_images,test008.png,7,rot45_padded,45.0,1000,1000,154360.0,0.15435999631881714,blur,pnp_hqs,restormer,15.0,fixed15p0,0.2,0.5,0.0,0.15,G16_fixed,False,16,20,0.008167439441231132,20.879140769855713,0.5165159266487432,13,0.0059353617134104125,22.26552809084896,0.6287820982605598,15.0,0;22.5;45;67.5;90;112.5;135;157.5;180;202.5;225;247.5;270;292.5;315;337.5
val_images,test008.png,7,rot45_padded,45.0,1000,1000,154360.0,0.15435999631881714,blur,pnp_hqs,restormer,15.0,fixed15p0,0.2,0.5,0.0,0.15,G16_fixed,False,16,20,0.008167439441231132,20.879140769855713,0.5165159266487432,14,0.0060160814588259585,22.206862919511366,0.6195455226418761,15.0,0;22.5;45;67.5;90;112.5;135;157.5;180;202.5;225;247.5;270;292.5;315;337.5
val_images,test008.png,7,rot45_padded,45.0,1000,1000,154360.0,0.15435999631881714,blur,pnp_hqs,restormer,15.0,fixed15p0,0.2,0.5,0.0,0.15,G16_fixed,False,16,20,0.008167439441231132,20.879140769855713,0.5165159266487432,15,0.00620779021165012,22.070629682096303,0.6086079214174657,15.0,0;22.5;45;67.5;90;112.5;135;157.5;180;202.5;225;247.5;270;292.5;315;337.5
val_images,test008.png,7,rot45_padded,45.0,1000,1000,154360.0,0.15435999631881714,blur,pnp_hqs,restormer,15.0,fixed15p0,0.2,0.5,0.0,0.15,G16_fixed,False,16,20,0.008167439441231132,20.879140769855713,0.5165159266487432,16,0.006398852472633981,21.938979024984455,0.5879800061544441,15.0,0;22.5;45;67.5;90;112.5;135;157.5;180;202.5;225;247.5;270;292.5;315;337.5
val_images,test008.png,7,rot45_padded,45.0,1000,1000,154360.0,0.15435999631881714,blur,pnp_hqs,restormer,15.0,fixed15p0,0.2,0.5,0.0,0.15,G16_fixed,False,16,20,0.008167439441231132,20.879140769855713,0.5165159266487432,17,0.006426684440618724,21.920130240451805,0.5898990185281161,15.0,0;22.5;45;67.5;90;112.5;135;157.5;180;202.5;225;247.5;270;292.5;315;337.5
val_images,test008.png,7,rot45_padded,45.0,1000,1000,154360.0,0.15435999631881714,blur,pnp_hqs,restormer,15.0,fixed15p0,0.2,0.5,0.0,0.15,G16_fixed,False,16,20,0.008167439441231132,20.879140769855713,0.5165159266487432,18,0.006392721278459243,21.943142303175698,0.5929871222305001,15.0,0;22.5;45;67.5;90;112.5;135;157.5;180;202.5;225;247.5;270;292.5;315;337.5
val_images,test008.png,7,rot45_padded,45.0,1000,1000,154360.0,0.15435999631881714,blur,pnp_hqs,restormer,15.0,fixed15p0,0.2,0.5,0.0,0.15,G16_fixed,False,16,20,0.008167439441231132,20.879140769855713,0.5165159266487432,19,0.006477647768027056,21.885826711083638,0.5877558953096658,15.0,0;22.5;45;67.5;90;112.5;135;157.5;180;202.5;225;247.5;270;292.5;315;337.5
val_images,test008.png,7,rot45_padded,45.0,1000,1000,154360.0,0.15435999631881714,blur,pnp_hqs,restormer,15.0,fixed15p0,0.2,0.5,0.0,0.15,G16_fixed,False,16,20,0.008167439441231132,20.879140769855713,0.5165159266487432,20,0.0064313980976390414,21.916946071553962,0.595653271977844,15.0,0;22.5;45;67.5;90;112.5;135;157.5;180;202.5;225;247.5;270;292.5;315;337.5
val_images,test009.png,8,upright,0.0,321,481,154401.0,1.0,blur,pnp_hqs,restormer,15.0,fixed15p0,0.2,0.5,0.0,0.15,vanilla,True,0,20,0.004286914000516512,23.678552287533634,0.6955107459634329,1,0.002919103661336795,25.34750482351076,0.7347487730811328,15.0,none
val_images,test009.png,8,upright,0.0,321,481,154401.0,1.0,blur,pnp_hqs,restormer,15.0,fixed15p0,0.2,0.5,0.0,0.15,vanilla,True,0,20,0.004286914000516512,23.678552287533634,0.6955107459634329,2,0.0023880047871998075,26.219648069177204,0.7851626001450768,15.0,none
val_images,test009.png,8,upright,0.0,321,481,154401.0,1.0,blur,pnp_hqs,restormer,15.0,fixed15p0,0.2,0.5,0.0,0.15,vanilla,True,0,20,0.004286914000516512,23.678552287533634,0.6955107459634329,3,0.002299278665895744,26.384083903111044,0.7828236216086684,15.0,none
val_images,test009.png,8,upright,0.0,321,481,154401.0,1.0,blur,pnp_hqs,restormer,15.0,fixed15p0,0.2,0.5,0.0,0.15,vanilla,True,0,20,0.004286914000516512,23.678552287533634,0.6955107459634329,4,0.0022607336726764844,26.45750597008768,0.7814428824942844,15.0,none
val_images,test009.png,8,upright,0.0,321,481,154401.0,1.0,blur,pnp_hqs,restormer,15.0,fixed15p0,0.2,0.5,0.0,0.15,vanilla,True,0,20,0.004286914000516512,23.678552287533634,0.6955107459634329,5,0.0022145547883559895,26.547135707477754,0.7824884553856516,15.0,none
val_images,test009.png,8,upright,0.0,321,481,154401.0,1.0,blur,pnp_hqs,restormer,15.0,fixed15p0,0.2,0.5,0.0,0.15,vanilla,True,0,20,0.004286914000516512,23.678552287533634,0.6955107459634329,6,0.002179928234695594,26.615578035461837,0.7839298118211669,15.0,none
val_images,test009.png,8,upright,0.0,321,481,154401.0,1.0,blur,pnp_hqs,restormer,15.0,fixed15p0,0.2,0.5,0.0,0.15,vanilla,True,0,20,0.004286914000516512,23.678552287533634,0.6955107459634329,7,0.0021592214804991346,26.65702807955134,0.7858921331468061,15.0,none
val_images,test009.png,8,upright,0.0,321,481,154401.0,1.0,blur,pnp_hqs,restormer,15.0,fixed15p0,0.2,0.5,0.0,0.15,vanilla,True,0,20,0.004286914000516512,23.678552287533634,0.6955107459634329,8,0.0021204282370863854,26.735764210419376,0.7920105358773583,15.0,none
val_images,test009.png,8,upright,0.0,321,481,154401.0,1.0,blur,pnp_hqs,restormer,15.0,fixed15p0,0.2,0.5,0.0,0.15,vanilla,True,0,20,0.004286914000516512,23.678552287533634,0.6955107459634329,9,0.0020899041364642636,26.79873634443693,0.7958844279667878,15.0,none
val_images,test009.png,8,upright,0.0,321,481,154401.0,1.0,blur,pnp_hqs,restormer,15.0,fixed15p0,0.2,0.5,0.0,0.15,vanilla,True,0,20,0.004286914000516512,23.678552287533634,0.6955107459634329,10,0.0020620815355591932,26.856941665290517,0.7985214838310633,15.0,none
val_images,test009.png,8,upright,0.0,321,481,154401.0,1.0,blur,pnp_hqs,restormer,15.0,fixed15p0,0.2,0.5,0.0,0.15,vanilla,True,0,20,0.004286914000516512,23.678552287533634,0.6955107459634329,11,0.0020388567021708084,26.906132968522797,0.8005985125582088,15.0,none
val_images,test009.png,8,upright,0.0,321,481,154401.0,1.0,blur,pnp_hqs,restormer,15.0,fixed15p0,0.2,0.5,0.0,0.15,vanilla,True,0,20,0.004286914000516512,23.678552287533634,0.6955107459634329,12,0.00201875555194955,26.949162659333727,0.8024821022046489,15.0,none
val_images,test009.png,8,upright,0.0,321,481,154401.0,1.0,blur,pnp_hqs,restormer,15.0,fixed15p0,0.2,0.5,0.0,0.15,vanilla,True,0,20,0.004286914000516512,23.678552287533634,0.6955107459634329,13,0.002001028788332107,26.98746663225937,0.8043095778200918,15.0,none
val_images,test009.png,8,upright,0.0,321,481,154401.0,1.0,blur,pnp_hqs,restormer,15.0,fixed15p0,0.2,0.5,0.0,0.15,vanilla,True,0,20,0.004286914000516512,23.678552287533634,0.6955107459634329,14,0.001985079306354679,27.022221379566844,0.8060666705526519,15.0,none
val_images,test009.png,8,upright,0.0,321,481,154401.0,1.0,blur,pnp_hqs,restormer,15.0,fixed15p0,0.2,0.5,0.0,0.15,vanilla,True,0,20,0.004286914000516512,23.678552287533634,0.6955107459634329,15,0.0019707205230692928,27.053749606494314,0.8077128001923563,15.0,none
val_images,test009.png,8,upright,0.0,321,481,154401.0,1.0,blur,pnp_hqs,restormer,15.0,fixed15p0,0.2,0.5,0.0,0.15,vanilla,True,0,20,0.004286914000516512,23.678552287533634,0.6955107459634329,16,0.001957360472449276,27.083291862074653,0.8091574455476325,15.0,none
val_images,test009.png,8,upright,0.0,321,481,154401.0,1.0,blur,pnp_hqs,restormer,15.0,fixed15p0,0.2,0.5,0.0,0.15,vanilla,True,0,20,0.004286914000516512,23.678552287533634,0.6955107459634329,17,0.001945105886265714,27.110567518862354,0.8103852751925181,15.0,none
val_images,test009.png,8,upright,0.0,321,481,154401.0,1.0,blur,pnp_hqs,restormer,15.0,fixed15p0,0.2,0.5,0.0,0.15,vanilla,True,0,20,0.004286914000516512,23.678552287533634,0.6955107459634329,18,0.001934030883804084,27.135365951141324,0.8114402088555126,15.0,none
val_images,test009.png,8,upright,0.0,321,481,154401.0,1.0,blur,pnp_hqs,restormer,15.0,fixed15p0,0.2,0.5,0.0,0.15,vanilla,True,0,20,0.004286914000516512,23.678552287533634,0.6955107459634329,19,0.001924284691892479,27.157306750365574,0.8123423848453054,15.0,none
val_images,test009.png,8,upright,0.0,321,481,154401.0,1.0,blur,pnp_hqs,restormer,15.0,fixed15p0,0.2,0.5,0.0,0.15,vanilla,True,0,20,0.004286914000516512,23.678552287533634,0.6955107459634329,20,0.001915735477028464,27.17664458095591,0.8130966100446241,15.0,none
val_images,test009.png,8,upright,0.0,321,481,154401.0,1.0,blur,pnp_hqs,restormer,15.0,fixed15p0,0.2,0.5,0.0,0.15,G16_fixed,True,16,20,0.004286914000516512,23.678552287533634,0.6955107459634329,1,0.002672567698681619,25.73071284887575,0.7589903886632858,15.0,0;22.5;45;67.5;90;112.5;135;157.5;180;202.5;225;247.5;270;292.5;315;337.5
val_images,test009.png,8,upright,0.0,321,481,154401.0,1.0,blur,pnp_hqs,restormer,15.0,fixed15p0,0.2,0.5,0.0,0.15,G16_fixed,True,16,20,0.004286914000516512,23.678552287533634,0.6955107459634329,2,0.002382525889617376,26.229623714212728,0.7761290001360095,15.0,0;22.5;45;67.5;90;112.5;135;157.5;180;202.5;225;247.5;270;292.5;315;337.5
val_images,test009.png,8,upright,0.0,321,481,154401.0,1.0,blur,pnp_hqs,restormer,15.0,fixed15p0,0.2,0.5,0.0,0.15,G16_fixed,True,16,20,0.004286914000516512,23.678552287533634,0.6955107459634329,3,0.0022312618682567027,26.514494564912106,0.7883557870415348,15.0,0;22.5;45;67.5;90;112.5;135;157.5;180;202.5;225;247.5;270;292.5;315;337.5
val_images,test009.png,8,upright,0.0,321,481,154401.0,1.0,blur,pnp_hqs,restormer,15.0,fixed15p0,0.2,0.5,0.0,0.15,G16_fixed,True,16,20,0.004286914000516512,23.678552287533634,0.6955107459634329,4,0.002163761533798862,26.64790604130137,0.7905279920466837,15.0,0;22.5;45;67.5;90;112.5;135;157.5;180;202.5;225;247.5;270;292.5;315;337.5
val_images,test009.png,8,upright,0.0,321,481,154401.0,1.0,blur,pnp_hqs,restormer,15.0,fixed15p0,0.2,0.5,0.0,0.15,G16_fixed,True,16,20,0.004286914000516512,23.678552287533634,0.6955107459634329,5,0.0021033954276324313,26.770790744865888,0.7962683713997967,15.0,0;22.5;45;67.5;90;112.5;135;157.5;180;202.5;225;247.5;270;292.5;315;337.5
val_images,test009.png,8,upright,0.0,321,481,154401.0,1.0,blur,pnp_hqs,restormer,15.0,fixed15p0,0.2,0.5,0.0,0.15,G16_fixed,True,16,20,0.004286914000516512,23.678552287533634,0.6955107459634329,6,0.002088115588692856,26.802454644140084,0.7945928944760721,15.0,0;22.5;45;67.5;90;112.5;135;157.5;180;202.5;225;247.5;270;292.5;315;337.5
val_images,test009.png,8,upright,0.0,321,481,154401.0,1.0,blur,pnp_hqs,restormer,15.0,fixed15p0,0.2,0.5,0.0,0.15,G16_fixed,True,16,20,0.004286914000516512,23.678552287533634,0.6955107459634329,7,0.002042395255685176,26.898602070327044,0.800283687038944,15.0,0;22.5;45;67.5;90;112.5;135;157.5;180;202.5;225;247.5;270;292.5;315;337.5
val_images,test009.png,8,upright,0.0,321,481,154401.0,1.0,blur,pnp_hqs,restormer,15.0,fixed15p0,0.2,0.5,0.0,0.15,G16_fixed,True,16,20,0.004286914000516512,23.678552287533634,0.6955107459634329,8,0.002045863642942626,26.891233154386303,0.796728162382368,15.0,0;22.5;45;67.5;90;112.5;135;157.5;180;202.5;225;247.5;270;292.5;315;337.5
val_images,test009.png,8,upright,0.0,321,481,154401.0,1.0,blur,pnp_hqs,restormer,15.0,fixed15p0,0.2,0.5,0.0,0.15,G16_fixed,True,16,20,0.004286914000516512,23.678552287533634,0.6955107459634329,9,0.0020004593545682185,26.98870268212034,0.8032909234719983,15.0,0;22.5;45;67.5;90;112.5;135;157.5;180;202.5;225;247.5;270;292.5;315;337.5
val_images,test009.png,8,upright,0.0,321,481,154401.0,1.0,blur,pnp_hqs,restormer,15.0,fixed15p0,0.2,0.5,0.0,0.15,G16_fixed,True,16,20,0.004286914000516512,23.678552287533634,0.6955107459634329,10,0.0020023522622935773,26.984595172100676,0.8003100995945622,15.0,0;22.5;45;67.5;90;112.5;135;157.5;180;202.5;225;247.5;270;292.5;315;337.5
val_images,test009.png,8,upright,0.0,321,481,154401.0,1.0,blur,pnp_hqs,restormer,15.0,fixed15p0,0.2,0.5,0.0,0.15,G16_fixed,True,16,20,0.004286914000516512,23.678552287533634,0.6955107459634329,11,0.0019737825389909026,27.047006973191973,0.8052458573778667,15.0,0;22.5;45;67.5;90;112.5;135;157.5;180;202.5;225;247.5;270;292.5;315;337.5
val_images,test009.png,8,upright,0.0,321,481,154401.0,1.0,blur,pnp_hqs,restormer,15.0,fixed15p0,0.2,0.5,0.0,0.15,G16_fixed,True,16,20,0.004286914000516512,23.678552287533634,0.6955107459634329,12,0.0019887028499830594,27.014301038808345,0.7996707841918123,15.0,0;22.5;45;67.5;90;112.5;135;157.5;180;202.5;225;247.5;270;292.5;315;337.5
val_images,test009.png,8,upright,0.0,321,481,154401.0,1.0,blur,pnp_hqs,restormer,15.0,fixed15p0,0.2,0.5,0.0,0.15,G16_fixed,True,16,20,0.004286914000516512,23.678552287533634,0.6955107459634329,13,0.0019570404747874448,27.084001923312314,0.805899593428799,15.0,0;22.5;45;67.5;90;112.5;135;157.5;180;202.5;225;247.5;270;292.5;315;337.5
val_images,test009.png,8,upright,0.0,321,481,154401.0,1.0,blur,pnp_hqs,restormer,15.0,fixed15p0,0.2,0.5,0.0,0.15,G16_fixed,True,16,20,0.004286914000516512,23.678552287533634,0.6955107459634329,14,0.0019814213713778366,27.030231570690106,0.7993459907157338,15.0,0;22.5;45;67.5;90;112.5;135;157.5;180;202.5;225;247.5;270;292.5;315;337.5
val_images,test009.png,8,upright,0.0,321,481,154401.0,1.0,blur,pnp_hqs,restormer,15.0,fixed15p0,0.2,0.5,0.0,0.15,G16_fixed,True,16,20,0.004286914000516512,23.678552287533634,0.6955107459634329,15,0.0019569048859078794,27.08430282430505,0.805160547859146,15.0,0;22.5;45;67.5;90;112.5;135;157.5;180;202.5;225;247.5;270;292.5;315;337.5
val_images,test009.png,8,upright,0.0,321,481,154401.0,1.0,blur,pnp_hqs,restormer,15.0,fixed15p0,0.2,0.5,0.0,0.15,G16_fixed,True,16,20,0.004286914000516512,23.678552287533634,0.6955107459634329,16,0.0019836196505593593,27.025415980582697,0.798179031385807,15.0,0;22.5;45;67.5;90;112.5;135;157.5;180;202.5;225;247.5;270;292.5;315;337.5
val_images,test009.png,8,upright,0.0,321,481,154401.0,1.0,blur,pnp_hqs,restormer,15.0,fixed15p0,0.2,0.5,0.0,0.15,G16_fixed,True,16,20,0.004286914000516512,23.678552287533634,0.6955107459634329,17,0.0019558903411282754,27.086554980033796,0.8049195965375872,15.0,0;22.5;45;67.5;90;112.5;135;157.5;180;202.5;225;247.5;270;292.5;315;337.5
val_images,test009.png,8,upright,0.0,321,481,154401.0,1.0,blur,pnp_hqs,restormer,15.0,fixed15p0,0.2,0.5,0.0,0.15,G16_fixed,True,16,20,0.004286914000516512,23.678552287533634,0.6955107459634329,18,0.001977363982865133,27.03913380661006,0.7996172506978582,15.0,0;22.5;45;67.5;90;112.5;135;157.5;180;202.5;225;247.5;270;292.5;315;337.5
val_images,test009.png,8,upright,0.0,321,481,154401.0,1.0,blur,pnp_hqs,restormer,15.0,fixed15p0,0.2,0.5,0.0,0.15,G16_fixed,True,16,20,0.004286914000516512,23.678552287533634,0.6955107459634329,19,0.0019468149781630907,27.106753210947755,0.8061866402257757,15.0,0;22.5;45;67.5;90;112.5;135;157.5;180;202.5;225;247.5;270;292.5;315;337.5
val_images,test009.png,8,upright,0.0,321,481,154401.0,1.0,blur,pnp_hqs,restormer,15.0,fixed15p0,0.2,0.5,0.0,0.15,G16_fixed,True,16,20,0.004286914000516512,23.678552287533634,0.6955107459634329,20,0.001973778190659488,27.047016540904636,0.7989735332025052,15.0,0;22.5;45;67.5;90;112.5;135;157.5;180;202.5;225;247.5;270;292.5;315;337.5
val_images,test009.png,8,rot45_padded,45.0,1000,1000,154360.0,0.15435999631881714,blur,pnp_hqs,restormer,15.0,fixed15p0,0.2,0.5,0.0,0.15,vanilla,False,0,20,0.004215283775675572,23.751731830649724,0.7033141378109614,1,0.002875883364868955,25.412287313006168,0.7390926142621146,15.0,none
val_images,test009.png,8,rot45_padded,45.0,1000,1000,154360.0,0.15435999631881714,blur,pnp_hqs,restormer,15.0,fixed15p0,0.2,0.5,0.0,0.15,vanilla,False,0,20,0.004215283775675572,23.751731830649724,0.7033141378109614,2,0.0023507198542317875,26.287991246014325,0.7920459376619591,15.0,none
val_images,test009.png,8,rot45_padded,45.0,1000,1000,154360.0,0.15435999631881714,blur,pnp_hqs,restormer,15.0,fixed15p0,0.2,0.5,0.0,0.15,vanilla,False,0,20,0.004215283775675572,23.751731830649724,0.7033141378109614,3,0.0024774079373476574,26.060024753067765,0.769070274034724,15.0,none
val_images,test009.png,8,rot45_padded,45.0,1000,1000,154360.0,0.15435999631881714,blur,pnp_hqs,restormer,15.0,fixed15p0,0.2,0.5,0.0,0.15,vanilla,False,0,20,0.004215283775675572,23.751731830649724,0.7033141378109614,4,0.0026363802808774942,25.789919453773813,0.7469881688909044,15.0,none
val_images,test009.png,8,rot45_padded,45.0,1000,1000,154360.0,0.15435999631881714,blur,pnp_hqs,restormer,15.0,fixed15p0,0.2,0.5,0.0,0.15,vanilla,False,0,20,0.004215283775675572,23.751731830649724,0.7033141378109614,5,0.0024078157597423435,26.183767473097387,0.7579885798620108,15.0,none
val_images,test009.png,8,rot45_padded,45.0,1000,1000,154360.0,0.15435999631881714,blur,pnp_hqs,restormer,15.0,fixed15p0,0.2,0.5,0.0,0.15,vanilla,False,0,20,0.004215283775675572,23.751731830649724,0.7033141378109614,6,0.002312599373901715,26.35899596271138,0.7890535922518788,15.0,none
val_images,test009.png,8,rot45_padded,45.0,1000,1000,154360.0,0.15435999631881714,blur,pnp_hqs,restormer,15.0,fixed15p0,0.2,0.5,0.0,0.15,vanilla,False,0,20,0.004215283775675572,23.751731830649724,0.7033141378109614,7,0.002126568084740521,26.723207082456252,0.8072026735391293,15.0,none
val_images,test009.png,8,rot45_padded,45.0,1000,1000,154360.0,0.15435999631881714,blur,pnp_hqs,restormer,15.0,fixed15p0,0.2,0.5,0.0,0.15,vanilla,False,0,20,0.004215283775675572,23.751731830649724,0.7033141378109614,8,0.002190706797231816,26.594157442399464,0.791105411052086,15.0,none
val_images,test009.png,8,rot45_padded,45.0,1000,1000,154360.0,0.15435999631881714,blur,pnp_hqs,restormer,15.0,fixed15p0,0.2,0.5,0.0,0.15,vanilla,False,0,20,0.004215283775675572,23.751731830649724,0.7033141378109614,9,0.0024912169635156857,26.03588447511916,0.7536174061447266,15.0,none
val_images,test009.png,8,rot45_padded,45.0,1000,1000,154360.0,0.15435999631881714,blur,pnp_hqs,restormer,15.0,fixed15p0,0.2,0.5,0.0,0.15,vanilla,False,0,20,0.004215283775675572,23.751731830649724,0.7033141378109614,10,0.002193649422476779,26.588327778777042,0.7955257798328582,15.0,none
val_images,test009.png,8,rot45_padded,45.0,1000,1000,154360.0,0.15435999631881714,blur,pnp_hqs,restormer,15.0,fixed15p0,0.2,0.5,0.0,0.15,vanilla,False,0,20,0.004215283775675572,23.751731830649724,0.7033141378109614,11,0.0020715429301581935,26.837060620578818,0.8091650605726872,15.0,none
val_images,test009.png,8,rot45_padded,45.0,1000,1000,154360.0,0.15435999631881714,blur,pnp_hqs,restormer,15.0,fixed15p0,0.2,0.5,0.0,0.15,vanilla,False,0,20,0.004215283775675572,23.751731830649724,0.7033141378109614,12,0.0022646364012849428,26.450015162080728,0.781762347353589,15.0,none
val_images,test009.png,8,rot45_padded,45.0,1000,1000,154360.0,0.15435999631881714,blur,pnp_hqs,restormer,15.0,fixed15p0,0.2,0.5,0.0,0.15,vanilla,False,0,20,0.004215283775675572,23.751731830649724,0.7033141378109614,13,0.002406093363132956,26.18687524832094,0.7671845138798912,15.0,none
val_images,test009.png,8,rot45_padded,45.0,1000,1000,154360.0,0.15435999631881714,blur,pnp_hqs,restormer,15.0,fixed15p0,0.2,0.5,0.0,0.15,vanilla,False,0,20,0.004215283775675572,23.751731830649724,0.7033141378109614,14,0.002216991534286226,26.542359652616042,0.7853812212522674,15.0,none
val_images,test009.png,8,rot45_padded,45.0,1000,1000,154360.0,0.15435999631881714,blur,pnp_hqs,restormer,15.0,fixed15p0,0.2,0.5,0.0,0.15,vanilla,False,0,20,0.004215283775675572,23.751731830649724,0.7033141378109614,15,0.002362891891886762,26.26556147953356,0.7722604119428609,15.0,none
val_images,test009.png,8,rot45_padded,45.0,1000,1000,154360.0,0.15435999631881714,blur,pnp_hqs,restormer,15.0,fixed15p0,0.2,0.5,0.0,0.15,vanilla,False,0,20,0.004215283775675572,23.751731830649724,0.7033141378109614,16,0.002580597524848062,25.882797236108747,0.7468096596430422,15.0,none
val_images,test009.png,8,rot45_padded,45.0,1000,1000,154360.0,0.15435999631881714,blur,pnp_hqs,restormer,15.0,fixed15p0,0.2,0.5,0.0,0.15,vanilla,False,0,20,0.004215283775675572,23.751731830649724,0.7033141378109614,17,0.002350879796708486,26.287695763028808,0.780164874319772,15.0,none
val_images,test009.png,8,rot45_padded,45.0,1000,1000,154360.0,0.15435999631881714,blur,pnp_hqs,restormer,15.0,fixed15p0,0.2,0.5,0.0,0.15,vanilla,False,0,20,0.004215283775675572,23.751731830649724,0.7033141378109614,18,0.0021265093666742924,26.723327000009807,0.8037111905610261,15.0,none
val_images,test009.png,8,rot45_padded,45.0,1000,1000,154360.0,0.15435999631881714,blur,pnp_hqs,restormer,15.0,fixed15p0,0.2,0.5,0.0,0.15,vanilla,False,0,20,0.004215283775675572,23.751731830649724,0.7033141378109614,19,0.002238889814319003,26.499672794494433,0.7858342004891163,15.0,none
val_images,test009.png,8,rot45_padded,45.0,1000,1000,154360.0,0.15435999631881714,blur,pnp_hqs,restormer,15.0,fixed15p0,0.2,0.5,0.0,0.15,vanilla,False,0,20,0.004215283775675572,23.751731830649724,0.7033141378109614,20,0.002121435295395605,26.733702098465436,0.8144381943994559,15.0,none
val_images,test009.png,8,rot45_padded,45.0,1000,1000,154360.0,0.15435999631881714,blur,pnp_hqs,restormer,15.0,fixed15p0,0.2,0.5,0.0,0.15,G16_fixed,False,16,20,0.004215283775675572,23.751731830649724,0.7033141378109614,1,0.0028155231698246998,25.504408943625357,0.7527686394629438,15.0,0;22.5;45;67.5;90;112.5;135;157.5;180;202.5;225;247.5;270;292.5;315;337.5
val_images,test009.png,8,rot45_padded,45.0,1000,1000,154360.0,0.15435999631881714,blur,pnp_hqs,restormer,15.0,fixed15p0,0.2,0.5,0.0,0.15,G16_fixed,False,16,20,0.004215283775675572,23.751731830649724,0.7033141378109614,2,0.002640793230225305,25.782656020068732,0.7647260260106246,15.0,0;22.5;45;67.5;90;112.5;135;157.5;180;202.5;225;247.5;270;292.5;315;337.5
val_images,test009.png,8,rot45_padded,45.0,1000,1000,154360.0,0.15435999631881714,blur,pnp_hqs,restormer,15.0,fixed15p0,0.2,0.5,0.0,0.15,G16_fixed,False,16,20,0.004215283775675572,23.751731830649724,0.7033141378109614,3,0.002575523651273302,25.891344575984586,0.765803914145504,15.0,0;22.5;45;67.5;90;112.5;135;157.5;180;202.5;225;247.5;270;292.5;315;337.5
val_images,test009.png,8,rot45_padded,45.0,1000,1000,154360.0,0.15435999631881714,blur,pnp_hqs,restormer,15.0,fixed15p0,0.2,0.5,0.0,0.15,G16_fixed,False,16,20,0.004215283775675572,23.751731830649724,0.7033141378109614,4,0.002491592996384264,26.035228985540144,0.7709702056070226,15.0,0;22.5;45;67.5;90;112.5;135;157.5;180;202.5;225;247.5;270;292.5;315;337.5
val_images,test009.png,8,rot45_padded,45.0,1000,1000,154360.0,0.15435999631881714,blur,pnp_hqs,restormer,15.0,fixed15p0,0.2,0.5,0.0,0.15,G16_fixed,False,16,20,0.004215283775675572,23.751731830649724,0.7033141378109614,5,0.002499032595145885,26.022280792878455,0.770598661408396,15.0,0;22.5;45;67.5;90;112.5;135;157.5;180;202.5;225;247.5;270;292.5;315;337.5
val_images,test009.png,8,rot45_padded,45.0,1000,1000,154360.0,0.15435999631881714,blur,pnp_hqs,restormer,15.0,fixed15p0,0.2,0.5,0.0,0.15,G16_fixed,False,16,20,0.004215283775675572,23.751731830649724,0.7033141378109614,6,0.002496457501500652,26.02675822767636,0.7712672486395439,15.0,0;22.5;45;67.5;90;112.5;135;157.5;180;202.5;225;247.5;270;292.5;315;337.5
val_images,test009.png,8,rot45_padded,45.0,1000,1000,154360.0,0.15435999631881714,blur,pnp_hqs,restormer,15.0,fixed15p0,0.2,0.5,0.0,0.15,G16_fixed,False,16,20,0.004215283775675572,23.751731830649724,0.7033141378109614,7,0.0024877535861278018,26.04192639047458,0.7723676085935476,15.0,0;22.5;45;67.5;90;112.5;135;157.5;180;202.5;225;247.5;270;292.5;315;337.5
val_images,test009.png,8,rot45_padded,45.0,1000,1000,154360.0,0.15435999631881714,blur,pnp_hqs,restormer,15.0,fixed15p0,0.2,0.5,0.0,0.15,G16_fixed,False,16,20,0.004215283775675572,23.751731830649724,0.7033141378109614,8,0.0025691061818127066,25.90217945861187,0.7619284363662866,15.0,0;22.5;45;67.5;90;112.5;135;157.5;180;202.5;225;247.5;270;292.5;315;337.5
val_images,test009.png,8,rot45_padded,45.0,1000,1000,154360.0,0.15435999631881714,blur,pnp_hqs,restormer,15.0,fixed15p0,0.2,0.5,0.0,0.15,G16_fixed,False,16,20,0.004215283775675572,23.751731830649724,0.7033141378109614,9,0.0025031250664285195,26.015174507102596,0.7709429256284012,15.0,0;22.5;45;67.5;90;112.5;135;157.5;180;202.5;225;247.5;270;292.5;315;337.5
val_images,test009.png,8,rot45_padded,45.0,1000,1000,154360.0,0.15435999631881714,blur,pnp_hqs,restormer,15.0,fixed15p0,0.2,0.5,0.0,0.15,G16_fixed,False,16,20,0.004215283775675572,23.751731830649724,0.7033141378109614,10,0.0025428463554530603,25.946798800896342,0.7608889122829748,15.0,0;22.5;45;67.5;90;112.5;135;157.5;180;202.5;225;247.5;270;292.5;315;337.5
val_images,test009.png,8,rot45_padded,45.0,1000,1000,154360.0,0.15435999631881714,blur,pnp_hqs,restormer,15.0,fixed15p0,0.2,0.5,0.0,0.15,G16_fixed,False,16,20,0.004215283775675572,23.751731830649724,0.7033141378109614,11,0.0025630882719879663,25.912364365870665,0.7606275002429386,15.0,0;22.5;45;67.5;90;112.5;135;157.5;180;202.5;225;247.5;270;292.5;315;337.5
val_images,test009.png,8,rot45_padded,45.0,1000,1000,154360.0,0.15435999631881714,blur,pnp_hqs,restormer,15.0,fixed15p0,0.2,0.5,0.0,0.15,G16_fixed,False,16,20,0.004215283775675572,23.751731830649724,0.7033141378109614,12,0.002439746525535376,26.12655291808622,0.775587658314978,15.0,0;22.5;45;67.5;90;112.5;135;157.5;180;202.5;225;247.5;270;292.5;315;337.5
val_images,test009.png,8,rot45_padded,45.0,1000,1000,154360.0,0.15435999631881714,blur,pnp_hqs,restormer,15.0,fixed15p0,0.2,0.5,0.0,0.15,G16_fixed,False,16,20,0.004215283775675572,23.751731830649724,0.7033141378109614,13,0.0024512758277246576,26.106078173815973,0.7744200853524229,15.0,0;22.5;45;67.5;90;112.5;135;157.5;180;202.5;225;247.5;270;292.5;315;337.5
val_images,test009.png,8,rot45_padded,45.0,1000,1000,154360.0,0.15435999631881714,blur,pnp_hqs,restormer,15.0,fixed15p0,0.2,0.5,0.0,0.15,G16_fixed,False,16,20,0.004215283775675572,23.751731830649724,0.7033141378109614,14,0.002444533135304645,26.118040715593057,0.7754831441111687,15.0,0;22.5;45;67.5;90;112.5;135;157.5;180;202.5;225;247.5;270;292.5;315;337.5
val_images,test009.png,8,rot45_padded,45.0,1000,1000,154360.0,0.15435999631881714,blur,pnp_hqs,restormer,15.0,fixed15p0,0.2,0.5,0.0,0.15,G16_fixed,False,16,20,0.004215283775675572,23.751731830649724,0.7033141378109614,15,0.0024073106262096316,26.18467867122222,0.7784749833991966,15.0,0;22.5;45;67.5;90;112.5;135;157.5;180;202.5;225;247.5;270;292.5;315;337.5
val_images,test009.png,8,rot45_padded,45.0,1000,1000,154360.0,0.15435999631881714,blur,pnp_hqs,restormer,15.0,fixed15p0,0.2,0.5,0.0,0.15,G16_fixed,False,16,20,0.004215283775675572,23.751731830649724,0.7033141378109614,16,0.0024319959384970606,26.140371546829325,0.7749123902727391,15.0,0;22.5;45;67.5;90;112.5;135;157.5;180;202.5;225;247.5;270;292.5;315;337.5
val_images,test009.png,8,rot45_padded,45.0,1000,1000,154360.0,0.15435999631881714,blur,pnp_hqs,restormer,15.0,fixed15p0,0.2,0.5,0.0,0.15,G16_fixed,False,16,20,0.004215283775675572,23.751731830649724,0.7033141378109614,17,0.0024966249567265645,26.02646692513443,0.7672184746696036,15.0,0;22.5;45;67.5;90;112.5;135;157.5;180;202.5;225;247.5;270;292.5;315;337.5
val_images,test009.png,8,rot45_padded,45.0,1000,1000,154360.0,0.15435999631881714,blur,pnp_hqs,restormer,15.0,fixed15p0,0.2,0.5,0.0,0.15,G16_fixed,False,16,20,0.004215283775675572,23.751731830649724,0.7033141378109614,18,0.0024737634631629185,26.066418291831404,0.7710333190269499,15.0,0;22.5;45;67.5;90;112.5;135;157.5;180;202.5;225;247.5;270;292.5;315;337.5
val_images,test009.png,8,rot45_padded,45.0,1000,1000,154360.0,0.15435999631881714,blur,pnp_hqs,restormer,15.0,fixed15p0,0.2,0.5,0.0,0.15,G16_fixed,False,16,20,0.004215283775675572,23.751731830649724,0.7033141378109614,19,0.0024637610283995207,26.084014186993755,0.7711451720005182,15.0,0;22.5;45;67.5;90;112.5;135;157.5;180;202.5;225;247.5;270;292.5;315;337.5
val_images,test009.png,8,rot45_padded,45.0,1000,1000,154360.0,0.15435999631881714,blur,pnp_hqs,restormer,15.0,fixed15p0,0.2,0.5,0.0,0.15,G16_fixed,False,16,20,0.004215283775675572,23.751731830649724,0.7033141378109614,20,0.002487682215010264,26.042050986927052,0.7682854305681523,15.0,0;22.5;45;67.5;90;112.5;135;157.5;180;202.5;225;247.5;270;292.5;315;337.5
val_images,test010.png,9,upright,0.0,321,481,154401.0,1.0,blur,pnp_hqs,restormer,15.0,fixed15p0,0.2,0.5,0.0,0.15,vanilla,True,0,20,0.0025351892830878485,25.95989609690921,0.7128138540229662,1,0.0019914824220141464,27.008235225742364,0.7336158161216573,15.0,none
val_images,test010.png,9,upright,0.0,321,481,154401.0,1.0,blur,pnp_hqs,restormer,15.0,fixed15p0,0.2,0.5,0.0,0.15,vanilla,True,0,20,0.0025351892830878485,25.95989609690921,0.7128138540229662,2,0.0019445081883476304,27.111902236933258,0.7385146368061087,15.0,none
val_images,test010.png,9,upright,0.0,321,481,154401.0,1.0,blur,pnp_hqs,restormer,15.0,fixed15p0,0.2,0.5,0.0,0.15,vanilla,True,0,20,0.0025351892830878485,25.95989609690921,0.7128138540229662,3,0.0020452473657903165,26.892541580229672,0.7337815776776058,15.0,none
val_images,test010.png,9,upright,0.0,321,481,154401.0,1.0,blur,pnp_hqs,restormer,15.0,fixed15p0,0.2,0.5,0.0,0.15,vanilla,True,0,20,0.0025351892830878485,25.95989609690921,0.7128138540229662,4,0.002303842239715396,26.3754726342888,0.7060054865253463,15.0,none
val_images,test010.png,9,upright,0.0,321,481,154401.0,1.0,blur,pnp_hqs,restormer,15.0,fixed15p0,0.2,0.5,0.0,0.15,vanilla,True,0,20,0.0025351892830878485,25.95989609690921,0.7128138540229662,5,0.002010467829924697,26.96702871776671,0.7341334920920202,15.0,none
val_images,test010.png,9,upright,0.0,321,481,154401.0,1.0,blur,pnp_hqs,restormer,15.0,fixed15p0,0.2,0.5,0.0,0.15,vanilla,True,0,20,0.0025351892830878485,25.95989609690921,0.7128138540229662,6,0.002222033720737722,26.532493546574393,0.6883141341377322,15.0,none
val_images,test010.png,9,upright,0.0,321,481,154401.0,1.0,blur,pnp_hqs,restormer,15.0,fixed15p0,0.2,0.5,0.0,0.15,vanilla,True,0,20,0.0025351892830878485,25.95989609690921,0.7128138540229662,7,0.0018844100975174828,27.248245772822575,0.7401106736679166,15.0,none
val_images,test010.png,9,upright,0.0,321,481,154401.0,1.0,blur,pnp_hqs,restormer,15.0,fixed15p0,0.2,0.5,0.0,0.15,vanilla,True,0,20,0.0025351892830878485,25.95989609690921,0.7128138540229662,8,0.002182384053687719,26.610688203285694,0.6986189269337634,15.0,none
val_images,test010.png,9,upright,0.0,321,481,154401.0,1.0,blur,pnp_hqs,restormer,15.0,fixed15p0,0.2,0.5,0.0,0.15,vanilla,True,0,20,0.0025351892830878485,25.95989609690921,0.7128138540229662,9,0.0020280833157882115,26.929142076997294,0.7232260173994987,15.0,none
val_images,test010.png,9,upright,0.0,321,481,154401.0,1.0,blur,pnp_hqs,restormer,15.0,fixed15p0,0.2,0.5,0.0,0.15,vanilla,True,0,20,0.0025351892830878485,25.95989609690921,0.7128138540229662,10,0.0022314387662847068,26.51415026291314,0.7071826668059145,15.0,none
val_images,test010.png,9,upright,0.0,321,481,154401.0,1.0,blur,pnp_hqs,restormer,15.0,fixed15p0,0.2,0.5,0.0,0.15,vanilla,True,0,20,0.0025351892830878485,25.95989609690921,0.7128138540229662,11,0.0020424921048848655,26.898396135282585,0.7292319896729943,15.0,none
val_images,test010.png,9,upright,0.0,321,481,154401.0,1.0,blur,pnp_hqs,restormer,15.0,fixed15p0,0.2,0.5,0.0,0.15,vanilla,True,0,20,0.0025351892830878485,25.95989609690921,0.7128138540229662,12,0.002254706490032954,26.469099850744907,0.6979742480618649,15.0,none
val_images,test010.png,9,upright,0.0,321,481,154401.0,1.0,blur,pnp_hqs,restormer,15.0,fixed15p0,0.2,0.5,0.0,0.15,vanilla,True,0,20,0.0025351892830878485,25.95989609690921,0.7128138540229662,13,0.0019086943425596135,27.19263613758263,0.732315984433391,15.0,none
val_images,test010.png,9,upright,0.0,321,481,154401.0,1.0,blur,pnp_hqs,restormer,15.0,fixed15p0,0.2,0.5,0.0,0.15,vanilla,True,0,20,0.0025351892830878485,25.95989609690921,0.7128138540229662,14,0.002209893377079508,26.556286796465976,0.6924549347154487,15.0,none
val_images,test010.png,9,upright,0.0,321,481,154401.0,1.0,blur,pnp_hqs,restormer,15.0,fixed15p0,0.2,0.5,0.0,0.15,vanilla,True,0,20,0.0025351892830878485,25.95989609690921,0.7128138540229662,15,0.001913044848139949,27.182748485448972,0.7324498687670417,15.0,none
val_images,test010.png,9,upright,0.0,321,481,154401.0,1.0,blur,pnp_hqs,restormer,15.0,fixed15p0,0.2,0.5,0.0,0.15,vanilla,True,0,20,0.0025351892830878485,25.95989609690921,0.7128138540229662,16,0.0022195690074313396,26.53731348011558,0.6896376460482769,15.0,none
val_images,test010.png,9,upright,0.0,321,481,154401.0,1.0,blur,pnp_hqs,restormer,15.0,fixed15p0,0.2,0.5,0.0,0.15,vanilla,True,0,20,0.0025351892830878485,25.95989609690921,0.7128138540229662,17,0.0019220126887283357,27.162437495360955,0.7326568177181495,15.0,none
val_images,test010.png,9,upright,0.0,321,481,154401.0,1.0,blur,pnp_hqs,restormer,15.0,fixed15p0,0.2,0.5,0.0,0.15,vanilla,True,0,20,0.0025351892830878485,25.95989609690921,0.7128138540229662,18,0.002226532069586155,26.523710451795132,0.6889120597502607,15.0,none
val_images,test010.png,9,upright,0.0,321,481,154401.0,1.0,blur,pnp_hqs,restormer,15.0,fixed15p0,0.2,0.5,0.0,0.15,vanilla,True,0,20,0.0025351892830878485,25.95989609690921,0.7128138540229662,19,0.0019220678334767303,27.16231289308066,0.7322948847481557,15.0,none
val_images,test010.png,9,upright,0.0,321,481,154401.0,1.0,blur,pnp_hqs,restormer,15.0,fixed15p0,0.2,0.5,0.0,0.15,vanilla,True,0,20,0.0025351892830878485,25.95989609690921,0.7128138540229662,20,0.0022265014336148243,26.523770208961956,0.6893162932882559,15.0,none
val_images,test010.png,9,upright,0.0,321,481,154401.0,1.0,blur,pnp_hqs,restormer,15.0,fixed15p0,0.2,0.5,0.0,0.15,G16_fixed,True,16,20,0.0025351892830878485,25.95989609690921,0.7128138540229662,1,0.001741755772357773,27.59012741494427,0.7651309536531499,15.0,0;22.5;45;67.5;90;112.5;135;157.5;180;202.5;225;247.5;270;292.5;315;337.5
val_images,test010.png,9,upright,0.0,321,481,154401.0,1.0,blur,pnp_hqs,restormer,15.0,fixed15p0,0.2,0.5,0.0,0.15,G16_fixed,True,16,20,0.0025351892830878485,25.95989609690921,0.7128138540229662,2,0.0016005262175163514,27.957372074745976,0.7792497801989624,15.0,0;22.5;45;67.5;90;112.5;135;157.5;180;202.5;225;247.5;270;292.5;315;337.5
val_images,test010.png,9,upright,0.0,321,481,154401.0,1.0,blur,pnp_hqs,restormer,15.0,fixed15p0,0.2,0.5,0.0,0.15,G16_fixed,True,16,20,0.0025351892830878485,25.95989609690921,0.7128138540229662,3,0.0015547995596629778,28.083255910379194,0.7817206191183995,15.0,0;22.5;45;67.5;90;112.5;135;157.5;180;202.5;225;247.5;270;292.5;315;337.5
val_images,test010.png,9,upright,0.0,321,481,154401.0,1.0,blur,pnp_hqs,restormer,15.0,fixed15p0,0.2,0.5,0.0,0.15,G16_fixed,True,16,20,0.0025351892830878485,25.95989609690921,0.7128138540229662,4,0.0015295255750954495,28.15443256809432,0.7845322407238295,15.0,0;22.5;45;67.5;90;112.5;135;157.5;180;202.5;225;247.5;270;292.5;315;337.5
val_images,test010.png,9,upright,0.0,321,481,154401.0,1.0,blur,pnp_hqs,restormer,15.0,fixed15p0,0.2,0.5,0.0,0.15,G16_fixed,True,16,20,0.0025351892830878485,25.95989609690921,0.7128138540229662,5,0.0015043943936846062,28.226382936997688,0.7881426650410295,15.0,0;22.5;45;67.5;90;112.5;135;157.5;180;202.5;225;247.5;270;292.5;315;337.5
val_images,test010.png,9,upright,0.0,321,481,154401.0,1.0,blur,pnp_hqs,restormer,15.0,fixed15p0,0.2,0.5,0.0,0.15,G16_fixed,True,16,20,0.0025351892830878485,25.95989609690921,0.7128138540229662,6,0.001502715147152848,28.231233359427605,0.7868824521861905,15.0,0;22.5;45;67.5;90;112.5;135;157.5;180;202.5;225;247.5;270;292.5;315;337.5
val_images,test010.png,9,upright,0.0,321,481,154401.0,1.0,blur,pnp_hqs,restormer,15.0,fixed15p0,0.2,0.5,0.0,0.15,G16_fixed,True,16,20,0.0025351892830878485,25.95989609690921,0.7128138540229662,7,0.0014830404298873652,28.288470092968716,0.790242969200329,15.0,0;22.5;45;67.5;90;112.5;135;157.5;180;202.5;225;247.5;270;292.5;315;337.5
val_images,test010.png,9,upright,0.0,321,481,154401.0,1.0,blur,pnp_hqs,restormer,15.0,fixed15p0,0.2,0.5,0.0,0.15,G16_fixed,True,16,20,0.0025351892830878485,25.95989609690921,0.7128138540229662,8,0.001488042987528467,28.273845224348065,0.788503940227071,15.0,0;22.5;45;67.5;90;112.5;135;157.5;180;202.5;225;247.5;270;292.5;315;337.5
val_images,test010.png,9,upright,0.0,321,481,154401.0,1.0,blur,pnp_hqs,restormer,15.0,fixed15p0,0.2,0.5,0.0,0.15,G16_fixed,True,16,20,0.0025351892830878485,25.95989609690921,0.7128138540229662,9,0.0014796642470210483,28.298368198810042,0.7900006011133348,15.0,0;22.5;45;67.5;90;112.5;135;157.5;180;202.5;225;247.5;270;292.5;315;337.5
val_images,test010.png,9,upright,0.0,321,481,154401.0,1.0,blur,pnp_hqs,restormer,15.0,fixed15p0,0.2,0.5,0.0,0.15,G16_fixed,True,16,20,0.0025351892830878485,25.95989609690921,0.7128138540229662,10,0.0014825144794376232,28.290010562711856,0.7893322420191579,15.0,0;22.5;45;67.5;90;112.5;135;157.5;180;202.5;225;247.5;270;292.5;315;337.5
val_images,test010.png,9,upright,0.0,321,481,154401.0,1.0,blur,pnp_hqs,restormer,15.0,fixed15p0,0.2,0.5,0.0,0.15,G16_fixed,True,16,20,0.0025351892830878485,25.95989609690921,0.7128138540229662,11,0.001481065793296554,28.29425648412642,0.7891272158211411,15.0,0;22.5;45;67.5;90;112.5;135;157.5;180;202.5;225;247.5;270;292.5;315;337.5
val_images,test010.png,9,upright,0.0,321,481,154401.0,1.0,blur,pnp_hqs,restormer,15.0,fixed15p0,0.2,0.5,0.0,0.15,G16_fixed,True,16,20,0.0025351892830878485,25.95989609690921,0.7128138540229662,12,0.0014846487195564937,28.283762919394864,0.7885130986036359,15.0,0;22.5;45;67.5;90;112.5;135;157.5;180;202.5;225;247.5;270;292.5;315;337.5
val_images,test010.png,9,upright,0.0,321,481,154401.0,1.0,blur,pnp_hqs,restormer,15.0,fixed15p0,0.2,0.5,0.0,0.15,G16_fixed,True,16,20,0.0025351892830878485,25.95989609690921,0.7128138540229662,13,0.0014890108865710774,28.27102126988951,0.7877263383980674,15.0,0;22.5;45;67.5;90;112.5;135;157.5;180;202.5;225;247.5;270;292.5;315;337.5
val_images,test010.png,9,upright,0.0,321,481,154401.0,1.0,blur,pnp_hqs,restormer,15.0,fixed15p0,0.2,0.5,0.0,0.15,G16_fixed,True,16,20,0.0025351892830878485,25.95989609690921,0.7128138540229662,14,0.0014936387959305234,28.25754414502117,0.7865167749075459,15.0,0;22.5;45;67.5;90;112.5;135;157.5;180;202.5;225;247.5;270;292.5;315;337.5
val_images,test010.png,9,upright,0.0,321,481,154401.0,1.0,blur,pnp_hqs,restormer,15.0,fixed15p0,0.2,0.5,0.0,0.15,G16_fixed,True,16,20,0.0025351892830878485,25.95989609690921,0.7128138540229662,15,0.0014867045908841872,28.277753174862234,0.7880843752631136,15.0,0;22.5;45;67.5;90;112.5;135;157.5;180;202.5;225;247.5;270;292.5;315;337.5
val_images,test010.png,9,upright,0.0,321,481,154401.0,1.0,blur,pnp_hqs,restormer,15.0,fixed15p0,0.2,0.5,0.0,0.15,G16_fixed,True,16,20,0.0025351892830878485,25.95989609690921,0.7128138540229662,16,0.0014905113573862661,28.26664710385197,0.7874641355949767,15.0,0;22.5;45;67.5;90;112.5;135;157.5;180;202.5;225;247.5;270;292.5;315;337.5
val_images,test010.png,9,upright,0.0,321,481,154401.0,1.0,blur,pnp_hqs,restormer,15.0,fixed15p0,0.2,0.5,0.0,0.15,G16_fixed,True,16,20,0.0025351892830878485,25.95989609690921,0.7128138540229662,17,0.0014933404411000516,28.258411736301,0.7865623137965427,15.0,0;22.5;45;67.5;90;112.5;135;157.5;180;202.5;225;247.5;270;292.5;315;337.5
val_images,test010.png,9,upright,0.0,321,481,154401.0,1.0,blur,pnp_hqs,restormer,15.0,fixed15p0,0.2,0.5,0.0,0.15,G16_fixed,True,16,20,0.0025351892830878485,25.95989609690921,0.7128138540229662,18,0.0014985190073377318,28.243377440566483,0.7859050864307874,15.0,0;22.5;45;67.5;90;112.5;135;157.5;180;202.5;225;247.5;270;292.5;315;337.5
val_images,test010.png,9,upright,0.0,321,481,154401.0,1.0,blur,pnp_hqs,restormer,15.0,fixed15p0,0.2,0.5,0.0,0.15,G16_fixed,True,16,20,0.0025351892830878485,25.95989609690921,0.7128138540229662,19,0.0014950453823174418,28.253456240680475,0.7864088477406235,15.0,0;22.5;45;67.5;90;112.5;135;157.5;180;202.5;225;247.5;270;292.5;315;337.5
val_images,test010.png,9,upright,0.0,321,481,154401.0,1.0,blur,pnp_hqs,restormer,15.0,fixed15p0,0.2,0.5,0.0,0.15,G16_fixed,True,16,20,0.0025351892830878485,25.95989609690921,0.7128138540229662,20,0.00149475325350695,28.25430492613564,0.7866058793336831,15.0,0;22.5;45;67.5;90;112.5;135;157.5;180;202.5;225;247.5;270;292.5;315;337.5
val_images,test010.png,9,rot45_padded,45.0,1000,1000,154360.0,0.15435999631881714,blur,pnp_hqs,restormer,15.0,fixed15p0,0.2,0.5,0.0,0.15,vanilla,False,0,20,0.002787479460934463,25.547883239565863,0.7124111755798134,1,0.002049201595625688,26.88415314629016,0.7520834514284789,15.0,none
val_images,test010.png,9,rot45_padded,45.0,1000,1000,154360.0,0.15435999631881714,blur,pnp_hqs,restormer,15.0,fixed15p0,0.2,0.5,0.0,0.15,vanilla,False,0,20,0.002787479460934463,25.547883239565863,0.7124111755798134,2,0.001932420456276622,27.138983737931383,0.7630161432689816,15.0,none
val_images,test010.png,9,rot45_padded,45.0,1000,1000,154360.0,0.15435999631881714,blur,pnp_hqs,restormer,15.0,fixed15p0,0.2,0.5,0.0,0.15,vanilla,False,0,20,0.002787479460934463,25.547883239565863,0.7124111755798134,3,0.0018018965215749708,27.442701530902305,0.7808245031905934,15.0,none
val_images,test010.png,9,rot45_padded,45.0,1000,1000,154360.0,0.15435999631881714,blur,pnp_hqs,restormer,15.0,fixed15p0,0.2,0.5,0.0,0.15,vanilla,False,0,20,0.002787479460934463,25.547883239565863,0.7124111755798134,4,0.0016443980608186626,27.83993044039736,0.7968645232735164,15.0,none
val_images,test010.png,9,rot45_padded,45.0,1000,1000,154360.0,0.15435999631881714,blur,pnp_hqs,restormer,15.0,fixed15p0,0.2,0.5,0.0,0.15,vanilla,False,0,20,0.002787479460934463,25.547883239565863,0.7124111755798134,5,0.0017364067004486266,27.603485469739443,0.7831442630053123,15.0,none
val_images,test010.png,9,rot45_padded,45.0,1000,1000,154360.0,0.15435999631881714,blur,pnp_hqs,restormer,15.0,fixed15p0,0.2,0.5,0.0,0.15,vanilla,False,0,20,0.002787479460934463,25.547883239565863,0.7124111755798134,6,0.0016038948527640337,27.948241063518367,0.807034489181135,15.0,none
val_images,test010.png,9,rot45_padded,45.0,1000,1000,154360.0,0.15435999631881714,blur,pnp_hqs,restormer,15.0,fixed15p0,0.2,0.5,0.0,0.15,vanilla,False,0,20,0.002787479460934463,25.547883239565863,0.7124111755798134,7,0.0015375956317617906,28.13157863484352,0.8217868841506867,15.0,none
val_images,test010.png,9,rot45_padded,45.0,1000,1000,154360.0,0.15435999631881714,blur,pnp_hqs,restormer,15.0,fixed15p0,0.2,0.5,0.0,0.15,vanilla,False,0,20,0.002787479460934463,25.547883239565863,0.7124111755798134,8,0.0017284147169158138,27.623520444621047,0.7815556471074112,15.0,none
val_images,test010.png,9,rot45_padded,45.0,1000,1000,154360.0,0.15435999631881714,blur,pnp_hqs,restormer,15.0,fixed15p0,0.2,0.5,0.0,0.15,vanilla,False,0,20,0.002787479460934463,25.547883239565863,0.7124111755798134,9,0.0016178913022545712,27.910506597427766,0.8176335453647318,15.0,none
val_images,test010.png,9,rot45_padded,45.0,1000,1000,154360.0,0.15435999631881714,blur,pnp_hqs,restormer,15.0,fixed15p0,0.2,0.5,0.0,0.15,vanilla,False,0,20,0.002787479460934463,25.547883239565863,0.7124111755798134,10,0.0016418119946054982,27.846765758280966,0.7878237662768852,15.0,none
val_images,test010.png,9,rot45_padded,45.0,1000,1000,154360.0,0.15435999631881714,blur,pnp_hqs,restormer,15.0,fixed15p0,0.2,0.5,0.0,0.15,vanilla,False,0,20,0.002787479460934463,25.547883239565863,0.7124111755798134,11,0.0018122435542826023,27.417834362547048,0.7505809268916818,15.0,none
val_images,test010.png,9,rot45_padded,45.0,1000,1000,154360.0,0.15435999631881714,blur,pnp_hqs,restormer,15.0,fixed15p0,0.2,0.5,0.0,0.15,vanilla,False,0,20,0.002787479460934463,25.547883239565863,0.7124111755798134,12,0.0015682712741761852,28.045788123864153,0.8127308422680747,15.0,none
val_images,test010.png,9,rot45_padded,45.0,1000,1000,154360.0,0.15435999631881714,blur,pnp_hqs,restormer,15.0,fixed15p0,0.2,0.5,0.0,0.15,vanilla,False,0,20,0.002787479460934463,25.547883239565863,0.7124111755798134,13,0.001750309833685763,27.568850672281364,0.7853003429483026,15.0,none
val_images,test010.png,9,rot45_padded,45.0,1000,1000,154360.0,0.15435999631881714,blur,pnp_hqs,restormer,15.0,fixed15p0,0.2,0.5,0.0,0.15,vanilla,False,0,20,0.002787479460934463,25.547883239565863,0.7124111755798134,14,0.0016029130550640547,27.950900339340457,0.8161704477358124,15.0,none
val_images,test010.png,9,rot45_padded,45.0,1000,1000,154360.0,0.15435999631881714,blur,pnp_hqs,restormer,15.0,fixed15p0,0.2,0.5,0.0,0.15,vanilla,False,0,20,0.002787479460934463,25.547883239565863,0.7124111755798134,15,0.0014958222748300948,28.251200038283425,0.8250790056523711,15.0,none
val_images,test010.png,9,rot45_padded,45.0,1000,1000,154360.0,0.15435999631881714,blur,pnp_hqs,restormer,15.0,fixed15p0,0.2,0.5,0.0,0.15,vanilla,False,0,20,0.002787479460934463,25.547883239565863,0.7124111755798134,16,0.001507862345113999,28.216383040140833,0.8115238930098471,15.0,none
val_images,test010.png,9,rot45_padded,45.0,1000,1000,154360.0,0.15435999631881714,blur,pnp_hqs,restormer,15.0,fixed15p0,0.2,0.5,0.0,0.15,vanilla,False,0,20,0.002787479460934463,25.547883239565863,0.7124111755798134,17,0.0014473789805234112,28.39417738680381,0.8196002344357346,15.0,none
val_images,test010.png,9,rot45_padded,45.0,1000,1000,154360.0,0.15435999631881714,blur,pnp_hqs,restormer,15.0,fixed15p0,0.2,0.5,0.0,0.15,vanilla,False,0,20,0.002787479460934463,25.547883239565863,0.7124111755798134,18,0.0015451790601300835,28.11021185934657,0.802319810426924,15.0,none
val_images,test010.png,9,rot45_padded,45.0,1000,1000,154360.0,0.15435999631881714,blur,pnp_hqs,restormer,15.0,fixed15p0,0.2,0.5,0.0,0.15,vanilla,False,0,20,0.002787479460934463,25.547883239565863,0.7124111755798134,19,0.001681035168586725,27.744232006810627,0.7845888365671159,15.0,none
val_images,test010.png,9,rot45_padded,45.0,1000,1000,154360.0,0.15435999631881714,blur,pnp_hqs,restormer,15.0,fixed15p0,0.2,0.5,0.0,0.15,vanilla,False,0,20,0.002787479460934463,25.547883239565863,0.7124111755798134,20,0.0017666534241940512,27.528486404892533,0.7741647467770147,15.0,none
val_images,test010.png,9,rot45_padded,45.0,1000,1000,154360.0,0.15435999631881714,blur,pnp_hqs,restormer,15.0,fixed15p0,0.2,0.5,0.0,0.15,G16_fixed,False,16,20,0.002787479460934463,25.547883239565863,0.7124111755798134,1,0.002040313617897083,26.903030717634614,0.7554376741059861,15.0,0;22.5;45;67.5;90;112.5;135;157.5;180;202.5;225;247.5;270;292.5;315;337.5
val_images,test010.png,9,rot45_padded,45.0,1000,1000,154360.0,0.15435999631881714,blur,pnp_hqs,restormer,15.0,fixed15p0,0.2,0.5,0.0,0.15,G16_fixed,False,16,20,0.002787479460934463,25.547883239565863,0.7124111755798134,2,0.0018917721335397974,27.231311761298063,0.7693869546028764,15.0,0;22.5;45;67.5;90;112.5;135;157.5;180;202.5;225;247.5;270;292.5;315;337.5
val_images,test010.png,9,rot45_padded,45.0,1000,1000,154360.0,0.15435999631881714,blur,pnp_hqs,restormer,15.0,fixed15p0,0.2,0.5,0.0,0.15,G16_fixed,False,16,20,0.002787479460934463,25.547883239565863,0.7124111755798134,3,0.0018794951150997465,27.25958798701423,0.7715214231342317,15.0,0;22.5;45;67.5;90;112.5;135;157.5;180;202.5;225;247.5;270;292.5;315;337.5
val_images,test010.png,9,rot45_padded,45.0,1000,1000,154360.0,0.15435999631881714,blur,pnp_hqs,restormer,15.0,fixed15p0,0.2,0.5,0.0,0.15,G16_fixed,False,16,20,0.002787479460934463,25.547883239565863,0.7124111755798134,4,0.0018337462287580574,27.366607663081698,0.7746675284238145,15.0,0;22.5;45;67.5;90;112.5;135;157.5;180;202.5;225;247.5;270;292.5;315;337.5
val_images,test010.png,9,rot45_padded,45.0,1000,1000,154360.0,0.15435999631881714,blur,pnp_hqs,restormer,15.0,fixed15p0,0.2,0.5,0.0,0.15,G16_fixed,False,16,20,0.002787479460934463,25.547883239565863,0.7124111755798134,5,0.002039257681224593,26.905278931707706,0.746117284675434,15.0,0;22.5;45;67.5;90;112.5;135;157.5;180;202.5;225;247.5;270;292.5;315;337.5
val_images,test010.png,9,rot45_padded,45.0,1000,1000,154360.0,0.15435999631881714,blur,pnp_hqs,restormer,15.0,fixed15p0,0.2,0.5,0.0,0.15,G16_fixed,False,16,20,0.002787479460934463,25.547883239565863,0.7124111755798134,6,0.0018640684754034804,27.29538138149603,0.770538027986525,15.0,0;22.5;45;67.5;90;112.5;135;157.5;180;202.5;225;247.5;270;292.5;315;337.5
val_images,test010.png,9,rot45_padded,45.0,1000,1000,154360.0,0.15435999631881714,blur,pnp_hqs,restormer,15.0,fixed15p0,0.2,0.5,0.0,0.15,G16_fixed,False,16,20,0.002787479460934463,25.547883239565863,0.7124111755798134,7,0.0020829544008071636,26.81320237346825,0.7364552628595491,15.0,0;22.5;45;67.5;90;112.5;135;157.5;180;202.5;225;247.5;270;292.5;315;337.5
val_images,test010.png,9,rot45_padded,45.0,1000,1000,154360.0,0.15435999631881714,blur,pnp_hqs,restormer,15.0,fixed15p0,0.2,0.5,0.0,0.15,G16_fixed,False,16,20,0.002787479460934463,25.547883239565863,0.7124111755798134,8,0.001888408992042749,27.23903940254525,0.7678734472175434,15.0,0;22.5;45;67.5;90;112.5;135;157.5;180;202.5;225;247.5;270;292.5;315;337.5
val_images,test010.png,9,rot45_padded,45.0,1000,1000,154360.0,0.15435999631881714,blur,pnp_hqs,restormer,15.0,fixed15p0,0.2,0.5,0.0,0.15,G16_fixed,False,16,20,0.002787479460934463,25.547883239565863,0.7124111755798134,9,0.001858881119774796,27.307483835883396,0.7713634118294895,15.0,0;22.5;45;67.5;90;112.5;135;157.5;180;202.5;225;247.5;270;292.5;315;337.5
val_images,test010.png,9,rot45_padded,45.0,1000,1000,154360.0,0.15435999631881714,blur,pnp_hqs,restormer,15.0,fixed15p0,0.2,0.5,0.0,0.15,G16_fixed,False,16,20,0.002787479460934463,25.547883239565863,0.7124111755798134,10,0.0018804369766065327,27.257412175038404,0.7678231892977455,15.0,0;22.5;45;67.5;90;112.5;135;157.5;180;202.5;225;247.5;270;292.5;315;337.5
val_images,test010.png,9,rot45_padded,45.0,1000,1000,154360.0,0.15435999631881714,blur,pnp_hqs,restormer,15.0,fixed15p0,0.2,0.5,0.0,0.15,G16_fixed,False,16,20,0.002787479460934463,25.547883239565863,0.7124111755798134,11,0.0018318832646567885,27.371022048661466,0.7730098268657684,15.0,0;22.5;45;67.5;90;112.5;135;157.5;180;202.5;225;247.5;270;292.5;315;337.5
val_images,test010.png,9,rot45_padded,45.0,1000,1000,154360.0,0.15435999631881714,blur,pnp_hqs,restormer,15.0,fixed15p0,0.2,0.5,0.0,0.15,G16_fixed,False,16,20,0.002787479460934463,25.547883239565863,0.7124111755798134,12,0.0017869605830247676,27.47885027104673,0.7832003919409173,15.0,0;22.5;45;67.5;90;112.5;135;157.5;180;202.5;225;247.5;270;292.5;315;337.5
val_images,test010.png,9,rot45_padded,45.0,1000,1000,154360.0,0.15435999631881714,blur,pnp_hqs,restormer,15.0,fixed15p0,0.2,0.5,0.0,0.15,G16_fixed,False,16,20,0.002787479460934463,25.547883239565863,0.7124111755798134,13,0.0018178838496073506,27.404338686861426,0.7773276553187354,15.0,0;22.5;45;67.5;90;112.5;135;157.5;180;202.5;225;247.5;270;292.5;315;337.5
val_images,test010.png,9,rot45_padded,45.0,1000,1000,154360.0,0.15435999631881714,blur,pnp_hqs,restormer,15.0,fixed15p0,0.2,0.5,0.0,0.15,G16_fixed,False,16,20,0.002787479460934463,25.547883239565863,0.7124111755798134,14,0.0017932017005827488,27.46370857942899,0.7813516799203162,15.0,0;22.5;45;67.5;90;112.5;135;157.5;180;202.5;225;247.5;270;292.5;315;337.5
val_images,test010.png,9,rot45_padded,45.0,1000,1000,154360.0,0.15435999631881714,blur,pnp_hqs,restormer,15.0,fixed15p0,0.2,0.5,0.0,0.15,G16_fixed,False,16,20,0.002787479460934463,25.547883239565863,0.7124111755798134,15,0.0017822425765180625,27.490331855553322,0.7879345057819384,15.0,0;22.5;45;67.5;90;112.5;135;157.5;180;202.5;225;247.5;270;292.5;315;337.5
val_images,test010.png,9,rot45_padded,45.0,1000,1000,154360.0,0.15435999631881714,blur,pnp_hqs,restormer,15.0,fixed15p0,0.2,0.5,0.0,0.15,G16_fixed,False,16,20,0.002787479460934463,25.547883239565863,0.7124111755798134,16,0.001776206675635993,27.505065020337565,0.7815370724280902,15.0,0;22.5;45;67.5;90;112.5;135;157.5;180;202.5;225;247.5;270;292.5;315;337.5
val_images,test010.png,9,rot45_padded,45.0,1000,1000,154360.0,0.15435999631881714,blur,pnp_hqs,restormer,15.0,fixed15p0,0.2,0.5,0.0,0.15,G16_fixed,False,16,20,0.002787479460934463,25.547883239565863,0.7124111755798134,17,0.0017897837950980055,27.471994283871442,0.7804939548782068,15.0,0;22.5;45;67.5;90;112.5;135;157.5;180;202.5;225;247.5;270;292.5;315;337.5
val_images,test010.png,9,rot45_padded,45.0,1000,1000,154360.0,0.15435999631881714,blur,pnp_hqs,restormer,15.0,fixed15p0,0.2,0.5,0.0,0.15,G16_fixed,False,16,20,0.002787479460934463,25.547883239565863,0.7124111755798134,18,0.0017708247793434381,27.518244095208235,0.7865178701574242,15.0,0;22.5;45;67.5;90;112.5;135;157.5;180;202.5;225;247.5;270;292.5;315;337.5
val_images,test010.png,9,rot45_padded,45.0,1000,1000,154360.0,0.15435999631881714,blur,pnp_hqs,restormer,15.0,fixed15p0,0.2,0.5,0.0,0.15,G16_fixed,False,16,20,0.002787479460934463,25.547883239565863,0.7124111755798134,19,0.001788723311235201,27.47456833103447,0.7795739262114537,15.0,0;22.5;45;67.5;90;112.5;135;157.5;180;202.5;225;247.5;270;292.5;315;337.5
val_images,test010.png,9,rot45_padded,45.0,1000,1000,154360.0,0.15435999631881714,blur,pnp_hqs,restormer,15.0,fixed15p0,0.2,0.5,0.0,0.15,G16_fixed,False,16,20,0.002787479460934463,25.547883239565863,0.7124111755798134,20,0.0017745953886334096,27.509006513495166,0.7834209599313293,15.0,0;22.5;45;67.5;90;112.5;135;157.5;180;202.5;225;247.5;270;292.5;315;337.5
