dataset,eval_mask,file,image_index,input_pose,input_angle_deg,input_rotate_expand,input_height,input_width,eval_mask_pixels,eval_mask_fraction,problem,algorithm,denoiser,train_sigma,schedule,rho,step,red_input_sigma,lambda,mode,group_expand,base_group_size,num_iter,degraded_se,degraded_psnr,degraded_ssim,iteration,se,psnr,ssim,effective_denoiser_sigma,sampled_angles
val_images_circle,circle,test001.png,0,upright,0.0,False,321,321,80892.0,0.7850467562675476,inpaint,red_gd,restormer,15.0,fixed15p0,0.8,3.8461538461538467,1.4142135623730951,0.02,vanilla,True,0,20,0.0676270979940847,11.698792485675087,0.22031557605356525,1,0.06743811023687447,11.710946080926337,0.22116970003214162,15.0,none
val_images_circle,circle,test001.png,0,upright,0.0,False,321,321,80892.0,0.7850467562675476,inpaint,red_gd,restormer,15.0,fixed15p0,0.8,3.8461538461538467,1.4142135623730951,0.02,vanilla,True,0,20,0.0676270979940847,11.698792485675087,0.22031557605356525,2,0.06725399370263747,11.722819211170918,0.22333175039713446,15.0,none
val_images_circle,circle,test001.png,0,upright,0.0,False,321,321,80892.0,0.7850467562675476,inpaint,red_gd,restormer,15.0,fixed15p0,0.8,3.8461538461538467,1.4142135623730951,0.02,vanilla,True,0,20,0.0676270979940847,11.698792485675087,0.22031557605356525,3,0.06707830975637269,11.734178893087787,0.22426420026084162,15.0,none
val_images_circle,circle,test001.png,0,upright,0.0,False,321,321,80892.0,0.7850467562675476,inpaint,red_gd,restormer,15.0,fixed15p0,0.8,3.8461538461538467,1.4142135623730951,0.02,vanilla,True,0,20,0.0676270979940847,11.698792485675087,0.22031557605356525,4,0.06690740045369134,11.745258433913637,0.22620674981765812,15.0,none
val_images_circle,circle,test001.png,0,upright,0.0,False,321,321,80892.0,0.7850467562675476,inpaint,red_gd,restormer,15.0,fixed15p0,0.8,3.8461538461538467,1.4142135623730951,0.02,vanilla,True,0,20,0.0676270979940847,11.698792485675087,0.22031557605356525,5,0.06674239456621174,11.755982158976387,0.22719997226239924,15.0,none
val_images_circle,circle,test001.png,0,upright,0.0,False,321,321,80892.0,0.7850467562675476,inpaint,red_gd,restormer,15.0,fixed15p0,0.8,3.8461538461538467,1.4142135623730951,0.02,vanilla,True,0,20,0.0676270979940847,11.698792485675087,0.22031557605356525,6,0.06658210899640879,11.766424526308906,0.22896138717363893,15.0,none
val_images_circle,circle,test001.png,0,upright,0.0,False,321,321,80892.0,0.7850467562675476,inpaint,red_gd,restormer,15.0,fixed15p0,0.8,3.8461538461538467,1.4142135623730951,0.02,vanilla,True,0,20,0.0676270979940847,11.698792485675087,0.22031557605356525,7,0.06642591597824878,11.776624481851863,0.230003333920536,15.0,none
val_images_circle,circle,test001.png,0,upright,0.0,False,321,321,80892.0,0.7850467562675476,inpaint,red_gd,restormer,15.0,fixed15p0,0.8,3.8461538461538467,1.4142135623730951,0.02,vanilla,True,0,20,0.0676270979940847,11.698792485675087,0.22031557605356525,8,0.0662743165173163,11.786547424223093,0.23161577512300352,15.0,none
val_images_circle,circle,test001.png,0,upright,0.0,False,321,321,80892.0,0.7850467562675476,inpaint,red_gd,restormer,15.0,fixed15p0,0.8,3.8461538461538467,1.4142135623730951,0.02,vanilla,True,0,20,0.0676270979940847,11.698792485675087,0.22031557605356525,9,0.06612570498125588,11.796296848193332,0.23269746428880483,15.0,none
val_images_circle,circle,test001.png,0,upright,0.0,False,321,321,80892.0,0.7850467562675476,inpaint,red_gd,restormer,15.0,fixed15p0,0.8,3.8461538461538467,1.4142135623730951,0.02,vanilla,True,0,20,0.0676270979940847,11.698792485675087,0.22031557605356525,10,0.06598167492999926,11.80576664182861,0.23418584926506947,15.0,none
val_images_circle,circle,test001.png,0,upright,0.0,False,321,321,80892.0,0.7850467562675476,inpaint,red_gd,restormer,15.0,fixed15p0,0.8,3.8461538461538467,1.4142135623730951,0.02,vanilla,True,0,20,0.0676270979940847,11.698792485675087,0.22031557605356525,11,0.06584013783424195,11.815092686131008,0.2352986852840825,15.0,none
val_images_circle,circle,test001.png,0,upright,0.0,False,321,321,80892.0,0.7850467562675476,inpaint,red_gd,restormer,15.0,fixed15p0,0.8,3.8461538461538467,1.4142135623730951,0.02,vanilla,True,0,20,0.0676270979940847,11.698792485675087,0.22031557605356525,12,0.0657032727664664,11.824129971218508,0.23668249892603718,15.0,none
val_images_circle,circle,test001.png,0,upright,0.0,False,321,321,80892.0,0.7850467562675476,inpaint,red_gd,restormer,15.0,fixed15p0,0.8,3.8461538461538467,1.4142135623730951,0.02,vanilla,True,0,20,0.0676270979940847,11.698792485675087,0.22031557605356525,13,0.06556872560404614,11.833032572135984,0.23781839327436582,15.0,none
val_images_circle,circle,test001.png,0,upright,0.0,False,321,321,80892.0,0.7850467562675476,inpaint,red_gd,restormer,15.0,fixed15p0,0.8,3.8461538461538467,1.4142135623730951,0.02,vanilla,True,0,20,0.0676270979940847,11.698792485675087,0.22031557605356525,14,0.06543875389021782,11.84164979259638,0.23911349874678584,15.0,none
val_images_circle,circle,test001.png,0,upright,0.0,False,321,321,80892.0,0.7850467562675476,inpaint,red_gd,restormer,15.0,fixed15p0,0.8,3.8461538461538467,1.4142135623730951,0.02,vanilla,True,0,20,0.0676270979940847,11.698792485675087,0.22031557605356525,15,0.06531090692296519,11.85014285479718,0.24026614961924542,15.0,none
val_images_circle,circle,test001.png,0,upright,0.0,False,321,321,80892.0,0.7850467562675476,inpaint,red_gd,restormer,15.0,fixed15p0,0.8,3.8461538461538467,1.4142135623730951,0.02,vanilla,True,0,20,0.0676270979940847,11.698792485675087,0.22031557605356525,16,0.06518752071627912,11.85835536212684,0.24148715455483855,15.0,none
val_images_circle,circle,test001.png,0,upright,0.0,False,321,321,80892.0,0.7850467562675476,inpaint,red_gd,restormer,15.0,fixed15p0,0.8,3.8461538461538467,1.4142135623730951,0.02,vanilla,True,0,20,0.0676270979940847,11.698792485675087,0.22031557605356525,17,0.06506605402496539,11.86645530551328,0.24265178127163378,15.0,none
val_images_circle,circle,test001.png,0,upright,0.0,False,321,321,80892.0,0.7850467562675476,inpaint,red_gd,restormer,15.0,fixed15p0,0.8,3.8461538461538467,1.4142135623730951,0.02,vanilla,True,0,20,0.0676270979940847,11.698792485675087,0.22031557605356525,18,0.0649489213337691,11.874280572573419,0.2438113858601592,15.0,none
val_images_circle,circle,test001.png,0,upright,0.0,False,321,321,80892.0,0.7850467562675476,inpaint,red_gd,restormer,15.0,fixed15p0,0.8,3.8461538461538467,1.4142135623730951,0.02,vanilla,True,0,20,0.0676270979940847,11.698792485675087,0.22031557605356525,19,0.06483360554234349,11.88199825634447,0.24498342504512188,15.0,none
val_images_circle,circle,test001.png,0,upright,0.0,False,321,321,80892.0,0.7850467562675476,inpaint,red_gd,restormer,15.0,fixed15p0,0.8,3.8461538461538467,1.4142135623730951,0.02,vanilla,True,0,20,0.0676270979940847,11.698792485675087,0.22031557605356525,20,0.06472249095437435,11.889447765175147,0.246092035715831,15.0,none
val_images_circle,circle,test001.png,0,upright,0.0,False,321,321,80892.0,0.7850467562675476,inpaint,red_gd,restormer,15.0,fixed15p0,0.8,3.8461538461538467,1.4142135623730951,0.02,G16_fixed,True,16,20,0.0676270979940847,11.698792485675087,0.22031557605356525,1,0.06662702444887937,11.763495818134793,0.2237076373822504,15.0,0;22.5;45;67.5;90;112.5;135;157.5;180;202.5;225;247.5;270;292.5;315;337.5
val_images_circle,circle,test001.png,0,upright,0.0,False,321,321,80892.0,0.7850467562675476,inpaint,red_gd,restormer,15.0,fixed15p0,0.8,3.8461538461538467,1.4142135623730951,0.02,G16_fixed,True,16,20,0.0676270979940847,11.698792485675087,0.22031557605356525,2,0.0656775041780244,11.825833592733098,0.22807937589625674,15.0,0;22.5;45;67.5;90;112.5;135;157.5;180;202.5;225;247.5;270;292.5;315;337.5
val_images_circle,circle,test001.png,0,upright,0.0,False,321,321,80892.0,0.7850467562675476,inpaint,red_gd,restormer,15.0,fixed15p0,0.8,3.8461538461538467,1.4142135623730951,0.02,G16_fixed,True,16,20,0.0676270979940847,11.698792485675087,0.22031557605356525,3,0.06476940439297149,11.88630096616559,0.23140839502824753,15.0,0;22.5;45;67.5;90;112.5;135;157.5;180;202.5;225;247.5;270;292.5;315;337.5
val_images_circle,circle,test001.png,0,upright,0.0,False,321,321,80892.0,0.7850467562675476,inpaint,red_gd,restormer,15.0,fixed15p0,0.8,3.8461538461538467,1.4142135623730951,0.02,G16_fixed,True,16,20,0.0676270979940847,11.698792485675087,0.22031557605356525,4,0.06390339511323741,11.944760676667162,0.23552043156307176,15.0,0;22.5;45;67.5;90;112.5;135;157.5;180;202.5;225;247.5;270;292.5;315;337.5
val_images_circle,circle,test001.png,0,upright,0.0,False,321,321,80892.0,0.7850467562675476,inpaint,red_gd,restormer,15.0,fixed15p0,0.8,3.8461538461538467,1.4142135623730951,0.02,G16_fixed,True,16,20,0.0676270979940847,11.698792485675087,0.22031557605356525,5,0.0630729210127392,12.001570556352084,0.2387971771003313,15.0,0;22.5;45;67.5;90;112.5;135;157.5;180;202.5;225;247.5;270;292.5;315;337.5
val_images_circle,circle,test001.png,0,upright,0.0,False,321,321,80892.0,0.7850467562675476,inpaint,red_gd,restormer,15.0,fixed15p0,0.8,3.8461538461538467,1.4142135623730951,0.02,G16_fixed,True,16,20,0.0676270979940847,11.698792485675087,0.22031557605356525,6,0.06227688350091789,12.056731287985137,0.24269613535640114,15.0,0;22.5;45;67.5;90;112.5;135;157.5;180;202.5;225;247.5;270;292.5;315;337.5
val_images_circle,circle,test001.png,0,upright,0.0,False,321,321,80892.0,0.7850467562675476,inpaint,red_gd,restormer,15.0,fixed15p0,0.8,3.8461538461538467,1.4142135623730951,0.02,G16_fixed,True,16,20,0.0676270979940847,11.698792485675087,0.22031557605356525,7,0.06151044153585954,12.110511555010593,0.24592975819611335,15.0,0;22.5;45;67.5;90;112.5;135;157.5;180;202.5;225;247.5;270;292.5;315;337.5
val_images_circle,circle,test001.png,0,upright,0.0,False,321,321,80892.0,0.7850467562675476,inpaint,red_gd,restormer,15.0,fixed15p0,0.8,3.8461538461538467,1.4142135623730951,0.02,G16_fixed,True,16,20,0.0676270979940847,11.698792485675087,0.22031557605356525,8,0.060774603164945235,12.162778682532352,0.24964813713809772,15.0,0;22.5;45;67.5;90;112.5;135;157.5;180;202.5;225;247.5;270;292.5;315;337.5
val_images_circle,circle,test001.png,0,upright,0.0,False,321,321,80892.0,0.7850467562675476,inpaint,red_gd,restormer,15.0,fixed15p0,0.8,3.8461538461538467,1.4142135623730951,0.02,G16_fixed,True,16,20,0.0676270979940847,11.698792485675087,0.22031557605356525,9,0.060065239619260864,12.213767860484701,0.25282649242199473,15.0,0;22.5;45;67.5;90;112.5;135;157.5;180;202.5;225;247.5;270;292.5;315;337.5
val_images_circle,circle,test001.png,0,upright,0.0,False,321,321,80892.0,0.7850467562675476,inpaint,red_gd,restormer,15.0,fixed15p0,0.8,3.8461538461538467,1.4142135623730951,0.02,G16_fixed,True,16,20,0.0676270979940847,11.698792485675087,0.22031557605356525,10,0.059381825748374376,12.263464537548817,0.2563849841841591,15.0,0;22.5;45;67.5;90;112.5;135;157.5;180;202.5;225;247.5;270;292.5;315;337.5
val_images_circle,circle,test001.png,0,upright,0.0,False,321,321,80892.0,0.7850467562675476,inpaint,red_gd,restormer,15.0,fixed15p0,0.8,3.8461538461538467,1.4142135623730951,0.02,G16_fixed,True,16,20,0.0676270979940847,11.698792485675087,0.22031557605356525,11,0.058722104009049106,12.311983920710434,0.25949940391200615,15.0,0;22.5;45;67.5;90;112.5;135;157.5;180;202.5;225;247.5;270;292.5;315;337.5
val_images_circle,circle,test001.png,0,upright,0.0,False,321,321,80892.0,0.7850467562675476,inpaint,red_gd,restormer,15.0,fixed15p0,0.8,3.8461538461538467,1.4142135623730951,0.02,G16_fixed,True,16,20,0.0676270979940847,11.698792485675087,0.22031557605356525,12,0.05808192752373535,12.359589794458499,0.2629304350244771,15.0,0;22.5;45;67.5;90;112.5;135;157.5;180;202.5;225;247.5;270;292.5;315;337.5
val_images_circle,circle,test001.png,0,upright,0.0,False,321,321,80892.0,0.7850467562675476,inpaint,red_gd,restormer,15.0,fixed15p0,0.8,3.8461538461538467,1.4142135623730951,0.02,G16_fixed,True,16,20,0.0676270979940847,11.698792485675087,0.22031557605356525,13,0.057461260075161946,12.406248545416126,0.2660192129243312,15.0,0;22.5;45;67.5;90;112.5;135;157.5;180;202.5;225;247.5;270;292.5;315;337.5
val_images_circle,circle,test001.png,0,upright,0.0,False,321,321,80892.0,0.7850467562675476,inpaint,red_gd,restormer,15.0,fixed15p0,0.8,3.8461538461538467,1.4142135623730951,0.02,G16_fixed,True,16,20,0.0676270979940847,11.698792485675087,0.22031557605356525,14,0.05685708959360938,12.452153747860127,0.26935337490882905,15.0,0;22.5;45;67.5;90;112.5;135;157.5;180;202.5;225;247.5;270;292.5;315;337.5
val_images_circle,circle,test001.png,0,upright,0.0,False,321,321,80892.0,0.7850467562675476,inpaint,red_gd,restormer,15.0,fixed15p0,0.8,3.8461538461538467,1.4142135623730951,0.02,G16_fixed,True,16,20,0.0676270979940847,11.698792485675087,0.22031557605356525,15,0.05626956698437423,12.497264268936426,0.27242397173855265,15.0,0;22.5;45;67.5;90;112.5;135;157.5;180;202.5;225;247.5;270;292.5;315;337.5
val_images_circle,circle,test001.png,0,upright,0.0,False,321,321,80892.0,0.7850467562675476,inpaint,red_gd,restormer,15.0,fixed15p0,0.8,3.8461538461538467,1.4142135623730951,0.02,G16_fixed,True,16,20,0.0676270979940847,11.698792485675087,0.22031557605356525,16,0.05569912081849874,12.541516598835065,0.2756715020103966,15.0,0;22.5;45;67.5;90;112.5;135;157.5;180;202.5;225;247.5;270;292.5;315;337.5
val_images_circle,circle,test001.png,0,upright,0.0,False,321,321,80892.0,0.7850467562675476,inpaint,red_gd,restormer,15.0,fixed15p0,0.8,3.8461538461538467,1.4142135623730951,0.02,G16_fixed,True,16,20,0.0676270979940847,11.698792485675087,0.22031557605356525,17,0.05514261830202616,12.585126164107844,0.2787121109395861,15.0,0;22.5;45;67.5;90;112.5;135;157.5;180;202.5;225;247.5;270;292.5;315;337.5
val_images_circle,circle,test001.png,0,upright,0.0,False,321,321,80892.0,0.7850467562675476,inpaint,red_gd,restormer,15.0,fixed15p0,0.8,3.8461538461538467,1.4142135623730951,0.02,G16_fixed,True,16,20,0.0676270979940847,11.698792485675087,0.22031557605356525,18,0.05460055440432923,12.62802947523861,0.2818921322179573,15.0,0;22.5;45;67.5;90;112.5;135;157.5;180;202.5;225;247.5;270;292.5;315;337.5
val_images_circle,circle,test001.png,0,upright,0.0,False,321,321,80892.0,0.7850467562675476,inpaint,red_gd,restormer,15.0,fixed15p0,0.8,3.8461538461538467,1.4142135623730951,0.02,G16_fixed,True,16,20,0.0676270979940847,11.698792485675087,0.22031557605356525,19,0.05407291101677236,12.670202495386679,0.28489686190383473,15.0,0;22.5;45;67.5;90;112.5;135;157.5;180;202.5;225;247.5;270;292.5;315;337.5
val_images_circle,circle,test001.png,0,upright,0.0,False,321,321,80892.0,0.7850467562675476,inpaint,red_gd,restormer,15.0,fixed15p0,0.8,3.8461538461538467,1.4142135623730951,0.02,G16_fixed,True,16,20,0.0676270979940847,11.698792485675087,0.22031557605356525,20,0.05355519116151783,12.711984261667075,0.28801929772103546,15.0,0;22.5;45;67.5;90;112.5;135;157.5;180;202.5;225;247.5;270;292.5;315;337.5
val_images_circle,circle,test001.png,0,rot45_padded,45.0,False,321,321,80883.0,0.7849593758583069,inpaint,red_gd,restormer,15.0,fixed15p0,0.8,3.8461538461538467,1.4142135623730951,0.02,vanilla,False,0,20,0.06822988988531274,11.66025329617641,0.22236391995227675,1,0.06804683950312489,11.671920411914025,0.22316769477207818,15.0,none
val_images_circle,circle,test001.png,0,rot45_padded,45.0,False,321,321,80883.0,0.7849593758583069,inpaint,red_gd,restormer,15.0,fixed15p0,0.8,3.8461538461538467,1.4142135623730951,0.02,vanilla,False,0,20,0.06822988988531274,11.66025329617641,0.22236391995227675,2,0.06786800890251969,11.683348918625045,0.22528255995542945,15.0,none
val_images_circle,circle,test001.png,0,rot45_padded,45.0,False,321,321,80883.0,0.7849593758583069,inpaint,red_gd,restormer,15.0,fixed15p0,0.8,3.8461538461538467,1.4142135623730951,0.02,vanilla,False,0,20,0.06822988988531274,11.66025329617641,0.22236391995227675,3,0.06769839662305428,11.694216170756526,0.22614600333197335,15.0,none
val_images_circle,circle,test001.png,0,rot45_padded,45.0,False,321,321,80883.0,0.7849593758583069,inpaint,red_gd,restormer,15.0,fixed15p0,0.8,3.8461538461538467,1.4142135623730951,0.02,vanilla,False,0,20,0.06822988988531274,11.66025329617641,0.22236391995227675,4,0.06753311882595849,11.704831931551814,0.2280426713972652,15.0,none
val_images_circle,circle,test001.png,0,rot45_padded,45.0,False,321,321,80883.0,0.7849593758583069,inpaint,red_gd,restormer,15.0,fixed15p0,0.8,3.8461538461538467,1.4142135623730951,0.02,vanilla,False,0,20,0.06822988988531274,11.66025329617641,0.22236391995227675,5,0.06737494040388586,11.71501605957709,0.22895160872803927,15.0,none
val_images_circle,circle,test001.png,0,rot45_padded,45.0,False,321,321,80883.0,0.7849593758583069,inpaint,red_gd,restormer,15.0,fixed15p0,0.8,3.8461538461538467,1.4142135623730951,0.02,vanilla,False,0,20,0.06822988988531274,11.66025329617641,0.22236391995227675,6,0.06722089724702657,11.724956949782355,0.23066304105930788,15.0,none
val_images_circle,circle,test001.png,0,rot45_padded,45.0,False,321,321,80883.0,0.7849593758583069,inpaint,red_gd,restormer,15.0,fixed15p0,0.8,3.8461538461538467,1.4142135623730951,0.02,vanilla,False,0,20,0.06822988988531274,11.66025329617641,0.22236391995227675,7,0.06707233558040626,11.734565704742899,0.23160728208492515,15.0,none
val_images_circle,circle,test001.png,0,rot45_padded,45.0,False,321,321,80883.0,0.7849593758583069,inpaint,red_gd,restormer,15.0,fixed15p0,0.8,3.8461538461538467,1.4142135623730951,0.02,vanilla,False,0,20,0.06822988988531274,11.66025329617641,0.22236391995227675,8,0.06692761337170666,11.743946615941187,0.23316421849307023,15.0,none
val_images_circle,circle,test001.png,0,rot45_padded,45.0,False,321,321,80883.0,0.7849593758583069,inpaint,red_gd,restormer,15.0,fixed15p0,0.8,3.8461538461538467,1.4142135623730951,0.02,vanilla,False,0,20,0.06822988988531274,11.66025329617641,0.22236391995227675,9,0.06678732223551302,11.753059687474769,0.23413680872371204,15.0,none
val_images_circle,circle,test001.png,0,rot45_padded,45.0,False,321,321,80883.0,0.7849593758583069,inpaint,red_gd,restormer,15.0,fixed15p0,0.8,3.8461538461538467,1.4142135623730951,0.02,vanilla,False,0,20,0.06822988988531274,11.66025329617641,0.22236391995227675,10,0.06665077396710371,11.761948030739674,0.23556506292267843,15.0,none
val_images_circle,circle,test001.png,0,rot45_padded,45.0,False,321,321,80883.0,0.7849593758583069,inpaint,red_gd,restormer,15.0,fixed15p0,0.8,3.8461538461538467,1.4142135623730951,0.02,vanilla,False,0,20,0.06822988988531274,11.66025329617641,0.22236391995227675,11,0.06651808930414921,11.770602341455781,0.23655943422907164,15.0,none
val_images_circle,circle,test001.png,0,rot45_padded,45.0,False,321,321,80883.0,0.7849593758583069,inpaint,red_gd,restormer,15.0,fixed15p0,0.8,3.8461538461538467,1.4142135623730951,0.02,vanilla,False,0,20,0.06822988988531274,11.66025329617641,0.22236391995227675,12,0.06638910525079436,11.779031844523601,0.2378796282129743,15.0,none
val_images_circle,circle,test001.png,0,rot45_padded,45.0,False,321,321,80883.0,0.7849593758583069,inpaint,red_gd,restormer,15.0,fixed15p0,0.8,3.8461538461538467,1.4142135623730951,0.02,vanilla,False,0,20,0.06822988988531274,11.66025329617641,0.22236391995227675,13,0.06626362258988291,11.787248252033692,0.23888984030173213,15.0,none
val_images_circle,circle,test001.png,0,rot45_padded,45.0,False,321,321,80883.0,0.7849593758583069,inpaint,red_gd,restormer,15.0,fixed15p0,0.8,3.8461538461538467,1.4142135623730951,0.02,vanilla,False,0,20,0.06822988988531274,11.66025329617641,0.22236391995227675,14,0.06614175602220182,11.795242790227306,0.24011940859018582,15.0,none
val_images_circle,circle,test001.png,0,rot45_padded,45.0,False,321,321,80883.0,0.7849593758583069,inpaint,red_gd,restormer,15.0,fixed15p0,0.8,3.8461538461538467,1.4142135623730951,0.02,vanilla,False,0,20,0.06822988988531274,11.66025329617641,0.22236391995227675,15,0.0660230950396715,11.80304120612428,0.241140680249558,15.0,none
val_images_circle,circle,test001.png,0,rot45_padded,45.0,False,321,321,80883.0,0.7849593758583069,inpaint,red_gd,restormer,15.0,fixed15p0,0.8,3.8461538461538467,1.4142135623730951,0.02,vanilla,False,0,20,0.06822988988531274,11.66025329617641,0.22236391995227675,16,0.06590788111763288,11.810626503339103,0.24229493237917732,15.0,none
val_images_circle,circle,test001.png,0,rot45_padded,45.0,False,321,321,80883.0,0.7849593758583069,inpaint,red_gd,restormer,15.0,fixed15p0,0.8,3.8461538461538467,1.4142135623730951,0.02,vanilla,False,0,20,0.06822988988531274,11.66025329617641,0.22236391995227675,17,0.06579560112098648,11.818031409262048,0.24332383465932272,15.0,none
val_images_circle,circle,test001.png,0,rot45_padded,45.0,False,321,321,80883.0,0.7849593758583069,inpaint,red_gd,restormer,15.0,fixed15p0,0.8,3.8461538461538467,1.4142135623730951,0.02,vanilla,False,0,20,0.06822988988531274,11.66025329617641,0.22236391995227675,18,0.06568662933651076,11.825230230783763,0.24441643813440403,15.0,none
val_images_circle,circle,test001.png,0,rot45_padded,45.0,False,321,321,80883.0,0.7849593758583069,inpaint,red_gd,restormer,15.0,fixed15p0,0.8,3.8461538461538467,1.4142135623730951,0.02,vanilla,False,0,20,0.06822988988531274,11.66025329617641,0.22236391995227675,19,0.06558031981766874,11.832264697235296,0.2454502182164361,15.0,none
val_images_circle,circle,test001.png,0,rot45_padded,45.0,False,321,321,80883.0,0.7849593758583069,inpaint,red_gd,restormer,15.0,fixed15p0,0.8,3.8461538461538467,1.4142135623730951,0.02,vanilla,False,0,20,0.06822988988531274,11.66025329617641,0.22236391995227675,20,0.06547714947825872,11.83910235686632,0.24649295703361646,15.0,none
val_images_circle,circle,test001.png,0,rot45_padded,45.0,False,321,321,80883.0,0.7849593758583069,inpaint,red_gd,restormer,15.0,fixed15p0,0.8,3.8461538461538467,1.4142135623730951,0.02,G16_fixed,False,16,20,0.06822988988531274,11.66025329617641,0.22236391995227675,1,0.06735111886150365,11.716551852217538,0.2251114988239185,15.0,0;22.5;45;67.5;90;112.5;135;157.5;180;202.5;225;247.5;270;292.5;315;337.5
val_images_circle,circle,test001.png,0,rot45_padded,45.0,False,321,321,80883.0,0.7849593758583069,inpaint,red_gd,restormer,15.0,fixed15p0,0.8,3.8461538461538467,1.4142135623730951,0.02,G16_fixed,False,16,20,0.06822988988531274,11.66025329617641,0.22236391995227675,2,0.06652118018851304,11.770400543290656,0.22909161613070733,15.0,0;22.5;45;67.5;90;112.5;135;157.5;180;202.5;225;247.5;270;292.5;315;337.5
val_images_circle,circle,test001.png,0,rot45_padded,45.0,False,321,321,80883.0,0.7849593758583069,inpaint,red_gd,restormer,15.0,fixed15p0,0.8,3.8461538461538467,1.4142135623730951,0.02,G16_fixed,False,16,20,0.06822988988531274,11.66025329617641,0.22236391995227675,3,0.06572979305370102,11.822377350675279,0.2317866982632321,15.0,0;22.5;45;67.5;90;112.5;135;157.5;180;202.5;225;247.5;270;292.5;315;337.5
val_images_circle,circle,test001.png,0,rot45_padded,45.0,False,321,321,80883.0,0.7849593758583069,inpaint,red_gd,restormer,15.0,fixed15p0,0.8,3.8461538461538467,1.4142135623730951,0.02,G16_fixed,False,16,20,0.06822988988531274,11.66025329617641,0.22236391995227675,4,0.06497836405092851,11.872312270107068,0.2354956870572308,15.0,0;22.5;45;67.5;90;112.5;135;157.5;180;202.5;225;247.5;270;292.5;315;337.5
val_images_circle,circle,test001.png,0,rot45_padded,45.0,False,321,321,80883.0,0.7849593758583069,inpaint,red_gd,restormer,15.0,fixed15p0,0.8,3.8461538461538467,1.4142135623730951,0.02,G16_fixed,False,16,20,0.06822988988531274,11.66025329617641,0.22236391995227675,5,0.06425788614997899,11.92073565253525,0.23815027377508252,15.0,0;22.5;45;67.5;90;112.5;135;157.5;180;202.5;225;247.5;270;292.5;315;337.5
val_images_circle,circle,test001.png,0,rot45_padded,45.0,False,321,321,80883.0,0.7849593758583069,inpaint,red_gd,restormer,15.0,fixed15p0,0.8,3.8461538461538467,1.4142135623730951,0.02,G16_fixed,False,16,20,0.06822988988531274,11.66025329617641,0.22236391995227675,6,0.06357044811255147,11.96744727186462,0.24163589787872605,15.0,0;22.5;45;67.5;90;112.5;135;157.5;180;202.5;225;247.5;270;292.5;315;337.5
val_images_circle,circle,test001.png,0,rot45_padded,45.0,False,321,321,80883.0,0.7849593758583069,inpaint,red_gd,restormer,15.0,fixed15p0,0.8,3.8461538461538467,1.4142135623730951,0.02,G16_fixed,False,16,20,0.06822988988531274,11.66025329617641,0.22236391995227675,7,0.06290826235890112,12.012923106560848,0.2442581027533598,15.0,0;22.5;45;67.5;90;112.5;135;157.5;180;202.5;225;247.5;270;292.5;315;337.5
val_images_circle,circle,test001.png,0,rot45_padded,45.0,False,321,321,80883.0,0.7849593758583069,inpaint,red_gd,restormer,15.0,fixed15p0,0.8,3.8461538461538467,1.4142135623730951,0.02,G16_fixed,False,16,20,0.06822988988531274,11.66025329617641,0.22236391995227675,8,0.06227385230634064,12.056942676712822,0.24755844282791192,15.0,0;22.5;45;67.5;90;112.5;135;157.5;180;202.5;225;247.5;270;292.5;315;337.5
val_images_circle,circle,test001.png,0,rot45_padded,45.0,False,321,321,80883.0,0.7849593758583069,inpaint,red_gd,restormer,15.0,fixed15p0,0.8,3.8461538461538467,1.4142135623730951,0.02,G16_fixed,False,16,20,0.06822988988531274,11.66025329617641,0.22236391995227675,9,0.06166044457155707,12.099933483367566,0.25015348172669166,15.0,0;22.5;45;67.5;90;112.5;135;157.5;180;202.5;225;247.5;270;292.5;315;337.5
val_images_circle,circle,test001.png,0,rot45_padded,45.0,False,321,321,80883.0,0.7849593758583069,inpaint,red_gd,restormer,15.0,fixed15p0,0.8,3.8461538461538467,1.4142135623730951,0.02,G16_fixed,False,16,20,0.06822988988531274,11.66025329617641,0.22236391995227675,10,0.06107073160460171,12.141668772869526,0.25329932587812026,15.0,0;22.5;45;67.5;90;112.5;135;157.5;180;202.5;225;247.5;270;292.5;315;337.5
val_images_circle,circle,test001.png,0,rot45_padded,45.0,False,321,321,80883.0,0.7849593758583069,inpaint,red_gd,restormer,15.0,fixed15p0,0.8,3.8461538461538467,1.4142135623730951,0.02,G16_fixed,False,16,20,0.06822988988531274,11.66025329617641,0.22236391995227675,11,0.06049875500143726,12.182535625635511,0.25587108655403484,15.0,0;22.5;45;67.5;90;112.5;135;157.5;180;202.5;225;247.5;270;292.5;315;337.5
val_images_circle,circle,test001.png,0,rot45_padded,45.0,False,321,321,80883.0,0.7849593758583069,inpaint,red_gd,restormer,15.0,fixed15p0,0.8,3.8461538461538467,1.4142135623730951,0.02,G16_fixed,False,16,20,0.06822988988531274,11.66025329617641,0.22236391995227675,12,0.05994721324899855,12.222310010340685,0.25888827264381886,15.0,0;22.5;45;67.5;90;112.5;135;157.5;180;202.5;225;247.5;270;292.5;315;337.5
val_images_circle,circle,test001.png,0,rot45_padded,45.0,False,321,321,80883.0,0.7849593758583069,inpaint,red_gd,restormer,15.0,fixed15p0,0.8,3.8461538461538467,1.4142135623730951,0.02,G16_fixed,False,16,20,0.06822988988531274,11.66025329617641,0.22236391995227675,13,0.05941084218485343,12.26134291191026,0.26144023234177766,15.0,0;22.5;45;67.5;90;112.5;135;157.5;180;202.5;225;247.5;270;292.5;315;337.5
val_images_circle,circle,test001.png,0,rot45_padded,45.0,False,321,321,80883.0,0.7849593758583069,inpaint,red_gd,restormer,15.0,fixed15p0,0.8,3.8461538461538467,1.4142135623730951,0.02,G16_fixed,False,16,20,0.06822988988531274,11.66025329617641,0.22236391995227675,14,0.0588922557795674,12.299418103626913,0.26435063803580483,15.0,0;22.5;45;67.5;90;112.5;135;157.5;180;202.5;225;247.5;270;292.5;315;337.5
val_images_circle,circle,test001.png,0,rot45_padded,45.0,False,321,321,80883.0,0.7849593758583069,inpaint,red_gd,restormer,15.0,fixed15p0,0.8,3.8461538461538467,1.4142135623730951,0.02,G16_fixed,False,16,20,0.06822988988531274,11.66025329617641,0.22236391995227675,15,0.058386769411526526,12.336855539585422,0.2668855495746943,15.0,0;22.5;45;67.5;90;112.5;135;157.5;180;202.5;225;247.5;270;292.5;315;337.5
val_images_circle,circle,test001.png,0,rot45_padded,45.0,False,321,321,80883.0,0.7849593758583069,inpaint,red_gd,restormer,15.0,fixed15p0,0.8,3.8461538461538467,1.4142135623730951,0.02,G16_fixed,False,16,20,0.06822988988531274,11.66025329617641,0.22236391995227675,16,0.057896876313625854,12.373448669521988,0.2697082031298295,15.0,0;22.5;45;67.5;90;112.5;135;157.5;180;202.5;225;247.5;270;292.5;315;337.5
val_images_circle,circle,test001.png,0,rot45_padded,45.0,False,321,321,80883.0,0.7849593758583069,inpaint,red_gd,restormer,15.0,fixed15p0,0.8,3.8461538461538467,1.4142135623730951,0.02,G16_fixed,False,16,20,0.06822988988531274,11.66025329617641,0.22236391995227675,17,0.05741838085181682,12.409490583918616,0.2722291573940136,15.0,0;22.5;45;67.5;90;112.5;135;157.5;180;202.5;225;247.5;270;292.5;315;337.5
val_images_circle,circle,test001.png,0,rot45_padded,45.0,False,321,321,80883.0,0.7849593758583069,inpaint,red_gd,restormer,15.0,fixed15p0,0.8,3.8461538461538467,1.4142135623730951,0.02,G16_fixed,False,16,20,0.06822988988531274,11.66025329617641,0.22236391995227675,18,0.05695365552132401,12.444783958730298,0.2749801169204283,15.0,0;22.5;45;67.5;90;112.5;135;157.5;180;202.5;225;247.5;270;292.5;315;337.5
val_images_circle,circle,test001.png,0,rot45_padded,45.0,False,321,321,80883.0,0.7849593758583069,inpaint,red_gd,restormer,15.0,fixed15p0,0.8,3.8461538461538467,1.4142135623730951,0.02,G16_fixed,False,16,20,0.06822988988531274,11.66025329617641,0.22236391995227675,19,0.05649890915929491,12.479599371482111,0.2774896011059184,15.0,0;22.5;45;67.5;90;112.5;135;157.5;180;202.5;225;247.5;270;292.5;315;337.5
val_images_circle,circle,test001.png,0,rot45_padded,45.0,False,321,321,80883.0,0.7849593758583069,inpaint,red_gd,restormer,15.0,fixed15p0,0.8,3.8461538461538467,1.4142135623730951,0.02,G16_fixed,False,16,20,0.06822988988531274,11.66025329617641,0.22236391995227675,20,0.056056393523283635,12.513748466991768,0.2801827031406476,15.0,0;22.5;45;67.5;90;112.5;135;157.5;180;202.5;225;247.5;270;292.5;315;337.5
val_images_circle,circle,test002.png,1,upright,0.0,False,321,321,80892.0,0.7850467562675476,inpaint,red_gd,restormer,15.0,fixed15p0,0.8,3.8461538461538467,1.4142135623730951,0.02,vanilla,True,0,20,0.15752691232986574,8.026452394749866,0.11224735555972779,1,0.15715497302730802,8.03671871571975,0.11231141184001509,15.0,none
val_images_circle,circle,test002.png,1,upright,0.0,False,321,321,80892.0,0.7850467562675476,inpaint,red_gd,restormer,15.0,fixed15p0,0.8,3.8461538461538467,1.4142135623730951,0.02,vanilla,True,0,20,0.15752691232986574,8.026452394749866,0.11224735555972779,2,0.15679706188111928,8.04662079539158,0.11329327413403056,15.0,none
val_images_circle,circle,test002.png,1,upright,0.0,False,321,321,80892.0,0.7850467562675476,inpaint,red_gd,restormer,15.0,fixed15p0,0.8,3.8461538461538467,1.4142135623730951,0.02,vanilla,True,0,20,0.15752691232986574,8.026452394749866,0.11224735555972779,3,0.15645401188853655,8.056132959328458,0.11339279919522326,15.0,none
val_images_circle,circle,test002.png,1,upright,0.0,False,321,321,80892.0,0.7850467562675476,inpaint,red_gd,restormer,15.0,fixed15p0,0.8,3.8461538461538467,1.4142135623730951,0.02,vanilla,True,0,20,0.15752691232986574,8.026452394749866,0.11224735555972779,4,0.15612350514420462,8.06531706893108,0.11426504388181155,15.0,none
val_images_circle,circle,test002.png,1,upright,0.0,False,321,321,80892.0,0.7850467562675476,inpaint,red_gd,restormer,15.0,fixed15p0,0.8,3.8461538461538467,1.4142135623730951,0.02,vanilla,True,0,20,0.15752691232986574,8.026452394749866,0.11224735555972779,5,0.15580490180966597,8.074188830215984,0.11439234758999654,15.0,none
val_images_circle,circle,test002.png,1,upright,0.0,False,321,321,80892.0,0.7850467562675476,inpaint,red_gd,restormer,15.0,fixed15p0,0.8,3.8461538461538467,1.4142135623730951,0.02,vanilla,True,0,20,0.15752691232986574,8.026452394749866,0.11224735555972779,6,0.15549748961192084,8.082766179329044,0.11517158632420388,15.0,none
val_images_circle,circle,test002.png,1,upright,0.0,False,321,321,80892.0,0.7850467562675476,inpaint,red_gd,restormer,15.0,fixed15p0,0.8,3.8461538461538467,1.4142135623730951,0.02,vanilla,True,0,20,0.15752691232986574,8.026452394749866,0.11224735555972779,7,0.1551999405843594,8.09108449340007,0.1153208618435692,15.0,none
val_images_circle,circle,test002.png,1,upright,0.0,False,321,321,80892.0,0.7850467562675476,inpaint,red_gd,restormer,15.0,fixed15p0,0.8,3.8461538461538467,1.4142135623730951,0.02,vanilla,True,0,20,0.15752691232986574,8.026452394749866,0.11224735555972779,8,0.15491244788576125,8.099136833970757,0.11602063988481556,15.0,none
val_images_circle,circle,test002.png,1,upright,0.0,False,321,321,80892.0,0.7850467562675476,inpaint,red_gd,restormer,15.0,fixed15p0,0.8,3.8461538461538467,1.4142135623730951,0.02,vanilla,True,0,20,0.15752691232986574,8.026452394749866,0.11224735555972779,9,0.15463345417346586,8.106965428162365,0.11618739627373535,15.0,none
val_images_circle,circle,test002.png,1,upright,0.0,False,321,321,80892.0,0.7850467562675476,inpaint,red_gd,restormer,15.0,fixed15p0,0.8,3.8461538461538467,1.4142135623730951,0.02,vanilla,True,0,20,0.15752691232986574,8.026452394749866,0.11224735555972779,10,0.1543639131689475,8.114542204728911,0.11681860294822108,15.0,none
val_images_circle,circle,test002.png,1,upright,0.0,False,321,321,80892.0,0.7850467562675476,inpaint,red_gd,restormer,15.0,fixed15p0,0.8,3.8461538461538467,1.4142135623730951,0.02,vanilla,True,0,20,0.15752691232986574,8.026452394749866,0.11224735555972779,11,0.15410196571895243,8.12191821401963,0.11699931505896752,15.0,none
val_images_circle,circle,test002.png,1,upright,0.0,False,321,321,80892.0,0.7850467562675476,inpaint,red_gd,restormer,15.0,fixed15p0,0.8,3.8461538461538467,1.4142135623730951,0.02,vanilla,True,0,20,0.15752691232986574,8.026452394749866,0.11224735555972779,12,0.1538491329488701,8.12904946973119,0.11757112540872398,15.0,none
val_images_circle,circle,test002.png,1,upright,0.0,False,321,321,80892.0,0.7850467562675476,inpaint,red_gd,restormer,15.0,fixed15p0,0.8,3.8461538461538467,1.4142135623730951,0.02,vanilla,True,0,20,0.15752691232986574,8.026452394749866,0.11224735555972779,13,0.1536032901121248,8.135994818159809,0.11776254575931488,15.0,none
val_images_circle,circle,test002.png,1,upright,0.0,False,321,321,80892.0,0.7850467562675476,inpaint,red_gd,restormer,15.0,fixed15p0,0.8,3.8461538461538467,1.4142135623730951,0.02,vanilla,True,0,20,0.15752691232986574,8.026452394749866,0.11224735555972779,14,0.1533659704065297,8.142709930868278,0.118282746497645,15.0,none
val_images_circle,circle,test002.png,1,upright,0.0,False,321,321,80892.0,0.7850467562675476,inpaint,red_gd,restormer,15.0,fixed15p0,0.8,3.8461538461538467,1.4142135623730951,0.02,vanilla,True,0,20,0.15752691232986574,8.026452394749866,0.11224735555972779,15,0.15313507323035652,8.149253294458735,0.11848281070362335,15.0,none
val_images_circle,circle,test002.png,1,upright,0.0,False,321,321,80892.0,0.7850467562675476,inpaint,red_gd,restormer,15.0,fixed15p0,0.8,3.8461538461538467,1.4142135623730951,0.02,vanilla,True,0,20,0.15752691232986574,8.026452394749866,0.11224735555972779,16,0.15291198691233374,8.155584685063811,0.11895831932932181,15.0,none
val_images_circle,circle,test002.png,1,upright,0.0,False,321,321,80892.0,0.7850467562675476,inpaint,red_gd,restormer,15.0,fixed15p0,0.8,3.8461538461538467,1.4142135623730951,0.02,vanilla,True,0,20,0.15752691232986574,8.026452394749866,0.11224735555972779,17,0.15269484022678387,8.161756381164414,0.11916554248256934,15.0,none
val_images_circle,circle,test002.png,1,upright,0.0,False,321,321,80892.0,0.7850467562675476,inpaint,red_gd,restormer,15.0,fixed15p0,0.8,3.8461538461538467,1.4142135623730951,0.02,vanilla,True,0,20,0.15752691232986574,8.026452394749866,0.11224735555972779,18,0.15248492492304555,8.16773089735905,0.11960214168660065,15.0,none
val_images_circle,circle,test002.png,1,upright,0.0,False,321,321,80892.0,0.7850467562675476,inpaint,red_gd,restormer,15.0,fixed15p0,0.8,3.8461538461538467,1.4142135623730951,0.02,vanilla,True,0,20,0.15752691232986574,8.026452394749866,0.11224735555972779,19,0.1522804059927125,8.17355973989535,0.11981530447232112,15.0,none
val_images_circle,circle,test002.png,1,upright,0.0,False,321,321,80892.0,0.7850467562675476,inpaint,red_gd,restormer,15.0,fixed15p0,0.8,3.8461538461538467,1.4142135623730951,0.02,vanilla,True,0,20,0.15752691232986574,8.026452394749866,0.11224735555972779,20,0.1520825751851234,8.179205422550528,0.1202181371071923,15.0,none
val_images_circle,circle,test002.png,1,upright,0.0,False,321,321,80892.0,0.7850467562675476,inpaint,red_gd,restormer,15.0,fixed15p0,0.8,3.8461538461538467,1.4142135623730951,0.02,G16_fixed,True,16,20,0.15752691232986574,8.026452394749866,0.11224735555972779,1,0.15514871729049226,8.092518106435534,0.11400378455996885,15.0,0;22.5;45;67.5;90;112.5;135;157.5;180;202.5;225;247.5;270;292.5;315;337.5
val_images_circle,circle,test002.png,1,upright,0.0,False,321,321,80892.0,0.7850467562675476,inpaint,red_gd,restormer,15.0,fixed15p0,0.8,3.8461538461538467,1.4142135623730951,0.02,G16_fixed,True,16,20,0.15752691232986574,8.026452394749866,0.11224735555972779,2,0.15291257846109627,8.155567884166015,0.11609952110143772,15.0,0;22.5;45;67.5;90;112.5;135;157.5;180;202.5;225;247.5;270;292.5;315;337.5
val_images_circle,circle,test002.png,1,upright,0.0,False,321,321,80892.0,0.7850467562675476,inpaint,red_gd,restormer,15.0,fixed15p0,0.8,3.8461538461538467,1.4142135623730951,0.02,G16_fixed,True,16,20,0.15752691232986574,8.026452394749866,0.11224735555972779,3,0.1507705200297928,8.216835672194424,0.11779907691350813,15.0,0;22.5;45;67.5;90;112.5;135;157.5;180;202.5;225;247.5;270;292.5;315;337.5
val_images_circle,circle,test002.png,1,upright,0.0,False,321,321,80892.0,0.7850467562675476,inpaint,red_gd,restormer,15.0,fixed15p0,0.8,3.8461538461538467,1.4142135623730951,0.02,G16_fixed,True,16,20,0.15752691232986574,8.026452394749866,0.11224735555972779,4,0.14874502084955868,8.27557563103639,0.11976744938467339,15.0,0;22.5;45;67.5;90;112.5;135;157.5;180;202.5;225;247.5;270;292.5;315;337.5
val_images_circle,circle,test002.png,1,upright,0.0,False,321,321,80892.0,0.7850467562675476,inpaint,red_gd,restormer,15.0,fixed15p0,0.8,3.8461538461538467,1.4142135623730951,0.02,G16_fixed,True,16,20,0.15752691232986574,8.026452394749866,0.11224735555972779,5,0.14679701455721827,8.332827766713805,0.12141800322884216,15.0,0;22.5;45;67.5;90;112.5;135;157.5;180;202.5;225;247.5;270;292.5;315;337.5
val_images_circle,circle,test002.png,1,upright,0.0,False,321,321,80892.0,0.7850467562675476,inpaint,red_gd,restormer,15.0,fixed15p0,0.8,3.8461538461538467,1.4142135623730951,0.02,G16_fixed,True,16,20,0.15752691232986574,8.026452394749866,0.11224735555972779,6,0.14494995787207016,8.387819065313371,0.12327500759114003,15.0,0;22.5;45;67.5;90;112.5;135;157.5;180;202.5;225;247.5;270;292.5;315;337.5
val_images_circle,circle,test002.png,1,upright,0.0,False,321,321,80892.0,0.7850467562675476,inpaint,red_gd,restormer,15.0,fixed15p0,0.8,3.8461538461538467,1.4142135623730951,0.02,G16_fixed,True,16,20,0.15752691232986574,8.026452394749866,0.11224735555972779,7,0.1431673075674974,8.44156142391252,0.12488190755111754,15.0,0;22.5;45;67.5;90;112.5;135;157.5;180;202.5;225;247.5;270;292.5;315;337.5
val_images_circle,circle,test002.png,1,upright,0.0,False,321,321,80892.0,0.7850467562675476,inpaint,red_gd,restormer,15.0,fixed15p0,0.8,3.8461538461538467,1.4142135623730951,0.02,G16_fixed,True,16,20,0.15752691232986574,8.026452394749866,0.11224735555972779,8,0.14146734129302033,8.493438084314235,0.1266516645071515,15.0,0;22.5;45;67.5;90;112.5;135;157.5;180;202.5;225;247.5;270;292.5;315;337.5
val_images_circle,circle,test002.png,1,upright,0.0,False,321,321,80892.0,0.7850467562675476,inpaint,red_gd,restormer,15.0,fixed15p0,0.8,3.8461538461538467,1.4142135623730951,0.02,G16_fixed,True,16,20,0.15752691232986574,8.026452394749866,0.11224735555972779,9,0.1398243447861037,8.544172070896218,0.12821652828771696,15.0,0;22.5;45;67.5;90;112.5;135;157.5;180;202.5;225;247.5;270;292.5;315;337.5
val_images_circle,circle,test002.png,1,upright,0.0,False,321,321,80892.0,0.7850467562675476,inpaint,red_gd,restormer,15.0,fixed15p0,0.8,3.8461538461538467,1.4142135623730951,0.02,G16_fixed,True,16,20,0.15752691232986574,8.026452394749866,0.11224735555972779,10,0.13824975063201553,8.593356433812191,0.12990744024439993,15.0,0;22.5;45;67.5;90;112.5;135;157.5;180;202.5;225;247.5;270;292.5;315;337.5
val_images_circle,circle,test002.png,1,upright,0.0,False,321,321,80892.0,0.7850467562675476,inpaint,red_gd,restormer,15.0,fixed15p0,0.8,3.8461538461538467,1.4142135623730951,0.02,G16_fixed,True,16,20,0.15752691232986574,8.026452394749866,0.11224735555972779,11,0.1367217439610839,8.641624105868742,0.13143696804072097,15.0,0;22.5;45;67.5;90;112.5;135;157.5;180;202.5;225;247.5;270;292.5;315;337.5
val_images_circle,circle,test002.png,1,upright,0.0,False,321,321,80892.0,0.7850467562675476,inpaint,red_gd,restormer,15.0,fixed15p0,0.8,3.8461538461538467,1.4142135623730951,0.02,G16_fixed,True,16,20,0.15752691232986574,8.026452394749866,0.11224735555972779,12,0.13525537908569452,8.688454540529575,0.13306237502626958,15.0,0;22.5;45;67.5;90;112.5;135;157.5;180;202.5;225;247.5;270;292.5;315;337.5
val_images_circle,circle,test002.png,1,upright,0.0,False,321,321,80892.0,0.7850467562675476,inpaint,red_gd,restormer,15.0,fixed15p0,0.8,3.8461538461538467,1.4142135623730951,0.02,G16_fixed,True,16,20,0.15752691232986574,8.026452394749866,0.11224735555972779,13,0.13383212483542872,8.734396267463651,0.13455648233138012,15.0,0;22.5;45;67.5;90;112.5;135;157.5;180;202.5;225;247.5;270;292.5;315;337.5
val_images_circle,circle,test002.png,1,upright,0.0,False,321,321,80892.0,0.7850467562675476,inpaint,red_gd,restormer,15.0,fixed15p0,0.8,3.8461538461538467,1.4142135623730951,0.02,G16_fixed,True,16,20,0.15752691232986574,8.026452394749866,0.11224735555972779,14,0.1324608785865722,8.77912368690952,0.1361238813209279,15.0,0;22.5;45;67.5;90;112.5;135;157.5;180;202.5;225;247.5;270;292.5;315;337.5
val_images_circle,circle,test002.png,1,upright,0.0,False,321,321,80892.0,0.7850467562675476,inpaint,red_gd,restormer,15.0,fixed15p0,0.8,3.8461538461538467,1.4142135623730951,0.02,G16_fixed,True,16,20,0.15752691232986574,8.026452394749866,0.11224735555972779,15,0.13112487174257034,8.82314923595497,0.13758849569487713,15.0,0;22.5;45;67.5;90;112.5;135;157.5;180;202.5;225;247.5;270;292.5;315;337.5
val_images_circle,circle,test002.png,1,upright,0.0,False,321,321,80892.0,0.7850467562675476,inpaint,red_gd,restormer,15.0,fixed15p0,0.8,3.8461538461538467,1.4142135623730951,0.02,G16_fixed,True,16,20,0.15752691232986574,8.026452394749866,0.11224735555972779,16,0.12983570590262325,8.866058565030999,0.13910445408693073,15.0,0;22.5;45;67.5;90;112.5;135;157.5;180;202.5;225;247.5;270;292.5;315;337.5
val_images_circle,circle,test002.png,1,upright,0.0,False,321,321,80892.0,0.7850467562675476,inpaint,red_gd,restormer,15.0,fixed15p0,0.8,3.8461538461538467,1.4142135623730951,0.02,G16_fixed,True,16,20,0.15752691232986574,8.026452394749866,0.11224735555972779,17,0.12857632273200686,8.90838999168982,0.14054223146293823,15.0,0;22.5;45;67.5;90;112.5;135;157.5;180;202.5;225;247.5;270;292.5;315;337.5
val_images_circle,circle,test002.png,1,upright,0.0,False,321,321,80892.0,0.7850467562675476,inpaint,red_gd,restormer,15.0,fixed15p0,0.8,3.8461538461538467,1.4142135623730951,0.02,G16_fixed,True,16,20,0.15752691232986574,8.026452394749866,0.11224735555972779,18,0.12735893952353136,8.949705658202564,0.1420150188677496,15.0,0;22.5;45;67.5;90;112.5;135;157.5;180;202.5;225;247.5;270;292.5;315;337.5
val_images_circle,circle,test002.png,1,upright,0.0,False,321,321,80892.0,0.7850467562675476,inpaint,red_gd,restormer,15.0,fixed15p0,0.8,3.8461538461538467,1.4142135623730951,0.02,G16_fixed,True,16,20,0.15752691232986574,8.026452394749866,0.11224735555972779,19,0.12616803114028582,8.990506740791389,0.14342909807598403,15.0,0;22.5;45;67.5;90;112.5;135;157.5;180;202.5;225;247.5;270;292.5;315;337.5
val_images_circle,circle,test002.png,1,upright,0.0,False,321,321,80892.0,0.7850467562675476,inpaint,red_gd,restormer,15.0,fixed15p0,0.8,3.8461538461538467,1.4142135623730951,0.02,G16_fixed,True,16,20,0.15752691232986574,8.026452394749866,0.11224735555972779,20,0.12501410059091134,9.030409992843191,0.14486630804807646,15.0,0;22.5;45;67.5;90;112.5;135;157.5;180;202.5;225;247.5;270;292.5;315;337.5
val_images_circle,circle,test002.png,1,rot45_padded,45.0,False,321,321,80883.0,0.7849593758583069,inpaint,red_gd,restormer,15.0,fixed15p0,0.8,3.8461538461538467,1.4142135623730951,0.02,vanilla,False,0,20,0.15760441103971168,8.024316316218583,0.1148417119481226,1,0.15724875408383096,8.03412786878946,0.11491963604063894,15.0,none
val_images_circle,circle,test002.png,1,rot45_padded,45.0,False,321,321,80883.0,0.7849593758583069,inpaint,red_gd,restormer,15.0,fixed15p0,0.8,3.8461538461538467,1.4142135623730951,0.02,vanilla,False,0,20,0.15760441103971168,8.024316316218583,0.1148417119481226,2,0.15690593154232038,8.043606383926228,0.11590125744903132,15.0,none
val_images_circle,circle,test002.png,1,rot45_padded,45.0,False,321,321,80883.0,0.7849593758583069,inpaint,red_gd,restormer,15.0,fixed15p0,0.8,3.8461538461538467,1.4142135623730951,0.02,vanilla,False,0,20,0.15760441103971168,8.024316316218583,0.1148417119481226,3,0.15657866001276535,8.052674279116934,0.11601605482610684,15.0,none
val_images_circle,circle,test002.png,1,rot45_padded,45.0,False,321,321,80883.0,0.7849593758583069,inpaint,red_gd,restormer,15.0,fixed15p0,0.8,3.8461538461538467,1.4142135623730951,0.02,vanilla,False,0,20,0.15760441103971168,8.024316316218583,0.1148417119481226,4,0.1562623273161542,8.061457117489784,0.11688829997882744,15.0,none
val_images_circle,circle,test002.png,1,rot45_padded,45.0,False,321,321,80883.0,0.7849593758583069,inpaint,red_gd,restormer,15.0,fixed15p0,0.8,3.8461538461538467,1.4142135623730951,0.02,vanilla,False,0,20,0.15760441103971168,8.024316316218583,0.1148417119481226,5,0.15595903428795296,8.069894626653266,0.11703376472420039,15.0,none
val_images_circle,circle,test002.png,1,rot45_padded,45.0,False,321,321,80883.0,0.7849593758583069,inpaint,red_gd,restormer,15.0,fixed15p0,0.8,3.8461538461538467,1.4142135623730951,0.02,vanilla,False,0,20,0.15760441103971168,8.024316316218583,0.1148417119481226,6,0.15566514672428075,8.078086146619894,0.11781310223950027,15.0,none
val_images_circle,circle,test002.png,1,rot45_padded,45.0,False,321,321,80883.0,0.7849593758583069,inpaint,red_gd,restormer,15.0,fixed15p0,0.8,3.8461538461538467,1.4142135623730951,0.02,vanilla,False,0,20,0.15760441103971168,8.024316316218583,0.1148417119481226,7,0.15538239117382516,8.085981994948776,0.11798413922347713,15.0,none
val_images_circle,circle,test002.png,1,rot45_padded,45.0,False,321,321,80883.0,0.7849593758583069,inpaint,red_gd,restormer,15.0,fixed15p0,0.8,3.8461538461538467,1.4142135623730951,0.02,vanilla,False,0,20,0.15760441103971168,8.024316316218583,0.1148417119481226,8,0.15510807518653488,8.093655914987067,0.11868432112202193,15.0,none
val_images_circle,circle,test002.png,1,rot45_padded,45.0,False,321,321,80883.0,0.7849593758583069,inpaint,red_gd,restormer,15.0,fixed15p0,0.8,3.8461538461538467,1.4142135623730951,0.02,vanilla,False,0,20,0.15760441103971168,8.024316316218583,0.1148417119481226,9,0.1548435027292509,8.101070130261686,0.1188762819442899,15.0,none
val_images_circle,circle,test002.png,1,rot45_padded,45.0,False,321,321,80883.0,0.7849593758583069,inpaint,red_gd,restormer,15.0,fixed15p0,0.8,3.8461538461538467,1.4142135623730951,0.02,vanilla,False,0,20,0.15760441103971168,8.024316316218583,0.1148417119481226,10,0.1545866816304106,8.10827925317933,0.11950886282114288,15.0,none
val_images_circle,circle,test002.png,1,rot45_padded,45.0,False,321,321,80883.0,0.7849593758583069,inpaint,red_gd,restormer,15.0,fixed15p0,0.8,3.8461538461538467,1.4142135623730951,0.02,vanilla,False,0,20,0.15760441103971168,8.024316316218583,0.1148417119481226,11,0.15433875889788337,8.115249964144821,0.11971817364665628,15.0,none
val_images_circle,circle,test002.png,1,rot45_padded,45.0,False,321,321,80883.0,0.7849593758583069,inpaint,red_gd,restormer,15.0,fixed15p0,0.8,3.8461538461538467,1.4142135623730951,0.02,vanilla,False,0,20,0.15760441103971168,8.024316316218583,0.1148417119481226,12,0.154098116646885,8.12202669100293,0.1202925951876476,15.0,none
val_images_circle,circle,test002.png,1,rot45_padded,45.0,False,321,321,80883.0,0.7849593758583069,inpaint,red_gd,restormer,15.0,fixed15p0,0.8,3.8461538461538467,1.4142135623730951,0.02,vanilla,False,0,20,0.15760441103971168,8.024316316218583,0.1148417119481226,13,0.1538656362624099,8.128583629366835,0.12051628586971304,15.0,none
val_images_circle,circle,test002.png,1,rot45_padded,45.0,False,321,321,80883.0,0.7849593758583069,inpaint,red_gd,restormer,15.0,fixed15p0,0.8,3.8461538461538467,1.4142135623730951,0.02,vanilla,False,0,20,0.15760441103971168,8.024316316218583,0.1148417119481226,14,0.15364007414645228,8.134954919169935,0.12104044431849091,15.0,none
val_images_circle,circle,test002.png,1,rot45_padded,45.0,False,321,321,80883.0,0.7849593758583069,inpaint,red_gd,restormer,15.0,fixed15p0,0.8,3.8461538461538467,1.4142135623730951,0.02,vanilla,False,0,20,0.15760441103971168,8.024316316218583,0.1148417119481226,15,0.15342214265126788,8.14111956310889,0.1212758224070571,15.0,none
val_images_circle,circle,test002.png,1,rot45_padded,45.0,False,321,321,80883.0,0.7849593758583069,inpaint,red_gd,restormer,15.0,fixed15p0,0.8,3.8461538461538467,1.4142135623730951,0.02,vanilla,False,0,20,0.15760441103971168,8.024316316218583,0.1148417119481226,16,0.15321081550665777,8.147105757669499,0.12175629796666172,15.0,none
val_images_circle,circle,test002.png,1,rot45_padded,45.0,False,321,321,80883.0,0.7849593758583069,inpaint,red_gd,restormer,15.0,fixed15p0,0.8,3.8461538461538467,1.4142135623730951,0.02,vanilla,False,0,20,0.15760441103971168,8.024316316218583,0.1148417119481226,17,0.15300653944200265,8.152900072027645,0.1220011781098933,15.0,none
val_images_circle,circle,test002.png,1,rot45_padded,45.0,False,321,321,80883.0,0.7849593758583069,inpaint,red_gd,restormer,15.0,fixed15p0,0.8,3.8461538461538467,1.4142135623730951,0.02,vanilla,False,0,20,0.15760441103971168,8.024316316218583,0.1148417119481226,18,0.15280836062970587,8.15852883482753,0.12244376618850686,15.0,none
val_images_circle,circle,test002.png,1,rot45_padded,45.0,False,321,321,80883.0,0.7849593758583069,inpaint,red_gd,restormer,15.0,fixed15p0,0.8,3.8461538461538467,1.4142135623730951,0.02,vanilla,False,0,20,0.15760441103971168,8.024316316218583,0.1148417119481226,19,0.1526165567664095,8.163983489352628,0.12269620450990938,15.0,none
val_images_circle,circle,test002.png,1,rot45_padded,45.0,False,321,321,80883.0,0.7849593758583069,inpaint,red_gd,restormer,15.0,fixed15p0,0.8,3.8461538461538467,1.4142135623730951,0.02,vanilla,False,0,20,0.15760441103971168,8.024316316218583,0.1148417119481226,20,0.15243040342609077,8.16928400953961,0.1231062417125663,15.0,none
val_images_circle,circle,test002.png,1,rot45_padded,45.0,False,321,321,80883.0,0.7849593758583069,inpaint,red_gd,restormer,15.0,fixed15p0,0.8,3.8461538461538467,1.4142135623730951,0.02,G16_fixed,False,16,20,0.15760441103971168,8.024316316218583,0.1148417119481226,1,0.15549517223180395,8.082830902746714,0.1162352540668311,15.0,0;22.5;45;67.5;90;112.5;135;157.5;180;202.5;225;247.5;270;292.5;315;337.5
val_images_circle,circle,test002.png,1,rot45_padded,45.0,False,321,321,80883.0,0.7849593758583069,inpaint,red_gd,restormer,15.0,fixed15p0,0.8,3.8461538461538467,1.4142135623730951,0.02,G16_fixed,False,16,20,0.15760441103971168,8.024316316218583,0.1148417119481226,2,0.1535134565514385,8.138535495034795,0.11824234880552774,15.0,0;22.5;45;67.5;90;112.5;135;157.5;180;202.5;225;247.5;270;292.5;315;337.5
val_images_circle,circle,test002.png,1,rot45_padded,45.0,False,321,321,80883.0,0.7849593758583069,inpaint,red_gd,restormer,15.0,fixed15p0,0.8,3.8461538461538467,1.4142135623730951,0.02,G16_fixed,False,16,20,0.15760441103971168,8.024316316218583,0.1148417119481226,3,0.15162130407502195,8.192397723702943,0.11957587222824945,15.0,0;22.5;45;67.5;90;112.5;135;157.5;180;202.5;225;247.5;270;292.5;315;337.5
val_images_circle,circle,test002.png,1,rot45_padded,45.0,False,321,321,80883.0,0.7849593758583069,inpaint,red_gd,restormer,15.0,fixed15p0,0.8,3.8461538461538467,1.4142135623730951,0.02,G16_fixed,False,16,20,0.15760441103971168,8.024316316218583,0.1148417119481226,4,0.14983342065081662,8.243913055592685,0.12143599300069235,15.0,0;22.5;45;67.5;90;112.5;135;157.5;180;202.5;225;247.5;270;292.5;315;337.5
val_images_circle,circle,test002.png,1,rot45_padded,45.0,False,321,321,80883.0,0.7849593758583069,inpaint,red_gd,restormer,15.0,fixed15p0,0.8,3.8461538461538467,1.4142135623730951,0.02,G16_fixed,False,16,20,0.15760441103971168,8.024316316218583,0.1148417119481226,5,0.14811706222259313,8.29394910403108,0.12272228384672923,15.0,0;22.5;45;67.5;90;112.5;135;157.5;180;202.5;225;247.5;270;292.5;315;337.5
val_images_circle,circle,test002.png,1,rot45_padded,45.0,False,321,321,80883.0,0.7849593758583069,inpaint,red_gd,restormer,15.0,fixed15p0,0.8,3.8461538461538467,1.4142135623730951,0.02,G16_fixed,False,16,20,0.15760441103971168,8.024316316218583,0.1148417119481226,6,0.14648764699086952,8.34198996947395,0.12446074934241436,15.0,0;22.5;45;67.5;90;112.5;135;157.5;180;202.5;225;247.5;270;292.5;315;337.5
val_images_circle,circle,test002.png,1,rot45_padded,45.0,False,321,321,80883.0,0.7849593758583069,inpaint,red_gd,restormer,15.0,fixed15p0,0.8,3.8461538461538467,1.4142135623730951,0.02,G16_fixed,False,16,20,0.15760441103971168,8.024316316218583,0.1148417119481226,7,0.14491689819322354,8.388809701935559,0.12570888708458514,15.0,0;22.5;45;67.5;90;112.5;135;157.5;180;202.5;225;247.5;270;292.5;315;337.5
val_images_circle,circle,test002.png,1,rot45_padded,45.0,False,321,321,80883.0,0.7849593758583069,inpaint,red_gd,restormer,15.0,fixed15p0,0.8,3.8461538461538467,1.4142135623730951,0.02,G16_fixed,False,16,20,0.15760441103971168,8.024316316218583,0.1148417119481226,8,0.1434199442597641,8.433904506230443,0.1273454499864001,15.0,0;22.5;45;67.5;90;112.5;135;157.5;180;202.5;225;247.5;270;292.5;315;337.5
val_images_circle,circle,test002.png,1,rot45_padded,45.0,False,321,321,80883.0,0.7849593758583069,inpaint,red_gd,restormer,15.0,fixed15p0,0.8,3.8461538461538467,1.4142135623730951,0.02,G16_fixed,False,16,20,0.15760441103971168,8.024316316218583,0.1148417119481226,9,0.1419720460418135,8.477971587500596,0.1285619786064439,15.0,0;22.5;45;67.5;90;112.5;135;157.5;180;202.5;225;247.5;270;292.5;315;337.5
val_images_circle,circle,test002.png,1,rot45_padded,45.0,False,321,321,80883.0,0.7849593758583069,inpaint,red_gd,restormer,15.0,fixed15p0,0.8,3.8461538461538467,1.4142135623730951,0.02,G16_fixed,False,16,20,0.15760441103971168,8.024316316218583,0.1148417119481226,10,0.14058766791229307,8.520527731464448,0.1301124917705204,15.0,0;22.5;45;67.5;90;112.5;135;157.5;180;202.5;225;247.5;270;292.5;315;337.5
val_images_circle,circle,test002.png,1,rot45_padded,45.0,False,321,321,80883.0,0.7849593758583069,inpaint,red_gd,restormer,15.0,fixed15p0,0.8,3.8461538461538467,1.4142135623730951,0.02,G16_fixed,False,16,20,0.15760441103971168,8.024316316218583,0.1148417119481226,11,0.13924500464791736,8.562203759945085,0.13130227699655675,15.0,0;22.5;45;67.5;90;112.5;135;157.5;180;202.5;225;247.5;270;292.5;315;337.5
val_images_circle,circle,test002.png,1,rot45_padded,45.0,False,321,321,80883.0,0.7849593758583069,inpaint,red_gd,restormer,15.0,fixed15p0,0.8,3.8461538461538467,1.4142135623730951,0.02,G16_fixed,False,16,20,0.15760441103971168,8.024316316218583,0.1148417119481226,12,0.1379576392366134,8.60254245989803,0.13277970764870245,15.0,0;22.5;45;67.5;90;112.5;135;157.5;180;202.5;225;247.5;270;292.5;315;337.5
val_images_circle,circle,test002.png,1,rot45_padded,45.0,False,321,321,80883.0,0.7849593758583069,inpaint,red_gd,restormer,15.0,fixed15p0,0.8,3.8461538461538467,1.4142135623730951,0.02,G16_fixed,False,16,20,0.15760441103971168,8.024316316218583,0.1148417119481226,13,0.1367061087659026,8.642120783798982,0.13394655271735098,15.0,0;22.5;45;67.5;90;112.5;135;157.5;180;202.5;225;247.5;270;292.5;315;337.5
val_images_circle,circle,test002.png,1,rot45_padded,45.0,False,321,321,80883.0,0.7849593758583069,inpaint,red_gd,restormer,15.0,fixed15p0,0.8,3.8461538461538467,1.4142135623730951,0.02,G16_fixed,False,16,20,0.15760441103971168,8.024316316218583,0.1148417119481226,14,0.13550310276495062,8.680507601529053,0.13536165858400406,15.0,0;22.5;45;67.5;90;112.5;135;157.5;180;202.5;225;247.5;270;292.5;315;337.5
val_images_circle,circle,test002.png,1,rot45_padded,45.0,False,321,321,80883.0,0.7849593758583069,inpaint,red_gd,restormer,15.0,fixed15p0,0.8,3.8461538461538467,1.4142135623730951,0.02,G16_fixed,False,16,20,0.15760441103971168,8.024316316218583,0.1148417119481226,15,0.13433121086167674,8.718230705017087,0.13650859401079338,15.0,0;22.5;45;67.5;90;112.5;135;157.5;180;202.5;225;247.5;270;292.5;315;337.5
val_images_circle,circle,test002.png,1,rot45_padded,45.0,False,321,321,80883.0,0.7849593758583069,inpaint,red_gd,restormer,15.0,fixed15p0,0.8,3.8461538461538467,1.4142135623730951,0.02,G16_fixed,False,16,20,0.15760441103971168,8.024316316218583,0.1148417119481226,16,0.133202180831417,8.754886646905149,0.13787057530244304,15.0,0;22.5;45;67.5;90;112.5;135;157.5;180;202.5;225;247.5;270;292.5;315;337.5
val_images_circle,circle,test002.png,1,rot45_padded,45.0,False,321,321,80883.0,0.7849593758583069,inpaint,red_gd,restormer,15.0,fixed15p0,0.8,3.8461538461538467,1.4142135623730951,0.02,G16_fixed,False,16,20,0.15760441103971168,8.024316316218583,0.1148417119481226,17,0.13210040129338055,8.790958630876977,0.13900040220132784,15.0,0;22.5;45;67.5;90;112.5;135;157.5;180;202.5;225;247.5;270;292.5;315;337.5
val_images_circle,circle,test002.png,1,rot45_padded,45.0,False,321,321,80883.0,0.7849593758583069,inpaint,red_gd,restormer,15.0,fixed15p0,0.8,3.8461538461538467,1.4142135623730951,0.02,G16_fixed,False,16,20,0.15760441103971168,8.024316316218583,0.1148417119481226,18,0.131036714490375,8.826070045991363,0.14031721553045756,15.0,0;22.5;45;67.5;90;112.5;135;157.5;180;202.5;225;247.5;270;292.5;315;337.5
val_images_circle,circle,test002.png,1,rot45_padded,45.0,False,321,321,80883.0,0.7849593758583069,inpaint,red_gd,restormer,15.0,fixed15p0,0.8,3.8461538461538467,1.4142135623730951,0.02,G16_fixed,False,16,20,0.15760441103971168,8.024316316218583,0.1148417119481226,19,0.1299970544837914,8.860664879695337,0.1414324935400517,15.0,0;22.5;45;67.5;90;112.5;135;157.5;180;202.5;225;247.5;270;292.5;315;337.5
val_images_circle,circle,test002.png,1,rot45_padded,45.0,False,321,321,80883.0,0.7849593758583069,inpaint,red_gd,restormer,15.0,fixed15p0,0.8,3.8461538461538467,1.4142135623730951,0.02,G16_fixed,False,16,20,0.15760441103971168,8.024316316218583,0.1148417119481226,20,0.12899140627897704,8.8943922249099,0.14271099680634372,15.0,0;22.5;45;67.5;90;112.5;135;157.5;180;202.5;225;247.5;270;292.5;315;337.5
val_images_circle,circle,test003.png,2,upright,0.0,False,321,321,80892.0,0.7850467562675476,inpaint,red_gd,restormer,15.0,fixed15p0,0.8,3.8461538461538467,1.4142135623730951,0.02,vanilla,True,0,20,0.13635254509871186,8.653367512902966,0.11538409719904316,1,0.13601256150175542,8.664209803138156,0.11545900658825965,15.0,none
val_images_circle,circle,test003.png,2,upright,0.0,False,321,321,80892.0,0.7850467562675476,inpaint,red_gd,restormer,15.0,fixed15p0,0.8,3.8461538461538467,1.4142135623730951,0.02,vanilla,True,0,20,0.13635254509871186,8.653367512902966,0.11538409719904316,2,0.13568574891908347,8.674657639159154,0.1166652228047891,15.0,none
val_images_circle,circle,test003.png,2,upright,0.0,False,321,321,80892.0,0.7850467562675476,inpaint,red_gd,restormer,15.0,fixed15p0,0.8,3.8461538461538467,1.4142135623730951,0.02,vanilla,True,0,20,0.13635254509871186,8.653367512902966,0.11538409719904316,3,0.13537321801367874,8.684672471675082,0.11682546008489715,15.0,none
val_images_circle,circle,test003.png,2,upright,0.0,False,321,321,80892.0,0.7850467562675476,inpaint,red_gd,restormer,15.0,fixed15p0,0.8,3.8461538461538467,1.4142135623730951,0.02,vanilla,True,0,20,0.13635254509871186,8.653367512902966,0.11538409719904316,4,0.13507230077989787,8.694337024347679,0.11795215524634699,15.0,none
val_images_circle,circle,test003.png,2,upright,0.0,False,321,321,80892.0,0.7850467562675476,inpaint,red_gd,restormer,15.0,fixed15p0,0.8,3.8461538461538467,1.4142135623730951,0.02,vanilla,True,0,20,0.13635254509871186,8.653367512902966,0.11538409719904316,5,0.1347826591898766,8.70365979481625,0.11819159969851778,15.0,none
val_images_circle,circle,test003.png,2,upright,0.0,False,321,321,80892.0,0.7850467562675476,inpaint,red_gd,restormer,15.0,fixed15p0,0.8,3.8461538461538467,1.4142135623730951,0.02,vanilla,True,0,20,0.13635254509871186,8.653367512902966,0.11538409719904316,6,0.13450354475334397,8.71266269962458,0.11925188445705386,15.0,none
val_images_circle,circle,test003.png,2,upright,0.0,False,321,321,80892.0,0.7850467562675476,inpaint,red_gd,restormer,15.0,fixed15p0,0.8,3.8461538461538467,1.4142135623730951,0.02,vanilla,True,0,20,0.13635254509871186,8.653367512902966,0.11538409719904316,7,0.13423383473489345,8.721380028957613,0.11956111959078154,15.0,none
val_images_circle,circle,test003.png,2,upright,0.0,False,321,321,80892.0,0.7850467562675476,inpaint,red_gd,restormer,15.0,fixed15p0,0.8,3.8461538461538467,1.4142135623730951,0.02,vanilla,True,0,20,0.13635254509871186,8.653367512902966,0.11538409719904316,8,0.133973794727847,8.729801413222289,0.1205619476624697,15.0,none
val_images_circle,circle,test003.png,2,upright,0.0,False,321,321,80892.0,0.7850467562675476,inpaint,red_gd,restormer,15.0,fixed15p0,0.8,3.8461538461538467,1.4142135623730951,0.02,vanilla,True,0,20,0.13635254509871186,8.653367512902966,0.11538409719904316,9,0.13372236235891682,8.737959597015195,0.12092607610687707,15.0,none
val_images_circle,circle,test003.png,2,upright,0.0,False,321,321,80892.0,0.7850467562675476,inpaint,red_gd,restormer,15.0,fixed15p0,0.8,3.8461538461538467,1.4142135623730951,0.02,vanilla,True,0,20,0.13635254509871186,8.653367512902966,0.11538409719904316,10,0.1334802016114078,8.745831460488917,0.1218677493023105,15.0,none
val_images_circle,circle,test003.png,2,upright,0.0,False,321,321,80892.0,0.7850467562675476,inpaint,red_gd,restormer,15.0,fixed15p0,0.8,3.8461538461538467,1.4142135623730951,0.02,vanilla,True,0,20,0.13635254509871186,8.653367512902966,0.11538409719904316,11,0.13324620182233718,8.753451616718209,0.12227327408767245,15.0,none
val_images_circle,circle,test003.png,2,upright,0.0,False,321,321,80892.0,0.7850467562675476,inpaint,red_gd,restormer,15.0,fixed15p0,0.8,3.8461538461538467,1.4142135623730951,0.02,vanilla,True,0,20,0.13635254509871186,8.653367512902966,0.11538409719904316,12,0.13302096661289126,8.760799006371895,0.12316016262423973,15.0,none
val_images_circle,circle,test003.png,2,upright,0.0,False,321,321,80892.0,0.7850467562675476,inpaint,red_gd,restormer,15.0,fixed15p0,0.8,3.8461538461538467,1.4142135623730951,0.02,vanilla,True,0,20,0.13635254509871186,8.653367512902966,0.11538409719904316,13,0.13280337324766356,8.767908936107672,0.12359871756091455,15.0,none
val_images_circle,circle,test003.png,2,upright,0.0,False,321,321,80892.0,0.7850467562675476,inpaint,red_gd,restormer,15.0,fixed15p0,0.8,3.8461538461538467,1.4142135623730951,0.02,vanilla,True,0,20,0.13635254509871186,8.653367512902966,0.11538409719904316,14,0.13259412192723014,8.774757283532077,0.12443394819636058,15.0,none
val_images_circle,circle,test003.png,2,upright,0.0,False,321,321,80892.0,0.7850467562675476,inpaint,red_gd,restormer,15.0,fixed15p0,0.8,3.8461538461538467,1.4142135623730951,0.02,vanilla,True,0,20,0.13635254509871186,8.653367512902966,0.11538409719904316,15,0.13239208991618454,8.781379620894889,0.12489547695538496,15.0,none
val_images_circle,circle,test003.png,2,upright,0.0,False,321,321,80892.0,0.7850467562675476,inpaint,red_gd,restormer,15.0,fixed15p0,0.8,3.8461538461538467,1.4142135623730951,0.02,vanilla,True,0,20,0.13635254509871186,8.653367512902966,0.11538409719904316,16,0.13219784461844186,8.787756256215435,0.1256832026034713,15.0,none
val_images_circle,circle,test003.png,2,upright,0.0,False,321,321,80892.0,0.7850467562675476,inpaint,red_gd,restormer,15.0,fixed15p0,0.8,3.8461538461538467,1.4142135623730951,0.02,vanilla,True,0,20,0.13635254509871186,8.653367512902966,0.11538409719904316,17,0.1320103840228329,8.793919055635232,0.12616248989779583,15.0,none
val_images_circle,circle,test003.png,2,upright,0.0,False,321,321,80892.0,0.7850467562675476,inpaint,red_gd,restormer,15.0,fixed15p0,0.8,3.8461538461538467,1.4142135623730951,0.02,vanilla,True,0,20,0.13635254509871186,8.653367512902966,0.11538409719904316,18,0.13183014273661178,8.799852776974824,0.12690721357257206,15.0,none
val_images_circle,circle,test003.png,2,upright,0.0,False,321,321,80892.0,0.7850467562675476,inpaint,red_gd,restormer,15.0,fixed15p0,0.8,3.8461538461538467,1.4142135623730951,0.02,vanilla,True,0,20,0.13635254509871186,8.653367512902966,0.11538409719904316,19,0.13165632397981258,8.805582751559133,0.12739809039367306,15.0,none
val_images_circle,circle,test003.png,2,upright,0.0,False,321,321,80892.0,0.7850467562675476,inpaint,red_gd,restormer,15.0,fixed15p0,0.8,3.8461538461538467,1.4142135623730951,0.02,vanilla,True,0,20,0.13635254509871186,8.653367512902966,0.11538409719904316,20,0.13148908469394377,8.811102977745495,0.12810292678046037,15.0,none
val_images_circle,circle,test003.png,2,upright,0.0,False,321,321,80892.0,0.7850467562675476,inpaint,red_gd,restormer,15.0,fixed15p0,0.8,3.8461538461538467,1.4142135623730951,0.02,G16_fixed,True,16,20,0.13635254509871186,8.653367512902966,0.11538409719904316,1,0.13438594727383424,8.716461430419745,0.11743009535476315,15.0,0;22.5;45;67.5;90;112.5;135;157.5;180;202.5;225;247.5;270;292.5;315;337.5
val_images_circle,circle,test003.png,2,upright,0.0,False,321,321,80892.0,0.7850467562675476,inpaint,red_gd,restormer,15.0,fixed15p0,0.8,3.8461538461538467,1.4142135623730951,0.02,G16_fixed,True,16,20,0.13635254509871186,8.653367512902966,0.11538409719904316,2,0.13252975176392598,8.77686615489717,0.11974115564579933,15.0,0;22.5;45;67.5;90;112.5;135;157.5;180;202.5;225;247.5;270;292.5;315;337.5
val_images_circle,circle,test003.png,2,upright,0.0,False,321,321,80892.0,0.7850467562675476,inpaint,red_gd,restormer,15.0,fixed15p0,0.8,3.8461538461538467,1.4142135623730951,0.02,G16_fixed,True,16,20,0.13635254509871186,8.653367512902966,0.11538409719904316,3,0.13075742338163848,8.83533645924045,0.12172948383338278,15.0,0;22.5;45;67.5;90;112.5;135;157.5;180;202.5;225;247.5;270;292.5;315;337.5
val_images_circle,circle,test003.png,2,upright,0.0,False,321,321,80892.0,0.7850467562675476,inpaint,red_gd,restormer,15.0,fixed15p0,0.8,3.8461538461538467,1.4142135623730951,0.02,G16_fixed,True,16,20,0.13635254509871186,8.653367512902966,0.11538409719904316,4,0.12907848726929116,8.891461329369356,0.12391365087864066,15.0,0;22.5;45;67.5;90;112.5;135;157.5;180;202.5;225;247.5;270;292.5;315;337.5
val_images_circle,circle,test003.png,2,upright,0.0,False,321,321,80892.0,0.7850467562675476,inpaint,red_gd,restormer,15.0,fixed15p0,0.8,3.8461538461538467,1.4142135623730951,0.02,G16_fixed,True,16,20,0.13635254509871186,8.653367512902966,0.11538409719904316,5,0.12746771206129778,8.945998093431786,0.1258547034549152,15.0,0;22.5;45;67.5;90;112.5;135;157.5;180;202.5;225;247.5;270;292.5;315;337.5
val_images_circle,circle,test003.png,2,upright,0.0,False,321,321,80892.0,0.7850467562675476,inpaint,red_gd,restormer,15.0,fixed15p0,0.8,3.8461538461538467,1.4142135623730951,0.02,G16_fixed,True,16,20,0.13635254509871186,8.653367512902966,0.11538409719904316,6,0.12593394684424913,8.998571853814155,0.1279394540907939,15.0,0;22.5;45;67.5;90;112.5;135;157.5;180;202.5;225;247.5;270;292.5;315;337.5
val_images_circle,circle,test003.png,2,upright,0.0,False,321,321,80892.0,0.7850467562675476,inpaint,red_gd,restormer,15.0,fixed15p0,0.8,3.8461538461538467,1.4142135623730951,0.02,G16_fixed,True,16,20,0.13635254509871186,8.653367512902966,0.11538409719904316,7,0.12445688580143896,9.049810702659911,0.1298399433233509,15.0,0;22.5;45;67.5;90;112.5;135;157.5;180;202.5;225;247.5;270;292.5;315;337.5
val_images_circle,circle,test003.png,2,upright,0.0,False,321,321,80892.0,0.7850467562675476,inpaint,red_gd,restormer,15.0,fixed15p0,0.8,3.8461538461538467,1.4142135623730951,0.02,G16_fixed,True,16,20,0.13635254509871186,8.653367512902966,0.11538409719904316,8,0.12304638003062726,9.099311585223225,0.1318404525864733,15.0,0;22.5;45;67.5;90;112.5;135;157.5;180;202.5;225;247.5;270;292.5;315;337.5
val_images_circle,circle,test003.png,2,upright,0.0,False,321,321,80892.0,0.7850467562675476,inpaint,red_gd,restormer,15.0,fixed15p0,0.8,3.8461538461538467,1.4142135623730951,0.02,G16_fixed,True,16,20,0.13635254509871186,8.653367512902966,0.11538409719904316,9,0.12168446576531054,9.147648602499068,0.1337069338013957,15.0,0;22.5;45;67.5;90;112.5;135;157.5;180;202.5;225;247.5;270;292.5;315;337.5
val_images_circle,circle,test003.png,2,upright,0.0,False,321,321,80892.0,0.7850467562675476,inpaint,red_gd,restormer,15.0,fixed15p0,0.8,3.8461538461538467,1.4142135623730951,0.02,G16_fixed,True,16,20,0.13635254509871186,8.653367512902966,0.11538409719904316,10,0.12037698605857192,9.194565345327204,0.1356447509681118,15.0,0;22.5;45;67.5;90;112.5;135;157.5;180;202.5;225;247.5;270;292.5;315;337.5
val_images_circle,circle,test003.png,2,upright,0.0,False,321,321,80892.0,0.7850467562675476,inpaint,red_gd,restormer,15.0,fixed15p0,0.8,3.8461538461538467,1.4142135623730951,0.02,G16_fixed,True,16,20,0.13635254509871186,8.653367512902966,0.11538409719904316,11,0.11911329303268556,9.24039768587811,0.13747774327961973,15.0,0;22.5;45;67.5;90;112.5;135;157.5;180;202.5;225;247.5;270;292.5;315;337.5
val_images_circle,circle,test003.png,2,upright,0.0,False,321,321,80892.0,0.7850467562675476,inpaint,red_gd,restormer,15.0,fixed15p0,0.8,3.8461538461538467,1.4142135623730951,0.02,G16_fixed,True,16,20,0.13635254509871186,8.653367512902966,0.11538409719904316,12,0.11789673074902339,9.284982376304795,0.13935945989328363,15.0,0;22.5;45;67.5;90;112.5;135;157.5;180;202.5;225;247.5;270;292.5;315;337.5
val_images_circle,circle,test003.png,2,upright,0.0,False,321,321,80892.0,0.7850467562675476,inpaint,red_gd,restormer,15.0,fixed15p0,0.8,3.8461538461538467,1.4142135623730951,0.02,G16_fixed,True,16,20,0.13635254509871186,8.653367512902966,0.11538409719904316,13,0.1167149129008431,9.328736497235745,0.14117048039361124,15.0,0;22.5;45;67.5;90;112.5;135;157.5;180;202.5;225;247.5;270;292.5;315;337.5
val_images_circle,circle,test003.png,2,upright,0.0,False,321,321,80892.0,0.7850467562675476,inpaint,red_gd,restormer,15.0,fixed15p0,0.8,3.8461538461538467,1.4142135623730951,0.02,G16_fixed,True,16,20,0.13635254509871186,8.653367512902966,0.11538409719904316,14,0.11557610909839663,9.37131930267104,0.14300721515647408,15.0,0;22.5;45;67.5;90;112.5;135;157.5;180;202.5;225;247.5;270;292.5;315;337.5
val_images_circle,circle,test003.png,2,upright,0.0,False,321,321,80892.0,0.7850467562675476,inpaint,red_gd,restormer,15.0,fixed15p0,0.8,3.8461538461538467,1.4142135623730951,0.02,G16_fixed,True,16,20,0.13635254509871186,8.653367512902966,0.11538409719904316,15,0.11446932136367008,9.413108919067852,0.14479323366726624,15.0,0;22.5;45;67.5;90;112.5;135;157.5;180;202.5;225;247.5;270;292.5;315;337.5
val_images_circle,circle,test003.png,2,upright,0.0,False,321,321,80892.0,0.7850467562675476,inpaint,red_gd,restormer,15.0,fixed15p0,0.8,3.8461538461538467,1.4142135623730951,0.02,G16_fixed,True,16,20,0.13635254509871186,8.653367512902966,0.11538409719904316,16,0.11339761609228972,9.453960753271192,0.14659532057403699,15.0,0;22.5;45;67.5;90;112.5;135;157.5;180;202.5;225;247.5;270;292.5;315;337.5
val_images_circle,circle,test003.png,2,upright,0.0,False,321,321,80892.0,0.7850467562675476,inpaint,red_gd,restormer,15.0,fixed15p0,0.8,3.8461538461538467,1.4142135623730951,0.02,G16_fixed,True,16,20,0.13635254509871186,8.653367512902966,0.11538409719904316,17,0.11235566934539262,9.494050086627439,0.14836250610381743,15.0,0;22.5;45;67.5;90;112.5;135;157.5;180;202.5;225;247.5;270;292.5;315;337.5
val_images_circle,circle,test003.png,2,upright,0.0,False,321,321,80892.0,0.7850467562675476,inpaint,red_gd,restormer,15.0,fixed15p0,0.8,3.8461538461538467,1.4142135623730951,0.02,G16_fixed,True,16,20,0.13635254509871186,8.653367512902966,0.11538409719904316,18,0.11134674067738466,9.5332249103716,0.15013124897625846,15.0,0;22.5;45;67.5;90;112.5;135;157.5;180;202.5;225;247.5;270;292.5;315;337.5
val_images_circle,circle,test003.png,2,upright,0.0,False,321,321,80892.0,0.7850467562675476,inpaint,red_gd,restormer,15.0,fixed15p0,0.8,3.8461538461538467,1.4142135623730951,0.02,G16_fixed,True,16,20,0.13635254509871186,8.653367512902966,0.11538409719904316,19,0.1103659286842333,9.571649779492017,0.1518741930791982,15.0,0;22.5;45;67.5;90;112.5;135;157.5;180;202.5;225;247.5;270;292.5;315;337.5
val_images_circle,circle,test003.png,2,upright,0.0,False,321,321,80892.0,0.7850467562675476,inpaint,red_gd,restormer,15.0,fixed15p0,0.8,3.8461538461538467,1.4142135623730951,0.02,G16_fixed,True,16,20,0.13635254509871186,8.653367512902966,0.11538409719904316,20,0.10941180881993894,9.609358020559021,0.15361705267517184,15.0,0;22.5;45;67.5;90;112.5;135;157.5;180;202.5;225;247.5;270;292.5;315;337.5
val_images_circle,circle,test003.png,2,rot45_padded,45.0,False,321,321,80883.0,0.7849593758583069,inpaint,red_gd,restormer,15.0,fixed15p0,0.8,3.8461538461538467,1.4142135623730951,0.02,vanilla,False,0,20,0.13642371542845838,8.651101268609874,0.12095608490813892,1,0.13608988784339726,8.661741438412616,0.12104025113821816,15.0,none
val_images_circle,circle,test003.png,2,rot45_padded,45.0,False,321,321,80883.0,0.7849593758583069,inpaint,red_gd,restormer,15.0,fixed15p0,0.8,3.8461538461538467,1.4142135623730951,0.02,vanilla,False,0,20,0.13642371542845838,8.651101268609874,0.12095608490813892,2,0.13576916029558128,8.671988680120183,0.12218297282030835,15.0,none
val_images_circle,circle,test003.png,2,rot45_padded,45.0,False,321,321,80883.0,0.7849593758583069,inpaint,red_gd,restormer,15.0,fixed15p0,0.8,3.8461538461538467,1.4142135623730951,0.02,vanilla,False,0,20,0.13642371542845838,8.651101268609874,0.12095608490813892,3,0.13546428560389698,8.681751889933317,0.12233251849894292,15.0,none
val_images_circle,circle,test003.png,2,rot45_padded,45.0,False,321,321,80883.0,0.7849593758583069,inpaint,red_gd,restormer,15.0,fixed15p0,0.8,3.8461538461538467,1.4142135623730951,0.02,vanilla,False,0,20,0.13642371542845838,8.651101268609874,0.12095608490813892,4,0.13517051877789524,8.691180194019918,0.12338806758295934,15.0,none
val_images_circle,circle,test003.png,2,rot45_padded,45.0,False,321,321,80883.0,0.7849593758583069,inpaint,red_gd,restormer,15.0,fixed15p0,0.8,3.8461538461538467,1.4142135623730951,0.02,vanilla,False,0,20,0.13642371542845838,8.651101268609874,0.12095608490813892,5,0.1348894535548261,8.70022004679422,0.1235997448668138,15.0,none
val_images_circle,circle,test003.png,2,rot45_padded,45.0,False,321,321,80883.0,0.7849593758583069,inpaint,red_gd,restormer,15.0,fixed15p0,0.8,3.8461538461538467,1.4142135623730951,0.02,vanilla,False,0,20,0.13642371542845838,8.651101268609874,0.12095608490813892,6,0.1346180352716269,8.70896752190486,0.12458293586492217,15.0,none
val_images_circle,circle,test003.png,2,rot45_padded,45.0,False,321,321,80883.0,0.7849593758583069,inpaint,red_gd,restormer,15.0,fixed15p0,0.8,3.8461538461538467,1.4142135623730951,0.02,vanilla,False,0,20,0.13642371542845838,8.651101268609874,0.12095608490813892,7,0.13435727812472956,8.717388028906893,0.12484977819041083,15.0,none
val_images_circle,circle,test003.png,2,rot45_padded,45.0,False,321,321,80883.0,0.7849593758583069,inpaint,red_gd,restormer,15.0,fixed15p0,0.8,3.8461538461538467,1.4142135623730951,0.02,vanilla,False,0,20,0.13642371542845838,8.651101268609874,0.12095608490813892,8,0.13410515372127024,8.72554531695752,0.12577325233670858,15.0,none
val_images_circle,circle,test003.png,2,rot45_padded,45.0,False,321,321,80883.0,0.7849593758583069,inpaint,red_gd,restormer,15.0,fixed15p0,0.8,3.8461538461538467,1.4142135623730951,0.02,vanilla,False,0,20,0.13642371542845838,8.651101268609874,0.12095608490813892,9,0.1338625072249422,8.733410449849915,0.12609132365577438,15.0,none
val_images_circle,circle,test003.png,2,rot45_padded,45.0,False,321,321,80883.0,0.7849593758583069,inpaint,red_gd,restormer,15.0,fixed15p0,0.8,3.8461538461538467,1.4142135623730951,0.02,vanilla,False,0,20,0.13642371542845838,8.651101268609874,0.12095608490813892,10,0.13362772075096127,8.74103439163148,0.12696551268498943,15.0,none
val_images_circle,circle,test003.png,2,rot45_padded,45.0,False,321,321,80883.0,0.7849593758583069,inpaint,red_gd,restormer,15.0,fixed15p0,0.8,3.8461538461538467,1.4142135623730951,0.02,vanilla,False,0,20,0.13642371542845838,8.651101268609874,0.12095608490813892,11,0.13340171190562294,8.748385972081117,0.12732590255755227,15.0,none
val_images_circle,circle,test003.png,2,rot45_padded,45.0,False,321,321,80883.0,0.7849593758583069,inpaint,red_gd,restormer,15.0,fixed15p0,0.8,3.8461538461538467,1.4142135623730951,0.02,vanilla,False,0,20,0.13642371542845838,8.651101268609874,0.12095608490813892,12,0.13318305598441577,8.755510241187883,0.12815602233704856,15.0,none
val_images_circle,circle,test003.png,2,rot45_padded,45.0,False,321,321,80883.0,0.7849593758583069,inpaint,red_gd,restormer,15.0,fixed15p0,0.8,3.8461538461538467,1.4142135623730951,0.02,vanilla,False,0,20,0.13642371542845838,8.651101268609874,0.12095608490813892,13,0.13297274303623752,8.762373722818795,0.1285533700105399,15.0,none
val_images_circle,circle,test003.png,2,rot45_padded,45.0,False,321,321,80883.0,0.7849593758583069,inpaint,red_gd,restormer,15.0,fixed15p0,0.8,3.8461538461538467,1.4142135623730951,0.02,vanilla,False,0,20,0.13642371542845838,8.651101268609874,0.12095608490813892,14,0.13276965020075293,8.76901188949313,0.12934375502268708,15.0,none
val_images_circle,circle,test003.png,2,rot45_padded,45.0,False,321,321,80883.0,0.7849593758583069,inpaint,red_gd,restormer,15.0,fixed15p0,0.8,3.8461538461538467,1.4142135623730951,0.02,vanilla,False,0,20,0.13642371542845838,8.651101268609874,0.12095608490813892,15,0.1325747192317916,8.775392839620885,0.12976566073835047,15.0,none
val_images_circle,circle,test003.png,2,rot45_padded,45.0,False,321,321,80883.0,0.7849593758583069,inpaint,red_gd,restormer,15.0,fixed15p0,0.8,3.8461538461538467,1.4142135623730951,0.02,vanilla,False,0,20,0.13642371542845838,8.651101268609874,0.12095608490813892,16,0.1323866944575807,8.781556615279452,0.13051331668892102,15.0,none
val_images_circle,circle,test003.png,2,rot45_padded,45.0,False,321,321,80883.0,0.7849593758583069,inpaint,red_gd,restormer,15.0,fixed15p0,0.8,3.8461538461538467,1.4142135623730951,0.02,vanilla,False,0,20,0.13642371542845838,8.651101268609874,0.12095608490813892,17,0.13220643311558053,8.78747411729178,0.13094905894161937,15.0,none
val_images_circle,circle,test003.png,2,rot45_padded,45.0,False,321,321,80883.0,0.7849593758583069,inpaint,red_gd,restormer,15.0,fixed15p0,0.8,3.8461538461538467,1.4142135623730951,0.02,vanilla,False,0,20,0.13642371542845838,8.651101268609874,0.12095608490813892,18,0.13203253464881373,8.793190394196015,0.13165649717415898,15.0,none
val_images_circle,circle,test003.png,2,rot45_padded,45.0,False,321,321,80883.0,0.7849593758583069,inpaint,red_gd,restormer,15.0,fixed15p0,0.8,3.8461538461538467,1.4142135623730951,0.02,vanilla,False,0,20,0.13642371542845838,8.651101268609874,0.12095608490813892,19,0.13186590458980874,8.79867481653448,0.13210034092454534,15.0,none
val_images_circle,circle,test003.png,2,rot45_padded,45.0,False,321,321,80883.0,0.7849593758583069,inpaint,red_gd,restormer,15.0,fixed15p0,0.8,3.8461538461538467,1.4142135623730951,0.02,vanilla,False,0,20,0.13642371542845838,8.651101268609874,0.12095608490813892,20,0.1317050337176848,8.803976261465142,0.132769927897395,15.0,none
val_images_circle,circle,test003.png,2,rot45_padded,45.0,False,321,321,80883.0,0.7849593758583069,inpaint,red_gd,restormer,15.0,fixed15p0,0.8,3.8461538461538467,1.4142135623730951,0.02,G16_fixed,False,16,20,0.13642371542845838,8.651101268609874,0.12095608490813892,1,0.1346767741483068,8.707072946181341,0.12261184509955739,15.0,0;22.5;45;67.5;90;112.5;135;157.5;180;202.5;225;247.5;270;292.5;315;337.5
val_images_circle,circle,test003.png,2,rot45_padded,45.0,False,321,321,80883.0,0.7849593758583069,inpaint,red_gd,restormer,15.0,fixed15p0,0.8,3.8461538461538467,1.4142135623730951,0.02,G16_fixed,False,16,20,0.13642371542845838,8.651101268609874,0.12095608490813892,2,0.13303462109234945,8.760353229973187,0.12483893594760333,15.0,0;22.5;45;67.5;90;112.5;135;157.5;180;202.5;225;247.5;270;292.5;315;337.5
val_images_circle,circle,test003.png,2,rot45_padded,45.0,False,321,321,80883.0,0.7849593758583069,inpaint,red_gd,restormer,15.0,fixed15p0,0.8,3.8461538461538467,1.4142135623730951,0.02,G16_fixed,False,16,20,0.13642371542845838,8.651101268609874,0.12095608490813892,3,0.13147155121054485,8.811682128695127,0.12644960061910412,15.0,0;22.5;45;67.5;90;112.5;135;157.5;180;202.5;225;247.5;270;292.5;315;337.5
val_images_circle,circle,test003.png,2,rot45_padded,45.0,False,321,321,80883.0,0.7849593758583069,inpaint,red_gd,restormer,15.0,fixed15p0,0.8,3.8461538461538467,1.4142135623730951,0.02,G16_fixed,False,16,20,0.13642371542845838,8.651101268609874,0.12095608490813892,4,0.12999361346018323,8.860779839018841,0.12855145028157958,15.0,0;22.5;45;67.5;90;112.5;135;157.5;180;202.5;225;247.5;270;292.5;315;337.5
val_images_circle,circle,test003.png,2,rot45_padded,45.0,False,321,321,80883.0,0.7849593758583069,inpaint,red_gd,restormer,15.0,fixed15p0,0.8,3.8461538461538467,1.4142135623730951,0.02,G16_fixed,False,16,20,0.13642371542845838,8.651101268609874,0.12095608490813892,5,0.12857905091304725,8.908297842421874,0.1301359752474253,15.0,0;22.5;45;67.5;90;112.5;135;157.5;180;202.5;225;247.5;270;292.5;315;337.5
val_images_circle,circle,test003.png,2,rot45_padded,45.0,False,321,321,80883.0,0.7849593758583069,inpaint,red_gd,restormer,15.0,fixed15p0,0.8,3.8461538461538467,1.4142135623730951,0.02,G16_fixed,False,16,20,0.13642371542845838,8.651101268609874,0.12095608490813892,6,0.12723447999347823,8.953951808125112,0.13214090878182067,15.0,0;22.5;45;67.5;90;112.5;135;157.5;180;202.5;225;247.5;270;292.5;315;337.5
val_images_circle,circle,test003.png,2,rot45_padded,45.0,False,321,321,80883.0,0.7849593758583069,inpaint,red_gd,restormer,15.0,fixed15p0,0.8,3.8461538461538467,1.4142135623730951,0.02,G16_fixed,False,16,20,0.13642371542845838,8.651101268609874,0.12095608490813892,7,0.12594152442803186,8.998310541920038,0.1337116213581655,15.0,0;22.5;45;67.5;90;112.5;135;157.5;180;202.5;225;247.5;270;292.5;315;337.5
val_images_circle,circle,test003.png,2,rot45_padded,45.0,False,321,321,80883.0,0.7849593758583069,inpaint,red_gd,restormer,15.0,fixed15p0,0.8,3.8461538461538467,1.4142135623730951,0.02,G16_fixed,False,16,20,0.13642371542845838,8.651101268609874,0.12095608490813892,8,0.12470729566549832,9.041081385456387,0.13563848591483996,15.0,0;22.5;45;67.5;90;112.5;135;157.5;180;202.5;225;247.5;270;292.5;315;337.5
val_images_circle,circle,test003.png,2,rot45_padded,45.0,False,321,321,80883.0,0.7849593758583069,inpaint,red_gd,restormer,15.0,fixed15p0,0.8,3.8461538461538467,1.4142135623730951,0.02,G16_fixed,False,16,20,0.13642371542845838,8.651101268609874,0.12095608490813892,9,0.12351612195625163,9.082763523664989,0.13720017938720128,15.0,0;22.5;45;67.5;90;112.5;135;157.5;180;202.5;225;247.5;270;292.5;315;337.5
val_images_circle,circle,test003.png,2,rot45_padded,45.0,False,321,321,80883.0,0.7849593758583069,inpaint,red_gd,restormer,15.0,fixed15p0,0.8,3.8461538461538467,1.4142135623730951,0.02,G16_fixed,False,16,20,0.13642371542845838,8.651101268609874,0.12095608490813892,10,0.12237507852778087,9.12307016503037,0.13905920144684297,15.0,0;22.5;45;67.5;90;112.5;135;157.5;180;202.5;225;247.5;270;292.5;315;337.5
val_images_circle,circle,test003.png,2,rot45_padded,45.0,False,321,321,80883.0,0.7849593758583069,inpaint,red_gd,restormer,15.0,fixed15p0,0.8,3.8461538461538467,1.4142135623730951,0.02,G16_fixed,False,16,20,0.13642371542845838,8.651101268609874,0.12095608490813892,11,0.12127063068722722,9.162443638065014,0.14061086161878886,15.0,0;22.5;45;67.5;90;112.5;135;157.5;180;202.5;225;247.5;270;292.5;315;337.5
val_images_circle,circle,test003.png,2,rot45_padded,45.0,False,321,321,80883.0,0.7849593758583069,inpaint,red_gd,restormer,15.0,fixed15p0,0.8,3.8461538461538467,1.4142135623730951,0.02,G16_fixed,False,16,20,0.13642371542845838,8.651101268609874,0.12095608490813892,12,0.12020966048180705,9.200606294601153,0.1424081988025914,15.0,0;22.5;45;67.5;90;112.5;135;157.5;180;202.5;225;247.5;270;292.5;315;337.5
val_images_circle,circle,test003.png,2,rot45_padded,45.0,False,321,321,80883.0,0.7849593758583069,inpaint,red_gd,restormer,15.0,fixed15p0,0.8,3.8461538461538467,1.4142135623730951,0.02,G16_fixed,False,16,20,0.13642371542845838,8.651101268609874,0.12095608490813892,13,0.11918023902967867,9.237957478828182,0.14394764032228652,15.0,0;22.5;45;67.5;90;112.5;135;157.5;180;202.5;225;247.5;270;292.5;315;337.5
val_images_circle,circle,test003.png,2,rot45_padded,45.0,False,321,321,80883.0,0.7849593758583069,inpaint,red_gd,restormer,15.0,fixed15p0,0.8,3.8461538461538467,1.4142135623730951,0.02,G16_fixed,False,16,20,0.13642371542845838,8.651101268609874,0.12095608490813892,14,0.11818892238634818,9.274232271090346,0.14568877412048886,15.0,0;22.5;45;67.5;90;112.5;135;157.5;180;202.5;225;247.5;270;292.5;315;337.5
val_images_circle,circle,test003.png,2,rot45_padded,45.0,False,321,321,80883.0,0.7849593758583069,inpaint,red_gd,restormer,15.0,fixed15p0,0.8,3.8461538461538467,1.4142135623730951,0.02,G16_fixed,False,16,20,0.13642371542845838,8.651101268609874,0.12095608490813892,15,0.11722509771058195,9.309793965916818,0.14721441532445012,15.0,0;22.5;45;67.5;90;112.5;135;157.5;180;202.5;225;247.5;270;292.5;315;337.5
val_images_circle,circle,test003.png,2,rot45_padded,45.0,False,321,321,80883.0,0.7849593758583069,inpaint,red_gd,restormer,15.0,fixed15p0,0.8,3.8461538461538467,1.4142135623730951,0.02,G16_fixed,False,16,20,0.13642371542845838,8.651101268609874,0.12095608490813892,16,0.1162949346973406,9.344392008424977,0.14890444086674579,15.0,0;22.5;45;67.5;90;112.5;135;157.5;180;202.5;225;247.5;270;292.5;315;337.5
val_images_circle,circle,test003.png,2,rot45_padded,45.0,False,321,321,80883.0,0.7849593758583069,inpaint,red_gd,restormer,15.0,fixed15p0,0.8,3.8461538461538467,1.4142135623730951,0.02,G16_fixed,False,16,20,0.13642371542845838,8.651101268609874,0.12095608490813892,17,0.11538897958702694,9.378356672035768,0.1504151226733368,15.0,0;22.5;45;67.5;90;112.5;135;157.5;180;202.5;225;247.5;270;292.5;315;337.5
val_images_circle,circle,test003.png,2,rot45_padded,45.0,False,321,321,80883.0,0.7849593758583069,inpaint,red_gd,restormer,15.0,fixed15p0,0.8,3.8461538461538467,1.4142135623730951,0.02,G16_fixed,False,16,20,0.13642371542845838,8.651101268609874,0.12095608490813892,18,0.1145130157140561,9.411451479831666,0.15205860384366926,15.0,0;22.5;45;67.5;90;112.5;135;157.5;180;202.5;225;247.5;270;292.5;315;337.5
val_images_circle,circle,test003.png,2,rot45_padded,45.0,False,321,321,80883.0,0.7849593758583069,inpaint,red_gd,restormer,15.0,fixed15p0,0.8,3.8461538461538467,1.4142135623730951,0.02,G16_fixed,False,16,20,0.13642371542845838,8.651101268609874,0.12095608490813892,19,0.11365849485135937,9.443980994973177,0.15355337242529332,15.0,0;22.5;45;67.5;90;112.5;135;157.5;180;202.5;225;247.5;270;292.5;315;337.5
val_images_circle,circle,test003.png,2,rot45_padded,45.0,False,321,321,80883.0,0.7849593758583069,inpaint,red_gd,restormer,15.0,fixed15p0,0.8,3.8461538461538467,1.4142135623730951,0.02,G16_fixed,False,16,20,0.13642371542845838,8.651101268609874,0.12095608490813892,20,0.11283085019410753,9.47572139384143,0.15515446259952648,15.0,0;22.5;45;67.5;90;112.5;135;157.5;180;202.5;225;247.5;270;292.5;315;337.5
val_images_circle,circle,test004.png,3,upright,0.0,False,321,321,80892.0,0.7850467562675476,inpaint,red_gd,restormer,15.0,fixed15p0,0.8,3.8461538461538467,1.4142135623730951,0.02,vanilla,True,0,20,0.08200257799365203,10.8617249406972,0.09856513449259506,1,0.08175571503710194,10.874818787615691,0.09859948657430587,15.0,none
val_images_circle,circle,test004.png,3,upright,0.0,False,321,321,80892.0,0.7850467562675476,inpaint,red_gd,restormer,15.0,fixed15p0,0.8,3.8461538461538467,1.4142135623730951,0.02,vanilla,True,0,20,0.08200257799365203,10.8617249406972,0.09856513449259506,2,0.08151894462678633,10.887414514958643,0.09962089209223408,15.0,none
val_images_circle,circle,test004.png,3,upright,0.0,False,321,321,80892.0,0.7850467562675476,inpaint,red_gd,restormer,15.0,fixed15p0,0.8,3.8461538461538467,1.4142135623730951,0.02,vanilla,True,0,20,0.08200257799365203,10.8617249406972,0.09856513449259506,3,0.08129137943956138,10.899555068085354,0.09967442121903279,15.0,none
val_images_circle,circle,test004.png,3,upright,0.0,False,321,321,80892.0,0.7850467562675476,inpaint,red_gd,restormer,15.0,fixed15p0,0.8,3.8461538461538467,1.4142135623730951,0.02,vanilla,True,0,20,0.08200257799365203,10.8617249406972,0.09856513449259506,4,0.0810730375840627,10.91123554856377,0.10060595357853681,15.0,none
val_images_circle,circle,test004.png,3,upright,0.0,False,321,321,80892.0,0.7850467562675476,inpaint,red_gd,restormer,15.0,fixed15p0,0.8,3.8461538461538467,1.4142135623730951,0.02,vanilla,True,0,20,0.08200257799365203,10.8617249406972,0.09856513449259506,5,0.0808605931075539,10.922630774669358,0.10067934184236389,15.0,none
val_images_circle,circle,test004.png,3,upright,0.0,False,321,321,80892.0,0.7850467562675476,inpaint,red_gd,restormer,15.0,fixed15p0,0.8,3.8461538461538467,1.4142135623730951,0.02,vanilla,True,0,20,0.08200257799365203,10.8617249406972,0.09856513449259506,6,0.08065657518280547,10.933602228291068,0.10153624247839713,15.0,none
val_images_circle,circle,test004.png,3,upright,0.0,False,321,321,80892.0,0.7850467562675476,inpaint,red_gd,restormer,15.0,fixed15p0,0.8,3.8461538461538467,1.4142135623730951,0.02,vanilla,True,0,20,0.08200257799365203,10.8617249406972,0.09856513449259506,7,0.08045576248655614,10.944428449585036,0.10163008142801513,15.0,none
val_images_circle,circle,test004.png,3,upright,0.0,False,321,321,80892.0,0.7850467562675476,inpaint,red_gd,restormer,15.0,fixed15p0,0.8,3.8461538461538467,1.4142135623730951,0.02,vanilla,True,0,20,0.08200257799365203,10.8617249406972,0.09856513449259506,8,0.08026277272088093,10.954858414053357,0.10242532819608242,15.0,none
val_images_circle,circle,test004.png,3,upright,0.0,False,321,321,80892.0,0.7850467562675476,inpaint,red_gd,restormer,15.0,fixed15p0,0.8,3.8461538461538467,1.4142135623730951,0.02,vanilla,True,0,20,0.08200257799365203,10.8617249406972,0.09856513449259506,9,0.08007079100258678,10.965258811673424,0.10253981099027099,15.0,none
val_images_circle,circle,test004.png,3,upright,0.0,False,321,321,80892.0,0.7850467562675476,inpaint,red_gd,restormer,15.0,fixed15p0,0.8,3.8461538461538467,1.4142135623730951,0.02,vanilla,True,0,20,0.08200257799365203,10.8617249406972,0.09856513449259506,10,0.07988617346276516,10.97528380991932,0.10328424492687781,15.0,none
val_images_circle,circle,test004.png,3,upright,0.0,False,321,321,80892.0,0.7850467562675476,inpaint,red_gd,restormer,15.0,fixed15p0,0.8,3.8461538461538467,1.4142135623730951,0.02,vanilla,True,0,20,0.08200257799365203,10.8617249406972,0.09856513449259506,11,0.07970139898143512,10.985340554597816,0.10341841784416259,15.0,none
val_images_circle,circle,test004.png,3,upright,0.0,False,321,321,80892.0,0.7850467562675476,inpaint,red_gd,restormer,15.0,fixed15p0,0.8,3.8461538461538467,1.4142135623730951,0.02,vanilla,True,0,20,0.08200257799365203,10.8617249406972,0.09856513449259506,12,0.0795238136284336,10.995028011702123,0.10411977737291697,15.0,none
val_images_circle,circle,test004.png,3,upright,0.0,False,321,321,80892.0,0.7850467562675476,inpaint,red_gd,restormer,15.0,fixed15p0,0.8,3.8461538461538467,1.4142135623730951,0.02,vanilla,True,0,20,0.08200257799365203,10.8617249406972,0.09856513449259506,13,0.07934566690772882,11.004767852222507,0.10427116556643426,15.0,none
val_images_circle,circle,test004.png,3,upright,0.0,False,321,321,80892.0,0.7850467562675476,inpaint,red_gd,restormer,15.0,fixed15p0,0.8,3.8461538461538467,1.4142135623730951,0.02,vanilla,True,0,20,0.08200257799365203,10.8617249406972,0.09856513449259506,14,0.0791746549894458,11.01413820428502,0.10493450903287717,15.0,none
val_images_circle,circle,test004.png,3,upright,0.0,False,321,321,80892.0,0.7850467562675476,inpaint,red_gd,restormer,15.0,fixed15p0,0.8,3.8461538461538467,1.4142135623730951,0.02,vanilla,True,0,20,0.08200257799365203,10.8617249406972,0.09856513449259506,15,0.07900305152240024,11.023561335988601,0.1051003358451701,15.0,none
val_images_circle,circle,test004.png,3,upright,0.0,False,321,321,80892.0,0.7850467562675476,inpaint,red_gd,restormer,15.0,fixed15p0,0.8,3.8461538461538467,1.4142135623730951,0.02,vanilla,True,0,20,0.08200257799365203,10.8617249406972,0.09856513449259506,16,0.07883863114747132,11.032609248575952,0.10572955056974113,15.0,none
val_images_circle,circle,test004.png,3,upright,0.0,False,321,321,80892.0,0.7850467562675476,inpaint,red_gd,restormer,15.0,fixed15p0,0.8,3.8461538461538467,1.4142135623730951,0.02,vanilla,True,0,20,0.08200257799365203,10.8617249406972,0.09856513449259506,17,0.07867366147726289,11.04170637267411,0.10590700312608169,15.0,none
val_images_circle,circle,test004.png,3,upright,0.0,False,321,321,80892.0,0.7850467562675476,inpaint,red_gd,restormer,15.0,fixed15p0,0.8,3.8461538461538467,1.4142135623730951,0.02,vanilla,True,0,20,0.08200257799365203,10.8617249406972,0.09856513449259506,18,0.07851597751477278,11.050419580262613,0.10650498649047495,15.0,none
val_images_circle,circle,test004.png,3,upright,0.0,False,321,321,80892.0,0.7850467562675476,inpaint,red_gd,restormer,15.0,fixed15p0,0.8,3.8461538461538467,1.4142135623730951,0.02,vanilla,True,0,20,0.08200257799365203,10.8617249406972,0.09856513449259506,19,0.0783579494882065,11.059169373736868,0.10669116740916902,15.0,none
val_images_circle,circle,test004.png,3,upright,0.0,False,321,321,80892.0,0.7850467562675476,inpaint,red_gd,restormer,15.0,fixed15p0,0.8,3.8461538461538467,1.4142135623730951,0.02,vanilla,True,0,20,0.08200257799365203,10.8617249406972,0.09856513449259506,20,0.07820726753147715,11.067528875774489,0.10726033389812961,15.0,none
val_images_circle,circle,test004.png,3,upright,0.0,False,321,321,80892.0,0.7850467562675476,inpaint,red_gd,restormer,15.0,fixed15p0,0.8,3.8461538461538467,1.4142135623730951,0.02,G16_fixed,True,16,20,0.08200257799365203,10.8617249406972,0.09856513449259506,1,0.08080883862704284,10.925411348068593,0.10054367194453716,15.0,0;22.5;45;67.5;90;112.5;135;157.5;180;202.5;225;247.5;270;292.5;315;337.5
val_images_circle,circle,test004.png,3,upright,0.0,False,321,321,80892.0,0.7850467562675476,inpaint,red_gd,restormer,15.0,fixed15p0,0.8,3.8461538461538467,1.4142135623730951,0.02,G16_fixed,True,16,20,0.08200257799365203,10.8617249406972,0.09856513449259506,2,0.07967916761314468,10.98655211518423,0.10238224171580626,15.0,0;22.5;45;67.5;90;112.5;135;157.5;180;202.5;225;247.5;270;292.5;315;337.5
val_images_circle,circle,test004.png,3,upright,0.0,False,321,321,80892.0,0.7850467562675476,inpaint,red_gd,restormer,15.0,fixed15p0,0.8,3.8461538461538467,1.4142135623730951,0.02,G16_fixed,True,16,20,0.08200257799365203,10.8617249406972,0.09856513449259506,3,0.07860075611038483,11.045732761872028,0.10428757199027716,15.0,0;22.5;45;67.5;90;112.5;135;157.5;180;202.5;225;247.5;270;292.5;315;337.5
val_images_circle,circle,test004.png,3,upright,0.0,False,321,321,80892.0,0.7850467562675476,inpaint,red_gd,restormer,15.0,fixed15p0,0.8,3.8461538461538467,1.4142135623730951,0.02,G16_fixed,True,16,20,0.08200257799365203,10.8617249406972,0.09856513449259506,4,0.07757441900736475,11.10281468374675,0.10603938932465509,15.0,0;22.5;45;67.5;90;112.5;135;157.5;180;202.5;225;247.5;270;292.5;315;337.5
val_images_circle,circle,test004.png,3,upright,0.0,False,321,321,80892.0,0.7850467562675476,inpaint,red_gd,restormer,15.0,fixed15p0,0.8,3.8461538461538467,1.4142135623730951,0.02,G16_fixed,True,16,20,0.08200257799365203,10.8617249406972,0.09856513449259506,5,0.07658694303631694,11.15845264970859,0.10789393091251298,15.0,0;22.5;45;67.5;90;112.5;135;157.5;180;202.5;225;247.5;270;292.5;315;337.5
val_images_circle,circle,test004.png,3,upright,0.0,False,321,321,80892.0,0.7850467562675476,inpaint,red_gd,restormer,15.0,fixed15p0,0.8,3.8461538461538467,1.4142135623730951,0.02,G16_fixed,True,16,20,0.08200257799365203,10.8617249406972,0.09856513449259506,6,0.07564455756788373,11.212223128921142,0.10957937406124833,15.0,0;22.5;45;67.5;90;112.5;135;157.5;180;202.5;225;247.5;270;292.5;315;337.5
val_images_circle,circle,test004.png,3,upright,0.0,False,321,321,80892.0,0.7850467562675476,inpaint,red_gd,restormer,15.0,fixed15p0,0.8,3.8461538461538467,1.4142135623730951,0.02,G16_fixed,True,16,20,0.08200257799365203,10.8617249406972,0.09856513449259506,7,0.07473704933159336,11.264640523828627,0.11137478491769891,15.0,0;22.5;45;67.5;90;112.5;135;157.5;180;202.5;225;247.5;270;292.5;315;337.5
val_images_circle,circle,test004.png,3,upright,0.0,False,321,321,80892.0,0.7850467562675476,inpaint,red_gd,restormer,15.0,fixed15p0,0.8,3.8461538461538467,1.4142135623730951,0.02,G16_fixed,True,16,20,0.08200257799365203,10.8617249406972,0.09856513449259506,8,0.07386759941109751,11.31546014684907,0.11300947559709242,15.0,0;22.5;45;67.5;90;112.5;135;157.5;180;202.5;225;247.5;270;292.5;315;337.5
val_images_circle,circle,test004.png,3,upright,0.0,False,321,321,80892.0,0.7850467562675476,inpaint,red_gd,restormer,15.0,fixed15p0,0.8,3.8461538461538467,1.4142135623730951,0.02,G16_fixed,True,16,20,0.08200257799365203,10.8617249406972,0.09856513449259506,9,0.07302944724910992,11.36501986467545,0.11475128489220195,15.0,0;22.5;45;67.5;90;112.5;135;157.5;180;202.5;225;247.5;270;292.5;315;337.5
val_images_circle,circle,test004.png,3,upright,0.0,False,321,321,80892.0,0.7850467562675476,inpaint,red_gd,restormer,15.0,fixed15p0,0.8,3.8461538461538467,1.4142135623730951,0.02,G16_fixed,True,16,20,0.08200257799365203,10.8617249406972,0.09856513449259506,10,0.07222061900435148,11.413387935466604,0.11634780256777555,15.0,0;22.5;45;67.5;90;112.5;135;157.5;180;202.5;225;247.5;270;292.5;315;337.5
val_images_circle,circle,test004.png,3,upright,0.0,False,321,321,80892.0,0.7850467562675476,inpaint,red_gd,restormer,15.0,fixed15p0,0.8,3.8461538461538467,1.4142135623730951,0.02,G16_fixed,True,16,20,0.08200257799365203,10.8617249406972,0.09856513449259506,11,0.07144036618655121,11.460563280222122,0.11804371250788087,15.0,0;22.5;45;67.5;90;112.5;135;157.5;180;202.5;225;247.5;270;292.5;315;337.5
val_images_circle,circle,test004.png,3,upright,0.0,False,321,321,80892.0,0.7850467562675476,inpaint,red_gd,restormer,15.0,fixed15p0,0.8,3.8461538461538467,1.4142135623730951,0.02,G16_fixed,True,16,20,0.08200257799365203,10.8617249406972,0.09856513449259506,12,0.07068600268143017,11.506665771515806,0.11960744148061613,15.0,0;22.5;45;67.5;90;112.5;135;157.5;180;202.5;225;247.5;270;292.5;315;337.5
val_images_circle,circle,test004.png,3,upright,0.0,False,321,321,80892.0,0.7850467562675476,inpaint,red_gd,restormer,15.0,fixed15p0,0.8,3.8461538461538467,1.4142135623730951,0.02,G16_fixed,True,16,20,0.08200257799365203,10.8617249406972,0.09856513449259506,13,0.06995165525484597,11.552020044096025,0.12127465526952604,15.0,0;22.5;45;67.5;90;112.5;135;157.5;180;202.5;225;247.5;270;292.5;315;337.5
val_images_circle,circle,test004.png,3,upright,0.0,False,321,321,80892.0,0.7850467562675476,inpaint,red_gd,restormer,15.0,fixed15p0,0.8,3.8461538461538467,1.4142135623730951,0.02,G16_fixed,True,16,20,0.08200257799365203,10.8617249406972,0.09856513449259506,14,0.06923997984001817,11.596430672462414,0.12282183294933367,15.0,0;22.5;45;67.5;90;112.5;135;157.5;180;202.5;225;247.5;270;292.5;315;337.5
val_images_circle,circle,test004.png,3,upright,0.0,False,321,321,80892.0,0.7850467562675476,inpaint,red_gd,restormer,15.0,fixed15p0,0.8,3.8461538461538467,1.4142135623730951,0.02,G16_fixed,True,16,20,0.08200257799365203,10.8617249406972,0.09856513449259506,15,0.06855085571270954,11.639871195909045,0.12445604073177817,15.0,0;22.5;45;67.5;90;112.5;135;157.5;180;202.5;225;247.5;270;292.5;315;337.5
val_images_circle,circle,test004.png,3,upright,0.0,False,321,321,80892.0,0.7850467562675476,inpaint,red_gd,restormer,15.0,fixed15p0,0.8,3.8461538461538467,1.4142135623730951,0.02,G16_fixed,True,16,20,0.08200257799365203,10.8617249406972,0.09856513449259506,16,0.06787974967781116,11.682597679121955,0.12598193472855784,15.0,0;22.5;45;67.5;90;112.5;135;157.5;180;202.5;225;247.5;270;292.5;315;337.5
val_images_circle,circle,test004.png,3,upright,0.0,False,321,321,80892.0,0.7850467562675476,inpaint,red_gd,restormer,15.0,fixed15p0,0.8,3.8461538461538467,1.4142135623730951,0.02,G16_fixed,True,16,20,0.08200257799365203,10.8617249406972,0.09856513449259506,17,0.06722789915875488,11.724504600380882,0.12759799765814295,15.0,0;22.5;45;67.5;90;112.5;135;157.5;180;202.5;225;247.5;270;292.5;315;337.5
val_images_circle,circle,test004.png,3,upright,0.0,False,321,321,80892.0,0.7850467562675476,inpaint,red_gd,restormer,15.0,fixed15p0,0.8,3.8461538461538467,1.4142135623730951,0.02,G16_fixed,True,16,20,0.08200257799365203,10.8617249406972,0.09856513449259506,18,0.0665911452055673,11.765835162355252,0.12911344900840008,15.0,0;22.5;45;67.5;90;112.5;135;157.5;180;202.5;225;247.5;270;292.5;315;337.5
val_images_circle,circle,test004.png,3,upright,0.0,False,321,321,80892.0,0.7850467562675476,inpaint,red_gd,restormer,15.0,fixed15p0,0.8,3.8461538461538467,1.4142135623730951,0.02,G16_fixed,True,16,20,0.08200257799365203,10.8617249406972,0.09856513449259506,19,0.06596855220540968,11.806630471625542,0.1307240069127664,15.0,0;22.5;45;67.5;90;112.5;135;157.5;180;202.5;225;247.5;270;292.5;315;337.5
val_images_circle,circle,test004.png,3,upright,0.0,False,321,321,80892.0,0.7850467562675476,inpaint,red_gd,restormer,15.0,fixed15p0,0.8,3.8461538461538467,1.4142135623730951,0.02,G16_fixed,True,16,20,0.08200257799365203,10.8617249406972,0.09856513449259506,20,0.06535879219167223,11.846959820163175,0.13224637576181822,15.0,0;22.5;45;67.5;90;112.5;135;157.5;180;202.5;225;247.5;270;292.5;315;337.5
val_images_circle,circle,test004.png,3,rot45_padded,45.0,False,321,321,80883.0,0.7849593758583069,inpaint,red_gd,restormer,15.0,fixed15p0,0.8,3.8461538461538467,1.4142135623730951,0.02,vanilla,False,0,20,0.08081751042014391,10.924945321097393,0.10490390295627634,1,0.08057945195529345,10.937756907029312,0.10489492007359395,15.0,none
val_images_circle,circle,test004.png,3,rot45_padded,45.0,False,321,321,80883.0,0.7849593758583069,inpaint,red_gd,restormer,15.0,fixed15p0,0.8,3.8461538461538467,1.4142135623730951,0.02,vanilla,False,0,20,0.08081751042014391,10.924945321097393,0.10490390295627634,2,0.08035021941415378,10.950129329612945,0.10596084052350309,15.0,none
val_images_circle,circle,test004.png,3,rot45_padded,45.0,False,321,321,80883.0,0.7849593758583069,inpaint,red_gd,restormer,15.0,fixed15p0,0.8,3.8461538461538467,1.4142135623730951,0.02,vanilla,False,0,20,0.08081751042014391,10.924945321097393,0.10490390295627634,3,0.08013114694798351,10.961986409902089,0.10597651227312908,15.0,none
val_images_circle,circle,test004.png,3,rot45_padded,45.0,False,321,321,80883.0,0.7849593758583069,inpaint,red_gd,restormer,15.0,fixed15p0,0.8,3.8461538461538467,1.4142135623730951,0.02,vanilla,False,0,20,0.08081751042014391,10.924945321097393,0.10490390295627634,4,0.0799199284672768,10.973449134993022,0.10694404359537851,15.0,none
val_images_circle,circle,test004.png,3,rot45_padded,45.0,False,321,321,80883.0,0.7849593758583069,inpaint,red_gd,restormer,15.0,fixed15p0,0.8,3.8461538461538467,1.4142135623730951,0.02,vanilla,False,0,20,0.08081751042014391,10.924945321097393,0.10490390295627634,5,0.07971650360319844,10.984517578784395,0.10698276416629576,15.0,none
val_images_circle,circle,test004.png,3,rot45_padded,45.0,False,321,321,80883.0,0.7849593758583069,inpaint,red_gd,restormer,15.0,fixed15p0,0.8,3.8461538461538467,1.4142135623730951,0.02,vanilla,False,0,20,0.08081751042014391,10.924945321097393,0.10490390295627634,6,0.07952012378219156,10.995229525810535,0.10786655184031255,15.0,none
val_images_circle,circle,test004.png,3,rot45_padded,45.0,False,321,321,80883.0,0.7849593758583069,inpaint,red_gd,restormer,15.0,fixed15p0,0.8,3.8461538461538467,1.4142135623730951,0.02,vanilla,False,0,20,0.08081751042014391,10.924945321097393,0.10490390295627634,7,0.07932936429974469,11.005660258880214,0.10792717422465166,15.0,none
val_images_circle,circle,test004.png,3,rot45_padded,45.0,False,321,321,80883.0,0.7849593758583069,inpaint,red_gd,restormer,15.0,fixed15p0,0.8,3.8461538461538467,1.4142135623730951,0.02,vanilla,False,0,20,0.08081751042014391,10.924945321097393,0.10490390295627634,8,0.07914487713927834,11.015771907466085,0.10874062013185713,15.0,none
val_images_circle,circle,test004.png,3,rot45_padded,45.0,False,321,321,80883.0,0.7849593758583069,inpaint,red_gd,restormer,15.0,fixed15p0,0.8,3.8461538461538467,1.4142135623730951,0.02,vanilla,False,0,20,0.08081751042014391,10.924945321097393,0.10490390295627634,9,0.07896430187933497,11.025691998576043,0.10882219050202144,15.0,none
val_images_circle,circle,test004.png,3,rot45_padded,45.0,False,321,321,80883.0,0.7849593758583069,inpaint,red_gd,restormer,15.0,fixed15p0,0.8,3.8461538461538467,1.4142135623730951,0.02,vanilla,False,0,20,0.08081751042014391,10.924945321097393,0.10490390295627634,10,0.07878948580627264,11.035317337919132,0.10957643872939926,15.0,none
val_images_circle,circle,test004.png,3,rot45_padded,45.0,False,321,321,80883.0,0.7849593758583069,inpaint,red_gd,restormer,15.0,fixed15p0,0.8,3.8461538461538467,1.4142135623730951,0.02,vanilla,False,0,20,0.08081751042014391,10.924945321097393,0.10490390295627634,11,0.07861741651521334,11.044812318415707,0.10967735127437163,15.0,none
val_images_circle,circle,test004.png,3,rot45_padded,45.0,False,321,321,80883.0,0.7849593758583069,inpaint,red_gd,restormer,15.0,fixed15p0,0.8,3.8461538461538467,1.4142135623730951,0.02,vanilla,False,0,20,0.08081751042014391,10.924945321097393,0.10490390295627634,12,0.07845087097257768,11.054022304520014,0.11038087760638823,15.0,none
val_images_circle,circle,test004.png,3,rot45_padded,45.0,False,321,321,80883.0,0.7849593758583069,inpaint,red_gd,restormer,15.0,fixed15p0,0.8,3.8461538461538467,1.4142135623730951,0.02,vanilla,False,0,20,0.08081751042014391,10.924945321097393,0.10490390295627634,13,0.07828658926126318,11.063126275800627,0.11049848817118554,15.0,none
val_images_circle,circle,test004.png,3,rot45_padded,45.0,False,321,321,80883.0,0.7849593758583069,inpaint,red_gd,restormer,15.0,fixed15p0,0.8,3.8461538461538467,1.4142135623730951,0.02,vanilla,False,0,20,0.08081751042014391,10.924945321097393,0.10490390295627634,14,0.07812781318772177,11.071943315050493,0.11115699142588678,15.0,none
val_images_circle,circle,test004.png,3,rot45_padded,45.0,False,321,321,80883.0,0.7849593758583069,inpaint,red_gd,restormer,15.0,fixed15p0,0.8,3.8461538461538467,1.4142135623730951,0.02,vanilla,False,0,20,0.08081751042014391,10.924945321097393,0.10490390295627634,15,0.07797116813406402,11.080659592976279,0.11128810046224176,15.0,none
val_images_circle,circle,test004.png,3,rot45_padded,45.0,False,321,321,80883.0,0.7849593758583069,inpaint,red_gd,restormer,15.0,fixed15p0,0.8,3.8461538461538467,1.4142135623730951,0.02,vanilla,False,0,20,0.08081751042014391,10.924945321097393,0.10490390295627634,16,0.07781993212804297,11.089091523093163,0.1119058064580938,15.0,none
val_images_circle,circle,test004.png,3,rot45_padded,45.0,False,321,321,80883.0,0.7849593758583069,inpaint,red_gd,restormer,15.0,fixed15p0,0.8,3.8461538461538467,1.4142135623730951,0.02,vanilla,False,0,20,0.08081751042014391,10.924945321097393,0.10490390295627634,17,0.07767074262553626,11.097425424490359,0.11204772151595514,15.0,none
val_images_circle,circle,test004.png,3,rot45_padded,45.0,False,321,321,80883.0,0.7849593758583069,inpaint,red_gd,restormer,15.0,fixed15p0,0.8,3.8461538461538467,1.4142135623730951,0.02,vanilla,False,0,20,0.08081751042014391,10.924945321097393,0.10490390295627634,18,0.07752666636337364,11.105488902355516,0.11262861459608323,15.0,none
val_images_circle,circle,test004.png,3,rot45_padded,45.0,False,321,321,80883.0,0.7849593758583069,inpaint,red_gd,restormer,15.0,fixed15p0,0.8,3.8461538461538467,1.4142135623730951,0.02,vanilla,False,0,20,0.08081751042014391,10.924945321097393,0.10490390295627634,19,0.07738442531380203,11.113464382951669,0.11277966949559858,15.0,none
val_images_circle,circle,test004.png,3,rot45_padded,45.0,False,321,321,80883.0,0.7849593758583069,inpaint,red_gd,restormer,15.0,fixed15p0,0.8,3.8461538461538467,1.4142135623730951,0.02,vanilla,False,0,20,0.08081751042014391,10.924945321097393,0.10490390295627634,20,0.07724709828741824,11.121178254491612,0.11332770985559389,15.0,none
val_images_circle,circle,test004.png,3,rot45_padded,45.0,False,321,321,80883.0,0.7849593758583069,inpaint,red_gd,restormer,15.0,fixed15p0,0.8,3.8461538461538467,1.4142135623730951,0.02,G16_fixed,False,16,20,0.08081751042014391,10.924945321097393,0.10490390295627634,1,0.07975891270994832,10.982207750485603,0.1065414559069891,15.0,0;22.5;45;67.5;90;112.5;135;157.5;180;202.5;225;247.5;270;292.5;315;337.5
val_images_circle,circle,test004.png,3,rot45_padded,45.0,False,321,321,80883.0,0.7849593758583069,inpaint,red_gd,restormer,15.0,fixed15p0,0.8,3.8461538461538467,1.4142135623730951,0.02,G16_fixed,False,16,20,0.08081751042014391,10.924945321097393,0.10490390295627634,2,0.07875986885570825,11.036950156838643,0.1084585890074243,15.0,0;22.5;45;67.5;90;112.5;135;157.5;180;202.5;225;247.5;270;292.5;315;337.5
val_images_circle,circle,test004.png,3,rot45_padded,45.0,False,321,321,80883.0,0.7849593758583069,inpaint,red_gd,restormer,15.0,fixed15p0,0.8,3.8461538461538467,1.4142135623730951,0.02,G16_fixed,False,16,20,0.08081751042014391,10.924945321097393,0.10490390295627634,3,0.07780733315213023,11.089794698814801,0.11003392583654785,15.0,0;22.5;45;67.5;90;112.5;135;157.5;180;202.5;225;247.5;270;292.5;315;337.5
val_images_circle,circle,test004.png,3,rot45_padded,45.0,False,321,321,80883.0,0.7849593758583069,inpaint,red_gd,restormer,15.0,fixed15p0,0.8,3.8461538461538467,1.4142135623730951,0.02,G16_fixed,False,16,20,0.08081751042014391,10.924945321097393,0.10490390295627634,4,0.0769036297993707,11.140531613086605,0.11184068055864645,15.0,0;22.5;45;67.5;90;112.5;135;157.5;180;202.5;225;247.5;270;292.5;315;337.5
val_images_circle,circle,test004.png,3,rot45_padded,45.0,False,321,321,80883.0,0.7849593758583069,inpaint,red_gd,restormer,15.0,fixed15p0,0.8,3.8461538461538467,1.4142135623730951,0.02,G16_fixed,False,16,20,0.08081751042014391,10.924945321097393,0.10490390295627634,5,0.07603740341952264,11.1897272215677,0.11336445032871555,15.0,0;22.5;45;67.5;90;112.5;135;157.5;180;202.5;225;247.5;270;292.5;315;337.5
val_images_circle,circle,test004.png,3,rot45_padded,45.0,False,321,321,80883.0,0.7849593758583069,inpaint,red_gd,restormer,15.0,fixed15p0,0.8,3.8461538461538467,1.4142135623730951,0.02,G16_fixed,False,16,20,0.08081751042014391,10.924945321097393,0.10490390295627634,6,0.07521189581903799,11.237134641958075,0.11508070009303561,15.0,0;22.5;45;67.5;90;112.5;135;157.5;180;202.5;225;247.5;270;292.5;315;337.5
val_images_circle,circle,test004.png,3,rot45_padded,45.0,False,321,321,80883.0,0.7849593758583069,inpaint,red_gd,restormer,15.0,fixed15p0,0.8,3.8461538461538467,1.4142135623730951,0.02,G16_fixed,False,16,20,0.08081751042014391,10.924945321097393,0.10490390295627634,7,0.07441718839828827,11.283267423523144,0.11656124577707924,15.0,0;22.5;45;67.5;90;112.5;135;157.5;180;202.5;225;247.5;270;292.5;315;337.5
val_images_circle,circle,test004.png,3,rot45_padded,45.0,False,321,321,80883.0,0.7849593758583069,inpaint,red_gd,restormer,15.0,fixed15p0,0.8,3.8461538461538467,1.4142135623730951,0.02,G16_fixed,False,16,20,0.08081751042014391,10.924945321097393,0.10490390295627634,8,0.0736571025045436,11.327853692584382,0.11820268648078087,15.0,0;22.5;45;67.5;90;112.5;135;157.5;180;202.5;225;247.5;270;292.5;315;337.5
val_images_circle,circle,test004.png,3,rot45_padded,45.0,False,321,321,80883.0,0.7849593758583069,inpaint,red_gd,restormer,15.0,fixed15p0,0.8,3.8461538461538467,1.4142135623730951,0.02,G16_fixed,False,16,20,0.08081751042014391,10.924945321097393,0.10490390295627634,9,0.07292280014032615,11.371366633557358,0.11964678146211194,15.0,0;22.5;45;67.5;90;112.5;135;157.5;180;202.5;225;247.5;270;292.5;315;337.5
val_images_circle,circle,test004.png,3,rot45_padded,45.0,False,321,321,80883.0,0.7849593758583069,inpaint,red_gd,restormer,15.0,fixed15p0,0.8,3.8461538461538467,1.4142135623730951,0.02,G16_fixed,False,16,20,0.08081751042014391,10.924945321097393,0.10490390295627634,10,0.07221836223889755,11.413523646861856,0.12122629581463348,15.0,0;22.5;45;67.5;90;112.5;135;157.5;180;202.5;225;247.5;270;292.5;315;337.5
val_images_circle,circle,test004.png,3,rot45_padded,45.0,False,321,321,80883.0,0.7849593758583069,inpaint,red_gd,restormer,15.0,fixed15p0,0.8,3.8461538461538467,1.4142135623730951,0.02,G16_fixed,False,16,20,0.08081751042014391,10.924945321097393,0.10490390295627634,11,0.07153579596647318,11.454765861637137,0.1226400856406785,15.0,0;22.5;45;67.5;90;112.5;135;157.5;180;202.5;225;247.5;270;292.5;315;337.5
val_images_circle,circle,test004.png,3,rot45_padded,45.0,False,321,321,80883.0,0.7849593758583069,inpaint,red_gd,restormer,15.0,fixed15p0,0.8,3.8461538461538467,1.4142135623730951,0.02,G16_fixed,False,16,20,0.08081751042014391,10.924945321097393,0.10490390295627634,12,0.07087919433008172,11.494812276332567,0.12416893846667408,15.0,0;22.5;45;67.5;90;112.5;135;157.5;180;202.5;225;247.5;270;292.5;315;337.5
val_images_circle,circle,test004.png,3,rot45_padded,45.0,False,321,321,80883.0,0.7849593758583069,inpaint,red_gd,restormer,15.0,fixed15p0,0.8,3.8461538461538467,1.4142135623730951,0.02,G16_fixed,False,16,20,0.08081751042014391,10.924945321097393,0.10490390295627634,13,0.07024134929079658,11.534071545062938,0.1255583030619846,15.0,0;22.5;45;67.5;90;112.5;135;157.5;180;202.5;225;247.5;270;292.5;315;337.5
val_images_circle,circle,test004.png,3,rot45_padded,45.0,False,321,321,80883.0,0.7849593758583069,inpaint,red_gd,restormer,15.0,fixed15p0,0.8,3.8461538461538467,1.4142135623730951,0.02,G16_fixed,False,16,20,0.08081751042014391,10.924945321097393,0.10490390295627634,14,0.0696262150073254,11.57227213127043,0.12704645521926733,15.0,0;22.5;45;67.5;90;112.5;135;157.5;180;202.5;225;247.5;270;292.5;315;337.5
val_images_circle,circle,test004.png,3,rot45_padded,45.0,False,321,321,80883.0,0.7849593758583069,inpaint,red_gd,restormer,15.0,fixed15p0,0.8,3.8461538461538467,1.4142135623730951,0.02,G16_fixed,False,16,20,0.08081751042014391,10.924945321097393,0.10490390295627634,15,0.06902726560857968,11.60979330068537,0.12841732280346302,15.0,0;22.5;45;67.5;90;112.5;135;157.5;180;202.5;225;247.5;270;292.5;315;337.5
val_images_circle,circle,test004.png,3,rot45_padded,45.0,False,321,321,80883.0,0.7849593758583069,inpaint,red_gd,restormer,15.0,fixed15p0,0.8,3.8461538461538467,1.4142135623730951,0.02,G16_fixed,False,16,20,0.08081751042014391,10.924945321097393,0.10490390295627634,16,0.06844831640494603,11.646372295611648,0.1298736968058801,15.0,0;22.5;45;67.5;90;112.5;135;157.5;180;202.5;225;247.5;270;292.5;315;337.5
val_images_circle,circle,test004.png,3,rot45_padded,45.0,False,321,321,80883.0,0.7849593758583069,inpaint,red_gd,restormer,15.0,fixed15p0,0.8,3.8461538461538467,1.4142135623730951,0.02,G16_fixed,False,16,20,0.08081751042014391,10.924945321097393,0.10490390295627634,17,0.06788342106615419,11.682362790132556,0.13123198352481363,15.0,0;22.5;45;67.5;90;112.5;135;157.5;180;202.5;225;247.5;270;292.5;315;337.5
val_images_circle,circle,test004.png,3,rot45_padded,45.0,False,321,321,80883.0,0.7849593758583069,inpaint,red_gd,restormer,15.0,fixed15p0,0.8,3.8461538461538467,1.4142135623730951,0.02,G16_fixed,False,16,20,0.08081751042014391,10.924945321097393,0.10490390295627634,18,0.06733618361166747,11.717515016004649,0.1326649102716269,15.0,0;22.5;45;67.5;90;112.5;135;157.5;180;202.5;225;247.5;270;292.5;315;337.5
val_images_circle,circle,test004.png,3,rot45_padded,45.0,False,321,321,80883.0,0.7849593758583069,inpaint,red_gd,restormer,15.0,fixed15p0,0.8,3.8461538461538467,1.4142135623730951,0.02,G16_fixed,False,16,20,0.08081751042014391,10.924945321097393,0.10490390295627634,19,0.06680116480943152,11.75215964681668,0.13401653227115093,15.0,0;22.5;45;67.5;90;112.5;135;157.5;180;202.5;225;247.5;270;292.5;315;337.5
val_images_circle,circle,test004.png,3,rot45_padded,45.0,False,321,321,80883.0,0.7849593758583069,inpaint,red_gd,restormer,15.0,fixed15p0,0.8,3.8461538461538467,1.4142135623730951,0.02,G16_fixed,False,16,20,0.08081751042014391,10.924945321097393,0.10490390295627634,20,0.06628177549863692,11.786058665934839,0.13543393215354277,15.0,0;22.5;45;67.5;90;112.5;135;157.5;180;202.5;225;247.5;270;292.5;315;337.5
val_images_circle,circle,test005.png,4,upright,0.0,False,321,321,80892.0,0.7850467562675476,inpaint,red_gd,restormer,15.0,fixed15p0,0.8,3.8461538461538467,1.4142135623730951,0.02,vanilla,True,0,20,0.25082539161010975,6.006285010232486,0.07349995185517419,1,0.25031320696113335,6.015162356533539,0.07339186140934827,15.0,none
val_images_circle,circle,test005.png,4,upright,0.0,False,321,321,80892.0,0.7850467562675476,inpaint,red_gd,restormer,15.0,fixed15p0,0.8,3.8461538461538467,1.4142135623730951,0.02,vanilla,True,0,20,0.25082539161010975,6.006285010232486,0.07349995185517419,2,0.24982000016225336,6.023727956960587,0.07404771393686953,15.0,none
val_images_circle,circle,test005.png,4,upright,0.0,False,321,321,80892.0,0.7850467562675476,inpaint,red_gd,restormer,15.0,fixed15p0,0.8,3.8461538461538467,1.4142135623730951,0.02,vanilla,True,0,20,0.25082539161010975,6.006285010232486,0.07349995185517419,3,0.24934507101289374,6.031992123786809,0.07396738402940031,15.0,none
val_images_circle,circle,test005.png,4,upright,0.0,False,321,321,80892.0,0.7850467562675476,inpaint,red_gd,restormer,15.0,fixed15p0,0.8,3.8461538461538467,1.4142135623730951,0.02,vanilla,True,0,20,0.25082539161010975,6.006285010232486,0.07349995185517419,4,0.24888564285559758,6.040001552533118,0.07455471347985586,15.0,none
val_images_circle,circle,test005.png,4,upright,0.0,False,321,321,80892.0,0.7850467562675476,inpaint,red_gd,restormer,15.0,fixed15p0,0.8,3.8461538461538467,1.4142135623730951,0.02,vanilla,True,0,20,0.25082539161010975,6.006285010232486,0.07349995185517419,5,0.24844215029761904,6.0477472053762416,0.07449856463710874,15.0,none
val_images_circle,circle,test005.png,4,upright,0.0,False,321,321,80892.0,0.7850467562675476,inpaint,red_gd,restormer,15.0,fixed15p0,0.8,3.8461538461538467,1.4142135623730951,0.02,vanilla,True,0,20,0.25082539161010975,6.006285010232486,0.07349995185517419,6,0.24801338609658558,6.055248782423666,0.075024475631861,15.0,none
val_images_circle,circle,test005.png,4,upright,0.0,False,321,321,80892.0,0.7850467562675476,inpaint,red_gd,restormer,15.0,fixed15p0,0.8,3.8461538461538467,1.4142135623730951,0.02,vanilla,True,0,20,0.25082539161010975,6.006285010232486,0.07349995185517419,7,0.24759935025249716,6.062504993212467,0.07498849377294727,15.0,none
val_images_circle,circle,test005.png,4,upright,0.0,False,321,321,80892.0,0.7850467562675476,inpaint,red_gd,restormer,15.0,fixed15p0,0.8,3.8461538461538467,1.4142135623730951,0.02,vanilla,True,0,20,0.25082539161010975,6.006285010232486,0.07349995185517419,8,0.24720052566230283,6.0695061007191615,0.07545833439570662,15.0,none
val_images_circle,circle,test005.png,4,upright,0.0,False,321,321,80892.0,0.7850467562675476,inpaint,red_gd,restormer,15.0,fixed15p0,0.8,3.8461538461538467,1.4142135623730951,0.02,vanilla,True,0,20,0.25082539161010975,6.006285010232486,0.07349995185517419,9,0.2468161155460367,6.076264870041942,0.07543842696898334,15.0,none
val_images_circle,circle,test005.png,4,upright,0.0,False,321,321,80892.0,0.7850467562675476,inpaint,red_gd,restormer,15.0,fixed15p0,0.8,3.8461538461538467,1.4142135623730951,0.02,vanilla,True,0,20,0.25082539161010975,6.006285010232486,0.07349995185517419,10,0.2464469408285121,6.08276568418335,0.07585711069620606,15.0,none
val_images_circle,circle,test005.png,4,upright,0.0,False,321,321,80892.0,0.7850467562675476,inpaint,red_gd,restormer,15.0,fixed15p0,0.8,3.8461538461538467,1.4142135623730951,0.02,vanilla,True,0,20,0.25082539161010975,6.006285010232486,0.07349995185517419,11,0.24609150452918707,6.089033785758598,0.07585003625590293,15.0,none
val_images_circle,circle,test005.png,4,upright,0.0,False,321,321,80892.0,0.7850467562675476,inpaint,red_gd,restormer,15.0,fixed15p0,0.8,3.8461538461538467,1.4142135623730951,0.02,vanilla,True,0,20,0.25082539161010975,6.006285010232486,0.07349995185517419,12,0.24575053099348515,6.095055351141731,0.07622297756962988,15.0,none
val_images_circle,circle,test005.png,4,upright,0.0,False,321,321,80892.0,0.7850467562675476,inpaint,red_gd,restormer,15.0,fixed15p0,0.8,3.8461538461538467,1.4142135623730951,0.02,vanilla,True,0,20,0.25082539161010975,6.006285010232486,0.07349995185517419,13,0.24542199205422044,6.100865231092135,0.07622667776750174,15.0,none
val_images_circle,circle,test005.png,4,upright,0.0,False,321,321,80892.0,0.7850467562675476,inpaint,red_gd,restormer,15.0,fixed15p0,0.8,3.8461538461538467,1.4142135623730951,0.02,vanilla,True,0,20,0.25082539161010975,6.006285010232486,0.07349995185517419,14,0.2451064671877318,6.106452296418779,0.07655947223612966,15.0,none
val_images_circle,circle,test005.png,4,upright,0.0,False,321,321,80892.0,0.7850467562675476,inpaint,red_gd,restormer,15.0,fixed15p0,0.8,3.8461538461538467,1.4142135623730951,0.02,vanilla,True,0,20,0.25082539161010975,6.006285010232486,0.07349995185517419,15,0.2448019765165282,6.1118508004462875,0.07657251045375316,15.0,none
val_images_circle,circle,test005.png,4,upright,0.0,False,321,321,80892.0,0.7850467562675476,inpaint,red_gd,restormer,15.0,fixed15p0,0.8,3.8461538461538467,1.4142135623730951,0.02,vanilla,True,0,20,0.25082539161010975,6.006285010232486,0.07349995185517419,16,0.2445087614890842,6.117055741755831,0.07687045183508567,15.0,none
val_images_circle,circle,test005.png,4,upright,0.0,False,321,321,80892.0,0.7850467562675476,inpaint,red_gd,restormer,15.0,fixed15p0,0.8,3.8461538461538467,1.4142135623730951,0.02,vanilla,True,0,20,0.25082539161010975,6.006285010232486,0.07349995185517419,17,0.24422532512485784,6.12209303570057,0.07689172948190179,15.0,none
val_images_circle,circle,test005.png,4,upright,0.0,False,321,321,80892.0,0.7850467562675476,inpaint,red_gd,restormer,15.0,fixed15p0,0.8,3.8461538461538467,1.4142135623730951,0.02,vanilla,True,0,20,0.25082539161010975,6.006285010232486,0.07349995185517419,18,0.24395161913415417,6.126962950811469,0.07715944755043762,15.0,none
val_images_circle,circle,test005.png,4,upright,0.0,False,321,321,80892.0,0.7850467562675476,inpaint,red_gd,restormer,15.0,fixed15p0,0.8,3.8461538461538467,1.4142135623730951,0.02,vanilla,True,0,20,0.25082539161010975,6.006285010232486,0.07349995185517419,19,0.2436865811436854,6.13168385036462,0.07718783585482804,15.0,none
val_images_circle,circle,test005.png,4,upright,0.0,False,321,321,80892.0,0.7850467562675476,inpaint,red_gd,restormer,15.0,fixed15p0,0.8,3.8461538461538467,1.4142135623730951,0.02,vanilla,True,0,20,0.25082539161010975,6.006285010232486,0.07349995185517419,20,0.24342996970497702,6.136259549627532,0.0774293265828203,15.0,none
val_images_circle,circle,test005.png,4,upright,0.0,False,321,321,80892.0,0.7850467562675476,inpaint,red_gd,restormer,15.0,fixed15p0,0.8,3.8461538461538467,1.4142135623730951,0.02,G16_fixed,True,16,20,0.25082539161010975,6.006285010232486,0.07349995185517419,1,0.24712975711442417,6.070749576634631,0.07467647594555085,15.0,0;22.5;45;67.5;90;112.5;135;157.5;180;202.5;225;247.5;270;292.5;315;337.5
val_images_circle,circle,test005.png,4,upright,0.0,False,321,321,80892.0,0.7850467562675476,inpaint,red_gd,restormer,15.0,fixed15p0,0.8,3.8461538461538467,1.4142135623730951,0.02,G16_fixed,True,16,20,0.25082539161010975,6.006285010232486,0.07349995185517419,2,0.24366600973365724,6.132050486349849,0.07611693943583729,15.0,0;22.5;45;67.5;90;112.5;135;157.5;180;202.5;225;247.5;270;292.5;315;337.5
val_images_circle,circle,test005.png,4,upright,0.0,False,321,321,80892.0,0.7850467562675476,inpaint,red_gd,restormer,15.0,fixed15p0,0.8,3.8461538461538467,1.4142135623730951,0.02,G16_fixed,True,16,20,0.25082539161010975,6.006285010232486,0.07349995185517419,3,0.24035461634030558,6.191475322336151,0.07723725432134822,15.0,0;22.5;45;67.5;90;112.5;135;157.5;180;202.5;225;247.5;270;292.5;315;337.5
val_images_circle,circle,test005.png,4,upright,0.0,False,321,321,80892.0,0.7850467562675476,inpaint,red_gd,restormer,15.0,fixed15p0,0.8,3.8461538461538467,1.4142135623730951,0.02,G16_fixed,True,16,20,0.25082539161010975,6.006285010232486,0.07349995185517419,4,0.23723770969317115,6.248162773229842,0.07858662533841418,15.0,0;22.5;45;67.5;90;112.5;135;157.5;180;202.5;225;247.5;270;292.5;315;337.5
val_images_circle,circle,test005.png,4,upright,0.0,False,321,321,80892.0,0.7850467562675476,inpaint,red_gd,restormer,15.0,fixed15p0,0.8,3.8461538461538467,1.4142135623730951,0.02,G16_fixed,True,16,20,0.25082539161010975,6.006285010232486,0.07349995185517419,5,0.2342464045424764,6.303270663925684,0.07965868674629444,15.0,0;22.5;45;67.5;90;112.5;135;157.5;180;202.5;225;247.5;270;292.5;315;337.5
val_images_circle,circle,test005.png,4,upright,0.0,False,321,321,80892.0,0.7850467562675476,inpaint,red_gd,restormer,15.0,fixed15p0,0.8,3.8461538461538467,1.4142135623730951,0.02,G16_fixed,True,16,20,0.25082539161010975,6.006285010232486,0.07349995185517419,6,0.23141385176377144,6.356106489947946,0.08093124696740717,15.0,0;22.5;45;67.5;90;112.5;135;157.5;180;202.5;225;247.5;270;292.5;315;337.5
val_images_circle,circle,test005.png,4,upright,0.0,False,321,321,80892.0,0.7850467562675476,inpaint,red_gd,restormer,15.0,fixed15p0,0.8,3.8461538461538467,1.4142135623730951,0.02,G16_fixed,True,16,20,0.25082539161010975,6.006285010232486,0.07349995185517419,7,0.22868543571212233,6.4076149342241635,0.08196413939651016,15.0,0;22.5;45;67.5;90;112.5;135;157.5;180;202.5;225;247.5;270;292.5;315;337.5
val_images_circle,circle,test005.png,4,upright,0.0,False,321,321,80892.0,0.7850467562675476,inpaint,red_gd,restormer,15.0,fixed15p0,0.8,3.8461538461538467,1.4142135623730951,0.02,G16_fixed,True,16,20,0.25082539161010975,6.006285010232486,0.07349995185517419,8,0.22609500746365524,6.457090274597003,0.08316952261580256,15.0,0;22.5;45;67.5;90;112.5;135;157.5;180;202.5;225;247.5;270;292.5;315;337.5
val_images_circle,circle,test005.png,4,upright,0.0,False,321,321,80892.0,0.7850467562675476,inpaint,red_gd,restormer,15.0,fixed15p0,0.8,3.8461538461538467,1.4142135623730951,0.02,G16_fixed,True,16,20,0.25082539161010975,6.006285010232486,0.07349995185517419,9,0.22359026927879147,6.505471010113874,0.08416744123337289,15.0,0;22.5;45;67.5;90;112.5;135;157.5;180;202.5;225;247.5;270;292.5;315;337.5
val_images_circle,circle,test005.png,4,upright,0.0,False,321,321,80892.0,0.7850467562675476,inpaint,red_gd,restormer,15.0,fixed15p0,0.8,3.8461538461538467,1.4142135623730951,0.02,G16_fixed,True,16,20,0.25082539161010975,6.006285010232486,0.07349995185517419,10,0.22120108833382782,6.552127405851824,0.08531638587174875,15.0,0;22.5;45;67.5;90;112.5;135;157.5;180;202.5;225;247.5;270;292.5;315;337.5
val_images_circle,circle,test005.png,4,upright,0.0,False,321,321,80892.0,0.7850467562675476,inpaint,red_gd,restormer,15.0,fixed15p0,0.8,3.8461538461538467,1.4142135623730951,0.02,G16_fixed,True,16,20,0.25082539161010975,6.006285010232486,0.07349995185517419,11,0.21888595963599614,6.597820952076394,0.08628298258596338,15.0,0;22.5;45;67.5;90;112.5;135;157.5;180;202.5;225;247.5;270;292.5;315;337.5
val_images_circle,circle,test005.png,4,upright,0.0,False,321,321,80892.0,0.7850467562675476,inpaint,red_gd,restormer,15.0,fixed15p0,0.8,3.8461538461538467,1.4142135623730951,0.02,G16_fixed,True,16,20,0.25082539161010975,6.006285010232486,0.07349995185517419,12,0.2166713217932552,6.641985672733975,0.08738416871608132,15.0,0;22.5;45;67.5;90;112.5;135;157.5;180;202.5;225;247.5;270;292.5;315;337.5
val_images_circle,circle,test005.png,4,upright,0.0,False,321,321,80892.0,0.7850467562675476,inpaint,red_gd,restormer,15.0,fixed15p0,0.8,3.8461538461538467,1.4142135623730951,0.02,G16_fixed,True,16,20,0.25082539161010975,6.006285010232486,0.07349995185517419,13,0.21452276839798745,6.685266071396434,0.08832083185566866,15.0,0;22.5;45;67.5;90;112.5;135;157.5;180;202.5;225;247.5;270;292.5;315;337.5
val_images_circle,circle,test005.png,4,upright,0.0,False,321,321,80892.0,0.7850467562675476,inpaint,red_gd,restormer,15.0,fixed15p0,0.8,3.8461538461538467,1.4142135623730951,0.02,G16_fixed,True,16,20,0.25082539161010975,6.006285010232486,0.07349995185517419,14,0.21246130546747516,6.727201543296804,0.08937833995674789,15.0,0;22.5;45;67.5;90;112.5;135;157.5;180;202.5;225;247.5;270;292.5;315;337.5
val_images_circle,circle,test005.png,4,upright,0.0,False,321,321,80892.0,0.7850467562675476,inpaint,red_gd,restormer,15.0,fixed15p0,0.8,3.8461538461538467,1.4142135623730951,0.02,G16_fixed,True,16,20,0.25082539161010975,6.006285010232486,0.07349995185517419,15,0.21045402357464274,6.768427667581507,0.09029080995918941,15.0,0;22.5;45;67.5;90;112.5;135;157.5;180;202.5;225;247.5;270;292.5;315;337.5
val_images_circle,circle,test005.png,4,upright,0.0,False,321,321,80892.0,0.7850467562675476,inpaint,red_gd,restormer,15.0,fixed15p0,0.8,3.8461538461538467,1.4142135623730951,0.02,G16_fixed,True,16,20,0.25082539161010975,6.006285010232486,0.07349995185517419,16,0.20852144583982346,6.808492724363666,0.09131167221804999,15.0,0;22.5;45;67.5;90;112.5;135;157.5;180;202.5;225;247.5;270;292.5;315;337.5
val_images_circle,circle,test005.png,4,upright,0.0,False,321,321,80892.0,0.7850467562675476,inpaint,red_gd,restormer,15.0,fixed15p0,0.8,3.8461538461538467,1.4142135623730951,0.02,G16_fixed,True,16,20,0.25082539161010975,6.006285010232486,0.07349995185517419,17,0.20663894451861742,6.847878251415089,0.09220309394972617,15.0,0;22.5;45;67.5;90;112.5;135;157.5;180;202.5;225;247.5;270;292.5;315;337.5
val_images_circle,circle,test005.png,4,upright,0.0,False,321,321,80892.0,0.7850467562675476,inpaint,red_gd,restormer,15.0,fixed15p0,0.8,3.8461538461538467,1.4142135623730951,0.02,G16_fixed,True,16,20,0.25082539161010975,6.006285010232486,0.07349995185517419,18,0.20482486969508729,6.886173127567275,0.09318921177310488,15.0,0;22.5;45;67.5;90;112.5;135;157.5;180;202.5;225;247.5;270;292.5;315;337.5
val_images_circle,circle,test005.png,4,upright,0.0,False,321,321,80892.0,0.7850467562675476,inpaint,red_gd,restormer,15.0,fixed15p0,0.8,3.8461538461538467,1.4142135623730951,0.02,G16_fixed,True,16,20,0.25082539161010975,6.006285010232486,0.07349995185517419,19,0.20305326565822332,6.923900214611082,0.09406120293879494,15.0,0;22.5;45;67.5;90;112.5;135;157.5;180;202.5;225;247.5;270;292.5;315;337.5
val_images_circle,circle,test005.png,4,upright,0.0,False,321,321,80892.0,0.7850467562675476,inpaint,red_gd,restormer,15.0,fixed15p0,0.8,3.8461538461538467,1.4142135623730951,0.02,G16_fixed,True,16,20,0.25082539161010975,6.006285010232486,0.07349995185517419,20,0.20134192716059685,6.960657788198562,0.0950165059006144,15.0,0;22.5;45;67.5;90;112.5;135;157.5;180;202.5;225;247.5;270;292.5;315;337.5
val_images_circle,circle,test005.png,4,rot45_padded,45.0,False,321,321,80883.0,0.7849593758583069,inpaint,red_gd,restormer,15.0,fixed15p0,0.8,3.8461538461538467,1.4142135623730951,0.02,vanilla,False,0,20,0.25255616136889086,5.9764203195911545,0.07518675823604774,1,0.2520328843051074,5.985427904068988,0.07508608716641631,15.0,none
val_images_circle,circle,test005.png,4,rot45_padded,45.0,False,321,321,80883.0,0.7849593758583069,inpaint,red_gd,restormer,15.0,fixed15p0,0.8,3.8461538461538467,1.4142135623730951,0.02,vanilla,False,0,20,0.25255616136889086,5.9764203195911545,0.07518675823604774,2,0.25152967384215474,5.994107723348872,0.07573780496403756,15.0,none
val_images_circle,circle,test005.png,4,rot45_padded,45.0,False,321,321,80883.0,0.7849593758583069,inpaint,red_gd,restormer,15.0,fixed15p0,0.8,3.8461538461538467,1.4142135623730951,0.02,vanilla,False,0,20,0.25255616136889086,5.9764203195911545,0.07518675823604774,3,0.25104701293071474,6.002449416882615,0.07566169797346167,15.0,none
val_images_circle,circle,test005.png,4,rot45_padded,45.0,False,321,321,80883.0,0.7849593758583069,inpaint,red_gd,restormer,15.0,fixed15p0,0.8,3.8461538461538467,1.4142135623730951,0.02,vanilla,False,0,20,0.25255616136889086,5.9764203195911545,0.07518675823604774,4,0.25058132773574177,6.010512939302906,0.07624575438055586,15.0,none
val_images_circle,circle,test005.png,4,rot45_padded,45.0,False,321,321,80883.0,0.7849593758583069,inpaint,red_gd,restormer,15.0,fixed15p0,0.8,3.8461538461538467,1.4142135623730951,0.02,vanilla,False,0,20,0.25255616136889086,5.9764203195911545,0.07518675823604774,5,0.2501338980765427,6.01827448813276,0.07619080062984496,15.0,none
val_images_circle,circle,test005.png,4,rot45_padded,45.0,False,321,321,80883.0,0.7849593758583069,inpaint,red_gd,restormer,15.0,fixed15p0,0.8,3.8461538461538467,1.4142135623730951,0.02,vanilla,False,0,20,0.25255616136889086,5.9764203195911545,0.07518675823604774,6,0.2497013915934127,6.025790373056161,0.07671520659084727,15.0,none
val_images_circle,circle,test005.png,4,rot45_padded,45.0,False,321,321,80883.0,0.7849593758583069,inpaint,red_gd,restormer,15.0,fixed15p0,0.8,3.8461538461538467,1.4142135623730951,0.02,vanilla,False,0,20,0.25255616136889086,5.9764203195911545,0.07518675823604774,7,0.24928557105634064,6.033028582469731,0.07667811597848126,15.0,none
val_images_circle,circle,test005.png,4,rot45_padded,45.0,False,321,321,80883.0,0.7849593758583069,inpaint,red_gd,restormer,15.0,fixed15p0,0.8,3.8461538461538467,1.4142135623730951,0.02,vanilla,False,0,20,0.25255616136889086,5.9764203195911545,0.07518675823604774,8,0.24888320069575806,6.0400441673554806,0.07714943962266484,15.0,none
val_images_circle,circle,test005.png,4,rot45_padded,45.0,False,321,321,80883.0,0.7849593758583069,inpaint,red_gd,restormer,15.0,fixed15p0,0.8,3.8461538461538467,1.4142135623730951,0.02,vanilla,False,0,20,0.25255616136889086,5.9764203195911545,0.07518675823604774,9,0.24849662282247195,6.0467950914204245,0.07712718766999864,15.0,none
val_images_circle,circle,test005.png,4,rot45_padded,45.0,False,321,321,80883.0,0.7849593758583069,inpaint,red_gd,restormer,15.0,fixed15p0,0.8,3.8461538461538467,1.4142135623730951,0.02,vanilla,False,0,20,0.25255616136889086,5.9764203195911545,0.07518675823604774,10,0.24812248092924347,6.053338850578781,0.0775509708564377,15.0,none
val_images_circle,circle,test005.png,4,rot45_padded,45.0,False,321,321,80883.0,0.7849593758583069,inpaint,red_gd,restormer,15.0,fixed15p0,0.8,3.8461538461538467,1.4142135623730951,0.02,vanilla,False,0,20,0.25255616136889086,5.9764203195911545,0.07518675823604774,11,0.24776311732687956,6.059633433739645,0.07754089529783761,15.0,none
val_images_circle,circle,test005.png,4,rot45_padded,45.0,False,321,321,80883.0,0.7849593758583069,inpaint,red_gd,restormer,15.0,fixed15p0,0.8,3.8461538461538467,1.4142135623730951,0.02,vanilla,False,0,20,0.25255616136889086,5.9764203195911545,0.07518675823604774,12,0.2474151996556755,6.065736235273654,0.07792225126687623,15.0,none
val_images_circle,circle,test005.png,4,rot45_padded,45.0,False,321,321,80883.0,0.7849593758583069,inpaint,red_gd,restormer,15.0,fixed15p0,0.8,3.8461538461538467,1.4142135623730951,0.02,vanilla,False,0,20,0.25255616136889086,5.9764203195911545,0.07518675823604774,13,0.2470810702264382,6.071605261928921,0.07792222711934213,15.0,none
val_images_circle,circle,test005.png,4,rot45_padded,45.0,False,321,321,80883.0,0.7849593758583069,inpaint,red_gd,restormer,15.0,fixed15p0,0.8,3.8461538461538467,1.4142135623730951,0.02,vanilla,False,0,20,0.25255616136889086,5.9764203195911545,0.07518675823604774,14,0.24675725179425836,6.077300752623711,0.07826591897208005,15.0,none
val_images_circle,circle,test005.png,4,rot45_padded,45.0,False,321,321,80883.0,0.7849593758583069,inpaint,red_gd,restormer,15.0,fixed15p0,0.8,3.8461538461538467,1.4142135623730951,0.02,vanilla,False,0,20,0.25255616136889086,5.9764203195911545,0.07518675823604774,15,0.2464461349650112,6.082779885319004,0.07827431627706069,15.0,none
val_images_circle,circle,test005.png,4,rot45_padded,45.0,False,321,321,80883.0,0.7849593758583069,inpaint,red_gd,restormer,15.0,fixed15p0,0.8,3.8461538461538467,1.4142135623730951,0.02,vanilla,False,0,20,0.25255616136889086,5.9764203195911545,0.07518675823604774,16,0.2461443390839237,6.0881014783713265,0.0785846543483334,15.0,none
val_images_circle,circle,test005.png,4,rot45_padded,45.0,False,321,321,80883.0,0.7849593758583069,inpaint,red_gd,restormer,15.0,fixed15p0,0.8,3.8461538461538467,1.4142135623730951,0.02,vanilla,False,0,20,0.25255616136889086,5.9764203195911545,0.07518675823604774,17,0.24585401328153011,6.0932269796240215,0.07860015706522075,15.0,none
val_images_circle,circle,test005.png,4,rot45_padded,45.0,False,321,321,80883.0,0.7849593758583069,inpaint,red_gd,restormer,15.0,fixed15p0,0.8,3.8461538461538467,1.4142135623730951,0.02,vanilla,False,0,20,0.25255616136889086,5.9764203195911545,0.07518675823604774,18,0.24557201837839843,6.098211202514432,0.0788811256981535,15.0,none
val_images_circle,circle,test005.png,4,rot45_padded,45.0,False,321,321,80883.0,0.7849593758583069,inpaint,red_gd,restormer,15.0,fixed15p0,0.8,3.8461538461538467,1.4142135623730951,0.02,vanilla,False,0,20,0.25255616136889086,5.9764203195911545,0.07518675823604774,19,0.24530055180013105,6.103014748532046,0.07890258078219466,15.0,none
val_images_circle,circle,test005.png,4,rot45_padded,45.0,False,321,321,80883.0,0.7849593758583069,inpaint,red_gd,restormer,15.0,fixed15p0,0.8,3.8461538461538467,1.4142135623730951,0.02,vanilla,False,0,20,0.25255616136889086,5.9764203195911545,0.07518675823604774,20,0.24503637777715961,6.107694360636242,0.07915765722169678,15.0,none
val_images_circle,circle,test005.png,4,rot45_padded,45.0,False,321,321,80883.0,0.7849593758583069,inpaint,red_gd,restormer,15.0,fixed15p0,0.8,3.8461538461538467,1.4142135623730951,0.02,G16_fixed,False,16,20,0.25255616136889086,5.9764203195911545,0.07518675823604774,1,0.2492006200314034,6.0345088145154335,0.07616364069087447,15.0,0;22.5;45;67.5;90;112.5;135;157.5;180;202.5;225;247.5;270;292.5;315;337.5
val_images_circle,circle,test005.png,4,rot45_padded,45.0,False,321,321,80883.0,0.7849593758583069,inpaint,red_gd,restormer,15.0,fixed15p0,0.8,3.8461538461538467,1.4142135623730951,0.02,G16_fixed,False,16,20,0.25255616136889086,5.9764203195911545,0.07518675823604774,2,0.24605296481491784,6.0897139756750995,0.07760156597724491,15.0,0;22.5;45;67.5;90;112.5;135;157.5;180;202.5;225;247.5;270;292.5;315;337.5
val_images_circle,circle,test005.png,4,rot45_padded,45.0,False,321,321,80883.0,0.7849593758583069,inpaint,red_gd,restormer,15.0,fixed15p0,0.8,3.8461538461538467,1.4142135623730951,0.02,G16_fixed,False,16,20,0.25255616136889086,5.9764203195911545,0.07518675823604774,3,0.24305236808105535,6.143001431986762,0.07852362145591471,15.0,0;22.5;45;67.5;90;112.5;135;157.5;180;202.5;225;247.5;270;292.5;315;337.5
val_images_circle,circle,test005.png,4,rot45_padded,45.0,False,321,321,80883.0,0.7849593758583069,inpaint,red_gd,restormer,15.0,fixed15p0,0.8,3.8461538461538467,1.4142135623730951,0.02,G16_fixed,False,16,20,0.25255616136889086,5.9764203195911545,0.07518675823604774,4,0.24022247026569243,6.193863713878552,0.07985473616211071,15.0,0;22.5;45;67.5;90;112.5;135;157.5;180;202.5;225;247.5;270;292.5;315;337.5
val_images_circle,circle,test005.png,4,rot45_padded,45.0,False,321,321,80883.0,0.7849593758583069,inpaint,red_gd,restormer,15.0,fixed15p0,0.8,3.8461538461538467,1.4142135623730951,0.02,G16_fixed,False,16,20,0.25255616136889086,5.9764203195911545,0.07518675823604774,5,0.23751067803957568,6.2431686052577176,0.08073083284651905,15.0,0;22.5;45;67.5;90;112.5;135;157.5;180;202.5;225;247.5;270;292.5;315;337.5
val_images_circle,circle,test005.png,4,rot45_padded,45.0,False,321,321,80883.0,0.7849593758583069,inpaint,red_gd,restormer,15.0,fixed15p0,0.8,3.8461538461538467,1.4142135623730951,0.02,G16_fixed,False,16,20,0.25255616136889086,5.9764203195911545,0.07518675823604774,6,0.23494106649419533,6.290410641376764,0.08197077853774896,15.0,0;22.5;45;67.5;90;112.5;135;157.5;180;202.5;225;247.5;270;292.5;315;337.5
val_images_circle,circle,test005.png,4,rot45_padded,45.0,False,321,321,80883.0,0.7849593758583069,inpaint,red_gd,restormer,15.0,fixed15p0,0.8,3.8461538461538467,1.4142135623730951,0.02,G16_fixed,False,16,20,0.25255616136889086,5.9764203195911545,0.07518675823604774,7,0.23246840729819615,6.336360598421445,0.08280781658576276,15.0,0;22.5;45;67.5;90;112.5;135;157.5;180;202.5;225;247.5;270;292.5;315;337.5
val_images_circle,circle,test005.png,4,rot45_padded,45.0,False,321,321,80883.0,0.7849593758583069,inpaint,red_gd,restormer,15.0,fixed15p0,0.8,3.8461538461538467,1.4142135623730951,0.02,G16_fixed,False,16,20,0.25255616136889086,5.9764203195911545,0.07518675823604774,8,0.23011617185471608,6.380528593823346,0.0839692767543087,15.0,0;22.5;45;67.5;90;112.5;135;157.5;180;202.5;225;247.5;270;292.5;315;337.5
val_images_circle,circle,test005.png,4,rot45_padded,45.0,False,321,321,80883.0,0.7849593758583069,inpaint,red_gd,restormer,15.0,fixed15p0,0.8,3.8461538461538467,1.4142135623730951,0.02,G16_fixed,False,16,20,0.25255616136889086,5.9764203195911545,0.07518675823604774,9,0.227845168715923,6.423601758691575,0.08477255654966125,15.0,0;22.5;45;67.5;90;112.5;135;157.5;180;202.5;225;247.5;270;292.5;315;337.5
val_images_circle,circle,test005.png,4,rot45_padded,45.0,False,321,321,80883.0,0.7849593758583069,inpaint,red_gd,restormer,15.0,fixed15p0,0.8,3.8461538461538467,1.4142135623730951,0.02,G16_fixed,False,16,20,0.25255616136889086,5.9764203195911545,0.07518675823604774,10,0.22567751702304564,6.465117050746065,0.08586584219258064,15.0,0;22.5;45;67.5;90;112.5;135;157.5;180;202.5;225;247.5;270;292.5;315;337.5
val_images_circle,circle,test005.png,4,rot45_padded,45.0,False,321,321,80883.0,0.7849593758583069,inpaint,red_gd,restormer,15.0,fixed15p0,0.8,3.8461538461538467,1.4142135623730951,0.02,G16_fixed,False,16,20,0.25255616136889086,5.9764203195911545,0.07518675823604774,11,0.22357916875301362,6.5056866284760675,0.08663951107425232,15.0,0;22.5;45;67.5;90;112.5;135;157.5;180;202.5;225;247.5;270;292.5;315;337.5
val_images_circle,circle,test005.png,4,rot45_padded,45.0,False,321,321,80883.0,0.7849593758583069,inpaint,red_gd,restormer,15.0,fixed15p0,0.8,3.8461538461538467,1.4142135623730951,0.02,G16_fixed,False,16,20,0.25255616136889086,5.9764203195911545,0.07518675823604774,12,0.22157045612953277,6.54488148254509,0.08767297723834118,15.0,0;22.5;45;67.5;90;112.5;135;157.5;180;202.5;225;247.5;270;292.5;315;337.5
val_images_circle,circle,test005.png,4,rot45_padded,45.0,False,321,321,80883.0,0.7849593758583069,inpaint,red_gd,restormer,15.0,fixed15p0,0.8,3.8461538461538467,1.4142135623730951,0.02,G16_fixed,False,16,20,0.25255616136889086,5.9764203195911545,0.07518675823604774,13,0.21962158109553306,6.583249862156073,0.08842022268083219,15.0,0;22.5;45;67.5;90;112.5;135;157.5;180;202.5;225;247.5;270;292.5;315;337.5
val_images_circle,circle,test005.png,4,rot45_padded,45.0,False,321,321,80883.0,0.7849593758583069,inpaint,red_gd,restormer,15.0,fixed15p0,0.8,3.8461538461538467,1.4142135623730951,0.02,G16_fixed,False,16,20,0.25255616136889086,5.9764203195911545,0.07518675823604774,14,0.21775116139979972,6.620395199566749,0.0894008359296762,15.0,0;22.5;45;67.5;90;112.5;135;157.5;180;202.5;225;247.5;270;292.5;315;337.5
val_images_circle,circle,test005.png,4,rot45_padded,45.0,False,321,321,80883.0,0.7849593758583069,inpaint,red_gd,restormer,15.0,fixed15p0,0.8,3.8461538461538467,1.4142135623730951,0.02,G16_fixed,False,16,20,0.25255616136889086,5.9764203195911545,0.07518675823604774,15,0.21593299696784243,6.656809875588898,0.09012430812485318,15.0,0;22.5;45;67.5;90;112.5;135;157.5;180;202.5;225;247.5;270;292.5;315;337.5
val_images_circle,circle,test005.png,4,rot45_padded,45.0,False,321,321,80883.0,0.7849593758583069,inpaint,red_gd,restormer,15.0,fixed15p0,0.8,3.8461538461538467,1.4142135623730951,0.02,G16_fixed,False,16,20,0.25255616136889086,5.9764203195911545,0.07518675823604774,16,0.21418403936859415,6.6921289518673515,0.09105797856742145,15.0,0;22.5;45;67.5;90;112.5;135;157.5;180;202.5;225;247.5;270;292.5;315;337.5
val_images_circle,circle,test005.png,4,rot45_padded,45.0,False,321,321,80883.0,0.7849593758583069,inpaint,red_gd,restormer,15.0,fixed15p0,0.8,3.8461538461538467,1.4142135623730951,0.02,G16_fixed,False,16,20,0.25255616136889086,5.9764203195911545,0.07518675823604774,17,0.21248113111686015,6.726796303932925,0.09175991116218797,15.0,0;22.5;45;67.5;90;112.5;135;157.5;180;202.5;225;247.5;270;292.5;315;337.5
val_images_circle,circle,test005.png,4,rot45_padded,45.0,False,321,321,80883.0,0.7849593758583069,inpaint,red_gd,restormer,15.0,fixed15p0,0.8,3.8461538461538467,1.4142135623730951,0.02,G16_fixed,False,16,20,0.25255616136889086,5.9764203195911545,0.07518675823604774,18,0.21083960589678918,6.760478042433149,0.09265167959622232,15.0,0;22.5;45;67.5;90;112.5;135;157.5;180;202.5;225;247.5;270;292.5;315;337.5
val_images_circle,circle,test005.png,4,rot45_padded,45.0,False,321,321,80883.0,0.7849593758583069,inpaint,red_gd,restormer,15.0,fixed15p0,0.8,3.8461538461538467,1.4142135623730951,0.02,G16_fixed,False,16,20,0.25255616136889086,5.9764203195911545,0.07518675823604774,19,0.20923903489453902,6.7935729180338,0.0933339621351211,15.0,0;22.5;45;67.5;90;112.5;135;157.5;180;202.5;225;247.5;270;292.5;315;337.5
val_images_circle,circle,test005.png,4,rot45_padded,45.0,False,321,321,80883.0,0.7849593758583069,inpaint,red_gd,restormer,15.0,fixed15p0,0.8,3.8461538461538467,1.4142135623730951,0.02,G16_fixed,False,16,20,0.25255616136889086,5.9764203195911545,0.07518675823604774,20,0.20769325464714464,6.825776080248139,0.09418815096922406,15.0,0;22.5;45;67.5;90;112.5;135;157.5;180;202.5;225;247.5;270;292.5;315;337.5
val_images_circle,circle,test006.png,5,upright,0.0,False,321,321,80892.0,0.7850467562675476,inpaint,red_gd,restormer,15.0,fixed15p0,0.8,3.8461538461538467,1.4142135623730951,0.02,vanilla,True,0,20,0.2575331682598403,5.891668292846512,0.0512743904005495,1,0.2570684523809524,5.899512170075891,0.051267992015975004,15.0,none
val_images_circle,circle,test006.png,5,upright,0.0,False,321,321,80892.0,0.7850467562675476,inpaint,red_gd,restormer,15.0,fixed15p0,0.8,3.8461538461538467,1.4142135623730951,0.02,vanilla,True,0,20,0.2575331682598403,5.891668292846512,0.0512743904005495,2,0.25662083105405975,5.9070809291574555,0.05169837995799956,15.0,none
val_images_circle,circle,test006.png,5,upright,0.0,False,321,321,80892.0,0.7850467562675476,inpaint,red_gd,restormer,15.0,fixed15p0,0.8,3.8461538461538467,1.4142135623730951,0.02,vanilla,True,0,20,0.2575331682598403,5.891668292846512,0.0512743904005495,3,0.2561894109198067,5.914388249197313,0.0517035228105066,15.0,none
val_images_circle,circle,test006.png,5,upright,0.0,False,321,321,80892.0,0.7850467562675476,inpaint,red_gd,restormer,15.0,fixed15p0,0.8,3.8461538461538467,1.4142135623730951,0.02,vanilla,True,0,20,0.2575331682598403,5.891668292846512,0.0512743904005495,4,0.25577221210070217,5.921466404158673,0.05208842789614548,15.0,none
val_images_circle,circle,test006.png,5,upright,0.0,False,321,321,80892.0,0.7850467562675476,inpaint,red_gd,restormer,15.0,fixed15p0,0.8,3.8461538461538467,1.4142135623730951,0.02,vanilla,True,0,20,0.2575331682598403,5.891668292846512,0.0512743904005495,5,0.2553693311761361,5.928312609517564,0.052102794080378774,15.0,none
val_images_circle,circle,test006.png,5,upright,0.0,False,321,321,80892.0,0.7850467562675476,inpaint,red_gd,restormer,15.0,fixed15p0,0.8,3.8461538461538467,1.4142135623730951,0.02,vanilla,True,0,20,0.2575331682598403,5.891668292846512,0.0512743904005495,6,0.2549790780067868,5.9349545360124285,0.05244695473594422,15.0,none
val_images_circle,circle,test006.png,5,upright,0.0,False,321,321,80892.0,0.7850467562675476,inpaint,red_gd,restormer,15.0,fixed15p0,0.8,3.8461538461538467,1.4142135623730951,0.02,vanilla,True,0,20,0.2575331682598403,5.891668292846512,0.0512743904005495,7,0.25460191134475596,5.941383403392184,0.05246884204015848,15.0,none
val_images_circle,circle,test006.png,5,upright,0.0,False,321,321,80892.0,0.7850467562675476,inpaint,red_gd,restormer,15.0,fixed15p0,0.8,3.8461538461538467,1.4142135623730951,0.02,vanilla,True,0,20,0.2575331682598403,5.891668292846512,0.0512743904005495,8,0.25423647907858626,5.947621346400371,0.05277598864458166,15.0,none
val_images_circle,circle,test006.png,5,upright,0.0,False,321,321,80892.0,0.7850467562675476,inpaint,red_gd,restormer,15.0,fixed15p0,0.8,3.8461538461538467,1.4142135623730951,0.02,vanilla,True,0,20,0.2575331682598403,5.891668292846512,0.0512743904005495,9,0.25388290193251495,5.953665462566341,0.052804195862616206,15.0,none
val_images_circle,circle,test006.png,5,upright,0.0,False,321,321,80892.0,0.7850467562675476,inpaint,red_gd,restormer,15.0,fixed15p0,0.8,3.8461538461538467,1.4142135623730951,0.02,vanilla,True,0,20,0.2575331682598403,5.891668292846512,0.0512743904005495,10,0.25354057628535576,5.959525268764203,0.05307833646057398,15.0,none
val_images_circle,circle,test006.png,5,upright,0.0,False,321,321,80892.0,0.7850467562675476,inpaint,red_gd,restormer,15.0,fixed15p0,0.8,3.8461538461538467,1.4142135623730951,0.02,vanilla,True,0,20,0.2575331682598403,5.891668292846512,0.0512743904005495,11,0.2532091158195495,5.965206632721227,0.05311181932777654,15.0,none
val_images_circle,circle,test006.png,5,upright,0.0,False,321,321,80892.0,0.7850467562675476,inpaint,red_gd,restormer,15.0,fixed15p0,0.8,3.8461538461538467,1.4142135623730951,0.02,vanilla,True,0,20,0.2575331682598403,5.891668292846512,0.0512743904005495,12,0.2528884722454013,5.9707096723256985,0.05335673258789497,15.0,none
val_images_circle,circle,test006.png,5,upright,0.0,False,321,321,80892.0,0.7850467562675476,inpaint,red_gd,restormer,15.0,fixed15p0,0.8,3.8461538461538467,1.4142135623730951,0.02,vanilla,True,0,20,0.2575331682598403,5.891668292846512,0.0512743904005495,13,0.25257801779687733,5.976044493663468,0.05339450720173194,15.0,none
val_images_circle,circle,test006.png,5,upright,0.0,False,321,321,80892.0,0.7850467562675476,inpaint,red_gd,restormer,15.0,fixed15p0,0.8,3.8461538461538467,1.4142135623730951,0.02,vanilla,True,0,20,0.2575331682598403,5.891668292846512,0.0512743904005495,14,0.25227753517035056,5.981214208495793,0.053613760525221904,15.0,none
val_images_circle,circle,test006.png,5,upright,0.0,False,321,321,80892.0,0.7850467562675476,inpaint,red_gd,restormer,15.0,fixed15p0,0.8,3.8461538461538467,1.4142135623730951,0.02,vanilla,True,0,20,0.2575331682598403,5.891668292846512,0.0512743904005495,15,0.25198649317917715,5.986227373730582,0.05365508443163415,15.0,none
val_images_circle,circle,test006.png,5,upright,0.0,False,321,321,80892.0,0.7850467562675476,inpaint,red_gd,restormer,15.0,fixed15p0,0.8,3.8461538461538467,1.4142135623730951,0.02,vanilla,True,0,20,0.2575331682598403,5.891668292846512,0.0512743904005495,16,0.25170431234701823,5.991093437981975,0.053852100350621816,15.0,none
val_images_circle,circle,test006.png,5,upright,0.0,False,321,321,80892.0,0.7850467562675476,inpaint,red_gd,restormer,15.0,fixed15p0,0.8,3.8461538461538467,1.4142135623730951,0.02,vanilla,True,0,20,0.2575331682598403,5.891668292846512,0.0512743904005495,17,0.2514306546460095,5.99581773857704,0.05389634578357563,15.0,none
val_images_circle,circle,test006.png,5,upright,0.0,False,321,321,80892.0,0.7850467562675476,inpaint,red_gd,restormer,15.0,fixed15p0,0.8,3.8461538461538467,1.4142135623730951,0.02,vanilla,True,0,20,0.2575331682598403,5.891668292846512,0.0512743904005495,18,0.25116501303435446,6.000408573885304,0.054074045824602554,15.0,none
val_images_circle,circle,test006.png,5,upright,0.0,False,321,321,80892.0,0.7850467562675476,inpaint,red_gd,restormer,15.0,fixed15p0,0.8,3.8461538461538467,1.4142135623730951,0.02,vanilla,True,0,20,0.2575331682598403,5.891668292846512,0.0512743904005495,19,0.25090702533934134,6.004871783689508,0.05412080835790313,15.0,none
val_images_circle,circle,test006.png,5,upright,0.0,False,321,321,80892.0,0.7850467562675476,inpaint,red_gd,restormer,15.0,fixed15p0,0.8,3.8461538461538467,1.4142135623730951,0.02,vanilla,True,0,20,0.2575331682598403,5.891668292846512,0.0512743904005495,20,0.25065611208463134,6.009217009361674,0.05428169754889235,15.0,none
val_images_circle,circle,test006.png,5,upright,0.0,False,321,321,80892.0,0.7850467562675476,inpaint,red_gd,restormer,15.0,fixed15p0,0.8,3.8461538461538467,1.4142135623730951,0.02,G16_fixed,True,16,20,0.2575331682598403,5.891668292846512,0.0512743904005495,1,0.2537750468989517,5.955510832927806,0.05214455863025701,15.0,0;22.5;45;67.5;90;112.5;135;157.5;180;202.5;225;247.5;270;292.5;315;337.5
val_images_circle,circle,test006.png,5,upright,0.0,False,321,321,80892.0,0.7850467562675476,inpaint,red_gd,restormer,15.0,fixed15p0,0.8,3.8461538461538467,1.4142135623730951,0.02,G16_fixed,True,16,20,0.2575331682598403,5.891668292846512,0.0512743904005495,2,0.2502456979676606,6.016333798425118,0.053122919921392106,15.0,0;22.5;45;67.5;90;112.5;135;157.5;180;202.5;225;247.5;270;292.5;315;337.5
val_images_circle,circle,test006.png,5,upright,0.0,False,321,321,80892.0,0.7850467562675476,inpaint,red_gd,restormer,15.0,fixed15p0,0.8,3.8461538461538467,1.4142135623730951,0.02,G16_fixed,True,16,20,0.2575331682598403,5.891668292846512,0.0512743904005495,3,0.2468739183108342,6.075247899060823,0.053954909111067845,15.0,0;22.5;45;67.5;90;112.5;135;157.5;180;202.5;225;247.5;270;292.5;315;337.5
val_images_circle,circle,test006.png,5,upright,0.0,False,321,321,80892.0,0.7850467562675476,inpaint,red_gd,restormer,15.0,fixed15p0,0.8,3.8461538461538467,1.4142135623730951,0.02,G16_fixed,True,16,20,0.2575331682598403,5.891668292846512,0.0512743904005495,4,0.2436899372774811,6.131624038275488,0.05487421210533798,15.0,0;22.5;45;67.5;90;112.5;135;157.5;180;202.5;225;247.5;270;292.5;315;337.5
val_images_circle,circle,test006.png,5,upright,0.0,False,321,321,80892.0,0.7850467562675476,inpaint,red_gd,restormer,15.0,fixed15p0,0.8,3.8461538461538467,1.4142135623730951,0.02,G16_fixed,True,16,20,0.2575331682598403,5.891668292846512,0.0512743904005495,5,0.24063421367378726,6.186426240728188,0.05567457758106488,15.0,0;22.5;45;67.5;90;112.5;135;157.5;180;202.5;225;247.5;270;292.5;315;337.5
val_images_circle,circle,test006.png,5,upright,0.0,False,321,321,80892.0,0.7850467562675476,inpaint,red_gd,restormer,15.0,fixed15p0,0.8,3.8461538461538467,1.4142135623730951,0.02,G16_fixed,True,16,20,0.2575331682598403,5.891668292846512,0.0512743904005495,6,0.23773989837530288,6.2389792727411075,0.056543285047501606,15.0,0;22.5;45;67.5;90;112.5;135;157.5;180;202.5;225;247.5;270;292.5;315;337.5
val_images_circle,circle,test006.png,5,upright,0.0,False,321,321,80892.0,0.7850467562675476,inpaint,red_gd,restormer,15.0,fixed15p0,0.8,3.8461538461538467,1.4142135623730951,0.02,G16_fixed,True,16,20,0.2575331682598403,5.891668292846512,0.0512743904005495,7,0.2349522308680092,6.290204270016736,0.057316409099092,15.0,0;22.5;45;67.5;90;112.5;135;157.5;180;202.5;225;247.5;270;292.5;315;337.5
val_images_circle,circle,test006.png,5,upright,0.0,False,321,321,80892.0,0.7850467562675476,inpaint,red_gd,restormer,15.0,fixed15p0,0.8,3.8461538461538467,1.4142135623730951,0.02,G16_fixed,True,16,20,0.2575331682598403,5.891668292846512,0.0512743904005495,8,0.2322987362780003,6.339531527868672,0.058145688029641374,15.0,0;22.5;45;67.5;90;112.5;135;157.5;180;202.5;225;247.5;270;292.5;315;337.5
val_images_circle,circle,test006.png,5,upright,0.0,False,321,321,80892.0,0.7850467562675476,inpaint,red_gd,restormer,15.0,fixed15p0,0.8,3.8461538461538467,1.4142135623730951,0.02,G16_fixed,True,16,20,0.2575331682598403,5.891668292846512,0.0512743904005495,9,0.22973621947318648,6.387705299363928,0.058896309083407504,15.0,0;22.5;45;67.5;90;112.5;135;157.5;180;202.5;225;247.5;270;292.5;315;337.5
val_images_circle,circle,test006.png,5,upright,0.0,False,321,321,80892.0,0.7850467562675476,inpaint,red_gd,restormer,15.0,fixed15p0,0.8,3.8461538461538467,1.4142135623730951,0.02,G16_fixed,True,16,20,0.2575331682598403,5.891668292846512,0.0512743904005495,10,0.22728986352945904,6.434199321209748,0.05968980535003461,15.0,0;22.5;45;67.5;90;112.5;135;157.5;180;202.5;225;247.5;270;292.5;315;337.5
val_images_circle,circle,test006.png,5,upright,0.0,False,321,321,80892.0,0.7850467562675476,inpaint,red_gd,restormer,15.0,fixed15p0,0.8,3.8461538461538467,1.4142135623730951,0.02,G16_fixed,True,16,20,0.2575331682598403,5.891668292846512,0.0512743904005495,11,0.2249172942395416,6.479771497042702,0.06042150891582295,15.0,0;22.5;45;67.5;90;112.5;135;157.5;180;202.5;225;247.5;270;292.5;315;337.5
val_images_circle,circle,test006.png,5,upright,0.0,False,321,321,80892.0,0.7850467562675476,inpaint,red_gd,restormer,15.0,fixed15p0,0.8,3.8461538461538467,1.4142135623730951,0.02,G16_fixed,True,16,20,0.2575331682598403,5.891668292846512,0.0512743904005495,12,0.22264434659020668,6.523883280461148,0.06118728086136454,15.0,0;22.5;45;67.5;90;112.5;135;157.5;180;202.5;225;247.5;270;292.5;315;337.5
val_images_circle,circle,test006.png,5,upright,0.0,False,321,321,80892.0,0.7850467562675476,inpaint,red_gd,restormer,15.0,fixed15p0,0.8,3.8461538461538467,1.4142135623730951,0.02,G16_fixed,True,16,20,0.2575331682598403,5.891668292846512,0.0512743904005495,13,0.22043569666963359,6.567180758305363,0.06190402065794516,15.0,0;22.5;45;67.5;90;112.5;135;157.5;180;202.5;225;247.5;270;292.5;315;337.5
val_images_circle,circle,test006.png,5,upright,0.0,False,321,321,80892.0,0.7850467562675476,inpaint,red_gd,restormer,15.0,fixed15p0,0.8,3.8461538461538467,1.4142135623730951,0.02,G16_fixed,True,16,20,0.2575331682598403,5.891668292846512,0.0512743904005495,14,0.2183147166901548,6.609169873238498,0.06264585298723915,15.0,0;22.5;45;67.5;90;112.5;135;157.5;180;202.5;225;247.5;270;292.5;315;337.5
val_images_circle,circle,test006.png,5,upright,0.0,False,321,321,80892.0,0.7850467562675476,inpaint,red_gd,restormer,15.0,fixed15p0,0.8,3.8461538461538467,1.4142135623730951,0.02,G16_fixed,True,16,20,0.2575331682598403,5.891668292846512,0.0512743904005495,15,0.21625120144760915,6.650414710048015,0.06334785839066286,15.0,0;22.5;45;67.5;90;112.5;135;157.5;180;202.5;225;247.5;270;292.5;315;337.5
val_images_circle,circle,test006.png,5,upright,0.0,False,321,321,80892.0,0.7850467562675476,inpaint,red_gd,restormer,15.0,fixed15p0,0.8,3.8461538461538467,1.4142135623730951,0.02,G16_fixed,True,16,20,0.2575331682598403,5.891668292846512,0.0512743904005495,16,0.21426222134914455,6.690543968814526,0.06407143721528395,15.0,0;22.5;45;67.5;90;112.5;135;157.5;180;202.5;225;247.5;270;292.5;315;337.5
val_images_circle,circle,test006.png,5,upright,0.0,False,321,321,80892.0,0.7850467562675476,inpaint,red_gd,restormer,15.0,fixed15p0,0.8,3.8461538461538467,1.4142135623730951,0.02,G16_fixed,True,16,20,0.2575331682598403,5.891668292846512,0.0512743904005495,17,0.2123226416085645,6.730036911785554,0.06476287321173602,15.0,0;22.5;45;67.5;90;112.5;135;157.5;180;202.5;225;247.5;270;292.5;315;337.5
val_images_circle,circle,test006.png,5,upright,0.0,False,321,321,80892.0,0.7850467562675476,inpaint,red_gd,restormer,15.0,fixed15p0,0.8,3.8461538461538467,1.4142135623730951,0.02,G16_fixed,True,16,20,0.2575331682598403,5.891668292846512,0.0512743904005495,18,0.21045023283359293,6.768505894299115,0.06546840979909942,15.0,0;22.5;45;67.5;90;112.5;135;157.5;180;202.5;225;247.5;270;292.5;315;337.5
val_images_circle,circle,test006.png,5,upright,0.0,False,321,321,80892.0,0.7850467562675476,inpaint,red_gd,restormer,15.0,fixed15p0,0.8,3.8461538461538467,1.4142135623730951,0.02,G16_fixed,True,16,20,0.2575331682598403,5.891668292846512,0.0512743904005495,19,0.20861988438288087,6.806442996189899,0.06614904097631719,15.0,0;22.5;45;67.5;90;112.5;135;157.5;180;202.5;225;247.5;270;292.5;315;337.5
val_images_circle,circle,test006.png,5,upright,0.0,False,321,321,80892.0,0.7850467562675476,inpaint,red_gd,restormer,15.0,fixed15p0,0.8,3.8461538461538467,1.4142135623730951,0.02,G16_fixed,True,16,20,0.2575331682598403,5.891668292846512,0.0512743904005495,20,0.20684946344354202,6.843456013036934,0.06684137033212494,15.0,0;22.5;45;67.5;90;112.5;135;157.5;180;202.5;225;247.5;270;292.5;315;337.5
val_images_circle,circle,test006.png,5,rot45_padded,45.0,False,321,321,80883.0,0.7849593758583069,inpaint,red_gd,restormer,15.0,fixed15p0,0.8,3.8461538461538467,1.4142135623730951,0.02,vanilla,False,0,20,0.25725452292972567,5.896369809342205,0.05937341350701013,1,0.25679598540484405,5.904117700508159,0.059398635606369696,15.0,none
val_images_circle,circle,test006.png,5,rot45_padded,45.0,False,321,321,80883.0,0.7849593758583069,inpaint,red_gd,restormer,15.0,fixed15p0,0.8,3.8461538461538467,1.4142135623730951,0.02,vanilla,False,0,20,0.25725452292972567,5.896369809342205,0.05937341350701013,2,0.2563541096784862,5.911597158815399,0.059824471333206605,15.0,none
val_images_circle,circle,test006.png,5,rot45_padded,45.0,False,321,321,80883.0,0.7849593758583069,inpaint,red_gd,restormer,15.0,fixed15p0,0.8,3.8461538461538467,1.4142135623730951,0.02,vanilla,False,0,20,0.25725452292972567,5.896369809342205,0.05937341350701013,3,0.25592814717709533,5.918819474404523,0.059855832943109186,15.0,none
val_images_circle,circle,test006.png,5,rot45_padded,45.0,False,321,321,80883.0,0.7849593758583069,inpaint,red_gd,restormer,15.0,fixed15p0,0.8,3.8461538461538467,1.4142135623730951,0.02,vanilla,False,0,20,0.25725452292972567,5.896369809342205,0.05937341350701013,4,0.2555163351306826,5.925813302441637,0.060239175046826895,15.0,none
val_images_circle,circle,test006.png,5,rot45_padded,45.0,False,321,321,80883.0,0.7849593758583069,inpaint,red_gd,restormer,15.0,fixed15p0,0.8,3.8461538461538467,1.4142135623730951,0.02,vanilla,False,0,20,0.25725452292972567,5.896369809342205,0.05937341350701013,5,0.2551186252441799,5.932578340382051,0.06027546275368433,15.0,none
val_images_circle,circle,test006.png,5,rot45_padded,45.0,False,321,321,80883.0,0.7849593758583069,inpaint,red_gd,restormer,15.0,fixed15p0,0.8,3.8461538461538467,1.4142135623730951,0.02,vanilla,False,0,20,0.25725452292972567,5.896369809342205,0.05937341350701013,6,0.2547335686655416,5.939138201499253,0.060621104519800205,15.0,none
val_images_circle,circle,test006.png,5,rot45_padded,45.0,False,321,321,80883.0,0.7849593758583069,inpaint,red_gd,restormer,15.0,fixed15p0,0.8,3.8461538461538467,1.4142135623730951,0.02,vanilla,False,0,20,0.25725452292972567,5.896369809342205,0.05937341350701013,7,0.25436140687010866,5.9454878160383835,0.06066115320509254,15.0,none
val_images_circle,circle,test006.png,5,rot45_padded,45.0,False,321,321,80883.0,0.7849593758583069,inpaint,red_gd,restormer,15.0,fixed15p0,0.8,3.8461538461538467,1.4142135623730951,0.02,vanilla,False,0,20,0.25725452292972567,5.896369809342205,0.05937341350701013,8,0.2540005944156992,5.9516526703692785,0.06097300049724602,15.0,none
val_images_circle,circle,test006.png,5,rot45_padded,45.0,False,321,321,80883.0,0.7849593758583069,inpaint,red_gd,restormer,15.0,fixed15p0,0.8,3.8461538461538467,1.4142135623730951,0.02,vanilla,False,0,20,0.25725452292972567,5.896369809342205,0.05937341350701013,9,0.2536519281709383,5.957618319832186,0.06101604347676582,15.0,none
val_images_circle,circle,test006.png,5,rot45_padded,45.0,False,321,321,80883.0,0.7849593758583069,inpaint,red_gd,restormer,15.0,fixed15p0,0.8,3.8461538461538467,1.4142135623730951,0.02,vanilla,False,0,20,0.25725452292972567,5.896369809342205,0.05937341350701013,10,0.2533139109887121,5.963409598354059,0.06129765201935203,15.0,none
val_images_circle,circle,test006.png,5,rot45_padded,45.0,False,321,321,80883.0,0.7849593758583069,inpaint,red_gd,restormer,15.0,fixed15p0,0.8,3.8461538461538467,1.4142135623730951,0.02,vanilla,False,0,20,0.25725452292972567,5.896369809342205,0.05937341350701013,11,0.252987412180248,5.9690108734853276,0.06134294675642595,15.0,none
val_images_circle,circle,test006.png,5,rot45_padded,45.0,False,321,321,80883.0,0.7849593758583069,inpaint,red_gd,restormer,15.0,fixed15p0,0.8,3.8461538461538467,1.4142135623730951,0.02,vanilla,False,0,20,0.25725452292972567,5.896369809342205,0.05937341350701013,12,0.25267086215583,5.9744483775780015,0.061597654946033156,15.0,none
val_images_circle,circle,test006.png,5,rot45_padded,45.0,False,321,321,80883.0,0.7849593758583069,inpaint,red_gd,restormer,15.0,fixed15p0,0.8,3.8461538461538467,1.4142135623730951,0.02,vanilla,False,0,20,0.25725452292972567,5.896369809342205,0.05937341350701013,13,0.25236491289887863,5.979710265818541,0.0616447305637464,15.0,none
val_images_circle,circle,test006.png,5,rot45_padded,45.0,False,321,321,80883.0,0.7849593758583069,inpaint,red_gd,restormer,15.0,fixed15p0,0.8,3.8461538461538467,1.4142135623730951,0.02,vanilla,False,0,20,0.25725452292972567,5.896369809342205,0.05937341350701013,14,0.25206823629501873,5.984818773339436,0.06187565946915607,15.0,none
val_images_circle,circle,test006.png,5,rot45_padded,45.0,False,321,321,80883.0,0.7849593758583069,inpaint,red_gd,restormer,15.0,fixed15p0,0.8,3.8461538461538467,1.4142135623730951,0.02,vanilla,False,0,20,0.25725452292972567,5.896369809342205,0.05937341350701013,15,0.2517812187047958,5.9897666865658605,0.061924250344633607,15.0,none
val_images_circle,circle,test006.png,5,rot45_padded,45.0,False,321,321,80883.0,0.7849593758583069,inpaint,red_gd,restormer,15.0,fixed15p0,0.8,3.8461538461538467,1.4142135623730951,0.02,vanilla,False,0,20,0.25725452292972567,5.896369809342205,0.05937341350701013,16,0.2515025561613689,5.994575966075133,0.06213412863719817,15.0,none
val_images_circle,circle,test006.png,5,rot45_padded,45.0,False,321,321,80883.0,0.7849593758583069,inpaint,red_gd,restormer,15.0,fixed15p0,0.8,3.8461538461538467,1.4142135623730951,0.02,vanilla,False,0,20,0.25725452292972567,5.896369809342205,0.05937341350701013,17,0.25123268332035165,5.99923863094216,0.06218398122133205,15.0,none
val_images_circle,circle,test006.png,5,rot45_padded,45.0,False,321,321,80883.0,0.7849593758583069,inpaint,red_gd,restormer,15.0,fixed15p0,0.8,3.8461538461538467,1.4142135623730951,0.02,vanilla,False,0,20,0.25725452292972567,5.896369809342205,0.05937341350701013,18,0.2509704169525735,6.003774678075581,0.062375265912645424,15.0,none
val_images_circle,circle,test006.png,5,rot45_padded,45.0,False,321,321,80883.0,0.7849593758583069,inpaint,red_gd,restormer,15.0,fixed15p0,0.8,3.8461538461538467,1.4142135623730951,0.02,vanilla,False,0,20,0.25725452292972567,5.896369809342205,0.05937341350701013,19,0.25071609512351173,6.008177849131277,0.062426180988279366,15.0,none
val_images_circle,circle,test006.png,5,rot45_padded,45.0,False,321,321,80883.0,0.7849593758583069,inpaint,red_gd,restormer,15.0,fixed15p0,0.8,3.8461538461538467,1.4142135623730951,0.02,vanilla,False,0,20,0.25725452292972567,5.896369809342205,0.05937341350701013,20,0.2504685828990641,6.012467413706326,0.06260104535640988,15.0,none
val_images_circle,circle,test006.png,5,rot45_padded,45.0,False,321,321,80883.0,0.7849593758583069,inpaint,red_gd,restormer,15.0,fixed15p0,0.8,3.8461538461538467,1.4142135623730951,0.02,G16_fixed,False,16,20,0.25725452292972567,5.896369809342205,0.05937341350701013,1,0.25383404887306354,5.954501228013039,0.060156650849065935,15.0,0;22.5;45;67.5;90;112.5;135;157.5;180;202.5;225;247.5;270;292.5;315;337.5
val_images_circle,circle,test006.png,5,rot45_padded,45.0,False,321,321,80883.0,0.7849593758583069,inpaint,red_gd,restormer,15.0,fixed15p0,0.8,3.8461538461538467,1.4142135623730951,0.02,G16_fixed,False,16,20,0.25725452292972567,5.896369809342205,0.05937341350701013,2,0.25062319955985807,6.009787299321106,0.06118223888015714,15.0,0;22.5;45;67.5;90;112.5;135;157.5;180;202.5;225;247.5;270;292.5;315;337.5
val_images_circle,circle,test006.png,5,rot45_padded,45.0,False,321,321,80883.0,0.7849593758583069,inpaint,red_gd,restormer,15.0,fixed15p0,0.8,3.8461538461538467,1.4142135623730951,0.02,G16_fixed,False,16,20,0.25725452292972567,5.896369809342205,0.05937341350701013,3,0.2475588050409233,6.063216223008653,0.0619207489521902,15.0,0;22.5;45;67.5;90;112.5;135;157.5;180;202.5;225;247.5;270;292.5;315;337.5
val_images_circle,circle,test006.png,5,rot45_padded,45.0,False,321,321,80883.0,0.7849593758583069,inpaint,red_gd,restormer,15.0,fixed15p0,0.8,3.8461538461538467,1.4142135623730951,0.02,G16_fixed,False,16,20,0.25725452292972567,5.896369809342205,0.05937341350701013,4,0.24466568898130633,6.114269302431234,0.06286909505860316,15.0,0;22.5;45;67.5;90;112.5;135;157.5;180;202.5;225;247.5;270;292.5;315;337.5
val_images_circle,circle,test006.png,5,rot45_padded,45.0,False,321,321,80883.0,0.7849593758583069,inpaint,red_gd,restormer,15.0,fixed15p0,0.8,3.8461538461538467,1.4142135623730951,0.02,G16_fixed,False,16,20,0.25725452292972567,5.896369809342205,0.05937341350701013,5,0.24189007482258323,6.1638195114293834,0.06357037566994919,15.0,0;22.5;45;67.5;90;112.5;135;157.5;180;202.5;225;247.5;270;292.5;315;337.5
val_images_circle,circle,test006.png,5,rot45_padded,45.0,False,321,321,80883.0,0.7849593758583069,inpaint,red_gd,restormer,15.0,fixed15p0,0.8,3.8461538461538467,1.4142135623730951,0.02,G16_fixed,False,16,20,0.25725452292972567,5.896369809342205,0.05937341350701013,6,0.23925726918048293,6.211348584956818,0.06445408486448018,15.0,0;22.5;45;67.5;90;112.5;135;157.5;180;202.5;225;247.5;270;292.5;315;337.5
val_images_circle,circle,test006.png,5,rot45_padded,45.0,False,321,321,80883.0,0.7849593758583069,inpaint,red_gd,restormer,15.0,fixed15p0,0.8,3.8461538461538467,1.4142135623730951,0.02,G16_fixed,False,16,20,0.25725452292972567,5.896369809342205,0.05937341350701013,7,0.23672124685502516,6.257627603312395,0.06512396764462249,15.0,0;22.5;45;67.5;90;112.5;135;157.5;180;202.5;225;247.5;270;292.5;315;337.5
val_images_circle,circle,test006.png,5,rot45_padded,45.0,False,321,321,80883.0,0.7849593758583069,inpaint,red_gd,restormer,15.0,fixed15p0,0.8,3.8461538461538467,1.4142135623730951,0.02,G16_fixed,False,16,20,0.25725452292972567,5.896369809342205,0.05937341350701013,8,0.23430668662605245,6.302153173639413,0.06595297663755054,15.0,0;22.5;45;67.5;90;112.5;135;157.5;180;202.5;225;247.5;270;292.5;315;337.5
val_images_circle,circle,test006.png,5,rot45_padded,45.0,False,321,321,80883.0,0.7849593758583069,inpaint,red_gd,restormer,15.0,fixed15p0,0.8,3.8461538461538467,1.4142135623730951,0.02,G16_fixed,False,16,20,0.25725452292972567,5.896369809342205,0.05937341350701013,9,0.23197374506231222,6.34561166056515,0.06659579606885872,15.0,0;22.5;45;67.5;90;112.5;135;157.5;180;202.5;225;247.5;270;292.5;315;337.5
val_images_circle,circle,test006.png,5,rot45_padded,45.0,False,321,321,80883.0,0.7849593758583069,inpaint,red_gd,restormer,15.0,fixed15p0,0.8,3.8461538461538467,1.4142135623730951,0.02,G16_fixed,False,16,20,0.25725452292972567,5.896369809342205,0.05937341350701013,10,0.229745531353931,6.387529270678708,0.06737789847681218,15.0,0;22.5;45;67.5;90;112.5;135;157.5;180;202.5;225;247.5;270;292.5;315;337.5
val_images_circle,circle,test006.png,5,rot45_padded,45.0,False,321,321,80883.0,0.7849593758583069,inpaint,red_gd,restormer,15.0,fixed15p0,0.8,3.8461538461538467,1.4142135623730951,0.02,G16_fixed,False,16,20,0.25725452292972567,5.896369809342205,0.05937341350701013,11,0.22758736964195195,6.428518435379942,0.06799684203378646,15.0,0;22.5;45;67.5;90;112.5;135;157.5;180;202.5;225;247.5;270;292.5;315;337.5
val_images_circle,circle,test006.png,5,rot45_padded,45.0,False,321,321,80883.0,0.7849593758583069,inpaint,red_gd,restormer,15.0,fixed15p0,0.8,3.8461538461538467,1.4142135623730951,0.02,G16_fixed,False,16,20,0.25725452292972567,5.896369809342205,0.05937341350701013,12,0.2255205580514447,6.468138624718426,0.06873820151484243,15.0,0;22.5;45;67.5;90;112.5;135;157.5;180;202.5;225;247.5;270;292.5;315;337.5
val_images_circle,circle,test006.png,5,rot45_padded,45.0,False,321,321,80883.0,0.7849593758583069,inpaint,red_gd,restormer,15.0,fixed15p0,0.8,3.8461538461538467,1.4142135623730951,0.02,G16_fixed,False,16,20,0.25725452292972567,5.896369809342205,0.05937341350701013,13,0.2235145740993163,6.506941537644664,0.06933587713116476,15.0,0;22.5;45;67.5;90;112.5;135;157.5;180;202.5;225;247.5;270;292.5;315;337.5
val_images_circle,circle,test006.png,5,rot45_padded,45.0,False,321,321,80883.0,0.7849593758583069,inpaint,red_gd,restormer,15.0,fixed15p0,0.8,3.8461538461538467,1.4142135623730951,0.02,G16_fixed,False,16,20,0.25725452292972567,5.896369809342205,0.05937341350701013,14,0.22158890484557942,6.5445198891190035,0.07004164918385199,15.0,0;22.5;45;67.5;90;112.5;135;157.5;180;202.5;225;247.5;270;292.5;315;337.5
val_images_circle,circle,test006.png,5,rot45_padded,45.0,False,321,321,80883.0,0.7849593758583069,inpaint,red_gd,restormer,15.0,fixed15p0,0.8,3.8461538461538467,1.4142135623730951,0.02,G16_fixed,False,16,20,0.25725452292972567,5.896369809342205,0.05937341350701013,15,0.21971660164218687,6.581371268337276,0.07062022410070719,15.0,0;22.5;45;67.5;90;112.5;135;157.5;180;202.5;225;247.5;270;292.5;315;337.5
val_images_circle,circle,test006.png,5,rot45_padded,45.0,False,321,321,80883.0,0.7849593758583069,inpaint,red_gd,restormer,15.0,fixed15p0,0.8,3.8461538461538467,1.4142135623730951,0.02,G16_fixed,False,16,20,0.25725452292972567,5.896369809342205,0.05937341350701013,16,0.2179153887791625,6.6171209960281185,0.07129471302297763,15.0,0;22.5;45;67.5;90;112.5;135;157.5;180;202.5;225;247.5;270;292.5;315;337.5
val_images_circle,circle,test006.png,5,rot45_padded,45.0,False,321,321,80883.0,0.7849593758583069,inpaint,red_gd,restormer,15.0,fixed15p0,0.8,3.8461538461538467,1.4142135623730951,0.02,G16_fixed,False,16,20,0.25725452292972567,5.896369809342205,0.05937341350701013,17,0.2161613360502207,6.652219840259434,0.07185601641607321,15.0,0;22.5;45;67.5;90;112.5;135;157.5;180;202.5;225;247.5;270;292.5;315;337.5
val_images_circle,circle,test006.png,5,rot45_padded,45.0,False,321,321,80883.0,0.7849593758583069,inpaint,red_gd,restormer,15.0,fixed15p0,0.8,3.8461538461538467,1.4142135623730951,0.02,G16_fixed,False,16,20,0.25725452292972567,5.896369809342205,0.05937341350701013,18,0.2144705740081352,6.6863228586875305,0.0725029107437595,15.0,0;22.5;45;67.5;90;112.5;135;157.5;180;202.5;225;247.5;270;292.5;315;337.5
val_images_circle,circle,test006.png,5,rot45_padded,45.0,False,321,321,80883.0,0.7849593758583069,inpaint,red_gd,restormer,15.0,fixed15p0,0.8,3.8461538461538467,1.4142135623730951,0.02,G16_fixed,False,16,20,0.25725452292972567,5.896369809342205,0.05937341350701013,19,0.2128218045278365,6.719838787219001,0.07304869330931717,15.0,0;22.5;45;67.5;90;112.5;135;157.5;180;202.5;225;247.5;270;292.5;315;337.5
val_images_circle,circle,test006.png,5,rot45_padded,45.0,False,321,321,80883.0,0.7849593758583069,inpaint,red_gd,restormer,15.0,fixed15p0,0.8,3.8461538461538467,1.4142135623730951,0.02,G16_fixed,False,16,20,0.25725452292972567,5.896369809342205,0.05937341350701013,20,0.2112296610149846,6.752450979248234,0.07367122277510416,15.0,0;22.5;45;67.5;90;112.5;135;157.5;180;202.5;225;247.5;270;292.5;315;337.5
val_images_circle,circle,test007.png,6,upright,0.0,False,321,321,80892.0,0.7850467562675476,inpaint,red_gd,restormer,15.0,fixed15p0,0.8,3.8461538461538467,1.4142135623730951,0.02,vanilla,True,0,20,0.07757444315221221,11.102813332016048,0.15416850891852718,1,0.07735254596792637,11.115253874381118,0.15404145873124042,15.0,none
val_images_circle,circle,test007.png,6,upright,0.0,False,321,321,80892.0,0.7850467562675476,inpaint,red_gd,restormer,15.0,fixed15p0,0.8,3.8461538461538467,1.4142135623730951,0.02,vanilla,True,0,20,0.07757444315221221,11.102813332016048,0.15416850891852718,2,0.07713885803177385,11.12726794743637,0.1554587250593384,15.0,none
val_images_circle,circle,test007.png,6,upright,0.0,False,321,321,80892.0,0.7850467562675476,inpaint,red_gd,restormer,15.0,fixed15p0,0.8,3.8461538461538467,1.4142135623730951,0.02,vanilla,True,0,20,0.07757444315221221,11.102813332016048,0.15416850891852718,3,0.07693523246079649,11.13874729650208,0.15539125228313677,15.0,none
val_images_circle,circle,test007.png,6,upright,0.0,False,321,321,80892.0,0.7850467562675476,inpaint,red_gd,restormer,15.0,fixed15p0,0.8,3.8461538461538467,1.4142135623730951,0.02,vanilla,True,0,20,0.07757444315221221,11.102813332016048,0.15416850891852718,4,0.07673884430784256,11.149847455925649,0.15665655094137862,15.0,none
val_images_circle,circle,test007.png,6,upright,0.0,False,321,321,80892.0,0.7850467562675476,inpaint,red_gd,restormer,15.0,fixed15p0,0.8,3.8461538461538467,1.4142135623730951,0.02,vanilla,True,0,20,0.07757444315221221,11.102813332016048,0.15416850891852718,5,0.0765494883417087,11.160577077889098,0.15664253485743337,15.0,none
val_images_circle,circle,test007.png,6,upright,0.0,False,321,321,80892.0,0.7850467562675476,inpaint,red_gd,restormer,15.0,fixed15p0,0.8,3.8461538461538467,1.4142135623730951,0.02,vanilla,True,0,20,0.07757444315221221,11.102813332016048,0.15416850891852718,6,0.07636659715847982,11.17096560820999,0.1577827028437608,15.0,none
val_images_circle,circle,test007.png,6,upright,0.0,False,321,321,80892.0,0.7850467562675476,inpaint,red_gd,restormer,15.0,fixed15p0,0.8,3.8461538461538467,1.4142135623730951,0.02,vanilla,True,0,20,0.07757444315221221,11.102813332016048,0.15416850891852718,7,0.07618846854641065,11.181107560309743,0.15781636076110742,15.0,none
val_images_circle,circle,test007.png,6,upright,0.0,False,321,321,80892.0,0.7850467562675476,inpaint,red_gd,restormer,15.0,fixed15p0,0.8,3.8461538461538467,1.4142135623730951,0.02,vanilla,True,0,20,0.07757444315221221,11.102813332016048,0.15416850891852718,8,0.07601620713227204,11.190938035387376,0.1588533336694296,15.0,none
val_images_circle,circle,test007.png,6,upright,0.0,False,321,321,80892.0,0.7850467562675476,inpaint,red_gd,restormer,15.0,fixed15p0,0.8,3.8461538461538467,1.4142135623730951,0.02,vanilla,True,0,20,0.07757444315221221,11.102813332016048,0.15416850891852718,9,0.07584718716390372,11.200605206366006,0.1589293778664763,15.0,none
val_images_circle,circle,test007.png,6,upright,0.0,False,321,321,80892.0,0.7850467562675476,inpaint,red_gd,restormer,15.0,fixed15p0,0.8,3.8461538461538467,1.4142135623730951,0.02,vanilla,True,0,20,0.07757444315221221,11.102813332016048,0.15416850891852718,10,0.07568356960515255,11.209983926836838,0.1598799122209242,15.0,none
val_images_circle,circle,test007.png,6,upright,0.0,False,321,321,80892.0,0.7850467562675476,inpaint,red_gd,restormer,15.0,fixed15p0,0.8,3.8461538461538467,1.4142135623730951,0.02,vanilla,True,0,20,0.07757444315221221,11.102813332016048,0.15416850891852718,11,0.0755224087846295,11.219241666815247,0.1599931998451639,15.0,none
val_images_circle,circle,test007.png,6,upright,0.0,False,321,321,80892.0,0.7850467562675476,inpaint,red_gd,restormer,15.0,fixed15p0,0.8,3.8461538461538467,1.4142135623730951,0.02,vanilla,True,0,20,0.07757444315221221,11.102813332016048,0.15416850891852718,12,0.07536645117873214,11.228219341083319,0.160869235272802,15.0,none
val_images_circle,circle,test007.png,6,upright,0.0,False,321,321,80892.0,0.7850467562675476,inpaint,red_gd,restormer,15.0,fixed15p0,0.8,3.8461538461538467,1.4142135623730951,0.02,vanilla,True,0,20,0.07757444315221221,11.102813332016048,0.15416850891852718,13,0.07521289598515614,11.237076889958434,0.1610134162293552,15.0,none
val_images_circle,circle,test007.png,6,upright,0.0,False,321,321,80892.0,0.7850467562675476,inpaint,red_gd,restormer,15.0,fixed15p0,0.8,3.8461538461538467,1.4142135623730951,0.02,vanilla,True,0,20,0.07757444315221221,11.102813332016048,0.15416850891852718,14,0.07506464058559562,11.245645904902283,0.16182188230140188,15.0,none
val_images_circle,circle,test007.png,6,upright,0.0,False,321,321,80892.0,0.7850467562675476,inpaint,red_gd,restormer,15.0,fixed15p0,0.8,3.8461538461538467,1.4142135623730951,0.02,vanilla,True,0,20,0.07757444315221221,11.102813332016048,0.15416850891852718,15,0.07491883588805136,11.254089794458048,0.161989942512084,15.0,none
val_images_circle,circle,test007.png,6,upright,0.0,False,321,321,80892.0,0.7850467562675476,inpaint,red_gd,restormer,15.0,fixed15p0,0.8,3.8461538461538467,1.4142135623730951,0.02,vanilla,True,0,20,0.07757444315221221,11.102813332016048,0.15416850891852718,16,0.07477844567254796,11.262235662324947,0.16273642876072417,15.0,none
val_images_circle,circle,test007.png,6,upright,0.0,False,321,321,80892.0,0.7850467562675476,inpaint,red_gd,restormer,15.0,fixed15p0,0.8,3.8461538461538467,1.4142135623730951,0.02,vanilla,True,0,20,0.07757444315221221,11.102813332016048,0.15416850891852718,17,0.07464060273845065,11.270248622287827,0.16292194569611335,15.0,none
val_images_circle,circle,test007.png,6,upright,0.0,False,321,321,80892.0,0.7850467562675476,inpaint,red_gd,restormer,15.0,fixed15p0,0.8,3.8461538461538467,1.4142135623730951,0.02,vanilla,True,0,20,0.07757444315221221,11.102813332016048,0.15416850891852718,18,0.07450810788806371,11.277964652456413,0.16361140181507441,15.0,none
val_images_circle,circle,test007.png,6,upright,0.0,False,321,321,80892.0,0.7850467562675476,inpaint,red_gd,restormer,15.0,fixed15p0,0.8,3.8461538461538467,1.4142135623730951,0.02,vanilla,True,0,20,0.07757444315221221,11.102813332016048,0.15416850891852718,19,0.07437809392075236,11.285549554514507,0.16380947407113805,15.0,none
val_images_circle,circle,test007.png,6,upright,0.0,False,321,321,80892.0,0.7850467562675476,inpaint,red_gd,restormer,15.0,fixed15p0,0.8,3.8461538461538467,1.4142135623730951,0.02,vanilla,True,0,20,0.07757444315221221,11.102813332016048,0.15416850891852718,20,0.07425318658867688,11.2928490378607,0.16444709120262202,15.0,none
val_images_circle,circle,test007.png,6,upright,0.0,False,321,321,80892.0,0.7850467562675476,inpaint,red_gd,restormer,15.0,fixed15p0,0.8,3.8461538461538467,1.4142135623730951,0.02,G16_fixed,True,16,20,0.07757444315221221,11.102813332016048,0.15416850891852718,1,0.0764437580547211,11.166579707233895,0.1568929531427706,15.0,0;22.5;45;67.5;90;112.5;135;157.5;180;202.5;225;247.5;270;292.5;315;337.5
val_images_circle,circle,test007.png,6,upright,0.0,False,321,321,80892.0,0.7850467562675476,inpaint,red_gd,restormer,15.0,fixed15p0,0.8,3.8461538461538467,1.4142135623730951,0.02,G16_fixed,True,16,20,0.07757444315221221,11.102813332016048,0.15416850891852718,2,0.07537313326526418,11.22783430707635,0.15977016181683604,15.0,0;22.5;45;67.5;90;112.5;135;157.5;180;202.5;225;247.5;270;292.5;315;337.5
val_images_circle,circle,test007.png,6,upright,0.0,False,321,321,80892.0,0.7850467562675476,inpaint,red_gd,restormer,15.0,fixed15p0,0.8,3.8461538461538467,1.4142135623730951,0.02,G16_fixed,True,16,20,0.07757444315221221,11.102813332016048,0.15416850891852718,3,0.07435071366374302,11.287148584972652,0.16238332243917816,15.0,0;22.5;45;67.5;90;112.5;135;157.5;180;202.5;225;247.5;270;292.5;315;337.5
val_images_circle,circle,test007.png,6,upright,0.0,False,321,321,80892.0,0.7850467562675476,inpaint,red_gd,restormer,15.0,fixed15p0,0.8,3.8461538461538467,1.4142135623730951,0.02,G16_fixed,True,16,20,0.07757444315221221,11.102813332016048,0.15416850891852718,4,0.07337684331423379,11.34440975609477,0.16510350509784652,15.0,0;22.5;45;67.5;90;112.5;135;157.5;180;202.5;225;247.5;270;292.5;315;337.5
val_images_circle,circle,test007.png,6,upright,0.0,False,321,321,80892.0,0.7850467562675476,inpaint,red_gd,restormer,15.0,fixed15p0,0.8,3.8461538461538467,1.4142135623730951,0.02,G16_fixed,True,16,20,0.07757444315221221,11.102813332016048,0.15416850891852718,5,0.07244086830279879,11.400163527139412,0.16763448873188944,15.0,0;22.5;45;67.5;90;112.5;135;157.5;180;202.5;225;247.5;270;292.5;315;337.5
val_images_circle,circle,test007.png,6,upright,0.0,False,321,321,80892.0,0.7850467562675476,inpaint,red_gd,restormer,15.0,fixed15p0,0.8,3.8461538461538467,1.4142135623730951,0.02,G16_fixed,True,16,20,0.07757444315221221,11.102813332016048,0.15416850891852718,6,0.07154417092195459,11.454257447072191,0.17023484051265886,15.0,0;22.5;45;67.5;90;112.5;135;157.5;180;202.5;225;247.5;270;292.5;315;337.5
val_images_circle,circle,test007.png,6,upright,0.0,False,321,321,80892.0,0.7850467562675476,inpaint,red_gd,restormer,15.0,fixed15p0,0.8,3.8461538461538467,1.4142135623730951,0.02,G16_fixed,True,16,20,0.07757444315221221,11.102813332016048,0.15416850891852718,7,0.07068263447521078,11.506872718884711,0.17268505963197844,15.0,0;22.5;45;67.5;90;112.5;135;157.5;180;202.5;225;247.5;270;292.5;315;337.5
val_images_circle,circle,test007.png,6,upright,0.0,False,321,321,80892.0,0.7850467562675476,inpaint,red_gd,restormer,15.0,fixed15p0,0.8,3.8461538461538467,1.4142135623730951,0.02,G16_fixed,True,16,20,0.07757444315221221,11.102813332016048,0.15416850891852718,8,0.06985529316866934,11.558006803608368,0.17517370527601617,15.0,0;22.5;45;67.5;90;112.5;135;157.5;180;202.5;225;247.5;270;292.5;315;337.5
val_images_circle,circle,test007.png,6,upright,0.0,False,321,321,80892.0,0.7850467562675476,inpaint,red_gd,restormer,15.0,fixed15p0,0.8,3.8461538461538467,1.4142135623730951,0.02,G16_fixed,True,16,20,0.07757444315221221,11.102813332016048,0.15416850891852718,9,0.06905382306617157,11.608122723267641,0.1775630673073357,15.0,0;22.5;45;67.5;90;112.5;135;157.5;180;202.5;225;247.5;270;292.5;315;337.5
val_images_circle,circle,test007.png,6,upright,0.0,False,321,321,80892.0,0.7850467562675476,inpaint,red_gd,restormer,15.0,fixed15p0,0.8,3.8461538461538467,1.4142135623730951,0.02,G16_fixed,True,16,20,0.07757444315221221,11.102813332016048,0.15416850891852718,10,0.06828097668032686,11.657002754330668,0.17997233676537852,15.0,0;22.5;45;67.5;90;112.5;135;157.5;180;202.5;225;247.5;270;292.5;315;337.5
val_images_circle,circle,test007.png,6,upright,0.0,False,321,321,80892.0,0.7850467562675476,inpaint,red_gd,restormer,15.0,fixed15p0,0.8,3.8461538461538467,1.4142135623730951,0.02,G16_fixed,True,16,20,0.07757444315221221,11.102813332016048,0.15416850891852718,11,0.06753242001101778,11.704876871434367,0.18230802480081468,15.0,0;22.5;45;67.5;90;112.5;135;157.5;180;202.5;225;247.5;270;292.5;315;337.5
val_images_circle,circle,test007.png,6,upright,0.0,False,321,321,80892.0,0.7850467562675476,inpaint,red_gd,restormer,15.0,fixed15p0,0.8,3.8461538461538467,1.4142135623730951,0.02,G16_fixed,True,16,20,0.07757444315221221,11.102813332016048,0.15416850891852718,12,0.0668085937017103,11.751676699019661,0.18463767662438807,15.0,0;22.5;45;67.5;90;112.5;135;157.5;180;202.5;225;247.5;270;292.5;315;337.5
val_images_circle,circle,test007.png,6,upright,0.0,False,321,321,80892.0,0.7850467562675476,inpaint,red_gd,restormer,15.0,fixed15p0,0.8,3.8461538461538467,1.4142135623730951,0.02,G16_fixed,True,16,20,0.07757444315221221,11.102813332016048,0.15416850891852718,13,0.06610381164082975,11.797734977480541,0.18693327214063196,15.0,0;22.5;45;67.5;90;112.5;135;157.5;180;202.5;225;247.5;270;292.5;315;337.5
val_images_circle,circle,test007.png,6,upright,0.0,False,321,321,80892.0,0.7850467562675476,inpaint,red_gd,restormer,15.0,fixed15p0,0.8,3.8461538461538467,1.4142135623730951,0.02,G16_fixed,True,16,20,0.07757444315221221,11.102813332016048,0.15416850891852718,14,0.06542189475048521,11.842768819816873,0.18920236868679846,15.0,0;22.5;45;67.5;90;112.5;135;157.5;180;202.5;225;247.5;270;292.5;315;337.5
val_images_circle,circle,test007.png,6,upright,0.0,False,321,321,80892.0,0.7850467562675476,inpaint,red_gd,restormer,15.0,fixed15p0,0.8,3.8461538461538467,1.4142135623730951,0.02,G16_fixed,True,16,20,0.07757444315221221,11.102813332016048,0.15416850891852718,15,0.06475447684103496,11.887302009896105,0.19146738475374572,15.0,0;22.5;45;67.5;90;112.5;135;157.5;180;202.5;225;247.5;270;292.5;315;337.5
val_images_circle,circle,test007.png,6,upright,0.0,False,321,321,80892.0,0.7850467562675476,inpaint,red_gd,restormer,15.0,fixed15p0,0.8,3.8461538461538467,1.4142135623730951,0.02,G16_fixed,True,16,20,0.07757444315221221,11.102813332016048,0.15416850891852718,16,0.06410554784852025,11.93104383964207,0.19370319762770113,15.0,0;22.5;45;67.5;90;112.5;135;157.5;180;202.5;225;247.5;270;292.5;315;337.5
val_images_circle,circle,test007.png,6,upright,0.0,False,321,321,80892.0,0.7850467562675476,inpaint,red_gd,restormer,15.0,fixed15p0,0.8,3.8461538461538467,1.4142135623730951,0.02,G16_fixed,True,16,20,0.07757444315221221,11.102813332016048,0.15416850891852718,17,0.06347144982855227,11.97421581324478,0.19593380728703086,15.0,0;22.5;45;67.5;90;112.5;135;157.5;180;202.5;225;247.5;270;292.5;315;337.5
val_images_circle,circle,test007.png,6,upright,0.0,False,321,321,80892.0,0.7850467562675476,inpaint,red_gd,restormer,15.0,fixed15p0,0.8,3.8461538461538467,1.4142135623730951,0.02,G16_fixed,True,16,20,0.07757444315221221,11.102813332016048,0.15416850891852718,18,0.06285593126869778,12.016537347524581,0.19813125399838674,15.0,0;22.5;45;67.5;90;112.5;135;157.5;180;202.5;225;247.5;270;292.5;315;337.5
val_images_circle,circle,test007.png,6,upright,0.0,False,321,321,80892.0,0.7850467562675476,inpaint,red_gd,restormer,15.0,fixed15p0,0.8,3.8461538461538467,1.4142135623730951,0.02,G16_fixed,True,16,20,0.07757444315221221,11.102813332016048,0.15416850891852718,19,0.062252304046212854,12.058445700789953,0.20032778320553948,15.0,0;22.5;45;67.5;90;112.5;135;157.5;180;202.5;225;247.5;270;292.5;315;337.5
val_images_circle,circle,test007.png,6,upright,0.0,False,321,321,80892.0,0.7850467562675476,inpaint,red_gd,restormer,15.0,fixed15p0,0.8,3.8461538461538467,1.4142135623730951,0.02,G16_fixed,True,16,20,0.07757444315221221,11.102813332016048,0.15416850891852718,20,0.06166239713329192,12.099795960297977,0.20250733858493422,15.0,0;22.5;45;67.5;90;112.5;135;157.5;180;202.5;225;247.5;270;292.5;315;337.5
val_images_circle,circle,test007.png,6,rot45_padded,45.0,False,321,321,80883.0,0.7849593758583069,inpaint,red_gd,restormer,15.0,fixed15p0,0.8,3.8461538461538467,1.4142135623730951,0.02,vanilla,False,0,20,0.07731569539489139,11.117323336177007,0.15839017179908016,1,0.07709437117116699,11.129773295825224,0.15826381982694138,15.0,none
val_images_circle,circle,test007.png,6,rot45_padded,45.0,False,321,321,80883.0,0.7849593758583069,inpaint,red_gd,restormer,15.0,fixed15p0,0.8,3.8461538461538467,1.4142135623730951,0.02,vanilla,False,0,20,0.07731569539489139,11.117323336177007,0.15839017179908016,2,0.07688154687944315,11.141778871182847,0.15969861800764684,15.0,none
val_images_circle,circle,test007.png,6,rot45_padded,45.0,False,321,321,80883.0,0.7849593758583069,inpaint,red_gd,restormer,15.0,fixed15p0,0.8,3.8461538461538467,1.4142135623730951,0.02,vanilla,False,0,20,0.07731569539489139,11.117323336177007,0.15839017179908016,3,0.0766797942321007,11.153190612084654,0.159632840124779,15.0,none
val_images_circle,circle,test007.png,6,rot45_padded,45.0,False,321,321,80883.0,0.7849593758583069,inpaint,red_gd,restormer,15.0,fixed15p0,0.8,3.8461538461538467,1.4142135623730951,0.02,vanilla,False,0,20,0.07731569539489139,11.117323336177007,0.15839017179908016,4,0.07648541261953995,11.164213860611628,0.16090714172013898,15.0,none
val_images_circle,circle,test007.png,6,rot45_padded,45.0,False,321,321,80883.0,0.7849593758583069,inpaint,red_gd,restormer,15.0,fixed15p0,0.8,3.8461538461538467,1.4142135623730951,0.02,vanilla,False,0,20,0.07731569539489139,11.117323336177007,0.15839017179908016,5,0.07629975430367011,11.174768605344,0.16089381228131994,15.0,none
val_images_circle,circle,test007.png,6,rot45_padded,45.0,False,321,321,80883.0,0.7849593758583069,inpaint,red_gd,restormer,15.0,fixed15p0,0.8,3.8461538461538467,1.4142135623730951,0.02,vanilla,False,0,20,0.07731569539489139,11.117323336177007,0.15839017179908016,6,0.07612059771135467,11.18497810220488,0.16203292390706328,15.0,none
val_images_circle,circle,test007.png,6,rot45_padded,45.0,False,321,321,80883.0,0.7849593758583069,inpaint,red_gd,restormer,15.0,fixed15p0,0.8,3.8461538461538467,1.4142135623730951,0.02,vanilla,False,0,20,0.07731569539489139,11.117323336177007,0.15839017179908016,7,0.07594828090807092,11.194820519603548,0.16206475035699713,15.0,none
val_images_circle,circle,test007.png,6,rot45_padded,45.0,False,321,321,80883.0,0.7849593758583069,inpaint,red_gd,restormer,15.0,fixed15p0,0.8,3.8461538461538467,1.4142135623730951,0.02,vanilla,False,0,20,0.07731569539489139,11.117323336177007,0.15839017179908016,8,0.0757816146277648,11.204361457427584,0.16309018746600026,15.0,none
val_images_circle,circle,test007.png,6,rot45_padded,45.0,False,321,321,80883.0,0.7849593758583069,inpaint,red_gd,restormer,15.0,fixed15p0,0.8,3.8461538461538467,1.4142135623730951,0.02,vanilla,False,0,20,0.07731569539489139,11.117323336177007,0.15839017179908016,9,0.07562029702626015,11.213616211203698,0.1631614709866412,15.0,none
val_images_circle,circle,test007.png,6,rot45_padded,45.0,False,321,321,80883.0,0.7849593758583069,inpaint,red_gd,restormer,15.0,fixed15p0,0.8,3.8461538461538467,1.4142135623730951,0.02,vanilla,False,0,20,0.07731569539489139,11.117323336177007,0.15839017179908016,10,0.0754641469970513,11.222593326037607,0.16409077676242226,15.0,none
val_images_circle,circle,test007.png,6,rot45_padded,45.0,False,321,321,80883.0,0.7849593758583069,inpaint,red_gd,restormer,15.0,fixed15p0,0.8,3.8461538461538467,1.4142135623730951,0.02,vanilla,False,0,20,0.07731569539489139,11.117323336177007,0.15839017179908016,11,0.07531247029853307,11.231331070205329,0.1641954925440142,15.0,none
val_images_circle,circle,test007.png,6,rot45_padded,45.0,False,321,321,80883.0,0.7849593758583069,inpaint,red_gd,restormer,15.0,fixed15p0,0.8,3.8461538461538467,1.4142135623730951,0.02,vanilla,False,0,20,0.07731569539489139,11.117323336177007,0.15839017179908016,12,0.0751658766559413,11.239792730170137,0.16504138066327287,15.0,none
val_images_circle,circle,test007.png,6,rot45_padded,45.0,False,321,321,80883.0,0.7849593758583069,inpaint,red_gd,restormer,15.0,fixed15p0,0.8,3.8461538461538467,1.4142135623730951,0.02,vanilla,False,0,20,0.07731569539489139,11.117323336177007,0.15839017179908016,13,0.07502326131959126,11.248040606556193,0.16517264665859946,15.0,none
val_images_circle,circle,test007.png,6,rot45_padded,45.0,False,321,321,80883.0,0.7849593758583069,inpaint,red_gd,restormer,15.0,fixed15p0,0.8,3.8461538461538467,1.4142135623730951,0.02,vanilla,False,0,20,0.07731569539489139,11.117323336177007,0.15839017179908016,14,0.07488566263344894,11.256013229574922,0.16594477613497274,15.0,none
val_images_circle,circle,test007.png,6,rot45_padded,45.0,False,321,321,80883.0,0.7849593758583069,inpaint,red_gd,restormer,15.0,fixed15p0,0.8,3.8461538461538467,1.4142135623730951,0.02,vanilla,False,0,20,0.07731569539489139,11.117323336177007,0.15839017179908016,15,0.07475163174546877,11.263793227317162,0.16609647094414154,15.0,none
val_images_circle,circle,test007.png,6,rot45_padded,45.0,False,321,321,80883.0,0.7849593758583069,inpaint,red_gd,restormer,15.0,fixed15p0,0.8,3.8461538461538467,1.4142135623730951,0.02,vanilla,False,0,20,0.07731569539489139,11.117323336177007,0.15839017179908016,16,0.07462244243807413,11.271305403391658,0.16680310023428904,15.0,none
val_images_circle,circle,test007.png,6,rot45_padded,45.0,False,321,321,80883.0,0.7849593758583069,inpaint,red_gd,restormer,15.0,fixed15p0,0.8,3.8461538461538467,1.4142135623730951,0.02,vanilla,False,0,20,0.07731569539489139,11.117323336177007,0.15839017179908016,17,0.07449636816257743,11.27864899404714,0.16697092559623158,15.0,none
val_images_circle,circle,test007.png,6,rot45_padded,45.0,False,321,321,80883.0,0.7849593758583069,inpaint,red_gd,restormer,15.0,fixed15p0,0.8,3.8461538461538467,1.4142135623730951,0.02,vanilla,False,0,20,0.07731569539489139,11.117323336177007,0.15839017179908016,18,0.07437487588167477,11.285737460223686,0.16761979398482993,15.0,none
val_images_circle,circle,test007.png,6,rot45_padded,45.0,False,321,321,80883.0,0.7849593758583069,inpaint,red_gd,restormer,15.0,fixed15p0,0.8,3.8461538461538467,1.4142135623730951,0.02,vanilla,False,0,20,0.07731569539489139,11.117323336177007,0.15839017179908016,19,0.0742560217188717,11.29268321899825,0.16780046583490968,15.0,none
val_images_circle,circle,test007.png,6,rot45_padded,45.0,False,321,321,80883.0,0.7849593758583069,inpaint,red_gd,restormer,15.0,fixed15p0,0.8,3.8461538461538467,1.4142135623730951,0.02,vanilla,False,0,20,0.07731569539489139,11.117323336177007,0.15839017179908016,20,0.0741414658171371,11.299388319832673,0.16839860025437978,15.0,none
val_images_circle,circle,test007.png,6,rot45_padded,45.0,False,321,321,80883.0,0.7849593758583069,inpaint,red_gd,restormer,15.0,fixed15p0,0.8,3.8461538461538467,1.4142135623730951,0.02,G16_fixed,False,16,20,0.07731569539489139,11.117323336177007,0.15839017179908016,1,0.07632571893970302,11.173290962323751,0.1605114843740341,15.0,0;22.5;45;67.5;90;112.5;135;157.5;180;202.5;225;247.5;270;292.5;315;337.5
val_images_circle,circle,test007.png,6,rot45_padded,45.0,False,321,321,80883.0,0.7849593758583069,inpaint,red_gd,restormer,15.0,fixed15p0,0.8,3.8461538461538467,1.4142135623730951,0.02,G16_fixed,False,16,20,0.07731569539489139,11.117323336177007,0.15839017179908016,2,0.07539219338233931,11.22673621590402,0.16331741576181028,15.0,0;22.5;45;67.5;90;112.5;135;157.5;180;202.5;225;247.5;270;292.5;315;337.5
val_images_circle,circle,test007.png,6,rot45_padded,45.0,False,321,321,80883.0,0.7849593758583069,inpaint,red_gd,restormer,15.0,fixed15p0,0.8,3.8461538461538467,1.4142135623730951,0.02,G16_fixed,False,16,20,0.07731569539489139,11.117323336177007,0.15839017179908016,3,0.07450274914846136,11.278277015070323,0.1653449634618832,15.0,0;22.5;45;67.5;90;112.5;135;157.5;180;202.5;225;247.5;270;292.5;315;337.5
val_images_circle,circle,test007.png,6,rot45_padded,45.0,False,321,321,80883.0,0.7849593758583069,inpaint,red_gd,restormer,15.0,fixed15p0,0.8,3.8461538461538467,1.4142135623730951,0.02,G16_fixed,False,16,20,0.07731569539489139,11.117323336177007,0.15839017179908016,4,0.07365898601220282,11.327742639271563,0.1679580164210959,15.0,0;22.5;45;67.5;90;112.5;135;157.5;180;202.5;225;247.5;270;292.5;315;337.5
val_images_circle,circle,test007.png,6,rot45_padded,45.0,False,321,321,80883.0,0.7849593758583069,inpaint,red_gd,restormer,15.0,fixed15p0,0.8,3.8461538461538467,1.4142135623730951,0.02,G16_fixed,False,16,20,0.07731569539489139,11.117323336177007,0.15839017179908016,5,0.07285027302167946,11.375688162812711,0.16991041699507314,15.0,0;22.5;45;67.5;90;112.5;135;157.5;180;202.5;225;247.5;270;292.5;315;337.5
val_images_circle,circle,test007.png,6,rot45_padded,45.0,False,321,321,80883.0,0.7849593758583069,inpaint,red_gd,restormer,15.0,fixed15p0,0.8,3.8461538461538467,1.4142135623730951,0.02,G16_fixed,False,16,20,0.07731569539489139,11.117323336177007,0.15839017179908016,6,0.07207904907783465,11.42190951537502,0.17236473613892908,15.0,0;22.5;45;67.5;90;112.5;135;157.5;180;202.5;225;247.5;270;292.5;315;337.5
val_images_circle,circle,test007.png,6,rot45_padded,45.0,False,321,321,80883.0,0.7849593758583069,inpaint,red_gd,restormer,15.0,fixed15p0,0.8,3.8461538461538467,1.4142135623730951,0.02,G16_fixed,False,16,20,0.07731569539489139,11.117323336177007,0.15839017179908016,7,0.07133627092915075,11.466895969491846,0.17425564501733987,15.0,0;22.5;45;67.5;90;112.5;135;157.5;180;202.5;225;247.5;270;292.5;315;337.5
val_images_circle,circle,test007.png,6,rot45_padded,45.0,False,321,321,80883.0,0.7849593758583069,inpaint,red_gd,restormer,15.0,fixed15p0,0.8,3.8461538461538467,1.4142135623730951,0.02,G16_fixed,False,16,20,0.07731569539489139,11.117323336177007,0.15839017179908016,8,0.07062493286985522,11.510419519762616,0.1765771768712214,15.0,0;22.5;45;67.5;90;112.5;135;157.5;180;202.5;225;247.5;270;292.5;315;337.5
val_images_circle,circle,test007.png,6,rot45_padded,45.0,False,321,321,80883.0,0.7849593758583069,inpaint,red_gd,restormer,15.0,fixed15p0,0.8,3.8461538461538467,1.4142135623730951,0.02,G16_fixed,False,16,20,0.07731569539489139,11.117323336177007,0.15839017179908016,9,0.0699372050620186,11.552917276229515,0.1784160357398959,15.0,0;22.5;45;67.5;90;112.5;135;157.5;180;202.5;225;247.5;270;292.5;315;337.5
val_images_circle,circle,test007.png,6,rot45_padded,45.0,False,321,321,80883.0,0.7849593758583069,inpaint,red_gd,restormer,15.0,fixed15p0,0.8,3.8461538461538467,1.4142135623730951,0.02,G16_fixed,False,16,20,0.07731569539489139,11.117323336177007,0.15839017179908016,10,0.06927629912767516,11.59415321212416,0.1806252815602475,15.0,0;22.5;45;67.5;90;112.5;135;157.5;180;202.5;225;247.5;270;292.5;315;337.5
val_images_circle,circle,test007.png,6,rot45_padded,45.0,False,321,321,80883.0,0.7849593758583069,inpaint,red_gd,restormer,15.0,fixed15p0,0.8,3.8461538461538467,1.4142135623730951,0.02,G16_fixed,False,16,20,0.07731569539489139,11.117323336177007,0.15839017179908016,11,0.06863529679830743,11.634524839665188,0.18241972103995896,15.0,0;22.5;45;67.5;90;112.5;135;157.5;180;202.5;225;247.5;270;292.5;315;337.5
val_images_circle,circle,test007.png,6,rot45_padded,45.0,False,321,321,80883.0,0.7849593758583069,inpaint,red_gd,restormer,15.0,fixed15p0,0.8,3.8461538461538467,1.4142135623730951,0.02,G16_fixed,False,16,20,0.07731569539489139,11.117323336177007,0.15839017179908016,12,0.06801744591725084,11.673796800314932,0.18453374105961698,15.0,0;22.5;45;67.5;90;112.5;135;157.5;180;202.5;225;247.5;270;292.5;315;337.5
val_images_circle,circle,test007.png,6,rot45_padded,45.0,False,321,321,80883.0,0.7849593758583069,inpaint,red_gd,restormer,15.0,fixed15p0,0.8,3.8461538461538467,1.4142135623730951,0.02,G16_fixed,False,16,20,0.07731569539489139,11.117323336177007,0.15839017179908016,13,0.06741660697396239,11.71233108972661,0.18629036550093964,15.0,0;22.5;45;67.5;90;112.5;135;157.5;180;202.5;225;247.5;270;292.5;315;337.5
val_images_circle,circle,test007.png,6,rot45_padded,45.0,False,321,321,80883.0,0.7849593758583069,inpaint,red_gd,restormer,15.0,fixed15p0,0.8,3.8461538461538467,1.4142135623730951,0.02,G16_fixed,False,16,20,0.07731569539489139,11.117323336177007,0.15839017179908016,14,0.0668358708528059,11.74990388839008,0.1883235878715243,15.0,0;22.5;45;67.5;90;112.5;135;157.5;180;202.5;225;247.5;270;292.5;315;337.5
val_images_circle,circle,test007.png,6,rot45_padded,45.0,False,321,321,80883.0,0.7849593758583069,inpaint,red_gd,restormer,15.0,fixed15p0,0.8,3.8461538461538467,1.4142135623730951,0.02,G16_fixed,False,16,20,0.07731569539489139,11.117323336177007,0.15839017179908016,15,0.06626978021107649,11.786844697782243,0.19004853074811764,15.0,0;22.5;45;67.5;90;112.5;135;157.5;180;202.5;225;247.5;270;292.5;315;337.5
val_images_circle,circle,test007.png,6,rot45_padded,45.0,False,321,321,80883.0,0.7849593758583069,inpaint,red_gd,restormer,15.0,fixed15p0,0.8,3.8461538461538467,1.4142135623730951,0.02,G16_fixed,False,16,20,0.07731569539489139,11.117323336177007,0.15839017179908016,16,0.0657212750110499,11.822940197212723,0.1920136570725616,15.0,0;22.5;45;67.5;90;112.5;135;157.5;180;202.5;225;247.5;270;292.5;315;337.5
val_images_circle,circle,test007.png,6,rot45_padded,45.0,False,321,321,80883.0,0.7849593758583069,inpaint,red_gd,restormer,15.0,fixed15p0,0.8,3.8461538461538467,1.4142135623730951,0.02,G16_fixed,False,16,20,0.07731569539489139,11.117323336177007,0.15839017179908016,17,0.0651854291557713,11.8584947090064,0.19371284660404534,15.0,0;22.5;45;67.5;90;112.5;135;157.5;180;202.5;225;247.5;270;292.5;315;337.5
val_images_circle,circle,test007.png,6,rot45_padded,45.0,False,321,321,80883.0,0.7849593758583069,inpaint,red_gd,restormer,15.0,fixed15p0,0.8,3.8461538461538467,1.4142135623730951,0.02,G16_fixed,False,16,20,0.07731569539489139,11.117323336177007,0.15839017179908016,18,0.0646650497960789,11.8933038365675,0.19562112963323566,15.0,0;22.5;45;67.5;90;112.5;135;157.5;180;202.5;225;247.5;270;292.5;315;337.5
val_images_circle,circle,test007.png,6,rot45_padded,45.0,False,321,321,80883.0,0.7849593758583069,inpaint,red_gd,restormer,15.0,fixed15p0,0.8,3.8461538461538467,1.4142135623730951,0.02,G16_fixed,False,16,20,0.07731569539489139,11.117323336177007,0.15839017179908016,19,0.06415564549063153,11.92765121088737,0.1973001801212863,15.0,0;22.5;45;67.5;90;112.5;135;157.5;180;202.5;225;247.5;270;292.5;315;337.5
val_images_circle,circle,test007.png,6,rot45_padded,45.0,False,321,321,80883.0,0.7849593758583069,inpaint,red_gd,restormer,15.0,fixed15p0,0.8,3.8461538461538467,1.4142135623730951,0.02,G16_fixed,False,16,20,0.07731569539489139,11.117323336177007,0.15839017179908016,20,0.06365988454194639,11.961341533813847,0.19916170145070658,15.0,0;22.5;45;67.5;90;112.5;135;157.5;180;202.5;225;247.5;270;292.5;315;337.5
val_images_circle,circle,test008.png,7,upright,0.0,False,321,321,80892.0,0.7850467562675476,inpaint,red_gd,restormer,15.0,fixed15p0,0.8,3.8461538461538467,1.4142135623730951,0.02,vanilla,True,0,20,0.06616331661737254,11.793827327100265,0.2068111455706374,1,0.06598050390489789,11.805843719934504,0.207138984309326,15.0,none
val_images_circle,circle,test008.png,7,upright,0.0,False,321,321,80892.0,0.7850467562675476,inpaint,red_gd,restormer,15.0,fixed15p0,0.8,3.8461538461538467,1.4142135623730951,0.02,vanilla,True,0,20,0.06616331661737254,11.793827327100265,0.2068111455706374,2,0.06580364289731988,11.817500631275186,0.2088108942710651,15.0,none
val_images_circle,circle,test008.png,7,upright,0.0,False,321,321,80892.0,0.7850467562675476,inpaint,red_gd,restormer,15.0,fixed15p0,0.8,3.8461538461538467,1.4142135623730951,0.02,vanilla,True,0,20,0.06616331661737254,11.793827327100265,0.2068111455706374,3,0.06563417624927373,11.82869961059082,0.2092231675412896,15.0,none
val_images_circle,circle,test008.png,7,upright,0.0,False,321,321,80892.0,0.7850467562675476,inpaint,red_gd,restormer,15.0,fixed15p0,0.8,3.8461538461538467,1.4142135623730951,0.02,vanilla,True,0,20,0.06616331661737254,11.793827327100265,0.2068111455706374,4,0.06547024480750568,11.839560351533038,0.21073654243466597,15.0,none
val_images_circle,circle,test008.png,7,upright,0.0,False,321,321,80892.0,0.7850467562675476,inpaint,red_gd,restormer,15.0,fixed15p0,0.8,3.8461538461538467,1.4142135623730951,0.02,vanilla,True,0,20,0.06616331661737254,11.793827327100265,0.2068111455706374,5,0.06531131738537185,11.850115560581486,0.21122750376273303,15.0,none
val_images_circle,circle,test008.png,7,upright,0.0,False,321,321,80892.0,0.7850467562675476,inpaint,red_gd,restormer,15.0,fixed15p0,0.8,3.8461538461538467,1.4142135623730951,0.02,vanilla,True,0,20,0.06616331661737254,11.793827327100265,0.2068111455706374,6,0.06515747245362644,11.860357709063942,0.2126207338951936,15.0,none
val_images_circle,circle,test008.png,7,upright,0.0,False,321,321,80892.0,0.7850467562675476,inpaint,red_gd,restormer,15.0,fixed15p0,0.8,3.8461538461538467,1.4142135623730951,0.02,vanilla,True,0,20,0.06616331661737254,11.793827327100265,0.2068111455706374,7,0.06500677238826151,11.870413963165493,0.21318987623930674,15.0,none
val_images_circle,circle,test008.png,7,upright,0.0,False,321,321,80892.0,0.7850467562675476,inpaint,red_gd,restormer,15.0,fixed15p0,0.8,3.8461538461538467,1.4142135623730951,0.02,vanilla,True,0,20,0.06616331661737254,11.793827327100265,0.2068111455706374,8,0.06486070813360716,11.88018314114492,0.21449717485968947,15.0,none
val_images_circle,circle,test008.png,7,upright,0.0,False,321,321,80892.0,0.7850467562675476,inpaint,red_gd,restormer,15.0,fixed15p0,0.8,3.8461538461538467,1.4142135623730951,0.02,vanilla,True,0,20,0.06616331661737254,11.793827327100265,0.2068111455706374,9,0.06471632194585064,11.88986173163585,0.21514811994696634,15.0,none
val_images_circle,circle,test008.png,7,upright,0.0,False,321,321,80892.0,0.7850467562675476,inpaint,red_gd,restormer,15.0,fixed15p0,0.8,3.8461538461538467,1.4142135623730951,0.02,vanilla,True,0,20,0.06616331661737254,11.793827327100265,0.2068111455706374,10,0.06457620939609295,11.899274515250482,0.21639930594187312,15.0,none
val_images_circle,circle,test008.png,7,upright,0.0,False,321,321,80892.0,0.7850467562675476,inpaint,red_gd,restormer,15.0,fixed15p0,0.8,3.8461538461538467,1.4142135623730951,0.02,vanilla,True,0,20,0.06616331661737254,11.793827327100265,0.2068111455706374,11,0.06443685137281809,11.908656889979943,0.21713429924312663,15.0,none
val_images_circle,circle,test008.png,7,upright,0.0,False,321,321,80892.0,0.7850467562675476,inpaint,red_gd,restormer,15.0,fixed15p0,0.8,3.8461538461538467,1.4142135623730951,0.02,vanilla,True,0,20,0.06616331661737254,11.793827327100265,0.2068111455706374,12,0.0643017730237539,11.917770518997823,0.21834774684146763,15.0,none
val_images_circle,circle,test008.png,7,upright,0.0,False,321,321,80892.0,0.7850467562675476,inpaint,red_gd,restormer,15.0,fixed15p0,0.8,3.8461538461538467,1.4142135623730951,0.02,vanilla,True,0,20,0.06616331661737254,11.793827327100265,0.2068111455706374,13,0.06416706288361333,11.926878391977045,0.21916017266849627,15.0,none
val_images_circle,circle,test008.png,7,upright,0.0,False,321,321,80892.0,0.7850467562675476,inpaint,red_gd,restormer,15.0,fixed15p0,0.8,3.8461538461538467,1.4142135623730951,0.02,vanilla,True,0,20,0.06616331661737254,11.793827327100265,0.2068111455706374,14,0.06403680143161561,11.93570368746668,0.2203443808565742,15.0,none
val_images_circle,circle,test008.png,7,upright,0.0,False,321,321,80892.0,0.7850467562675476,inpaint,red_gd,restormer,15.0,fixed15p0,0.8,3.8461538461538467,1.4142135623730951,0.02,vanilla,True,0,20,0.06616331661737254,11.793827327100265,0.2068111455706374,15,0.06390675728324495,11.944532185916707,0.22122395350436383,15.0,none
val_images_circle,circle,test008.png,7,upright,0.0,False,321,321,80892.0,0.7850467562675476,inpaint,red_gd,restormer,15.0,fixed15p0,0.8,3.8461538461538467,1.4142135623730951,0.02,vanilla,True,0,20,0.06616331661737254,11.793827327100265,0.2068111455706374,16,0.06378125236619506,11.953069574921187,0.22238387197590614,15.0,none
val_images_circle,circle,test008.png,7,upright,0.0,False,321,321,80892.0,0.7850467562675476,inpaint,red_gd,restormer,15.0,fixed15p0,0.8,3.8461538461538467,1.4142135623730951,0.02,vanilla,True,0,20,0.06616331661737254,11.793827327100265,0.2068111455706374,17,0.06365589835444173,11.961613484266223,0.2233200160012733,15.0,none
val_images_circle,circle,test008.png,7,upright,0.0,False,321,321,80892.0,0.7850467562675476,inpaint,red_gd,restormer,15.0,fixed15p0,0.8,3.8461538461538467,1.4142135623730951,0.02,vanilla,True,0,20,0.06616331661737254,11.793827327100265,0.2068111455706374,18,0.06353504132052613,11.969866832949641,0.22445984595973645,15.0,none
val_images_circle,circle,test008.png,7,upright,0.0,False,321,321,80892.0,0.7850467562675476,inpaint,red_gd,restormer,15.0,fixed15p0,0.8,3.8461538461538467,1.4142135623730951,0.02,vanilla,True,0,20,0.06616331661737254,11.793827327100265,0.2068111455706374,19,0.06341423861251731,11.97813217566768,0.22544541448783564,15.0,none
val_images_circle,circle,test008.png,7,upright,0.0,False,321,321,80892.0,0.7850467562675476,inpaint,red_gd,restormer,15.0,fixed15p0,0.8,3.8461538461538467,1.4142135623730951,0.02,vanilla,True,0,20,0.06616331661737254,11.793827327100265,0.2068111455706374,20,0.06329778801326151,11.986114664505712,0.22657300300864114,15.0,none
val_images_circle,circle,test008.png,7,upright,0.0,False,321,321,80892.0,0.7850467562675476,inpaint,red_gd,restormer,15.0,fixed15p0,0.8,3.8461538461538467,1.4142135623730951,0.02,G16_fixed,True,16,20,0.06616331661737254,11.793827327100265,0.2068111455706374,1,0.0651847863123053,11.858537538324281,0.21034636169985907,15.0,0;22.5;45;67.5;90;112.5;135;157.5;180;202.5;225;247.5;270;292.5;315;337.5
val_images_circle,circle,test008.png,7,upright,0.0,False,321,321,80892.0,0.7850467562675476,inpaint,red_gd,restormer,15.0,fixed15p0,0.8,3.8461538461538467,1.4142135623730951,0.02,G16_fixed,True,16,20,0.06616331661737254,11.793827327100265,0.2068111455706374,2,0.06425641692781733,11.920834952778453,0.21421975056247836,15.0,0;22.5;45;67.5;90;112.5;135;157.5;180;202.5;225;247.5;270;292.5;315;337.5
val_images_circle,circle,test008.png,7,upright,0.0,False,321,321,80892.0,0.7850467562675476,inpaint,red_gd,restormer,15.0,fixed15p0,0.8,3.8461538461538467,1.4142135623730951,0.02,G16_fixed,True,16,20,0.06616331661737254,11.793827327100265,0.2068111455706374,3,0.06336824871433516,11.981282951504467,0.2176527615524403,15.0,0;22.5;45;67.5;90;112.5;135;157.5;180;202.5;225;247.5;270;292.5;315;337.5
val_images_circle,circle,test008.png,7,upright,0.0,False,321,321,80892.0,0.7850467562675476,inpaint,red_gd,restormer,15.0,fixed15p0,0.8,3.8461538461538467,1.4142135623730951,0.02,G16_fixed,True,16,20,0.06616331661737254,11.793827327100265,0.2068111455706374,4,0.06252092754652809,12.039745875090455,0.22133552684443455,15.0,0;22.5;45;67.5;90;112.5;135;157.5;180;202.5;225;247.5;270;292.5;315;337.5
val_images_circle,circle,test008.png,7,upright,0.0,False,321,321,80892.0,0.7850467562675476,inpaint,red_gd,restormer,15.0,fixed15p0,0.8,3.8461538461538467,1.4142135623730951,0.02,G16_fixed,True,16,20,0.06616331661737254,11.793827327100265,0.2068111455706374,5,0.06170533874448338,12.096772591926177,0.22469854192163627,15.0,0;22.5;45;67.5;90;112.5;135;157.5;180;202.5;225;247.5;270;292.5;315;337.5
val_images_circle,circle,test008.png,7,upright,0.0,False,321,321,80892.0,0.7850467562675476,inpaint,red_gd,restormer,15.0,fixed15p0,0.8,3.8461538461538467,1.4142135623730951,0.02,G16_fixed,True,16,20,0.06616331661737254,11.793827327100265,0.2068111455706374,6,0.060921663394556944,12.152282472727148,0.22825341195668297,15.0,0;22.5;45;67.5;90;112.5;135;157.5;180;202.5;225;247.5;270;292.5;315;337.5
val_images_circle,circle,test008.png,7,upright,0.0,False,321,321,80892.0,0.7850467562675476,inpaint,red_gd,restormer,15.0,fixed15p0,0.8,3.8461538461538467,1.4142135623730951,0.02,G16_fixed,True,16,20,0.06616331661737254,11.793827327100265,0.2068111455706374,7,0.060166684195825916,12.206439219491873,0.23156301863132325,15.0,0;22.5;45;67.5;90;112.5;135;157.5;180;202.5;225;247.5;270;292.5;315;337.5
val_images_circle,circle,test008.png,7,upright,0.0,False,321,321,80892.0,0.7850467562675476,inpaint,red_gd,restormer,15.0,fixed15p0,0.8,3.8461538461538467,1.4142135623730951,0.02,G16_fixed,True,16,20,0.06616331661737254,11.793827327100265,0.2068111455706374,8,0.059438548031248456,12.259318080920064,0.23500597729843495,15.0,0;22.5;45;67.5;90;112.5;135;157.5;180;202.5;225;247.5;270;292.5;315;337.5
val_images_circle,circle,test008.png,7,upright,0.0,False,321,321,80892.0,0.7850467562675476,inpaint,red_gd,restormer,15.0,fixed15p0,0.8,3.8461538461538467,1.4142135623730951,0.02,G16_fixed,True,16,20,0.06616331661737254,11.793827327100265,0.2068111455706374,9,0.05873600540496897,12.31095592875704,0.23826572486308906,15.0,0;22.5;45;67.5;90;112.5;135;157.5;180;202.5;225;247.5;270;292.5;315;337.5
val_images_circle,circle,test008.png,7,upright,0.0,False,321,321,80892.0,0.7850467562675476,inpaint,red_gd,restormer,15.0,fixed15p0,0.8,3.8461538461538467,1.4142135623730951,0.02,G16_fixed,True,16,20,0.06616331661737254,11.793827327100265,0.2068111455706374,10,0.058057016077377864,12.361452891111481,0.2416088928756861,15.0,0;22.5;45;67.5;90;112.5;135;157.5;180;202.5;225;247.5;270;292.5;315;337.5
val_images_circle,circle,test008.png,7,upright,0.0,False,321,321,80892.0,0.7850467562675476,inpaint,red_gd,restormer,15.0,fixed15p0,0.8,3.8461538461538467,1.4142135623730951,0.02,G16_fixed,True,16,20,0.06616331661737254,11.793827327100265,0.2068111455706374,11,0.05739792210408631,12.411038294672457,0.24483264047279088,15.0,0;22.5;45;67.5;90;112.5;135;157.5;180;202.5;225;247.5;270;292.5;315;337.5
val_images_circle,circle,test008.png,7,upright,0.0,False,321,321,80892.0,0.7850467562675476,inpaint,red_gd,restormer,15.0,fixed15p0,0.8,3.8461538461538467,1.4142135623730951,0.02,G16_fixed,True,16,20,0.06616331661737254,11.793827327100265,0.2068111455706374,12,0.056760081632763436,12.459569886086225,0.24810557112415318,15.0,0;22.5;45;67.5;90;112.5;135;157.5;180;202.5;225;247.5;270;292.5;315;337.5
val_images_circle,circle,test008.png,7,upright,0.0,False,321,321,80892.0,0.7850467562675476,inpaint,red_gd,restormer,15.0,fixed15p0,0.8,3.8461538461538467,1.4142135623730951,0.02,G16_fixed,True,16,20,0.06616331661737254,11.793827327100265,0.2068111455706374,13,0.05613937193070699,12.50732450421815,0.2513062362470949,15.0,0;22.5;45;67.5;90;112.5;135;157.5;180;202.5;225;247.5;270;292.5;315;337.5
val_images_circle,circle,test008.png,7,upright,0.0,False,321,321,80892.0,0.7850467562675476,inpaint,red_gd,restormer,15.0,fixed15p0,0.8,3.8461538461538467,1.4142135623730951,0.02,G16_fixed,True,16,20,0.06616331661737254,11.793827327100265,0.2068111455706374,14,0.05553626382244227,12.554233405719945,0.2545404868528408,15.0,0;22.5;45;67.5;90;112.5;135;157.5;180;202.5;225;247.5;270;292.5;315;337.5
val_images_circle,circle,test008.png,7,upright,0.0,False,321,321,80892.0,0.7850467562675476,inpaint,red_gd,restormer,15.0,fixed15p0,0.8,3.8461538461538467,1.4142135623730951,0.02,G16_fixed,True,16,20,0.06616331661737254,11.793827327100265,0.2068111455706374,15,0.05494695449449575,12.600563739027129,0.25772608559097315,15.0,0;22.5;45;67.5;90;112.5;135;157.5;180;202.5;225;247.5;270;292.5;315;337.5
val_images_circle,circle,test008.png,7,upright,0.0,False,321,321,80892.0,0.7850467562675476,inpaint,red_gd,restormer,15.0,fixed15p0,0.8,3.8461538461538467,1.4142135623730951,0.02,G16_fixed,True,16,20,0.06616331661737254,11.793827327100265,0.2068111455706374,16,0.05437333931739233,12.64613994153288,0.26094201025750385,15.0,0;22.5;45;67.5;90;112.5;135;157.5;180;202.5;225;247.5;270;292.5;315;337.5
val_images_circle,circle,test008.png,7,upright,0.0,False,321,321,80892.0,0.7850467562675476,inpaint,red_gd,restormer,15.0,fixed15p0,0.8,3.8461538461538467,1.4142135623730951,0.02,G16_fixed,True,16,20,0.06616331661737254,11.793827327100265,0.2068111455706374,17,0.05381272010442936,12.6911505485024,0.2641274882713989,15.0,0;22.5;45;67.5;90;112.5;135;157.5;180;202.5;225;247.5;270;292.5;315;337.5
val_images_circle,circle,test008.png,7,upright,0.0,False,321,321,80892.0,0.7850467562675476,inpaint,red_gd,restormer,15.0,fixed15p0,0.8,3.8461538461538467,1.4142135623730951,0.02,G16_fixed,True,16,20,0.06616331661737254,11.793827327100265,0.2068111455706374,18,0.05326589363557274,12.735507824746286,0.2673247006811551,15.0,0;22.5;45;67.5;90;112.5;135;157.5;180;202.5;225;247.5;270;292.5;315;337.5
val_images_circle,circle,test008.png,7,upright,0.0,False,321,321,80892.0,0.7850467562675476,inpaint,red_gd,restormer,15.0,fixed15p0,0.8,3.8461538461538467,1.4142135623730951,0.02,G16_fixed,True,16,20,0.06616331661737254,11.793827327100265,0.2068111455706374,19,0.05272976333413688,12.779441778987477,0.2705229754641992,15.0,0;22.5;45;67.5;90;112.5;135;157.5;180;202.5;225;247.5;270;292.5;315;337.5
val_images_circle,circle,test008.png,7,upright,0.0,False,321,321,80892.0,0.7850467562675476,inpaint,red_gd,restormer,15.0,fixed15p0,0.8,3.8461538461538467,1.4142135623730951,0.02,G16_fixed,True,16,20,0.06616331661737254,11.793827327100265,0.2068111455706374,20,0.05220700927818882,12.822711849961749,0.2737054595170103,15.0,0;22.5;45;67.5;90;112.5;135;157.5;180;202.5;225;247.5;270;292.5;315;337.5
val_images_circle,circle,test008.png,7,rot45_padded,45.0,False,321,321,80883.0,0.7849593758583069,inpaint,red_gd,restormer,15.0,fixed15p0,0.8,3.8461538461538467,1.4142135623730951,0.02,vanilla,False,0,20,0.0665270721868316,11.770015891510099,0.2080749064234759,1,0.06633791247851835,11.782381989806098,0.20852767268770941,15.0,none
val_images_circle,circle,test008.png,7,rot45_padded,45.0,False,321,321,80883.0,0.7849593758583069,inpaint,red_gd,restormer,15.0,fixed15p0,0.8,3.8461538461538467,1.4142135623730951,0.02,vanilla,False,0,20,0.0665270721868316,11.770015891510099,0.2080749064234759,2,0.06615410144900659,11.794432250750697,0.21014594383244933,15.0,none
val_images_circle,circle,test008.png,7,rot45_padded,45.0,False,321,321,80883.0,0.7849593758583069,inpaint,red_gd,restormer,15.0,fixed15p0,0.8,3.8461538461538467,1.4142135623730951,0.02,vanilla,False,0,20,0.0665270721868316,11.770015891510099,0.2080749064234759,3,0.0659788507203306,11.805952536613278,0.21066492263516437,15.0,none
val_images_circle,circle,test008.png,7,rot45_padded,45.0,False,321,321,80883.0,0.7849593758583069,inpaint,red_gd,restormer,15.0,fixed15p0,0.8,3.8461538461538467,1.4142135623730951,0.02,vanilla,False,0,20,0.0665270721868316,11.770015891510099,0.2080749064234759,4,0.06580798276909239,11.817214215488722,0.2121407957713611,15.0,none
val_images_circle,circle,test008.png,7,rot45_padded,45.0,False,321,321,80883.0,0.7849593758583069,inpaint,red_gd,restormer,15.0,fixed15p0,0.8,3.8461538461538467,1.4142135623730951,0.02,vanilla,False,0,20,0.0665270721868316,11.770015891510099,0.2080749064234759,5,0.06564359843075801,11.828076199439447,0.21272760499734183,15.0,none
val_images_circle,circle,test008.png,7,rot45_padded,45.0,False,321,321,80883.0,0.7849593758583069,inpaint,red_gd,restormer,15.0,fixed15p0,0.8,3.8461538461538467,1.4142135623730951,0.02,vanilla,False,0,20,0.0665270721868316,11.770015891510099,0.2080749064234759,6,0.06548283018565397,11.838725585293366,0.21409877442571368,15.0,none
val_images_circle,circle,test008.png,7,rot45_padded,45.0,False,321,321,80883.0,0.7849593758583069,inpaint,red_gd,restormer,15.0,fixed15p0,0.8,3.8461538461538467,1.4142135623730951,0.02,vanilla,False,0,20,0.0665270721868316,11.770015891510099,0.2080749064234759,7,0.06532680089411558,11.849086090388873,0.21475737427055128,15.0,none
val_images_circle,circle,test008.png,7,rot45_padded,45.0,False,321,321,80883.0,0.7849593758583069,inpaint,red_gd,restormer,15.0,fixed15p0,0.8,3.8461538461538467,1.4142135623730951,0.02,vanilla,False,0,20,0.0665270721868316,11.770015891510099,0.2080749064234759,8,0.06517388663447511,11.859263791490289,0.21605583547377075,15.0,none
val_images_circle,circle,test008.png,7,rot45_padded,45.0,False,321,321,80883.0,0.7849593758583069,inpaint,red_gd,restormer,15.0,fixed15p0,0.8,3.8461538461538467,1.4142135623730951,0.02,vanilla,False,0,20,0.0665270721868316,11.770015891510099,0.2080749064234759,9,0.06502441339844281,11.869235569939656,0.21678941341196542,15.0,none
val_images_circle,circle,test008.png,7,rot45_padded,45.0,False,321,321,80883.0,0.7849593758583069,inpaint,red_gd,restormer,15.0,fixed15p0,0.8,3.8461538461538467,1.4142135623730951,0.02,vanilla,False,0,20,0.0665270721868316,11.770015891510099,0.2080749064234759,10,0.06487774731324877,11.87904238118881,0.21803941051426134,15.0,none
val_images_circle,circle,test008.png,7,rot45_padded,45.0,False,321,321,80883.0,0.7849593758583069,inpaint,red_gd,restormer,15.0,fixed15p0,0.8,3.8461538461538467,1.4142135623730951,0.02,vanilla,False,0,20,0.0665270721868316,11.770015891510099,0.2080749064234759,11,0.06473373745680489,11.888693179008298,0.21884627621842662,15.0,none
val_images_circle,circle,test008.png,7,rot45_padded,45.0,False,321,321,80883.0,0.7849593758583069,inpaint,red_gd,restormer,15.0,fixed15p0,0.8,3.8461538461538467,1.4142135623730951,0.02,vanilla,False,0,20,0.0665270721868316,11.770015891510099,0.2080749064234759,12,0.06459243816106289,11.898183218988589,0.22006072815053843,15.0,none
val_images_circle,circle,test008.png,7,rot45_padded,45.0,False,321,321,80883.0,0.7849593758583069,inpaint,red_gd,restormer,15.0,fixed15p0,0.8,3.8461538461538467,1.4142135623730951,0.02,vanilla,False,0,20,0.0665270721868316,11.770015891510099,0.2080749064234759,13,0.06445354154496309,11.90753214366782,0.2209341927537307,15.0,none
val_images_circle,circle,test008.png,7,rot45_padded,45.0,False,321,321,80883.0,0.7849593758583069,inpaint,red_gd,restormer,15.0,fixed15p0,0.8,3.8461538461538467,1.4142135623730951,0.02,vanilla,False,0,20,0.0665270721868316,11.770015891510099,0.2080749064234759,14,0.06431734341579813,11.91671902127865,0.2221227343817613,15.0,none
val_images_circle,circle,test008.png,7,rot45_padded,45.0,False,321,321,80883.0,0.7849593758583069,inpaint,red_gd,restormer,15.0,fixed15p0,0.8,3.8461538461538467,1.4142135623730951,0.02,vanilla,False,0,20,0.0665270721868316,11.770015891510099,0.2080749064234759,15,0.06418343326548842,11.925770555736925,0.22305808911483255,15.0,none
val_images_circle,circle,test008.png,7,rot45_padded,45.0,False,321,321,80883.0,0.7849593758583069,inpaint,red_gd,restormer,15.0,fixed15p0,0.8,3.8461538461538467,1.4142135623730951,0.02,vanilla,False,0,20,0.0665270721868316,11.770015891510099,0.2080749064234759,16,0.06405225178653116,11.934655978275735,0.22422864082996427,15.0,none
val_images_circle,circle,test008.png,7,rot45_padded,45.0,False,321,321,80883.0,0.7849593758583069,inpaint,red_gd,restormer,15.0,fixed15p0,0.8,3.8461538461538467,1.4142135623730951,0.02,vanilla,False,0,20,0.0665270721868316,11.770015891510099,0.2080749064234759,17,0.06392332810201155,11.943406220120849,0.22521798944926621,15.0,none
val_images_circle,circle,test008.png,7,rot45_padded,45.0,False,321,321,80883.0,0.7849593758583069,inpaint,red_gd,restormer,15.0,fixed15p0,0.8,3.8461538461538467,1.4142135623730951,0.02,vanilla,False,0,20,0.0665270721868316,11.770015891510099,0.2080749064234759,18,0.06379718742079608,11.951984672749692,0.22637455974215842,15.0,none
val_images_circle,circle,test008.png,7,rot45_padded,45.0,False,321,321,80883.0,0.7849593758583069,inpaint,red_gd,restormer,15.0,fixed15p0,0.8,3.8461538461538467,1.4142135623730951,0.02,vanilla,False,0,20,0.0665270721868316,11.770015891510099,0.2080749064234759,19,0.06367332868155237,11.960424457189657,0.2274064321689972,15.0,none
val_images_circle,circle,test008.png,7,rot45_padded,45.0,False,321,321,80883.0,0.7849593758583069,inpaint,red_gd,restormer,15.0,fixed15p0,0.8,3.8461538461538467,1.4142135623730951,0.02,vanilla,False,0,20,0.0665270721868316,11.770015891510099,0.2080749064234759,20,0.06355223483496222,11.968691727350471,0.22854848979389983,15.0,none
val_images_circle,circle,test008.png,7,rot45_padded,45.0,False,321,321,80883.0,0.7849593758583069,inpaint,red_gd,restormer,15.0,fixed15p0,0.8,3.8461538461538467,1.4142135623730951,0.02,G16_fixed,False,16,20,0.0665270721868316,11.770015891510099,0.2080749064234759,1,0.0656736319262855,11.82608965409855,0.2108417791748575,15.0,0;22.5;45;67.5;90;112.5;135;157.5;180;202.5;225;247.5;270;292.5;315;337.5
val_images_circle,circle,test008.png,7,rot45_padded,45.0,False,321,321,80883.0,0.7849593758583069,inpaint,red_gd,restormer,15.0,fixed15p0,0.8,3.8461538461538467,1.4142135623730951,0.02,G16_fixed,False,16,20,0.0665270721868316,11.770015891510099,0.2080749064234759,2,0.06486715861954923,11.87975125083135,0.21433322283421732,15.0,0;22.5;45;67.5;90;112.5;135;157.5;180;202.5;225;247.5;270;292.5;315;337.5
val_images_circle,circle,test008.png,7,rot45_padded,45.0,False,321,321,80883.0,0.7849593758583069,inpaint,red_gd,restormer,15.0,fixed15p0,0.8,3.8461538461538467,1.4142135623730951,0.02,G16_fixed,False,16,20,0.0665270721868316,11.770015891510099,0.2080749064234759,3,0.06409671947056242,11.931641975060028,0.21702383767293498,15.0,0;22.5;45;67.5;90;112.5;135;157.5;180;202.5;225;247.5;270;292.5;315;337.5
val_images_circle,circle,test008.png,7,rot45_padded,45.0,False,321,321,80883.0,0.7849593758583069,inpaint,red_gd,restormer,15.0,fixed15p0,0.8,3.8461538461538467,1.4142135623730951,0.02,G16_fixed,False,16,20,0.0665270721868316,11.770015891510099,0.2080749064234759,4,0.06336376333137062,11.981590368240001,0.2203315427453853,15.0,0;22.5;45;67.5;90;112.5;135;157.5;180;202.5;225;247.5;270;292.5;315;337.5
val_images_circle,circle,test008.png,7,rot45_padded,45.0,False,321,321,80883.0,0.7849593758583069,inpaint,red_gd,restormer,15.0,fixed15p0,0.8,3.8461538461538467,1.4142135623730951,0.02,G16_fixed,False,16,20,0.0665270721868316,11.770015891510099,0.2080749064234759,5,0.06265930128240792,12.030144522708879,0.22297487671234995,15.0,0;22.5;45;67.5;90;112.5;135;157.5;180;202.5;225;247.5;270;292.5;315;337.5
val_images_circle,circle,test008.png,7,rot45_padded,45.0,False,321,321,80883.0,0.7849593758583069,inpaint,red_gd,restormer,15.0,fixed15p0,0.8,3.8461538461538467,1.4142135623730951,0.02,G16_fixed,False,16,20,0.0665270721868316,11.770015891510099,0.2080749064234759,6,0.06198532549523695,12.07711113901222,0.22614407152924595,15.0,0;22.5;45;67.5;90;112.5;135;157.5;180;202.5;225;247.5;270;292.5;315;337.5
val_images_circle,circle,test008.png,7,rot45_padded,45.0,False,321,321,80883.0,0.7849593758583069,inpaint,red_gd,restormer,15.0,fixed15p0,0.8,3.8461538461538467,1.4142135623730951,0.02,G16_fixed,False,16,20,0.0665270721868316,11.770015891510099,0.2080749064234759,7,0.061334404566240744,12.122958464958145,0.22876120542172027,15.0,0;22.5;45;67.5;90;112.5;135;157.5;180;202.5;225;247.5;270;292.5;315;337.5
val_images_circle,circle,test008.png,7,rot45_padded,45.0,False,321,321,80883.0,0.7849593758583069,inpaint,red_gd,restormer,15.0,fixed15p0,0.8,3.8461538461538467,1.4142135623730951,0.02,G16_fixed,False,16,20,0.0665270721868316,11.770015891510099,0.2080749064234759,8,0.06070888080622628,12.167477734548463,0.23182533431778,15.0,0;22.5;45;67.5;90;112.5;135;157.5;180;202.5;225;247.5;270;292.5;315;337.5
val_images_circle,circle,test008.png,7,rot45_padded,45.0,False,321,321,80883.0,0.7849593758583069,inpaint,red_gd,restormer,15.0,fixed15p0,0.8,3.8461538461538467,1.4142135623730951,0.02,G16_fixed,False,16,20,0.0665270721868316,11.770015891510099,0.2080749064234759,9,0.0601024456719119,12.211078554480858,0.23443208477059457,15.0,0;22.5;45;67.5;90;112.5;135;157.5;180;202.5;225;247.5;270;292.5;315;337.5
val_images_circle,circle,test008.png,7,rot45_padded,45.0,False,321,321,80883.0,0.7849593758583069,inpaint,red_gd,restormer,15.0,fixed15p0,0.8,3.8461538461538467,1.4142135623730951,0.02,G16_fixed,False,16,20,0.0665270721868316,11.770015891510099,0.2080749064234759,10,0.05951759239619265,12.253546451738096,0.23741638191894465,15.0,0;22.5;45;67.5;90;112.5;135;157.5;180;202.5;225;247.5;270;292.5;315;337.5
val_images_circle,circle,test008.png,7,rot45_padded,45.0,False,321,321,80883.0,0.7849593758583069,inpaint,red_gd,restormer,15.0,fixed15p0,0.8,3.8461538461538467,1.4142135623730951,0.02,G16_fixed,False,16,20,0.0665270721868316,11.770015891510099,0.2080749064234759,11,0.0589488032675284,12.295250071860984,0.2400250158794184,15.0,0;22.5;45;67.5;90;112.5;135;157.5;180;202.5;225;247.5;270;292.5;315;337.5
val_images_circle,circle,test008.png,7,rot45_padded,45.0,False,321,321,80883.0,0.7849593758583069,inpaint,red_gd,restormer,15.0,fixed15p0,0.8,3.8461538461538467,1.4142135623730951,0.02,G16_fixed,False,16,20,0.0665270721868316,11.770015891510099,0.2080749064234759,12,0.05839864396141649,12.335972372525232,0.24294889589746918,15.0,0;22.5;45;67.5;90;112.5;135;157.5;180;202.5;225;247.5;270;292.5;315;337.5
val_images_circle,circle,test008.png,7,rot45_padded,45.0,False,321,321,80883.0,0.7849593758583069,inpaint,red_gd,restormer,15.0,fixed15p0,0.8,3.8461538461538467,1.4142135623730951,0.02,G16_fixed,False,16,20,0.0665270721868316,11.770015891510099,0.2080749064234759,13,0.05786218234401852,12.376051904237551,0.2455689033465005,15.0,0;22.5;45;67.5;90;112.5;135;157.5;180;202.5;225;247.5;270;292.5;315;337.5
val_images_circle,circle,test008.png,7,rot45_padded,45.0,False,321,321,80883.0,0.7849593758583069,inpaint,red_gd,restormer,15.0,fixed15p0,0.8,3.8461538461538467,1.4142135623730951,0.02,G16_fixed,False,16,20,0.0665270721868316,11.770015891510099,0.2080749064234759,14,0.05734194183264716,12.415276041533287,0.2484471928201847,15.0,0;22.5;45;67.5;90;112.5;135;157.5;180;202.5;225;247.5;270;292.5;315;337.5
val_images_circle,circle,test008.png,7,rot45_padded,45.0,False,321,321,80883.0,0.7849593758583069,inpaint,red_gd,restormer,15.0,fixed15p0,0.8,3.8461538461538467,1.4142135623730951,0.02,G16_fixed,False,16,20,0.0665270721868316,11.770015891510099,0.2080749064234759,15,0.056833509465447005,12.453955254717348,0.25108439331348986,15.0,0;22.5;45;67.5;90;112.5;135;157.5;180;202.5;225;247.5;270;292.5;315;337.5
val_images_circle,circle,test008.png,7,rot45_padded,45.0,False,321,321,80883.0,0.7849593758583069,inpaint,red_gd,restormer,15.0,fixed15p0,0.8,3.8461538461538467,1.4142135623730951,0.02,G16_fixed,False,16,20,0.0665270721868316,11.770015891510099,0.2080749064234759,16,0.056339324143361395,12.491883671935053,0.25392766886274,15.0,0;22.5;45;67.5;90;112.5;135;157.5;180;202.5;225;247.5;270;292.5;315;337.5
val_images_circle,circle,test008.png,7,rot45_padded,45.0,False,321,321,80883.0,0.7849593758583069,inpaint,red_gd,restormer,15.0,fixed15p0,0.8,3.8461538461538467,1.4142135623730951,0.02,G16_fixed,False,16,20,0.0665270721868316,11.770015891510099,0.2080749064234759,17,0.05585538944949804,12.52934915739921,0.25658505669454645,15.0,0;22.5;45;67.5;90;112.5;135;157.5;180;202.5;225;247.5;270;292.5;315;337.5
val_images_circle,circle,test008.png,7,rot45_padded,45.0,False,321,321,80883.0,0.7849593758583069,inpaint,red_gd,restormer,15.0,fixed15p0,0.8,3.8461538461538467,1.4142135623730951,0.02,G16_fixed,False,16,20,0.0665270721868316,11.770015891510099,0.2080749064234759,18,0.055384029584013325,12.566154494131897,0.2594020114316358,15.0,0;22.5;45;67.5;90;112.5;135;157.5;180;202.5;225;247.5;270;292.5;315;337.5
val_images_circle,circle,test008.png,7,rot45_padded,45.0,False,321,321,80883.0,0.7849593758583069,inpaint,red_gd,restormer,15.0,fixed15p0,0.8,3.8461538461538467,1.4142135623730951,0.02,G16_fixed,False,16,20,0.0665270721868316,11.770015891510099,0.2080749064234759,19,0.054921610343026346,12.602567374069269,0.26208197720781873,15.0,0;22.5;45;67.5;90;112.5;135;157.5;180;202.5;225;247.5;270;292.5;315;337.5
val_images_circle,circle,test008.png,7,rot45_padded,45.0,False,321,321,80883.0,0.7849593758583069,inpaint,red_gd,restormer,15.0,fixed15p0,0.8,3.8461538461538467,1.4142135623730951,0.02,G16_fixed,False,16,20,0.0665270721868316,11.770015891510099,0.2080749064234759,20,0.054470317078372466,12.638400966382559,0.2648809178844751,15.0,0;22.5;45;67.5;90;112.5;135;157.5;180;202.5;225;247.5;270;292.5;315;337.5
val_images_circle,circle,test009.png,8,upright,0.0,False,321,321,80892.0,0.7850467562675476,inpaint,red_gd,restormer,15.0,fixed15p0,0.8,3.8461538461538467,1.4142135623730951,0.02,vanilla,True,0,20,0.0734406219287754,11.340636539869388,0.18882011953437916,1,0.07323271668358737,11.352948547228134,0.19191181896077486,15.0,none
val_images_circle,circle,test009.png,8,upright,0.0,False,321,321,80892.0,0.7850467562675476,inpaint,red_gd,restormer,15.0,fixed15p0,0.8,3.8461538461538467,1.4142135623730951,0.02,vanilla,True,0,20,0.0734406219287754,11.340636539869388,0.18882011953437916,2,0.07302760016827993,11.365129709017276,0.19468800559310562,15.0,none
val_images_circle,circle,test009.png,8,upright,0.0,False,321,321,80892.0,0.7850467562675476,inpaint,red_gd,restormer,15.0,fixed15p0,0.8,3.8461538461538467,1.4142135623730951,0.02,vanilla,True,0,20,0.0734406219287754,11.340636539869388,0.18882011953437916,3,0.07283168283985128,11.37679655175239,0.19808884357383919,15.0,none
val_images_circle,circle,test009.png,8,upright,0.0,False,321,321,80892.0,0.7850467562675476,inpaint,red_gd,restormer,15.0,fixed15p0,0.8,3.8461538461538467,1.4142135623730951,0.02,vanilla,True,0,20,0.0734406219287754,11.340636539869388,0.18882011953437916,4,0.07264316590716635,11.388052368155623,0.2009227605364251,15.0,none
val_images_circle,circle,test009.png,8,upright,0.0,False,321,321,80892.0,0.7850467562675476,inpaint,red_gd,restormer,15.0,fixed15p0,0.8,3.8461538461538467,1.4142135623730951,0.02,vanilla,True,0,20,0.0734406219287754,11.340636539869388,0.18882011953437916,5,0.07246259262929276,11.398861314600197,0.20455338503034912,15.0,none
val_images_circle,circle,test009.png,8,upright,0.0,False,321,321,80892.0,0.7850467562675476,inpaint,red_gd,restormer,15.0,fixed15p0,0.8,3.8461538461538467,1.4142135623730951,0.02,vanilla,True,0,20,0.0734406219287754,11.340636539869388,0.18882011953437916,6,0.07228992678895935,11.40922215081044,0.20737997403173367,15.0,none
val_images_circle,circle,test009.png,8,upright,0.0,False,321,321,80892.0,0.7850467562675476,inpaint,red_gd,restormer,15.0,fixed15p0,0.8,3.8461538461538467,1.4142135623730951,0.02,vanilla,True,0,20,0.0734406219287754,11.340636539869388,0.18882011953437916,7,0.07212387060061563,11.419209744706775,0.21121195448097463,15.0,none
val_images_circle,circle,test009.png,8,upright,0.0,False,321,321,80892.0,0.7850467562675476,inpaint,red_gd,restormer,15.0,fixed15p0,0.8,3.8461538461538467,1.4142135623730951,0.02,vanilla,True,0,20,0.0734406219287754,11.340636539869388,0.18882011953437916,8,0.07196502164923602,11.428785396224585,0.2140154610081961,15.0,none
val_images_circle,circle,test009.png,8,upright,0.0,False,321,321,80892.0,0.7850467562675476,inpaint,red_gd,restormer,15.0,fixed15p0,0.8,3.8461538461538467,1.4142135623730951,0.02,vanilla,True,0,20,0.0734406219287754,11.340636539869388,0.18882011953437916,9,0.07181158717989727,11.438054743889195,0.21803449159063937,15.0,none
val_images_circle,circle,test009.png,8,upright,0.0,False,321,321,80892.0,0.7850467562675476,inpaint,red_gd,restormer,15.0,fixed15p0,0.8,3.8461538461538467,1.4142135623730951,0.02,vanilla,True,0,20,0.0734406219287754,11.340636539869388,0.18882011953437916,10,0.07166455109513302,11.446956151938863,0.22081518123701974,15.0,none
val_images_circle,circle,test009.png,8,upright,0.0,False,321,321,80892.0,0.7850467562675476,inpaint,red_gd,restormer,15.0,fixed15p0,0.8,3.8461538461538467,1.4142135623730951,0.02,vanilla,True,0,20,0.0734406219287754,11.340636539869388,0.18882011953437916,11,0.07152207235032512,11.455599103576679,0.2250011251498912,15.0,none
val_images_circle,circle,test009.png,8,upright,0.0,False,321,321,80892.0,0.7850467562675476,inpaint,red_gd,restormer,15.0,fixed15p0,0.8,3.8461538461538467,1.4142135623730951,0.02,vanilla,True,0,20,0.0734406219287754,11.340636539869388,0.18882011953437916,12,0.0713852495360326,11.46391518012444,0.22776346471220887,15.0,none
val_images_circle,circle,test009.png,8,upright,0.0,False,321,321,80892.0,0.7850467562675476,inpaint,red_gd,restormer,15.0,fixed15p0,0.8,3.8461538461538467,1.4142135623730951,0.02,vanilla,True,0,20,0.0734406219287754,11.340636539869388,0.18882011953437916,13,0.0712523140421797,11.472010266256952,0.2320963300218192,15.0,none
val_images_circle,circle,test009.png,8,upright,0.0,False,321,321,80892.0,0.7850467562675476,inpaint,red_gd,restormer,15.0,fixed15p0,0.8,3.8461538461538467,1.4142135623730951,0.02,vanilla,True,0,20,0.0734406219287754,11.340636539869388,0.18882011953437916,14,0.07112437653174912,11.479815275565597,0.23485087079841022,15.0,none
val_images_circle,circle,test009.png,8,upright,0.0,False,321,321,80892.0,0.7850467562675476,inpaint,red_gd,restormer,15.0,fixed15p0,0.8,3.8461538461538467,1.4142135623730951,0.02,vanilla,True,0,20,0.0734406219287754,11.340636539869388,0.18882011953437916,15,0.07099975893784305,11.487431258181399,0.2393113416267987,15.0,none
val_images_circle,circle,test009.png,8,upright,0.0,False,321,321,80892.0,0.7850467562675476,inpaint,red_gd,restormer,15.0,fixed15p0,0.8,3.8461538461538467,1.4142135623730951,0.02,vanilla,True,0,20,0.0734406219287754,11.340636539869388,0.18882011953437916,16,0.07087975300980011,11.494778044769284,0.2420693834062701,15.0,none
val_images_circle,circle,test009.png,8,upright,0.0,False,321,321,80892.0,0.7850467562675476,inpaint,red_gd,restormer,15.0,fixed15p0,0.8,3.8461538461538467,1.4142135623730951,0.02,vanilla,True,0,20,0.0734406219287754,11.340636539869388,0.18882011953437916,17,0.07076274104284107,11.501953527447286,0.24662348795307323,15.0,none
val_images_circle,circle,test009.png,8,upright,0.0,False,321,321,80892.0,0.7850467562675476,inpaint,red_gd,restormer,15.0,fixed15p0,0.8,3.8461538461538467,1.4142135623730951,0.02,vanilla,True,0,20,0.0734406219287754,11.340636539869388,0.18882011953437916,18,0.07064995442418595,11.508881139758039,0.24938017762108738,15.0,none
val_images_circle,circle,test009.png,8,upright,0.0,False,321,321,80892.0,0.7850467562675476,inpaint,red_gd,restormer,15.0,fixed15p0,0.8,3.8461538461538467,1.4142135623730951,0.02,vanilla,True,0,20,0.0734406219287754,11.340636539869388,0.18882011953437916,19,0.07053981770253857,11.515656670229928,0.2539920607878406,15.0,none
val_images_circle,circle,test009.png,8,upright,0.0,False,321,321,80892.0,0.7850467562675476,inpaint,red_gd,restormer,15.0,fixed15p0,0.8,3.8461538461538467,1.4142135623730951,0.02,vanilla,True,0,20,0.0734406219287754,11.340636539869388,0.18882011953437916,20,0.07043362866344942,11.522199366549849,0.2567431005615512,15.0,none
val_images_circle,circle,test009.png,8,upright,0.0,False,321,321,80892.0,0.7850467562675476,inpaint,red_gd,restormer,15.0,fixed15p0,0.8,3.8461538461538467,1.4142135623730951,0.02,G16_fixed,True,16,20,0.0734406219287754,11.340636539869388,0.18882011953437916,1,0.0723175666030788,11.407561957605022,0.19355806294967365,15.0,0;22.5;45;67.5;90;112.5;135;157.5;180;202.5;225;247.5;270;292.5;315;337.5
val_images_circle,circle,test009.png,8,upright,0.0,False,321,321,80892.0,0.7850467562675476,inpaint,red_gd,restormer,15.0,fixed15p0,0.8,3.8461538461538467,1.4142135623730951,0.02,G16_fixed,True,16,20,0.0734406219287754,11.340636539869388,0.18882011953437916,2,0.07125096796693431,11.472092312514842,0.1975197736642684,15.0,0;22.5;45;67.5;90;112.5;135;157.5;180;202.5;225;247.5;270;292.5;315;337.5
val_images_circle,circle,test009.png,8,upright,0.0,False,321,321,80892.0,0.7850467562675476,inpaint,red_gd,restormer,15.0,fixed15p0,0.8,3.8461538461538467,1.4142135623730951,0.02,G16_fixed,True,16,20,0.0734406219287754,11.340636539869388,0.18882011953437916,3,0.07022976768020942,11.53478768225746,0.20227424422764304,15.0,0;22.5;45;67.5;90;112.5;135;157.5;180;202.5;225;247.5;270;292.5;315;337.5
val_images_circle,circle,test009.png,8,upright,0.0,False,321,321,80892.0,0.7850467562675476,inpaint,red_gd,restormer,15.0,fixed15p0,0.8,3.8461538461538467,1.4142135623730951,0.02,G16_fixed,True,16,20,0.0734406219287754,11.340636539869388,0.18882011953437916,4,0.06925284904370951,11.595623551370185,0.2062246189363596,15.0,0;22.5;45;67.5;90;112.5;135;157.5;180;202.5;225;247.5;270;292.5;315;337.5
val_images_circle,circle,test009.png,8,upright,0.0,False,321,321,80892.0,0.7850467562675476,inpaint,red_gd,restormer,15.0,fixed15p0,0.8,3.8461538461538467,1.4142135623730951,0.02,G16_fixed,True,16,20,0.0734406219287754,11.340636539869388,0.18882011953437916,5,0.06831575129686805,11.654791511847185,0.21102236913879,15.0,0;22.5;45;67.5;90;112.5;135;157.5;180;202.5;225;247.5;270;292.5;315;337.5
val_images_circle,circle,test009.png,8,upright,0.0,False,321,321,80892.0,0.7850467562675476,inpaint,red_gd,restormer,15.0,fixed15p0,0.8,3.8461538461538467,1.4142135623730951,0.02,G16_fixed,True,16,20,0.0734406219287754,11.340636539869388,0.18882011953437916,6,0.06741706196610914,11.712301779454155,0.214994534572331,15.0,0;22.5;45;67.5;90;112.5;135;157.5;180;202.5;225;247.5;270;292.5;315;337.5
val_images_circle,circle,test009.png,8,upright,0.0,False,321,321,80892.0,0.7850467562675476,inpaint,red_gd,restormer,15.0,fixed15p0,0.8,3.8461538461538467,1.4142135623730951,0.02,G16_fixed,True,16,20,0.0734406219287754,11.340636539869388,0.18882011953437916,7,0.06654703256927447,11.768713055915974,0.2198733631725016,15.0,0;22.5;45;67.5;90;112.5;135;157.5;180;202.5;225;247.5;270;292.5;315;337.5
val_images_circle,circle,test009.png,8,upright,0.0,False,321,321,80892.0,0.7850467562675476,inpaint,red_gd,restormer,15.0,fixed15p0,0.8,3.8461538461538467,1.4142135623730951,0.02,G16_fixed,True,16,20,0.0734406219287754,11.340636539869388,0.18882011953437916,8,0.06571108362461678,11.823613709115827,0.22392793497039262,15.0,0;22.5;45;67.5;90;112.5;135;157.5;180;202.5;225;247.5;270;292.5;315;337.5
val_images_circle,circle,test009.png,8,upright,0.0,False,321,321,80892.0,0.7850467562675476,inpaint,red_gd,restormer,15.0,fixed15p0,0.8,3.8461538461538467,1.4142135623730951,0.02,G16_fixed,True,16,20,0.0734406219287754,11.340636539869388,0.18882011953437916,9,0.06490252097318029,11.877384338086028,0.22889310554504771,15.0,0;22.5;45;67.5;90;112.5;135;157.5;180;202.5;225;247.5;270;292.5;315;337.5
val_images_circle,circle,test009.png,8,upright,0.0,False,321,321,80892.0,0.7850467562675476,inpaint,red_gd,restormer,15.0,fixed15p0,0.8,3.8461538461538467,1.4142135623730951,0.02,G16_fixed,True,16,20,0.0734406219287754,11.340636539869388,0.18882011953437916,10,0.0641212178545159,11.929982376829393,0.23305811587517924,15.0,0;22.5;45;67.5;90;112.5;135;157.5;180;202.5;225;247.5;270;292.5;315;337.5
val_images_circle,circle,test009.png,8,upright,0.0,False,321,321,80892.0,0.7850467562675476,inpaint,red_gd,restormer,15.0,fixed15p0,0.8,3.8461538461538467,1.4142135623730951,0.02,G16_fixed,True,16,20,0.0734406219287754,11.340636539869388,0.18882011953437916,11,0.06336245998715881,11.98167970021635,0.23813828835824308,15.0,0;22.5;45;67.5;90;112.5;135;157.5;180;202.5;225;247.5;270;292.5;315;337.5
val_images_circle,circle,test009.png,8,upright,0.0,False,321,321,80892.0,0.7850467562675476,inpaint,red_gd,restormer,15.0,fixed15p0,0.8,3.8461538461538467,1.4142135623730951,0.02,G16_fixed,True,16,20,0.0734406219287754,11.340636539869388,0.18882011953437916,12,0.06262853509540499,12.032277464884181,0.24244234886484448,15.0,0;22.5;45;67.5;90;112.5;135;157.5;180;202.5;225;247.5;270;292.5;315;337.5
val_images_circle,circle,test009.png,8,upright,0.0,False,321,321,80892.0,0.7850467562675476,inpaint,red_gd,restormer,15.0,fixed15p0,0.8,3.8461538461538467,1.4142135623730951,0.02,G16_fixed,True,16,20,0.0734406219287754,11.340636539869388,0.18882011953437916,13,0.06191486773066249,12.082050505265595,0.24765075463272018,15.0,0;22.5;45;67.5;90;112.5;135;157.5;180;202.5;225;247.5;270;292.5;315;337.5
val_images_circle,circle,test009.png,8,upright,0.0,False,321,321,80892.0,0.7850467562675476,inpaint,red_gd,restormer,15.0,fixed15p0,0.8,3.8461538461538467,1.4142135623730951,0.02,G16_fixed,True,16,20,0.0734406219287754,11.340636539869388,0.18882011953437916,14,0.061222345216075134,12.130900381020918,0.25212209064246155,15.0,0;22.5;45;67.5;90;112.5;135;157.5;180;202.5;225;247.5;270;292.5;315;337.5
val_images_circle,circle,test009.png,8,upright,0.0,False,321,321,80892.0,0.7850467562675476,inpaint,red_gd,restormer,15.0,fixed15p0,0.8,3.8461538461538467,1.4142135623730951,0.02,G16_fixed,True,16,20,0.0734406219287754,11.340636539869388,0.18882011953437916,15,0.06054726131755921,12.179054961472007,0.2574901179968353,15.0,0;22.5;45;67.5;90;112.5;135;157.5;180;202.5;225;247.5;270;292.5;315;337.5
val_images_circle,circle,test009.png,8,upright,0.0,False,321,321,80892.0,0.7850467562675476,inpaint,red_gd,restormer,15.0,fixed15p0,0.8,3.8461538461538467,1.4142135623730951,0.02,G16_fixed,True,16,20,0.0734406219287754,11.340636539869388,0.18882011953437916,16,0.0598903162356908,12.226433937273974,0.26213399308646096,15.0,0;22.5;45;67.5;90;112.5;135;157.5;180;202.5;225;247.5;270;292.5;315;337.5
val_images_circle,circle,test009.png,8,upright,0.0,False,321,321,80892.0,0.7850467562675476,inpaint,red_gd,restormer,15.0,fixed15p0,0.8,3.8461538461538467,1.4142135623730951,0.02,G16_fixed,True,16,20,0.0734406219287754,11.340636539869388,0.18882011953437916,17,0.05924779166396244,12.273278324238282,0.2676615937376378,15.0,0;22.5;45;67.5;90;112.5;135;157.5;180;202.5;225;247.5;270;292.5;315;337.5
val_images_circle,circle,test009.png,8,upright,0.0,False,321,321,80892.0,0.7850467562675476,inpaint,red_gd,restormer,15.0,fixed15p0,0.8,3.8461538461538467,1.4142135623730951,0.02,G16_fixed,True,16,20,0.0734406219287754,11.340636539869388,0.18882011953437916,18,0.058623236894949436,12.319302055699733,0.2724557222129506,15.0,0;22.5;45;67.5;90;112.5;135;157.5;180;202.5;225;247.5;270;292.5;315;337.5
val_images_circle,circle,test009.png,8,upright,0.0,False,321,321,80892.0,0.7850467562675476,inpaint,red_gd,restormer,15.0,fixed15p0,0.8,3.8461538461538467,1.4142135623730951,0.02,G16_fixed,True,16,20,0.0734406219287754,11.340636539869388,0.18882011953437916,19,0.058013078491229046,12.364740878804598,0.27810213965843344,15.0,0;22.5;45;67.5;90;112.5;135;157.5;180;202.5;225;247.5;270;292.5;315;337.5
val_images_circle,circle,test009.png,8,upright,0.0,False,321,321,80892.0,0.7850467562675476,inpaint,red_gd,restormer,15.0,fixed15p0,0.8,3.8461538461538467,1.4142135623730951,0.02,G16_fixed,True,16,20,0.0734406219287754,11.340636539869388,0.18882011953437916,20,0.0574178295308096,12.409532284296992,0.28302319759679573,15.0,0;22.5;45;67.5;90;112.5;135;157.5;180;202.5;225;247.5;270;292.5;315;337.5
val_images_circle,circle,test009.png,8,rot45_padded,45.0,False,321,321,80883.0,0.7849593758583069,inpaint,red_gd,restormer,15.0,fixed15p0,0.8,3.8461538461538467,1.4142135623730951,0.02,vanilla,False,0,20,0.07309448307083997,11.361154009123034,0.19206574330359902,1,0.07288915055156832,11.373371109995114,0.1949909272884908,15.0,none
val_images_circle,circle,test009.png,8,rot45_padded,45.0,False,321,321,80883.0,0.7849593758583069,inpaint,red_gd,restormer,15.0,fixed15p0,0.8,3.8461538461538467,1.4142135623730951,0.02,vanilla,False,0,20,0.07309448307083997,11.361154009123034,0.19206574330359902,2,0.07268593697841326,11.38549606795214,0.1977106278320228,15.0,none
val_images_circle,circle,test009.png,8,rot45_padded,45.0,False,321,321,80883.0,0.7849593758583069,inpaint,red_gd,restormer,15.0,fixed15p0,0.8,3.8461538461538467,1.4142135623730951,0.02,vanilla,False,0,20,0.07309448307083997,11.361154009123034,0.19206574330359902,3,0.07249061964890645,11.39718187888121,0.2009740221794135,15.0,none
val_images_circle,circle,test009.png,8,rot45_padded,45.0,False,321,321,80883.0,0.7849593758583069,inpaint,red_gd,restormer,15.0,fixed15p0,0.8,3.8461538461538467,1.4142135623730951,0.02,vanilla,False,0,20,0.07309448307083997,11.361154009123034,0.19206574330359902,4,0.07230247413702509,11.408468412162176,0.20375476768913123,15.0,none
val_images_circle,circle,test009.png,8,rot45_padded,45.0,False,321,321,80883.0,0.7849593758583069,inpaint,red_gd,restormer,15.0,fixed15p0,0.8,3.8461538461538467,1.4142135623730951,0.02,vanilla,False,0,20,0.07309448307083997,11.361154009123034,0.19206574330359902,5,0.0721210838978061,11.4193775494882,0.20727113160367444,15.0,none
val_images_circle,circle,test009.png,8,rot45_padded,45.0,False,321,321,80883.0,0.7849593758583069,inpaint,red_gd,restormer,15.0,fixed15p0,0.8,3.8461538461538467,1.4142135623730951,0.02,vanilla,False,0,20,0.07309448307083997,11.361154009123034,0.19206574330359902,6,0.07194755971781772,11.42983931665649,0.21005065766292053,15.0,none
val_images_circle,circle,test009.png,8,rot45_padded,45.0,False,321,321,80883.0,0.7849593758583069,inpaint,red_gd,restormer,15.0,fixed15p0,0.8,3.8461538461538467,1.4142135623730951,0.02,vanilla,False,0,20,0.07309448307083997,11.361154009123034,0.19206574330359902,7,0.07177943854858251,11.439999429964553,0.21379014479247802,15.0,none
val_images_circle,circle,test009.png,8,rot45_padded,45.0,False,321,321,80883.0,0.7849593758583069,inpaint,red_gd,restormer,15.0,fixed15p0,0.8,3.8461538461538467,1.4142135623730951,0.02,vanilla,False,0,20,0.07309448307083997,11.361154009123034,0.19206574330359902,8,0.07161842882813756,11.44975210813011,0.21655771782234834,15.0,none
val_images_circle,circle,test009.png,8,rot45_padded,45.0,False,321,321,80883.0,0.7849593758583069,inpaint,red_gd,restormer,15.0,fixed15p0,0.8,3.8461538461538467,1.4142135623730951,0.02,vanilla,False,0,20,0.07309448307083997,11.361154009123034,0.19206574330359902,9,0.0714618864014997,11.459255237766124,0.22050842343261254,15.0,none
val_images_circle,circle,test009.png,8,rot45_padded,45.0,False,321,321,80883.0,0.7849593758583069,inpaint,red_gd,restormer,15.0,fixed15p0,0.8,3.8461538461538467,1.4142135623730951,0.02,vanilla,False,0,20,0.07309448307083997,11.361154009123034,0.19206574330359902,10,0.07131167666567759,11.468393523883451,0.22326474371159577,15.0,none
val_images_circle,circle,test009.png,8,rot45_padded,45.0,False,321,321,80883.0,0.7849593758583069,inpaint,red_gd,restormer,15.0,fixed15p0,0.8,3.8461538461538467,1.4142135623730951,0.02,vanilla,False,0,20,0.07309448307083997,11.361154009123034,0.19206574330359902,11,0.07116526412959151,11.477319344234623,0.22741007844664515,15.0,none
val_images_circle,circle,test009.png,8,rot45_padded,45.0,False,321,321,80883.0,0.7849593758583069,inpaint,red_gd,restormer,15.0,fixed15p0,0.8,3.8461538461538467,1.4142135623730951,0.02,vanilla,False,0,20,0.07309448307083997,11.361154009123034,0.19206574330359902,12,0.07102438741569612,11.48592503372435,0.2301615209237417,15.0,none
val_images_circle,circle,test009.png,8,rot45_padded,45.0,False,321,321,80883.0,0.7849593758583069,inpaint,red_gd,restormer,15.0,fixed15p0,0.8,3.8461538461538467,1.4142135623730951,0.02,vanilla,False,0,20,0.07309448307083997,11.361154009123034,0.19206574330359902,13,0.07088684909838903,11.494343274932943,0.23448325339533646,15.0,none
val_images_circle,circle,test009.png,8,rot45_padded,45.0,False,321,321,80883.0,0.7849593758583069,inpaint,red_gd,restormer,15.0,fixed15p0,0.8,3.8461538461538467,1.4142135623730951,0.02,vanilla,False,0,20,0.07309448307083997,11.361154009123034,0.19206574330359902,14,0.07075421876738622,11.502476599340962,0.2372372796585809,15.0,none
val_images_circle,circle,test009.png,8,rot45_padded,45.0,False,321,321,80883.0,0.7849593758583069,inpaint,red_gd,restormer,15.0,fixed15p0,0.8,3.8461538461538467,1.4142135623730951,0.02,vanilla,False,0,20,0.07309448307083997,11.361154009123034,0.19206574330359902,15,0.07062461895191202,11.510438823587476,0.2417125662994696,15.0,none
val_images_circle,circle,test009.png,8,rot45_padded,45.0,False,321,321,80883.0,0.7849593758583069,inpaint,red_gd,restormer,15.0,fixed15p0,0.8,3.8461538461538467,1.4142135623730951,0.02,vanilla,False,0,20,0.07309448307083997,11.361154009123034,0.19206574330359902,16,0.07049940795075912,11.518145301688563,0.24448062228002176,15.0,none
val_images_circle,circle,test009.png,8,rot45_padded,45.0,False,321,321,80883.0,0.7849593758583069,inpaint,red_gd,restormer,15.0,fixed15p0,0.8,3.8461538461538467,1.4142135623730951,0.02,vanilla,False,0,20,0.07309448307083997,11.361154009123034,0.19206574330359902,17,0.07037701013732799,11.525691874644776,0.24908908257143034,15.0,none
val_images_circle,circle,test009.png,8,rot45_padded,45.0,False,321,321,80883.0,0.7849593758583069,inpaint,red_gd,restormer,15.0,fixed15p0,0.8,3.8461538461538467,1.4142135623730951,0.02,vanilla,False,0,20,0.07309448307083997,11.361154009123034,0.19206574330359902,18,0.07025857251948803,11.53300678244637,0.2518816724466204,15.0,none
val_images_circle,circle,test009.png,8,rot45_padded,45.0,False,321,321,80883.0,0.7849593758583069,inpaint,red_gd,restormer,15.0,fixed15p0,0.8,3.8461538461538467,1.4142135623730951,0.02,vanilla,False,0,20,0.07309448307083997,11.361154009123034,0.19206574330359902,19,0.07014261606077606,11.540180405706815,0.2565954884292744,15.0,none
val_images_circle,circle,test009.png,8,rot45_padded,45.0,False,321,321,80883.0,0.7849593758583069,inpaint,red_gd,restormer,15.0,fixed15p0,0.8,3.8461538461538467,1.4142135623730951,0.02,vanilla,False,0,20,0.07309448307083997,11.361154009123034,0.19206574330359902,20,0.07003048698621775,11.547128535935798,0.2594112599371932,15.0,none
val_images_circle,circle,test009.png,8,rot45_padded,45.0,False,321,321,80883.0,0.7849593758583069,inpaint,red_gd,restormer,15.0,fixed15p0,0.8,3.8461538461538467,1.4142135623730951,0.02,G16_fixed,False,16,20,0.07309448307083997,11.361154009123034,0.19206574330359902,1,0.07212421704035459,11.419188883859412,0.19675378179360928,15.0,0;22.5;45;67.5;90;112.5;135;157.5;180;202.5;225;247.5;270;292.5;315;337.5
val_images_circle,circle,test009.png,8,rot45_padded,45.0,False,321,321,80883.0,0.7849593758583069,inpaint,red_gd,restormer,15.0,fixed15p0,0.8,3.8461538461538467,1.4142135623730951,0.02,G16_fixed,False,16,20,0.07309448307083997,11.361154009123034,0.19206574330359902,2,0.07120492041745484,11.474899946171465,0.2009139551883585,15.0,0;22.5;45;67.5;90;112.5;135;157.5;180;202.5;225;247.5;270;292.5;315;337.5
val_images_circle,circle,test009.png,8,rot45_padded,45.0,False,321,321,80883.0,0.7849593758583069,inpaint,red_gd,restormer,15.0,fixed15p0,0.8,3.8461538461538467,1.4142135623730951,0.02,G16_fixed,False,16,20,0.07309448307083997,11.361154009123034,0.19206574330359902,3,0.07032812949144134,11.528709333095897,0.20578361935604514,15.0,0;22.5;45;67.5;90;112.5;135;157.5;180;202.5;225;247.5;270;292.5;315;337.5
val_images_circle,circle,test009.png,8,rot45_padded,45.0,False,321,321,80883.0,0.7849593758583069,inpaint,red_gd,restormer,15.0,fixed15p0,0.8,3.8461538461538467,1.4142135623730951,0.02,G16_fixed,False,16,20,0.07309448307083997,11.361154009123034,0.19206574330359902,4,0.06949410384830558,11.580520410900409,0.20998113691226833,15.0,0;22.5;45;67.5;90;112.5;135;157.5;180;202.5;225;247.5;270;292.5;315;337.5
val_images_circle,circle,test009.png,8,rot45_padded,45.0,False,321,321,80883.0,0.7849593758583069,inpaint,red_gd,restormer,15.0,fixed15p0,0.8,3.8461538461538467,1.4142135623730951,0.02,G16_fixed,False,16,20,0.07309448307083997,11.361154009123034,0.19206574330359902,5,0.06869407189628847,11.63080739706312,0.21502768176718223,15.0,0;22.5;45;67.5;90;112.5;135;157.5;180;202.5;225;247.5;270;292.5;315;337.5
val_images_circle,circle,test009.png,8,rot45_padded,45.0,False,321,321,80883.0,0.7849593758583069,inpaint,red_gd,restormer,15.0,fixed15p0,0.8,3.8461538461538467,1.4142135623730951,0.02,G16_fixed,False,16,20,0.07309448307083997,11.361154009123034,0.19206574330359902,6,0.06792974811031058,11.679399958097587,0.21926970322873782,15.0,0;22.5;45;67.5;90;112.5;135;157.5;180;202.5;225;247.5;270;292.5;315;337.5
val_images_circle,circle,test009.png,8,rot45_padded,45.0,False,321,321,80883.0,0.7849593758583069,inpaint,red_gd,restormer,15.0,fixed15p0,0.8,3.8461538461538467,1.4142135623730951,0.02,G16_fixed,False,16,20,0.07309448307083997,11.361154009123034,0.19206574330359902,7,0.0671930128820333,11.72675885049487,0.2244954469341518,15.0,0;22.5;45;67.5;90;112.5;135;157.5;180;202.5;225;247.5;270;292.5;315;337.5
val_images_circle,circle,test009.png,8,rot45_padded,45.0,False,321,321,80883.0,0.7849593758583069,inpaint,red_gd,restormer,15.0,fixed15p0,0.8,3.8461538461538467,1.4142135623730951,0.02,G16_fixed,False,16,20,0.07309448307083997,11.361154009123034,0.19206574330359902,8,0.06648655262462445,11.772661849447863,0.2287815859404943,15.0,0;22.5;45;67.5;90;112.5;135;157.5;180;202.5;225;247.5;270;292.5;315;337.5
val_images_circle,circle,test009.png,8,rot45_padded,45.0,False,321,321,80883.0,0.7849593758583069,inpaint,red_gd,restormer,15.0,fixed15p0,0.8,3.8461538461538467,1.4142135623730951,0.02,G16_fixed,False,16,20,0.07309448307083997,11.361154009123034,0.19206574330359902,9,0.06580308685655514,11.817537329312785,0.2341775939087942,15.0,0;22.5;45;67.5;90;112.5;135;157.5;180;202.5;225;247.5;270;292.5;315;337.5
val_images_circle,circle,test009.png,8,rot45_padded,45.0,False,321,321,80883.0,0.7849593758583069,inpaint,red_gd,restormer,15.0,fixed15p0,0.8,3.8461538461538467,1.4142135623730951,0.02,G16_fixed,False,16,20,0.07309448307083997,11.361154009123034,0.19206574330359902,10,0.065145911716229,11.861128335936543,0.23849099548112707,15.0,0;22.5;45;67.5;90;112.5;135;157.5;180;202.5;225;247.5;270;292.5;315;337.5
val_images_circle,circle,test009.png,8,rot45_padded,45.0,False,321,321,80883.0,0.7849593758583069,inpaint,red_gd,restormer,15.0,fixed15p0,0.8,3.8461538461538467,1.4142135623730951,0.02,G16_fixed,False,16,20,0.07309448307083997,11.361154009123034,0.19206574330359902,11,0.06450830815228478,11.903843481193135,0.24403973660256173,15.0,0;22.5;45;67.5;90;112.5;135;157.5;180;202.5;225;247.5;270;292.5;315;337.5
val_images_circle,circle,test009.png,8,rot45_padded,45.0,False,321,321,80883.0,0.7849593758583069,inpaint,red_gd,restormer,15.0,fixed15p0,0.8,3.8461538461538467,1.4142135623730951,0.02,G16_fixed,False,16,20,0.07309448307083997,11.361154009123034,0.19206574330359902,12,0.06389384999976819,11.945409421499315,0.2483678923182251,15.0,0;22.5;45;67.5;90;112.5;135;157.5;180;202.5;225;247.5;270;292.5;315;337.5
val_images_circle,circle,test009.png,8,rot45_padded,45.0,False,321,321,80883.0,0.7849593758583069,inpaint,red_gd,restormer,15.0,fixed15p0,0.8,3.8461538461538467,1.4142135623730951,0.02,G16_fixed,False,16,20,0.07309448307083997,11.361154009123034,0.19206574330359902,13,0.06329630115799982,11.98621668080676,0.2540511834996229,15.0,0;22.5;45;67.5;90;112.5;135;157.5;180;202.5;225;247.5;270;292.5;315;337.5
val_images_circle,circle,test009.png,8,rot45_padded,45.0,False,321,321,80883.0,0.7849593758583069,inpaint,red_gd,restormer,15.0,fixed15p0,0.8,3.8461538461538467,1.4142135623730951,0.02,G16_fixed,False,16,20,0.07309448307083997,11.361154009123034,0.19206574330359902,14,0.06271929583086062,12.025988262561482,0.25838960191727556,15.0,0;22.5;45;67.5;90;112.5;135;157.5;180;202.5;225;247.5;270;292.5;315;337.5
val_images_circle,circle,test009.png,8,rot45_padded,45.0,False,321,321,80883.0,0.7849593758583069,inpaint,red_gd,restormer,15.0,fixed15p0,0.8,3.8461538461538467,1.4142135623730951,0.02,G16_fixed,False,16,20,0.07309448307083997,11.361154009123034,0.19206574330359902,15,0.06215706275770248,12.06509516379944,0.2641896464260104,15.0,0;22.5;45;67.5;90;112.5;135;157.5;180;202.5;225;247.5;270;292.5;315;337.5
val_images_circle,circle,test009.png,8,rot45_padded,45.0,False,321,321,80883.0,0.7849593758583069,inpaint,red_gd,restormer,15.0,fixed15p0,0.8,3.8461538461538467,1.4142135623730951,0.02,G16_fixed,False,16,20,0.07309448307083997,11.361154009123034,0.19206574330359902,16,0.06161316973668756,12.10326448019741,0.2685391968568797,15.0,0;22.5;45;67.5;90;112.5;135;157.5;180;202.5;225;247.5;270;292.5;315;337.5
val_images_circle,circle,test009.png,8,rot45_padded,45.0,False,321,321,80883.0,0.7849593758583069,inpaint,red_gd,restormer,15.0,fixed15p0,0.8,3.8461538461538467,1.4142135623730951,0.02,G16_fixed,False,16,20,0.07309448307083997,11.361154009123034,0.19206574330359902,17,0.06108232845784961,12.140844159980489,0.2744363386002003,15.0,0;22.5;45;67.5;90;112.5;135;157.5;180;202.5;225;247.5;270;292.5;315;337.5
val_images_circle,circle,test009.png,8,rot45_padded,45.0,False,321,321,80883.0,0.7849593758583069,inpaint,red_gd,restormer,15.0,fixed15p0,0.8,3.8461538461538467,1.4142135623730951,0.02,G16_fixed,False,16,20,0.07309448307083997,11.361154009123034,0.19206574330359902,18,0.060567943723495665,12.177571703469024,0.27879781791291125,15.0,0;22.5;45;67.5;90;112.5;135;157.5;180;202.5;225;247.5;270;292.5;315;337.5
val_images_circle,circle,test009.png,8,rot45_padded,45.0,False,321,321,80883.0,0.7849593758583069,inpaint,red_gd,restormer,15.0,fixed15p0,0.8,3.8461538461538467,1.4142135623730951,0.02,G16_fixed,False,16,20,0.07309448307083997,11.361154009123034,0.19206574330359902,19,0.060065186026807244,12.213771735424253,0.28476798179932744,15.0,0;22.5;45;67.5;90;112.5;135;157.5;180;202.5;225;247.5;270;292.5;315;337.5
val_images_circle,circle,test009.png,8,rot45_padded,45.0,False,321,321,80883.0,0.7849593758583069,inpaint,red_gd,restormer,15.0,fixed15p0,0.8,3.8461538461538467,1.4142135623730951,0.02,G16_fixed,False,16,20,0.07309448307083997,11.361154009123034,0.19206574330359902,20,0.05957726698981863,12.249194232167222,0.289137719568698,15.0,0;22.5;45;67.5;90;112.5;135;157.5;180;202.5;225;247.5;270;292.5;315;337.5
val_images_circle,circle,test010.png,9,upright,0.0,False,321,321,80892.0,0.7850467562675476,inpaint,red_gd,restormer,15.0,fixed15p0,0.8,3.8461538461538467,1.4142135623730951,0.02,vanilla,True,0,20,0.10257698198292167,9.889500828823245,0.07698906943440019,1,0.10223970260887974,9.903804224437964,0.0768643069714094,15.0,none
val_images_circle,circle,test010.png,9,upright,0.0,False,321,321,80892.0,0.7850467562675476,inpaint,red_gd,restormer,15.0,fixed15p0,0.8,3.8461538461538467,1.4142135623730951,0.02,vanilla,True,0,20,0.10257698198292167,9.889500828823245,0.07698906943440019,2,0.10191769485085052,9.917504076625413,0.07773245910635478,15.0,none
val_images_circle,circle,test010.png,9,upright,0.0,False,321,321,80892.0,0.7850467562675476,inpaint,red_gd,restormer,15.0,fixed15p0,0.8,3.8461538461538467,1.4142135623730951,0.02,vanilla,True,0,20,0.10257698198292167,9.889500828823245,0.07698906943440019,3,0.10160913577285145,9.930672424717262,0.07764264027383734,15.0,none
val_images_circle,circle,test010.png,9,upright,0.0,False,321,321,80892.0,0.7850467562675476,inpaint,red_gd,restormer,15.0,fixed15p0,0.8,3.8461538461538467,1.4142135623730951,0.02,vanilla,True,0,20,0.10257698198292167,9.889500828823245,0.07698906943440019,4,0.10131398915761139,9.943305843090231,0.07842258524483262,15.0,none
val_images_circle,circle,test010.png,9,upright,0.0,False,321,321,80892.0,0.7850467562675476,inpaint,red_gd,restormer,15.0,fixed15p0,0.8,3.8461538461538467,1.4142135623730951,0.02,vanilla,True,0,20,0.10257698198292167,9.889500828823245,0.07698906943440019,5,0.10102816245348736,9.955575460859826,0.07836450481428943,15.0,none
val_images_circle,circle,test010.png,9,upright,0.0,False,321,321,80892.0,0.7850467562675476,inpaint,red_gd,restormer,15.0,fixed15p0,0.8,3.8461538461538467,1.4142135623730951,0.02,vanilla,True,0,20,0.10257698198292167,9.889500828823245,0.07698906943440019,6,0.10075437799202949,9.9673607375786,0.07907021041558497,15.0,none
val_images_circle,circle,test010.png,9,upright,0.0,False,321,321,80892.0,0.7850467562675476,inpaint,red_gd,restormer,15.0,fixed15p0,0.8,3.8461538461538467,1.4142135623730951,0.02,vanilla,True,0,20,0.10257698198292167,9.889500828823245,0.07698906943440019,7,0.10048685911848514,9.978907281486872,0.0790404217100424,15.0,none
val_images_circle,circle,test010.png,9,upright,0.0,False,321,321,80892.0,0.7850467562675476,inpaint,red_gd,restormer,15.0,fixed15p0,0.8,3.8461538461538467,1.4142135623730951,0.02,vanilla,True,0,20,0.10257698198292167,9.889500828823245,0.07698906943440019,8,0.10023033822295468,9.9900080413173,0.07968356197538075,15.0,none
val_images_circle,circle,test010.png,9,upright,0.0,False,321,321,80892.0,0.7850467562675476,inpaint,red_gd,restormer,15.0,fixed15p0,0.8,3.8461538461538467,1.4142135623730951,0.02,vanilla,True,0,20,0.10257698198292167,9.889500828823245,0.07698906943440019,9,0.09997829619662636,10.000942686507262,0.07967846741256861,15.0,none
val_images_circle,circle,test010.png,9,upright,0.0,False,321,321,80892.0,0.7850467562675476,inpaint,red_gd,restormer,15.0,fixed15p0,0.8,3.8461538461538467,1.4142135623730951,0.02,vanilla,True,0,20,0.10257698198292167,9.889500828823245,0.07698906943440019,10,0.09973693222908322,10.011439942134126,0.08026750511098131,15.0,none
val_images_circle,circle,test010.png,9,upright,0.0,False,321,321,80892.0,0.7850467562675476,inpaint,red_gd,restormer,15.0,fixed15p0,0.8,3.8461538461538467,1.4142135623730951,0.02,vanilla,True,0,20,0.10257698198292167,9.889500828823245,0.07698906943440019,11,0.09949941332849664,10.021794799472165,0.08028272240108725,15.0,none
val_images_circle,circle,test010.png,9,upright,0.0,False,321,321,80892.0,0.7850467562675476,inpaint,red_gd,restormer,15.0,fixed15p0,0.8,3.8461538461538467,1.4142135623730951,0.02,vanilla,True,0,20,0.10257698198292167,9.889500828823245,0.07698906943440019,12,0.09927224049504277,10.031721763308862,0.0808236816720133,15.0,none
val_images_circle,circle,test010.png,9,upright,0.0,False,321,321,80892.0,0.7850467562675476,inpaint,red_gd,restormer,15.0,fixed15p0,0.8,3.8461538461538467,1.4142135623730951,0.02,vanilla,True,0,20,0.10257698198292167,9.889500828823245,0.07698906943440019,13,0.09904870146113028,10.041512137343423,0.08085544421883499,15.0,none
val_images_circle,circle,test010.png,9,upright,0.0,False,321,321,80892.0,0.7850467562675476,inpaint,red_gd,restormer,15.0,fixed15p0,0.8,3.8461538461538467,1.4142135623730951,0.02,vanilla,True,0,20,0.10257698198292167,9.889500828823245,0.07698906943440019,14,0.09883481432998628,10.050900492569346,0.08135335926296791,15.0,none
val_images_circle,circle,test010.png,9,upright,0.0,False,321,321,80892.0,0.7850467562675476,inpaint,red_gd,restormer,15.0,fixed15p0,0.8,3.8461538461538467,1.4142135623730951,0.02,vanilla,True,0,20,0.10257698198292167,9.889500828823245,0.07698906943440019,15,0.09862456099838365,10.060149169273025,0.08139889040904849,15.0,none
val_images_circle,circle,test010.png,9,upright,0.0,False,321,321,80892.0,0.7850467562675476,inpaint,red_gd,restormer,15.0,fixed15p0,0.8,3.8461538461538467,1.4142135623730951,0.02,vanilla,True,0,20,0.10257698198292167,9.889500828823245,0.07698906943440019,16,0.09842318089821923,10.069026032907546,0.08185800468332777,15.0,none
val_images_circle,circle,test010.png,9,upright,0.0,False,321,321,80892.0,0.7850467562675476,inpaint,red_gd,restormer,15.0,fixed15p0,0.8,3.8461538461538467,1.4142135623730951,0.02,vanilla,True,0,20,0.10257698198292167,9.889500828823245,0.07698906943440019,17,0.09822541045274873,10.077761477338562,0.08191500463194754,15.0,none
val_images_circle,circle,test010.png,9,upright,0.0,False,321,321,80892.0,0.7850467562675476,inpaint,red_gd,restormer,15.0,fixed15p0,0.8,3.8461538461538467,1.4142135623730951,0.02,vanilla,True,0,20,0.10257698198292167,9.889500828823245,0.07698906943440019,18,0.09803593979858947,10.086146835438061,0.08233888553758406,15.0,none
val_images_circle,circle,test010.png,9,upright,0.0,False,321,321,80892.0,0.7850467562675476,inpaint,red_gd,restormer,15.0,fixed15p0,0.8,3.8461538461538467,1.4142135623730951,0.02,vanilla,True,0,20,0.10257698198292167,9.889500828823245,0.07698906943440019,19,0.09784985545928522,10.094398115315927,0.08240527783186223,15.0,none
val_images_circle,circle,test010.png,9,upright,0.0,False,321,321,80892.0,0.7850467562675476,inpaint,red_gd,restormer,15.0,fixed15p0,0.8,3.8461538461538467,1.4142135623730951,0.02,vanilla,True,0,20,0.10257698198292167,9.889500828823245,0.07698906943440019,20,0.09767171477479232,10.102311875172958,0.08279710645250767,15.0,none
val_images_circle,circle,test010.png,9,upright,0.0,False,321,321,80892.0,0.7850467562675476,inpaint,red_gd,restormer,15.0,fixed15p0,0.8,3.8461538461538467,1.4142135623730951,0.02,G16_fixed,True,16,20,0.10257698198292167,9.889500828823245,0.07698906943440019,1,0.10113056678773859,9.95117558742778,0.0784090158405652,15.0,0;22.5;45;67.5;90;112.5;135;157.5;180;202.5;225;247.5;270;292.5;315;337.5
val_images_circle,circle,test010.png,9,upright,0.0,False,321,321,80892.0,0.7850467562675476,inpaint,red_gd,restormer,15.0,fixed15p0,0.8,3.8461538461538467,1.4142135623730951,0.02,G16_fixed,True,16,20,0.10257698198292167,9.889500828823245,0.07698906943440019,2,0.09976321389553355,10.010295684046866,0.07989255373870408,15.0,0;22.5;45;67.5;90;112.5;135;157.5;180;202.5;225;247.5;270;292.5;315;337.5
val_images_circle,circle,test010.png,9,upright,0.0,False,321,321,80892.0,0.7850467562675476,inpaint,red_gd,restormer,15.0,fixed15p0,0.8,3.8461538461538467,1.4142135623730951,0.02,G16_fixed,True,16,20,0.10257698198292167,9.889500828823245,0.07698906943440019,3,0.09845730360387925,10.067520621849502,0.08125896498185853,15.0,0;22.5;45;67.5;90;112.5;135;157.5;180;202.5;225;247.5;270;292.5;315;337.5
val_images_circle,circle,test010.png,9,upright,0.0,False,321,321,80892.0,0.7850467562675476,inpaint,red_gd,restormer,15.0,fixed15p0,0.8,3.8461538461538467,1.4142135623730951,0.02,G16_fixed,True,16,20,0.10257698198292167,9.889500828823245,0.07698906943440019,4,0.0972177071357489,10.122546259073781,0.082658267543453,15.0,0;22.5;45;67.5;90;112.5;135;157.5;180;202.5;225;247.5;270;292.5;315;337.5
val_images_circle,circle,test010.png,9,upright,0.0,False,321,321,80892.0,0.7850467562675476,inpaint,red_gd,restormer,15.0,fixed15p0,0.8,3.8461538461538467,1.4142135623730951,0.02,G16_fixed,True,16,20,0.10257698198292167,9.889500828823245,0.07698906943440019,5,0.09603083094202765,10.175893132274673,0.08397628043989208,15.0,0;22.5;45;67.5;90;112.5;135;157.5;180;202.5;225;247.5;270;292.5;315;337.5
val_images_circle,circle,test010.png,9,upright,0.0,False,321,321,80892.0,0.7850467562675476,inpaint,red_gd,restormer,15.0,fixed15p0,0.8,3.8461538461538467,1.4142135623730951,0.02,G16_fixed,True,16,20,0.10257698198292167,9.889500828823245,0.07698906943440019,6,0.09490064685012115,10.227308273779673,0.08530122290754957,15.0,0;22.5;45;67.5;90;112.5;135;157.5;180;202.5;225;247.5;270;292.5;315;337.5
val_images_circle,circle,test010.png,9,upright,0.0,False,321,321,80892.0,0.7850467562675476,inpaint,red_gd,restormer,15.0,fixed15p0,0.8,3.8461538461538467,1.4142135623730951,0.02,G16_fixed,True,16,20,0.10257698198292167,9.889500828823245,0.07698906943440019,7,0.09381322328305024,10.277359420675332,0.08657571471645836,15.0,0;22.5;45;67.5;90;112.5;135;157.5;180;202.5;225;247.5;270;292.5;315;337.5
val_images_circle,circle,test010.png,9,upright,0.0,False,321,321,80892.0,0.7850467562675476,inpaint,red_gd,restormer,15.0,fixed15p0,0.8,3.8461538461538467,1.4142135623730951,0.02,G16_fixed,True,16,20,0.10257698198292167,9.889500828823245,0.07698906943440019,8,0.09277198277294108,10.325831613270168,0.08784139969225943,15.0,0;22.5;45;67.5;90;112.5;135;157.5;180;202.5;225;247.5;270;292.5;315;337.5
val_images_circle,circle,test010.png,9,upright,0.0,False,321,321,80892.0,0.7850467562675476,inpaint,red_gd,restormer,15.0,fixed15p0,0.8,3.8461538461538467,1.4142135623730951,0.02,G16_fixed,True,16,20,0.10257698198292167,9.889500828823245,0.07698906943440019,9,0.09176840822485537,10.373068013146977,0.08907855753079724,15.0,0;22.5;45;67.5;90;112.5;135;157.5;180;202.5;225;247.5;270;292.5;315;337.5
val_images_circle,circle,test010.png,9,upright,0.0,False,321,321,80892.0,0.7850467562675476,inpaint,red_gd,restormer,15.0,fixed15p0,0.8,3.8461538461538467,1.4142135623730951,0.02,G16_fixed,True,16,20,0.10257698198292167,9.889500828823245,0.07698906943440019,10,0.0908027893769625,10.419008101527488,0.09029320029908705,15.0,0;22.5;45;67.5;90;112.5;135;157.5;180;202.5;225;247.5;270;292.5;315;337.5
val_images_circle,circle,test010.png,9,upright,0.0,False,321,321,80892.0,0.7850467562675476,inpaint,red_gd,restormer,15.0,fixed15p0,0.8,3.8461538461538467,1.4142135623730951,0.02,G16_fixed,True,16,20,0.10257698198292167,9.889500828823245,0.07698906943440019,11,0.08987182442137356,10.46376441929112,0.09149357949874524,15.0,0;22.5;45;67.5;90;112.5;135;157.5;180;202.5;225;247.5;270;292.5;315;337.5
val_images_circle,circle,test010.png,9,upright,0.0,False,321,321,80892.0,0.7850467562675476,inpaint,red_gd,restormer,15.0,fixed15p0,0.8,3.8461538461538467,1.4142135623730951,0.02,G16_fixed,True,16,20,0.10257698198292167,9.889500828823245,0.07698906943440019,12,0.08897357573408063,10.50738955341878,0.0926634335750136,15.0,0;22.5;45;67.5;90;112.5;135;157.5;180;202.5;225;247.5;270;292.5;315;337.5
val_images_circle,circle,test010.png,9,upright,0.0,False,321,321,80892.0,0.7850467562675476,inpaint,red_gd,restormer,15.0,fixed15p0,0.8,3.8461538461538467,1.4142135623730951,0.02,G16_fixed,True,16,20,0.10257698198292167,9.889500828823245,0.07698906943440019,13,0.0881019346686786,10.550145546219358,0.09383638422796754,15.0,0;22.5;45;67.5;90;112.5;135;157.5;180;202.5;225;247.5;270;292.5;315;337.5
val_images_circle,circle,test010.png,9,upright,0.0,False,321,321,80892.0,0.7850467562675476,inpaint,red_gd,restormer,15.0,fixed15p0,0.8,3.8461538461538467,1.4142135623730951,0.02,G16_fixed,True,16,20,0.10257698198292167,9.889500828823245,0.07698906943440019,14,0.08725972617231927,10.591861541962917,0.0949717715344997,15.0,0;22.5;45;67.5;90;112.5;135;157.5;180;202.5;225;247.5;270;292.5;315;337.5
val_images_circle,circle,test010.png,9,upright,0.0,False,321,321,80892.0,0.7850467562675476,inpaint,red_gd,restormer,15.0,fixed15p0,0.8,3.8461538461538467,1.4142135623730951,0.02,G16_fixed,True,16,20,0.10257698198292167,9.889500828823245,0.07698906943440019,15,0.08644053978800438,10.632825297779247,0.09611793951541871,15.0,0;22.5;45;67.5;90;112.5;135;157.5;180;202.5;225;247.5;270;292.5;315;337.5
val_images_circle,circle,test010.png,9,upright,0.0,False,321,321,80892.0,0.7850467562675476,inpaint,red_gd,restormer,15.0,fixed15p0,0.8,3.8461538461538467,1.4142135623730951,0.02,G16_fixed,True,16,20,0.10257698198292167,9.889500828823245,0.07698906943440019,16,0.08564945800612236,10.672753809260836,0.09722141336983262,15.0,0;22.5;45;67.5;90;112.5;135;157.5;180;202.5;225;247.5;270;292.5;315;337.5
val_images_circle,circle,test010.png,9,upright,0.0,False,321,321,80892.0,0.7850467562675476,inpaint,red_gd,restormer,15.0,fixed15p0,0.8,3.8461538461538467,1.4142135623730951,0.02,G16_fixed,True,16,20,0.10257698198292167,9.889500828823245,0.07698906943440019,17,0.08487912872062442,10.711990870917191,0.09834050290433541,15.0,0;22.5;45;67.5;90;112.5;135;157.5;180;202.5;225;247.5;270;292.5;315;337.5
val_images_circle,circle,test010.png,9,upright,0.0,False,321,321,80892.0,0.7850467562675476,inpaint,red_gd,restormer,15.0,fixed15p0,0.8,3.8461538461538467,1.4142135623730951,0.02,G16_fixed,True,16,20,0.10257698198292167,9.889500828823245,0.07698906943440019,18,0.08413252778395885,10.750360623962552,0.09941424841532537,15.0,0;22.5;45;67.5;90;112.5;135;157.5;180;202.5;225;247.5;270;292.5;315;337.5
val_images_circle,circle,test010.png,9,upright,0.0,False,321,321,80892.0,0.7850467562675476,inpaint,red_gd,restormer,15.0,fixed15p0,0.8,3.8461538461538467,1.4142135623730951,0.02,G16_fixed,True,16,20,0.10257698198292167,9.889500828823245,0.07698906943440019,19,0.08340293085611061,10.788186875844293,0.1005145774033588,15.0,0;22.5;45;67.5;90;112.5;135;157.5;180;202.5;225;247.5;270;292.5;315;337.5
val_images_circle,circle,test010.png,9,upright,0.0,False,321,321,80892.0,0.7850467562675476,inpaint,red_gd,restormer,15.0,fixed15p0,0.8,3.8461538461538467,1.4142135623730951,0.02,G16_fixed,True,16,20,0.10257698198292167,9.889500828823245,0.07698906943440019,20,0.08269540231883252,10.825186355873196,0.10156365895267765,15.0,0;22.5;45;67.5;90;112.5;135;157.5;180;202.5;225;247.5;270;292.5;315;337.5
val_images_circle,circle,test010.png,9,rot45_padded,45.0,False,321,321,80883.0,0.7849593758583069,inpaint,red_gd,restormer,15.0,fixed15p0,0.8,3.8461538461538467,1.4142135623730951,0.02,vanilla,False,0,20,0.10283316739147905,9.87866787170724,0.08078445244597134,1,0.10251504777734505,9.89212381564258,0.08064514532179197,15.0,none
val_images_circle,circle,test010.png,9,rot45_padded,45.0,False,321,321,80883.0,0.7849593758583069,inpaint,red_gd,restormer,15.0,fixed15p0,0.8,3.8461538461538467,1.4142135623730951,0.02,vanilla,False,0,20,0.10283316739147905,9.87866787170724,0.08078445244597134,2,0.10220938829080277,9.905092108977048,0.08150161006098315,15.0,none
val_images_circle,circle,test010.png,9,rot45_padded,45.0,False,321,321,80883.0,0.7849593758583069,inpaint,red_gd,restormer,15.0,fixed15p0,0.8,3.8461538461538467,1.4142135623730951,0.02,vanilla,False,0,20,0.10283316739147905,9.87866787170724,0.08078445244597134,3,0.10191761363636363,9.917507537360823,0.08139882608211861,15.0,none
val_images_circle,circle,test010.png,9,rot45_padded,45.0,False,321,321,80883.0,0.7849593758583069,inpaint,red_gd,restormer,15.0,fixed15p0,0.8,3.8461538461538467,1.4142135623730951,0.02,vanilla,False,0,20,0.10283316739147905,9.87866787170724,0.08078445244597134,4,0.10163654841329452,9.92950092052531,0.08216846232559685,15.0,none
val_images_circle,circle,test010.png,9,rot45_padded,45.0,False,321,321,80883.0,0.7849593758583069,inpaint,red_gd,restormer,15.0,fixed15p0,0.8,3.8461538461538467,1.4142135623730951,0.02,vanilla,False,0,20,0.10283316739147905,9.87866787170724,0.08078445244597134,5,0.10136644617070337,9.941057792675817,0.08209826544399008,15.0,none
val_images_circle,circle,test010.png,9,rot45_padded,45.0,False,321,321,80883.0,0.7849593758583069,inpaint,red_gd,restormer,15.0,fixed15p0,0.8,3.8461538461538467,1.4142135623730951,0.02,vanilla,False,0,20,0.10283316739147905,9.87866787170724,0.08078445244597134,6,0.10110586409342816,9.952236547990998,0.08279345483986128,15.0,none
val_images_circle,circle,test010.png,9,rot45_padded,45.0,False,321,321,80883.0,0.7849593758583069,inpaint,red_gd,restormer,15.0,fixed15p0,0.8,3.8461538461538467,1.4142135623730951,0.02,vanilla,False,0,20,0.10283316739147905,9.87866787170724,0.08078445244597134,7,0.10085398116530978,9.963069535345134,0.08275174601160008,15.0,none
val_images_circle,circle,test010.png,9,rot45_padded,45.0,False,321,321,80883.0,0.7849593758583069,inpaint,red_gd,restormer,15.0,fixed15p0,0.8,3.8461538461538467,1.4142135623730951,0.02,vanilla,False,0,20,0.10283316739147905,9.87866787170724,0.08078445244597134,8,0.10061070079621182,9.97355825944123,0.08338299273719446,15.0,none
val_images_circle,circle,test010.png,9,rot45_padded,45.0,False,321,321,80883.0,0.7849593758583069,inpaint,red_gd,restormer,15.0,fixed15p0,0.8,3.8461538461538467,1.4142135623730951,0.02,vanilla,False,0,20,0.10283316739147905,9.87866787170724,0.08078445244597134,9,0.10037480353566262,9.983752917601977,0.083365896283057,15.0,none
val_images_circle,circle,test010.png,9,rot45_padded,45.0,False,321,321,80883.0,0.7849593758583069,inpaint,red_gd,restormer,15.0,fixed15p0,0.8,3.8461538461538467,1.4142135623730951,0.02,vanilla,False,0,20,0.10283316739147905,9.87866787170724,0.08078445244597134,10,0.10014673007615939,9.993632264309563,0.08394150709010237,15.0,none
val_images_circle,circle,test010.png,9,rot45_padded,45.0,False,321,321,80883.0,0.7849593758583069,inpaint,red_gd,restormer,15.0,fixed15p0,0.8,3.8461538461538467,1.4142135623730951,0.02,vanilla,False,0,20,0.10283316739147905,9.87866787170724,0.08078445244597134,11,0.09992535152048329,10.00324315290648,0.08394531636360546,15.0,none
val_images_circle,circle,test010.png,9,rot45_padded,45.0,False,321,321,80883.0,0.7849593758583069,inpaint,red_gd,restormer,15.0,fixed15p0,0.8,3.8461538461538467,1.4142135623730951,0.02,vanilla,False,0,20,0.10283316739147905,9.87866787170724,0.08078445244597134,12,0.09971138625777358,10.012552458350807,0.08447153942654823,15.0,none
val_images_circle,circle,test010.png,9,rot45_padded,45.0,False,321,321,80883.0,0.7849593758583069,inpaint,red_gd,restormer,15.0,fixed15p0,0.8,3.8461538461538467,1.4142135623730951,0.02,vanilla,False,0,20,0.10283316739147905,9.87866787170724,0.08078445244597134,13,0.09950397705056996,10.021595606954898,0.08449239082223706,15.0,none
val_images_circle,circle,test010.png,9,rot45_padded,45.0,False,321,321,80883.0,0.7849593758583069,inpaint,red_gd,restormer,15.0,fixed15p0,0.8,3.8461538461538467,1.4142135623730951,0.02,vanilla,False,0,20,0.10283316739147905,9.87866787170724,0.08078445244597134,14,0.09930364307085543,10.030348186088734,0.08497390472580765,15.0,none
val_images_circle,circle,test010.png,9,rot45_padded,45.0,False,321,321,80883.0,0.7849593758583069,inpaint,red_gd,restormer,15.0,fixed15p0,0.8,3.8461538461538467,1.4142135623730951,0.02,vanilla,False,0,20,0.10283316739147905,9.87866787170724,0.08078445244597134,15,0.09910967196637427,10.038839612901088,0.08500841155202576,15.0,none
val_images_circle,circle,test010.png,9,rot45_padded,45.0,False,321,321,80883.0,0.7849593758583069,inpaint,red_gd,restormer,15.0,fixed15p0,0.8,3.8461538461538467,1.4142135623730951,0.02,vanilla,False,0,20,0.10283316739147905,9.87866787170724,0.08078445244597134,16,0.09892217240102988,10.047063547913293,0.08544959907366195,15.0,none
val_images_circle,circle,test010.png,9,rot45_padded,45.0,False,321,321,80883.0,0.7849593758583069,inpaint,red_gd,restormer,15.0,fixed15p0,0.8,3.8461538461538467,1.4142135623730951,0.02,vanilla,False,0,20,0.10283316739147905,9.87866787170724,0.08078445244597134,17,0.0987408123462285,10.055033041366093,0.08549518358114498,15.0,none
val_images_circle,circle,test010.png,9,rot45_padded,45.0,False,321,321,80883.0,0.7849593758583069,inpaint,red_gd,restormer,15.0,fixed15p0,0.8,3.8461538461538467,1.4142135623730951,0.02,vanilla,False,0,20,0.10283316739147905,9.87866787170724,0.08078445244597134,18,0.09856539862169739,10.062755173610325,0.08589985399434986,15.0,none
val_images_circle,circle,test010.png,9,rot45_padded,45.0,False,321,321,80883.0,0.7849593758583069,inpaint,red_gd,restormer,15.0,fixed15p0,0.8,3.8461538461538467,1.4142135623730951,0.02,vanilla,False,0,20,0.10283316739147905,9.87866787170724,0.08078445244597134,19,0.09839588293236835,10.070230728812659,0.08595424027800959,15.0,none
val_images_circle,circle,test010.png,9,rot45_padded,45.0,False,321,321,80883.0,0.7849593758583069,inpaint,red_gd,restormer,15.0,fixed15p0,0.8,3.8461538461538467,1.4142135623730951,0.02,vanilla,False,0,20,0.10283316739147905,9.87866787170724,0.08078445244597134,20,0.09823184873327831,10.077476824104622,0.08632583460639133,15.0,none
val_images_circle,circle,test010.png,9,rot45_padded,45.0,False,321,321,80883.0,0.7849593758583069,inpaint,red_gd,restormer,15.0,fixed15p0,0.8,3.8461538461538467,1.4142135623730951,0.02,G16_fixed,False,16,20,0.10283316739147905,9.87866787170724,0.08078445244597134,1,0.1015258561170147,9.934233396332694,0.08192414964941644,15.0,0;22.5;45;67.5;90;112.5;135;157.5;180;202.5;225;247.5;270;292.5;315;337.5
val_images_circle,circle,test010.png,9,rot45_padded,45.0,False,321,321,80883.0,0.7849593758583069,inpaint,red_gd,restormer,15.0,fixed15p0,0.8,3.8461538461538467,1.4142135623730951,0.02,G16_fixed,False,16,20,0.10283316739147905,9.87866787170724,0.08078445244597134,2,0.10029332371875116,9.987279759387967,0.08340898755764499,15.0,0;22.5;45;67.5;90;112.5;135;157.5;180;202.5;225;247.5;270;292.5;315;337.5
val_images_circle,circle,test010.png,9,rot45_padded,45.0,False,321,321,80883.0,0.7849593758583069,inpaint,red_gd,restormer,15.0,fixed15p0,0.8,3.8461538461538467,1.4142135623730951,0.02,G16_fixed,False,16,20,0.10283316739147905,9.87866787170724,0.08078445244597134,3,0.09911981996757663,10.038394954451391,0.08449842770576017,15.0,0;22.5;45;67.5;90;112.5;135;157.5;180;202.5;225;247.5;270;292.5;315;337.5
val_images_circle,circle,test010.png,9,rot45_padded,45.0,False,321,321,80883.0,0.7849593758583069,inpaint,red_gd,restormer,15.0,fixed15p0,0.8,3.8461538461538467,1.4142135623730951,0.02,G16_fixed,False,16,20,0.10283316739147905,9.87866787170724,0.08078445244597134,4,0.09800776565378386,10.087395115833234,0.08588426676109319,15.0,0;22.5;45;67.5;90;112.5;135;157.5;180;202.5;225;247.5;270;292.5;315;337.5
val_images_circle,circle,test010.png,9,rot45_padded,45.0,False,321,321,80883.0,0.7849593758583069,inpaint,red_gd,restormer,15.0,fixed15p0,0.8,3.8461538461538467,1.4142135623730951,0.02,G16_fixed,False,16,20,0.10283316739147905,9.87866787170724,0.08078445244597134,5,0.09694374078530099,10.134802260918093,0.08693156946221703,15.0,0;22.5;45;67.5;90;112.5;135;157.5;180;202.5;225;247.5;270;292.5;315;337.5
val_images_circle,circle,test010.png,9,rot45_padded,45.0,False,321,321,80883.0,0.7849593758583069,inpaint,red_gd,restormer,15.0,fixed15p0,0.8,3.8461538461538467,1.4142135623730951,0.02,G16_fixed,False,16,20,0.10283316739147905,9.87866787170724,0.08078445244597134,6,0.09593076984077309,10.180420703193711,0.08823429874208734,15.0,0;22.5;45;67.5;90;112.5;135;157.5;180;202.5;225;247.5;270;292.5;315;337.5
val_images_circle,circle,test010.png,9,rot45_padded,45.0,False,321,321,80883.0,0.7849593758583069,inpaint,red_gd,restormer,15.0,fixed15p0,0.8,3.8461538461538467,1.4142135623730951,0.02,G16_fixed,False,16,20,0.10283316739147905,9.87866787170724,0.08078445244597134,7,0.09495743103657443,10.224710432292403,0.08924574839196742,15.0,0;22.5;45;67.5;90;112.5;135;157.5;180;202.5;225;247.5;270;292.5;315;337.5
val_images_circle,circle,test010.png,9,rot45_padded,45.0,False,321,321,80883.0,0.7849593758583069,inpaint,red_gd,restormer,15.0,fixed15p0,0.8,3.8461538461538467,1.4142135623730951,0.02,G16_fixed,False,16,20,0.10283316739147905,9.87866787170724,0.08078445244597134,8,0.0940272197282649,10.267464052668204,0.09047788839280195,15.0,0;22.5;45;67.5;90;112.5;135;157.5;180;202.5;225;247.5;270;292.5;315;337.5
val_images_circle,circle,test010.png,9,rot45_padded,45.0,False,321,321,80883.0,0.7849593758583069,inpaint,red_gd,restormer,15.0,fixed15p0,0.8,3.8461538461538467,1.4142135623730951,0.02,G16_fixed,False,16,20,0.10283316739147905,9.87866787170724,0.08078445244597134,9,0.09313028372193477,10.309090739624738,0.09145801869096411,15.0,0;22.5;45;67.5;90;112.5;135;157.5;180;202.5;225;247.5;270;292.5;315;337.5
val_images_circle,circle,test010.png,9,rot45_padded,45.0,False,321,321,80883.0,0.7849593758583069,inpaint,red_gd,restormer,15.0,fixed15p0,0.8,3.8461538461538467,1.4142135623730951,0.02,G16_fixed,False,16,20,0.10283316739147905,9.87866787170724,0.08078445244597134,10,0.09227045643862122,10.349373310384793,0.09262924653705043,15.0,0;22.5;45;67.5;90;112.5;135;157.5;180;202.5;225;247.5;270;292.5;315;337.5
val_images_circle,circle,test010.png,9,rot45_padded,45.0,False,321,321,80883.0,0.7849593758583069,inpaint,red_gd,restormer,15.0,fixed15p0,0.8,3.8461538461538467,1.4142135623730951,0.02,G16_fixed,False,16,20,0.10283316739147905,9.87866787170724,0.08078445244597134,11,0.09143893610214755,10.388688356273699,0.09358131136371363,15.0,0;22.5;45;67.5;90;112.5;135;157.5;180;202.5;225;247.5;270;292.5;315;337.5
val_images_circle,circle,test010.png,9,rot45_padded,45.0,False,321,321,80883.0,0.7849593758583069,inpaint,red_gd,restormer,15.0,fixed15p0,0.8,3.8461538461538467,1.4142135623730951,0.02,G16_fixed,False,16,20,0.10283316739147905,9.87866787170724,0.08078445244597134,12,0.09063979760889186,10.426810728869318,0.09469954140935054,15.0,0;22.5;45;67.5;90;112.5;135;157.5;180;202.5;225;247.5;270;292.5;315;337.5
val_images_circle,circle,test010.png,9,rot45_padded,45.0,False,321,321,80883.0,0.7849593758583069,inpaint,red_gd,restormer,15.0,fixed15p0,0.8,3.8461538461538467,1.4142135623730951,0.02,G16_fixed,False,16,20,0.10283316739147905,9.87866787170724,0.08078445244597134,13,0.0898650119037684,10.464093638260998,0.09562617284573087,15.0,0;22.5;45;67.5;90;112.5;135;157.5;180;202.5;225;247.5;270;292.5;315;337.5
val_images_circle,circle,test010.png,9,rot45_padded,45.0,False,321,321,80883.0,0.7849593758583069,inpaint,red_gd,restormer,15.0,fixed15p0,0.8,3.8461538461538467,1.4142135623730951,0.02,G16_fixed,False,16,20,0.10283316739147905,9.87866787170724,0.08078445244597134,14,0.0891187866945928,10.500307348210436,0.09669799133084209,15.0,0;22.5;45;67.5;90;112.5;135;157.5;180;202.5;225;247.5;270;292.5;315;337.5
val_images_circle,circle,test010.png,9,rot45_padded,45.0,False,321,321,80883.0,0.7849593758583069,inpaint,red_gd,restormer,15.0,fixed15p0,0.8,3.8461538461538467,1.4142135623730951,0.02,G16_fixed,False,16,20,0.10283316739147905,9.87866787170724,0.08078445244597134,15,0.08839370868839867,10.535786442532554,0.09760152565086297,15.0,0;22.5;45;67.5;90;112.5;135;157.5;180;202.5;225;247.5;270;292.5;315;337.5
val_images_circle,circle,test010.png,9,rot45_padded,45.0,False,321,321,80883.0,0.7849593758583069,inpaint,red_gd,restormer,15.0,fixed15p0,0.8,3.8461538461538467,1.4142135623730951,0.02,G16_fixed,False,16,20,0.10283316739147905,9.87866787170724,0.08078445244597134,16,0.08769398559300162,10.570301912786668,0.0986326313934943,15.0,0;22.5;45;67.5;90;112.5;135;157.5;180;202.5;225;247.5;270;292.5;315;337.5
val_images_circle,circle,test010.png,9,rot45_padded,45.0,False,321,321,80883.0,0.7849593758583069,inpaint,red_gd,restormer,15.0,fixed15p0,0.8,3.8461538461538467,1.4142135623730951,0.02,G16_fixed,False,16,20,0.10283316739147905,9.87866787170724,0.08078445244597134,17,0.08701274139806882,10.604171483731887,0.09951522980145704,15.0,0;22.5;45;67.5;90;112.5;135;157.5;180;202.5;225;247.5;270;292.5;315;337.5
val_images_circle,circle,test010.png,9,rot45_padded,45.0,False,321,321,80883.0,0.7849593758583069,inpaint,red_gd,restormer,15.0,fixed15p0,0.8,3.8461538461538467,1.4142135623730951,0.02,G16_fixed,False,16,20,0.10283316739147905,9.87866787170724,0.08078445244597134,18,0.08635406307374541,10.637172234816546,0.10051069982065143,15.0,0;22.5;45;67.5;90;112.5;135;157.5;180;202.5;225;247.5;270;292.5;315;337.5
val_images_circle,circle,test010.png,9,rot45_padded,45.0,False,321,321,80883.0,0.7849593758583069,inpaint,red_gd,restormer,15.0,fixed15p0,0.8,3.8461538461538467,1.4142135623730951,0.02,G16_fixed,False,16,20,0.10283316739147905,9.87866787170724,0.08078445244597134,19,0.08571157567103099,10.669605210107191,0.10137462011099366,15.0,0;22.5;45;67.5;90;112.5;135;157.5;180;202.5;225;247.5;270;292.5;315;337.5
val_images_circle,circle,test010.png,9,rot45_padded,45.0,False,321,321,80883.0,0.7849593758583069,inpaint,red_gd,restormer,15.0,fixed15p0,0.8,3.8461538461538467,1.4142135623730951,0.02,G16_fixed,False,16,20,0.10283316739147905,9.87866787170724,0.08078445244597134,20,0.08508927560681788,10.701251736202277,0.10233909677018038,15.0,0;22.5;45;67.5;90;112.5;135;157.5;180;202.5;225;247.5;270;292.5;315;337.5
