dataset,eval_mask,file,image_index,input_pose,input_angle_deg,input_rotate_expand,input_pad,input_height,input_width,eval_mask_pixels,eval_mask_fraction,problem,algorithm,denoiser,train_sigma,schedule,rho,step,red_input_sigma,lambda,mode,group_expand,base_group_size,num_iter,init_method,degraded_se,degraded_psnr,degraded_ssim,iteration,se,psnr,ssim,effective_denoiser_sigma,sampled_angles
val_images_circle,circle,test001.png,0,upright,0.0,False,100,521,521,80892.0,0.2980095148086548,inpaint,pnp_hqs,wavelet,15.0,linear25p0_to_10p0,0.1,0.5,0.0,0.15,vanilla,True,0,20,telea,0.07098877303225289,11.488103300932998,0.18423998684202395,1,0.007932858291910433,21.005703036352923,0.43102956720071206,25.0,none
val_images_circle,circle,test001.png,0,upright,0.0,False,100,521,521,80892.0,0.2980095148086548,inpaint,pnp_hqs,wavelet,15.0,linear25p0_to_10p0,0.1,0.5,0.0,0.15,vanilla,True,0,20,telea,0.07098877303225289,11.488103300932998,0.18423998684202395,2,0.00796517013401163,20.98804943343915,0.4313505005130297,24.210526315789476,none
val_images_circle,circle,test001.png,0,upright,0.0,False,100,521,521,80892.0,0.2980095148086548,inpaint,pnp_hqs,wavelet,15.0,linear25p0_to_10p0,0.1,0.5,0.0,0.15,vanilla,True,0,20,telea,0.07098877303225289,11.488103300932998,0.18423998684202395,3,0.007994192240647638,20.97225412236959,0.4326979761595708,23.42105263157895,none
val_images_circle,circle,test001.png,0,upright,0.0,False,100,521,521,80892.0,0.2980095148086548,inpaint,pnp_hqs,wavelet,15.0,linear25p0_to_10p0,0.1,0.5,0.0,0.15,vanilla,True,0,20,telea,0.07098877303225289,11.488103300932998,0.18423998684202395,4,0.00800648800421202,20.96557942699889,0.4346770327257331,22.631578947368418,none
val_images_circle,circle,test001.png,0,upright,0.0,False,100,521,521,80892.0,0.2980095148086548,inpaint,pnp_hqs,wavelet,15.0,linear25p0_to_10p0,0.1,0.5,0.0,0.15,vanilla,True,0,20,telea,0.07098877303225289,11.488103300932998,0.18423998684202395,5,0.008006564211386787,20.965538090275526,0.43698368658210945,21.842105263157894,none
val_images_circle,circle,test001.png,0,upright,0.0,False,100,521,521,80892.0,0.2980095148086548,inpaint,pnp_hqs,wavelet,15.0,linear25p0_to_10p0,0.1,0.5,0.0,0.15,vanilla,True,0,20,telea,0.07098877303225289,11.488103300932998,0.18423998684202395,6,0.008000233734195748,20.968973245094837,0.4393611814209069,21.05263157894737,none
val_images_circle,circle,test001.png,0,upright,0.0,False,100,521,521,80892.0,0.2980095148086548,inpaint,pnp_hqs,wavelet,15.0,linear25p0_to_10p0,0.1,0.5,0.0,0.15,vanilla,True,0,20,telea,0.07098877303225289,11.488103300932998,0.18423998684202395,7,0.007991524989530794,20.973703381650193,0.44166942883721505,20.263157894736842,none
val_images_circle,circle,test001.png,0,upright,0.0,False,100,521,521,80892.0,0.2980095148086548,inpaint,pnp_hqs,wavelet,15.0,linear25p0_to_10p0,0.1,0.5,0.0,0.15,vanilla,True,0,20,telea,0.07098877303225289,11.488103300932998,0.18423998684202395,8,0.007982763428012041,20.978467410072057,0.4438197206614993,19.473684210526315,none
val_images_circle,circle,test001.png,0,upright,0.0,False,100,521,521,80892.0,0.2980095148086548,inpaint,pnp_hqs,wavelet,15.0,linear25p0_to_10p0,0.1,0.5,0.0,0.15,vanilla,True,0,20,telea,0.07098877303225289,11.488103300932998,0.18423998684202395,9,0.007975132147164584,20.982621119938038,0.4457735700069228,18.68421052631579,none
val_images_circle,circle,test001.png,0,upright,0.0,False,100,521,521,80892.0,0.2980095148086548,inpaint,pnp_hqs,wavelet,15.0,linear25p0_to_10p0,0.1,0.5,0.0,0.15,vanilla,True,0,20,telea,0.07098877303225289,11.488103300932998,0.18423998684202395,10,0.007969164597211791,20.985872030501916,0.44751731088982843,17.894736842105267,none
val_images_circle,circle,test001.png,0,upright,0.0,False,100,521,521,80892.0,0.2980095148086548,inpaint,pnp_hqs,wavelet,15.0,linear25p0_to_10p0,0.1,0.5,0.0,0.15,vanilla,True,0,20,telea,0.07098877303225289,11.488103300932998,0.18423998684202395,11,0.007965053936933272,20.98811278942174,0.4490538889816051,17.105263157894736,none
val_images_circle,circle,test001.png,0,upright,0.0,False,100,521,521,80892.0,0.2980095148086548,inpaint,pnp_hqs,wavelet,15.0,linear25p0_to_10p0,0.1,0.5,0.0,0.15,vanilla,True,0,20,telea,0.07098877303225289,11.488103300932998,0.18423998684202395,12,0.007962743576842813,20.989372695751747,0.45040402056136575,16.31578947368421,none
val_images_circle,circle,test001.png,0,upright,0.0,False,100,521,521,80892.0,0.2980095148086548,inpaint,pnp_hqs,wavelet,15.0,linear25p0_to_10p0,0.1,0.5,0.0,0.15,vanilla,True,0,20,telea,0.07098877303225289,11.488103300932998,0.18423998684202395,13,0.007898387749541828,21.02461549587471,0.4524320428781585,15.526315789473685,none
val_images_circle,circle,test001.png,0,upright,0.0,False,100,521,521,80892.0,0.2980095148086548,inpaint,pnp_hqs,wavelet,15.0,linear25p0_to_10p0,0.1,0.5,0.0,0.15,vanilla,True,0,20,telea,0.07098877303225289,11.488103300932998,0.18423998684202395,14,0.007413338136467836,21.299861904282395,0.46586048952615833,14.736842105263158,none
val_images_circle,circle,test001.png,0,upright,0.0,False,100,521,521,80892.0,0.2980095148086548,inpaint,pnp_hqs,wavelet,15.0,linear25p0_to_10p0,0.1,0.5,0.0,0.15,vanilla,True,0,20,telea,0.07098877303225289,11.488103300932998,0.18423998684202395,15,0.006919127062839187,21.599486939400492,0.48924091110678436,13.947368421052634,none
val_images_circle,circle,test001.png,0,upright,0.0,False,100,521,521,80892.0,0.2980095148086548,inpaint,pnp_hqs,wavelet,15.0,linear25p0_to_10p0,0.1,0.5,0.0,0.15,vanilla,True,0,20,telea,0.07098877303225289,11.488103300932998,0.18423998684202395,16,0.006452256256316292,21.90288392601413,0.5137817340559017,13.157894736842106,none
val_images_circle,circle,test001.png,0,upright,0.0,False,100,521,521,80892.0,0.2980095148086548,inpaint,pnp_hqs,wavelet,15.0,linear25p0_to_10p0,0.1,0.5,0.0,0.15,vanilla,True,0,20,telea,0.07098877303225289,11.488103300932998,0.18423998684202395,17,0.005992865825344286,22.223654456415602,0.5423673018499975,12.368421052631579,none
val_images_circle,circle,test001.png,0,upright,0.0,False,100,521,521,80892.0,0.2980095148086548,inpaint,pnp_hqs,wavelet,15.0,linear25p0_to_10p0,0.1,0.5,0.0,0.15,vanilla,True,0,20,telea,0.07098877303225289,11.488103300932998,0.18423998684202395,18,0.005674561283292847,22.460677093965394,0.5676443011978934,11.578947368421053,none
val_images_circle,circle,test001.png,0,upright,0.0,False,100,521,521,80892.0,0.2980095148086548,inpaint,pnp_hqs,wavelet,15.0,linear25p0_to_10p0,0.1,0.5,0.0,0.15,vanilla,True,0,20,telea,0.07098877303225289,11.488103300932998,0.18423998684202395,19,0.0053471330070108914,22.71879012927441,0.5877947699556199,10.789473684210527,none
val_images_circle,circle,test001.png,0,upright,0.0,False,100,521,521,80892.0,0.2980095148086548,inpaint,pnp_hqs,wavelet,15.0,linear25p0_to_10p0,0.1,0.5,0.0,0.15,vanilla,True,0,20,telea,0.07098877303225289,11.488103300932998,0.18423998684202395,20,0.00487366688450148,23.121441581974253,0.6173955320056371,10.0,none
val_images_circle,circle,test001.png,0,upright,0.0,False,100,521,521,80892.0,0.2980095148086548,inpaint,pnp_hqs,wavelet,15.0,linear25p0_to_10p0,0.1,0.5,0.0,0.15,G16_fixed,True,16,20,telea,0.07098877303225289,11.488103300932998,0.18423998684202395,1,0.00947898491632748,20.23238167813978,0.34205833955304604,25.0,0;22.5;45;67.5;90;112.5;135;157.5;180;202.5;225;247.5;270;292.5;315;337.5
val_images_circle,circle,test001.png,0,upright,0.0,False,100,521,521,80892.0,0.2980095148086548,inpaint,pnp_hqs,wavelet,15.0,linear25p0_to_10p0,0.1,0.5,0.0,0.15,G16_fixed,True,16,20,telea,0.07098877303225289,11.488103300932998,0.18423998684202395,2,0.01047836656074805,19.79706412862152,0.31307691698499235,24.210526315789476,0;22.5;45;67.5;90;112.5;135;157.5;180;202.5;225;247.5;270;292.5;315;337.5
val_images_circle,circle,test001.png,0,upright,0.0,False,100,521,521,80892.0,0.2980095148086548,inpaint,pnp_hqs,wavelet,15.0,linear25p0_to_10p0,0.1,0.5,0.0,0.15,G16_fixed,True,16,20,telea,0.07098877303225289,11.488103300932998,0.18423998684202395,3,0.010796019946444796,19.667363217236254,0.3067674095939648,23.42105263157895,0;22.5;45;67.5;90;112.5;135;157.5;180;202.5;225;247.5;270;292.5;315;337.5
val_images_circle,circle,test001.png,0,upright,0.0,False,100,521,521,80892.0,0.2980095148086548,inpaint,pnp_hqs,wavelet,15.0,linear25p0_to_10p0,0.1,0.5,0.0,0.15,G16_fixed,True,16,20,telea,0.07098877303225289,11.488103300932998,0.18423998684202395,4,0.0109101616946631,19.621688128782427,0.3051904130275553,22.631578947368418,0;22.5;45;67.5;90;112.5;135;157.5;180;202.5;225;247.5;270;292.5;315;337.5
val_images_circle,circle,test001.png,0,upright,0.0,False,100,521,521,80892.0,0.2980095148086548,inpaint,pnp_hqs,wavelet,15.0,linear25p0_to_10p0,0.1,0.5,0.0,0.15,G16_fixed,True,16,20,telea,0.07098877303225289,11.488103300932998,0.18423998684202395,5,0.010946366893415759,19.607299995412614,0.3050442884107823,21.842105263157894,0;22.5;45;67.5;90;112.5;135;157.5;180;202.5;225;247.5;270;292.5;315;337.5
val_images_circle,circle,test001.png,0,upright,0.0,False,100,521,521,80892.0,0.2980095148086548,inpaint,pnp_hqs,wavelet,15.0,linear25p0_to_10p0,0.1,0.5,0.0,0.15,G16_fixed,True,16,20,telea,0.07098877303225289,11.488103300932998,0.18423998684202395,6,0.010950183288365969,19.60578611375485,0.3053858172779756,21.05263157894737,0;22.5;45;67.5;90;112.5;135;157.5;180;202.5;225;247.5;270;292.5;315;337.5
val_images_circle,circle,test001.png,0,upright,0.0,False,100,521,521,80892.0,0.2980095148086548,inpaint,pnp_hqs,wavelet,15.0,linear25p0_to_10p0,0.1,0.5,0.0,0.15,G16_fixed,True,16,20,telea,0.07098877303225289,11.488103300932998,0.18423998684202395,7,0.010940345017556202,19.609689817632727,0.3058902755757677,20.263157894736842,0;22.5;45;67.5;90;112.5;135;157.5;180;202.5;225;247.5;270;292.5;315;337.5
val_images_circle,circle,test001.png,0,upright,0.0,False,100,521,521,80892.0,0.2980095148086548,inpaint,pnp_hqs,wavelet,15.0,linear25p0_to_10p0,0.1,0.5,0.0,0.15,G16_fixed,True,16,20,telea,0.07098877303225289,11.488103300932998,0.18423998684202395,8,0.010904252243249486,19.624041107148102,0.30690897083456953,19.473684210526315,0;22.5;45;67.5;90;112.5;135;157.5;180;202.5;225;247.5;270;292.5;315;337.5
val_images_circle,circle,test001.png,0,upright,0.0,False,100,521,521,80892.0,0.2980095148086548,inpaint,pnp_hqs,wavelet,15.0,linear25p0_to_10p0,0.1,0.5,0.0,0.15,G16_fixed,True,16,20,telea,0.07098877303225289,11.488103300932998,0.18423998684202395,9,0.010807339352740383,19.66281211379499,0.3094902723307002,18.68421052631579,0;22.5;45;67.5;90;112.5;135;157.5;180;202.5;225;247.5;270;292.5;315;337.5
val_images_circle,circle,test001.png,0,upright,0.0,False,100,521,521,80892.0,0.2980095148086548,inpaint,pnp_hqs,wavelet,15.0,linear25p0_to_10p0,0.1,0.5,0.0,0.15,G16_fixed,True,16,20,telea,0.07098877303225289,11.488103300932998,0.18423998684202395,10,0.010730811504218202,19.693674338143317,0.31190193212864065,17.894736842105267,0;22.5;45;67.5;90;112.5;135;157.5;180;202.5;225;247.5;270;292.5;315;337.5
val_images_circle,circle,test001.png,0,upright,0.0,False,100,521,521,80892.0,0.2980095148086548,inpaint,pnp_hqs,wavelet,15.0,linear25p0_to_10p0,0.1,0.5,0.0,0.15,G16_fixed,True,16,20,telea,0.07098877303225289,11.488103300932998,0.18423998684202395,11,0.010525750823870484,19.7774691525157,0.3168304749697127,17.105263157894736,0;22.5;45;67.5;90;112.5;135;157.5;180;202.5;225;247.5;270;292.5;315;337.5
val_images_circle,circle,test001.png,0,upright,0.0,False,100,521,521,80892.0,0.2980095148086548,inpaint,pnp_hqs,wavelet,15.0,linear25p0_to_10p0,0.1,0.5,0.0,0.15,G16_fixed,True,16,20,telea,0.07098877303225289,11.488103300932998,0.18423998684202395,12,0.010138189050485524,19.94039614590507,0.326708349365512,16.31578947368421,0;22.5;45;67.5;90;112.5;135;157.5;180;202.5;225;247.5;270;292.5;315;337.5
val_images_circle,circle,test001.png,0,upright,0.0,False,100,521,521,80892.0,0.2980095148086548,inpaint,pnp_hqs,wavelet,15.0,linear25p0_to_10p0,0.1,0.5,0.0,0.15,G16_fixed,True,16,20,telea,0.07098877303225289,11.488103300932998,0.18423998684202395,13,0.009537094018877021,20.205839359690856,0.34566393791258715,15.526315789473685,0;22.5;45;67.5;90;112.5;135;157.5;180;202.5;225;247.5;270;292.5;315;337.5
val_images_circle,circle,test001.png,0,upright,0.0,False,100,521,521,80892.0,0.2980095148086548,inpaint,pnp_hqs,wavelet,15.0,linear25p0_to_10p0,0.1,0.5,0.0,0.15,G16_fixed,True,16,20,telea,0.07098877303225289,11.488103300932998,0.18423998684202395,14,0.008895802343421631,20.508148752803343,0.36831530582443256,14.736842105263158,0;22.5;45;67.5;90;112.5;135;157.5;180;202.5;225;247.5;270;292.5;315;337.5
val_images_circle,circle,test001.png,0,upright,0.0,False,100,521,521,80892.0,0.2980095148086548,inpaint,pnp_hqs,wavelet,15.0,linear25p0_to_10p0,0.1,0.5,0.0,0.15,G16_fixed,True,16,20,telea,0.07098877303225289,11.488103300932998,0.18423998684202395,15,0.008329474383089489,20.793824031221497,0.39104174006700293,13.947368421052634,0;22.5;45;67.5;90;112.5;135;157.5;180;202.5;225;247.5;270;292.5;315;337.5
val_images_circle,circle,test001.png,0,upright,0.0,False,100,521,521,80892.0,0.2980095148086548,inpaint,pnp_hqs,wavelet,15.0,linear25p0_to_10p0,0.1,0.5,0.0,0.15,G16_fixed,True,16,20,telea,0.07098877303225289,11.488103300932998,0.18423998684202395,16,0.007805001515813523,21.07627008256992,0.4164473831621174,13.157894736842106,0;22.5;45;67.5;90;112.5;135;157.5;180;202.5;225;247.5;270;292.5;315;337.5
val_images_circle,circle,test001.png,0,upright,0.0,False,100,521,521,80892.0,0.2980095148086548,inpaint,pnp_hqs,wavelet,15.0,linear25p0_to_10p0,0.1,0.5,0.0,0.15,G16_fixed,True,16,20,telea,0.07098877303225289,11.488103300932998,0.18423998684202395,17,0.007502800077958884,21.24776625747095,0.43352146032673194,12.368421052631579,0;22.5;45;67.5;90;112.5;135;157.5;180;202.5;225;247.5;270;292.5;315;337.5
val_images_circle,circle,test001.png,0,upright,0.0,False,100,521,521,80892.0,0.2980095148086548,inpaint,pnp_hqs,wavelet,15.0,linear25p0_to_10p0,0.1,0.5,0.0,0.15,G16_fixed,True,16,20,telea,0.07098877303225289,11.488103300932998,0.18423998684202395,18,0.0073343761855120095,21.34636818522928,0.44392137046926766,11.578947368421053,0;22.5;45;67.5;90;112.5;135;157.5;180;202.5;225;247.5;270;292.5;315;337.5
val_images_circle,circle,test001.png,0,upright,0.0,False,100,521,521,80892.0,0.2980095148086548,inpaint,pnp_hqs,wavelet,15.0,linear25p0_to_10p0,0.1,0.5,0.0,0.15,G16_fixed,True,16,20,telea,0.07098877303225289,11.488103300932998,0.18423998684202395,19,0.007231873008291534,21.407492086779452,0.4507548934845226,10.789473684210527,0;22.5;45;67.5;90;112.5;135;157.5;180;202.5;225;247.5;270;292.5;315;337.5
val_images_circle,circle,test001.png,0,upright,0.0,False,100,521,521,80892.0,0.2980095148086548,inpaint,pnp_hqs,wavelet,15.0,linear25p0_to_10p0,0.1,0.5,0.0,0.15,G16_fixed,True,16,20,telea,0.07098877303225289,11.488103300932998,0.18423998684202395,20,0.007163791329218279,21.448570730029203,0.45561607220120653,10.0,0;22.5;45;67.5;90;112.5;135;157.5;180;202.5;225;247.5;270;292.5;315;337.5
val_images_circle,circle,test001.png,0,rot30_padded,30.0,False,100,521,521,80896.0,0.2980242371559143,inpaint,pnp_hqs,wavelet,15.0,linear25p0_to_10p0,0.1,0.5,0.0,0.15,vanilla,False,0,20,telea,0.07113568390472026,11.479124887879628,0.18323561511462247,1,0.008045600184911414,20.94441552898367,0.42817475524129744,25.0,none
val_images_circle,circle,test001.png,0,rot30_padded,30.0,False,100,521,521,80896.0,0.2980242371559143,inpaint,pnp_hqs,wavelet,15.0,linear25p0_to_10p0,0.1,0.5,0.0,0.15,vanilla,False,0,20,telea,0.07113568390472026,11.479124887879628,0.18323561511462247,2,0.00813322957557968,20.89736968754781,0.4265622971933099,24.210526315789476,none
val_images_circle,circle,test001.png,0,rot30_padded,30.0,False,100,521,521,80896.0,0.2980242371559143,inpaint,pnp_hqs,wavelet,15.0,linear25p0_to_10p0,0.1,0.5,0.0,0.15,vanilla,False,0,20,telea,0.07113568390472026,11.479124887879628,0.18323561511462247,3,0.008165436454966098,20.88020596607972,0.42728472359572783,23.42105263157895,none
val_images_circle,circle,test001.png,0,rot30_padded,30.0,False,100,521,521,80896.0,0.2980242371559143,inpaint,pnp_hqs,wavelet,15.0,linear25p0_to_10p0,0.1,0.5,0.0,0.15,vanilla,False,0,20,telea,0.07113568390472026,11.479124887879628,0.18323561511462247,4,0.008178325393531896,20.873356140306424,0.42894744873046875,22.631578947368418,none
val_images_circle,circle,test001.png,0,rot30_padded,30.0,False,100,521,521,80896.0,0.2980242371559143,inpaint,pnp_hqs,wavelet,15.0,linear25p0_to_10p0,0.1,0.5,0.0,0.15,vanilla,False,0,20,telea,0.07113568390472026,11.479124887879628,0.18323561511462247,5,0.008177419252033476,20.873837356248004,0.4311455835269976,21.842105263157894,none
val_images_circle,circle,test001.png,0,rot30_padded,30.0,False,100,521,521,80896.0,0.2980242371559143,inpaint,pnp_hqs,wavelet,15.0,linear25p0_to_10p0,0.1,0.5,0.0,0.15,vanilla,False,0,20,telea,0.07113568390472026,11.479124887879628,0.18323561511462247,6,0.008168818075445634,20.87840775835325,0.43356173551535304,21.05263157894737,none
val_images_circle,circle,test001.png,0,rot30_padded,30.0,False,100,521,521,80896.0,0.2980242371559143,inpaint,pnp_hqs,wavelet,15.0,linear25p0_to_10p0,0.1,0.5,0.0,0.15,vanilla,False,0,20,telea,0.07113568390472026,11.479124887879628,0.18323561511462247,7,0.008157033709031118,20.884677429624272,0.4359837302678748,20.263157894736842,none
val_images_circle,circle,test001.png,0,rot30_padded,30.0,False,100,521,521,80896.0,0.2980242371559143,inpaint,pnp_hqs,wavelet,15.0,linear25p0_to_10p0,0.1,0.5,0.0,0.15,vanilla,False,0,20,telea,0.07113568390472026,11.479124887879628,0.18323561511462247,8,0.00814481098440629,20.89118989855391,0.4382826889617534,19.473684210526315,none
val_images_circle,circle,test001.png,0,rot30_padded,30.0,False,100,521,521,80896.0,0.2980242371559143,inpaint,pnp_hqs,wavelet,15.0,linear25p0_to_10p0,0.1,0.5,0.0,0.15,vanilla,False,0,20,telea,0.07113568390472026,11.479124887879628,0.18323561511462247,9,0.008133659634409072,20.89714005276745,0.44039525864999507,18.68421052631579,none
val_images_circle,circle,test001.png,0,rot30_padded,30.0,False,100,521,521,80896.0,0.2980242371559143,inpaint,pnp_hqs,wavelet,15.0,linear25p0_to_10p0,0.1,0.5,0.0,0.15,vanilla,False,0,20,telea,0.07113568390472026,11.479124887879628,0.18323561511462247,10,0.008124280579482453,20.902150862499035,0.4422931912579114,17.894736842105267,none
val_images_circle,circle,test001.png,0,rot30_padded,30.0,False,100,521,521,80896.0,0.2980242371559143,inpaint,pnp_hqs,wavelet,15.0,linear25p0_to_10p0,0.1,0.5,0.0,0.15,vanilla,False,0,20,telea,0.07113568390472026,11.479124887879628,0.18323561511462247,11,0.008116988441612146,20.906050724568985,0.44397532789013056,17.105263157894736,none
val_images_circle,circle,test001.png,0,rot30_padded,30.0,False,100,521,521,80896.0,0.2980242371559143,inpaint,pnp_hqs,wavelet,15.0,linear25p0_to_10p0,0.1,0.5,0.0,0.15,vanilla,False,0,20,telea,0.07113568390472026,11.479124887879628,0.18323561511462247,12,0.00809474610075166,20.91796768747767,0.4457232801220085,16.31578947368421,none
val_images_circle,circle,test001.png,0,rot30_padded,30.0,False,100,521,521,80896.0,0.2980242371559143,inpaint,pnp_hqs,wavelet,15.0,linear25p0_to_10p0,0.1,0.5,0.0,0.15,vanilla,False,0,20,telea,0.07113568390472026,11.479124887879628,0.18323561511462247,13,0.007971307899378523,20.98470415507053,0.45128713680219046,15.526315789473685,none
val_images_circle,circle,test001.png,0,rot30_padded,30.0,False,100,521,521,80896.0,0.2980242371559143,inpaint,pnp_hqs,wavelet,15.0,linear25p0_to_10p0,0.1,0.5,0.0,0.15,vanilla,False,0,20,telea,0.07113568390472026,11.479124887879628,0.18323561511462247,14,0.007816003847725784,21.0701523549122,0.46073609364183643,14.736842105263158,none
val_images_circle,circle,test001.png,0,rot30_padded,30.0,False,100,521,521,80896.0,0.2980242371559143,inpaint,pnp_hqs,wavelet,15.0,linear25p0_to_10p0,0.1,0.5,0.0,0.15,vanilla,False,0,20,telea,0.07113568390472026,11.479124887879628,0.18323561511462247,15,0.007332843315752247,21.34727594675901,0.47630908821202533,13.947368421052634,none
val_images_circle,circle,test001.png,0,rot30_padded,30.0,False,100,521,521,80896.0,0.2980242371559143,inpaint,pnp_hqs,wavelet,15.0,linear25p0_to_10p0,0.1,0.5,0.0,0.15,vanilla,False,0,20,telea,0.07113568390472026,11.479124887879628,0.18323561511462247,16,0.006643505790565587,21.776026821227067,0.5081067628498319,13.157894736842106,none
val_images_circle,circle,test001.png,0,rot30_padded,30.0,False,100,521,521,80896.0,0.2980242371559143,inpaint,pnp_hqs,wavelet,15.0,linear25p0_to_10p0,0.1,0.5,0.0,0.15,vanilla,False,0,20,telea,0.07113568390472026,11.479124887879628,0.18323561511462247,17,0.006141892339609847,22.116978005147594,0.5414557155174545,12.368421052631579,none
val_images_circle,circle,test001.png,0,rot30_padded,30.0,False,100,521,521,80896.0,0.2980242371559143,inpaint,pnp_hqs,wavelet,15.0,linear25p0_to_10p0,0.1,0.5,0.0,0.15,vanilla,False,0,20,telea,0.07113568390472026,11.479124887879628,0.18323561511462247,18,0.005841770504094377,22.334555084311386,0.565681698956067,11.578947368421053,none
val_images_circle,circle,test001.png,0,rot30_padded,30.0,False,100,521,521,80896.0,0.2980242371559143,inpaint,pnp_hqs,wavelet,15.0,linear25p0_to_10p0,0.1,0.5,0.0,0.15,vanilla,False,0,20,telea,0.07113568390472026,11.479124887879628,0.18323561511462247,19,0.005558042209359664,22.550781593898126,0.5853568934187104,10.789473684210527,none
val_images_circle,circle,test001.png,0,rot30_padded,30.0,False,100,521,521,80896.0,0.2980242371559143,inpaint,pnp_hqs,wavelet,15.0,linear25p0_to_10p0,0.1,0.5,0.0,0.15,vanilla,False,0,20,telea,0.07113568390472026,11.479124887879628,0.18323561511462247,20,0.005141772424118428,22.888871492288985,0.613144065760359,10.0,none
val_images_circle,circle,test001.png,0,rot30_padded,30.0,False,100,521,521,80896.0,0.2980242371559143,inpaint,pnp_hqs,wavelet,15.0,linear25p0_to_10p0,0.1,0.5,0.0,0.15,G16_fixed,False,16,20,telea,0.07113568390472026,11.479124887879628,0.18323561511462247,1,0.006726556186434589,21.722072258240996,0.4718346414686758,25.0,0;22.5;45;67.5;90;112.5;135;157.5;180;202.5;225;247.5;270;292.5;315;337.5
val_images_circle,circle,test001.png,0,rot30_padded,30.0,False,100,521,521,80896.0,0.2980242371559143,inpaint,pnp_hqs,wavelet,15.0,linear25p0_to_10p0,0.1,0.5,0.0,0.15,G16_fixed,False,16,20,telea,0.07113568390472026,11.479124887879628,0.18323561511462247,2,0.007091223439083824,21.49278830119423,0.4488882233824911,24.210526315789476,0;22.5;45;67.5;90;112.5;135;157.5;180;202.5;225;247.5;270;292.5;315;337.5
val_images_circle,circle,test001.png,0,rot30_padded,30.0,False,100,521,521,80896.0,0.2980242371559143,inpaint,pnp_hqs,wavelet,15.0,linear25p0_to_10p0,0.1,0.5,0.0,0.15,G16_fixed,False,16,20,telea,0.07113568390472026,11.479124887879628,0.18323561511462247,3,0.007209944574138786,21.420680738711674,0.4426519659501088,23.42105263157895,0;22.5;45;67.5;90;112.5;135;157.5;180;202.5;225;247.5;270;292.5;315;337.5
val_images_circle,circle,test001.png,0,rot30_padded,30.0,False,100,521,521,80896.0,0.2980242371559143,inpaint,pnp_hqs,wavelet,15.0,linear25p0_to_10p0,0.1,0.5,0.0,0.15,G16_fixed,False,16,20,telea,0.07113568390472026,11.479124887879628,0.18323561511462247,4,0.007242069214205199,21.401373288418814,0.4418586054934731,22.631578947368418,0;22.5;45;67.5;90;112.5;135;157.5;180;202.5;225;247.5;270;292.5;315;337.5
val_images_circle,circle,test001.png,0,rot30_padded,30.0,False,100,521,521,80896.0,0.2980242371559143,inpaint,pnp_hqs,wavelet,15.0,linear25p0_to_10p0,0.1,0.5,0.0,0.15,G16_fixed,False,16,20,telea,0.07113568390472026,11.479124887879628,0.18323561511462247,5,0.007235846941984153,21.40510628234933,0.44322330136842364,21.842105263157894,0;22.5;45;67.5;90;112.5;135;157.5;180;202.5;225;247.5;270;292.5;315;337.5
val_images_circle,circle,test001.png,0,rot30_padded,30.0,False,100,521,521,80896.0,0.2980242371559143,inpaint,pnp_hqs,wavelet,15.0,linear25p0_to_10p0,0.1,0.5,0.0,0.15,G16_fixed,False,16,20,telea,0.07113568390472026,11.479124887879628,0.18323561511462247,6,0.007212337813799894,21.41923939848511,0.4454443243485463,21.05263157894737,0;22.5;45;67.5;90;112.5;135;157.5;180;202.5;225;247.5;270;292.5;315;337.5
val_images_circle,circle,test001.png,0,rot30_padded,30.0,False,100,521,521,80896.0,0.2980242371559143,inpaint,pnp_hqs,wavelet,15.0,linear25p0_to_10p0,0.1,0.5,0.0,0.15,G16_fixed,False,16,20,telea,0.07113568390472026,11.479124887879628,0.18323561511462247,7,0.007162398929837384,21.449414934048132,0.44853876814057553,20.263157894736842,0;22.5;45;67.5;90;112.5;135;157.5;180;202.5;225;247.5;270;292.5;315;337.5
val_images_circle,circle,test001.png,0,rot30_padded,30.0,False,100,521,521,80896.0,0.2980242371559143,inpaint,pnp_hqs,wavelet,15.0,linear25p0_to_10p0,0.1,0.5,0.0,0.15,G16_fixed,False,16,20,telea,0.07113568390472026,11.479124887879628,0.18323561511462247,8,0.007090913344033157,21.49297821978189,0.4525097231321697,19.473684210526315,0;22.5;45;67.5;90;112.5;135;157.5;180;202.5;225;247.5;270;292.5;315;337.5
val_images_circle,circle,test001.png,0,rot30_padded,30.0,False,100,521,521,80896.0,0.2980242371559143,inpaint,pnp_hqs,wavelet,15.0,linear25p0_to_10p0,0.1,0.5,0.0,0.15,G16_fixed,False,16,20,telea,0.07113568390472026,11.479124887879628,0.18323561511462247,9,0.006957162784624703,21.575678348431325,0.4582968120333515,18.68421052631579,0;22.5;45;67.5;90;112.5;135;157.5;180;202.5;225;247.5;270;292.5;315;337.5
val_images_circle,circle,test001.png,0,rot30_padded,30.0,False,100,521,521,80896.0,0.2980242371559143,inpaint,pnp_hqs,wavelet,15.0,linear25p0_to_10p0,0.1,0.5,0.0,0.15,G16_fixed,False,16,20,telea,0.07113568390472026,11.479124887879628,0.18323561511462247,10,0.006700070598457433,21.739206211261948,0.46820676779445214,17.894736842105267,0;22.5;45;67.5;90;112.5;135;157.5;180;202.5;225;247.5;270;292.5;315;337.5
val_images_circle,circle,test001.png,0,rot30_padded,30.0,False,100,521,521,80896.0,0.2980242371559143,inpaint,pnp_hqs,wavelet,15.0,linear25p0_to_10p0,0.1,0.5,0.0,0.15,G16_fixed,False,16,20,telea,0.07113568390472026,11.479124887879628,0.18323561511462247,11,0.006318670284898975,21.993743060040934,0.48422994492929194,17.105263157894736,0;22.5;45;67.5;90;112.5;135;157.5;180;202.5;225;247.5;270;292.5;315;337.5
val_images_circle,circle,test001.png,0,rot30_padded,30.0,False,100,521,521,80896.0,0.2980242371559143,inpaint,pnp_hqs,wavelet,15.0,linear25p0_to_10p0,0.1,0.5,0.0,0.15,G16_fixed,False,16,20,telea,0.07113568390472026,11.479124887879628,0.18323561511462247,12,0.005836321206032475,22.338608144193156,0.5068291289896905,16.31578947368421,0;22.5;45;67.5;90;112.5;135;157.5;180;202.5;225;247.5;270;292.5;315;337.5
val_images_circle,circle,test001.png,0,rot30_padded,30.0,False,100,521,521,80896.0,0.2980242371559143,inpaint,pnp_hqs,wavelet,15.0,linear25p0_to_10p0,0.1,0.5,0.0,0.15,G16_fixed,False,16,20,telea,0.07113568390472026,11.479124887879628,0.18323561511462247,13,0.005395948886871338,22.679321728353568,0.5339518196975128,15.526315789473685,0;22.5;45;67.5;90;112.5;135;157.5;180;202.5;225;247.5;270;292.5;315;337.5
val_images_circle,circle,test001.png,0,rot30_padded,30.0,False,100,521,521,80896.0,0.2980242371559143,inpaint,pnp_hqs,wavelet,15.0,linear25p0_to_10p0,0.1,0.5,0.0,0.15,G16_fixed,False,16,20,telea,0.07113568390472026,11.479124887879628,0.18323561511462247,14,0.00507357414764694,22.94685988255114,0.5580979842173902,14.736842105263158,0;22.5;45;67.5;90;112.5;135;157.5;180;202.5;225;247.5;270;292.5;315;337.5
val_images_circle,circle,test001.png,0,rot30_padded,30.0,False,100,521,521,80896.0,0.2980242371559143,inpaint,pnp_hqs,wavelet,15.0,linear25p0_to_10p0,0.1,0.5,0.0,0.15,G16_fixed,False,16,20,telea,0.07113568390472026,11.479124887879628,0.18323561511462247,15,0.004843516063086594,23.148392556260728,0.5777021963385087,13.947368421052634,0;22.5;45;67.5;90;112.5;135;157.5;180;202.5;225;247.5;270;292.5;315;337.5
val_images_circle,circle,test001.png,0,rot30_padded,30.0,False,100,521,521,80896.0,0.2980242371559143,inpaint,pnp_hqs,wavelet,15.0,linear25p0_to_10p0,0.1,0.5,0.0,0.15,G16_fixed,False,16,20,telea,0.07113568390472026,11.479124887879628,0.18323561511462247,16,0.00467108774788772,23.30581974273876,0.5934864478775218,13.157894736842106,0;22.5;45;67.5;90;112.5;135;157.5;180;202.5;225;247.5;270;292.5;315;337.5
val_images_circle,circle,test001.png,0,rot30_padded,30.0,False,100,521,521,80896.0,0.2980242371559143,inpaint,pnp_hqs,wavelet,15.0,linear25p0_to_10p0,0.1,0.5,0.0,0.15,G16_fixed,False,16,20,telea,0.07113568390472026,11.479124887879628,0.18323561511462247,17,0.004484320743174492,23.48303331846683,0.6085609725758999,12.368421052631579,0;22.5;45;67.5;90;112.5;135;157.5;180;202.5;225;247.5;270;292.5;315;337.5
val_images_circle,circle,test001.png,0,rot30_padded,30.0,False,100,521,521,80896.0,0.2980242371559143,inpaint,pnp_hqs,wavelet,15.0,linear25p0_to_10p0,0.1,0.5,0.0,0.15,G16_fixed,False,16,20,telea,0.07113568390472026,11.479124887879628,0.18323561511462247,18,0.004079181936722767,23.894269241625175,0.6323416021805776,11.578947368421053,0;22.5;45;67.5;90;112.5;135;157.5;180;202.5;225;247.5;270;292.5;315;337.5
val_images_circle,circle,test001.png,0,rot30_padded,30.0,False,100,521,521,80896.0,0.2980242371559143,inpaint,pnp_hqs,wavelet,15.0,linear25p0_to_10p0,0.1,0.5,0.0,0.15,G16_fixed,False,16,20,telea,0.07113568390472026,11.479124887879628,0.18323561511462247,19,0.003655741863612887,24.37024477918081,0.6670934942704213,10.789473684210527,0;22.5;45;67.5;90;112.5;135;157.5;180;202.5;225;247.5;270;292.5;315;337.5
val_images_circle,circle,test001.png,0,rot30_padded,30.0,False,100,521,521,80896.0,0.2980242371559143,inpaint,pnp_hqs,wavelet,15.0,linear25p0_to_10p0,0.1,0.5,0.0,0.15,G16_fixed,False,16,20,telea,0.07113568390472026,11.479124887879628,0.18323561511462247,20,0.0034069313278681113,24.67636620241489,0.6937683684916436,10.0,0;22.5;45;67.5;90;112.5;135;157.5;180;202.5;225;247.5;270;292.5;315;337.5
val_images_circle,circle,test001.png,0,rot45_padded,45.0,False,100,521,521,80887.0,0.2979910969734192,inpaint,pnp_hqs,wavelet,15.0,linear25p0_to_10p0,0.1,0.5,0.0,0.15,vanilla,False,0,20,telea,0.07211759586290133,11.419587594992585,0.1815891208568744,1,0.00787920124583524,21.03517806889731,0.43328192416581157,25.0,none
val_images_circle,circle,test001.png,0,rot45_padded,45.0,False,100,521,521,80887.0,0.2979910969734192,inpaint,pnp_hqs,wavelet,15.0,linear25p0_to_10p0,0.1,0.5,0.0,0.15,vanilla,False,0,20,telea,0.07211759586290133,11.419587594992585,0.1815891208568744,2,0.008117719546491169,20.90565956900881,0.4259360280391163,24.210526315789476,none
val_images_circle,circle,test001.png,0,rot45_padded,45.0,False,100,521,521,80887.0,0.2979910969734192,inpaint,pnp_hqs,wavelet,15.0,linear25p0_to_10p0,0.1,0.5,0.0,0.15,vanilla,False,0,20,telea,0.07211759586290133,11.419587594992585,0.1815891208568744,3,0.008158396319865986,20.88395201280487,0.4266692075055324,23.42105263157895,none
val_images_circle,circle,test001.png,0,rot45_padded,45.0,False,100,521,521,80887.0,0.2979910969734192,inpaint,pnp_hqs,wavelet,15.0,linear25p0_to_10p0,0.1,0.5,0.0,0.15,vanilla,False,0,20,telea,0.07211759586290133,11.419587594992585,0.1815891208568744,4,0.00817918858228725,20.872897784453336,0.4283681922774982,22.631578947368418,none
val_images_circle,circle,test001.png,0,rot45_padded,45.0,False,100,521,521,80887.0,0.2979910969734192,inpaint,pnp_hqs,wavelet,15.0,linear25p0_to_10p0,0.1,0.5,0.0,0.15,vanilla,False,0,20,telea,0.07211759586290133,11.419587594992585,0.1815891208568744,5,0.00818501539594782,20.869804993468605,0.4304907521449677,21.842105263157894,none
val_images_circle,circle,test001.png,0,rot45_padded,45.0,False,100,521,521,80887.0,0.2979910969734192,inpaint,pnp_hqs,wavelet,15.0,linear25p0_to_10p0,0.1,0.5,0.0,0.15,vanilla,False,0,20,telea,0.07211759586290133,11.419587594992585,0.1815891208568744,6,0.008182432492145678,20.871175690825382,0.43272786224918713,21.05263157894737,none
val_images_circle,circle,test001.png,0,rot45_padded,45.0,False,100,521,521,80887.0,0.2979910969734192,inpaint,pnp_hqs,wavelet,15.0,linear25p0_to_10p0,0.1,0.5,0.0,0.15,vanilla,False,0,20,telea,0.07211759586290133,11.419587594992585,0.1815891208568744,7,0.008175897134322032,20.874645812843813,0.4349132991859013,20.263157894736842,none
val_images_circle,circle,test001.png,0,rot45_padded,45.0,False,100,521,521,80887.0,0.2979910969734192,inpaint,pnp_hqs,wavelet,15.0,linear25p0_to_10p0,0.1,0.5,0.0,0.15,vanilla,False,0,20,telea,0.07211759586290133,11.419587594992585,0.1815891208568744,8,0.0081682631180304,20.87870281098887,0.43695525857059847,19.473684210526315,none
val_images_circle,circle,test001.png,0,rot45_padded,45.0,False,100,521,521,80887.0,0.2979910969734192,inpaint,pnp_hqs,wavelet,15.0,linear25p0_to_10p0,0.1,0.5,0.0,0.15,vanilla,False,0,20,telea,0.07211759586290133,11.419587594992585,0.1815891208568744,9,0.00816109467335604,20.882515840509885,0.4388168447958263,18.68421052631579,none
val_images_circle,circle,test001.png,0,rot45_padded,45.0,False,100,521,521,80887.0,0.2979910969734192,inpaint,pnp_hqs,wavelet,15.0,linear25p0_to_10p0,0.1,0.5,0.0,0.15,vanilla,False,0,20,telea,0.07211759586290133,11.419587594992585,0.1815891208568744,10,0.008155158446592545,20.88567596633229,0.4404832803015318,17.894736842105267,none
val_images_circle,circle,test001.png,0,rot45_padded,45.0,False,100,521,521,80887.0,0.2979910969734192,inpaint,pnp_hqs,wavelet,15.0,linear25p0_to_10p0,0.1,0.5,0.0,0.15,vanilla,False,0,20,telea,0.07211759586290133,11.419587594992585,0.1815891208568744,11,0.0081508053142424,20.8879948006328,0.4419550480145141,17.105263157894736,none
val_images_circle,circle,test001.png,0,rot45_padded,45.0,False,100,521,521,80887.0,0.2979910969734192,inpaint,pnp_hqs,wavelet,15.0,linear25p0_to_10p0,0.1,0.5,0.0,0.15,vanilla,False,0,20,telea,0.07211759586290133,11.419587594992585,0.1815891208568744,12,0.008100459440861556,20.914903481618076,0.4445282751709175,16.31578947368421,none
val_images_circle,circle,test001.png,0,rot45_padded,45.0,False,100,521,521,80887.0,0.2979910969734192,inpaint,pnp_hqs,wavelet,15.0,linear25p0_to_10p0,0.1,0.5,0.0,0.15,vanilla,False,0,20,telea,0.07211759586290133,11.419587594992585,0.1815891208568744,13,0.00793841108969921,21.00266414957052,0.45211809762384564,15.526315789473685,none
val_images_circle,circle,test001.png,0,rot45_padded,45.0,False,100,521,521,80887.0,0.2979910969734192,inpaint,pnp_hqs,wavelet,15.0,linear25p0_to_10p0,0.1,0.5,0.0,0.15,vanilla,False,0,20,telea,0.07211759586290133,11.419587594992585,0.1815891208568744,14,0.007774231824035769,21.09342513048928,0.4623780223490796,14.736842105263158,none
val_images_circle,circle,test001.png,0,rot45_padded,45.0,False,100,521,521,80887.0,0.2979910969734192,inpaint,pnp_hqs,wavelet,15.0,linear25p0_to_10p0,0.1,0.5,0.0,0.15,vanilla,False,0,20,telea,0.07211759586290133,11.419587594992585,0.1815891208568744,15,0.00742765261549291,21.29148416012283,0.4762694600182971,13.947368421052634,none
val_images_circle,circle,test001.png,0,rot45_padded,45.0,False,100,521,521,80887.0,0.2979910969734192,inpaint,pnp_hqs,wavelet,15.0,linear25p0_to_10p0,0.1,0.5,0.0,0.15,vanilla,False,0,20,telea,0.07211759586290133,11.419587594992585,0.1815891208568744,16,0.0068307294363007965,21.65532916633969,0.5041512870578708,13.157894736842106,none
val_images_circle,circle,test001.png,0,rot45_padded,45.0,False,100,521,521,80887.0,0.2979910969734192,inpaint,pnp_hqs,wavelet,15.0,linear25p0_to_10p0,0.1,0.5,0.0,0.15,vanilla,False,0,20,telea,0.07211759586290133,11.419587594992585,0.1815891208568744,17,0.006317206960742687,21.9947489476367,0.5371701513376685,12.368421052631579,none
val_images_circle,circle,test001.png,0,rot45_padded,45.0,False,100,521,521,80887.0,0.2979910969734192,inpaint,pnp_hqs,wavelet,15.0,linear25p0_to_10p0,0.1,0.5,0.0,0.15,vanilla,False,0,20,telea,0.07211759586290133,11.419587594992585,0.1815891208568744,18,0.005969004288124366,22.240981091116623,0.5635519594465118,11.578947368421053,none
val_images_circle,circle,test001.png,0,rot45_padded,45.0,False,100,521,521,80887.0,0.2979910969734192,inpaint,pnp_hqs,wavelet,15.0,linear25p0_to_10p0,0.1,0.5,0.0,0.15,vanilla,False,0,20,telea,0.07211759586290133,11.419587594992585,0.1815891208568744,19,0.0056684306483553056,22.465371624648714,0.5849572551831568,10.789473684210527,none
val_images_circle,circle,test001.png,0,rot45_padded,45.0,False,100,521,521,80887.0,0.2979910969734192,inpaint,pnp_hqs,wavelet,15.0,linear25p0_to_10p0,0.1,0.5,0.0,0.15,vanilla,False,0,20,telea,0.07211759586290133,11.419587594992585,0.1815891208568744,20,0.005252616337428102,22.796243198561292,0.6125588398012042,10.0,none
val_images_circle,circle,test001.png,0,rot45_padded,45.0,False,100,521,521,80887.0,0.2979910969734192,inpaint,pnp_hqs,wavelet,15.0,linear25p0_to_10p0,0.1,0.5,0.0,0.15,G16_fixed,False,16,20,telea,0.07211759586290133,11.419587594992585,0.1815891208568744,1,0.0067485903789294786,21.707869315518096,0.47171265932720957,25.0,0;22.5;45;67.5;90;112.5;135;157.5;180;202.5;225;247.5;270;292.5;315;337.5
val_images_circle,circle,test001.png,0,rot45_padded,45.0,False,100,521,521,80887.0,0.2979910969734192,inpaint,pnp_hqs,wavelet,15.0,linear25p0_to_10p0,0.1,0.5,0.0,0.15,G16_fixed,False,16,20,telea,0.07211759586290133,11.419587594992585,0.1815891208568744,2,0.0071241308585298785,21.472681118624315,0.44853386321349537,24.210526315789476,0;22.5;45;67.5;90;112.5;135;157.5;180;202.5;225;247.5;270;292.5;315;337.5
val_images_circle,circle,test001.png,0,rot45_padded,45.0,False,100,521,521,80887.0,0.2979910969734192,inpaint,pnp_hqs,wavelet,15.0,linear25p0_to_10p0,0.1,0.5,0.0,0.15,G16_fixed,False,16,20,telea,0.07211759586290133,11.419587594992585,0.1815891208568744,3,0.007247718617581471,21.397986758726088,0.442345735794998,23.42105263157895,0;22.5;45;67.5;90;112.5;135;157.5;180;202.5;225;247.5;270;292.5;315;337.5
val_images_circle,circle,test001.png,0,rot45_padded,45.0,False,100,521,521,80887.0,0.2979910969734192,inpaint,pnp_hqs,wavelet,15.0,linear25p0_to_10p0,0.1,0.5,0.0,0.15,G16_fixed,False,16,20,telea,0.07211759586290133,11.419587594992585,0.1815891208568744,4,0.007283195627561444,21.376780246840084,0.4415719904774562,22.631578947368418,0;22.5;45;67.5;90;112.5;135;157.5;180;202.5;225;247.5;270;292.5;315;337.5
val_images_circle,circle,test001.png,0,rot45_padded,45.0,False,100,521,521,80887.0,0.2979910969734192,inpaint,pnp_hqs,wavelet,15.0,linear25p0_to_10p0,0.1,0.5,0.0,0.15,G16_fixed,False,16,20,telea,0.07211759586290133,11.419587594992585,0.1815891208568744,5,0.007279508783279451,21.37897925619486,0.44291404405219625,21.842105263157894,0;22.5;45;67.5;90;112.5;135;157.5;180;202.5;225;247.5;270;292.5;315;337.5
val_images_circle,circle,test001.png,0,rot45_padded,45.0,False,100,521,521,80887.0,0.2979910969734192,inpaint,pnp_hqs,wavelet,15.0,linear25p0_to_10p0,0.1,0.5,0.0,0.15,G16_fixed,False,16,20,telea,0.07211759586290133,11.419587594992585,0.1815891208568744,6,0.007258512786114811,21.391523538106597,0.44507847367314896,21.05263157894737,0;22.5;45;67.5;90;112.5;135;157.5;180;202.5;225;247.5;270;292.5;315;337.5
val_images_circle,circle,test001.png,0,rot45_padded,45.0,False,100,521,521,80887.0,0.2979910969734192,inpaint,pnp_hqs,wavelet,15.0,linear25p0_to_10p0,0.1,0.5,0.0,0.15,G16_fixed,False,16,20,telea,0.07211759586290133,11.419587594992585,0.1815891208568744,7,0.00722243287220907,21.413164859482393,0.4477352954584791,20.263157894736842,0;22.5;45;67.5;90;112.5;135;157.5;180;202.5;225;247.5;270;292.5;315;337.5
val_images_circle,circle,test001.png,0,rot45_padded,45.0,False,100,521,521,80887.0,0.2979910969734192,inpaint,pnp_hqs,wavelet,15.0,linear25p0_to_10p0,0.1,0.5,0.0,0.15,G16_fixed,False,16,20,telea,0.07211759586290133,11.419587594992585,0.1815891208568744,8,0.007158463935654447,21.451801586750598,0.45138385571847145,19.473684210526315,0;22.5;45;67.5;90;112.5;135;157.5;180;202.5;225;247.5;270;292.5;315;337.5
val_images_circle,circle,test001.png,0,rot45_padded,45.0,False,100,521,521,80887.0,0.2979910969734192,inpaint,pnp_hqs,wavelet,15.0,linear25p0_to_10p0,0.1,0.5,0.0,0.15,G16_fixed,False,16,20,telea,0.07211759586290133,11.419587594992585,0.1815891208568744,9,0.0070194293101892916,21.536981952078836,0.45722712510972097,18.68421052631579,0;22.5;45;67.5;90;112.5;135;157.5;180;202.5;225;247.5;270;292.5;315;337.5
val_images_circle,circle,test001.png,0,rot45_padded,45.0,False,100,521,521,80887.0,0.2979910969734192,inpaint,pnp_hqs,wavelet,15.0,linear25p0_to_10p0,0.1,0.5,0.0,0.15,G16_fixed,False,16,20,telea,0.07211759586290133,11.419587594992585,0.1815891208568744,10,0.006753863335917314,21.704477315385517,0.4672766869212605,17.894736842105267,0;22.5;45;67.5;90;112.5;135;157.5;180;202.5;225;247.5;270;292.5;315;337.5
val_images_circle,circle,test001.png,0,rot45_padded,45.0,False,100,521,521,80887.0,0.2979910969734192,inpaint,pnp_hqs,wavelet,15.0,linear25p0_to_10p0,0.1,0.5,0.0,0.15,G16_fixed,False,16,20,telea,0.07211759586290133,11.419587594992585,0.1815891208568744,11,0.006378719761779937,21.952664774209495,0.4831182312979836,17.105263157894736,0;22.5;45;67.5;90;112.5;135;157.5;180;202.5;225;247.5;270;292.5;315;337.5
val_images_circle,circle,test001.png,0,rot45_padded,45.0,False,100,521,521,80887.0,0.2979910969734192,inpaint,pnp_hqs,wavelet,15.0,linear25p0_to_10p0,0.1,0.5,0.0,0.15,G16_fixed,False,16,20,telea,0.07211759586290133,11.419587594992585,0.1815891208568744,12,0.00591668407416558,22.279216195872085,0.5053324294231458,16.31578947368421,0;22.5;45;67.5;90;112.5;135;157.5;180;202.5;225;247.5;270;292.5;315;337.5
val_images_circle,circle,test001.png,0,rot45_padded,45.0,False,100,521,521,80887.0,0.2979910969734192,inpaint,pnp_hqs,wavelet,15.0,linear25p0_to_10p0,0.1,0.5,0.0,0.15,G16_fixed,False,16,20,telea,0.07211759586290133,11.419587594992585,0.1815891208568744,13,0.00547083926206467,22.61946044978305,0.5323305970056993,15.526315789473685,0;22.5;45;67.5;90;112.5;135;157.5;180;202.5;225;247.5;270;292.5;315;337.5
val_images_circle,circle,test001.png,0,rot45_padded,45.0,False,100,521,521,80887.0,0.2979910969734192,inpaint,pnp_hqs,wavelet,15.0,linear25p0_to_10p0,0.1,0.5,0.0,0.15,G16_fixed,False,16,20,telea,0.07211759586290133,11.419587594992585,0.1815891208568744,14,0.005137428863675173,22.892541786102246,0.5569729993694907,14.736842105263158,0;22.5;45;67.5;90;112.5;135;157.5;180;202.5;225;247.5;270;292.5;315;337.5
val_images_circle,circle,test001.png,0,rot45_padded,45.0,False,100,521,521,80887.0,0.2979910969734192,inpaint,pnp_hqs,wavelet,15.0,linear25p0_to_10p0,0.1,0.5,0.0,0.15,G16_fixed,False,16,20,telea,0.07211759586290133,11.419587594992585,0.1815891208568744,15,0.004899274267264826,23.098682475357943,0.5769546751950252,13.947368421052634,0;22.5;45;67.5;90;112.5;135;157.5;180;202.5;225;247.5;270;292.5;315;337.5
val_images_circle,circle,test001.png,0,rot45_padded,45.0,False,100,521,521,80887.0,0.2979910969734192,inpaint,pnp_hqs,wavelet,15.0,linear25p0_to_10p0,0.1,0.5,0.0,0.15,G16_fixed,False,16,20,telea,0.07211759586290133,11.419587594992585,0.1815891208568744,16,0.004725556442745744,23.25547045189541,0.5928000346934612,13.157894736842106,0;22.5;45;67.5;90;112.5;135;157.5;180;202.5;225;247.5;270;292.5;315;337.5
val_images_circle,circle,test001.png,0,rot45_padded,45.0,False,100,521,521,80887.0,0.2979910969734192,inpaint,pnp_hqs,wavelet,15.0,linear25p0_to_10p0,0.1,0.5,0.0,0.15,G16_fixed,False,16,20,telea,0.07211759586290133,11.419587594992585,0.1815891208568744,17,0.00454977071058139,23.420104894172624,0.6072215811100671,12.368421052631579,0;22.5;45;67.5;90;112.5;135;157.5;180;202.5;225;247.5;270;292.5;315;337.5
val_images_circle,circle,test001.png,0,rot45_padded,45.0,False,100,521,521,80887.0,0.2979910969734192,inpaint,pnp_hqs,wavelet,15.0,linear25p0_to_10p0,0.1,0.5,0.0,0.15,G16_fixed,False,16,20,telea,0.07211759586290133,11.419587594992585,0.1815891208568744,18,0.004158318547523281,23.81082244650399,0.6299099650592802,11.578947368421053,0;22.5;45;67.5;90;112.5;135;157.5;180;202.5;225;247.5;270;292.5;315;337.5
val_images_circle,circle,test001.png,0,rot45_padded,45.0,False,100,521,521,80887.0,0.2979910969734192,inpaint,pnp_hqs,wavelet,15.0,linear25p0_to_10p0,0.1,0.5,0.0,0.15,G16_fixed,False,16,20,telea,0.07211759586290133,11.419587594992585,0.1815891208568744,19,0.003716672180282176,24.298457430670485,0.6648817370220184,10.789473684210527,0;22.5;45;67.5;90;112.5;135;157.5;180;202.5;225;247.5;270;292.5;315;337.5
val_images_circle,circle,test001.png,0,rot45_padded,45.0,False,100,521,521,80887.0,0.2979910969734192,inpaint,pnp_hqs,wavelet,15.0,linear25p0_to_10p0,0.1,0.5,0.0,0.15,G16_fixed,False,16,20,telea,0.07211759586290133,11.419587594992585,0.1815891208568744,20,0.003455043191282669,24.61546519167211,0.6919891909392115,10.0,0;22.5;45;67.5;90;112.5;135;157.5;180;202.5;225;247.5;270;292.5;315;337.5
val_images_circle,circle,test001.png,0,rot60_padded,60.0,False,100,521,521,80896.0,0.2980242371559143,inpaint,pnp_hqs,wavelet,15.0,linear25p0_to_10p0,0.1,0.5,0.0,0.15,vanilla,False,0,20,telea,0.0719702998294106,11.428466880310385,0.18244439137132862,1,0.0080279247670234,20.95396706117249,0.42954949487613725,25.0,none
val_images_circle,circle,test001.png,0,rot60_padded,60.0,False,100,521,521,80896.0,0.2980242371559143,inpaint,pnp_hqs,wavelet,15.0,linear25p0_to_10p0,0.1,0.5,0.0,0.15,vanilla,False,0,20,telea,0.0719702998294106,11.428466880310385,0.18244439137132862,2,0.008097420764874809,20.916532929684188,0.42861677725103836,24.210526315789476,none
val_images_circle,circle,test001.png,0,rot60_padded,60.0,False,100,521,521,80896.0,0.2980242371559143,inpaint,pnp_hqs,wavelet,15.0,linear25p0_to_10p0,0.1,0.5,0.0,0.15,vanilla,False,0,20,telea,0.0719702998294106,11.428466880310385,0.18244439137132862,3,0.008135239534740206,20.896296551322404,0.42941829826258404,23.42105263157895,none
val_images_circle,circle,test001.png,0,rot60_padded,60.0,False,100,521,521,80896.0,0.2980242371559143,inpaint,pnp_hqs,wavelet,15.0,linear25p0_to_10p0,0.1,0.5,0.0,0.15,vanilla,False,0,20,telea,0.0719702998294106,11.428466880310385,0.18244439137132862,4,0.008151682871806471,20.8875272420569,0.4311827647535107,22.631578947368418,none
val_images_circle,circle,test001.png,0,rot60_padded,60.0,False,100,521,521,80896.0,0.2980242371559143,inpaint,pnp_hqs,wavelet,15.0,linear25p0_to_10p0,0.1,0.5,0.0,0.15,vanilla,False,0,20,telea,0.0719702998294106,11.428466880310385,0.18244439137132862,5,0.008153245418886595,20.88669484885088,0.4334380717217168,21.842105263157894,none
val_images_circle,circle,test001.png,0,rot60_padded,60.0,False,100,521,521,80896.0,0.2980242371559143,inpaint,pnp_hqs,wavelet,15.0,linear25p0_to_10p0,0.1,0.5,0.0,0.15,vanilla,False,0,20,telea,0.0719702998294106,11.428466880310385,0.18244439137132862,6,0.008146613459043864,20.890228896285777,0.4358599698996242,21.05263157894737,none
val_images_circle,circle,test001.png,0,rot60_padded,60.0,False,100,521,521,80896.0,0.2980242371559143,inpaint,pnp_hqs,wavelet,15.0,linear25p0_to_10p0,0.1,0.5,0.0,0.15,vanilla,False,0,20,telea,0.0719702998294106,11.428466880310385,0.18244439137132862,7,0.008136588561383985,20.89557644190972,0.4382474392275267,20.263157894736842,none
val_images_circle,circle,test001.png,0,rot60_padded,60.0,False,100,521,521,80896.0,0.2980242371559143,inpaint,pnp_hqs,wavelet,15.0,linear25p0_to_10p0,0.1,0.5,0.0,0.15,vanilla,False,0,20,telea,0.0719702998294106,11.428466880310385,0.18244439137132862,8,0.00812583331820331,20.90132090418046,0.44050071812883207,19.473684210526315,none
val_images_circle,circle,test001.png,0,rot60_padded,60.0,False,100,521,521,80896.0,0.2980242371559143,inpaint,pnp_hqs,wavelet,15.0,linear25p0_to_10p0,0.1,0.5,0.0,0.15,vanilla,False,0,20,telea,0.0719702998294106,11.428466880310385,0.18244439137132862,9,0.00811578955831407,20.90669222709153,0.44257098813600176,18.68421052631579,none
val_images_circle,circle,test001.png,0,rot60_padded,60.0,False,100,521,521,80896.0,0.2980242371559143,inpaint,pnp_hqs,wavelet,15.0,linear25p0_to_10p0,0.1,0.5,0.0,0.15,vanilla,False,0,20,telea,0.0719702998294106,11.428466880310385,0.18244439137132862,10,0.008107228369652471,20.91127593322552,0.44443767885618574,17.894736842105267,none
val_images_circle,circle,test001.png,0,rot60_padded,60.0,False,100,521,521,80896.0,0.2980242371559143,inpaint,pnp_hqs,wavelet,15.0,linear25p0_to_10p0,0.1,0.5,0.0,0.15,vanilla,False,0,20,telea,0.0719702998294106,11.428466880310385,0.18244439137132862,11,0.00810048776336863,20.914888296939825,0.4460963478571252,17.105263157894736,none
val_images_circle,circle,test001.png,0,rot60_padded,60.0,False,100,521,521,80896.0,0.2980242371559143,inpaint,pnp_hqs,wavelet,15.0,linear25p0_to_10p0,0.1,0.5,0.0,0.15,vanilla,False,0,20,telea,0.0719702998294106,11.428466880310385,0.18244439137132862,12,0.008095699775068067,20.917456057968764,0.44755027867570707,16.31578947368421,none
val_images_circle,circle,test001.png,0,rot60_padded,60.0,False,100,521,521,80896.0,0.2980242371559143,inpaint,pnp_hqs,wavelet,15.0,linear25p0_to_10p0,0.1,0.5,0.0,0.15,vanilla,False,0,20,telea,0.0719702998294106,11.428466880310385,0.18244439137132862,13,0.008021882063225854,20.95723727254239,0.4507065302209009,15.526315789473685,none
val_images_circle,circle,test001.png,0,rot60_padded,60.0,False,100,521,521,80896.0,0.2980242371559143,inpaint,pnp_hqs,wavelet,15.0,linear25p0_to_10p0,0.1,0.5,0.0,0.15,vanilla,False,0,20,telea,0.0719702998294106,11.428466880310385,0.18244439137132862,14,0.007854314544532873,21.048917103714867,0.458876211431962,14.736842105263158,none
val_images_circle,circle,test001.png,0,rot60_padded,60.0,False,100,521,521,80896.0,0.2980242371559143,inpaint,pnp_hqs,wavelet,15.0,linear25p0_to_10p0,0.1,0.5,0.0,0.15,vanilla,False,0,20,telea,0.0719702998294106,11.428466880310385,0.18244439137132862,15,0.007300776016863087,21.36630975231661,0.47710201408289654,13.947368421052634,none
val_images_circle,circle,test001.png,0,rot60_padded,60.0,False,100,521,521,80896.0,0.2980242371559143,inpaint,pnp_hqs,wavelet,15.0,linear25p0_to_10p0,0.1,0.5,0.0,0.15,vanilla,False,0,20,telea,0.0719702998294106,11.428466880310385,0.18244439137132862,16,0.006605160387256477,21.80116632333366,0.5110234127768988,13.157894736842106,none
val_images_circle,circle,test001.png,0,rot60_padded,60.0,False,100,521,521,80896.0,0.2980242371559143,inpaint,pnp_hqs,wavelet,15.0,linear25p0_to_10p0,0.1,0.5,0.0,0.15,vanilla,False,0,20,telea,0.0719702998294106,11.428466880310385,0.18244439137132862,17,0.006105518039268783,22.14277481260297,0.5453734578965586,12.368421052631579,none
val_images_circle,circle,test001.png,0,rot60_padded,60.0,False,100,521,521,80896.0,0.2980242371559143,inpaint,pnp_hqs,wavelet,15.0,linear25p0_to_10p0,0.1,0.5,0.0,0.15,vanilla,False,0,20,telea,0.0719702998294106,11.428466880310385,0.18244439137132862,18,0.005819333505026902,22.351267527494606,0.569879217992855,11.578947368421053,none
val_images_circle,circle,test001.png,0,rot60_padded,60.0,False,100,521,521,80896.0,0.2980242371559143,inpaint,pnp_hqs,wavelet,15.0,linear25p0_to_10p0,0.1,0.5,0.0,0.15,vanilla,False,0,20,telea,0.0719702998294106,11.428466880310385,0.18244439137132862,19,0.005573670320873019,22.53858723111054,0.5887080325356012,10.789473684210527,none
val_images_circle,circle,test001.png,0,rot60_padded,60.0,False,100,521,521,80896.0,0.2980242371559143,inpaint,pnp_hqs,wavelet,15.0,linear25p0_to_10p0,0.1,0.5,0.0,0.15,vanilla,False,0,20,telea,0.0719702998294106,11.428466880310385,0.18244439137132862,20,0.005169329009478605,22.86565825647393,0.6149968980233881,10.0,none
val_images_circle,circle,test001.png,0,rot60_padded,60.0,False,100,521,521,80896.0,0.2980242371559143,inpaint,pnp_hqs,wavelet,15.0,linear25p0_to_10p0,0.1,0.5,0.0,0.15,G16_fixed,False,16,20,telea,0.0719702998294106,11.428466880310385,0.18244439137132862,1,0.006764817086956169,21.69743941741828,0.4702713881866841,25.0,0;22.5;45;67.5;90;112.5;135;157.5;180;202.5;225;247.5;270;292.5;315;337.5
val_images_circle,circle,test001.png,0,rot60_padded,60.0,False,100,521,521,80896.0,0.2980242371559143,inpaint,pnp_hqs,wavelet,15.0,linear25p0_to_10p0,0.1,0.5,0.0,0.15,G16_fixed,False,16,20,telea,0.0719702998294106,11.428466880310385,0.18244439137132862,2,0.00712861215011983,21.46995013516062,0.4479467174674891,24.210526315789476,0;22.5;45;67.5;90;112.5;135;157.5;180;202.5;225;247.5;270;292.5;315;337.5
val_images_circle,circle,test001.png,0,rot60_padded,60.0,False,100,521,521,80896.0,0.2980242371559143,inpaint,pnp_hqs,wavelet,15.0,linear25p0_to_10p0,0.1,0.5,0.0,0.15,G16_fixed,False,16,20,telea,0.0719702998294106,11.428466880310385,0.18244439137132862,3,0.007252695439737054,21.395005593531895,0.44190351268913175,23.42105263157895,0;22.5;45;67.5;90;112.5;135;157.5;180;202.5;225;247.5;270;292.5;315;337.5
val_images_circle,circle,test001.png,0,rot60_padded,60.0,False,100,521,521,80896.0,0.2980242371559143,inpaint,pnp_hqs,wavelet,15.0,linear25p0_to_10p0,0.1,0.5,0.0,0.15,G16_fixed,False,16,20,telea,0.0719702998294106,11.428466880310385,0.18244439137132862,4,0.0072891961170148244,21.373203648500862,0.44116471688958664,22.631578947368418,0;22.5;45;67.5;90;112.5;135;157.5;180;202.5;225;247.5;270;292.5;315;337.5
val_images_circle,circle,test001.png,0,rot60_padded,60.0,False,100,521,521,80896.0,0.2980242371559143,inpaint,pnp_hqs,wavelet,15.0,linear25p0_to_10p0,0.1,0.5,0.0,0.15,G16_fixed,False,16,20,telea,0.0719702998294106,11.428466880310385,0.18244439137132862,5,0.0072861615615555,21.37501203048245,0.4425101944162876,21.842105263157894,0;22.5;45;67.5;90;112.5;135;157.5;180;202.5;225;247.5;270;292.5;315;337.5
val_images_circle,circle,test001.png,0,rot60_padded,60.0,False,100,521,521,80896.0,0.2980242371559143,inpaint,pnp_hqs,wavelet,15.0,linear25p0_to_10p0,0.1,0.5,0.0,0.15,G16_fixed,False,16,20,telea,0.0719702998294106,11.428466880310385,0.18244439137132862,6,0.007265420654152013,21.38739235806666,0.4446663192555874,21.05263157894737,0;22.5;45;67.5;90;112.5;135;157.5;180;202.5;225;247.5;270;292.5;315;337.5
val_images_circle,circle,test001.png,0,rot60_padded,60.0,False,100,521,521,80896.0,0.2980242371559143,inpaint,pnp_hqs,wavelet,15.0,linear25p0_to_10p0,0.1,0.5,0.0,0.15,G16_fixed,False,16,20,telea,0.0719702998294106,11.428466880310385,0.18244439137132862,7,0.0072299438186838655,21.408650774399618,0.4472824289828916,20.263157894736842,0;22.5;45;67.5;90;112.5;135;157.5;180;202.5;225;247.5;270;292.5;315;337.5
val_images_circle,circle,test001.png,0,rot60_padded,60.0,False,100,521,521,80896.0,0.2980242371559143,inpaint,pnp_hqs,wavelet,15.0,linear25p0_to_10p0,0.1,0.5,0.0,0.15,G16_fixed,False,16,20,telea,0.0719702998294106,11.428466880310385,0.18244439137132862,8,0.007165878633909588,21.447305516080476,0.45076452327679983,19.473684210526315,0;22.5;45;67.5;90;112.5;135;157.5;180;202.5;225;247.5;270;292.5;315;337.5
val_images_circle,circle,test001.png,0,rot60_padded,60.0,False,100,521,521,80896.0,0.2980242371559143,inpaint,pnp_hqs,wavelet,15.0,linear25p0_to_10p0,0.1,0.5,0.0,0.15,G16_fixed,False,16,20,telea,0.0719702998294106,11.428466880310385,0.18244439137132862,9,0.007050455371035805,21.517828321233026,0.45591257795502865,18.68421052631579,0;22.5;45;67.5;90;112.5;135;157.5;180;202.5;225;247.5;270;292.5;315;337.5
val_images_circle,circle,test001.png,0,rot60_padded,60.0,False,100,521,521,80896.0,0.2980242371559143,inpaint,pnp_hqs,wavelet,15.0,linear25p0_to_10p0,0.1,0.5,0.0,0.15,G16_fixed,False,16,20,telea,0.0719702998294106,11.428466880310385,0.18244439137132862,10,0.006764153890971896,21.697865203469696,0.4662516630148586,17.894736842105267,0;22.5;45;67.5;90;112.5;135;157.5;180;202.5;225;247.5;270;292.5;315;337.5
val_images_circle,circle,test001.png,0,rot60_padded,60.0,False,100,521,521,80896.0,0.2980242371559143,inpaint,pnp_hqs,wavelet,15.0,linear25p0_to_10p0,0.1,0.5,0.0,0.15,G16_fixed,False,16,20,telea,0.0719702998294106,11.428466880310385,0.18244439137132862,11,0.006393719323073761,21.94246432674243,0.4819408851333811,17.105263157894736,0;22.5;45;67.5;90;112.5;135;157.5;180;202.5;225;247.5;270;292.5;315;337.5
val_images_circle,circle,test001.png,0,rot60_padded,60.0,False,100,521,521,80896.0,0.2980242371559143,inpaint,pnp_hqs,wavelet,15.0,linear25p0_to_10p0,0.1,0.5,0.0,0.15,G16_fixed,False,16,20,telea,0.0719702998294106,11.428466880310385,0.18244439137132862,12,0.005960194370414638,22.2473957706814,0.5028422391867335,16.31578947368421,0;22.5;45;67.5;90;112.5;135;157.5;180;202.5;225;247.5;270;292.5;315;337.5
val_images_circle,circle,test001.png,0,rot60_padded,60.0,False,100,521,521,80896.0,0.2980242371559143,inpaint,pnp_hqs,wavelet,15.0,linear25p0_to_10p0,0.1,0.5,0.0,0.15,G16_fixed,False,16,20,telea,0.0719702998294106,11.428466880310385,0.18244439137132862,13,0.005510464876512938,22.588117614407768,0.5292421171936808,15.526315789473685,0;22.5;45;67.5;90;112.5;135;157.5;180;202.5;225;247.5;270;292.5;315;337.5
val_images_circle,circle,test001.png,0,rot60_padded,60.0,False,100,521,521,80896.0,0.2980242371559143,inpaint,pnp_hqs,wavelet,15.0,linear25p0_to_10p0,0.1,0.5,0.0,0.15,G16_fixed,False,16,20,telea,0.0719702998294106,11.428466880310385,0.18244439137132862,14,0.005168168227883834,22.866633581606983,0.5539714475221271,14.736842105263158,0;22.5;45;67.5;90;112.5;135;157.5;180;202.5;225;247.5;270;292.5;315;337.5
val_images_circle,circle,test001.png,0,rot60_padded,60.0,False,100,521,521,80896.0,0.2980242371559143,inpaint,pnp_hqs,wavelet,15.0,linear25p0_to_10p0,0.1,0.5,0.0,0.15,G16_fixed,False,16,20,telea,0.0719702998294106,11.428466880310385,0.18244439137132862,15,0.00492328141309038,23.077453393929353,0.5742651058148734,13.947368421052634,0;22.5;45;67.5;90;112.5;135;157.5;180;202.5;225;247.5;270;292.5;315;337.5
val_images_circle,circle,test001.png,0,rot60_padded,60.0,False,100,521,521,80896.0,0.2980242371559143,inpaint,pnp_hqs,wavelet,15.0,linear25p0_to_10p0,0.1,0.5,0.0,0.15,G16_fixed,False,16,20,telea,0.0719702998294106,11.428466880310385,0.18244439137132862,16,0.004744950729080394,23.237682928677952,0.5904735613472855,13.157894736842106,0;22.5;45;67.5;90;112.5;135;157.5;180;202.5;225;247.5;270;292.5;315;337.5
val_images_circle,circle,test001.png,0,rot60_padded,60.0,False,100,521,521,80896.0,0.2980242371559143,inpaint,pnp_hqs,wavelet,15.0,linear25p0_to_10p0,0.1,0.5,0.0,0.15,G16_fixed,False,16,20,telea,0.0719702998294106,11.428466880310385,0.18244439137132862,17,0.004556220920780037,23.413952261316552,0.6056362586685374,12.368421052631579,0;22.5;45;67.5;90;112.5;135;157.5;180;202.5;225;247.5;270;292.5;315;337.5
val_images_circle,circle,test001.png,0,rot60_padded,60.0,False,100,521,521,80896.0,0.2980242371559143,inpaint,pnp_hqs,wavelet,15.0,linear25p0_to_10p0,0.1,0.5,0.0,0.15,G16_fixed,False,16,20,telea,0.0719702998294106,11.428466880310385,0.18244439137132862,18,0.004154917560046232,23.814375888647564,0.6293912960004203,11.578947368421053,0;22.5;45;67.5;90;112.5;135;157.5;180;202.5;225;247.5;270;292.5;315;337.5
val_images_circle,circle,test001.png,0,rot60_padded,60.0,False,100,521,521,80896.0,0.2980242371559143,inpaint,pnp_hqs,wavelet,15.0,linear25p0_to_10p0,0.1,0.5,0.0,0.15,G16_fixed,False,16,20,telea,0.0719702998294106,11.428466880310385,0.18244439137132862,19,0.0037140514277204683,24.301520869665715,0.6648280469677116,10.789473684210527,0;22.5;45;67.5;90;112.5;135;157.5;180;202.5;225;247.5;270;292.5;315;337.5
val_images_circle,circle,test001.png,0,rot60_padded,60.0,False,100,521,521,80896.0,0.2980242371559143,inpaint,pnp_hqs,wavelet,15.0,linear25p0_to_10p0,0.1,0.5,0.0,0.15,G16_fixed,False,16,20,telea,0.0719702998294106,11.428466880310385,0.18244439137132862,20,0.0034503612337233145,24.62135434318002,0.6925077800509296,10.0,0;22.5;45;67.5;90;112.5;135;157.5;180;202.5;225;247.5;270;292.5;315;337.5
val_images_circle,circle,test002.png,1,upright,0.0,False,100,521,521,80892.0,0.2980095148086548,inpaint,pnp_hqs,wavelet,15.0,linear25p0_to_10p0,0.1,0.5,0.0,0.15,vanilla,True,0,20,telea,0.1594542747776356,7.9736383335138985,0.10569956266920709,1,0.007633855291816558,21.17256076841886,0.5306460407858626,25.0,none
val_images_circle,circle,test002.png,1,upright,0.0,False,100,521,521,80892.0,0.2980095148086548,inpaint,pnp_hqs,wavelet,15.0,linear25p0_to_10p0,0.1,0.5,0.0,0.15,vanilla,True,0,20,telea,0.1594542747776356,7.9736383335138985,0.10569956266920709,2,0.007511706508562342,21.24261388819937,0.5315075772326064,24.210526315789476,none
val_images_circle,circle,test002.png,1,upright,0.0,False,100,521,521,80892.0,0.2980095148086548,inpaint,pnp_hqs,wavelet,15.0,linear25p0_to_10p0,0.1,0.5,0.0,0.15,vanilla,True,0,20,telea,0.1594542747776356,7.9736383335138985,0.10569956266920709,3,0.0074763395887321215,21.26310980412121,0.5319669088105128,23.42105263157895,none
val_images_circle,circle,test002.png,1,upright,0.0,False,100,521,521,80892.0,0.2980095148086548,inpaint,pnp_hqs,wavelet,15.0,linear25p0_to_10p0,0.1,0.5,0.0,0.15,vanilla,True,0,20,telea,0.1594542747776356,7.9736383335138985,0.10569956266920709,4,0.007461961332075097,21.271470058057666,0.5325056769365326,22.631578947368418,none
val_images_circle,circle,test002.png,1,upright,0.0,False,100,521,521,80892.0,0.2980095148086548,inpaint,pnp_hqs,wavelet,15.0,linear25p0_to_10p0,0.1,0.5,0.0,0.15,vanilla,True,0,20,telea,0.1594542747776356,7.9736383335138985,0.10569956266920709,5,0.007453408019865608,21.276451036555905,0.5330881955261336,21.842105263157894,none
val_images_circle,circle,test002.png,1,upright,0.0,False,100,521,521,80892.0,0.2980095148086548,inpaint,pnp_hqs,wavelet,15.0,linear25p0_to_10p0,0.1,0.5,0.0,0.15,vanilla,True,0,20,telea,0.1594542747776356,7.9736383335138985,0.10569956266920709,6,0.007447034534665047,21.280166321671462,0.5336211688887653,21.05263157894737,none
val_images_circle,circle,test002.png,1,upright,0.0,False,100,521,521,80892.0,0.2980095148086548,inpaint,pnp_hqs,wavelet,15.0,linear25p0_to_10p0,0.1,0.5,0.0,0.15,vanilla,True,0,20,telea,0.1594542747776356,7.9736383335138985,0.10569956266920709,7,0.007442109740311542,21.28303930221452,0.5340233254679079,20.263157894736842,none
val_images_circle,circle,test002.png,1,upright,0.0,False,100,521,521,80892.0,0.2980095148086548,inpaint,pnp_hqs,wavelet,15.0,linear25p0_to_10p0,0.1,0.5,0.0,0.15,vanilla,True,0,20,telea,0.1594542747776356,7.9736383335138985,0.10569956266920709,8,0.007438525739518045,21.285131298621472,0.534258882599639,19.473684210526315,none
val_images_circle,circle,test002.png,1,upright,0.0,False,100,521,521,80892.0,0.2980095148086548,inpaint,pnp_hqs,wavelet,15.0,linear25p0_to_10p0,0.1,0.5,0.0,0.15,vanilla,True,0,20,telea,0.1594542747776356,7.9736383335138985,0.10569956266920709,9,0.007436358739459325,21.286396674733503,0.5343200173533847,18.68421052631579,none
val_images_circle,circle,test002.png,1,upright,0.0,False,100,521,521,80892.0,0.2980095148086548,inpaint,pnp_hqs,wavelet,15.0,linear25p0_to_10p0,0.1,0.5,0.0,0.15,vanilla,True,0,20,telea,0.1594542747776356,7.9736383335138985,0.10569956266920709,10,0.007435547623490271,21.286870404437405,0.5342157599020917,17.894736842105267,none
val_images_circle,circle,test002.png,1,upright,0.0,False,100,521,521,80892.0,0.2980095148086548,inpaint,pnp_hqs,wavelet,15.0,linear25p0_to_10p0,0.1,0.5,0.0,0.15,vanilla,True,0,20,telea,0.1594542747776356,7.9736383335138985,0.10569956266920709,11,0.007436010148224253,21.286600262004637,0.5339536434381644,17.105263157894736,none
val_images_circle,circle,test002.png,1,upright,0.0,False,100,521,521,80892.0,0.2980095148086548,inpaint,pnp_hqs,wavelet,15.0,linear25p0_to_10p0,0.1,0.5,0.0,0.15,vanilla,True,0,20,telea,0.1594542747776356,7.9736383335138985,0.10569956266920709,12,0.007437632380162361,21.285652913188716,0.5335595995277654,16.31578947368421,none
val_images_circle,circle,test002.png,1,upright,0.0,False,100,521,521,80892.0,0.2980095148086548,inpaint,pnp_hqs,wavelet,15.0,linear25p0_to_10p0,0.1,0.5,0.0,0.15,vanilla,True,0,20,telea,0.1594542747776356,7.9736383335138985,0.10569956266920709,13,0.0073477999661682395,21.338426752801958,0.5344787455805271,15.526315789473685,none
val_images_circle,circle,test002.png,1,upright,0.0,False,100,521,521,80892.0,0.2980095148086548,inpaint,pnp_hqs,wavelet,15.0,linear25p0_to_10p0,0.1,0.5,0.0,0.15,vanilla,True,0,20,telea,0.1594542747776356,7.9736383335138985,0.10569956266920709,14,0.0067435389414377345,21.711121302626665,0.5465725616408298,14.736842105263158,none
val_images_circle,circle,test002.png,1,upright,0.0,False,100,521,521,80892.0,0.2980095148086548,inpaint,pnp_hqs,wavelet,15.0,linear25p0_to_10p0,0.1,0.5,0.0,0.15,vanilla,True,0,20,telea,0.1594542747776356,7.9736383335138985,0.10569956266920709,15,0.006121543526254528,22.13139058178733,0.5699637035337239,13.947368421052634,none
val_images_circle,circle,test002.png,1,upright,0.0,False,100,521,521,80892.0,0.2980095148086548,inpaint,pnp_hqs,wavelet,15.0,linear25p0_to_10p0,0.1,0.5,0.0,0.15,vanilla,True,0,20,telea,0.1594542747776356,7.9736383335138985,0.10569956266920709,16,0.0055507740457811415,22.556464510445903,0.5949930733261632,13.157894736842106,none
val_images_circle,circle,test002.png,1,upright,0.0,False,100,521,521,80892.0,0.2980095148086548,inpaint,pnp_hqs,wavelet,15.0,linear25p0_to_10p0,0.1,0.5,0.0,0.15,vanilla,True,0,20,telea,0.1594542747776356,7.9736383335138985,0.10569956266920709,17,0.0051725076614015444,22.862988573945717,0.615502044778841,12.368421052631579,none
val_images_circle,circle,test002.png,1,upright,0.0,False,100,521,521,80892.0,0.2980095148086548,inpaint,pnp_hqs,wavelet,15.0,linear25p0_to_10p0,0.1,0.5,0.0,0.15,vanilla,True,0,20,telea,0.1594542747776356,7.9736383335138985,0.10569956266920709,18,0.0049834991547130355,23.02465611066829,0.6256993313615685,11.578947368421053,none
val_images_circle,circle,test002.png,1,upright,0.0,False,100,521,521,80892.0,0.2980095148086548,inpaint,pnp_hqs,wavelet,15.0,linear25p0_to_10p0,0.1,0.5,0.0,0.15,vanilla,True,0,20,telea,0.1594542747776356,7.9736383335138985,0.10569956266920709,19,0.004884871980034915,23.11146813540489,0.6282177355300895,10.789473684210527,none
val_images_circle,circle,test002.png,1,upright,0.0,False,100,521,521,80892.0,0.2980095148086548,inpaint,pnp_hqs,wavelet,15.0,linear25p0_to_10p0,0.1,0.5,0.0,0.15,vanilla,True,0,20,telea,0.1594542747776356,7.9736383335138985,0.10569956266920709,20,0.004425143143935355,23.54072676239432,0.6399848718043811,10.0,none
val_images_circle,circle,test002.png,1,upright,0.0,False,100,521,521,80892.0,0.2980095148086548,inpaint,pnp_hqs,wavelet,15.0,linear25p0_to_10p0,0.1,0.5,0.0,0.15,G16_fixed,True,16,20,telea,0.1594542747776356,7.9736383335138985,0.10569956266920709,1,0.008903430606163156,20.50442621866115,0.47322375049448645,25.0,0;22.5;45;67.5;90;112.5;135;157.5;180;202.5;225;247.5;270;292.5;315;337.5
val_images_circle,circle,test002.png,1,upright,0.0,False,100,521,521,80892.0,0.2980095148086548,inpaint,pnp_hqs,wavelet,15.0,linear25p0_to_10p0,0.1,0.5,0.0,0.15,G16_fixed,True,16,20,telea,0.1594542747776356,7.9736383335138985,0.10569956266920709,2,0.01001572487516148,19.993176137303184,0.44587169466696336,24.210526315789476,0;22.5;45;67.5;90;112.5;135;157.5;180;202.5;225;247.5;270;292.5;315;337.5
val_images_circle,circle,test002.png,1,upright,0.0,False,100,521,521,80892.0,0.2980095148086548,inpaint,pnp_hqs,wavelet,15.0,linear25p0_to_10p0,0.1,0.5,0.0,0.15,G16_fixed,True,16,20,telea,0.1594542747776356,7.9736383335138985,0.10569956266920709,3,0.010354608372505934,19.84866322156909,0.4400777039138605,23.42105263157895,0;22.5;45;67.5;90;112.5;135;157.5;180;202.5;225;247.5;270;292.5;315;337.5
val_images_circle,circle,test002.png,1,upright,0.0,False,100,521,521,80892.0,0.2980095148086548,inpaint,pnp_hqs,wavelet,15.0,linear25p0_to_10p0,0.1,0.5,0.0,0.15,G16_fixed,True,16,20,telea,0.1594542747776356,7.9736383335138985,0.10569956266920709,4,0.010466392225465358,19.802029942128758,0.4385533431148939,22.631578947368418,0;22.5;45;67.5;90;112.5;135;157.5;180;202.5;225;247.5;270;292.5;315;337.5
val_images_circle,circle,test002.png,1,upright,0.0,False,100,521,521,80892.0,0.2980095148086548,inpaint,pnp_hqs,wavelet,15.0,linear25p0_to_10p0,0.1,0.5,0.0,0.15,G16_fixed,True,16,20,telea,0.1594542747776356,7.9736383335138985,0.10569956266920709,5,0.01050406950538604,19.78642413184214,0.43818503761187755,21.842105263157894,0;22.5;45;67.5;90;112.5;135;157.5;180;202.5;225;247.5;270;292.5;315;337.5
val_images_circle,circle,test002.png,1,upright,0.0,False,100,521,521,80892.0,0.2980095148086548,inpaint,pnp_hqs,wavelet,15.0,linear25p0_to_10p0,0.1,0.5,0.0,0.15,G16_fixed,True,16,20,telea,0.1594542747776356,7.9736383335138985,0.10569956266920709,6,0.010484459362096993,19.794539592960703,0.4385747837394304,21.05263157894737,0;22.5;45;67.5;90;112.5;135;157.5;180;202.5;225;247.5;270;292.5;315;337.5
val_images_circle,circle,test002.png,1,upright,0.0,False,100,521,521,80892.0,0.2980095148086548,inpaint,pnp_hqs,wavelet,15.0,linear25p0_to_10p0,0.1,0.5,0.0,0.15,G16_fixed,True,16,20,telea,0.1594542747776356,7.9736383335138985,0.10569956266920709,7,0.010450615831235629,19.808581168039236,0.43932955167074617,20.263157894736842,0;22.5;45;67.5;90;112.5;135;157.5;180;202.5;225;247.5;270;292.5;315;337.5
val_images_circle,circle,test002.png,1,upright,0.0,False,100,521,521,80892.0,0.2980095148086548,inpaint,pnp_hqs,wavelet,15.0,linear25p0_to_10p0,0.1,0.5,0.0,0.15,G16_fixed,True,16,20,telea,0.1594542747776356,7.9736383335138985,0.10569956266920709,8,0.010342930566130998,19.853563907996172,0.4411190228947238,19.473684210526315,0;22.5;45;67.5;90;112.5;135;157.5;180;202.5;225;247.5;270;292.5;315;337.5
val_images_circle,circle,test002.png,1,upright,0.0,False,100,521,521,80892.0,0.2980095148086548,inpaint,pnp_hqs,wavelet,15.0,linear25p0_to_10p0,0.1,0.5,0.0,0.15,G16_fixed,True,16,20,telea,0.1594542747776356,7.9736383335138985,0.10569956266920709,9,0.009698072243991216,20.133145850122173,0.45212057434604164,18.68421052631579,0;22.5;45;67.5;90;112.5;135;157.5;180;202.5;225;247.5;270;292.5;315;337.5
val_images_circle,circle,test002.png,1,upright,0.0,False,100,521,521,80892.0,0.2980095148086548,inpaint,pnp_hqs,wavelet,15.0,linear25p0_to_10p0,0.1,0.5,0.0,0.15,G16_fixed,True,16,20,telea,0.1594542747776356,7.9736383335138985,0.10569956266920709,10,0.008819014937789351,20.545799217813354,0.4719204116290857,17.894736842105267,0;22.5;45;67.5;90;112.5;135;157.5;180;202.5;225;247.5;270;292.5;315;337.5
val_images_circle,circle,test002.png,1,upright,0.0,False,100,521,521,80892.0,0.2980095148086548,inpaint,pnp_hqs,wavelet,15.0,linear25p0_to_10p0,0.1,0.5,0.0,0.15,G16_fixed,True,16,20,telea,0.1594542747776356,7.9736383335138985,0.10569956266920709,11,0.008130951674715593,20.89858620102222,0.4915737862674925,17.105263157894736,0;22.5;45;67.5;90;112.5;135;157.5;180;202.5;225;247.5;270;292.5;315;337.5
val_images_circle,circle,test002.png,1,upright,0.0,False,100,521,521,80892.0,0.2980095148086548,inpaint,pnp_hqs,wavelet,15.0,linear25p0_to_10p0,0.1,0.5,0.0,0.15,G16_fixed,True,16,20,telea,0.1594542747776356,7.9736383335138985,0.10569956266920709,12,0.007438915829709675,21.284903552450302,0.5122474255797854,16.31578947368421,0;22.5;45;67.5;90;112.5;135;157.5;180;202.5;225;247.5;270;292.5;315;337.5
val_images_circle,circle,test002.png,1,upright,0.0,False,100,521,521,80892.0,0.2980095148086548,inpaint,pnp_hqs,wavelet,15.0,linear25p0_to_10p0,0.1,0.5,0.0,0.15,G16_fixed,True,16,20,telea,0.1594542747776356,7.9736383335138985,0.10569956266920709,13,0.007042942595093999,21.522458513968935,0.5278456247991149,15.526315789473685,0;22.5;45;67.5;90;112.5;135;157.5;180;202.5;225;247.5;270;292.5;315;337.5
val_images_circle,circle,test002.png,1,upright,0.0,False,100,521,521,80892.0,0.2980095148086548,inpaint,pnp_hqs,wavelet,15.0,linear25p0_to_10p0,0.1,0.5,0.0,0.15,G16_fixed,True,16,20,telea,0.1594542747776356,7.9736383335138985,0.10569956266920709,14,0.006832652291693709,21.654106796199155,0.5373048999746576,14.736842105263158,0;22.5;45;67.5;90;112.5;135;157.5;180;202.5;225;247.5;270;292.5;315;337.5
val_images_circle,circle,test002.png,1,upright,0.0,False,100,521,521,80892.0,0.2980095148086548,inpaint,pnp_hqs,wavelet,15.0,linear25p0_to_10p0,0.1,0.5,0.0,0.15,G16_fixed,True,16,20,telea,0.1594542747776356,7.9736383335138985,0.10569956266920709,15,0.006709868197140941,21.73286010653152,0.5434609185704395,13.947368421052634,0;22.5;45;67.5;90;112.5;135;157.5;180;202.5;225;247.5;270;292.5;315;337.5
val_images_circle,circle,test002.png,1,upright,0.0,False,100,521,521,80892.0,0.2980095148086548,inpaint,pnp_hqs,wavelet,15.0,linear25p0_to_10p0,0.1,0.5,0.0,0.15,G16_fixed,True,16,20,telea,0.1594542747776356,7.9736383335138985,0.10569956266920709,16,0.006631116759073827,21.78413325070189,0.5477698080465312,13.157894736842106,0;22.5;45;67.5;90;112.5;135;157.5;180;202.5;225;247.5;270;292.5;315;337.5
val_images_circle,circle,test002.png,1,upright,0.0,False,100,521,521,80892.0,0.2980095148086548,inpaint,pnp_hqs,wavelet,15.0,linear25p0_to_10p0,0.1,0.5,0.0,0.15,G16_fixed,True,16,20,telea,0.1594542747776356,7.9736383335138985,0.10569956266920709,17,0.0065764158526472796,21.820107324510086,0.550956879620358,12.368421052631579,0;22.5;45;67.5;90;112.5;135;157.5;180;202.5;225;247.5;270;292.5;315;337.5
val_images_circle,circle,test002.png,1,upright,0.0,False,100,521,521,80892.0,0.2980095148086548,inpaint,pnp_hqs,wavelet,15.0,linear25p0_to_10p0,0.1,0.5,0.0,0.15,G16_fixed,True,16,20,telea,0.1594542747776356,7.9736383335138985,0.10569956266920709,18,0.0065361082934074135,21.8468076081474,0.5533842094242941,11.578947368421053,0;22.5;45;67.5;90;112.5;135;157.5;180;202.5;225;247.5;270;292.5;315;337.5
val_images_circle,circle,test002.png,1,upright,0.0,False,100,521,521,80892.0,0.2980095148086548,inpaint,pnp_hqs,wavelet,15.0,linear25p0_to_10p0,0.1,0.5,0.0,0.15,G16_fixed,True,16,20,telea,0.1594542747776356,7.9736383335138985,0.10569956266920709,19,0.006505052737900148,21.867491781667795,0.5552615196032982,10.789473684210527,0;22.5;45;67.5;90;112.5;135;157.5;180;202.5;225;247.5;270;292.5;315;337.5
val_images_circle,circle,test002.png,1,upright,0.0,False,100,521,521,80892.0,0.2980095148086548,inpaint,pnp_hqs,wavelet,15.0,linear25p0_to_10p0,0.1,0.5,0.0,0.15,G16_fixed,True,16,20,telea,0.1594542747776356,7.9736383335138985,0.10569956266920709,20,0.006480341241060611,21.884021244986,0.5567292848798397,10.0,0;22.5;45;67.5;90;112.5;135;157.5;180;202.5;225;247.5;270;292.5;315;337.5
val_images_circle,circle,test002.png,1,rot30_padded,30.0,False,100,521,521,80896.0,0.2980242371559143,inpaint,pnp_hqs,wavelet,15.0,linear25p0_to_10p0,0.1,0.5,0.0,0.15,vanilla,False,0,20,telea,0.15954600708394112,7.971140603085174,0.10325256782242015,1,0.0075550079345703125,21.2176507521135,0.5282721700547617,25.0,none
val_images_circle,circle,test002.png,1,rot30_padded,30.0,False,100,521,521,80896.0,0.2980242371559143,inpaint,pnp_hqs,wavelet,15.0,linear25p0_to_10p0,0.1,0.5,0.0,0.15,vanilla,False,0,20,telea,0.15954600708394112,7.971140603085174,0.10325256782242015,2,0.007652899132499212,21.161740107640643,0.5259256483633307,24.210526315789476,none
val_images_circle,circle,test002.png,1,rot30_padded,30.0,False,100,521,521,80896.0,0.2980242371559143,inpaint,pnp_hqs,wavelet,15.0,linear25p0_to_10p0,0.1,0.5,0.0,0.15,vanilla,False,0,20,telea,0.15954600708394112,7.971140603085174,0.10325256782242015,3,0.007660100731668593,21.157655192812108,0.5260274380068236,23.42105263157895,none
val_images_circle,circle,test002.png,1,rot30_padded,30.0,False,100,521,521,80896.0,0.2980242371559143,inpaint,pnp_hqs,wavelet,15.0,linear25p0_to_10p0,0.1,0.5,0.0,0.15,vanilla,False,0,20,telea,0.15954600708394112,7.971140603085174,0.10325256782242015,4,0.007669119140769862,21.15254515356329,0.5264459440979776,22.631578947368418,none
val_images_circle,circle,test002.png,1,rot30_padded,30.0,False,100,521,521,80896.0,0.2980242371559143,inpaint,pnp_hqs,wavelet,15.0,linear25p0_to_10p0,0.1,0.5,0.0,0.15,vanilla,False,0,20,telea,0.15954600708394112,7.971140603085174,0.10325256782242015,5,0.0076734514176091066,21.150092521563707,0.5270124507855766,21.842105263157894,none
val_images_circle,circle,test002.png,1,rot30_padded,30.0,False,100,521,521,80896.0,0.2980242371559143,inpaint,pnp_hqs,wavelet,15.0,linear25p0_to_10p0,0.1,0.5,0.0,0.15,vanilla,False,0,20,telea,0.15954600708394112,7.971140603085174,0.10325256782242015,6,0.00767408367953723,21.149734694896534,0.527559207964547,21.05263157894737,none
val_images_circle,circle,test002.png,1,rot30_padded,30.0,False,100,521,521,80896.0,0.2980242371559143,inpaint,pnp_hqs,wavelet,15.0,linear25p0_to_10p0,0.1,0.5,0.0,0.15,vanilla,False,0,20,telea,0.15954600708394112,7.971140603085174,0.10325256782242015,7,0.007672825191594377,21.150446961288335,0.5280020025712026,20.263157894736842,none
val_images_circle,circle,test002.png,1,rot30_padded,30.0,False,100,521,521,80896.0,0.2980242371559143,inpaint,pnp_hqs,wavelet,15.0,linear25p0_to_10p0,0.1,0.5,0.0,0.15,vanilla,False,0,20,telea,0.15954600708394112,7.971140603085174,0.10325256782242015,8,0.007670974429649643,21.151494649245237,0.528294913376434,19.473684210526315,none
val_images_circle,circle,test002.png,1,rot30_padded,30.0,False,100,521,521,80896.0,0.2980242371559143,inpaint,pnp_hqs,wavelet,15.0,linear25p0_to_10p0,0.1,0.5,0.0,0.15,vanilla,False,0,20,telea,0.15954600708394112,7.971140603085174,0.10325256782242015,9,0.00766943979866897,21.152363572025244,0.5284267377249802,18.68421052631579,none
val_images_circle,circle,test002.png,1,rot30_padded,30.0,False,100,521,521,80896.0,0.2980242371559143,inpaint,pnp_hqs,wavelet,15.0,linear25p0_to_10p0,0.1,0.5,0.0,0.15,vanilla,False,0,20,telea,0.15954600708394112,7.971140603085174,0.10325256782242015,10,0.007668711716615701,21.152775879881283,0.5283953026880192,17.894736842105267,none
val_images_circle,circle,test002.png,1,rot30_padded,30.0,False,100,521,521,80896.0,0.2980242371559143,inpaint,pnp_hqs,wavelet,15.0,linear25p0_to_10p0,0.1,0.5,0.0,0.15,vanilla,False,0,20,telea,0.15954600708394112,7.971140603085174,0.10325256782242015,11,0.007668996159034439,21.152614797438076,0.5282144184353985,17.105263157894736,none
val_images_circle,circle,test002.png,1,rot30_padded,30.0,False,100,521,521,80896.0,0.2980242371559143,inpaint,pnp_hqs,wavelet,15.0,linear25p0_to_10p0,0.1,0.5,0.0,0.15,vanilla,False,0,20,telea,0.15954600708394112,7.971140603085174,0.10325256782242015,12,0.007627079758463027,21.17641712051136,0.5284804814978491,16.31578947368421,none
val_images_circle,circle,test002.png,1,rot30_padded,30.0,False,100,521,521,80896.0,0.2980242371559143,inpaint,pnp_hqs,wavelet,15.0,linear25p0_to_10p0,0.1,0.5,0.0,0.15,vanilla,False,0,20,telea,0.15954600708394112,7.971140603085174,0.10325256782242015,13,0.007486639898034591,21.257130556201336,0.5327716296232199,15.526315789473685,none
val_images_circle,circle,test002.png,1,rot30_padded,30.0,False,100,521,521,80896.0,0.2980242371559143,inpaint,pnp_hqs,wavelet,15.0,linear25p0_to_10p0,0.1,0.5,0.0,0.15,vanilla,False,0,20,telea,0.15954600708394112,7.971140603085174,0.10325256782242015,14,0.006990849217282066,21.5547006488695,0.5445294440547123,14.736842105263158,none
val_images_circle,circle,test002.png,1,rot30_padded,30.0,False,100,521,521,80896.0,0.2980242371559143,inpaint,pnp_hqs,wavelet,15.0,linear25p0_to_10p0,0.1,0.5,0.0,0.15,vanilla,False,0,20,telea,0.15954600708394112,7.971140603085174,0.10325256782242015,15,0.006334348569942426,21.982980417160313,0.5675008749660058,13.947368421052634,none
val_images_circle,circle,test002.png,1,rot30_padded,30.0,False,100,521,521,80896.0,0.2980242371559143,inpaint,pnp_hqs,wavelet,15.0,linear25p0_to_10p0,0.1,0.5,0.0,0.15,vanilla,False,0,20,telea,0.15954600708394112,7.971140603085174,0.10325256782242015,16,0.005740696116338802,22.410354418956942,0.59197998046875,13.157894736842106,none
val_images_circle,circle,test002.png,1,rot30_padded,30.0,False,100,521,521,80896.0,0.2980242371559143,inpaint,pnp_hqs,wavelet,15.0,linear25p0_to_10p0,0.1,0.5,0.0,0.15,vanilla,False,0,20,telea,0.15954600708394112,7.971140603085174,0.10325256782242015,17,0.005382623853562753,22.690059683228636,0.610140353818483,12.368421052631579,none
val_images_circle,circle,test002.png,1,rot30_padded,30.0,False,100,521,521,80896.0,0.2980242371559143,inpaint,pnp_hqs,wavelet,15.0,linear25p0_to_10p0,0.1,0.5,0.0,0.15,vanilla,False,0,20,telea,0.15954600708394112,7.971140603085174,0.10325256782242015,18,0.005218419847609122,22.824609826975248,0.617881533465808,11.578947368421053,none
val_images_circle,circle,test002.png,1,rot30_padded,30.0,False,100,521,521,80896.0,0.2980242371559143,inpaint,pnp_hqs,wavelet,15.0,linear25p0_to_10p0,0.1,0.5,0.0,0.15,vanilla,False,0,20,telea,0.15954600708394112,7.971140603085174,0.10325256782242015,19,0.0050941102112395855,22.92931663295564,0.619830457470085,10.789473684210527,none
val_images_circle,circle,test002.png,1,rot30_padded,30.0,False,100,521,521,80896.0,0.2980242371559143,inpaint,pnp_hqs,wavelet,15.0,linear25p0_to_10p0,0.1,0.5,0.0,0.15,vanilla,False,0,20,telea,0.15954600708394112,7.971140603085174,0.10325256782242015,20,0.004680105025255227,23.297444009051453,0.6305742867385284,10.0,none
val_images_circle,circle,test002.png,1,rot30_padded,30.0,False,100,521,521,80896.0,0.2980242371559143,inpaint,pnp_hqs,wavelet,15.0,linear25p0_to_10p0,0.1,0.5,0.0,0.15,G16_fixed,False,16,20,telea,0.15954600708394112,7.971140603085174,0.10325256782242015,1,0.006136822172358066,22.120564611518766,0.5693041161645817,25.0,0;22.5;45;67.5;90;112.5;135;157.5;180;202.5;225;247.5;270;292.5;315;337.5
val_images_circle,circle,test002.png,1,rot30_padded,30.0,False,100,521,521,80896.0,0.2980242371559143,inpaint,pnp_hqs,wavelet,15.0,linear25p0_to_10p0,0.1,0.5,0.0,0.15,G16_fixed,False,16,20,telea,0.15954600708394112,7.971140603085174,0.10325256782242015,2,0.0063745236094993885,21.955522660306976,0.5537831753115111,24.210526315789476,0;22.5;45;67.5;90;112.5;135;157.5;180;202.5;225;247.5;270;292.5;315;337.5
val_images_circle,circle,test002.png,1,rot30_padded,30.0,False,100,521,521,80896.0,0.2980242371559143,inpaint,pnp_hqs,wavelet,15.0,linear25p0_to_10p0,0.1,0.5,0.0,0.15,G16_fixed,False,16,20,telea,0.15954600708394112,7.971140603085174,0.10325256782242015,3,0.006436592415918278,21.913439908122974,0.5498437036441851,23.42105263157895,0;22.5;45;67.5;90;112.5;135;157.5;180;202.5;225;247.5;270;292.5;315;337.5
val_images_circle,circle,test002.png,1,rot30_padded,30.0,False,100,521,521,80896.0,0.2980242371559143,inpaint,pnp_hqs,wavelet,15.0,linear25p0_to_10p0,0.1,0.5,0.0,0.15,G16_fixed,False,16,20,telea,0.15954600708394112,7.971140603085174,0.10325256782242015,4,0.0064499906346767765,21.904409159556085,0.5492707264574268,22.631578947368418,0;22.5;45;67.5;90;112.5;135;157.5;180;202.5;225;247.5;270;292.5;315;337.5
val_images_circle,circle,test002.png,1,rot30_padded,30.0,False,100,521,521,80896.0,0.2980242371559143,inpaint,pnp_hqs,wavelet,15.0,linear25p0_to_10p0,0.1,0.5,0.0,0.15,G16_fixed,False,16,20,telea,0.15954600708394112,7.971140603085174,0.10325256782242015,5,0.0064445070073574405,21.908102997494222,0.5499067185800287,21.842105263157894,0;22.5;45;67.5;90;112.5;135;157.5;180;202.5;225;247.5;270;292.5;315;337.5
val_images_circle,circle,test002.png,1,rot30_padded,30.0,False,100,521,521,80896.0,0.2980242371559143,inpaint,pnp_hqs,wavelet,15.0,linear25p0_to_10p0,0.1,0.5,0.0,0.15,G16_fixed,False,16,20,telea,0.15954600708394112,7.971140603085174,0.10325256782242015,6,0.006429671486721763,21.918112160569116,0.5509993637664409,21.05263157894737,0;22.5;45;67.5;90;112.5;135;157.5;180;202.5;225;247.5;270;292.5;315;337.5
val_images_circle,circle,test002.png,1,rot30_padded,30.0,False,100,521,521,80896.0,0.2980242371559143,inpaint,pnp_hqs,wavelet,15.0,linear25p0_to_10p0,0.1,0.5,0.0,0.15,G16_fixed,False,16,20,telea,0.15954600708394112,7.971140603085174,0.10325256782242015,7,0.00639635249029232,21.940676111592758,0.552504141119462,20.263157894736842,0;22.5;45;67.5;90;112.5;135;157.5;180;202.5;225;247.5;270;292.5;315;337.5
val_images_circle,circle,test002.png,1,rot30_padded,30.0,False,100,521,521,80896.0,0.2980242371559143,inpaint,pnp_hqs,wavelet,15.0,linear25p0_to_10p0,0.1,0.5,0.0,0.15,G16_fixed,False,16,20,telea,0.15954600708394112,7.971140603085174,0.10325256782242015,8,0.006215833410432067,22.065006335088782,0.556071365935893,19.473684210526315,0;22.5;45;67.5;90;112.5;135;157.5;180;202.5;225;247.5;270;292.5;315;337.5
val_images_circle,circle,test002.png,1,rot30_padded,30.0,False,100,521,521,80896.0,0.2980242371559143,inpaint,pnp_hqs,wavelet,15.0,linear25p0_to_10p0,0.1,0.5,0.0,0.15,G16_fixed,False,16,20,telea,0.15954600708394112,7.971140603085174,0.10325256782242015,9,0.005815273221535019,22.35429875807853,0.5661124217359326,18.68421052631579,0;22.5;45;67.5;90;112.5;135;157.5;180;202.5;225;247.5;270;292.5;315;337.5
val_images_circle,circle,test002.png,1,rot30_padded,30.0,False,100,521,521,80896.0,0.2980242371559143,inpaint,pnp_hqs,wavelet,15.0,linear25p0_to_10p0,0.1,0.5,0.0,0.15,G16_fixed,False,16,20,telea,0.15954600708394112,7.971140603085174,0.10325256782242015,10,0.0053383643868603285,22.725917854002105,0.5826438710659365,17.894736842105267,0;22.5;45;67.5;90;112.5;135;157.5;180;202.5;225;247.5;270;292.5;315;337.5
val_images_circle,circle,test002.png,1,rot30_padded,30.0,False,100,521,521,80896.0,0.2980242371559143,inpaint,pnp_hqs,wavelet,15.0,linear25p0_to_10p0,0.1,0.5,0.0,0.15,G16_fixed,False,16,20,telea,0.15954600708394112,7.971140603085174,0.10325256782242015,11,0.004849542545366891,23.142992262209944,0.6040785584268691,17.105263157894736,0;22.5;45;67.5;90;112.5;135;157.5;180;202.5;225;247.5;270;292.5;315;337.5
val_images_circle,circle,test002.png,1,rot30_padded,30.0,False,100,521,521,80896.0,0.2980242371559143,inpaint,pnp_hqs,wavelet,15.0,linear25p0_to_10p0,0.1,0.5,0.0,0.15,G16_fixed,False,16,20,telea,0.15954600708394112,7.971140603085174,0.10325256782242015,12,0.004497890985464748,23.469910746862563,0.6248446597328668,16.31578947368421,0;22.5;45;67.5;90;112.5;135;157.5;180;202.5;225;247.5;270;292.5;315;337.5
val_images_circle,circle,test002.png,1,rot30_padded,30.0,False,100,521,521,80896.0,0.2980242371559143,inpaint,pnp_hqs,wavelet,15.0,linear25p0_to_10p0,0.1,0.5,0.0,0.15,G16_fixed,False,16,20,telea,0.15954600708394112,7.971140603085174,0.10325256782242015,13,0.0042589099346836915,23.707015440735795,0.6417381672919551,15.526315789473685,0;22.5;45;67.5;90;112.5;135;157.5;180;202.5;225;247.5;270;292.5;315;337.5
val_images_circle,circle,test002.png,1,rot30_padded,30.0,False,100,521,521,80896.0,0.2980242371559143,inpaint,pnp_hqs,wavelet,15.0,linear25p0_to_10p0,0.1,0.5,0.0,0.15,G16_fixed,False,16,20,telea,0.15954600708394112,7.971140603085174,0.10325256782242015,14,0.004090759573103507,23.881960446137796,0.6549475947512856,14.736842105263158,0;22.5;45;67.5;90;112.5;135;157.5;180;202.5;225;247.5;270;292.5;315;337.5
val_images_circle,circle,test002.png,1,rot30_padded,30.0,False,100,521,521,80896.0,0.2980242371559143,inpaint,pnp_hqs,wavelet,15.0,linear25p0_to_10p0,0.1,0.5,0.0,0.15,G16_fixed,False,16,20,telea,0.15954600708394112,7.971140603085174,0.10325256782242015,15,0.0039675820477401156,24.014740834735942,0.6651678447481952,13.947368421052634,0;22.5;45;67.5;90;112.5;135;157.5;180;202.5;225;247.5;270;292.5;315;337.5
val_images_circle,circle,test002.png,1,rot30_padded,30.0,False,100,521,521,80896.0,0.2980242371559143,inpaint,pnp_hqs,wavelet,15.0,linear25p0_to_10p0,0.1,0.5,0.0,0.15,G16_fixed,False,16,20,telea,0.15954600708394112,7.971140603085174,0.10325256782242015,16,0.003874947753133653,24.117341488166957,0.6729379484925089,13.157894736842106,0;22.5;45;67.5;90;112.5;135;157.5;180;202.5;225;247.5;270;292.5;315;337.5
val_images_circle,circle,test002.png,1,rot30_padded,30.0,False,100,521,521,80896.0,0.2980242371559143,inpaint,pnp_hqs,wavelet,15.0,linear25p0_to_10p0,0.1,0.5,0.0,0.15,G16_fixed,False,16,20,telea,0.15954600708394112,7.971140603085174,0.10325256782242015,17,0.0037690261496773248,24.23770849384789,0.6797042074082773,12.368421052631579,0;22.5;45;67.5;90;112.5;135;157.5;180;202.5;225;247.5;270;292.5;315;337.5
val_images_circle,circle,test002.png,1,rot30_padded,30.0,False,100,521,521,80896.0,0.2980242371559143,inpaint,pnp_hqs,wavelet,15.0,linear25p0_to_10p0,0.1,0.5,0.0,0.15,G16_fixed,False,16,20,telea,0.15954600708394112,7.971140603085174,0.10325256782242015,18,0.003382222939141189,24.70797769284769,0.695572333999827,11.578947368421053,0;22.5;45;67.5;90;112.5;135;157.5;180;202.5;225;247.5;270;292.5;315;337.5
val_images_circle,circle,test002.png,1,rot30_padded,30.0,False,100,521,521,80896.0,0.2980242371559143,inpaint,pnp_hqs,wavelet,15.0,linear25p0_to_10p0,0.1,0.5,0.0,0.15,G16_fixed,False,16,20,telea,0.15954600708394112,7.971140603085174,0.10325256782242015,19,0.003019489819490457,25.200664303201354,0.7188523208038716,10.789473684210527,0;22.5;45;67.5;90;112.5;135;157.5;180;202.5;225;247.5;270;292.5;315;337.5
val_images_circle,circle,test002.png,1,rot30_padded,30.0,False,100,521,521,80896.0,0.2980242371559143,inpaint,pnp_hqs,wavelet,15.0,linear25p0_to_10p0,0.1,0.5,0.0,0.15,G16_fixed,False,16,20,telea,0.15954600708394112,7.971140603085174,0.10325256782242015,20,0.0028246580799923668,25.490341152638965,0.7301768049409118,10.0,0;22.5;45;67.5;90;112.5;135;157.5;180;202.5;225;247.5;270;292.5;315;337.5
val_images_circle,circle,test002.png,1,rot45_padded,45.0,False,100,521,521,80887.0,0.2979910969734192,inpaint,pnp_hqs,wavelet,15.0,linear25p0_to_10p0,0.1,0.5,0.0,0.15,vanilla,False,0,20,telea,0.16065408716403748,7.941082211849261,0.1017718849869262,1,0.007306195016369287,21.363087398160374,0.5262395378738239,25.0,none
val_images_circle,circle,test002.png,1,rot45_padded,45.0,False,100,521,521,80887.0,0.2979910969734192,inpaint,pnp_hqs,wavelet,15.0,linear25p0_to_10p0,0.1,0.5,0.0,0.15,vanilla,False,0,20,telea,0.16065408716403748,7.941082211849261,0.1017718849869262,2,0.007346426591601169,21.33923856687799,0.5259896232552821,24.210526315789476,none
val_images_circle,circle,test002.png,1,rot45_padded,45.0,False,100,521,521,80887.0,0.2979910969734192,inpaint,pnp_hqs,wavelet,15.0,linear25p0_to_10p0,0.1,0.5,0.0,0.15,vanilla,False,0,20,telea,0.16065408716403748,7.941082211849261,0.1017718849869262,3,0.007395798311079423,21.31014940884905,0.525729374003239,23.42105263157895,none
val_images_circle,circle,test002.png,1,rot45_padded,45.0,False,100,521,521,80887.0,0.2979910969734192,inpaint,pnp_hqs,wavelet,15.0,linear25p0_to_10p0,0.1,0.5,0.0,0.15,vanilla,False,0,20,telea,0.16065408716403748,7.941082211849261,0.1017718849869262,4,0.007430659589390523,21.28972633975834,0.5259072359433531,22.631578947368418,none
val_images_circle,circle,test002.png,1,rot45_padded,45.0,False,100,521,521,80887.0,0.2979910969734192,inpaint,pnp_hqs,wavelet,15.0,linear25p0_to_10p0,0.1,0.5,0.0,0.15,vanilla,False,0,20,telea,0.16065408716403748,7.941082211849261,0.1017718849869262,5,0.007452284145967136,21.277105943725537,0.5263169027470421,21.842105263157894,none
val_images_circle,circle,test002.png,1,rot45_padded,45.0,False,100,521,521,80887.0,0.2979910969734192,inpaint,pnp_hqs,wavelet,15.0,linear25p0_to_10p0,0.1,0.5,0.0,0.15,vanilla,False,0,20,telea,0.16065408716403748,7.941082211849261,0.1017718849869262,6,0.007465163200041029,21.26960693484499,0.5267913300344925,21.05263157894737,none
val_images_circle,circle,test002.png,1,rot45_padded,45.0,False,100,521,521,80887.0,0.2979910969734192,inpaint,pnp_hqs,wavelet,15.0,linear25p0_to_10p0,0.1,0.5,0.0,0.15,vanilla,False,0,20,telea,0.16065408716403748,7.941082211849261,0.1017718849869262,7,0.007472739114202143,21.2652017942457,0.5272232597636208,20.263157894736842,none
val_images_circle,circle,test002.png,1,rot45_padded,45.0,False,100,521,521,80887.0,0.2979910969734192,inpaint,pnp_hqs,wavelet,15.0,linear25p0_to_10p0,0.1,0.5,0.0,0.15,vanilla,False,0,20,telea,0.16065408716403748,7.941082211849261,0.1017718849869262,8,0.007477360120011173,21.26251702626366,0.527568504132308,19.473684210526315,none
val_images_circle,circle,test002.png,1,rot45_padded,45.0,False,100,521,521,80887.0,0.2979910969734192,inpaint,pnp_hqs,wavelet,15.0,linear25p0_to_10p0,0.1,0.5,0.0,0.15,vanilla,False,0,20,telea,0.16065408716403748,7.941082211849261,0.1017718849869262,9,0.00748050140792479,21.260692909862446,0.5278061524101524,18.68421052631579,none
val_images_circle,circle,test002.png,1,rot45_padded,45.0,False,100,521,521,80887.0,0.2979910969734192,inpaint,pnp_hqs,wavelet,15.0,linear25p0_to_10p0,0.1,0.5,0.0,0.15,vanilla,False,0,20,telea,0.16065408716403748,7.941082211849261,0.1017718849869262,10,0.007483036019047019,21.259221643271836,0.527928043134249,17.894736842105267,none
val_images_circle,circle,test002.png,1,rot45_padded,45.0,False,100,521,521,80887.0,0.2979910969734192,inpaint,pnp_hqs,wavelet,15.0,linear25p0_to_10p0,0.1,0.5,0.0,0.15,vanilla,False,0,20,telea,0.16065408716403748,7.941082211849261,0.1017718849869262,11,0.007485504982307494,21.25778896238507,0.5279325826461607,17.105263157894736,none
val_images_circle,circle,test002.png,1,rot45_padded,45.0,False,100,521,521,80887.0,0.2979910969734192,inpaint,pnp_hqs,wavelet,15.0,linear25p0_to_10p0,0.1,0.5,0.0,0.15,vanilla,False,0,20,telea,0.16065408716403748,7.941082211849261,0.1017718849869262,12,0.007488242573599976,21.25620095537368,0.5278222821652429,16.31578947368421,none
val_images_circle,circle,test002.png,1,rot45_padded,45.0,False,100,521,521,80887.0,0.2979910969734192,inpaint,pnp_hqs,wavelet,15.0,linear25p0_to_10p0,0.1,0.5,0.0,0.15,vanilla,False,0,20,telea,0.16065408716403748,7.941082211849261,0.1017718849869262,13,0.007403258775552623,21.305770699031733,0.529377064994993,15.526315789473685,none
val_images_circle,circle,test002.png,1,rot45_padded,45.0,False,100,521,521,80887.0,0.2979910969734192,inpaint,pnp_hqs,wavelet,15.0,linear25p0_to_10p0,0.1,0.5,0.0,0.15,vanilla,False,0,20,telea,0.16065408716403748,7.941082211849261,0.1017718849869262,14,0.006968725769147854,21.568466253479674,0.539770132638743,14.736842105263158,none
val_images_circle,circle,test002.png,1,rot45_padded,45.0,False,100,521,521,80887.0,0.2979910969734192,inpaint,pnp_hqs,wavelet,15.0,linear25p0_to_10p0,0.1,0.5,0.0,0.15,vanilla,False,0,20,telea,0.16065408716403748,7.941082211849261,0.1017718849869262,15,0.006116604073115697,22.134896304104995,0.5677386933314377,13.947368421052634,none
val_images_circle,circle,test002.png,1,rot45_padded,45.0,False,100,521,521,80887.0,0.2979910969734192,inpaint,pnp_hqs,wavelet,15.0,linear25p0_to_10p0,0.1,0.5,0.0,0.15,vanilla,False,0,20,telea,0.16065408716403748,7.941082211849261,0.1017718849869262,16,0.005521900470766702,22.579114255465132,0.5974742831820935,13.157894736842106,none
val_images_circle,circle,test002.png,1,rot45_padded,45.0,False,100,521,521,80887.0,0.2979910969734192,inpaint,pnp_hqs,wavelet,15.0,linear25p0_to_10p0,0.1,0.5,0.0,0.15,vanilla,False,0,20,telea,0.16065408716403748,7.941082211849261,0.1017718849869262,17,0.005224624692834409,22.81944901328902,0.613963770445189,12.368421052631579,none
val_images_circle,circle,test002.png,1,rot45_padded,45.0,False,100,521,521,80887.0,0.2979910969734192,inpaint,pnp_hqs,wavelet,15.0,linear25p0_to_10p0,0.1,0.5,0.0,0.15,vanilla,False,0,20,telea,0.16065408716403748,7.941082211849261,0.1017718849869262,18,0.005108276308330796,22.917256196431737,0.6187853116075512,11.578947368421053,none
val_images_circle,circle,test002.png,1,rot45_padded,45.0,False,100,521,521,80887.0,0.2979910969734192,inpaint,pnp_hqs,wavelet,15.0,linear25p0_to_10p0,0.1,0.5,0.0,0.15,vanilla,False,0,20,telea,0.16065408716403748,7.941082211849261,0.1017718849869262,19,0.005082520841188942,22.939208318350698,0.6170956473228084,10.789473684210527,none
val_images_circle,circle,test002.png,1,rot45_padded,45.0,False,100,521,521,80887.0,0.2979910969734192,inpaint,pnp_hqs,wavelet,15.0,linear25p0_to_10p0,0.1,0.5,0.0,0.15,vanilla,False,0,20,telea,0.16065408716403748,7.941082211849261,0.1017718849869262,20,0.004681503709215866,23.296146281817215,0.6248362395224202,10.0,none
val_images_circle,circle,test002.png,1,rot45_padded,45.0,False,100,521,521,80887.0,0.2979910969734192,inpaint,pnp_hqs,wavelet,15.0,linear25p0_to_10p0,0.1,0.5,0.0,0.15,G16_fixed,False,16,20,telea,0.16065408716403748,7.941082211849261,0.1017718849869262,1,0.005895003301891257,22.295159473131243,0.5690352552017012,25.0,0;22.5;45;67.5;90;112.5;135;157.5;180;202.5;225;247.5;270;292.5;315;337.5
val_images_circle,circle,test002.png,1,rot45_padded,45.0,False,100,521,521,80887.0,0.2979910969734192,inpaint,pnp_hqs,wavelet,15.0,linear25p0_to_10p0,0.1,0.5,0.0,0.15,G16_fixed,False,16,20,telea,0.16065408716403748,7.941082211849261,0.1017718849869262,2,0.006230492926522881,22.0547759269872,0.5531270186340203,24.210526315789476,0;22.5;45;67.5;90;112.5;135;157.5;180;202.5;225;247.5;270;292.5;315;337.5
val_images_circle,circle,test002.png,1,rot45_padded,45.0,False,100,521,521,80887.0,0.2979910969734192,inpaint,pnp_hqs,wavelet,15.0,linear25p0_to_10p0,0.1,0.5,0.0,0.15,G16_fixed,False,16,20,telea,0.16065408716403748,7.941082211849261,0.1017718849869262,3,0.0063418815018849595,21.977818770295656,0.5490607749854736,23.42105263157895,0;22.5;45;67.5;90;112.5;135;157.5;180;202.5;225;247.5;270;292.5;315;337.5
val_images_circle,circle,test002.png,1,rot45_padded,45.0,False,100,521,521,80887.0,0.2979910969734192,inpaint,pnp_hqs,wavelet,15.0,linear25p0_to_10p0,0.1,0.5,0.0,0.15,G16_fixed,False,16,20,telea,0.16065408716403748,7.941082211849261,0.1017718849869262,4,0.006380893686949077,21.95118491164476,0.5484268369762756,22.631578947368418,0;22.5;45;67.5;90;112.5;135;157.5;180;202.5;225;247.5;270;292.5;315;337.5
val_images_circle,circle,test002.png,1,rot45_padded,45.0,False,100,521,521,80887.0,0.2979910969734192,inpaint,pnp_hqs,wavelet,15.0,linear25p0_to_10p0,0.1,0.5,0.0,0.15,G16_fixed,False,16,20,telea,0.16065408716403748,7.941082211849261,0.1017718849869262,5,0.006389231719965044,21.945513609088255,0.5490170218174738,21.842105263157894,0;22.5;45;67.5;90;112.5;135;157.5;180;202.5;225;247.5;270;292.5;315;337.5
val_images_circle,circle,test002.png,1,rot45_padded,45.0,False,100,521,521,80887.0,0.2979910969734192,inpaint,pnp_hqs,wavelet,15.0,linear25p0_to_10p0,0.1,0.5,0.0,0.15,G16_fixed,False,16,20,telea,0.16065408716403748,7.941082211849261,0.1017718849869262,6,0.006379911232742128,21.95185363817781,0.5500962666281356,21.05263157894737,0;22.5;45;67.5;90;112.5;135;157.5;180;202.5;225;247.5;270;292.5;315;337.5
val_images_circle,circle,test002.png,1,rot45_padded,45.0,False,100,521,521,80887.0,0.2979910969734192,inpaint,pnp_hqs,wavelet,15.0,linear25p0_to_10p0,0.1,0.5,0.0,0.15,G16_fixed,False,16,20,telea,0.16065408716403748,7.941082211849261,0.1017718849869262,7,0.006342058071995886,21.977697856088515,0.5516833089680666,20.263157894736842,0;22.5;45;67.5;90;112.5;135;157.5;180;202.5;225;247.5;270;292.5;315;337.5
val_images_circle,circle,test002.png,1,rot45_padded,45.0,False,100,521,521,80887.0,0.2979910969734192,inpaint,pnp_hqs,wavelet,15.0,linear25p0_to_10p0,0.1,0.5,0.0,0.15,G16_fixed,False,16,20,telea,0.16065408716403748,7.941082211849261,0.1017718849869262,8,0.006200721621217138,22.075577656830568,0.5551617824094106,19.473684210526315,0;22.5;45;67.5;90;112.5;135;157.5;180;202.5;225;247.5;270;292.5;315;337.5
val_images_circle,circle,test002.png,1,rot45_padded,45.0,False,100,521,521,80887.0,0.2979910969734192,inpaint,pnp_hqs,wavelet,15.0,linear25p0_to_10p0,0.1,0.5,0.0,0.15,G16_fixed,False,16,20,telea,0.16065408716403748,7.941082211849261,0.1017718849869262,9,0.005767815097180325,22.38988670542686,0.5650117988675559,18.68421052631579,0;22.5;45;67.5;90;112.5;135;157.5;180;202.5;225;247.5;270;292.5;315;337.5
val_images_circle,circle,test002.png,1,rot45_padded,45.0,False,100,521,521,80887.0,0.2979910969734192,inpaint,pnp_hqs,wavelet,15.0,linear25p0_to_10p0,0.1,0.5,0.0,0.15,G16_fixed,False,16,20,telea,0.16065408716403748,7.941082211849261,0.1017718849869262,10,0.005250827999125129,22.79772207623109,0.5826834426422045,17.894736842105267,0;22.5;45;67.5;90;112.5;135;157.5;180;202.5;225;247.5;270;292.5;315;337.5
val_images_circle,circle,test002.png,1,rot45_padded,45.0,False,100,521,521,80887.0,0.2979910969734192,inpaint,pnp_hqs,wavelet,15.0,linear25p0_to_10p0,0.1,0.5,0.0,0.15,G16_fixed,False,16,20,telea,0.16065408716403748,7.941082211849261,0.1017718849869262,11,0.004761386215661007,23.22266589681228,0.6044617510384858,17.105263157894736,0;22.5;45;67.5;90;112.5;135;157.5;180;202.5;225;247.5;270;292.5;315;337.5
val_images_circle,circle,test002.png,1,rot45_padded,45.0,False,100,521,521,80887.0,0.2979910969734192,inpaint,pnp_hqs,wavelet,15.0,linear25p0_to_10p0,0.1,0.5,0.0,0.15,G16_fixed,False,16,20,telea,0.16065408716403748,7.941082211849261,0.1017718849869262,12,0.004413089598688796,23.552572550089344,0.6250860092629223,16.31578947368421,0;22.5;45;67.5;90;112.5;135;157.5;180;202.5;225;247.5;270;292.5;315;337.5
val_images_circle,circle,test002.png,1,rot45_padded,45.0,False,100,521,521,80887.0,0.2979910969734192,inpaint,pnp_hqs,wavelet,15.0,linear25p0_to_10p0,0.1,0.5,0.0,0.15,G16_fixed,False,16,20,telea,0.16065408716403748,7.941082211849261,0.1017718849869262,13,0.004175827662283687,23.792574331053252,0.6418996369935837,15.526315789473685,0;22.5;45;67.5;90;112.5;135;157.5;180;202.5;225;247.5;270;292.5;315;337.5
val_images_circle,circle,test002.png,1,rot45_padded,45.0,False,100,521,521,80887.0,0.2979910969734192,inpaint,pnp_hqs,wavelet,15.0,linear25p0_to_10p0,0.1,0.5,0.0,0.15,G16_fixed,False,16,20,telea,0.16065408716403748,7.941082211849261,0.1017718849869262,14,0.004008691224548792,23.969973946447347,0.6549737210552994,14.736842105263158,0;22.5;45;67.5;90;112.5;135;157.5;180;202.5;225;247.5;270;292.5;315;337.5
val_images_circle,circle,test002.png,1,rot45_padded,45.0,False,100,521,521,80887.0,0.2979910969734192,inpaint,pnp_hqs,wavelet,15.0,linear25p0_to_10p0,0.1,0.5,0.0,0.15,G16_fixed,False,16,20,telea,0.16065408716403748,7.941082211849261,0.1017718849869262,15,0.003886439059926,24.104481377218697,0.6650430828656027,13.947368421052634,0;22.5;45;67.5;90;112.5;135;157.5;180;202.5;225;247.5;270;292.5;315;337.5
val_images_circle,circle,test002.png,1,rot45_padded,45.0,False,100,521,521,80887.0,0.2979910969734192,inpaint,pnp_hqs,wavelet,15.0,linear25p0_to_10p0,0.1,0.5,0.0,0.15,G16_fixed,False,16,20,telea,0.16065408716403748,7.941082211849261,0.1017718849869262,16,0.0037945769505703174,24.208366356510385,0.6726948648268573,13.157894736842106,0;22.5;45;67.5;90;112.5;135;157.5;180;202.5;225;247.5;270;292.5;315;337.5
val_images_circle,circle,test002.png,1,rot45_padded,45.0,False,100,521,521,80887.0,0.2979910969734192,inpaint,pnp_hqs,wavelet,15.0,linear25p0_to_10p0,0.1,0.5,0.0,0.15,G16_fixed,False,16,20,telea,0.16065408716403748,7.941082211849261,0.1017718849869262,17,0.0036879169076873834,24.33218872580281,0.6793333697782091,12.368421052631579,0;22.5;45;67.5;90;112.5;135;157.5;180;202.5;225;247.5;270;292.5;315;337.5
val_images_circle,circle,test002.png,1,rot45_padded,45.0,False,100,521,521,80887.0,0.2979910969734192,inpaint,pnp_hqs,wavelet,15.0,linear25p0_to_10p0,0.1,0.5,0.0,0.15,G16_fixed,False,16,20,telea,0.16065408716403748,7.941082211849261,0.1017718849869262,18,0.0033115909174652987,24.7996331719524,0.6944755395644541,11.578947368421053,0;22.5;45;67.5;90;112.5;135;157.5;180;202.5;225;247.5;270;292.5;315;337.5
val_images_circle,circle,test002.png,1,rot45_padded,45.0,False,100,521,521,80887.0,0.2979910969734192,inpaint,pnp_hqs,wavelet,15.0,linear25p0_to_10p0,0.1,0.5,0.0,0.15,G16_fixed,False,16,20,telea,0.16065408716403748,7.941082211849261,0.1017718849869262,19,0.0029539185407888666,25.29601485250774,0.7166993962255986,10.789473684210527,0;22.5;45;67.5;90;112.5;135;157.5;180;202.5;225;247.5;270;292.5;315;337.5
val_images_circle,circle,test002.png,1,rot45_padded,45.0,False,100,521,521,80887.0,0.2979910969734192,inpaint,pnp_hqs,wavelet,15.0,linear25p0_to_10p0,0.1,0.5,0.0,0.15,G16_fixed,False,16,20,telea,0.16065408716403748,7.941082211849261,0.1017718849869262,20,0.002762043611839472,25.587694683237537,0.7269212663190624,10.0,0;22.5;45;67.5;90;112.5;135;157.5;180;202.5;225;247.5;270;292.5;315;337.5
val_images_circle,circle,test002.png,1,rot60_padded,60.0,False,100,521,521,80896.0,0.2980242371559143,inpaint,pnp_hqs,wavelet,15.0,linear25p0_to_10p0,0.1,0.5,0.0,0.15,vanilla,False,0,20,telea,0.1602454004408438,7.952144272807749,0.10298376445528827,1,0.007241296617290642,21.401836626265762,0.5250462399253363,25.0,none
val_images_circle,circle,test002.png,1,rot60_padded,60.0,False,100,521,521,80896.0,0.2980242371559143,inpaint,pnp_hqs,wavelet,15.0,linear25p0_to_10p0,0.1,0.5,0.0,0.15,vanilla,False,0,20,telea,0.1602454004408438,7.952144272807749,0.10298376445528827,2,0.007267773905886879,21.38598591676748,0.5239727165125594,24.210526315789476,none
val_images_circle,circle,test002.png,1,rot60_padded,60.0,False,100,521,521,80896.0,0.2980242371559143,inpaint,pnp_hqs,wavelet,15.0,linear25p0_to_10p0,0.1,0.5,0.0,0.15,vanilla,False,0,20,telea,0.1602454004408438,7.952144272807749,0.10298376445528827,3,0.0072943756851968885,21.370118728009224,0.523732390584825,23.42105263157895,none
val_images_circle,circle,test002.png,1,rot60_padded,60.0,False,100,521,521,80896.0,0.2980242371559143,inpaint,pnp_hqs,wavelet,15.0,linear25p0_to_10p0,0.1,0.5,0.0,0.15,vanilla,False,0,20,telea,0.1602454004408438,7.952144272807749,0.10298376445528827,4,0.0073146359829963006,21.35807281911834,0.5238836264308495,22.631578947368418,none
val_images_circle,circle,test002.png,1,rot60_padded,60.0,False,100,521,521,80896.0,0.2980242371559143,inpaint,pnp_hqs,wavelet,15.0,linear25p0_to_10p0,0.1,0.5,0.0,0.15,vanilla,False,0,20,telea,0.1602454004408438,7.952144272807749,0.10298376445528827,5,0.007326368289657786,21.35111253546729,0.5241876433167276,21.842105263157894,none
val_images_circle,circle,test002.png,1,rot60_padded,60.0,False,100,521,521,80896.0,0.2980242371559143,inpaint,pnp_hqs,wavelet,15.0,linear25p0_to_10p0,0.1,0.5,0.0,0.15,vanilla,False,0,20,telea,0.1602454004408438,7.952144272807749,0.10298376445528827,6,0.007332137113885034,21.34769422154055,0.5245012210894234,21.05263157894737,none
val_images_circle,circle,test002.png,1,rot60_padded,60.0,False,100,521,521,80896.0,0.2980242371559143,inpaint,pnp_hqs,wavelet,15.0,linear25p0_to_10p0,0.1,0.5,0.0,0.15,vanilla,False,0,20,telea,0.1602454004408438,7.952144272807749,0.10298376445528827,7,0.007334583922277523,21.346245178649,0.5247474863559385,20.263157894736842,none
val_images_circle,circle,test002.png,1,rot60_padded,60.0,False,100,521,521,80896.0,0.2980242371559143,inpaint,pnp_hqs,wavelet,15.0,linear25p0_to_10p0,0.1,0.5,0.0,0.15,vanilla,False,0,20,telea,0.1602454004408438,7.952144272807749,0.10298376445528827,8,0.007335407069966763,21.345757804798815,0.5248916722551177,19.473684210526315,none
val_images_circle,circle,test002.png,1,rot60_padded,60.0,False,100,521,521,80896.0,0.2980242371559143,inpaint,pnp_hqs,wavelet,15.0,linear25p0_to_10p0,0.1,0.5,0.0,0.15,vanilla,False,0,20,telea,0.1602454004408438,7.952144272807749,0.10298376445528827,9,0.007335653787926782,21.34561173731307,0.5249208377886422,18.68421052631579,none
val_images_circle,circle,test002.png,1,rot60_padded,60.0,False,100,521,521,80896.0,0.2980242371559143,inpaint,pnp_hqs,wavelet,15.0,linear25p0_to_10p0,0.1,0.5,0.0,0.15,vanilla,False,0,20,telea,0.1602454004408438,7.952144272807749,0.10298376445528827,10,0.007335978972760937,21.34541922161779,0.5248293333415743,17.894736842105267,none
val_images_circle,circle,test002.png,1,rot60_padded,60.0,False,100,521,521,80896.0,0.2980242371559143,inpaint,pnp_hqs,wavelet,15.0,linear25p0_to_10p0,0.1,0.5,0.0,0.15,vanilla,False,0,20,telea,0.1602454004408438,7.952144272807749,0.10298376445528827,11,0.007336767413948155,21.344952484650868,0.5246201527269581,17.105263157894736,none
val_images_circle,circle,test002.png,1,rot60_padded,60.0,False,100,521,521,80896.0,0.2980242371559143,inpaint,pnp_hqs,wavelet,15.0,linear25p0_to_10p0,0.1,0.5,0.0,0.15,vanilla,False,0,20,telea,0.1602454004408438,7.952144272807749,0.10298376445528827,12,0.0072867372367955464,21.374668910580624,0.5250868495506577,16.31578947368421,none
val_images_circle,circle,test002.png,1,rot60_padded,60.0,False,100,521,521,80896.0,0.2980242371559143,inpaint,pnp_hqs,wavelet,15.0,linear25p0_to_10p0,0.1,0.5,0.0,0.15,vanilla,False,0,20,telea,0.1602454004408438,7.952144272807749,0.10298376445528827,13,0.007145443294621721,21.45970822935141,0.5297527071795886,15.526315789473685,none
val_images_circle,circle,test002.png,1,rot60_padded,60.0,False,100,521,521,80896.0,0.2980242371559143,inpaint,pnp_hqs,wavelet,15.0,linear25p0_to_10p0,0.1,0.5,0.0,0.15,vanilla,False,0,20,telea,0.1602454004408438,7.952144272807749,0.10298376445528827,14,0.0068464641329608385,21.645336626694807,0.5385231790663321,14.736842105263158,none
val_images_circle,circle,test002.png,1,rot60_padded,60.0,False,100,521,521,80896.0,0.2980242371559143,inpaint,pnp_hqs,wavelet,15.0,linear25p0_to_10p0,0.1,0.5,0.0,0.15,vanilla,False,0,20,telea,0.1602454004408438,7.952144272807749,0.10298376445528827,15,0.006104341413401351,22.143611844552524,0.5594329351111303,13.947368421052634,none
val_images_circle,circle,test002.png,1,rot60_padded,60.0,False,100,521,521,80896.0,0.2980242371559143,inpaint,pnp_hqs,wavelet,15.0,linear25p0_to_10p0,0.1,0.5,0.0,0.15,vanilla,False,0,20,telea,0.1602454004408438,7.952144272807749,0.10298376445528827,16,0.005489697561988347,22.60451581010308,0.5893268343768542,13.157894736842106,none
val_images_circle,circle,test002.png,1,rot60_padded,60.0,False,100,521,521,80896.0,0.2980242371559143,inpaint,pnp_hqs,wavelet,15.0,linear25p0_to_10p0,0.1,0.5,0.0,0.15,vanilla,False,0,20,telea,0.1602454004408438,7.952144272807749,0.10298376445528827,17,0.005153406269942658,22.879056184861014,0.6096824452846865,12.368421052631579,none
val_images_circle,circle,test002.png,1,rot60_padded,60.0,False,100,521,521,80896.0,0.2980242371559143,inpaint,pnp_hqs,wavelet,15.0,linear25p0_to_10p0,0.1,0.5,0.0,0.15,vanilla,False,0,20,telea,0.1602454004408438,7.952144272807749,0.10298376445528827,18,0.0050098145309882824,23.001783519090672,0.6179727481890328,11.578947368421053,none
val_images_circle,circle,test002.png,1,rot60_padded,60.0,False,100,521,521,80896.0,0.2980242371559143,inpaint,pnp_hqs,wavelet,15.0,linear25p0_to_10p0,0.1,0.5,0.0,0.15,vanilla,False,0,20,telea,0.1602454004408438,7.952144272807749,0.10298376445528827,19,0.004954456151286258,23.050040108978106,0.6189291748819472,10.789473684210527,none
val_images_circle,circle,test002.png,1,rot60_padded,60.0,False,100,521,521,80896.0,0.2980242371559143,inpaint,pnp_hqs,wavelet,15.0,linear25p0_to_10p0,0.1,0.5,0.0,0.15,vanilla,False,0,20,telea,0.1602454004408438,7.952144272807749,0.10298376445528827,20,0.00458730926996545,23.384419793553356,0.6274425651453719,10.0,none
val_images_circle,circle,test002.png,1,rot60_padded,60.0,False,100,521,521,80896.0,0.2980242371559143,inpaint,pnp_hqs,wavelet,15.0,linear25p0_to_10p0,0.1,0.5,0.0,0.15,G16_fixed,False,16,20,telea,0.1602454004408438,7.952144272807749,0.10298376445528827,1,0.0058692874787729,22.314146181424007,0.5696011313909217,25.0,0;22.5;45;67.5;90;112.5;135;157.5;180;202.5;225;247.5;270;292.5;315;337.5
val_images_circle,circle,test002.png,1,rot60_padded,60.0,False,100,521,521,80896.0,0.2980242371559143,inpaint,pnp_hqs,wavelet,15.0,linear25p0_to_10p0,0.1,0.5,0.0,0.15,G16_fixed,False,16,20,telea,0.1602454004408438,7.952144272807749,0.10298376445528827,2,0.00620095224320134,22.075416133706753,0.5538319937790497,24.210526315789476,0;22.5;45;67.5;90;112.5;135;157.5;180;202.5;225;247.5;270;292.5;315;337.5
val_images_circle,circle,test002.png,1,rot60_padded,60.0,False,100,521,521,80896.0,0.2980242371559143,inpaint,pnp_hqs,wavelet,15.0,linear25p0_to_10p0,0.1,0.5,0.0,0.15,G16_fixed,False,16,20,telea,0.1602454004408438,7.952144272807749,0.10298376445528827,3,0.006306125393396691,22.00237397825536,0.5498033354553995,23.42105263157895,0;22.5;45;67.5;90;112.5;135;157.5;180;202.5;225;247.5;270;292.5;315;337.5
val_images_circle,circle,test002.png,1,rot60_padded,60.0,False,100,521,521,80896.0,0.2980242371559143,inpaint,pnp_hqs,wavelet,15.0,linear25p0_to_10p0,0.1,0.5,0.0,0.15,G16_fixed,False,16,20,telea,0.1602454004408438,7.952144272807749,0.10298376445528827,4,0.006341581857657131,21.97802397266194,0.5491425236569175,22.631578947368418,0;22.5;45;67.5;90;112.5;135;157.5;180;202.5;225;247.5;270;292.5;315;337.5
val_images_circle,circle,test002.png,1,rot60_padded,60.0,False,100,521,521,80896.0,0.2980242371559143,inpaint,pnp_hqs,wavelet,15.0,linear25p0_to_10p0,0.1,0.5,0.0,0.15,G16_fixed,False,16,20,telea,0.1602454004408438,7.952144272807749,0.10298376445528827,5,0.006347792058051387,21.97377308369613,0.5496899568581883,21.842105263157894,0;22.5;45;67.5;90;112.5;135;157.5;180;202.5;225;247.5;270;292.5;315;337.5
val_images_circle,circle,test002.png,1,rot60_padded,60.0,False,100,521,521,80896.0,0.2980242371559143,inpaint,pnp_hqs,wavelet,15.0,linear25p0_to_10p0,0.1,0.5,0.0,0.15,G16_fixed,False,16,20,telea,0.1602454004408438,7.952144272807749,0.10298376445528827,6,0.006341046924832501,21.97839032947652,0.5506726518461976,21.05263157894737,0;22.5;45;67.5;90;112.5;135;157.5;180;202.5;225;247.5;270;292.5;315;337.5
val_images_circle,circle,test002.png,1,rot60_padded,60.0,False,100,521,521,80896.0,0.2980242371559143,inpaint,pnp_hqs,wavelet,15.0,linear25p0_to_10p0,0.1,0.5,0.0,0.15,G16_fixed,False,16,20,telea,0.1602454004408438,7.952144272807749,0.10298376445528827,7,0.006303964913645877,22.003862126905172,0.5521557964856112,20.263157894736842,0;22.5;45;67.5;90;112.5;135;157.5;180;202.5;225;247.5;270;292.5;315;337.5
val_images_circle,circle,test002.png,1,rot60_padded,60.0,False,100,521,521,80896.0,0.2980242371559143,inpaint,pnp_hqs,wavelet,15.0,linear25p0_to_10p0,0.1,0.5,0.0,0.15,G16_fixed,False,16,20,telea,0.1602454004408438,7.952144272807749,0.10298376445528827,8,0.006132678140567828,22.123498276561136,0.5561282000964201,19.473684210526315,0;22.5;45;67.5;90;112.5;135;157.5;180;202.5;225;247.5;270;292.5;315;337.5
val_images_circle,circle,test002.png,1,rot60_padded,60.0,False,100,521,521,80896.0,0.2980242371559143,inpaint,pnp_hqs,wavelet,15.0,linear25p0_to_10p0,0.1,0.5,0.0,0.15,G16_fixed,False,16,20,telea,0.1602454004408438,7.952144272807749,0.10298376445528827,9,0.005698893266388133,22.44209476778186,0.5662248828743077,18.68421052631579,0;22.5;45;67.5;90;112.5;135;157.5;180;202.5;225;247.5;270;292.5;315;337.5
val_images_circle,circle,test002.png,1,rot60_padded,60.0,False,100,521,521,80896.0,0.2980242371559143,inpaint,pnp_hqs,wavelet,15.0,linear25p0_to_10p0,0.1,0.5,0.0,0.15,G16_fixed,False,16,20,telea,0.1602454004408438,7.952144272807749,0.10298376445528827,10,0.005205825914310504,22.835103590309398,0.5833020753498319,17.894736842105267,0;22.5;45;67.5;90;112.5;135;157.5;180;202.5;225;247.5;270;292.5;315;337.5
val_images_circle,circle,test002.png,1,rot60_padded,60.0,False,100,521,521,80896.0,0.2980242371559143,inpaint,pnp_hqs,wavelet,15.0,linear25p0_to_10p0,0.1,0.5,0.0,0.15,G16_fixed,False,16,20,telea,0.1602454004408438,7.952144272807749,0.10298376445528827,11,0.0047327098967153815,23.24890115882113,0.6049729359300831,17.105263157894736,0;22.5;45;67.5;90;112.5;135;157.5;180;202.5;225;247.5;270;292.5;315;337.5
val_images_circle,circle,test002.png,1,rot60_padded,60.0,False,100,521,521,80896.0,0.2980242371559143,inpaint,pnp_hqs,wavelet,15.0,linear25p0_to_10p0,0.1,0.5,0.0,0.15,G16_fixed,False,16,20,telea,0.1602454004408438,7.952144272807749,0.10298376445528827,12,0.004402768762805794,23.56274123460441,0.6250939188124258,16.31578947368421,0;22.5;45;67.5;90;112.5;135;157.5;180;202.5;225;247.5;270;292.5;315;337.5
val_images_circle,circle,test002.png,1,rot60_padded,60.0,False,100,521,521,80896.0,0.2980242371559143,inpaint,pnp_hqs,wavelet,15.0,linear25p0_to_10p0,0.1,0.5,0.0,0.15,G16_fixed,False,16,20,telea,0.1602454004408438,7.952144272807749,0.10298376445528827,13,0.004177562798125835,23.790770129666985,0.6413089897059188,15.526315789473685,0;22.5;45;67.5;90;112.5;135;157.5;180;202.5;225;247.5;270;292.5;315;337.5
val_images_circle,circle,test002.png,1,rot60_padded,60.0,False,100,521,521,80896.0,0.2980242371559143,inpaint,pnp_hqs,wavelet,15.0,linear25p0_to_10p0,0.1,0.5,0.0,0.15,G16_fixed,False,16,20,telea,0.1602454004408438,7.952144272807749,0.10298376445528827,14,0.004017009388042401,23.960971532894277,0.6540090343620204,14.736842105263158,0;22.5;45;67.5;90;112.5;135;157.5;180;202.5;225;247.5;270;292.5;315;337.5
val_images_circle,circle,test002.png,1,rot60_padded,60.0,False,100,521,521,80896.0,0.2980242371559143,inpaint,pnp_hqs,wavelet,15.0,linear25p0_to_10p0,0.1,0.5,0.0,0.15,G16_fixed,False,16,20,telea,0.1602454004408438,7.952144272807749,0.10298376445528827,15,0.0038979038407530964,24.0916887890373,0.6638713305509543,13.947368421052634,0;22.5;45;67.5;90;112.5;135;157.5;180;202.5;225;247.5;270;292.5;315;337.5
val_images_circle,circle,test002.png,1,rot60_padded,60.0,False,100,521,521,80896.0,0.2980242371559143,inpaint,pnp_hqs,wavelet,15.0,linear25p0_to_10p0,0.1,0.5,0.0,0.15,G16_fixed,False,16,20,telea,0.1602454004408438,7.952144272807749,0.10298376445528827,16,0.0038071210625805433,24.194033128429112,0.6714289701437648,13.157894736842106,0;22.5;45;67.5;90;112.5;135;157.5;180;202.5;225;247.5;270;292.5;315;337.5
val_images_circle,circle,test002.png,1,rot60_padded,60.0,False,100,521,521,80896.0,0.2980242371559143,inpaint,pnp_hqs,wavelet,15.0,linear25p0_to_10p0,0.1,0.5,0.0,0.15,G16_fixed,False,16,20,telea,0.1602454004408438,7.952144272807749,0.10298376445528827,17,0.003694681804391402,24.3242295822923,0.678203631050979,12.368421052631579,0;22.5;45;67.5;90;112.5;135;157.5;180;202.5;225;247.5;270;292.5;315;337.5
val_images_circle,circle,test002.png,1,rot60_padded,60.0,False,100,521,521,80896.0,0.2980242371559143,inpaint,pnp_hqs,wavelet,15.0,linear25p0_to_10p0,0.1,0.5,0.0,0.15,G16_fixed,False,16,20,telea,0.1602454004408438,7.952144272807749,0.10298376445528827,18,0.003308771909037723,24.803331699995685,0.6940191244777245,11.578947368421053,0;22.5;45;67.5;90;112.5;135;157.5;180;202.5;225;247.5;270;292.5;315;337.5
val_images_circle,circle,test002.png,1,rot60_padded,60.0,False,100,521,521,80896.0,0.2980242371559143,inpaint,pnp_hqs,wavelet,15.0,linear25p0_to_10p0,0.1,0.5,0.0,0.15,G16_fixed,False,16,20,telea,0.1602454004408438,7.952144272807749,0.10298376445528827,19,0.0029562277884422976,25.292621049686616,0.71673583984375,10.789473684210527,0;22.5;45;67.5;90;112.5;135;157.5;180;202.5;225;247.5;270;292.5;315;337.5
val_images_circle,circle,test002.png,1,rot60_padded,60.0,False,100,521,521,80896.0,0.2980242371559143,inpaint,pnp_hqs,wavelet,15.0,linear25p0_to_10p0,0.1,0.5,0.0,0.15,G16_fixed,False,16,20,telea,0.1602454004408438,7.952144272807749,0.10298376445528827,20,0.002763942072663126,25.584710632466027,0.7278885660292227,10.0,0;22.5;45;67.5;90;112.5;135;157.5;180;202.5;225;247.5;270;292.5;315;337.5
val_images_circle,circle,test003.png,2,upright,0.0,False,100,521,521,80892.0,0.2980095148086548,inpaint,pnp_hqs,wavelet,15.0,linear25p0_to_10p0,0.1,0.5,0.0,0.15,vanilla,True,0,20,telea,0.140664971794955,8.518140365390291,0.10678808482683702,1,0.01022244853187738,19.904450673598742,0.5333583763691094,25.0,none
val_images_circle,circle,test003.png,2,upright,0.0,False,100,521,521,80892.0,0.2980095148086548,inpaint,pnp_hqs,wavelet,15.0,linear25p0_to_10p0,0.1,0.5,0.0,0.15,vanilla,True,0,20,telea,0.140664971794955,8.518140365390291,0.10678808482683702,2,0.010189511941848391,19.918466173712254,0.5348926365555309,24.210526315789476,none
val_images_circle,circle,test003.png,2,upright,0.0,False,100,521,521,80892.0,0.2980095148086548,inpaint,pnp_hqs,wavelet,15.0,linear25p0_to_10p0,0.1,0.5,0.0,0.15,vanilla,True,0,20,telea,0.140664971794955,8.518140365390291,0.10678808482683702,3,0.010200249608225706,19.91389200576446,0.5356007566415715,23.42105263157895,none
val_images_circle,circle,test003.png,2,upright,0.0,False,100,521,521,80892.0,0.2980095148086548,inpaint,pnp_hqs,wavelet,15.0,linear25p0_to_10p0,0.1,0.5,0.0,0.15,vanilla,True,0,20,telea,0.140664971794955,8.518140365390291,0.10678808482683702,4,0.010213181437615123,19.90838952763286,0.536291733885922,22.631578947368418,none
val_images_circle,circle,test003.png,2,upright,0.0,False,100,521,521,80892.0,0.2980095148086548,inpaint,pnp_hqs,wavelet,15.0,linear25p0_to_10p0,0.1,0.5,0.0,0.15,vanilla,True,0,20,telea,0.140664971794955,8.518140365390291,0.10678808482683702,5,0.01022128807014677,19.904943716662654,0.5369808761218662,21.842105263157894,none
val_images_circle,circle,test003.png,2,upright,0.0,False,100,521,521,80892.0,0.2980095148086548,inpaint,pnp_hqs,wavelet,15.0,linear25p0_to_10p0,0.1,0.5,0.0,0.15,vanilla,True,0,20,telea,0.140664971794955,8.518140365390291,0.10678808482683702,6,0.010225662814694284,19.903085319822548,0.5375805858428522,21.05263157894737,none
val_images_circle,circle,test003.png,2,upright,0.0,False,100,521,521,80892.0,0.2980095148086548,inpaint,pnp_hqs,wavelet,15.0,linear25p0_to_10p0,0.1,0.5,0.0,0.15,vanilla,True,0,20,telea,0.140664971794955,8.518140365390291,0.10678808482683702,7,0.010228025237112059,19.90208209045684,0.5380570602624487,20.263157894736842,none
val_images_circle,circle,test003.png,2,upright,0.0,False,100,521,521,80892.0,0.2980095148086548,inpaint,pnp_hqs,wavelet,15.0,linear25p0_to_10p0,0.1,0.5,0.0,0.15,vanilla,True,0,20,telea,0.140664971794955,8.518140365390291,0.10678808482683702,8,0.010229636905679408,19.901397810149525,0.5384014140767938,19.473684210526315,none
val_images_circle,circle,test003.png,2,upright,0.0,False,100,521,521,80892.0,0.2980095148086548,inpaint,pnp_hqs,wavelet,15.0,linear25p0_to_10p0,0.1,0.5,0.0,0.15,vanilla,True,0,20,telea,0.140664971794955,8.518140365390291,0.10678808482683702,9,0.010231353453427874,19.9006691189144,0.5385970356308412,18.68421052631579,none
val_images_circle,circle,test003.png,2,upright,0.0,False,100,521,521,80892.0,0.2980095148086548,inpaint,pnp_hqs,wavelet,15.0,linear25p0_to_10p0,0.1,0.5,0.0,0.15,vanilla,True,0,20,telea,0.140664971794955,8.518140365390291,0.10678808482683702,10,0.010233555161704804,19.89973465125847,0.5386495748188943,17.894736842105267,none
val_images_circle,circle,test003.png,2,upright,0.0,False,100,521,521,80892.0,0.2980095148086548,inpaint,pnp_hqs,wavelet,15.0,linear25p0_to_10p0,0.1,0.5,0.0,0.15,vanilla,True,0,20,telea,0.140664971794955,8.518140365390291,0.10678808482683702,11,0.010236463861296157,19.898500424569065,0.5385718766997972,17.105263157894736,none
val_images_circle,circle,test003.png,2,upright,0.0,False,100,521,521,80892.0,0.2980095148086548,inpaint,pnp_hqs,wavelet,15.0,linear25p0_to_10p0,0.1,0.5,0.0,0.15,vanilla,True,0,20,telea,0.140664971794955,8.518140365390291,0.10678808482683702,12,0.010063281924848486,19.972603602932843,0.5411967113558819,16.31578947368421,none
val_images_circle,circle,test003.png,2,upright,0.0,False,100,521,521,80892.0,0.2980095148086548,inpaint,pnp_hqs,wavelet,15.0,linear25p0_to_10p0,0.1,0.5,0.0,0.15,vanilla,True,0,20,telea,0.140664971794955,8.518140365390291,0.10678808482683702,13,0.00897217853212076,20.471020932317955,0.5645575273203778,15.526315789473685,none
val_images_circle,circle,test003.png,2,upright,0.0,False,100,521,521,80892.0,0.2980095148086548,inpaint,pnp_hqs,wavelet,15.0,linear25p0_to_10p0,0.1,0.5,0.0,0.15,vanilla,True,0,20,telea,0.140664971794955,8.518140365390291,0.10678808482683702,14,0.007826777904634806,21.06416989696159,0.6027795451806112,14.736842105263158,none
val_images_circle,circle,test003.png,2,upright,0.0,False,100,521,521,80892.0,0.2980095148086548,inpaint,pnp_hqs,wavelet,15.0,linear25p0_to_10p0,0.1,0.5,0.0,0.15,vanilla,True,0,20,telea,0.140664971794955,8.518140365390291,0.10678808482683702,15,0.007168034031631295,21.445999414437832,0.6326378844632349,13.947368421052634,none
val_images_circle,circle,test003.png,2,upright,0.0,False,100,521,521,80892.0,0.2980095148086548,inpaint,pnp_hqs,wavelet,15.0,linear25p0_to_10p0,0.1,0.5,0.0,0.15,vanilla,True,0,20,telea,0.140664971794955,8.518140365390291,0.10678808482683702,16,0.006858407298659015,21.637767271085636,0.6480406552872966,13.157894736842106,none
val_images_circle,circle,test003.png,2,upright,0.0,False,100,521,521,80892.0,0.2980095148086548,inpaint,pnp_hqs,wavelet,15.0,linear25p0_to_10p0,0.1,0.5,0.0,0.15,vanilla,True,0,20,telea,0.140664971794955,8.518140365390291,0.10678808482683702,17,0.006738980092428407,21.714058265725416,0.6532270650991445,12.368421052631579,none
val_images_circle,circle,test003.png,2,upright,0.0,False,100,521,521,80892.0,0.2980095148086548,inpaint,pnp_hqs,wavelet,15.0,linear25p0_to_10p0,0.1,0.5,0.0,0.15,vanilla,True,0,20,telea,0.140664971794955,8.518140365390291,0.10678808482683702,18,0.006719242434163762,21.726796890308037,0.6526150897956534,11.578947368421053,none
val_images_circle,circle,test003.png,2,upright,0.0,False,100,521,521,80892.0,0.2980095148086548,inpaint,pnp_hqs,wavelet,15.0,linear25p0_to_10p0,0.1,0.5,0.0,0.15,vanilla,True,0,20,telea,0.140664971794955,8.518140365390291,0.10678808482683702,19,0.006382126037842123,21.9503462336425,0.6558258233199822,10.789473684210527,none
val_images_circle,circle,test003.png,2,upright,0.0,False,100,521,521,80892.0,0.2980095148086548,inpaint,pnp_hqs,wavelet,15.0,linear25p0_to_10p0,0.1,0.5,0.0,0.15,vanilla,True,0,20,telea,0.140664971794955,8.518140365390291,0.10678808482683702,20,0.005783377206332015,22.37818480999866,0.6696595170875983,10.0,none
val_images_circle,circle,test003.png,2,upright,0.0,False,100,521,521,80892.0,0.2980095148086548,inpaint,pnp_hqs,wavelet,15.0,linear25p0_to_10p0,0.1,0.5,0.0,0.15,G16_fixed,True,16,20,telea,0.140664971794955,8.518140365390291,0.10678808482683702,1,0.012022533679889157,19.20003997621215,0.467292761876947,25.0,0;22.5;45;67.5;90;112.5;135;157.5;180;202.5;225;247.5;270;292.5;315;337.5
val_images_circle,circle,test003.png,2,upright,0.0,False,100,521,521,80892.0,0.2980095148086548,inpaint,pnp_hqs,wavelet,15.0,linear25p0_to_10p0,0.1,0.5,0.0,0.15,G16_fixed,True,16,20,telea,0.140664971794955,8.518140365390291,0.10678808482683702,2,0.013313962344758288,18.756926756768834,0.43634394470404986,24.210526315789476,0;22.5;45;67.5;90;112.5;135;157.5;180;202.5;225;247.5;270;292.5;315;337.5
val_images_circle,circle,test003.png,2,upright,0.0,False,100,521,521,80892.0,0.2980095148086548,inpaint,pnp_hqs,wavelet,15.0,linear25p0_to_10p0,0.1,0.5,0.0,0.15,G16_fixed,True,16,20,telea,0.140664971794955,8.518140365390291,0.10678808482683702,3,0.01364930560384525,18.64889442402657,0.43041962006440687,23.42105263157895,0;22.5;45;67.5;90;112.5;135;157.5;180;202.5;225;247.5;270;292.5;315;337.5
val_images_circle,circle,test003.png,2,upright,0.0,False,100,521,521,80892.0,0.2980095148086548,inpaint,pnp_hqs,wavelet,15.0,linear25p0_to_10p0,0.1,0.5,0.0,0.15,G16_fixed,True,16,20,telea,0.140664971794955,8.518140365390291,0.10678808482683702,4,0.013756747156895923,18.61484244793532,0.429019412071033,22.631578947368418,0;22.5;45;67.5;90;112.5;135;157.5;180;202.5;225;247.5;270;292.5;315;337.5
val_images_circle,circle,test003.png,2,upright,0.0,False,100,521,521,80892.0,0.2980095148086548,inpaint,pnp_hqs,wavelet,15.0,linear25p0_to_10p0,0.1,0.5,0.0,0.15,G16_fixed,True,16,20,telea,0.140664971794955,8.518140365390291,0.10678808482683702,5,0.013787193809531535,18.605241193972617,0.4288778266855808,21.842105263157894,0;22.5;45;67.5;90;112.5;135;157.5;180;202.5;225;247.5;270;292.5;315;337.5
val_images_circle,circle,test003.png,2,upright,0.0,False,100,521,521,80892.0,0.2980095148086548,inpaint,pnp_hqs,wavelet,15.0,linear25p0_to_10p0,0.1,0.5,0.0,0.15,G16_fixed,True,16,20,telea,0.140664971794955,8.518140365390291,0.10678808482683702,6,0.013788075096463494,18.60496359881809,0.4291434200075409,21.05263157894737,0;22.5;45;67.5;90;112.5;135;157.5;180;202.5;225;247.5;270;292.5;315;337.5
val_images_circle,circle,test003.png,2,upright,0.0,False,100,521,521,80892.0,0.2980095148086548,inpaint,pnp_hqs,wavelet,15.0,linear25p0_to_10p0,0.1,0.5,0.0,0.15,G16_fixed,True,16,20,telea,0.140664971794955,8.518140365390291,0.10678808482683702,7,0.013777105790455947,18.608420067571473,0.42954267920498934,20.263157894736842,0;22.5;45;67.5;90;112.5;135;157.5;180;202.5;225;247.5;270;292.5;315;337.5
val_images_circle,circle,test003.png,2,upright,0.0,False,100,521,521,80892.0,0.2980095148086548,inpaint,pnp_hqs,wavelet,15.0,linear25p0_to_10p0,0.1,0.5,0.0,0.15,G16_fixed,True,16,20,telea,0.140664971794955,8.518140365390291,0.10678808482683702,8,0.01369386039265703,18.634741040287807,0.4311226214427879,19.473684210526315,0;22.5;45;67.5;90;112.5;135;157.5;180;202.5;225;247.5;270;292.5;315;337.5
val_images_circle,circle,test003.png,2,upright,0.0,False,100,521,521,80892.0,0.2980095148086548,inpaint,pnp_hqs,wavelet,15.0,linear25p0_to_10p0,0.1,0.5,0.0,0.15,G16_fixed,True,16,20,telea,0.140664971794955,8.518140365390291,0.10678808482683702,9,0.01359406219287754,18.666507475105835,0.4333031909057756,18.68421052631579,0;22.5;45;67.5;90;112.5;135;157.5;180;202.5;225;247.5;270;292.5;315;337.5
val_images_circle,circle,test003.png,2,upright,0.0,False,100,521,521,80892.0,0.2980095148086548,inpaint,pnp_hqs,wavelet,15.0,linear25p0_to_10p0,0.1,0.5,0.0,0.15,G16_fixed,True,16,20,telea,0.140664971794955,8.518140365390291,0.10678808482683702,10,0.013435625212957554,18.71742119314938,0.43661649174207584,17.894736842105267,0;22.5;45;67.5;90;112.5;135;157.5;180;202.5;225;247.5;270;292.5;315;337.5
val_images_circle,circle,test003.png,2,upright,0.0,False,100,521,521,80892.0,0.2980095148086548,inpaint,pnp_hqs,wavelet,15.0,linear25p0_to_10p0,0.1,0.5,0.0,0.15,G16_fixed,True,16,20,telea,0.140664971794955,8.518140365390291,0.10678808482683702,11,0.013271794877738219,18.770703391713703,0.44061454045208426,17.105263157894736,0;22.5;45;67.5;90;112.5;135;157.5;180;202.5;225;247.5;270;292.5;315;337.5
val_images_circle,circle,test003.png,2,upright,0.0,False,100,521,521,80892.0,0.2980095148086548,inpaint,pnp_hqs,wavelet,15.0,linear25p0_to_10p0,0.1,0.5,0.0,0.15,G16_fixed,True,16,20,telea,0.140664971794955,8.518140365390291,0.10678808482683702,12,0.012569185853128245,19.006928520630368,0.4546614815123869,16.31578947368421,0;22.5;45;67.5;90;112.5;135;157.5;180;202.5;225;247.5;270;292.5;315;337.5
val_images_circle,circle,test003.png,2,upright,0.0,False,100,521,521,80892.0,0.2980095148086548,inpaint,pnp_hqs,wavelet,15.0,linear25p0_to_10p0,0.1,0.5,0.0,0.15,G16_fixed,True,16,20,telea,0.140664971794955,8.518140365390291,0.10678808482683702,13,0.011466801534955558,19.40557704106633,0.48414045695186175,15.526315789473685,0;22.5;45;67.5;90;112.5;135;157.5;180;202.5;225;247.5;270;292.5;315;337.5
val_images_circle,circle,test003.png,2,upright,0.0,False,100,521,521,80892.0,0.2980095148086548,inpaint,pnp_hqs,wavelet,15.0,linear25p0_to_10p0,0.1,0.5,0.0,0.15,G16_fixed,True,16,20,telea,0.140664971794955,8.518140365390291,0.10678808482683702,14,0.010429791654835692,19.81724366938659,0.517009851870395,14.736842105263158,0;22.5;45;67.5;90;112.5;135;157.5;180;202.5;225;247.5;270;292.5;315;337.5
val_images_circle,circle,test003.png,2,upright,0.0,False,100,521,521,80892.0,0.2980095148086548,inpaint,pnp_hqs,wavelet,15.0,linear25p0_to_10p0,0.1,0.5,0.0,0.15,G16_fixed,True,16,20,telea,0.140664971794955,8.518140365390291,0.10678808482683702,15,0.009898881167608122,20.044138892603076,0.536323218766998,13.947368421052634,0;22.5;45;67.5;90;112.5;135;157.5;180;202.5;225;247.5;270;292.5;315;337.5
val_images_circle,circle,test003.png,2,upright,0.0,False,100,521,521,80892.0,0.2980095148086548,inpaint,pnp_hqs,wavelet,15.0,linear25p0_to_10p0,0.1,0.5,0.0,0.15,G16_fixed,True,16,20,telea,0.140664971794955,8.518140365390291,0.10678808482683702,16,0.009622381919864989,20.16717409603671,0.5470436759042921,13.157894736842106,0;22.5;45;67.5;90;112.5;135;157.5;180;202.5;225;247.5;270;292.5;315;337.5
val_images_circle,circle,test003.png,2,upright,0.0,False,100,521,521,80892.0,0.2980095148086548,inpaint,pnp_hqs,wavelet,15.0,linear25p0_to_10p0,0.1,0.5,0.0,0.15,G16_fixed,True,16,20,telea,0.140664971794955,8.518140365390291,0.10678808482683702,17,0.00946308628880753,20.239671997924095,0.5535831629672897,12.368421052631579,0;22.5;45;67.5;90;112.5;135;157.5;180;202.5;225;247.5;270;292.5;315;337.5
val_images_circle,circle,test003.png,2,upright,0.0,False,100,521,521,80892.0,0.2980095148086548,inpaint,pnp_hqs,wavelet,15.0,linear25p0_to_10p0,0.1,0.5,0.0,0.15,G16_fixed,True,16,20,telea,0.140664971794955,8.518140365390291,0.10678808482683702,18,0.009362118572979637,20.286258627530486,0.5579298149847945,11.578947368421053,0;22.5;45;67.5;90;112.5;135;157.5;180;202.5;225;247.5;270;292.5;315;337.5
val_images_circle,circle,test003.png,2,upright,0.0,False,100,521,521,80892.0,0.2980095148086548,inpaint,pnp_hqs,wavelet,15.0,linear25p0_to_10p0,0.1,0.5,0.0,0.15,G16_fixed,True,16,20,telea,0.140664971794955,8.518140365390291,0.10678808482683702,19,0.009271587467462403,20.328459002315217,0.5616420852803738,10.789473684210527,0;22.5;45;67.5;90;112.5;135;157.5;180;202.5;225;247.5;270;292.5;315;337.5
val_images_circle,circle,test003.png,2,upright,0.0,False,100,521,521,80892.0,0.2980095148086548,inpaint,pnp_hqs,wavelet,15.0,linear25p0_to_10p0,0.1,0.5,0.0,0.15,G16_fixed,True,16,20,telea,0.140664971794955,8.518140365390291,0.10678808482683702,20,0.009121257874600547,20.39945265802279,0.5676570496773475,10.0,0;22.5;45;67.5;90;112.5;135;157.5;180;202.5;225;247.5;270;292.5;315;337.5
val_images_circle,circle,test003.png,2,rot30_padded,30.0,False,100,521,521,80896.0,0.2980242371559143,inpaint,pnp_hqs,wavelet,15.0,linear25p0_to_10p0,0.1,0.5,0.0,0.15,vanilla,False,0,20,telea,0.13885062253927882,8.5745216874219,0.10910453072077111,1,0.009887716438196883,20.04903996856008,0.5343163405792623,25.0,none
val_images_circle,circle,test003.png,2,rot30_padded,30.0,False,100,521,521,80896.0,0.2980242371559143,inpaint,pnp_hqs,wavelet,15.0,linear25p0_to_10p0,0.1,0.5,0.0,0.15,vanilla,False,0,20,telea,0.13885062253927882,8.5745216874219,0.10910453072077111,2,0.010145543496819991,19.937246828497116,0.5258620056924941,24.210526315789476,none
val_images_circle,circle,test003.png,2,rot30_padded,30.0,False,100,521,521,80896.0,0.2980242371559143,inpaint,pnp_hqs,wavelet,15.0,linear25p0_to_10p0,0.1,0.5,0.0,0.15,vanilla,False,0,20,telea,0.13885062253927882,8.5745216874219,0.10910453072077111,3,0.010156476799445816,19.932569192095308,0.5265871361841129,23.42105263157895,none
val_images_circle,circle,test003.png,2,rot30_padded,30.0,False,100,521,521,80896.0,0.2980242371559143,inpaint,pnp_hqs,wavelet,15.0,linear25p0_to_10p0,0.1,0.5,0.0,0.15,vanilla,False,0,20,telea,0.13885062253927882,8.5745216874219,0.10910453072077111,4,0.010167788855637176,19.9277348092216,0.5276934466784513,22.631578947368418,none
val_images_circle,circle,test003.png,2,rot30_padded,30.0,False,100,521,521,80896.0,0.2980242371559143,inpaint,pnp_hqs,wavelet,15.0,linear25p0_to_10p0,0.1,0.5,0.0,0.15,vanilla,False,0,20,telea,0.13885062253927882,8.5745216874219,0.10910453072077111,5,0.01017358635045305,19.925259243975827,0.528953021085715,21.842105263157894,none
val_images_circle,circle,test003.png,2,rot30_padded,30.0,False,100,521,521,80896.0,0.2980242371559143,inpaint,pnp_hqs,wavelet,15.0,linear25p0_to_10p0,0.1,0.5,0.0,0.15,vanilla,False,0,20,telea,0.13885062253927882,8.5745216874219,0.10910453072077111,6,0.010175081747996657,19.924620929075346,0.5301690886292276,21.05263157894737,none
val_images_circle,circle,test003.png,2,rot30_padded,30.0,False,100,521,521,80896.0,0.2980242371559143,inpaint,pnp_hqs,wavelet,15.0,linear25p0_to_10p0,0.1,0.5,0.0,0.15,vanilla,False,0,20,telea,0.13885062253927882,8.5745216874219,0.10910453072077111,7,0.010174273690090904,19.924965839351035,0.5312432880643048,20.263157894736842,none
val_images_circle,circle,test003.png,2,rot30_padded,30.0,False,100,521,521,80896.0,0.2980242371559143,inpaint,pnp_hqs,wavelet,15.0,linear25p0_to_10p0,0.1,0.5,0.0,0.15,vanilla,False,0,20,telea,0.13885062253927882,8.5745216874219,0.10910453072077111,8,0.010172652292855178,19.925657996853875,0.5321538901027245,19.473684210526315,none
val_images_circle,circle,test003.png,2,rot30_padded,30.0,False,100,521,521,80896.0,0.2980242371559143,inpaint,pnp_hqs,wavelet,15.0,linear25p0_to_10p0,0.1,0.5,0.0,0.15,vanilla,False,0,20,telea,0.13885062253927882,8.5745216874219,0.10910453072077111,9,0.010171211218532128,19.926273268999413,0.5328738055651701,18.68421052631579,none
val_images_circle,circle,test003.png,2,rot30_padded,30.0,False,100,521,521,80896.0,0.2980242371559143,inpaint,pnp_hqs,wavelet,15.0,linear25p0_to_10p0,0.1,0.5,0.0,0.15,vanilla,False,0,20,telea,0.13885062253927882,8.5745216874219,0.10910453072077111,10,0.010170477855054639,19.92658641478636,0.5334001855005192,17.894736842105267,none
val_images_circle,circle,test003.png,2,rot30_padded,30.0,False,100,521,521,80896.0,0.2980242371559143,inpaint,pnp_hqs,wavelet,15.0,linear25p0_to_10p0,0.1,0.5,0.0,0.15,vanilla,False,0,20,telea,0.13885062253927882,8.5745216874219,0.10910453072077111,11,0.010110062888905973,19.952461429035697,0.5349537330337718,17.105263157894736,none
val_images_circle,circle,test003.png,2,rot30_padded,30.0,False,100,521,521,80896.0,0.2980242371559143,inpaint,pnp_hqs,wavelet,15.0,linear25p0_to_10p0,0.1,0.5,0.0,0.15,vanilla,False,0,20,telea,0.13885062253927882,8.5745216874219,0.10910453072077111,12,0.009923191010197507,20.03348648886756,0.5410756944101068,16.31578947368421,none
val_images_circle,circle,test003.png,2,rot30_padded,30.0,False,100,521,521,80896.0,0.2980242371559143,inpaint,pnp_hqs,wavelet,15.0,linear25p0_to_10p0,0.1,0.5,0.0,0.15,vanilla,False,0,20,telea,0.13885062253927882,8.5745216874219,0.10910453072077111,13,0.009652629683289346,20.153543549089253,0.5504707143276553,15.526315789473685,none
val_images_circle,circle,test003.png,2,rot30_padded,30.0,False,100,521,521,80896.0,0.2980242371559143,inpaint,pnp_hqs,wavelet,15.0,linear25p0_to_10p0,0.1,0.5,0.0,0.15,vanilla,False,0,20,telea,0.13885062253927882,8.5745216874219,0.10910453072077111,14,0.008993609042107305,20.460659954144923,0.5680992512763301,14.736842105263158,none
val_images_circle,circle,test003.png,2,rot30_padded,30.0,False,100,521,521,80896.0,0.2980242371559143,inpaint,pnp_hqs,wavelet,15.0,linear25p0_to_10p0,0.1,0.5,0.0,0.15,vanilla,False,0,20,telea,0.13885062253927882,8.5745216874219,0.10910453072077111,15,0.008202719537517692,20.86042137332454,0.5939582631557803,13.947368421052634,none
val_images_circle,circle,test003.png,2,rot30_padded,30.0,False,100,521,521,80896.0,0.2980242371559143,inpaint,pnp_hqs,wavelet,15.0,linear25p0_to_10p0,0.1,0.5,0.0,0.15,vanilla,False,0,20,telea,0.13885062253927882,8.5745216874219,0.10910453072077111,16,0.007642721828026108,21.16751947133826,0.6177378787270075,13.157894736842106,none
val_images_circle,circle,test003.png,2,rot30_padded,30.0,False,100,521,521,80896.0,0.2980242371559143,inpaint,pnp_hqs,wavelet,15.0,linear25p0_to_10p0,0.1,0.5,0.0,0.15,vanilla,False,0,20,telea,0.13885062253927882,8.5745216874219,0.10910453072077111,17,0.007356851161280765,21.333080302139,0.631503575964819,12.368421052631579,none
val_images_circle,circle,test003.png,2,rot30_padded,30.0,False,100,521,521,80896.0,0.2980242371559143,inpaint,pnp_hqs,wavelet,15.0,linear25p0_to_10p0,0.1,0.5,0.0,0.15,vanilla,False,0,20,telea,0.13885062253927882,8.5745216874219,0.10910453072077111,18,0.007133678544925738,21.466864645673766,0.6390730459478837,11.578947368421053,none
val_images_circle,circle,test003.png,2,rot30_padded,30.0,False,100,521,521,80896.0,0.2980242371559143,inpaint,pnp_hqs,wavelet,15.0,linear25p0_to_10p0,0.1,0.5,0.0,0.15,vanilla,False,0,20,telea,0.13885062253927882,8.5745216874219,0.10910453072077111,19,0.006650576863107802,21.77140682877505,0.649964586088929,10.789473684210527,none
val_images_circle,circle,test003.png,2,rot30_padded,30.0,False,100,521,521,80896.0,0.2980242371559143,inpaint,pnp_hqs,wavelet,15.0,linear25p0_to_10p0,0.1,0.5,0.0,0.15,vanilla,False,0,20,telea,0.13885062253927882,8.5745216874219,0.10910453072077111,20,0.006131436251386811,22.12437782742483,0.6635812686968453,10.0,none
val_images_circle,circle,test003.png,2,rot30_padded,30.0,False,100,521,521,80896.0,0.2980242371559143,inpaint,pnp_hqs,wavelet,15.0,linear25p0_to_10p0,0.1,0.5,0.0,0.15,G16_fixed,False,16,20,telea,0.13885062253927882,8.5745216874219,0.10910453072077111,1,0.008501267131370834,20.70516336974192,0.5825146542319769,25.0,0;22.5;45;67.5;90;112.5;135;157.5;180;202.5;225;247.5;270;292.5;315;337.5
val_images_circle,circle,test003.png,2,rot30_padded,30.0,False,100,521,521,80896.0,0.2980242371559143,inpaint,pnp_hqs,wavelet,15.0,linear25p0_to_10p0,0.1,0.5,0.0,0.15,G16_fixed,False,16,20,telea,0.13885062253927882,8.5745216874219,0.10910453072077111,2,0.009006690375412567,20.454347668178144,0.560181871245179,24.210526315789476,0;22.5;45;67.5;90;112.5;135;157.5;180;202.5;225;247.5;270;292.5;315;337.5
val_images_circle,circle,test003.png,2,rot30_padded,30.0,False,100,521,521,80896.0,0.2980242371559143,inpaint,pnp_hqs,wavelet,15.0,linear25p0_to_10p0,0.1,0.5,0.0,0.15,G16_fixed,False,16,20,telea,0.13885062253927882,8.5745216874219,0.10910453072077111,3,0.009167816820023935,20.377340728251554,0.5539889758146261,23.42105263157895,0;22.5;45;67.5;90;112.5;135;157.5;180;202.5;225;247.5;270;292.5;315;337.5
val_images_circle,circle,test003.png,2,rot30_padded,30.0,False,100,521,521,80896.0,0.2980242371559143,inpaint,pnp_hqs,wavelet,15.0,linear25p0_to_10p0,0.1,0.5,0.0,0.15,G16_fixed,False,16,20,telea,0.13885062253927882,8.5745216874219,0.10910453072077111,4,0.009200356429136252,20.361953474143814,0.5530690060386175,22.631578947368418,0;22.5;45;67.5;90;112.5;135;157.5;180;202.5;225;247.5;270;292.5;315;337.5
val_images_circle,circle,test003.png,2,rot30_padded,30.0,False,100,521,521,80896.0,0.2980242371559143,inpaint,pnp_hqs,wavelet,15.0,linear25p0_to_10p0,0.1,0.5,0.0,0.15,G16_fixed,False,16,20,telea,0.13885062253927882,8.5745216874219,0.10910453072077111,5,0.00915806052051013,20.38196490789022,0.554740664325183,21.842105263157894,0;22.5;45;67.5;90;112.5;135;157.5;180;202.5;225;247.5;270;292.5;315;337.5
val_images_circle,circle,test003.png,2,rot30_padded,30.0,False,100,521,521,80896.0,0.2980242371559143,inpaint,pnp_hqs,wavelet,15.0,linear25p0_to_10p0,0.1,0.5,0.0,0.15,G16_fixed,False,16,20,telea,0.13885062253927882,8.5745216874219,0.10910453072077111,6,0.009090118015868754,20.414304783503248,0.5575481366507614,21.05263157894737,0;22.5;45;67.5;90;112.5;135;157.5;180;202.5;225;247.5;270;292.5;315;337.5
val_images_circle,circle,test003.png,2,rot30_padded,30.0,False,100,521,521,80896.0,0.2980242371559143,inpaint,pnp_hqs,wavelet,15.0,linear25p0_to_10p0,0.1,0.5,0.0,0.15,G16_fixed,False,16,20,telea,0.13885062253927882,8.5745216874219,0.10910453072077111,7,0.008983003187783157,20.46578446201589,0.5615561280069472,20.263157894736842,0;22.5;45;67.5;90;112.5;135;157.5;180;202.5;225;247.5;270;292.5;315;337.5
val_images_circle,circle,test003.png,2,rot30_padded,30.0,False,100,521,521,80896.0,0.2980242371559143,inpaint,pnp_hqs,wavelet,15.0,linear25p0_to_10p0,0.1,0.5,0.0,0.15,G16_fixed,False,16,20,telea,0.13885062253927882,8.5745216874219,0.10910453072077111,8,0.008850371535820297,20.53038497373395,0.5663515404809879,19.473684210526315,0;22.5;45;67.5;90;112.5;135;157.5;180;202.5;225;247.5;270;292.5;315;337.5
val_images_circle,circle,test003.png,2,rot30_padded,30.0,False,100,521,521,80896.0,0.2980242371559143,inpaint,pnp_hqs,wavelet,15.0,linear25p0_to_10p0,0.1,0.5,0.0,0.15,G16_fixed,False,16,20,telea,0.13885062253927882,8.5745216874219,0.10910453072077111,9,0.008300083347513705,20.809175465174757,0.5804242484177216,18.68421052631579,0;22.5;45;67.5;90;112.5;135;157.5;180;202.5;225;247.5;270;292.5;315;337.5
val_images_circle,circle,test003.png,2,rot30_padded,30.0,False,100,521,521,80896.0,0.2980242371559143,inpaint,pnp_hqs,wavelet,15.0,linear25p0_to_10p0,0.1,0.5,0.0,0.15,G16_fixed,False,16,20,telea,0.13885062253927882,8.5745216874219,0.10910453072077111,10,0.007558160944830013,21.21583864376221,0.6037918766842613,17.894736842105267,0;22.5;45;67.5;90;112.5;135;157.5;180;202.5;225;247.5;270;292.5;315;337.5
val_images_circle,circle,test003.png,2,rot30_padded,30.0,False,100,521,521,80896.0,0.2980242371559143,inpaint,pnp_hqs,wavelet,15.0,linear25p0_to_10p0,0.1,0.5,0.0,0.15,G16_fixed,False,16,20,telea,0.13885062253927882,8.5745216874219,0.10910453072077111,11,0.006932792029803312,21.590918275905725,0.6282300345505341,17.105263157894736,0;22.5;45;67.5;90;112.5;135;157.5;180;202.5;225;247.5;270;292.5;315;337.5
val_images_circle,circle,test003.png,2,rot30_padded,30.0,False,100,521,521,80896.0,0.2980242371559143,inpaint,pnp_hqs,wavelet,15.0,linear25p0_to_10p0,0.1,0.5,0.0,0.15,G16_fixed,False,16,20,telea,0.13885062253927882,8.5745216874219,0.10910453072077111,12,0.006507936912246898,21.865566657529797,0.6484640097316308,16.31578947368421,0;22.5;45;67.5;90;112.5;135;157.5;180;202.5;225;247.5;270;292.5;315;337.5
val_images_circle,circle,test003.png,2,rot30_padded,30.0,False,100,521,521,80896.0,0.2980242371559143,inpaint,pnp_hqs,wavelet,15.0,linear25p0_to_10p0,0.1,0.5,0.0,0.15,G16_fixed,False,16,20,telea,0.13885062253927882,8.5745216874219,0.10910453072077111,13,0.006219008678122412,22.062788371633143,0.6641378281991693,15.526315789473685,0;22.5;45;67.5;90;112.5;135;157.5;180;202.5;225;247.5;270;292.5;315;337.5
val_images_circle,circle,test003.png,2,rot30_padded,30.0,False,100,521,521,80896.0,0.2980242371559143,inpaint,pnp_hqs,wavelet,15.0,linear25p0_to_10p0,0.1,0.5,0.0,0.15,G16_fixed,False,16,20,telea,0.13885062253927882,8.5745216874219,0.10910453072077111,14,0.006013923053500019,22.20842132879021,0.6761281460146361,14.736842105263158,0;22.5;45;67.5;90;112.5;135;157.5;180;202.5;225;247.5;270;292.5;315;337.5
val_images_circle,circle,test003.png,2,rot30_padded,30.0,False,100,521,521,80896.0,0.2980242371559143,inpaint,pnp_hqs,wavelet,15.0,linear25p0_to_10p0,0.1,0.5,0.0,0.15,G16_fixed,False,16,20,telea,0.13885062253927882,8.5745216874219,0.10910453072077111,15,0.005806667518012131,22.3607304037386,0.6866725969918167,13.947368421052634,0;22.5;45;67.5;90;112.5;135;157.5;180;202.5;225;247.5;270;292.5;315;337.5
val_images_circle,circle,test003.png,2,rot30_padded,30.0,False,100,521,521,80896.0,0.2980242371559143,inpaint,pnp_hqs,wavelet,15.0,linear25p0_to_10p0,0.1,0.5,0.0,0.15,G16_fixed,False,16,20,telea,0.13885062253927882,8.5745216874219,0.10910453072077111,16,0.005590645195562629,22.52538068910844,0.6967104658295836,13.157894736842106,0;22.5;45;67.5;90;112.5;135;157.5;180;202.5;225;247.5;270;292.5;315;337.5
val_images_circle,circle,test003.png,2,rot30_padded,30.0,False,100,521,521,80896.0,0.2980242371559143,inpaint,pnp_hqs,wavelet,15.0,linear25p0_to_10p0,0.1,0.5,0.0,0.15,G16_fixed,False,16,20,telea,0.13885062253927882,8.5745216874219,0.10910453072077111,17,0.005084514995164509,22.937504675140033,0.7132225519494165,12.368421052631579,0;22.5;45;67.5;90;112.5;135;157.5;180;202.5;225;247.5;270;292.5;315;337.5
val_images_circle,circle,test003.png,2,rot30_padded,30.0,False,100,521,521,80896.0,0.2980242371559143,inpaint,pnp_hqs,wavelet,15.0,linear25p0_to_10p0,0.1,0.5,0.0,0.15,G16_fixed,False,16,20,telea,0.13885062253927882,8.5745216874219,0.10910453072077111,18,0.004426853943474685,23.539048065934104,0.7376308199725573,11.578947368421053,0;22.5;45;67.5;90;112.5;135;157.5;180;202.5;225;247.5;270;292.5;315;337.5
val_images_circle,circle,test003.png,2,rot30_padded,30.0,False,100,521,521,80896.0,0.2980242371559143,inpaint,pnp_hqs,wavelet,15.0,linear25p0_to_10p0,0.1,0.5,0.0,0.15,G16_fixed,False,16,20,telea,0.13885062253927882,8.5745216874219,0.10910453072077111,19,0.004065168054797981,23.909214958847254,0.7519034856482397,10.789473684210527,0;22.5;45;67.5;90;112.5;135;157.5;180;202.5;225;247.5;270;292.5;315;337.5
val_images_circle,circle,test003.png,2,rot30_padded,30.0,False,100,521,521,80896.0,0.2980242371559143,inpaint,pnp_hqs,wavelet,15.0,linear25p0_to_10p0,0.1,0.5,0.0,0.15,G16_fixed,False,16,20,telea,0.13885062253927882,8.5745216874219,0.10910453072077111,20,0.0038640585881245288,24.12956297291149,0.7554516369783426,10.0,0;22.5;45;67.5;90;112.5;135;157.5;180;202.5;225;247.5;270;292.5;315;337.5
val_images_circle,circle,test003.png,2,rot45_padded,45.0,False,100,521,521,80887.0,0.2979910969734192,inpaint,pnp_hqs,wavelet,15.0,linear25p0_to_10p0,0.1,0.5,0.0,0.15,vanilla,False,0,20,telea,0.13950499616749293,8.554102384898952,0.11058563711953096,1,0.009696450263465545,20.1338722585124,0.5340107959251795,25.0,none
val_images_circle,circle,test003.png,2,rot45_padded,45.0,False,100,521,521,80887.0,0.2979910969734192,inpaint,pnp_hqs,wavelet,15.0,linear25p0_to_10p0,0.1,0.5,0.0,0.15,vanilla,False,0,20,telea,0.13950499616749293,8.554102384898952,0.11058563711953096,2,0.009878224665225484,20.053211006933868,0.5256965832735792,24.210526315789476,none
val_images_circle,circle,test003.png,2,rot45_padded,45.0,False,100,521,521,80887.0,0.2979910969734192,inpaint,pnp_hqs,wavelet,15.0,linear25p0_to_10p0,0.1,0.5,0.0,0.15,vanilla,False,0,20,telea,0.13950499616749293,8.554102384898952,0.11058563711953096,3,0.01007973643617987,19.96550823625533,0.5201098445980195,23.42105263157895,none
val_images_circle,circle,test003.png,2,rot45_padded,45.0,False,100,521,521,80887.0,0.2979910969734192,inpaint,pnp_hqs,wavelet,15.0,linear25p0_to_10p0,0.1,0.5,0.0,0.15,vanilla,False,0,20,telea,0.13950499616749293,8.554102384898952,0.11058563711953096,4,0.010313921977959994,19.865761582375846,0.5160913141172253,22.631578947368418,none
val_images_circle,circle,test003.png,2,rot45_padded,45.0,False,100,521,521,80887.0,0.2979910969734192,inpaint,pnp_hqs,wavelet,15.0,linear25p0_to_10p0,0.1,0.5,0.0,0.15,vanilla,False,0,20,telea,0.13950499616749293,8.554102384898952,0.11058563711953096,5,0.010330043432746069,19.85897852482093,0.5171478130756487,21.842105263157894,none
val_images_circle,circle,test003.png,2,rot45_padded,45.0,False,100,521,521,80887.0,0.2979910969734192,inpaint,pnp_hqs,wavelet,15.0,linear25p0_to_10p0,0.1,0.5,0.0,0.15,vanilla,False,0,20,telea,0.13950499616749293,8.554102384898952,0.11058563711953096,6,0.010336366000948855,19.85632121119671,0.518338131050107,21.05263157894737,none
val_images_circle,circle,test003.png,2,rot45_padded,45.0,False,100,521,521,80887.0,0.2979910969734192,inpaint,pnp_hqs,wavelet,15.0,linear25p0_to_10p0,0.1,0.5,0.0,0.15,vanilla,False,0,20,telea,0.13950499616749293,8.554102384898952,0.11058563711953096,7,0.010337103973463753,19.856011154499356,0.519491408539073,20.263157894736842,none
val_images_circle,circle,test003.png,2,rot45_padded,45.0,False,100,521,521,80887.0,0.2979910969734192,inpaint,pnp_hqs,wavelet,15.0,linear25p0_to_10p0,0.1,0.5,0.0,0.15,vanilla,False,0,20,telea,0.13950499616749293,8.554102384898952,0.11058563711953096,8,0.01033531563516078,19.856762557067032,0.5204984557932671,19.473684210526315,none
val_images_circle,circle,test003.png,2,rot45_padded,45.0,False,100,521,521,80887.0,0.2979910969734192,inpaint,pnp_hqs,wavelet,15.0,linear25p0_to_10p0,0.1,0.5,0.0,0.15,vanilla,False,0,20,telea,0.13950499616749293,8.554102384898952,0.11058563711953096,9,0.01033282478927972,19.85780934754207,0.5213157128154091,18.68421052631579,none
val_images_circle,circle,test003.png,2,rot45_padded,45.0,False,100,521,521,80887.0,0.2979910969734192,inpaint,pnp_hqs,wavelet,15.0,linear25p0_to_10p0,0.1,0.5,0.0,0.15,vanilla,False,0,20,telea,0.13950499616749293,8.554102384898952,0.11058563711953096,10,0.010226370367572972,19.90278482518883,0.5240865053253304,17.894736842105267,none
val_images_circle,circle,test003.png,2,rot45_padded,45.0,False,100,521,521,80887.0,0.2979910969734192,inpaint,pnp_hqs,wavelet,15.0,linear25p0_to_10p0,0.1,0.5,0.0,0.15,vanilla,False,0,20,telea,0.13950499616749293,8.554102384898952,0.11058563711953096,11,0.009988282173597504,20.005091971271256,0.5323583652966484,17.105263157894736,none
val_images_circle,circle,test003.png,2,rot45_padded,45.0,False,100,521,521,80887.0,0.2979910969734192,inpaint,pnp_hqs,wavelet,15.0,linear25p0_to_10p0,0.1,0.5,0.0,0.15,vanilla,False,0,20,telea,0.13950499616749293,8.554102384898952,0.11058563711953096,12,0.009800010142670098,20.08773474827569,0.542269858336321,16.31578947368421,none
val_images_circle,circle,test003.png,2,rot45_padded,45.0,False,100,521,521,80887.0,0.2979910969734192,inpaint,pnp_hqs,wavelet,15.0,linear25p0_to_10p0,0.1,0.5,0.0,0.15,vanilla,False,0,20,telea,0.13950499616749293,8.554102384898952,0.11058563711953096,13,0.009690488381215848,20.136543348251603,0.5496834608002522,15.526315789473685,none
val_images_circle,circle,test003.png,2,rot45_padded,45.0,False,100,521,521,80887.0,0.2979910969734192,inpaint,pnp_hqs,wavelet,15.0,linear25p0_to_10p0,0.1,0.5,0.0,0.15,vanilla,False,0,20,telea,0.13950499616749293,8.554102384898952,0.11058563711953096,14,0.00920651348003233,20.359048066171805,0.5622548180640894,14.736842105263158,none
val_images_circle,circle,test003.png,2,rot45_padded,45.0,False,100,521,521,80887.0,0.2979910969734192,inpaint,pnp_hqs,wavelet,15.0,linear25p0_to_10p0,0.1,0.5,0.0,0.15,vanilla,False,0,20,telea,0.13950499616749293,8.554102384898952,0.11058563711953096,15,0.008451477803090654,20.73067344823981,0.5857137600139701,13.947368421052634,none
val_images_circle,circle,test003.png,2,rot45_padded,45.0,False,100,521,521,80887.0,0.2979910969734192,inpaint,pnp_hqs,wavelet,15.0,linear25p0_to_10p0,0.1,0.5,0.0,0.15,vanilla,False,0,20,telea,0.13950499616749293,8.554102384898952,0.11058563711953096,16,0.007835308481807569,21.059439003684002,0.6098812038708321,13.157894736842106,none
val_images_circle,circle,test003.png,2,rot45_padded,45.0,False,100,521,521,80887.0,0.2979910969734192,inpaint,pnp_hqs,wavelet,15.0,linear25p0_to_10p0,0.1,0.5,0.0,0.15,vanilla,False,0,20,telea,0.13950499616749293,8.554102384898952,0.11058563711953096,17,0.007324805807890174,21.352038846502577,0.6290742602334121,12.368421052631579,none
val_images_circle,circle,test003.png,2,rot45_padded,45.0,False,100,521,521,80887.0,0.2979910969734192,inpaint,pnp_hqs,wavelet,15.0,linear25p0_to_10p0,0.1,0.5,0.0,0.15,vanilla,False,0,20,telea,0.13950499616749293,8.554102384898952,0.11058563711953096,18,0.006999036216950421,21.54961759196826,0.6413749853190253,11.578947368421053,none
val_images_circle,circle,test003.png,2,rot45_padded,45.0,False,100,521,521,80887.0,0.2979910969734192,inpaint,pnp_hqs,wavelet,15.0,linear25p0_to_10p0,0.1,0.5,0.0,0.15,vanilla,False,0,20,telea,0.13950499616749293,8.554102384898952,0.11058563711953096,19,0.006541914309517058,21.842951488609337,0.651377027133532,10.789473684210527,none
val_images_circle,circle,test003.png,2,rot45_padded,45.0,False,100,521,521,80887.0,0.2979910969734192,inpaint,pnp_hqs,wavelet,15.0,linear25p0_to_10p0,0.1,0.5,0.0,0.15,vanilla,False,0,20,telea,0.13950499616749293,8.554102384898952,0.11058563711953096,20,0.006064528340848962,22.172029700541177,0.661133404085329,10.0,none
val_images_circle,circle,test003.png,2,rot45_padded,45.0,False,100,521,521,80887.0,0.2979910969734192,inpaint,pnp_hqs,wavelet,15.0,linear25p0_to_10p0,0.1,0.5,0.0,0.15,G16_fixed,False,16,20,telea,0.13950499616749293,8.554102384898952,0.11058563711953096,1,0.008423019832306566,20.74532176745104,0.5828923084828217,25.0,0;22.5;45;67.5;90;112.5;135;157.5;180;202.5;225;247.5;270;292.5;315;337.5
val_images_circle,circle,test003.png,2,rot45_padded,45.0,False,100,521,521,80887.0,0.2979910969734192,inpaint,pnp_hqs,wavelet,15.0,linear25p0_to_10p0,0.1,0.5,0.0,0.15,G16_fixed,False,16,20,telea,0.13950499616749293,8.554102384898952,0.11058563711953096,2,0.00898128698494891,20.466614260929,0.5601178186853264,24.210526315789476,0;22.5;45;67.5;90;112.5;135;157.5;180;202.5;225;247.5;270;292.5;315;337.5
val_images_circle,circle,test003.png,2,rot45_padded,45.0,False,100,521,521,80887.0,0.2979910969734192,inpaint,pnp_hqs,wavelet,15.0,linear25p0_to_10p0,0.1,0.5,0.0,0.15,G16_fixed,False,16,20,telea,0.13950499616749293,8.554102384898952,0.11058563711953096,3,0.00916866937416357,20.376936878184843,0.5537603771310594,23.42105263157895,0;22.5;45;67.5;90;112.5;135;157.5;180;202.5;225;247.5;270;292.5;315;337.5
val_images_circle,circle,test003.png,2,rot45_padded,45.0,False,100,521,521,80887.0,0.2979910969734192,inpaint,pnp_hqs,wavelet,15.0,linear25p0_to_10p0,0.1,0.5,0.0,0.15,G16_fixed,False,16,20,telea,0.13950499616749293,8.554102384898952,0.11058563711953096,4,0.009217667579945634,20.3537895804687,0.5528103152391608,22.631578947368418,0;22.5;45;67.5;90;112.5;135;157.5;180;202.5;225;247.5;270;292.5;315;337.5
val_images_circle,circle,test003.png,2,rot45_padded,45.0,False,100,521,521,80887.0,0.2979910969734192,inpaint,pnp_hqs,wavelet,15.0,linear25p0_to_10p0,0.1,0.5,0.0,0.15,G16_fixed,False,16,20,telea,0.13950499616749293,8.554102384898952,0.11058563711953096,5,0.009194511994501203,20.364713163138376,0.5543420624605931,21.842105263157894,0;22.5;45;67.5;90;112.5;135;157.5;180;202.5;225;247.5;270;292.5;315;337.5
val_images_circle,circle,test003.png,2,rot45_padded,45.0,False,100,521,521,80887.0,0.2979910969734192,inpaint,pnp_hqs,wavelet,15.0,linear25p0_to_10p0,0.1,0.5,0.0,0.15,G16_fixed,False,16,20,telea,0.13950499616749293,8.554102384898952,0.11058563711953096,6,0.00913493240980666,20.39294661683813,0.5571013613126955,21.05263157894737,0;22.5;45;67.5;90;112.5;135;157.5;180;202.5;225;247.5;270;292.5;315;337.5
val_images_circle,circle,test003.png,2,rot45_padded,45.0,False,100,521,521,80887.0,0.2979910969734192,inpaint,pnp_hqs,wavelet,15.0,linear25p0_to_10p0,0.1,0.5,0.0,0.15,G16_fixed,False,16,20,telea,0.13950499616749293,8.554102384898952,0.11058563711953096,7,0.009037640014966868,20.4394496137028,0.5609278318054817,20.263157894736842,0;22.5;45;67.5;90;112.5;135;157.5;180;202.5;225;247.5;270;292.5;315;337.5
val_images_circle,circle,test003.png,2,rot45_padded,45.0,False,100,521,521,80887.0,0.2979910969734192,inpaint,pnp_hqs,wavelet,15.0,linear25p0_to_10p0,0.1,0.5,0.0,0.15,G16_fixed,False,16,20,telea,0.13950499616749293,8.554102384898952,0.11058563711953096,8,0.00889168670853127,20.510158477221548,0.5659994807571056,19.473684210526315,0;22.5;45;67.5;90;112.5;135;157.5;180;202.5;225;247.5;270;292.5;315;337.5
val_images_circle,circle,test003.png,2,rot45_padded,45.0,False,100,521,521,80887.0,0.2979910969734192,inpaint,pnp_hqs,wavelet,15.0,linear25p0_to_10p0,0.1,0.5,0.0,0.15,G16_fixed,False,16,20,telea,0.13950499616749293,8.554102384898952,0.11058563711953096,9,0.008320346576522263,20.798585831880835,0.5811813471262378,18.68421052631579,0;22.5;45;67.5;90;112.5;135;157.5;180;202.5;225;247.5;270;292.5;315;337.5
val_images_circle,circle,test003.png,2,rot45_padded,45.0,False,100,521,521,80887.0,0.2979910969734192,inpaint,pnp_hqs,wavelet,15.0,linear25p0_to_10p0,0.1,0.5,0.0,0.15,G16_fixed,False,16,20,telea,0.13950499616749293,8.554102384898952,0.11058563711953096,10,0.007561543315974369,21.213895556618564,0.6052876524503319,17.894736842105267,0;22.5;45;67.5;90;112.5;135;157.5;180;202.5;225;247.5;270;292.5;315;337.5
val_images_circle,circle,test003.png,2,rot45_padded,45.0,False,100,521,521,80887.0,0.2979910969734192,inpaint,pnp_hqs,wavelet,15.0,linear25p0_to_10p0,0.1,0.5,0.0,0.15,G16_fixed,False,16,20,telea,0.13950499616749293,8.554102384898952,0.11058563711953096,11,0.006935750169072673,21.589065588633414,0.6299137801809932,17.105263157894736,0;22.5;45;67.5;90;112.5;135;157.5;180;202.5;225;247.5;270;292.5;315;337.5
val_images_circle,circle,test003.png,2,rot45_padded,45.0,False,100,521,521,80887.0,0.2979910969734192,inpaint,pnp_hqs,wavelet,15.0,linear25p0_to_10p0,0.1,0.5,0.0,0.15,G16_fixed,False,16,20,telea,0.13950499616749293,8.554102384898952,0.11058563711953096,12,0.006513027741198755,21.86217072014174,0.6500025691705713,16.31578947368421,0;22.5;45;67.5;90;112.5;135;157.5;180;202.5;225;247.5;270;292.5;315;337.5
val_images_circle,circle,test003.png,2,rot45_padded,45.0,False,100,521,521,80887.0,0.2979910969734192,inpaint,pnp_hqs,wavelet,15.0,linear25p0_to_10p0,0.1,0.5,0.0,0.15,G16_fixed,False,16,20,telea,0.13950499616749293,8.554102384898952,0.11058563711953096,13,0.006225738738557533,22.058091083215917,0.6654221804029078,15.526315789473685,0;22.5;45;67.5;90;112.5;135;157.5;180;202.5;225;247.5;270;292.5;315;337.5
val_images_circle,circle,test003.png,2,rot45_padded,45.0,False,100,521,521,80887.0,0.2979910969734192,inpaint,pnp_hqs,wavelet,15.0,linear25p0_to_10p0,0.1,0.5,0.0,0.15,G16_fixed,False,16,20,telea,0.13950499616749293,8.554102384898952,0.11058563711953096,14,0.006015233210542756,22.207475304041925,0.6772634489318432,14.736842105263158,0;22.5;45;67.5;90;112.5;135;157.5;180;202.5;225;247.5;270;292.5;315;337.5
val_images_circle,circle,test003.png,2,rot45_padded,45.0,False,100,521,521,80887.0,0.2979910969734192,inpaint,pnp_hqs,wavelet,15.0,linear25p0_to_10p0,0.1,0.5,0.0,0.15,G16_fixed,False,16,20,telea,0.13950499616749293,8.554102384898952,0.11058563711953096,15,0.0057963666350317414,22.36844152094018,0.6879841341161126,13.947368421052634,0;22.5;45;67.5;90;112.5;135;157.5;180;202.5;225;247.5;270;292.5;315;337.5
val_images_circle,circle,test003.png,2,rot45_padded,45.0,False,100,521,521,80887.0,0.2979910969734192,inpaint,pnp_hqs,wavelet,15.0,linear25p0_to_10p0,0.1,0.5,0.0,0.15,G16_fixed,False,16,20,telea,0.13950499616749293,8.554102384898952,0.11058563711953096,16,0.005575259354630147,22.537349249318495,0.697899538862858,13.157894736842106,0;22.5;45;67.5;90;112.5;135;157.5;180;202.5;225;247.5;270;292.5;315;337.5
val_images_circle,circle,test003.png,2,rot45_padded,45.0,False,100,521,521,80887.0,0.2979910969734192,inpaint,pnp_hqs,wavelet,15.0,linear25p0_to_10p0,0.1,0.5,0.0,0.15,G16_fixed,False,16,20,telea,0.13950499616749293,8.554102384898952,0.11058563711953096,17,0.005046975919627845,22.969687673879108,0.7148367958540928,12.368421052631579,0;22.5;45;67.5;90;112.5;135;157.5;180;202.5;225;247.5;270;292.5;315;337.5
val_images_circle,circle,test003.png,2,rot45_padded,45.0,False,100,521,521,80887.0,0.2979910969734192,inpaint,pnp_hqs,wavelet,15.0,linear25p0_to_10p0,0.1,0.5,0.0,0.15,G16_fixed,False,16,20,telea,0.13950499616749293,8.554102384898952,0.11058563711953096,18,0.004392881753151773,23.57250486842772,0.7388485441109202,11.578947368421053,0;22.5;45;67.5;90;112.5;135;157.5;180;202.5;225;247.5;270;292.5;315;337.5
val_images_circle,circle,test003.png,2,rot45_padded,45.0,False,100,521,521,80887.0,0.2979910969734192,inpaint,pnp_hqs,wavelet,15.0,linear25p0_to_10p0,0.1,0.5,0.0,0.15,G16_fixed,False,16,20,telea,0.13950499616749293,8.554102384898952,0.11058563711953096,19,0.00403112845637954,23.945733623510623,0.7525967456915202,10.789473684210527,0;22.5;45;67.5;90;112.5;135;157.5;180;202.5;225;247.5;270;292.5;315;337.5
val_images_circle,circle,test003.png,2,rot45_padded,45.0,False,100,521,521,80887.0,0.2979910969734192,inpaint,pnp_hqs,wavelet,15.0,linear25p0_to_10p0,0.1,0.5,0.0,0.15,G16_fixed,False,16,20,telea,0.13950499616749293,8.554102384898952,0.11058563711953096,20,0.0038264508738850185,24.172038580140295,0.7558887128030463,10.0,0;22.5;45;67.5;90;112.5;135;157.5;180;202.5;225;247.5;270;292.5;315;337.5
val_images_circle,circle,test003.png,2,rot60_padded,60.0,False,100,521,521,80896.0,0.2980242371559143,inpaint,pnp_hqs,wavelet,15.0,linear25p0_to_10p0,0.1,0.5,0.0,0.15,vanilla,False,0,20,telea,0.14031242418892775,8.52903871966662,0.10876299459722978,1,0.009705920008164419,20.12963292266143,0.5385269454762905,25.0,none
val_images_circle,circle,test003.png,2,rot60_padded,60.0,False,100,521,521,80896.0,0.2980242371559143,inpaint,pnp_hqs,wavelet,15.0,linear25p0_to_10p0,0.1,0.5,0.0,0.15,vanilla,False,0,20,telea,0.14031242418892775,8.52903871966662,0.10876299459722978,2,0.009851329688784442,20.065051464031626,0.533169903332674,24.210526315789476,none
val_images_circle,circle,test003.png,2,rot60_padded,60.0,False,100,521,521,80896.0,0.2980242371559143,inpaint,pnp_hqs,wavelet,15.0,linear25p0_to_10p0,0.1,0.5,0.0,0.15,vanilla,False,0,20,telea,0.14031242418892775,8.52903871966662,0.10876299459722978,3,0.009955870954296257,20.019207412518995,0.5311165821703174,23.42105263157895,none
val_images_circle,circle,test003.png,2,rot60_padded,60.0,False,100,521,521,80896.0,0.2980242371559143,inpaint,pnp_hqs,wavelet,15.0,linear25p0_to_10p0,0.1,0.5,0.0,0.15,vanilla,False,0,20,telea,0.14031242418892775,8.52903871966662,0.10876299459722978,4,0.01000178086606762,19.99922664855355,0.5313147532789013,22.631578947368418,none
val_images_circle,circle,test003.png,2,rot60_padded,60.0,False,100,521,521,80896.0,0.2980242371559143,inpaint,pnp_hqs,wavelet,15.0,linear25p0_to_10p0,0.1,0.5,0.0,0.15,vanilla,False,0,20,telea,0.14031242418892775,8.52903871966662,0.10876299459722978,5,0.009987690026247048,20.005349446926786,0.5333032245877423,21.842105263157894,none
val_images_circle,circle,test003.png,2,rot60_padded,60.0,False,100,521,521,80896.0,0.2980242371559143,inpaint,pnp_hqs,wavelet,15.0,linear25p0_to_10p0,0.1,0.5,0.0,0.15,vanilla,False,0,20,telea,0.14031242418892775,8.52903871966662,0.10876299459722978,6,0.00992515570000757,20.032626715549,0.5369579460047469,21.05263157894737,none
val_images_circle,circle,test003.png,2,rot60_padded,60.0,False,100,521,521,80896.0,0.2980242371559143,inpaint,pnp_hqs,wavelet,15.0,linear25p0_to_10p0,0.1,0.5,0.0,0.15,vanilla,False,0,20,telea,0.14031242418892775,8.52903871966662,0.10876299459722978,7,0.00984334945678711,20.0685709637755,0.541672815250445,20.263157894736842,none
val_images_circle,circle,test003.png,2,rot60_padded,60.0,False,100,521,521,80896.0,0.2980242371559143,inpaint,pnp_hqs,wavelet,15.0,linear25p0_to_10p0,0.1,0.5,0.0,0.15,vanilla,False,0,20,telea,0.14031242418892775,8.52903871966662,0.10876299459722978,8,0.009770126282414304,20.10099822831764,0.5464044884790348,19.473684210526315,none
val_images_circle,circle,test003.png,2,rot60_padded,60.0,False,100,521,521,80896.0,0.2980242371559143,inpaint,pnp_hqs,wavelet,15.0,linear25p0_to_10p0,0.1,0.5,0.0,0.15,vanilla,False,0,20,telea,0.14031242418892775,8.52903871966662,0.10876299459722978,9,0.009715291518199293,20.125441633765146,0.5505113239529766,18.68421052631579,none
val_images_circle,circle,test003.png,2,rot60_padded,60.0,False,100,521,521,80896.0,0.2980242371559143,inpaint,pnp_hqs,wavelet,15.0,linear25p0_to_10p0,0.1,0.5,0.0,0.15,vanilla,False,0,20,telea,0.14031242418892775,8.52903871966662,0.10876299459722978,10,0.009677817549886582,20.14222569644669,0.5537687374066703,17.894736842105267,none
val_images_circle,circle,test003.png,2,rot60_padded,60.0,False,100,521,521,80896.0,0.2980242371559143,inpaint,pnp_hqs,wavelet,15.0,linear25p0_to_10p0,0.1,0.5,0.0,0.15,vanilla,False,0,20,telea,0.14031242418892775,8.52903871966662,0.10876299459722978,11,0.009654047368447992,20.1529057460733,0.5561862414396261,17.105263157894736,none
val_images_circle,circle,test003.png,2,rot60_padded,60.0,False,100,521,521,80896.0,0.2980242371559143,inpaint,pnp_hqs,wavelet,15.0,linear25p0_to_10p0,0.1,0.5,0.0,0.15,vanilla,False,0,20,telea,0.14031242418892775,8.52903871966662,0.10876299459722978,12,0.009640405449686171,20.159047004479454,0.5578888036027739,16.31578947368421,none
val_images_circle,circle,test003.png,2,rot60_padded,60.0,False,100,521,521,80896.0,0.2980242371559143,inpaint,pnp_hqs,wavelet,15.0,linear25p0_to_10p0,0.1,0.5,0.0,0.15,vanilla,False,0,20,telea,0.14031242418892775,8.52903871966662,0.10876299459722978,13,0.009321325187441668,20.30522340791802,0.5642782766607743,15.526315789473685,none
val_images_circle,circle,test003.png,2,rot60_padded,60.0,False,100,521,521,80896.0,0.2980242371559143,inpaint,pnp_hqs,wavelet,15.0,linear25p0_to_10p0,0.1,0.5,0.0,0.15,vanilla,False,0,20,telea,0.14031242418892775,8.52903871966662,0.10876299459722978,14,0.008796891834162459,20.55670748044584,0.5792196732533129,14.736842105263158,none
val_images_circle,circle,test003.png,2,rot60_padded,60.0,False,100,521,521,80896.0,0.2980242371559143,inpaint,pnp_hqs,wavelet,15.0,linear25p0_to_10p0,0.1,0.5,0.0,0.15,vanilla,False,0,20,telea,0.14031242418892775,8.52903871966662,0.10876299459722978,15,0.008301743978186499,20.808306641850756,0.5958676398554935,13.947368421052634,none
val_images_circle,circle,test003.png,2,rot60_padded,60.0,False,100,521,521,80896.0,0.2980242371559143,inpaint,pnp_hqs,wavelet,15.0,linear25p0_to_10p0,0.1,0.5,0.0,0.15,vanilla,False,0,20,telea,0.14031242418892775,8.52903871966662,0.10876299459722978,16,0.00781196506717537,21.072397074178358,0.6131071259703817,13.157894736842106,none
val_images_circle,circle,test003.png,2,rot60_padded,60.0,False,100,521,521,80896.0,0.2980242371559143,inpaint,pnp_hqs,wavelet,15.0,linear25p0_to_10p0,0.1,0.5,0.0,0.15,vanilla,False,0,20,telea,0.14031242418892775,8.52903871966662,0.10876299459722978,17,0.00731867400905754,21.355675969080117,0.630582012707674,12.368421052631579,none
val_images_circle,circle,test003.png,2,rot60_padded,60.0,False,100,521,521,80896.0,0.2980242371559143,inpaint,pnp_hqs,wavelet,15.0,linear25p0_to_10p0,0.1,0.5,0.0,0.15,vanilla,False,0,20,telea,0.14031242418892775,8.52903871966662,0.10876299459722978,18,0.00695722088029113,21.575642082897815,0.6432890107360067,11.578947368421053,none
val_images_circle,circle,test003.png,2,rot60_padded,60.0,False,100,521,521,80896.0,0.2980242371559143,inpaint,pnp_hqs,wavelet,15.0,linear25p0_to_10p0,0.1,0.5,0.0,0.15,vanilla,False,0,20,telea,0.14031242418892775,8.52903871966662,0.10876299459722978,19,0.006396971925904479,21.940255552464084,0.6560244982755636,10.789473684210527,none
val_images_circle,circle,test003.png,2,rot60_padded,60.0,False,100,521,521,80896.0,0.2980242371559143,inpaint,pnp_hqs,wavelet,15.0,linear25p0_to_10p0,0.1,0.5,0.0,0.15,vanilla,False,0,20,telea,0.14031242418892775,8.52903871966662,0.10876299459722978,20,0.005964594928524162,22.244190450833635,0.6656813319725327,10.0,none
val_images_circle,circle,test003.png,2,rot60_padded,60.0,False,100,521,521,80896.0,0.2980242371559143,inpaint,pnp_hqs,wavelet,15.0,linear25p0_to_10p0,0.1,0.5,0.0,0.15,G16_fixed,False,16,20,telea,0.14031242418892775,8.52903871966662,0.10876299459722978,1,0.008445570740518691,20.733709960536203,0.5828438770921924,25.0,0;22.5;45;67.5;90;112.5;135;157.5;180;202.5;225;247.5;270;292.5;315;337.5
val_images_circle,circle,test003.png,2,rot60_padded,60.0,False,100,521,521,80896.0,0.2980242371559143,inpaint,pnp_hqs,wavelet,15.0,linear25p0_to_10p0,0.1,0.5,0.0,0.15,G16_fixed,False,16,20,telea,0.14031242418892775,8.52903871966662,0.10876299459722978,2,0.008982851535459108,20.465857780840423,0.5604737197296529,24.210526315789476,0;22.5;45;67.5;90;112.5;135;157.5;180;202.5;225;247.5;270;292.5;315;337.5
val_images_circle,circle,test003.png,2,rot60_padded,60.0,False,100,521,521,80896.0,0.2980242371559143,inpaint,pnp_hqs,wavelet,15.0,linear25p0_to_10p0,0.1,0.5,0.0,0.15,G16_fixed,False,16,20,telea,0.14031242418892775,8.52903871966662,0.10876299459722978,3,0.009204230731046653,20.360125030016142,0.5534092384048656,23.42105263157895,0;22.5;45;67.5;90;112.5;135;157.5;180;202.5;225;247.5;270;292.5;315;337.5
val_images_circle,circle,test003.png,2,rot60_padded,60.0,False,100,521,521,80896.0,0.2980242371559143,inpaint,pnp_hqs,wavelet,15.0,linear25p0_to_10p0,0.1,0.5,0.0,0.15,G16_fixed,False,16,20,telea,0.14031242418892775,8.52903871966662,0.10876299459722978,4,0.009247364122656327,20.33982041327963,0.5526074276694769,22.631578947368418,0;22.5;45;67.5;90;112.5;135;157.5;180;202.5;225;247.5;270;292.5;315;337.5
val_images_circle,circle,test003.png,2,rot60_padded,60.0,False,100,521,521,80896.0,0.2980242371559143,inpaint,pnp_hqs,wavelet,15.0,linear25p0_to_10p0,0.1,0.5,0.0,0.15,G16_fixed,False,16,20,telea,0.14031242418892775,8.52903871966662,0.10876299459722978,5,0.009190518644791616,20.366599795588964,0.5550032989888252,21.842105263157894,0;22.5;45;67.5;90;112.5;135;157.5;180;202.5;225;247.5;270;292.5;315;337.5
val_images_circle,circle,test003.png,2,rot60_padded,60.0,False,100,521,521,80896.0,0.2980242371559143,inpaint,pnp_hqs,wavelet,15.0,linear25p0_to_10p0,0.1,0.5,0.0,0.15,G16_fixed,False,16,20,telea,0.14031242418892775,8.52903871966662,0.10876299459722978,6,0.009109254124798353,20.405171820550745,0.5586110851432704,21.05263157894737,0;22.5;45;67.5;90;112.5;135;157.5;180;202.5;225;247.5;270;292.5;315;337.5
val_images_circle,circle,test003.png,2,rot60_padded,60.0,False,100,521,521,80896.0,0.2980242371559143,inpaint,pnp_hqs,wavelet,15.0,linear25p0_to_10p0,0.1,0.5,0.0,0.15,G16_fixed,False,16,20,telea,0.14031242418892775,8.52903871966662,0.10876299459722978,7,0.009035431886021095,20.44051083697077,0.5622364478775218,20.263157894736842,0;22.5;45;67.5;90;112.5;135;157.5;180;202.5;225;247.5;270;292.5;315;337.5
val_images_circle,circle,test003.png,2,rot60_padded,60.0,False,100,521,521,80896.0,0.2980242371559143,inpaint,pnp_hqs,wavelet,15.0,linear25p0_to_10p0,0.1,0.5,0.0,0.15,G16_fixed,False,16,20,telea,0.14031242418892775,8.52903871966662,0.10876299459722978,8,0.008907701395734956,20.50234349828184,0.5667239804811115,19.473684210526315,0;22.5;45;67.5;90;112.5;135;157.5;180;202.5;225;247.5;270;292.5;315;337.5
val_images_circle,circle,test003.png,2,rot60_padded,60.0,False,100,521,521,80896.0,0.2980242371559143,inpaint,pnp_hqs,wavelet,15.0,linear25p0_to_10p0,0.1,0.5,0.0,0.15,G16_fixed,False,16,20,telea,0.14031242418892775,8.52903871966662,0.10876299459722978,9,0.008297487150264692,20.810534114801854,0.5824244052548951,18.68421052631579,0;22.5;45;67.5;90;112.5;135;157.5;180;202.5;225;247.5;270;292.5;315;337.5
val_images_circle,circle,test003.png,2,rot60_padded,60.0,False,100,521,521,80896.0,0.2980242371559143,inpaint,pnp_hqs,wavelet,15.0,linear25p0_to_10p0,0.1,0.5,0.0,0.15,G16_fixed,False,16,20,telea,0.14031242418892775,8.52903871966662,0.10876299459722978,10,0.007558202441734604,21.215814799566065,0.6059135726735562,17.894736842105267,0;22.5;45;67.5;90;112.5;135;157.5;180;202.5;225;247.5;270;292.5;315;337.5
val_images_circle,circle,test003.png,2,rot60_padded,60.0,False,100,521,521,80896.0,0.2980242371559143,inpaint,pnp_hqs,wavelet,15.0,linear25p0_to_10p0,0.1,0.5,0.0,0.15,G16_fixed,False,16,20,telea,0.14031242418892775,8.52903871966662,0.10876299459722978,11,0.006934053535702862,21.590128096120445,0.6297642188736156,17.105263157894736,0;22.5;45;67.5;90;112.5;135;157.5;180;202.5;225;247.5;270;292.5;315;337.5
val_images_circle,circle,test003.png,2,rot60_padded,60.0,False,100,521,521,80896.0,0.2980242371559143,inpaint,pnp_hqs,wavelet,15.0,linear25p0_to_10p0,0.1,0.5,0.0,0.15,G16_fixed,False,16,20,telea,0.14031242418892775,8.52903871966662,0.10876299459722978,12,0.006508543521543092,21.86516186750758,0.6493414866773388,16.31578947368421,0;22.5;45;67.5;90;112.5;135;157.5;180;202.5;225;247.5;270;292.5;315;337.5
val_images_circle,circle,test003.png,2,rot60_padded,60.0,False,100,521,521,80896.0,0.2980242371559143,inpaint,pnp_hqs,wavelet,15.0,linear25p0_to_10p0,0.1,0.5,0.0,0.15,G16_fixed,False,16,20,telea,0.14031242418892775,8.52903871966662,0.10876299459722978,13,0.006218115362939956,22.06341224875092,0.6644197777856754,15.526315789473685,0;22.5;45;67.5;90;112.5;135;157.5;180;202.5;225;247.5;270;292.5;315;337.5
val_images_circle,circle,test003.png,2,rot60_padded,60.0,False,100,521,521,80896.0,0.2980242371559143,inpaint,pnp_hqs,wavelet,15.0,linear25p0_to_10p0,0.1,0.5,0.0,0.15,G16_fixed,False,16,20,telea,0.14031242418892775,8.52903871966662,0.10876299459722978,14,0.006011065048507497,22.21048572305047,0.675962520551078,14.736842105263158,0;22.5;45;67.5;90;112.5;135;157.5;180;202.5;225;247.5;270;292.5;315;337.5
val_images_circle,circle,test003.png,2,rot60_padded,60.0,False,100,521,521,80896.0,0.2980242371559143,inpaint,pnp_hqs,wavelet,15.0,linear25p0_to_10p0,0.1,0.5,0.0,0.15,G16_fixed,False,16,20,telea,0.14031242418892775,8.52903871966662,0.10876299459722978,15,0.005769863158841676,22.388344866821683,0.6868913384932506,13.947368421052634,0;22.5;45;67.5;90;112.5;135;157.5;180;202.5;225;247.5;270;292.5;315;337.5
val_images_circle,circle,test003.png,2,rot60_padded,60.0,False,100,521,521,80896.0,0.2980242371559143,inpaint,pnp_hqs,wavelet,15.0,linear25p0_to_10p0,0.1,0.5,0.0,0.15,G16_fixed,False,16,20,telea,0.14031242418892775,8.52903871966662,0.10876299459722978,16,0.005553241771987722,22.55453418197808,0.6968111448650118,13.157894736842106,0;22.5;45;67.5;90;112.5;135;157.5;180;202.5;225;247.5;270;292.5;315;337.5
val_images_circle,circle,test003.png,2,rot60_padded,60.0,False,100,521,521,80896.0,0.2980242371559143,inpaint,pnp_hqs,wavelet,15.0,linear25p0_to_10p0,0.1,0.5,0.0,0.15,G16_fixed,False,16,20,telea,0.14031242418892775,8.52903871966662,0.10876299459722978,17,0.00497323500959179,23.033610177520146,0.7149529276014883,12.368421052631579,0;22.5;45;67.5;90;112.5;135;157.5;180;202.5;225;247.5;270;292.5;315;337.5
val_images_circle,circle,test003.png,2,rot60_padded,60.0,False,100,521,521,80896.0,0.2980242371559143,inpaint,pnp_hqs,wavelet,15.0,linear25p0_to_10p0,0.1,0.5,0.0,0.15,G16_fixed,False,16,20,telea,0.14031242418892775,8.52903871966662,0.10876299459722978,18,0.004335716178145589,23.629391550442968,0.7385342272022103,11.578947368421053,0;22.5;45;67.5;90;112.5;135;157.5;180;202.5;225;247.5;270;292.5;315;337.5
val_images_circle,circle,test003.png,2,rot60_padded,60.0,False,100,521,521,80896.0,0.2980242371559143,inpaint,pnp_hqs,wavelet,15.0,linear25p0_to_10p0,0.1,0.5,0.0,0.15,G16_fixed,False,16,20,telea,0.14031242418892775,8.52903871966662,0.10876299459722978,19,0.00398619039149224,23.994419620329737,0.7516960916639883,10.789473684210527,0;22.5;45;67.5;90;112.5;135;157.5;180;202.5;225;247.5;270;292.5;315;337.5
val_images_circle,circle,test003.png,2,rot60_padded,60.0,False,100,521,521,80896.0,0.2980242371559143,inpaint,pnp_hqs,wavelet,15.0,linear25p0_to_10p0,0.1,0.5,0.0,0.15,G16_fixed,False,16,20,telea,0.14031242418892775,8.52903871966662,0.10876299459722978,20,0.0037881068036526066,24.215777847946676,0.7547780773307704,10.0,0;22.5;45;67.5;90;112.5;135;157.5;180;202.5;225;247.5;270;292.5;315;337.5
val_images_circle,circle,test004.png,3,upright,0.0,False,100,521,521,80892.0,0.2980095148086548,inpaint,pnp_hqs,wavelet,15.0,linear25p0_to_10p0,0.1,0.5,0.0,0.15,vanilla,True,0,20,telea,0.08494972221835904,10.708380369153721,0.09008496306224657,1,0.00386865534072919,24.124399599367866,0.6477042692726104,25.0,none
val_images_circle,circle,test004.png,3,upright,0.0,False,100,521,521,80892.0,0.2980095148086548,inpaint,pnp_hqs,wavelet,15.0,linear25p0_to_10p0,0.1,0.5,0.0,0.15,vanilla,True,0,20,telea,0.08494972221835904,10.708380369153721,0.09008496306224657,2,0.003942777758824073,24.041977019621577,0.6381624187187855,24.210526315789476,none
val_images_circle,circle,test004.png,3,upright,0.0,False,100,521,521,80892.0,0.2980095148086548,inpaint,pnp_hqs,wavelet,15.0,linear25p0_to_10p0,0.1,0.5,0.0,0.15,vanilla,True,0,20,telea,0.08494972221835904,10.708380369153721,0.09008496306224657,3,0.003983783255060567,23.99704298183032,0.6347215847982495,23.42105263157895,none
val_images_circle,circle,test004.png,3,upright,0.0,False,100,521,521,80892.0,0.2980095148086548,inpaint,pnp_hqs,wavelet,15.0,linear25p0_to_10p0,0.1,0.5,0.0,0.15,vanilla,True,0,20,telea,0.08494972221835904,10.708380369153721,0.09008496306224657,4,0.003993507969634667,23.98645444531897,0.6350266790906394,22.631578947368418,none
val_images_circle,circle,test004.png,3,upright,0.0,False,100,521,521,80892.0,0.2980095148086548,inpaint,pnp_hqs,wavelet,15.0,linear25p0_to_10p0,0.1,0.5,0.0,0.15,vanilla,True,0,20,telea,0.08494972221835904,10.708380369153721,0.09008496306224657,5,0.003985012378701115,23.995703252105947,0.6371432164181872,21.842105263157894,none
val_images_circle,circle,test004.png,3,upright,0.0,False,100,521,521,80892.0,0.2980095148086548,inpaint,pnp_hqs,wavelet,15.0,linear25p0_to_10p0,0.1,0.5,0.0,0.15,vanilla,True,0,20,telea,0.08494972221835904,10.708380369153721,0.09008496306224657,6,0.003967694864130183,24.014617346831933,0.6400520910596845,21.05263157894737,none
val_images_circle,circle,test004.png,3,upright,0.0,False,100,521,521,80892.0,0.2980095148086548,inpaint,pnp_hqs,wavelet,15.0,linear25p0_to_10p0,0.1,0.5,0.0,0.15,vanilla,True,0,20,telea,0.08494972221835904,10.708380369153721,0.09008496306224657,7,0.003947361129944092,24.03693139738882,0.6431135128473767,20.263157894736842,none
val_images_circle,circle,test004.png,3,upright,0.0,False,100,521,521,80892.0,0.2980095148086548,inpaint,pnp_hqs,wavelet,15.0,linear25p0_to_10p0,0.1,0.5,0.0,0.15,vanilla,True,0,20,telea,0.08494972221835904,10.708380369153721,0.09008496306224657,8,0.003927342787827829,24.059011908189632,0.6459762708302428,19.473684210526315,none
val_images_circle,circle,test004.png,3,upright,0.0,False,100,521,521,80892.0,0.2980095148086548,inpaint,pnp_hqs,wavelet,15.0,linear25p0_to_10p0,0.1,0.5,0.0,0.15,vanilla,True,0,20,telea,0.08494972221835904,10.708380369153721,0.09008496306224657,9,0.003909331863419165,24.078974607179028,0.6484544013932156,18.68421052631579,none
val_images_circle,circle,test004.png,3,upright,0.0,False,100,521,521,80892.0,0.2980095148086548,inpaint,pnp_hqs,wavelet,15.0,linear25p0_to_10p0,0.1,0.5,0.0,0.15,vanilla,True,0,20,telea,0.08494972221835904,10.708380369153721,0.09008496306224657,10,0.003894105896258669,24.095922424576255,0.6504809750191614,17.894736842105267,none
val_images_circle,circle,test004.png,3,upright,0.0,False,100,521,521,80892.0,0.2980095148086548,inpaint,pnp_hqs,wavelet,15.0,linear25p0_to_10p0,0.1,0.5,0.0,0.15,vanilla,True,0,20,telea,0.08494972221835904,10.708380369153721,0.09008496306224657,11,0.0038819459474611984,24.109505160581058,0.6520307844873412,17.105263157894736,none
val_images_circle,circle,test004.png,3,upright,0.0,False,100,521,521,80892.0,0.2980095148086548,inpaint,pnp_hqs,wavelet,15.0,linear25p0_to_10p0,0.1,0.5,0.0,0.15,vanilla,True,0,20,telea,0.08494972221835904,10.708380369153721,0.09008496306224657,12,0.003872741478897017,24.119814929534414,0.6531239183108342,16.31578947368421,none
val_images_circle,circle,test004.png,3,upright,0.0,False,100,521,521,80892.0,0.2980095148086548,inpaint,pnp_hqs,wavelet,15.0,linear25p0_to_10p0,0.1,0.5,0.0,0.15,vanilla,True,0,20,telea,0.08494972221835904,10.708380369153721,0.09008496306224657,13,0.003866200866080507,24.127155862194666,0.6538158613490828,15.526315789473685,none
val_images_circle,circle,test004.png,3,upright,0.0,False,100,521,521,80892.0,0.2980095148086548,inpaint,pnp_hqs,wavelet,15.0,linear25p0_to_10p0,0.1,0.5,0.0,0.15,vanilla,True,0,20,telea,0.08494972221835904,10.708380369153721,0.09008496306224657,14,0.0038620249392612217,24.13184926064506,0.6541541306618701,14.736842105263158,none
val_images_circle,circle,test004.png,3,upright,0.0,False,100,521,521,80892.0,0.2980095148086548,inpaint,pnp_hqs,wavelet,15.0,linear25p0_to_10p0,0.1,0.5,0.0,0.15,vanilla,True,0,20,telea,0.08494972221835904,10.708380369153721,0.09008496306224657,15,0.003859959800277685,24.134172182838114,0.6541788549856599,13.947368421052634,none
val_images_circle,circle,test004.png,3,upright,0.0,False,100,521,521,80892.0,0.2980095148086548,inpaint,pnp_hqs,wavelet,15.0,linear25p0_to_10p0,0.1,0.5,0.0,0.15,vanilla,True,0,20,telea,0.08494972221835904,10.708380369153721,0.09008496306224657,16,0.0038597225016988317,24.134439182072956,0.6539339296531177,13.157894736842106,none
val_images_circle,circle,test004.png,3,upright,0.0,False,100,521,521,80892.0,0.2980095148086548,inpaint,pnp_hqs,wavelet,15.0,linear25p0_to_10p0,0.1,0.5,0.0,0.15,vanilla,True,0,20,telea,0.08494972221835904,10.708380369153721,0.09008496306224657,17,0.003695414928479099,24.323367910900462,0.6578386343828809,12.368421052631579,none
val_images_circle,circle,test004.png,3,upright,0.0,False,100,521,521,80892.0,0.2980095148086548,inpaint,pnp_hqs,wavelet,15.0,linear25p0_to_10p0,0.1,0.5,0.0,0.15,vanilla,True,0,20,telea,0.08494972221835904,10.708380369153721,0.09008496306224657,18,0.0032495735295594744,24.881736316094667,0.6797878459860061,11.578947368421053,none
val_images_circle,circle,test004.png,3,upright,0.0,False,100,521,521,80892.0,0.2980095148086548,inpaint,pnp_hqs,wavelet,15.0,linear25p0_to_10p0,0.1,0.5,0.0,0.15,vanilla,True,0,20,telea,0.08494972221835904,10.708380369153721,0.09008496306224657,19,0.0029056243300408452,25.367605366095027,0.70583825308745,10.789473684210527,none
val_images_circle,circle,test004.png,3,upright,0.0,False,100,521,521,80892.0,0.2980095148086548,inpaint,pnp_hqs,wavelet,15.0,linear25p0_to_10p0,0.1,0.5,0.0,0.15,vanilla,True,0,20,telea,0.08494972221835904,10.708380369153721,0.09008496306224657,20,0.002679022484502871,25.72023641429287,0.719626168224299,10.0,none
val_images_circle,circle,test004.png,3,upright,0.0,False,100,521,521,80892.0,0.2980095148086548,inpaint,pnp_hqs,wavelet,15.0,linear25p0_to_10p0,0.1,0.5,0.0,0.15,G16_fixed,True,16,20,telea,0.08494972221835904,10.708380369153721,0.09008496306224657,1,0.004820059664211812,23.169475858944317,0.5967101582974831,25.0,0;22.5;45;67.5;90;112.5;135;157.5;180;202.5;225;247.5;270;292.5;315;337.5
val_images_circle,circle,test004.png,3,upright,0.0,False,100,521,521,80892.0,0.2980095148086548,inpaint,pnp_hqs,wavelet,15.0,linear25p0_to_10p0,0.1,0.5,0.0,0.15,G16_fixed,True,16,20,telea,0.08494972221835904,10.708380369153721,0.09008496306224657,2,0.005374347268194012,22.69674274674767,0.573205294173095,24.210526315789476,0;22.5;45;67.5;90;112.5;135;157.5;180;202.5;225;247.5;270;292.5;315;337.5
val_images_circle,circle,test004.png,3,upright,0.0,False,100,521,521,80892.0,0.2980095148086548,inpaint,pnp_hqs,wavelet,15.0,linear25p0_to_10p0,0.1,0.5,0.0,0.15,G16_fixed,True,16,20,telea,0.08494972221835904,10.708380369153721,0.09008496306224657,3,0.005577983402542124,22.53522782324378,0.5675755849620482,23.42105263157895,0;22.5;45;67.5;90;112.5;135;157.5;180;202.5;225;247.5;270;292.5;315;337.5
val_images_circle,circle,test004.png,3,upright,0.0,False,100,521,521,80892.0,0.2980095148086548,inpaint,pnp_hqs,wavelet,15.0,linear25p0_to_10p0,0.1,0.5,0.0,0.15,G16_fixed,True,16,20,telea,0.08494972221835904,10.708380369153721,0.09008496306224657,4,0.005653528103057162,22.47680444659954,0.5662973084483014,22.631578947368418,0;22.5;45;67.5;90;112.5;135;157.5;180;202.5;225;247.5;270;292.5;315;337.5
val_images_circle,circle,test004.png,3,upright,0.0,False,100,521,521,80892.0,0.2980095148086548,inpaint,pnp_hqs,wavelet,15.0,linear25p0_to_10p0,0.1,0.5,0.0,0.15,G16_fixed,True,16,20,telea,0.08494972221835904,10.708380369153721,0.09008496306224657,5,0.0056755248136114355,22.459939732331407,0.5663613888734362,21.842105263157894,0;22.5;45;67.5;90;112.5;135;157.5;180;202.5;225;247.5;270;292.5;315;337.5
val_images_circle,circle,test004.png,3,upright,0.0,False,100,521,521,80892.0,0.2980095148086548,inpaint,pnp_hqs,wavelet,15.0,linear25p0_to_10p0,0.1,0.5,0.0,0.15,G16_fixed,True,16,20,telea,0.08494972221835904,10.708380369153721,0.09008496306224657,6,0.005674207033109153,22.460948222771183,0.5668693481741087,21.05263157894737,0;22.5;45;67.5;90;112.5;135;157.5;180;202.5;225;247.5;270;292.5;315;337.5
val_images_circle,circle,test004.png,3,upright,0.0,False,100,521,521,80892.0,0.2980095148086548,inpaint,pnp_hqs,wavelet,15.0,linear25p0_to_10p0,0.1,0.5,0.0,0.15,G16_fixed,True,16,20,telea,0.08494972221835904,10.708380369153721,0.09008496306224657,7,0.005662857823017496,22.469643420383278,0.5675095246594224,20.263157894736842,0;22.5;45;67.5;90;112.5;135;157.5;180;202.5;225;247.5;270;292.5;315;337.5
val_images_circle,circle,test004.png,3,upright,0.0,False,100,521,521,80892.0,0.2980095148086548,inpaint,pnp_hqs,wavelet,15.0,linear25p0_to_10p0,0.1,0.5,0.0,0.15,G16_fixed,True,16,20,telea,0.08494972221835904,10.708380369153721,0.09008496306224657,8,0.00564750999983002,22.481429914182847,0.5681677614906295,19.473684210526315,0;22.5;45;67.5;90;112.5;135;157.5;180;202.5;225;247.5;270;292.5;315;337.5
val_images_circle,circle,test004.png,3,upright,0.0,False,100,521,521,80892.0,0.2980095148086548,inpaint,pnp_hqs,wavelet,15.0,linear25p0_to_10p0,0.1,0.5,0.0,0.15,G16_fixed,True,16,20,telea,0.08494972221835904,10.708380369153721,0.09008496306224657,9,0.00563096323406131,22.494173082648203,0.5687993424102507,18.68421052631579,0;22.5;45;67.5;90;112.5;135;157.5;180;202.5;225;247.5;270;292.5;315;337.5
val_images_circle,circle,test004.png,3,upright,0.0,False,100,521,521,80892.0,0.2980095148086548,inpaint,pnp_hqs,wavelet,15.0,linear25p0_to_10p0,0.1,0.5,0.0,0.15,G16_fixed,True,16,20,telea,0.08494972221835904,10.708380369153721,0.09008496306224657,10,0.005614494184520332,22.50689363670851,0.5693914706491371,17.894736842105267,0;22.5;45;67.5;90;112.5;135;157.5;180;202.5;225;247.5;270;292.5;315;337.5
val_images_circle,circle,test004.png,3,upright,0.0,False,100,521,521,80892.0,0.2980095148086548,inpaint,pnp_hqs,wavelet,15.0,linear25p0_to_10p0,0.1,0.5,0.0,0.15,G16_fixed,True,16,20,telea,0.08494972221835904,10.708380369153721,0.09008496306224657,11,0.005598673273228116,22.51914876276119,0.5699406210595609,17.105263157894736,0;22.5;45;67.5;90;112.5;135;157.5;180;202.5;225;247.5;270;292.5;315;337.5
val_images_circle,circle,test004.png,3,upright,0.0,False,100,521,521,80892.0,0.2980095148086548,inpaint,pnp_hqs,wavelet,15.0,linear25p0_to_10p0,0.1,0.5,0.0,0.15,G16_fixed,True,16,20,telea,0.08494972221835904,10.708380369153721,0.09008496306224657,12,0.005583747230344549,22.530742499392012,0.5704471316693863,16.31578947368421,0;22.5;45;67.5;90;112.5;135;157.5;180;202.5;225;247.5;270;292.5;315;337.5
val_images_circle,circle,test004.png,3,upright,0.0,False,100,521,521,80892.0,0.2980095148086548,inpaint,pnp_hqs,wavelet,15.0,linear25p0_to_10p0,0.1,0.5,0.0,0.15,G16_fixed,True,16,20,telea,0.08494972221835904,10.708380369153721,0.09008496306224657,13,0.005553096478295327,22.554647811236332,0.5715448047242002,15.526315789473685,0;22.5;45;67.5;90;112.5;135;157.5;180;202.5;225;247.5;270;292.5;315;337.5
val_images_circle,circle,test004.png,3,upright,0.0,False,100,521,521,80892.0,0.2980095148086548,inpaint,pnp_hqs,wavelet,15.0,linear25p0_to_10p0,0.1,0.5,0.0,0.15,G16_fixed,True,16,20,telea,0.08494972221835904,10.708380369153721,0.09008496306224657,14,0.005480949787795765,22.611441765782487,0.5743996914867973,14.736842105263158,0;22.5;45;67.5;90;112.5;135;157.5;180;202.5;225;247.5;270;292.5;315;337.5
val_images_circle,circle,test004.png,3,upright,0.0,False,100,521,521,80892.0,0.2980095148086548,inpaint,pnp_hqs,wavelet,15.0,linear25p0_to_10p0,0.1,0.5,0.0,0.15,G16_fixed,True,16,20,telea,0.08494972221835904,10.708380369153721,0.09008496306224657,15,0.005375007101603256,22.696209576104835,0.579521731135341,13.947368421052634,0;22.5;45;67.5;90;112.5;135;157.5;180;202.5;225;247.5;270;292.5;315;337.5
val_images_circle,circle,test004.png,3,upright,0.0,False,100,521,521,80892.0,0.2980095148086548,inpaint,pnp_hqs,wavelet,15.0,linear25p0_to_10p0,0.1,0.5,0.0,0.15,G16_fixed,True,16,20,telea,0.08494972221835904,10.708380369153721,0.09008496306224657,16,0.005038204965561721,22.977241683977038,0.5931023869016714,13.157894736842106,0;22.5;45;67.5;90;112.5;135;157.5;180;202.5;225;247.5;270;292.5;315;337.5
val_images_circle,circle,test004.png,3,upright,0.0,False,100,521,521,80892.0,0.2980095148086548,inpaint,pnp_hqs,wavelet,15.0,linear25p0_to_10p0,0.1,0.5,0.0,0.15,G16_fixed,True,16,20,telea,0.08494972221835904,10.708380369153721,0.09008496306224657,17,0.004210582220642183,23.756578476965178,0.6367338646745043,12.368421052631579,0;22.5;45;67.5;90;112.5;135;157.5;180;202.5;225;247.5;270;292.5;315;337.5
val_images_circle,circle,test004.png,3,upright,0.0,False,100,521,521,80892.0,0.2980095148086548,inpaint,pnp_hqs,wavelet,15.0,linear25p0_to_10p0,0.1,0.5,0.0,0.15,G16_fixed,True,16,20,telea,0.08494972221835904,10.708380369153721,0.09008496306224657,18,0.003732520277325786,24.279978242441224,0.6695919598044306,11.578947368421053,0;22.5;45;67.5;90;112.5;135;157.5;180;202.5;225;247.5;270;292.5;315;337.5
val_images_circle,circle,test004.png,3,upright,0.0,False,100,521,521,80892.0,0.2980095148086548,inpaint,pnp_hqs,wavelet,15.0,linear25p0_to_10p0,0.1,0.5,0.0,0.15,G16_fixed,True,16,20,telea,0.08494972221835904,10.708380369153721,0.09008496306224657,19,0.003496627758572966,24.563505990326078,0.6861943432292439,10.789473684210527,0;22.5;45;67.5;90;112.5;135;157.5;180;202.5;225;247.5;270;292.5;315;337.5
val_images_circle,circle,test004.png,3,upright,0.0,False,100,521,521,80892.0,0.2980095148086548,inpaint,pnp_hqs,wavelet,15.0,linear25p0_to_10p0,0.1,0.5,0.0,0.15,G16_fixed,True,16,20,telea,0.08494972221835904,10.708380369153721,0.09008496306224657,20,0.0033704697988521733,24.723095600103143,0.6951778683306137,10.0,0;22.5;45;67.5;90;112.5;135;157.5;180;202.5;225;247.5;270;292.5;315;337.5
val_images_circle,circle,test004.png,3,rot30_padded,30.0,False,100,521,521,80896.0,0.2980242371559143,inpaint,pnp_hqs,wavelet,15.0,linear25p0_to_10p0,0.1,0.5,0.0,0.15,vanilla,False,0,20,telea,0.0842674351945708,10.743402242797348,0.08995223347144791,1,0.003832036935830418,24.165703135418156,0.6453925506978095,25.0,none
val_images_circle,circle,test004.png,3,rot30_padded,30.0,False,100,521,521,80896.0,0.2980242371559143,inpaint,pnp_hqs,wavelet,15.0,linear25p0_to_10p0,0.1,0.5,0.0,0.15,vanilla,False,0,20,telea,0.0842674351945708,10.743402242797348,0.08995223347144791,2,0.0038973443870303,24.092312162810675,0.6347212489647202,24.210526315789476,none
val_images_circle,circle,test004.png,3,rot30_padded,30.0,False,100,521,521,80896.0,0.2980242371559143,inpaint,pnp_hqs,wavelet,15.0,linear25p0_to_10p0,0.1,0.5,0.0,0.15,vanilla,False,0,20,telea,0.0842674351945708,10.743402242797348,0.08995223347144791,3,0.003931427303748795,24.054497504880267,0.630983859677858,23.42105263157895,none
val_images_circle,circle,test004.png,3,rot30_padded,30.0,False,100,521,521,80896.0,0.2980242371559143,inpaint,pnp_hqs,wavelet,15.0,linear25p0_to_10p0,0.1,0.5,0.0,0.15,vanilla,False,0,20,telea,0.0842674351945708,10.743402242797348,0.08995223347144791,4,0.00393786158742784,24.04739553020842,0.6310092105141168,22.631578947368418,none
val_images_circle,circle,test004.png,3,rot30_padded,30.0,False,100,521,521,80896.0,0.2980242371559143,inpaint,pnp_hqs,wavelet,15.0,linear25p0_to_10p0,0.1,0.5,0.0,0.15,vanilla,False,0,20,telea,0.0842674351945708,10.743402242797348,0.08995223347144791,5,0.003927665043480789,24.05865556519182,0.6329383367224585,21.842105263157894,none
val_images_circle,circle,test004.png,3,rot30_padded,30.0,False,100,521,521,80896.0,0.2980242371559143,inpaint,pnp_hqs,wavelet,15.0,linear25p0_to_10p0,0.1,0.5,0.0,0.15,vanilla,False,0,20,telea,0.0842674351945708,10.743402242797348,0.08995223347144791,6,0.003909646710263023,24.07862485242342,0.635661789133579,21.05263157894737,none
val_images_circle,circle,test004.png,3,rot30_padded,30.0,False,100,521,521,80896.0,0.2980242371559143,inpaint,pnp_hqs,wavelet,15.0,linear25p0_to_10p0,0.1,0.5,0.0,0.15,vanilla,False,0,20,telea,0.0842674351945708,10.743402242797348,0.08995223347144791,7,0.0038891540297979043,24.101448562954335,0.6385685884499852,20.263157894736842,none
val_images_circle,circle,test004.png,3,rot30_padded,30.0,False,100,521,521,80896.0,0.2980242371559143,inpaint,pnp_hqs,wavelet,15.0,linear25p0_to_10p0,0.1,0.5,0.0,0.15,vanilla,False,0,20,telea,0.0842674351945708,10.743402242797348,0.08995223347144791,8,0.0038689635222471214,24.124053649185765,0.6413645683964596,19.473684210526315,none
val_images_circle,circle,test004.png,3,rot30_padded,30.0,False,100,521,521,80896.0,0.2980242371559143,inpaint,pnp_hqs,wavelet,15.0,linear25p0_to_10p0,0.1,0.5,0.0,0.15,vanilla,False,0,20,telea,0.0842674351945708,10.743402242797348,0.08995223347144791,9,0.003850660746610617,24.144647421835856,0.6438586078112638,18.68421052631579,none
val_images_circle,circle,test004.png,3,rot30_padded,30.0,False,100,521,521,80896.0,0.2980242371559143,inpaint,pnp_hqs,wavelet,15.0,linear25p0_to_10p0,0.1,0.5,0.0,0.15,vanilla,False,0,20,telea,0.0842674351945708,10.743402242797348,0.08995223347144791,10,0.0038350677188438704,24.162269629638775,0.6459318233441703,17.894736842105267,none
val_images_circle,circle,test004.png,3,rot30_padded,30.0,False,100,521,521,80896.0,0.2980242371559143,inpaint,pnp_hqs,wavelet,15.0,linear25p0_to_10p0,0.1,0.5,0.0,0.15,vanilla,False,0,20,telea,0.0842674351945708,10.743402242797348,0.08995223347144791,11,0.0038224941567529605,24.176531697984114,0.6475535042678253,17.105263157894736,none
val_images_circle,circle,test004.png,3,rot30_padded,30.0,False,100,521,521,80896.0,0.2980242371559143,inpaint,pnp_hqs,wavelet,15.0,linear25p0_to_10p0,0.1,0.5,0.0,0.15,vanilla,False,0,20,telea,0.0842674351945708,10.743402242797348,0.08995223347144791,12,0.0038128385815439344,24.187515804144102,0.6487574516972409,16.31578947368421,none
val_images_circle,circle,test004.png,3,rot30_padded,30.0,False,100,521,521,80896.0,0.2980242371559143,inpaint,pnp_hqs,wavelet,15.0,linear25p0_to_10p0,0.1,0.5,0.0,0.15,vanilla,False,0,20,telea,0.0842674351945708,10.743402242797348,0.08995223347144791,13,0.0038058848320683346,24.195443578130483,0.6495744246470777,15.526315789473685,none
val_images_circle,circle,test004.png,3,rot30_padded,30.0,False,100,521,521,80896.0,0.2980242371559143,inpaint,pnp_hqs,wavelet,15.0,linear25p0_to_10p0,0.1,0.5,0.0,0.15,vanilla,False,0,20,telea,0.0842674351945708,10.743402242797348,0.08995223347144791,14,0.0038013318671455865,24.20064213591194,0.6500473505334009,14.736842105263158,none
val_images_circle,circle,test004.png,3,rot30_padded,30.0,False,100,521,521,80896.0,0.2980242371559143,inpaint,pnp_hqs,wavelet,15.0,linear25p0_to_10p0,0.1,0.5,0.0,0.15,vanilla,False,0,20,telea,0.0842674351945708,10.743402242797348,0.08995223347144791,15,0.003798874495904657,24.203450540726585,0.6502107064935225,13.947368421052634,none
val_images_circle,circle,test004.png,3,rot30_padded,30.0,False,100,521,521,80896.0,0.2980242371559143,inpaint,pnp_hqs,wavelet,15.0,linear25p0_to_10p0,0.1,0.5,0.0,0.15,vanilla,False,0,20,telea,0.0842674351945708,10.743402242797348,0.08995223347144791,16,0.003798199605338181,24.20422215686662,0.6501112346407734,13.157894736842106,none
val_images_circle,circle,test004.png,3,rot30_padded,30.0,False,100,521,521,80896.0,0.2980242371559143,inpaint,pnp_hqs,wavelet,15.0,linear25p0_to_10p0,0.1,0.5,0.0,0.15,vanilla,False,0,20,telea,0.0842674351945708,10.743402242797348,0.08995223347144791,17,0.0036712073827091653,24.351910819568303,0.6532924507237687,12.368421052631579,none
val_images_circle,circle,test004.png,3,rot30_padded,30.0,False,100,521,521,80896.0,0.2980242371559143,inpaint,pnp_hqs,wavelet,15.0,linear25p0_to_10p0,0.1,0.5,0.0,0.15,vanilla,False,0,20,telea,0.0842674351945708,10.743402242797348,0.08995223347144791,18,0.00322557287880137,24.913931411815824,0.675142215777047,11.578947368421053,none
val_images_circle,circle,test004.png,3,rot30_padded,30.0,False,100,521,521,80896.0,0.2980242371559143,inpaint,pnp_hqs,wavelet,15.0,linear25p0_to_10p0,0.1,0.5,0.0,0.15,vanilla,False,0,20,telea,0.0842674351945708,10.743402242797348,0.08995223347144791,19,0.0028745814969268024,25.414253742109523,0.7012968425509296,10.789473684210527,none
val_images_circle,circle,test004.png,3,rot30_padded,30.0,False,100,521,521,80896.0,0.2980242371559143,inpaint,pnp_hqs,wavelet,15.0,linear25p0_to_10p0,0.1,0.5,0.0,0.15,vanilla,False,0,20,telea,0.0842674351945708,10.743402242797348,0.08995223347144791,20,0.0026373802861080894,25.78827244400456,0.7160605901404272,10.0,none
val_images_circle,circle,test004.png,3,rot30_padded,30.0,False,100,521,521,80896.0,0.2980242371559143,inpaint,pnp_hqs,wavelet,15.0,linear25p0_to_10p0,0.1,0.5,0.0,0.15,G16_fixed,False,16,20,telea,0.0842674351945708,10.743402242797348,0.08995223347144791,1,0.0030514573371863063,25.154926975914094,0.7110829896564725,25.0,0;22.5;45;67.5;90;112.5;135;157.5;180;202.5;225;247.5;270;292.5;315;337.5
val_images_circle,circle,test004.png,3,rot30_padded,30.0,False,100,521,521,80896.0,0.2980242371559143,inpaint,pnp_hqs,wavelet,15.0,linear25p0_to_10p0,0.1,0.5,0.0,0.15,G16_fixed,False,16,20,telea,0.0842674351945708,10.743402242797348,0.08995223347144791,2,0.003269716531415529,24.854898969355382,0.6895065307617188,24.210526315789476,0;22.5;45;67.5;90;112.5;135;157.5;180;202.5;225;247.5;270;292.5;315;337.5
val_images_circle,circle,test004.png,3,rot30_padded,30.0,False,100,521,521,80896.0,0.2980242371559143,inpaint,pnp_hqs,wavelet,15.0,linear25p0_to_10p0,0.1,0.5,0.0,0.15,G16_fixed,False,16,20,telea,0.0842674351945708,10.743402242797348,0.08995223347144791,3,0.00334932834287233,24.75042275419881,0.6832098659080795,23.42105263157895,0;22.5;45;67.5;90;112.5;135;157.5;180;202.5;225;247.5;270;292.5;315;337.5
val_images_circle,circle,test004.png,3,rot30_padded,30.0,False,100,521,521,80896.0,0.2980242371559143,inpaint,pnp_hqs,wavelet,15.0,linear25p0_to_10p0,0.1,0.5,0.0,0.15,G16_fixed,False,16,20,telea,0.0842674351945708,10.743402242797348,0.08995223347144791,4,0.003366048200221001,24.72879669423733,0.6829537017435967,22.631578947368418,0;22.5;45;67.5;90;112.5;135;157.5;180;202.5;225;247.5;270;292.5;315;337.5
val_images_circle,circle,test004.png,3,rot30_padded,30.0,False,100,521,521,80896.0,0.2980242371559143,inpaint,pnp_hqs,wavelet,15.0,linear25p0_to_10p0,0.1,0.5,0.0,0.15,G16_fixed,False,16,20,telea,0.0842674351945708,10.743402242797348,0.08995223347144791,5,0.0033539450621303123,24.744440554476014,0.6850877592835245,21.842105263157894,0;22.5;45;67.5;90;112.5;135;157.5;180;202.5;225;247.5;270;292.5;315;337.5
val_images_circle,circle,test004.png,3,rot30_padded,30.0,False,100,521,521,80896.0,0.2980242371559143,inpaint,pnp_hqs,wavelet,15.0,linear25p0_to_10p0,0.1,0.5,0.0,0.15,G16_fixed,False,16,20,telea,0.0842674351945708,10.743402242797348,0.08995223347144791,6,0.0033295871336248856,24.776096153540095,0.6880776127682456,21.05263157894737,0;22.5;45;67.5;90;112.5;135;157.5;180;202.5;225;247.5;270;292.5;315;337.5
val_images_circle,circle,test004.png,3,rot30_padded,30.0,False,100,521,521,80896.0,0.2980242371559143,inpaint,pnp_hqs,wavelet,15.0,linear25p0_to_10p0,0.1,0.5,0.0,0.15,G16_fixed,False,16,20,telea,0.0842674351945708,10.743402242797348,0.08995223347144791,7,0.003301039149489584,24.813493250164097,0.6912460810021509,20.263157894736842,0;22.5;45;67.5;90;112.5;135;157.5;180;202.5;225;247.5;270;292.5;315;337.5
val_images_circle,circle,test004.png,3,rot30_padded,30.0,False,100,521,521,80896.0,0.2980242371559143,inpaint,pnp_hqs,wavelet,15.0,linear25p0_to_10p0,0.1,0.5,0.0,0.15,G16_fixed,False,16,20,telea,0.0842674351945708,10.743402242797348,0.08995223347144791,8,0.0032720618610140645,24.85178494229599,0.6943117455591129,19.473684210526315,0;22.5;45;67.5;90;112.5;135;157.5;180;202.5;225;247.5;270;292.5;315;337.5
val_images_circle,circle,test004.png,3,rot30_padded,30.0,False,100,521,521,80896.0,0.2980242371559143,inpaint,pnp_hqs,wavelet,15.0,linear25p0_to_10p0,0.1,0.5,0.0,0.15,G16_fixed,False,16,20,telea,0.0842674351945708,10.743402242797348,0.08995223347144791,9,0.003244319671316992,24.888763601794224,0.6971693883968305,18.68421052631579,0;22.5;45;67.5;90;112.5;135;157.5;180;202.5;225;247.5;270;292.5;315;337.5
val_images_circle,circle,test004.png,3,rot30_padded,30.0,False,100,521,521,80896.0,0.2980242371559143,inpaint,pnp_hqs,wavelet,15.0,linear25p0_to_10p0,0.1,0.5,0.0,0.15,G16_fixed,False,16,20,telea,0.0842674351945708,10.743402242797348,0.08995223347144791,10,0.003218519536754753,24.923438503134705,0.6997728951369659,17.894736842105267,0;22.5;45;67.5;90;112.5;135;157.5;180;202.5;225;247.5;270;292.5;315;337.5
val_images_circle,circle,test004.png,3,rot30_padded,30.0,False,100,521,521,80896.0,0.2980242371559143,inpaint,pnp_hqs,wavelet,15.0,linear25p0_to_10p0,0.1,0.5,0.0,0.15,G16_fixed,False,16,20,telea,0.0842674351945708,10.743402242797348,0.08995223347144791,11,0.003194880636432503,24.955453628286065,0.7021213000333761,17.105263157894736,0;22.5;45;67.5;90;112.5;135;157.5;180;202.5;225;247.5;270;292.5;315;337.5
val_images_circle,circle,test004.png,3,rot30_padded,30.0,False,100,521,521,80896.0,0.2980242371559143,inpaint,pnp_hqs,wavelet,15.0,linear25p0_to_10p0,0.1,0.5,0.0,0.15,G16_fixed,False,16,20,telea,0.0842674351945708,10.743402242797348,0.08995223347144791,12,0.003154137277904945,25.011194087435833,0.7049734864053847,16.31578947368421,0;22.5;45;67.5;90;112.5;135;157.5;180;202.5;225;247.5;270;292.5;315;337.5
val_images_circle,circle,test004.png,3,rot30_padded,30.0,False,100,521,521,80896.0,0.2980242371559143,inpaint,pnp_hqs,wavelet,15.0,linear25p0_to_10p0,0.1,0.5,0.0,0.15,G16_fixed,False,16,20,telea,0.0842674351945708,10.743402242797348,0.08995223347144791,13,0.0030925305961053582,25.096859949635167,0.709278975860982,15.526315789473685,0;22.5;45;67.5;90;112.5;135;157.5;180;202.5;225;247.5;270;292.5;315;337.5
val_images_circle,circle,test004.png,3,rot30_padded,30.0,False,100,521,521,80896.0,0.2980242371559143,inpaint,pnp_hqs,wavelet,15.0,linear25p0_to_10p0,0.1,0.5,0.0,0.15,G16_fixed,False,16,20,telea,0.0842674351945708,10.743402242797348,0.08995223347144791,14,0.0028685612391821944,25.42335874191855,0.7191742522807061,14.736842105263158,0;22.5;45;67.5;90;112.5;135;157.5;180;202.5;225;247.5;270;292.5;315;337.5
val_images_circle,circle,test004.png,3,rot30_padded,30.0,False,100,521,521,80896.0,0.2980242371559143,inpaint,pnp_hqs,wavelet,15.0,linear25p0_to_10p0,0.1,0.5,0.0,0.15,G16_fixed,False,16,20,telea,0.0842674351945708,10.743402242797348,0.08995223347144791,15,0.0025168742182888563,25.99138487935164,0.740872829775267,13.947368421052634,0;22.5;45;67.5;90;112.5;135;157.5;180;202.5;225;247.5;270;292.5;315;337.5
val_images_circle,circle,test004.png,3,rot30_padded,30.0,False,100,521,521,80896.0,0.2980242371559143,inpaint,pnp_hqs,wavelet,15.0,linear25p0_to_10p0,0.1,0.5,0.0,0.15,G16_fixed,False,16,20,telea,0.0842674351945708,10.743402242797348,0.08995223347144791,16,0.0022687580012067964,26.442118259949826,0.7620546847959108,13.157894736842106,0;22.5;45;67.5;90;112.5;135;157.5;180;202.5;225;247.5;270;292.5;315;337.5
val_images_circle,circle,test004.png,3,rot30_padded,30.0,False,100,521,521,80896.0,0.2980242371559143,inpaint,pnp_hqs,wavelet,15.0,linear25p0_to_10p0,0.1,0.5,0.0,0.15,G16_fixed,False,16,20,telea,0.0842674351945708,10.743402242797348,0.08995223347144791,17,0.0021048054287705243,26.767880447769517,0.7778633214250396,12.368421052631579,0;22.5;45;67.5;90;112.5;135;157.5;180;202.5;225;247.5;270;292.5;315;337.5
val_images_circle,circle,test004.png,3,rot30_padded,30.0,False,100,521,521,80896.0,0.2980242371559143,inpaint,pnp_hqs,wavelet,15.0,linear25p0_to_10p0,0.1,0.5,0.0,0.15,G16_fixed,False,16,20,telea,0.0842674351945708,10.743402242797348,0.08995223347144791,18,0.0019947980778126776,27.001010589396127,0.7885493990741198,11.578947368421053,0;22.5;45;67.5;90;112.5;135;157.5;180;202.5;225;247.5;270;292.5;315;337.5
val_images_circle,circle,test004.png,3,rot30_padded,30.0,False,100,521,521,80896.0,0.2980242371559143,inpaint,pnp_hqs,wavelet,15.0,linear25p0_to_10p0,0.1,0.5,0.0,0.15,G16_fixed,False,16,20,telea,0.0842674351945708,10.743402242797348,0.08995223347144791,19,0.0018963859051088743,27.22073281235483,0.7961894651002521,10.789473684210527,0;22.5;45;67.5;90;112.5;135;157.5;180;202.5;225;247.5;270;292.5;315;337.5
val_images_circle,circle,test004.png,3,rot30_padded,30.0,False,100,521,521,80896.0,0.2980242371559143,inpaint,pnp_hqs,wavelet,15.0,linear25p0_to_10p0,0.1,0.5,0.0,0.15,G16_fixed,False,16,20,telea,0.0842674351945708,10.743402242797348,0.08995223347144791,20,0.0016386525917656814,27.855131107807235,0.8096962940843799,10.0,0;22.5;45;67.5;90;112.5;135;157.5;180;202.5;225;247.5;270;292.5;315;337.5
val_images_circle,circle,test004.png,3,rot45_padded,45.0,False,100,521,521,80887.0,0.2979910969734192,inpaint,pnp_hqs,wavelet,15.0,linear25p0_to_10p0,0.1,0.5,0.0,0.15,vanilla,False,0,20,telea,0.08517392029157961,10.696933630654106,0.08856349294579166,1,0.0037564132829837073,24.252266324215512,0.642915280344802,25.0,none
val_images_circle,circle,test004.png,3,rot45_padded,45.0,False,100,521,521,80887.0,0.2979910969734192,inpaint,pnp_hqs,wavelet,15.0,linear25p0_to_10p0,0.1,0.5,0.0,0.15,vanilla,False,0,20,telea,0.08517392029157961,10.696933630654106,0.08856349294579166,2,0.0038506858761827843,24.144619079689843,0.632517335140381,24.210526315789476,none
val_images_circle,circle,test004.png,3,rot45_padded,45.0,False,100,521,521,80887.0,0.2979910969734192,inpaint,pnp_hqs,wavelet,15.0,linear25p0_to_10p0,0.1,0.5,0.0,0.15,vanilla,False,0,20,telea,0.08517392029157961,10.696933630654106,0.08856349294579166,3,0.0039041334223882548,24.084753488903736,0.6283665310093093,23.42105263157895,none
val_images_circle,circle,test004.png,3,rot45_padded,45.0,False,100,521,521,80887.0,0.2979910969734192,inpaint,pnp_hqs,wavelet,15.0,linear25p0_to_10p0,0.1,0.5,0.0,0.15,vanilla,False,0,20,telea,0.08517392029157961,10.696933630654106,0.08856349294579166,4,0.0039227664738162886,24.064075450827247,0.628237927602705,22.631578947368418,none
val_images_circle,circle,test004.png,3,rot45_padded,45.0,False,100,521,521,80887.0,0.2979910969734192,inpaint,pnp_hqs,wavelet,15.0,linear25p0_to_10p0,0.1,0.5,0.0,0.15,vanilla,False,0,20,telea,0.08517392029157961,10.696933630654106,0.08856349294579166,5,0.003919729694280292,24.067438810229373,0.6302978518643293,21.842105263157894,none
val_images_circle,circle,test004.png,3,rot45_padded,45.0,False,100,521,521,80887.0,0.2979910969734192,inpaint,pnp_hqs,wavelet,15.0,linear25p0_to_10p0,0.1,0.5,0.0,0.15,vanilla,False,0,20,telea,0.08517392029157961,10.696933630654106,0.08856349294579166,6,0.003905304519876108,24.08345095936366,0.6333374897233177,21.05263157894737,none
val_images_circle,circle,test004.png,3,rot45_padded,45.0,False,100,521,521,80887.0,0.2979910969734192,inpaint,pnp_hqs,wavelet,15.0,linear25p0_to_10p0,0.1,0.5,0.0,0.15,vanilla,False,0,20,telea,0.08517392029157961,10.696933630654106,0.08856349294579166,7,0.0038865363998589466,24.104372604983485,0.6365929958615105,20.263157894736842,none
val_images_circle,circle,test004.png,3,rot45_padded,45.0,False,100,521,521,80887.0,0.2979910969734192,inpaint,pnp_hqs,wavelet,15.0,linear25p0_to_10p0,0.1,0.5,0.0,0.15,vanilla,False,0,20,telea,0.08517392029157961,10.696933630654106,0.08856349294579166,8,0.0038674849376338673,24.125713690352487,0.6396343239642959,19.473684210526315,none
val_images_circle,circle,test004.png,3,rot45_padded,45.0,False,100,521,521,80887.0,0.2979910969734192,inpaint,pnp_hqs,wavelet,15.0,linear25p0_to_10p0,0.1,0.5,0.0,0.15,vanilla,False,0,20,telea,0.08517392029157961,10.696933630654106,0.08856349294579166,9,0.003850107495883532,24.145271447207687,0.6422840467256791,18.68421052631579,none
val_images_circle,circle,test004.png,3,rot45_padded,45.0,False,100,521,521,80887.0,0.2979910969734192,inpaint,pnp_hqs,wavelet,15.0,linear25p0_to_10p0,0.1,0.5,0.0,0.15,vanilla,False,0,20,telea,0.08517392029157961,10.696933630654106,0.08856349294579166,10,0.0038354993374968708,24.1617808793336,0.6444301251282654,17.894736842105267,none
val_images_circle,circle,test004.png,3,rot45_padded,45.0,False,100,521,521,80887.0,0.2979910969734192,inpaint,pnp_hqs,wavelet,15.0,linear25p0_to_10p0,0.1,0.5,0.0,0.15,vanilla,False,0,20,telea,0.08517392029157961,10.696933630654106,0.08856349294579166,11,0.0038240169982747922,24.17480185893705,0.6460551738072867,17.105263157894736,none
val_images_circle,circle,test004.png,3,rot45_padded,45.0,False,100,521,521,80887.0,0.2979910969734192,inpaint,pnp_hqs,wavelet,15.0,linear25p0_to_10p0,0.1,0.5,0.0,0.15,vanilla,False,0,20,telea,0.08517392029157961,10.696933630654106,0.08856349294579166,12,0.0038154514614620553,24.184540669826195,0.6472129908081645,16.31578947368421,none
val_images_circle,circle,test004.png,3,rot45_padded,45.0,False,100,521,521,80887.0,0.2979910969734192,inpaint,pnp_hqs,wavelet,15.0,linear25p0_to_10p0,0.1,0.5,0.0,0.15,vanilla,False,0,20,telea,0.08517392029157961,10.696933630654106,0.08856349294579166,13,0.0038096099336255747,24.191194895071426,0.6479468946647793,15.526315789473685,none
val_images_circle,circle,test004.png,3,rot45_padded,45.0,False,100,521,521,80887.0,0.2979910969734192,inpaint,pnp_hqs,wavelet,15.0,linear25p0_to_10p0,0.1,0.5,0.0,0.15,vanilla,False,0,20,telea,0.08517392029157961,10.696933630654106,0.08856349294579166,14,0.0038062056769783774,24.19507747325063,0.6483002522036916,14.736842105263158,none
val_images_circle,circle,test004.png,3,rot45_padded,45.0,False,100,521,521,80887.0,0.2979910969734192,inpaint,pnp_hqs,wavelet,15.0,linear25p0_to_10p0,0.1,0.5,0.0,0.15,vanilla,False,0,20,telea,0.08517392029157961,10.696933630654106,0.08856349294579166,15,0.0038049244118144756,24.19653966451343,0.6483253161045657,13.947368421052634,none
val_images_circle,circle,test004.png,3,rot45_padded,45.0,False,100,521,521,80887.0,0.2979910969734192,inpaint,pnp_hqs,wavelet,15.0,linear25p0_to_10p0,0.1,0.5,0.0,0.15,vanilla,False,0,20,telea,0.08517392029157961,10.696933630654106,0.08856349294579166,16,0.0037941902318444636,24.20880898389582,0.648519887311929,13.157894736842106,none
val_images_circle,circle,test004.png,3,rot45_padded,45.0,False,100,521,521,80887.0,0.2979910969734192,inpaint,pnp_hqs,wavelet,15.0,linear25p0_to_10p0,0.1,0.5,0.0,0.15,vanilla,False,0,20,telea,0.08517392029157961,10.696933630654106,0.08856349294579166,17,0.003738848329812153,24.272621520861293,0.6522245636659785,12.368421052631579,none
val_images_circle,circle,test004.png,3,rot45_padded,45.0,False,100,521,521,80887.0,0.2979910969734192,inpaint,pnp_hqs,wavelet,15.0,linear25p0_to_10p0,0.1,0.5,0.0,0.15,vanilla,False,0,20,telea,0.08517392029157961,10.696933630654106,0.08856349294579166,18,0.0034120159226277862,24.6698895080661,0.6671623105381582,11.578947368421053,none
val_images_circle,circle,test004.png,3,rot45_padded,45.0,False,100,521,521,80887.0,0.2979910969734192,inpaint,pnp_hqs,wavelet,15.0,linear25p0_to_10p0,0.1,0.5,0.0,0.15,vanilla,False,0,20,telea,0.08517392029157961,10.696933630654106,0.08856349294579166,19,0.0030611267810461084,25.141186830885466,0.6916831602266125,10.789473684210527,none
val_images_circle,circle,test004.png,3,rot45_padded,45.0,False,100,521,521,80887.0,0.2979910969734192,inpaint,pnp_hqs,wavelet,15.0,linear25p0_to_10p0,0.1,0.5,0.0,0.15,vanilla,False,0,20,telea,0.08517392029157961,10.696933630654106,0.08856349294579166,20,0.0027500738183795373,25.60655648538965,0.7110014878008827,10.0,none
val_images_circle,circle,test004.png,3,rot45_padded,45.0,False,100,521,521,80887.0,0.2979910969734192,inpaint,pnp_hqs,wavelet,15.0,linear25p0_to_10p0,0.1,0.5,0.0,0.15,G16_fixed,False,16,20,telea,0.08517392029157961,10.696933630654106,0.08856349294579166,1,0.0029910905106477633,25.241704449826784,0.7080361240835981,25.0,0;22.5;45;67.5;90;112.5;135;157.5;180;202.5;225;247.5;270;292.5;315;337.5
val_images_circle,circle,test004.png,3,rot45_padded,45.0,False,100,521,521,80887.0,0.2979910969734192,inpaint,pnp_hqs,wavelet,15.0,linear25p0_to_10p0,0.1,0.5,0.0,0.15,G16_fixed,False,16,20,telea,0.08517392029157961,10.696933630654106,0.08856349294579166,2,0.003248195456484625,24.883578454657382,0.6856732327969884,24.210526315789476,0;22.5;45;67.5;90;112.5;135;157.5;180;202.5;225;247.5;270;292.5;315;337.5
val_images_circle,circle,test004.png,3,rot45_padded,45.0,False,100,521,521,80887.0,0.2979910969734192,inpaint,pnp_hqs,wavelet,15.0,linear25p0_to_10p0,0.1,0.5,0.0,0.15,G16_fixed,False,16,20,telea,0.08517392029157961,10.696933630654106,0.08856349294579166,3,0.0033496255530477705,24.750037390330807,0.6793495961186594,23.42105263157895,0;22.5;45;67.5;90;112.5;135;157.5;180;202.5;225;247.5;270;292.5;315;337.5
val_images_circle,circle,test004.png,3,rot45_padded,45.0,False,100,521,521,80887.0,0.2979910969734192,inpaint,pnp_hqs,wavelet,15.0,linear25p0_to_10p0,0.1,0.5,0.0,0.15,G16_fixed,False,16,20,telea,0.08517392029157961,10.696933630654106,0.08856349294579166,4,0.003378587578678434,24.712648189489194,0.6791955907624216,22.631578947368418,0;22.5;45;67.5;90;112.5;135;157.5;180;202.5;225;247.5;270;292.5;315;337.5
val_images_circle,circle,test004.png,3,rot45_padded,45.0,False,100,521,521,80887.0,0.2979910969734192,inpaint,pnp_hqs,wavelet,15.0,linear25p0_to_10p0,0.1,0.5,0.0,0.15,G16_fixed,False,16,20,telea,0.08517392029157961,10.696933630654106,0.08856349294579166,5,0.003373169366364303,24.719618523978678,0.6814370472078332,21.842105263157894,0;22.5;45;67.5;90;112.5;135;157.5;180;202.5;225;247.5;270;292.5;315;337.5
val_images_circle,circle,test004.png,3,rot45_padded,45.0,False,100,521,521,80887.0,0.2979910969734192,inpaint,pnp_hqs,wavelet,15.0,linear25p0_to_10p0,0.1,0.5,0.0,0.15,G16_fixed,False,16,20,telea,0.08517392029157961,10.696933630654106,0.08856349294579166,6,0.0033523178699528355,24.746548078755033,0.6845278753075278,21.05263157894737,0;22.5;45;67.5;90;112.5;135;157.5;180;202.5;225;247.5;270;292.5;315;337.5
val_images_circle,circle,test004.png,3,rot45_padded,45.0,False,100,521,521,80887.0,0.2979910969734192,inpaint,pnp_hqs,wavelet,15.0,linear25p0_to_10p0,0.1,0.5,0.0,0.15,G16_fixed,False,16,20,telea,0.08517392029157961,10.696933630654106,0.08856349294579166,7,0.0033254063967856004,24.781552721364378,0.687803905834683,20.263157894736842,0;22.5;45;67.5;90;112.5;135;157.5;180;202.5;225;247.5;270;292.5;315;337.5
val_images_circle,circle,test004.png,3,rot45_padded,45.0,False,100,521,521,80887.0,0.2979910969734192,inpaint,pnp_hqs,wavelet,15.0,linear25p0_to_10p0,0.1,0.5,0.0,0.15,G16_fixed,False,16,20,telea,0.08517392029157961,10.696933630654106,0.08856349294579166,8,0.0032970087918514023,24.818798947593468,0.6909802119778209,19.473684210526315,0;22.5;45;67.5;90;112.5;135;157.5;180;202.5;225;247.5;270;292.5;315;337.5
val_images_circle,circle,test004.png,3,rot45_padded,45.0,False,100,521,521,80887.0,0.2979910969734192,inpaint,pnp_hqs,wavelet,15.0,linear25p0_to_10p0,0.1,0.5,0.0,0.15,G16_fixed,False,16,20,telea,0.08517392029157961,10.696933630654106,0.08856349294579166,9,0.0032693016213253133,24.85545010152446,0.6939412776465934,18.68421052631579,0;22.5;45;67.5;90;112.5;135;157.5;180;202.5;225;247.5;270;292.5;315;337.5
val_images_circle,circle,test004.png,3,rot45_padded,45.0,False,100,521,521,80887.0,0.2979910969734192,inpaint,pnp_hqs,wavelet,15.0,linear25p0_to_10p0,0.1,0.5,0.0,0.15,G16_fixed,False,16,20,telea,0.08517392029157961,10.696933630654106,0.08856349294579166,10,0.003243224328746237,24.890230108191066,0.6966490965019101,17.894736842105267,0;22.5;45;67.5;90;112.5;135;157.5;180;202.5;225;247.5;270;292.5;315;337.5
val_images_circle,circle,test004.png,3,rot45_padded,45.0,False,100,521,521,80887.0,0.2979910969734192,inpaint,pnp_hqs,wavelet,15.0,linear25p0_to_10p0,0.1,0.5,0.0,0.15,G16_fixed,False,16,20,telea,0.08517392029157961,10.696933630654106,0.08856349294579166,11,0.0032191523142431726,24.922584741778927,0.699098163178261,17.105263157894736,0;22.5;45;67.5;90;112.5;135;157.5;180;202.5;225;247.5;270;292.5;315;337.5
val_images_circle,circle,test004.png,3,rot45_padded,45.0,False,100,521,521,80887.0,0.2979910969734192,inpaint,pnp_hqs,wavelet,15.0,linear25p0_to_10p0,0.1,0.5,0.0,0.15,G16_fixed,False,16,20,telea,0.08517392029157961,10.696933630654106,0.08856349294579166,12,0.003195112746384424,24.955138122258692,0.7013544454764054,16.31578947368421,0;22.5;45;67.5;90;112.5;135;157.5;180;202.5;225;247.5;270;292.5;315;337.5
val_images_circle,circle,test004.png,3,rot45_padded,45.0,False,100,521,521,80887.0,0.2979910969734192,inpaint,pnp_hqs,wavelet,15.0,linear25p0_to_10p0,0.1,0.5,0.0,0.15,G16_fixed,False,16,20,telea,0.08517392029157961,10.696933630654106,0.08856349294579166,13,0.0031492264001641563,25.01796116496639,0.7044779677204001,15.526315789473685,0;22.5;45;67.5;90;112.5;135;157.5;180;202.5;225;247.5;270;292.5;315;337.5
val_images_circle,circle,test004.png,3,rot45_padded,45.0,False,100,521,521,80887.0,0.2979910969734192,inpaint,pnp_hqs,wavelet,15.0,linear25p0_to_10p0,0.1,0.5,0.0,0.15,G16_fixed,False,16,20,telea,0.08517392029157961,10.696933630654106,0.08856349294579166,14,0.0029491468089983945,25.303036076615214,0.7136026764189548,14.736842105263158,0;22.5;45;67.5;90;112.5;135;157.5;180;202.5;225;247.5;270;292.5;315;337.5
val_images_circle,circle,test004.png,3,rot45_padded,45.0,False,100,521,521,80887.0,0.2979910969734192,inpaint,pnp_hqs,wavelet,15.0,linear25p0_to_10p0,0.1,0.5,0.0,0.15,G16_fixed,False,16,20,telea,0.08517392029157961,10.696933630654106,0.08856349294579166,15,0.002593290689830508,25.861487991143825,0.7346316273010496,13.947368421052634,0;22.5;45;67.5;90;112.5;135;157.5;180;202.5;225;247.5;270;292.5;315;337.5
val_images_circle,circle,test004.png,3,rot45_padded,45.0,False,100,521,521,80887.0,0.2979910969734192,inpaint,pnp_hqs,wavelet,15.0,linear25p0_to_10p0,0.1,0.5,0.0,0.15,G16_fixed,False,16,20,telea,0.08517392029157961,10.696933630654106,0.08856349294579166,16,0.0023368369405993277,26.31371590675194,0.7561281479100473,13.157894736842106,0;22.5;45;67.5;90;112.5;135;157.5;180;202.5;225;247.5;270;292.5;315;337.5
val_images_circle,circle,test004.png,3,rot45_padded,45.0,False,100,521,521,80887.0,0.2979910969734192,inpaint,pnp_hqs,wavelet,15.0,linear25p0_to_10p0,0.1,0.5,0.0,0.15,G16_fixed,False,16,20,telea,0.08517392029157961,10.696933630654106,0.08856349294579166,17,0.002166342086534494,26.642729629629542,0.77260826639324,12.368421052631579,0;22.5;45;67.5;90;112.5;135;157.5;180;202.5;225;247.5;270;292.5;315;337.5
val_images_circle,circle,test004.png,3,rot45_padded,45.0,False,100,521,521,80887.0,0.2979910969734192,inpaint,pnp_hqs,wavelet,15.0,linear25p0_to_10p0,0.1,0.5,0.0,0.15,G16_fixed,False,16,20,telea,0.08517392029157961,10.696933630654106,0.08856349294579166,18,0.0020516645155698498,26.8789365279431,0.783907449590169,11.578947368421053,0;22.5;45;67.5;90;112.5;135;157.5;180;202.5;225;247.5;270;292.5;315;337.5
val_images_circle,circle,test004.png,3,rot45_padded,45.0,False,100,521,521,80887.0,0.2979910969734192,inpaint,pnp_hqs,wavelet,15.0,linear25p0_to_10p0,0.1,0.5,0.0,0.15,G16_fixed,False,16,20,telea,0.08517392029157961,10.696933630654106,0.08856349294579166,19,0.001949569640084798,27.100612468753976,0.7920232759126931,10.789473684210527,0;22.5;45;67.5;90;112.5;135;157.5;180;202.5;225;247.5;270;292.5;315;337.5
val_images_circle,circle,test004.png,3,rot45_padded,45.0,False,100,521,521,80887.0,0.2979910969734192,inpaint,pnp_hqs,wavelet,15.0,linear25p0_to_10p0,0.1,0.5,0.0,0.15,G16_fixed,False,16,20,telea,0.08517392029157961,10.696933630654106,0.08856349294579166,20,0.0016922028573740412,27.71547575955774,0.80559313262638,10.0,0;22.5;45;67.5;90;112.5;135;157.5;180;202.5;225;247.5;270;292.5;315;337.5
val_images_circle,circle,test004.png,3,rot60_padded,60.0,False,100,521,521,80896.0,0.2980242371559143,inpaint,pnp_hqs,wavelet,15.0,linear25p0_to_10p0,0.1,0.5,0.0,0.15,vanilla,False,0,20,telea,0.08382844924926758,10.766085678233337,0.09168923655642738,1,0.003815291425849818,24.18472283448392,0.644998671133307,25.0,none
val_images_circle,circle,test004.png,3,rot60_padded,60.0,False,100,521,521,80896.0,0.2980242371559143,inpaint,pnp_hqs,wavelet,15.0,linear25p0_to_10p0,0.1,0.5,0.0,0.15,vanilla,False,0,20,telea,0.08382844924926758,10.766085678233337,0.09168923655642738,2,0.0039265759383575825,24.059859990544563,0.6343366888504994,24.210526315789476,none
val_images_circle,circle,test004.png,3,rot60_padded,60.0,False,100,521,521,80896.0,0.2980242371559143,inpaint,pnp_hqs,wavelet,15.0,linear25p0_to_10p0,0.1,0.5,0.0,0.15,vanilla,False,0,20,telea,0.08382844924926758,10.766085678233337,0.09168923655642738,3,0.003989696502685547,23.990601399578928,0.6304230991798111,23.42105263157895,none
val_images_circle,circle,test004.png,3,rot60_padded,60.0,False,100,521,521,80896.0,0.2980242371559143,inpaint,pnp_hqs,wavelet,15.0,linear25p0_to_10p0,0.1,0.5,0.0,0.15,vanilla,False,0,20,telea,0.08382844924926758,10.766085678233337,0.09168923655642738,4,0.004012497542779657,23.965852205453423,0.6304546307913864,22.631578947368418,none
val_images_circle,circle,test004.png,3,rot60_padded,60.0,False,100,521,521,80896.0,0.2980242371559143,inpaint,pnp_hqs,wavelet,15.0,linear25p0_to_10p0,0.1,0.5,0.0,0.15,vanilla,False,0,20,telea,0.08382844924926758,10.766085678233337,0.09168923655642738,5,0.004009931147853031,23.968630843284984,0.6326574011694027,21.842105263157894,none
val_images_circle,circle,test004.png,3,rot60_padded,60.0,False,100,521,521,80896.0,0.2980242371559143,inpaint,pnp_hqs,wavelet,15.0,linear25p0_to_10p0,0.1,0.5,0.0,0.15,vanilla,False,0,20,telea,0.08382844924926758,10.766085678233337,0.09168923655642738,6,0.003994049905221673,23.98586512968825,0.6358316638801671,21.05263157894737,none
val_images_circle,circle,test004.png,3,rot60_padded,60.0,False,100,521,521,80896.0,0.2980242371559143,inpaint,pnp_hqs,wavelet,15.0,linear25p0_to_10p0,0.1,0.5,0.0,0.15,vanilla,False,0,20,telea,0.08382844924926758,10.766085678233337,0.09168923655642738,7,0.0039726507060135465,24.009196184632913,0.6392337461061115,20.263157894736842,none
val_images_circle,circle,test004.png,3,rot60_padded,60.0,False,100,521,521,80896.0,0.2980242371559143,inpaint,pnp_hqs,wavelet,15.0,linear25p0_to_10p0,0.1,0.5,0.0,0.15,vanilla,False,0,20,telea,0.08382844924926758,10.766085678233337,0.09168923655642738,8,0.003950490227228478,24.03349008229286,0.642449101315269,19.473684210526315,none
val_images_circle,circle,test004.png,3,rot60_padded,60.0,False,100,521,521,80896.0,0.2980242371559143,inpaint,pnp_hqs,wavelet,15.0,linear25p0_to_10p0,0.1,0.5,0.0,0.15,vanilla,False,0,20,telea,0.08382844924926758,10.766085678233337,0.09168923655642738,9,0.0039300926123993305,24.055972153802788,0.6452407836914062,18.68421052631579,none
val_images_circle,circle,test004.png,3,rot60_padded,60.0,False,100,521,521,80896.0,0.2980242371559143,inpaint,pnp_hqs,wavelet,15.0,linear25p0_to_10p0,0.1,0.5,0.0,0.15,vanilla,False,0,20,telea,0.08382844924926758,10.766085678233337,0.09168923655642738,10,0.0039126024216036255,24.07534280613526,0.6475240972977651,17.894736842105267,none
val_images_circle,circle,test004.png,3,rot60_padded,60.0,False,100,521,521,80896.0,0.2980242371559143,inpaint,pnp_hqs,wavelet,15.0,linear25p0_to_10p0,0.1,0.5,0.0,0.15,vanilla,False,0,20,telea,0.08382844924926758,10.766085678233337,0.09168923655642738,11,0.003898448581936993,24.091081894741635,0.6492784717414952,17.105263157894736,none
val_images_circle,circle,test004.png,3,rot60_padded,60.0,False,100,521,521,80896.0,0.2980242371559143,inpaint,pnp_hqs,wavelet,15.0,linear25p0_to_10p0,0.1,0.5,0.0,0.15,vanilla,False,0,20,telea,0.08382844924926758,10.766085678233337,0.09168923655642738,12,0.003887556398971171,24.103232973646453,0.6505373701264586,16.31578947368421,none
val_images_circle,circle,test004.png,3,rot60_padded,60.0,False,100,521,521,80896.0,0.2980242371559143,inpaint,pnp_hqs,wavelet,15.0,linear25p0_to_10p0,0.1,0.5,0.0,0.15,vanilla,False,0,20,telea,0.08382844924926758,10.766085678233337,0.09168923655642738,13,0.0038797206516507305,24.111995434300567,0.6513428024098843,15.526315789473685,none
val_images_circle,circle,test004.png,3,rot60_padded,60.0,False,100,521,521,80896.0,0.2980242371559143,inpaint,pnp_hqs,wavelet,15.0,linear25p0_to_10p0,0.1,0.5,0.0,0.15,vanilla,False,0,20,telea,0.08382844924926758,10.766085678233337,0.09168923655642738,14,0.003874557682230503,24.11777869191459,0.6517552725876434,14.736842105263158,none
val_images_circle,circle,test004.png,3,rot60_padded,60.0,False,100,521,521,80896.0,0.2980242371559143,inpaint,pnp_hqs,wavelet,15.0,linear25p0_to_10p0,0.1,0.5,0.0,0.15,vanilla,False,0,20,telea,0.08382844924926758,10.766085678233337,0.09168923655642738,15,0.003871683078476145,24.12100199633812,0.6518298281898981,13.947368421052634,none
val_images_circle,circle,test004.png,3,rot60_padded,60.0,False,100,521,521,80896.0,0.2980242371559143,inpaint,pnp_hqs,wavelet,15.0,linear25p0_to_10p0,0.1,0.5,0.0,0.15,vanilla,False,0,20,telea,0.08382844924926758,10.766085678233337,0.09168923655642738,16,0.003824857594091681,24.17384729726436,0.6534638706641861,13.157894736842106,none
val_images_circle,circle,test004.png,3,rot60_padded,60.0,False,100,521,521,80896.0,0.2980242371559143,inpaint,pnp_hqs,wavelet,15.0,linear25p0_to_10p0,0.1,0.5,0.0,0.15,vanilla,False,0,20,telea,0.08382844924926758,10.766085678233337,0.09168923655642738,17,0.0036556879176369195,24.370308866344015,0.6612023945096173,12.368421052631579,none
val_images_circle,circle,test004.png,3,rot60_padded,60.0,False,100,521,521,80896.0,0.2980242371559143,inpaint,pnp_hqs,wavelet,15.0,linear25p0_to_10p0,0.1,0.5,0.0,0.15,vanilla,False,0,20,telea,0.08382844924926758,10.766085678233337,0.09168923655642738,18,0.0032416453844384303,24.892344959665316,0.6825094585177265,11.578947368421053,none
val_images_circle,circle,test004.png,3,rot60_padded,60.0,False,100,521,521,80896.0,0.2980242371559143,inpaint,pnp_hqs,wavelet,15.0,linear25p0_to_10p0,0.1,0.5,0.0,0.15,vanilla,False,0,20,telea,0.08382844924926758,10.766085678233337,0.09168923655642738,19,0.002925675881059864,25.337737885538594,0.7058523636830004,10.789473684210527,none
val_images_circle,circle,test004.png,3,rot60_padded,60.0,False,100,521,521,80896.0,0.2980242371559143,inpaint,pnp_hqs,wavelet,15.0,linear25p0_to_10p0,0.1,0.5,0.0,0.15,vanilla,False,0,20,telea,0.08382844924926758,10.766085678233337,0.09168923655642738,20,0.0026828827737252923,25.713983030405,0.7197863421862638,10.0,none
val_images_circle,circle,test004.png,3,rot60_padded,60.0,False,100,521,521,80896.0,0.2980242371559143,inpaint,pnp_hqs,wavelet,15.0,linear25p0_to_10p0,0.1,0.5,0.0,0.15,G16_fixed,False,16,20,telea,0.08382844924926758,10.766085678233337,0.09168923655642738,1,0.0029634227858314033,25.28206384140912,0.7125653616989716,25.0,0;22.5;45;67.5;90;112.5;135;157.5;180;202.5;225;247.5;270;292.5;315;337.5
val_images_circle,circle,test004.png,3,rot60_padded,60.0,False,100,521,521,80896.0,0.2980242371559143,inpaint,pnp_hqs,wavelet,15.0,linear25p0_to_10p0,0.1,0.5,0.0,0.15,G16_fixed,False,16,20,telea,0.08382844924926758,10.766085678233337,0.09168923655642738,2,0.0032027695752397368,24.944743057325756,0.6910125152974189,24.210526315789476,0;22.5;45;67.5;90;112.5;135;157.5;180;202.5;225;247.5;270;292.5;315;337.5
val_images_circle,circle,test004.png,3,rot60_padded,60.0,False,100,521,521,80896.0,0.2980242371559143,inpaint,pnp_hqs,wavelet,15.0,linear25p0_to_10p0,0.1,0.5,0.0,0.15,G16_fixed,False,16,20,telea,0.08382844924926758,10.766085678233337,0.09168923655642738,3,0.0032942200763316095,24.822473903685367,0.6848620161225524,23.42105263157895,0;22.5;45;67.5;90;112.5;135;157.5;180;202.5;225;247.5;270;292.5;315;337.5
val_images_circle,circle,test004.png,3,rot60_padded,60.0,False,100,521,521,80896.0,0.2980242371559143,inpaint,pnp_hqs,wavelet,15.0,linear25p0_to_10p0,0.1,0.5,0.0,0.15,G16_fixed,False,16,20,telea,0.08382844924926758,10.766085678233337,0.09168923655642738,4,0.003317570007300075,24.79179903892819,0.6846806489968602,22.631578947368418,0;22.5;45;67.5;90;112.5;135;157.5;180;202.5;225;247.5;270;292.5;315;337.5
val_images_circle,circle,test004.png,3,rot60_padded,60.0,False,100,521,521,80896.0,0.2980242371559143,inpaint,pnp_hqs,wavelet,15.0,linear25p0_to_10p0,0.1,0.5,0.0,0.15,G16_fixed,False,16,20,telea,0.08382844924926758,10.766085678233337,0.09168923655642738,5,0.0033094769791711734,24.802406355317224,0.6868221427820906,21.842105263157894,0;22.5;45;67.5;90;112.5;135;157.5;180;202.5;225;247.5;270;292.5;315;337.5
val_images_circle,circle,test004.png,3,rot60_padded,60.0,False,100,521,521,80896.0,0.2980242371559143,inpaint,pnp_hqs,wavelet,15.0,linear25p0_to_10p0,0.1,0.5,0.0,0.15,G16_fixed,False,16,20,telea,0.08382844924926758,10.766085678233337,0.09168923655642738,6,0.0032878299302692656,24.830906553217233,0.689773704432234,21.05263157894737,0;22.5;45;67.5;90;112.5;135;157.5;180;202.5;225;247.5;270;292.5;315;337.5
val_images_circle,circle,test004.png,3,rot60_padded,60.0,False,100,521,521,80896.0,0.2980242371559143,inpaint,pnp_hqs,wavelet,15.0,linear25p0_to_10p0,0.1,0.5,0.0,0.15,G16_fixed,False,16,20,telea,0.08382844924926758,10.766085678233337,0.09168923655642738,7,0.0032612587077708185,24.866147482959335,0.6928896843632565,20.263157894736842,0;22.5;45;67.5;90;112.5;135;157.5;180;202.5;225;247.5;270;292.5;315;337.5
val_images_circle,circle,test004.png,3,rot60_padded,60.0,False,100,521,521,80896.0,0.2980242371559143,inpaint,pnp_hqs,wavelet,15.0,linear25p0_to_10p0,0.1,0.5,0.0,0.15,G16_fixed,False,16,20,telea,0.08382844924926758,10.766085678233337,0.09168923655642738,8,0.00323379077488863,24.902880822189672,0.6959004462519779,19.473684210526315,0;22.5;45;67.5;90;112.5;135;157.5;180;202.5;225;247.5;270;292.5;315;337.5
val_images_circle,circle,test004.png,3,rot60_padded,60.0,False,100,521,521,80896.0,0.2980242371559143,inpaint,pnp_hqs,wavelet,15.0,linear25p0_to_10p0,0.1,0.5,0.0,0.15,G16_fixed,False,16,20,telea,0.08382844924926758,10.766085678233337,0.09168923655642738,9,0.0032072746300999123,24.938638510380656,0.6986915491804292,18.68421052631579,0;22.5;45;67.5;90;112.5;135;157.5;180;202.5;225;247.5;270;292.5;315;337.5
val_images_circle,circle,test004.png,3,rot60_padded,60.0,False,100,521,521,80896.0,0.2980242371559143,inpaint,pnp_hqs,wavelet,15.0,linear25p0_to_10p0,0.1,0.5,0.0,0.15,G16_fixed,False,16,20,telea,0.08382844924926758,10.766085678233337,0.09168923655642738,10,0.003182497960102709,24.97231866045531,0.7012350830850722,17.894736842105267,0;22.5;45;67.5;90;112.5;135;157.5;180;202.5;225;247.5;270;292.5;315;337.5
val_images_circle,circle,test004.png,3,rot60_padded,60.0,False,100,521,521,80896.0,0.2980242371559143,inpaint,pnp_hqs,wavelet,15.0,linear25p0_to_10p0,0.1,0.5,0.0,0.15,G16_fixed,False,16,20,telea,0.08382844924926758,10.766085678233337,0.09168923655642738,11,0.003159720120550711,25.003513843067715,0.7035288267497775,17.105263157894736,0;22.5;45;67.5;90;112.5;135;157.5;180;202.5;225;247.5;270;292.5;315;337.5
val_images_circle,circle,test004.png,3,rot60_padded,60.0,False,100,521,521,80896.0,0.2980242371559143,inpaint,pnp_hqs,wavelet,15.0,linear25p0_to_10p0,0.1,0.5,0.0,0.15,G16_fixed,False,16,20,telea,0.08382844924926758,10.766085678233337,0.09168923655642738,12,0.003128889240796053,25.046098101240094,0.7059556985203224,16.31578947368421,0;22.5;45;67.5;90;112.5;135;157.5;180;202.5;225;247.5;270;292.5;315;337.5
val_images_circle,circle,test004.png,3,rot60_padded,60.0,False,100,521,521,80896.0,0.2980242371559143,inpaint,pnp_hqs,wavelet,15.0,linear25p0_to_10p0,0.1,0.5,0.0,0.15,G16_fixed,False,16,20,telea,0.08382844924926758,10.766085678233337,0.09168923655642738,13,0.003065601557115965,25.134842920095938,0.7101542315905607,15.526315789473685,0;22.5;45;67.5;90;112.5;135;157.5;180;202.5;225;247.5;270;292.5;315;337.5
val_images_circle,circle,test004.png,3,rot60_padded,60.0,False,100,521,521,80896.0,0.2980242371559143,inpaint,pnp_hqs,wavelet,15.0,linear25p0_to_10p0,0.1,0.5,0.0,0.15,G16_fixed,False,16,20,telea,0.08382844924926758,10.766085678233337,0.09168923655642738,14,0.002827404986453962,25.48611980408544,0.7212736395340932,14.736842105263158,0;22.5;45;67.5;90;112.5;135;157.5;180;202.5;225;247.5;270;292.5;315;337.5
val_images_circle,circle,test004.png,3,rot60_padded,60.0,False,100,521,521,80896.0,0.2980242371559143,inpaint,pnp_hqs,wavelet,15.0,linear25p0_to_10p0,0.1,0.5,0.0,0.15,G16_fixed,False,16,20,telea,0.08382844924926758,10.766085678233337,0.09168923655642738,15,0.002482547601567039,26.051024153805386,0.7428197739999506,13.947368421052634,0;22.5;45;67.5;90;112.5;135;157.5;180;202.5;225;247.5;270;292.5;315;337.5
val_images_circle,circle,test004.png,3,rot60_padded,60.0,False,100,521,521,80896.0,0.2980242371559143,inpaint,pnp_hqs,wavelet,15.0,linear25p0_to_10p0,0.1,0.5,0.0,0.15,G16_fixed,False,16,20,telea,0.08382844924926758,10.766085678233337,0.09168923655642738,16,0.002242633624921871,26.492416705414957,0.7633295662795441,13.157894736842106,0;22.5;45;67.5;90;112.5;135;157.5;180;202.5;225;247.5;270;292.5;315;337.5
val_images_circle,circle,test004.png,3,rot60_padded,60.0,False,100,521,521,80896.0,0.2980242371559143,inpaint,pnp_hqs,wavelet,15.0,linear25p0_to_10p0,0.1,0.5,0.0,0.15,G16_fixed,False,16,20,telea,0.08382844924926758,10.766085678233337,0.09168923655642738,17,0.002084584553030473,26.809804847210216,0.7786533983447884,12.368421052631579,0;22.5;45;67.5;90;112.5;135;157.5;180;202.5;225;247.5;270;292.5;315;337.5
val_images_circle,circle,test004.png,3,rot60_padded,60.0,False,100,521,521,80896.0,0.2980242371559143,inpaint,pnp_hqs,wavelet,15.0,linear25p0_to_10p0,0.1,0.5,0.0,0.15,G16_fixed,False,16,20,telea,0.08382844924926758,10.766085678233337,0.09168923655642738,18,0.0019788344072390208,27.03590546890769,0.7891144088551968,11.578947368421053,0;22.5;45;67.5;90;112.5;135;157.5;180;202.5;225;247.5;270;292.5;315;337.5
val_images_circle,circle,test004.png,3,rot60_padded,60.0,False,100,521,521,80896.0,0.2980242371559143,inpaint,pnp_hqs,wavelet,15.0,linear25p0_to_10p0,0.1,0.5,0.0,0.15,G16_fixed,False,16,20,telea,0.08382844924926758,10.766085678233337,0.09168923655642738,19,0.0018809818768803078,27.256153888243123,0.7967676573161837,10.789473684210527,0;22.5;45;67.5;90;112.5;135;157.5;180;202.5;225;247.5;270;292.5;315;337.5
val_images_circle,circle,test004.png,3,rot60_padded,60.0,False,100,521,521,80896.0,0.2980242371559143,inpaint,pnp_hqs,wavelet,15.0,linear25p0_to_10p0,0.1,0.5,0.0,0.15,G16_fixed,False,16,20,telea,0.08382844924926758,10.766085678233337,0.09168923655642738,20,0.0016199289997921714,27.905040198241593,0.8102604346939281,10.0,0;22.5;45;67.5;90;112.5;135;157.5;180;202.5;225;247.5;270;292.5;315;337.5
val_images_circle,circle,test005.png,4,upright,0.0,False,100,521,521,80892.0,0.2980095148086548,inpaint,pnp_hqs,wavelet,15.0,linear25p0_to_10p0,0.1,0.5,0.0,0.15,vanilla,True,0,20,telea,0.2557059344944494,5.92259192629572,0.07089152965914429,1,0.008284819242255492,20.8171696255513,0.5468273380711319,25.0,none
val_images_circle,circle,test005.png,4,upright,0.0,False,100,521,521,80892.0,0.2980095148086548,inpaint,pnp_hqs,wavelet,15.0,linear25p0_to_10p0,0.1,0.5,0.0,0.15,vanilla,True,0,20,telea,0.2557059344944494,5.92259192629572,0.07089152965914429,2,0.009115365022769557,20.402259354346274,0.534399115873634,24.210526315789476,none
val_images_circle,circle,test005.png,4,upright,0.0,False,100,521,521,80892.0,0.2980095148086548,inpaint,pnp_hqs,wavelet,15.0,linear25p0_to_10p0,0.1,0.5,0.0,0.15,vanilla,True,0,20,telea,0.2557059344944494,5.92259192629572,0.07089152965914429,3,0.00914567887874419,20.387840515490126,0.5344092567095634,23.42105263157895,none
val_images_circle,circle,test005.png,4,upright,0.0,False,100,521,521,80892.0,0.2980095148086548,inpaint,pnp_hqs,wavelet,15.0,linear25p0_to_10p0,0.1,0.5,0.0,0.15,vanilla,True,0,20,telea,0.2557059344944494,5.92259192629572,0.07089152965914429,4,0.00917473343001896,20.374065452288566,0.5346848942880631,22.631578947368418,none
val_images_circle,circle,test005.png,4,upright,0.0,False,100,521,521,80892.0,0.2980095148086548,inpaint,pnp_hqs,wavelet,15.0,linear25p0_to_10p0,0.1,0.5,0.0,0.15,vanilla,True,0,20,telea,0.2557059344944494,5.92259192629572,0.07089152965914429,5,0.009194271893292137,20.36482657425989,0.5351283868460416,21.842105263157894,none
val_images_circle,circle,test005.png,4,upright,0.0,False,100,521,521,80892.0,0.2980095148086548,inpaint,pnp_hqs,wavelet,15.0,linear25p0_to_10p0,0.1,0.5,0.0,0.15,vanilla,True,0,20,telea,0.2557059344944494,5.92259192629572,0.07089152965914429,6,0.009206182093823786,20.359204392225408,0.5356481288322702,21.05263157894737,none
val_images_circle,circle,test005.png,4,upright,0.0,False,100,521,521,80892.0,0.2980095148086548,inpaint,pnp_hqs,wavelet,15.0,linear25p0_to_10p0,0.1,0.5,0.0,0.15,vanilla,True,0,20,telea,0.2557059344944494,5.92259192629572,0.07089152965914429,7,0.009213051302923573,20.355965104594787,0.5361693195093458,20.263157894736842,none
val_images_circle,circle,test005.png,4,upright,0.0,False,100,521,521,80892.0,0.2980095148086548,inpaint,pnp_hqs,wavelet,15.0,linear25p0_to_10p0,0.1,0.5,0.0,0.15,vanilla,True,0,20,telea,0.2557059344944494,5.92259192629572,0.07089152965914429,8,0.009217057838547461,20.354076872325454,0.536633142028878,19.473684210526315,none
val_images_circle,circle,test005.png,4,upright,0.0,False,100,521,521,80892.0,0.2980095148086548,inpaint,pnp_hqs,wavelet,15.0,linear25p0_to_10p0,0.1,0.5,0.0,0.15,vanilla,True,0,20,telea,0.2557059344944494,5.92259192629572,0.07089152965914429,9,0.009219598329215189,20.352879994675554,0.5370148720670771,18.68421052631579,none
val_images_circle,circle,test005.png,4,upright,0.0,False,100,521,521,80892.0,0.2980095148086548,inpaint,pnp_hqs,wavelet,15.0,linear25p0_to_10p0,0.1,0.5,0.0,0.15,vanilla,True,0,20,telea,0.2557059344944494,5.92259192629572,0.07089152965914429,10,0.009221528407958297,20.35197091513527,0.5373055277406913,17.894736842105267,none
val_images_circle,circle,test005.png,4,upright,0.0,False,100,521,521,80892.0,0.2980095148086548,inpaint,pnp_hqs,wavelet,15.0,linear25p0_to_10p0,0.1,0.5,0.0,0.15,vanilla,True,0,20,telea,0.2557059344944494,5.92259192629572,0.07089152965914429,11,0.009156279221301628,20.382809719584465,0.5384959170097167,17.105263157894736,none
val_images_circle,circle,test005.png,4,upright,0.0,False,100,521,521,80892.0,0.2980095148086548,inpaint,pnp_hqs,wavelet,15.0,linear25p0_to_10p0,0.1,0.5,0.0,0.15,vanilla,True,0,20,telea,0.2557059344944494,5.92259192629572,0.07089152965914429,12,0.008629996999519808,20.639893552804125,0.5471730439969342,16.31578947368421,none
val_images_circle,circle,test005.png,4,upright,0.0,False,100,521,521,80892.0,0.2980095148086548,inpaint,pnp_hqs,wavelet,15.0,linear25p0_to_10p0,0.1,0.5,0.0,0.15,vanilla,True,0,20,telea,0.2557059344944494,5.92259192629572,0.07089152965914429,13,0.007930248384806285,21.007132098499373,0.5706387451787569,15.526315789473685,none
val_images_circle,circle,test005.png,4,upright,0.0,False,100,521,521,80892.0,0.2980095148086548,inpaint,pnp_hqs,wavelet,15.0,linear25p0_to_10p0,0.1,0.5,0.0,0.15,vanilla,True,0,20,telea,0.2557059344944494,5.92259192629572,0.07089152965914429,14,0.007288773359415563,21.373455537205786,0.5963572572071404,14.736842105263158,none
val_images_circle,circle,test005.png,4,upright,0.0,False,100,521,521,80892.0,0.2980095148086548,inpaint,pnp_hqs,wavelet,15.0,linear25p0_to_10p0,0.1,0.5,0.0,0.15,vanilla,True,0,20,telea,0.2557059344944494,5.92259192629572,0.07089152965914429,15,0.006697465290815995,21.740895284171998,0.6190570355381249,13.947368421052634,none
val_images_circle,circle,test005.png,4,upright,0.0,False,100,521,521,80892.0,0.2980095148086548,inpaint,pnp_hqs,wavelet,15.0,linear25p0_to_10p0,0.1,0.5,0.0,0.15,vanilla,True,0,20,telea,0.2557059344944494,5.92259192629572,0.07089152965914429,16,0.006330422865131904,21.985672786304335,0.6367572368868367,13.157894736842106,none
val_images_circle,circle,test005.png,4,upright,0.0,False,100,521,521,80892.0,0.2980095148086548,inpaint,pnp_hqs,wavelet,15.0,linear25p0_to_10p0,0.1,0.5,0.0,0.15,vanilla,True,0,20,telea,0.2557059344944494,5.92259192629572,0.07089152965914429,17,0.006144074064295411,22.115435577029558,0.6467347087783711,12.368421052631579,none
val_images_circle,circle,test005.png,4,upright,0.0,False,100,521,521,80892.0,0.2980095148086548,inpaint,pnp_hqs,wavelet,15.0,linear25p0_to_10p0,0.1,0.5,0.0,0.15,vanilla,True,0,20,telea,0.2557059344944494,5.92259192629572,0.07089152965914429,18,0.006066046594388583,22.1709425811897,0.650507244613188,11.578947368421053,none
val_images_circle,circle,test005.png,4,upright,0.0,False,100,521,521,80892.0,0.2980095148086548,inpaint,pnp_hqs,wavelet,15.0,linear25p0_to_10p0,0.1,0.5,0.0,0.15,vanilla,True,0,20,telea,0.2557059344944494,5.92259192629572,0.07089152965914429,19,0.0058162794654060355,22.353547343072325,0.6542418247478119,10.789473684210527,none
val_images_circle,circle,test005.png,4,upright,0.0,False,100,521,521,80892.0,0.2980095148086548,inpaint,pnp_hqs,wavelet,15.0,linear25p0_to_10p0,0.1,0.5,0.0,0.15,vanilla,True,0,20,telea,0.2557059344944494,5.92259192629572,0.07089152965914429,20,0.005306036967596456,22.75229728577734,0.6684007979002868,10.0,none
val_images_circle,circle,test005.png,4,upright,0.0,False,100,521,521,80892.0,0.2980095148086548,inpaint,pnp_hqs,wavelet,15.0,linear25p0_to_10p0,0.1,0.5,0.0,0.15,G16_fixed,True,16,20,telea,0.2557059344944494,5.92259192629572,0.07089152965914429,1,0.008917328983977093,20.497652107843653,0.5111218410813183,25.0,0;22.5;45;67.5;90;112.5;135;157.5;180;202.5;225;247.5;270;292.5;315;337.5
val_images_circle,circle,test005.png,4,upright,0.0,False,100,521,521,80892.0,0.2980095148086548,inpaint,pnp_hqs,wavelet,15.0,linear25p0_to_10p0,0.1,0.5,0.0,0.15,G16_fixed,True,16,20,telea,0.2557059344944494,5.92259192629572,0.07089152965914429,2,0.010481384666679415,19.795813401218677,0.46649945876909954,24.210526315789476,0;22.5;45;67.5;90;112.5;135;157.5;180;202.5;225;247.5;270;292.5;315;337.5
val_images_circle,circle,test005.png,4,upright,0.0,False,100,521,521,80892.0,0.2980095148086548,inpaint,pnp_hqs,wavelet,15.0,linear25p0_to_10p0,0.1,0.5,0.0,0.15,G16_fixed,True,16,20,telea,0.2557059344944494,5.92259192629572,0.07089152965914429,3,0.011344193245073292,19.452263840162484,0.449439144167532,23.42105263157895,0;22.5;45;67.5;90;112.5;135;157.5;180;202.5;225;247.5;270;292.5;315;337.5
val_images_circle,circle,test005.png,4,upright,0.0,False,100,521,521,80892.0,0.2980095148086548,inpaint,pnp_hqs,wavelet,15.0,linear25p0_to_10p0,0.1,0.5,0.0,0.15,G16_fixed,True,16,20,telea,0.2557059344944494,5.92259192629572,0.07089152965914429,4,0.01161321588989795,19.350475003438955,0.4449372890706127,22.631578947368418,0;22.5;45;67.5;90;112.5;135;157.5;180;202.5;225;247.5;270;292.5;315;337.5
val_images_circle,circle,test005.png,4,upright,0.0,False,100,521,521,80892.0,0.2980095148086548,inpaint,pnp_hqs,wavelet,15.0,linear25p0_to_10p0,0.1,0.5,0.0,0.15,G16_fixed,True,16,20,telea,0.2557059344944494,5.92259192629572,0.07089152965914429,5,0.011454204715324523,19.410350592232742,0.4484072899668694,21.842105263157894,0;22.5;45;67.5;90;112.5;135;157.5;180;202.5;225;247.5;270;292.5;315;337.5
val_images_circle,circle,test005.png,4,upright,0.0,False,100,521,521,80892.0,0.2980095148086548,inpaint,pnp_hqs,wavelet,15.0,linear25p0_to_10p0,0.1,0.5,0.0,0.15,G16_fixed,True,16,20,telea,0.2557059344944494,5.92259192629572,0.07089152965914429,6,0.010921867418517901,19.61703099706313,0.45964531605412157,21.05263157894737,0;22.5;45;67.5;90;112.5;135;157.5;180;202.5;225;247.5;270;292.5;315;337.5
val_images_circle,circle,test005.png,4,upright,0.0,False,100,521,521,80892.0,0.2980095148086548,inpaint,pnp_hqs,wavelet,15.0,linear25p0_to_10p0,0.1,0.5,0.0,0.15,G16_fixed,True,16,20,telea,0.2557059344944494,5.92259192629572,0.07089152965914429,7,0.010098276108596184,19.957527589326318,0.47907134280893043,20.263157894736842,0;22.5;45;67.5;90;112.5;135;157.5;180;202.5;225;247.5;270;292.5;315;337.5
val_images_circle,circle,test005.png,4,upright,0.0,False,100,521,521,80892.0,0.2980095148086548,inpaint,pnp_hqs,wavelet,15.0,linear25p0_to_10p0,0.1,0.5,0.0,0.15,G16_fixed,True,16,20,telea,0.2557059344944494,5.92259192629572,0.07089152965914429,8,0.00917026135155516,20.376182868031734,0.5024095591962122,19.473684210526315,0;22.5;45;67.5;90;112.5;135;157.5;180;202.5;225;247.5;270;292.5;315;337.5
val_images_circle,circle,test005.png,4,upright,0.0,False,100,521,521,80892.0,0.2980095148086548,inpaint,pnp_hqs,wavelet,15.0,linear25p0_to_10p0,0.1,0.5,0.0,0.15,G16_fixed,True,16,20,telea,0.2557059344944494,5.92259192629572,0.07089152965914429,9,0.008604301600146646,20.652843750182136,0.522069790971295,18.68421052631579,0;22.5;45;67.5;90;112.5;135;157.5;180;202.5;225;247.5;270;292.5;315;337.5
val_images_circle,circle,test005.png,4,upright,0.0,False,100,521,521,80892.0,0.2980095148086548,inpaint,pnp_hqs,wavelet,15.0,linear25p0_to_10p0,0.1,0.5,0.0,0.15,G16_fixed,True,16,20,telea,0.2557059344944494,5.92259192629572,0.07089152965914429,10,0.008293299365396146,20.812726574932316,0.5348469062144587,17.894736842105267,0;22.5;45;67.5;90;112.5;135;157.5;180;202.5;225;247.5;270;292.5;315;337.5
val_images_circle,circle,test005.png,4,upright,0.0,False,100,521,521,80892.0,0.2980095148086548,inpaint,pnp_hqs,wavelet,15.0,linear25p0_to_10p0,0.1,0.5,0.0,0.15,G16_fixed,True,16,20,telea,0.2557059344944494,5.92259192629572,0.07089152965914429,11,0.008107569653538824,20.911093115396504,0.5435174658031696,17.105263157894736,0;22.5;45;67.5;90;112.5;135;157.5;180;202.5;225;247.5;270;292.5;315;337.5
val_images_circle,circle,test005.png,4,upright,0.0,False,100,521,521,80892.0,0.2980095148086548,inpaint,pnp_hqs,wavelet,15.0,linear25p0_to_10p0,0.1,0.5,0.0,0.15,G16_fixed,True,16,20,telea,0.2557059344944494,5.92259192629572,0.07089152965914429,12,0.007986290084792841,20.976549190431623,0.5498203333611482,16.31578947368421,0;22.5;45;67.5;90;112.5;135;157.5;180;202.5;225;247.5;270;292.5;315;337.5
val_images_circle,circle,test005.png,4,upright,0.0,False,100,521,521,80892.0,0.2980095148086548,inpaint,pnp_hqs,wavelet,15.0,linear25p0_to_10p0,0.1,0.5,0.0,0.15,G16_fixed,True,16,20,telea,0.2557059344944494,5.92259192629572,0.07089152965914429,13,0.007900530604753096,21.023437402313355,0.5546758138938338,15.526315789473685,0;22.5;45;67.5;90;112.5;135;157.5;180;202.5;225;247.5;270;292.5;315;337.5
val_images_circle,circle,test005.png,4,upright,0.0,False,100,521,521,80892.0,0.2980095148086548,inpaint,pnp_hqs,wavelet,15.0,linear25p0_to_10p0,0.1,0.5,0.0,0.15,G16_fixed,True,16,20,telea,0.2557059344944494,5.92259192629572,0.07089152965914429,14,0.007835979355093056,21.059067168811012,0.5585717781888196,14.736842105263158,0;22.5;45;67.5;90;112.5;135;157.5;180;202.5;225;247.5;270;292.5;315;337.5
val_images_circle,circle,test005.png,4,upright,0.0,False,100,521,521,80892.0,0.2980095148086548,inpaint,pnp_hqs,wavelet,15.0,linear25p0_to_10p0,0.1,0.5,0.0,0.15,G16_fixed,True,16,20,telea,0.2557059344944494,5.92259192629572,0.07089152965914429,15,0.007785057117292578,21.087381967588037,0.5617903346437225,13.947368421052634,0;22.5;45;67.5;90;112.5;135;157.5;180;202.5;225;247.5;270;292.5;315;337.5
val_images_circle,circle,test005.png,4,upright,0.0,False,100,521,521,80892.0,0.2980095148086548,inpaint,pnp_hqs,wavelet,15.0,linear25p0_to_10p0,0.1,0.5,0.0,0.15,G16_fixed,True,16,20,telea,0.2557059344944494,5.92259192629572,0.07089152965914429,16,0.007743594378007482,21.110574041509498,0.5644852376471097,13.157894736842106,0;22.5;45;67.5;90;112.5;135;157.5;180;202.5;225;247.5;270;292.5;315;337.5
val_images_circle,circle,test005.png,4,upright,0.0,False,100,521,521,80892.0,0.2980095148086548,inpaint,pnp_hqs,wavelet,15.0,linear25p0_to_10p0,0.1,0.5,0.0,0.15,G16_fixed,True,16,20,telea,0.2557059344944494,5.92259192629572,0.07089152965914429,17,0.007709067246152663,21.129981659639174,0.566761468995698,12.368421052631579,0;22.5;45;67.5;90;112.5;135;157.5;180;202.5;225;247.5;270;292.5;315;337.5
val_images_circle,circle,test005.png,4,upright,0.0,False,100,521,521,80892.0,0.2980095148086548,inpaint,pnp_hqs,wavelet,15.0,linear25p0_to_10p0,0.1,0.5,0.0,0.15,G16_fixed,True,16,20,telea,0.2557059344944494,5.92259192629572,0.07089152965914429,18,0.007679854998842979,21.146469796816195,0.5687031976277012,11.578947368421053,0;22.5;45;67.5;90;112.5;135;157.5;180;202.5;225;247.5;270;292.5;315;337.5
val_images_circle,circle,test005.png,4,upright,0.0,False,100,521,521,80892.0,0.2980095148086548,inpaint,pnp_hqs,wavelet,15.0,linear25p0_to_10p0,0.1,0.5,0.0,0.15,G16_fixed,True,16,20,telea,0.2557059344944494,5.92259192629572,0.07089152965914429,19,0.007652459651303976,21.16198951604817,0.5704081618856005,10.789473684210527,0;22.5;45;67.5;90;112.5;135;157.5;180;202.5;225;247.5;270;292.5;315;337.5
val_images_circle,circle,test005.png,4,upright,0.0,False,100,521,521,80892.0,0.2980095148086548,inpaint,pnp_hqs,wavelet,15.0,linear25p0_to_10p0,0.1,0.5,0.0,0.15,G16_fixed,True,16,20,telea,0.2557059344944494,5.92259192629572,0.07089152965914429,20,0.007492457783458578,21.25375695424378,0.5757639719471641,10.0,0;22.5;45;67.5;90;112.5;135;157.5;180;202.5;225;247.5;270;292.5;315;337.5
val_images_circle,circle,test005.png,4,rot30_padded,30.0,False,100,521,521,80896.0,0.2980242371559143,inpaint,pnp_hqs,wavelet,15.0,linear25p0_to_10p0,0.1,0.5,0.0,0.15,vanilla,False,0,20,telea,0.2575638686554341,5.891150603500276,0.06902852239488047,1,0.008536791499656967,20.687053255426274,0.5411973784241495,25.0,none
val_images_circle,circle,test005.png,4,rot30_padded,30.0,False,100,521,521,80896.0,0.2980242371559143,inpaint,pnp_hqs,wavelet,15.0,linear25p0_to_10p0,0.1,0.5,0.0,0.15,vanilla,False,0,20,telea,0.2575638686554341,5.891150603500276,0.06902852239488047,2,0.008900056911420219,20.506072162498363,0.5334521909303303,24.210526315789476,none
val_images_circle,circle,test005.png,4,rot30_padded,30.0,False,100,521,521,80896.0,0.2980242371559143,inpaint,pnp_hqs,wavelet,15.0,linear25p0_to_10p0,0.1,0.5,0.0,0.15,vanilla,False,0,20,telea,0.2575638686554341,5.891150603500276,0.06902852239488047,3,0.008922211731536478,20.495274748013223,0.5334469276138499,23.42105263157895,none
val_images_circle,circle,test005.png,4,rot30_padded,30.0,False,100,521,521,80896.0,0.2980242371559143,inpaint,pnp_hqs,wavelet,15.0,linear25p0_to_10p0,0.1,0.5,0.0,0.15,vanilla,False,0,20,telea,0.2575638686554341,5.891150603500276,0.06902852239488047,4,0.008947698375846766,20.482886642617302,0.5336622890037827,22.631578947368418,none
val_images_circle,circle,test005.png,4,rot30_padded,30.0,False,100,521,521,80896.0,0.2980242371559143,inpaint,pnp_hqs,wavelet,15.0,linear25p0_to_10p0,0.1,0.5,0.0,0.15,vanilla,False,0,20,telea,0.2575638686554341,5.891150603500276,0.06902852239488047,5,0.008965824978261054,20.47409743243742,0.5340350670150563,21.842105263157894,none
val_images_circle,circle,test005.png,4,rot30_padded,30.0,False,100,521,521,80896.0,0.2980242371559143,inpaint,pnp_hqs,wavelet,15.0,linear25p0_to_10p0,0.1,0.5,0.0,0.15,vanilla,False,0,20,telea,0.2575638686554341,5.891150603500276,0.06902852239488047,6,0.008977461464797394,20.468464503803098,0.5344800345505341,21.05263157894737,none
val_images_circle,circle,test005.png,4,rot30_padded,30.0,False,100,521,521,80896.0,0.2980242371559143,inpaint,pnp_hqs,wavelet,15.0,linear25p0_to_10p0,0.1,0.5,0.0,0.15,vanilla,False,0,20,telea,0.2575638686554341,5.891150603500276,0.06902852239488047,7,0.008984773219386233,20.464928802480642,0.534918145288395,20.263157894736842,none
val_images_circle,circle,test005.png,4,rot30_padded,30.0,False,100,521,521,80896.0,0.2980242371559143,inpaint,pnp_hqs,wavelet,15.0,linear25p0_to_10p0,0.1,0.5,0.0,0.15,vanilla,False,0,20,telea,0.2575638686554341,5.891150603500276,0.06902852239488047,8,0.008989558189730101,20.462616520350974,0.5353104796590684,19.473684210526315,none
val_images_circle,circle,test005.png,4,rot30_padded,30.0,False,100,521,521,80896.0,0.2980242371559143,inpaint,pnp_hqs,wavelet,15.0,linear25p0_to_10p0,0.1,0.5,0.0,0.15,vanilla,False,0,20,telea,0.2575638686554341,5.891150603500276,0.06902852239488047,9,0.008992958672438996,20.460974024025013,0.5356383987619907,18.68421052631579,none
val_images_circle,circle,test005.png,4,rot30_padded,30.0,False,100,521,521,80896.0,0.2980242371559143,inpaint,pnp_hqs,wavelet,15.0,linear25p0_to_10p0,0.1,0.5,0.0,0.15,vanilla,False,0,20,telea,0.2575638686554341,5.891150603500276,0.06902852239488047,10,0.00899568086938013,20.45965959986696,0.5358935488930231,17.894736842105267,none
val_images_circle,circle,test005.png,4,rot30_padded,30.0,False,100,521,521,80896.0,0.2980242371559143,inpaint,pnp_hqs,wavelet,15.0,linear25p0_to_10p0,0.1,0.5,0.0,0.15,vanilla,False,0,20,telea,0.2575638686554341,5.891150603500276,0.06902852239488047,11,0.008956774880614462,20.478483411964504,0.5368583292900762,17.105263157894736,none
val_images_circle,circle,test005.png,4,rot30_padded,30.0,False,100,521,521,80896.0,0.2980242371559143,inpaint,pnp_hqs,wavelet,15.0,linear25p0_to_10p0,0.1,0.5,0.0,0.15,vanilla,False,0,20,telea,0.2575638686554341,5.891150603500276,0.06902852239488047,12,0.008490639396860629,20.71059603504892,0.5445190139963657,16.31578947368421,none
val_images_circle,circle,test005.png,4,rot30_padded,30.0,False,100,521,521,80896.0,0.2980242371559143,inpaint,pnp_hqs,wavelet,15.0,linear25p0_to_10p0,0.1,0.5,0.0,0.15,vanilla,False,0,20,telea,0.2575638686554341,5.891150603500276,0.06902852239488047,13,0.00781920288182512,21.068375182534268,0.5656736832630785,15.526315789473685,none
val_images_circle,circle,test005.png,4,rot30_padded,30.0,False,100,521,521,80896.0,0.2980242371559143,inpaint,pnp_hqs,wavelet,15.0,linear25p0_to_10p0,0.1,0.5,0.0,0.15,vanilla,False,0,20,telea,0.2575638686554341,5.891150603500276,0.06902852239488047,14,0.0071118760712539095,21.480158198161767,0.5904213627682456,14.736842105263158,none
val_images_circle,circle,test005.png,4,rot30_padded,30.0,False,100,521,521,80896.0,0.2980242371559143,inpaint,pnp_hqs,wavelet,15.0,linear25p0_to_10p0,0.1,0.5,0.0,0.15,vanilla,False,0,20,telea,0.2575638686554341,5.891150603500276,0.06902852239488047,15,0.006513676311396346,21.86173826929764,0.6149089185497428,13.947368421052634,none
val_images_circle,circle,test005.png,4,rot30_padded,30.0,False,100,521,521,80896.0,0.2980242371559143,inpaint,pnp_hqs,wavelet,15.0,linear25p0_to_10p0,0.1,0.5,0.0,0.15,vanilla,False,0,20,telea,0.2575638686554341,5.891150603500276,0.06902852239488047,16,0.00617089452622812,22.096518765427646,0.6330026071282882,13.157894736842106,none
val_images_circle,circle,test005.png,4,rot30_padded,30.0,False,100,521,521,80896.0,0.2980242371559143,inpaint,pnp_hqs,wavelet,15.0,linear25p0_to_10p0,0.1,0.5,0.0,0.15,vanilla,False,0,20,telea,0.2575638686554341,5.891150603500276,0.06902852239488047,17,0.006012892421287826,22.209165661959137,0.6423521886897993,12.368421052631579,none
val_images_circle,circle,test005.png,4,rot30_padded,30.0,False,100,521,521,80896.0,0.2980242371559143,inpaint,pnp_hqs,wavelet,15.0,linear25p0_to_10p0,0.1,0.5,0.0,0.15,vanilla,False,0,20,telea,0.2575638686554341,5.891150603500276,0.06902852239488047,18,0.00596085756639891,22.24691255433738,0.6455508847779865,11.578947368421053,none
val_images_circle,circle,test005.png,4,rot30_padded,30.0,False,100,521,521,80896.0,0.2980242371559143,inpaint,pnp_hqs,wavelet,15.0,linear25p0_to_10p0,0.1,0.5,0.0,0.15,vanilla,False,0,20,telea,0.2575638686554341,5.891150603500276,0.06902852239488047,19,0.005889940488187573,22.298890932913903,0.6461694934700108,10.789473684210527,none
val_images_circle,circle,test005.png,4,rot30_padded,30.0,False,100,521,521,80896.0,0.2980242371559143,inpaint,pnp_hqs,wavelet,15.0,linear25p0_to_10p0,0.1,0.5,0.0,0.15,vanilla,False,0,20,telea,0.2575638686554341,5.891150603500276,0.06902852239488047,20,0.005393756341330613,22.681086763491464,0.6578741435763202,10.0,none
val_images_circle,circle,test005.png,4,rot30_padded,30.0,False,100,521,521,80896.0,0.2980242371559143,inpaint,pnp_hqs,wavelet,15.0,linear25p0_to_10p0,0.1,0.5,0.0,0.15,G16_fixed,False,16,20,telea,0.2575638686554341,5.891150603500276,0.06902852239488047,1,0.006861388683319092,21.635879781026183,0.5911755139314676,25.0,0;22.5;45;67.5;90;112.5;135;157.5;180;202.5;225;247.5;270;292.5;315;337.5
val_images_circle,circle,test005.png,4,rot30_padded,30.0,False,100,521,521,80896.0,0.2980242371559143,inpaint,pnp_hqs,wavelet,15.0,linear25p0_to_10p0,0.1,0.5,0.0,0.15,G16_fixed,False,16,20,telea,0.2575638686554341,5.891150603500276,0.06902852239488047,2,0.007370485535150842,21.325039017893623,0.5708755300014834,24.210526315789476,0;22.5;45;67.5;90;112.5;135;157.5;180;202.5;225;247.5;270;292.5;315;337.5
val_images_circle,circle,test005.png,4,rot30_padded,30.0,False,100,521,521,80896.0,0.2980242371559143,inpaint,pnp_hqs,wavelet,15.0,linear25p0_to_10p0,0.1,0.5,0.0,0.15,G16_fixed,False,16,20,telea,0.2575638686554341,5.891150603500276,0.06902852239488047,3,0.007496886615511737,21.251190574652064,0.5660349688952482,23.42105263157895,0;22.5;45;67.5;90;112.5;135;157.5;180;202.5;225;247.5;270;292.5;315;337.5
val_images_circle,circle,test005.png,4,rot30_padded,30.0,False,100,521,521,80896.0,0.2980242371559143,inpaint,pnp_hqs,wavelet,15.0,linear25p0_to_10p0,0.1,0.5,0.0,0.15,G16_fixed,False,16,20,telea,0.2575638686554341,5.891150603500276,0.06902852239488047,4,0.007525089420849764,21.234883349698826,0.5652013368244413,22.631578947368418,0;22.5;45;67.5;90;112.5;135;157.5;180;202.5;225;247.5;270;292.5;315;337.5
val_images_circle,circle,test005.png,4,rot30_padded,30.0,False,100,521,521,80896.0,0.2980242371559143,inpaint,pnp_hqs,wavelet,15.0,linear25p0_to_10p0,0.1,0.5,0.0,0.15,G16_fixed,False,16,20,telea,0.2575638686554341,5.891150603500276,0.06902852239488047,5,0.00747821828987025,21.2620186190145,0.5664332908920094,21.842105263157894,0;22.5;45;67.5;90;112.5;135;157.5;180;202.5;225;247.5;270;292.5;315;337.5
val_images_circle,circle,test005.png,4,rot30_padded,30.0,False,100,521,521,80896.0,0.2980242371559143,inpaint,pnp_hqs,wavelet,15.0,linear25p0_to_10p0,0.1,0.5,0.0,0.15,G16_fixed,False,16,20,telea,0.2575638686554341,5.891150603500276,0.06902852239488047,6,0.007151837590374524,21.455823564052334,0.5718232166918018,21.05263157894737,0;22.5;45;67.5;90;112.5;135;157.5;180;202.5;225;247.5;270;292.5;315;337.5
val_images_circle,circle,test005.png,4,rot30_padded,30.0,False,100,521,521,80896.0,0.2980242371559143,inpaint,pnp_hqs,wavelet,15.0,linear25p0_to_10p0,0.1,0.5,0.0,0.15,G16_fixed,False,16,20,telea,0.2575638686554341,5.891150603500276,0.06902852239488047,7,0.006634592255459556,21.781857625727636,0.5836342437357842,20.263157894736842,0;22.5;45;67.5;90;112.5;135;157.5;180;202.5;225;247.5;270;292.5;315;337.5
val_images_circle,circle,test005.png,4,rot30_padded,30.0,False,100,521,521,80896.0,0.2980242371559143,inpaint,pnp_hqs,wavelet,15.0,linear25p0_to_10p0,0.1,0.5,0.0,0.15,G16_fixed,False,16,20,telea,0.2575638686554341,5.891150603500276,0.06902852239488047,8,0.006023808370662641,22.201288523597338,0.6008210001112539,19.473684210526315,0;22.5;45;67.5;90;112.5;135;157.5;180;202.5;225;247.5;270;292.5;315;337.5
val_images_circle,circle,test005.png,4,rot30_padded,30.0,False,100,521,521,80896.0,0.2980242371559143,inpaint,pnp_hqs,wavelet,15.0,linear25p0_to_10p0,0.1,0.5,0.0,0.15,G16_fixed,False,16,20,telea,0.2575638686554341,5.891150603500276,0.06902852239488047,9,0.0055271749255023424,22.57496790533432,0.620280350310893,18.68421052631579,0;22.5;45;67.5;90;112.5;135;157.5;180;202.5;225;247.5;270;292.5;315;337.5
val_images_circle,circle,test005.png,4,rot30_padded,30.0,False,100,521,521,80896.0,0.2980242371559143,inpaint,pnp_hqs,wavelet,15.0,linear25p0_to_10p0,0.1,0.5,0.0,0.15,G16_fixed,False,16,20,telea,0.2575638686554341,5.891150603500276,0.06902852239488047,10,0.0051893606970581825,22.8488614173564,0.6379281056078174,17.894736842105267,0;22.5;45;67.5;90;112.5;135;157.5;180;202.5;225;247.5;270;292.5;315;337.5
val_images_circle,circle,test005.png,4,rot30_padded,30.0,False,100,521,521,80896.0,0.2980242371559143,inpaint,pnp_hqs,wavelet,15.0,linear25p0_to_10p0,0.1,0.5,0.0,0.15,G16_fixed,False,16,20,telea,0.2575638686554341,5.891150603500276,0.06902852239488047,11,0.004953151639503769,23.05118375996621,0.6527412993998467,17.105263157894736,0;22.5;45;67.5;90;112.5;135;157.5;180;202.5;225;247.5;270;292.5;315;337.5
val_images_circle,circle,test005.png,4,rot30_padded,30.0,False,100,521,521,80896.0,0.2980242371559143,inpaint,pnp_hqs,wavelet,15.0,linear25p0_to_10p0,0.1,0.5,0.0,0.15,G16_fixed,False,16,20,telea,0.2575638686554341,5.891150603500276,0.06902852239488047,12,0.004779326387598545,23.206333098238822,0.6650793341141713,16.31578947368421,0;22.5;45;67.5;90;112.5;135;157.5;180;202.5;225;247.5;270;292.5;315;337.5
val_images_circle,circle,test005.png,4,rot30_padded,30.0,False,100,521,521,80896.0,0.2980242371559143,inpaint,pnp_hqs,wavelet,15.0,linear25p0_to_10p0,0.1,0.5,0.0,0.15,G16_fixed,False,16,20,telea,0.2575638686554341,5.891150603500276,0.06902852239488047,13,0.00464597155776205,23.329234532410794,0.6753598949577235,15.526315789473685,0;22.5;45;67.5;90;112.5;135;157.5;180;202.5;225;247.5;270;292.5;315;337.5
val_images_circle,circle,test005.png,4,rot30_padded,30.0,False,100,521,521,80896.0,0.2980242371559143,inpaint,pnp_hqs,wavelet,15.0,linear25p0_to_10p0,0.1,0.5,0.0,0.15,G16_fixed,False,16,20,telea,0.2575638686554341,5.891150603500276,0.06902852239488047,14,0.0045408070841922036,23.428669486717077,0.683894724785527,14.736842105263158,0;22.5;45;67.5;90;112.5;135;157.5;180;202.5;225;247.5;270;292.5;315;337.5
val_images_circle,circle,test005.png,4,rot30_padded,30.0,False,100,521,521,80896.0,0.2980242371559143,inpaint,pnp_hqs,wavelet,15.0,linear25p0_to_10p0,0.1,0.5,0.0,0.15,G16_fixed,False,16,20,telea,0.2575638686554341,5.891150603500276,0.06902852239488047,15,0.00445639898505392,23.510159333526776,0.6909256464318384,13.947368421052634,0;22.5;45;67.5;90;112.5;135;157.5;180;202.5;225;247.5;270;292.5;315;337.5
val_images_circle,circle,test005.png,4,rot30_padded,30.0,False,100,521,521,80896.0,0.2980242371559143,inpaint,pnp_hqs,wavelet,15.0,linear25p0_to_10p0,0.1,0.5,0.0,0.15,G16_fixed,False,16,20,telea,0.2575638686554341,5.891150603500276,0.06902852239488047,16,0.004367594854741157,23.597576543030556,0.6969392510909068,13.157894736842106,0;22.5;45;67.5;90;112.5;135;157.5;180;202.5;225;247.5;270;292.5;315;337.5
val_images_circle,circle,test005.png,4,rot30_padded,30.0,False,100,521,521,80896.0,0.2980242371559143,inpaint,pnp_hqs,wavelet,15.0,linear25p0_to_10p0,0.1,0.5,0.0,0.15,G16_fixed,False,16,20,telea,0.2575638686554341,5.891150603500276,0.06902852239488047,17,0.004060684502879276,23.914007519483572,0.707189294356334,12.368421052631579,0;22.5;45;67.5;90;112.5;135;157.5;180;202.5;225;247.5;270;292.5;315;337.5
val_images_circle,circle,test005.png,4,rot30_padded,30.0,False,100,521,521,80896.0,0.2980242371559143,inpaint,pnp_hqs,wavelet,15.0,linear25p0_to_10p0,0.1,0.5,0.0,0.15,G16_fixed,False,16,20,telea,0.2575638686554341,5.891150603500276,0.06902852239488047,18,0.0035681464249574684,24.47557331917487,0.7278876968576938,11.578947368421053,0;22.5;45;67.5;90;112.5;135;157.5;180;202.5;225;247.5;270;292.5;315;337.5
val_images_circle,circle,test005.png,4,rot30_padded,30.0,False,100,521,521,80896.0,0.2980242371559143,inpaint,pnp_hqs,wavelet,15.0,linear25p0_to_10p0,0.1,0.5,0.0,0.15,G16_fixed,False,16,20,telea,0.2575638686554341,5.891150603500276,0.06902852239488047,19,0.003272576422630986,24.851102028247563,0.7447178997570956,10.789473684210527,0;22.5;45;67.5;90;112.5;135;157.5;180;202.5;225;247.5;270;292.5;315;337.5
val_images_circle,circle,test005.png,4,rot30_padded,30.0,False,100,521,521,80896.0,0.2980242371559143,inpaint,pnp_hqs,wavelet,15.0,linear25p0_to_10p0,0.1,0.5,0.0,0.15,G16_fixed,False,16,20,telea,0.2575638686554341,5.891150603500276,0.06902852239488047,20,0.003121328504779671,25.056605215284268,0.7513690417325949,10.0,0;22.5;45;67.5;90;112.5;135;157.5;180;202.5;225;247.5;270;292.5;315;337.5
val_images_circle,circle,test005.png,4,rot45_padded,45.0,False,100,521,521,80887.0,0.2979910969734192,inpaint,pnp_hqs,wavelet,15.0,linear25p0_to_10p0,0.1,0.5,0.0,0.15,vanilla,False,0,20,telea,0.2562833122906029,5.912796716778539,0.07086997258714317,1,0.00872578248870724,20.591956170576058,0.5336615915567396,25.0,none
val_images_circle,circle,test005.png,4,rot45_padded,45.0,False,100,521,521,80887.0,0.2979910969734192,inpaint,pnp_hqs,wavelet,15.0,linear25p0_to_10p0,0.1,0.5,0.0,0.15,vanilla,False,0,20,telea,0.2562833122906029,5.912796716778539,0.07086997258714317,2,0.008941613039255381,20.48584128759248,0.5292021006156737,24.210526315789476,none
val_images_circle,circle,test005.png,4,rot45_padded,45.0,False,100,521,521,80887.0,0.2979910969734192,inpaint,pnp_hqs,wavelet,15.0,linear25p0_to_10p0,0.1,0.5,0.0,0.15,vanilla,False,0,20,telea,0.2562833122906029,5.912796716778539,0.07086997258714317,3,0.008991882700750738,20.461493671163126,0.5292183752488039,23.42105263157895,none
val_images_circle,circle,test005.png,4,rot45_padded,45.0,False,100,521,521,80887.0,0.2979910969734192,inpaint,pnp_hqs,wavelet,15.0,linear25p0_to_10p0,0.1,0.5,0.0,0.15,vanilla,False,0,20,telea,0.2562833122906029,5.912796716778539,0.07086997258714317,4,0.009030656440707793,20.44280679562988,0.5295237781565642,22.631578947368418,none
val_images_circle,circle,test005.png,4,rot45_padded,45.0,False,100,521,521,80887.0,0.2979910969734192,inpaint,pnp_hqs,wavelet,15.0,linear25p0_to_10p0,0.1,0.5,0.0,0.15,vanilla,False,0,20,telea,0.2562833122906029,5.912796716778539,0.07086997258714317,5,0.009055189122102826,20.43102474800177,0.5300289195884382,21.842105263157894,none
val_images_circle,circle,test005.png,4,rot45_padded,45.0,False,100,521,521,80887.0,0.2979910969734192,inpaint,pnp_hqs,wavelet,15.0,linear25p0_to_10p0,0.1,0.5,0.0,0.15,vanilla,False,0,20,telea,0.2562833122906029,5.912796716778539,0.07086997258714317,6,0.009069438480969206,20.424196007200187,0.5306132127226872,21.05263157894737,none
val_images_circle,circle,test005.png,4,rot45_padded,45.0,False,100,521,521,80887.0,0.2979910969734192,inpaint,pnp_hqs,wavelet,15.0,linear25p0_to_10p0,0.1,0.5,0.0,0.15,vanilla,False,0,20,telea,0.2562833122906029,5.912796716778539,0.07086997258714317,7,0.009077274722857968,20.420445204744162,0.5311945600034617,20.263157894736842,none
val_images_circle,circle,test005.png,4,rot45_padded,45.0,False,100,521,521,80887.0,0.2979910969734192,inpaint,pnp_hqs,wavelet,15.0,linear25p0_to_10p0,0.1,0.5,0.0,0.15,vanilla,False,0,20,telea,0.2562833122906029,5.912796716778539,0.07086997258714317,8,0.00908155164332263,20.418399430469734,0.5317219643607749,19.473684210526315,none
val_images_circle,circle,test005.png,4,rot45_padded,45.0,False,100,521,521,80887.0,0.2979910969734192,inpaint,pnp_hqs,wavelet,15.0,linear25p0_to_10p0,0.1,0.5,0.0,0.15,vanilla,False,0,20,telea,0.2562833122906029,5.912796716778539,0.07086997258714317,9,0.00908404475292306,20.417207348772628,0.5321754809178236,18.68421052631579,none
val_images_circle,circle,test005.png,4,rot45_padded,45.0,False,100,521,521,80887.0,0.2979910969734192,inpaint,pnp_hqs,wavelet,15.0,linear25p0_to_10p0,0.1,0.5,0.0,0.15,vanilla,False,0,20,telea,0.2562833122906029,5.912796716778539,0.07086997258714317,10,0.009085817245190435,20.416360029609216,0.5325441472362679,17.894736842105267,none
val_images_circle,circle,test005.png,4,rot45_padded,45.0,False,100,521,521,80887.0,0.2979910969734192,inpaint,pnp_hqs,wavelet,15.0,linear25p0_to_10p0,0.1,0.5,0.0,0.15,vanilla,False,0,20,telea,0.2562833122906029,5.912796716778539,0.07086997258714317,11,0.009087520316730439,20.415546051910564,0.5328195120971232,17.105263157894736,none
val_images_circle,circle,test005.png,4,rot45_padded,45.0,False,100,521,521,80887.0,0.2979910969734192,inpaint,pnp_hqs,wavelet,15.0,linear25p0_to_10p0,0.1,0.5,0.0,0.15,vanilla,False,0,20,telea,0.2562833122906029,5.912796716778539,0.07086997258714317,12,0.00903532724834298,20.44056113210875,0.5339541003189635,16.31578947368421,none
val_images_circle,circle,test005.png,4,rot45_padded,45.0,False,100,521,521,80887.0,0.2979910969734192,inpaint,pnp_hqs,wavelet,15.0,linear25p0_to_10p0,0.1,0.5,0.0,0.15,vanilla,False,0,20,telea,0.2562833122906029,5.912796716778539,0.07086997258714317,13,0.008206353969310581,20.858497542953913,0.5455239156941165,15.526315789473685,none
val_images_circle,circle,test005.png,4,rot45_padded,45.0,False,100,521,521,80887.0,0.2979910969734192,inpaint,pnp_hqs,wavelet,15.0,linear25p0_to_10p0,0.1,0.5,0.0,0.15,vanilla,False,0,20,telea,0.2562833122906029,5.912796716778539,0.07086997258714317,14,0.007158675970702183,21.451672949813595,0.5784449390044135,14.736842105263158,none
val_images_circle,circle,test005.png,4,rot45_padded,45.0,False,100,521,521,80887.0,0.2979910969734192,inpaint,pnp_hqs,wavelet,15.0,linear25p0_to_10p0,0.1,0.5,0.0,0.15,vanilla,False,0,20,telea,0.2562833122906029,5.912796716778539,0.07086997258714317,15,0.006492890448248792,21.87561924729648,0.6113280042683003,13.947368421052634,none
val_images_circle,circle,test005.png,4,rot45_padded,45.0,False,100,521,521,80887.0,0.2979910969734192,inpaint,pnp_hqs,wavelet,15.0,linear25p0_to_10p0,0.1,0.5,0.0,0.15,vanilla,False,0,20,telea,0.2562833122906029,5.912796716778539,0.07086997258714317,16,0.006155564192634285,22.107321353373028,0.6318786644485517,13.157894736842106,none
val_images_circle,circle,test005.png,4,rot45_padded,45.0,False,100,521,521,80887.0,0.2979910969734192,inpaint,pnp_hqs,wavelet,15.0,linear25p0_to_10p0,0.1,0.5,0.0,0.15,vanilla,False,0,20,telea,0.2562833122906029,5.912796716778539,0.07086997258714317,17,0.006009062311537816,22.211932925058623,0.6417358765160038,12.368421052631579,none
val_images_circle,circle,test005.png,4,rot45_padded,45.0,False,100,521,521,80887.0,0.2979910969734192,inpaint,pnp_hqs,wavelet,15.0,linear25p0_to_10p0,0.1,0.5,0.0,0.15,vanilla,False,0,20,telea,0.2562833122906029,5.912796716778539,0.07086997258714317,18,0.00596710653671847,22.242362081931212,0.6447889397400076,11.578947368421053,none
val_images_circle,circle,test005.png,4,rot45_padded,45.0,False,100,521,521,80887.0,0.2979910969734192,inpaint,pnp_hqs,wavelet,15.0,linear25p0_to_10p0,0.1,0.5,0.0,0.15,vanilla,False,0,20,telea,0.2562833122906029,5.912796716778539,0.07086997258714317,19,0.005866079382203336,22.316520642638196,0.646082845512876,10.789473684210527,none
val_images_circle,circle,test005.png,4,rot45_padded,45.0,False,100,521,521,80887.0,0.2979910969734192,inpaint,pnp_hqs,wavelet,15.0,linear25p0_to_10p0,0.1,0.5,0.0,0.15,vanilla,False,0,20,telea,0.2562833122906029,5.912796716778539,0.07086997258714317,20,0.005357308453604643,22.710533478698327,0.6578467491685932,10.0,none
val_images_circle,circle,test005.png,4,rot45_padded,45.0,False,100,521,521,80887.0,0.2979910969734192,inpaint,pnp_hqs,wavelet,15.0,linear25p0_to_10p0,0.1,0.5,0.0,0.15,G16_fixed,False,16,20,telea,0.2562833122906029,5.912796716778539,0.07086997258714317,1,0.006680075893878188,21.752186033769586,0.5884805925241386,25.0,0;22.5;45;67.5;90;112.5;135;157.5;180;202.5;225;247.5;270;292.5;315;337.5
val_images_circle,circle,test005.png,4,rot45_padded,45.0,False,100,521,521,80887.0,0.2979910969734192,inpaint,pnp_hqs,wavelet,15.0,linear25p0_to_10p0,0.1,0.5,0.0,0.15,G16_fixed,False,16,20,telea,0.2562833122906029,5.912796716778539,0.07086997258714317,2,0.007291537433443029,21.37180890274218,0.5682776879319297,24.210526315789476,0;22.5;45;67.5;90;112.5;135;157.5;180;202.5;225;247.5;270;292.5;315;337.5
val_images_circle,circle,test005.png,4,rot45_padded,45.0,False,100,521,521,80887.0,0.2979910969734192,inpaint,pnp_hqs,wavelet,15.0,linear25p0_to_10p0,0.1,0.5,0.0,0.15,G16_fixed,False,16,20,telea,0.2562833122906029,5.912796716778539,0.07086997258714317,3,0.007457386569429033,21.274133437514443,0.5635291653015936,23.42105263157895,0;22.5;45;67.5;90;112.5;135;157.5;180;202.5;225;247.5;270;292.5;315;337.5
val_images_circle,circle,test005.png,4,rot45_padded,45.0,False,100,521,521,80887.0,0.2979910969734192,inpaint,pnp_hqs,wavelet,15.0,linear25p0_to_10p0,0.1,0.5,0.0,0.15,G16_fixed,False,16,20,telea,0.2562833122906029,5.912796716778539,0.07086997258714317,4,0.007507573982453917,21.245003794069458,0.5626475341371295,22.631578947368418,0;22.5;45;67.5;90;112.5;135;157.5;180;202.5;225;247.5;270;292.5;315;337.5
val_images_circle,circle,test005.png,4,rot45_padded,45.0,False,100,521,521,80887.0,0.2979910969734192,inpaint,pnp_hqs,wavelet,15.0,linear25p0_to_10p0,0.1,0.5,0.0,0.15,G16_fixed,False,16,20,telea,0.2562833122906029,5.912796716778539,0.07086997258714317,5,0.007481845302657952,21.259912756749127,0.5636337672462819,21.842105263157894,0;22.5;45;67.5;90;112.5;135;157.5;180;202.5;225;247.5;270;292.5;315;337.5
val_images_circle,circle,test005.png,4,rot45_padded,45.0,False,100,521,521,80887.0,0.2979910969734192,inpaint,pnp_hqs,wavelet,15.0,linear25p0_to_10p0,0.1,0.5,0.0,0.15,G16_fixed,False,16,20,telea,0.2562833122906029,5.912796716778539,0.07086997258714317,6,0.007227400981654963,21.41017849628309,0.567989477218218,21.05263157894737,0;22.5;45;67.5;90;112.5;135;157.5;180;202.5;225;247.5;270;292.5;315;337.5
val_images_circle,circle,test005.png,4,rot45_padded,45.0,False,100,521,521,80887.0,0.2979910969734192,inpaint,pnp_hqs,wavelet,15.0,linear25p0_to_10p0,0.1,0.5,0.0,0.15,G16_fixed,False,16,20,telea,0.2562833122906029,5.912796716778539,0.07086997258714317,7,0.006721295959902008,21.725469808196657,0.5786583926496223,20.263157894736842,0;22.5;45;67.5;90;112.5;135;157.5;180;202.5;225;247.5;270;292.5;315;337.5
val_images_circle,circle,test005.png,4,rot45_padded,45.0,False,100,521,521,80887.0,0.2979910969734192,inpaint,pnp_hqs,wavelet,15.0,linear25p0_to_10p0,0.1,0.5,0.0,0.15,G16_fixed,False,16,20,telea,0.2562833122906029,5.912796716778539,0.07086997258714317,8,0.006140310496940369,22.11809667344437,0.5952113847868014,19.473684210526315,0;22.5;45;67.5;90;112.5;135;157.5;180;202.5;225;247.5;270;292.5;315;337.5
val_images_circle,circle,test005.png,4,rot45_padded,45.0,False,100,521,521,80887.0,0.2979910969734192,inpaint,pnp_hqs,wavelet,15.0,linear25p0_to_10p0,0.1,0.5,0.0,0.15,G16_fixed,False,16,20,telea,0.2562833122906029,5.912796716778539,0.07086997258714317,9,0.005614139866684194,22.50716771863232,0.614456935292445,18.68421052631579,0;22.5;45;67.5;90;112.5;135;157.5;180;202.5;225;247.5;270;292.5;315;337.5
val_images_circle,circle,test005.png,4,rot45_padded,45.0,False,100,521,521,80887.0,0.2979910969734192,inpaint,pnp_hqs,wavelet,15.0,linear25p0_to_10p0,0.1,0.5,0.0,0.15,G16_fixed,False,16,20,telea,0.2562833122906029,5.912796716778539,0.07086997258714317,10,0.005251793852723359,22.796923294945543,0.6326324165966101,17.894736842105267,0;22.5;45;67.5;90;112.5;135;157.5;180;202.5;225;247.5;270;292.5;315;337.5
val_images_circle,circle,test005.png,4,rot45_padded,45.0,False,100,521,521,80887.0,0.2979910969734192,inpaint,pnp_hqs,wavelet,15.0,linear25p0_to_10p0,0.1,0.5,0.0,0.15,G16_fixed,False,16,20,telea,0.2562833122906029,5.912796716778539,0.07086997258714317,11,0.005000380274671378,23.009969666816964,0.6480372985615735,17.105263157894736,0;22.5;45;67.5;90;112.5;135;157.5;180;202.5;225;247.5;270;292.5;315;337.5
val_images_circle,circle,test005.png,4,rot45_padded,45.0,False,100,521,521,80887.0,0.2979910969734192,inpaint,pnp_hqs,wavelet,15.0,linear25p0_to_10p0,0.1,0.5,0.0,0.15,G16_fixed,False,16,20,telea,0.2562833122906029,5.912796716778539,0.07086997258714317,12,0.004817533247216217,23.171752794680014,0.6608372250794318,16.31578947368421,0;22.5;45;67.5;90;112.5;135;157.5;180;202.5;225;247.5;270;292.5;315;337.5
val_images_circle,circle,test005.png,4,rot45_padded,45.0,False,100,521,521,80887.0,0.2979910969734192,inpaint,pnp_hqs,wavelet,15.0,linear25p0_to_10p0,0.1,0.5,0.0,0.15,G16_fixed,False,16,20,telea,0.2562833122906029,5.912796716778539,0.07086997258714317,13,0.004678920805413725,23.298543055372246,0.671430948808214,15.526315789473685,0;22.5;45;67.5;90;112.5;135;157.5;180;202.5;225;247.5;270;292.5;315;337.5
val_images_circle,circle,test005.png,4,rot45_padded,45.0,False,100,521,521,80887.0,0.2979910969734192,inpaint,pnp_hqs,wavelet,15.0,linear25p0_to_10p0,0.1,0.5,0.0,0.15,G16_fixed,False,16,20,telea,0.2562833122906029,5.912796716778539,0.07086997258714317,14,0.0045706659722340275,23.400205161239743,0.6801892609442803,14.736842105263158,0;22.5;45;67.5;90;112.5;135;157.5;180;202.5;225;247.5;270;292.5;315;337.5
val_images_circle,circle,test005.png,4,rot45_padded,45.0,False,100,521,521,80887.0,0.2979910969734192,inpaint,pnp_hqs,wavelet,15.0,linear25p0_to_10p0,0.1,0.5,0.0,0.15,G16_fixed,False,16,20,telea,0.2562833122906029,5.912796716778539,0.07086997258714317,15,0.004484453351854864,23.48290489240206,0.687389796104442,13.947368421052634,0;22.5;45;67.5;90;112.5;135;157.5;180;202.5;225;247.5;270;292.5;315;337.5
val_images_circle,circle,test005.png,4,rot45_padded,45.0,False,100,521,521,80887.0,0.2979910969734192,inpaint,pnp_hqs,wavelet,15.0,linear25p0_to_10p0,0.1,0.5,0.0,0.15,G16_fixed,False,16,20,telea,0.2562833122906029,5.912796716778539,0.07086997258714317,16,0.004389033807507889,23.57631073892421,0.6936375166899502,13.157894736842106,0;22.5;45;67.5;90;112.5;135;157.5;180;202.5;225;247.5;270;292.5;315;337.5
val_images_circle,circle,test005.png,4,rot45_padded,45.0,False,100,521,521,80887.0,0.2979910969734192,inpaint,pnp_hqs,wavelet,15.0,linear25p0_to_10p0,0.1,0.5,0.0,0.15,G16_fixed,False,16,20,telea,0.2562833122906029,5.912796716778539,0.07086997258714317,17,0.004071626018637497,23.902321190556147,0.7040756414040575,12.368421052631579,0;22.5;45;67.5;90;112.5;135;157.5;180;202.5;225;247.5;270;292.5;315;337.5
val_images_circle,circle,test005.png,4,rot45_padded,45.0,False,100,521,521,80887.0,0.2979910969734192,inpaint,pnp_hqs,wavelet,15.0,linear25p0_to_10p0,0.1,0.5,0.0,0.15,G16_fixed,False,16,20,telea,0.2562833122906029,5.912796716778539,0.07086997258714317,18,0.0035771814153637946,24.464590342168254,0.7249884966836451,11.578947368421053,0;22.5;45;67.5;90;112.5;135;157.5;180;202.5;225;247.5;270;292.5;315;337.5
val_images_circle,circle,test005.png,4,rot45_padded,45.0,False,100,521,521,80887.0,0.2979910969734192,inpaint,pnp_hqs,wavelet,15.0,linear25p0_to_10p0,0.1,0.5,0.0,0.15,G16_fixed,False,16,20,telea,0.2562833122906029,5.912796716778539,0.07086997258714317,19,0.003281291788259586,24.839551483410208,0.7421663960988787,10.789473684210527,0;22.5;45;67.5;90;112.5;135;157.5;180;202.5;225;247.5;270;292.5;315;337.5
val_images_circle,circle,test005.png,4,rot45_padded,45.0,False,100,521,521,80887.0,0.2979910969734192,inpaint,pnp_hqs,wavelet,15.0,linear25p0_to_10p0,0.1,0.5,0.0,0.15,G16_fixed,False,16,20,telea,0.2562833122906029,5.912796716778539,0.07086997258714317,20,0.003129648811828635,25.045043933295727,0.7493017844338398,10.0,0;22.5;45;67.5;90;112.5;135;157.5;180;202.5;225;247.5;270;292.5;315;337.5
val_images_circle,circle,test005.png,4,rot60_padded,60.0,False,100,521,521,80896.0,0.2980242371559143,inpaint,pnp_hqs,wavelet,15.0,linear25p0_to_10p0,0.1,0.5,0.0,0.15,vanilla,False,0,20,telea,0.2571754938439478,5.8977041753400705,0.0698481270029575,1,0.008512144601797755,20.699610073200066,0.5450387785706339,25.0,none
val_images_circle,circle,test005.png,4,rot60_padded,60.0,False,100,521,521,80896.0,0.2980242371559143,inpaint,pnp_hqs,wavelet,15.0,linear25p0_to_10p0,0.1,0.5,0.0,0.15,vanilla,False,0,20,telea,0.2571754938439478,5.8977041753400705,0.0698481270029575,2,0.008700013160705566,20.604800904138546,0.5382981119276602,24.210526315789476,none
val_images_circle,circle,test005.png,4,rot60_padded,60.0,False,100,521,521,80896.0,0.2980242371559143,inpaint,pnp_hqs,wavelet,15.0,linear25p0_to_10p0,0.1,0.5,0.0,0.15,vanilla,False,0,20,telea,0.2571754938439478,5.8977041753400705,0.0698481270029575,3,0.008909290349936183,20.501568873638945,0.5357318347013449,23.42105263157895,none
val_images_circle,circle,test005.png,4,rot60_padded,60.0,False,100,521,521,80896.0,0.2980242371559143,inpaint,pnp_hqs,wavelet,15.0,linear25p0_to_10p0,0.1,0.5,0.0,0.15,vanilla,False,0,20,telea,0.2571754938439478,5.8977041753400705,0.0698481270029575,4,0.008952712710899643,20.480453516260276,0.5360049477106408,22.631578947368418,none
val_images_circle,circle,test005.png,4,rot60_padded,60.0,False,100,521,521,80896.0,0.2980242371559143,inpaint,pnp_hqs,wavelet,15.0,linear25p0_to_10p0,0.1,0.5,0.0,0.15,vanilla,False,0,20,telea,0.2571754938439478,5.8977041753400705,0.0698481270029575,5,0.008979863758328595,20.46730252358859,0.5365211390241792,21.842105263157894,none
val_images_circle,circle,test005.png,4,rot60_padded,60.0,False,100,521,521,80896.0,0.2980242371559143,inpaint,pnp_hqs,wavelet,15.0,linear25p0_to_10p0,0.1,0.5,0.0,0.15,vanilla,False,0,20,telea,0.2571754938439478,5.8977041753400705,0.0698481270029575,6,0.008995609947397738,20.459693839795502,0.5371242957779124,21.05263157894737,none
val_images_circle,circle,test005.png,4,rot60_padded,60.0,False,100,521,521,80896.0,0.2980242371559143,inpaint,pnp_hqs,wavelet,15.0,linear25p0_to_10p0,0.1,0.5,0.0,0.15,vanilla,False,0,20,telea,0.2571754938439478,5.8977041753400705,0.0698481270029575,7,0.009004473686218262,20.455416667257545,0.5377108899852897,20.263157894736842,none
val_images_circle,circle,test005.png,4,rot60_padded,60.0,False,100,521,521,80896.0,0.2980242371559143,inpaint,pnp_hqs,wavelet,15.0,linear25p0_to_10p0,0.1,0.5,0.0,0.15,vanilla,False,0,20,telea,0.2571754938439478,5.8977041753400705,0.0698481270029575,8,0.009009414081332049,20.45303452030757,0.5382310891453224,19.473684210526315,none
val_images_circle,circle,test005.png,4,rot60_padded,60.0,False,100,521,521,80896.0,0.2980242371559143,inpaint,pnp_hqs,wavelet,15.0,linear25p0_to_10p0,0.1,0.5,0.0,0.15,vanilla,False,0,20,telea,0.2571754938439478,5.8977041753400705,0.0698481270029575,9,0.009012481834315047,20.45155597641689,0.5386593975598299,18.68421052631579,none
val_images_circle,circle,test005.png,4,rot60_padded,60.0,False,100,521,521,80896.0,0.2980242371559143,inpaint,pnp_hqs,wavelet,15.0,linear25p0_to_10p0,0.1,0.5,0.0,0.15,vanilla,False,0,20,telea,0.2571754938439478,5.8977041753400705,0.0698481270029575,10,0.008979398238508008,20.467527669465273,0.5393436287022844,17.894736842105267,none
val_images_circle,circle,test005.png,4,rot60_padded,60.0,False,100,521,521,80896.0,0.2980242371559143,inpaint,pnp_hqs,wavelet,15.0,linear25p0_to_10p0,0.1,0.5,0.0,0.15,vanilla,False,0,20,telea,0.2571754938439478,5.8977041753400705,0.0698481270029575,11,0.00883104076868371,20.539881103000827,0.5434244373176671,17.105263157894736,none
val_images_circle,circle,test005.png,4,rot60_padded,60.0,False,100,521,521,80896.0,0.2980242371559143,inpaint,pnp_hqs,wavelet,15.0,linear25p0_to_10p0,0.1,0.5,0.0,0.15,vanilla,False,0,20,telea,0.2571754938439478,5.8977041753400705,0.0698481270029575,12,0.008646793003323713,20.63144937530716,0.5511915472489369,16.31578947368421,none
val_images_circle,circle,test005.png,4,rot60_padded,60.0,False,100,521,521,80896.0,0.2980242371559143,inpaint,pnp_hqs,wavelet,15.0,linear25p0_to_10p0,0.1,0.5,0.0,0.15,vanilla,False,0,20,telea,0.2571754938439478,5.8977041753400705,0.0698481270029575,13,0.007787045044235036,21.08627313116085,0.565941532955894,15.526315789473685,none
val_images_circle,circle,test005.png,4,rot60_padded,60.0,False,100,521,521,80896.0,0.2980242371559143,inpaint,pnp_hqs,wavelet,15.0,linear25p0_to_10p0,0.1,0.5,0.0,0.15,vanilla,False,0,20,telea,0.2571754938439478,5.8977041753400705,0.0698481270029575,14,0.00685254229774958,21.641482750701062,0.5964469426794897,14.736842105263158,none
val_images_circle,circle,test005.png,4,rot60_padded,60.0,False,100,521,521,80896.0,0.2980242371559143,inpaint,pnp_hqs,wavelet,15.0,linear25p0_to_10p0,0.1,0.5,0.0,0.15,vanilla,False,0,20,telea,0.2571754938439478,5.8977041753400705,0.0698481270029575,15,0.006305663646021976,22.002691989183603,0.6237933001940763,13.947368421052634,none
val_images_circle,circle,test005.png,4,rot60_padded,60.0,False,100,521,521,80896.0,0.2980242371559143,inpaint,pnp_hqs,wavelet,15.0,linear25p0_to_10p0,0.1,0.5,0.0,0.15,vanilla,False,0,20,telea,0.2571754938439478,5.8977041753400705,0.0698481270029575,16,0.0060451162766806685,22.185953411497565,0.6396432224708267,13.157894736842106,none
val_images_circle,circle,test005.png,4,rot60_padded,60.0,False,100,521,521,80896.0,0.2980242371559143,inpaint,pnp_hqs,wavelet,15.0,linear25p0_to_10p0,0.1,0.5,0.0,0.15,vanilla,False,0,20,telea,0.2571754938439478,5.8977041753400705,0.0698481270029575,17,0.005945545963094204,22.258082591491952,0.6464335767528678,12.368421052631579,none
val_images_circle,circle,test005.png,4,rot60_padded,60.0,False,100,521,521,80896.0,0.2980242371559143,inpaint,pnp_hqs,wavelet,15.0,linear25p0_to_10p0,0.1,0.5,0.0,0.15,vanilla,False,0,20,telea,0.2571754938439478,5.8977041753400705,0.0698481270029575,18,0.005933382843114152,22.266976285228637,0.6477482469776009,11.578947368421053,none
val_images_circle,circle,test005.png,4,rot60_padded,60.0,False,100,521,521,80896.0,0.2980242371559143,inpaint,pnp_hqs,wavelet,15.0,linear25p0_to_10p0,0.1,0.5,0.0,0.15,vanilla,False,0,20,telea,0.2571754938439478,5.8977041753400705,0.0698481270029575,19,0.005899869188477722,22.291576174005833,0.6468845802017406,10.789473684210527,none
val_images_circle,circle,test005.png,4,rot60_padded,60.0,False,100,521,521,80896.0,0.2980242371559143,inpaint,pnp_hqs,wavelet,15.0,linear25p0_to_10p0,0.1,0.5,0.0,0.15,vanilla,False,0,20,telea,0.2571754938439478,5.8977041753400705,0.0698481270029575,20,0.0053940634184245825,22.680839518189938,0.6579516447043117,10.0,none
val_images_circle,circle,test005.png,4,rot60_padded,60.0,False,100,521,521,80896.0,0.2980242371559143,inpaint,pnp_hqs,wavelet,15.0,linear25p0_to_10p0,0.1,0.5,0.0,0.15,G16_fixed,False,16,20,telea,0.2571754938439478,5.8977041753400705,0.0698481270029575,1,0.00667206169683722,21.757399464122734,0.5939957341061363,25.0,0;22.5;45;67.5;90;112.5;135;157.5;180;202.5;225;247.5;270;292.5;315;337.5
val_images_circle,circle,test005.png,4,rot60_padded,60.0,False,100,521,521,80896.0,0.2980242371559143,inpaint,pnp_hqs,wavelet,15.0,linear25p0_to_10p0,0.1,0.5,0.0,0.15,G16_fixed,False,16,20,telea,0.2571754938439478,5.8977041753400705,0.0698481270029575,2,0.007282994970490661,21.376899899618227,0.5726638021348398,24.210526315789476,0;22.5;45;67.5;90;112.5;135;157.5;180;202.5;225;247.5;270;292.5;315;337.5
val_images_circle,circle,test005.png,4,rot60_padded,60.0,False,100,521,521,80896.0,0.2980242371559143,inpaint,pnp_hqs,wavelet,15.0,linear25p0_to_10p0,0.1,0.5,0.0,0.15,G16_fixed,False,16,20,telea,0.2571754938439478,5.8977041753400705,0.0698481270029575,3,0.007458028159564054,21.273759811892205,0.5674572715276405,23.42105263157895,0;22.5;45;67.5;90;112.5;135;157.5;180;202.5;225;247.5;270;292.5;315;337.5
val_images_circle,circle,test005.png,4,rot60_padded,60.0,False,100,521,521,80896.0,0.2980242371559143,inpaint,pnp_hqs,wavelet,15.0,linear25p0_to_10p0,0.1,0.5,0.0,0.15,G16_fixed,False,16,20,telea,0.2571754938439478,5.8977041753400705,0.0698481270029575,4,0.007504439052147201,21.246817652011107,0.5665581618683248,22.631578947368418,0;22.5;45;67.5;90;112.5;135;157.5;180;202.5;225;247.5;270;292.5;315;337.5
val_images_circle,circle,test005.png,4,rot60_padded,60.0,False,100,521,521,80896.0,0.2980242371559143,inpaint,pnp_hqs,wavelet,15.0,linear25p0_to_10p0,0.1,0.5,0.0,0.15,G16_fixed,False,16,20,telea,0.2571754938439478,5.8977041753400705,0.0698481270029575,5,0.007465260692789585,21.26955021768407,0.5678872217105914,21.842105263157894,0;22.5;45;67.5;90;112.5;135;157.5;180;202.5;225;247.5;270;292.5;315;337.5
val_images_circle,circle,test005.png,4,rot60_padded,60.0,False,100,521,521,80896.0,0.2980242371559143,inpaint,pnp_hqs,wavelet,15.0,linear25p0_to_10p0,0.1,0.5,0.0,0.15,G16_fixed,False,16,20,telea,0.2571754938439478,5.8977041753400705,0.0698481270029575,6,0.007160435749005668,21.45060547855507,0.5732113801980321,21.05263157894737,0;22.5;45;67.5;90;112.5;135;157.5;180;202.5;225;247.5;270;292.5;315;337.5
val_images_circle,circle,test005.png,4,rot60_padded,60.0,False,100,521,521,80896.0,0.2980242371559143,inpaint,pnp_hqs,wavelet,15.0,linear25p0_to_10p0,0.1,0.5,0.0,0.15,G16_fixed,False,16,20,telea,0.2571754938439478,5.8977041753400705,0.0698481270029575,7,0.0066053173210047465,21.801063139387693,0.5853254100944423,20.263157894736842,0;22.5;45;67.5;90;112.5;135;157.5;180;202.5;225;247.5;270;292.5;315;337.5
val_images_circle,circle,test005.png,4,rot60_padded,60.0,False,100,521,521,80896.0,0.2980242371559143,inpaint,pnp_hqs,wavelet,15.0,linear25p0_to_10p0,0.1,0.5,0.0,0.15,G16_fixed,False,16,20,telea,0.2571754938439478,5.8977041753400705,0.0698481270029575,8,0.006017516685437553,22.20582696834667,0.6028925255884098,19.473684210526315,0;22.5;45;67.5;90;112.5;135;157.5;180;202.5;225;247.5;270;292.5;315;337.5
val_images_circle,circle,test005.png,4,rot60_padded,60.0,False,100,521,521,80896.0,0.2980242371559143,inpaint,pnp_hqs,wavelet,15.0,linear25p0_to_10p0,0.1,0.5,0.0,0.15,G16_fixed,False,16,20,telea,0.2571754938439478,5.8977041753400705,0.0698481270029575,9,0.005514607022080241,22.584854304990273,0.6222512450399278,18.68421052631579,0;22.5;45;67.5;90;112.5;135;157.5;180;202.5;225;247.5;270;292.5;315;337.5
val_images_circle,circle,test005.png,4,rot60_padded,60.0,False,100,521,521,80896.0,0.2980242371559143,inpaint,pnp_hqs,wavelet,15.0,linear25p0_to_10p0,0.1,0.5,0.0,0.15,G16_fixed,False,16,20,telea,0.2571754938439478,5.8977041753400705,0.0698481270029575,10,0.005168803885013242,22.866099455402487,0.6402304927005044,17.894736842105267,0;22.5;45;67.5;90;112.5;135;157.5;180;202.5;225;247.5;270;292.5;315;337.5
val_images_circle,circle,test005.png,4,rot60_padded,60.0,False,100,521,521,80896.0,0.2980242371559143,inpaint,pnp_hqs,wavelet,15.0,linear25p0_to_10p0,0.1,0.5,0.0,0.15,G16_fixed,False,16,20,telea,0.2571754938439478,5.8977041753400705,0.0698481270029575,11,0.0049291128599191015,23.07231237864964,0.6552978225901157,17.105263157894736,0;22.5;45;67.5;90;112.5;135;157.5;180;202.5;225;247.5;270;292.5;315;337.5
val_images_circle,circle,test005.png,4,rot60_padded,60.0,False,100,521,521,80896.0,0.2980242371559143,inpaint,pnp_hqs,wavelet,15.0,linear25p0_to_10p0,0.1,0.5,0.0,0.15,G16_fixed,False,16,20,telea,0.2571754938439478,5.8977041753400705,0.0698481270029575,12,0.00475413701202296,23.229283062620066,0.667769033697587,16.31578947368421,0;22.5;45;67.5;90;112.5;135;157.5;180;202.5;225;247.5;270;292.5;315;337.5
val_images_circle,circle,test005.png,4,rot60_padded,60.0,False,100,521,521,80896.0,0.2980242371559143,inpaint,pnp_hqs,wavelet,15.0,linear25p0_to_10p0,0.1,0.5,0.0,0.15,G16_fixed,False,16,20,telea,0.2571754938439478,5.8977041753400705,0.0698481270029575,13,0.004620524146888829,23.353087557880812,0.6781478592112095,15.526315789473685,0;22.5;45;67.5;90;112.5;135;157.5;180;202.5;225;247.5;270;292.5;315;337.5
val_images_circle,circle,test005.png,4,rot60_padded,60.0,False,100,521,521,80896.0,0.2980242371559143,inpaint,pnp_hqs,wavelet,15.0,linear25p0_to_10p0,0.1,0.5,0.0,0.15,G16_fixed,False,16,20,telea,0.2571754938439478,5.8977041753400705,0.0698481270029575,14,0.004515580361402488,23.452864244076636,0.6867548785632169,14.736842105263158,0;22.5;45;67.5;90;112.5;135;157.5;180;202.5;225;247.5;270;292.5;315;337.5
val_images_circle,circle,test005.png,4,rot60_padded,60.0,False,100,521,521,80896.0,0.2980242371559143,inpaint,pnp_hqs,wavelet,15.0,linear25p0_to_10p0,0.1,0.5,0.0,0.15,G16_fixed,False,16,20,telea,0.2571754938439478,5.8977041753400705,0.0698481270029575,15,0.0044316283509701114,23.534366679300426,0.6938250577902492,13.947368421052634,0;22.5;45;67.5;90;112.5;135;157.5;180;202.5;225;247.5;270;292.5;315;337.5
val_images_circle,circle,test005.png,4,rot60_padded,60.0,False,100,521,521,80896.0,0.2980242371559143,inpaint,pnp_hqs,wavelet,15.0,linear25p0_to_10p0,0.1,0.5,0.0,0.15,G16_fixed,False,16,20,telea,0.2571754938439478,5.8977041753400705,0.0698481270029575,16,0.004343995187855974,23.62110664516989,0.6998810104176968,13.157894736842106,0;22.5;45;67.5;90;112.5;135;157.5;180;202.5;225;247.5;270;292.5;315;337.5
val_images_circle,circle,test005.png,4,rot60_padded,60.0,False,100,521,521,80896.0,0.2980242371559143,inpaint,pnp_hqs,wavelet,15.0,linear25p0_to_10p0,0.1,0.5,0.0,0.15,G16_fixed,False,16,20,telea,0.2571754938439478,5.8977041753400705,0.0698481270029575,17,0.004011926394474658,23.966470434399376,0.7108466232879252,12.368421052631579,0;22.5;45;67.5;90;112.5;135;157.5;180;202.5;225;247.5;270;292.5;315;337.5
val_images_circle,circle,test005.png,4,rot60_padded,60.0,False,100,521,521,80896.0,0.2980242371559143,inpaint,pnp_hqs,wavelet,15.0,linear25p0_to_10p0,0.1,0.5,0.0,0.15,G16_fixed,False,16,20,telea,0.2571754938439478,5.8977041753400705,0.0698481270029575,18,0.0035207290438157095,24.533673970552627,0.7319151962859721,11.578947368421053,0;22.5;45;67.5;90;112.5;135;157.5;180;202.5;225;247.5;270;292.5;315;337.5
val_images_circle,circle,test005.png,4,rot60_padded,60.0,False,100,521,521,80896.0,0.2980242371559143,inpaint,pnp_hqs,wavelet,15.0,linear25p0_to_10p0,0.1,0.5,0.0,0.15,G16_fixed,False,16,20,telea,0.2571754938439478,5.8977041753400705,0.0698481270029575,19,0.003229298169099832,24.90891853646098,0.7484366018560868,10.789473684210527,0;22.5;45;67.5;90;112.5;135;157.5;180;202.5;225;247.5;270;292.5;315;337.5
val_images_circle,circle,test005.png,4,rot60_padded,60.0,False,100,521,521,80896.0,0.2980242371559143,inpaint,pnp_hqs,wavelet,15.0,linear25p0_to_10p0,0.1,0.5,0.0,0.15,G16_fixed,False,16,20,telea,0.2571754938439478,5.8977041753400705,0.0698481270029575,20,0.0030822171063362796,25.1113677354654,0.7547446142269086,10.0,0;22.5;45;67.5;90;112.5;135;157.5;180;202.5;225;247.5;270;292.5;315;337.5
val_images_circle,circle,test006.png,5,upright,0.0,False,100,521,521,80892.0,0.2980095148086548,inpaint,pnp_hqs,wavelet,15.0,linear25p0_to_10p0,0.1,0.5,0.0,0.15,vanilla,True,0,20,telea,0.258625964055469,5.873278774448554,0.05151418495300833,1,0.0046447258182350775,23.330399176535558,0.7456585149798497,25.0,none
val_images_circle,circle,test006.png,5,upright,0.0,False,100,521,521,80892.0,0.2980095148086548,inpaint,pnp_hqs,wavelet,15.0,linear25p0_to_10p0,0.1,0.5,0.0,0.15,vanilla,True,0,20,telea,0.258625964055469,5.873278774448554,0.05151418495300833,2,0.0045986763124607885,23.373671580840146,0.7401212322448449,24.210526315789476,none
val_images_circle,circle,test006.png,5,upright,0.0,False,100,521,521,80892.0,0.2980095148086548,inpaint,pnp_hqs,wavelet,15.0,linear25p0_to_10p0,0.1,0.5,0.0,0.15,vanilla,True,0,20,telea,0.258625964055469,5.873278774448554,0.05151418495300833,3,0.004597636197704192,23.374653966118515,0.7371052993497503,23.42105263157895,none
val_images_circle,circle,test006.png,5,upright,0.0,False,100,521,521,80892.0,0.2980095148086548,inpaint,pnp_hqs,wavelet,15.0,linear25p0_to_10p0,0.1,0.5,0.0,0.15,vanilla,True,0,20,telea,0.258625964055469,5.873278774448554,0.05151418495300833,4,0.004601315646097768,23.371179735040606,0.7356763589879098,22.631578947368418,none
val_images_circle,circle,test006.png,5,upright,0.0,False,100,521,521,80892.0,0.2980095148086548,inpaint,pnp_hqs,wavelet,15.0,linear25p0_to_10p0,0.1,0.5,0.0,0.15,vanilla,True,0,20,telea,0.258625964055469,5.873278774448554,0.05151418495300833,5,0.004603460010362003,23.36915625153867,0.7349627338766503,21.842105263157894,none
val_images_circle,circle,test006.png,5,upright,0.0,False,100,521,521,80892.0,0.2980095148086548,inpaint,pnp_hqs,wavelet,15.0,linear25p0_to_10p0,0.1,0.5,0.0,0.15,vanilla,True,0,20,telea,0.258625964055469,5.873278774448554,0.05151418495300833,6,0.004603624119872021,23.369001431937523,0.7345438207733769,21.05263157894737,none
val_images_circle,circle,test006.png,5,upright,0.0,False,100,521,521,80892.0,0.2980095148086548,inpaint,pnp_hqs,wavelet,15.0,linear25p0_to_10p0,0.1,0.5,0.0,0.15,vanilla,True,0,20,telea,0.258625964055469,5.873278774448554,0.05151418495300833,7,0.004602686243453849,23.36988629142727,0.7341455273698264,20.263157894736842,none
val_images_circle,circle,test006.png,5,upright,0.0,False,100,521,521,80892.0,0.2980095148086548,inpaint,pnp_hqs,wavelet,15.0,linear25p0_to_10p0,0.1,0.5,0.0,0.15,vanilla,True,0,20,telea,0.258625964055469,5.873278774448554,0.05151418495300833,8,0.004601507673087651,23.370998494438233,0.7336337048935618,19.473684210526315,none
val_images_circle,circle,test006.png,5,upright,0.0,False,100,521,521,80892.0,0.2980095148086548,inpaint,pnp_hqs,wavelet,15.0,linear25p0_to_10p0,0.1,0.5,0.0,0.15,vanilla,True,0,20,telea,0.258625964055469,5.873278774448554,0.05151418495300833,9,0.004600703725120184,23.371757334138362,0.7329260194147753,18.68421052631579,none
val_images_circle,circle,test006.png,5,upright,0.0,False,100,521,521,80892.0,0.2980095148086548,inpaint,pnp_hqs,wavelet,15.0,linear25p0_to_10p0,0.1,0.5,0.0,0.15,vanilla,True,0,20,telea,0.258625964055469,5.873278774448554,0.05151418495300833,10,0.0046006392131059,23.371818232231192,0.7319920001359838,17.894736842105267,none
val_images_circle,circle,test006.png,5,upright,0.0,False,100,521,521,80892.0,0.2980095148086548,inpaint,pnp_hqs,wavelet,15.0,linear25p0_to_10p0,0.1,0.5,0.0,0.15,vanilla,True,0,20,telea,0.258625964055469,5.873278774448554,0.05151418495300833,11,0.004601469192237026,23.371034813167118,0.7308319850850516,17.105263157894736,none
val_images_circle,circle,test006.png,5,upright,0.0,False,100,521,521,80892.0,0.2980095148086548,inpaint,pnp_hqs,wavelet,15.0,linear25p0_to_10p0,0.1,0.5,0.0,0.15,vanilla,True,0,20,telea,0.258625964055469,5.873278774448554,0.05151418495300833,12,0.004603198189672457,23.369403262513284,0.7294770245358008,16.31578947368421,none
val_images_circle,circle,test006.png,5,upright,0.0,False,100,521,521,80892.0,0.2980095148086548,inpaint,pnp_hqs,wavelet,15.0,linear25p0_to_10p0,0.1,0.5,0.0,0.15,vanilla,True,0,20,telea,0.258625964055469,5.873278774448554,0.05151418495300833,13,0.0046057843291923955,23.36696402202137,0.7279496697757504,15.526315789473685,none
val_images_circle,circle,test006.png,5,upright,0.0,False,100,521,521,80892.0,0.2980095148086548,inpaint,pnp_hqs,wavelet,15.0,linear25p0_to_10p0,0.1,0.5,0.0,0.15,vanilla,True,0,20,telea,0.258625964055469,5.873278774448554,0.05151418495300833,14,0.004609158571623662,23.363783503270966,0.7262788463321466,14.736842105263158,none
val_images_circle,circle,test006.png,5,upright,0.0,False,100,521,521,80892.0,0.2980095148086548,inpaint,pnp_hqs,wavelet,15.0,linear25p0_to_10p0,0.1,0.5,0.0,0.15,vanilla,True,0,20,telea,0.258625964055469,5.873278774448554,0.05151418495300833,15,0.004149874151622495,23.819650734287823,0.7297234468488849,13.947368421052634,none
val_images_circle,circle,test006.png,5,upright,0.0,False,100,521,521,80892.0,0.2980095148086548,inpaint,pnp_hqs,wavelet,15.0,linear25p0_to_10p0,0.1,0.5,0.0,0.15,vanilla,True,0,20,telea,0.258625964055469,5.873278774448554,0.05151418495300833,16,0.003497952329813594,24.56186113393642,0.7386257003937349,13.157894736842106,none
val_images_circle,circle,test006.png,5,upright,0.0,False,100,521,521,80892.0,0.2980095148086548,inpaint,pnp_hqs,wavelet,15.0,linear25p0_to_10p0,0.1,0.5,0.0,0.15,vanilla,True,0,20,telea,0.258625964055469,5.873278774448554,0.05151418495300833,17,0.003045230215265319,25.16379869717457,0.7484436231333136,12.368421052631579,none
val_images_circle,circle,test006.png,5,upright,0.0,False,100,521,521,80892.0,0.2980095148086548,inpaint,pnp_hqs,wavelet,15.0,linear25p0_to_10p0,0.1,0.5,0.0,0.15,vanilla,True,0,20,telea,0.258625964055469,5.873278774448554,0.05151418495300833,18,0.002832950602793018,25.477609980603766,0.748924540204841,11.578947368421053,none
val_images_circle,circle,test006.png,5,upright,0.0,False,100,521,521,80892.0,0.2980095148086548,inpaint,pnp_hqs,wavelet,15.0,linear25p0_to_10p0,0.1,0.5,0.0,0.15,vanilla,True,0,20,telea,0.258625964055469,5.873278774448554,0.05151418495300833,19,0.0027649790845862576,25.583081495249722,0.7381551656066113,10.789473684210527,none
val_images_circle,circle,test006.png,5,upright,0.0,False,100,521,521,80892.0,0.2980095148086548,inpaint,pnp_hqs,wavelet,15.0,linear25p0_to_10p0,0.1,0.5,0.0,0.15,vanilla,True,0,20,telea,0.258625964055469,5.873278774448554,0.05151418495300833,20,0.002719971202621532,25.654356939837303,0.7216214984176432,10.0,none
val_images_circle,circle,test006.png,5,upright,0.0,False,100,521,521,80892.0,0.2980095148086548,inpaint,pnp_hqs,wavelet,15.0,linear25p0_to_10p0,0.1,0.5,0.0,0.15,G16_fixed,True,16,20,telea,0.258625964055469,5.873278774448554,0.05151418495300833,1,0.0055334735080560735,22.57002164931865,0.7379970651455027,25.0,0;22.5;45;67.5;90;112.5;135;157.5;180;202.5;225;247.5;270;292.5;315;337.5
val_images_circle,circle,test006.png,5,upright,0.0,False,100,521,521,80892.0,0.2980095148086548,inpaint,pnp_hqs,wavelet,15.0,linear25p0_to_10p0,0.1,0.5,0.0,0.15,G16_fixed,True,16,20,telea,0.258625964055469,5.873278774448554,0.05151418495300833,2,0.006369702004775658,21.958808848873822,0.71605398633363,24.210526315789476,0;22.5;45;67.5;90;112.5;135;157.5;180;202.5;225;247.5;270;292.5;315;337.5
val_images_circle,circle,test006.png,5,upright,0.0,False,100,521,521,80892.0,0.2980095148086548,inpaint,pnp_hqs,wavelet,15.0,linear25p0_to_10p0,0.1,0.5,0.0,0.15,G16_fixed,True,16,20,telea,0.258625964055469,5.873278774448554,0.05151418495300833,3,0.006630107202639785,21.784794494023902,0.7107637053880482,23.42105263157895,0;22.5;45;67.5;90;112.5;135;157.5;180;202.5;225;247.5;270;292.5;315;337.5
val_images_circle,circle,test006.png,5,upright,0.0,False,100,521,521,80892.0,0.2980095148086548,inpaint,pnp_hqs,wavelet,15.0,linear25p0_to_10p0,0.1,0.5,0.0,0.15,G16_fixed,True,16,20,telea,0.258625964055469,5.873278774448554,0.05151418495300833,4,0.006728814357125087,21.720614533868247,0.7092388134024378,22.631578947368418,0;22.5;45;67.5;90;112.5;135;157.5;180;202.5;225;247.5;270;292.5;315;337.5
val_images_circle,circle,test006.png,5,upright,0.0,False,100,521,521,80892.0,0.2980095148086548,inpaint,pnp_hqs,wavelet,15.0,linear25p0_to_10p0,0.1,0.5,0.0,0.15,G16_fixed,True,16,20,telea,0.258625964055469,5.873278774448554,0.05151418495300833,5,0.006766578407591295,21.69630881438872,0.7088575179714929,21.842105263157894,0;22.5;45;67.5;90;112.5;135;157.5;180;202.5;225;247.5;270;292.5;315;337.5
val_images_circle,circle,test006.png,5,upright,0.0,False,100,521,521,80892.0,0.2980095148086548,inpaint,pnp_hqs,wavelet,15.0,linear25p0_to_10p0,0.1,0.5,0.0,0.15,G16_fixed,True,16,20,telea,0.258625964055469,5.873278774448554,0.05151418495300833,6,0.006778765519342147,21.688493882792336,0.7088548137485784,21.05263157894737,0;22.5;45;67.5;90;112.5;135;157.5;180;202.5;225;247.5;270;292.5;315;337.5
val_images_circle,circle,test006.png,5,upright,0.0,False,100,521,521,80892.0,0.2980095148086548,inpaint,pnp_hqs,wavelet,15.0,linear25p0_to_10p0,0.1,0.5,0.0,0.15,G16_fixed,True,16,20,telea,0.258625964055469,5.873278774448554,0.05151418495300833,7,0.006779676232806937,21.687910456112224,0.7089777593117984,20.263157894736842,0;22.5;45;67.5;90;112.5;135;157.5;180;202.5;225;247.5;270;292.5;315;337.5
val_images_circle,circle,test006.png,5,upright,0.0,False,100,521,521,80892.0,0.2980095148086548,inpaint,pnp_hqs,wavelet,15.0,linear25p0_to_10p0,0.1,0.5,0.0,0.15,G16_fixed,True,16,20,telea,0.258625964055469,5.873278774448554,0.05151418495300833,8,0.006775551236525243,21.69055366248019,0.7091390951824655,19.473684210526315,0;22.5;45;67.5;90;112.5;135;157.5;180;202.5;225;247.5;270;292.5;315;337.5
val_images_circle,circle,test006.png,5,upright,0.0,False,100,521,521,80892.0,0.2980095148086548,inpaint,pnp_hqs,wavelet,15.0,linear25p0_to_10p0,0.1,0.5,0.0,0.15,G16_fixed,True,16,20,telea,0.258625964055469,5.873278774448554,0.05151418495300833,9,0.006554640218352479,21.834511415745702,0.7129682265397073,18.68421052631579,0;22.5;45;67.5;90;112.5;135;157.5;180;202.5;225;247.5;270;292.5;315;337.5
val_images_circle,circle,test006.png,5,upright,0.0,False,100,521,521,80892.0,0.2980095148086548,inpaint,pnp_hqs,wavelet,15.0,linear25p0_to_10p0,0.1,0.5,0.0,0.15,G16_fixed,True,16,20,telea,0.258625964055469,5.873278774448554,0.05151418495300833,10,0.005753606609425028,22.400598353891183,0.7288138621557138,17.894736842105267,0;22.5;45;67.5;90;112.5;135;157.5;180;202.5;225;247.5;270;292.5;315;337.5
val_images_circle,circle,test006.png,5,upright,0.0,False,100,521,521,80892.0,0.2980095148086548,inpaint,pnp_hqs,wavelet,15.0,linear25p0_to_10p0,0.1,0.5,0.0,0.15,G16_fixed,True,16,20,telea,0.258625964055469,5.873278774448554,0.05151418495300833,11,0.004827889385524256,23.16242688824638,0.7513456406381348,17.105263157894736,0;22.5;45;67.5;90;112.5;135;157.5;180;202.5;225;247.5;270;292.5;315;337.5
val_images_circle,circle,test006.png,5,upright,0.0,False,100,521,521,80892.0,0.2980095148086548,inpaint,pnp_hqs,wavelet,15.0,linear25p0_to_10p0,0.1,0.5,0.0,0.15,G16_fixed,True,16,20,telea,0.258625964055469,5.873278774448554,0.05151418495300833,12,0.0042315474934944124,23.7350078038347,0.7696892055920239,16.31578947368421,0;22.5;45;67.5;90;112.5;135;157.5;180;202.5;225;247.5;270;292.5;315;337.5
val_images_circle,circle,test006.png,5,upright,0.0,False,100,521,521,80892.0,0.2980095148086548,inpaint,pnp_hqs,wavelet,15.0,linear25p0_to_10p0,0.1,0.5,0.0,0.15,G16_fixed,True,16,20,telea,0.258625964055469,5.873278774448554,0.05151418495300833,13,0.003944295111581066,24.040305986658094,0.7798435626359838,15.526315789473685,0;22.5;45;67.5;90;112.5;135;157.5;180;202.5;225;247.5;270;292.5;315;337.5
val_images_circle,circle,test006.png,5,upright,0.0,False,100,521,521,80892.0,0.2980095148086548,inpaint,pnp_hqs,wavelet,15.0,linear25p0_to_10p0,0.1,0.5,0.0,0.15,G16_fixed,True,16,20,telea,0.258625964055469,5.873278774448554,0.05151418495300833,14,0.0037973020348263348,24.20524857998045,0.7850090147202443,14.736842105263158,0;22.5;45;67.5;90;112.5;135;157.5;180;202.5;225;247.5;270;292.5;315;337.5
val_images_circle,circle,test006.png,5,upright,0.0,False,100,521,521,80892.0,0.2980095148086548,inpaint,pnp_hqs,wavelet,15.0,linear25p0_to_10p0,0.1,0.5,0.0,0.15,G16_fixed,True,16,20,telea,0.258625964055469,5.873278774448554,0.05151418495300833,15,0.0037140804046116274,24.30148698630388,0.7878112174257034,13.947368421052634,0;22.5;45;67.5;90;112.5;135;157.5;180;202.5;225;247.5;270;292.5;315;337.5
val_images_circle,circle,test006.png,5,upright,0.0,False,100,521,521,80892.0,0.2980095148086548,inpaint,pnp_hqs,wavelet,15.0,linear25p0_to_10p0,0.1,0.5,0.0,0.15,G16_fixed,True,16,20,telea,0.258625964055469,5.873278774448554,0.05151418495300833,16,0.0036625232327758385,24.36219611734259,0.7893900490005192,13.157894736842106,0;22.5;45;67.5;90;112.5;135;157.5;180;202.5;225;247.5;270;292.5;315;337.5
val_images_circle,circle,test006.png,5,upright,0.0,False,100,521,521,80892.0,0.2980095148086548,inpaint,pnp_hqs,wavelet,15.0,linear25p0_to_10p0,0.1,0.5,0.0,0.15,G16_fixed,True,16,20,telea,0.258625964055469,5.873278774448554,0.05151418495300833,17,0.003628077967044408,24.403233885652714,0.7902498953079414,12.368421052631579,0;22.5;45;67.5;90;112.5;135;157.5;180;202.5;225;247.5;270;292.5;315;337.5
val_images_circle,circle,test006.png,5,upright,0.0,False,100,521,521,80892.0,0.2980095148086548,inpaint,pnp_hqs,wavelet,15.0,linear25p0_to_10p0,0.1,0.5,0.0,0.15,G16_fixed,True,16,20,telea,0.258625964055469,5.873278774448554,0.05151418495300833,18,0.003603646399530006,24.432578298646956,0.7906499754302032,11.578947368421053,0;22.5;45;67.5;90;112.5;135;157.5;180;202.5;225;247.5;270;292.5;315;337.5
val_images_circle,circle,test006.png,5,upright,0.0,False,100,521,521,80892.0,0.2980095148086548,inpaint,pnp_hqs,wavelet,15.0,linear25p0_to_10p0,0.1,0.5,0.0,0.15,G16_fixed,True,16,20,telea,0.258625964055469,5.873278774448554,0.05151418495300833,19,0.003585515882673812,24.454483493741396,0.7907361242459081,10.789473684210527,0;22.5;45;67.5;90;112.5;135;157.5;180;202.5;225;247.5;270;292.5;315;337.5
val_images_circle,circle,test006.png,5,upright,0.0,False,100,521,521,80892.0,0.2980095148086548,inpaint,pnp_hqs,wavelet,15.0,linear25p0_to_10p0,0.1,0.5,0.0,0.15,G16_fixed,True,16,20,telea,0.258625964055469,5.873278774448554,0.05151418495300833,20,0.003571600528014011,24.471371215026657,0.7906079633956387,10.0,0;22.5;45;67.5;90;112.5;135;157.5;180;202.5;225;247.5;270;292.5;315;337.5
val_images_circle,circle,test006.png,5,rot30_padded,30.0,False,100,521,521,80896.0,0.2980242371559143,inpaint,pnp_hqs,wavelet,15.0,linear25p0_to_10p0,0.1,0.5,0.0,0.15,vanilla,False,0,20,telea,0.26038300236569173,5.843873696419626,0.051715331741526156,1,0.004680374755135066,23.297193718038173,0.7350065979776503,25.0,none
val_images_circle,circle,test006.png,5,rot30_padded,30.0,False,100,521,521,80896.0,0.2980242371559143,inpaint,pnp_hqs,wavelet,15.0,linear25p0_to_10p0,0.1,0.5,0.0,0.15,vanilla,False,0,20,telea,0.26038300236569173,5.843873696419626,0.051715331741526156,2,0.004640734648402733,23.334132633045336,0.7277249686325653,24.210526315789476,none
val_images_circle,circle,test006.png,5,rot30_padded,30.0,False,100,521,521,80896.0,0.2980242371559143,inpaint,pnp_hqs,wavelet,15.0,linear25p0_to_10p0,0.1,0.5,0.0,0.15,vanilla,False,0,20,telea,0.26038300236569173,5.843873696419626,0.051715331741526156,3,0.004643994796125195,23.331082755862155,0.723899310148215,23.42105263157895,none
val_images_circle,circle,test006.png,5,rot30_padded,30.0,False,100,521,521,80896.0,0.2980242371559143,inpaint,pnp_hqs,wavelet,15.0,linear25p0_to_10p0,0.1,0.5,0.0,0.15,vanilla,False,0,20,telea,0.26038300236569173,5.843873696419626,0.051715331741526156,4,0.004649662896047665,23.32578532635495,0.722203942793834,22.631578947368418,none
val_images_circle,circle,test006.png,5,rot30_padded,30.0,False,100,521,521,80896.0,0.2980242371559143,inpaint,pnp_hqs,wavelet,15.0,linear25p0_to_10p0,0.1,0.5,0.0,0.15,vanilla,False,0,20,telea,0.26038300236569173,5.843873696419626,0.051715331741526156,5,0.004651420101334777,23.324144346333465,0.7215181664575504,21.842105263157894,none
val_images_circle,circle,test006.png,5,rot30_padded,30.0,False,100,521,521,80896.0,0.2980242371559143,inpaint,pnp_hqs,wavelet,15.0,linear25p0_to_10p0,0.1,0.5,0.0,0.15,vanilla,False,0,20,telea,0.26038300236569173,5.843873696419626,0.051715331741526156,6,0.004650039386145676,23.325433685910593,0.7212690039526058,21.05263157894737,none
val_images_circle,circle,test006.png,5,rot30_padded,30.0,False,100,521,521,80896.0,0.2980242371559143,inpaint,pnp_hqs,wavelet,15.0,linear25p0_to_10p0,0.1,0.5,0.0,0.15,vanilla,False,0,20,telea,0.26038300236569173,5.843873696419626,0.051715331741526156,7,0.004646975028363964,23.32829661300532,0.7211380487755884,20.263157894736842,none
val_images_circle,circle,test006.png,5,rot30_padded,30.0,False,100,521,521,80896.0,0.2980242371559143,inpaint,pnp_hqs,wavelet,15.0,linear25p0_to_10p0,0.1,0.5,0.0,0.15,vanilla,False,0,20,telea,0.26038300236569173,5.843873696419626,0.051715331741526156,8,0.0046433945999869814,23.331644080170054,0.720937608163568,19.473684210526315,none
val_images_circle,circle,test006.png,5,rot30_padded,30.0,False,100,521,521,80896.0,0.2980242371559143,inpaint,pnp_hqs,wavelet,15.0,linear25p0_to_10p0,0.1,0.5,0.0,0.15,vanilla,False,0,20,telea,0.26038300236569173,5.843873696419626,0.051715331741526156,9,0.004640091069136994,23.334734956443558,0.7205665684953521,18.68421052631579,none
val_images_circle,circle,test006.png,5,rot30_padded,30.0,False,100,521,521,80896.0,0.2980242371559143,inpaint,pnp_hqs,wavelet,15.0,linear25p0_to_10p0,0.1,0.5,0.0,0.15,vanilla,False,0,20,telea,0.26038300236569173,5.843873696419626,0.051715331741526156,10,0.004637514111361926,23.337147558723604,0.7199874105332773,17.894736842105267,none
val_images_circle,circle,test006.png,5,rot30_padded,30.0,False,100,521,521,80896.0,0.2980242371559143,inpaint,pnp_hqs,wavelet,15.0,linear25p0_to_10p0,0.1,0.5,0.0,0.15,vanilla,False,0,20,telea,0.26038300236569173,5.843873696419626,0.051715331741526156,11,0.004635850085487849,23.338706167330514,0.7191920220097409,17.105263157894736,none
val_images_circle,circle,test006.png,5,rot30_padded,30.0,False,100,521,521,80896.0,0.2980242371559143,inpaint,pnp_hqs,wavelet,15.0,linear25p0_to_10p0,0.1,0.5,0.0,0.15,vanilla,False,0,20,telea,0.26038300236569173,5.843873696419626,0.051715331741526156,12,0.00463513671597348,23.33937451569708,0.7181974000568632,16.31578947368421,none
val_images_circle,circle,test006.png,5,rot30_padded,30.0,False,100,521,521,80896.0,0.2980242371559143,inpaint,pnp_hqs,wavelet,15.0,linear25p0_to_10p0,0.1,0.5,0.0,0.15,vanilla,False,0,20,telea,0.26038300236569173,5.843873696419626,0.051715331741526156,13,0.00463536193099203,23.339163503013637,0.7170188517510137,15.526315789473685,none
val_images_circle,circle,test006.png,5,rot30_padded,30.0,False,100,521,521,80896.0,0.2980242371559143,inpaint,pnp_hqs,wavelet,15.0,linear25p0_to_10p0,0.1,0.5,0.0,0.15,vanilla,False,0,20,telea,0.26038300236569173,5.843873696419626,0.051715331741526156,14,0.004551331453685519,23.418615355626187,0.7173940441276454,14.736842105263158,none
val_images_circle,circle,test006.png,5,rot30_padded,30.0,False,100,521,521,80896.0,0.2980242371559143,inpaint,pnp_hqs,wavelet,15.0,linear25p0_to_10p0,0.1,0.5,0.0,0.15,vanilla,False,0,20,telea,0.26038300236569173,5.843873696419626,0.051715331741526156,15,0.0043145531340490414,23.65064178272402,0.7219208825992632,13.947368421052634,none
val_images_circle,circle,test006.png,5,rot30_padded,30.0,False,100,521,521,80896.0,0.2980242371559143,inpaint,pnp_hqs,wavelet,15.0,linear25p0_to_10p0,0.1,0.5,0.0,0.15,vanilla,False,0,20,telea,0.26038300236569173,5.843873696419626,0.051715331741526156,16,0.00359939849829372,24.43770068871013,0.7332501471797123,13.157894736842106,none
val_images_circle,circle,test006.png,5,rot30_padded,30.0,False,100,521,521,80896.0,0.2980242371559143,inpaint,pnp_hqs,wavelet,15.0,linear25p0_to_10p0,0.1,0.5,0.0,0.15,vanilla,False,0,20,telea,0.26038300236569173,5.843873696419626,0.051715331741526156,17,0.003141130450405652,25.029140270797157,0.744394423086432,12.368421052631579,none
val_images_circle,circle,test006.png,5,rot30_padded,30.0,False,100,521,521,80896.0,0.2980242371559143,inpaint,pnp_hqs,wavelet,15.0,linear25p0_to_10p0,0.1,0.5,0.0,0.15,vanilla,False,0,20,telea,0.26038300236569173,5.843873696419626,0.051715331741526156,18,0.002941303238084045,25.314601989415053,0.7429590345937994,11.578947368421053,none
val_images_circle,circle,test006.png,5,rot30_padded,30.0,False,100,521,521,80896.0,0.2980242371559143,inpaint,pnp_hqs,wavelet,15.0,linear25p0_to_10p0,0.1,0.5,0.0,0.15,vanilla,False,0,20,telea,0.26038300236569173,5.843873696419626,0.051715331741526156,19,0.0028847340918794462,25.398942129247967,0.7296355525149575,10.789473684210527,none
val_images_circle,circle,test006.png,5,rot30_padded,30.0,False,100,521,521,80896.0,0.2980242371559143,inpaint,pnp_hqs,wavelet,15.0,linear25p0_to_10p0,0.1,0.5,0.0,0.15,vanilla,False,0,20,telea,0.26038300236569173,5.843873696419626,0.051715331741526156,20,0.0028427950566328026,25.462544484283445,0.7118366579466229,10.0,none
val_images_circle,circle,test006.png,5,rot30_padded,30.0,False,100,521,521,80896.0,0.2980242371559143,inpaint,pnp_hqs,wavelet,15.0,linear25p0_to_10p0,0.1,0.5,0.0,0.15,G16_fixed,False,16,20,telea,0.26038300236569173,5.843873696419626,0.051715331741526156,1,0.003392288201971899,24.695072580635973,0.8001506660558,25.0,0;22.5;45;67.5;90;112.5;135;157.5;180;202.5;225;247.5;270;292.5;315;337.5
val_images_circle,circle,test006.png,5,rot30_padded,30.0,False,100,521,521,80896.0,0.2980242371559143,inpaint,pnp_hqs,wavelet,15.0,linear25p0_to_10p0,0.1,0.5,0.0,0.15,G16_fixed,False,16,20,telea,0.26038300236569173,5.843873696419626,0.051715331741526156,2,0.0035101876983159707,24.546696601257967,0.7938667007639438,24.210526315789476,0;22.5;45;67.5;90;112.5;135;157.5;180;202.5;225;247.5;270;292.5;315;337.5
val_images_circle,circle,test006.png,5,rot30_padded,30.0,False,100,521,521,80896.0,0.2980242371559143,inpaint,pnp_hqs,wavelet,15.0,linear25p0_to_10p0,0.1,0.5,0.0,0.15,G16_fixed,False,16,20,telea,0.26038300236569173,5.843873696419626,0.051715331741526156,3,0.0035460229161419447,24.50258462101758,0.7917993762825108,23.42105263157895,0;22.5;45;67.5;90;112.5;135;157.5;180;202.5;225;247.5;270;292.5;315;337.5
val_images_circle,circle,test006.png,5,rot30_padded,30.0,False,100,521,521,80896.0,0.2980242371559143,inpaint,pnp_hqs,wavelet,15.0,linear25p0_to_10p0,0.1,0.5,0.0,0.15,G16_fixed,False,16,20,telea,0.26038300236569173,5.843873696419626,0.051715331741526156,4,0.0035547821582118167,24.49187008263417,0.7913890307462668,22.631578947368418,0;22.5;45;67.5;90;112.5;135;157.5;180;202.5;225;247.5;270;292.5;315;337.5
val_images_circle,circle,test006.png,5,rot30_padded,30.0,False,100,521,521,80896.0,0.2980242371559143,inpaint,pnp_hqs,wavelet,15.0,linear25p0_to_10p0,0.1,0.5,0.0,0.15,G16_fixed,False,16,20,telea,0.26038300236569173,5.843873696419626,0.051715331741526156,5,0.00355232705043841,24.494870570651383,0.7916095588780656,21.842105263157894,0;22.5;45;67.5;90;112.5;135;157.5;180;202.5;225;247.5;270;292.5;315;337.5
val_images_circle,circle,test006.png,5,rot30_padded,30.0,False,100,521,521,80896.0,0.2980242371559143,inpaint,pnp_hqs,wavelet,15.0,linear25p0_to_10p0,0.1,0.5,0.0,0.15,G16_fixed,False,16,20,telea,0.26038300236569173,5.843873696419626,0.051715331741526156,6,0.00354513337340536,24.503674213428653,0.7920474764666979,21.05263157894737,0;22.5;45;67.5;90;112.5;135;157.5;180;202.5;225;247.5;270;292.5;315;337.5
val_images_circle,circle,test006.png,5,rot30_padded,30.0,False,100,521,521,80896.0,0.2980242371559143,inpaint,pnp_hqs,wavelet,15.0,linear25p0_to_10p0,0.1,0.5,0.0,0.15,G16_fixed,False,16,20,telea,0.26038300236569173,5.843873696419626,0.051715331741526156,7,0.0035361281678646427,24.514720022597544,0.792530928985982,20.263157894736842,0;22.5;45;67.5;90;112.5;135;157.5;180;202.5;225;247.5;270;292.5;315;337.5
val_images_circle,circle,test006.png,5,rot30_padded,30.0,False,100,521,521,80896.0,0.2980242371559143,inpaint,pnp_hqs,wavelet,15.0,linear25p0_to_10p0,0.1,0.5,0.0,0.15,G16_fixed,False,16,20,telea,0.26038300236569173,5.843873696419626,0.051715331741526156,8,0.0035266729095314122,24.526348182380822,0.7929879683482496,19.473684210526315,0;22.5;45;67.5;90;112.5;135;157.5;180;202.5;225;247.5;270;292.5;315;337.5
val_images_circle,circle,test006.png,5,rot30_padded,30.0,False,100,521,521,80896.0,0.2980242371559143,inpaint,pnp_hqs,wavelet,15.0,linear25p0_to_10p0,0.1,0.5,0.0,0.15,G16_fixed,False,16,20,telea,0.26038300236569173,5.843873696419626,0.051715331741526156,9,0.0034938073610957664,24.56701044493189,0.7938753441919254,18.68421052631579,0;22.5;45;67.5;90;112.5;135;157.5;180;202.5;225;247.5;270;292.5;315;337.5
val_images_circle,circle,test006.png,5,rot30_padded,30.0,False,100,521,521,80896.0,0.2980242371559143,inpaint,pnp_hqs,wavelet,15.0,linear25p0_to_10p0,0.1,0.5,0.0,0.15,G16_fixed,False,16,20,telea,0.26038300236569173,5.843873696419626,0.051715331741526156,10,0.0032100926471661916,24.934824331488965,0.7989537202859227,17.894736842105267,0;22.5;45;67.5;90;112.5;135;157.5;180;202.5;225;247.5;270;292.5;315;337.5
val_images_circle,circle,test006.png,5,rot30_padded,30.0,False,100,521,521,80896.0,0.2980242371559143,inpaint,pnp_hqs,wavelet,15.0,linear25p0_to_10p0,0.1,0.5,0.0,0.15,G16_fixed,False,16,20,telea,0.26038300236569173,5.843873696419626,0.051715331741526156,11,0.0027062815578677984,25.67627021978149,0.8096099563791782,17.105263157894736,0;22.5;45;67.5;90;112.5;135;157.5;180;202.5;225;247.5;270;292.5;315;337.5
val_images_circle,circle,test006.png,5,rot30_padded,30.0,False,100,521,521,80896.0,0.2980242371559143,inpaint,pnp_hqs,wavelet,15.0,linear25p0_to_10p0,0.1,0.5,0.0,0.15,G16_fixed,False,16,20,telea,0.26038300236569173,5.843873696419626,0.051715331741526156,12,0.002295179268981837,26.39183387473566,0.8209905503671381,16.31578947368421,0;22.5;45;67.5;90;112.5;135;157.5;180;202.5;225;247.5;270;292.5;315;337.5
val_images_circle,circle,test006.png,5,rot30_padded,30.0,False,100,521,521,80896.0,0.2980242371559143,inpaint,pnp_hqs,wavelet,15.0,linear25p0_to_10p0,0.1,0.5,0.0,0.15,G16_fixed,False,16,20,telea,0.26038300236569173,5.843873696419626,0.051715331741526156,13,0.002068344550796702,26.84377113525092,0.830294452136076,15.526315789473685,0;22.5;45;67.5;90;112.5;135;157.5;180;202.5;225;247.5;270;292.5;315;337.5
val_images_circle,circle,test006.png,5,rot30_padded,30.0,False,100,521,521,80896.0,0.2980242371559143,inpaint,pnp_hqs,wavelet,15.0,linear25p0_to_10p0,0.1,0.5,0.0,0.15,G16_fixed,False,16,20,telea,0.26038300236569173,5.843873696419626,0.051715331741526156,14,0.0019361312630810316,27.13065202348239,0.8361256273486947,14.736842105263158,0;22.5;45;67.5;90;112.5;135;157.5;180;202.5;225;247.5;270;292.5;315;337.5
val_images_circle,circle,test006.png,5,rot30_padded,30.0,False,100,521,521,80896.0,0.2980242371559143,inpaint,pnp_hqs,wavelet,15.0,linear25p0_to_10p0,0.1,0.5,0.0,0.15,G16_fixed,False,16,20,telea,0.26038300236569173,5.843873696419626,0.051715331741526156,15,0.0018535213002675696,27.320024187870935,0.8389772825603243,13.947368421052634,0;22.5;45;67.5;90;112.5;135;157.5;180;202.5;225;247.5;270;292.5;315;337.5
val_images_circle,circle,test006.png,5,rot30_padded,30.0,False,100,521,521,80896.0,0.2980242371559143,inpaint,pnp_hqs,wavelet,15.0,linear25p0_to_10p0,0.1,0.5,0.0,0.15,G16_fixed,False,16,20,telea,0.26038300236569173,5.843873696419626,0.051715331741526156,16,0.0018000051945070677,27.44726241595305,0.8394116751755341,13.157894736842106,0;22.5;45;67.5;90;112.5;135;157.5;180;202.5;225;247.5;270;292.5;315;337.5
val_images_circle,circle,test006.png,5,rot30_padded,30.0,False,100,521,521,80896.0,0.2980242371559143,inpaint,pnp_hqs,wavelet,15.0,linear25p0_to_10p0,0.1,0.5,0.0,0.15,G16_fixed,False,16,20,telea,0.26038300236569173,5.843873696419626,0.051715331741526156,17,0.0017652888841266873,27.531842134965927,0.8378703443309928,12.368421052631579,0;22.5;45;67.5;90;112.5;135;157.5;180;202.5;225;247.5;270;292.5;315;337.5
val_images_circle,circle,test006.png,5,rot30_padded,30.0,False,100,521,521,80896.0,0.2980242371559143,inpaint,pnp_hqs,wavelet,15.0,linear25p0_to_10p0,0.1,0.5,0.0,0.15,G16_fixed,False,16,20,telea,0.26038300236569173,5.843873696419626,0.051715331741526156,18,0.0017318861393988887,27.614806635058628,0.8349913585035107,11.578947368421053,0;22.5;45;67.5;90;112.5;135;157.5;180;202.5;225;247.5;270;292.5;315;337.5
val_images_circle,circle,test006.png,5,rot30_padded,30.0,False,100,521,521,80896.0,0.2980242371559143,inpaint,pnp_hqs,wavelet,15.0,linear25p0_to_10p0,0.1,0.5,0.0,0.15,G16_fixed,False,16,20,telea,0.26038300236569173,5.843873696419626,0.051715331741526156,19,0.0014394290650947183,28.418097322426547,0.8361289108855815,10.789473684210527,0;22.5;45;67.5;90;112.5;135;157.5;180;202.5;225;247.5;270;292.5;315;337.5
val_images_circle,circle,test006.png,5,rot30_padded,30.0,False,100,521,521,80896.0,0.2980242371559143,inpaint,pnp_hqs,wavelet,15.0,linear25p0_to_10p0,0.1,0.5,0.0,0.15,G16_fixed,False,16,20,telea,0.26038300236569173,5.843873696419626,0.051715331741526156,20,0.0012864614777927158,28.906032139095505,0.8297943887831289,10.0,0;22.5;45;67.5;90;112.5;135;157.5;180;202.5;225;247.5;270;292.5;315;337.5
val_images_circle,circle,test006.png,5,rot45_padded,45.0,False,100,521,521,80887.0,0.2979910969734192,inpaint,pnp_hqs,wavelet,15.0,linear25p0_to_10p0,0.1,0.5,0.0,0.15,vanilla,False,0,20,telea,0.2599699513287055,5.850768471303141,0.05133517911175467,1,0.004472141359483369,23.49484477332429,0.7327549737596895,25.0,none
val_images_circle,circle,test006.png,5,rot45_padded,45.0,False,100,521,521,80887.0,0.2979910969734192,inpaint,pnp_hqs,wavelet,15.0,linear25p0_to_10p0,0.1,0.5,0.0,0.15,vanilla,False,0,20,telea,0.2599699513287055,5.850768471303141,0.05133517911175467,2,0.004545950684143079,23.423752799442425,0.7252583078863105,24.210526315789476,none
val_images_circle,circle,test006.png,5,rot45_padded,45.0,False,100,521,521,80887.0,0.2979910969734192,inpaint,pnp_hqs,wavelet,15.0,linear25p0_to_10p0,0.1,0.5,0.0,0.15,vanilla,False,0,20,telea,0.2599699513287055,5.850768471303141,0.05133517911175467,3,0.0046074400934134965,23.365403028303398,0.7212915954510614,23.42105263157895,none
val_images_circle,circle,test006.png,5,rot45_padded,45.0,False,100,521,521,80887.0,0.2979910969734192,inpaint,pnp_hqs,wavelet,15.0,linear25p0_to_10p0,0.1,0.5,0.0,0.15,vanilla,False,0,20,telea,0.2599699513287055,5.850768471303141,0.05133517911175467,4,0.004644931059060402,23.330207275028123,0.7195568258032812,22.631578947368418,none
val_images_circle,circle,test006.png,5,rot45_padded,45.0,False,100,521,521,80887.0,0.2979910969734192,inpaint,pnp_hqs,wavelet,15.0,linear25p0_to_10p0,0.1,0.5,0.0,0.15,vanilla,False,0,20,telea,0.2599699513287055,5.850768471303141,0.05133517911175467,5,0.004665209079897921,23.31128887777893,0.7188506419449355,21.842105263157894,none
val_images_circle,circle,test006.png,5,rot45_padded,45.0,False,100,521,521,80887.0,0.2979910969734192,inpaint,pnp_hqs,wavelet,15.0,linear25p0_to_10p0,0.1,0.5,0.0,0.15,vanilla,False,0,20,telea,0.2599699513287055,5.850768471303141,0.05133517911175467,6,0.004674953259929748,23.30222726835542,0.718576532693758,21.05263157894737,none
val_images_circle,circle,test006.png,5,rot45_padded,45.0,False,100,521,521,80887.0,0.2979910969734192,inpaint,pnp_hqs,wavelet,15.0,linear25p0_to_10p0,0.1,0.5,0.0,0.15,vanilla,False,0,20,telea,0.2599699513287055,5.850768471303141,0.05133517911175467,7,0.0046789166552615455,23.298546907519068,0.7183858731934675,20.263157894736842,none
val_images_circle,circle,test006.png,5,rot45_padded,45.0,False,100,521,521,80887.0,0.2979910969734192,inpaint,pnp_hqs,wavelet,15.0,linear25p0_to_10p0,0.1,0.5,0.0,0.15,vanilla,False,0,20,telea,0.2599699513287055,5.850768471303141,0.05133517911175467,8,0.00468001908659515,23.297523757322757,0.7180935576019633,19.473684210526315,none
val_images_circle,circle,test006.png,5,rot45_padded,45.0,False,100,521,521,80887.0,0.2979910969734192,inpaint,pnp_hqs,wavelet,15.0,linear25p0_to_10p0,0.1,0.5,0.0,0.15,vanilla,False,0,20,telea,0.2599699513287055,5.850768471303141,0.05133517911175467,9,0.0046799266513875065,23.2976095358128,0.7176094717785305,18.68421052631579,none
val_images_circle,circle,test006.png,5,rot45_padded,45.0,False,100,521,521,80887.0,0.2979910969734192,inpaint,pnp_hqs,wavelet,15.0,linear25p0_to_10p0,0.1,0.5,0.0,0.15,vanilla,False,0,20,telea,0.2599699513287055,5.850768471303141,0.05133517911175467,10,0.004679618408266509,23.297895593063934,0.716902225481227,17.894736842105267,none
val_images_circle,circle,test006.png,5,rot45_padded,45.0,False,100,521,521,80887.0,0.2979910969734192,inpaint,pnp_hqs,wavelet,15.0,linear25p0_to_10p0,0.1,0.5,0.0,0.15,vanilla,False,0,20,telea,0.2599699513287055,5.850768471303141,0.05133517911175467,11,0.0046795787931775195,23.297932358214148,0.7159810426119154,17.105263157894736,none
val_images_circle,circle,test006.png,5,rot45_padded,45.0,False,100,521,521,80887.0,0.2979910969734192,inpaint,pnp_hqs,wavelet,15.0,linear25p0_to_10p0,0.1,0.5,0.0,0.15,vanilla,False,0,20,telea,0.2599699513287055,5.850768471303141,0.05133517911175467,12,0.004680059833543825,23.297485945301908,0.7148607007306489,16.31578947368421,none
val_images_circle,circle,test006.png,5,rot45_padded,45.0,False,100,521,521,80887.0,0.2979910969734192,inpaint,pnp_hqs,wavelet,15.0,linear25p0_to_10p0,0.1,0.5,0.0,0.15,vanilla,False,0,20,telea,0.2599699513287055,5.850768471303141,0.05133517911175467,13,0.004681193202375498,23.29643434285067,0.7135662154456217,15.526315789473685,none
val_images_circle,circle,test006.png,5,rot45_padded,45.0,False,100,521,521,80887.0,0.2979910969734192,inpaint,pnp_hqs,wavelet,15.0,linear25p0_to_10p0,0.1,0.5,0.0,0.15,vanilla,False,0,20,telea,0.2599699513287055,5.850768471303141,0.05133517911175467,14,0.004670199449250961,23.306645717123757,0.7123256247913756,14.736842105263158,none
val_images_circle,circle,test006.png,5,rot45_padded,45.0,False,100,521,521,80887.0,0.2979910969734192,inpaint,pnp_hqs,wavelet,15.0,linear25p0_to_10p0,0.1,0.5,0.0,0.15,vanilla,False,0,20,telea,0.2599699513287055,5.850768471303141,0.05133517911175467,15,0.004565074585388026,23.405521224543623,0.7144649422187743,13.947368421052634,none
val_images_circle,circle,test006.png,5,rot45_padded,45.0,False,100,521,521,80887.0,0.2979910969734192,inpaint,pnp_hqs,wavelet,15.0,linear25p0_to_10p0,0.1,0.5,0.0,0.15,vanilla,False,0,20,telea,0.2599699513287055,5.850768471303141,0.05133517911175467,16,0.003926713268539367,24.059708100709404,0.723491471899069,13.157894736842106,none
val_images_circle,circle,test006.png,5,rot45_padded,45.0,False,100,521,521,80887.0,0.2979910969734192,inpaint,pnp_hqs,wavelet,15.0,linear25p0_to_10p0,0.1,0.5,0.0,0.15,vanilla,False,0,20,telea,0.2599699513287055,5.850768471303141,0.05133517911175467,17,0.003361026398372498,24.735280764556986,0.7371222739748043,12.368421052631579,none
val_images_circle,circle,test006.png,5,rot45_padded,45.0,False,100,521,521,80887.0,0.2979910969734192,inpaint,pnp_hqs,wavelet,15.0,linear25p0_to_10p0,0.1,0.5,0.0,0.15,vanilla,False,0,20,telea,0.2599699513287055,5.850768471303141,0.05133517911175467,18,0.0030838071740659423,25.109127855683067,0.7403533923096418,11.578947368421053,none
val_images_circle,circle,test006.png,5,rot45_padded,45.0,False,100,521,521,80887.0,0.2979910969734192,inpaint,pnp_hqs,wavelet,15.0,linear25p0_to_10p0,0.1,0.5,0.0,0.15,vanilla,False,0,20,telea,0.2599699513287055,5.850768471303141,0.05133517911175467,19,0.00298043952236463,25.257196862383946,0.7300310251492823,10.789473684210527,none
val_images_circle,circle,test006.png,5,rot45_padded,45.0,False,100,521,521,80887.0,0.2979910969734192,inpaint,pnp_hqs,wavelet,15.0,linear25p0_to_10p0,0.1,0.5,0.0,0.15,vanilla,False,0,20,telea,0.2599699513287055,5.850768471303141,0.05133517911175467,20,0.0029298148342146104,25.331598264103818,0.7130611705991073,10.0,none
val_images_circle,circle,test006.png,5,rot45_padded,45.0,False,100,521,521,80887.0,0.2979910969734192,inpaint,pnp_hqs,wavelet,15.0,linear25p0_to_10p0,0.1,0.5,0.0,0.15,G16_fixed,False,16,20,telea,0.2599699513287055,5.850768471303141,0.05133517911175467,1,0.0031951625482105825,24.95507042984391,0.7994659988626108,25.0,0;22.5;45;67.5;90;112.5;135;157.5;180;202.5;225;247.5;270;292.5;315;337.5
val_images_circle,circle,test006.png,5,rot45_padded,45.0,False,100,521,521,80887.0,0.2979910969734192,inpaint,pnp_hqs,wavelet,15.0,linear25p0_to_10p0,0.1,0.5,0.0,0.15,G16_fixed,False,16,20,telea,0.2599699513287055,5.850768471303141,0.05133517911175467,2,0.0034255831473904183,24.65265486613553,0.7929213748810069,24.210526315789476,0;22.5;45;67.5;90;112.5;135;157.5;180;202.5;225;247.5;270;292.5;315;337.5
val_images_circle,circle,test006.png,5,rot45_padded,45.0,False,100,521,521,80887.0,0.2979910969734192,inpaint,pnp_hqs,wavelet,15.0,linear25p0_to_10p0,0.1,0.5,0.0,0.15,G16_fixed,False,16,20,telea,0.2599699513287055,5.850768471303141,0.05133517911175467,3,0.003524397893507107,24.529150670024137,0.790717152091807,23.42105263157895,0;22.5;45;67.5;90;112.5;135;157.5;180;202.5;225;247.5;270;292.5;315;337.5
val_images_circle,circle,test006.png,5,rot45_padded,45.0,False,100,521,521,80887.0,0.2979910969734192,inpaint,pnp_hqs,wavelet,15.0,linear25p0_to_10p0,0.1,0.5,0.0,0.15,G16_fixed,False,16,20,telea,0.2599699513287055,5.850768471303141,0.05133517911175467,4,0.0035674391217647766,24.4764342937161,0.7902182887083214,22.631578947368418,0;22.5;45;67.5;90;112.5;135;157.5;180;202.5;225;247.5;270;292.5;315;337.5
val_images_circle,circle,test006.png,5,rot45_padded,45.0,False,100,521,521,80887.0,0.2979910969734192,inpaint,pnp_hqs,wavelet,15.0,linear25p0_to_10p0,0.1,0.5,0.0,0.15,G16_fixed,False,16,20,telea,0.2599699513287055,5.850768471303141,0.05133517911175467,5,0.0035836756489522033,24.456713043237276,0.7903989516238703,21.842105263157894,0;22.5;45;67.5;90;112.5;135;157.5;180;202.5;225;247.5;270;292.5;315;337.5
val_images_circle,circle,test006.png,5,rot45_padded,45.0,False,100,521,521,80887.0,0.2979910969734192,inpaint,pnp_hqs,wavelet,15.0,linear25p0_to_10p0,0.1,0.5,0.0,0.15,G16_fixed,False,16,20,telea,0.2599699513287055,5.850768471303141,0.05133517911175467,6,0.0035867320473894136,24.453010667828842,0.7908277423288044,21.05263157894737,0;22.5;45;67.5;90;112.5;135;157.5;180;202.5;225;247.5;270;292.5;315;337.5
val_images_circle,circle,test006.png,5,rot45_padded,45.0,False,100,521,521,80887.0,0.2979910969734192,inpaint,pnp_hqs,wavelet,15.0,linear25p0_to_10p0,0.1,0.5,0.0,0.15,G16_fixed,False,16,20,telea,0.2599699513287055,5.850768471303141,0.05133517911175467,7,0.0035833862701592964,24.457063746536413,0.7913152569325108,20.263157894736842,0;22.5;45;67.5;90;112.5;135;157.5;180;202.5;225;247.5;270;292.5;315;337.5
val_images_circle,circle,test006.png,5,rot45_padded,45.0,False,100,521,521,80887.0,0.2979910969734192,inpaint,pnp_hqs,wavelet,15.0,linear25p0_to_10p0,0.1,0.5,0.0,0.15,G16_fixed,False,16,20,telea,0.2599699513287055,5.850768471303141,0.05133517911175467,8,0.003577089734729275,24.46470165020463,0.7917770315378244,19.473684210526315,0;22.5;45;67.5;90;112.5;135;157.5;180;202.5;225;247.5;270;292.5;315;337.5
val_images_circle,circle,test006.png,5,rot45_padded,45.0,False,100,521,521,80887.0,0.2979910969734192,inpaint,pnp_hqs,wavelet,15.0,linear25p0_to_10p0,0.1,0.5,0.0,0.15,G16_fixed,False,16,20,telea,0.2599699513287055,5.850768471303141,0.05133517911175467,9,0.0035508536045076775,24.496672325322603,0.7925168753940682,18.68421052631579,0;22.5;45;67.5;90;112.5;135;157.5;180;202.5;225;247.5;270;292.5;315;337.5
val_images_circle,circle,test006.png,5,rot45_padded,45.0,False,100,521,521,80887.0,0.2979910969734192,inpaint,pnp_hqs,wavelet,15.0,linear25p0_to_10p0,0.1,0.5,0.0,0.15,G16_fixed,False,16,20,telea,0.2599699513287055,5.850768471303141,0.05133517911175467,10,0.0032709733780806865,24.853229905126536,0.7972954843639892,17.894736842105267,0;22.5;45;67.5;90;112.5;135;157.5;180;202.5;225;247.5;270;292.5;315;337.5
val_images_circle,circle,test006.png,5,rot45_padded,45.0,False,100,521,521,80887.0,0.2979910969734192,inpaint,pnp_hqs,wavelet,15.0,linear25p0_to_10p0,0.1,0.5,0.0,0.15,G16_fixed,False,16,20,telea,0.2599699513287055,5.850768471303141,0.05133517911175467,11,0.002797808491466104,25.53182016057898,0.8071984295993175,17.105263157894736,0;22.5;45;67.5;90;112.5;135;157.5;180;202.5;225;247.5;270;292.5;315;337.5
val_images_circle,circle,test006.png,5,rot45_padded,45.0,False,100,521,521,80887.0,0.2979910969734192,inpaint,pnp_hqs,wavelet,15.0,linear25p0_to_10p0,0.1,0.5,0.0,0.15,G16_fixed,False,16,20,telea,0.2599699513287055,5.850768471303141,0.05133517911175467,12,0.002370660869508736,26.251305687696448,0.8185143703561759,16.31578947368421,0;22.5;45;67.5;90;112.5;135;157.5;180;202.5;225;247.5;270;292.5;315;337.5
val_images_circle,circle,test006.png,5,rot45_padded,45.0,False,100,521,521,80887.0,0.2979910969734192,inpaint,pnp_hqs,wavelet,15.0,linear25p0_to_10p0,0.1,0.5,0.0,0.15,G16_fixed,False,16,20,telea,0.2599699513287055,5.850768471303141,0.05133517911175467,13,0.002122675883087189,26.73116314328043,0.8280075522024553,15.526315789473685,0;22.5;45;67.5;90;112.5;135;157.5;180;202.5;225;247.5;270;292.5;315;337.5
val_images_circle,circle,test006.png,5,rot45_padded,45.0,False,100,521,521,80887.0,0.2979910969734192,inpaint,pnp_hqs,wavelet,15.0,linear25p0_to_10p0,0.1,0.5,0.0,0.15,G16_fixed,False,16,20,telea,0.2599699513287055,5.850768471303141,0.05133517911175467,14,0.0019787587922256706,27.036071424231523,0.8340958103588958,14.736842105263158,0;22.5;45;67.5;90;112.5;135;157.5;180;202.5;225;247.5;270;292.5;315;337.5
val_images_circle,circle,test006.png,5,rot45_padded,45.0,False,100,521,521,80887.0,0.2979910969734192,inpaint,pnp_hqs,wavelet,15.0,linear25p0_to_10p0,0.1,0.5,0.0,0.15,G16_fixed,False,16,20,telea,0.2599699513287055,5.850768471303141,0.05133517911175467,15,0.0018902296323570033,27.234854328597752,0.8370603048079419,13.947368421052634,0;22.5;45;67.5;90;112.5;135;157.5;180;202.5;225;247.5;270;292.5;315;337.5
val_images_circle,circle,test006.png,5,rot45_padded,45.0,False,100,521,521,80887.0,0.2979910969734192,inpaint,pnp_hqs,wavelet,15.0,linear25p0_to_10p0,0.1,0.5,0.0,0.15,G16_fixed,False,16,20,telea,0.2599699513287055,5.850768471303141,0.05133517911175467,16,0.0018337877513537404,27.36650932433813,0.837498898926898,13.157894736842106,0;22.5;45;67.5;90;112.5;135;157.5;180;202.5;225;247.5;270;292.5;315;337.5
val_images_circle,circle,test006.png,5,rot45_padded,45.0,False,100,521,521,80887.0,0.2979910969734192,inpaint,pnp_hqs,wavelet,15.0,linear25p0_to_10p0,0.1,0.5,0.0,0.15,G16_fixed,False,16,20,telea,0.2599699513287055,5.850768471303141,0.05133517911175467,17,0.001797598424345074,27.453073212623472,0.8359480278042207,12.368421052631579,0;22.5;45;67.5;90;112.5;135;157.5;180;202.5;225;247.5;270;292.5;315;337.5
val_images_circle,circle,test006.png,5,rot45_padded,45.0,False,100,521,521,80887.0,0.2979910969734192,inpaint,pnp_hqs,wavelet,15.0,linear25p0_to_10p0,0.1,0.5,0.0,0.15,G16_fixed,False,16,20,telea,0.2599699513287055,5.850768471303141,0.05133517911175467,18,0.0017714784983845133,27.516641146204613,0.8329044299454795,11.578947368421053,0;22.5;45;67.5;90;112.5;135;157.5;180;202.5;225;247.5;270;292.5;315;337.5
val_images_circle,circle,test006.png,5,rot45_padded,45.0,False,100,521,521,80887.0,0.2979910969734192,inpaint,pnp_hqs,wavelet,15.0,linear25p0_to_10p0,0.1,0.5,0.0,0.15,G16_fixed,False,16,20,telea,0.2599699513287055,5.850768471303141,0.05133517911175467,19,0.0014946298638032938,28.25466344470184,0.8335134006391632,10.789473684210527,0;22.5;45;67.5;90;112.5;135;157.5;180;202.5;225;247.5;270;292.5;315;337.5
val_images_circle,circle,test006.png,5,rot45_padded,45.0,False,100,521,521,80887.0,0.2979910969734192,inpaint,pnp_hqs,wavelet,15.0,linear25p0_to_10p0,0.1,0.5,0.0,0.15,G16_fixed,False,16,20,telea,0.2599699513287055,5.850768471303141,0.05133517911175467,20,0.0013292726151722465,28.763859422148634,0.827663998077565,10.0,0;22.5;45;67.5;90;112.5;135;157.5;180;202.5;225;247.5;270;292.5;315;337.5
val_images_circle,circle,test006.png,5,rot60_padded,60.0,False,100,521,521,80896.0,0.2980242371559143,inpaint,pnp_hqs,wavelet,15.0,linear25p0_to_10p0,0.1,0.5,0.0,0.15,vanilla,False,0,20,telea,0.25990143305138697,5.851913258679993,0.049307044548324394,1,0.004467100282258625,23.499742979103644,0.7347199162350425,25.0,none
val_images_circle,circle,test006.png,5,rot60_padded,60.0,False,100,521,521,80896.0,0.2980242371559143,inpaint,pnp_hqs,wavelet,15.0,linear25p0_to_10p0,0.1,0.5,0.0,0.15,vanilla,False,0,20,telea,0.25990143305138697,5.851913258679993,0.049307044548324394,2,0.004504381855831871,23.463647995840926,0.7278607525402987,24.210526315789476,none
val_images_circle,circle,test006.png,5,rot60_padded,60.0,False,100,521,521,80896.0,0.2980242371559143,inpaint,pnp_hqs,wavelet,15.0,linear25p0_to_10p0,0.1,0.5,0.0,0.15,vanilla,False,0,20,telea,0.25990143305138697,5.851913258679993,0.049307044548324394,3,0.004551557423193244,23.41839973767977,0.7242792346809483,23.42105263157895,none
val_images_circle,circle,test006.png,5,rot60_padded,60.0,False,100,521,521,80896.0,0.2980242371559143,inpaint,pnp_hqs,wavelet,15.0,linear25p0_to_10p0,0.1,0.5,0.0,0.15,vanilla,False,0,20,telea,0.25990143305138697,5.851913258679993,0.049307044548324394,4,0.004584299235404292,23.387270419910593,0.7225107120562203,22.631578947368418,none
val_images_circle,circle,test006.png,5,rot60_padded,60.0,False,100,521,521,80896.0,0.2980242371559143,inpaint,pnp_hqs,wavelet,15.0,linear25p0_to_10p0,0.1,0.5,0.0,0.15,vanilla,False,0,20,telea,0.25990143305138697,5.851913258679993,0.049307044548324394,5,0.004603571529629864,23.36905104455105,0.7216896346852749,21.842105263157894,none
val_images_circle,circle,test006.png,5,rot60_padded,60.0,False,100,521,521,80896.0,0.2980242371559143,inpaint,pnp_hqs,wavelet,15.0,linear25p0_to_10p0,0.1,0.5,0.0,0.15,vanilla,False,0,20,telea,0.25990143305138697,5.851913258679993,0.049307044548324394,6,0.004613808438747744,23.35940440964004,0.7212647063822686,21.05263157894737,none
val_images_circle,circle,test006.png,5,rot60_padded,60.0,False,100,521,521,80896.0,0.2980242371559143,inpaint,pnp_hqs,wavelet,15.0,linear25p0_to_10p0,0.1,0.5,0.0,0.15,vanilla,False,0,20,telea,0.25990143305138697,5.851913258679993,0.049307044548324394,7,0.004618697528597675,23.35480478100326,0.7209279989894433,20.263157894736842,none
val_images_circle,circle,test006.png,5,rot60_padded,60.0,False,100,521,521,80896.0,0.2980242371559143,inpaint,pnp_hqs,wavelet,15.0,linear25p0_to_10p0,0.1,0.5,0.0,0.15,vanilla,False,0,20,telea,0.25990143305138697,5.851913258679993,0.049307044548324394,8,0.004620723332030864,23.35290034287922,0.7205290975449961,19.473684210526315,none
val_images_circle,circle,test006.png,5,rot60_padded,60.0,False,100,521,521,80896.0,0.2980242371559143,inpaint,pnp_hqs,wavelet,15.0,linear25p0_to_10p0,0.1,0.5,0.0,0.15,vanilla,False,0,20,telea,0.25990143305138697,5.851913258679993,0.049307044548324394,9,0.004621425761452204,23.35224019074552,0.7200018484381181,18.68421052631579,none
val_images_circle,circle,test006.png,5,rot60_padded,60.0,False,100,521,521,80896.0,0.2980242371559143,inpaint,pnp_hqs,wavelet,15.0,linear25p0_to_10p0,0.1,0.5,0.0,0.15,vanilla,False,0,20,telea,0.25990143305138697,5.851913258679993,0.049307044548324394,10,0.004621709826626355,23.35197325116317,0.7193084427073032,17.894736842105267,none
val_images_circle,circle,test006.png,5,rot60_padded,60.0,False,100,521,521,80896.0,0.2980242371559143,inpaint,pnp_hqs,wavelet,15.0,linear25p0_to_10p0,0.1,0.5,0.0,0.15,vanilla,False,0,20,telea,0.25990143305138697,5.851913258679993,0.049307044548324394,11,0.004622080658055559,23.351624800938616,0.7184479146064082,17.105263157894736,none
val_images_circle,circle,test006.png,5,rot60_padded,60.0,False,100,521,521,80896.0,0.2980242371559143,inpaint,pnp_hqs,wavelet,15.0,linear25p0_to_10p0,0.1,0.5,0.0,0.15,vanilla,False,0,20,telea,0.25990143305138697,5.851913258679993,0.049307044548324394,12,0.00462282986580571,23.35092089625168,0.7174287144141861,16.31578947368421,none
val_images_circle,circle,test006.png,5,rot60_padded,60.0,False,100,521,521,80896.0,0.2980242371559143,inpaint,pnp_hqs,wavelet,15.0,linear25p0_to_10p0,0.1,0.5,0.0,0.15,vanilla,False,0,20,telea,0.25990143305138697,5.851913258679993,0.049307044548324394,13,0.004624107970467097,23.34972033923465,0.7162622379351266,15.526315789473685,none
val_images_circle,circle,test006.png,5,rot60_padded,60.0,False,100,521,521,80896.0,0.2980242371559143,inpaint,pnp_hqs,wavelet,15.0,linear25p0_to_10p0,0.1,0.5,0.0,0.15,vanilla,False,0,20,telea,0.25990143305138697,5.851913258679993,0.049307044548324394,14,0.004625967409037337,23.347974312552186,0.714969152136694,14.736842105263158,none
val_images_circle,circle,test006.png,5,rot60_padded,60.0,False,100,521,521,80896.0,0.2980242371559143,inpaint,pnp_hqs,wavelet,15.0,linear25p0_to_10p0,0.1,0.5,0.0,0.15,vanilla,False,0,20,telea,0.25990143305138697,5.851913258679993,0.049307044548324394,15,0.004564629325383826,23.405944839514888,0.7152033938637262,13.947368421052634,none
val_images_circle,circle,test006.png,5,rot60_padded,60.0,False,100,521,521,80896.0,0.2980242371559143,inpaint,pnp_hqs,wavelet,15.0,linear25p0_to_10p0,0.1,0.5,0.0,0.15,vanilla,False,0,20,telea,0.25990143305138697,5.851913258679993,0.049307044548324394,16,0.0037849258772934538,24.219426211566812,0.7258732469776009,13.157894736842106,none
val_images_circle,circle,test006.png,5,rot60_padded,60.0,False,100,521,521,80896.0,0.2980242371559143,inpaint,pnp_hqs,wavelet,15.0,linear25p0_to_10p0,0.1,0.5,0.0,0.15,vanilla,False,0,20,telea,0.25990143305138697,5.851913258679993,0.049307044548324394,17,0.003210852040520197,24.933797067244157,0.7412568104418018,12.368421052631579,none
val_images_circle,circle,test006.png,5,rot60_padded,60.0,False,100,521,521,80896.0,0.2980242371559143,inpaint,pnp_hqs,wavelet,15.0,linear25p0_to_10p0,0.1,0.5,0.0,0.15,vanilla,False,0,20,telea,0.25990143305138697,5.851913258679993,0.049307044548324394,18,0.0029549941986421998,25.29443367405451,0.7433214791213409,11.578947368421053,none
val_images_circle,circle,test006.png,5,rot60_padded,60.0,False,100,521,521,80896.0,0.2980242371559143,inpaint,pnp_hqs,wavelet,15.0,linear25p0_to_10p0,0.1,0.5,0.0,0.15,vanilla,False,0,20,telea,0.25990143305138697,5.851913258679993,0.049307044548324394,19,0.0028775217412393304,25.409813863551296,0.7314748643319818,10.789473684210527,none
val_images_circle,circle,test006.png,5,rot60_padded,60.0,False,100,521,521,80896.0,0.2980242371559143,inpaint,pnp_hqs,wavelet,15.0,linear25p0_to_10p0,0.1,0.5,0.0,0.15,vanilla,False,0,20,telea,0.25990143305138697,5.851913258679993,0.049307044548324394,20,0.0028697306974024713,25.42158856617801,0.7133990420570856,10.0,none
val_images_circle,circle,test006.png,5,rot60_padded,60.0,False,100,521,521,80896.0,0.2980242371559143,inpaint,pnp_hqs,wavelet,15.0,linear25p0_to_10p0,0.1,0.5,0.0,0.15,G16_fixed,False,16,20,telea,0.25990143305138697,5.851913258679993,0.049307044548324394,1,0.0031656294683866863,24.995399199387176,0.8008471621742731,25.0,0;22.5;45;67.5;90;112.5;135;157.5;180;202.5;225;247.5;270;292.5;315;337.5
val_images_circle,circle,test006.png,5,rot60_padded,60.0,False,100,521,521,80896.0,0.2980242371559143,inpaint,pnp_hqs,wavelet,15.0,linear25p0_to_10p0,0.1,0.5,0.0,0.15,G16_fixed,False,16,20,telea,0.25990143305138697,5.851913258679993,0.049307044548324394,2,0.0033699677714818643,24.72374252462345,0.7948810239381428,24.210526315789476,0;22.5;45;67.5;90;112.5;135;157.5;180;202.5;225;247.5;270;292.5;315;337.5
val_images_circle,circle,test006.png,5,rot60_padded,60.0,False,100,521,521,80896.0,0.2980242371559143,inpaint,pnp_hqs,wavelet,15.0,linear25p0_to_10p0,0.1,0.5,0.0,0.15,G16_fixed,False,16,20,telea,0.25990143305138697,5.851913258679993,0.049307044548324394,3,0.0034547493427614625,24.61583457118886,0.7928435892998418,23.42105263157895,0;22.5;45;67.5;90;112.5;135;157.5;180;202.5;225;247.5;270;292.5;315;337.5
val_images_circle,circle,test006.png,5,rot60_padded,60.0,False,100,521,521,80896.0,0.2980242371559143,inpaint,pnp_hqs,wavelet,15.0,linear25p0_to_10p0,0.1,0.5,0.0,0.15,G16_fixed,False,16,20,telea,0.25990143305138697,5.851913258679993,0.049307044548324394,4,0.003490776578082314,24.57077946663071,0.7923730294915694,22.631578947368418,0;22.5;45;67.5;90;112.5;135;157.5;180;202.5;225;247.5;270;292.5;315;337.5
val_images_circle,circle,test006.png,5,rot60_padded,60.0,False,100,521,521,80896.0,0.2980242371559143,inpaint,pnp_hqs,wavelet,15.0,linear25p0_to_10p0,0.1,0.5,0.0,0.15,G16_fixed,False,16,20,telea,0.25990143305138697,5.851913258679993,0.049307044548324394,5,0.003503707013552702,24.55472217491773,0.792507364780088,21.842105263157894,0;22.5;45;67.5;90;112.5;135;157.5;180;202.5;225;247.5;270;292.5;315;337.5
val_images_circle,circle,test006.png,5,rot60_padded,60.0,False,100,521,521,80896.0,0.2980242371559143,inpaint,pnp_hqs,wavelet,15.0,linear25p0_to_10p0,0.1,0.5,0.0,0.15,G16_fixed,False,16,20,telea,0.25990143305138697,5.851913258679993,0.049307044548324394,6,0.0035053604765783383,24.55267314376659,0.792851218694373,21.05263157894737,0;22.5;45;67.5;90;112.5;135;157.5;180;202.5;225;247.5;270;292.5;315;337.5
val_images_circle,circle,test006.png,5,rot60_padded,60.0,False,100,521,521,80896.0,0.2980242371559143,inpaint,pnp_hqs,wavelet,15.0,linear25p0_to_10p0,0.1,0.5,0.0,0.15,G16_fixed,False,16,20,telea,0.25990143305138697,5.851913258679993,0.049307044548324394,7,0.0035015646415420725,24.55737851836083,0.7932399798043167,20.263157894736842,0;22.5;45;67.5;90;112.5;135;157.5;180;202.5;225;247.5;270;292.5;315;337.5
val_images_circle,circle,test006.png,5,rot60_padded,60.0,False,100,521,521,80896.0,0.2980242371559143,inpaint,pnp_hqs,wavelet,15.0,linear25p0_to_10p0,0.1,0.5,0.0,0.15,G16_fixed,False,16,20,telea,0.25990143305138697,5.851913258679993,0.049307044548324394,8,0.003487643561785734,24.574679064973786,0.7937429403956933,19.473684210526315,0;22.5;45;67.5;90;112.5;135;157.5;180;202.5;225;247.5;270;292.5;315;337.5
val_images_circle,circle,test006.png,5,rot60_padded,60.0,False,100,521,521,80896.0,0.2980242371559143,inpaint,pnp_hqs,wavelet,15.0,linear25p0_to_10p0,0.1,0.5,0.0,0.15,G16_fixed,False,16,20,telea,0.25990143305138697,5.851913258679993,0.049307044548324394,9,0.00344186644010906,24.63205986259777,0.7949000008498566,18.68421052631579,0;22.5;45;67.5;90;112.5;135;157.5;180;202.5;225;247.5;270;292.5;315;337.5
val_images_circle,circle,test006.png,5,rot60_padded,60.0,False,100,521,521,80896.0,0.2980242371559143,inpaint,pnp_hqs,wavelet,15.0,linear25p0_to_10p0,0.1,0.5,0.0,0.15,G16_fixed,False,16,20,telea,0.25990143305138697,5.851913258679993,0.049307044548324394,10,0.003175896557071541,24.981336515297777,0.7993806283685225,17.894736842105267,0;22.5;45;67.5;90;112.5;135;157.5;180;202.5;225;247.5;270;292.5;315;337.5
val_images_circle,circle,test006.png,5,rot60_padded,60.0,False,100,521,521,80896.0,0.2980242371559143,inpaint,pnp_hqs,wavelet,15.0,linear25p0_to_10p0,0.1,0.5,0.0,0.15,G16_fixed,False,16,20,telea,0.25990143305138697,5.851913258679993,0.049307044548324394,11,0.002692628510390656,25.69823560073932,0.8094293618504005,17.105263157894736,0;22.5;45;67.5;90;112.5;135;157.5;180;202.5;225;247.5;270;292.5;315;337.5
val_images_circle,circle,test006.png,5,rot60_padded,60.0,False,100,521,521,80896.0,0.2980242371559143,inpaint,pnp_hqs,wavelet,15.0,linear25p0_to_10p0,0.1,0.5,0.0,0.15,G16_fixed,False,16,20,telea,0.25990143305138697,5.851913258679993,0.049307044548324394,12,0.0023010348594641383,26.380768019492443,0.8203162664099585,16.31578947368421,0;22.5;45;67.5;90;112.5;135;157.5;180;202.5;225;247.5;270;292.5;315;337.5
val_images_circle,circle,test006.png,5,rot60_padded,60.0,False,100,521,521,80896.0,0.2980242371559143,inpaint,pnp_hqs,wavelet,15.0,linear25p0_to_10p0,0.1,0.5,0.0,0.15,G16_fixed,False,16,20,telea,0.25990143305138697,5.851913258679993,0.049307044548324394,13,0.0020857724962355215,26.80733063607373,0.8291048460368868,15.526315789473685,0;22.5;45;67.5;90;112.5;135;157.5;180;202.5;225;247.5;270;292.5;315;337.5
val_images_circle,circle,test006.png,5,rot60_padded,60.0,False,100,521,521,80896.0,0.2980242371559143,inpaint,pnp_hqs,wavelet,15.0,linear25p0_to_10p0,0.1,0.5,0.0,0.15,G16_fixed,False,16,20,telea,0.25990143305138697,5.851913258679993,0.049307044548324394,14,0.001961944978448409,27.073131763094377,0.8343642995327334,14.736842105263158,0;22.5;45;67.5;90;112.5;135;157.5;180;202.5;225;247.5;270;292.5;315;337.5
val_images_circle,circle,test006.png,5,rot60_padded,60.0,False,100,521,521,80896.0,0.2980242371559143,inpaint,pnp_hqs,wavelet,15.0,linear25p0_to_10p0,0.1,0.5,0.0,0.15,G16_fixed,False,16,20,telea,0.25990143305138697,5.851913258679993,0.049307044548324394,15,0.0018853931864605674,27.24598066729468,0.8367138633245155,13.947368421052634,0;22.5;45;67.5;90;112.5;135;157.5;180;202.5;225;247.5;270;292.5;315;337.5
val_images_circle,circle,test006.png,5,rot60_padded,60.0,False,100,521,521,80896.0,0.2980242371559143,inpaint,pnp_hqs,wavelet,15.0,linear25p0_to_10p0,0.1,0.5,0.0,0.15,G16_fixed,False,16,20,telea,0.25990143305138697,5.851913258679993,0.049307044548324394,16,0.0018364321204680431,27.360251197286964,0.8367128010037579,13.157894736842106,0;22.5;45;67.5;90;112.5;135;157.5;180;202.5;225;247.5;270;292.5;315;337.5
val_images_circle,circle,test006.png,5,rot60_padded,60.0,False,100,521,521,80896.0,0.2980242371559143,inpaint,pnp_hqs,wavelet,15.0,linear25p0_to_10p0,0.1,0.5,0.0,0.15,G16_fixed,False,16,20,telea,0.25990143305138697,5.851913258679993,0.049307044548324394,17,0.0018051221400876589,27.434934070705317,0.8348351007775415,12.368421052631579,0;22.5;45;67.5;90;112.5;135;157.5;180;202.5;225;247.5;270;292.5;315;337.5
val_images_circle,circle,test006.png,5,rot60_padded,60.0,False,100,521,521,80896.0,0.2980242371559143,inpaint,pnp_hqs,wavelet,15.0,linear25p0_to_10p0,0.1,0.5,0.0,0.15,G16_fixed,False,16,20,telea,0.25990143305138697,5.851913258679993,0.049307044548324394,18,0.0017811478693274003,27.493000242946657,0.83155504057679,11.578947368421053,0;22.5;45;67.5;90;112.5;135;157.5;180;202.5;225;247.5;270;292.5;315;337.5
val_images_circle,circle,test006.png,5,rot60_padded,60.0,False,100,521,521,80896.0,0.2980242371559143,inpaint,pnp_hqs,wavelet,15.0,linear25p0_to_10p0,0.1,0.5,0.0,0.15,G16_fixed,False,16,20,telea,0.25990143305138697,5.851913258679993,0.049307044548324394,19,0.0015034344566019276,28.2291550055753,0.8321242513535898,10.789473684210527,0;22.5;45;67.5;90;112.5;135;157.5;180;202.5;225;247.5;270;292.5;315;337.5
val_images_circle,circle,test006.png,5,rot60_padded,60.0,False,100,521,521,80896.0,0.2980242371559143,inpaint,pnp_hqs,wavelet,15.0,linear25p0_to_10p0,0.1,0.5,0.0,0.15,G16_fixed,False,16,20,telea,0.25990143305138697,5.851913258679993,0.049307044548324394,20,0.0013565837016588525,28.675534049638642,0.8259672333922567,10.0,0;22.5;45;67.5;90;112.5;135;157.5;180;202.5;225;247.5;270;292.5;315;337.5
val_images_circle,circle,test007.png,6,upright,0.0,False,100,521,521,80892.0,0.2980095148086548,inpaint,pnp_hqs,wavelet,15.0,linear25p0_to_10p0,0.1,0.5,0.0,0.15,vanilla,True,0,20,telea,0.080769343692825,10.927534460494945,0.14278917511156852,1,0.008240973708337583,20.840214714127573,0.5227926394142808,25.0,none
val_images_circle,circle,test007.png,6,upright,0.0,False,100,521,521,80892.0,0.2980095148086548,inpaint,pnp_hqs,wavelet,15.0,linear25p0_to_10p0,0.1,0.5,0.0,0.15,vanilla,True,0,20,telea,0.080769343692825,10.927534460494945,0.14278917511156852,2,0.00848979541563713,20.71102775118875,0.5175401210101123,24.210526315789476,none
val_images_circle,circle,test007.png,6,upright,0.0,False,100,521,521,80892.0,0.2980095148086548,inpaint,pnp_hqs,wavelet,15.0,linear25p0_to_10p0,0.1,0.5,0.0,0.15,vanilla,True,0,20,telea,0.080769343692825,10.927534460494945,0.14278917511156852,3,0.008521793374721465,20.69469000211391,0.5184710014587351,23.42105263157895,none
val_images_circle,circle,test007.png,6,upright,0.0,False,100,521,521,80892.0,0.2980095148086548,inpaint,pnp_hqs,wavelet,15.0,linear25p0_to_10p0,0.1,0.5,0.0,0.15,vanilla,True,0,20,telea,0.080769343692825,10.927534460494945,0.14278917511156852,4,0.008542109000271967,20.684348911256997,0.5201032897258072,22.631578947368418,none
val_images_circle,circle,test007.png,6,upright,0.0,False,100,521,521,80892.0,0.2980095148086548,inpaint,pnp_hqs,wavelet,15.0,linear25p0_to_10p0,0.1,0.5,0.0,0.15,vanilla,True,0,20,telea,0.080769343692825,10.927534460494945,0.14278917511156852,5,0.008550232232386237,20.68022089263154,0.522087030392375,21.842105263157894,none
val_images_circle,circle,test007.png,6,upright,0.0,False,100,521,521,80892.0,0.2980095148086548,inpaint,pnp_hqs,wavelet,15.0,linear25p0_to_10p0,0.1,0.5,0.0,0.15,vanilla,True,0,20,telea,0.080769343692825,10.927534460494945,0.14278917511156852,6,0.008550512916237854,20.680078326390277,0.5241586100139692,21.05263157894737,none
val_images_circle,circle,test007.png,6,upright,0.0,False,100,521,521,80892.0,0.2980095148086548,inpaint,pnp_hqs,wavelet,15.0,linear25p0_to_10p0,0.1,0.5,0.0,0.15,vanilla,True,0,20,telea,0.080769343692825,10.927534460494945,0.14278917511156852,7,0.008546823281736761,20.68195275631361,0.5261486283408743,20.263157894736842,none
val_images_circle,circle,test007.png,6,upright,0.0,False,100,521,521,80892.0,0.2980095148086548,inpaint,pnp_hqs,wavelet,15.0,linear25p0_to_10p0,0.1,0.5,0.0,0.15,vanilla,True,0,20,telea,0.080769343692825,10.927534460494945,0.14278917511156852,8,0.008541651757223366,20.68458138715708,0.5279723369585373,19.473684210526315,none
val_images_circle,circle,test007.png,6,upright,0.0,False,100,521,521,80892.0,0.2980095148086548,inpaint,pnp_hqs,wavelet,15.0,linear25p0_to_10p0,0.1,0.5,0.0,0.15,vanilla,True,0,20,telea,0.080769343692825,10.927534460494945,0.14278917511156852,9,0.008536414588905965,20.687245006475855,0.529605349571033,18.68421052631579,none
val_images_circle,circle,test007.png,6,upright,0.0,False,100,521,521,80892.0,0.2980095148086548,inpaint,pnp_hqs,wavelet,15.0,linear25p0_to_10p0,0.1,0.5,0.0,0.15,vanilla,True,0,20,telea,0.080769343692825,10.927534460494945,0.14278917511156852,10,0.008531981745819272,20.68950082394953,0.5310230867236563,17.894736842105267,none
val_images_circle,circle,test007.png,6,upright,0.0,False,100,521,521,80892.0,0.2980095148086548,inpaint,pnp_hqs,wavelet,15.0,linear25p0_to_10p0,0.1,0.5,0.0,0.15,vanilla,True,0,20,telea,0.080769343692825,10.927534460494945,0.14278917511156852,11,0.008528738036469537,20.691152249102092,0.5322289286950502,17.105263157894736,none
val_images_circle,circle,test007.png,6,upright,0.0,False,100,521,521,80892.0,0.2980095148086548,inpaint,pnp_hqs,wavelet,15.0,linear25p0_to_10p0,0.1,0.5,0.0,0.15,vanilla,True,0,20,telea,0.080769343692825,10.927534460494945,0.14278917511156852,12,0.00844211462360694,20.735487554673206,0.5346054094502547,16.31578947368421,none
val_images_circle,circle,test007.png,6,upright,0.0,False,100,521,521,80892.0,0.2980095148086548,inpaint,pnp_hqs,wavelet,15.0,linear25p0_to_10p0,0.1,0.5,0.0,0.15,vanilla,True,0,20,telea,0.080769343692825,10.927534460494945,0.14278917511156852,13,0.007956594186007655,20.992727919039798,0.5473159332041487,15.526315789473685,none
val_images_circle,circle,test007.png,6,upright,0.0,False,100,521,521,80892.0,0.2980095148086548,inpaint,pnp_hqs,wavelet,15.0,linear25p0_to_10p0,0.1,0.5,0.0,0.15,vanilla,True,0,20,telea,0.080769343692825,10.927534460494945,0.14278917511156852,14,0.0072071833927200004,21.422344268190127,0.5775101273148148,14.736842105263158,none
val_images_circle,circle,test007.png,6,upright,0.0,False,100,521,521,80892.0,0.2980095148086548,inpaint,pnp_hqs,wavelet,15.0,linear25p0_to_10p0,0.1,0.5,0.0,0.15,vanilla,True,0,20,telea,0.080769343692825,10.927534460494945,0.14278917511156852,15,0.006595902253593139,21.807257889037572,0.6075409573876279,13.947368421052634,none
val_images_circle,circle,test007.png,6,upright,0.0,False,100,521,521,80892.0,0.2980095148086548,inpaint,pnp_hqs,wavelet,15.0,linear25p0_to_10p0,0.1,0.5,0.0,0.15,vanilla,True,0,20,telea,0.080769343692825,10.927534460494945,0.14278917511156852,16,0.006007821294760684,22.21282994088707,0.6358658091189487,13.157894736842106,none
val_images_circle,circle,test007.png,6,upright,0.0,False,100,521,521,80892.0,0.2980095148086548,inpaint,pnp_hqs,wavelet,15.0,linear25p0_to_10p0,0.1,0.5,0.0,0.15,vanilla,True,0,20,telea,0.080769343692825,10.927534460494945,0.14278917511156852,17,0.005552006187527622,22.555500585460678,0.6613670175202739,12.368421052631579,none
val_images_circle,circle,test007.png,6,upright,0.0,False,100,521,521,80892.0,0.2980095148086548,inpaint,pnp_hqs,wavelet,15.0,linear25p0_to_10p0,0.1,0.5,0.0,0.15,vanilla,True,0,20,telea,0.080769343692825,10.927534460494945,0.14278917511156852,18,0.005289215554187991,22.76608733588537,0.678237167303318,11.578947368421053,none
val_images_circle,circle,test007.png,6,upright,0.0,False,100,521,521,80892.0,0.2980095148086548,inpaint,pnp_hqs,wavelet,15.0,linear25p0_to_10p0,0.1,0.5,0.0,0.15,vanilla,True,0,20,telea,0.080769343692825,10.927534460494945,0.14278917511156852,19,0.005105916172131901,22.91926319629574,0.6881703092549325,10.789473684210527,none
val_images_circle,circle,test007.png,6,upright,0.0,False,100,521,521,80892.0,0.2980095148086548,inpaint,pnp_hqs,wavelet,15.0,linear25p0_to_10p0,0.1,0.5,0.0,0.15,vanilla,True,0,20,telea,0.080769343692825,10.927534460494945,0.14278917511156852,20,0.004678822115468194,23.298634659724122,0.7020330251291846,10.0,none
val_images_circle,circle,test007.png,6,upright,0.0,False,100,521,521,80892.0,0.2980095148086548,inpaint,pnp_hqs,wavelet,15.0,linear25p0_to_10p0,0.1,0.5,0.0,0.15,G16_fixed,True,16,20,telea,0.080769343692825,10.927534460494945,0.14278917511156852,1,0.010865111936478577,19.639657950549566,0.41111929138542747,25.0,0;22.5;45;67.5;90;112.5;135;157.5;180;202.5;225;247.5;270;292.5;315;337.5
val_images_circle,circle,test007.png,6,upright,0.0,False,100,521,521,80892.0,0.2980095148086548,inpaint,pnp_hqs,wavelet,15.0,linear25p0_to_10p0,0.1,0.5,0.0,0.15,G16_fixed,True,16,20,telea,0.080769343692825,10.927534460494945,0.14278917511156852,2,0.012239112206997447,19.122500836271918,0.37301295148933145,24.210526315789476,0;22.5;45;67.5;90;112.5;135;157.5;180;202.5;225;247.5;270;292.5;315;337.5
val_images_circle,circle,test007.png,6,upright,0.0,False,100,521,521,80892.0,0.2980095148086548,inpaint,pnp_hqs,wavelet,15.0,linear25p0_to_10p0,0.1,0.5,0.0,0.15,G16_fixed,True,16,20,telea,0.080769343692825,10.927534460494945,0.14278917511156852,3,0.012606944621909073,18.993901548724153,0.36573970251230037,23.42105263157895,0;22.5;45;67.5;90;112.5;135;157.5;180;202.5;225;247.5;270;292.5;315;337.5
val_images_circle,circle,test007.png,6,upright,0.0,False,100,521,521,80892.0,0.2980095148086548,inpaint,pnp_hqs,wavelet,15.0,linear25p0_to_10p0,0.1,0.5,0.0,0.15,G16_fixed,True,16,20,telea,0.080769343692825,10.927534460494945,0.14278917511156852,4,0.012721064488859374,18.954765457399155,0.3641712773667359,22.631578947368418,0;22.5;45;67.5;90;112.5;135;157.5;180;202.5;225;247.5;270;292.5;315;337.5
val_images_circle,circle,test007.png,6,upright,0.0,False,100,521,521,80892.0,0.2980095148086548,inpaint,pnp_hqs,wavelet,15.0,linear25p0_to_10p0,0.1,0.5,0.0,0.15,G16_fixed,True,16,20,telea,0.080769343692825,10.927534460494945,0.14278917511156852,5,0.012747922613542594,18.945605815815366,0.3641909554174084,21.842105263157894,0;22.5;45;67.5;90;112.5;135;157.5;180;202.5;225;247.5;270;292.5;315;337.5
val_images_circle,circle,test007.png,6,upright,0.0,False,100,521,521,80892.0,0.2980095148086548,inpaint,pnp_hqs,wavelet,15.0,linear25p0_to_10p0,0.1,0.5,0.0,0.15,G16_fixed,True,16,20,telea,0.080769343692825,10.927534460494945,0.14278917511156852,6,0.012741521210862168,18.94778718465036,0.3647090555540103,21.05263157894737,0;22.5;45;67.5;90;112.5;135;157.5;180;202.5;225;247.5;270;292.5;315;337.5
val_images_circle,circle,test007.png,6,upright,0.0,False,100,521,521,80892.0,0.2980095148086548,inpaint,pnp_hqs,wavelet,15.0,linear25p0_to_10p0,0.1,0.5,0.0,0.15,G16_fixed,True,16,20,telea,0.080769343692825,10.927534460494945,0.14278917511156852,7,0.012722318511873857,18.954337357664308,0.3653739805079612,20.263157894736842,0;22.5;45;67.5;90;112.5;135;157.5;180;202.5;225;247.5;270;292.5;315;337.5
val_images_circle,circle,test007.png,6,upright,0.0,False,100,521,521,80892.0,0.2980095148086548,inpaint,pnp_hqs,wavelet,15.0,linear25p0_to_10p0,0.1,0.5,0.0,0.15,G16_fixed,True,16,20,telea,0.080769343692825,10.927534460494945,0.14278917511156852,8,0.012690906065340207,18.965073704088212,0.36616197174936954,19.473684210526315,0;22.5;45;67.5;90;112.5;135;157.5;180;202.5;225;247.5;270;292.5;315;337.5
val_images_circle,circle,test007.png,6,upright,0.0,False,100,521,521,80892.0,0.2980095148086548,inpaint,pnp_hqs,wavelet,15.0,linear25p0_to_10p0,0.1,0.5,0.0,0.15,G16_fixed,True,16,20,telea,0.080769343692825,10.927534460494945,0.14278917511156852,9,0.012635375179782533,18.98411858129488,0.36759040506941354,18.68421052631579,0;22.5;45;67.5;90;112.5;135;157.5;180;202.5;225;247.5;270;292.5;315;337.5
val_images_circle,circle,test007.png,6,upright,0.0,False,100,521,521,80892.0,0.2980095148086548,inpaint,pnp_hqs,wavelet,15.0,linear25p0_to_10p0,0.1,0.5,0.0,0.15,G16_fixed,True,16,20,telea,0.080769343692825,10.927534460494945,0.14278917511156852,10,0.012517524179374583,19.02481561026811,0.3705294124805296,17.894736842105267,0;22.5;45;67.5;90;112.5;135;157.5;180;202.5;225;247.5;270;292.5;315;337.5
val_images_circle,circle,test007.png,6,upright,0.0,False,100,521,521,80892.0,0.2980095148086548,inpaint,pnp_hqs,wavelet,15.0,linear25p0_to_10p0,0.1,0.5,0.0,0.15,G16_fixed,True,16,20,telea,0.080769343692825,10.927534460494945,0.14278917511156852,11,0.012295470053580313,19.102548636089622,0.37654097245401275,17.105263157894736,0;22.5;45;67.5;90;112.5;135;157.5;180;202.5;225;247.5;270;292.5;315;337.5
val_images_circle,circle,test007.png,6,upright,0.0,False,100,521,521,80892.0,0.2980095148086548,inpaint,pnp_hqs,wavelet,15.0,linear25p0_to_10p0,0.1,0.5,0.0,0.15,G16_fixed,True,16,20,telea,0.080769343692825,10.927534460494945,0.14278917511156852,12,0.012131842685984863,19.160732298361232,0.3813345697426816,16.31578947368421,0;22.5;45;67.5;90;112.5;135;157.5;180;202.5;225;247.5;270;292.5;315;337.5
val_images_circle,circle,test007.png,6,upright,0.0,False,100,521,521,80892.0,0.2980095148086548,inpaint,pnp_hqs,wavelet,15.0,linear25p0_to_10p0,0.1,0.5,0.0,0.15,G16_fixed,True,16,20,telea,0.080769343692825,10.927534460494945,0.14278917511156852,13,0.011372486479126876,19.44144570835143,0.39981501183677004,15.526315789473685,0;22.5;45;67.5;90;112.5;135;157.5;180;202.5;225;247.5;270;292.5;315;337.5
val_images_circle,circle,test007.png,6,upright,0.0,False,100,521,521,80892.0,0.2980095148086548,inpaint,pnp_hqs,wavelet,15.0,linear25p0_to_10p0,0.1,0.5,0.0,0.15,G16_fixed,True,16,20,telea,0.080769343692825,10.927534460494945,0.14278917511156852,14,0.010282832531772687,19.878872371429985,0.4348371130643327,14.736842105263158,0;22.5;45;67.5;90;112.5;135;157.5;180;202.5;225;247.5;270;292.5;315;337.5
val_images_circle,circle,test007.png,6,upright,0.0,False,100,521,521,80892.0,0.2980095148086548,inpaint,pnp_hqs,wavelet,15.0,linear25p0_to_10p0,0.1,0.5,0.0,0.15,G16_fixed,True,16,20,telea,0.080769343692825,10.927534460494945,0.14278917511156852,15,0.009144276214012587,20.388506640202845,0.4769834895601543,13.947368421052634,0;22.5;45;67.5;90;112.5;135;157.5;180;202.5;225;247.5;270;292.5;315;337.5
val_images_circle,circle,test007.png,6,upright,0.0,False,100,521,521,80892.0,0.2980095148086548,inpaint,pnp_hqs,wavelet,15.0,linear25p0_to_10p0,0.1,0.5,0.0,0.15,G16_fixed,True,16,20,telea,0.080769343692825,10.927534460494945,0.14278917511156852,16,0.008470147546023942,20.721090243958677,0.5069428508845126,13.157894736842106,0;22.5;45;67.5;90;112.5;135;157.5;180;202.5;225;247.5;270;292.5;315;337.5
val_images_circle,circle,test007.png,6,upright,0.0,False,100,521,521,80892.0,0.2980095148086548,inpaint,pnp_hqs,wavelet,15.0,linear25p0_to_10p0,0.1,0.5,0.0,0.15,G16_fixed,True,16,20,telea,0.080769343692825,10.927534460494945,0.14278917511156852,17,0.008124251479547963,20.902166418293152,0.5238175398988775,12.368421052631579,0;22.5;45;67.5;90;112.5;135;157.5;180;202.5;225;247.5;270;292.5;315;337.5
val_images_circle,circle,test007.png,6,upright,0.0,False,100,521,521,80892.0,0.2980095148086548,inpaint,pnp_hqs,wavelet,15.0,linear25p0_to_10p0,0.1,0.5,0.0,0.15,G16_fixed,True,16,20,telea,0.080769343692825,10.927534460494945,0.14278917511156852,18,0.007930049944341298,21.007240774385725,0.5339488144686743,11.578947368421053,0;22.5;45;67.5;90;112.5;135;157.5;180;202.5;225;247.5;270;292.5;315;337.5
val_images_circle,circle,test007.png,6,upright,0.0,False,100,521,521,80892.0,0.2980095148086548,inpaint,pnp_hqs,wavelet,15.0,linear25p0_to_10p0,0.1,0.5,0.0,0.15,G16_fixed,True,16,20,telea,0.080769343692825,10.927534460494945,0.14278917511156852,19,0.007809223846011503,21.073921282411135,0.5406700639432824,10.789473684210527,0;22.5;45;67.5;90;112.5;135;157.5;180;202.5;225;247.5;270;292.5;315;337.5
val_images_circle,circle,test007.png,6,upright,0.0,False,100,521,521,80892.0,0.2980095148086548,inpaint,pnp_hqs,wavelet,15.0,linear25p0_to_10p0,0.1,0.5,0.0,0.15,G16_fixed,True,16,20,telea,0.080769343692825,10.927534460494945,0.14278917511156852,20,0.00765000970381419,21.163380139561493,0.5485598274551253,10.0,0;22.5;45;67.5;90;112.5;135;157.5;180;202.5;225;247.5;270;292.5;315;337.5
val_images_circle,circle,test007.png,6,rot30_padded,30.0,False,100,521,521,80896.0,0.2980242371559143,inpaint,pnp_hqs,wavelet,15.0,linear25p0_to_10p0,0.1,0.5,0.0,0.15,vanilla,False,0,20,telea,0.08196986476077309,10.863457814401391,0.1431821147097817,1,0.008237807811061038,20.841883443982113,0.523692794992954,25.0,none
val_images_circle,circle,test007.png,6,rot30_padded,30.0,False,100,521,521,80896.0,0.2980242371559143,inpaint,pnp_hqs,wavelet,15.0,linear25p0_to_10p0,0.1,0.5,0.0,0.15,vanilla,False,0,20,telea,0.08196986476077309,10.863457814401391,0.1431821147097817,2,0.008593561528604242,20.658268092005954,0.510273269460171,24.210526315789476,none
val_images_circle,circle,test007.png,6,rot30_padded,30.0,False,100,521,521,80896.0,0.2980242371559143,inpaint,pnp_hqs,wavelet,15.0,linear25p0_to_10p0,0.1,0.5,0.0,0.15,vanilla,False,0,20,telea,0.08196986476077309,10.863457814401391,0.1431821147097817,3,0.00867671151704426,20.616448417136354,0.5105097806906398,23.42105263157895,none
val_images_circle,circle,test007.png,6,rot30_padded,30.0,False,100,521,521,80896.0,0.2980242371559143,inpaint,pnp_hqs,wavelet,15.0,linear25p0_to_10p0,0.1,0.5,0.0,0.15,vanilla,False,0,20,telea,0.08196986476077309,10.863457814401391,0.1431821147097817,4,0.008683385728280755,20.61310906573421,0.5124503027034711,22.631578947368418,none
val_images_circle,circle,test007.png,6,rot30_padded,30.0,False,100,521,521,80896.0,0.2980242371559143,inpaint,pnp_hqs,wavelet,15.0,linear25p0_to_10p0,0.1,0.5,0.0,0.15,vanilla,False,0,20,telea,0.08196986476077309,10.863457814401391,0.1431821147097817,5,0.008681977096992203,20.613813641622606,0.5146072484269927,21.842105263157894,none
val_images_circle,circle,test007.png,6,rot30_padded,30.0,False,100,521,521,80896.0,0.2980242371559143,inpaint,pnp_hqs,wavelet,15.0,linear25p0_to_10p0,0.1,0.5,0.0,0.15,vanilla,False,0,20,telea,0.08196986476077309,10.863457814401391,0.1431821147097817,6,0.00867585894427722,20.616875175407436,0.5167611520501632,21.05263157894737,none
val_images_circle,circle,test007.png,6,rot30_padded,30.0,False,100,521,521,80896.0,0.2980242371559143,inpaint,pnp_hqs,wavelet,15.0,linear25p0_to_10p0,0.1,0.5,0.0,0.15,vanilla,False,0,20,telea,0.08196986476077309,10.863457814401391,0.1431821147097817,7,0.008667992640145217,20.62081466104605,0.5187719803822192,20.263157894736842,none
val_images_circle,circle,test007.png,6,rot30_padded,30.0,False,100,521,521,80896.0,0.2980242371559143,inpaint,pnp_hqs,wavelet,15.0,linear25p0_to_10p0,0.1,0.5,0.0,0.15,vanilla,False,0,20,telea,0.08196986476077309,10.863457814401391,0.1431821147097817,8,0.008660110491740553,20.624765669148594,0.520584541031077,19.473684210526315,none
val_images_circle,circle,test007.png,6,rot30_padded,30.0,False,100,521,521,80896.0,0.2980242371559143,inpaint,pnp_hqs,wavelet,15.0,linear25p0_to_10p0,0.1,0.5,0.0,0.15,vanilla,False,0,20,telea,0.08196986476077309,10.863457814401391,0.1431821147097817,9,0.008653320843660378,20.628171934249163,0.5221679301201543,18.68421052631579,none
val_images_circle,circle,test007.png,6,rot30_padded,30.0,False,100,521,521,80896.0,0.2980242371559143,inpaint,pnp_hqs,wavelet,15.0,linear25p0_to_10p0,0.1,0.5,0.0,0.15,vanilla,False,0,20,telea,0.08196986476077309,10.863457814401391,0.1431821147097817,10,0.008647992641110963,20.630846886114366,0.523540207102329,17.894736842105267,none
val_images_circle,circle,test007.png,6,rot30_padded,30.0,False,100,521,521,80896.0,0.2980242371559143,inpaint,pnp_hqs,wavelet,15.0,linear25p0_to_10p0,0.1,0.5,0.0,0.15,vanilla,False,0,20,telea,0.08196986476077309,10.863457814401391,0.1431821147097817,11,0.008530316473562507,20.690348562683173,0.5270664359949813,17.105263157894736,none
val_images_circle,circle,test007.png,6,rot30_padded,30.0,False,100,521,521,80896.0,0.2980242371559143,inpaint,pnp_hqs,wavelet,15.0,linear25p0_to_10p0,0.1,0.5,0.0,0.15,vanilla,False,0,20,telea,0.08196986476077309,10.863457814401391,0.1431821147097817,12,0.00831486152697213,20.80144978984769,0.5368408975721914,16.31578947368421,none
val_images_circle,circle,test007.png,6,rot30_padded,30.0,False,100,521,521,80896.0,0.2980242371559143,inpaint,pnp_hqs,wavelet,15.0,linear25p0_to_10p0,0.1,0.5,0.0,0.15,vanilla,False,0,20,telea,0.08196986476077309,10.863457814401391,0.1431821147097817,13,0.008145815963986554,20.890654060261046,0.5479251523561115,15.526315789473685,none
val_images_circle,circle,test007.png,6,rot30_padded,30.0,False,100,521,521,80896.0,0.2980242371559143,inpaint,pnp_hqs,wavelet,15.0,linear25p0_to_10p0,0.1,0.5,0.0,0.15,vanilla,False,0,20,telea,0.08196986476077309,10.863457814401391,0.1431821147097817,14,0.007735142224951636,21.115316965807963,0.561644010905978,14.736842105263158,none
val_images_circle,circle,test007.png,6,rot30_padded,30.0,False,100,521,521,80896.0,0.2980242371559143,inpaint,pnp_hqs,wavelet,15.0,linear25p0_to_10p0,0.1,0.5,0.0,0.15,vanilla,False,0,20,telea,0.08196986476077309,10.863457814401391,0.1431821147097817,15,0.006862175615527962,21.63538171753644,0.5946006292029272,13.947368421052634,none
val_images_circle,circle,test007.png,6,rot30_padded,30.0,False,100,521,521,80896.0,0.2980242371559143,inpaint,pnp_hqs,wavelet,15.0,linear25p0_to_10p0,0.1,0.5,0.0,0.15,vanilla,False,0,20,telea,0.08196986476077309,10.863457814401391,0.1431821147097817,16,0.0061343572562253925,22.122309349252255,0.6322197250173062,13.157894736842106,none
val_images_circle,circle,test007.png,6,rot30_padded,30.0,False,100,521,521,80896.0,0.2980242371559143,inpaint,pnp_hqs,wavelet,15.0,linear25p0_to_10p0,0.1,0.5,0.0,0.15,vanilla,False,0,20,telea,0.08196986476077309,10.863457814401391,0.1431821147097817,17,0.005713358710083781,22.431085081432975,0.6581754563729975,12.368421052631579,none
val_images_circle,circle,test007.png,6,rot30_padded,30.0,False,100,521,521,80896.0,0.2980242371559143,inpaint,pnp_hqs,wavelet,15.0,linear25p0_to_10p0,0.1,0.5,0.0,0.15,vanilla,False,0,20,telea,0.08196986476077309,10.863457814401391,0.1431821147097817,18,0.0055053139789195,22.592179073146312,0.6725098815145372,11.578947368421053,none
val_images_circle,circle,test007.png,6,rot30_padded,30.0,False,100,521,521,80896.0,0.2980242371559143,inpaint,pnp_hqs,wavelet,15.0,linear25p0_to_10p0,0.1,0.5,0.0,0.15,vanilla,False,0,20,telea,0.08196986476077309,10.863457814401391,0.1431821147097817,19,0.005360206848458398,22.708184507156748,0.6805582650100128,10.789473684210527,none
val_images_circle,circle,test007.png,6,rot30_padded,30.0,False,100,521,521,80896.0,0.2980242371559143,inpaint,pnp_hqs,wavelet,15.0,linear25p0_to_10p0,0.1,0.5,0.0,0.15,vanilla,False,0,20,telea,0.08196986476077309,10.863457814401391,0.1431821147097817,20,0.004975840260710897,23.03133570239533,0.6927191818816752,10.0,none
val_images_circle,circle,test007.png,6,rot30_padded,30.0,False,100,521,521,80896.0,0.2980242371559143,inpaint,pnp_hqs,wavelet,15.0,linear25p0_to_10p0,0.1,0.5,0.0,0.15,G16_fixed,False,16,20,telea,0.08196986476077309,10.863457814401391,0.1431821147097817,1,0.006954976274997373,21.577043471464563,0.5735424862632269,25.0,0;22.5;45;67.5;90;112.5;135;157.5;180;202.5;225;247.5;270;292.5;315;337.5
val_images_circle,circle,test007.png,6,rot30_padded,30.0,False,100,521,521,80896.0,0.2980242371559143,inpaint,pnp_hqs,wavelet,15.0,linear25p0_to_10p0,0.1,0.5,0.0,0.15,G16_fixed,False,16,20,telea,0.08196986476077309,10.863457814401391,0.1431821147097817,2,0.007719558251054981,21.124075512987655,0.5369768746291534,24.210526315789476,0;22.5;45;67.5;90;112.5;135;157.5;180;202.5;225;247.5;270;292.5;315;337.5
val_images_circle,circle,test007.png,6,rot30_padded,30.0,False,100,521,521,80896.0,0.2980242371559143,inpaint,pnp_hqs,wavelet,15.0,linear25p0_to_10p0,0.1,0.5,0.0,0.15,G16_fixed,False,16,20,telea,0.08196986476077309,10.863457814401391,0.1431821147097817,3,0.007934415642219254,21.004850528668882,0.5280162956141219,23.42105263157895,0;22.5;45;67.5;90;112.5;135;157.5;180;202.5;225;247.5;270;292.5;315;337.5
val_images_circle,circle,test007.png,6,rot30_padded,30.0,False,100,521,521,80896.0,0.2980242371559143,inpaint,pnp_hqs,wavelet,15.0,linear25p0_to_10p0,0.1,0.5,0.0,0.15,G16_fixed,False,16,20,telea,0.08196986476077309,10.863457814401391,0.1431821147097817,4,0.00799721554864811,20.970611983022458,0.5265305917474288,22.631578947368418,0;22.5;45;67.5;90;112.5;135;157.5;180;202.5;225;247.5;270;292.5;315;337.5
val_images_circle,circle,test007.png,6,rot30_padded,30.0,False,100,521,521,80896.0,0.2980242371559143,inpaint,pnp_hqs,wavelet,15.0,linear25p0_to_10p0,0.1,0.5,0.0,0.15,G16_fixed,False,16,20,telea,0.08196986476077309,10.863457814401391,0.1431821147097817,5,0.007992855355709413,20.972980462551497,0.5279463273060473,21.842105263157894,0;22.5;45;67.5;90;112.5;135;157.5;180;202.5;225;247.5;270;292.5;315;337.5
val_images_circle,circle,test007.png,6,rot30_padded,30.0,False,100,521,521,80896.0,0.2980242371559143,inpaint,pnp_hqs,wavelet,15.0,linear25p0_to_10p0,0.1,0.5,0.0,0.15,G16_fixed,False,16,20,telea,0.08196986476077309,10.863457814401391,0.1431821147097817,6,0.00791734230669239,21.014205779106256,0.5316511226605766,21.05263157894737,0;22.5;45;67.5;90;112.5;135;157.5;180;202.5;225;247.5;270;292.5;315;337.5
val_images_circle,circle,test007.png,6,rot30_padded,30.0,False,100,521,521,80896.0,0.2980242371559143,inpaint,pnp_hqs,wavelet,15.0,linear25p0_to_10p0,0.1,0.5,0.0,0.15,G16_fixed,False,16,20,telea,0.08196986476077309,10.863457814401391,0.1431821147097817,7,0.007778970501090907,21.090778754113245,0.5376387970357002,20.263157894736842,0;22.5;45;67.5;90;112.5;135;157.5;180;202.5;225;247.5;270;292.5;315;337.5
val_images_circle,circle,test007.png,6,rot30_padded,30.0,False,100,521,521,80896.0,0.2980242371559143,inpaint,pnp_hqs,wavelet,15.0,linear25p0_to_10p0,0.1,0.5,0.0,0.15,G16_fixed,False,16,20,telea,0.08196986476077309,10.863457814401391,0.1431821147097817,8,0.007603090020674694,21.190098674310644,0.5457498574558692,19.473684210526315,0;22.5;45;67.5;90;112.5;135;157.5;180;202.5;225;247.5;270;292.5;315;337.5
val_images_circle,circle,test007.png,6,rot30_padded,30.0,False,100,521,521,80896.0,0.2980242371559143,inpaint,pnp_hqs,wavelet,15.0,linear25p0_to_10p0,0.1,0.5,0.0,0.15,G16_fixed,False,16,20,telea,0.08196986476077309,10.863457814401391,0.1431821147097817,9,0.007232523417171044,21.4071015153664,0.5585985304434088,18.68421052631579,0;22.5;45;67.5;90;112.5;135;157.5;180;202.5;225;247.5;270;292.5;315;337.5
val_images_circle,circle,test007.png,6,rot30_padded,30.0,False,100,521,521,80896.0,0.2980242371559143,inpaint,pnp_hqs,wavelet,15.0,linear25p0_to_10p0,0.1,0.5,0.0,0.15,G16_fixed,False,16,20,telea,0.08196986476077309,10.863457814401391,0.1431821147097817,10,0.006666704823699178,21.76088773354495,0.5799292069447192,17.894736842105267,0;22.5;45;67.5;90;112.5;135;157.5;180;202.5;225;247.5;270;292.5;315;337.5
val_images_circle,circle,test007.png,6,rot30_padded,30.0,False,100,521,521,80896.0,0.2980242371559143,inpaint,pnp_hqs,wavelet,15.0,linear25p0_to_10p0,0.1,0.5,0.0,0.15,G16_fixed,False,16,20,telea,0.08196986476077309,10.863457814401391,0.1431821147097817,11,0.006059384798701805,22.175714669379623,0.6064833146107348,17.105263157894736,0;22.5;45;67.5;90;112.5;135;157.5;180;202.5;225;247.5;270;292.5;315;337.5
val_images_circle,circle,test007.png,6,rot30_padded,30.0,False,100,521,521,80896.0,0.2980242371559143,inpaint,pnp_hqs,wavelet,15.0,linear25p0_to_10p0,0.1,0.5,0.0,0.15,G16_fixed,False,16,20,telea,0.08196986476077309,10.863457814401391,0.1431821147097817,12,0.005474504790728605,22.616551598450755,0.6353933117057704,16.31578947368421,0;22.5;45;67.5;90;112.5;135;157.5;180;202.5;225;247.5;270;292.5;315;337.5
val_images_circle,circle,test007.png,6,rot30_padded,30.0,False,100,521,521,80896.0,0.2980242371559143,inpaint,pnp_hqs,wavelet,15.0,linear25p0_to_10p0,0.1,0.5,0.0,0.15,G16_fixed,False,16,20,telea,0.08196986476077309,10.863457814401391,0.1431821147097817,13,0.005035117457184611,22.979903939460833,0.6611572458774229,15.526315789473685,0;22.5;45;67.5;90;112.5;135;157.5;180;202.5;225;247.5;270;292.5;315;337.5
val_images_circle,circle,test007.png,6,rot30_padded,30.0,False,100,521,521,80896.0,0.2980242371559143,inpaint,pnp_hqs,wavelet,15.0,linear25p0_to_10p0,0.1,0.5,0.0,0.15,G16_fixed,False,16,20,telea,0.08196986476077309,10.863457814401391,0.1431821147097817,14,0.004719520294213597,23.261021420785035,0.6819621701783771,14.736842105263158,0;22.5;45;67.5;90;112.5;135;157.5;180;202.5;225;247.5;270;292.5;315;337.5
val_images_circle,circle,test007.png,6,rot30_padded,30.0,False,100,521,521,80896.0,0.2980242371559143,inpaint,pnp_hqs,wavelet,15.0,linear25p0_to_10p0,0.1,0.5,0.0,0.15,G16_fixed,False,16,20,telea,0.08196986476077309,10.863457814401391,0.1431821147097817,15,0.004487869483006152,23.479597817952204,0.6984636330906349,13.947368421052634,0;22.5;45;67.5;90;112.5;135;157.5;180;202.5;225;247.5;270;292.5;315;337.5
val_images_circle,circle,test007.png,6,rot30_padded,30.0,False,100,521,521,80896.0,0.2980242371559143,inpaint,pnp_hqs,wavelet,15.0,linear25p0_to_10p0,0.1,0.5,0.0,0.15,G16_fixed,False,16,20,telea,0.08196986476077309,10.863457814401391,0.1431821147097817,16,0.0043126322046110905,23.65257578329562,0.71153577973571,13.157894736842106,0;22.5;45;67.5;90;112.5;135;157.5;180;202.5;225;247.5;270;292.5;315;337.5
val_images_circle,circle,test007.png,6,rot30_padded,30.0,False,100,521,521,80896.0,0.2980242371559143,inpaint,pnp_hqs,wavelet,15.0,linear25p0_to_10p0,0.1,0.5,0.0,0.15,G16_fixed,False,16,20,telea,0.08196986476077309,10.863457814401391,0.1431821147097817,17,0.0040990151936494855,23.873204718991843,0.7240948254549051,12.368421052631579,0;22.5;45;67.5;90;112.5;135;157.5;180;202.5;225;247.5;270;292.5;315;337.5
val_images_circle,circle,test007.png,6,rot30_padded,30.0,False,100,521,521,80896.0,0.2980242371559143,inpaint,pnp_hqs,wavelet,15.0,linear25p0_to_10p0,0.1,0.5,0.0,0.15,G16_fixed,False,16,20,telea,0.08196986476077309,10.863457814401391,0.1431821147097817,18,0.0036762605739545217,24.34593713330574,0.7427382167381577,11.578947368421053,0;22.5;45;67.5;90;112.5;135;157.5;180;202.5;225;247.5;270;292.5;315;337.5
val_images_circle,circle,test007.png,6,rot30_padded,30.0,False,100,521,521,80896.0,0.2980242371559143,inpaint,pnp_hqs,wavelet,15.0,linear25p0_to_10p0,0.1,0.5,0.0,0.15,G16_fixed,False,16,20,telea,0.08196986476077309,10.863457814401391,0.1431821147097817,19,0.0032605653322195704,24.867070933745747,0.765302295926251,10.789473684210527,0;22.5;45;67.5;90;112.5;135;157.5;180;202.5;225;247.5;270;292.5;315;337.5
val_images_circle,circle,test007.png,6,rot30_padded,30.0,False,100,521,521,80896.0,0.2980242371559143,inpaint,pnp_hqs,wavelet,15.0,linear25p0_to_10p0,0.1,0.5,0.0,0.15,G16_fixed,False,16,20,telea,0.08196986476077309,10.863457814401391,0.1431821147097817,20,0.0030317808253855646,25.183021980815944,0.7785297828384593,10.0,0;22.5;45;67.5;90;112.5;135;157.5;180;202.5;225;247.5;270;292.5;315;337.5
val_images_circle,circle,test007.png,6,rot45_padded,45.0,False,100,521,521,80887.0,0.2979910969734192,inpaint,pnp_hqs,wavelet,15.0,linear25p0_to_10p0,0.1,0.5,0.0,0.15,vanilla,False,0,20,telea,0.08042411790522581,10.946136937582127,0.14500658277519873,1,0.008264161816310872,20.828011877078367,0.5222705073899391,25.0,none
val_images_circle,circle,test007.png,6,rot45_padded,45.0,False,100,521,521,80887.0,0.2979910969734192,inpaint,pnp_hqs,wavelet,15.0,linear25p0_to_10p0,0.1,0.5,0.0,0.15,vanilla,False,0,20,telea,0.08042411790522581,10.946136937582127,0.14500658277519873,2,0.008515135100945223,20.698084571400706,0.5122656163073176,24.210526315789476,none
val_images_circle,circle,test007.png,6,rot45_padded,45.0,False,100,521,521,80887.0,0.2979910969734192,inpaint,pnp_hqs,wavelet,15.0,linear25p0_to_10p0,0.1,0.5,0.0,0.15,vanilla,False,0,20,telea,0.08042411790522581,10.946136937582127,0.14500658277519873,3,0.008738245018416897,20.58575781936527,0.5096443862270822,23.42105263157895,none
val_images_circle,circle,test007.png,6,rot45_padded,45.0,False,100,521,521,80887.0,0.2979910969734192,inpaint,pnp_hqs,wavelet,15.0,linear25p0_to_10p0,0.1,0.5,0.0,0.15,vanilla,False,0,20,telea,0.08042411790522581,10.946136937582127,0.14500658277519873,4,0.008752874682137582,20.578492894287443,0.5116187358599034,22.631578947368418,none
val_images_circle,circle,test007.png,6,rot45_padded,45.0,False,100,521,521,80887.0,0.2979910969734192,inpaint,pnp_hqs,wavelet,15.0,linear25p0_to_10p0,0.1,0.5,0.0,0.15,vanilla,False,0,20,telea,0.08042411790522581,10.946136937582127,0.14500658277519873,5,0.008758695459213161,20.575605738610353,0.5137516303608738,21.842105263157894,none
val_images_circle,circle,test007.png,6,rot45_padded,45.0,False,100,521,521,80887.0,0.2979910969734192,inpaint,pnp_hqs,wavelet,15.0,linear25p0_to_10p0,0.1,0.5,0.0,0.15,vanilla,False,0,20,telea,0.08042411790522581,10.946136937582127,0.14500658277519873,6,0.00875918970460913,20.57536067701048,0.5158295194994251,21.05263157894737,none
val_images_circle,circle,test007.png,6,rot45_padded,45.0,False,100,521,521,80887.0,0.2979910969734192,inpaint,pnp_hqs,wavelet,15.0,linear25p0_to_10p0,0.1,0.5,0.0,0.15,vanilla,False,0,20,telea,0.08042411790522581,10.946136937582127,0.14500658277519873,7,0.008756898066032706,20.576497056328705,0.5177698227929086,20.263157894736842,none
val_images_circle,circle,test007.png,6,rot45_padded,45.0,False,100,521,521,80887.0,0.2979910969734192,inpaint,pnp_hqs,wavelet,15.0,linear25p0_to_10p0,0.1,0.5,0.0,0.15,vanilla,False,0,20,telea,0.08042411790522581,10.946136937582127,0.14500658277519873,8,0.008753707730866055,20.578079577218844,0.5195228470736954,19.473684210526315,none
val_images_circle,circle,test007.png,6,rot45_padded,45.0,False,100,521,521,80887.0,0.2979910969734192,inpaint,pnp_hqs,wavelet,15.0,linear25p0_to_10p0,0.1,0.5,0.0,0.15,vanilla,False,0,20,telea,0.08042411790522581,10.946136937582127,0.14500658277519873,9,0.008750705284407183,20.579569425454196,0.521069178684461,18.68421052631579,none
val_images_circle,circle,test007.png,6,rot45_padded,45.0,False,100,521,521,80887.0,0.2979910969734192,inpaint,pnp_hqs,wavelet,15.0,linear25p0_to_10p0,0.1,0.5,0.0,0.15,vanilla,False,0,20,telea,0.08042411790522581,10.946136937582127,0.14500658277519873,10,0.008735017709167186,20.587362102018524,0.5225715156638273,17.894736842105267,none
val_images_circle,circle,test007.png,6,rot45_padded,45.0,False,100,521,521,80887.0,0.2979910969734192,inpaint,pnp_hqs,wavelet,15.0,linear25p0_to_10p0,0.1,0.5,0.0,0.15,vanilla,False,0,20,telea,0.08042411790522581,10.946136937582127,0.14500658277519873,11,0.008571675265097837,20.669342904122324,0.5276320572990716,17.105263157894736,none
val_images_circle,circle,test007.png,6,rot45_padded,45.0,False,100,521,521,80887.0,0.2979910969734192,inpaint,pnp_hqs,wavelet,15.0,linear25p0_to_10p0,0.1,0.5,0.0,0.15,vanilla,False,0,20,telea,0.08042411790522581,10.946136937582127,0.14500658277519873,12,0.008353267092759421,20.781436319597507,0.5378094981270167,16.31578947368421,none
val_images_circle,circle,test007.png,6,rot45_padded,45.0,False,100,521,521,80887.0,0.2979910969734192,inpaint,pnp_hqs,wavelet,15.0,linear25p0_to_10p0,0.1,0.5,0.0,0.15,vanilla,False,0,20,telea,0.08042411790522581,10.946136937582127,0.14500658277519873,13,0.007946735540398951,20.99811239639015,0.5510301021795838,15.526315789473685,none
val_images_circle,circle,test007.png,6,rot45_padded,45.0,False,100,521,521,80887.0,0.2979910969734192,inpaint,pnp_hqs,wavelet,15.0,linear25p0_to_10p0,0.1,0.5,0.0,0.15,vanilla,False,0,20,telea,0.08042411790522581,10.946136937582127,0.14500658277519873,14,0.007334582811852878,21.346245836152328,0.5734632593154648,14.736842105263158,none
val_images_circle,circle,test007.png,6,rot45_padded,45.0,False,100,521,521,80887.0,0.2979910969734192,inpaint,pnp_hqs,wavelet,15.0,linear25p0_to_10p0,0.1,0.5,0.0,0.15,vanilla,False,0,20,telea,0.08042411790522581,10.946136937582127,0.14500658277519873,15,0.006695777051434409,21.74199015430531,0.6008521146785021,13.947368421052634,none
val_images_circle,circle,test007.png,6,rot45_padded,45.0,False,100,521,521,80887.0,0.2979910969734192,inpaint,pnp_hqs,wavelet,15.0,linear25p0_to_10p0,0.1,0.5,0.0,0.15,vanilla,False,0,20,telea,0.08042411790522581,10.946136937582127,0.14500658277519873,16,0.006091454528192108,22.152789933863115,0.6304259723441344,13.157894736842106,none
val_images_circle,circle,test007.png,6,rot45_padded,45.0,False,100,521,521,80887.0,0.2979910969734192,inpaint,pnp_hqs,wavelet,15.0,linear25p0_to_10p0,0.1,0.5,0.0,0.15,vanilla,False,0,20,telea,0.08042411790522581,10.946136937582127,0.14500658277519873,17,0.005679473448732877,22.45691926421015,0.6544366581620038,12.368421052631579,none
val_images_circle,circle,test007.png,6,rot45_padded,45.0,False,100,521,521,80887.0,0.2979910969734192,inpaint,pnp_hqs,wavelet,15.0,linear25p0_to_10p0,0.1,0.5,0.0,0.15,vanilla,False,0,20,telea,0.08042411790522581,10.946136937582127,0.14500658277519873,18,0.005455510486344955,22.631646051068422,0.6691721552907142,11.578947368421053,none
val_images_circle,circle,test007.png,6,rot45_padded,45.0,False,100,521,521,80887.0,0.2979910969734192,inpaint,pnp_hqs,wavelet,15.0,linear25p0_to_10p0,0.1,0.5,0.0,0.15,vanilla,False,0,20,telea,0.08042411790522581,10.946136937582127,0.14500658277519873,19,0.005289174650694217,22.76612092164141,0.6785403073887027,10.789473684210527,none
val_images_circle,circle,test007.png,6,rot45_padded,45.0,False,100,521,521,80887.0,0.2979910969734192,inpaint,pnp_hqs,wavelet,15.0,linear25p0_to_10p0,0.1,0.5,0.0,0.15,vanilla,False,0,20,telea,0.08042411790522581,10.946136937582127,0.14500658277519873,20,0.004828606985091856,23.161781417009117,0.6937971722897376,10.0,none
val_images_circle,circle,test007.png,6,rot45_padded,45.0,False,100,521,521,80887.0,0.2979910969734192,inpaint,pnp_hqs,wavelet,15.0,linear25p0_to_10p0,0.1,0.5,0.0,0.15,G16_fixed,False,16,20,telea,0.08042411790522581,10.946136937582127,0.14500658277519873,1,0.006921420825455188,21.598047446594162,0.5734414310241448,25.0,0;22.5;45;67.5;90;112.5;135;157.5;180;202.5;225;247.5;270;292.5;315;337.5
val_images_circle,circle,test007.png,6,rot45_padded,45.0,False,100,521,521,80887.0,0.2979910969734192,inpaint,pnp_hqs,wavelet,15.0,linear25p0_to_10p0,0.1,0.5,0.0,0.15,G16_fixed,False,16,20,telea,0.08042411790522581,10.946136937582127,0.14500658277519873,2,0.007649005886732803,21.163950048412595,0.5388211814784823,24.210526315789476,0;22.5;45;67.5;90;112.5;135;157.5;180;202.5;225;247.5;270;292.5;315;337.5
val_images_circle,circle,test007.png,6,rot45_padded,45.0,False,100,521,521,80887.0,0.2979910969734192,inpaint,pnp_hqs,wavelet,15.0,linear25p0_to_10p0,0.1,0.5,0.0,0.15,G16_fixed,False,16,20,telea,0.08042411790522581,10.946136937582127,0.14500658277519873,3,0.00783634375613317,21.058865211054236,0.5307983185647879,23.42105263157895,0;22.5;45;67.5;90;112.5;135;157.5;180;202.5;225;247.5;270;292.5;315;337.5
val_images_circle,circle,test007.png,6,rot45_padded,45.0,False,100,521,521,80887.0,0.2979910969734192,inpaint,pnp_hqs,wavelet,15.0,linear25p0_to_10p0,0.1,0.5,0.0,0.15,G16_fixed,False,16,20,telea,0.08042411790522581,10.946136937582127,0.14500658277519873,4,0.007886403646300163,21.031209983920704,0.529718590827327,22.631578947368418,0;22.5;45;67.5;90;112.5;135;157.5;180;202.5;225;247.5;270;292.5;315;337.5
val_images_circle,circle,test007.png,6,rot45_padded,45.0,False,100,521,521,80887.0,0.2979910969734192,inpaint,pnp_hqs,wavelet,15.0,linear25p0_to_10p0,0.1,0.5,0.0,0.15,G16_fixed,False,16,20,telea,0.08042411790522581,10.946136937582127,0.14500658277519873,5,0.007877291421259366,21.0362308746153,0.5312306346353555,21.842105263157894,0;22.5;45;67.5;90;112.5;135;157.5;180;202.5;225;247.5;270;292.5;315;337.5
val_images_circle,circle,test007.png,6,rot45_padded,45.0,False,100,521,521,80887.0,0.2979910969734192,inpaint,pnp_hqs,wavelet,15.0,linear25p0_to_10p0,0.1,0.5,0.0,0.15,G16_fixed,False,16,20,telea,0.08042411790522581,10.946136937582127,0.14500658277519873,6,0.007791012775731885,21.084060834927353,0.5351238939044594,21.05263157894737,0;22.5;45;67.5;90;112.5;135;157.5;180;202.5;225;247.5;270;292.5;315;337.5
val_images_circle,circle,test007.png,6,rot45_padded,45.0,False,100,521,521,80887.0,0.2979910969734192,inpaint,pnp_hqs,wavelet,15.0,linear25p0_to_10p0,0.1,0.5,0.0,0.15,G16_fixed,False,16,20,telea,0.08042411790522581,10.946136937582127,0.14500658277519873,7,0.007625925004027609,21.177074700428268,0.5418785427509983,20.263157894736842,0;22.5;45;67.5;90;112.5;135;157.5;180;202.5;225;247.5;270;292.5;315;337.5
val_images_circle,circle,test007.png,6,rot45_padded,45.0,False,100,521,521,80887.0,0.2979910969734192,inpaint,pnp_hqs,wavelet,15.0,linear25p0_to_10p0,0.1,0.5,0.0,0.15,G16_fixed,False,16,20,telea,0.08042411790522581,10.946136937582127,0.14500658277519873,8,0.00742312140388559,21.294134365769885,0.5503839461223683,19.473684210526315,0;22.5;45;67.5;90;112.5;135;157.5;180;202.5;225;247.5;270;292.5;315;337.5
val_images_circle,circle,test007.png,6,rot45_padded,45.0,False,100,521,521,80887.0,0.2979910969734192,inpaint,pnp_hqs,wavelet,15.0,linear25p0_to_10p0,0.1,0.5,0.0,0.15,G16_fixed,False,16,20,telea,0.08042411790522581,10.946136937582127,0.14500658277519873,9,0.0069889392739833035,21.555887330400594,0.564821380830665,18.68421052631579,0;22.5;45;67.5;90;112.5;135;157.5;180;202.5;225;247.5;270;292.5;315;337.5
val_images_circle,circle,test007.png,6,rot45_padded,45.0,False,100,521,521,80887.0,0.2979910969734192,inpaint,pnp_hqs,wavelet,15.0,linear25p0_to_10p0,0.1,0.5,0.0,0.15,G16_fixed,False,16,20,telea,0.08042411790522581,10.946136937582127,0.14500658277519873,10,0.006439547410420942,21.911446550103566,0.5860615638946925,17.894736842105267,0;22.5;45;67.5;90;112.5;135;157.5;180;202.5;225;247.5;270;292.5;315;337.5
val_images_circle,circle,test007.png,6,rot45_padded,45.0,False,100,521,521,80887.0,0.2979910969734192,inpaint,pnp_hqs,wavelet,15.0,linear25p0_to_10p0,0.1,0.5,0.0,0.15,G16_fixed,False,16,20,telea,0.08042411790522581,10.946136937582127,0.14500658277519873,11,0.005821456191392004,22.349683664183896,0.6128081266149072,17.105263157894736,0;22.5;45;67.5;90;112.5;135;157.5;180;202.5;225;247.5;270;292.5;315;337.5
val_images_circle,circle,test007.png,6,rot45_padded,45.0,False,100,521,521,80887.0,0.2979910969734192,inpaint,pnp_hqs,wavelet,15.0,linear25p0_to_10p0,0.1,0.5,0.0,0.15,G16_fixed,False,16,20,telea,0.08042411790522581,10.946136937582127,0.14500658277519873,12,0.005287654563136691,22.7673692459349,0.6406669180461632,16.31578947368421,0;22.5;45;67.5;90;112.5;135;157.5;180;202.5;225;247.5;270;292.5;315;337.5
val_images_circle,circle,test007.png,6,rot45_padded,45.0,False,100,521,521,80887.0,0.2979910969734192,inpaint,pnp_hqs,wavelet,15.0,linear25p0_to_10p0,0.1,0.5,0.0,0.15,G16_fixed,False,16,20,telea,0.08042411790522581,10.946136937582127,0.14500658277519873,13,0.004896454804788432,23.101182497602814,0.6647866970279526,15.526315789473685,0;22.5;45;67.5;90;112.5;135;157.5;180;202.5;225;247.5;270;292.5;315;337.5
val_images_circle,circle,test007.png,6,rot45_padded,45.0,False,100,521,521,80887.0,0.2979910969734192,inpaint,pnp_hqs,wavelet,15.0,linear25p0_to_10p0,0.1,0.5,0.0,0.15,G16_fixed,False,16,20,telea,0.08042411790522581,10.946136937582127,0.14500658277519873,14,0.004613345382678923,23.359840302873337,0.6842921587368799,14.736842105263158,0;22.5;45;67.5;90;112.5;135;157.5;180;202.5;225;247.5;270;292.5;315;337.5
val_images_circle,circle,test007.png,6,rot45_padded,45.0,False,100,521,521,80887.0,0.2979910969734192,inpaint,pnp_hqs,wavelet,15.0,linear25p0_to_10p0,0.1,0.5,0.0,0.15,G16_fixed,False,16,20,telea,0.08042411790522581,10.946136937582127,0.14500658277519873,15,0.004402812690031696,23.562697904469047,0.699950915320138,13.947368421052634,0;22.5;45;67.5;90;112.5;135;157.5;180;202.5;225;247.5;270;292.5;315;337.5
val_images_circle,circle,test007.png,6,rot45_padded,45.0,False,100,521,521,80887.0,0.2979910969734192,inpaint,pnp_hqs,wavelet,15.0,linear25p0_to_10p0,0.1,0.5,0.0,0.15,G16_fixed,False,16,20,telea,0.08042411790522581,10.946136937582127,0.14500658277519873,16,0.004236281042655379,23.73015235716197,0.7126472057469062,13.157894736842106,0;22.5;45;67.5;90;112.5;135;157.5;180;202.5;225;247.5;270;292.5;315;337.5
val_images_circle,circle,test007.png,6,rot45_padded,45.0,False,100,521,521,80887.0,0.2979910969734192,inpaint,pnp_hqs,wavelet,15.0,linear25p0_to_10p0,0.1,0.5,0.0,0.15,G16_fixed,False,16,20,telea,0.08042411790522581,10.946136937582127,0.14500658277519873,17,0.00401458029049206,23.963598518924456,0.7255969361578498,12.368421052631579,0;22.5;45;67.5;90;112.5;135;157.5;180;202.5;225;247.5;270;292.5;315;337.5
val_images_circle,circle,test007.png,6,rot45_padded,45.0,False,100,521,521,80887.0,0.2979910969734192,inpaint,pnp_hqs,wavelet,15.0,linear25p0_to_10p0,0.1,0.5,0.0,0.15,G16_fixed,False,16,20,telea,0.08042411790522581,10.946136937582127,0.14500658277519873,18,0.0035610395871033818,24.484231983659058,0.7455146241825015,11.578947368421053,0;22.5;45;67.5;90;112.5;135;157.5;180;202.5;225;247.5;270;292.5;315;337.5
val_images_circle,circle,test007.png,6,rot45_padded,45.0,False,100,521,521,80887.0,0.2979910969734192,inpaint,pnp_hqs,wavelet,15.0,linear25p0_to_10p0,0.1,0.5,0.0,0.15,G16_fixed,False,16,20,telea,0.08042411790522581,10.946136937582127,0.14500658277519873,19,0.003167735701599917,24.992510607078735,0.767844386690692,10.789473684210527,0;22.5;45;67.5;90;112.5;135;157.5;180;202.5;225;247.5;270;292.5;315;337.5
val_images_circle,circle,test007.png,6,rot45_padded,45.0,False,100,521,521,80887.0,0.2979910969734192,inpaint,pnp_hqs,wavelet,15.0,linear25p0_to_10p0,0.1,0.5,0.0,0.15,G16_fixed,False,16,20,telea,0.08042411790522581,10.946136937582127,0.14500658277519873,20,0.00295533996791048,25.293925527878116,0.7805669966280119,10.0,0;22.5;45;67.5;90;112.5;135;157.5;180;202.5;225;247.5;270;292.5;315;337.5
val_images_circle,circle,test007.png,6,rot60_padded,60.0,False,100,521,521,80896.0,0.2980242371559143,inpaint,pnp_hqs,wavelet,15.0,linear25p0_to_10p0,0.1,0.5,0.0,0.15,vanilla,False,0,20,telea,0.08148666574985167,10.889134521808172,0.1425441186639327,1,0.0082606809048713,20.829841535221647,0.5254208045669749,25.0,none
val_images_circle,circle,test007.png,6,rot60_padded,60.0,False,100,521,521,80896.0,0.2980242371559143,inpaint,pnp_hqs,wavelet,15.0,linear25p0_to_10p0,0.1,0.5,0.0,0.15,vanilla,False,0,20,telea,0.08148666574985167,10.889134521808172,0.1425441186639327,2,0.008636387088630773,20.63667900533165,0.5130072485042524,24.210526315789476,none
val_images_circle,circle,test007.png,6,rot60_padded,60.0,False,100,521,521,80896.0,0.2980242371559143,inpaint,pnp_hqs,wavelet,15.0,linear25p0_to_10p0,0.1,0.5,0.0,0.15,vanilla,False,0,20,telea,0.08148666574985167,10.889134521808172,0.1425441186639327,3,0.00865887614745128,20.625384722590546,0.5142366916318483,23.42105263157895,none
val_images_circle,circle,test007.png,6,rot60_padded,60.0,False,100,521,521,80896.0,0.2980242371559143,inpaint,pnp_hqs,wavelet,15.0,linear25p0_to_10p0,0.1,0.5,0.0,0.15,vanilla,False,0,20,telea,0.08148666574985167,10.889134521808172,0.1425441186639327,4,0.00867172585258001,20.618944603483197,0.5161373283289656,22.631578947368418,none
val_images_circle,circle,test007.png,6,rot60_padded,60.0,False,100,521,521,80896.0,0.2980242371559143,inpaint,pnp_hqs,wavelet,15.0,linear25p0_to_10p0,0.1,0.5,0.0,0.15,vanilla,False,0,20,telea,0.08148666574985167,10.889134521808172,0.1425441186639327,5,0.008673968194406243,20.617821746496947,0.5183486455603491,21.842105263157894,none
val_images_circle,circle,test007.png,6,rot60_padded,60.0,False,100,521,521,80896.0,0.2980242371559143,inpaint,pnp_hqs,wavelet,15.0,linear25p0_to_10p0,0.1,0.5,0.0,0.15,vanilla,False,0,20,telea,0.08148666574985167,10.889134521808172,0.1425441186639327,6,0.008670127090019516,20.619745364234845,0.5205864725233633,21.05263157894737,none
val_images_circle,circle,test007.png,6,rot60_padded,60.0,False,100,521,521,80896.0,0.2980242371559143,inpaint,pnp_hqs,wavelet,15.0,linear25p0_to_10p0,0.1,0.5,0.0,0.15,vanilla,False,0,20,telea,0.08148666574985167,10.889134521808172,0.1425441186639327,7,0.008663526064232934,20.62305313690929,0.5227034363565566,20.263157894736842,none
val_images_circle,circle,test007.png,6,rot60_padded,60.0,False,100,521,521,80896.0,0.2980242371559143,inpaint,pnp_hqs,wavelet,15.0,linear25p0_to_10p0,0.1,0.5,0.0,0.15,vanilla,False,0,20,telea,0.08148666574985167,10.889134521808172,0.1425441186639327,8,0.008656307111812544,20.626673438965298,0.5246248848830597,19.473684210526315,none
val_images_circle,circle,test007.png,6,rot60_padded,60.0,False,100,521,521,80896.0,0.2980242371559143,inpaint,pnp_hqs,wavelet,15.0,linear25p0_to_10p0,0.1,0.5,0.0,0.15,vanilla,False,0,20,telea,0.08148666574985167,10.889134521808172,0.1425441186639327,9,0.008649676660948161,20.630001268693604,0.5263248395316208,18.68421052631579,none
val_images_circle,circle,test007.png,6,rot60_padded,60.0,False,100,521,521,80896.0,0.2980242371559143,inpaint,pnp_hqs,wavelet,15.0,linear25p0_to_10p0,0.1,0.5,0.0,0.15,vanilla,False,0,20,telea,0.08148666574985167,10.889134521808172,0.1425441186639327,10,0.008644280554373053,20.632711463192418,0.5277955743330943,17.894736842105267,none
val_images_circle,circle,test007.png,6,rot60_padded,60.0,False,100,521,521,80896.0,0.2980242371559143,inpaint,pnp_hqs,wavelet,15.0,linear25p0_to_10p0,0.1,0.5,0.0,0.15,vanilla,False,0,20,telea,0.08148666574985167,10.889134521808172,0.1425441186639327,11,0.008501222616509546,20.705186110598003,0.532375528842588,17.105263157894736,none
val_images_circle,circle,test007.png,6,rot60_padded,60.0,False,100,521,521,80896.0,0.2980242371559143,inpaint,pnp_hqs,wavelet,15.0,linear25p0_to_10p0,0.1,0.5,0.0,0.15,vanilla,False,0,20,telea,0.08148666574985167,10.889134521808172,0.1425441186639327,12,0.008277417738226395,20.82105126614779,0.5425613982767998,16.31578947368421,none
val_images_circle,circle,test007.png,6,rot60_padded,60.0,False,100,521,521,80896.0,0.2980242371559143,inpaint,pnp_hqs,wavelet,15.0,linear25p0_to_10p0,0.1,0.5,0.0,0.15,vanilla,False,0,20,telea,0.08148666574985167,10.889134521808172,0.1425441186639327,13,0.007883782628216322,21.032653586020828,0.5562671709664261,15.526315789473685,none
val_images_circle,circle,test007.png,6,rot60_padded,60.0,False,100,521,521,80896.0,0.2980242371559143,inpaint,pnp_hqs,wavelet,15.0,linear25p0_to_10p0,0.1,0.5,0.0,0.15,vanilla,False,0,20,telea,0.08148666574985167,10.889134521808172,0.1425441186639327,14,0.00728212504447261,21.377418678824117,0.5788731635371341,14.736842105263158,none
val_images_circle,circle,test007.png,6,rot60_padded,60.0,False,100,521,521,80896.0,0.2980242371559143,inpaint,pnp_hqs,wavelet,15.0,linear25p0_to_10p0,0.1,0.5,0.0,0.15,vanilla,False,0,20,telea,0.08148666574985167,10.889134521808172,0.1425441186639327,15,0.0067393787299530414,21.71380137083256,0.6040632513504994,13.947368421052634,none
val_images_circle,circle,test007.png,6,rot60_padded,60.0,False,100,521,521,80896.0,0.2980242371559143,inpaint,pnp_hqs,wavelet,15.0,linear25p0_to_10p0,0.1,0.5,0.0,0.15,vanilla,False,0,20,telea,0.08148666574985167,10.889134521808172,0.1425441186639327,16,0.006197592502907861,22.077769823975537,0.6299971085560473,13.157894736842106,none
val_images_circle,circle,test007.png,6,rot60_padded,60.0,False,100,521,521,80896.0,0.2980242371559143,inpaint,pnp_hqs,wavelet,15.0,linear25p0_to_10p0,0.1,0.5,0.0,0.15,vanilla,False,0,20,telea,0.08148666574985167,10.889134521808172,0.1425441186639327,17,0.005785745155962208,22.376406995848246,0.6537624310843552,12.368421052631579,none
val_images_circle,circle,test007.png,6,rot60_padded,60.0,False,100,521,521,80896.0,0.2980242371559143,inpaint,pnp_hqs,wavelet,15.0,linear25p0_to_10p0,0.1,0.5,0.0,0.15,vanilla,False,0,20,telea,0.08148666574985167,10.889134521808172,0.1425441186639327,18,0.005550382258016852,22.55677105736682,0.6694706301145916,11.578947368421053,none
val_images_circle,circle,test007.png,6,rot60_padded,60.0,False,100,521,521,80896.0,0.2980242371559143,inpaint,pnp_hqs,wavelet,15.0,linear25p0_to_10p0,0.1,0.5,0.0,0.15,vanilla,False,0,20,telea,0.08148666574985167,10.889134521808172,0.1425441186639327,19,0.0053163706501827964,22.7438474824894,0.6801380205758011,10.789473684210527,none
val_images_circle,circle,test007.png,6,rot60_padded,60.0,False,100,521,521,80896.0,0.2980242371559143,inpaint,pnp_hqs,wavelet,15.0,linear25p0_to_10p0,0.1,0.5,0.0,0.15,vanilla,False,0,20,telea,0.08148666574985167,10.889134521808172,0.1425441186639327,20,0.0048748590523683575,23.120379366143837,0.6950693251211432,10.0,none
val_images_circle,circle,test007.png,6,rot60_padded,60.0,False,100,521,521,80896.0,0.2980242371559143,inpaint,pnp_hqs,wavelet,15.0,linear25p0_to_10p0,0.1,0.5,0.0,0.15,G16_fixed,False,16,20,telea,0.08148666574985167,10.889134521808172,0.1425441186639327,1,0.006909325907501994,21.605643215017317,0.5779151916503906,25.0,0;22.5;45;67.5;90;112.5;135;157.5;180;202.5;225;247.5;270;292.5;315;337.5
val_images_circle,circle,test007.png,6,rot60_padded,60.0,False,100,521,521,80896.0,0.2980242371559143,inpaint,pnp_hqs,wavelet,15.0,linear25p0_to_10p0,0.1,0.5,0.0,0.15,G16_fixed,False,16,20,telea,0.08148666574985167,10.889134521808172,0.1425441186639327,2,0.007636518418034421,21.17104596458402,0.54180908203125,24.210526315789476,0;22.5;45;67.5;90;112.5;135;157.5;180;202.5;225;247.5;270;292.5;315;337.5
val_images_circle,circle,test007.png,6,rot60_padded,60.0,False,100,521,521,80896.0,0.2980242371559143,inpaint,pnp_hqs,wavelet,15.0,linear25p0_to_10p0,0.1,0.5,0.0,0.15,G16_fixed,False,16,20,telea,0.08148666574985167,10.889134521808172,0.1425441186639327,3,0.00787631167641169,21.03677106568007,0.5318816945522646,23.42105263157895,0;22.5;45;67.5;90;112.5;135;157.5;180;202.5;225;247.5;270;292.5;315;337.5
val_images_circle,circle,test007.png,6,rot60_padded,60.0,False,100,521,521,80896.0,0.2980242371559143,inpaint,pnp_hqs,wavelet,15.0,linear25p0_to_10p0,0.1,0.5,0.0,0.15,G16_fixed,False,16,20,telea,0.08148666574985167,10.889134521808172,0.1425441186639327,4,0.00793351251867753,21.00534488630284,0.5304089799711976,22.631578947368418,0;22.5;45;67.5;90;112.5;135;157.5;180;202.5;225;247.5;270;292.5;315;337.5
val_images_circle,circle,test007.png,6,rot60_padded,60.0,False,100,521,521,80896.0,0.2980242371559143,inpaint,pnp_hqs,wavelet,15.0,linear25p0_to_10p0,0.1,0.5,0.0,0.15,G16_fixed,False,16,20,telea,0.08148666574985167,10.889134521808172,0.1425441186639327,5,0.007896297340151629,21.02576506392653,0.5327062003220184,21.842105263157894,0;22.5;45;67.5;90;112.5;135;157.5;180;202.5;225;247.5;270;292.5;315;337.5
val_images_circle,circle,test007.png,6,rot60_padded,60.0,False,100,521,521,80896.0,0.2980242371559143,inpaint,pnp_hqs,wavelet,15.0,linear25p0_to_10p0,0.1,0.5,0.0,0.15,G16_fixed,False,16,20,telea,0.08148666574985167,10.889134521808172,0.1425441186639327,6,0.007786120040507256,21.08678904942538,0.5377036951765229,21.05263157894737,0;22.5;45;67.5;90;112.5;135;157.5;180;202.5;225;247.5;270;292.5;315;337.5
val_images_circle,circle,test007.png,6,rot60_padded,60.0,False,100,521,521,80896.0,0.2980242371559143,inpaint,pnp_hqs,wavelet,15.0,linear25p0_to_10p0,0.1,0.5,0.0,0.15,G16_fixed,False,16,20,telea,0.08148666574985167,10.889134521808172,0.1425441186639327,7,0.007630651510214504,21.174383801038875,0.5445968531355073,20.263157894736842,0;22.5;45;67.5;90;112.5;135;157.5;180;202.5;225;247.5;270;292.5;315;337.5
val_images_circle,circle,test007.png,6,rot60_padded,60.0,False,100,521,521,80896.0,0.2980242371559143,inpaint,pnp_hqs,wavelet,15.0,linear25p0_to_10p0,0.1,0.5,0.0,0.15,G16_fixed,False,16,20,telea,0.08148666574985167,10.889134521808172,0.1425441186639327,8,0.007415715652176097,21.298469311098366,0.5534702735611156,19.473684210526315,0;22.5;45;67.5;90;112.5;135;157.5;180;202.5;225;247.5;270;292.5;315;337.5
val_images_circle,circle,test007.png,6,rot60_padded,60.0,False,100,521,521,80896.0,0.2980242371559143,inpaint,pnp_hqs,wavelet,15.0,linear25p0_to_10p0,0.1,0.5,0.0,0.15,G16_fixed,False,16,20,telea,0.08148666574985167,10.889134521808172,0.1425441186639327,9,0.006979780861094028,21.561582123785037,0.5684784997867632,18.68421052631579,0;22.5;45;67.5;90;112.5;135;157.5;180;202.5;225;247.5;270;292.5;315;337.5
val_images_circle,circle,test007.png,6,rot60_padded,60.0,False,100,521,521,80896.0,0.2980242371559143,inpaint,pnp_hqs,wavelet,15.0,linear25p0_to_10p0,0.1,0.5,0.0,0.15,G16_fixed,False,16,20,telea,0.08148666574985167,10.889134521808172,0.1425441186639327,10,0.006437738484974149,21.91266669284368,0.5900264691702927,17.894736842105267,0;22.5;45;67.5;90;112.5;135;157.5;180;202.5;225;247.5;270;292.5;315;337.5
val_images_circle,circle,test007.png,6,rot60_padded,60.0,False,100,521,521,80896.0,0.2980242371559143,inpaint,pnp_hqs,wavelet,15.0,linear25p0_to_10p0,0.1,0.5,0.0,0.15,G16_fixed,False,16,20,telea,0.08148666574985167,10.889134521808172,0.1425441186639327,11,0.005846692414223393,22.330897531473624,0.6159943689273882,17.105263157894736,0;22.5;45;67.5;90;112.5;135;157.5;180;202.5;225;247.5;270;292.5;315;337.5
val_images_circle,circle,test007.png,6,rot60_padded,60.0,False,100,521,521,80896.0,0.2980242371559143,inpaint,pnp_hqs,wavelet,15.0,linear25p0_to_10p0,0.1,0.5,0.0,0.15,G16_fixed,False,16,20,telea,0.08148666574985167,10.889134521808172,0.1425441186639327,12,0.0053097681154178665,22.74924444717667,0.6438051537622379,16.31578947368421,0;22.5;45;67.5;90;112.5;135;157.5;180;202.5;225;247.5;270;292.5;315;337.5
val_images_circle,circle,test007.png,6,rot60_padded,60.0,False,100,521,521,80896.0,0.2980242371559143,inpaint,pnp_hqs,wavelet,15.0,linear25p0_to_10p0,0.1,0.5,0.0,0.15,G16_fixed,False,16,20,telea,0.08148666574985167,10.889134521808172,0.1425441186639327,13,0.00491330593447142,23.086261930163822,0.6681391559069669,15.526315789473685,0;22.5;45;67.5;90;112.5;135;157.5;180;202.5;225;247.5;270;292.5;315;337.5
val_images_circle,circle,test007.png,6,rot60_padded,60.0,False,100,521,521,80896.0,0.2980242371559143,inpaint,pnp_hqs,wavelet,15.0,linear25p0_to_10p0,0.1,0.5,0.0,0.15,G16_fixed,False,16,20,telea,0.08148666574985167,10.889134521808172,0.1425441186639327,14,0.004626806023754651,23.347187076708114,0.6877613309063489,14.736842105263158,0;22.5;45;67.5;90;112.5;135;157.5;180;202.5;225;247.5;270;292.5;315;337.5
val_images_circle,circle,test007.png,6,rot60_padded,60.0,False,100,521,521,80896.0,0.2980242371559143,inpaint,pnp_hqs,wavelet,15.0,linear25p0_to_10p0,0.1,0.5,0.0,0.15,G16_fixed,False,16,20,telea,0.08148666574985167,10.889134521808172,0.1425441186639327,15,0.004414530494545079,23.5511547882955,0.7033585174174248,13.947368421052634,0;22.5;45;67.5;90;112.5;135;157.5;180;202.5;225;247.5;270;292.5;315;337.5
val_images_circle,circle,test007.png,6,rot60_padded,60.0,False,100,521,521,80896.0,0.2980242371559143,inpaint,pnp_hqs,wavelet,15.0,linear25p0_to_10p0,0.1,0.5,0.0,0.15,G16_fixed,False,16,20,telea,0.08148666574985167,10.889134521808172,0.1425441186639327,16,0.004249550496475606,23.716570057672364,0.7158524718465684,13.157894736842106,0;22.5;45;67.5;90;112.5;135;157.5;180;202.5;225;247.5;270;292.5;315;337.5
val_images_circle,circle,test007.png,6,rot60_padded,60.0,False,100,521,521,80896.0,0.2980242371559143,inpaint,pnp_hqs,wavelet,15.0,linear25p0_to_10p0,0.1,0.5,0.0,0.15,G16_fixed,False,16,20,telea,0.08148666574985167,10.889134521808172,0.1425441186639327,17,0.004011980717695212,23.966411629444142,0.7288398742675781,12.368421052631579,0;22.5;45;67.5;90;112.5;135;157.5;180;202.5;225;247.5;270;292.5;315;337.5
val_images_circle,circle,test007.png,6,rot60_padded,60.0,False,100,521,521,80896.0,0.2980242371559143,inpaint,pnp_hqs,wavelet,15.0,linear25p0_to_10p0,0.1,0.5,0.0,0.15,G16_fixed,False,16,20,telea,0.08148666574985167,10.889134521808172,0.1425441186639327,18,0.003552124092850504,24.495118706246195,0.7485364600072933,11.578947368421053,0;22.5;45;67.5;90;112.5;135;157.5;180;202.5;225;247.5;270;292.5;315;337.5
val_images_circle,circle,test007.png,6,rot60_padded,60.0,False,100,521,521,80896.0,0.2980242371559143,inpaint,pnp_hqs,wavelet,15.0,linear25p0_to_10p0,0.1,0.5,0.0,0.15,G16_fixed,False,16,20,telea,0.08148666574985167,10.889134521808172,0.1425441186639327,19,0.00315612139581125,25.008463006093194,0.7701078970221025,10.789473684210527,0;22.5;45;67.5;90;112.5;135;157.5;180;202.5;225;247.5;270;292.5;315;337.5
val_images_circle,circle,test007.png,6,rot60_padded,60.0,False,100,521,521,80896.0,0.2980242371559143,inpaint,pnp_hqs,wavelet,15.0,linear25p0_to_10p0,0.1,0.5,0.0,0.15,G16_fixed,False,16,20,telea,0.08148666574985167,10.889134521808172,0.1425441186639327,20,0.0029427835458441624,25.312416809186043,0.7819995155817345,10.0,0;22.5;45;67.5;90;112.5;135;157.5;180;202.5;225;247.5;270;292.5;315;337.5
val_images_circle,circle,test008.png,7,upright,0.0,False,100,521,521,80892.0,0.2980095148086548,inpaint,pnp_hqs,wavelet,15.0,linear25p0_to_10p0,0.1,0.5,0.0,0.15,vanilla,True,0,20,telea,0.07042921619257776,11.52247144848227,0.181739872395447,1,0.0109156584200906,19.619500630159585,0.38732070519179895,25.0,none
val_images_circle,circle,test008.png,7,upright,0.0,False,100,521,521,80892.0,0.2980095148086548,inpaint,pnp_hqs,wavelet,15.0,linear25p0_to_10p0,0.1,0.5,0.0,0.15,vanilla,True,0,20,telea,0.07042921619257776,11.52247144848227,0.181739872395447,2,0.011075121556027249,19.556514984392344,0.38506492452900165,24.210526315789476,none
val_images_circle,circle,test008.png,7,upright,0.0,False,100,521,521,80892.0,0.2980095148086548,inpaint,pnp_hqs,wavelet,15.0,linear25p0_to_10p0,0.1,0.5,0.0,0.15,vanilla,True,0,20,telea,0.07042921619257776,11.52247144848227,0.181739872395447,3,0.011109503818797363,19.54305337420106,0.38687552249449886,23.42105263157895,none
val_images_circle,circle,test008.png,7,upright,0.0,False,100,521,521,80892.0,0.2980095148086548,inpaint,pnp_hqs,wavelet,15.0,linear25p0_to_10p0,0.1,0.5,0.0,0.15,vanilla,True,0,20,telea,0.07042921619257776,11.52247144848227,0.181739872395447,4,0.011123740224475612,19.53749161878546,0.3896057252648593,22.631578947368418,none
val_images_circle,circle,test008.png,7,upright,0.0,False,100,521,521,80892.0,0.2980095148086548,inpaint,pnp_hqs,wavelet,15.0,linear25p0_to_10p0,0.1,0.5,0.0,0.15,vanilla,True,0,20,telea,0.07042921619257776,11.52247144848227,0.181739872395447,5,0.011124646410781504,19.537137838784336,0.39271763392857145,21.842105263157894,none
val_images_circle,circle,test008.png,7,upright,0.0,False,100,521,521,80892.0,0.2980095148086548,inpaint,pnp_hqs,wavelet,15.0,linear25p0_to_10p0,0.1,0.5,0.0,0.15,vanilla,True,0,20,telea,0.07042921619257776,11.52247144848227,0.181739872395447,6,0.011119013116060611,19.539337574723984,0.39586971961844186,21.05263157894737,none
val_images_circle,circle,test008.png,7,upright,0.0,False,100,521,521,80892.0,0.2980095148086548,inpaint,pnp_hqs,wavelet,15.0,linear25p0_to_10p0,0.1,0.5,0.0,0.15,vanilla,True,0,20,telea,0.07042921619257776,11.52247144848227,0.181739872395447,7,0.011110912519740827,19.54250271750958,0.398887656535875,20.263157894736842,none
val_images_circle,circle,test008.png,7,upright,0.0,False,100,521,521,80892.0,0.2980095148086548,inpaint,pnp_hqs,wavelet,15.0,linear25p0_to_10p0,0.1,0.5,0.0,0.15,vanilla,True,0,20,telea,0.07042921619257776,11.52247144848227,0.181739872395447,8,0.01110268063581303,19.5457215231338,0.40168232604892945,19.473684210526315,none
val_images_circle,circle,test008.png,7,upright,0.0,False,100,521,521,80892.0,0.2980095148086548,inpaint,pnp_hqs,wavelet,15.0,linear25p0_to_10p0,0.1,0.5,0.0,0.15,vanilla,True,0,20,telea,0.07042921619257776,11.52247144848227,0.181739872395447,9,0.011095651467098878,19.548471936338544,0.40421961148815705,18.68421052631579,none
val_images_circle,circle,test008.png,7,upright,0.0,False,100,521,521,80892.0,0.2980095148086548,inpaint,pnp_hqs,wavelet,15.0,linear25p0_to_10p0,0.1,0.5,0.0,0.15,vanilla,True,0,20,telea,0.07042921619257776,11.52247144848227,0.181739872395447,10,0.01109044447984079,19.550510479650043,0.4064915933435939,17.894736842105267,none
val_images_circle,circle,test008.png,7,upright,0.0,False,100,521,521,80892.0,0.2980095148086548,inpaint,pnp_hqs,wavelet,15.0,linear25p0_to_10p0,0.1,0.5,0.0,0.15,vanilla,True,0,20,telea,0.07042921619257776,11.52247144848227,0.181739872395447,11,0.011084712342150645,19.552755727197805,0.40852854925394355,17.105263157894736,none
val_images_circle,circle,test008.png,7,upright,0.0,False,100,521,521,80892.0,0.2980095148086548,inpaint,pnp_hqs,wavelet,15.0,linear25p0_to_10p0,0.1,0.5,0.0,0.15,vanilla,True,0,20,telea,0.07042921619257776,11.52247144848227,0.181739872395447,12,0.01096913623908846,19.5982756945052,0.41290200205211885,16.31578947368421,none
val_images_circle,circle,test008.png,7,upright,0.0,False,100,521,521,80892.0,0.2980095148086548,inpaint,pnp_hqs,wavelet,15.0,linear25p0_to_10p0,0.1,0.5,0.0,0.15,vanilla,True,0,20,telea,0.07042921619257776,11.52247144848227,0.181739872395447,13,0.010744308473943268,19.688215313698507,0.42345861225461107,15.526315789473685,none
val_images_circle,circle,test008.png,7,upright,0.0,False,100,521,521,80892.0,0.2980095148086548,inpaint,pnp_hqs,wavelet,15.0,linear25p0_to_10p0,0.1,0.5,0.0,0.15,vanilla,True,0,20,telea,0.07042921619257776,11.52247144848227,0.181739872395447,14,0.010122329658342682,19.94719522938336,0.4471820355381249,14.736842105263158,none
val_images_circle,circle,test008.png,7,upright,0.0,False,100,521,521,80892.0,0.2980095148086548,inpaint,pnp_hqs,wavelet,15.0,linear25p0_to_10p0,0.1,0.5,0.0,0.15,vanilla,True,0,20,telea,0.07042921619257776,11.52247144848227,0.181739872395447,15,0.009300990609972247,20.314707940768642,0.48909638004994316,13.947368421052634,none
val_images_circle,circle,test008.png,7,upright,0.0,False,100,521,521,80892.0,0.2980095148086548,inpaint,pnp_hqs,wavelet,15.0,linear25p0_to_10p0,0.1,0.5,0.0,0.15,vanilla,True,0,20,telea,0.07042921619257776,11.52247144848227,0.181739872395447,16,0.008702806541534547,20.603406704909855,0.5308507408025516,13.157894736842106,none
val_images_circle,circle,test008.png,7,upright,0.0,False,100,521,521,80892.0,0.2980095148086548,inpaint,pnp_hqs,wavelet,15.0,linear25p0_to_10p0,0.1,0.5,0.0,0.15,vanilla,True,0,20,telea,0.07042921619257776,11.52247144848227,0.181739872395447,17,0.008297220639527472,20.81067361004819,0.561856056918484,12.368421052631579,none
val_images_circle,circle,test008.png,7,upright,0.0,False,100,521,521,80892.0,0.2980095148086548,inpaint,pnp_hqs,wavelet,15.0,linear25p0_to_10p0,0.1,0.5,0.0,0.15,vanilla,True,0,20,telea,0.07042921619257776,11.52247144848227,0.181739872395447,18,0.007897517780507112,21.025093876491596,0.5873423438040845,11.578947368421053,none
val_images_circle,circle,test008.png,7,upright,0.0,False,100,521,521,80892.0,0.2980095148086548,inpaint,pnp_hqs,wavelet,15.0,linear25p0_to_10p0,0.1,0.5,0.0,0.15,vanilla,True,0,20,telea,0.07042921619257776,11.52247144848227,0.181739872395447,19,0.007242970583801164,21.400832786152133,0.6194060734528755,10.789473684210527,none
val_images_circle,circle,test008.png,7,upright,0.0,False,100,521,521,80892.0,0.2980095148086548,inpaint,pnp_hqs,wavelet,15.0,linear25p0_to_10p0,0.1,0.5,0.0,0.15,vanilla,True,0,20,telea,0.07042921619257776,11.52247144848227,0.181739872395447,20,0.006833942531979368,21.65328677593034,0.6462303229151214,10.0,none
val_images_circle,circle,test008.png,7,upright,0.0,False,100,521,521,80892.0,0.2980095148086548,inpaint,pnp_hqs,wavelet,15.0,linear25p0_to_10p0,0.1,0.5,0.0,0.15,G16_fixed,True,16,20,telea,0.07042921619257776,11.52247144848227,0.181739872395447,1,0.01285759303782358,18.908403244311614,0.28415049637943185,25.0,0;22.5;45;67.5;90;112.5;135;157.5;180;202.5;225;247.5;270;292.5;315;337.5
val_images_circle,circle,test008.png,7,upright,0.0,False,100,521,521,80892.0,0.2980095148086548,inpaint,pnp_hqs,wavelet,15.0,linear25p0_to_10p0,0.1,0.5,0.0,0.15,G16_fixed,True,16,20,telea,0.07042921619257776,11.52247144848227,0.181739872395447,2,0.01349915785186576,18.696933242232017,0.2655342636632794,24.210526315789476,0;22.5;45;67.5;90;112.5;135;157.5;180;202.5;225;247.5;270;292.5;315;337.5
val_images_circle,circle,test008.png,7,upright,0.0,False,100,521,521,80892.0,0.2980095148086548,inpaint,pnp_hqs,wavelet,15.0,linear25p0_to_10p0,0.1,0.5,0.0,0.15,G16_fixed,True,16,20,telea,0.07042921619257776,11.52247144848227,0.181739872395447,3,0.013708046999587413,18.63024415211935,0.2615634261963482,23.42105263157895,0;22.5;45;67.5;90;112.5;135;157.5;180;202.5;225;247.5;270;292.5;315;337.5
val_images_circle,circle,test008.png,7,upright,0.0,False,100,521,521,80892.0,0.2980095148086548,inpaint,pnp_hqs,wavelet,15.0,linear25p0_to_10p0,0.1,0.5,0.0,0.15,G16_fixed,True,16,20,telea,0.07042921619257776,11.52247144848227,0.181739872395447,4,0.013775957401149064,18.608782088400794,0.26087010690179496,22.631578947368418,0;22.5;45;67.5;90;112.5;135;157.5;180;202.5;225;247.5;270;292.5;315;337.5
val_images_circle,circle,test008.png,7,upright,0.0,False,100,521,521,80892.0,0.2980095148086548,inpaint,pnp_hqs,wavelet,15.0,linear25p0_to_10p0,0.1,0.5,0.0,0.15,G16_fixed,True,16,20,telea,0.07042921619257776,11.52247144848227,0.181739872395447,5,0.013787441294217908,18.605163237377184,0.2612060100195322,21.842105263157894,0;22.5;45;67.5;90;112.5;135;157.5;180;202.5;225;247.5;270;292.5;315;337.5
val_images_circle,circle,test008.png,7,upright,0.0,False,100,521,521,80892.0,0.2980095148086548,inpaint,pnp_hqs,wavelet,15.0,linear25p0_to_10p0,0.1,0.5,0.0,0.15,G16_fixed,True,16,20,telea,0.07042921619257776,11.52247144848227,0.181739872395447,6,0.013775827622594014,18.608823001982458,0.26187552249449886,21.05263157894737,0;22.5;45;67.5;90;112.5;135;157.5;180;202.5;225;247.5;270;292.5;315;337.5
val_images_circle,circle,test008.png,7,upright,0.0,False,100,521,521,80892.0,0.2980095148086548,inpaint,pnp_hqs,wavelet,15.0,linear25p0_to_10p0,0.1,0.5,0.0,0.15,G16_fixed,True,16,20,telea,0.07042921619257776,11.52247144848227,0.181739872395447,7,0.013755307520366663,18.615296958664167,0.26262891416950995,20.263157894736842,0;22.5;45;67.5;90;112.5;135;157.5;180;202.5;225;247.5;270;292.5;315;337.5
val_images_circle,circle,test008.png,7,upright,0.0,False,100,521,521,80892.0,0.2980095148086548,inpaint,pnp_hqs,wavelet,15.0,linear25p0_to_10p0,0.1,0.5,0.0,0.15,G16_fixed,True,16,20,telea,0.07042921619257776,11.52247144848227,0.181739872395447,8,0.013732048487006595,18.62264671776856,0.2633758108805568,19.473684210526315,0;22.5;45;67.5;90;112.5;135;157.5;180;202.5;225;247.5;270;292.5;315;337.5
val_images_circle,circle,test008.png,7,upright,0.0,False,100,521,521,80892.0,0.2980095148086548,inpaint,pnp_hqs,wavelet,15.0,linear25p0_to_10p0,0.1,0.5,0.0,0.15,G16_fixed,True,16,20,telea,0.07042921619257776,11.52247144848227,0.181739872395447,9,0.013708714000998245,18.63003283975302,0.26408455873263115,18.68421052631579,0;22.5;45;67.5;90;112.5;135;157.5;180;202.5;225;247.5;270;292.5;315;337.5
val_images_circle,circle,test008.png,7,upright,0.0,False,100,521,521,80892.0,0.2980095148086548,inpaint,pnp_hqs,wavelet,15.0,linear25p0_to_10p0,0.1,0.5,0.0,0.15,G16_fixed,True,16,20,telea,0.07042921619257776,11.52247144848227,0.181739872395447,10,0.013686438870171803,18.637095380034538,0.26474330260563467,17.894736842105267,0;22.5;45;67.5;90;112.5;135;157.5;180;202.5;225;247.5;270;292.5;315;337.5
val_images_circle,circle,test008.png,7,upright,0.0,False,100,521,521,80892.0,0.2980095148086548,inpaint,pnp_hqs,wavelet,15.0,linear25p0_to_10p0,0.1,0.5,0.0,0.15,G16_fixed,True,16,20,telea,0.07042921619257776,11.52247144848227,0.181739872395447,11,0.013665644120304696,18.643698933309043,0.2653499418978391,17.105263157894736,0;22.5;45;67.5;90;112.5;135;157.5;180;202.5;225;247.5;270;292.5;315;337.5
val_images_circle,circle,test008.png,7,upright,0.0,False,100,521,521,80892.0,0.2980095148086548,inpaint,pnp_hqs,wavelet,15.0,linear25p0_to_10p0,0.1,0.5,0.0,0.15,G16_fixed,True,16,20,telea,0.07042921619257776,11.52247144848227,0.181739872395447,12,0.013646421803627832,18.64981209037581,0.2659070842527691,16.31578947368421,0;22.5;45;67.5;90;112.5;135;157.5;180;202.5;225;247.5;270;292.5;315;337.5
val_images_circle,circle,test008.png,7,upright,0.0,False,100,521,521,80892.0,0.2980095148086548,inpaint,pnp_hqs,wavelet,15.0,linear25p0_to_10p0,0.1,0.5,0.0,0.15,G16_fixed,True,16,20,telea,0.07042921619257776,11.52247144848227,0.181739872395447,13,0.013628726648552237,18.65544719025247,0.26641951035022005,15.526315789473685,0;22.5;45;67.5;90;112.5;135;157.5;180;202.5;225;247.5;270;292.5;315;337.5
val_images_circle,circle,test008.png,7,upright,0.0,False,100,521,521,80892.0,0.2980095148086548,inpaint,pnp_hqs,wavelet,15.0,linear25p0_to_10p0,0.1,0.5,0.0,0.15,G16_fixed,True,16,20,telea,0.07042921619257776,11.52247144848227,0.181739872395447,14,0.013551380138796172,18.68016471864102,0.2684045548385502,14.736842105263158,0;22.5;45;67.5;90;112.5;135;157.5;180;202.5;225;247.5;270;292.5;315;337.5
val_images_circle,circle,test008.png,7,upright,0.0,False,100,521,521,80892.0,0.2980095148086548,inpaint,pnp_hqs,wavelet,15.0,linear25p0_to_10p0,0.1,0.5,0.0,0.15,G16_fixed,True,16,20,telea,0.07042921619257776,11.52247144848227,0.181739872395447,15,0.013361156467207048,18.741559501246922,0.2739489361587054,13.947368421052634,0;22.5;45;67.5;90;112.5;135;157.5;180;202.5;225;247.5;270;292.5;315;337.5
val_images_circle,circle,test008.png,7,upright,0.0,False,100,521,521,80892.0,0.2980095148086548,inpaint,pnp_hqs,wavelet,15.0,linear25p0_to_10p0,0.1,0.5,0.0,0.15,G16_fixed,True,16,20,telea,0.07042921619257776,11.52247144848227,0.181739872395447,16,0.012926171949849028,18.885300711911658,0.28532589169819017,13.157894736842106,0;22.5;45;67.5;90;112.5;135;157.5;180;202.5;225;247.5;270;292.5;315;337.5
val_images_circle,circle,test008.png,7,upright,0.0,False,100,521,521,80892.0,0.2980095148086548,inpaint,pnp_hqs,wavelet,15.0,linear25p0_to_10p0,0.1,0.5,0.0,0.15,G16_fixed,True,16,20,telea,0.07042921619257776,11.52247144848227,0.181739872395447,17,0.011661925856050737,19.33229724054607,0.3334381461161178,12.368421052631579,0;22.5;45;67.5;90;112.5;135;157.5;180;202.5;225;247.5;270;292.5;315;337.5
val_images_circle,circle,test008.png,7,upright,0.0,False,100,521,521,80892.0,0.2980095148086548,inpaint,pnp_hqs,wavelet,15.0,linear25p0_to_10p0,0.1,0.5,0.0,0.15,G16_fixed,True,16,20,telea,0.07042921619257776,11.52247144848227,0.181739872395447,18,0.011002622124396958,19.585038022553736,0.36717861469613805,11.578947368421053,0;22.5;45;67.5;90;112.5;135;157.5;180;202.5;225;247.5;270;292.5;315;337.5
val_images_circle,circle,test008.png,7,upright,0.0,False,100,521,521,80892.0,0.2980095148086548,inpaint,pnp_hqs,wavelet,15.0,linear25p0_to_10p0,0.1,0.5,0.0,0.15,G16_fixed,True,16,20,telea,0.07042921619257776,11.52247144848227,0.181739872395447,19,0.010689415917790077,19.710460245022475,0.38507105732025415,10.789473684210527,0;22.5;45;67.5;90;112.5;135;157.5;180;202.5;225;247.5;270;292.5;315;337.5
val_images_circle,circle,test008.png,7,upright,0.0,False,100,521,521,80892.0,0.2980095148086548,inpaint,pnp_hqs,wavelet,15.0,linear25p0_to_10p0,0.1,0.5,0.0,0.15,G16_fixed,True,16,20,telea,0.07042921619257776,11.52247144848227,0.181739872395447,20,0.010522704800459253,19.778726129456995,0.3954708225937052,10.0,0;22.5;45;67.5;90;112.5;135;157.5;180;202.5;225;247.5;270;292.5;315;337.5
val_images_circle,circle,test008.png,7,rot30_padded,30.0,False,100,521,521,80896.0,0.2980242371559143,inpaint,pnp_hqs,wavelet,15.0,linear25p0_to_10p0,0.1,0.5,0.0,0.15,vanilla,False,0,20,telea,0.06978843181948119,11.56216560375874,0.18564307538768912,1,0.010841454886182954,19.649124330519523,0.3847084286846692,25.0,none
val_images_circle,circle,test008.png,7,rot30_padded,30.0,False,100,521,521,80896.0,0.2980242371559143,inpaint,pnp_hqs,wavelet,15.0,linear25p0_to_10p0,0.1,0.5,0.0,0.15,vanilla,False,0,20,telea,0.06978843181948119,11.56216560375874,0.18564307538768912,2,0.011035065107707735,19.572251001249104,0.37976093533672867,24.210526315789476,none
val_images_circle,circle,test008.png,7,rot30_padded,30.0,False,100,521,521,80896.0,0.2980242371559143,inpaint,pnp_hqs,wavelet,15.0,linear25p0_to_10p0,0.1,0.5,0.0,0.15,vanilla,False,0,20,telea,0.06978843181948119,11.56216560375874,0.18564307538768912,3,0.011065887499459182,19.560137493227018,0.38109670711469046,23.42105263157895,none
val_images_circle,circle,test008.png,7,rot30_padded,30.0,False,100,521,521,80896.0,0.2980242371559143,inpaint,pnp_hqs,wavelet,15.0,linear25p0_to_10p0,0.1,0.5,0.0,0.15,vanilla,False,0,20,telea,0.06978843181948119,11.56216560375874,0.18564307538768912,4,0.011075996899906593,19.556171744824084,0.38369362263739865,22.631578947368418,none
val_images_circle,circle,test008.png,7,rot30_padded,30.0,False,100,521,521,80896.0,0.2980242371559143,inpaint,pnp_hqs,wavelet,15.0,linear25p0_to_10p0,0.1,0.5,0.0,0.15,vanilla,False,0,20,telea,0.06978843181948119,11.56216560375874,0.18564307538768912,5,0.011071436767336688,19.5579601601047,0.3869079638131057,21.842105263157894,none
val_images_circle,circle,test008.png,7,rot30_padded,30.0,False,100,521,521,80896.0,0.2980242371559143,inpaint,pnp_hqs,wavelet,15.0,linear25p0_to_10p0,0.1,0.5,0.0,0.15,vanilla,False,0,20,telea,0.06978843181948119,11.56216560375874,0.18564307538768912,6,0.011059800280800348,19.56252715502341,0.3902864094021954,21.05263157894737,none
val_images_circle,circle,test008.png,7,rot30_padded,30.0,False,100,521,521,80896.0,0.2980242371559143,inpaint,pnp_hqs,wavelet,15.0,linear25p0_to_10p0,0.1,0.5,0.0,0.15,vanilla,False,0,20,telea,0.06978843181948119,11.56216560375874,0.18564307538768912,7,0.011045872410641441,19.56799977559417,0.3935721433615383,20.263157894736842,none
val_images_circle,circle,test008.png,7,rot30_padded,30.0,False,100,521,521,80896.0,0.2980242371559143,inpaint,pnp_hqs,wavelet,15.0,linear25p0_to_10p0,0.1,0.5,0.0,0.15,vanilla,False,0,20,telea,0.06978843181948119,11.56216560375874,0.18564307538768912,8,0.011032134671754476,19.573404452692216,0.3966616377045837,19.473684210526315,none
val_images_circle,circle,test008.png,7,rot30_padded,30.0,False,100,521,521,80896.0,0.2980242371559143,inpaint,pnp_hqs,wavelet,15.0,linear25p0_to_10p0,0.1,0.5,0.0,0.15,vanilla,False,0,20,telea,0.06978843181948119,11.56216560375874,0.18564307538768912,9,0.01101998136013369,19.57819140075697,0.3994914670533772,18.68421052631579,none
val_images_circle,circle,test008.png,7,rot30_padded,30.0,False,100,521,521,80896.0,0.2980242371559143,inpaint,pnp_hqs,wavelet,15.0,linear25p0_to_10p0,0.1,0.5,0.0,0.15,vanilla,False,0,20,telea,0.06978843181948119,11.56216560375874,0.18564307538768912,10,0.011010114905200426,19.582081485637538,0.40204045742372924,17.894736842105267,none
val_images_circle,circle,test008.png,7,rot30_padded,30.0,False,100,521,521,80896.0,0.2980242371559143,inpaint,pnp_hqs,wavelet,15.0,linear25p0_to_10p0,0.1,0.5,0.0,0.15,vanilla,False,0,20,telea,0.06978843181948119,11.56216560375874,0.18564307538768912,11,0.010970543456982963,19.597718578835583,0.4048397209070906,17.105263157894736,none
val_images_circle,circle,test008.png,7,rot30_padded,30.0,False,100,521,521,80896.0,0.2980242371559143,inpaint,pnp_hqs,wavelet,15.0,linear25p0_to_10p0,0.1,0.5,0.0,0.15,vanilla,False,0,20,telea,0.06978843181948119,11.56216560375874,0.18564307538768912,12,0.0108202537403831,19.65762554686371,0.41147710100004947,16.31578947368421,none
val_images_circle,circle,test008.png,7,rot30_padded,30.0,False,100,521,521,80896.0,0.2980242371559143,inpaint,pnp_hqs,wavelet,15.0,linear25p0_to_10p0,0.1,0.5,0.0,0.15,vanilla,False,0,20,telea,0.06978843181948119,11.56216560375874,0.18564307538768912,13,0.010398672351354285,19.830221056326828,0.42809522604640526,15.526315789473685,none
val_images_circle,circle,test008.png,7,rot30_padded,30.0,False,100,521,521,80896.0,0.2980242371559143,inpaint,pnp_hqs,wavelet,15.0,linear25p0_to_10p0,0.1,0.5,0.0,0.15,vanilla,False,0,20,telea,0.06978843181948119,11.56216560375874,0.18564307538768912,14,0.009698197056975546,20.133089957321832,0.4604779979850672,14.736842105263158,none
val_images_circle,circle,test008.png,7,rot30_padded,30.0,False,100,521,521,80896.0,0.2980242371559143,inpaint,pnp_hqs,wavelet,15.0,linear25p0_to_10p0,0.1,0.5,0.0,0.15,vanilla,False,0,20,telea,0.06978843181948119,11.56216560375874,0.18564307538768912,15,0.00895229095145117,20.48065811582881,0.5022252239758456,13.947368421052634,none
val_images_circle,circle,test008.png,7,rot30_padded,30.0,False,100,521,521,80896.0,0.2980242371559143,inpaint,pnp_hqs,wavelet,15.0,linear25p0_to_10p0,0.1,0.5,0.0,0.15,vanilla,False,0,20,telea,0.06978843181948119,11.56216560375874,0.18564307538768912,16,0.008415777472001089,20.74905756550565,0.5406357487545738,13.157894736842106,none
val_images_circle,circle,test008.png,7,rot30_padded,30.0,False,100,521,521,80896.0,0.2980242371559143,inpaint,pnp_hqs,wavelet,15.0,linear25p0_to_10p0,0.1,0.5,0.0,0.15,vanilla,False,0,20,telea,0.06978843181948119,11.56216560375874,0.18564307538768912,17,0.008048139040983176,20.943045292799294,0.5695489328118819,12.368421052631579,none
val_images_circle,circle,test008.png,7,rot30_padded,30.0,False,100,521,521,80896.0,0.2980242371559143,inpaint,pnp_hqs,wavelet,15.0,linear25p0_to_10p0,0.1,0.5,0.0,0.15,vanilla,False,0,20,telea,0.06978843181948119,11.56216560375874,0.18564307538768912,18,0.0077075249032129214,21.13085063382449,0.5937268703798705,11.578947368421053,none
val_images_circle,circle,test008.png,7,rot30_padded,30.0,False,100,521,521,80896.0,0.2980242371559143,inpaint,pnp_hqs,wavelet,15.0,linear25p0_to_10p0,0.1,0.5,0.0,0.15,vanilla,False,0,20,telea,0.06978843181948119,11.56216560375874,0.18564307538768912,19,0.007076415080058423,21.501867006786696,0.6245940486087075,10.789473684210527,none
val_images_circle,circle,test008.png,7,rot30_padded,30.0,False,100,521,521,80896.0,0.2980242371559143,inpaint,pnp_hqs,wavelet,15.0,linear25p0_to_10p0,0.1,0.5,0.0,0.15,vanilla,False,0,20,telea,0.06978843181948119,11.56216560375874,0.18564307538768912,20,0.006600610817535014,21.804158731838392,0.6530697496631478,10.0,none
val_images_circle,circle,test008.png,7,rot30_padded,30.0,False,100,521,521,80896.0,0.2980242371559143,inpaint,pnp_hqs,wavelet,15.0,linear25p0_to_10p0,0.1,0.5,0.0,0.15,G16_fixed,False,16,20,telea,0.06978843181948119,11.56216560375874,0.18564307538768912,1,0.00993972564045387,20.026256029750584,0.4128068368646163,25.0,0;22.5;45;67.5;90;112.5;135;157.5;180;202.5;225;247.5;270;292.5;315;337.5
val_images_circle,circle,test008.png,7,rot30_padded,30.0,False,100,521,521,80896.0,0.2980242371559143,inpaint,pnp_hqs,wavelet,15.0,linear25p0_to_10p0,0.1,0.5,0.0,0.15,G16_fixed,False,16,20,telea,0.06978843181948119,11.56216560375874,0.18564307538768912,2,0.010454045820839798,19.807156006899355,0.3822199423101884,24.210526315789476,0;22.5;45;67.5;90;112.5;135;157.5;180;202.5;225;247.5;270;292.5;315;337.5
val_images_circle,circle,test008.png,7,rot30_padded,30.0,False,100,521,521,80896.0,0.2980242371559143,inpaint,pnp_hqs,wavelet,15.0,linear25p0_to_10p0,0.1,0.5,0.0,0.15,G16_fixed,False,16,20,telea,0.06978843181948119,11.56216560375874,0.18564307538768912,3,0.010595572145679329,19.748755870416733,0.37464260149605666,23.42105263157895,0;22.5;45;67.5;90;112.5;135;157.5;180;202.5;225;247.5;270;292.5;315;337.5
val_images_circle,circle,test008.png,7,rot30_padded,30.0,False,100,521,521,80896.0,0.2980242371559143,inpaint,pnp_hqs,wavelet,15.0,linear25p0_to_10p0,0.1,0.5,0.0,0.15,G16_fixed,False,16,20,telea,0.06978843181948119,11.56216560375874,0.18564307538768912,4,0.010621926452540145,19.737967100122077,0.3742754248124135,22.631578947368418,0;22.5;45;67.5;90;112.5;135;157.5;180;202.5;225;247.5;270;292.5;315;337.5
val_images_circle,circle,test008.png,7,rot30_padded,30.0,False,100,521,521,80896.0,0.2980242371559143,inpaint,pnp_hqs,wavelet,15.0,linear25p0_to_10p0,0.1,0.5,0.0,0.15,G16_fixed,False,16,20,telea,0.06978843181948119,11.56216560375874,0.18564307538768912,5,0.010601113868665092,19.74648500622017,0.3766389194923111,21.842105263157894,0;22.5;45;67.5;90;112.5;135;157.5;180;202.5;225;247.5;270;292.5;315;337.5
val_images_circle,circle,test008.png,7,rot30_padded,30.0,False,100,521,521,80896.0,0.2980242371559143,inpaint,pnp_hqs,wavelet,15.0,linear25p0_to_10p0,0.1,0.5,0.0,0.15,G16_fixed,False,16,20,telea,0.06978843181948119,11.56216560375874,0.18564307538768912,6,0.010561743869057184,19.76264368716856,0.3799910726426523,21.05263157894737,0;22.5;45;67.5;90;112.5;135;157.5;180;202.5;225;247.5;270;292.5;315;337.5
val_images_circle,circle,test008.png,7,rot30_padded,30.0,False,100,521,521,80896.0,0.2980242371559143,inpaint,pnp_hqs,wavelet,15.0,linear25p0_to_10p0,0.1,0.5,0.0,0.15,G16_fixed,False,16,20,telea,0.06978843181948119,11.56216560375874,0.18564307538768912,7,0.01051657260218753,19.78125775627648,0.38359929338286197,20.263157894736842,0;22.5;45;67.5;90;112.5;135;157.5;180;202.5;225;247.5;270;292.5;315;337.5
val_images_circle,circle,test008.png,7,rot30_padded,30.0,False,100,521,521,80896.0,0.2980242371559143,inpaint,pnp_hqs,wavelet,15.0,linear25p0_to_10p0,0.1,0.5,0.0,0.15,G16_fixed,False,16,20,telea,0.06978843181948119,11.56216560375874,0.18564307538768912,8,0.010421697097488596,19.820615535834726,0.3883777811557432,19.473684210526315,0;22.5;45;67.5;90;112.5;135;157.5;180;202.5;225;247.5;270;292.5;315;337.5
val_images_circle,circle,test008.png,7,rot30_padded,30.0,False,100,521,521,80896.0,0.2980242371559143,inpaint,pnp_hqs,wavelet,15.0,linear25p0_to_10p0,0.1,0.5,0.0,0.15,G16_fixed,False,16,20,telea,0.06978843181948119,11.56216560375874,0.18564307538768912,9,0.010257309750665593,19.88966529442927,0.39602072027665153,18.68421052631579,0;22.5;45;67.5;90;112.5;135;157.5;180;202.5;225;247.5;270;292.5;315;337.5
val_images_circle,circle,test008.png,7,rot30_padded,30.0,False,100,521,521,80896.0,0.2980242371559143,inpaint,pnp_hqs,wavelet,15.0,linear25p0_to_10p0,0.1,0.5,0.0,0.15,G16_fixed,False,16,20,telea,0.06978843181948119,11.56216560375874,0.18564307538768912,10,0.009926398343677763,20.032083006690282,0.4087828624097607,17.894736842105267,0;22.5;45;67.5;90;112.5;135;157.5;180;202.5;225;247.5;270;292.5;315;337.5
val_images_circle,circle,test008.png,7,rot30_padded,30.0,False,100,521,521,80896.0,0.2980242371559143,inpaint,pnp_hqs,wavelet,15.0,linear25p0_to_10p0,0.1,0.5,0.0,0.15,G16_fixed,False,16,20,telea,0.06978843181948119,11.56216560375874,0.18564307538768912,11,0.009205274944063983,20.359632354156343,0.436589301386966,17.105263157894736,0;22.5;45;67.5;90;112.5;135;157.5;180;202.5;225;247.5;270;292.5;315;337.5
val_images_circle,circle,test008.png,7,rot30_padded,30.0,False,100,521,521,80896.0,0.2980242371559143,inpaint,pnp_hqs,wavelet,15.0,linear25p0_to_10p0,0.1,0.5,0.0,0.15,G16_fixed,False,16,20,telea,0.06978843181948119,11.56216560375874,0.18564307538768912,12,0.008486336545099187,20.71279749286195,0.4734067796151849,16.31578947368421,0;22.5;45;67.5;90;112.5;135;157.5;180;202.5;225;247.5;270;292.5;315;337.5
val_images_circle,circle,test008.png,7,rot30_padded,30.0,False,100,521,521,80896.0,0.2980242371559143,inpaint,pnp_hqs,wavelet,15.0,linear25p0_to_10p0,0.1,0.5,0.0,0.15,G16_fixed,False,16,20,telea,0.06978843181948119,11.56216560375874,0.18564307538768912,13,0.007958690576915499,20.99158379749624,0.5074473030959503,15.526315789473685,0;22.5;45;67.5;90;112.5;135;157.5;180;202.5;225;247.5;270;292.5;315;337.5
val_images_circle,circle,test008.png,7,rot30_padded,30.0,False,100,521,521,80896.0,0.2980242371559143,inpaint,pnp_hqs,wavelet,15.0,linear25p0_to_10p0,0.1,0.5,0.0,0.15,G16_fixed,False,16,20,telea,0.06978843181948119,11.56216560375874,0.18564307538768912,14,0.00758513166934629,21.20036875948548,0.5353233723700801,14.736842105263158,0;22.5;45;67.5;90;112.5;135;157.5;180;202.5;225;247.5;270;292.5;315;337.5
val_images_circle,circle,test008.png,7,rot30_padded,30.0,False,100,521,521,80896.0,0.2980242371559143,inpaint,pnp_hqs,wavelet,15.0,linear25p0_to_10p0,0.1,0.5,0.0,0.15,G16_fixed,False,16,20,telea,0.06978843181948119,11.56216560375874,0.18564307538768912,15,0.007285262964948823,21.375547675501263,0.5583198643937896,13.947368421052634,0;22.5;45;67.5;90;112.5;135;157.5;180;202.5;225;247.5;270;292.5;315;337.5
val_images_circle,circle,test008.png,7,rot30_padded,30.0,False,100,521,521,80896.0,0.2980242371559143,inpaint,pnp_hqs,wavelet,15.0,linear25p0_to_10p0,0.1,0.5,0.0,0.15,G16_fixed,False,16,20,telea,0.06978843181948119,11.56216560375874,0.18564307538768912,16,0.006916235519360893,21.601302260665307,0.5822290348101266,13.157894736842106,0;22.5;45;67.5;90;112.5;135;157.5;180;202.5;225;247.5;270;292.5;315;337.5
val_images_circle,circle,test008.png,7,rot30_padded,30.0,False,100,521,521,80896.0,0.2980242371559143,inpaint,pnp_hqs,wavelet,15.0,linear25p0_to_10p0,0.1,0.5,0.0,0.15,G16_fixed,False,16,20,telea,0.06978843181948119,11.56216560375874,0.18564307538768912,17,0.006173082922078386,22.094978891823814,0.617672159701963,12.368421052631579,0;22.5;45;67.5;90;112.5;135;157.5;180;202.5;225;247.5;270;292.5;315;337.5
val_images_circle,circle,test008.png,7,rot30_padded,30.0,False,100,521,521,80896.0,0.2980242371559143,inpaint,pnp_hqs,wavelet,15.0,linear25p0_to_10p0,0.1,0.5,0.0,0.15,G16_fixed,False,16,20,telea,0.06978843181948119,11.56216560375874,0.18564307538768912,18,0.005488953635662417,22.605104376208285,0.6595438703705993,11.578947368421053,0;22.5;45;67.5;90;112.5;135;157.5;180;202.5;225;247.5;270;292.5;315;337.5
val_images_circle,circle,test008.png,7,rot30_padded,30.0,False,100,521,521,80896.0,0.2980242371559143,inpaint,pnp_hqs,wavelet,15.0,linear25p0_to_10p0,0.1,0.5,0.0,0.15,G16_fixed,False,16,20,telea,0.06978843181948119,11.56216560375874,0.18564307538768912,19,0.005079094744935821,22.942136858091192,0.6907069532177116,10.789473684210527,0;22.5;45;67.5;90;112.5;135;157.5;180;202.5;225;247.5;270;292.5;315;337.5
val_images_circle,circle,test008.png,7,rot30_padded,30.0,False,100,521,521,80896.0,0.2980242371559143,inpaint,pnp_hqs,wavelet,15.0,linear25p0_to_10p0,0.1,0.5,0.0,0.15,G16_fixed,False,16,20,telea,0.06978843181948119,11.56216560375874,0.18564307538768912,20,0.004819264517554754,23.17019235690566,0.7115461615067494,10.0,0;22.5;45;67.5;90;112.5;135;157.5;180;202.5;225;247.5;270;292.5;315;337.5
val_images_circle,circle,test008.png,7,rot45_padded,45.0,False,100,521,521,80887.0,0.2979910969734192,inpaint,pnp_hqs,wavelet,15.0,linear25p0_to_10p0,0.1,0.5,0.0,0.15,vanilla,False,0,20,telea,0.07045633974711635,11.520799224508325,0.18411484008941487,1,0.010823654987291298,19.656260596757363,0.3853062374052691,25.0,none
val_images_circle,circle,test008.png,7,rot45_padded,45.0,False,100,521,521,80887.0,0.2979910969734192,inpaint,pnp_hqs,wavelet,15.0,linear25p0_to_10p0,0.1,0.5,0.0,0.15,vanilla,False,0,20,telea,0.07045633974711635,11.520799224508325,0.18411484008941487,2,0.01126686558461766,19.481968868497717,0.37200855823556317,24.210526315789476,none
val_images_circle,circle,test008.png,7,rot45_padded,45.0,False,100,521,521,80887.0,0.2979910969734192,inpaint,pnp_hqs,wavelet,15.0,linear25p0_to_10p0,0.1,0.5,0.0,0.15,vanilla,False,0,20,telea,0.07045633974711635,11.520799224508325,0.18411484008941487,3,0.011308887761871887,19.465801061828074,0.37305361182884766,23.42105263157895,none
val_images_circle,circle,test008.png,7,rot45_padded,45.0,False,100,521,521,80887.0,0.2979910969734192,inpaint,pnp_hqs,wavelet,15.0,linear25p0_to_10p0,0.1,0.5,0.0,0.15,vanilla,False,0,20,telea,0.07045633974711635,11.520799224508325,0.18411484008941487,4,0.011324880939226947,19.459663551172103,0.3756396123990876,22.631578947368418,none
val_images_circle,circle,test008.png,7,rot45_padded,45.0,False,100,521,521,80887.0,0.2979910969734192,inpaint,pnp_hqs,wavelet,15.0,linear25p0_to_10p0,0.1,0.5,0.0,0.15,vanilla,False,0,20,telea,0.07045633974711635,11.520799224508325,0.18411484008941487,5,0.011324382166392236,19.459854828291242,0.37893440463238837,21.842105263157894,none
val_images_circle,circle,test008.png,7,rot45_padded,45.0,False,100,521,521,80887.0,0.2979910969734192,inpaint,pnp_hqs,wavelet,15.0,linear25p0_to_10p0,0.1,0.5,0.0,0.15,vanilla,False,0,20,telea,0.07045633974711635,11.520799224508325,0.18411484008941487,6,0.011315978485514515,19.463078869159315,0.3824036058791895,21.05263157894737,none
val_images_circle,circle,test008.png,7,rot45_padded,45.0,False,100,521,521,80887.0,0.2979910969734192,inpaint,pnp_hqs,wavelet,15.0,linear25p0_to_10p0,0.1,0.5,0.0,0.15,vanilla,False,0,20,telea,0.07045633974711635,11.520799224508325,0.18411484008941487,7,0.011304898333767324,19.467333389605837,0.3857787812782029,20.263157894736842,none
val_images_circle,circle,test008.png,7,rot45_padded,45.0,False,100,521,521,80887.0,0.2979910969734192,inpaint,pnp_hqs,wavelet,15.0,linear25p0_to_10p0,0.1,0.5,0.0,0.15,vanilla,False,0,20,telea,0.07045633974711635,11.520799224508325,0.18411484008941487,8,0.011294043799384094,19.47150532360257,0.3889274157157516,19.473684210526315,none
val_images_circle,circle,test008.png,7,rot45_padded,45.0,False,100,521,521,80887.0,0.2979910969734192,inpaint,pnp_hqs,wavelet,15.0,linear25p0_to_10p0,0.1,0.5,0.0,0.15,vanilla,False,0,20,telea,0.07045633974711635,11.520799224508325,0.18411484008941487,9,0.011284880263370892,19.4750304458207,0.39178914334194614,18.68421052631579,none
val_images_circle,circle,test008.png,7,rot45_padded,45.0,False,100,521,521,80887.0,0.2979910969734192,inpaint,pnp_hqs,wavelet,15.0,linear25p0_to_10p0,0.1,0.5,0.0,0.15,vanilla,False,0,20,telea,0.07045633974711635,11.520799224508325,0.18411484008941487,10,0.011261013870044013,19.48422506612278,0.39461098121453386,17.894736842105267,none
val_images_circle,circle,test008.png,7,rot45_padded,45.0,False,100,521,521,80887.0,0.2979910969734192,inpaint,pnp_hqs,wavelet,15.0,linear25p0_to_10p0,0.1,0.5,0.0,0.15,vanilla,False,0,20,telea,0.07045633974711635,11.520799224508325,0.18411484008941487,11,0.01108844375124595,19.55129402243346,0.4009901061820812,17.105263157894736,none
val_images_circle,circle,test008.png,7,rot45_padded,45.0,False,100,521,521,80887.0,0.2979910969734192,inpaint,pnp_hqs,wavelet,15.0,linear25p0_to_10p0,0.1,0.5,0.0,0.15,vanilla,False,0,20,telea,0.07045633974711635,11.520799224508325,0.18411484008941487,12,0.010881423596489161,19.633142829783697,0.4123846674218354,16.31578947368421,none
val_images_circle,circle,test008.png,7,rot45_padded,45.0,False,100,521,521,80887.0,0.2979910969734192,inpaint,pnp_hqs,wavelet,15.0,linear25p0_to_10p0,0.1,0.5,0.0,0.15,vanilla,False,0,20,telea,0.07045633974711635,11.520799224508325,0.18411484008941487,13,0.010707229636329077,19.703228829769504,0.42412968863970724,15.526315789473685,none
val_images_circle,circle,test008.png,7,rot45_padded,45.0,False,100,521,521,80887.0,0.2979910969734192,inpaint,pnp_hqs,wavelet,15.0,linear25p0_to_10p0,0.1,0.5,0.0,0.15,vanilla,False,0,20,telea,0.07045633974711635,11.520799224508325,0.18411484008941487,14,0.010148318832812288,19.936058968744426,0.44628091311026497,14.736842105263158,none
val_images_circle,circle,test008.png,7,rot45_padded,45.0,False,100,521,521,80887.0,0.2979910969734192,inpaint,pnp_hqs,wavelet,15.0,linear25p0_to_10p0,0.1,0.5,0.0,0.15,vanilla,False,0,20,telea,0.07045633974711635,11.520799224508325,0.18411484008941487,15,0.009346154027715749,20.293670659357378,0.48771052710880614,13.947368421052634,none
val_images_circle,circle,test008.png,7,rot45_padded,45.0,False,100,521,521,80887.0,0.2979910969734192,inpaint,pnp_hqs,wavelet,15.0,linear25p0_to_10p0,0.1,0.5,0.0,0.15,vanilla,False,0,20,telea,0.07045633974711635,11.520799224508325,0.18411484008941487,16,0.00875022914876618,20.579805736357898,0.529386337189536,13.157894736842106,none
val_images_circle,circle,test008.png,7,rot45_padded,45.0,False,100,521,521,80887.0,0.2979910969734192,inpaint,pnp_hqs,wavelet,15.0,linear25p0_to_10p0,0.1,0.5,0.0,0.15,vanilla,False,0,20,telea,0.07045633974711635,11.520799224508325,0.18411484008941487,17,0.008395425093175897,20.75957308942656,0.5592481641054805,12.368421052631579,none
val_images_circle,circle,test008.png,7,rot45_padded,45.0,False,100,521,521,80887.0,0.2979910969734192,inpaint,pnp_hqs,wavelet,15.0,linear25p0_to_10p0,0.1,0.5,0.0,0.15,vanilla,False,0,20,telea,0.07045633974711635,11.520799224508325,0.18411484008941487,18,0.008038939094093072,20.94801261697116,0.5830266104256555,11.578947368421053,none
val_images_circle,circle,test008.png,7,rot45_padded,45.0,False,100,521,521,80887.0,0.2979910969734192,inpaint,pnp_hqs,wavelet,15.0,linear25p0_to_10p0,0.1,0.5,0.0,0.15,vanilla,False,0,20,telea,0.07045633974711635,11.520799224508325,0.18411484008941487,19,0.007324791471000825,21.35204734698462,0.6152294250003091,10.789473684210527,none
val_images_circle,circle,test008.png,7,rot45_padded,45.0,False,100,521,521,80887.0,0.2979910969734192,inpaint,pnp_hqs,wavelet,15.0,linear25p0_to_10p0,0.1,0.5,0.0,0.15,vanilla,False,0,20,telea,0.07045633974711635,11.520799224508325,0.18411484008941487,20,0.00685810384007937,21.63795943421708,0.6440857500278165,10.0,none
val_images_circle,circle,test008.png,7,rot45_padded,45.0,False,100,521,521,80887.0,0.2979910969734192,inpaint,pnp_hqs,wavelet,15.0,linear25p0_to_10p0,0.1,0.5,0.0,0.15,G16_fixed,False,16,20,telea,0.07045633974711635,11.520799224508325,0.18411484008941487,1,0.009928569784033203,20.031133073593598,0.4135502595441789,25.0,0;22.5;45;67.5;90;112.5;135;157.5;180;202.5;225;247.5;270;292.5;315;337.5
val_images_circle,circle,test008.png,7,rot45_padded,45.0,False,100,521,521,80887.0,0.2979910969734192,inpaint,pnp_hqs,wavelet,15.0,linear25p0_to_10p0,0.1,0.5,0.0,0.15,G16_fixed,False,16,20,telea,0.07045633974711635,11.520799224508325,0.18411484008941487,2,0.010526937970757044,19.776979361071373,0.38103605376945615,24.210526315789476,0;22.5;45;67.5;90;112.5;135;157.5;180;202.5;225;247.5;270;292.5;315;337.5
val_images_circle,circle,test008.png,7,rot45_padded,45.0,False,100,521,521,80887.0,0.2979910969734192,inpaint,pnp_hqs,wavelet,15.0,linear25p0_to_10p0,0.1,0.5,0.0,0.15,G16_fixed,False,16,20,telea,0.07045633974711635,11.520799224508325,0.18411484008941487,3,0.010689192320382138,19.710551090150798,0.3730210625625873,23.42105263157895,0;22.5;45;67.5;90;112.5;135;157.5;180;202.5;225;247.5;270;292.5;315;337.5
val_images_circle,circle,test008.png,7,rot45_padded,45.0,False,100,521,521,80887.0,0.2979910969734192,inpaint,pnp_hqs,wavelet,15.0,linear25p0_to_10p0,0.1,0.5,0.0,0.15,G16_fixed,False,16,20,telea,0.07045633974711635,11.520799224508325,0.18411484008941487,4,0.010724491251104936,19.696233007356263,0.3723934026017778,22.631578947368418,0;22.5;45;67.5;90;112.5;135;157.5;180;202.5;225;247.5;270;292.5;315;337.5
val_images_circle,circle,test008.png,7,rot45_padded,45.0,False,100,521,521,80887.0,0.2979910969734192,inpaint,pnp_hqs,wavelet,15.0,linear25p0_to_10p0,0.1,0.5,0.0,0.15,G16_fixed,False,16,20,telea,0.07045633974711635,11.520799224508325,0.18411484008941487,5,0.010708173607306722,19.702845963864743,0.3745799744164699,21.842105263157894,0;22.5;45;67.5;90;112.5;135;157.5;180;202.5;225;247.5;270;292.5;315;337.5
val_images_circle,circle,test008.png,7,rot45_padded,45.0,False,100,521,521,80887.0,0.2979910969734192,inpaint,pnp_hqs,wavelet,15.0,linear25p0_to_10p0,0.1,0.5,0.0,0.15,G16_fixed,False,16,20,telea,0.07045633974711635,11.520799224508325,0.18411484008941487,6,0.010670715842877255,19.71806445038193,0.3778057805565171,21.05263157894737,0;22.5;45;67.5;90;112.5;135;157.5;180;202.5;225;247.5;270;292.5;315;337.5
val_images_circle,circle,test008.png,7,rot45_padded,45.0,False,100,521,521,80887.0,0.2979910969734192,inpaint,pnp_hqs,wavelet,15.0,linear25p0_to_10p0,0.1,0.5,0.0,0.15,G16_fixed,False,16,20,telea,0.07045633974711635,11.520799224508325,0.18411484008941487,7,0.01060439339275007,19.745141695534723,0.38181001640405754,20.263157894736842,0;22.5;45;67.5;90;112.5;135;157.5;180;202.5;225;247.5;270;292.5;315;337.5
val_images_circle,circle,test008.png,7,rot45_padded,45.0,False,100,521,521,80887.0,0.2979910969734192,inpaint,pnp_hqs,wavelet,15.0,linear25p0_to_10p0,0.1,0.5,0.0,0.15,G16_fixed,False,16,20,telea,0.07045633974711635,11.520799224508325,0.18411484008941487,8,0.01047767264608922,19.797351743379615,0.3876435306739649,19.473684210526315,0;22.5;45;67.5;90;112.5;135;157.5;180;202.5;225;247.5;270;292.5;315;337.5
val_images_circle,circle,test008.png,7,rot45_padded,45.0,False,100,521,521,80887.0,0.2979910969734192,inpaint,pnp_hqs,wavelet,15.0,linear25p0_to_10p0,0.1,0.5,0.0,0.15,G16_fixed,False,16,20,telea,0.07045633974711635,11.520799224508325,0.18411484008941487,9,0.010310890103149301,19.867038419715655,0.395733109924957,18.68421052631579,0;22.5;45;67.5;90;112.5;135;157.5;180;202.5;225;247.5;270;292.5;315;337.5
val_images_circle,circle,test008.png,7,rot45_padded,45.0,False,100,521,521,80887.0,0.2979910969734192,inpaint,pnp_hqs,wavelet,15.0,linear25p0_to_10p0,0.1,0.5,0.0,0.15,G16_fixed,False,16,20,telea,0.07045633974711635,11.520799224508325,0.18411484008941487,10,0.010040070790790702,19.98263225045443,0.4070224414151841,17.894736842105267,0;22.5;45;67.5;90;112.5;135;157.5;180;202.5;225;247.5;270;292.5;315;337.5
val_images_circle,circle,test008.png,7,rot45_padded,45.0,False,100,521,521,80887.0,0.2979910969734192,inpaint,pnp_hqs,wavelet,15.0,linear25p0_to_10p0,0.1,0.5,0.0,0.15,G16_fixed,False,16,20,telea,0.07045633974711635,11.520799224508325,0.18411484008941487,11,0.009309161834903554,20.310894196484046,0.4341107714311323,17.105263157894736,0;22.5;45;67.5;90;112.5;135;157.5;180;202.5;225;247.5;270;292.5;315;337.5
val_images_circle,circle,test008.png,7,rot45_padded,45.0,False,100,521,521,80887.0,0.2979910969734192,inpaint,pnp_hqs,wavelet,15.0,linear25p0_to_10p0,0.1,0.5,0.0,0.15,G16_fixed,False,16,20,telea,0.07045633974711635,11.520799224508325,0.18411484008941487,12,0.008582031026646356,20.664099196941713,0.47089120084191527,16.31578947368421,0;22.5;45;67.5;90;112.5;135;157.5;180;202.5;225;247.5;270;292.5;315;337.5
val_images_circle,circle,test008.png,7,rot45_padded,45.0,False,100,521,521,80887.0,0.2979910969734192,inpaint,pnp_hqs,wavelet,15.0,linear25p0_to_10p0,0.1,0.5,0.0,0.15,G16_fixed,False,16,20,telea,0.07045633974711635,11.520799224508325,0.18411484008941487,13,0.008047365412164501,20.943462779220088,0.5051138084611866,15.526315789473685,0;22.5;45;67.5;90;112.5;135;157.5;180;202.5;225;247.5;270;292.5;315;337.5
val_images_circle,circle,test008.png,7,rot45_padded,45.0,False,100,521,521,80887.0,0.2979910969734192,inpaint,pnp_hqs,wavelet,15.0,linear25p0_to_10p0,0.1,0.5,0.0,0.15,G16_fixed,False,16,20,telea,0.07045633974711635,11.520799224508325,0.18411484008941487,14,0.007668796076045903,21.152728105711542,0.5331304686630732,14.736842105263158,0;22.5;45;67.5;90;112.5;135;157.5;180;202.5;225;247.5;270;292.5;315;337.5
val_images_circle,circle,test008.png,7,rot45_padded,45.0,False,100,521,521,80887.0,0.2979910969734192,inpaint,pnp_hqs,wavelet,15.0,linear25p0_to_10p0,0.1,0.5,0.0,0.15,G16_fixed,False,16,20,telea,0.07045633974711635,11.520799224508325,0.18411484008941487,15,0.007374790240744804,21.32250327699979,0.5560061799176629,13.947368421052634,0;22.5;45;67.5;90;112.5;135;157.5;180;202.5;225;247.5;270;292.5;315;337.5
val_images_circle,circle,test008.png,7,rot45_padded,45.0,False,100,521,521,80887.0,0.2979910969734192,inpaint,pnp_hqs,wavelet,15.0,linear25p0_to_10p0,0.1,0.5,0.0,0.15,G16_fixed,False,16,20,telea,0.07045633974711635,11.520799224508325,0.18411484008941487,16,0.007009521765076202,21.543116114018773,0.5794714965012919,13.157894736842106,0;22.5;45;67.5;90;112.5;135;157.5;180;202.5;225;247.5;270;292.5;315;337.5
val_images_circle,circle,test008.png,7,rot45_padded,45.0,False,100,521,521,80887.0,0.2979910969734192,inpaint,pnp_hqs,wavelet,15.0,linear25p0_to_10p0,0.1,0.5,0.0,0.15,G16_fixed,False,16,20,telea,0.07045633974711635,11.520799224508325,0.18411484008941487,17,0.006302975711631273,22.004543664147363,0.6130747022080186,12.368421052631579,0;22.5;45;67.5;90;112.5;135;157.5;180;202.5;225;247.5;270;292.5;315;337.5
val_images_circle,circle,test008.png,7,rot45_padded,45.0,False,100,521,521,80887.0,0.2979910969734192,inpaint,pnp_hqs,wavelet,15.0,linear25p0_to_10p0,0.1,0.5,0.0,0.15,G16_fixed,False,16,20,telea,0.07045633974711635,11.520799224508325,0.18411484008941487,18,0.005600963888086157,22.51737227412579,0.6548120371629558,11.578947368421053,0;22.5;45;67.5;90;112.5;135;157.5;180;202.5;225;247.5;270;292.5;315;337.5
val_images_circle,circle,test008.png,7,rot45_padded,45.0,False,100,521,521,80887.0,0.2979910969734192,inpaint,pnp_hqs,wavelet,15.0,linear25p0_to_10p0,0.1,0.5,0.0,0.15,G16_fixed,False,16,20,telea,0.07045633974711635,11.520799224508325,0.18411484008941487,19,0.005181728342616474,22.85525359083728,0.6861411888653306,10.789473684210527,0;22.5;45;67.5;90;112.5;135;157.5;180;202.5;225;247.5;270;292.5;315;337.5
val_images_circle,circle,test008.png,7,rot45_padded,45.0,False,100,521,521,80887.0,0.2979910969734192,inpaint,pnp_hqs,wavelet,15.0,linear25p0_to_10p0,0.1,0.5,0.0,0.15,G16_fixed,False,16,20,telea,0.07045633974711635,11.520799224508325,0.18411484008941487,20,0.0049166562364539035,23.083301557184267,0.7069381900058106,10.0,0;22.5;45;67.5;90;112.5;135;157.5;180;202.5;225;247.5;270;292.5;315;337.5
val_images_circle,circle,test008.png,7,rot60_padded,60.0,False,100,521,521,80896.0,0.2980242371559143,inpaint,pnp_hqs,wavelet,15.0,linear25p0_to_10p0,0.1,0.5,0.0,0.15,vanilla,False,0,20,telea,0.06959086430223682,11.57447769635734,0.18114715286448033,1,0.01072739121280139,19.69505880982624,0.39032682587828815,25.0,none
val_images_circle,circle,test008.png,7,rot60_padded,60.0,False,100,521,521,80896.0,0.2980242371559143,inpaint,pnp_hqs,wavelet,15.0,linear25p0_to_10p0,0.1,0.5,0.0,0.15,vanilla,False,0,20,telea,0.06959086430223682,11.57447769635734,0.18114715286448033,2,0.011032921603963346,19.57309467753296,0.3803604222551177,24.210526315789476,none
val_images_circle,circle,test008.png,7,rot60_padded,60.0,False,100,521,521,80896.0,0.2980242371559143,inpaint,pnp_hqs,wavelet,15.0,linear25p0_to_10p0,0.1,0.5,0.0,0.15,vanilla,False,0,20,telea,0.06959086430223682,11.57447769635734,0.18114715286448033,3,0.01106837731373461,19.55916044464242,0.38169153430793856,23.42105263157895,none
val_images_circle,circle,test008.png,7,rot60_padded,60.0,False,100,521,521,80896.0,0.2980242371559143,inpaint,pnp_hqs,wavelet,15.0,linear25p0_to_10p0,0.1,0.5,0.0,0.15,vanilla,False,0,20,telea,0.06959086430223682,11.57447769635734,0.18114715286448033,4,0.01107971351357955,19.55471468946946,0.38437478753584847,22.631578947368418,none
val_images_circle,circle,test008.png,7,rot60_padded,60.0,False,100,521,521,80896.0,0.2980242371559143,inpaint,pnp_hqs,wavelet,15.0,linear25p0_to_10p0,0.1,0.5,0.0,0.15,vanilla,False,0,20,telea,0.06959086430223682,11.57447769635734,0.18114715286448033,5,0.011076906813850885,19.55581497840615,0.3876141656803179,21.842105263157894,none
val_images_circle,circle,test008.png,7,rot60_padded,60.0,False,100,521,521,80896.0,0.2980242371559143,inpaint,pnp_hqs,wavelet,15.0,linear25p0_to_10p0,0.1,0.5,0.0,0.15,vanilla,False,0,20,telea,0.06959086430223682,11.57447769635734,0.18114715286448033,6,0.011067645459235468,19.559447614902325,0.3909584238559385,21.05263157894737,none
val_images_circle,circle,test008.png,7,rot60_padded,60.0,False,100,521,521,80896.0,0.2980242371559143,inpaint,pnp_hqs,wavelet,15.0,linear25p0_to_10p0,0.1,0.5,0.0,0.15,vanilla,False,0,20,telea,0.06959086430223682,11.57447769635734,0.18114715286448033,7,0.01105651146248926,19.563818795032464,0.3941891585724263,20.263157894736842,none
val_images_circle,circle,test008.png,7,rot60_padded,60.0,False,100,521,521,80896.0,0.2980242371559143,inpaint,pnp_hqs,wavelet,15.0,linear25p0_to_10p0,0.1,0.5,0.0,0.15,vanilla,False,0,20,telea,0.06959086430223682,11.57447769635734,0.18114715286448033,8,0.0110459501230264,19.56796922124773,0.3971882107891614,19.473684210526315,none
val_images_circle,circle,test008.png,7,rot60_padded,60.0,False,100,521,521,80896.0,0.2980242371559143,inpaint,pnp_hqs,wavelet,15.0,linear25p0_to_10p0,0.1,0.5,0.0,0.15,vanilla,False,0,20,telea,0.06959086430223682,11.57447769635734,0.18114715286448033,9,0.011037130144577993,19.57143836425487,0.39992021005364914,18.68421052631579,none
val_images_circle,circle,test008.png,7,rot60_padded,60.0,False,100,521,521,80896.0,0.2980242371559143,inpaint,pnp_hqs,wavelet,15.0,linear25p0_to_10p0,0.1,0.5,0.0,0.15,vanilla,False,0,20,telea,0.06959086430223682,11.57447769635734,0.18114715286448033,10,0.011030551753466643,19.57402763399085,0.40236663818359375,17.894736842105267,none
val_images_circle,circle,test008.png,7,rot60_padded,60.0,False,100,521,521,80896.0,0.2980242371559143,inpaint,pnp_hqs,wavelet,15.0,linear25p0_to_10p0,0.1,0.5,0.0,0.15,vanilla,False,0,20,telea,0.06959086430223682,11.57447769635734,0.18114715286448033,11,0.010922362532796739,19.616834125486765,0.40727987168710444,17.105263157894736,none
val_images_circle,circle,test008.png,7,rot60_padded,60.0,False,100,521,521,80896.0,0.2980242371559143,inpaint,pnp_hqs,wavelet,15.0,linear25p0_to_10p0,0.1,0.5,0.0,0.15,vanilla,False,0,20,telea,0.06959086430223682,11.57447769635734,0.18114715286448033,12,0.010743298108064675,19.688623731755143,0.41748862930491,16.31578947368421,none
val_images_circle,circle,test008.png,7,rot60_padded,60.0,False,100,521,521,80896.0,0.2980242371559143,inpaint,pnp_hqs,wavelet,15.0,linear25p0_to_10p0,0.1,0.5,0.0,0.15,vanilla,False,0,20,telea,0.06959086430223682,11.57447769635734,0.18114715286448033,13,0.01050766434850572,19.78493808546798,0.43069004107125197,15.526315789473685,none
val_images_circle,circle,test008.png,7,rot60_padded,60.0,False,100,521,521,80896.0,0.2980242371559143,inpaint,pnp_hqs,wavelet,15.0,linear25p0_to_10p0,0.1,0.5,0.0,0.15,vanilla,False,0,20,telea,0.06959086430223682,11.57447769635734,0.18114715286448033,14,0.009894690181635604,20.045977996902835,0.45540927935250197,14.736842105263158,none
val_images_circle,circle,test008.png,7,rot60_padded,60.0,False,100,521,521,80896.0,0.2980242371559143,inpaint,pnp_hqs,wavelet,15.0,linear25p0_to_10p0,0.1,0.5,0.0,0.15,vanilla,False,0,20,telea,0.06959086430223682,11.57447769635734,0.18114715286448033,15,0.009130195726322222,20.395199122849142,0.49555230442481707,13.947368421052634,none
val_images_circle,circle,test008.png,7,rot60_padded,60.0,False,100,521,521,80896.0,0.2980242371559143,inpaint,pnp_hqs,wavelet,15.0,linear25p0_to_10p0,0.1,0.5,0.0,0.15,vanilla,False,0,20,telea,0.06959086430223682,11.57447769635734,0.18114715286448033,16,0.00858112377456472,20.664558336974743,0.5350654215752324,13.157894736842106,none
val_images_circle,circle,test008.png,7,rot60_padded,60.0,False,100,521,521,80896.0,0.2980242371559143,inpaint,pnp_hqs,wavelet,15.0,linear25p0_to_10p0,0.1,0.5,0.0,0.15,vanilla,False,0,20,telea,0.06959086430223682,11.57447769635734,0.18114715286448033,17,0.008202104628840579,20.860746950048508,0.5652735263486451,12.368421052631579,none
val_images_circle,circle,test008.png,7,rot60_padded,60.0,False,100,521,521,80896.0,0.2980242371559143,inpaint,pnp_hqs,wavelet,15.0,linear25p0_to_10p0,0.1,0.5,0.0,0.15,vanilla,False,0,20,telea,0.06959086430223682,11.57447769635734,0.18114715286448033,18,0.007909534852715987,21.018490559256577,0.5887844713428353,11.578947368421053,none
val_images_circle,circle,test008.png,7,rot60_padded,60.0,False,100,521,521,80896.0,0.2980242371559143,inpaint,pnp_hqs,wavelet,15.0,linear25p0_to_10p0,0.1,0.5,0.0,0.15,vanilla,False,0,20,telea,0.06959086430223682,11.57447769635734,0.18114715286448033,19,0.007235720942292033,21.40518190783988,0.6194562791269037,10.789473684210527,none
val_images_circle,circle,test008.png,7,rot60_padded,60.0,False,100,521,521,80896.0,0.2980242371559143,inpaint,pnp_hqs,wavelet,15.0,linear25p0_to_10p0,0.1,0.5,0.0,0.15,vanilla,False,0,20,telea,0.06959086430223682,11.57447769635734,0.18114715286448033,20,0.006784070896196969,21.685096221802564,0.6469739117199862,10.0,none
val_images_circle,circle,test008.png,7,rot60_padded,60.0,False,100,521,521,80896.0,0.2980242371559143,inpaint,pnp_hqs,wavelet,15.0,linear25p0_to_10p0,0.1,0.5,0.0,0.15,G16_fixed,False,16,20,telea,0.06959086430223682,11.57447769635734,0.18114715286448033,1,0.009845483152172234,20.06762966659059,0.41687538050398043,25.0,0;22.5;45;67.5;90;112.5;135;157.5;180;202.5;225;247.5;270;292.5;315;337.5
val_images_circle,circle,test008.png,7,rot60_padded,60.0,False,100,521,521,80896.0,0.2980242371559143,inpaint,pnp_hqs,wavelet,15.0,linear25p0_to_10p0,0.1,0.5,0.0,0.15,G16_fixed,False,16,20,telea,0.06959086430223682,11.57447769635734,0.18114715286448033,2,0.010355148134352286,19.84843683977519,0.38680351836771903,24.210526315789476,0;22.5;45;67.5;90;112.5;135;157.5;180;202.5;225;247.5;270;292.5;315;337.5
val_images_circle,circle,test008.png,7,rot60_padded,60.0,False,100,521,521,80896.0,0.2980242371559143,inpaint,pnp_hqs,wavelet,15.0,linear25p0_to_10p0,0.1,0.5,0.0,0.15,G16_fixed,False,16,20,telea,0.06959086430223682,11.57447769635734,0.18114715286448033,3,0.0104973874514616,19.789187729863983,0.37931299813186065,23.42105263157895,0;22.5;45;67.5;90;112.5;135;157.5;180;202.5;225;247.5;270;292.5;315;337.5
val_images_circle,circle,test008.png,7,rot60_padded,60.0,False,100,521,521,80896.0,0.2980242371559143,inpaint,pnp_hqs,wavelet,15.0,linear25p0_to_10p0,0.1,0.5,0.0,0.15,G16_fixed,False,16,20,telea,0.06959086430223682,11.57447769635734,0.18114715286448033,4,0.010525618927388252,19.777523573596223,0.37884296948396706,22.631578947368418,0;22.5;45;67.5;90;112.5;135;157.5;180;202.5;225;247.5;270;292.5;315;337.5
val_images_circle,circle,test008.png,7,rot60_padded,60.0,False,100,521,521,80896.0,0.2980242371559143,inpaint,pnp_hqs,wavelet,15.0,linear25p0_to_10p0,0.1,0.5,0.0,0.15,G16_fixed,False,16,20,telea,0.06959086430223682,11.57447769635734,0.18114715286448033,5,0.010507680947267556,19.784931225004286,0.3810237691372256,21.842105263157894,0;22.5;45;67.5;90;112.5;135;157.5;180;202.5;225;247.5;270;292.5;315;337.5
val_images_circle,circle,test008.png,7,rot60_padded,60.0,False,100,521,521,80896.0,0.2980242371559143,inpaint,pnp_hqs,wavelet,15.0,linear25p0_to_10p0,0.1,0.5,0.0,0.15,G16_fixed,False,16,20,telea,0.06959086430223682,11.57447769635734,0.18114715286448033,6,0.01047156430497954,19.7998843596452,0.3841618887985809,21.05263157894737,0;22.5;45;67.5;90;112.5;135;157.5;180;202.5;225;247.5;270;292.5;315;337.5
val_images_circle,circle,test008.png,7,rot60_padded,60.0,False,100,521,521,80896.0,0.2980242371559143,inpaint,pnp_hqs,wavelet,15.0,linear25p0_to_10p0,0.1,0.5,0.0,0.15,G16_fixed,False,16,20,telea,0.06959086430223682,11.57447769635734,0.18114715286448033,7,0.010420749459085586,19.82101045504772,0.38777447954008853,20.263157894736842,0;22.5;45;67.5;90;112.5;135;157.5;180;202.5;225;247.5;270;292.5;315;337.5
val_images_circle,circle,test008.png,7,rot60_padded,60.0,False,100,521,521,80896.0,0.2980242371559143,inpaint,pnp_hqs,wavelet,15.0,linear25p0_to_10p0,0.1,0.5,0.0,0.15,G16_fixed,False,16,20,telea,0.06959086430223682,11.57447769635734,0.18114715286448033,8,0.010317040395133103,19.864448690270883,0.3927781310262559,19.473684210526315,0;22.5;45;67.5;90;112.5;135;157.5;180;202.5;225;247.5;270;292.5;315;337.5
val_images_circle,circle,test008.png,7,rot60_padded,60.0,False,100,521,521,80896.0,0.2980242371559143,inpaint,pnp_hqs,wavelet,15.0,linear25p0_to_10p0,0.1,0.5,0.0,0.15,G16_fixed,False,16,20,telea,0.06959086430223682,11.57447769635734,0.18114715286448033,9,0.010174654707123962,19.92480320317506,0.3997076251838781,18.68421052631579,0;22.5;45;67.5;90;112.5;135;157.5;180;202.5;225;247.5;270;292.5;315;337.5
val_images_circle,circle,test008.png,7,rot60_padded,60.0,False,100,521,521,80896.0,0.2980242371559143,inpaint,pnp_hqs,wavelet,15.0,linear25p0_to_10p0,0.1,0.5,0.0,0.15,G16_fixed,False,16,20,telea,0.06959086430223682,11.57447769635734,0.18114715286448033,10,0.009884057920190353,20.050647183139322,0.4109877091419848,17.894736842105267,0;22.5;45;67.5;90;112.5;135;157.5;180;202.5;225;247.5;270;292.5;315;337.5
val_images_circle,circle,test008.png,7,rot60_padded,60.0,False,100,521,521,80896.0,0.2980242371559143,inpaint,pnp_hqs,wavelet,15.0,linear25p0_to_10p0,0.1,0.5,0.0,0.15,G16_fixed,False,16,20,telea,0.06959086430223682,11.57447769635734,0.18114715286448033,11,0.009134524230715594,20.393140678358836,0.43864711326888844,17.105263157894736,0;22.5;45;67.5;90;112.5;135;157.5;180;202.5;225;247.5;270;292.5;315;337.5
val_images_circle,circle,test008.png,7,rot60_padded,60.0,False,100,521,521,80896.0,0.2980242371559143,inpaint,pnp_hqs,wavelet,15.0,linear25p0_to_10p0,0.1,0.5,0.0,0.15,G16_fixed,False,16,20,telea,0.06959086430223682,11.57447769635734,0.18114715286448033,12,0.008429586132870445,20.741937473945796,0.47516762455807454,16.31578947368421,0;22.5;45;67.5;90;112.5;135;157.5;180;202.5;225;247.5;270;292.5;315;337.5
val_images_circle,circle,test008.png,7,rot60_padded,60.0,False,100,521,521,80896.0,0.2980242371559143,inpaint,pnp_hqs,wavelet,15.0,linear25p0_to_10p0,0.1,0.5,0.0,0.15,G16_fixed,False,16,20,telea,0.06959086430223682,11.57447769635734,0.18114715286448033,13,0.00791597743577595,21.01495452405505,0.5088941839676869,15.526315789473685,0;22.5;45;67.5;90;112.5;135;157.5;180;202.5;225;247.5;270;292.5;315;337.5
val_images_circle,circle,test008.png,7,rot60_padded,60.0,False,100,521,521,80896.0,0.2980242371559143,inpaint,pnp_hqs,wavelet,15.0,linear25p0_to_10p0,0.1,0.5,0.0,0.15,G16_fixed,False,16,20,telea,0.06959086430223682,11.57447769635734,0.18114715286448033,14,0.007551304901702495,21.219779937164066,0.5366232183915151,14.736842105263158,0;22.5;45;67.5;90;112.5;135;157.5;180;202.5;225;247.5;270;292.5;315;337.5
val_images_circle,circle,test008.png,7,rot60_padded,60.0,False,100,521,521,80896.0,0.2980242371559143,inpaint,pnp_hqs,wavelet,15.0,linear25p0_to_10p0,0.1,0.5,0.0,0.15,G16_fixed,False,16,20,telea,0.06959086430223682,11.57447769635734,0.18114715286448033,15,0.007237468339219878,21.404133231100584,0.5599949993664706,13.947368421052634,0;22.5;45;67.5;90;112.5;135;157.5;180;202.5;225;247.5;270;292.5;315;337.5
val_images_circle,circle,test008.png,7,rot60_padded,60.0,False,100,521,521,80896.0,0.2980242371559143,inpaint,pnp_hqs,wavelet,15.0,linear25p0_to_10p0,0.1,0.5,0.0,0.15,G16_fixed,False,16,20,telea,0.06959086430223682,11.57447769635734,0.18114715286448033,16,0.006867048106616056,21.632299101760996,0.5843408319014537,13.157894736842106,0;22.5;45;67.5;90;112.5;135;157.5;180;202.5;225;247.5;270;292.5;315;337.5
val_images_circle,circle,test008.png,7,rot60_padded,60.0,False,100,521,521,80896.0,0.2980242371559143,inpaint,pnp_hqs,wavelet,15.0,linear25p0_to_10p0,0.1,0.5,0.0,0.15,G16_fixed,False,16,20,telea,0.06959086430223682,11.57447769635734,0.18114715286448033,17,0.006119044898431512,22.133163601601883,0.6199759471265576,12.368421052631579,0;22.5;45;67.5;90;112.5;135;157.5;180;202.5;225;247.5;270;292.5;315;337.5
val_images_circle,circle,test008.png,7,rot60_padded,60.0,False,100,521,521,80896.0,0.2980242371559143,inpaint,pnp_hqs,wavelet,15.0,linear25p0_to_10p0,0.1,0.5,0.0,0.15,G16_fixed,False,16,20,telea,0.06959086430223682,11.57447769635734,0.18114715286448033,18,0.005450434699843201,22.635688591518722,0.6613032666942741,11.578947368421053,0;22.5;45;67.5;90;112.5;135;157.5;180;202.5;225;247.5;270;292.5;315;337.5
val_images_circle,circle,test008.png,7,rot60_padded,60.0,False,100,521,521,80896.0,0.2980242371559143,inpaint,pnp_hqs,wavelet,15.0,linear25p0_to_10p0,0.1,0.5,0.0,0.15,G16_fixed,False,16,20,telea,0.06959086430223682,11.57447769635734,0.18114715286448033,19,0.005055175929129878,22.962637255881567,0.6915275477155854,10.789473684210527,0;22.5;45;67.5;90;112.5;135;157.5;180;202.5;225;247.5;270;292.5;315;337.5
val_images_circle,circle,test008.png,7,rot60_padded,60.0,False,100,521,521,80896.0,0.2980242371559143,inpaint,pnp_hqs,wavelet,15.0,linear25p0_to_10p0,0.1,0.5,0.0,0.15,G16_fixed,False,16,20,telea,0.06959086430223682,11.57447769635734,0.18114715286448033,20,0.004807062541382222,23.181202275279993,0.711375031290175,10.0,0;22.5;45;67.5;90;112.5;135;157.5;180;202.5;225;247.5;270;292.5;315;337.5
val_images_circle,circle,test009.png,8,upright,0.0,False,100,521,521,80892.0,0.2980095148086548,inpaint,pnp_hqs,wavelet,15.0,linear25p0_to_10p0,0.1,0.5,0.0,0.15,vanilla,True,0,20,telea,0.07724032071697448,11.121559316129549,0.15410316088890125,1,0.007071286382421933,21.50501573760541,0.5970620453042328,25.0,none
val_images_circle,circle,test009.png,8,upright,0.0,False,100,521,521,80892.0,0.2980095148086548,inpaint,pnp_hqs,wavelet,15.0,linear25p0_to_10p0,0.1,0.5,0.0,0.15,vanilla,True,0,20,telea,0.07724032071697448,11.121559316129549,0.15410316088890125,2,0.00737700844084551,21.321197196173248,0.5885610791240172,24.210526315789476,none
val_images_circle,circle,test009.png,8,upright,0.0,False,100,521,521,80892.0,0.2980095148086548,inpaint,pnp_hqs,wavelet,15.0,linear25p0_to_10p0,0.1,0.5,0.0,0.15,vanilla,True,0,20,telea,0.07724032071697448,11.121559316129549,0.15410316088890125,3,0.007392238557901662,21.31224026270017,0.5888580607476636,23.42105263157895,none
val_images_circle,circle,test009.png,8,upright,0.0,False,100,521,521,80892.0,0.2980095148086548,inpaint,pnp_hqs,wavelet,15.0,linear25p0_to_10p0,0.1,0.5,0.0,0.15,vanilla,True,0,20,telea,0.07724032071697448,11.121559316129549,0.15410316088890125,4,0.007399262444930432,21.308115683853433,0.5900339148185234,22.631578947368418,none
val_images_circle,circle,test009.png,8,upright,0.0,False,100,521,521,80892.0,0.2980095148086548,inpaint,pnp_hqs,wavelet,15.0,linear25p0_to_10p0,0.1,0.5,0.0,0.15,vanilla,True,0,20,telea,0.07724032071697448,11.121559316129549,0.15410316088890125,5,0.007397742074067507,21.309008146483542,0.5916493499820749,21.842105263157894,none
val_images_circle,circle,test009.png,8,upright,0.0,False,100,521,521,80892.0,0.2980095148086548,inpaint,pnp_hqs,wavelet,15.0,linear25p0_to_10p0,0.1,0.5,0.0,0.15,vanilla,True,0,20,telea,0.07724032071697448,11.121559316129549,0.15410316088890125,6,0.007391158075978233,21.312875092908136,0.5933488575044504,21.05263157894737,none
val_images_circle,circle,test009.png,8,upright,0.0,False,100,521,521,80892.0,0.2980095148086548,inpaint,pnp_hqs,wavelet,15.0,linear25p0_to_10p0,0.1,0.5,0.0,0.15,vanilla,True,0,20,telea,0.07724032071697448,11.121559316129549,0.15410316088890125,7,0.007382791886336489,21.317793737405527,0.5949168721876081,20.263157894736842,none
val_images_circle,circle,test009.png,8,upright,0.0,False,100,521,521,80892.0,0.2980095148086548,inpaint,pnp_hqs,wavelet,15.0,linear25p0_to_10p0,0.1,0.5,0.0,0.15,vanilla,True,0,20,telea,0.07724032071697448,11.121559316129549,0.15410316088890125,8,0.007374526048716962,21.32265885999444,0.5962611124245908,19.473684210526315,none
val_images_circle,circle,test009.png,8,upright,0.0,False,100,521,521,80892.0,0.2980095148086548,inpaint,pnp_hqs,wavelet,15.0,linear25p0_to_10p0,0.1,0.5,0.0,0.15,vanilla,True,0,20,telea,0.07724032071697448,11.121559316129549,0.15410316088890125,9,0.007367440290516599,21.326833752071504,0.59733401286592,18.68421052631579,none
val_images_circle,circle,test009.png,8,upright,0.0,False,100,521,521,80892.0,0.2980095148086548,inpaint,pnp_hqs,wavelet,15.0,linear25p0_to_10p0,0.1,0.5,0.0,0.15,vanilla,True,0,20,telea,0.07724032071697448,11.121559316129549,0.15410316088890125,10,0.007362057498588009,21.330007949819937,0.5981263501798695,17.894736842105267,none
val_images_circle,circle,test009.png,8,upright,0.0,False,100,521,521,80892.0,0.2980095148086548,inpaint,pnp_hqs,wavelet,15.0,linear25p0_to_10p0,0.1,0.5,0.0,0.15,vanilla,True,0,20,telea,0.07724032071697448,11.121559316129549,0.15410316088890125,11,0.0073584568982118905,21.332132496373024,0.598656426160807,17.105263157894736,none
val_images_circle,circle,test009.png,8,upright,0.0,False,100,521,521,80892.0,0.2980095148086548,inpaint,pnp_hqs,wavelet,15.0,linear25p0_to_10p0,0.1,0.5,0.0,0.15,vanilla,True,0,20,telea,0.07724032071697448,11.121559316129549,0.15410316088890125,12,0.007215181373438118,21.417527472464002,0.6016001659620235,16.31578947368421,none
val_images_circle,circle,test009.png,8,upright,0.0,False,100,521,521,80892.0,0.2980095148086548,inpaint,pnp_hqs,wavelet,15.0,linear25p0_to_10p0,0.1,0.5,0.0,0.15,vanilla,True,0,20,telea,0.07724032071697448,11.121559316129549,0.15410316088890125,13,0.007009812846285402,21.542935770277133,0.6088688274180388,15.526315789473685,none
val_images_circle,circle,test009.png,8,upright,0.0,False,100,521,521,80892.0,0.2980095148086548,inpaint,pnp_hqs,wavelet,15.0,linear25p0_to_10p0,0.1,0.5,0.0,0.15,vanilla,True,0,20,telea,0.07724032071697448,11.121559316129549,0.15410316088890125,14,0.006874467394846292,21.62760943525253,0.6160878953573901,14.736842105263158,none
val_images_circle,circle,test009.png,8,upright,0.0,False,100,521,521,80892.0,0.2980095148086548,inpaint,pnp_hqs,wavelet,15.0,linear25p0_to_10p0,0.1,0.5,0.0,0.15,vanilla,True,0,20,telea,0.07724032071697448,11.121559316129549,0.15410316088890125,15,0.006441902643918743,21.909858429327144,0.6265142199630371,13.947368421052634,none
val_images_circle,circle,test009.png,8,upright,0.0,False,100,521,521,80892.0,0.2980095148086548,inpaint,pnp_hqs,wavelet,15.0,linear25p0_to_10p0,0.1,0.5,0.0,0.15,vanilla,True,0,20,telea,0.07724032071697448,11.121559316129549,0.15410316088890125,16,0.005667054499315059,22.466426107857163,0.6523017862551302,13.157894736842106,none
val_images_circle,circle,test009.png,8,upright,0.0,False,100,521,521,80892.0,0.2980095148086548,inpaint,pnp_hqs,wavelet,15.0,linear25p0_to_10p0,0.1,0.5,0.0,0.15,vanilla,True,0,20,telea,0.07724032071697448,11.121559316129549,0.15410316088890125,17,0.005084947126647258,22.937135585179757,0.6796134236080206,12.368421052631579,none
val_images_circle,circle,test009.png,8,upright,0.0,False,100,521,521,80892.0,0.2980095148086548,inpaint,pnp_hqs,wavelet,15.0,linear25p0_to_10p0,0.1,0.5,0.0,0.15,vanilla,True,0,20,telea,0.07724032071697448,11.121559316129549,0.15410316088890125,18,0.004769966273752735,23.214846916464403,0.6952825603891608,11.578947368421053,none
val_images_circle,circle,test009.png,8,upright,0.0,False,100,521,521,80892.0,0.2980095148086548,inpaint,pnp_hqs,wavelet,15.0,linear25p0_to_10p0,0.1,0.5,0.0,0.15,vanilla,True,0,20,telea,0.07724032071697448,11.121559316129549,0.15410316088890125,19,0.004590546289608173,23.381356289627377,0.701033186996242,10.789473684210527,none
val_images_circle,circle,test009.png,8,upright,0.0,False,100,521,521,80892.0,0.2980095148086548,inpaint,pnp_hqs,wavelet,15.0,linear25p0_to_10p0,0.1,0.5,0.0,0.15,vanilla,True,0,20,telea,0.07724032071697448,11.121559316129549,0.15410316088890125,20,0.004290394522944173,23.675027704587123,0.7061576411295307,10.0,none
val_images_circle,circle,test009.png,8,upright,0.0,False,100,521,521,80892.0,0.2980095148086548,inpaint,pnp_hqs,wavelet,15.0,linear25p0_to_10p0,0.1,0.5,0.0,0.15,G16_fixed,True,16,20,telea,0.07724032071697448,11.121559316129549,0.15410316088890125,1,0.009522774615285659,20.2123649441566,0.506245595979825,25.0,0;22.5;45;67.5;90;112.5;135;157.5;180;202.5;225;247.5;270;292.5;315;337.5
val_images_circle,circle,test009.png,8,upright,0.0,False,100,521,521,80892.0,0.2980095148086548,inpaint,pnp_hqs,wavelet,15.0,linear25p0_to_10p0,0.1,0.5,0.0,0.15,G16_fixed,True,16,20,telea,0.07724032071697448,11.121559316129549,0.15410316088890125,2,0.010955352549299916,19.603736420419395,0.4672368906999456,24.210526315789476,0;22.5;45;67.5;90;112.5;135;157.5;180;202.5;225;247.5;270;292.5;315;337.5
val_images_circle,circle,test009.png,8,upright,0.0,False,100,521,521,80892.0,0.2980095148086548,inpaint,pnp_hqs,wavelet,15.0,linear25p0_to_10p0,0.1,0.5,0.0,0.15,G16_fixed,True,16,20,telea,0.07724032071697448,11.121559316129549,0.15410316088890125,3,0.011339488017926294,19.45406553556779,0.4591726565204223,23.42105263157895,0;22.5;45;67.5;90;112.5;135;157.5;180;202.5;225;247.5;270;292.5;315;337.5
val_images_circle,circle,test009.png,8,upright,0.0,False,100,521,521,80892.0,0.2980095148086548,inpaint,pnp_hqs,wavelet,15.0,linear25p0_to_10p0,0.1,0.5,0.0,0.15,G16_fixed,True,16,20,telea,0.07724032071697448,11.121559316129549,0.15410316088890125,4,0.011457331473069416,19.409165221132245,0.45724971257973596,22.631578947368418,0;22.5;45;67.5;90;112.5;135;157.5;180;202.5;225;247.5;270;292.5;315;337.5
val_images_circle,circle,test009.png,8,upright,0.0,False,100,521,521,80892.0,0.2980095148086548,inpaint,pnp_hqs,wavelet,15.0,linear25p0_to_10p0,0.1,0.5,0.0,0.15,G16_fixed,True,16,20,telea,0.07724032071697448,11.121559316129549,0.15410316088890125,5,0.011485323651056346,19.398567620808524,0.45712338673787273,21.842105263157894,0;22.5;45;67.5;90;112.5;135;157.5;180;202.5;225;247.5;270;292.5;315;337.5
val_images_circle,circle,test009.png,8,upright,0.0,False,100,521,521,80892.0,0.2980095148086548,inpaint,pnp_hqs,wavelet,15.0,linear25p0_to_10p0,0.1,0.5,0.0,0.15,G16_fixed,True,16,20,telea,0.07724032071697448,11.121559316129549,0.15410316088890125,6,0.011479884269641544,19.400624901008857,0.457576344076052,21.05263157894737,0;22.5;45;67.5;90;112.5;135;157.5;180;202.5;225;247.5;270;292.5;315;337.5
val_images_circle,circle,test009.png,8,upright,0.0,False,100,521,521,80892.0,0.2980095148086548,inpaint,pnp_hqs,wavelet,15.0,linear25p0_to_10p0,0.1,0.5,0.0,0.15,G16_fixed,True,16,20,telea,0.07724032071697448,11.121559316129549,0.15410316088890125,7,0.011461866177231293,19.407446664444254,0.4582069109120803,20.263157894736842,0;22.5;45;67.5;90;112.5;135;157.5;180;202.5;225;247.5;270;292.5;315;337.5
val_images_circle,circle,test009.png,8,upright,0.0,False,100,521,521,80892.0,0.2980095148086548,inpaint,pnp_hqs,wavelet,15.0,linear25p0_to_10p0,0.1,0.5,0.0,0.15,G16_fixed,True,16,20,telea,0.07724032071697448,11.121559316129549,0.15410316088890125,8,0.011439606136934509,19.415889279468917,0.45887012158186224,19.473684210526315,0;22.5;45;67.5;90;112.5;135;157.5;180;202.5;225;247.5;270;292.5;315;337.5
val_images_circle,circle,test009.png,8,upright,0.0,False,100,521,521,80892.0,0.2980095148086548,inpaint,pnp_hqs,wavelet,15.0,linear25p0_to_10p0,0.1,0.5,0.0,0.15,G16_fixed,True,16,20,telea,0.07724032071697448,11.121559316129549,0.15410316088890125,9,0.0113931529594919,19.43356071933315,0.4598799073919547,18.68421052631579,0;22.5;45;67.5;90;112.5;135;157.5;180;202.5;225;247.5;270;292.5;315;337.5
val_images_circle,circle,test009.png,8,upright,0.0,False,100,521,521,80892.0,0.2980095148086548,inpaint,pnp_hqs,wavelet,15.0,linear25p0_to_10p0,0.1,0.5,0.0,0.15,G16_fixed,True,16,20,telea,0.07724032071697448,11.121559316129549,0.15410316088890125,10,0.011266203124227365,19.482224229093102,0.4626785366599911,17.894736842105267,0;22.5;45;67.5;90;112.5;135;157.5;180;202.5;225;247.5;270;292.5;315;337.5
val_images_circle,circle,test009.png,8,upright,0.0,False,100,521,521,80892.0,0.2980095148086548,inpaint,pnp_hqs,wavelet,15.0,linear25p0_to_10p0,0.1,0.5,0.0,0.15,G16_fixed,True,16,20,telea,0.07724032071697448,11.121559316129549,0.15410316088890125,11,0.011046724951845516,19.567664591881154,0.4681415498442368,17.105263157894736,0;22.5;45;67.5;90;112.5;135;157.5;180;202.5;225;247.5;270;292.5;315;337.5
val_images_circle,circle,test009.png,8,upright,0.0,False,100,521,521,80892.0,0.2980095148086548,inpaint,pnp_hqs,wavelet,15.0,linear25p0_to_10p0,0.1,0.5,0.0,0.15,G16_fixed,True,16,20,telea,0.07724032071697448,11.121559316129549,0.15410316088890125,12,0.010808388899078014,19.662390372572133,0.4751976400632943,16.31578947368421,0;22.5;45;67.5;90;112.5;135;157.5;180;202.5;225;247.5;270;292.5;315;337.5
val_images_circle,circle,test009.png,8,upright,0.0,False,100,521,521,80892.0,0.2980095148086548,inpaint,pnp_hqs,wavelet,15.0,linear25p0_to_10p0,0.1,0.5,0.0,0.15,G16_fixed,True,16,20,telea,0.07724032071697448,11.121559316129549,0.15410316088890125,13,0.010393692089790631,19.832301531746555,0.48526710382361665,15.526315789473685,0;22.5;45;67.5;90;112.5;135;157.5;180;202.5;225;247.5;270;292.5;315;337.5
val_images_circle,circle,test009.png,8,upright,0.0,False,100,521,521,80892.0,0.2980095148086548,inpaint,pnp_hqs,wavelet,15.0,linear25p0_to_10p0,0.1,0.5,0.0,0.15,G16_fixed,True,16,20,telea,0.07724032071697448,11.121559316129549,0.15410316088890125,14,0.009266520067603642,20.330833294132127,0.5175106160065273,14.736842105263158,0;22.5;45;67.5;90;112.5;135;157.5;180;202.5;225;247.5;270;292.5;315;337.5
val_images_circle,circle,test009.png,8,upright,0.0,False,100,521,521,80892.0,0.2980095148086548,inpaint,pnp_hqs,wavelet,15.0,linear25p0_to_10p0,0.1,0.5,0.0,0.15,G16_fixed,True,16,20,telea,0.07724032071697448,11.121559316129549,0.15410316088890125,15,0.008042880325532423,20.94588393357332,0.5601343361364536,13.947368421052634,0;22.5;45;67.5;90;112.5;135;157.5;180;202.5;225;247.5;270;292.5;315;337.5
val_images_circle,circle,test009.png,8,upright,0.0,False,100,521,521,80892.0,0.2980095148086548,inpaint,pnp_hqs,wavelet,15.0,linear25p0_to_10p0,0.1,0.5,0.0,0.15,G16_fixed,True,16,20,telea,0.07724032071697448,11.121559316129549,0.15410316088890125,16,0.007300044476016247,21.366744939028877,0.5921085366908965,13.157894736842106,0;22.5;45;67.5;90;112.5;135;157.5;180;202.5;225;247.5;270;292.5;315;337.5
val_images_circle,circle,test009.png,8,upright,0.0,False,100,521,521,80892.0,0.2980095148086548,inpaint,pnp_hqs,wavelet,15.0,linear25p0_to_10p0,0.1,0.5,0.0,0.15,G16_fixed,True,16,20,telea,0.07724032071697448,11.121559316129549,0.15410316088890125,17,0.006930316690579723,21.592469192368622,0.6094132937280572,12.368421052631579,0;22.5;45;67.5;90;112.5;135;157.5;180;202.5;225;247.5;270;292.5;315;337.5
val_images_circle,circle,test009.png,8,upright,0.0,False,100,521,521,80892.0,0.2980095148086548,inpaint,pnp_hqs,wavelet,15.0,linear25p0_to_10p0,0.1,0.5,0.0,0.15,G16_fixed,True,16,20,telea,0.07724032071697448,11.121559316129549,0.15410316088890125,18,0.006729793732499815,21.71998246654171,0.6192241661721802,11.578947368421053,0;22.5;45;67.5;90;112.5;135;157.5;180;202.5;225;247.5;270;292.5;315;337.5
val_images_circle,circle,test009.png,8,upright,0.0,False,100,521,521,80892.0,0.2980095148086548,inpaint,pnp_hqs,wavelet,15.0,linear25p0_to_10p0,0.1,0.5,0.0,0.15,G16_fixed,True,16,20,telea,0.07724032071697448,11.121559316129549,0.15410316088890125,19,0.006609126084731416,21.79855962854826,0.6253257622818078,10.789473684210527,0;22.5;45;67.5;90;112.5;135;157.5;180;202.5;225;247.5;270;292.5;315;337.5
val_images_circle,circle,test009.png,8,upright,0.0,False,100,521,521,80892.0,0.2980095148086548,inpaint,pnp_hqs,wavelet,15.0,linear25p0_to_10p0,0.1,0.5,0.0,0.15,G16_fixed,True,16,20,telea,0.07724032071697448,11.121559316129549,0.15410316088890125,20,0.00652954014037428,21.851174039516394,0.6294407203431737,10.0,0;22.5;45;67.5;90;112.5;135;157.5;180;202.5;225;247.5;270;292.5;315;337.5
val_images_circle,circle,test009.png,8,rot30_padded,30.0,False,100,521,521,80896.0,0.2980242371559143,inpaint,pnp_hqs,wavelet,15.0,linear25p0_to_10p0,0.1,0.5,0.0,0.15,vanilla,False,0,20,telea,0.0776573857174644,11.098172337692375,0.1525464601154569,1,0.007196086116983921,21.429036480075414,0.5892892185645767,25.0,none
val_images_circle,circle,test009.png,8,rot30_padded,30.0,False,100,521,521,80896.0,0.2980242371559143,inpaint,pnp_hqs,wavelet,15.0,linear25p0_to_10p0,0.1,0.5,0.0,0.15,vanilla,False,0,20,telea,0.0776573857174644,11.098172337692375,0.1525464601154569,2,0.007417674306072766,21.297322395138334,0.5835792927802363,24.210526315789476,none
val_images_circle,circle,test009.png,8,rot30_padded,30.0,False,100,521,521,80896.0,0.2980242371559143,inpaint,pnp_hqs,wavelet,15.0,linear25p0_to_10p0,0.1,0.5,0.0,0.15,vanilla,False,0,20,telea,0.0776573857174644,11.098172337692375,0.1525464601154569,3,0.007431590104404884,21.289182522308195,0.5838892490048951,23.42105263157895,none
val_images_circle,circle,test009.png,8,rot30_padded,30.0,False,100,521,521,80896.0,0.2980242371559143,inpaint,pnp_hqs,wavelet,15.0,linear25p0_to_10p0,0.1,0.5,0.0,0.15,vanilla,False,0,20,telea,0.0776573857174644,11.098172337692375,0.1525464601154569,4,0.0074404010289832005,21.28403655854556,0.5848798148239716,22.631578947368418,none
val_images_circle,circle,test009.png,8,rot30_padded,30.0,False,100,521,521,80896.0,0.2980242371559143,inpaint,pnp_hqs,wavelet,15.0,linear25p0_to_10p0,0.1,0.5,0.0,0.15,vanilla,False,0,20,telea,0.0776573857174644,11.098172337692375,0.1525464601154569,5,0.0074408959738815885,21.283747669965145,0.5862079089200949,21.842105263157894,none
val_images_circle,circle,test009.png,8,rot30_padded,30.0,False,100,521,521,80896.0,0.2980242371559143,inpaint,pnp_hqs,wavelet,15.0,linear25p0_to_10p0,0.1,0.5,0.0,0.15,vanilla,False,0,20,telea,0.0776573857174644,11.098172337692375,0.1525464601154569,6,0.0074360083930100065,21.286601287124203,0.5876101723200158,21.05263157894737,none
val_images_circle,circle,test009.png,8,rot30_padded,30.0,False,100,521,521,80896.0,0.2980242371559143,inpaint,pnp_hqs,wavelet,15.0,linear25p0_to_10p0,0.1,0.5,0.0,0.15,vanilla,False,0,20,telea,0.0776573857174644,11.098172337692375,0.1525464601154569,7,0.007428557812413083,21.290954924178223,0.5889167785644531,20.263157894736842,none
val_images_circle,circle,test009.png,8,rot30_padded,30.0,False,100,521,521,80896.0,0.2980242371559143,inpaint,pnp_hqs,wavelet,15.0,linear25p0_to_10p0,0.1,0.5,0.0,0.15,vanilla,False,0,20,telea,0.0776573857174644,11.098172337692375,0.1525464601154569,8,0.007420607759982724,21.29560523831797,0.5900498885142652,19.473684210526315,none
val_images_circle,circle,test009.png,8,rot30_padded,30.0,False,100,521,521,80896.0,0.2980242371559143,inpaint,pnp_hqs,wavelet,15.0,linear25p0_to_10p0,0.1,0.5,0.0,0.15,vanilla,False,0,20,telea,0.0776573857174644,11.098172337692375,0.1525464601154569,9,0.0074133231670041625,21.299870673829815,0.590979853762856,18.68421052631579,none
val_images_circle,circle,test009.png,8,rot30_padded,30.0,False,100,521,521,80896.0,0.2980242371559143,inpaint,pnp_hqs,wavelet,15.0,linear25p0_to_10p0,0.1,0.5,0.0,0.15,vanilla,False,0,20,telea,0.0776573857174644,11.098172337692375,0.1525464601154569,10,0.007407324223578731,21.303386455698906,0.591690208338484,17.894736842105267,none
val_images_circle,circle,test009.png,8,rot30_padded,30.0,False,100,521,521,80896.0,0.2980242371559143,inpaint,pnp_hqs,wavelet,15.0,linear25p0_to_10p0,0.1,0.5,0.0,0.15,vanilla,False,0,20,telea,0.0776573857174644,11.098172337692375,0.1525464601154569,11,0.0074029059349736085,21.30597768945698,0.592176992681962,17.105263157894736,none
val_images_circle,circle,test009.png,8,rot30_padded,30.0,False,100,521,521,80896.0,0.2980242371559143,inpaint,pnp_hqs,wavelet,15.0,linear25p0_to_10p0,0.1,0.5,0.0,0.15,vanilla,False,0,20,telea,0.0776573857174644,11.098172337692375,0.1525464601154569,12,0.007336825509614582,21.34491809549004,0.5933880866328373,16.31578947368421,none
val_images_circle,circle,test009.png,8,rot30_padded,30.0,False,100,521,521,80896.0,0.2980242371559143,inpaint,pnp_hqs,wavelet,15.0,linear25p0_to_10p0,0.1,0.5,0.0,0.15,vanilla,False,0,20,telea,0.0776573857174644,11.098172337692375,0.1525464601154569,13,0.007147825971434388,21.458260298325662,0.5987042777145966,15.526315789473685,none
val_images_circle,circle,test009.png,8,rot30_padded,30.0,False,100,521,521,80896.0,0.2980242371559143,inpaint,pnp_hqs,wavelet,15.0,linear25p0_to_10p0,0.1,0.5,0.0,0.15,vanilla,False,0,20,telea,0.0776573857174644,11.098172337692375,0.1525464601154569,14,0.006668394879449772,21.759786906544235,0.6121779816060127,14.736842105263158,none
val_images_circle,circle,test009.png,8,rot30_padded,30.0,False,100,521,521,80896.0,0.2980242371559143,inpaint,pnp_hqs,wavelet,15.0,linear25p0_to_10p0,0.1,0.5,0.0,0.15,vanilla,False,0,20,telea,0.0776573857174644,11.098172337692375,0.1525464601154569,15,0.006090188328223892,22.153692773763517,0.6328929466537282,13.947368421052634,none
val_images_circle,circle,test009.png,8,rot30_padded,30.0,False,100,521,521,80896.0,0.2980242371559143,inpaint,pnp_hqs,wavelet,15.0,linear25p0_to_10p0,0.1,0.5,0.0,0.15,vanilla,False,0,20,telea,0.0776573857174644,11.098172337692375,0.1525464601154569,16,0.005523164815540555,22.578119968973066,0.6556285423568532,13.157894736842106,none
val_images_circle,circle,test009.png,8,rot30_padded,30.0,False,100,521,521,80896.0,0.2980242371559143,inpaint,pnp_hqs,wavelet,15.0,linear25p0_to_10p0,0.1,0.5,0.0,0.15,vanilla,False,0,20,telea,0.0776573857174644,11.098172337692375,0.1525464601154569,17,0.005052271900297721,22.965132848741572,0.6759865676300435,12.368421052631579,none
val_images_circle,circle,test009.png,8,rot30_padded,30.0,False,100,521,521,80896.0,0.2980242371559143,inpaint,pnp_hqs,wavelet,15.0,linear25p0_to_10p0,0.1,0.5,0.0,0.15,vanilla,False,0,20,telea,0.0776573857174644,11.098172337692375,0.1525464601154569,18,0.004764484076560298,23.219841201744174,0.689565537851068,11.578947368421053,none
val_images_circle,circle,test009.png,8,rot30_padded,30.0,False,100,521,521,80896.0,0.2980242371559143,inpaint,pnp_hqs,wavelet,15.0,linear25p0_to_10p0,0.1,0.5,0.0,0.15,vanilla,False,0,20,telea,0.0776573857174644,11.098172337692375,0.1525464601154569,19,0.004585309496408776,23.386313452619753,0.6956926659692692,10.789473684210527,none
val_images_circle,circle,test009.png,8,rot30_padded,30.0,False,100,521,521,80896.0,0.2980242371559143,inpaint,pnp_hqs,wavelet,15.0,linear25p0_to_10p0,0.1,0.5,0.0,0.15,vanilla,False,0,20,telea,0.0776573857174644,11.098172337692375,0.1525464601154569,20,0.004258071319966377,23.707870686824663,0.7017299314088459,10.0,none
val_images_circle,circle,test009.png,8,rot30_padded,30.0,False,100,521,521,80896.0,0.2980242371559143,inpaint,pnp_hqs,wavelet,15.0,linear25p0_to_10p0,0.1,0.5,0.0,0.15,G16_fixed,False,16,20,telea,0.0776573857174644,11.098172337692375,0.1525464601154569,1,0.005991439276103732,22.224688379469157,0.6459653347353392,25.0,0;22.5;45;67.5;90;112.5;135;157.5;180;202.5;225;247.5;270;292.5;315;337.5
val_images_circle,circle,test009.png,8,rot30_padded,30.0,False,100,521,521,80896.0,0.2980242371559143,inpaint,pnp_hqs,wavelet,15.0,linear25p0_to_10p0,0.1,0.5,0.0,0.15,G16_fixed,False,16,20,telea,0.0776573857174644,11.098172337692375,0.1525464601154569,2,0.006521103502828864,21.85678906624206,0.6213101737106903,24.210526315789476,0;22.5;45;67.5;90;112.5;135;157.5;180;202.5;225;247.5;270;292.5;315;337.5
val_images_circle,circle,test009.png,8,rot30_padded,30.0,False,100,521,521,80896.0,0.2980242371559143,inpaint,pnp_hqs,wavelet,15.0,linear25p0_to_10p0,0.1,0.5,0.0,0.15,G16_fixed,False,16,20,telea,0.0776573857174644,11.098172337692375,0.1525464601154569,3,0.006686090668545494,21.74827738335434,0.614394996739641,23.42105263157895,0;22.5;45;67.5;90;112.5;135;157.5;180;202.5;225;247.5;270;292.5;315;337.5
val_images_circle,circle,test009.png,8,rot30_padded,30.0,False,100,521,521,80896.0,0.2980242371559143,inpaint,pnp_hqs,wavelet,15.0,linear25p0_to_10p0,0.1,0.5,0.0,0.15,G16_fixed,False,16,20,telea,0.0776573857174644,11.098172337692375,0.1525464601154569,4,0.006733990922758851,21.71727473364978,0.6132891691183742,22.631578947368418,0;22.5;45;67.5;90;112.5;135;157.5;180;202.5;225;247.5;270;292.5;315;337.5
val_images_circle,circle,test009.png,8,rot30_padded,30.0,False,100,521,521,80896.0,0.2980242371559143,inpaint,pnp_hqs,wavelet,15.0,linear25p0_to_10p0,0.1,0.5,0.0,0.15,G16_fixed,False,16,20,telea,0.0776573857174644,11.098172337692375,0.1525464601154569,5,0.0067325211778471745,21.71822271795739,0.6144471953186808,21.842105263157894,0;22.5;45;67.5;90;112.5;135;157.5;180;202.5;225;247.5;270;292.5;315;337.5
val_images_circle,circle,test009.png,8,rot30_padded,30.0,False,100,521,521,80896.0,0.2980242371559143,inpaint,pnp_hqs,wavelet,15.0,linear25p0_to_10p0,0.1,0.5,0.0,0.15,G16_fixed,False,16,20,telea,0.0776573857174644,11.098172337692375,0.1525464601154569,6,0.006709905364845372,21.732836049897678,0.6164622729337668,21.05263157894737,0;22.5;45;67.5;90;112.5;135;157.5;180;202.5;225;247.5;270;292.5;315;337.5
val_images_circle,circle,test009.png,8,rot30_padded,30.0,False,100,521,521,80896.0,0.2980242371559143,inpaint,pnp_hqs,wavelet,15.0,linear25p0_to_10p0,0.1,0.5,0.0,0.15,G16_fixed,False,16,20,telea,0.0776573857174644,11.098172337692375,0.1525464601154569,7,0.0066543425185770924,21.768948484777894,0.6191673761681665,20.263157894736842,0;22.5;45;67.5;90;112.5;135;157.5;180;202.5;225;247.5;270;292.5;315;337.5
val_images_circle,circle,test009.png,8,rot30_padded,30.0,False,100,521,521,80896.0,0.2980242371559143,inpaint,pnp_hqs,wavelet,15.0,linear25p0_to_10p0,0.1,0.5,0.0,0.15,G16_fixed,False,16,20,telea,0.0776573857174644,11.098172337692375,0.1525464601154569,8,0.006536281561549706,21.846692480922883,0.6235570304001434,19.473684210526315,0;22.5;45;67.5;90;112.5;135;157.5;180;202.5;225;247.5;270;292.5;315;337.5
val_images_circle,circle,test009.png,8,rot30_padded,30.0,False,100,521,521,80896.0,0.2980242371559143,inpaint,pnp_hqs,wavelet,15.0,linear25p0_to_10p0,0.1,0.5,0.0,0.15,G16_fixed,False,16,20,telea,0.0776573857174644,11.098172337692375,0.1525464601154569,9,0.006380369391622422,21.951541770626477,0.6297491532337817,18.68421052631579,0;22.5;45;67.5;90;112.5;135;157.5;180;202.5;225;247.5;270;292.5;315;337.5
val_images_circle,circle,test009.png,8,rot30_padded,30.0,False,100,521,521,80896.0,0.2980242371559143,inpaint,pnp_hqs,wavelet,15.0,linear25p0_to_10p0,0.1,0.5,0.0,0.15,G16_fixed,False,16,20,telea,0.0776573857174644,11.098172337692375,0.1525464601154569,10,0.006040239635902115,22.189458311660406,0.6403283710721173,17.894736842105267,0;22.5;45;67.5;90;112.5;135;157.5;180;202.5;225;247.5;270;292.5;315;337.5
val_images_circle,circle,test009.png,8,rot30_padded,30.0,False,100,521,521,80896.0,0.2980242371559143,inpaint,pnp_hqs,wavelet,15.0,linear25p0_to_10p0,0.1,0.5,0.0,0.15,G16_fixed,False,16,20,telea,0.0776573857174644,11.098172337692375,0.1525464601154569,11,0.005512724571590182,22.586337053307552,0.6572745117960097,17.105263157894736,0;22.5;45;67.5;90;112.5;135;157.5;180;202.5;225;247.5;270;292.5;315;337.5
val_images_circle,circle,test009.png,8,rot30_padded,30.0,False,100,521,521,80896.0,0.2980242371559143,inpaint,pnp_hqs,wavelet,15.0,linear25p0_to_10p0,0.1,0.5,0.0,0.15,G16_fixed,False,16,20,telea,0.0776573857174644,11.098172337692375,0.1525464601154569,12,0.004889204909529867,23.107617608107706,0.6805755035786689,16.31578947368421,0;22.5;45;67.5;90;112.5;135;157.5;180;202.5;225;247.5;270;292.5;315;337.5
val_images_circle,circle,test009.png,8,rot30_padded,30.0,False,100,521,521,80896.0,0.2980242371559143,inpaint,pnp_hqs,wavelet,15.0,linear25p0_to_10p0,0.1,0.5,0.0,0.15,G16_fixed,False,16,20,telea,0.0776573857174644,11.098172337692375,0.1525464601154569,13,0.004409323387508151,23.556280480868267,0.7035227425490753,15.526315789473685,0;22.5;45;67.5;90;112.5;135;157.5;180;202.5;225;247.5;270;292.5;315;337.5
val_images_circle,circle,test009.png,8,rot30_padded,30.0,False,100,521,521,80896.0,0.2980242371559143,inpaint,pnp_hqs,wavelet,15.0,linear25p0_to_10p0,0.1,0.5,0.0,0.15,G16_fixed,False,16,20,telea,0.0776573857174644,11.098172337692375,0.1525464601154569,14,0.00407643069194842,23.89719937213429,0.7224863269661046,14.736842105263158,0;22.5;45;67.5;90;112.5;135;157.5;180;202.5;225;247.5;270;292.5;315;337.5
val_images_circle,circle,test009.png,8,rot30_padded,30.0,False,100,521,521,80896.0,0.2980242371559143,inpaint,pnp_hqs,wavelet,15.0,linear25p0_to_10p0,0.1,0.5,0.0,0.15,G16_fixed,False,16,20,telea,0.0776573857174644,11.098172337692375,0.1525464601154569,15,0.0038417140139809136,24.154749681502288,0.7371621916565714,13.947368421052634,0;22.5;45;67.5;90;112.5;135;157.5;180;202.5;225;247.5;270;292.5;315;337.5
val_images_circle,circle,test009.png,8,rot30_padded,30.0,False,100,521,521,80896.0,0.2980242371559143,inpaint,pnp_hqs,wavelet,15.0,linear25p0_to_10p0,0.1,0.5,0.0,0.15,G16_fixed,False,16,20,telea,0.0776573857174644,11.098172337692375,0.1525464601154569,16,0.0036708078806913353,24.35238344599524,0.74824239030669,13.157894736842106,0;22.5;45;67.5;90;112.5;135;157.5;180;202.5;225;247.5;270;292.5;315;337.5
val_images_circle,circle,test009.png,8,rot30_padded,30.0,False,100,521,521,80896.0,0.2980242371559143,inpaint,pnp_hqs,wavelet,15.0,linear25p0_to_10p0,0.1,0.5,0.0,0.15,G16_fixed,False,16,20,telea,0.0776573857174644,11.098172337692375,0.1525464601154569,17,0.00352220897433124,24.53184880706461,0.7569136317772202,12.368421052631579,0;22.5;45;67.5;90;112.5;135;157.5;180;202.5;225;247.5;270;292.5;315;337.5
val_images_circle,circle,test009.png,8,rot30_padded,30.0,False,100,521,521,80896.0,0.2980242371559143,inpaint,pnp_hqs,wavelet,15.0,linear25p0_to_10p0,0.1,0.5,0.0,0.15,G16_fixed,False,16,20,telea,0.0776573857174644,11.098172337692375,0.1525464601154569,18,0.0032640714434128775,24.86240344054078,0.7671647373634048,11.578947368421053,0;22.5;45;67.5;90;112.5;135;157.5;180;202.5;225;247.5;270;292.5;315;337.5
val_images_circle,circle,test009.png,8,rot30_padded,30.0,False,100,521,521,80896.0,0.2980242371559143,inpaint,pnp_hqs,wavelet,15.0,linear25p0_to_10p0,0.1,0.5,0.0,0.15,G16_fixed,False,16,20,telea,0.0776573857174644,11.098172337692375,0.1525464601154569,19,0.0028241748296761815,25.491084219214187,0.7837600708007812,10.789473684210527,0;22.5;45;67.5;90;112.5;135;157.5;180;202.5;225;247.5;270;292.5;315;337.5
val_images_circle,circle,test009.png,8,rot30_padded,30.0,False,100,521,521,80896.0,0.2980242371559143,inpaint,pnp_hqs,wavelet,15.0,linear25p0_to_10p0,0.1,0.5,0.0,0.15,G16_fixed,False,16,20,telea,0.0776573857174644,11.098172337692375,0.1525464601154569,20,0.002598161938824231,25.85333783614808,0.7918062813674347,10.0,0;22.5;45;67.5;90;112.5;135;157.5;180;202.5;225;247.5;270;292.5;315;337.5
val_images_circle,circle,test009.png,8,rot45_padded,45.0,False,100,521,521,80887.0,0.2979910969734192,inpaint,pnp_hqs,wavelet,15.0,linear25p0_to_10p0,0.1,0.5,0.0,0.15,vanilla,False,0,20,telea,0.07784422635899464,11.087735931589943,0.15184908807966668,1,0.00731400862106434,21.358445320922506,0.5875085091702004,25.0,none
val_images_circle,circle,test009.png,8,rot45_padded,45.0,False,100,521,521,80887.0,0.2979910969734192,inpaint,pnp_hqs,wavelet,15.0,linear25p0_to_10p0,0.1,0.5,0.0,0.15,vanilla,False,0,20,telea,0.07784422635899464,11.087735931589943,0.15184908807966668,2,0.00729217806602498,21.37142734950157,0.5867942604343096,24.210526315789476,none
val_images_circle,circle,test009.png,8,rot45_padded,45.0,False,100,521,521,80887.0,0.2979910969734192,inpaint,pnp_hqs,wavelet,15.0,linear25p0_to_10p0,0.1,0.5,0.0,0.15,vanilla,False,0,20,telea,0.07784422635899464,11.087735931589943,0.15184908807966668,3,0.007302114284916767,21.365513742183495,0.5867622423875283,23.42105263157895,none
val_images_circle,circle,test009.png,8,rot45_padded,45.0,False,100,521,521,80887.0,0.2979910969734192,inpaint,pnp_hqs,wavelet,15.0,linear25p0_to_10p0,0.1,0.5,0.0,0.15,vanilla,False,0,20,telea,0.07784422635899464,11.087735931589943,0.15184908807966668,4,0.0073074702449482,21.362329443565834,0.5875342008759133,22.631578947368418,none
val_images_circle,circle,test009.png,8,rot45_padded,45.0,False,100,521,521,80887.0,0.2979910969734192,inpaint,pnp_hqs,wavelet,15.0,linear25p0_to_10p0,0.1,0.5,0.0,0.15,vanilla,False,0,20,telea,0.07784422635899464,11.087735931589943,0.15184908807966668,5,0.007305963362420336,21.36322509996888,0.5887038495833694,21.842105263157894,none
val_images_circle,circle,test009.png,8,rot45_padded,45.0,False,100,521,521,80887.0,0.2979910969734192,inpaint,pnp_hqs,wavelet,15.0,linear25p0_to_10p0,0.1,0.5,0.0,0.15,vanilla,False,0,20,telea,0.07784422635899464,11.087735931589943,0.15184908807966668,6,0.007300045999984932,21.36674403238903,0.589995968527081,21.05263157894737,none
val_images_circle,circle,test009.png,8,rot45_padded,45.0,False,100,521,521,80887.0,0.2979910969734192,inpaint,pnp_hqs,wavelet,15.0,linear25p0_to_10p0,0.1,0.5,0.0,0.15,vanilla,False,0,20,telea,0.07784422635899464,11.087735931589943,0.15184908807966668,7,0.007292399155950199,21.37129567871938,0.5912336616205324,20.263157894736842,none
val_images_circle,circle,test009.png,8,rot45_padded,45.0,False,100,521,521,80887.0,0.2979910969734192,inpaint,pnp_hqs,wavelet,15.0,linear25p0_to_10p0,0.1,0.5,0.0,0.15,vanilla,False,0,20,telea,0.07784422635899464,11.087735931589943,0.15184908807966668,8,0.00728491605428329,21.37575448337587,0.592298273749181,19.473684210526315,none
val_images_circle,circle,test009.png,8,rot45_padded,45.0,False,100,521,521,80887.0,0.2979910969734192,inpaint,pnp_hqs,wavelet,15.0,linear25p0_to_10p0,0.1,0.5,0.0,0.15,vanilla,False,0,20,telea,0.07784422635899464,11.087735931589943,0.15184908807966668,9,0.007278527083645626,21.379564976326893,0.5931694736947841,18.68421052631579,none
val_images_circle,circle,test009.png,8,rot45_padded,45.0,False,100,521,521,80887.0,0.2979910969734192,inpaint,pnp_hqs,wavelet,15.0,linear25p0_to_10p0,0.1,0.5,0.0,0.15,vanilla,False,0,20,telea,0.07784422635899464,11.087735931589943,0.15184908807966668,10,0.007273688006203871,21.382453312837786,0.5938356712141629,17.894736842105267,none
val_images_circle,circle,test009.png,8,rot45_padded,45.0,False,100,521,521,80887.0,0.2979910969734192,inpaint,pnp_hqs,wavelet,15.0,linear25p0_to_10p0,0.1,0.5,0.0,0.15,vanilla,False,0,20,telea,0.07784422635899464,11.087735931589943,0.15184908807966668,11,0.00727054596371713,21.384329756434536,0.5942997155754324,17.105263157894736,none
val_images_circle,circle,test009.png,8,rot45_padded,45.0,False,100,521,521,80887.0,0.2979910969734192,inpaint,pnp_hqs,wavelet,15.0,linear25p0_to_10p0,0.1,0.5,0.0,0.15,vanilla,False,0,20,telea,0.07784422635899464,11.087735931589943,0.15184908807966668,12,0.00726895004156068,21.385283159755566,0.5945888438500624,16.31578947368421,none
val_images_circle,circle,test009.png,8,rot45_padded,45.0,False,100,521,521,80887.0,0.2979910969734192,inpaint,pnp_hqs,wavelet,15.0,linear25p0_to_10p0,0.1,0.5,0.0,0.15,vanilla,False,0,20,telea,0.07784422635899464,11.087735931589943,0.15184908807966668,13,0.007168850634701034,21.445504681843225,0.5964325134910431,15.526315789473685,none
val_images_circle,circle,test009.png,8,rot45_padded,45.0,False,100,521,521,80887.0,0.2979910969734192,inpaint,pnp_hqs,wavelet,15.0,linear25p0_to_10p0,0.1,0.5,0.0,0.15,vanilla,False,0,20,telea,0.07784422635899464,11.087735931589943,0.15184908807966668,14,0.007005988099138304,21.545306047407003,0.6026774331011163,14.736842105263158,none
val_images_circle,circle,test009.png,8,rot45_padded,45.0,False,100,521,521,80887.0,0.2979910969734192,inpaint,pnp_hqs,wavelet,15.0,linear25p0_to_10p0,0.1,0.5,0.0,0.15,vanilla,False,0,20,telea,0.07784422635899464,11.087735931589943,0.15184908807966668,15,0.006510639517262508,21.86376350114283,0.6172791595064719,13.947368421052634,none
val_images_circle,circle,test009.png,8,rot45_padded,45.0,False,100,521,521,80887.0,0.2979910969734192,inpaint,pnp_hqs,wavelet,15.0,linear25p0_to_10p0,0.1,0.5,0.0,0.15,vanilla,False,0,20,telea,0.07784422635899464,11.087735931589943,0.15184908807966668,16,0.005801968585901473,22.364246269650295,0.6427822823043258,13.157894736842106,none
val_images_circle,circle,test009.png,8,rot45_padded,45.0,False,100,521,521,80887.0,0.2979910969734192,inpaint,pnp_hqs,wavelet,15.0,linear25p0_to_10p0,0.1,0.5,0.0,0.15,vanilla,False,0,20,telea,0.07784422635899464,11.087735931589943,0.15184908807966668,17,0.005210215741752383,22.831442933007242,0.6703483718026383,12.368421052631579,none
val_images_circle,circle,test009.png,8,rot45_padded,45.0,False,100,521,521,80887.0,0.2979910969734192,inpaint,pnp_hqs,wavelet,15.0,linear25p0_to_10p0,0.1,0.5,0.0,0.15,vanilla,False,0,20,telea,0.07784422635899464,11.087735931589943,0.15184908807966668,18,0.004856262844645539,23.136978151597614,0.6888569277201528,11.578947368421053,none
val_images_circle,circle,test009.png,8,rot45_padded,45.0,False,100,521,521,80887.0,0.2979910969734192,inpaint,pnp_hqs,wavelet,15.0,linear25p0_to_10p0,0.1,0.5,0.0,0.15,vanilla,False,0,20,telea,0.07784422635899464,11.087735931589943,0.15184908807966668,19,0.004657555444705075,23.318419664507985,0.6968481106358253,10.789473684210527,none
val_images_circle,circle,test009.png,8,rot45_padded,45.0,False,100,521,521,80887.0,0.2979910969734192,inpaint,pnp_hqs,wavelet,15.0,linear25p0_to_10p0,0.1,0.5,0.0,0.15,vanilla,False,0,20,telea,0.07784422635899464,11.087735931589943,0.15184908807966668,20,0.004291282632208938,23.674128810472563,0.7045304618634638,10.0,none
val_images_circle,circle,test009.png,8,rot45_padded,45.0,False,100,521,521,80887.0,0.2979910969734192,inpaint,pnp_hqs,wavelet,15.0,linear25p0_to_10p0,0.1,0.5,0.0,0.15,G16_fixed,False,16,20,telea,0.07784422635899464,11.087735931589943,0.15184908807966668,1,0.005964353099390392,22.244366535192675,0.6463456059842744,25.0,0;22.5;45;67.5;90;112.5;135;157.5;180;202.5;225;247.5;270;292.5;315;337.5
val_images_circle,circle,test009.png,8,rot45_padded,45.0,False,100,521,521,80887.0,0.2979910969734192,inpaint,pnp_hqs,wavelet,15.0,linear25p0_to_10p0,0.1,0.5,0.0,0.15,G16_fixed,False,16,20,telea,0.07784422635899464,11.087735931589943,0.15184908807966668,2,0.00651278250493358,21.86233424894299,0.6217774777621867,24.210526315789476,0;22.5;45;67.5;90;112.5;135;157.5;180;202.5;225;247.5;270;292.5;315;337.5
val_images_circle,circle,test009.png,8,rot45_padded,45.0,False,100,521,521,80887.0,0.2979910969734192,inpaint,pnp_hqs,wavelet,15.0,linear25p0_to_10p0,0.1,0.5,0.0,0.15,G16_fixed,False,16,20,telea,0.07784422635899464,11.087735931589943,0.15184908807966668,3,0.006683000619305327,21.750284986307772,0.6150935293990382,23.42105263157895,0;22.5;45;67.5;90;112.5;135;157.5;180;202.5;225;247.5;270;292.5;315;337.5
val_images_circle,circle,test009.png,8,rot45_padded,45.0,False,100,521,521,80887.0,0.2979910969734192,inpaint,pnp_hqs,wavelet,15.0,linear25p0_to_10p0,0.1,0.5,0.0,0.15,G16_fixed,False,16,20,telea,0.07784422635899464,11.087735931589943,0.15184908807966668,4,0.006732516462250191,21.718225759846767,0.6140748919016653,22.631578947368418,0;22.5;45;67.5;90;112.5;135;157.5;180;202.5;225;247.5;270;292.5;315;337.5
val_images_circle,circle,test009.png,8,rot45_padded,45.0,False,100,521,521,80887.0,0.2979910969734192,inpaint,pnp_hqs,wavelet,15.0,linear25p0_to_10p0,0.1,0.5,0.0,0.15,G16_fixed,False,16,20,telea,0.07784422635899464,11.087735931589943,0.15184908807966668,5,0.006731377811406654,21.71896033153797,0.6152186557326889,21.842105263157894,0;22.5;45;67.5;90;112.5;135;157.5;180;202.5;225;247.5;270;292.5;315;337.5
val_images_circle,circle,test009.png,8,rot45_padded,45.0,False,100,521,521,80887.0,0.2979910969734192,inpaint,pnp_hqs,wavelet,15.0,linear25p0_to_10p0,0.1,0.5,0.0,0.15,G16_fixed,False,16,20,telea,0.07784422635899464,11.087735931589943,0.15184908807966668,6,0.006707119040055494,21.734639855960648,0.6171928604874701,21.05263157894737,0;22.5;45;67.5;90;112.5;135;157.5;180;202.5;225;247.5;270;292.5;315;337.5
val_images_circle,circle,test009.png,8,rot45_padded,45.0,False,100,521,521,80887.0,0.2979910969734192,inpaint,pnp_hqs,wavelet,15.0,linear25p0_to_10p0,0.1,0.5,0.0,0.15,G16_fixed,False,16,20,telea,0.07784422635899464,11.087735931589943,0.15184908807966668,7,0.006625551194538754,21.78777985951298,0.6203835578492217,20.263157894736842,0;22.5;45;67.5;90;112.5;135;157.5;180;202.5;225;247.5;270;292.5;315;337.5
val_images_circle,circle,test009.png,8,rot45_padded,45.0,False,100,521,521,80887.0,0.2979910969734192,inpaint,pnp_hqs,wavelet,15.0,linear25p0_to_10p0,0.1,0.5,0.0,0.15,G16_fixed,False,16,20,telea,0.07784422635899464,11.087735931589943,0.15184908807966668,8,0.006506367878809713,21.866613847645496,0.6250466024361145,19.473684210526315,0;22.5;45;67.5;90;112.5;135;157.5;180;202.5;225;247.5;270;292.5;315;337.5
val_images_circle,circle,test009.png,8,rot45_padded,45.0,False,100,521,521,80887.0,0.2979910969734192,inpaint,pnp_hqs,wavelet,15.0,linear25p0_to_10p0,0.1,0.5,0.0,0.15,G16_fixed,False,16,20,telea,0.07784422635899464,11.087735931589943,0.15184908807966668,9,0.006357003147282243,21.967475735550753,0.6310307415746659,18.68421052631579,0;22.5;45;67.5;90;112.5;135;157.5;180;202.5;225;247.5;270;292.5;315;337.5
val_images_circle,circle,test009.png,8,rot45_padded,45.0,False,100,521,521,80887.0,0.2979910969734192,inpaint,pnp_hqs,wavelet,15.0,linear25p0_to_10p0,0.1,0.5,0.0,0.15,G16_fixed,False,16,20,telea,0.07784422635899464,11.087735931589943,0.15184908807966668,10,0.006095745408259555,22.149731798077177,0.6396034166491525,17.894736842105267,0;22.5;45;67.5;90;112.5;135;157.5;180;202.5;225;247.5;270;292.5;315;337.5
val_images_circle,circle,test009.png,8,rot45_padded,45.0,False,100,521,521,80887.0,0.2979910969734192,inpaint,pnp_hqs,wavelet,15.0,linear25p0_to_10p0,0.1,0.5,0.0,0.15,G16_fixed,False,16,20,telea,0.07784422635899464,11.087735931589943,0.15184908807966668,11,0.005611108746446624,22.509513143434077,0.6548666561839356,17.105263157894736,0;22.5;45;67.5;90;112.5;135;157.5;180;202.5;225;247.5;270;292.5;315;337.5
val_images_circle,circle,test009.png,8,rot45_padded,45.0,False,100,521,521,80887.0,0.2979910969734192,inpaint,pnp_hqs,wavelet,15.0,linear25p0_to_10p0,0.1,0.5,0.0,0.15,G16_fixed,False,16,20,telea,0.07784422635899464,11.087735931589943,0.15184908807966668,12,0.004996545534057157,23.013301504627577,0.6773892030703327,16.31578947368421,0;22.5;45;67.5;90;112.5;135;157.5;180;202.5;225;247.5;270;292.5;315;337.5
val_images_circle,circle,test009.png,8,rot45_padded,45.0,False,100,521,521,80887.0,0.2979910969734192,inpaint,pnp_hqs,wavelet,15.0,linear25p0_to_10p0,0.1,0.5,0.0,0.15,G16_fixed,False,16,20,telea,0.07784422635899464,11.087735931589943,0.15184908807966668,13,0.0044987359119386845,23.469095003561193,0.7011060762236206,15.526315789473685,0;22.5;45;67.5;90;112.5;135;157.5;180;202.5;225;247.5;270;292.5;315;337.5
val_images_circle,circle,test009.png,8,rot45_padded,45.0,False,100,521,521,80887.0,0.2979910969734192,inpaint,pnp_hqs,wavelet,15.0,linear25p0_to_10p0,0.1,0.5,0.0,0.15,G16_fixed,False,16,20,telea,0.07784422635899464,11.087735931589943,0.15184908807966668,14,0.0041505743635556,23.818918007185484,0.7209318149857208,14.736842105263158,0;22.5;45;67.5;90;112.5;135;157.5;180;202.5;225;247.5;270;292.5;315;337.5
val_images_circle,circle,test009.png,8,rot45_padded,45.0,False,100,521,521,80887.0,0.2979910969734192,inpaint,pnp_hqs,wavelet,15.0,linear25p0_to_10p0,0.1,0.5,0.0,0.15,G16_fixed,False,16,20,telea,0.07784422635899464,11.087735931589943,0.15184908807966668,15,0.00390646278962086,24.082163081365103,0.7361663686686365,13.947368421052634,0;22.5;45;67.5;90;112.5;135;157.5;180;202.5;225;247.5;270;292.5;315;337.5
val_images_circle,circle,test009.png,8,rot45_padded,45.0,False,100,521,521,80887.0,0.2979910969734192,inpaint,pnp_hqs,wavelet,15.0,linear25p0_to_10p0,0.1,0.5,0.0,0.15,G16_fixed,False,16,20,telea,0.07784422635899464,11.087735931589943,0.15184908807966668,16,0.0037303782464995533,24.282471301111322,0.7475598674694327,13.157894736842106,0;22.5;45;67.5;90;112.5;135;157.5;180;202.5;225;247.5;270;292.5;315;337.5
val_images_circle,circle,test009.png,8,rot45_padded,45.0,False,100,521,521,80887.0,0.2979910969734192,inpaint,pnp_hqs,wavelet,15.0,linear25p0_to_10p0,0.1,0.5,0.0,0.15,G16_fixed,False,16,20,telea,0.07784422635899464,11.087735931589943,0.15184908807966668,17,0.003593353803835714,24.445000197870588,0.7560588479143744,12.368421052631579,0;22.5;45;67.5;90;112.5;135;157.5;180;202.5;225;247.5;270;292.5;315;337.5
val_images_circle,circle,test009.png,8,rot45_padded,45.0,False,100,521,521,80887.0,0.2979910969734192,inpaint,pnp_hqs,wavelet,15.0,linear25p0_to_10p0,0.1,0.5,0.0,0.15,G16_fixed,False,16,20,telea,0.07784422635899464,11.087735931589943,0.15184908807966668,18,0.0033591799579390075,24.737667295175513,0.7656651312170064,11.578947368421053,0;22.5;45;67.5;90;112.5;135;157.5;180;202.5;225;247.5;270;292.5;315;337.5
val_images_circle,circle,test009.png,8,rot45_padded,45.0,False,100,521,521,80887.0,0.2979910969734192,inpaint,pnp_hqs,wavelet,15.0,linear25p0_to_10p0,0.1,0.5,0.0,0.15,G16_fixed,False,16,20,telea,0.07784422635899464,11.087735931589943,0.15184908807966668,19,0.002929049697067263,25.33273259599051,0.7820245180004204,10.789473684210527,0;22.5;45;67.5;90;112.5;135;157.5;180;202.5;225;247.5;270;292.5;315;337.5
val_images_circle,circle,test009.png,8,rot45_padded,45.0,False,100,521,521,80887.0,0.2979910969734192,inpaint,pnp_hqs,wavelet,15.0,linear25p0_to_10p0,0.1,0.5,0.0,0.15,G16_fixed,False,16,20,telea,0.07784422635899464,11.087735931589943,0.15184908807966668,20,0.0026972116322747128,25.690849760079196,0.7906278106339708,10.0,0;22.5;45;67.5;90;112.5;135;157.5;180;202.5;225;247.5;270;292.5;315;337.5
val_images_circle,circle,test009.png,8,rot60_padded,60.0,False,100,521,521,80896.0,0.2980242371559143,inpaint,pnp_hqs,wavelet,15.0,linear25p0_to_10p0,0.1,0.5,0.0,0.15,vanilla,False,0,20,telea,0.07764838013467909,11.098675998956066,0.153106918817834,1,0.007257149943822547,21.392339036372142,0.5900056573409068,25.0,none
val_images_circle,circle,test009.png,8,rot60_padded,60.0,False,100,521,521,80896.0,0.2980242371559143,inpaint,pnp_hqs,wavelet,15.0,linear25p0_to_10p0,0.1,0.5,0.0,0.15,vanilla,False,0,20,telea,0.07764838013467909,11.098675998956066,0.153106918817834,2,0.007243151151681248,21.40072451751355,0.5892464360104331,24.210526315789476,none
val_images_circle,circle,test009.png,8,rot60_padded,60.0,False,100,521,521,80896.0,0.2980242371559143,inpaint,pnp_hqs,wavelet,15.0,linear25p0_to_10p0,0.1,0.5,0.0,0.15,vanilla,False,0,20,telea,0.07764838013467909,11.098675998956066,0.153106918817834,3,0.007259340225895749,21.39102848896805,0.5891814895823032,23.42105263157895,none
val_images_circle,circle,test009.png,8,rot60_padded,60.0,False,100,521,521,80896.0,0.2980242371559143,inpaint,pnp_hqs,wavelet,15.0,linear25p0_to_10p0,0.1,0.5,0.0,0.15,vanilla,False,0,20,telea,0.07764838013467909,11.098675998956066,0.153106918817834,4,0.00726825376100178,21.385699183096676,0.5900659681875494,22.631578947368418,none
val_images_circle,circle,test009.png,8,rot60_padded,60.0,False,100,521,521,80896.0,0.2980242371559143,inpaint,pnp_hqs,wavelet,15.0,linear25p0_to_10p0,0.1,0.5,0.0,0.15,vanilla,False,0,20,telea,0.07764838013467909,11.098675998956066,0.153106918817834,5,0.007267602636844297,21.386088261828714,0.5914864841895767,21.842105263157894,none
val_images_circle,circle,test009.png,8,rot60_padded,60.0,False,100,521,521,80896.0,0.2980242371559143,inpaint,pnp_hqs,wavelet,15.0,linear25p0_to_10p0,0.1,0.5,0.0,0.15,vanilla,False,0,20,telea,0.07764838013467909,11.098675998956066,0.153106918817834,6,0.007261049898364876,21.390005787351527,0.5930639822271806,21.05263157894737,none
val_images_circle,circle,test009.png,8,rot60_padded,60.0,False,100,521,521,80896.0,0.2980242371559143,inpaint,pnp_hqs,wavelet,15.0,linear25p0_to_10p0,0.1,0.5,0.0,0.15,vanilla,False,0,20,telea,0.07764838013467909,11.098675998956066,0.153106918817834,7,0.0072520239443718635,21.395407706422482,0.5945755198032041,20.263157894736842,none
val_images_circle,circle,test009.png,8,rot60_padded,60.0,False,100,521,521,80896.0,0.2980242371559143,inpaint,pnp_hqs,wavelet,15.0,linear25p0_to_10p0,0.1,0.5,0.0,0.15,vanilla,False,0,20,telea,0.07764838013467909,11.098675998956066,0.153106918817834,8,0.007242576230930377,21.401069249818903,0.5959124021892306,19.473684210526315,none
val_images_circle,circle,test009.png,8,rot60_padded,60.0,False,100,521,521,80896.0,0.2980242371559143,inpaint,pnp_hqs,wavelet,15.0,linear25p0_to_10p0,0.1,0.5,0.0,0.15,vanilla,False,0,20,telea,0.07764838013467909,11.098675998956066,0.153106918817834,9,0.0072338377373128,21.406312371530582,0.5970301567753659,18.68421052631579,none
val_images_circle,circle,test009.png,8,rot60_padded,60.0,False,100,521,521,80896.0,0.2980242371559143,inpaint,pnp_hqs,wavelet,15.0,linear25p0_to_10p0,0.1,0.5,0.0,0.15,vanilla,False,0,20,telea,0.07764838013467909,11.098675998956066,0.153106918817834,10,0.007226512401918822,21.4107124766196,0.5978993283042425,17.894736842105267,none
val_images_circle,circle,test009.png,8,rot60_padded,60.0,False,100,521,521,80896.0,0.2980242371559143,inpaint,pnp_hqs,wavelet,15.0,linear25p0_to_10p0,0.1,0.5,0.0,0.15,vanilla,False,0,20,telea,0.07764838013467909,11.098675998956066,0.153106918817834,11,0.007220863541470298,21.414108621437133,0.5985340166695511,17.105263157894736,none
val_images_circle,circle,test009.png,8,rot60_padded,60.0,False,100,521,521,80896.0,0.2980242371559143,inpaint,pnp_hqs,wavelet,15.0,linear25p0_to_10p0,0.1,0.5,0.0,0.15,vanilla,False,0,20,telea,0.07764838013467909,11.098675998956066,0.153106918817834,12,0.0072169628324387945,21.41645531325242,0.5989490943618968,16.31578947368421,none
val_images_circle,circle,test009.png,8,rot60_padded,60.0,False,100,521,521,80896.0,0.2980242371559143,inpaint,pnp_hqs,wavelet,15.0,linear25p0_to_10p0,0.1,0.5,0.0,0.15,vanilla,False,0,20,telea,0.07764838013467909,11.098675998956066,0.153106918817834,13,0.007156674620471423,21.45288727615748,0.6002300600462322,15.526315789473685,none
val_images_circle,circle,test009.png,8,rot60_padded,60.0,False,100,521,521,80896.0,0.2980242371559143,inpaint,pnp_hqs,wavelet,15.0,linear25p0_to_10p0,0.1,0.5,0.0,0.15,vanilla,False,0,20,telea,0.07764838013467909,11.098675998956066,0.153106918817834,14,0.006995459146137479,21.551837753694656,0.6060633116130587,14.736842105263158,none
val_images_circle,circle,test009.png,8,rot60_padded,60.0,False,100,521,521,80896.0,0.2980242371559143,inpaint,pnp_hqs,wavelet,15.0,linear25p0_to_10p0,0.1,0.5,0.0,0.15,vanilla,False,0,20,telea,0.07764838013467909,11.098675998956066,0.153106918817834,15,0.006527512888365154,21.852522620036254,0.6195945739746094,13.947368421052634,none
val_images_circle,circle,test009.png,8,rot60_padded,60.0,False,100,521,521,80896.0,0.2980242371559143,inpaint,pnp_hqs,wavelet,15.0,linear25p0_to_10p0,0.1,0.5,0.0,0.15,vanilla,False,0,20,telea,0.07764838013467909,11.098675998956066,0.153106918817834,16,0.0057828460313096835,22.378583706642008,0.6440477009061016,13.157894736842106,none
val_images_circle,circle,test009.png,8,rot60_padded,60.0,False,100,521,521,80896.0,0.2980242371559143,inpaint,pnp_hqs,wavelet,15.0,linear25p0_to_10p0,0.1,0.5,0.0,0.15,vanilla,False,0,20,telea,0.07764838013467909,11.098675998956066,0.153106918817834,17,0.005159411626526072,22.873998220011792,0.6717273857020125,12.368421052631579,none
val_images_circle,circle,test009.png,8,rot60_padded,60.0,False,100,521,521,80896.0,0.2980242371559143,inpaint,pnp_hqs,wavelet,15.0,linear25p0_to_10p0,0.1,0.5,0.0,0.15,vanilla,False,0,20,telea,0.07764838013467909,11.098675998956066,0.153106918817834,18,0.004790302696107309,23.19637042932911,0.6902785482285898,11.578947368421053,none
val_images_circle,circle,test009.png,8,rot60_padded,60.0,False,100,521,521,80896.0,0.2980242371559143,inpaint,pnp_hqs,wavelet,15.0,linear25p0_to_10p0,0.1,0.5,0.0,0.15,vanilla,False,0,20,telea,0.07764838013467909,11.098675998956066,0.153106918817834,19,0.00459126543395127,23.380675987242746,0.6983699557147448,10.789473684210527,none
val_images_circle,circle,test009.png,8,rot60_padded,60.0,False,100,521,521,80896.0,0.2980242371559143,inpaint,pnp_hqs,wavelet,15.0,linear25p0_to_10p0,0.1,0.5,0.0,0.15,vanilla,False,0,20,telea,0.07764838013467909,11.098675998956066,0.153106918817834,20,0.004218954828721058,23.747951244740577,0.7063023530984227,10.0,none
val_images_circle,circle,test009.png,8,rot60_padded,60.0,False,100,521,521,80896.0,0.2980242371559143,inpaint,pnp_hqs,wavelet,15.0,linear25p0_to_10p0,0.1,0.5,0.0,0.15,G16_fixed,False,16,20,telea,0.07764838013467909,11.098675998956066,0.153106918817834,1,0.00584456135955038,22.33248077534683,0.6511618215826493,25.0,0;22.5;45;67.5;90;112.5;135;157.5;180;202.5;225;247.5;270;292.5;315;337.5
val_images_circle,circle,test009.png,8,rot60_padded,60.0,False,100,521,521,80896.0,0.2980242371559143,inpaint,pnp_hqs,wavelet,15.0,linear25p0_to_10p0,0.1,0.5,0.0,0.15,G16_fixed,False,16,20,telea,0.07764838013467909,11.098675998956066,0.153106918817834,2,0.006453976600984984,21.901726134721706,0.6239548695238331,24.210526315789476,0;22.5;45;67.5;90;112.5;135;157.5;180;202.5;225;247.5;270;292.5;315;337.5
val_images_circle,circle,test009.png,8,rot60_padded,60.0,False,100,521,521,80896.0,0.2980242371559143,inpaint,pnp_hqs,wavelet,15.0,linear25p0_to_10p0,0.1,0.5,0.0,0.15,G16_fixed,False,16,20,telea,0.07764838013467909,11.098675998956066,0.153106918817834,3,0.006638732137559335,21.77914854101498,0.6164818775804737,23.42105263157895,0;22.5;45;67.5;90;112.5;135;157.5;180;202.5;225;247.5;270;292.5;315;337.5
val_images_circle,circle,test009.png,8,rot60_padded,60.0,False,100,521,521,80896.0,0.2980242371559143,inpaint,pnp_hqs,wavelet,15.0,linear25p0_to_10p0,0.1,0.5,0.0,0.15,G16_fixed,False,16,20,telea,0.07764838013467909,11.098675998956066,0.153106918817834,4,0.006693715536141697,21.743327478654535,0.6151895643789557,22.631578947368418,0;22.5;45;67.5;90;112.5;135;157.5;180;202.5;225;247.5;270;292.5;315;337.5
val_images_circle,circle,test009.png,8,rot60_padded,60.0,False,100,521,521,80896.0,0.2980242371559143,inpaint,pnp_hqs,wavelet,15.0,linear25p0_to_10p0,0.1,0.5,0.0,0.15,G16_fixed,False,16,20,telea,0.07764838013467909,11.098675998956066,0.153106918817834,5,0.006695010994054094,21.74248705484966,0.6162657918809336,21.842105263157894,0;22.5;45;67.5;90;112.5;135;157.5;180;202.5;225;247.5;270;292.5;315;337.5
val_images_circle,circle,test009.png,8,rot60_padded,60.0,False,100,521,521,80896.0,0.2980242371559143,inpaint,pnp_hqs,wavelet,15.0,linear25p0_to_10p0,0.1,0.5,0.0,0.15,G16_fixed,False,16,20,telea,0.07764838013467909,11.098675998956066,0.153106918817834,6,0.006654797475549239,21.768651568068517,0.6185752772077729,21.05263157894737,0;22.5;45;67.5;90;112.5;135;157.5;180;202.5;225;247.5;270;292.5;315;337.5
val_images_circle,circle,test009.png,8,rot60_padded,60.0,False,100,521,521,80896.0,0.2980242371559143,inpaint,pnp_hqs,wavelet,15.0,linear25p0_to_10p0,0.1,0.5,0.0,0.15,G16_fixed,False,16,20,telea,0.07764838013467909,11.098675998956066,0.153106918817834,7,0.006535453132436245,21.847242954446912,0.6228038449830646,20.263157894736842,0;22.5;45;67.5;90;112.5;135;157.5;180;202.5;225;247.5;270;292.5;315;337.5
val_images_circle,circle,test009.png,8,rot60_padded,60.0,False,100,521,521,80896.0,0.2980242371559143,inpaint,pnp_hqs,wavelet,15.0,linear25p0_to_10p0,0.1,0.5,0.0,0.15,G16_fixed,False,16,20,telea,0.07764838013467909,11.098675998956066,0.153106918817834,8,0.006394830685627612,21.9417094974218,0.6285387835925138,19.473684210526315,0;22.5;45;67.5;90;112.5;135;157.5;180;202.5;225;247.5;270;292.5;315;337.5
val_images_circle,circle,test009.png,8,rot60_padded,60.0,False,100,521,521,80896.0,0.2980242371559143,inpaint,pnp_hqs,wavelet,15.0,linear25p0_to_10p0,0.1,0.5,0.0,0.15,G16_fixed,False,16,20,telea,0.07764838013467909,11.098675998956066,0.153106918817834,9,0.006254264825507056,22.03823733291142,0.6348815628244907,18.68421052631579,0;22.5;45;67.5;90;112.5;135;157.5;180;202.5;225;247.5;270;292.5;315;337.5
val_images_circle,circle,test009.png,8,rot60_padded,60.0,False,100,521,521,80896.0,0.2980242371559143,inpaint,pnp_hqs,wavelet,15.0,linear25p0_to_10p0,0.1,0.5,0.0,0.15,G16_fixed,False,16,20,telea,0.07764838013467909,11.098675998956066,0.153106918817834,10,0.005977614016472539,22.23472131439268,0.6440307520612886,17.894736842105267,0;22.5;45;67.5;90;112.5;135;157.5;180;202.5;225;247.5;270;292.5;315;337.5
val_images_circle,circle,test009.png,8,rot60_padded,60.0,False,100,521,521,80896.0,0.2980242371559143,inpaint,pnp_hqs,wavelet,15.0,linear25p0_to_10p0,0.1,0.5,0.0,0.15,G16_fixed,False,16,20,telea,0.07764838013467909,11.098675998956066,0.153106918817834,11,0.0054810794093940836,22.611339058621482,0.6601794761947438,17.105263157894736,0;22.5;45;67.5;90;112.5;135;157.5;180;202.5;225;247.5;270;292.5;315;337.5
val_images_circle,circle,test009.png,8,rot60_padded,60.0,False,100,521,521,80896.0,0.2980242371559143,inpaint,pnp_hqs,wavelet,15.0,linear25p0_to_10p0,0.1,0.5,0.0,0.15,G16_fixed,False,16,20,telea,0.07764838013467909,11.098675998956066,0.153106918817834,12,0.004885315517835979,23.111073821540003,0.6828672191764735,16.31578947368421,0;22.5;45;67.5;90;112.5;135;157.5;180;202.5;225;247.5;270;292.5;315;337.5
val_images_circle,circle,test009.png,8,rot60_padded,60.0,False,100,521,521,80896.0,0.2980242371559143,inpaint,pnp_hqs,wavelet,15.0,linear25p0_to_10p0,0.1,0.5,0.0,0.15,G16_fixed,False,16,20,telea,0.07764838013467909,11.098675998956066,0.153106918817834,13,0.004408656419078006,23.556937458352273,0.7059686395186412,15.526315789473685,0;22.5;45;67.5;90;112.5;135;157.5;180;202.5;225;247.5;270;292.5;315;337.5
val_images_circle,circle,test009.png,8,rot60_padded,60.0,False,100,521,521,80896.0,0.2980242371559143,inpaint,pnp_hqs,wavelet,15.0,linear25p0_to_10p0,0.1,0.5,0.0,0.15,G16_fixed,False,16,20,telea,0.07764838013467909,11.098675998956066,0.153106918817834,14,0.004073708495007286,23.90010051315049,0.725333346596247,14.736842105263158,0;22.5;45;67.5;90;112.5;135;157.5;180;202.5;225;247.5;270;292.5;315;337.5
val_images_circle,circle,test009.png,8,rot60_padded,60.0,False,100,521,521,80896.0,0.2980242371559143,inpaint,pnp_hqs,wavelet,15.0,linear25p0_to_10p0,0.1,0.5,0.0,0.15,G16_fixed,False,16,20,telea,0.07764838013467909,11.098675998956066,0.153106918817834,15,0.003837488497359843,24.159529132843037,0.7403360197815714,13.947368421052634,0;22.5;45;67.5;90;112.5;135;157.5;180;202.5;225;247.5;270;292.5;315;337.5
val_images_circle,circle,test009.png,8,rot60_padded,60.0,False,100,521,521,80896.0,0.2980242371559143,inpaint,pnp_hqs,wavelet,15.0,linear25p0_to_10p0,0.1,0.5,0.0,0.15,G16_fixed,False,16,20,telea,0.07764838013467909,11.098675998956066,0.153106918817834,16,0.0036659346351140664,24.35815282925998,0.7516468868979925,13.157894736842106,0;22.5;45;67.5;90;112.5;135;157.5;180;202.5;225;247.5;270;292.5;315;337.5
val_images_circle,circle,test009.png,8,rot60_padded,60.0,False,100,521,521,80896.0,0.2980242371559143,inpaint,pnp_hqs,wavelet,15.0,linear25p0_to_10p0,0.1,0.5,0.0,0.15,G16_fixed,False,16,20,telea,0.07764838013467909,11.098675998956066,0.153106918817834,17,0.0035286794734906545,24.52387788853504,0.7602298108837272,12.368421052631579,0;22.5;45;67.5;90;112.5;135;157.5;180;202.5;225;247.5;270;292.5;315;337.5
val_images_circle,circle,test009.png,8,rot60_padded,60.0,False,100,521,521,80896.0,0.2980242371559143,inpaint,pnp_hqs,wavelet,15.0,linear25p0_to_10p0,0.1,0.5,0.0,0.15,G16_fixed,False,16,20,telea,0.07764838013467909,11.098675998956066,0.153106918817834,18,0.003284847434562973,24.8348479653528,0.7703099794025663,11.578947368421053,0;22.5;45;67.5;90;112.5;135;157.5;180;202.5;225;247.5;270;292.5;315;337.5
val_images_circle,circle,test009.png,8,rot60_padded,60.0,False,100,521,521,80896.0,0.2980242371559143,inpaint,pnp_hqs,wavelet,15.0,linear25p0_to_10p0,0.1,0.5,0.0,0.15,G16_fixed,False,16,20,telea,0.07764838013467909,11.098675998956066,0.153106918817834,19,0.0028475187247312523,25.455334114031306,0.7871093267126928,10.789473684210527,0;22.5;45;67.5;90;112.5;135;157.5;180;202.5;225;247.5;270;292.5;315;337.5
val_images_circle,circle,test009.png,8,rot60_padded,60.0,False,100,521,521,80896.0,0.2980242371559143,inpaint,pnp_hqs,wavelet,15.0,linear25p0_to_10p0,0.1,0.5,0.0,0.15,G16_fixed,False,16,20,telea,0.07764838013467909,11.098675998956066,0.153106918817834,20,0.002618516359148146,25.819447085046857,0.7953136299229875,10.0,0;22.5;45;67.5;90;112.5;135;157.5;180;202.5;225;247.5;270;292.5;315;337.5
val_images_circle,circle,test010.png,9,upright,0.0,False,100,521,521,80892.0,0.2980095148086548,inpaint,pnp_hqs,wavelet,15.0,linear25p0_to_10p0,0.1,0.5,0.0,0.15,vanilla,True,0,20,telea,0.10557374386914034,9.764440771675234,0.07372829571372942,1,0.003964113504179376,24.01853918885791,0.6271385091387282,25.0,none
val_images_circle,circle,test010.png,9,upright,0.0,False,100,521,521,80892.0,0.2980095148086548,inpaint,pnp_hqs,wavelet,15.0,linear25p0_to_10p0,0.1,0.5,0.0,0.15,vanilla,True,0,20,telea,0.10557374386914034,9.764440771675234,0.07372829571372942,2,0.004054256405821187,23.92088788422505,0.617752779168521,24.210526315789476,none
val_images_circle,circle,test010.png,9,upright,0.0,False,100,521,521,80892.0,0.2980095148086548,inpaint,pnp_hqs,wavelet,15.0,linear25p0_to_10p0,0.1,0.5,0.0,0.15,vanilla,True,0,20,telea,0.10557374386914034,9.764440771675234,0.07372829571372942,3,0.004105686439944618,23.86614221697464,0.6141410480177273,23.42105263157895,none
val_images_circle,circle,test010.png,9,upright,0.0,False,100,521,521,80892.0,0.2980095148086548,inpaint,pnp_hqs,wavelet,15.0,linear25p0_to_10p0,0.1,0.5,0.0,0.15,vanilla,True,0,20,telea,0.10557374386914034,9.764440771675234,0.07372829571372942,4,0.004118851418017233,23.852238743458642,0.6143708586757652,22.631578947368418,none
val_images_circle,circle,test010.png,9,upright,0.0,False,100,521,521,80892.0,0.2980095148086548,inpaint,pnp_hqs,wavelet,15.0,linear25p0_to_10p0,0.1,0.5,0.0,0.15,vanilla,True,0,20,telea,0.10557374386914034,9.764440771675234,0.07372829571372942,5,0.004108789807368544,23.86286075295655,0.6166500356957425,21.842105263157894,none
val_images_circle,circle,test010.png,9,upright,0.0,False,100,521,521,80892.0,0.2980095148086548,inpaint,pnp_hqs,wavelet,15.0,linear25p0_to_10p0,0.1,0.5,0.0,0.15,vanilla,True,0,20,telea,0.10557374386914034,9.764440771675234,0.07372829571372942,6,0.004086878358306832,23.886082884206047,0.6199089623355832,21.05263157894737,none
val_images_circle,circle,test010.png,9,upright,0.0,False,100,521,521,80892.0,0.2980095148086548,inpaint,pnp_hqs,wavelet,15.0,linear25p0_to_10p0,0.1,0.5,0.0,0.15,vanilla,True,0,20,telea,0.10557374386914034,9.764440771675234,0.07372829571372942,7,0.004060888693605363,23.913789140843207,0.6233861583963803,20.263157894736842,none
val_images_circle,circle,test010.png,9,upright,0.0,False,100,521,521,80892.0,0.2980095148086548,inpaint,pnp_hqs,wavelet,15.0,linear25p0_to_10p0,0.1,0.5,0.0,0.15,vanilla,True,0,20,telea,0.10557374386914034,9.764440771675234,0.07372829571372942,8,0.0040354117296489845,23.941121479822414,0.6266502520335756,19.473684210526315,none
val_images_circle,circle,test010.png,9,upright,0.0,False,100,521,521,80892.0,0.2980095148086548,inpaint,pnp_hqs,wavelet,15.0,linear25p0_to_10p0,0.1,0.5,0.0,0.15,vanilla,True,0,20,telea,0.10557374386914034,9.764440771675234,0.07372829571372942,9,0.004012921936038174,23.96539288578549,0.6294838430407209,18.68421052631579,none
val_images_circle,circle,test010.png,9,upright,0.0,False,100,521,521,80892.0,0.2980095148086548,inpaint,pnp_hqs,wavelet,15.0,linear25p0_to_10p0,0.1,0.5,0.0,0.15,vanilla,True,0,20,telea,0.10557374386914034,9.764440771675234,0.07372829571372942,10,0.003994477158901877,23.985400578678103,0.631785281610048,17.894736842105267,none
val_images_circle,circle,test010.png,9,upright,0.0,False,100,521,521,80892.0,0.2980095148086548,inpaint,pnp_hqs,wavelet,15.0,linear25p0_to_10p0,0.1,0.5,0.0,0.15,vanilla,True,0,20,telea,0.10557374386914034,9.764440771675234,0.07372829571372942,11,0.003980145305623547,24.001010725799382,0.6335432679529496,17.105263157894736,none
val_images_circle,circle,test010.png,9,upright,0.0,False,100,521,521,80892.0,0.2980095148086548,inpaint,pnp_hqs,wavelet,15.0,linear25p0_to_10p0,0.1,0.5,0.0,0.15,vanilla,True,0,20,telea,0.10557374386914034,9.764440771675234,0.07372829571372942,12,0.00396972039047337,24.012400819399073,0.6347598302366118,16.31578947368421,none
val_images_circle,circle,test010.png,9,upright,0.0,False,100,521,521,80892.0,0.2980095148086548,inpaint,pnp_hqs,wavelet,15.0,linear25p0_to_10p0,0.1,0.5,0.0,0.15,vanilla,True,0,20,telea,0.10557374386914034,9.764440771675234,0.07372829571372942,13,0.003962740265980605,24.020043921492885,0.6354919985907136,15.526315789473685,none
val_images_circle,circle,test010.png,9,upright,0.0,False,100,521,521,80892.0,0.2980095148086548,inpaint,pnp_hqs,wavelet,15.0,linear25p0_to_10p0,0.1,0.5,0.0,0.15,vanilla,True,0,20,telea,0.10557374386914034,9.764440771675234,0.07372829571372942,14,0.0039587065674033355,24.024466884171368,0.635815491256861,14.736842105263158,none
val_images_circle,circle,test010.png,9,upright,0.0,False,100,521,521,80892.0,0.2980095148086548,inpaint,pnp_hqs,wavelet,15.0,linear25p0_to_10p0,0.1,0.5,0.0,0.15,vanilla,True,0,20,telea,0.10557374386914034,9.764440771675234,0.07372829571372942,15,0.003957140170424957,24.026185658158763,0.6357851653284626,13.947368421052634,none
val_images_circle,circle,test010.png,9,upright,0.0,False,100,521,521,80892.0,0.2980095148086548,inpaint,pnp_hqs,wavelet,15.0,linear25p0_to_10p0,0.1,0.5,0.0,0.15,vanilla,True,0,20,telea,0.10557374386914034,9.764440771675234,0.07372829571372942,16,0.003926918366681231,24.059481268091282,0.6366939290968204,13.157894736842106,none
val_images_circle,circle,test010.png,9,upright,0.0,False,100,521,521,80892.0,0.2980095148086548,inpaint,pnp_hqs,wavelet,15.0,linear25p0_to_10p0,0.1,0.5,0.0,0.15,vanilla,True,0,20,telea,0.10557374386914034,9.764440771675234,0.07372829571372942,17,0.003687272833202758,24.33294726356291,0.646713171574445,12.368421052631579,none
val_images_circle,circle,test010.png,9,upright,0.0,False,100,521,521,80892.0,0.2980095148086548,inpaint,pnp_hqs,wavelet,15.0,linear25p0_to_10p0,0.1,0.5,0.0,0.15,vanilla,True,0,20,telea,0.10557374386914034,9.764440771675234,0.07372829571372942,18,0.003292036770960818,24.825353225070973,0.6705172869381397,11.578947368421053,none
val_images_circle,circle,test010.png,9,upright,0.0,False,100,521,521,80892.0,0.2980095148086548,inpaint,pnp_hqs,wavelet,15.0,linear25p0_to_10p0,0.1,0.5,0.0,0.15,vanilla,True,0,20,telea,0.10557374386914034,9.764440771675234,0.07372829571372942,19,0.0029603063733053213,25.2866333983619,0.6942204285497948,10.789473684210527,none
val_images_circle,circle,test010.png,9,upright,0.0,False,100,521,521,80892.0,0.2980095148086548,inpaint,pnp_hqs,wavelet,15.0,linear25p0_to_10p0,0.1,0.5,0.0,0.15,vanilla,True,0,20,telea,0.10557374386914034,9.764440771675234,0.07372829571372942,20,0.0027279112734320916,25.64169759413467,0.7071895436198883,10.0,none
val_images_circle,circle,test010.png,9,upright,0.0,False,100,521,521,80892.0,0.2980095148086548,inpaint,pnp_hqs,wavelet,15.0,linear25p0_to_10p0,0.1,0.5,0.0,0.15,G16_fixed,True,16,20,telea,0.10557374386914034,9.764440771675234,0.07372829571372942,1,0.005072209587827173,22.948028093541982,0.571545867097488,25.0,0;22.5;45;67.5;90;112.5;135;157.5;180;202.5;225;247.5;270;292.5;315;337.5
val_images_circle,circle,test010.png,9,upright,0.0,False,100,521,521,80892.0,0.2980095148086548,inpaint,pnp_hqs,wavelet,15.0,linear25p0_to_10p0,0.1,0.5,0.0,0.15,G16_fixed,True,16,20,telea,0.10557374386914034,9.764440771675234,0.07372829571372942,2,0.005655157502996859,22.475552949419104,0.5494612511898581,24.210526315789476,0;22.5;45;67.5;90;112.5;135;157.5;180;202.5;225;247.5;270;292.5;315;337.5
val_images_circle,circle,test010.png,9,upright,0.0,False,100,521,521,80892.0,0.2980095148086548,inpaint,pnp_hqs,wavelet,15.0,linear25p0_to_10p0,0.1,0.5,0.0,0.15,G16_fixed,True,16,20,telea,0.10557374386914034,9.764440771675234,0.07372829571372942,3,0.005865986915569139,22.31658910073922,0.5441689420770904,23.42105263157895,0;22.5;45;67.5;90;112.5;135;157.5;180;202.5;225;247.5;270;292.5;315;337.5
val_images_circle,circle,test010.png,9,upright,0.0,False,100,521,521,80892.0,0.2980095148086548,inpaint,pnp_hqs,wavelet,15.0,linear25p0_to_10p0,0.1,0.5,0.0,0.15,G16_fixed,True,16,20,telea,0.10557374386914034,9.764440771675234,0.07372829571372942,4,0.005940178750100443,22.262004861611906,0.5430895225269495,22.631578947368418,0;22.5;45;67.5;90;112.5;135;157.5;180;202.5;225;247.5;270;292.5;315;337.5
val_images_circle,circle,test010.png,9,upright,0.0,False,100,521,521,80892.0,0.2980095148086548,inpaint,pnp_hqs,wavelet,15.0,linear25p0_to_10p0,0.1,0.5,0.0,0.15,G16_fixed,True,16,20,telea,0.10557374386914034,9.764440771675234,0.07372829571372942,5,0.005958045559950884,22.248961801475595,0.543347099759556,21.842105263157894,0;22.5;45;67.5;90;112.5;135;157.5;180;202.5;225;247.5;270;292.5;315;337.5
val_images_circle,circle,test010.png,9,upright,0.0,False,100,521,521,80892.0,0.2980095148086548,inpaint,pnp_hqs,wavelet,15.0,linear25p0_to_10p0,0.1,0.5,0.0,0.15,G16_fixed,True,16,20,telea,0.10557374386914034,9.764440771675234,0.07372829571372942,6,0.005952380575117711,22.253093092515456,0.5440352279119073,21.05263157894737,0;22.5;45;67.5;90;112.5;135;157.5;180;202.5;225;247.5;270;292.5;315;337.5
val_images_circle,circle,test010.png,9,upright,0.0,False,100,521,521,80892.0,0.2980095148086548,inpaint,pnp_hqs,wavelet,15.0,linear25p0_to_10p0,0.1,0.5,0.0,0.15,G16_fixed,True,16,20,telea,0.10557374386914034,9.764440771675234,0.07372829571372942,7,0.005937236851343845,22.264156256267626,0.5448388650144638,20.263157894736842,0;22.5;45;67.5;90;112.5;135;157.5;180;202.5;225;247.5;270;292.5;315;337.5
val_images_circle,circle,test010.png,9,upright,0.0,False,100,521,521,80892.0,0.2980095148086548,inpaint,pnp_hqs,wavelet,15.0,linear25p0_to_10p0,0.1,0.5,0.0,0.15,G16_fixed,True,16,20,telea,0.10557374386914034,9.764440771675234,0.07372829571372942,8,0.00591880905105341,22.277656707413584,0.5456384940723433,19.473684210526315,0;22.5;45;67.5;90;112.5;135;157.5;180;202.5;225;247.5;270;292.5;315;337.5
val_images_circle,circle,test010.png,9,upright,0.0,False,100,521,521,80892.0,0.2980095148086548,inpaint,pnp_hqs,wavelet,15.0,linear25p0_to_10p0,0.1,0.5,0.0,0.15,G16_fixed,True,16,20,telea,0.10557374386914034,9.764440771675234,0.07372829571372942,9,0.00589981384684788,22.291616911650035,0.5463901714631855,18.68421052631579,0;22.5;45;67.5;90;112.5;135;157.5;180;202.5;225;247.5;270;292.5;315;337.5
val_images_circle,circle,test010.png,9,upright,0.0,False,100,521,521,80892.0,0.2980095148086548,inpaint,pnp_hqs,wavelet,15.0,linear25p0_to_10p0,0.1,0.5,0.0,0.15,G16_fixed,True,16,20,telea,0.10557374386914034,9.764440771675234,0.07372829571372942,10,0.005881398496244414,22.30519393824141,0.5470814384457053,17.894736842105267,0;22.5;45;67.5;90;112.5;135;157.5;180;202.5;225;247.5;270;292.5;315;337.5
val_images_circle,circle,test010.png,9,upright,0.0,False,100,521,521,80892.0,0.2980095148086548,inpaint,pnp_hqs,wavelet,15.0,linear25p0_to_10p0,0.1,0.5,0.0,0.15,G16_fixed,True,16,20,telea,0.10557374386914034,9.764440771675234,0.07372829571372942,11,0.005864019110501889,22.318046230238192,0.5477131159447164,17.105263157894736,0;22.5;45;67.5;90;112.5;135;157.5;180;202.5;225;247.5;270;292.5;315;337.5
val_images_circle,circle,test010.png,9,upright,0.0,False,100,521,521,80892.0,0.2980095148086548,inpaint,pnp_hqs,wavelet,15.0,linear25p0_to_10p0,0.1,0.5,0.0,0.15,G16_fixed,True,16,20,telea,0.10557374386914034,9.764440771675234,0.07372829571372942,12,0.005847826594916872,22.33005513954999,0.5482897431915393,16.31578947368421,0;22.5;45;67.5;90;112.5;135;157.5;180;202.5;225;247.5;270;292.5;315;337.5
val_images_circle,circle,test010.png,9,upright,0.0,False,100,521,521,80892.0,0.2980095148086548,inpaint,pnp_hqs,wavelet,15.0,linear25p0_to_10p0,0.1,0.5,0.0,0.15,G16_fixed,True,16,20,telea,0.10557374386914034,9.764440771675234,0.07372829571372942,13,0.005832845094336817,22.341195571835712,0.5488150384926817,15.526315789473685,0;22.5;45;67.5;90;112.5;135;157.5;180;202.5;225;247.5;270;292.5;315;337.5
val_images_circle,circle,test010.png,9,upright,0.0,False,100,521,521,80892.0,0.2980095148086548,inpaint,pnp_hqs,wavelet,15.0,linear25p0_to_10p0,0.1,0.5,0.0,0.15,G16_fixed,True,16,20,telea,0.10557374386914034,9.764440771675234,0.07372829571372942,14,0.0058158127907763976,22.35389581729715,0.5494072633109578,14.736842105263158,0;22.5;45;67.5;90;112.5;135;157.5;180;202.5;225;247.5;270;292.5;315;337.5
val_images_circle,circle,test010.png,9,upright,0.0,False,100,521,521,80892.0,0.2980095148086548,inpaint,pnp_hqs,wavelet,15.0,linear25p0_to_10p0,0.1,0.5,0.0,0.15,G16_fixed,True,16,20,telea,0.10557374386914034,9.764440771675234,0.07372829571372942,15,0.005724505654771563,22.422620112893043,0.5529845639092864,13.947368421052634,0;22.5;45;67.5;90;112.5;135;157.5;180;202.5;225;247.5;270;292.5;315;337.5
val_images_circle,circle,test010.png,9,upright,0.0,False,100,521,521,80892.0,0.2980095148086548,inpaint,pnp_hqs,wavelet,15.0,linear25p0_to_10p0,0.1,0.5,0.0,0.15,G16_fixed,True,16,20,telea,0.10557374386914034,9.764440771675234,0.07372829571372942,16,0.005312606252419314,22.74692370941078,0.5695528548094991,13.157894736842106,0;22.5;45;67.5;90;112.5;135;157.5;180;202.5;225;247.5;270;292.5;315;337.5
val_images_circle,circle,test010.png,9,upright,0.0,False,100,521,521,80892.0,0.2980095148086548,inpaint,pnp_hqs,wavelet,15.0,linear25p0_to_10p0,0.1,0.5,0.0,0.15,G16_fixed,True,16,20,telea,0.10557374386914034,9.764440771675234,0.07372829571372942,17,0.004673269932344206,23.30379133004822,0.6018382824475844,12.368421052631579,0;22.5;45;67.5;90;112.5;135;157.5;180;202.5;225;247.5;270;292.5;315;337.5
val_images_circle,circle,test010.png,9,upright,0.0,False,100,521,521,80892.0,0.2980095148086548,inpaint,pnp_hqs,wavelet,15.0,linear25p0_to_10p0,0.1,0.5,0.0,0.15,G16_fixed,True,16,20,telea,0.10557374386914034,9.764440771675234,0.07372829571372942,18,0.004067282928284201,23.906956161572968,0.6365569795220788,11.578947368421053,0;22.5;45;67.5;90;112.5;135;157.5;180;202.5;225;247.5;270;292.5;315;337.5
val_images_circle,circle,test010.png,9,upright,0.0,False,100,521,521,80892.0,0.2980095148086548,inpaint,pnp_hqs,wavelet,15.0,linear25p0_to_10p0,0.1,0.5,0.0,0.15,G16_fixed,True,16,20,telea,0.10557374386914034,9.764440771675234,0.07372829571372942,19,0.0037544660573424673,24.254518176047068,0.6567827802038521,10.789473684210527,0;22.5;45;67.5;90;112.5;135;157.5;180;202.5;225;247.5;270;292.5;315;337.5
val_images_circle,circle,test010.png,9,upright,0.0,False,100,521,521,80892.0,0.2980095148086548,inpaint,pnp_hqs,wavelet,15.0,linear25p0_to_10p0,0.1,0.5,0.0,0.15,G16_fixed,True,16,20,telea,0.10557374386914034,9.764440771675234,0.07372829571372942,20,0.003592636726355627,24.44586694767334,0.667440412448079,10.0,0;22.5;45;67.5;90;112.5;135;157.5;180;202.5;225;247.5;270;292.5;315;337.5
val_images_circle,circle,test010.png,9,rot30_padded,30.0,False,100,521,521,80896.0,0.2980242371559143,inpaint,pnp_hqs,wavelet,15.0,linear25p0_to_10p0,0.1,0.5,0.0,0.15,vanilla,False,0,20,telea,0.1051961319356025,9.780002289076382,0.07410057285163976,1,0.0040562356574625905,23.918768214847365,0.6245710638504994,25.0,none
val_images_circle,circle,test010.png,9,rot30_padded,30.0,False,100,521,521,80896.0,0.2980242371559143,inpaint,pnp_hqs,wavelet,15.0,linear25p0_to_10p0,0.1,0.5,0.0,0.15,vanilla,False,0,20,telea,0.1051961319356025,9.780002289076382,0.07410057285163976,2,0.004145030733905261,23.824722449651002,0.6150877747354628,24.210526315789476,none
val_images_circle,circle,test010.png,9,rot30_padded,30.0,False,100,521,521,80896.0,0.2980242371559143,inpaint,pnp_hqs,wavelet,15.0,linear25p0_to_10p0,0.1,0.5,0.0,0.15,vanilla,False,0,20,telea,0.1051961319356025,9.780002289076382,0.07410057285163976,3,0.004191626476336129,23.776174250924825,0.611787095854554,23.42105263157895,none
val_images_circle,circle,test010.png,9,rot30_padded,30.0,False,100,521,521,80896.0,0.2980242371559143,inpaint,pnp_hqs,wavelet,15.0,linear25p0_to_10p0,0.1,0.5,0.0,0.15,vanilla,False,0,20,telea,0.1051961319356025,9.780002289076382,0.07410057285163976,4,0.004202610706981224,23.764808373655207,0.6119161678265922,22.631578947368418,none
val_images_circle,circle,test010.png,9,rot30_padded,30.0,False,100,521,521,80896.0,0.2980242371559143,inpaint,pnp_hqs,wavelet,15.0,linear25p0_to_10p0,0.1,0.5,0.0,0.15,vanilla,False,0,20,telea,0.1051961319356025,9.780002289076382,0.07410057285163976,5,0.004193036616603031,23.77471345008975,0.6137998073915892,21.842105263157894,none
val_images_circle,circle,test010.png,9,rot30_padded,30.0,False,100,521,521,80896.0,0.2980242371559143,inpaint,pnp_hqs,wavelet,15.0,linear25p0_to_10p0,0.1,0.5,0.0,0.15,vanilla,False,0,20,telea,0.1051961319356025,9.780002289076382,0.07410057285163976,6,0.00417328823970843,23.795216185013864,0.6164622729337668,21.05263157894737,none
val_images_circle,circle,test010.png,9,rot30_padded,30.0,False,100,521,521,80896.0,0.2980242371559143,inpaint,pnp_hqs,wavelet,15.0,linear25p0_to_10p0,0.1,0.5,0.0,0.15,vanilla,False,0,20,telea,0.1051961319356025,9.780002289076382,0.07410057285163976,7,0.0041496606567237955,23.819874167669532,0.6193870351284365,20.263157894736842,none
val_images_circle,circle,test010.png,9,rot30_padded,30.0,False,100,521,521,80896.0,0.2980242371559143,inpaint,pnp_hqs,wavelet,15.0,linear25p0_to_10p0,0.1,0.5,0.0,0.15,vanilla,False,0,20,telea,0.1051961319356025,9.780002289076382,0.07410057285163976,8,0.0041260315647608115,23.84467453932182,0.6222182165218305,19.473684210526315,none
val_images_circle,circle,test010.png,9,rot30_padded,30.0,False,100,521,521,80896.0,0.2980242371559143,inpaint,pnp_hqs,wavelet,15.0,linear25p0_to_10p0,0.1,0.5,0.0,0.15,vanilla,False,0,20,telea,0.1051961319356025,9.780002289076382,0.07410057285163976,9,0.004104615012301674,23.867275707915105,0.6246977214571796,18.68421052631579,none
val_images_circle,circle,test010.png,9,rot30_padded,30.0,False,100,521,521,80896.0,0.2980242371559143,inpaint,pnp_hqs,wavelet,15.0,linear25p0_to_10p0,0.1,0.5,0.0,0.15,vanilla,False,0,20,telea,0.1051961319356025,9.780002289076382,0.07410057285163976,10,0.004086349961123889,23.886644424816822,0.6267300376409217,17.894736842105267,none
val_images_circle,circle,test010.png,9,rot30_padded,30.0,False,100,521,521,80896.0,0.2980242371559143,inpaint,pnp_hqs,wavelet,15.0,linear25p0_to_10p0,0.1,0.5,0.0,0.15,vanilla,False,0,20,telea,0.1051961319356025,9.780002289076382,0.07410057285163976,11,0.004071418620363067,23.902542414754603,0.6283217804341377,17.105263157894736,none
val_images_circle,circle,test010.png,9,rot30_padded,30.0,False,100,521,521,80896.0,0.2980242371559143,inpaint,pnp_hqs,wavelet,15.0,linear25p0_to_10p0,0.1,0.5,0.0,0.15,vanilla,False,0,20,telea,0.1051961319356025,9.780002289076382,0.07410057285163976,12,0.004059744032123421,23.915013479353114,0.6294765713848646,16.31578947368421,none
val_images_circle,circle,test010.png,9,rot30_padded,30.0,False,100,521,521,80896.0,0.2980242371559143,inpaint,pnp_hqs,wavelet,15.0,linear25p0_to_10p0,0.1,0.5,0.0,0.15,vanilla,False,0,20,telea,0.1051961319356025,9.780002289076382,0.07410057285163976,13,0.004051018742066395,23.924357475453213,0.6302340543722804,15.526315789473685,none
val_images_circle,circle,test010.png,9,rot30_padded,30.0,False,100,521,521,80896.0,0.2980242371559143,inpaint,pnp_hqs,wavelet,15.0,linear25p0_to_10p0,0.1,0.5,0.0,0.15,vanilla,False,0,20,telea,0.1051961319356025,9.780002289076382,0.07410057285163976,14,0.004044962834708298,23.930854643496705,0.6306320866451988,14.736842105263158,none
val_images_circle,circle,test010.png,9,rot30_padded,30.0,False,100,521,521,80896.0,0.2980242371559143,inpaint,pnp_hqs,wavelet,15.0,linear25p0_to_10p0,0.1,0.5,0.0,0.15,vanilla,False,0,20,telea,0.1051961319356025,9.780002289076382,0.07410057285163976,15,0.004041308466392227,23.934779993125627,0.6307059662251533,13.947368421052634,none
val_images_circle,circle,test010.png,9,rot30_padded,30.0,False,100,521,521,80896.0,0.2980242371559143,inpaint,pnp_hqs,wavelet,15.0,linear25p0_to_10p0,0.1,0.5,0.0,0.15,vanilla,False,0,20,telea,0.1051961319356025,9.780002289076382,0.07410057285163976,16,0.003979788928092281,24.001399605382716,0.6333964866927907,13.157894736842106,none
val_images_circle,circle,test010.png,9,rot30_padded,30.0,False,100,521,521,80896.0,0.2980242371559143,inpaint,pnp_hqs,wavelet,15.0,linear25p0_to_10p0,0.1,0.5,0.0,0.15,vanilla,False,0,20,telea,0.1051961319356025,9.780002289076382,0.07410057285163976,17,0.0038437111468254763,24.152492568134072,0.6411293126359771,12.368421052631579,none
val_images_circle,circle,test010.png,9,rot30_padded,30.0,False,100,521,521,80896.0,0.2980242371559143,inpaint,pnp_hqs,wavelet,15.0,linear25p0_to_10p0,0.1,0.5,0.0,0.15,vanilla,False,0,20,telea,0.1051961319356025,9.780002289076382,0.07410057285163976,18,0.0034065099456642247,24.676903387542954,0.6625382145748863,11.578947368421053,none
val_images_circle,circle,test010.png,9,rot30_padded,30.0,False,100,521,521,80896.0,0.2980242371559143,inpaint,pnp_hqs,wavelet,15.0,linear25p0_to_10p0,0.1,0.5,0.0,0.15,vanilla,False,0,20,telea,0.1051961319356025,9.780002289076382,0.07410057285163976,19,0.003033638943599749,25.180361091567963,0.6871170333669155,10.789473684210527,none
val_images_circle,circle,test010.png,9,rot30_padded,30.0,False,100,521,521,80896.0,0.2980242371559143,inpaint,pnp_hqs,wavelet,15.0,linear25p0_to_10p0,0.1,0.5,0.0,0.15,vanilla,False,0,20,telea,0.1051961319356025,9.780002289076382,0.07410057285163976,20,0.002797551547424703,25.532219024561428,0.7000475050527838,10.0,none
val_images_circle,circle,test010.png,9,rot30_padded,30.0,False,100,521,521,80896.0,0.2980242371559143,inpaint,pnp_hqs,wavelet,15.0,linear25p0_to_10p0,0.1,0.5,0.0,0.15,G16_fixed,False,16,20,telea,0.1051961319356025,9.780002289076382,0.07410057285163976,1,0.0032778295535075513,24.844136334060668,0.6839736262454262,25.0,0;22.5;45;67.5;90;112.5;135;157.5;180;202.5;225;247.5;270;292.5;315;337.5
val_images_circle,circle,test010.png,9,rot30_padded,30.0,False,100,521,521,80896.0,0.2980242371559143,inpaint,pnp_hqs,wavelet,15.0,linear25p0_to_10p0,0.1,0.5,0.0,0.15,G16_fixed,False,16,20,telea,0.1051961319356025,9.780002289076382,0.07410057285163976,2,0.0035427650318870063,24.506576505849196,0.6619088861006724,24.210526315789476,0;22.5;45;67.5;90;112.5;135;157.5;180;202.5;225;247.5;270;292.5;315;337.5
val_images_circle,circle,test010.png,9,rot30_padded,30.0,False,100,521,521,80896.0,0.2980242371559143,inpaint,pnp_hqs,wavelet,15.0,linear25p0_to_10p0,0.1,0.5,0.0,0.15,G16_fixed,False,16,20,telea,0.1051961319356025,9.780002289076382,0.07410057285163976,3,0.0036397693277914313,24.389261391096557,0.6556391655644284,23.42105263157895,0;22.5;45;67.5;90;112.5;135;157.5;180;202.5;225;247.5;270;292.5;315;337.5
val_images_circle,circle,test010.png,9,rot30_padded,30.0,False,100,521,521,80896.0,0.2980242371559143,inpaint,pnp_hqs,wavelet,15.0,linear25p0_to_10p0,0.1,0.5,0.0,0.15,G16_fixed,False,16,20,telea,0.1051961319356025,9.780002289076382,0.07410057285163976,4,0.0036612262454213977,24.3637343306818,0.6554427327989023,22.631578947368418,0;22.5;45;67.5;90;112.5;135;157.5;180;202.5;225;247.5;270;292.5;315;337.5
val_images_circle,circle,test010.png,9,rot30_padded,30.0,False,100,521,521,80896.0,0.2980242371559143,inpaint,pnp_hqs,wavelet,15.0,linear25p0_to_10p0,0.1,0.5,0.0,0.15,G16_fixed,False,16,20,telea,0.1051961319356025,9.780002289076382,0.07410057285163976,5,0.0036478947989548307,24.379576947110007,0.6576543397541288,21.842105263157894,0;22.5;45;67.5;90;112.5;135;157.5;180;202.5;225;247.5;270;292.5;315;337.5
val_images_circle,circle,test010.png,9,rot30_padded,30.0,False,100,521,521,80896.0,0.2980242371559143,inpaint,pnp_hqs,wavelet,15.0,linear25p0_to_10p0,0.1,0.5,0.0,0.15,G16_fixed,False,16,20,telea,0.1051961319356025,9.780002289076382,0.07410057285163976,6,0.003619902118851867,24.413031725102684,0.6607132440880884,21.05263157894737,0;22.5;45;67.5;90;112.5;135;157.5;180;202.5;225;247.5;270;292.5;315;337.5
val_images_circle,circle,test010.png,9,rot30_padded,30.0,False,100,521,521,80896.0,0.2980242371559143,inpaint,pnp_hqs,wavelet,15.0,linear25p0_to_10p0,0.1,0.5,0.0,0.15,G16_fixed,False,16,20,telea,0.1051961319356025,9.780002289076382,0.07410057285163976,7,0.003586880013912539,24.452831508309316,0.6639499422870104,20.263157894736842,0;22.5;45;67.5;90;112.5;135;157.5;180;202.5;225;247.5;270;292.5;315;337.5
val_images_circle,circle,test010.png,9,rot30_padded,30.0,False,100,521,521,80896.0,0.2980242371559143,inpaint,pnp_hqs,wavelet,15.0,linear25p0_to_10p0,0.1,0.5,0.0,0.15,G16_fixed,False,16,20,telea,0.1051961319356025,9.780002289076382,0.07410057285163976,8,0.0035533701317219794,24.493595524903526,0.6670749519444719,19.473684210526315,0;22.5;45;67.5;90;112.5;135;157.5;180;202.5;225;247.5;270;292.5;315;337.5
val_images_circle,circle,test010.png,9,rot30_padded,30.0,False,100,521,521,80896.0,0.2980242371559143,inpaint,pnp_hqs,wavelet,15.0,linear25p0_to_10p0,0.1,0.5,0.0,0.15,G16_fixed,False,16,20,telea,0.1051961319356025,9.780002289076382,0.07410057285163976,9,0.003521373377570623,24.53287923461072,0.6699771639666979,18.68421052631579,0;22.5;45;67.5;90;112.5;135;157.5;180;202.5;225;247.5;270;292.5;315;337.5
val_images_circle,circle,test010.png,9,rot30_padded,30.0,False,100,521,521,80896.0,0.2980242371559143,inpaint,pnp_hqs,wavelet,15.0,linear25p0_to_10p0,0.1,0.5,0.0,0.15,G16_fixed,False,16,20,telea,0.1051961319356025,9.780002289076382,0.07410057285163976,10,0.0034917460966713823,24.569573436673764,0.6726074701623072,17.894736842105267,0;22.5;45;67.5;90;112.5;135;157.5;180;202.5;225;247.5;270;292.5;315;337.5
val_images_circle,circle,test010.png,9,rot30_padded,30.0,False,100,521,521,80896.0,0.2980242371559143,inpaint,pnp_hqs,wavelet,15.0,linear25p0_to_10p0,0.1,0.5,0.0,0.15,G16_fixed,False,16,20,telea,0.1051961319356025,9.780002289076382,0.07410057285163976,11,0.003464392091654524,24.60372961456807,0.6749723410304589,17.105263157894736,0;22.5;45;67.5;90;112.5;135;157.5;180;202.5;225;247.5;270;292.5;315;337.5
val_images_circle,circle,test010.png,9,rot30_padded,30.0,False,100,521,521,80896.0,0.2980242371559143,inpaint,pnp_hqs,wavelet,15.0,linear25p0_to_10p0,0.1,0.5,0.0,0.15,G16_fixed,False,16,20,telea,0.1051961319356025,9.780002289076382,0.07410057285163976,12,0.003423148695426651,24.655742354806765,0.6777960861785502,16.31578947368421,0;22.5;45;67.5;90;112.5;135;157.5;180;202.5;225;247.5;270;292.5;315;337.5
val_images_circle,circle,test010.png,9,rot30_padded,30.0,False,100,521,521,80896.0,0.2980242371559143,inpaint,pnp_hqs,wavelet,15.0,linear25p0_to_10p0,0.1,0.5,0.0,0.15,G16_fixed,False,16,20,telea,0.1051961319356025,9.780002289076382,0.07410057285163976,13,0.0033248063129714773,24.78233649506075,0.6833665582198131,15.526315789473685,0;22.5;45;67.5;90;112.5;135;157.5;180;202.5;225;247.5;270;292.5;315;337.5
val_images_circle,circle,test010.png,9,rot30_padded,30.0,False,100,521,521,80896.0,0.2980242371559143,inpaint,pnp_hqs,wavelet,15.0,linear25p0_to_10p0,0.1,0.5,0.0,0.15,G16_fixed,False,16,20,telea,0.1051961319356025,9.780002289076382,0.07410057285163976,14,0.0030514805377284183,25.154893956186143,0.6974447226222558,14.736842105263158,0;22.5;45;67.5;90;112.5;135;157.5;180;202.5;225;247.5;270;292.5;315;337.5
val_images_circle,circle,test010.png,9,rot30_padded,30.0,False,100,521,521,80896.0,0.2980242371559143,inpaint,pnp_hqs,wavelet,15.0,linear25p0_to_10p0,0.1,0.5,0.0,0.15,G16_fixed,False,16,20,telea,0.1051961319356025,9.780002289076382,0.07410057285163976,15,0.002698967539811436,25.68802338624494,0.7191330149203916,13.947368421052634,0;22.5;45;67.5;90;112.5;135;157.5;180;202.5;225;247.5;270;292.5;315;337.5
val_images_circle,circle,test010.png,9,rot30_padded,30.0,False,100,521,521,80896.0,0.2980242371559143,inpaint,pnp_hqs,wavelet,15.0,linear25p0_to_10p0,0.1,0.5,0.0,0.15,G16_fixed,False,16,20,telea,0.1051961319356025,9.780002289076382,0.07410057285163976,16,0.0024199248114718666,26.161981276022775,0.740931740290002,13.157894736842106,0;22.5;45;67.5;90;112.5;135;157.5;180;202.5;225;247.5;270;292.5;315;337.5
val_images_circle,circle,test010.png,9,rot30_padded,30.0,False,100,521,521,80896.0,0.2980242371559143,inpaint,pnp_hqs,wavelet,15.0,linear25p0_to_10p0,0.1,0.5,0.0,0.15,G16_fixed,False,16,20,telea,0.1051961319356025,9.780002289076382,0.07410057285163976,17,0.002229647168630286,26.51763856611236,0.7575135049940664,12.368421052631579,0;22.5;45;67.5;90;112.5;135;157.5;180;202.5;225;247.5;270;292.5;315;337.5
val_images_circle,circle,test010.png,9,rot30_padded,30.0,False,100,521,521,80896.0,0.2980242371559143,inpaint,pnp_hqs,wavelet,15.0,linear25p0_to_10p0,0.1,0.5,0.0,0.15,G16_fixed,False,16,20,telea,0.1051961319356025,9.780002289076382,0.07410057285163976,18,0.0021004665501510042,26.776842301938352,0.7687060199206388,11.578947368421053,0;22.5;45;67.5;90;112.5;135;157.5;180;202.5;225;247.5;270;292.5;315;337.5
val_images_circle,circle,test010.png,9,rot30_padded,30.0,False,100,521,521,80896.0,0.2980242371559143,inpaint,pnp_hqs,wavelet,15.0,linear25p0_to_10p0,0.1,0.5,0.0,0.15,G16_fixed,False,16,20,telea,0.1051961319356025,9.780002289076382,0.07410057285163976,19,0.0019839334337017206,27.024729036843663,0.7769591415984721,10.789473684210527,0;22.5;45;67.5;90;112.5;135;157.5;180;202.5;225;247.5;270;292.5;315;337.5
val_images_circle,circle,test010.png,9,rot30_padded,30.0,False,100,521,521,80896.0,0.2980242371559143,inpaint,pnp_hqs,wavelet,15.0,linear25p0_to_10p0,0.1,0.5,0.0,0.15,G16_fixed,False,16,20,telea,0.1051961319356025,9.780002289076382,0.07410057285163976,20,0.0017469006625911857,27.577317904464316,0.7909146562407289,10.0,0;22.5;45;67.5;90;112.5;135;157.5;180;202.5;225;247.5;270;292.5;315;337.5
val_images_circle,circle,test010.png,9,rot45_padded,45.0,False,100,521,521,80887.0,0.2979910969734192,inpaint,pnp_hqs,wavelet,15.0,linear25p0_to_10p0,0.1,0.5,0.0,0.15,vanilla,False,0,20,telea,0.10627999458349302,9.735484763953615,0.07129612530443706,1,0.004021052641459884,23.956602413099468,0.6231378342626133,25.0,none
val_images_circle,circle,test010.png,9,rot45_padded,45.0,False,100,521,521,80887.0,0.2979910969734192,inpaint,pnp_hqs,wavelet,15.0,linear25p0_to_10p0,0.1,0.5,0.0,0.15,vanilla,False,0,20,telea,0.10627999458349302,9.735484763953615,0.07129612530443706,2,0.004115166019729877,23.856126391884928,0.6138032938698431,24.210526315789476,none
val_images_circle,circle,test010.png,9,rot45_padded,45.0,False,100,521,521,80887.0,0.2979910969734192,inpaint,pnp_hqs,wavelet,15.0,linear25p0_to_10p0,0.1,0.5,0.0,0.15,vanilla,False,0,20,telea,0.10627999458349302,9.735484763953615,0.07129612530443706,3,0.004166841073667972,23.801930635324663,0.6104260418855935,23.42105263157895,none
val_images_circle,circle,test010.png,9,rot45_padded,45.0,False,100,521,521,80887.0,0.2979910969734192,inpaint,pnp_hqs,wavelet,15.0,linear25p0_to_10p0,0.1,0.5,0.0,0.15,vanilla,False,0,20,telea,0.10627999458349302,9.735484763953615,0.07129612530443706,4,0.004180953100225855,23.78724704113626,0.6106964326004178,22.631578947368418,none
val_images_circle,circle,test010.png,9,rot45_padded,45.0,False,100,521,521,80887.0,0.2979910969734192,inpaint,pnp_hqs,wavelet,15.0,linear25p0_to_10p0,0.1,0.5,0.0,0.15,vanilla,False,0,20,telea,0.10627999458349302,9.735484763953615,0.07129612530443706,5,0.004171808805827304,23.796756035237628,0.6130348607470916,21.842105263157894,none
val_images_circle,circle,test010.png,9,rot45_padded,45.0,False,100,521,521,80887.0,0.2979910969734192,inpaint,pnp_hqs,wavelet,15.0,linear25p0_to_10p0,0.1,0.5,0.0,0.15,vanilla,False,0,20,telea,0.10627999458349302,9.735484763953615,0.07129612530443706,6,0.004150909016735925,23.818567857644766,0.6163087181036507,21.05263157894737,none
val_images_circle,circle,test010.png,9,rot45_padded,45.0,False,100,521,521,80887.0,0.2979910969734192,inpaint,pnp_hqs,wavelet,15.0,linear25p0_to_10p0,0.1,0.5,0.0,0.15,vanilla,False,0,20,telea,0.10627999458349302,9.735484763953615,0.07129612530443706,7,0.0041258462477215515,23.844869603207634,0.6197719310581429,20.263157894736842,none
val_images_circle,circle,test010.png,9,rot45_padded,45.0,False,100,521,521,80887.0,0.2979910969734192,inpaint,pnp_hqs,wavelet,15.0,linear25p0_to_10p0,0.1,0.5,0.0,0.15,vanilla,False,0,20,telea,0.10627999458349302,9.735484763953615,0.07129612530443706,8,0.004100966839976217,23.871137423617647,0.6230008279297043,19.473684210526315,none
val_images_circle,circle,test010.png,9,rot45_padded,45.0,False,100,521,521,80887.0,0.2979910969734192,inpaint,pnp_hqs,wavelet,15.0,linear25p0_to_10p0,0.1,0.5,0.0,0.15,vanilla,False,0,20,telea,0.10627999458349302,9.735484763953615,0.07129612530443706,9,0.00407836096105234,23.895143390150327,0.6258124760468308,18.68421052631579,none
val_images_circle,circle,test010.png,9,rot45_padded,45.0,False,100,521,521,80887.0,0.2979910969734192,inpaint,pnp_hqs,wavelet,15.0,linear25p0_to_10p0,0.1,0.5,0.0,0.15,vanilla,False,0,20,telea,0.10627999458349302,9.735484763953615,0.07129612530443706,10,0.004059150661184739,23.91564828922462,0.6280921802947321,17.894736842105267,none
val_images_circle,circle,test010.png,9,rot45_padded,45.0,False,100,521,521,80887.0,0.2979910969734192,inpaint,pnp_hqs,wavelet,15.0,linear25p0_to_10p0,0.1,0.5,0.0,0.15,vanilla,False,0,20,telea,0.10627999458349302,9.735484763953615,0.07129612530443706,11,0.004043605700265108,23.932311999029668,0.6298374294540532,17.105263157894736,none
val_images_circle,circle,test010.png,9,rot45_padded,45.0,False,100,521,521,80887.0,0.2979910969734192,inpaint,pnp_hqs,wavelet,15.0,linear25p0_to_10p0,0.1,0.5,0.0,0.15,vanilla,False,0,20,telea,0.10627999458349302,9.735484763953615,0.07129612530443706,12,0.004031646848115465,23.94517516897807,0.6310491410857122,16.31578947368421,none
val_images_circle,circle,test010.png,9,rot45_padded,45.0,False,100,521,521,80887.0,0.2979910969734192,inpaint,pnp_hqs,wavelet,15.0,linear25p0_to_10p0,0.1,0.5,0.0,0.15,vanilla,False,0,20,telea,0.10627999458349302,9.735484763953615,0.07129612530443706,13,0.004023037546061558,23.954459142417484,0.6317755595769406,15.526315789473685,none
val_images_circle,circle,test010.png,9,rot45_padded,45.0,False,100,521,521,80887.0,0.2979910969734192,inpaint,pnp_hqs,wavelet,15.0,linear25p0_to_10p0,0.1,0.5,0.0,0.15,vanilla,False,0,20,telea,0.10627999458349302,9.735484763953615,0.07129612530443706,14,0.004017242801758742,23.960719187594073,0.6320915385816015,14.736842105263158,none
val_images_circle,circle,test010.png,9,rot45_padded,45.0,False,100,521,521,80887.0,0.2979910969734192,inpaint,pnp_hqs,wavelet,15.0,linear25p0_to_10p0,0.1,0.5,0.0,0.15,vanilla,False,0,20,telea,0.10627999458349302,9.735484763953615,0.07129612530443706,15,0.004013897401815187,23.964337325946662,0.632057975169063,13.947368421052634,none
val_images_circle,circle,test010.png,9,rot45_padded,45.0,False,100,521,521,80887.0,0.2979910969734192,inpaint,pnp_hqs,wavelet,15.0,linear25p0_to_10p0,0.1,0.5,0.0,0.15,vanilla,False,0,20,telea,0.10627999458349302,9.735484763953615,0.07129612530443706,16,0.003974009911927674,24.007710540127853,0.63324892094836,13.157894736842106,none
val_images_circle,circle,test010.png,9,rot45_padded,45.0,False,100,521,521,80887.0,0.2979910969734192,inpaint,pnp_hqs,wavelet,15.0,linear25p0_to_10p0,0.1,0.5,0.0,0.15,vanilla,False,0,20,telea,0.10627999458349302,9.735484763953615,0.07129612530443706,17,0.0037963871714938742,24.20629502812472,0.6409247526642106,12.368421052631579,none
val_images_circle,circle,test010.png,9,rot45_padded,45.0,False,100,521,521,80887.0,0.2979910969734192,inpaint,pnp_hqs,wavelet,15.0,linear25p0_to_10p0,0.1,0.5,0.0,0.15,vanilla,False,0,20,telea,0.10627999458349302,9.735484763953615,0.07129612530443706,18,0.003388130287686255,24.70039897593026,0.662411083517747,11.578947368421053,none
val_images_circle,circle,test010.png,9,rot45_padded,45.0,False,100,521,521,80887.0,0.2979910969734192,inpaint,pnp_hqs,wavelet,15.0,linear25p0_to_10p0,0.1,0.5,0.0,0.15,vanilla,False,0,20,telea,0.10627999458349302,9.735484763953615,0.07129612530443706,19,0.0030445222108176377,25.164808532729985,0.6854926664667994,10.789473684210527,none
val_images_circle,circle,test010.png,9,rot45_padded,45.0,False,100,521,521,80887.0,0.2979910969734192,inpaint,pnp_hqs,wavelet,15.0,linear25p0_to_10p0,0.1,0.5,0.0,0.15,vanilla,False,0,20,telea,0.10627999458349302,9.735484763953615,0.07129612530443706,20,0.002777066785444123,25.564136758129088,0.699392217306242,10.0,none
val_images_circle,circle,test010.png,9,rot45_padded,45.0,False,100,521,521,80887.0,0.2979910969734192,inpaint,pnp_hqs,wavelet,15.0,linear25p0_to_10p0,0.1,0.5,0.0,0.15,G16_fixed,False,16,20,telea,0.10627999458349302,9.735484763953615,0.07129612530443706,1,0.0032365127780982265,24.899226740016527,0.6817191247511961,25.0,0;22.5;45;67.5;90;112.5;135;157.5;180;202.5;225;247.5;270;292.5;315;337.5
val_images_circle,circle,test010.png,9,rot45_padded,45.0,False,100,521,521,80887.0,0.2979910969734192,inpaint,pnp_hqs,wavelet,15.0,linear25p0_to_10p0,0.1,0.5,0.0,0.15,G16_fixed,False,16,20,telea,0.10627999458349302,9.735484763953615,0.07129612530443706,2,0.00350144151536731,24.55753123282969,0.659704520272108,24.210526315789476,0;22.5;45;67.5;90;112.5;135;157.5;180;202.5;225;247.5;270;292.5;315;337.5
val_images_circle,circle,test010.png,9,rot45_padded,45.0,False,100,521,521,80887.0,0.2979910969734192,inpaint,pnp_hqs,wavelet,15.0,linear25p0_to_10p0,0.1,0.5,0.0,0.15,G16_fixed,False,16,20,telea,0.10627999458349302,9.735484763953615,0.07129612530443706,3,0.003598029893482768,24.43935232730134,0.6534329431027236,23.42105263157895,0;22.5;45;67.5;90;112.5;135;157.5;180;202.5;225;247.5;270;292.5;315;337.5
val_images_circle,circle,test010.png,9,rot45_padded,45.0,False,100,521,521,80887.0,0.2979910969734192,inpaint,pnp_hqs,wavelet,15.0,linear25p0_to_10p0,0.1,0.5,0.0,0.15,G16_fixed,False,16,20,telea,0.10627999458349302,9.735484763953615,0.07129612530443706,4,0.00361873009798295,24.414438074217394,0.6532759918930112,22.631578947368418,0;22.5;45;67.5;90;112.5;135;157.5;180;202.5;225;247.5;270;292.5;315;337.5
val_images_circle,circle,test010.png,9,rot45_padded,45.0,False,100,521,521,80887.0,0.2979910969734192,inpaint,pnp_hqs,wavelet,15.0,linear25p0_to_10p0,0.1,0.5,0.0,0.15,G16_fixed,False,16,20,telea,0.10627999458349302,9.735484763953615,0.07129612530443706,5,0.0036047078656267773,24.43129925809226,0.6555502873607626,21.842105263157894,0;22.5;45;67.5;90;112.5;135;157.5;180;202.5;225;247.5;270;292.5;315;337.5
val_images_circle,circle,test010.png,9,rot45_padded,45.0,False,100,521,521,80887.0,0.2979910969734192,inpaint,pnp_hqs,wavelet,15.0,linear25p0_to_10p0,0.1,0.5,0.0,0.15,G16_fixed,False,16,20,telea,0.10627999458349302,9.735484763953615,0.07129612530443706,6,0.0035760850206151794,24.46592164499977,0.6586898427744878,21.05263157894737,0;22.5;45;67.5;90;112.5;135;157.5;180;202.5;225;247.5;270;292.5;315;337.5
val_images_circle,circle,test010.png,9,rot45_padded,45.0,False,100,521,521,80887.0,0.2979910969734192,inpaint,pnp_hqs,wavelet,15.0,linear25p0_to_10p0,0.1,0.5,0.0,0.15,G16_fixed,False,16,20,telea,0.10627999458349302,9.735484763953615,0.07129612530443706,7,0.003542528399234812,24.506866594766823,0.6620147937863934,20.263157894736842,0;22.5;45;67.5;90;112.5;135;157.5;180;202.5;225;247.5;270;292.5;315;337.5
val_images_circle,circle,test010.png,9,rot45_padded,45.0,False,100,521,521,80887.0,0.2979910969734192,inpaint,pnp_hqs,wavelet,15.0,linear25p0_to_10p0,0.1,0.5,0.0,0.15,G16_fixed,False,16,20,telea,0.10627999458349302,9.735484763953615,0.07129612530443706,8,0.0035085827954092204,24.54868270548851,0.6652261121224672,19.473684210526315,0;22.5;45;67.5;90;112.5;135;157.5;180;202.5;225;247.5;270;292.5;315;337.5
val_images_circle,circle,test010.png,9,rot45_padded,45.0,False,100,521,521,80887.0,0.2979910969734192,inpaint,pnp_hqs,wavelet,15.0,linear25p0_to_10p0,0.1,0.5,0.0,0.15,G16_fixed,False,16,20,telea,0.10627999458349302,9.735484763953615,0.07129612530443706,9,0.003476253864500978,24.58888515328642,0.6682066880339239,18.68421052631579,0;22.5;45;67.5;90;112.5;135;157.5;180;202.5;225;247.5;270;292.5;315;337.5
val_images_circle,circle,test010.png,9,rot45_padded,45.0,False,100,521,521,80887.0,0.2979910969734192,inpaint,pnp_hqs,wavelet,15.0,linear25p0_to_10p0,0.1,0.5,0.0,0.15,G16_fixed,False,16,20,telea,0.10627999458349302,9.735484763953615,0.07129612530443706,10,0.003446302216218691,24.626466406775815,0.670924068839863,17.894736842105267,0;22.5;45;67.5;90;112.5;135;157.5;180;202.5;225;247.5;270;292.5;315;337.5
val_images_circle,circle,test010.png,9,rot45_padded,45.0,False,100,521,521,80887.0,0.2979910969734192,inpaint,pnp_hqs,wavelet,15.0,linear25p0_to_10p0,0.1,0.5,0.0,0.15,G16_fixed,False,16,20,telea,0.10627999458349302,9.735484763953615,0.07129612530443706,11,0.0034189685593887923,24.66104892928687,0.6733691755164612,17.105263157894736,0;22.5;45;67.5;90;112.5;135;157.5;180;202.5;225;247.5;270;292.5;315;337.5
val_images_circle,circle,test010.png,9,rot45_padded,45.0,False,100,521,521,80887.0,0.2979910969734192,inpaint,pnp_hqs,wavelet,15.0,linear25p0_to_10p0,0.1,0.5,0.0,0.15,G16_fixed,False,16,20,telea,0.10627999458349302,9.735484763953615,0.07129612530443706,12,0.0033901151922879295,24.697855447098796,0.6757256651254219,16.31578947368421,0;22.5;45;67.5;90;112.5;135;157.5;180;202.5;225;247.5;270;292.5;315;337.5
val_images_circle,circle,test010.png,9,rot45_padded,45.0,False,100,521,521,80887.0,0.2979910969734192,inpaint,pnp_hqs,wavelet,15.0,linear25p0_to_10p0,0.1,0.5,0.0,0.15,G16_fixed,False,16,20,telea,0.10627999458349302,9.735484763953615,0.07129612530443706,13,0.0033103254983369934,24.801293007313944,0.6803207136189994,15.526315789473685,0;22.5;45;67.5;90;112.5;135;157.5;180;202.5;225;247.5;270;292.5;315;337.5
val_images_circle,circle,test010.png,9,rot45_padded,45.0,False,100,521,521,80887.0,0.2979910969734192,inpaint,pnp_hqs,wavelet,15.0,linear25p0_to_10p0,0.1,0.5,0.0,0.15,G16_fixed,False,16,20,telea,0.10627999458349302,9.735484763953615,0.07129612530443706,14,0.003045020040435944,25.164098447644044,0.6935979166924228,14.736842105263158,0;22.5;45;67.5;90;112.5;135;157.5;180;202.5;225;247.5;270;292.5;315;337.5
val_images_circle,circle,test010.png,9,rot45_padded,45.0,False,100,521,521,80887.0,0.2979910969734192,inpaint,pnp_hqs,wavelet,15.0,linear25p0_to_10p0,0.1,0.5,0.0,0.15,G16_fixed,False,16,20,telea,0.10627999458349302,9.735484763953615,0.07129612530443706,15,0.002699163147015667,25.687708643477922,0.7150929885210232,13.947368421052634,0;22.5;45;67.5;90;112.5;135;157.5;180;202.5;225;247.5;270;292.5;315;337.5
val_images_circle,circle,test010.png,9,rot45_padded,45.0,False,100,521,521,80887.0,0.2979910969734192,inpaint,pnp_hqs,wavelet,15.0,linear25p0_to_10p0,0.1,0.5,0.0,0.15,G16_fixed,False,16,20,telea,0.10627999458349302,9.735484763953615,0.07129612530443706,16,0.002419701142742441,26.162382704132927,0.7372410256747067,13.157894736842106,0;22.5;45;67.5;90;112.5;135;157.5;180;202.5;225;247.5;270;292.5;315;337.5
val_images_circle,circle,test010.png,9,rot45_padded,45.0,False,100,521,521,80887.0,0.2979910969734192,inpaint,pnp_hqs,wavelet,15.0,linear25p0_to_10p0,0.1,0.5,0.0,0.15,G16_fixed,False,16,20,telea,0.10627999458349302,9.735484763953615,0.07129612530443706,17,0.0022279452477032965,26.520954862597584,0.754308866072422,12.368421052631579,0;22.5;45;67.5;90;112.5;135;157.5;180;202.5;225;247.5;270;292.5;315;337.5
val_images_circle,circle,test010.png,9,rot45_padded,45.0,False,100,521,521,80887.0,0.2979910969734192,inpaint,pnp_hqs,wavelet,15.0,linear25p0_to_10p0,0.1,0.5,0.0,0.15,G16_fixed,False,16,20,telea,0.10627999458349302,9.735484763953615,0.07129612530443706,18,0.0020972269612768045,26.78354567771934,0.7659627107106209,11.578947368421053,0;22.5;45;67.5;90;112.5;135;157.5;180;202.5;225;247.5;270;292.5;315;337.5
val_images_circle,circle,test010.png,9,rot45_padded,45.0,False,100,521,521,80887.0,0.2979910969734192,inpaint,pnp_hqs,wavelet,15.0,linear25p0_to_10p0,0.1,0.5,0.0,0.15,G16_fixed,False,16,20,telea,0.10627999458349302,9.735484763953615,0.07129612530443706,19,0.001977454323938218,27.03893539228862,0.7745769174898315,10.789473684210527,0;22.5;45;67.5;90;112.5;135;157.5;180;202.5;225;247.5;270;292.5;315;337.5
val_images_circle,circle,test010.png,9,rot45_padded,45.0,False,100,521,521,80887.0,0.2979910969734192,inpaint,pnp_hqs,wavelet,15.0,linear25p0_to_10p0,0.1,0.5,0.0,0.15,G16_fixed,False,16,20,telea,0.10627999458349302,9.735484763953615,0.07129612530443706,20,0.001744493077051164,27.583307496921922,0.7882578473673149,10.0,0;22.5;45;67.5;90;112.5;135;157.5;180;202.5;225;247.5;270;292.5;315;337.5
val_images_circle,circle,test010.png,9,rot60_padded,60.0,False,100,521,521,80896.0,0.2980242371559143,inpaint,pnp_hqs,wavelet,15.0,linear25p0_to_10p0,0.1,0.5,0.0,0.15,vanilla,False,0,20,telea,0.1062600341024278,9.736300490465165,0.07320463204685645,1,0.004050007726572737,23.925441482409603,0.6260728473904766,25.0,none
val_images_circle,circle,test010.png,9,rot60_padded,60.0,False,100,521,521,80896.0,0.2980242371559143,inpaint,pnp_hqs,wavelet,15.0,linear25p0_to_10p0,0.1,0.5,0.0,0.15,vanilla,False,0,20,telea,0.1062600341024278,9.736300490465165,0.07320463204685645,2,0.004135900660406185,23.834299010445644,0.616904391518122,24.210526315789476,none
val_images_circle,circle,test010.png,9,rot60_padded,60.0,False,100,521,521,80896.0,0.2980242371559143,inpaint,pnp_hqs,wavelet,15.0,linear25p0_to_10p0,0.1,0.5,0.0,0.15,vanilla,False,0,20,telea,0.1062600341024278,9.736300490465165,0.07320463204685645,3,0.004180159749864023,23.78807120818572,0.6138388235357743,23.42105263157895,none
val_images_circle,circle,test010.png,9,rot60_padded,60.0,False,100,521,521,80896.0,0.2980242371559143,inpaint,pnp_hqs,wavelet,15.0,linear25p0_to_10p0,0.1,0.5,0.0,0.15,vanilla,False,0,20,telea,0.1062600341024278,9.736300490465165,0.07320463204685645,4,0.004189622553088997,23.77825101256719,0.6142705603490902,22.631578947368418,none
val_images_circle,circle,test010.png,9,rot60_padded,60.0,False,100,521,521,80896.0,0.2980242371559143,inpaint,pnp_hqs,wavelet,15.0,linear25p0_to_10p0,0.1,0.5,0.0,0.15,vanilla,False,0,20,telea,0.1062600341024278,9.736300490465165,0.07320463204685645,5,0.0041791362852989875,23.789134659015478,0.6164695160298408,21.842105263157894,none
val_images_circle,circle,test010.png,9,rot60_padded,60.0,False,100,521,521,80896.0,0.2980242371559143,inpaint,pnp_hqs,wavelet,15.0,linear25p0_to_10p0,0.1,0.5,0.0,0.15,vanilla,False,0,20,telea,0.1062600341024278,9.736300490465165,0.07320463204685645,6,0.004159374704843835,23.809719536634905,0.6194043219843998,21.05263157894737,none
val_images_circle,circle,test010.png,9,rot60_padded,60.0,False,100,521,521,80896.0,0.2980242371559143,inpaint,pnp_hqs,wavelet,15.0,linear25p0_to_10p0,0.1,0.5,0.0,0.15,vanilla,False,0,20,telea,0.1062600341024278,9.736300490465165,0.07320463204685645,7,0.004136628742459454,23.83353454771961,0.6224684896348398,20.263157894736842,none
val_images_circle,circle,test010.png,9,rot60_padded,60.0,False,100,521,521,80896.0,0.2980242371559143,inpaint,pnp_hqs,wavelet,15.0,linear25p0_to_10p0,0.1,0.5,0.0,0.15,vanilla,False,0,20,telea,0.1062600341024278,9.736300490465165,0.07320463204685645,8,0.004114399227914931,23.856935701842236,0.6253149298172963,19.473684210526315,none
val_images_circle,circle,test010.png,9,rot60_padded,60.0,False,100,521,521,80896.0,0.2980242371559143,inpaint,pnp_hqs,wavelet,15.0,linear25p0_to_10p0,0.1,0.5,0.0,0.15,vanilla,False,0,20,telea,0.1062600341024278,9.736300490465165,0.07320463204685645,9,0.0040945222106161,23.87796768726303,0.6277859361865853,18.68421052631579,none
val_images_circle,circle,test010.png,9,rot60_padded,60.0,False,100,521,521,80896.0,0.2980242371559143,inpaint,pnp_hqs,wavelet,15.0,linear25p0_to_10p0,0.1,0.5,0.0,0.15,vanilla,False,0,20,telea,0.1062600341024278,9.736300490465165,0.07320463204685645,10,0.004077833664568165,23.89570493132053,0.629787638217588,17.894736842105267,none
val_images_circle,circle,test010.png,9,rot60_padded,60.0,False,100,521,521,80896.0,0.2980242371559143,inpaint,pnp_hqs,wavelet,15.0,linear25p0_to_10p0,0.1,0.5,0.0,0.15,vanilla,False,0,20,telea,0.1062600341024278,9.736300490465165,0.07320463204685645,11,0.004064703666711155,23.90971110734922,0.631268513353565,17.105263157894736,none
val_images_circle,circle,test010.png,9,rot60_padded,60.0,False,100,521,521,80896.0,0.2980242371559143,inpaint,pnp_hqs,wavelet,15.0,linear25p0_to_10p0,0.1,0.5,0.0,0.15,vanilla,False,0,20,telea,0.1062600341024278,9.736300490465165,0.07320463204685645,12,0.004055006594597539,23.920084351655273,0.6322265335276157,16.31578947368421,none
val_images_circle,circle,test010.png,9,rot60_padded,60.0,False,100,521,521,80896.0,0.2980242371559143,inpaint,pnp_hqs,wavelet,15.0,linear25p0_to_10p0,0.1,0.5,0.0,0.15,vanilla,False,0,20,telea,0.1062600341024278,9.736300490465165,0.07320463204685645,13,0.004048398023919214,23.927167957991774,0.6327334053908722,15.526315789473685,none
val_images_circle,circle,test010.png,9,rot60_padded,60.0,False,100,521,521,80896.0,0.2980242371559143,inpaint,pnp_hqs,wavelet,15.0,linear25p0_to_10p0,0.1,0.5,0.0,0.15,vanilla,False,0,20,telea,0.1062600341024278,9.736300490465165,0.07320463204685645,14,0.0040445210812967035,23.931328965644326,0.6328443696227255,14.736842105263158,none
val_images_circle,circle,test010.png,9,rot60_padded,60.0,False,100,521,521,80896.0,0.2980242371559143,inpaint,pnp_hqs,wavelet,15.0,linear25p0_to_10p0,0.1,0.5,0.0,0.15,vanilla,False,0,20,telea,0.1062600341024278,9.736300490465165,0.07320463204685645,15,0.004042968342575846,23.932996592842947,0.6326401143134395,13.947368421052634,none
val_images_circle,circle,test010.png,9,rot60_padded,60.0,False,100,521,521,80896.0,0.2980242371559143,inpaint,pnp_hqs,wavelet,15.0,linear25p0_to_10p0,0.1,0.5,0.0,0.15,vanilla,False,0,20,telea,0.1062600341024278,9.736300490465165,0.07320463204685645,16,0.004006418623501742,23.97243674019431,0.633358484582056,13.157894736842106,none
val_images_circle,circle,test010.png,9,rot60_padded,60.0,False,100,521,521,80896.0,0.2980242371559143,inpaint,pnp_hqs,wavelet,15.0,linear25p0_to_10p0,0.1,0.5,0.0,0.15,vanilla,False,0,20,telea,0.1062600341024278,9.736300490465165,0.07320463204685645,17,0.0037643139875387843,24.24314158526345,0.6433115609084503,12.368421052631579,none
val_images_circle,circle,test010.png,9,rot60_padded,60.0,False,100,521,521,80896.0,0.2980242371559143,inpaint,pnp_hqs,wavelet,15.0,linear25p0_to_10p0,0.1,0.5,0.0,0.15,vanilla,False,0,20,telea,0.1062600341024278,9.736300490465165,0.07320463204685645,18,0.0033180940000316766,24.791113147803763,0.6679706814922864,11.578947368421053,none
val_images_circle,circle,test010.png,9,rot60_padded,60.0,False,100,521,521,80896.0,0.2980242371559143,inpaint,pnp_hqs,wavelet,15.0,linear25p0_to_10p0,0.1,0.5,0.0,0.15,vanilla,False,0,20,telea,0.1062600341024278,9.736300490465165,0.07320463204685645,19,0.002976139700865444,25.263466867380565,0.6914937466005736,10.789473684210527,none
val_images_circle,circle,test010.png,9,rot60_padded,60.0,False,100,521,521,80896.0,0.2980242371559143,inpaint,pnp_hqs,wavelet,15.0,linear25p0_to_10p0,0.1,0.5,0.0,0.15,vanilla,False,0,20,telea,0.1062600341024278,9.736300490465165,0.07320463204685645,20,0.002747431020193462,25.61073202607988,0.7032043843329707,10.0,none
val_images_circle,circle,test010.png,9,rot60_padded,60.0,False,100,521,521,80896.0,0.2980242371559143,inpaint,pnp_hqs,wavelet,15.0,linear25p0_to_10p0,0.1,0.5,0.0,0.15,G16_fixed,False,16,20,telea,0.1062600341024278,9.736300490465165,0.07320463204685645,1,0.003251576348196102,24.879060441438604,0.6833352680447735,25.0,0;22.5;45;67.5;90;112.5;135;157.5;180;202.5;225;247.5;270;292.5;315;337.5
val_images_circle,circle,test010.png,9,rot60_padded,60.0,False,100,521,521,80896.0,0.2980242371559143,inpaint,pnp_hqs,wavelet,15.0,linear25p0_to_10p0,0.1,0.5,0.0,0.15,G16_fixed,False,16,20,telea,0.1062600341024278,9.736300490465165,0.07320463204685645,2,0.0035219399989405765,24.53218047105534,0.6610024367706685,24.210526315789476,0;22.5;45;67.5;90;112.5;135;157.5;180;202.5;225;247.5;270;292.5;315;337.5
val_images_circle,circle,test010.png,9,rot60_padded,60.0,False,100,521,521,80896.0,0.2980242371559143,inpaint,pnp_hqs,wavelet,15.0,linear25p0_to_10p0,0.1,0.5,0.0,0.15,G16_fixed,False,16,20,telea,0.1062600341024278,9.736300490465165,0.07320463204685645,3,0.0036234761340708673,24.40874594805331,0.6545414984980716,23.42105263157895,0;22.5;45;67.5;90;112.5;135;157.5;180;202.5;225;247.5;270;292.5;315;337.5
val_images_circle,circle,test010.png,9,rot60_padded,60.0,False,100,521,521,80896.0,0.2980242371559143,inpaint,pnp_hqs,wavelet,15.0,linear25p0_to_10p0,0.1,0.5,0.0,0.15,G16_fixed,False,16,20,telea,0.1062600341024278,9.736300490465165,0.07320463204685645,4,0.0036469588551340222,24.380691363541793,0.6543463212025317,22.631578947368418,0;22.5;45;67.5;90;112.5;135;157.5;180;202.5;225;247.5;270;292.5;315;337.5
val_images_circle,circle,test010.png,9,rot60_padded,60.0,False,100,521,521,80896.0,0.2980242371559143,inpaint,pnp_hqs,wavelet,15.0,linear25p0_to_10p0,0.1,0.5,0.0,0.15,G16_fixed,False,16,20,telea,0.1062600341024278,9.736300490465165,0.07320463204685645,5,0.0036340993416460253,24.39603205002943,0.6566595246520224,21.842105263157894,0;22.5;45;67.5;90;112.5;135;157.5;180;202.5;225;247.5;270;292.5;315;337.5
val_images_circle,circle,test010.png,9,rot60_padded,60.0,False,100,521,521,80896.0,0.2980242371559143,inpaint,pnp_hqs,wavelet,15.0,linear25p0_to_10p0,0.1,0.5,0.0,0.15,G16_fixed,False,16,20,telea,0.1062600341024278,9.736300490465165,0.07320463204685645,6,0.0036056479321250434,24.430166815514987,0.6598694233954707,21.05263157894737,0;22.5;45;67.5;90;112.5;135;157.5;180;202.5;225;247.5;270;292.5;315;337.5
val_images_circle,circle,test010.png,9,rot60_padded,60.0,False,100,521,521,80896.0,0.2980242371559143,inpaint,pnp_hqs,wavelet,15.0,linear25p0_to_10p0,0.1,0.5,0.0,0.15,G16_fixed,False,16,20,telea,0.1062600341024278,9.736300490465165,0.07320463204685645,7,0.003571720817421056,24.4712249496602,0.6632731956771657,20.263157894736842,0;22.5;45;67.5;90;112.5;135;157.5;180;202.5;225;247.5;270;292.5;315;337.5
val_images_circle,circle,test010.png,9,rot60_padded,60.0,False,100,521,521,80896.0,0.2980242371559143,inpaint,pnp_hqs,wavelet,15.0,linear25p0_to_10p0,0.1,0.5,0.0,0.15,G16_fixed,False,16,20,telea,0.1062600341024278,9.736300490465165,0.07320463204685645,8,0.003537144842027109,24.513471559598656,0.6665626236155063,19.473684210526315,0;22.5;45;67.5;90;112.5;135;157.5;180;202.5;225;247.5;270;292.5;315;337.5
val_images_circle,circle,test010.png,9,rot60_padded,60.0,False,100,521,521,80896.0,0.2980242371559143,inpaint,pnp_hqs,wavelet,15.0,linear25p0_to_10p0,0.1,0.5,0.0,0.15,G16_fixed,False,16,20,telea,0.1062600341024278,9.736300490465165,0.07320463204685645,9,0.0035041031203692473,24.554231216967768,0.6696099389957476,18.68421052631579,0;22.5;45;67.5;90;112.5;135;157.5;180;202.5;225;247.5;270;292.5;315;337.5
val_images_circle,circle,test010.png,9,rot60_padded,60.0,False,100,521,521,80896.0,0.2980242371559143,inpaint,pnp_hqs,wavelet,15.0,linear25p0_to_10p0,0.1,0.5,0.0,0.15,G16_fixed,False,16,20,telea,0.1062600341024278,9.736300490465165,0.07320463204685645,10,0.0034734346444093727,24.59240868328247,0.6723807612551919,17.894736842105267,0;22.5;45;67.5;90;112.5;135;157.5;180;202.5;225;247.5;270;292.5;315;337.5
val_images_circle,circle,test010.png,9,rot60_padded,60.0,False,100,521,521,80896.0,0.2980242371559143,inpaint,pnp_hqs,wavelet,15.0,linear25p0_to_10p0,0.1,0.5,0.0,0.15,G16_fixed,False,16,20,telea,0.1062600341024278,9.736300490465165,0.07320463204685645,11,0.0034454185751420035,24.62758009218853,0.674861521660527,17.105263157894736,0;22.5;45;67.5;90;112.5;135;157.5;180;202.5;225;247.5;270;292.5;315;337.5
val_images_circle,circle,test010.png,9,rot60_padded,60.0,False,100,521,521,80896.0,0.2980242371559143,inpaint,pnp_hqs,wavelet,15.0,linear25p0_to_10p0,0.1,0.5,0.0,0.15,G16_fixed,False,16,20,telea,0.1062600341024278,9.736300490465165,0.07320463204685645,12,0.00340885527526276,24.673914365795543,0.6774897032146212,16.31578947368421,0;22.5;45;67.5;90;112.5;135;157.5;180;202.5;225;247.5;270;292.5;315;337.5
val_images_circle,circle,test010.png,9,rot60_padded,60.0,False,100,521,521,80896.0,0.2980242371559143,inpaint,pnp_hqs,wavelet,15.0,linear25p0_to_10p0,0.1,0.5,0.0,0.15,G16_fixed,False,16,20,telea,0.1062600341024278,9.736300490465165,0.07320463204685645,13,0.0033118472069124634,24.7992970773422,0.6828175315374061,15.526315789473685,0;22.5;45;67.5;90;112.5;135;157.5;180;202.5;225;247.5;270;292.5;315;337.5
val_images_circle,circle,test010.png,9,rot60_padded,60.0,False,100,521,521,80896.0,0.2980242371559143,inpaint,pnp_hqs,wavelet,15.0,linear25p0_to_10p0,0.1,0.5,0.0,0.15,G16_fixed,False,16,20,telea,0.1062600341024278,9.736300490465165,0.07320463204685645,14,0.003033415237559548,25.18068136000787,0.6971770660786689,14.736842105263158,0;22.5;45;67.5;90;112.5;135;157.5;180;202.5;225;247.5;270;292.5;315;337.5
val_images_circle,circle,test010.png,9,rot60_padded,60.0,False,100,521,521,80896.0,0.2980242371559143,inpaint,pnp_hqs,wavelet,15.0,linear25p0_to_10p0,0.1,0.5,0.0,0.15,G16_fixed,False,16,20,telea,0.1062600341024278,9.736300490465165,0.07320463204685645,15,0.00267474089242235,25.72718282592836,0.7199735520761225,13.947368421052634,0;22.5;45;67.5;90;112.5;135;157.5;180;202.5;225;247.5;270;292.5;315;337.5
val_images_circle,circle,test010.png,9,rot60_padded,60.0,False,100,521,521,80896.0,0.2980242371559143,inpaint,pnp_hqs,wavelet,15.0,linear25p0_to_10p0,0.1,0.5,0.0,0.15,G16_fixed,False,16,20,telea,0.1062600341024278,9.736300490465165,0.07320463204685645,16,0.0023967086137095584,26.203847632756506,0.7424477202982842,13.157894736842106,0;22.5;45;67.5;90;112.5;135;157.5;180;202.5;225;247.5;270;292.5;315;337.5
val_images_circle,circle,test010.png,9,rot60_padded,60.0,False,100,521,521,80896.0,0.2980242371559143,inpaint,pnp_hqs,wavelet,15.0,linear25p0_to_10p0,0.1,0.5,0.0,0.15,G16_fixed,False,16,20,telea,0.1062600341024278,9.736300490465165,0.07320463204685645,17,0.002208483935911444,26.559057553688636,0.7592633887182308,12.368421052631579,0;22.5;45;67.5;90;112.5;135;157.5;180;202.5;225;247.5;270;292.5;315;337.5
val_images_circle,circle,test010.png,9,rot60_padded,60.0,False,100,521,521,80896.0,0.2980242371559143,inpaint,pnp_hqs,wavelet,15.0,linear25p0_to_10p0,0.1,0.5,0.0,0.15,G16_fixed,False,16,20,telea,0.1062600341024278,9.736300490465165,0.07320463204685645,18,0.0020811552111106584,26.816955291996027,0.7704755082915101,11.578947368421053,0;22.5;45;67.5;90;112.5;135;157.5;180;202.5;225;247.5;270;292.5;315;337.5
val_images_circle,circle,test010.png,9,rot60_padded,60.0,False,100,521,521,80896.0,0.2980242371559143,inpaint,pnp_hqs,wavelet,15.0,linear25p0_to_10p0,0.1,0.5,0.0,0.15,G16_fixed,False,16,20,telea,0.1062600341024278,9.736300490465165,0.07320463204685645,19,0.0019661923752555366,27.063739923916792,0.7786650355858139,10.789473684210527,0;22.5;45;67.5;90;112.5;135;157.5;180;202.5;225;247.5;270;292.5;315;337.5
val_images_circle,circle,test010.png,9,rot60_padded,60.0,False,100,521,521,80896.0,0.2980242371559143,inpaint,pnp_hqs,wavelet,15.0,linear25p0_to_10p0,0.1,0.5,0.0,0.15,G16_fixed,False,16,20,telea,0.1062600341024278,9.736300490465165,0.07320463204685645,20,0.0017366430050210107,27.602894486133124,0.791837185244017,10.0,0;22.5;45;67.5;90;112.5;135;157.5;180;202.5;225;247.5;270;292.5;315;337.5
