dataset,eval_mask,file,image_index,input_pose,input_angle_deg,input_rotate_expand,input_height,input_width,eval_mask_pixels,eval_mask_fraction,problem,algorithm,denoiser,train_sigma,schedule,rho,step,red_input_sigma,lambda,mode,group_expand,base_group_size,num_iter,degraded_se,degraded_psnr,degraded_ssim,iteration,se,psnr,ssim,effective_denoiser_sigma,sampled_angles
val_images_circle,circle,test001.png,0,upright,0.0,False,321,321,80892.0,0.7850467562675476,inpaint,red_gd,wavelet,15.0,fixed5p0,0.8,3.8461538461538467,1.4142135623730951,0.02,vanilla,True,0,20,0.0676270979940847,11.698792485675087,0.22031557605356525,1,0.06758944410448499,11.701211254361855,0.22046768859250607,5.0,none
val_images_circle,circle,test001.png,0,upright,0.0,False,321,321,80892.0,0.7850467562675476,inpaint,red_gd,wavelet,15.0,fixed5p0,0.8,3.8461538461538467,1.4142135623730951,0.02,vanilla,True,0,20,0.0676270979940847,11.698792485675087,0.22031557605356525,2,0.06755184454079205,11.703627878269891,0.22072949117341642,5.0,none
val_images_circle,circle,test001.png,0,upright,0.0,False,321,321,80892.0,0.7850467562675476,inpaint,red_gd,wavelet,15.0,fixed5p0,0.8,3.8461538461538467,1.4142135623730951,0.02,vanilla,True,0,20,0.0676270979940847,11.698792485675087,0.22031557605356525,3,0.06751422083225164,11.70604740080286,0.22088995782957524,5.0,none
val_images_circle,circle,test001.png,0,upright,0.0,False,321,321,80892.0,0.7850467562675476,inpaint,red_gd,wavelet,15.0,fixed5p0,0.8,3.8461538461538467,1.4142135623730951,0.02,vanilla,True,0,20,0.0676270979940847,11.698792485675087,0.22031557605356525,4,0.06747664541340614,11.70846516400938,0.22114340629326756,5.0,none
val_images_circle,circle,test001.png,0,upright,0.0,False,321,321,80892.0,0.7850467562675476,inpaint,red_gd,wavelet,15.0,fixed5p0,0.8,3.8461538461538467,1.4142135623730951,0.02,vanilla,True,0,20,0.0676270979940847,11.698792485675087,0.22031557605356525,5,0.06743905188592506,11.710885440121007,0.22131092324488205,5.0,none
val_images_circle,circle,test001.png,0,upright,0.0,False,321,321,80892.0,0.7850467562675476,inpaint,red_gd,wavelet,15.0,fixed5p0,0.8,3.8461538461538467,1.4142135623730951,0.02,vanilla,True,0,20,0.0676270979940847,11.698792485675087,0.22031557605356525,6,0.06740149457571515,11.713304732155802,0.22155729726827128,5.0,none
val_images_circle,circle,test001.png,0,upright,0.0,False,321,321,80892.0,0.7850467562675476,inpaint,red_gd,wavelet,15.0,fixed5p0,0.8,3.8461538461538467,1.4142135623730951,0.02,vanilla,True,0,20,0.0676270979940847,11.698792485675087,0.22031557605356525,7,0.06736393122929338,11.715725761792717,0.2217307055626638,5.0,none
val_images_circle,circle,test001.png,0,upright,0.0,False,321,321,80892.0,0.7850467562675476,inpaint,red_gd,wavelet,15.0,fixed5p0,0.8,3.8461538461538467,1.4142135623730951,0.02,vanilla,True,0,20,0.0676270979940847,11.698792485675087,0.22031557605356525,8,0.06732639806393093,11.718146194961562,0.22197104337419027,5.0,none
val_images_circle,circle,test001.png,0,upright,0.0,False,321,321,80892.0,0.7850467562675476,inpaint,red_gd,wavelet,15.0,fixed5p0,0.8,3.8461538461538467,1.4142135623730951,0.02,vanilla,True,0,20,0.0676270979940847,11.698792485675087,0.22031557605356525,9,0.06728887697099219,11.720567198675447,0.22214944965200514,5.0,none
val_images_circle,circle,test001.png,0,upright,0.0,False,321,321,80892.0,0.7850467562675476,inpaint,red_gd,wavelet,15.0,fixed5p0,0.8,3.8461538461538467,1.4142135623730951,0.02,vanilla,True,0,20,0.0676270979940847,11.698792485675087,0.22031557605356525,10,0.06725137398668904,11.722988383331144,0.22238459632132968,5.0,none
val_images_circle,circle,test001.png,0,upright,0.0,False,321,321,80892.0,0.7850467562675476,inpaint,red_gd,wavelet,15.0,fixed5p0,0.8,3.8461538461538467,1.4142135623730951,0.02,vanilla,True,0,20,0.0676270979940847,11.698792485675087,0.22031557605356525,11,0.06721386496617403,11.725411308569019,0.22256722794744846,5.0,none
val_images_circle,circle,test001.png,0,upright,0.0,False,321,321,80892.0,0.7850467562675476,inpaint,red_gd,wavelet,15.0,fixed5p0,0.8,3.8461538461538467,1.4142135623730951,0.02,vanilla,True,0,20,0.0676270979940847,11.698792485675087,0.22031557605356525,12,0.06717638612671833,11.727833635107343,0.22279795610968947,5.0,none
val_images_circle,circle,test001.png,0,upright,0.0,False,321,321,80892.0,0.7850467562675476,inpaint,red_gd,wavelet,15.0,fixed5p0,0.8,3.8461538461538467,1.4142135623730951,0.02,vanilla,True,0,20,0.0676270979940847,11.698792485675087,0.22031557605356525,13,0.06713890125105078,11.730257703937887,0.22298411288353606,5.0,none
val_images_circle,circle,test001.png,0,upright,0.0,False,321,321,80892.0,0.7850467562675476,inpaint,red_gd,wavelet,15.0,fixed5p0,0.8,3.8461538461538467,1.4142135623730951,0.02,vanilla,True,0,20,0.0676270979940847,11.698792485675087,0.22031557605356525,14,0.06710144655644254,11.732681173167148,0.2232110503047273,5.0,none
val_images_circle,circle,test001.png,0,upright,0.0,False,321,321,80892.0,0.7850467562675476,inpaint,red_gd,wavelet,15.0,fixed5p0,0.8,3.8461538461538467,1.4142135623730951,0.02,vanilla,True,0,20,0.0676270979940847,11.698792485675087,0.22031557605356525,15,0.06706399789804617,11.735105604612176,0.22340008031542055,5.0,none
val_images_circle,circle,test001.png,0,upright,0.0,False,321,321,80892.0,0.7850467562675476,inpaint,red_gd,wavelet,15.0,fixed5p0,0.8,3.8461538461538467,1.4142135623730951,0.02,vanilla,True,0,20,0.0676270979940847,11.698792485675087,0.22031557605356525,16,0.06702656734828537,11.737530216904336,0.22362383061674826,5.0,none
val_images_circle,circle,test001.png,0,upright,0.0,False,321,321,80892.0,0.7850467562675476,inpaint,red_gd,wavelet,15.0,fixed5p0,0.8,3.8461538461538467,1.4142135623730951,0.02,vanilla,True,0,20,0.0676270979940847,11.698792485675087,0.22031557605356525,17,0.06698913679852457,11.739956183583676,0.2238153234018815,5.0,none
val_images_circle,circle,test001.png,0,upright,0.0,False,321,321,80892.0,0.7850467562675476,inpaint,red_gd,wavelet,15.0,fixed5p0,0.8,3.8461538461538467,1.4142135623730951,0.02,vanilla,True,0,20,0.0676270979940847,11.698792485675087,0.22031557605356525,18,0.06695173039361123,11.742381939964774,0.22403624875605746,5.0,none
val_images_circle,circle,test001.png,0,upright,0.0,False,321,321,80892.0,0.7850467562675476,inpaint,red_gd,wavelet,15.0,fixed5p0,0.8,3.8461538461538467,1.4142135623730951,0.02,vanilla,True,0,20,0.0676270979940847,11.698792485675087,0.22031557605356525,19,0.0669143239886979,11.744809052011881,0.22422974556352915,5.0,none
val_images_circle,circle,test001.png,0,upright,0.0,False,321,321,80892.0,0.7850467562675476,inpaint,red_gd,wavelet,15.0,fixed5p0,0.8,3.8461538461538467,1.4142135623730951,0.02,vanilla,True,0,20,0.0676270979940847,11.698792485675087,0.22031557605356525,20,0.06687695380105572,11.747235169315024,0.22444825643295999,5.0,none
val_images_circle,circle,test001.png,0,upright,0.0,False,321,321,80892.0,0.7850467562675476,inpaint,red_gd,wavelet,15.0,fixed5p0,0.8,3.8461538461538467,1.4142135623730951,0.02,G16_fixed,True,16,20,0.0676270979940847,11.698792485675087,0.22031557605356525,1,0.0675159773699037,11.705934410579967,0.22076696397666024,5.0,0;22.5;45;67.5;90;112.5;135;157.5;180;202.5;225;247.5;270;292.5;315;337.5
val_images_circle,circle,test001.png,0,upright,0.0,False,321,321,80892.0,0.7850467562675476,inpaint,red_gd,wavelet,15.0,fixed5p0,0.8,3.8461538461538467,1.4142135623730951,0.02,G16_fixed,True,16,20,0.0676270979940847,11.698792485675087,0.22031557605356525,2,0.06740488692678201,11.713086155062804,0.2214809754054789,5.0,0;22.5;45;67.5;90;112.5;135;157.5;180;202.5;225;247.5;270;292.5;315;337.5
val_images_circle,circle,test001.png,0,upright,0.0,False,321,321,80892.0,0.7850467562675476,inpaint,red_gd,wavelet,15.0,fixed5p0,0.8,3.8461538461538467,1.4142135623730951,0.02,G16_fixed,True,16,20,0.0676270979940847,11.698792485675087,0.22031557605356525,3,0.06729400171486365,11.720236451108246,0.22195358664948325,5.0,0;22.5;45;67.5;90;112.5;135;157.5;180;202.5;225;247.5;270;292.5;315;337.5
val_images_circle,circle,test001.png,0,upright,0.0,False,321,321,80892.0,0.7850467562675476,inpaint,red_gd,wavelet,15.0,fixed5p0,0.8,3.8461538461538467,1.4142135623730951,0.02,G16_fixed,True,16,20,0.0676270979940847,11.698792485675087,0.22031557605356525,4,0.06718315272021647,11.727396197729211,0.22264770272400236,5.0,0;22.5;45;67.5;90;112.5;135;157.5;180;202.5;225;247.5;270;292.5;315;337.5
val_images_circle,circle,test001.png,0,upright,0.0,False,321,321,80892.0,0.7850467562675476,inpaint,red_gd,wavelet,15.0,fixed5p0,0.8,3.8461538461538467,1.4142135623730951,0.02,G16_fixed,True,16,20,0.0676270979940847,11.698792485675087,0.22031557605356525,5,0.06707249084813702,11.734555651143296,0.2231381811551204,5.0,0;22.5;45;67.5;90;112.5;135;157.5;180;202.5;225;247.5;270;292.5;315;337.5
val_images_circle,circle,test001.png,0,upright,0.0,False,321,321,80892.0,0.7850467562675476,inpaint,red_gd,wavelet,15.0,fixed5p0,0.8,3.8461538461538467,1.4142135623730951,0.02,G16_fixed,True,16,20,0.0676270979940847,11.698792485675087,0.22031557605356525,6,0.06696187726575248,11.741723794662741,0.22381551656066112,5.0,0;22.5;45;67.5;90;112.5;135;157.5;180;202.5;225;247.5;270;292.5;315;337.5
val_images_circle,circle,test001.png,0,upright,0.0,False,321,321,80892.0,0.7850467562675476,inpaint,red_gd,wavelet,15.0,fixed5p0,0.8,3.8461538461538467,1.4142135623730951,0.02,G16_fixed,True,16,20,0.0676270979940847,11.698792485675087,0.22031557605356525,7,0.06685143873351197,11.74889241695916,0.22432110966628344,5.0,0;22.5;45;67.5;90;112.5;135;157.5;180;202.5;225;247.5;270;292.5;315;337.5
val_images_circle,circle,test001.png,0,upright,0.0,False,321,321,80892.0,0.7850467562675476,inpaint,red_gd,wavelet,15.0,fixed5p0,0.8,3.8461538461538467,1.4142135623730951,0.02,G16_fixed,True,16,20,0.0676270979940847,11.698792485675087,0.22031557605356525,8,0.06674106056339008,11.75606896375137,0.2249841996118281,5.0,0;22.5;45;67.5;90;112.5;135;157.5;180;202.5;225;247.5;270;292.5;315;337.5
val_images_circle,circle,test001.png,0,upright,0.0,False,321,321,80892.0,0.7850467562675476,inpaint,red_gd,wavelet,15.0,fixed5p0,0.8,3.8461538461538467,1.4142135623730951,0.02,G16_fixed,True,16,20,0.0676270979940847,11.698792485675087,0.22031557605356525,9,0.06663083933477662,11.763247159804592,0.22550246876236216,5.0,0;22.5;45;67.5;90;112.5;135;157.5;180;202.5;225;247.5;270;292.5;315;337.5
val_images_circle,circle,test001.png,0,upright,0.0,False,321,321,80892.0,0.7850467562675476,inpaint,red_gd,wavelet,15.0,fixed5p0,0.8,3.8461538461538467,1.4142135623730951,0.02,G16_fixed,True,16,20,0.0676270979940847,11.698792485675087,0.22031557605356525,10,0.06652070261312923,11.770431722698149,0.2261536311532661,5.0,0;22.5;45;67.5;90;112.5;135;157.5;180;202.5;225;247.5;270;292.5;315;337.5
val_images_circle,circle,test001.png,0,upright,0.0,False,321,321,80892.0,0.7850467562675476,inpaint,red_gd,wavelet,15.0,fixed5p0,0.8,3.8461538461538467,1.4142135623730951,0.02,G16_fixed,True,16,20,0.0676270979940847,11.698792485675087,0.22031557605356525,11,0.06641069868814284,11.777619506479377,0.22668259647122088,5.0,0;22.5;45;67.5;90;112.5;135;157.5;180;202.5;225;247.5;270;292.5;315;337.5
val_images_circle,circle,test001.png,0,upright,0.0,False,321,321,80892.0,0.7850467562675476,inpaint,red_gd,wavelet,15.0,fixed5p0,0.8,3.8461538461538467,1.4142135623730951,0.02,G16_fixed,True,16,20,0.0676270979940847,11.698792485675087,0.22031557605356525,12,0.06630077927012251,11.784813670594016,0.22732369046073778,5.0,0;22.5;45;67.5;90;112.5;135;157.5;180;202.5;225;247.5;270;292.5;315;337.5
val_images_circle,circle,test001.png,0,upright,0.0,False,321,321,80892.0,0.7850467562675476,inpaint,red_gd,wavelet,15.0,fixed5p0,0.8,3.8461538461538467,1.4142135623730951,0.02,G16_fixed,True,16,20,0.0676270979940847,11.698792485675087,0.22031557605356525,13,0.06619100472118689,11.792010266538174,0.2278616376619443,5.0,0;22.5;45;67.5;90;112.5;135;157.5;180;202.5;225;247.5;270;292.5;315;337.5
val_images_circle,circle,test001.png,0,upright,0.0,False,321,321,80892.0,0.7850467562675476,inpaint,red_gd,wavelet,15.0,fixed5p0,0.8,3.8461538461538467,1.4142135623730951,0.02,G16_fixed,True,16,20,0.0676270979940847,11.698792485675087,0.22031557605356525,14,0.06608130864300549,11.799213650398459,0.22849416023061614,5.0,0;22.5;45;67.5;90;112.5;135;157.5;180;202.5;225;247.5;270;292.5;315;337.5
val_images_circle,circle,test001.png,0,upright,0.0,False,321,321,80892.0,0.7850467562675476,inpaint,red_gd,wavelet,15.0,fixed5p0,0.8,3.8461538461538467,1.4142135623730951,0.02,G16_fixed,True,16,20,0.0676270979940847,11.698792485675087,0.22031557605356525,15,0.06597175139769693,11.80641986250623,0.22903978549331208,5.0,0;22.5;45;67.5;90;112.5;135;157.5;180;202.5;225;247.5;270;292.5;315;337.5
val_images_circle,circle,test001.png,0,upright,0.0,False,321,321,80892.0,0.7850467562675476,inpaint,red_gd,wavelet,15.0,fixed5p0,0.8,3.8461538461538467,1.4142135623730951,0.02,G16_fixed,True,16,20,0.0676270979940847,11.698792485675087,0.22031557605356525,16,0.06586227262314258,11.81363287734926,0.2296651611871384,5.0,0;22.5;45;67.5;90;112.5;135;157.5;180;202.5;225;247.5;270;292.5;315;337.5
val_images_circle,circle,test001.png,0,upright,0.0,False,321,321,80892.0,0.7850467562675476,inpaint,red_gd,wavelet,15.0,fixed5p0,0.8,3.8461538461538467,1.4142135623730951,0.02,G16_fixed,True,16,20,0.0676270979940847,11.698792485675087,0.22031557605356525,17,0.06575293268146108,11.820848722074517,0.23021716068956138,5.0,0;22.5;45;67.5;90;112.5;135;157.5;180;202.5;225;247.5;270;292.5;315;337.5
val_images_circle,circle,test001.png,0,upright,0.0,False,321,321,80892.0,0.7850467562675476,inpaint,red_gd,wavelet,15.0,fixed5p0,0.8,3.8461538461538467,1.4142135623730951,0.02,G16_fixed,True,16,20,0.0676270979940847,11.698792485675087,0.22031557605356525,18,0.06564366517432194,11.828071783723754,0.23083642773698265,5.0,0;22.5;45;67.5;90;112.5;135;157.5;180;202.5;225;247.5;270;292.5;315;337.5
val_images_circle,circle,test001.png,0,upright,0.0,False,321,321,80892.0,0.7850467562675476,inpaint,red_gd,wavelet,15.0,fixed5p0,0.8,3.8461538461538467,1.4142135623730951,0.02,G16_fixed,True,16,20,0.0676270979940847,11.698792485675087,0.22031557605356525,19,0.06553454253626749,11.835297278158613,0.2313938598300821,5.0,0;22.5;45;67.5;90;112.5;135;157.5;180;202.5;225;247.5;270;292.5;315;337.5
val_images_circle,circle,test001.png,0,upright,0.0,False,321,321,80892.0,0.7850467562675476,inpaint,red_gd,wavelet,15.0,fixed5p0,0.8,3.8461538461538467,1.4142135623730951,0.02,G16_fixed,True,16,20,0.0676270979940847,11.698792485675087,0.22031557605356525,20,0.06542549836896726,11.842529605020962,0.23200805645953865,5.0,0;22.5;45;67.5;90;112.5;135;157.5;180;202.5;225;247.5;270;292.5;315;337.5
val_images_circle,circle,test001.png,0,rot45_padded,45.0,False,321,321,80883.0,0.7849593758583069,inpaint,red_gd,wavelet,15.0,fixed5p0,0.8,3.8461538461538467,1.4142135623730951,0.02,vanilla,False,0,20,0.06822988988531274,11.66025329617641,0.22236391995227675,1,0.06819277512541264,11.662616354516926,0.22250919151737694,5.0,none
val_images_circle,circle,test001.png,0,rot45_padded,45.0,False,321,321,80883.0,0.7849593758583069,inpaint,red_gd,wavelet,15.0,fixed5p0,0.8,3.8461538461538467,1.4142135623730951,0.02,vanilla,False,0,20,0.06822988988531274,11.66025329617641,0.22236391995227675,2,0.06815573280811481,11.664976083220813,0.2227666283783366,5.0,none
val_images_circle,circle,test001.png,0,rot45_padded,45.0,False,321,321,80883.0,0.7849593758583069,inpaint,red_gd,wavelet,15.0,fixed5p0,0.8,3.8461538461538467,1.4142135623730951,0.02,vanilla,False,0,20,0.06822988988531274,11.66025329617641,0.22236391995227675,3,0.06811865426951584,11.667339404084442,0.222920303285301,5.0,none
val_images_circle,circle,test001.png,0,rot45_padded,45.0,False,321,321,80883.0,0.7849593758583069,inpaint,red_gd,wavelet,15.0,fixed5p0,0.8,3.8461538461538467,1.4142135623730951,0.02,vanilla,False,0,20,0.06822988988531274,11.66025329617641,0.22236391995227675,4,0.06808163609975211,11.669700160762835,0.22316921606672602,5.0,none
val_images_circle,circle,test001.png,0,rot45_padded,45.0,False,321,321,80883.0,0.7849593758583069,inpaint,red_gd,wavelet,15.0,fixed5p0,0.8,3.8461538461538467,1.4142135623730951,0.02,vanilla,False,0,20,0.06822988988531274,11.66025329617641,0.22236391995227675,5,0.06804459378245428,11.672063742625106,0.22333001449624768,5.0,none
val_images_circle,circle,test001.png,0,rot45_padded,45.0,False,321,321,80883.0,0.7849593758583069,inpaint,red_gd,wavelet,15.0,fixed5p0,0.8,3.8461538461538467,1.4142135623730951,0.02,vanilla,False,0,20,0.06822988988531274,11.66025329617641,0.22236391995227675,6,0.06800759372334113,11.674425912935433,0.22357163472237676,5.0,none
val_images_circle,circle,test001.png,0,rot45_padded,45.0,False,321,321,80883.0,0.7849593758583069,inpaint,red_gd,wavelet,15.0,fixed5p0,0.8,3.8461538461538467,1.4142135623730951,0.02,vanilla,False,0,20,0.06822988988531274,11.66025329617641,0.22236391995227675,7,0.06797056951669386,11.676790911646695,0.22373844588788744,5.0,none
val_images_circle,circle,test001.png,0,rot45_padded,45.0,False,321,321,80883.0,0.7849593758583069,inpaint,red_gd,wavelet,15.0,fixed5p0,0.8,3.8461538461538467,1.4142135623730951,0.02,vanilla,False,0,20,0.06822988988531274,11.66025329617641,0.22236391995227675,8,0.06793359360511479,11.67915411147656,0.22397386019775478,5.0,none
val_images_circle,circle,test001.png,0,rot45_padded,45.0,False,321,321,80883.0,0.7849593758583069,inpaint,red_gd,wavelet,15.0,fixed5p0,0.8,3.8461538461538467,1.4142135623730951,0.02,vanilla,False,0,20,0.06822988988531274,11.66025329617641,0.22236391995227675,9,0.0678966116566522,11.681518984078089,0.22414576649295898,5.0,none
val_images_circle,circle,test001.png,0,rot45_padded,45.0,False,321,321,80883.0,0.7849593758583069,inpaint,red_gd,wavelet,15.0,fixed5p0,0.8,3.8461538461538467,1.4142135623730951,0.02,vanilla,False,0,20,0.06822988988531274,11.66025329617641,0.22236391995227675,10,0.06785966592949075,11.683882827005657,0.22437589249286005,5.0,none
val_images_circle,circle,test001.png,0,rot45_padded,45.0,False,321,321,80883.0,0.7849593758583069,inpaint,red_gd,wavelet,15.0,fixed5p0,0.8,3.8461538461538467,1.4142135623730951,0.02,vanilla,False,0,20,0.06822988988531274,11.66025329617641,0.22236391995227675,11,0.06782270209167872,11.686249116955194,0.2245520729015986,5.0,none
val_images_circle,circle,test001.png,0,rot45_padded,45.0,False,321,321,80883.0,0.7849593758583069,inpaint,red_gd,wavelet,15.0,fixed5p0,0.8,3.8461538461538467,1.4142135623730951,0.02,vanilla,False,0,20,0.06822988988531274,11.66025329617641,0.22236391995227675,12,0.06778577447516783,11.688614376249147,0.22477765916509032,5.0,none
val_images_circle,circle,test001.png,0,rot45_padded,45.0,False,321,321,80883.0,0.7849593758583069,inpaint,red_gd,wavelet,15.0,fixed5p0,0.8,3.8461538461538467,1.4142135623730951,0.02,vanilla,False,0,20,0.06822988988531274,11.66025329617641,0.22236391995227675,13,0.06774884685865695,11.690980924415147,0.22495741340887454,5.0,none
val_images_circle,circle,test001.png,0,rot45_padded,45.0,False,321,321,80883.0,0.7849593758583069,inpaint,red_gd,wavelet,15.0,fixed5p0,0.8,3.8461538461538467,1.4142135623730951,0.02,vanilla,False,0,20,0.06822988988531274,11.66025329617641,0.22236391995227675,14,0.06771194338968016,11.693347214070895,0.22517916021444556,5.0,none
val_images_circle,circle,test001.png,0,rot45_padded,45.0,False,321,321,80883.0,0.7849593758583069,inpaint,red_gd,wavelet,15.0,fixed5p0,0.8,3.8461538461538467,1.4142135623730951,0.02,vanilla,False,0,20,0.06822988988531274,11.66025329617641,0.22236391995227675,15,0.06767503388381983,11.695715181130186,0.22536190875245726,5.0,none
val_images_circle,circle,test001.png,0,rot45_padded,45.0,False,321,321,80883.0,0.7849593758583069,inpaint,red_gd,wavelet,15.0,fixed5p0,0.8,3.8461538461538467,1.4142135623730951,0.02,vanilla,False,0,20,0.06822988988531274,11.66025329617641,0.22236391995227675,16,0.06763816059926066,11.698082114299012,0.22558025075572122,5.0,none
val_images_circle,circle,test001.png,0,rot45_padded,45.0,False,321,321,80883.0,0.7849593758583069,inpaint,red_gd,wavelet,15.0,fixed5p0,0.8,3.8461538461538467,1.4142135623730951,0.02,vanilla,False,0,20,0.06822988988531274,11.66025329617641,0.22236391995227675,17,0.06760128731470148,11.700450338165275,0.22576548648974445,5.0,none
val_images_circle,circle,test001.png,0,rot45_padded,45.0,False,321,321,80883.0,0.7849593758583069,inpaint,red_gd,wavelet,15.0,fixed5p0,0.8,3.8461538461538467,1.4142135623730951,0.02,vanilla,False,0,20,0.06822988988531274,11.66025329617641,0.22236391995227675,18,0.06756442610390935,11.702819078052823,0.2259810273790537,5.0,none
val_images_circle,circle,test001.png,0,rot45_padded,45.0,False,321,321,80883.0,0.7849593758583069,inpaint,red_gd,wavelet,15.0,fixed5p0,0.8,3.8461538461538467,1.4142135623730951,0.02,vanilla,False,0,20,0.06822988988531274,11.66025329617641,0.22236391995227675,19,0.06752757696688426,11.705188334101443,0.22616833980100887,5.0,none
val_images_circle,circle,test001.png,0,rot45_padded,45.0,False,321,321,80883.0,0.7849593758583069,inpaint,red_gd,wavelet,15.0,fixed5p0,0.8,3.8461538461538467,1.4142135623730951,0.02,vanilla,False,0,20,0.06822988988531274,11.66025329617641,0.22236391995227675,20,0.06749073990362622,11.70755810645089,0.2263813693467725,5.0,none
val_images_circle,circle,test001.png,0,rot45_padded,45.0,False,321,321,80883.0,0.7849593758583069,inpaint,red_gd,wavelet,15.0,fixed5p0,0.8,3.8461538461538467,1.4142135623730951,0.02,G16_fixed,False,16,20,0.06822988988531274,11.66025329617641,0.22236391995227675,1,0.06818988345820506,11.66280051797656,0.22252360759523016,5.0,0;22.5;45;67.5;90;112.5;135;157.5;180;202.5;225;247.5;270;292.5;315;337.5
val_images_circle,circle,test001.png,0,rot45_padded,45.0,False,321,321,80883.0,0.7849593758583069,inpaint,red_gd,wavelet,15.0,fixed5p0,0.8,3.8461538461538467,1.4142135623730951,0.02,G16_fixed,False,16,20,0.06822988988531274,11.66025329617641,0.22236391995227675,2,0.06814992532616557,11.665346156980092,0.22278577737287192,5.0,0;22.5;45;67.5;90;112.5;135;157.5;180;202.5;225;247.5;270;292.5;315;337.5
val_images_circle,circle,test001.png,0,rot45_padded,45.0,False,321,321,80883.0,0.7849593758583069,inpaint,red_gd,wavelet,15.0,fixed5p0,0.8,3.8461538461538467,1.4142135623730951,0.02,G16_fixed,False,16,20,0.06822988988531274,11.66025329617641,0.22236391995227675,3,0.06810992493594142,11.667895983537795,0.2229535785872804,5.0,0;22.5;45;67.5;90;112.5;135;157.5;180;202.5;225;247.5;270;292.5;315;337.5
val_images_circle,circle,test001.png,0,rot45_padded,45.0,False,321,321,80883.0,0.7849593758583069,inpaint,red_gd,wavelet,15.0,fixed5p0,0.8,3.8461538461538467,1.4142135623730951,0.02,G16_fixed,False,16,20,0.06822988988531274,11.66025329617641,0.22236391995227675,4,0.06806997887766898,11.670443841583403,0.22320840751455806,5.0,0;22.5;45;67.5;90;112.5;135;157.5;180;202.5;225;247.5;270;292.5;315;337.5
val_images_circle,circle,test001.png,0,rot45_padded,45.0,False,321,321,80883.0,0.7849593758583069,inpaint,red_gd,wavelet,15.0,fixed5p0,0.8,3.8461538461538467,1.4142135623730951,0.02,G16_fixed,False,16,20,0.06822988988531274,11.66025329617641,0.22236391995227675,5,0.06803000263497892,11.672995122180776,0.22338311492371699,5.0,0;22.5;45;67.5;90;112.5;135;157.5;180;202.5;225;247.5;270;292.5;315;337.5
val_images_circle,circle,test001.png,0,rot45_padded,45.0,False,321,321,80883.0,0.7849593758583069,inpaint,red_gd,wavelet,15.0,fixed5p0,0.8,3.8461538461538467,1.4142135623730951,0.02,G16_fixed,False,16,20,0.06822988988531274,11.66025329617641,0.22236391995227675,6,0.06799007468735704,11.675544817514778,0.2236317379347329,5.0,0;22.5;45;67.5;90;112.5;135;157.5;180;202.5;225;247.5;270;292.5;315;337.5
val_images_circle,circle,test001.png,0,rot45_padded,45.0,False,321,321,80883.0,0.7849593758583069,inpaint,red_gd,wavelet,15.0,fixed5p0,0.8,3.8461538461538467,1.4142135623730951,0.02,G16_fixed,False,16,20,0.06822988988531274,11.66025329617641,0.22236391995227675,7,0.06795011655531756,11.678097939824386,0.22381236148974445,5.0,0;22.5;45;67.5;90;112.5;135;157.5;180;202.5;225;247.5;270;292.5;315;337.5
val_images_circle,circle,test001.png,0,rot45_padded,45.0,False,321,321,80883.0,0.7849593758583069,inpaint,red_gd,wavelet,15.0,fixed5p0,0.8,3.8461538461538467,1.4142135623730951,0.02,G16_fixed,False,16,20,0.06822988988531274,11.66025329617641,0.22236391995227675,8,0.06791018257081216,11.680651019675103,0.2240557203383282,5.0,0;22.5;45;67.5;90;112.5;135;157.5;180;202.5;225;247.5;270;292.5;315;337.5
val_images_circle,circle,test001.png,0,rot45_padded,45.0,False,321,321,80883.0,0.7849593758583069,inpaint,red_gd,wavelet,15.0,fixed5p0,0.8,3.8461538461538467,1.4142135623730951,0.02,G16_fixed,False,16,20,0.06822988988531274,11.66025329617641,0.22236391995227675,9,0.06787024858630676,11.683205601283566,0.22424129413782873,5.0,0;22.5;45;67.5;90;112.5;135;157.5;180;202.5;225;247.5;270;292.5;315;337.5
val_images_circle,circle,test001.png,0,rot45_padded,45.0,False,321,321,80883.0,0.7849593758583069,inpaint,red_gd,wavelet,15.0,fixed5p0,0.8,3.8461538461538467,1.4142135623730951,0.02,G16_fixed,False,16,20,0.06822988988531274,11.66025329617641,0.22236391995227675,10,0.06783033271245194,11.685760526854192,0.22448020984013947,5.0,0;22.5;45;67.5;90;112.5;135;157.5;180;202.5;225;247.5;270;292.5;315;337.5
val_images_circle,circle,test001.png,0,rot45_padded,45.0,False,321,321,80883.0,0.7849593758583069,inpaint,red_gd,wavelet,15.0,fixed5p0,0.8,3.8461538461538467,1.4142135623730951,0.02,G16_fixed,False,16,20,0.06822988988531274,11.66025329617641,0.22236391995227675,11,0.06779041080171358,11.688317343104014,0.22467010604824253,5.0,0;22.5;45;67.5;90;112.5;135;157.5;180;202.5;225;247.5;270;292.5;315;337.5
val_images_circle,circle,test001.png,0,rot45_padded,45.0,False,321,321,80883.0,0.7849593758583069,inpaint,red_gd,wavelet,15.0,fixed5p0,0.8,3.8461538461538467,1.4142135623730951,0.02,G16_fixed,False,16,20,0.06822988988531274,11.66025329617641,0.22236391995227675,12,0.06775051303850933,11.690874117605679,0.22490525473523484,5.0,0;22.5;45;67.5;90;112.5;135;157.5;180;202.5;225;247.5;270;292.5;315;337.5
val_images_circle,circle,test001.png,0,rot45_padded,45.0,False,321,321,80883.0,0.7849593758583069,inpaint,red_gd,wavelet,15.0,fixed5p0,0.8,3.8461538461538467,1.4142135623730951,0.02,G16_fixed,False,16,20,0.06822988988531274,11.66025329617641,0.22236391995227675,13,0.06771060320153803,11.693433172624992,0.22509872477838358,5.0,0;22.5;45;67.5;90;112.5;135;157.5;180;202.5;225;247.5;270;292.5;315;337.5
val_images_circle,circle,test001.png,0,rot45_padded,45.0,False,321,321,80883.0,0.7849593758583069,inpaint,red_gd,wavelet,15.0,fixed5p0,0.8,3.8461538461538467,1.4142135623730951,0.02,G16_fixed,False,16,20,0.06822988988531274,11.66025329617641,0.22236391995227675,14,0.06767072354898433,11.695991799277717,0.22533068599087572,5.0,0;22.5;45;67.5;90;112.5;135;157.5;180;202.5;225;247.5;270;292.5;315;337.5
val_images_circle,circle,test001.png,0,rot45_padded,45.0,False,321,321,80883.0,0.7849593758583069,inpaint,red_gd,wavelet,15.0,fixed5p0,0.8,3.8461538461538467,1.4142135623730951,0.02,G16_fixed,False,16,20,0.06822988988531274,11.66025329617641,0.22236391995227675,15,0.0676308318226636,11.698552709545023,0.22552731936099057,5.0,0;22.5;45;67.5;90;112.5;135;157.5;180;202.5;225;247.5;270;292.5;315;337.5
val_images_circle,circle,test001.png,0,rot45_padded,45.0,False,321,321,80883.0,0.7849593758583069,inpaint,red_gd,wavelet,15.0,fixed5p0,0.8,3.8461538461538467,1.4142135623730951,0.02,G16_fixed,False,16,20,0.06822988988531274,11.66025329617641,0.22236391995227675,16,0.06759096424387696,11.701113579238992,0.22575660019719843,5.0,0;22.5;45;67.5;90;112.5;135;157.5;180;202.5;225;247.5;270;292.5;315;337.5
val_images_circle,circle,test001.png,0,rot45_padded,45.0,False,321,321,80883.0,0.7849593758583069,inpaint,red_gd,wavelet,15.0,fixed5p0,0.8,3.8461538461538467,1.4142135623730951,0.02,G16_fixed,False,16,20,0.06822988988531274,11.66025329617641,0.22236391995227675,17,0.06755109666509032,11.703675959871596,0.22595584150099526,5.0,0;22.5;45;67.5;90;112.5;135;157.5;180;202.5;225;247.5;270;292.5;315;337.5
val_images_circle,circle,test001.png,0,rot45_padded,45.0,False,321,321,80883.0,0.7849593758583069,inpaint,red_gd,wavelet,15.0,fixed5p0,0.8,3.8461538461538467,1.4142135623730951,0.02,G16_fixed,False,16,20,0.06822988988531274,11.66025329617641,0.22236391995227675,18,0.06751122908630368,11.70623985322682,0.22618282832146433,5.0,0;22.5;45;67.5;90;112.5;135;157.5;180;202.5;225;247.5;270;292.5;315;337.5
val_images_circle,circle,test001.png,0,rot45_padded,45.0,False,321,321,80883.0,0.7849593758583069,inpaint,red_gd,wavelet,15.0,fixed5p0,0.8,3.8461538461538467,1.4142135623730951,0.02,G16_fixed,False,16,20,0.06822988988531274,11.66025329617641,0.22236391995227675,19,0.06747136754440056,11.708804872514346,0.22638436364099995,5.0,0;22.5;45;67.5;90;112.5;135;157.5;180;202.5;225;247.5;270;292.5;315;337.5
val_images_circle,circle,test001.png,0,rot45_padded,45.0,False,321,321,80883.0,0.7849593758583069,inpaint,red_gd,wavelet,15.0,fixed5p0,0.8,3.8461538461538467,1.4142135623730951,0.02,G16_fixed,False,16,20,0.06822988988531274,11.66025329617641,0.22236391995227675,20,0.06743153015003153,11.711369852414181,0.22660941865874165,5.0,0;22.5;45;67.5;90;112.5;135;157.5;180;202.5;225;247.5;270;292.5;315;337.5
val_images_circle,circle,test002.png,1,upright,0.0,False,321,321,80892.0,0.7850467562675476,inpaint,red_gd,wavelet,15.0,fixed5p0,0.8,3.8461538461538467,1.4142135623730951,0.02,vanilla,True,0,20,0.15752691232986574,8.026452394749866,0.11224735555972779,1,0.15748457433986054,8.027619790627346,0.1122807478837524,5.0,none
val_images_circle,circle,test002.png,1,upright,0.0,False,321,321,80892.0,0.7850467562675476,inpaint,red_gd,wavelet,15.0,fixed5p0,0.8,3.8461538461538467,1.4142135623730951,0.02,vanilla,True,0,20,0.15752691232986574,8.026452394749866,0.11224735555972779,2,0.15744236914651635,8.028783837277903,0.11234109792995599,5.0,none
val_images_circle,circle,test002.png,1,upright,0.0,False,321,321,80892.0,0.7850467562675476,inpaint,red_gd,wavelet,15.0,fixed5p0,0.8,3.8461538461538467,1.4142135623730951,0.02,vanilla,True,0,20,0.15752691232986574,8.026452394749866,0.11224735555972779,3,0.15740009151862977,8.029950194609164,0.11237657878328512,5.0,none
val_images_circle,circle,test002.png,1,upright,0.0,False,321,321,80892.0,0.7850467562675476,inpaint,red_gd,wavelet,15.0,fixed5p0,0.8,3.8461538461538467,1.4142135623730951,0.02,vanilla,True,0,20,0.15752691232986574,8.026452394749866,0.11224735555972779,4,0.157357910470133,8.031114199755782,0.11243500931411635,5.0,none
val_images_circle,circle,test002.png,1,upright,0.0,False,321,321,80892.0,0.7850467562675476,inpaint,red_gd,wavelet,15.0,fixed5p0,0.8,3.8461538461538467,1.4142135623730951,0.02,vanilla,True,0,20,0.15752691232986574,8.026452394749866,0.11224735555972779,5,0.15731564491467018,8.03228084991169,0.11247224066888567,5.0,none
val_images_circle,circle,test002.png,1,upright,0.0,False,321,321,80892.0,0.7850467562675476,inpaint,red_gd,wavelet,15.0,fixed5p0,0.8,3.8461538461538467,1.4142135623730951,0.02,vanilla,True,0,20,0.15752691232986574,8.026452394749866,0.11224735555972779,6,0.15727345179374969,8.03344581334441,0.11252902935009024,5.0,none
val_images_circle,circle,test002.png,1,upright,0.0,False,321,321,80892.0,0.7850467562675476,inpaint,red_gd,wavelet,15.0,fixed5p0,0.8,3.8461538461538467,1.4142135623730951,0.02,vanilla,True,0,20,0.15752691232986574,8.026452394749866,0.11224735555972779,7,0.15723118623828686,8.034613090096666,0.11256775768540152,5.0,none
val_images_circle,circle,test002.png,1,upright,0.0,False,321,321,80892.0,0.7850467562675476,inpaint,red_gd,wavelet,15.0,fixed5p0,0.8,3.8461538461538467,1.4142135623730951,0.02,vanilla,True,0,20,0.15752691232986574,8.026452394749866,0.11224735555972779,8,0.15718901726221382,8.03577801229454,0.11262314596545393,5.0,none
val_images_circle,circle,test002.png,1,upright,0.0,False,321,321,80892.0,0.7850467562675476,inpaint,red_gd,wavelet,15.0,fixed5p0,0.8,3.8461538461538467,1.4142135623730951,0.02,vanilla,True,0,20,0.15752691232986574,8.026452394749866,0.11224735555972779,9,0.1571467637791747,8.03694558250082,0.11266317812252757,5.0,none
val_images_circle,circle,test002.png,1,upright,0.0,False,321,321,80892.0,0.7850467562675476,inpaint,red_gd,wavelet,15.0,fixed5p0,0.8,3.8461538461538467,1.4142135623730951,0.02,vanilla,True,0,20,0.15752691232986574,8.026452394749866,0.11224735555972779,10,0.15710460687552538,8.03811079687686,0.11271737123263116,5.0,none
val_images_circle,circle,test002.png,1,upright,0.0,False,321,321,80892.0,0.7850467562675476,inpaint,red_gd,wavelet,15.0,fixed5p0,0.8,3.8461538461538467,1.4142135623730951,0.02,vanilla,True,0,20,0.15752691232986574,8.026452394749866,0.11224735555972779,11,0.1570624016821812,8.039277659226375,0.11275846576299263,5.0,none
val_images_circle,circle,test002.png,1,upright,0.0,False,321,321,80892.0,0.7850467562675476,inpaint,red_gd,wavelet,15.0,fixed5p0,0.8,3.8461538461538467,1.4142135623730951,0.02,vanilla,True,0,20,0.15752691232986574,8.026452394749866,0.11224735555972779,12,0.15702023270610815,8.040443833457037,0.11281165686192701,5.0,none
val_images_circle,circle,test002.png,1,upright,0.0,False,321,321,80892.0,0.7850467562675476,inpaint,red_gd,wavelet,15.0,fixed5p0,0.8,3.8461538461538467,1.4142135623730951,0.02,vanilla,True,0,20,0.15752691232986574,8.026452394749866,0.11224735555972779,13,0.15697802751276393,8.04161132289947,0.11285369304133908,5.0,none
val_images_circle,circle,test002.png,1,upright,0.0,False,321,321,80892.0,0.7850467562675476,inpaint,red_gd,wavelet,15.0,fixed5p0,0.8,3.8461538461538467,1.4142135623730951,0.02,vanilla,True,0,20,0.15752691232986574,8.026452394749866,0.11224735555972779,14,0.1569359068263858,8.042776787683078,0.11290601492576521,5.0,none
val_images_circle,circle,test002.png,1,upright,0.0,False,321,321,80892.0,0.7850467562675476,inpaint,red_gd,wavelet,15.0,fixed5p0,0.8,3.8461538461538467,1.4142135623730951,0.02,vanilla,True,0,20,0.15752691232986574,8.026452394749866,0.11224735555972779,15,0.1568937016330416,8.043944904533335,0.11294884788514316,5.0,none
val_images_circle,circle,test002.png,1,upright,0.0,False,321,321,80892.0,0.7850467562675476,inpaint,red_gd,wavelet,15.0,fixed5p0,0.8,3.8461538461538467,1.4142135623730951,0.02,vanilla,True,0,20,0.15752691232986574,8.026452394749866,0.11224735555972779,16,0.15685156887423973,8.045111330069275,0.11300044542414578,5.0,none
val_images_circle,circle,test002.png,1,upright,0.0,False,321,321,80892.0,0.7850467562675476,inpaint,red_gd,wavelet,15.0,fixed5p0,0.8,3.8461538461538467,1.4142135623730951,0.02,vanilla,True,0,20,0.15752691232986574,8.026452394749866,0.11224735555972779,17,0.15680941197059042,8.046278737675408,0.11304393029440489,5.0,none
val_images_circle,circle,test002.png,1,upright,0.0,False,321,321,80892.0,0.7850467562675476,inpaint,red_gd,wavelet,15.0,fixed5p0,0.8,3.8461538461538467,1.4142135623730951,0.02,vanilla,True,0,20,0.15752691232986574,8.026452394749866,0.11224735555972779,18,0.15676726713936484,8.047446124727543,0.11309490006737379,5.0,none
val_images_circle,circle,test002.png,1,upright,0.0,False,321,321,80892.0,0.7850467562675476,inpaint,red_gd,wavelet,15.0,fixed5p0,0.8,3.8461538461538467,1.4142135623730951,0.02,vanilla,True,0,20,0.15752691232986574,8.026452394749866,0.11224735555972779,19,0.15672512230813926,8.048613825658625,0.11313895234154799,5.0,none
val_images_circle,circle,test002.png,1,upright,0.0,False,321,321,80892.0,0.7850467562675476,inpaint,red_gd,wavelet,15.0,fixed5p0,0.8,3.8461538461538467,1.4142135623730951,0.02,vanilla,True,0,20,0.15752691232986574,8.026452394749866,0.11224735555972779,20,0.15668302576660856,8.049780502142072,0.11318941507272041,5.0,none
val_images_circle,circle,test002.png,1,upright,0.0,False,321,321,80892.0,0.7850467562675476,inpaint,red_gd,wavelet,15.0,fixed5p0,0.8,3.8461538461538467,1.4142135623730951,0.02,G16_fixed,True,16,20,0.15752691232986574,8.026452394749866,0.11224735555972779,1,0.15739358448224175,8.030129738876582,0.11236550837072887,5.0,0;22.5;45;67.5;90;112.5;135;157.5;180;202.5;225;247.5;270;292.5;315;337.5
val_images_circle,circle,test002.png,1,upright,0.0,False,321,321,80892.0,0.7850467562675476,inpaint,red_gd,wavelet,15.0,fixed5p0,0.8,3.8461538461538467,1.4142135623730951,0.02,G16_fixed,True,16,20,0.15752691232986574,8.026452394749866,0.11224735555972779,2,0.15726043772097364,8.033805198465402,0.11254265911647629,5.0,0;22.5;45;67.5;90;112.5;135;157.5;180;202.5;225;247.5;270;292.5;315;337.5
val_images_circle,circle,test002.png,1,upright,0.0,False,321,321,80892.0,0.7850467562675476,inpaint,red_gd,wavelet,15.0,fixed5p0,0.8,3.8461538461538467,1.4142135623730951,0.02,G16_fixed,True,16,20,0.15752691232986574,8.026452394749866,0.11224735555972779,3,0.15712738753909533,8.037481101831434,0.11266544773818796,5.0,0;22.5;45;67.5;90;112.5;135;157.5;180;202.5;225;247.5;270;292.5;315;337.5
val_images_circle,circle,test002.png,1,upright,0.0,False,321,321,80892.0,0.7850467562675476,inpaint,red_gd,wavelet,15.0,fixed5p0,0.8,3.8461538461538467,1.4142135623730951,0.02,G16_fixed,True,16,20,0.15752691232986574,8.026452394749866,0.11224735555972779,4,0.15699447015387802,8.041156445586118,0.11283832484593656,5.0,0;22.5;45;67.5;90;112.5;135;157.5;180;202.5;225;247.5;270;292.5;315;337.5
val_images_circle,circle,test002.png,1,upright,0.0,False,321,321,80892.0,0.7850467562675476,inpaint,red_gd,wavelet,15.0,fixed5p0,0.8,3.8461538461538467,1.4142135623730951,0.02,G16_fixed,True,16,20,0.15752691232986574,8.026452394749866,0.11224735555972779,5,0.15686169763774538,8.044830891428637,0.11296507322263018,5.0,0;22.5;45;67.5;90;112.5;135;157.5;180;202.5;225;247.5;270;292.5;315;337.5
val_images_circle,circle,test002.png,1,upright,0.0,False,321,321,80892.0,0.7850467562675476,inpaint,red_gd,wavelet,15.0,fixed5p0,0.8,3.8461538461538467,1.4142135623730951,0.02,G16_fixed,True,16,20,0.15752691232986574,8.026452394749866,0.11224735555972779,6,0.15672905791827374,8.048504768968863,0.11313434067568487,5.0,0;22.5;45;67.5;90;112.5;135;157.5;180;202.5;225;247.5;270;292.5;315;337.5
val_images_circle,circle,test002.png,1,upright,0.0,False,321,321,80892.0,0.7850467562675476,inpaint,red_gd,wavelet,15.0,fixed5p0,0.8,3.8461538461538467,1.4142135623730951,0.02,G16_fixed,True,16,20,0.15752691232986574,8.026452394749866,0.11224735555972779,7,0.15659652685061565,8.052178743747508,0.11326443311375044,5.0,0;22.5;45;67.5;90;112.5;135;157.5;180;202.5;225;247.5;270;292.5;315;337.5
val_images_circle,circle,test002.png,1,upright,0.0,False,321,321,80892.0,0.7850467562675476,inpaint,red_gd,wavelet,15.0,fixed5p0,0.8,3.8461538461538467,1.4142135623730951,0.02,G16_fixed,True,16,20,0.15752691232986574,8.026452394749866,0.11224735555972779,8,0.15646411650719477,8.055852478287044,0.1134306583160263,5.0,0;22.5;45;67.5;90;112.5;135;157.5;180;202.5;225;247.5;270;292.5;315;337.5
val_images_circle,circle,test002.png,1,upright,0.0,False,321,321,80892.0,0.7850467562675476,inpaint,red_gd,wavelet,15.0,fixed5p0,0.8,3.8461538461538467,1.4142135623730951,0.02,G16_fixed,True,16,20,0.15752691232986574,8.026452394749866,0.11224735555972779,9,0.15633182688801117,8.05952596934491,0.11356361191851481,5.0,0;22.5;45;67.5;90;112.5;135;157.5;180;202.5;225;247.5;270;292.5;315;337.5
val_images_circle,circle,test002.png,1,upright,0.0,False,321,321,80892.0,0.7850467562675476,inpaint,red_gd,wavelet,15.0,fixed5p0,0.8,3.8461538461538467,1.4142135623730951,0.02,G16_fixed,True,16,20,0.15752691232986574,8.026452394749866,0.11224735555972779,10,0.15619968213791227,8.063198542352303,0.11372722947726599,5.0,0;22.5;45;67.5;90;112.5;135;157.5;180;202.5;225;247.5;270;292.5;315;337.5
val_images_circle,circle,test002.png,1,upright,0.0,False,321,321,80892.0,0.7850467562675476,inpaint,red_gd,wavelet,15.0,fixed5p0,0.8,3.8461538461538467,1.4142135623730951,0.02,G16_fixed,True,16,20,0.15752691232986574,8.026452394749866,0.11224735555972779,11,0.15606762189477946,8.066871872063736,0.11386262170934704,5.0,0;22.5;45;67.5;90;112.5;135;157.5;180;202.5;225;247.5;270;292.5;315;337.5
val_images_circle,circle,test002.png,1,upright,0.0,False,321,321,80892.0,0.7850467562675476,inpaint,red_gd,wavelet,15.0,fixed5p0,0.8,3.8461538461538467,1.4142135623730951,0.02,G16_fixed,True,16,20,0.15752691232986574,8.026452394749866,0.11224735555972779,12,0.15593570652073135,8.070544276632749,0.11402405415940389,5.0,0;22.5;45;67.5;90;112.5;135;157.5;180;202.5;225;247.5;270;292.5;315;337.5
val_images_circle,circle,test002.png,1,upright,0.0,False,321,321,80892.0,0.7850467562675476,inpaint,red_gd,wavelet,15.0,fixed5p0,0.8,3.8461538461538467,1.4142135623730951,0.02,G16_fixed,True,16,20,0.15752691232986574,8.026452394749866,0.11224735555972779,13,0.1558039118709205,8.074216424103943,0.11416154699321317,5.0,0;22.5;45;67.5;90;112.5;135;157.5;180;202.5;225;247.5;270;292.5;315;337.5
val_images_circle,circle,test002.png,1,upright,0.0,False,321,321,80892.0,0.7850467562675476,inpaint,red_gd,wavelet,15.0,fixed5p0,0.8,3.8461538461538467,1.4142135623730951,0.02,G16_fixed,True,16,20,0.15752691232986574,8.026452394749866,0.11224735555972779,14,0.15567222587292315,8.077888647992161,0.11432113236244004,5.0,0;22.5;45;67.5;90;112.5;135;157.5;180;202.5;225;247.5;270;292.5;315;337.5
val_images_circle,circle,test002.png,1,upright,0.0,False,321,321,80892.0,0.7850467562675476,inpaint,red_gd,wavelet,15.0,fixed5p0,0.8,3.8461538461538467,1.4142135623730951,0.02,G16_fixed,True,16,20,0.15752691232986574,8.026452394749866,0.11224735555972779,15,0.15554064852673935,8.081560945862622,0.11446041191496069,5.0,0;22.5;45;67.5;90;112.5;135;157.5;180;202.5;225;247.5;270;292.5;315;337.5
val_images_circle,circle,test002.png,1,upright,0.0,False,321,321,80892.0,0.7850467562675476,inpaint,red_gd,wavelet,15.0,fixed5p0,0.8,3.8461538461538467,1.4142135623730951,0.02,G16_fixed,True,16,20,0.15752691232986574,8.026452394749866,0.11224735555972779,16,0.15540921604964025,8.085232303174458,0.11461847615879815,5.0,0;22.5;45;67.5;90;112.5;135;157.5;180;202.5;225;247.5;270;292.5;315;337.5
val_images_circle,circle,test002.png,1,upright,0.0,False,321,321,80892.0,0.7850467562675476,inpaint,red_gd,wavelet,15.0,fixed5p0,0.8,3.8461538461538467,1.4142135623730951,0.02,G16_fixed,True,16,20,0.15752691232986574,8.026452394749866,0.11224735555972779,17,0.15527786807950725,8.088904403171554,0.11475928890913192,5.0,0;22.5;45;67.5;90;112.5;135;157.5;180;202.5;225;247.5;270;292.5;315;337.5
val_images_circle,circle,test002.png,1,upright,0.0,False,321,321,80892.0,0.7850467562675476,inpaint,red_gd,wavelet,15.0,fixed5p0,0.8,3.8461538461538467,1.4142135623730951,0.02,G16_fixed,True,16,20,0.15752691232986574,8.026452394749866,0.11224735555972779,18,0.15514661668876403,8.092576907174013,0.11491604933120704,5.0,0;22.5;45;67.5;90;112.5;135;157.5;180;202.5;225;247.5;270;292.5;315;337.5
val_images_circle,circle,test002.png,1,upright,0.0,False,321,321,80892.0,0.7850467562675476,inpaint,red_gd,wavelet,15.0,fixed5p0,0.8,3.8461538461538467,1.4142135623730951,0.02,G16_fixed,True,16,20,0.15752691232986574,8.026452394749866,0.11224735555972779,19,0.15501552223952925,8.096248122461466,0.11505819004815063,5.0,0;22.5;45;67.5;90;112.5;135;157.5;180;202.5;225;247.5;270;292.5;315;337.5
val_images_circle,circle,test002.png,1,upright,0.0,False,321,321,80892.0,0.7850467562675476,inpaint,red_gd,wavelet,15.0,fixed5p0,0.8,3.8461538461538467,1.4142135623730951,0.02,G16_fixed,True,16,20,0.15752691232986574,8.026452394749866,0.11224735555972779,20,0.15488451229726055,8.099920074191079,0.11521386395209045,5.0,0;22.5;45;67.5;90;112.5;135;157.5;180;202.5;225;247.5;270;292.5;315;337.5
val_images_circle,circle,test002.png,1,rot45_padded,45.0,False,321,321,80883.0,0.7849593758583069,inpaint,red_gd,wavelet,15.0,fixed5p0,0.8,3.8461538461538467,1.4142135623730951,0.02,vanilla,False,0,20,0.15760441103971168,8.024316316218583,0.1148417119481226,1,0.15756243055169195,8.025473284020801,0.11487246383278933,5.0,none
val_images_circle,circle,test002.png,1,rot45_padded,45.0,False,321,321,80883.0,0.7849593758583069,inpaint,red_gd,wavelet,15.0,fixed5p0,0.8,3.8461538461538467,1.4142135623730951,0.02,vanilla,False,0,20,0.15760441103971168,8.024316316218583,0.1148417119481226,2,0.15752054665380857,8.026627897069073,0.11493488520841834,5.0,none
val_images_circle,circle,test002.png,1,rot45_padded,45.0,False,321,321,80883.0,0.7849593758583069,inpaint,red_gd,wavelet,15.0,fixed5p0,0.8,3.8461538461538467,1.4142135623730951,0.02,vanilla,False,0,20,0.15760441103971168,8.024316316218583,0.1148417119481226,3,0.15747860238709,8.02778448201519,0.1149681001415625,5.0,none
val_images_circle,circle,test002.png,1,rot45_padded,45.0,False,321,321,80883.0,0.7849593758583069,inpaint,red_gd,wavelet,15.0,fixed5p0,0.8,3.8461538461538467,1.4142135623730951,0.02,vanilla,False,0,20,0.15760441103971168,8.024316316218583,0.1148417119481226,4,0.15743673056297366,8.028939376703725,0.1150282757965209,5.0,none
val_images_circle,circle,test002.png,1,rot45_padded,45.0,False,321,321,80883.0,0.7849593758583069,inpaint,red_gd,wavelet,15.0,fixed5p0,0.8,3.8461538461538467,1.4142135623730951,0.02,vanilla,False,0,20,0.15760441103971168,8.024316316218583,0.1148417119481226,5,0.15739479837002213,8.030096244326378,0.11506356741759702,5.0,none
val_images_circle,circle,test002.png,1,rot45_padded,45.0,False,321,321,80883.0,0.7849593758583069,inpaint,red_gd,wavelet,15.0,fixed5p0,0.8,3.8461538461538467,1.4142135623730951,0.02,vanilla,False,0,20,0.15760441103971168,8.024316316218583,0.1148417119481226,6,0.15735291447213876,8.031252087250506,0.11512184749112916,5.0,none
val_images_circle,circle,test002.png,1,rot45_padded,45.0,False,321,321,80883.0,0.7849593758583069,inpaint,red_gd,wavelet,15.0,fixed5p0,0.8,3.8461538461538467,1.4142135623730951,0.02,vanilla,False,0,20,0.15760441103971168,8.024316316218583,0.1148417119481226,7,0.1573110064267213,8.032408904525761,0.11515891395596108,5.0,none
val_images_circle,circle,test002.png,1,rot45_padded,45.0,False,321,321,80883.0,0.7849593758583069,inpaint,red_gd,wavelet,15.0,fixed5p0,0.8,3.8461538461538467,1.4142135623730951,0.02,vanilla,False,0,20,0.15760441103971168,8.024316316218583,0.1148417119481226,8,0.15726914667637204,8.033564696365678,0.11521557614470902,5.0,none
val_images_circle,circle,test002.png,1,rot45_padded,45.0,False,321,321,80883.0,0.7849593758583069,inpaint,red_gd,wavelet,15.0,fixed5p0,0.8,3.8461538461538467,1.4142135623730951,0.02,vanilla,False,0,20,0.15760441103971168,8.024316316218583,0.1148417119481226,9,0.15722725070472163,8.034721796387231,0.11525416390418877,5.0,none
val_images_circle,circle,test002.png,1,rot45_padded,45.0,False,321,321,80883.0,0.7849593758583069,inpaint,red_gd,wavelet,15.0,fixed5p0,0.8,3.8461538461538467,1.4142135623730951,0.02,vanilla,False,0,20,0.15760441103971168,8.024316316218583,0.1148417119481226,10,0.15718539095437237,8.035878204005067,0.1153094376097264,5.0,none
val_images_circle,circle,test002.png,1,rot45_padded,45.0,False,321,321,80883.0,0.7849593758583069,inpaint,red_gd,wavelet,15.0,fixed5p0,0.8,3.8461538461538467,1.4142135623730951,0.02,vanilla,False,0,20,0.15760441103971168,8.024316316218583,0.1148417119481226,11,0.157143507056489,8.037035586985386,0.11534932933604714,5.0,none
val_images_circle,circle,test002.png,1,rot45_padded,45.0,False,321,321,80883.0,0.7849593758583069,inpaint,red_gd,wavelet,15.0,fixed5p0,0.8,3.8461538461538467,1.4142135623730951,0.02,vanilla,False,0,20,0.15760441103971168,8.024316316218583,0.1148417119481226,12,0.15710164730613974,8.038192610948727,0.11540344395994832,5.0,none
val_images_circle,circle,test002.png,1,rot45_padded,45.0,False,321,321,80883.0,0.7849593758583069,inpaint,red_gd,wavelet,15.0,fixed5p0,0.8,3.8461538461538467,1.4142135623730951,0.02,vanilla,False,0,20,0.15760441103971168,8.024316316218583,0.1148417119481226,13,0.1570597754820234,8.039350277100556,0.1154444464728373,5.0,none
val_images_circle,circle,test002.png,1,rot45_padded,45.0,False,321,321,80883.0,0.7849593758583069,inpaint,red_gd,wavelet,15.0,fixed5p0,0.8,3.8461538461538467,1.4142135623730951,0.02,vanilla,False,0,20,0.15760441103971168,8.024316316218583,0.1148417119481226,14,0.1570179519529753,8.04050691613606,0.11549755897407366,5.0,none
val_images_circle,circle,test002.png,1,rot45_padded,45.0,False,321,321,80883.0,0.7849593758583069,inpaint,red_gd,wavelet,15.0,fixed5p0,0.8,3.8461538461538467,1.4142135623730951,0.02,vanilla,False,0,20,0.15760441103971168,8.024316316218583,0.1148417119481226,15,0.15697608012885897,8.04166519944152,0.11553949116702521,5.0,none
val_images_circle,circle,test002.png,1,rot45_padded,45.0,False,321,321,80883.0,0.7849593758583069,inpaint,red_gd,wavelet,15.0,fixed5p0,0.8,3.8461538461538467,1.4142135623730951,0.02,vanilla,False,0,20,0.15760441103971168,8.024316316218583,0.1148417119481226,16,0.15693426867357788,8.04282212112222,0.11559175850456832,5.0,none
val_images_circle,circle,test002.png,1,rot45_padded,45.0,False,321,321,80883.0,0.7849593758583069,inpaint,red_gd,wavelet,15.0,fixed5p0,0.8,3.8461538461538467,1.4142135623730951,0.02,vanilla,False,0,20,0.15760441103971168,8.024316316218583,0.1148417119481226,17,0.15689240892322862,8.04398068793608,0.11563447549237788,5.0,none
val_images_circle,circle,test002.png,1,rot45_padded,45.0,False,321,321,80883.0,0.7849593758583069,inpaint,red_gd,wavelet,15.0,fixed5p0,0.8,3.8461538461538467,1.4142135623730951,0.02,vanilla,False,0,20,0.15760441103971168,8.024316316218583,0.1148417119481226,18,0.15685059746794752,8.045138226688914,0.11568603047766526,5.0,none
val_images_circle,circle,test002.png,1,rot45_padded,45.0,False,321,321,80883.0,0.7849593758583069,inpaint,red_gd,wavelet,15.0,fixed5p0,0.8,3.8461538461538467,1.4142135623730951,0.02,vanilla,False,0,20,0.15760441103971168,8.024316316218583,0.1148417119481226,19,0.1568087497913653,8.046297077224487,0.1157294477439635,5.0,none
val_images_circle,circle,test002.png,1,rot45_padded,45.0,False,321,321,80883.0,0.7849593758583069,inpaint,red_gd,wavelet,15.0,fixed5p0,0.8,3.8461538461538467,1.4142135623730951,0.02,vanilla,False,0,20,0.15760441103971168,8.024316316218583,0.1148417119481226,20,0.15676695040985128,8.047454899136987,0.11578036281959744,5.0,none
val_images_circle,circle,test002.png,1,rot45_padded,45.0,False,321,321,80883.0,0.7849593758583069,inpaint,red_gd,wavelet,15.0,fixed5p0,0.8,3.8461538461538467,1.4142135623730951,0.02,G16_fixed,False,16,20,0.15760441103971168,8.024316316218583,0.1148417119481226,1,0.1575595207738338,8.025553487920407,0.1148810724286933,5.0,0;22.5;45;67.5;90;112.5;135;157.5;180;202.5;225;247.5;270;292.5;315;337.5
val_images_circle,circle,test002.png,1,rot45_padded,45.0,False,321,321,80883.0,0.7849593758583069,inpaint,red_gd,wavelet,15.0,fixed5p0,0.8,3.8461538461538467,1.4142135623730951,0.02,G16_fixed,False,16,20,0.15760441103971168,8.024316316218583,0.1148417119481226,2,0.15751466672925707,8.02679001347248,0.11494565500862357,5.0,0;22.5;45;67.5;90;112.5;135;157.5;180;202.5;225;247.5;270;292.5;315;337.5
val_images_circle,circle,test002.png,1,rot45_padded,45.0,False,321,321,80883.0,0.7849593758583069,inpaint,red_gd,wavelet,15.0,fixed5p0,0.8,3.8461538461538467,1.4142135623730951,0.02,G16_fixed,False,16,20,0.15760441103971168,8.024316316218583,0.1148417119481226,3,0.15746978853714624,8.028027557166942,0.114987031808291,5.0,0;22.5;45;67.5;90;112.5;135;157.5;180;202.5;225;247.5;270;292.5;315;337.5
val_images_circle,circle,test002.png,1,rot45_padded,45.0,False,321,321,80883.0,0.7849593758583069,inpaint,red_gd,wavelet,15.0,fixed5p0,0.8,3.8461538461538467,1.4142135623730951,0.02,G16_fixed,False,16,20,0.15760441103971168,8.024316316218583,0.1148417119481226,4,0.1574249586401036,8.029264121270723,0.11504982747069842,5.0,0;22.5;45;67.5;90;112.5;135;157.5;180;202.5;225;247.5;270;292.5;315;337.5
val_images_circle,circle,test002.png,1,rot45_padded,45.0,False,321,321,80883.0,0.7849593758583069,inpaint,red_gd,wavelet,15.0,fixed5p0,0.8,3.8461538461538467,1.4142135623730951,0.02,G16_fixed,False,16,20,0.15760441103971168,8.024316316218583,0.1148417119481226,5,0.15738006837422575,8.030502703454683,0.11509290667151935,5.0,0;22.5;45;67.5;90;112.5;135;157.5;180;202.5;225;247.5;270;292.5;315;337.5
val_images_circle,circle,test002.png,1,rot45_padded,45.0,False,321,321,80883.0,0.7849593758583069,inpaint,red_gd,wavelet,15.0,fixed5p0,0.8,3.8461538461538467,1.4142135623730951,0.02,G16_fixed,False,16,20,0.15760441103971168,8.024316316218583,0.1148417119481226,6,0.15733522640341605,8.03174030588045,0.11515422933434714,5.0,0;22.5;45;67.5;90;112.5;135;157.5;180;202.5;225;247.5;270;292.5;315;337.5
val_images_circle,circle,test002.png,1,rot45_padded,45.0,False,321,321,80883.0,0.7849593758583069,inpaint,red_gd,wavelet,15.0,fixed5p0,0.8,3.8461538461538467,1.4142135623730951,0.02,G16_fixed,False,16,20,0.15760441103971168,8.024316316218583,0.1148417119481226,7,0.15729038443260634,8.032978261084443,0.11519874531344658,5.0,0;22.5;45;67.5;90;112.5;135;157.5;180;202.5;225;247.5;270;292.5;315;337.5
val_images_circle,circle,test002.png,1,rot45_padded,45.0,False,321,321,80883.0,0.7849593758583069,inpaint,red_gd,wavelet,15.0,fixed5p0,0.8,3.8461538461538467,1.4142135623730951,0.02,G16_fixed,False,16,20,0.15760441103971168,8.024316316218583,0.1148417119481226,8,0.15724553038802963,8.0342169027317,0.11525881230450157,5.0,0;22.5;45;67.5;90;112.5;135;157.5;180;202.5;225;247.5;270;292.5;315;337.5
val_images_circle,circle,test002.png,1,rot45_padded,45.0,False,321,321,80883.0,0.7849593758583069,inpaint,red_gd,wavelet,15.0,fixed5p0,0.8,3.8461538461538467,1.4142135623730951,0.02,G16_fixed,False,16,20,0.15760441103971168,8.024316316218583,0.1148417119481226,9,0.15720066426968585,8.035456231309015,0.11530457188160677,5.0,0;22.5;45;67.5;90;112.5;135;157.5;180;202.5;225;247.5;270;292.5;315;337.5
val_images_circle,circle,test002.png,1,rot45_padded,45.0,False,321,321,80883.0,0.7849593758583069,inpaint,red_gd,wavelet,15.0,fixed5p0,0.8,3.8461538461538467,1.4142135623730951,0.02,G16_fixed,False,16,20,0.15760441103971168,8.024316316218583,0.1148417119481226,10,0.15715582229887615,8.03669524634096,0.11536356430739463,5.0,0;22.5;45;67.5;90;112.5;135;157.5;180;202.5;225;247.5;270;292.5;315;337.5
val_images_circle,circle,test002.png,1,rot45_padded,45.0,False,321,321,80883.0,0.7849593758583069,inpaint,red_gd,wavelet,15.0,fixed5p0,0.8,3.8461538461538467,1.4142135623730951,0.02,G16_fixed,False,16,20,0.15760441103971168,8.024316316218583,0.1148417119481226,11,0.15711098032806647,8.037934614957033,0.11541039844976694,5.0,0;22.5;45;67.5;90;112.5;135;157.5;180;202.5;225;247.5;270;292.5;315;337.5
val_images_circle,circle,test002.png,1,rot45_padded,45.0,False,321,321,80883.0,0.7849593758583069,inpaint,red_gd,wavelet,15.0,fixed5p0,0.8,3.8461538461538467,1.4142135623730951,0.02,G16_fixed,False,16,20,0.15760441103971168,8.024316316218583,0.1148417119481226,12,0.15706612628348973,8.039174671203853,0.11546848534302635,5.0,0;22.5;45;67.5;90;112.5;135;157.5;180;202.5;225;247.5;270;292.5;315;337.5
val_images_circle,circle,test002.png,1,rot45_padded,45.0,False,321,321,80883.0,0.7849593758583069,inpaint,red_gd,wavelet,15.0,fixed5p0,0.8,3.8461538461538467,1.4142135623730951,0.02,G16_fixed,False,16,20,0.15760441103971168,8.024316316218583,0.1148417119481226,13,0.15702130846021414,8.040414079809134,0.11551622501792713,5.0,0;22.5;45;67.5;90;112.5;135;157.5;180;202.5;225;247.5;270;292.5;315;337.5
val_images_circle,circle,test002.png,1,rot45_padded,45.0,False,321,321,80883.0,0.7849593758583069,inpaint,red_gd,wavelet,15.0,fixed5p0,0.8,3.8461538461538467,1.4142135623730951,0.02,G16_fixed,False,16,20,0.15760441103971168,8.024316316218583,0.1148417119481226,14,0.15697647856317148,8.041654176258652,0.11557355126386262,5.0,0;22.5;45;67.5;90;112.5;135;157.5;180;202.5;225;247.5;270;292.5;315;337.5
val_images_circle,circle,test002.png,1,rot45_padded,45.0,False,321,321,80883.0,0.7849593758583069,inpaint,red_gd,wavelet,15.0,fixed5p0,0.8,3.8461538461538467,1.4142135623730951,0.02,G16_fixed,False,16,20,0.15760441103971168,8.024316316218583,0.1148417119481226,15,0.15693160037106066,8.04289596343345,0.11562206365985436,5.0,0;22.5;45;67.5;90;112.5;135;157.5;180;202.5;225;247.5;270;292.5;315;337.5
val_images_circle,circle,test002.png,1,rot45_padded,45.0,False,321,321,80883.0,0.7849593758583069,inpaint,red_gd,wavelet,15.0,fixed5p0,0.8,3.8461538461538467,1.4142135623730951,0.02,G16_fixed,False,16,20,0.15760441103971168,8.024316316218583,0.1148417119481226,16,0.15688678254778507,8.04413643464427,0.11567874999613639,5.0,0;22.5;45;67.5;90;112.5;135;157.5;180;202.5;225;247.5;270;292.5;315;337.5
val_images_circle,circle,test002.png,1,rot45_padded,45.0,False,321,321,80883.0,0.7849593758583069,inpaint,red_gd,wavelet,15.0,fixed5p0,0.8,3.8461538461538467,1.4142135623730951,0.02,G16_fixed,False,16,20,0.15760441103971168,8.024316316218583,0.1148417119481226,17,0.15684196472450948,8.04537726027094,0.11572792644931568,5.0,0;22.5;45;67.5;90;112.5;135;157.5;180;202.5;225;247.5;270;292.5;315;337.5
val_images_circle,circle,test002.png,1,rot45_padded,45.0,False,321,321,80883.0,0.7849593758583069,inpaint,red_gd,wavelet,15.0,fixed5p0,0.8,3.8461538461538467,1.4142135623730951,0.02,G16_fixed,False,16,20,0.15760441103971168,8.024316316218583,0.1148417119481226,18,0.15679715897500093,8.046618106098586,0.11578409361361473,5.0,0;22.5;45;67.5;90;112.5;135;157.5;180;202.5;225;247.5;270;292.5;315;337.5
val_images_circle,circle,test002.png,1,rot45_padded,45.0,False,321,321,80883.0,0.7849593758583069,inpaint,red_gd,wavelet,15.0,fixed5p0,0.8,3.8461538461538467,1.4142135623730951,0.02,G16_fixed,False,16,20,0.15760441103971168,8.024316316218583,0.1148417119481226,19,0.1567523049304242,8.047860644608523,0.11583384960761223,5.0,0;22.5;45;67.5;90;112.5;135;157.5;180;202.5;225;247.5;270;292.5;315;337.5
val_images_circle,circle,test002.png,1,rot45_padded,45.0,False,321,321,80883.0,0.7849593758583069,inpaint,red_gd,wavelet,15.0,fixed5p0,0.8,3.8461538461538467,1.4142135623730951,0.02,G16_fixed,False,16,20,0.15760441103971168,8.024316316218583,0.1148417119481226,20,0.15670749918091564,8.04910220028146,0.11588954589499648,5.0,0;22.5;45;67.5;90;112.5;135;157.5;180;202.5;225;247.5;270;292.5;315;337.5
val_images_circle,circle,test003.png,2,upright,0.0,False,321,321,80892.0,0.7850467562675476,inpaint,red_gd,wavelet,15.0,fixed5p0,0.8,3.8461538461538467,1.4142135623730951,0.02,vanilla,True,0,20,0.13635254509871186,8.653367512902966,0.11538409719904316,1,0.1363101708914355,8.654717377293224,0.1154286806598613,5.0,none
val_images_circle,circle,test003.png,2,upright,0.0,False,321,321,80892.0,0.7850467562675476,inpaint,red_gd,wavelet,15.0,fixed5p0,0.8,3.8461538461538467,1.4142135623730951,0.02,vanilla,True,0,20,0.13635254509871186,8.653367512902966,0.11538409719904316,2,0.13626790533597266,8.656064198571976,0.11549051561418311,5.0,none
val_images_circle,circle,test003.png,2,upright,0.0,False,321,321,80892.0,0.7850467562675476,inpaint,red_gd,wavelet,15.0,fixed5p0,0.8,3.8461538461538467,1.4142135623730951,0.02,vanilla,True,0,20,0.13635254509871186,8.653367512902966,0.11538409719904316,3,0.13622555527354374,8.657414131779772,0.1155364994761534,5.0,none
val_images_circle,circle,test003.png,2,upright,0.0,False,321,321,80892.0,0.7850467562675476,inpaint,red_gd,wavelet,15.0,fixed5p0,0.8,3.8461538461538467,1.4142135623730951,0.02,vanilla,True,0,20,0.13635254509871186,8.653367512902966,0.11538409719904316,4,0.1361833017905046,8.658761404762744,0.11559715133295011,5.0,none
val_images_circle,circle,test003.png,2,upright,0.0,False,321,321,80892.0,0.7850467562675476,inpaint,red_gd,wavelet,15.0,fixed5p0,0.8,3.8461538461538467,1.4142135623730951,0.02,vanilla,True,0,20,0.13635254509871186,8.653367512902966,0.11538409719904316,5,0.13614098794534688,8.660111021400015,0.11564430622002175,5.0,none
val_images_circle,circle,test003.png,2,upright,0.0,False,321,321,80892.0,0.7850467562675476,inpaint,red_gd,wavelet,15.0,fixed5p0,0.8,3.8461538461538467,1.4142135623730951,0.02,vanilla,True,0,20,0.13635254509871186,8.653367512902966,0.11538409719904316,6,0.13609873446230777,8.661459131404692,0.1157039319208018,5.0,none
val_images_circle,circle,test003.png,2,upright,0.0,False,321,321,80892.0,0.7850467562675476,inpaint,red_gd,wavelet,15.0,fixed5p0,0.8,3.8461538461538467,1.4142135623730951,0.02,vanilla,True,0,20,0.13635254509871186,8.653367512902966,0.11538409719904316,7,0.13605642061715004,8.662809586780254,0.1157521008914664,5.0,none
val_images_circle,circle,test003.png,2,upright,0.0,False,321,321,80892.0,0.7850467562675476,inpaint,red_gd,wavelet,15.0,fixed5p0,0.8,3.8461538461538467,1.4142135623730951,0.02,vanilla,True,0,20,0.13635254509871186,8.653367512902966,0.11538409719904316,8,0.1360142033513821,8.664157378426687,0.11581090566743311,5.0,none
val_images_circle,circle,test003.png,2,upright,0.0,False,321,321,80892.0,0.7850467562675476,inpaint,red_gd,wavelet,15.0,fixed5p0,0.8,3.8461538461538467,1.4142135623730951,0.02,vanilla,True,0,20,0.13635254509871186,8.653367512902966,0.11538409719904316,9,0.13597187743380063,8.665509058817273,0.11585993178018222,5.0,none
val_images_circle,circle,test003.png,2,upright,0.0,False,321,321,80892.0,0.7850467562675476,inpaint,red_gd,wavelet,15.0,fixed5p0,0.8,3.8461538461538467,1.4142135623730951,0.02,vanilla,True,0,20,0.13635254509871186,8.653367512902966,0.11538409719904316,10,0.13592966016803268,8.666857688609742,0.11591797599345424,5.0,none
val_images_circle,circle,test003.png,2,upright,0.0,False,321,321,80892.0,0.7850467562675476,inpaint,red_gd,wavelet,15.0,fixed5p0,0.8,3.8461538461538467,1.4142135623730951,0.02,vanilla,True,0,20,0.13635254509871186,8.653367512902966,0.11538409719904316,11,0.13588735839529867,8.668209438159387,0.11596772645162685,5.0,none
val_images_circle,circle,test003.png,2,upright,0.0,False,321,321,80892.0,0.7850467562675476,inpaint,red_gd,wavelet,15.0,fixed5p0,0.8,3.8461538461538467,1.4142135623730951,0.02,vanilla,True,0,20,0.13635254509871186,8.653367512902966,0.11538409719904316,12,0.13584515320195445,8.669558520947948,0.11602519118856006,5.0,none
val_images_circle,circle,test003.png,2,upright,0.0,False,321,321,80892.0,0.7850467562675476,inpaint,red_gd,wavelet,15.0,fixed5p0,0.8,3.8461538461538467,1.4142135623730951,0.02,vanilla,True,0,20,0.13635254509871186,8.653367512902966,0.11538409719904316,13,0.13580289971891535,8.670909567235656,0.11607555734034268,5.0,none
val_images_circle,circle,test003.png,2,upright,0.0,False,321,321,80892.0,0.7850467562675476,inpaint,red_gd,wavelet,15.0,fixed5p0,0.8,3.8461538461538467,1.4142135623730951,0.02,vanilla,True,0,20,0.13635254509871186,8.653367512902966,0.11538409719904316,14,0.13576069452557113,8.67225948917756,0.11613249089063195,5.0,none
val_images_circle,circle,test003.png,2,upright,0.0,False,321,321,80892.0,0.7850467562675476,inpaint,red_gd,wavelet,15.0,fixed5p0,0.8,3.8461538461538467,1.4142135623730951,0.02,vanilla,True,0,20,0.13635254509871186,8.653367512902966,0.11538409719904316,15,0.13571844104253203,8.67361137610138,0.11618340030148222,5.0,none
val_images_circle,circle,test003.png,2,upright,0.0,False,321,321,80892.0,0.7850467562675476,inpaint,red_gd,wavelet,15.0,fixed5p0,0.8,3.8461538461538467,1.4142135623730951,0.02,vanilla,True,0,20,0.13635254509871186,8.653367512902966,0.11538409719904316,16,0.1356762358491878,8.674962138241208,0.11623988717209366,5.0,none
val_images_circle,circle,test003.png,2,upright,0.0,False,321,321,80892.0,0.7850467562675476,inpaint,red_gd,wavelet,15.0,fixed5p0,0.8,3.8461538461538467,1.4142135623730951,0.02,vanilla,True,0,20,0.13635254509871186,8.653367512902966,0.11538409719904316,17,0.13563401858341986,8.676313707185802,0.11629125533504549,5.0,none
val_images_circle,circle,test003.png,2,upright,0.0,False,321,321,80892.0,0.7850467562675476,inpaint,red_gd,wavelet,15.0,fixed5p0,0.8,3.8461538461538467,1.4142135623730951,0.02,vanilla,True,0,20,0.13635254509871186,8.653367512902966,0.11538409719904316,18,0.13559181339007564,8.677665310209129,0.11634739210536889,5.0,none
val_images_circle,circle,test003.png,2,upright,0.0,False,321,321,80892.0,0.7850467562675476,inpaint,red_gd,wavelet,15.0,fixed5p0,0.8,3.8461538461538467,1.4142135623730951,0.02,vanilla,True,0,20,0.13635254509871186,8.653367512902966,0.11538409719904316,19,0.13554960819673145,8.679017334006733,0.11639915865830366,5.0,none
val_images_circle,circle,test003.png,2,upright,0.0,False,321,321,80892.0,0.7850467562675476,inpaint,red_gd,wavelet,15.0,fixed5p0,0.8,3.8461538461538467,1.4142135623730951,0.02,vanilla,True,0,20,0.13635254509871186,8.653367512902966,0.11538409719904316,20,0.13550743922065842,8.680368618095324,0.1164549815456102,5.0,none
val_images_circle,circle,test003.png,2,upright,0.0,False,321,321,80892.0,0.7850467562675476,inpaint,red_gd,wavelet,15.0,fixed5p0,0.8,3.8461538461538467,1.4142135623730951,0.02,G16_fixed,True,16,20,0.13635254509871186,8.653367512902966,0.11538409719904316,1,0.13622308042668002,8.657493031960993,0.11553424193291673,5.0,0;22.5;45;67.5;90;112.5;135;157.5;180;202.5;225;247.5;270;292.5;315;337.5
val_images_circle,circle,test003.png,2,upright,0.0,False,321,321,80892.0,0.7850467562675476,inpaint,red_gd,wavelet,15.0,fixed5p0,0.8,3.8461538461538467,1.4142135623730951,0.02,G16_fixed,True,16,20,0.13635254509871186,8.653367512902966,0.11538409719904316,2,0.13609370026161424,8.661619776985049,0.11572167838367824,5.0,0;22.5;45;67.5;90;112.5;135;157.5;180;202.5;225;247.5;270;292.5;315;337.5
val_images_circle,circle,test003.png,2,upright,0.0,False,321,321,80892.0,0.7850467562675476,inpaint,red_gd,wavelet,15.0,fixed5p0,0.8,3.8461538461538467,1.4142135623730951,0.02,G16_fixed,True,16,20,0.13635254509871186,8.653367512902966,0.11538409719904316,3,0.13596448911048065,8.665745048441607,0.11587503438226276,5.0,0;22.5;45;67.5;90;112.5;135;157.5;180;202.5;225;247.5;270;292.5;315;337.5
val_images_circle,circle,test003.png,2,upright,0.0,False,321,321,80892.0,0.7850467562675476,inpaint,red_gd,wavelet,15.0,fixed5p0,0.8,3.8461538461538467,1.4142135623730951,0.02,G16_fixed,True,16,20,0.13635254509871186,8.653367512902966,0.11538409719904316,4,0.1358353503938894,8.66987192624537,0.11605983904465213,5.0,0;22.5;45;67.5;90;112.5;135;157.5;180;202.5;225;247.5;270;292.5;315;337.5
val_images_circle,circle,test003.png,2,upright,0.0,False,321,321,80892.0,0.7850467562675476,inpaint,red_gd,wavelet,15.0,fixed5p0,0.8,3.8461538461538467,1.4142135623730951,0.02,G16_fixed,True,16,20,0.13635254509871186,8.653367512902966,0.11538409719904316,5,0.13570636861880656,8.673997706814271,0.11621597170069352,5.0,0;22.5;45;67.5;90;112.5;135;157.5;180;202.5;225;247.5;270;292.5;315;337.5
val_images_circle,circle,test003.png,2,upright,0.0,False,321,321,80892.0,0.7850467562675476,inpaint,red_gd,wavelet,15.0,fixed5p0,0.8,3.8461538461538467,1.4142135623730951,0.02,G16_fixed,True,16,20,0.13635254509871186,8.653367512902966,0.11538409719904316,6,0.13557747135068982,8.678124703578572,0.11639856710954112,5.0,0;22.5;45;67.5;90;112.5;135;157.5;180;202.5;225;247.5;270;292.5;315;337.5
val_images_circle,circle,test003.png,2,upright,0.0,False,321,321,80892.0,0.7850467562675476,inpaint,red_gd,wavelet,15.0,fixed5p0,0.8,3.8461538461538467,1.4142135623730951,0.02,G16_fixed,True,16,20,0.13635254509871186,8.653367512902966,0.11538409719904316,7,0.13544871895165778,8.682250980863834,0.11655705388820897,5.0,0;22.5;45;67.5;90;112.5;135;157.5;180;202.5;225;247.5;270;292.5;315;337.5
val_images_circle,circle,test003.png,2,upright,0.0,False,321,321,80892.0,0.7850467562675476,inpaint,red_gd,wavelet,15.0,fixed5p0,0.8,3.8461538461538467,1.4142135623730951,0.02,G16_fixed,True,16,20,0.13635254509871186,8.653367512902966,0.11538409719904316,8,0.1353200510595918,8.686378470140099,0.11673783843349775,5.0,0;22.5;45;67.5;90;112.5;135;157.5;180;202.5;225;247.5;270;292.5;315;337.5
val_images_circle,circle,test003.png,2,upright,0.0,False,321,321,80892.0,0.7850467562675476,inpaint,red_gd,wavelet,15.0,fixed5p0,0.8,3.8461538461538467,1.4142135623730951,0.02,G16_fixed,True,16,20,0.13635254509871186,8.653367512902966,0.11538409719904316,9,0.1351915038917631,8.690506007676493,0.11689835337935148,5.0,0;22.5;45;67.5;90;112.5;135;157.5;180;202.5;225;247.5;270;292.5;315;337.5
val_images_circle,circle,test003.png,2,upright,0.0,False,321,321,80892.0,0.7850467562675476,inpaint,red_gd,wavelet,15.0,fixed5p0,0.8,3.8461538461538467,1.4142135623730951,0.02,G16_fixed,True,16,20,0.13635254509871186,8.653367512902966,0.11538409719904316,10,0.13506307744817164,8.694633589877252,0.11707762887167458,5.0,0;22.5;45;67.5;90;112.5;135;157.5;180;202.5;225;247.5;270;292.5;315;337.5
val_images_circle,circle,test003.png,2,upright,0.0,False,321,321,80892.0,0.7850467562675476,inpaint,red_gd,wavelet,15.0,fixed5p0,0.8,3.8461538461538467,1.4142135623730951,0.02,G16_fixed,True,16,20,0.13635254509871186,8.653367512902966,0.11538409719904316,11,0.1349347596563937,8.69876160169338,0.11723990639139223,5.0,0;22.5;45;67.5;90;112.5;135;157.5;180;202.5;225;247.5;270;292.5;315;337.5
val_images_circle,circle,test003.png,2,upright,0.0,False,321,321,80892.0,0.7850467562675476,inpaint,red_gd,wavelet,15.0,fixed5p0,0.8,3.8461538461538467,1.4142135623730951,0.02,G16_fixed,True,16,20,0.13635254509871186,8.653367512902966,0.11538409719904316,12,0.13480653844400559,8.70289042954358,0.1174179867137665,5.0,0;22.5;45;67.5;90;112.5;135;157.5;180;202.5;225;247.5;270;292.5;315;337.5
val_images_circle,circle,test003.png,2,upright,0.0,False,321,321,80892.0,0.7850467562675476,inpaint,red_gd,wavelet,15.0,fixed5p0,0.8,3.8461538461538467,1.4142135623730951,0.02,G16_fixed,True,16,20,0.13635254509871186,8.653367512902966,0.11538409719904316,13,0.1346784741731259,8.707018125538147,0.11758177328644984,5.0,0;22.5;45;67.5;90;112.5;135;157.5;180;202.5;225;247.5;270;292.5;315;337.5
val_images_circle,circle,test003.png,2,upright,0.0,False,321,321,80892.0,0.7850467562675476,inpaint,red_gd,wavelet,15.0,fixed5p0,0.8,3.8461538461538467,1.4142135623730951,0.02,G16_fixed,True,16,20,0.13635254509871186,8.653367512902966,0.11538409719904316,14,0.13455048233678857,8.71114741037869,0.11775887574250235,5.0,0;22.5;45;67.5;90;112.5;135;157.5;180;202.5;225;247.5;270;292.5;315;337.5
val_images_circle,circle,test003.png,2,upright,0.0,False,321,321,80892.0,0.7850467562675476,inpaint,red_gd,wavelet,15.0,fixed5p0,0.8,3.8461538461538467,1.4142135623730951,0.02,G16_fixed,True,16,20,0.13635254509871186,8.653367512902966,0.11538409719904316,15,0.13442259915226476,8.715277114752402,0.1179239540645243,5.0,0;22.5;45;67.5;90;112.5;135;157.5;180;202.5;225;247.5;270;292.5;315;337.5
val_images_circle,circle,test003.png,2,upright,0.0,False,321,321,80892.0,0.7850467562675476,inpaint,red_gd,wavelet,15.0,fixed5p0,0.8,3.8461538461538467,1.4142135623730951,0.02,G16_fixed,True,16,20,0.13635254509871186,8.653367512902966,0.11538409719904316,16,0.13429484876440193,8.719406455300982,0.11810028388545839,5.0,0;22.5;45;67.5;90;112.5;135;157.5;180;202.5;225;247.5;270;292.5;315;337.5
val_images_circle,circle,test003.png,2,upright,0.0,False,321,321,80892.0,0.7850467562675476,inpaint,red_gd,wavelet,15.0,fixed5p0,0.8,3.8461538461538467,1.4142135623730951,0.02,G16_fixed,True,16,20,0.13635254509871186,8.653367512902966,0.11538409719904316,17,0.13416719495592888,8.72353659958684,0.11826652116015798,5.0,0;22.5;45;67.5;90;112.5;135;157.5;180;202.5;225;247.5;270;292.5;315;337.5
val_images_circle,circle,test003.png,2,upright,0.0,False,321,321,80892.0,0.7850467562675476,inpaint,red_gd,wavelet,15.0,fixed5p0,0.8,3.8461538461538467,1.4142135623730951,0.02,G16_fixed,True,16,20,0.13635254509871186,8.653367512902966,0.11538409719904316,18,0.13403963772684568,8.727667546165668,0.11844222321505835,5.0,0;22.5;45;67.5;90;112.5;135;157.5;180;202.5;225;247.5;270;292.5;315;337.5
val_images_circle,circle,test003.png,2,upright,0.0,False,321,321,80892.0,0.7850467562675476,inpaint,red_gd,wavelet,15.0,fixed5p0,0.8,3.8461538461538467,1.4142135623730951,0.02,G16_fixed,True,16,20,0.13635254509871186,8.653367512902966,0.11538409719904316,19,0.13391218914957598,8.731798902063023,0.11860946250092716,5.0,0;22.5;45;67.5;90;112.5;135;157.5;180;202.5;225;247.5;270;292.5;315;337.5
val_images_circle,circle,test003.png,2,upright,0.0,False,321,321,80892.0,0.7850467562675476,inpaint,red_gd,wavelet,15.0,fixed5p0,0.8,3.8461538461538467,1.4142135623730951,0.02,G16_fixed,True,16,20,0.13635254509871186,8.653367512902966,0.11538409719904316,20,0.13378482507927236,8.735931448498672,0.11878468165887851,5.0,0;22.5;45;67.5;90;112.5;135;157.5;180;202.5;225;247.5;270;292.5;315;337.5
val_images_circle,circle,test003.png,2,rot45_padded,45.0,False,321,321,80883.0,0.7849593758583069,inpaint,red_gd,wavelet,15.0,fixed5p0,0.8,3.8461538461538467,1.4142135623730951,0.02,vanilla,False,0,20,0.13642371542845838,8.651101268609874,0.12095608490813892,1,0.13638184360434208,8.65243443076157,0.12099837931410184,5.0,none
val_images_circle,circle,test003.png,2,rot45_padded,45.0,False,321,321,80883.0,0.7849593758583069,inpaint,red_gd,wavelet,15.0,fixed5p0,0.8,3.8461538461538467,1.4142135623730951,0.02,vanilla,False,0,20,0.13642371542845838,8.651101268609874,0.12095608490813892,2,0.13634004422282803,8.653765694711472,0.12106275663999233,5.0,none
val_images_circle,circle,test003.png,2,rot45_padded,45.0,False,321,321,80883.0,0.7849593758583069,inpaint,red_gd,wavelet,15.0,fixed5p0,0.8,3.8461538461538467,1.4142135623730951,0.02,vanilla,False,0,20,0.13642371542845838,8.651101268609874,0.12095608490813892,3,0.13629817239871173,8.6550996751438,0.12110678966840993,5.0,none
val_images_circle,circle,test003.png,2,rot45_padded,45.0,False,321,321,80883.0,0.7849593758583069,inpaint,red_gd,wavelet,15.0,fixed5p0,0.8,3.8461538461538467,1.4142135623730951,0.02,vanilla,False,0,20,0.13642371542845838,8.651101268609874,0.12095608490813892,4,0.13625639716473179,8.656430986797744,0.12116963362588554,5.0,none
val_images_circle,circle,test003.png,2,rot45_padded,45.0,False,321,321,80883.0,0.7849593758583069,inpaint,red_gd,wavelet,15.0,fixed5p0,0.8,3.8461538461538467,1.4142135623730951,0.02,vanilla,False,0,20,0.13642371542845838,8.651101268609874,0.12095608490813892,5,0.1362145615619166,8.657764631431098,0.1212151758751839,5.0,none
val_images_circle,circle,test003.png,2,rot45_padded,45.0,False,321,321,80883.0,0.7849593758583069,inpaint,red_gd,wavelet,15.0,fixed5p0,0.8,3.8461538461538467,1.4142135623730951,0.02,vanilla,False,0,20,0.13642371542845838,8.651101268609874,0.12095608490813892,6,0.13617276218040256,8.659097530527253,0.12127672793958558,5.0,none
val_images_circle,circle,test003.png,2,rot45_padded,45.0,False,321,321,80883.0,0.7849593758583069,inpaint,red_gd,wavelet,15.0,fixed5p0,0.8,3.8461538461538467,1.4142135623730951,0.02,vanilla,False,0,20,0.13642371542845838,8.651101268609874,0.12095608490813892,7,0.1361309627988885,8.660430838830875,0.1213235620819579,5.0,none
val_images_circle,circle,test003.png,2,rot45_padded,45.0,False,321,321,80883.0,0.7849593758583069,inpaint,red_gd,wavelet,15.0,fixed5p0,0.8,3.8461538461538467,1.4142135623730951,0.02,vanilla,False,0,20,0.13642371542845838,8.651101268609874,0.12095608490813892,8,0.13608918756490856,8.661763785985293,0.1213840275073254,5.0,none
val_images_circle,circle,test003.png,2,rot45_padded,45.0,False,321,321,80883.0,0.7849593758583069,inpaint,red_gd,wavelet,15.0,fixed5p0,0.8,3.8461538461538467,1.4142135623730951,0.02,vanilla,False,0,20,0.13642371542845838,8.651101268609874,0.12095608490813892,9,0.1360473761096275,8.663098298643687,0.12143194828873187,5.0,none
val_images_circle,circle,test003.png,2,rot45_padded,45.0,False,321,321,80883.0,0.7849593758583069,inpaint,red_gd,wavelet,15.0,fixed5p0,0.8,3.8461538461538467,1.4142135623730951,0.02,vanilla,False,0,20,0.13642371542845838,8.651101268609874,0.12095608490813892,10,0.13600561294941457,8.66443167933783,0.12149144781273569,5.0,none
val_images_circle,circle,test003.png,2,rot45_padded,45.0,False,321,321,80883.0,0.7849593758583069,inpaint,red_gd,wavelet,15.0,fixed5p0,0.8,3.8461538461538467,1.4142135623730951,0.02,vanilla,False,0,20,0.13642371542845838,8.651101268609874,0.12095608490813892,11,0.13596383771543463,8.665765855194426,0.1215403224217388,5.0,none
val_images_circle,circle,test003.png,2,rot45_padded,45.0,False,321,321,80883.0,0.7849593758583069,inpaint,red_gd,wavelet,15.0,fixed5p0,0.8,3.8461538461538467,1.4142135623730951,0.02,vanilla,False,0,20,0.13642371542845838,8.651101268609874,0.12095608490813892,12,0.13592207455522173,8.667100055265218,0.1215990612984187,5.0,none
val_images_circle,circle,test003.png,2,rot45_padded,45.0,False,321,321,80883.0,0.7849593758583069,inpaint,red_gd,wavelet,15.0,fixed5p0,0.8,3.8461538461538467,1.4142135623730951,0.02,vanilla,False,0,20,0.13642371542845838,8.651101268609874,0.12095608490813892,13,0.1358802993212418,8.668435051239081,0.12164870862851279,5.0,none
val_images_circle,circle,test003.png,2,rot45_padded,45.0,False,321,321,80883.0,0.7849593758583069,inpaint,red_gd,wavelet,15.0,fixed5p0,0.8,3.8461538461538467,1.4142135623730951,0.02,vanilla,False,0,20,0.13642371542845838,8.651101268609874,0.12095608490813892,14,0.13583856030856298,8.669769299664367,0.12170678344800515,5.0,none
val_images_circle,circle,test003.png,2,rot45_padded,45.0,False,321,321,80883.0,0.7849593758583069,inpaint,red_gd,wavelet,15.0,fixed5p0,0.8,3.8461538461538467,1.4142135623730951,0.02,vanilla,False,0,20,0.13642371542845838,8.651101268609874,0.12095608490813892,15,0.13579679714835008,8.67110473039327,0.12175709483528677,5.0,none
val_images_circle,circle,test003.png,2,rot45_padded,45.0,False,321,321,80883.0,0.7849593758583069,inpaint,red_gd,wavelet,15.0,fixed5p0,0.8,3.8461538461538467,1.4142135623730951,0.02,vanilla,False,0,20,0.13642371542845838,8.651101268609874,0.12095608490813892,16,0.1357550581356713,8.672439799381126,0.12181460218772795,5.0,none
val_images_circle,circle,test003.png,2,rot45_padded,45.0,False,321,321,80883.0,0.7849593758583069,inpaint,red_gd,wavelet,15.0,fixed5p0,0.8,3.8461538461538467,1.4142135623730951,0.02,vanilla,False,0,20,0.13642371542845838,8.651101268609874,0.12095608490813892,17,0.13571329497545837,8.673776051652343,0.1218655172633619,5.0,none
val_images_circle,circle,test003.png,2,rot45_padded,45.0,False,321,321,80883.0,0.7849593758583069,inpaint,red_gd,wavelet,15.0,fixed5p0,0.8,3.8461538461538467,1.4142135623730951,0.02,vanilla,False,0,20,0.13642371542845838,8.651101268609874,0.12095608490813892,18,0.13567158011031366,8.67511116923269,0.12192255373888827,5.0,none
val_images_circle,circle,test003.png,2,rot45_padded,45.0,False,321,321,80883.0,0.7849593758583069,inpaint,red_gd,wavelet,15.0,fixed5p0,0.8,3.8461538461538467,1.4142135623730951,0.02,vanilla,False,0,20,0.13642371542845838,8.651101268609874,0.12095608490813892,19,0.13562985317140192,8.676447083992871,0.1219739638389711,5.0,none
val_images_circle,circle,test003.png,2,rot45_padded,45.0,False,321,321,80883.0,0.7849593758583069,inpaint,red_gd,wavelet,15.0,fixed5p0,0.8,3.8461538461538467,1.4142135623730951,0.02,vanilla,False,0,20,0.13642371542845838,8.651101268609874,0.12095608490813892,20,0.13558813830625718,8.677783023086722,0.12203060188018496,5.0,none
val_images_circle,circle,test003.png,2,rot45_padded,45.0,False,321,321,80883.0,0.7849593758583069,inpaint,red_gd,wavelet,15.0,fixed5p0,0.8,3.8461538461538467,1.4142135623730951,0.02,G16_fixed,False,16,20,0.13642371542845838,8.651101268609874,0.12095608490813892,1,0.13637919944935895,8.652518632076074,0.12100743463938653,5.0,0;22.5;45;67.5;90;112.5;135;157.5;180;202.5;225;247.5;270;292.5;315;337.5
val_images_circle,circle,test003.png,2,rot45_padded,45.0,False,321,321,80883.0,0.7849593758583069,inpaint,red_gd,wavelet,15.0,fixed5p0,0.8,3.8461538461538467,1.4142135623730951,0.02,G16_fixed,False,16,20,0.13642371542845838,8.651101268609874,0.12095608490813892,2,0.1363347317653277,8.653934919823671,0.12107397316957828,5.0,0;22.5;45;67.5;90;112.5;135;157.5;180;202.5;225;247.5;270;292.5;315;337.5
val_images_circle,circle,test003.png,2,rot45_padded,45.0,False,321,321,80883.0,0.7849593758583069,inpaint,red_gd,wavelet,15.0,fixed5p0,0.8,3.8461538461538467,1.4142135623730951,0.02,G16_fixed,False,16,20,0.13642371542845838,8.651101268609874,0.12095608490813892,3,0.13629021578622827,8.655353208533112,0.12112656649883165,5.0,0;22.5;45;67.5;90;112.5;135;157.5;180;202.5;225;247.5;270;292.5;315;337.5
val_images_circle,circle,test003.png,2,rot45_padded,45.0,False,321,321,80883.0,0.7849593758583069,inpaint,red_gd,wavelet,15.0,fixed5p0,0.8,3.8461538461538467,1.4142135623730951,0.02,G16_fixed,False,16,20,0.13642371542845838,8.651101268609874,0.12095608490813892,4,0.136245748102197,8.6567704211236,0.12119206668505743,5.0,0;22.5;45;67.5;90;112.5;135;157.5;180;202.5;225;247.5;270;292.5;315;337.5
val_images_circle,circle,test003.png,2,rot45_padded,45.0,False,321,321,80883.0,0.7849593758583069,inpaint,red_gd,wavelet,15.0,fixed5p0,0.8,3.8461538461538467,1.4142135623730951,0.02,G16_fixed,False,16,20,0.13642371542845838,8.651101268609874,0.12095608490813892,5,0.13620125627063165,8.658188866311123,0.12124574665334495,5.0,0;22.5;45;67.5;90;112.5;135;157.5;180;202.5;225;247.5;270;292.5;315;337.5
val_images_circle,circle,test003.png,2,rot45_padded,45.0,False,321,321,80883.0,0.7849593758583069,inpaint,red_gd,wavelet,15.0,fixed5p0,0.8,3.8461538461538467,1.4142135623730951,0.02,G16_fixed,False,16,20,0.13642371542845838,8.651101268609874,0.12095608490813892,6,0.1361567885866004,8.659607004701675,0.12131038960211045,5.0,0;22.5;45;67.5;90;112.5;135;157.5;180;202.5;225;247.5;270;292.5;315;337.5
val_images_circle,circle,test003.png,2,rot45_padded,45.0,False,321,321,80883.0,0.7849593758583069,inpaint,red_gd,wavelet,15.0,fixed5p0,0.8,3.8461538461538467,1.4142135623730951,0.02,G16_fixed,False,16,20,0.13642371542845838,8.651101268609874,0.12095608490813892,7,0.1361123088288021,8.66102599155868,0.12136499925046054,5.0,0;22.5;45;67.5;90;112.5;135;157.5;180;202.5;225;247.5;270;292.5;315;337.5
val_images_circle,circle,test003.png,2,rot45_padded,45.0,False,321,321,80883.0,0.7849593758583069,inpaint,red_gd,wavelet,15.0,fixed5p0,0.8,3.8461538461538467,1.4142135623730951,0.02,G16_fixed,False,16,20,0.13642371542845838,8.651101268609874,0.12095608490813892,8,0.13606784114477083,8.662445056833755,0.12142890569943622,5.0,0;22.5;45;67.5;90;112.5;135;157.5;180;202.5;225;247.5;270;292.5;315;337.5
val_images_circle,circle,test003.png,2,rot45_padded,45.0,False,321,321,80883.0,0.7849593758583069,inpaint,red_gd,wavelet,15.0,fixed5p0,0.8,3.8461538461538467,1.4142135623730951,0.02,G16_fixed,False,16,20,0.13642371542845838,8.651101268609874,0.12095608490813892,9,0.1360233493132055,8.663865356923463,0.1214843242901784,5.0,0;22.5;45;67.5;90;112.5;135;157.5;180;202.5;225;247.5;270;292.5;315;337.5
val_images_circle,circle,test003.png,2,rot45_padded,45.0,False,321,321,80883.0,0.7849593758583069,inpaint,red_gd,wavelet,15.0,fixed5p0,0.8,3.8461538461538467,1.4142135623730951,0.02,G16_fixed,False,16,20,0.13642371542845838,8.651101268609874,0.12095608490813892,10,0.13597888162917424,8.665285350421527,0.12154762705080177,5.0,0;22.5;45;67.5;90;112.5;135;157.5;180;202.5;225;247.5;270;292.5;315;337.5
val_images_circle,circle,test003.png,2,rot45_padded,45.0,False,321,321,80883.0,0.7849593758583069,inpaint,red_gd,wavelet,15.0,fixed5p0,0.8,3.8461538461538467,1.4142135623730951,0.02,G16_fixed,False,16,20,0.13642371542845838,8.651101268609874,0.12095608490813892,11,0.13593442601891004,8.666705422617802,0.12160372177249855,5.0,0;22.5;45;67.5;90;112.5;135;157.5;180;202.5;225;247.5;270;292.5;315;337.5
val_images_circle,circle,test003.png,2,rot45_padded,45.0,False,321,321,80883.0,0.7849593758583069,inpaint,red_gd,wavelet,15.0,fixed5p0,0.8,3.8461538461538467,1.4142135623730951,0.02,G16_fixed,False,16,20,0.13642371542845838,8.651101268609874,0.12095608490813892,12,0.13588995833487877,8.668126345175281,0.12166651743490597,5.0,0;22.5;45;67.5;90;112.5;135;157.5;180;202.5;225;247.5;270;292.5;315;337.5
val_images_circle,circle,test003.png,2,rot45_padded,45.0,False,321,321,80883.0,0.7849593758583069,inpaint,red_gd,wavelet,15.0,fixed5p0,0.8,3.8461538461538467,1.4142135623730951,0.02,G16_fixed,False,16,20,0.13642371542845838,8.651101268609874,0.12095608490813892,13,0.13584549065084753,8.669547732781664,0.12172320377118802,5.0,0;22.5;45;67.5;90;112.5;135;157.5;180;202.5;225;247.5;270;292.5;315;337.5
val_images_circle,circle,test003.png,2,rot45_padded,45.0,False,321,321,80883.0,0.7849593758583069,inpaint,red_gd,wavelet,15.0,fixed5p0,0.8,3.8461538461538467,1.4142135623730951,0.02,G16_fixed,False,16,20,0.13642371542845838,8.651101268609874,0.12095608490813892,14,0.13580104711435037,8.670968813498392,0.12178558892551587,5.0,0;22.5;45;67.5;90;112.5;135;157.5;180;202.5;225;247.5;270;292.5;315;337.5
val_images_circle,circle,test003.png,2,rot45_padded,45.0,False,321,321,80883.0,0.7849593758583069,inpaint,red_gd,wavelet,15.0,fixed5p0,0.8,3.8461538461538467,1.4142135623730951,0.02,G16_fixed,False,16,20,0.13642371542845838,8.651101268609874,0.12095608490813892,15,0.13575659150408614,8.672390745615498,0.12184279443378089,5.0,0;22.5;45;67.5;90;112.5;135;157.5;180;202.5;225;247.5;270;292.5;315;337.5
val_images_circle,circle,test003.png,2,rot45_padded,45.0,False,321,321,80883.0,0.7849593758583069,inpaint,red_gd,wavelet,15.0,fixed5p0,0.8,3.8461538461538467,1.4142135623730951,0.02,G16_fixed,False,16,20,0.13642371542845838,8.651101268609874,0.12095608490813892,16,0.135712147967589,8.673812757068236,0.12190482944886441,5.0,0;22.5;45;67.5;90;112.5;135;157.5;180;202.5;225;247.5;270;292.5;315;337.5
val_images_circle,circle,test003.png,2,rot45_padded,45.0,False,321,321,80883.0,0.7849593758583069,inpaint,red_gd,wavelet,15.0,fixed5p0,0.8,3.8461538461538467,1.4142135623730951,0.02,G16_fixed,False,16,20,0.13642371542845838,8.651101268609874,0.12095608490813892,17,0.13566768028355772,8.675236007285106,0.1219624696127431,5.0,0;22.5;45;67.5;90;112.5;135;157.5;180;202.5;225;247.5;270;292.5;315;337.5
val_images_circle,circle,test003.png,2,rot45_padded,45.0,False,321,321,80883.0,0.7849593758583069,inpaint,red_gd,wavelet,15.0,fixed5p0,0.8,3.8461538461538467,1.4142135623730951,0.02,G16_fixed,False,16,20,0.13642371542845838,8.651101268609874,0.12095608490813892,18,0.13562323674706056,8.676658950820475,0.1220242148574175,5.0,0;22.5;45;67.5;90;112.5;135;157.5;180;202.5;225;247.5;270;292.5;315;337.5
val_images_circle,circle,test003.png,2,rot45_padded,45.0,False,321,321,80883.0,0.7849593758583069,inpaint,red_gd,wavelet,15.0,fixed5p0,0.8,3.8461538461538467,1.4142135623730951,0.02,G16_fixed,False,16,20,0.13642371542845838,8.651101268609874,0.12095608490813892,19,0.1355787932105634,8.678082360728785,0.12208225345560872,5.0,0;22.5;45;67.5;90;112.5;135;157.5;180;202.5;225;247.5;270;292.5;315;337.5
val_images_circle,circle,test003.png,2,rot45_padded,45.0,False,321,321,80883.0,0.7849593758583069,inpaint,red_gd,wavelet,15.0,fixed5p0,0.8,3.8461538461538467,1.4142135623730951,0.02,G16_fixed,False,16,20,0.13642371542845838,8.651101268609874,0.12095608490813892,20,0.13553437382160033,8.679505463553333,0.12214379344624333,5.0,0;22.5;45;67.5;90;112.5;135;157.5;180;202.5;225;247.5;270;292.5;315;337.5
val_images_circle,circle,test004.png,3,upright,0.0,False,321,321,80892.0,0.7850467562675476,inpaint,red_gd,wavelet,15.0,fixed5p0,0.8,3.8461538461538467,1.4142135623730951,0.02,vanilla,True,0,20,0.08200257799365203,10.8617249406972,0.09856513449259506,1,0.08195868869719812,10.864049987350537,0.0986402310043793,5.0,none
val_images_circle,circle,test004.png,3,upright,0.0,False,321,321,80892.0,0.7850467562675476,inpaint,red_gd,wavelet,15.0,fixed5p0,0.8,3.8461538461538467,1.4142135623730951,0.02,vanilla,True,0,20,0.08200257799365203,10.8617249406972,0.09856513449259506,2,0.08191498048710008,10.866366678616933,0.09871337178352001,5.0,none
val_images_circle,circle,test004.png,3,upright,0.0,False,321,321,80892.0,0.7850467562675476,inpaint,red_gd,wavelet,15.0,fixed5p0,0.8,3.8461538461538467,1.4142135623730951,0.02,vanilla,True,0,20,0.08200257799365203,10.8617249406972,0.09856513449259506,3,0.08187112740791734,10.868692291088394,0.09878843811424493,5.0,none
val_images_circle,circle,test004.png,3,upright,0.0,False,321,321,80892.0,0.7850467562675476,inpaint,red_gd,wavelet,15.0,fixed5p0,0.8,3.8461538461538467,1.4142135623730951,0.02,vanilla,True,0,20,0.08200257799365203,10.8617249406972,0.09856513449259506,4,0.08182742523403118,10.871011140352547,0.09886178412458896,5.0,none
val_images_circle,circle,test004.png,3,upright,0.0,False,321,321,80892.0,0.7850467562675476,inpaint,red_gd,wavelet,15.0,fixed5p0,0.8,3.8461538461538467,1.4142135623730951,0.02,vanilla,True,0,20,0.08200257799365203,10.8617249406972,0.09856513449259506,5,0.08178361440833148,10.873336998111945,0.09893684441910201,5.0,none
val_images_circle,circle,test004.png,3,upright,0.0,False,321,321,80892.0,0.7850467562675476,inpaint,red_gd,wavelet,15.0,fixed5p0,0.8,3.8461538461538467,1.4142135623730951,0.02,vanilla,True,0,20,0.08200257799365203,10.8617249406972,0.09856513449259506,6,0.0817399303430809,10.875657367201983,0.09901038962443752,5.0,none
val_images_circle,circle,test004.png,3,upright,0.0,False,321,321,80892.0,0.7850467562675476,inpaint,red_gd,wavelet,15.0,fixed5p0,0.8,3.8461538461538467,1.4142135623730951,0.02,vanilla,True,0,20,0.08200257799365203,10.8617249406972,0.09856513449259506,7,0.08169614366222865,10.877984431706647,0.09908544388273871,5.0,none
val_images_circle,circle,test004.png,3,upright,0.0,False,321,321,80892.0,0.7850467562675476,inpaint,red_gd,wavelet,15.0,fixed5p0,0.8,3.8461538461538467,1.4142135623730951,0.02,vanilla,True,0,20,0.08200257799365203,10.8617249406972,0.09856513449259506,8,0.08165247770561365,10.880306322677974,0.09915917621064196,5.0,none
val_images_circle,circle,test004.png,3,upright,0.0,False,321,321,80892.0,0.7850467562675476,inpaint,red_gd,wavelet,15.0,fixed5p0,0.8,3.8461538461538467,1.4142135623730951,0.02,vanilla,True,0,20,0.08200257799365203,10.8617249406972,0.09856513449259506,9,0.08160872120582073,10.882634274082129,0.09923424254136688,5.0,none
val_images_circle,circle,test004.png,3,upright,0.0,False,321,321,80892.0,0.7850467562675476,inpaint,red_gd,wavelet,15.0,fixed5p0,0.8,3.8461538461538467,1.4142135623730951,0.02,vanilla,True,0,20,0.08200257799365203,10.8617249406972,0.09856513449259506,10,0.0815650612854176,10.884958331620588,0.09930816802804975,5.0,none
val_images_circle,circle,test004.png,3,upright,0.0,False,321,321,80892.0,0.7850467562675476,inpaint,red_gd,wavelet,15.0,fixed5p0,0.8,3.8461538461538467,1.4142135623730951,0.02,vanilla,True,0,20,0.08200257799365203,10.8617249406972,0.09856513449259506,11,0.08152134100289583,10.88728684922045,0.09938325246741025,5.0,none
val_images_circle,circle,test004.png,3,upright,0.0,False,321,321,80892.0,0.7850467562675476,inpaint,red_gd,wavelet,15.0,fixed5p0,0.8,3.8461538461538467,1.4142135623730951,0.02,vanilla,True,0,20,0.08200257799365203,10.8617249406972,0.09856513449259506,12,0.0814776991911283,10.889612433280483,0.099457359040449,5.0,none
val_images_circle,circle,test004.png,3,upright,0.0,False,321,321,80892.0,0.7850467562675476,inpaint,red_gd,wavelet,15.0,fixed5p0,0.8,3.8461538461538467,1.4142135623730951,0.02,vanilla,True,0,20,0.08200257799365203,10.8617249406972,0.09856513449259506,13,0.08143400908966585,10.891941838653992,0.09953249780571627,5.0,none
val_images_circle,circle,test004.png,3,upright,0.0,False,321,321,80892.0,0.7850467562675476,inpaint,red_gd,wavelet,15.0,fixed5p0,0.8,3.8461538461538467,1.4142135623730951,0.02,vanilla,True,0,20,0.08200257799365203,10.8617249406972,0.09856513449259506,14,0.0813903853865339,10.894268951131778,0.09960677942889902,5.0,none
val_images_circle,circle,test004.png,3,upright,0.0,False,321,321,80892.0,0.7850467562675476,inpaint,red_gd,wavelet,15.0,fixed5p0,0.8,3.8461538461538467,1.4142135623730951,0.02,vanilla,True,0,20,0.08200257799365203,10.8617249406972,0.09856513449259506,15,0.08134671339370704,10.896599889325454,0.09968197855628493,5.0,none
val_images_circle,circle,test004.png,3,upright,0.0,False,321,321,80892.0,0.7850467562675476,inpaint,red_gd,wavelet,15.0,fixed5p0,0.8,3.8461538461538467,1.4142135623730951,0.02,vanilla,True,0,20,0.08200257799365203,10.8617249406972,0.09856513449259506,16,0.08130310779921067,10.898928532466245,0.09975647144688288,5.0,none
val_images_circle,circle,test004.png,3,upright,0.0,False,321,321,80892.0,0.7850467562675476,inpaint,red_gd,wavelet,15.0,fixed5p0,0.8,3.8461538461538467,1.4142135623730951,0.02,vanilla,True,0,20,0.08200257799365203,10.8617249406972,0.09856513449259506,17,0.0812594539150194,10.901261005733607,0.09983171886396368,5.0,none
val_images_circle,circle,test004.png,3,upright,0.0,False,321,321,80892.0,0.7850467562675476,inpaint,red_gd,wavelet,15.0,fixed5p0,0.8,3.8461538461538467,1.4142135623730951,0.02,vanilla,True,0,20,0.08200257799365203,10.8617249406972,0.09856513449259506,18,0.08121586642915864,10.903591181787842,0.09990638680470566,5.0,none
val_images_circle,circle,test004.png,3,upright,0.0,False,321,321,80892.0,0.7850467562675476,inpaint,red_gd,wavelet,15.0,fixed5p0,0.8,3.8461538461538467,1.4142135623730951,0.02,vanilla,True,0,20,0.08200257799365203,10.8617249406972,0.09856513449259506,19,0.0811722547984504,10.905923900569924,0.09998172476496439,5.0,none
val_images_circle,circle,test004.png,3,upright,0.0,False,321,321,80892.0,0.7850467562675476,inpaint,red_gd,wavelet,15.0,fixed5p0,0.8,3.8461538461538467,1.4142135623730951,0.02,vanilla,True,0,20,0.08200257799365203,10.8617249406972,0.09856513449259506,20,0.08112867334880149,10.90825625735517,0.10005656171963853,5.0,none
val_images_circle,circle,test004.png,3,upright,0.0,False,321,321,80892.0,0.7850467562675476,inpaint,red_gd,wavelet,15.0,fixed5p0,0.8,3.8461538461538467,1.4142135623730951,0.02,G16_fixed,True,16,20,0.08200257799365203,10.8617249406972,0.09856513449259506,1,0.08187368072553527,10.868556849633517,0.09880530329018938,5.0,0;22.5;45;67.5;90;112.5;135;157.5;180;202.5;225;247.5;270;292.5;315;337.5
val_images_circle,circle,test004.png,3,upright,0.0,False,321,321,80892.0,0.7850467562675476,inpaint,red_gd,wavelet,15.0,fixed5p0,0.8,3.8461538461538467,1.4142135623730951,0.02,G16_fixed,True,16,20,0.08200257799365203,10.8617249406972,0.09856513449259506,2,0.08174483174711343,10.875396957277738,0.09902034937401102,5.0,0;22.5;45;67.5;90;112.5;135;157.5;180;202.5;225;247.5;270;292.5;315;337.5
val_images_circle,circle,test004.png,3,upright,0.0,False,321,321,80892.0,0.7850467562675476,inpaint,red_gd,wavelet,15.0,fixed5p0,0.8,3.8461538461538467,1.4142135623730951,0.02,G16_fixed,True,16,20,0.08200257799365203,10.8617249406972,0.09856513449259506,3,0.08161613971020001,10.882239503885964,0.09926013185404614,5.0,0;22.5;45;67.5;90;112.5;135;157.5;180;202.5;225;247.5;270;292.5;315;337.5
val_images_circle,circle,test004.png,3,upright,0.0,False,321,321,80892.0,0.7850467562675476,inpaint,red_gd,wavelet,15.0,fixed5p0,0.8,3.8461538461538467,1.4142135623730951,0.02,G16_fixed,True,16,20,0.08200257799365203,10.8617249406972,0.09856513449259506,4,0.08148750803540523,10.88908963126391,0.09947755016912983,5.0,0;22.5;45;67.5;90;112.5;135;157.5;180;202.5;225;247.5;270;292.5;315;337.5
val_images_circle,circle,test004.png,3,upright,0.0,False,321,321,80892.0,0.7850467562675476,inpaint,red_gd,wavelet,15.0,fixed5p0,0.8,3.8461538461538467,1.4142135623730951,0.02,G16_fixed,True,16,20,0.08200257799365203,10.8617249406972,0.09856513449259506,5,0.08135900915727143,10.895943491726985,0.09971710930932602,5.0,0;22.5;45;67.5;90;112.5;135;157.5;180;202.5;225;247.5;270;292.5;315;337.5
val_images_circle,circle,test004.png,3,upright,0.0,False,321,321,80892.0,0.7850467562675476,inpaint,red_gd,wavelet,15.0,fixed5p0,0.8,3.8461538461538467,1.4142135623730951,0.02,G16_fixed,True,16,20,0.08200257799365203,10.8617249406972,0.09856513449259506,6,0.08123058874989184,10.902803990381823,0.09993677309522264,5.0,0;22.5;45;67.5;90;112.5;135;157.5;180;202.5;225;247.5;270;292.5;315;337.5
val_images_circle,circle,test004.png,3,upright,0.0,False,321,321,80892.0,0.7850467562675476,inpaint,red_gd,wavelet,15.0,fixed5p0,0.8,3.8461538461538467,1.4142135623730951,0.02,G16_fixed,True,16,20,0.08200257799365203,10.8617249406972,0.09856513449259506,7,0.08110228303053763,10.909669202203002,0.10017623565602903,5.0,0;22.5;45;67.5;90;112.5;135;157.5;180;202.5;225;247.5;270;292.5;315;337.5
val_images_circle,circle,test004.png,3,upright,0.0,False,321,321,80892.0,0.7850467562675476,inpaint,red_gd,wavelet,15.0,fixed5p0,0.8,3.8461538461538467,1.4142135623730951,0.02,G16_fixed,True,16,20,0.08200257799365203,10.8617249406972,0.09856513449259506,8,0.08097405578193764,10.916541074867887,0.10039806644198437,5.0,0;22.5;45;67.5;90;112.5;135;157.5;180;202.5;225;247.5;270;292.5;315;337.5
val_images_circle,circle,test004.png,3,upright,0.0,False,321,321,80892.0,0.7850467562675476,inpaint,red_gd,wavelet,15.0,fixed5p0,0.8,3.8461538461538467,1.4142135623730951,0.02,G16_fixed,True,16,20,0.08200257799365203,10.8617249406972,0.09856513449259506,9,0.08084594925757492,10.923417353018515,0.10063755918385008,5.0,0;22.5;45;67.5;90;112.5;135;157.5;180;202.5;225;247.5;270;292.5;315;337.5
val_images_circle,circle,test004.png,3,upright,0.0,False,321,321,80892.0,0.7850467562675476,inpaint,red_gd,wavelet,15.0,fixed5p0,0.8,3.8461538461538467,1.4142135623730951,0.02,G16_fixed,True,16,20,0.08200257799365203,10.8617249406972,0.09856513449259506,10,0.08071792724017826,10.930299988983856,0.1008614664266862,5.0,0;22.5;45;67.5;90;112.5;135;157.5;180;202.5;225;247.5;270;292.5;315;337.5
val_images_circle,circle,test004.png,3,upright,0.0,False,321,321,80892.0,0.7850467562675476,inpaint,red_gd,wavelet,15.0,fixed5p0,0.8,3.8461538461538467,1.4142135623730951,0.02,G16_fixed,True,16,20,0.08200257799365203,10.8617249406972,0.09856513449259506,11,0.08058999576595956,10.937188670448275,0.10110111611006033,5.0,0;22.5;45;67.5;90;112.5;135;157.5;180;202.5;225;247.5;270;292.5;315;337.5
val_images_circle,circle,test004.png,3,upright,0.0,False,321,321,80892.0,0.7850467562675476,inpaint,red_gd,wavelet,15.0,fixed5p0,0.8,3.8461538461538467,1.4142135623730951,0.02,G16_fixed,True,16,20,0.08200257799365203,10.8617249406972,0.09856513449259506,12,0.08046217294355437,10.944082431461595,0.10132701530281116,5.0,0;22.5;45;67.5;90;112.5;135;157.5;180;202.5;225;247.5;270;292.5;315;337.5
val_images_circle,circle,test004.png,3,upright,0.0,False,321,321,80892.0,0.7850467562675476,inpaint,red_gd,wavelet,15.0,fixed5p0,0.8,3.8461538461538467,1.4142135623730951,0.02,G16_fixed,True,16,20,0.08200257799365203,10.8617249406972,0.09856513449259506,13,0.08033444066432713,10.95098225782647,0.10156694265193097,5.0,0;22.5;45;67.5;90;112.5;135;157.5;180;202.5;225;247.5;270;292.5;315;337.5
val_images_circle,circle,test004.png,3,upright,0.0,False,321,321,80892.0,0.7850467562675476,inpaint,red_gd,wavelet,15.0,fixed5p0,0.8,3.8461538461538467,1.4142135623730951,0.02,G16_fixed,True,16,20,0.08200257799365203,10.8617249406972,0.09856513449259506,14,0.08020679289206596,10.95788848790513,0.1017947372152067,5.0,0;22.5;45;67.5;90;112.5;135;157.5;180;202.5;225;247.5;270;292.5;315;337.5
val_images_circle,circle,test004.png,3,upright,0.0,False,321,321,80892.0,0.7850467562675476,inpaint,red_gd,wavelet,15.0,fixed5p0,0.8,3.8461538461538467,1.4142135623730951,0.02,G16_fixed,True,16,20,0.08200257799365203,10.8617249406972,0.09856513449259506,15,0.08007923566298274,10.964800807451848,0.10203503880946199,5.0,0;22.5;45;67.5;90;112.5;135;157.5;180;202.5;225;247.5;270;292.5;315;337.5
val_images_circle,circle,test004.png,3,upright,0.0,False,321,321,80892.0,0.7850467562675476,inpaint,red_gd,wavelet,15.0,fixed5p0,0.8,3.8461538461538467,1.4142135623730951,0.02,G16_fixed,True,16,20,0.08200257799365203,10.8617249406972,0.09856513449259506,16,0.07995178104950118,10.971718572291307,0.10226469252599145,5.0,0;22.5;45;67.5;90;112.5;135;157.5;180;202.5;225;247.5;270;292.5;315;337.5
val_images_circle,circle,test004.png,3,upright,0.0,False,321,321,80892.0,0.7850467562675476,inpaint,red_gd,wavelet,15.0,fixed5p0,0.8,3.8461538461538467,1.4142135623730951,0.02,G16_fixed,True,16,20,0.08200257799365203,10.8617249406972,0.09856513449259506,17,0.07982441094298572,10.978642776135064,0.10250547701719577,5.0,0;22.5;45;67.5;90;112.5;135;157.5;180;202.5;225;247.5;270;292.5;315;337.5
val_images_circle,circle,test004.png,3,upright,0.0,False,321,321,80892.0,0.7850467562675476,inpaint,red_gd,wavelet,15.0,fixed5p0,0.8,3.8461538461538467,1.4142135623730951,0.02,G16_fixed,True,16,20,0.08200257799365203,10.8617249406972,0.09856513449259506,18,0.07969713137964818,10.985573103279824,0.10273691745243659,5.0,0;22.5;45;67.5;90;112.5;135;157.5;180;202.5;225;247.5;270;292.5;315;337.5
val_images_circle,circle,test004.png,3,upright,0.0,False,321,321,80892.0,0.7850467562675476,inpaint,red_gd,wavelet,15.0,fixed5p0,0.8,3.8461538461538467,1.4142135623730951,0.02,G16_fixed,True,16,20,0.08200257799365203,10.8617249406972,0.09856513449259506,19,0.07956994839570045,10.99250923596201,0.10297825727513228,5.0,0;22.5;45;67.5;90;112.5;135;157.5;180;202.5;225;247.5;270;292.5;315;337.5
val_images_circle,circle,test004.png,3,upright,0.0,False,321,321,80892.0,0.7850467562675476,inpaint,red_gd,wavelet,15.0,fixed5p0,0.8,3.8461538461538467,1.4142135623730951,0.02,G16_fixed,True,16,20,0.08200257799365203,10.8617249406972,0.09856513449259506,20,0.07944284388250693,10.999452174284226,0.10321144821181329,5.0,0;22.5;45;67.5;90;112.5;135;157.5;180;202.5;225;247.5;270;292.5;315;337.5
val_images_circle,circle,test004.png,3,rot45_padded,45.0,False,321,321,80883.0,0.7849593758583069,inpaint,red_gd,wavelet,15.0,fixed5p0,0.8,3.8461538461538467,1.4142135623730951,0.02,vanilla,False,0,20,0.08081751042014391,10.924945321097393,0.10490390295627634,1,0.08077400260059284,10.927283959563493,0.10498008842633805,5.0,none
val_images_circle,circle,test004.png,3,rot45_padded,45.0,False,321,321,80883.0,0.7849593758583069,inpaint,red_gd,wavelet,15.0,fixed5p0,0.8,3.8461538461538467,1.4142135623730951,0.02,vanilla,False,0,20,0.08081751042014391,10.924945321097393,0.10490390295627634,2,0.0807306638137804,10.929614764837998,0.10505874901864422,5.0,none
val_images_circle,circle,test004.png,3,rot45_padded,45.0,False,321,321,80883.0,0.7849593758583069,inpaint,red_gd,wavelet,15.0,fixed5p0,0.8,3.8461538461538467,1.4142135623730951,0.02,vanilla,False,0,20,0.08081751042014391,10.924945321097393,0.10490390295627634,3,0.08068719221553046,10.931953970197343,0.10513526048041616,5.0,none
val_images_circle,circle,test004.png,3,rot45_padded,45.0,False,321,321,80883.0,0.7849593758583069,inpaint,red_gd,wavelet,15.0,fixed5p0,0.8,3.8461538461538467,1.4142135623730951,0.02,vanilla,False,0,20,0.08081751042014391,10.924945321097393,0.10490390295627634,4,0.08064385342871802,10.934287283831134,0.10521381240881891,5.0,none
val_images_circle,circle,test004.png,3,rot45_padded,45.0,False,321,321,80883.0,0.7849593758583069,inpaint,red_gd,wavelet,15.0,fixed5p0,0.8,3.8461538461538467,1.4142135623730951,0.02,vanilla,False,0,20,0.08081751042014391,10.924945321097393,0.10490390295627634,5,0.0806004120148857,10.936627381535448,0.10529061364099997,5.0,none
val_images_circle,circle,test004.png,3,rot45_padded,45.0,False,321,321,80883.0,0.7849593758583069,inpaint,red_gd,wavelet,15.0,fixed5p0,0.8,3.8461538461538467,1.4142135623730951,0.02,vanilla,False,0,20,0.08081751042014391,10.924945321097393,0.10490390295627634,6,0.08055709737560736,10.938961906230988,0.10536911727433454,5.0,none
val_images_circle,circle,test004.png,3,rot45_padded,45.0,False,321,321,80883.0,0.7849593758583069,inpaint,red_gd,wavelet,15.0,fixed5p0,0.8,3.8461538461538467,1.4142135623730951,0.02,vanilla,False,0,20,0.08081751042014391,10.924945321097393,0.10490390295627634,7,0.08051368614619264,10.941302896624368,0.10544615998185651,5.0,none
val_images_circle,circle,test004.png,3,rot45_padded,45.0,False,321,321,80883.0,0.7849593758583069,inpaint,red_gd,wavelet,15.0,fixed5p0,0.8,3.8461538461538467,1.4142135623730951,0.02,vanilla,False,0,20,0.08081751042014391,10.924945321097393,0.10490390295627634,8,0.08047037754379784,10.943639610838389,0.10552462739388994,5.0,none
val_images_circle,circle,test004.png,3,rot45_padded,45.0,False,321,321,80883.0,0.7849593758583069,inpaint,red_gd,wavelet,15.0,fixed5p0,0.8,3.8461538461538467,1.4142135623730951,0.02,vanilla,False,0,20,0.08081751042014391,10.924945321097393,0.10490390295627634,9,0.08042699649880074,10.945981494791447,0.10560191157675285,5.0,none
val_images_circle,circle,test004.png,3,rot45_padded,45.0,False,321,321,80883.0,0.7849593758583069,inpaint,red_gd,wavelet,15.0,fixed5p0,0.8,3.8461538461538467,1.4142135623730951,0.02,vanilla,False,0,20,0.08081751042014391,10.924945321097393,0.10490390295627634,10,0.0803837060070565,10.94831974987579,0.10568037898878627,5.0,none
val_images_circle,circle,test004.png,3,rot45_padded,45.0,False,321,321,80883.0,0.7849593758583069,inpaint,red_gd,wavelet,15.0,fixed5p0,0.8,3.8461538461538467,1.4142135623730951,0.02,vanilla,False,0,20,0.08081751042014391,10.924945321097393,0.10490390295627634,11,0.08034034910959349,10.950662854243546,0.10575786842568896,5.0,none
val_images_circle,circle,test004.png,3,rot45_padded,45.0,False,321,321,80883.0,0.7849593758583069,inpaint,red_gd,wavelet,15.0,fixed5p0,0.8,3.8461538461538467,1.4142135623730951,0.02,vanilla,False,0,20,0.08081751042014391,10.924945321097393,0.10490390295627634,12,0.08029708276538333,10.953002325782359,0.10583634791148944,5.0,none
val_images_circle,circle,test004.png,3,rot45_padded,45.0,False,321,321,80883.0,0.7849593758583069,inpaint,red_gd,wavelet,15.0,fixed5p0,0.8,3.8461538461538467,1.4142135623730951,0.02,vanilla,False,0,20,0.08081751042014391,10.924945321097393,0.10490390295627634,13,0.08025375001545443,10.955346651789373,0.10591403052866487,5.0,none
val_images_circle,circle,test004.png,3,rot45_padded,45.0,False,321,321,80883.0,0.7849593758583069,inpaint,red_gd,wavelet,15.0,fixed5p0,0.8,3.8461538461538467,1.4142135623730951,0.02,vanilla,False,0,20,0.08081751042014391,10.924945321097393,0.10490390295627634,14,0.08021050178189483,10.957687667863844,0.10599255830953352,5.0,none
val_images_circle,circle,test004.png,3,rot45_padded,45.0,False,321,321,80883.0,0.7849593758583069,inpaint,red_gd,wavelet,15.0,fixed5p0,0.8,3.8461538461538467,1.4142135623730951,0.02,vanilla,False,0,20,0.08081751042014391,10.924945321097393,0.10490390295627634,15,0.08016719921638354,10.960032889873357,0.1060703858119135,5.0,none
val_images_circle,circle,test004.png,3,rot45_padded,45.0,False,321,321,80883.0,0.7849593758583069,inpaint,red_gd,wavelet,15.0,fixed5p0,0.8,3.8461538461538467,1.4142135623730951,0.02,vanilla,False,0,20,0.08081751042014391,10.924945321097393,0.10490390295627634,16,0.08012395701970748,10.962376106841575,0.10614896188785035,5.0,none
val_images_circle,circle,test004.png,3,rot45_padded,45.0,False,321,321,80883.0,0.7849593758583069,inpaint,red_gd,wavelet,15.0,fixed5p0,0.8,3.8461538461538467,1.4142135623730951,0.02,vanilla,False,0,20,0.08081751042014391,10.924945321097393,0.10490390295627634,17,0.0800806846386138,10.964722225729304,0.10622697049673603,5.0,none
val_images_circle,circle,test004.png,3,rot45_padded,45.0,False,321,321,80883.0,0.7849593758583069,inpaint,red_gd,wavelet,15.0,fixed5p0,0.8,3.8461538461538467,1.4142135623730951,0.02,vanilla,False,0,20,0.08081751042014391,10.924945321097393,0.10490390295627634,18,0.08003746055258831,10.967066992149094,0.10630561901527515,5.0,none
val_images_circle,circle,test004.png,3,rot45_padded,45.0,False,321,321,80883.0,0.7849593758583069,inpaint,red_gd,wavelet,15.0,fixed5p0,0.8,3.8461538461538467,1.4142135623730951,0.02,vanilla,False,0,20,0.08081751042014391,10.924945321097393,0.10490390295627634,19,0.0799942062821452,10.96941466393196,0.10638379665689947,5.0,none
val_images_circle,circle,test004.png,3,rot45_padded,45.0,False,321,321,80883.0,0.7849593758583069,inpaint,red_gd,wavelet,15.0,fixed5p0,0.8,3.8461538461538467,1.4142135623730951,0.02,vanilla,False,0,20,0.08081751042014391,10.924945321097393,0.10490390295627634,20,0.07995100030677027,10.971760982092679,0.10646251761804087,5.0,none
val_images_circle,circle,test004.png,3,rot45_padded,45.0,False,321,321,80883.0,0.7849593758583069,inpaint,red_gd,wavelet,15.0,fixed5p0,0.8,3.8461538461538467,1.4142135623730951,0.02,G16_fixed,False,16,20,0.08081751042014391,10.924945321097393,0.10490390295627634,1,0.08077119544975458,10.927434893188725,0.10499326090618548,5.0,0;22.5;45;67.5;90;112.5;135;157.5;180;202.5;225;247.5;270;292.5;315;337.5
val_images_circle,circle,test004.png,3,rot45_padded,45.0,False,321,321,80883.0,0.7849593758583069,inpaint,red_gd,wavelet,15.0,fixed5p0,0.8,3.8461538461538467,1.4142135623730951,0.02,G16_fixed,False,16,20,0.08081751042014391,10.924945321097393,0.10490390295627634,2,0.08072492877443344,10.929923294992081,0.10507522971066231,5.0,0;22.5;45;67.5;90;112.5;135;157.5;180;202.5;225;247.5;270;292.5;315;337.5
val_images_circle,circle,test004.png,3,rot45_padded,45.0,False,321,321,80883.0,0.7849593758583069,inpaint,red_gd,wavelet,15.0,fixed5p0,0.8,3.8461538461538467,1.4142135623730951,0.02,G16_fixed,False,16,20,0.08081751042014391,10.924945321097393,0.10490390295627634,3,0.08067860776716058,10.932416048104947,0.1051642616688612,5.0,0;22.5;45;67.5;90;112.5;135;157.5;180;202.5;225;247.5;270;292.5;315;337.5
val_images_circle,circle,test004.png,3,rot45_padded,45.0,False,321,321,80883.0,0.7849593758583069,inpaint,red_gd,wavelet,15.0,fixed5p0,0.8,3.8461538461538467,1.4142135623730951,0.02,G16_fixed,False,16,20,0.08081751042014391,10.924945321097393,0.10490390295627634,4,0.08063234712872297,10.934906981292531,0.10524688245675853,5.0,0;22.5;45;67.5;90;112.5;135;157.5;180;202.5;225;247.5;270;292.5;315;337.5
val_images_circle,circle,test004.png,3,rot45_padded,45.0,False,321,321,80883.0,0.7849593758583069,inpaint,red_gd,wavelet,15.0,fixed5p0,0.8,3.8461538461538467,1.4142135623730951,0.02,G16_fixed,False,16,20,0.08081751042014391,10.924945321097393,0.10490390295627634,5,0.08058605630586774,10.937400970694855,0.10533568501338353,5.0,0;22.5;45;67.5;90;112.5;135;157.5;180;202.5;225;247.5;270;292.5;315;337.5
val_images_circle,circle,test004.png,3,rot45_padded,45.0,False,321,321,80883.0,0.7849593758583069,inpaint,red_gd,wavelet,15.0,fixed5p0,0.8,3.8461538461538467,1.4142135623730951,0.02,G16_fixed,False,16,20,0.08081751042014391,10.924945321097393,0.10490390295627634,6,0.08053979566743011,10.93989476549051,0.10541887326833203,5.0,0;22.5;45;67.5;90;112.5;135;157.5;180;202.5;225;247.5;270;292.5;315;337.5
val_images_circle,circle,test004.png,3,rot45_padded,45.0,False,321,321,80883.0,0.7849593758583069,inpaint,red_gd,wavelet,15.0,fixed5p0,0.8,3.8461538461538467,1.4142135623730951,0.02,G16_fixed,False,16,20,0.08081751042014391,10.924945321097393,0.10490390295627634,7,0.08049350484457488,10.942391621658597,0.10550750679221839,5.0,0;22.5;45;67.5;90;112.5;135;157.5;180;202.5;225;247.5;270;292.5;315;337.5
val_images_circle,circle,test004.png,3,rot45_padded,45.0,False,321,321,80883.0,0.7849593758583069,inpaint,red_gd,wavelet,15.0,fixed5p0,0.8,3.8461538461538467,1.4142135623730951,0.02,G16_fixed,False,16,20,0.08081751042014391,10.924945321097393,0.10490390295627634,8,0.08044725024302078,10.9448879587436,0.10559123836668398,5.0,0;22.5;45;67.5;90;112.5;135;157.5;180;202.5;225;247.5;270;292.5;315;337.5
val_images_circle,circle,test004.png,3,rot45_padded,45.0,False,321,321,80883.0,0.7849593758583069,inpaint,red_gd,wavelet,15.0,fixed5p0,0.8,3.8461538461538467,1.4142135623730951,0.02,G16_fixed,False,16,20,0.08081751042014391,10.924945321097393,0.10490390295627634,9,0.08040097753081611,10.94738670982164,0.10567971493159872,5.0,0;22.5;45;67.5;90;112.5;135;157.5;180;202.5;225;247.5;270;292.5;315;337.5
val_images_circle,circle,test004.png,3,rot45_padded,45.0,False,321,321,80883.0,0.7849593758583069,inpaint,red_gd,wavelet,15.0,fixed5p0,0.8,3.8461538461538467,1.4142135623730951,0.02,G16_fixed,False,16,20,0.08081751042014391,10.924945321097393,0.10490390295627634,10,0.08035473500302907,10.949885268023344,0.10576395360428026,5.0,0;22.5;45;67.5;90;112.5;135;157.5;180;202.5;225;247.5;270;292.5;315;337.5
val_images_circle,circle,test004.png,3,rot45_padded,45.0,False,321,321,80883.0,0.7849593758583069,inpaint,red_gd,wavelet,15.0,fixed5p0,0.8,3.8461538461538467,1.4142135623730951,0.02,G16_fixed,False,16,20,0.08081751042014391,10.924945321097393,0.10490390295627634,11,0.08030845625394088,10.952387223294744,0.10585233357905864,5.0,0;22.5;45;67.5;90;112.5;135;157.5;180;202.5;225;247.5;270;292.5;315;337.5
val_images_circle,circle,test004.png,3,rot45_padded,45.0,False,321,321,80883.0,0.7849593758583069,inpaint,red_gd,wavelet,15.0,fixed5p0,0.8,3.8461538461538467,1.4142135623730951,0.02,G16_fixed,False,16,20,0.08081751042014391,10.924945321097393,0.10490390295627634,12,0.08026222579992087,10.954888007544364,0.10593704312865497,5.0,0;22.5;45;67.5;90;112.5;135;157.5;180;202.5;225;247.5;270;292.5;315;337.5
val_images_circle,circle,test004.png,3,rot45_padded,45.0,False,321,321,80883.0,0.7849593758583069,inpaint,red_gd,wavelet,15.0,fixed5p0,0.8,3.8461538461538467,1.4142135623730951,0.02,G16_fixed,False,16,20,0.08081751042014391,10.924945321097393,0.10490390295627634,13,0.08021597119836678,10.957391540005421,0.10602535066083107,5.0,0;22.5;45;67.5;90;112.5;135;157.5;180;202.5;225;247.5;270;292.5;315;337.5
val_images_circle,circle,test004.png,3,rot45_padded,45.0,False,321,321,80883.0,0.7849593758583069,inpaint,red_gd,wavelet,15.0,fixed5p0,0.8,3.8461538461538467,1.4142135623730951,0.02,G16_fixed,False,16,20,0.08081751042014391,10.924945321097393,0.10490390295627634,14,0.08016973470746325,10.959895535396385,0.10611047071850697,5.0,0;22.5;45;67.5;90;112.5;135;157.5;180;202.5;225;247.5;270;292.5;315;337.5
val_images_circle,circle,test004.png,3,rot45_padded,45.0,False,321,321,80883.0,0.7849593758583069,inpaint,red_gd,wavelet,15.0,fixed5p0,0.8,3.8461538461538467,1.4142135623730951,0.02,G16_fixed,False,16,20,0.08081751042014391,10.924945321097393,0.10490390295627634,15,0.08012348614279267,10.96240162977557,0.106198754103149,5.0,0;22.5;45;67.5;90;112.5;135;157.5;180;202.5;225;247.5;270;292.5;315;337.5
val_images_circle,circle,test004.png,3,rot45_padded,45.0,False,321,321,80883.0,0.7849593758583069,inpaint,red_gd,wavelet,15.0,fixed5p0,0.8,3.8461538461538467,1.4142135623730951,0.02,G16_fixed,False,16,20,0.08081751042014391,10.924945321097393,0.10490390295627634,16,0.0800772617256562,10.964907861502427,0.10628429674267151,5.0,0;22.5;45;67.5;90;112.5;135;157.5;180;202.5;225;247.5;270;292.5;315;337.5
val_images_circle,circle,test004.png,3,rot45_padded,45.0,False,321,321,80883.0,0.7849593758583069,inpaint,red_gd,wavelet,15.0,fixed5p0,0.8,3.8461538461538467,1.4142135623730951,0.02,G16_fixed,False,16,20,0.08081751042014391,10.924945321097393,0.10490390295627634,17,0.08003101919786915,10.967416523151874,0.10637256805354649,5.0,0;22.5;45;67.5;90;112.5;135;157.5;180;202.5;225;247.5;270;292.5;315;337.5
val_images_circle,circle,test004.png,3,rot45_padded,45.0,False,321,321,80883.0,0.7849593758583069,inpaint,red_gd,wavelet,15.0,fixed5p0,0.8,3.8461538461538467,1.4142135623730951,0.02,G16_fixed,False,16,20,0.08081751042014391,10.924945321097393,0.10490390295627634,18,0.07998481289138323,10.969924668031252,0.10645848497984743,5.0,0;22.5;45;67.5;90;112.5;135;157.5;180;202.5;225;247.5;270;292.5;315;337.5
val_images_circle,circle,test004.png,3,rot45_padded,45.0,False,321,321,80883.0,0.7849593758583069,inpaint,red_gd,wavelet,15.0,fixed5p0,0.8,3.8461538461538467,1.4142135623730951,0.02,G16_fixed,False,16,20,0.08081751042014391,10.924945321097393,0.10490390295627634,19,0.0799385764004797,10.972435902130329,0.10654679251202354,5.0,0;22.5;45;67.5;90;112.5;135;157.5;180;202.5;225;247.5;270;292.5;315;337.5
val_images_circle,circle,test004.png,3,rot45_padded,45.0,False,321,321,80883.0,0.7849593758583069,inpaint,red_gd,wavelet,15.0,fixed5p0,0.8,3.8461538461538467,1.4142135623730951,0.02,G16_fixed,False,16,20,0.08081751042014391,10.924945321097393,0.10490390295627634,20,0.07989237009399379,10.974946948324465,0.10663304750380179,5.0,0;22.5;45;67.5;90;112.5;135;157.5;180;202.5;225;247.5;270;292.5;315;337.5
val_images_circle,circle,test005.png,4,upright,0.0,False,321,321,80892.0,0.7850467562675476,inpaint,red_gd,wavelet,15.0,fixed5p0,0.8,3.8461538461538467,1.4142135623730951,0.02,vanilla,True,0,20,0.25082539161010975,6.006285010232486,0.07349995185517419,1,0.25078009587629185,6.0070693591997575,0.0735117224683065,5.0,none
val_images_circle,circle,test005.png,4,upright,0.0,False,321,321,80892.0,0.7850467562675476,inpaint,red_gd,wavelet,15.0,fixed5p0,0.8,3.8461538461538467,1.4142135623730951,0.02,vanilla,True,0,20,0.25082539161010975,6.006285010232486,0.07349995185517419,2,0.25073482428732136,6.007853431638673,0.07353289749952097,5.0,none
val_images_circle,circle,test005.png,4,upright,0.0,False,321,321,80892.0,0.7850467562675476,inpaint,red_gd,wavelet,15.0,fixed5p0,0.8,3.8461538461538467,1.4142135623730951,0.02,vanilla,True,0,20,0.25082539161010975,6.006285010232486,0.07349995185517419,3,0.2506895768431983,6.008637227373859,0.07354539245807681,5.0,none
val_images_circle,circle,test005.png,4,upright,0.0,False,321,321,80892.0,0.7850467562675476,inpaint,red_gd,wavelet,15.0,fixed5p0,0.8,3.8461538461538467,1.4142135623730951,0.02,vanilla,True,0,20,0.25082539161010975,6.006285010232486,0.07349995185517419,4,0.2506443293990753,6.009421164590613,0.07356590350598638,5.0,none
val_images_circle,circle,test005.png,4,upright,0.0,False,321,321,80892.0,0.7850467562675476,inpaint,red_gd,wavelet,15.0,fixed5p0,0.8,3.8461538461538467,1.4142135623730951,0.02,vanilla,True,0,20,0.25082539161010975,6.006285010232486,0.07349995185517419,5,0.2505990336652574,6.010206080212605,0.07357902019436409,5.0,none
val_images_circle,circle,test005.png,4,upright,0.0,False,321,321,80892.0,0.7850467562675476,inpaint,red_gd,wavelet,15.0,fixed5p0,0.8,3.8461538461538467,1.4142135623730951,0.02,vanilla,True,0,20,0.25082539161010975,6.006285010232486,0.07349995185517419,6,0.2505538103659818,6.010989882185039,0.07359896383835855,5.0,none
val_images_circle,circle,test005.png,4,upright,0.0,False,321,321,80892.0,0.7850467562675476,inpaint,red_gd,wavelet,15.0,fixed5p0,0.8,3.8461538461538467,1.4142135623730951,0.02,vanilla,True,0,20,0.25082539161010975,6.006285010232486,0.07349995185517419,7,0.2505085146321639,6.011775081403701,0.07361261774959205,5.0,none
val_images_circle,circle,test005.png,4,upright,0.0,False,321,321,80892.0,0.7850467562675476,inpaint,red_gd,wavelet,15.0,fixed5p0,0.8,3.8461538461538467,1.4142135623730951,0.02,vanilla,True,0,20,0.25082539161010975,6.006285010232486,0.07349995185517419,8,0.2504632913328883,6.012559166621605,0.07363208453284935,5.0,none
val_images_circle,circle,test005.png,4,upright,0.0,False,321,321,80892.0,0.7850467562675476,inpaint,red_gd,wavelet,15.0,fixed5p0,0.8,3.8461538461538467,1.4142135623730951,0.02,vanilla,True,0,20,0.25082539161010975,6.006285010232486,0.07349995185517419,9,0.2504180197439178,6.013344230903127,0.0736461851237607,5.0,none
val_images_circle,circle,test005.png,4,upright,0.0,False,321,321,80892.0,0.7850467562675476,inpaint,red_gd,wavelet,15.0,fixed5p0,0.8,3.8461538461538467,1.4142135623730951,0.02,vanilla,True,0,20,0.25082539161010975,6.006285010232486,0.07349995185517419,10,0.2503728205894897,6.014128180681244,0.07366524144461134,5.0,none
val_images_circle,circle,test005.png,4,upright,0.0,False,321,321,80892.0,0.7850467562675476,inpaint,red_gd,wavelet,15.0,fixed5p0,0.8,3.8461538461538467,1.4142135623730951,0.02,vanilla,True,0,20,0.25082539161010975,6.006285010232486,0.07349995185517419,11,0.25032754900051923,6.014913528666769,0.07367973438929375,5.0,none
val_images_circle,circle,test005.png,4,upright,0.0,False,321,321,80892.0,0.7850467562675476,inpaint,red_gd,wavelet,15.0,fixed5p0,0.8,3.8461538461538467,1.4142135623730951,0.02,vanilla,True,0,20,0.25082539161010975,6.006285010232486,0.07349995185517419,12,0.2502823015563962,6.015698599728974,0.07369844664606821,5.0,none
val_images_circle,circle,test005.png,4,upright,0.0,False,321,321,80892.0,0.7850467562675476,inpaint,red_gd,wavelet,15.0,fixed5p0,0.8,3.8461538461538467,1.4142135623730951,0.02,vanilla,True,0,20,0.25082539161010975,6.006285010232486,0.07349995185517419,13,0.2502370782571206,6.016483393691983,0.07371325347376749,5.0,none
val_images_circle,circle,test005.png,4,upright,0.0,False,321,321,80892.0,0.7850467562675476,inpaint,red_gd,wavelet,15.0,fixed5p0,0.8,3.8461538461538467,1.4142135623730951,0.02,vanilla,True,0,20,0.25082539161010975,6.006285010232486,0.07349995185517419,14,0.250191854957845,6.017268329497197,0.07373168806479627,5.0,none
val_images_circle,circle,test005.png,4,upright,0.0,False,321,321,80892.0,0.7850467562675476,inpaint,red_gd,wavelet,15.0,fixed5p0,0.8,3.8461538461538467,1.4142135623730951,0.02,vanilla,True,0,20,0.25082539161010975,6.006285010232486,0.07349995185517419,15,0.250146607513722,6.018053826389016,0.07374679066687682,5.0,none
val_images_circle,circle,test005.png,4,upright,0.0,False,321,321,80892.0,0.7850467562675476,inpaint,red_gd,wavelet,15.0,fixed5p0,0.8,3.8461538461538467,1.4142135623730951,0.02,vanilla,True,0,20,0.25082539161010975,6.006285010232486,0.07349995185517419,16,0.2501014083592939,6.018838626839407,0.07376497173700737,5.0,none
val_images_circle,circle,test005.png,4,upright,0.0,False,321,321,80892.0,0.7850467562675476,inpaint,red_gd,wavelet,15.0,fixed5p0,0.8,3.8461538461538467,1.4142135623730951,0.02,vanilla,True,0,20,0.25082539161010975,6.006285010232486,0.07349995185517419,17,0.25005616091517086,6.0196244078237875,0.0737803218237743,5.0,none
val_images_circle,circle,test005.png,4,upright,0.0,False,321,321,80892.0,0.7850467562675476,inpaint,red_gd,wavelet,15.0,fixed5p0,0.8,3.8461538461538467,1.4142135623730951,0.02,vanilla,True,0,20,0.25082539161010975,6.006285010232486,0.07349995185517419,18,0.2500109617607427,6.020409492166195,0.0737982976627015,5.0,none
val_images_circle,circle,test005.png,4,upright,0.0,False,321,321,80892.0,0.7850467562675476,inpaint,red_gd,wavelet,15.0,fixed5p0,0.8,3.8461538461538467,1.4142135623730951,0.02,vanilla,True,0,20,0.25082539161010975,6.006285010232486,0.07349995185517419,19,0.24996573846146714,6.021195137952235,0.0738138469444599,5.0,none
val_images_circle,circle,test005.png,4,upright,0.0,False,321,321,80892.0,0.7850467562675476,inpaint,red_gd,wavelet,15.0,fixed5p0,0.8,3.8461538461538467,1.4142135623730951,0.02,vanilla,True,0,20,0.25082539161010975,6.006285010232486,0.07349995185517419,20,0.249920539307039,6.021980506316255,0.07383164169703123,5.0,none
val_images_circle,circle,test005.png,4,upright,0.0,False,321,321,80892.0,0.7850467562675476,inpaint,red_gd,wavelet,15.0,fixed5p0,0.8,3.8461538461538467,1.4142135623730951,0.02,G16_fixed,True,16,20,0.25082539161010975,6.006285010232486,0.07349995185517419,1,0.25067521065896503,6.008886114200208,0.0735526178036765,5.0,0;22.5;45;67.5;90;112.5;135;157.5;180;202.5;225;247.5;270;292.5;315;337.5
val_images_circle,circle,test005.png,4,upright,0.0,False,321,321,80892.0,0.7850467562675476,inpaint,red_gd,wavelet,15.0,fixed5p0,0.8,3.8461538461538467,1.4142135623730951,0.02,G16_fixed,True,16,20,0.25082539161010975,6.006285010232486,0.07349995185517419,2,0.25052519872175244,6.0114858470526595,0.0736194929949037,5.0,0;22.5;45;67.5;90;112.5;135;157.5;180;202.5;225;247.5;270;292.5;315;337.5
val_images_circle,circle,test005.png,4,upright,0.0,False,321,321,80892.0,0.7850467562675476,inpaint,red_gd,wavelet,15.0,fixed5p0,0.8,3.8461538461538467,1.4142135623730951,0.02,G16_fixed,True,16,20,0.25082539161010975,6.006285010232486,0.07349995185517419,3,0.25037535579847203,6.014084205392929,0.07367322735290573,5.0,0;22.5;45;67.5;90;112.5;135;157.5;180;202.5;225;247.5;270;292.5;315;337.5
val_images_circle,circle,test005.png,4,upright,0.0,False,321,321,80892.0,0.7850467562675476,inpaint,red_gd,wavelet,15.0,fixed5p0,0.8,3.8461538461538467,1.4142135623730951,0.02,G16_fixed,True,16,20,0.25082539161010975,6.006285010232486,0.07349995185517419,4,0.25022563359942884,6.0166820239421845,0.07373902206220949,5.0,0;22.5;45;67.5;90;112.5;135;157.5;180;202.5;225;247.5;270;292.5;315;337.5
val_images_circle,circle,test005.png,4,upright,0.0,False,321,321,80892.0,0.7850467562675476,inpaint,red_gd,wavelet,15.0,fixed5p0,0.8,3.8461538461538467,1.4142135623730951,0.02,G16_fixed,True,16,20,0.25082539161010975,6.006285010232486,0.07349995185517419,5,0.2500761045591653,6.0192780428664205,0.07379366788820278,5.0,0;22.5;45;67.5;90;112.5;135;157.5;180;202.5;225;247.5;270;292.5;315;337.5
val_images_circle,circle,test005.png,4,upright,0.0,False,321,321,80892.0,0.7850467562675476,inpaint,red_gd,wavelet,15.0,fixed5p0,0.8,3.8461538461538467,1.4142135623730951,0.02,G16_fixed,True,16,20,0.25082539161010975,6.006285010232486,0.07349995185517419,6,0.2499267445328339,6.021872677568997,0.07385853302087969,5.0,0;22.5;45;67.5;90;112.5;135;157.5;180;202.5;225;247.5;270;292.5;315;337.5
val_images_circle,circle,test005.png,4,upright,0.0,False,321,321,80892.0,0.7850467562675476,inpaint,red_gd,wavelet,15.0,fixed5p0,0.8,3.8461538461538467,1.4142135623730951,0.02,G16_fixed,True,16,20,0.25082539161010975,6.006285010232486,0.07349995185517419,7,0.2497774810858923,6.024467184077493,0.07391394544577956,5.0,0;22.5;45;67.5;90;112.5;135;157.5;180;202.5;225;247.5;270;292.5;315;337.5
val_images_circle,circle,test005.png,4,upright,0.0,False,321,321,80892.0,0.7850467562675476,inpaint,red_gd,wavelet,15.0,fixed5p0,0.8,3.8461538461538467,1.4142135623730951,0.02,G16_fixed,True,16,20,0.25082539161010975,6.006285010232486,0.07349995185517419,8,0.2496283625080354,6.027060721108262,0.07397803794333803,5.0,0;22.5;45;67.5;90;112.5;135;157.5;180;202.5;225;247.5;270;292.5;315;337.5
val_images_circle,circle,test005.png,4,upright,0.0,False,321,321,80892.0,0.7850467562675476,inpaint,red_gd,wavelet,15.0,fixed5p0,0.8,3.8461538461538467,1.4142135623730951,0.02,G16_fixed,True,16,20,0.25082539161010975,6.006285010232486,0.07349995185517419,9,0.2494793887992632,6.029653285997117,0.07403409624290722,5.0,0;22.5;45;67.5;90;112.5;135;157.5;180;202.5;225;247.5;270;292.5;315;337.5
val_images_circle,circle,test005.png,4,upright,0.0,False,321,321,80892.0,0.7850467562675476,inpaint,red_gd,wavelet,15.0,fixed5p0,0.8,3.8461538461538467,1.4142135623730951,0.02,G16_fixed,True,16,20,0.25082539161010975,6.006285010232486,0.07349995185517419,10,0.24933055995957573,6.032244876076795,0.07409751872094891,5.0,0;22.5;45;67.5;90;112.5;135;157.5;180;202.5;225;247.5;270;292.5;315;337.5
val_images_circle,circle,test005.png,4,upright,0.0,False,321,321,80892.0,0.7850467562675476,inpaint,red_gd,wavelet,15.0,fixed5p0,0.8,3.8461538461538467,1.4142135623730951,0.02,G16_fixed,True,16,20,0.25082539161010975,6.006285010232486,0.07349995185517419,11,0.24918192427866787,6.034834647044866,0.07415413235200947,5.0,0;22.5;45;67.5;90;112.5;135;157.5;180;202.5;225;247.5;270;292.5;315;337.5
val_images_circle,circle,test005.png,4,upright,0.0,False,321,321,80892.0,0.7850467562675476,inpaint,red_gd,wavelet,15.0,fixed5p0,0.8,3.8461538461538467,1.4142135623730951,0.02,G16_fixed,True,16,20,0.25082539161010975,6.006285010232486,0.07349995185517419,12,0.24903336103230234,6.037424700057079,0.07421698138992422,5.0,0;22.5;45;67.5;90;112.5;135;157.5;180;202.5;225;247.5;270;292.5;315;337.5
val_images_circle,circle,test005.png,4,upright,0.0,False,321,321,80892.0,0.7850467562675476,inpaint,red_gd,wavelet,15.0,fixed5p0,0.8,3.8461538461538467,1.4142135623730951,0.02,G16_fixed,True,16,20,0.25082539161010975,6.006285010232486,0.07349995185517419,13,0.24888499094471642,6.040012928105688,0.0742740598092982,5.0,0;22.5;45;67.5;90;112.5;135;157.5;180;202.5;225;247.5;270;292.5;315;337.5
val_images_circle,circle,test005.png,4,upright,0.0,False,321,321,80892.0,0.7850467562675476,inpaint,red_gd,wavelet,15.0,fixed5p0,0.8,3.8461538461538467,1.4142135623730951,0.02,G16_fixed,True,16,20,0.25082539161010975,6.006285010232486,0.07349995185517419,14,0.2487367174365203,6.042601013281361,0.07433642595026393,5.0,0;22.5;45;67.5;90;112.5;135;157.5;180;202.5;225;247.5;270;292.5;315;337.5
val_images_circle,circle,test005.png,4,upright,0.0,False,321,321,80892.0,0.7850467562675476,inpaint,red_gd,wavelet,15.0,fixed5p0,0.8,3.8461538461538467,1.4142135623730951,0.02,G16_fixed,True,16,20,0.25082539161010975,6.006285010232486,0.07349995185517419,15,0.24858856465256143,6.045188532588039,0.07439389672340899,5.0,0;22.5;45;67.5;90;112.5;135;157.5;180;202.5;225;247.5;270;292.5;315;337.5
val_images_circle,circle,test005.png,4,upright,0.0,False,321,321,80892.0,0.7850467562675476,inpaint,red_gd,wavelet,15.0,fixed5p0,0.8,3.8461538461538467,1.4142135623730951,0.02,G16_fixed,True,16,20,0.25082539161010975,6.006285010232486,0.07349995185517419,16,0.2484406050273822,6.047774217878878,0.07445586447439179,5.0,0;22.5;45;67.5;90;112.5;135;157.5;180;202.5;225;247.5;270;292.5;315;337.5
val_images_circle,circle,test005.png,4,upright,0.0,False,321,321,80892.0,0.7850467562675476,inpaint,red_gd,wavelet,15.0,fixed5p0,0.8,3.8461538461538467,1.4142135623730951,0.02,G16_fixed,True,16,20,0.25082539161010975,6.006285010232486,0.07349995185517419,17,0.24829279027128764,6.05035890960358,0.07451365516676556,5.0,0;22.5;45;67.5;90;112.5;135;157.5;180;202.5;225;247.5;270;292.5;315;337.5
val_images_circle,circle,test005.png,4,upright,0.0,False,321,321,80892.0,0.7850467562675476,inpaint,red_gd,wavelet,15.0,fixed5p0,0.8,3.8461538461538467,1.4142135623730951,0.02,G16_fixed,True,16,20,0.25082539161010975,6.006285010232486,0.07349995185517419,18,0.24814504794973544,6.052943872793248,0.07457527885367218,5.0,0;22.5;45;67.5;90;112.5;135;157.5;180;202.5;225;247.5;270;292.5;315;337.5
val_images_circle,circle,test005.png,4,upright,0.0,False,321,321,80892.0,0.7850467562675476,inpaint,red_gd,wavelet,15.0,fixed5p0,0.8,3.8461538461538467,1.4142135623730951,0.02,G16_fixed,True,16,20,0.25082539161010975,6.006285010232486,0.07349995185517419,19,0.24799745049726796,6.055527838538623,0.07463336532042723,5.0,0;22.5;45;67.5;90;112.5;135;157.5;180;202.5;225;247.5;270;292.5;315;337.5
val_images_circle,circle,test005.png,4,upright,0.0,False,321,321,80892.0,0.7850467562675476,inpaint,red_gd,wavelet,15.0,fixed5p0,0.8,3.8461538461538467,1.4142135623730951,0.02,G16_fixed,True,16,20,0.25082539161010975,6.006285010232486,0.07349995185517419,20,0.24785002205873263,6.058110381064784,0.07469468719674072,5.0,0;22.5;45;67.5;90;112.5;135;157.5;180;202.5;225;247.5;270;292.5;315;337.5
val_images_circle,circle,test005.png,4,rot45_padded,45.0,False,321,321,80883.0,0.7849593758583069,inpaint,red_gd,wavelet,15.0,fixed5p0,0.8,3.8461538461538467,1.4142135623730951,0.02,vanilla,False,0,20,0.25255616136889086,5.9764203195911545,0.07518675823604774,1,0.2525109571850698,5.977197718353564,0.0751977695115939,5.0,none
val_images_circle,circle,test005.png,4,rot45_padded,45.0,False,321,321,80883.0,0.7849593758583069,inpaint,red_gd,wavelet,15.0,fixed5p0,0.8,3.8461538461538467,1.4142135623730951,0.02,vanilla,False,0,20,0.25255616136889086,5.9764203195911545,0.07518675823604774,2,0.252465825443851,5.977974010131579,0.07521988261593908,5.0,none
val_images_circle,circle,test005.png,4,rot45_padded,45.0,False,321,321,80883.0,0.7849593758583069,inpaint,red_gd,wavelet,15.0,fixed5p0,0.8,3.8461538461538467,1.4142135623730951,0.02,vanilla,False,0,20,0.25255616136889086,5.9764203195911545,0.07518675823604774,3,0.2524206695550981,5.978750856157661,0.07523176320271256,5.0,none
val_images_circle,circle,test005.png,4,rot45_padded,45.0,False,321,321,80883.0,0.7849593758583069,inpaint,red_gd,wavelet,15.0,fixed5p0,0.8,3.8461538461538467,1.4142135623730951,0.02,vanilla,False,0,20,0.25255616136889086,5.9764203195911545,0.07518675823604774,4,0.2523755378138793,5.979527425630097,0.07525307943843268,5.0,none
val_images_circle,circle,test005.png,4,rot45_padded,45.0,False,321,321,80883.0,0.7849593758583069,inpaint,red_gd,wavelet,15.0,fixed5p0,0.8,3.8461538461538467,1.4142135623730951,0.02,vanilla,False,0,20,0.25255616136889086,5.9764203195911545,0.07518675823604774,5,0.2523303819251264,5.9803045495985785,0.07526569652499598,5.0,none
val_images_circle,circle,test005.png,4,rot45_padded,45.0,False,321,321,80883.0,0.7849593758583069,inpaint,red_gd,wavelet,15.0,fixed5p0,0.8,3.8461538461538467,1.4142135623730951,0.02,vanilla,False,0,20,0.25255616136889086,5.9764203195911545,0.07518675823604774,6,0.25228525018390763,5.981081396964179,0.07528635474041208,5.0,none
val_images_circle,circle,test005.png,4,rot45_padded,45.0,False,321,321,80883.0,0.7849593758583069,inpaint,red_gd,wavelet,15.0,fixed5p0,0.8,3.8461538461538467,1.4142135623730951,0.02,vanilla,False,0,20,0.25255616136889086,5.9764203195911545,0.07518675823604774,7,0.25224011844268884,5.981858383313772,0.07529959362597827,5.0,none
val_images_circle,circle,test005.png,4,rot45_padded,45.0,False,321,321,80883.0,0.7849593758583069,inpaint,red_gd,wavelet,15.0,fixed5p0,0.8,3.8461538461538467,1.4142135623730951,0.02,vanilla,False,0,20,0.25255616136889086,5.9764203195911545,0.07518675823604774,8,0.2521949625539359,5.98263592453174,0.07531969041122671,5.0,none
val_images_circle,circle,test005.png,4,rot45_padded,45.0,False,321,321,80883.0,0.7849593758583069,inpaint,red_gd,wavelet,15.0,fixed5p0,0.8,3.8461538461538467,1.4142135623730951,0.02,vanilla,False,0,20,0.25255616136889086,5.9764203195911545,0.07518675823604774,9,0.2521498549602512,5.983412773163912,0.07533346657942645,5.0,none
val_images_circle,circle,test005.png,4,rot45_padded,45.0,False,321,321,80883.0,0.7849593758583069,inpaint,red_gd,wavelet,15.0,fixed5p0,0.8,3.8461538461538467,1.4142135623730951,0.02,vanilla,False,0,20,0.25255616136889086,5.9764203195911545,0.07518675823604774,10,0.25210472321903243,5.984190176764018,0.07535308645087657,5.0,none
val_images_circle,circle,test005.png,4,rot45_padded,45.0,False,321,321,80883.0,0.7849593758583069,inpaint,red_gd,wavelet,15.0,fixed5p0,0.8,3.8461538461538467,1.4142135623730951,0.02,vanilla,False,0,20,0.25255616136889086,5.9764203195911545,0.07518675823604774,11,0.25205961562534773,5.98496730348926,0.07536730331157351,5.0,none
val_images_circle,circle,test005.png,4,rot45_padded,45.0,False,321,321,80883.0,0.7849593758583069,inpaint,red_gd,wavelet,15.0,fixed5p0,0.8,3.8461538461538467,1.4142135623730951,0.02,vanilla,False,0,20,0.25255616136889086,5.9764203195911545,0.07518675823604774,12,0.25201450803166303,5.985744569298477,0.07538651871182758,5.0,none
val_images_circle,circle,test005.png,4,rot45_padded,45.0,False,321,321,80883.0,0.7849593758583069,inpaint,red_gd,wavelet,15.0,fixed5p0,0.8,3.8461538461538467,1.4142135623730951,0.02,vanilla,False,0,20,0.25255616136889086,5.9764203195911545,0.07518675823604774,13,0.25196940043797833,5.986521974241463,0.07540112193306998,5.0,none
val_images_circle,circle,test005.png,4,rot45_padded,45.0,False,321,321,80883.0,0.7849593758583069,inpaint,red_gd,wavelet,15.0,fixed5p0,0.8,3.8461538461538467,1.4142135623730951,0.02,vanilla,False,0,20,0.25255616136889086,5.9764203195911545,0.07518675823604774,14,0.25192429284429363,5.98729951836804,0.07541999323096324,5.0,none
val_images_circle,circle,test005.png,4,rot45_padded,45.0,False,321,321,80883.0,0.7849593758583069,inpaint,red_gd,wavelet,15.0,fixed5p0,0.8,3.8461538461538467,1.4142135623730951,0.02,vanilla,False,0,20,0.25255616136889086,5.9764203195911545,0.07518675823604774,15,0.251879209398143,5.988076785372081,0.0754349224439159,5.0,none
val_images_circle,circle,test005.png,4,rot45_padded,45.0,False,321,321,80883.0,0.7849593758583069,inpaint,red_gd,wavelet,15.0,fixed5p0,0.8,3.8461538461538467,1.4142135623730951,0.02,vanilla,False,0,20,0.25255616136889086,5.9764203195911545,0.07518675823604774,16,0.2518341018044583,5.988854607940828,0.07545349189763301,5.0,none
val_images_circle,circle,test005.png,4,rot45_padded,45.0,False,321,321,80883.0,0.7849593758583069,inpaint,red_gd,wavelet,15.0,fixed5p0,0.8,3.8461538461538467,1.4142135623730951,0.02,vanilla,False,0,20,0.25255616136889086,5.9764203195911545,0.07518675823604774,17,0.2517889459157054,5.9896334028531,0.07546869880722773,5.0,none
val_images_circle,circle,test005.png,4,rot45_padded,45.0,False,321,321,80883.0,0.7849593758583069,inpaint,red_gd,wavelet,15.0,fixed5p0,0.8,3.8461538461538467,1.4142135623730951,0.02,vanilla,False,0,20,0.25255616136889086,5.9764203195911545,0.07518675823604774,18,0.2517438866170889,5.990410671127798,0.07548699660118628,5.0,none
val_images_circle,circle,test005.png,4,rot45_padded,45.0,False,321,321,80883.0,0.7849593758583069,inpaint,red_gd,wavelet,15.0,fixed5p0,0.8,3.8461538461538467,1.4142135623730951,0.02,vanilla,False,0,20,0.25255616136889086,5.9764203195911545,0.07518675823604774,19,0.25169877902340415,5.991188911845901,0.07550246913365602,5.0,none
val_images_circle,circle,test005.png,4,rot45_padded,45.0,False,321,321,80883.0,0.7849593758583069,inpaint,red_gd,wavelet,15.0,fixed5p0,0.8,3.8461538461538467,1.4142135623730951,0.02,vanilla,False,0,20,0.25255616136889086,5.9764203195911545,0.07518675823604774,20,0.2516536955772536,5.991966875317971,0.07552056771045831,5.0,none
val_images_circle,circle,test005.png,4,rot45_padded,45.0,False,321,321,80883.0,0.7849593758583069,inpaint,red_gd,wavelet,15.0,fixed5p0,0.8,3.8461538461538467,1.4142135623730951,0.02,G16_fixed,False,16,20,0.25255616136889086,5.9764203195911545,0.07518675823604774,1,0.2525079628908423,5.977249217630462,0.07520280427245218,5.0,0;22.5;45;67.5;90;112.5;135;157.5;180;202.5;225;247.5;270;292.5;315;337.5
val_images_circle,circle,test005.png,4,rot45_padded,45.0,False,321,321,80883.0,0.7849593758583069,inpaint,red_gd,wavelet,15.0,fixed5p0,0.8,3.8461538461538467,1.4142135623730951,0.02,G16_fixed,False,16,20,0.25255616136889086,5.9764203195911545,0.07518675823604774,2,0.2524597644127938,5.978078273904135,0.07522449479495073,5.0,0;22.5;45;67.5;90;112.5;135;157.5;180;202.5;225;247.5;270;292.5;315;337.5
val_images_circle,circle,test005.png,4,rot45_padded,45.0,False,321,321,80883.0,0.7849593758583069,inpaint,red_gd,wavelet,15.0,fixed5p0,0.8,3.8461538461538467,1.4142135623730951,0.02,G16_fixed,False,16,20,0.25255616136889086,5.9764203195911545,0.07518675823604774,3,0.25241159008227937,5.978907072994795,0.0752409935976194,5.0,0;22.5;45;67.5;90;112.5;135;157.5;180;202.5;225;247.5;270;292.5;315;337.5
val_images_circle,circle,test005.png,4,rot45_padded,45.0,False,321,321,80883.0,0.7849593758583069,inpaint,red_gd,wavelet,15.0,fixed5p0,0.8,3.8461538461538467,1.4142135623730951,0.02,G16_fixed,False,16,20,0.25255616136889086,5.9764203195911545,0.07518675823604774,4,0.2523634157517649,5.9797360302820435,0.07526229172268895,5.0,0;22.5;45;67.5;90;112.5;135;157.5;180;202.5;225;247.5;270;292.5;315;337.5
val_images_circle,circle,test005.png,4,rot45_padded,45.0,False,321,321,80883.0,0.7849593758583069,inpaint,red_gd,wavelet,15.0,fixed5p0,0.8,3.8461538461538467,1.4142135623730951,0.02,G16_fixed,False,16,20,0.25255616136889086,5.9764203195911545,0.07518675823604774,5,0.25231526556878453,5.9805647301898635,0.07527917084901957,5.0,0;22.5;45;67.5;90;112.5;135;157.5;180;202.5;225;247.5;270;292.5;315;337.5
val_images_circle,circle,test005.png,4,rot45_padded,45.0,False,321,321,80883.0,0.7849593758583069,inpaint,red_gd,wavelet,15.0,fixed5p0,0.8,3.8461538461538467,1.4142135623730951,0.02,G16_fixed,False,16,20,0.25255616136889086,5.9764203195911545,0.07518675823604774,6,0.25226709123827007,5.981394003972156,0.07530014298237887,5.0,0;22.5;45;67.5;90;112.5;135;157.5;180;202.5;225;247.5;270;292.5;315;337.5
val_images_circle,circle,test005.png,4,rot45_padded,45.0,False,321,321,80883.0,0.7849593758583069,inpaint,red_gd,wavelet,15.0,fixed5p0,0.8,3.8461538461538467,1.4142135623730951,0.02,G16_fixed,False,16,20,0.25255616136889086,5.9764203195911545,0.07518675823604774,7,0.25221894105528975,5.982223020337165,0.07531734810041975,5.0,0;22.5;45;67.5;90;112.5;135;157.5;180;202.5;225;247.5;270;292.5;315;337.5
val_images_circle,circle,test005.png,4,rot45_padded,45.0,False,321,321,80883.0,0.7849593758583069,inpaint,red_gd,wavelet,15.0,fixed5p0,0.8,3.8461538461538467,1.4142135623730951,0.02,G16_fixed,False,16,20,0.25255616136889086,5.9764203195911545,0.07518675823604774,8,0.2521707184297071,5.98305344260548,0.0753380485740205,5.0,0;22.5;45;67.5;90;112.5;135;157.5;180;202.5;225;247.5;270;292.5;315;337.5
val_images_circle,circle,test005.png,4,rot45_padded,45.0,False,321,321,80883.0,0.7849593758583069,inpaint,red_gd,wavelet,15.0,fixed5p0,0.8,3.8461538461538467,1.4142135623730951,0.02,G16_fixed,False,16,20,0.25255616136889086,5.9764203195911545,0.07518675823604774,9,0.25212256824672674,5.983882775828311,0.07535553742558695,5.0,0;22.5;45;67.5;90;112.5;135;157.5;180;202.5;225;247.5;270;292.5;315;337.5
val_images_circle,circle,test005.png,4,rot45_padded,45.0,False,321,321,80883.0,0.7849593758583069,inpaint,red_gd,wavelet,15.0,fixed5p0,0.8,3.8461538461538467,1.4142135623730951,0.02,G16_fixed,False,16,20,0.25255616136889086,5.9764203195911545,0.07518675823604774,10,0.2520744180637464,5.984712267451718,0.07537599038696327,5.0,0;22.5;45;67.5;90;112.5;135;157.5;180;202.5;225;247.5;270;292.5;315;337.5
val_images_circle,circle,test005.png,4,rot45_padded,45.0,False,321,321,80883.0,0.7849593758583069,inpaint,red_gd,wavelet,15.0,fixed5p0,0.8,3.8461538461538467,1.4142135623730951,0.02,G16_fixed,False,16,20,0.25255616136889086,5.9764203195911545,0.07518675823604774,11,0.25202626788076604,5.985541917536221,0.0753937327876377,5.0,0;22.5;45;67.5;90;112.5;135;157.5;180;202.5;225;247.5;270;292.5;315;337.5
val_images_circle,circle,test005.png,4,rot45_padded,45.0,False,321,321,80883.0,0.7849593758583069,inpaint,red_gd,wavelet,15.0,fixed5p0,0.8,3.8461538461538467,1.4142135623730951,0.02,G16_fixed,False,16,20,0.25255616136889086,5.9764203195911545,0.07518675823604774,12,0.2519780935502516,5.986372142334916,0.07541399256874126,5.0,0;22.5;45;67.5;90;112.5;135;157.5;180;202.5;225;247.5;270;292.5;315;337.5
val_images_circle,circle,test005.png,4,rot45_padded,45.0,False,321,321,80883.0,0.7849593758583069,inpaint,red_gd,wavelet,15.0,fixed5p0,0.8,3.8461538461538467,1.4142135623730951,0.02,G16_fixed,False,16,20,0.25255616136889086,5.9764203195911545,0.07518675823604774,13,0.2519299192197372,5.987202525874979,0.07543194022345548,5.0,0;22.5;45;67.5;90;112.5;135;157.5;180;202.5;225;247.5;270;292.5;315;337.5
val_images_circle,circle,test005.png,4,rot45_padded,45.0,False,321,321,80883.0,0.7849593758583069,inpaint,red_gd,wavelet,15.0,fixed5p0,0.8,3.8461538461538467,1.4142135623730951,0.02,G16_fixed,False,16,20,0.25255616136889086,5.9764203195911545,0.07518675823604774,14,0.2518817690367568,5.988032651865389,0.07545202493493688,5.0,0;22.5;45;67.5;90;112.5;135;157.5;180;202.5;225;247.5;270;292.5;315;337.5
val_images_circle,circle,test005.png,4,rot45_padded,45.0,False,321,321,80883.0,0.7849593758583069,inpaint,red_gd,wavelet,15.0,fixed5p0,0.8,3.8461538461538467,1.4142135623730951,0.02,G16_fixed,False,16,20,0.25255616136889086,5.9764203195911545,0.07518675823604774,15,0.2518336188537764,5.988862936559381,0.07547014765927328,5.0,0;22.5;45;67.5;90;112.5;135;157.5;180;202.5;225;247.5;270;292.5;315;337.5
val_images_circle,circle,test005.png,4,rot45_padded,45.0,False,321,321,80883.0,0.7849593758583069,inpaint,red_gd,wavelet,15.0,fixed5p0,0.8,3.8461538461538467,1.4142135623730951,0.02,G16_fixed,False,16,20,0.25255616136889086,5.9764203195911545,0.07518675823604774,16,0.25178542037572793,5.989694213039655,0.07549009352243363,5.0,0;22.5;45;67.5;90;112.5;135;157.5;180;202.5;225;247.5;270;292.5;315;337.5
val_images_circle,circle,test005.png,4,rot45_padded,45.0,False,321,321,80883.0,0.7849593758583069,inpaint,red_gd,wavelet,15.0,fixed5p0,0.8,3.8461538461538467,1.4142135623730951,0.02,G16_fixed,False,16,20,0.25255616136889086,5.9764203195911545,0.07518675823604774,17,0.25173729434028164,5.990524398891575,0.0755083671688581,5.0,0;22.5;45;67.5;90;112.5;135;157.5;180;202.5;225;247.5;270;292.5;315;337.5
val_images_circle,circle,test005.png,4,rot45_padded,45.0,False,321,321,80883.0,0.7849593758583069,inpaint,red_gd,wavelet,15.0,fixed5p0,0.8,3.8461538461538467,1.4142135623730951,0.02,G16_fixed,False,16,20,0.25255616136889086,5.9764203195911545,0.07518675823604774,18,0.2516891200097672,5.991355576810703,0.07552821040499857,5.0,0;22.5;45;67.5;90;112.5;135;157.5;180;202.5;225;247.5;270;292.5;315;337.5
val_images_circle,circle,test005.png,4,rot45_padded,45.0,False,321,321,80883.0,0.7849593758583069,inpaint,red_gd,wavelet,15.0,fixed5p0,0.8,3.8461538461538467,1.4142135623730951,0.02,G16_fixed,False,16,20,0.25255616136889086,5.9764203195911545,0.07518675823604774,19,0.25164096982678685,5.9921864970857674,0.07554661082597702,5.0,0;22.5;45;67.5;90;112.5;135;157.5;180;202.5;225;247.5;270;292.5;315;337.5
val_images_circle,circle,test005.png,4,rot45_padded,45.0,False,321,321,80883.0,0.7849593758583069,inpaint,red_gd,wavelet,15.0,fixed5p0,0.8,3.8461538461538467,1.4142135623730951,0.02,G16_fixed,False,16,20,0.25255616136889086,5.9764203195911545,0.07518675823604774,20,0.2515928196438065,5.9930175763682945,0.07556635143509761,5.0,0;22.5;45;67.5;90;112.5;135;157.5;180;202.5;225;247.5;270;292.5;315;337.5
val_images_circle,circle,test006.png,5,upright,0.0,False,321,321,80892.0,0.7850467562675476,inpaint,red_gd,wavelet,15.0,fixed5p0,0.8,3.8461538461538467,1.4142135623730951,0.02,vanilla,True,0,20,0.2575331682598403,5.891668292846512,0.0512743904005495,1,0.25748712403575136,5.892444835161359,0.05128615497746996,5.0,none
val_images_circle,circle,test006.png,5,upright,0.0,False,321,321,80892.0,0.7850467562675476,inpaint,red_gd,wavelet,15.0,fixed5p0,0.8,3.8461538461538467,1.4142135623730951,0.02,vanilla,True,0,20,0.2575331682598403,5.891668292846512,0.0512743904005495,2,0.25744132126013697,5.893217443198042,0.051303388362338054,5.0,none
val_images_circle,circle,test006.png,5,upright,0.0,False,321,321,80892.0,0.7850467562675476,inpaint,red_gd,wavelet,15.0,fixed5p0,0.8,3.8461538461538467,1.4142135623730951,0.02,vanilla,True,0,20,0.2575331682598403,5.891668292846512,0.0512743904005495,3,0.25739537361543785,5.893992633032057,0.05131558151030077,5.0,none
val_images_circle,circle,test006.png,5,upright,0.0,False,321,321,80892.0,0.7850467562675476,inpaint,red_gd,wavelet,15.0,fixed5p0,0.8,3.8461538461538467,1.4142135623730951,0.02,vanilla,True,0,20,0.2575331682598403,5.891668292846512,0.0512743904005495,4,0.25734952255012855,5.894766331415634,0.05133244065003338,5.0,none
val_images_circle,circle,test006.png,5,upright,0.0,False,321,321,80892.0,0.7850467562675476,inpaint,red_gd,wavelet,15.0,fixed5p0,0.8,3.8461538461538467,1.4142135623730951,0.02,vanilla,True,0,20,0.2575331682598403,5.891668292846512,0.0512743904005495,5,0.25730355076058203,5.895542205324165,0.05134499597070786,5.0,none
val_images_circle,circle,test006.png,5,upright,0.0,False,321,321,80892.0,0.7850467562675476,inpaint,red_gd,wavelet,15.0,fixed5p0,0.8,3.8461538461538467,1.4142135623730951,0.02,vanilla,True,0,20,0.2575331682598403,5.891668292846512,0.0512743904005495,6,0.25725772384012013,5.8963157722330735,0.05136153519121174,5.0,none
val_images_circle,circle,test006.png,5,upright,0.0,False,321,321,80892.0,0.7850467562675476,inpaint,red_gd,wavelet,15.0,fixed5p0,0.8,3.8461538461538467,1.4142135623730951,0.02,vanilla,True,0,20,0.2575331682598403,5.891668292846512,0.0512743904005495,7,0.2572118003402685,5.8970911076685395,0.05137440439490308,5.0,none
val_images_circle,circle,test006.png,5,upright,0.0,False,321,321,80892.0,0.7850467562675476,inpaint,red_gd,wavelet,15.0,fixed5p0,0.8,3.8461538461538467,1.4142135623730951,0.02,vanilla,True,0,20,0.2575331682598403,5.891668292846512,0.0512743904005495,8,0.2571659734198067,5.897864950542284,0.05139065991344941,5.0,none
val_images_circle,circle,test006.png,5,upright,0.0,False,321,321,80892.0,0.7850467562675476,inpaint,red_gd,wavelet,15.0,fixed5p0,0.8,3.8461538461538467,1.4142135623730951,0.02,vanilla,True,0,20,0.2575331682598403,5.891668292846512,0.0512743904005495,9,0.2571200982096499,5.898639746974821,0.05140379471046272,5.0,none
val_images_circle,circle,test006.png,5,upright,0.0,False,321,321,80892.0,0.7850467562675476,inpaint,red_gd,wavelet,15.0,fixed5p0,0.8,3.8461538461538467,1.4142135623730951,0.02,vanilla,True,0,20,0.2575331682598403,5.891668292846512,0.0512743904005495,10,0.2570742229994932,5.899414681658395,0.051419820852958265,5.0,none
val_images_circle,circle,test006.png,5,upright,0.0,False,321,321,80892.0,0.7850467562675476,inpaint,red_gd,wavelet,15.0,fixed5p0,0.8,3.8461538461538467,1.4142135623730951,0.02,vanilla,True,0,20,0.2575331682598403,5.891668292846512,0.0512743904005495,11,0.25702832364448897,5.900190162611926,0.05143318502602235,5.0,none
val_images_circle,circle,test006.png,5,upright,0.0,False,321,321,80892.0,0.7850467562675476,inpaint,red_gd,wavelet,15.0,fixed5p0,0.8,3.8461538461538467,1.4142135623730951,0.02,vanilla,True,0,20,0.2575331682598403,5.891668292846512,0.0512743904005495,12,0.25698247257917967,5.90096496597607,0.05144901800973829,5.0,none
val_images_circle,circle,test006.png,5,upright,0.0,False,321,321,80892.0,0.7850467562675476,inpaint,red_gd,wavelet,15.0,fixed5p0,0.8,3.8461538461538467,1.4142135623730951,0.02,vanilla,True,0,20,0.2575331682598403,5.891668292846512,0.0512743904005495,13,0.2569365973690229,5.901740315708944,0.05146257534158199,5.0,none
val_images_circle,circle,test006.png,5,upright,0.0,False,321,321,80892.0,0.7850467562675476,inpaint,red_gd,wavelet,15.0,fixed5p0,0.8,3.8461538461538467,1.4142135623730951,0.02,vanilla,True,0,20,0.2575331682598403,5.891668292846512,0.0512743904005495,14,0.2568907945934085,5.902514579326221,0.05147824534757763,5.0,none
val_images_circle,circle,test006.png,5,upright,0.0,False,321,321,80892.0,0.7850467562675476,inpaint,red_gd,wavelet,15.0,fixed5p0,0.8,3.8461538461538467,1.4142135623730951,0.02,vanilla,True,0,20,0.2575331682598403,5.891668292846512,0.0512743904005495,15,0.25684491938325177,5.903290205786993,0.05149197169335348,5.0,none
val_images_circle,circle,test006.png,5,upright,0.0,False,321,321,80892.0,0.7850467562675476,inpaint,red_gd,wavelet,15.0,fixed5p0,0.8,3.8461538461538467,1.4142135623730951,0.02,vanilla,True,0,20,0.2575331682598403,5.891668292846512,0.0512743904005495,16,0.25679909246278987,5.904065154127595,0.051507496830264426,5.0,none
val_images_circle,circle,test006.png,5,upright,0.0,False,321,321,80892.0,0.7850467562675476,inpaint,red_gd,wavelet,15.0,fixed5p0,0.8,3.8461538461538467,1.4142135623730951,0.02,vanilla,True,0,20,0.2575331682598403,5.891668292846512,0.0512743904005495,17,0.25675324139748057,5.904840649180123,0.05152136200891312,5.0,none
val_images_circle,circle,test006.png,5,upright,0.0,False,321,321,80892.0,0.7850467562675476,inpaint,red_gd,wavelet,15.0,fixed5p0,0.8,3.8461538461538467,1.4142135623730951,0.02,vanilla,True,0,20,0.2575331682598403,5.891668292846512,0.0512743904005495,18,0.2567074144770187,5.905615874253528,0.05153677849401053,5.0,none
val_images_circle,circle,test006.png,5,upright,0.0,False,321,321,80892.0,0.7850467562675476,inpaint,red_gd,wavelet,15.0,fixed5p0,0.8,3.8461538461538467,1.4142135623730951,0.02,vanilla,True,0,20,0.2575331682598403,5.891668292846512,0.0512743904005495,19,0.2566615875565569,5.906391237730997,0.051550770433108344,5.0,none
val_images_circle,circle,test006.png,5,upright,0.0,False,321,321,80892.0,0.7850467562675476,inpaint,red_gd,wavelet,15.0,fixed5p0,0.8,3.8461538461538467,1.4142135623730951,0.02,vanilla,True,0,20,0.2575331682598403,5.891668292846512,0.0512743904005495,20,0.25661576063609504,5.907166739661958,0.05156608430260409,5.0,none
val_images_circle,circle,test006.png,5,upright,0.0,False,321,321,80892.0,0.7850467562675476,inpaint,red_gd,wavelet,15.0,fixed5p0,0.8,3.8461538461538467,1.4142135623730951,0.02,G16_fixed,True,16,20,0.2575331682598403,5.891668292846512,0.0512743904005495,1,0.2573820215147975,5.894217924339954,0.051317494989461254,5.0,0;22.5;45;67.5;90;112.5;135;157.5;180;202.5;225;247.5;270;292.5;315;337.5
val_images_circle,circle,test006.png,5,upright,0.0,False,321,321,80892.0,0.7850467562675476,inpaint,red_gd,wavelet,15.0,fixed5p0,0.8,3.8461538461538467,1.4142135623730951,0.02,G16_fixed,True,16,20,0.2575331682598403,5.891668292846512,0.0512743904005495,2,0.2572311403630767,5.896764569406475,0.0513700764309975,5.0,0;22.5;45;67.5;90;112.5;135;157.5;180;202.5;225;247.5;270;292.5;315;337.5
val_images_circle,circle,test006.png,5,upright,0.0,False,321,321,80892.0,0.7850467562675476,inpaint,red_gd,wavelet,15.0,fixed5p0,0.8,3.8461538461538467,1.4142135623730951,0.02,G16_fixed,True,16,20,0.2575331682598403,5.891668292846512,0.0512743904005495,3,0.25708037993559313,5.899310669232618,0.05141394158260396,5.0,0;22.5;45;67.5;90;112.5;135;157.5;180;202.5;225;247.5;270;292.5;315;337.5
val_images_circle,circle,test006.png,5,upright,0.0,False,321,321,80892.0,0.7850467562675476,inpaint,red_gd,wavelet,15.0,fixed5p0,0.8,3.8461538461538467,1.4142135623730951,0.02,G16_fixed,True,16,20,0.2575331682598403,5.891668292846512,0.0512743904005495,4,0.2569298126668892,5.901854997604497,0.05146579264250482,5.0,0;22.5;45;67.5;90;112.5;135;157.5;180;202.5;225;247.5;270;292.5;315;337.5
val_images_circle,circle,test006.png,5,upright,0.0,False,321,321,80892.0,0.7850467562675476,inpaint,red_gd,wavelet,15.0,fixed5p0,0.8,3.8461538461538467,1.4142135623730951,0.02,G16_fixed,True,16,20,0.2575331682598403,5.891668292846512,0.0512743904005495,5,0.256779341977575,5.904399183992277,0.05151029159635687,5.0,0;22.5;45;67.5;90;112.5;135;157.5;180;202.5;225;247.5;270;292.5;315;337.5
val_images_circle,circle,test006.png,5,upright,0.0,False,321,321,80892.0,0.7850467562675476,inpaint,red_gd,wavelet,15.0,fixed5p0,0.8,3.8461538461538467,1.4142135623730951,0.02,G16_fixed,True,16,20,0.2575331682598403,5.891668292846512,0.0512743904005495,6,0.2566290644470405,5.906941592854789,0.051561539035071456,5.0,0;22.5;45;67.5;90;112.5;135;157.5;180;202.5;225;247.5;270;292.5;315;337.5
val_images_circle,circle,test006.png,5,upright,0.0,False,321,321,80892.0,0.7850467562675476,inpaint,red_gd,wavelet,15.0,fixed5p0,0.8,3.8461538461538467,1.4142135623730951,0.02,G16_fixed,True,16,20,0.2575331682598403,5.891668292846512,0.0512743904005495,7,0.2564789076407432,5.9094834467258694,0.05160657521177928,5.0,0;22.5;45;67.5;90;112.5;135;157.5;180;202.5;225;247.5;270;292.5;315;337.5
val_images_circle,circle,test006.png,5,upright,0.0,False,321,321,80892.0,0.7850467562675476,inpaint,red_gd,wavelet,15.0,fixed5p0,0.8,3.8461538461538467,1.4142135623730951,0.02,G16_fixed,True,16,20,0.2575331682598403,5.891668292846512,0.0512743904005495,8,0.256328968138073,5.912023107427677,0.05165729750006181,5.0,0;22.5;45;67.5;90;112.5;135;157.5;180;202.5;225;247.5;270;292.5;315;337.5
val_images_circle,circle,test006.png,5,upright,0.0,False,321,321,80892.0,0.7850467562675476,inpaint,red_gd,wavelet,15.0,fixed5p0,0.8,3.8461538461538467,1.4142135623730951,0.02,G16_fixed,True,16,20,0.2575331682598403,5.891668292846512,0.0512743904005495,9,0.2561791010699451,5.914563026171305,0.05170278639265935,5.0,0;22.5;45;67.5;90;112.5;135;157.5;180;202.5;225;247.5;270;292.5;315;337.5
val_images_circle,circle,test006.png,5,upright,0.0,False,321,321,80892.0,0.7850467562675476,inpaint,red_gd,wavelet,15.0,fixed5p0,0.8,3.8461538461538467,1.4142135623730951,0.02,G16_fixed,True,16,20,0.2575331682598403,5.891668292846512,0.0512743904005495,10,0.25602942716059685,5.917101154733498,0.05175308010989962,5.0,0;22.5;45;67.5;90;112.5;135;157.5;180;202.5;225;247.5;270;292.5;315;337.5
val_images_circle,circle,test006.png,5,upright,0.0,False,321,321,80892.0,0.7850467562675476,inpaint,red_gd,wavelet,15.0,fixed5p0,0.8,3.8461538461538467,1.4142135623730951,0.02,G16_fixed,True,16,20,0.2575331682598403,5.891668292846512,0.0512743904005495,11,0.25587987397548584,5.919638718506941,0.05179894928384451,5.0,0;22.5;45;67.5;90;112.5;135;157.5;180;202.5;225;247.5;270;292.5;315;337.5
val_images_circle,circle,test006.png,5,upright,0.0,False,321,321,80892.0,0.7850467562675476,inpaint,red_gd,wavelet,15.0,fixed5p0,0.8,3.8461538461538467,1.4142135623730951,0.02,G16_fixed,True,16,20,0.2575331682598403,5.891668292846512,0.0512743904005495,12,0.25573048980430696,5.922174895553516,0.05184886875594929,5.0,0;22.5;45;67.5;90;112.5;135;157.5;180;202.5;225;247.5;270;292.5;315;337.5
val_images_circle,circle,test006.png,5,upright,0.0,False,321,321,80892.0,0.7850467562675476,inpaint,red_gd,wavelet,15.0,fixed5p0,0.8,3.8461538461538467,1.4142135623730951,0.02,G16_fixed,True,16,20,0.2575331682598403,5.891668292846512,0.0512743904005495,13,0.25558122635736535,5.92471050313492,0.05189506388533477,5.0,0;22.5;45;67.5;90;112.5;135;157.5;180;202.5;225;247.5;270;292.5;315;337.5
val_images_circle,circle,test006.png,5,upright,0.0,False,321,321,80892.0,0.7850467562675476,inpaint,red_gd,wavelet,15.0,fixed5p0,0.8,3.8461538461538467,1.4142135623730951,0.02,G16_fixed,True,16,20,0.2575331682598403,5.891668292846512,0.0512743904005495,14,0.25543213192435593,5.927244718349706,0.051944681546846415,5.0,0;22.5;45;67.5;90;112.5;135;157.5;180;202.5;225;247.5;270;292.5;315;337.5
val_images_circle,circle,test006.png,5,upright,0.0,False,321,321,80892.0,0.7850467562675476,inpaint,red_gd,wavelet,15.0,fixed5p0,0.8,3.8461538461538467,1.4142135623730951,0.02,G16_fixed,True,16,20,0.2575331682598403,5.891668292846512,0.0512743904005495,15,0.2552831340707363,5.929778770170234,0.051991154341977576,5.0,0;22.5;45;67.5;90;112.5;135;157.5;180;202.5;225;247.5;270;292.5;315;337.5
val_images_circle,circle,test006.png,5,upright,0.0,False,321,321,80892.0,0.7850467562675476,inpaint,red_gd,wavelet,15.0,fixed5p0,0.8,3.8461538461538467,1.4142135623730951,0.02,G16_fixed,True,16,20,0.2575331682598403,5.891668292846512,0.0512743904005495,16,0.25513432937589625,5.932311013453793,0.052040512446379125,5.0,0;22.5;45;67.5;90;112.5;135;157.5;180;202.5;225;247.5;270;292.5;315;337.5
val_images_circle,circle,test006.png,5,upright,0.0,False,321,321,80892.0,0.7850467562675476,inpaint,red_gd,wavelet,15.0,fixed5p0,0.8,3.8461538461538467,1.4142135623730951,0.02,G16_fixed,True,16,20,0.2575331682598403,5.891668292846512,0.0512743904005495,17,0.2549856454052935,5.934842677885735,0.05208721461756107,5.0,0;22.5;45;67.5;90;112.5;135;157.5;180;202.5;225;247.5;270;292.5;315;337.5
val_images_circle,circle,test006.png,5,upright,0.0,False,321,321,80892.0,0.7850467562675476,inpaint,red_gd,wavelet,15.0,fixed5p0,0.8,3.8461538461538467,1.4142135623730951,0.02,G16_fixed,True,16,20,0.2575331682598403,5.891668292846512,0.0512743904005495,18,0.25483713044862283,5.9373729386367815,0.05213636749075928,5.0,0;22.5;45;67.5;90;112.5;135;157.5;180;202.5;225;247.5;270;292.5;315;337.5
val_images_circle,circle,test006.png,5,upright,0.0,False,321,321,80892.0,0.7850467562675476,inpaint,red_gd,wavelet,15.0,fixed5p0,0.8,3.8461538461538467,1.4142135623730951,0.02,G16_fixed,True,16,20,0.2575331682598403,5.891668292846512,0.0512743904005495,19,0.2546886637816471,5.939903850977983,0.0521832688569327,5.0,0;22.5;45;67.5;90;112.5;135;157.5;180;202.5;225;247.5;270;292.5;315;337.5
val_images_circle,circle,test006.png,5,upright,0.0,False,321,321,80892.0,0.7850467562675476,inpaint,red_gd,wavelet,15.0,fixed5p0,0.8,3.8461538461538467,1.4142135623730951,0.02,G16_fixed,True,16,20,0.2575331682598403,5.891668292846512,0.0512743904005495,20,0.2545403661286036,5.942433355402665,0.05223223460756317,5.0,0;22.5;45;67.5;90;112.5;135;157.5;180;202.5;225;247.5;270;292.5;315;337.5
val_images_circle,circle,test006.png,5,rot45_padded,45.0,False,321,321,80883.0,0.7849593758583069,inpaint,red_gd,wavelet,15.0,fixed5p0,0.8,3.8461538461538467,1.4142135623730951,0.02,vanilla,False,0,20,0.25725452292972567,5.896369809342205,0.05937341350701013,1,0.2572089806804273,5.897138717048063,0.05938488358570404,5.0,none
val_images_circle,circle,test006.png,5,rot45_padded,45.0,False,321,321,80883.0,0.7849593758583069,inpaint,red_gd,wavelet,15.0,fixed5p0,0.8,3.8461538461538467,1.4142135623730951,0.02,vanilla,False,0,20,0.25725452292972567,5.896369809342205,0.05937341350701013,2,0.2571635108737312,5.897906537509576,0.05940360396150922,5.0,none
val_images_circle,circle,test006.png,5,rot45_padded,45.0,False,321,321,80883.0,0.7849593758583069,inpaint,red_gd,wavelet,15.0,fixed5p0,0.8,3.8461538461538467,1.4142135623730951,0.02,vanilla,False,0,20,0.25725452292972567,5.896369809342205,0.05937341350701013,3,0.25711794447689873,5.8986761252343705,0.059415641507254306,5.0,none
val_images_circle,circle,test006.png,5,rot45_padded,45.0,False,321,321,80883.0,0.7849593758583069,inpaint,red_gd,wavelet,15.0,fixed5p0,0.8,3.8461538461538467,1.4142135623730951,0.02,vanilla,False,0,20,0.25725452292972567,5.896369809342205,0.05937341350701013,4,0.2570724746702026,5.899444217577496,0.05943385478484354,5.0,none
val_images_circle,circle,test006.png,5,rot45_padded,45.0,False,321,321,80883.0,0.7849593758583069,inpaint,red_gd,wavelet,15.0,fixed5p0,0.8,3.8461538461538467,1.4142135623730951,0.02,vanilla,False,0,20,0.25725452292972567,5.896369809342205,0.05937341350701013,5,0.25702693242090424,5.900213669840722,0.059446375281270475,5.0,none
val_images_circle,circle,test006.png,5,rot45_padded,45.0,False,321,321,80883.0,0.7849593758583069,inpaint,red_gd,wavelet,15.0,fixed5p0,0.8,3.8461538461538467,1.4142135623730951,0.02,vanilla,False,0,20,0.25725452292972567,5.896369809342205,0.05937341350701013,6,0.25698148676174226,5.900981626096511,0.059464147866362525,5.0,none
val_images_circle,circle,test006.png,5,rot45_padded,45.0,False,321,321,80883.0,0.7849593758583069,inpaint,red_gd,wavelet,15.0,fixed5p0,0.8,3.8461538461538467,1.4142135623730951,0.02,vanilla,False,0,20,0.25725452292972567,5.896369809342205,0.05937341350701013,7,0.2569359203649098,5.901751758980978,0.05947707887086903,5.0,none
val_images_circle,circle,test006.png,5,rot45_padded,45.0,False,321,321,80883.0,0.7849593758583069,inpaint,red_gd,wavelet,15.0,fixed5p0,0.8,3.8461538461538467,1.4142135623730951,0.02,vanilla,False,0,20,0.25725452292972567,5.896369809342205,0.05937341350701013,8,0.25689047470574783,5.90251998728693,0.05949448924294969,5.0,none
val_images_circle,circle,test006.png,5,rot45_padded,45.0,False,321,321,80883.0,0.7849593758583069,inpaint,red_gd,wavelet,15.0,fixed5p0,0.8,3.8461538461538467,1.4142135623730951,0.02,vanilla,False,0,20,0.25725452292972567,5.896369809342205,0.05937341350701013,9,0.2568449807515176,5.9032891681220825,0.0595077583129335,5.0,none
val_images_circle,circle,test006.png,5,rot45_padded,45.0,False,321,321,80883.0,0.7849593758583069,inpaint,red_gd,wavelet,15.0,fixed5p0,0.8,3.8461538461538467,1.4142135623730951,0.02,vanilla,False,0,20,0.25725452292972567,5.896369809342205,0.05937341350701013,10,0.25679953509235565,5.904057668454246,0.05952486080395448,5.0,none
val_images_circle,circle,test006.png,5,rot45_padded,45.0,False,321,321,80883.0,0.7849593758583069,inpaint,red_gd,wavelet,15.0,fixed5p0,0.8,3.8461538461538467,1.4142135623730951,0.02,vanilla,False,0,20,0.25725452292972567,5.896369809342205,0.05937341350701013,11,0.25675401699059136,5.904827530152,0.05953843171811444,5.0,none
val_images_circle,circle,test006.png,5,rot45_padded,45.0,False,321,321,80883.0,0.7849593758583069,inpaint,red_gd,wavelet,15.0,fixed5p0,0.8,3.8461538461538467,1.4142135623730951,0.02,vanilla,False,0,20,0.25725452292972567,5.896369809342205,0.05937341350701013,12,0.2567085713314293,5.905596302775399,0.059555262549376875,5.0,none
val_images_circle,circle,test006.png,5,rot45_padded,45.0,False,321,321,80883.0,0.7849593758583069,inpaint,red_gd,wavelet,15.0,fixed5p0,0.8,3.8461538461538467,1.4142135623730951,0.02,vanilla,False,0,20,0.25725452292972567,5.896369809342205,0.05937341350701013,13,0.2566630773771992,5.906366028699434,0.05956907493887776,5.0,none
val_images_circle,circle,test006.png,5,rot45_padded,45.0,False,321,321,80883.0,0.7849593758583069,inpaint,red_gd,wavelet,15.0,fixed5p0,0.8,3.8461538461538467,1.4142135623730951,0.02,vanilla,False,0,20,0.25725452292972567,5.896369809342205,0.05937341350701013,14,0.25661763171803714,5.907135073734731,0.05958567636856633,5.0,none
val_images_circle,circle,test006.png,5,rot45_padded,45.0,False,321,321,80883.0,0.7849593758583069,inpaint,red_gd,wavelet,15.0,fixed5p0,0.8,3.8461538461538467,1.4142135623730951,0.02,vanilla,False,0,20,0.25725452292972567,5.896369809342205,0.05937341350701013,15,0.2565721136162729,5.907905481197252,0.05959971212275756,5.0,none
val_images_circle,circle,test006.png,5,rot45_padded,45.0,False,321,321,80883.0,0.7849593758583069,inpaint,red_gd,wavelet,15.0,fixed5p0,0.8,3.8461538461538467,1.4142135623730951,0.02,vanilla,False,0,20,0.25725452292972567,5.896369809342205,0.05937341350701013,16,0.25652669210464496,5.908674390097108,0.059616120372173384,5.0,none
val_images_circle,circle,test006.png,5,rot45_padded,45.0,False,321,321,80883.0,0.7849593758583069,inpaint,red_gd,wavelet,15.0,fixed5p0,0.8,3.8461538461538467,1.4142135623730951,0.02,vanilla,False,0,20,0.25725452292972567,5.896369809342205,0.05937341350701013,17,0.2564812222979489,5.9094442529252875,0.05963033723287032,5.0,none
val_images_circle,circle,test006.png,5,rot45_padded,45.0,False,321,321,80883.0,0.7849593758583069,inpaint,red_gd,wavelet,15.0,fixed5p0,0.8,3.8461538461538467,1.4142135623730951,0.02,vanilla,False,0,20,0.25725452292972567,5.896369809342205,0.05937341350701013,18,0.2564357766387869,5.91021384329149,0.05964658852331454,5.0,none
val_images_circle,circle,test006.png,5,rot45_padded,45.0,False,321,321,80883.0,0.7849593758583069,inpaint,red_gd,wavelet,15.0,fixed5p0,0.8,3.8461538461538467,1.4142135623730951,0.02,vanilla,False,0,20,0.25725452292972567,5.896369809342205,0.05937341350701013,19,0.2563903068320908,5.910983979087215,0.0596609683798666,5.0,none
val_images_circle,circle,test006.png,5,rot45_padded,45.0,False,321,321,80883.0,0.7849593758583069,inpaint,red_gd,wavelet,15.0,fixed5p0,0.8,3.8461538461538467,1.4142135623730951,0.02,vanilla,False,0,20,0.25725452292972567,5.896369809342205,0.05937341350701013,20,0.2563448853204629,5.911753433269926,0.05967708082198979,5.0,none
val_images_circle,circle,test006.png,5,rot45_padded,45.0,False,321,321,80883.0,0.7849593758583069,inpaint,red_gd,wavelet,15.0,fixed5p0,0.8,3.8461538461538467,1.4142135623730951,0.02,G16_fixed,False,16,20,0.25725452292972567,5.896369809342205,0.05937341350701013,1,0.2572058415009953,5.897191722064491,0.05938830649866165,5.0,0;22.5;45;67.5;90;112.5;135;157.5;180;202.5;225;247.5;270;292.5;315;337.5
val_images_circle,circle,test006.png,5,rot45_padded,45.0,False,321,321,80883.0,0.7849593758583069,inpaint,red_gd,wavelet,15.0,fixed5p0,0.8,3.8461538461538467,1.4142135623730951,0.02,G16_fixed,False,16,20,0.25725452292972567,5.896369809342205,0.05937341350701013,2,0.257157184219799,5.898013382554623,0.05940770904230493,5.0,0;22.5;45;67.5;90;112.5;135;157.5;180;202.5;225;247.5;270;292.5;315;337.5
val_images_circle,circle,test006.png,5,rot45_padded,45.0,False,321,321,80883.0,0.7849593758583069,inpaint,red_gd,wavelet,15.0,fixed5p0,0.8,3.8461538461538467,1.4142135623730951,0.02,G16_fixed,False,16,20,0.25725452292972567,5.896369809342205,0.05937341350701013,3,0.2571084786435345,5.898836014303166,0.059422964246967844,5.0,0;22.5;45;67.5;90;112.5;135;157.5;180;202.5;225;247.5;270;292.5;315;337.5
val_images_circle,circle,test006.png,5,rot45_padded,45.0,False,321,321,80883.0,0.7849593758583069,inpaint,red_gd,wavelet,15.0,fixed5p0,0.8,3.8461538461538467,1.4142135623730951,0.02,G16_fixed,False,16,20,0.25725452292972567,5.896369809342205,0.05937341350701013,4,0.25705984550987226,5.899657578007424,0.059442070983318496,5.0,0;22.5;45;67.5;90;112.5;135;157.5;180;202.5;225;247.5;270;292.5;315;337.5
val_images_circle,circle,test006.png,5,rot45_padded,45.0,False,321,321,80883.0,0.7849593758583069,inpaint,red_gd,wavelet,15.0,fixed5p0,0.8,3.8461538461538467,1.4142135623730951,0.02,G16_fixed,False,16,20,0.25725452292972567,5.896369809342205,0.05937341350701013,5,0.2570111640811419,5.9004801132423434,0.05945764010592461,5.0,0;22.5;45;67.5;90;112.5;135;157.5;180;202.5;225;247.5;270;292.5;315;337.5
val_images_circle,circle,test006.png,5,rot45_padded,45.0,False,321,321,80883.0,0.7849593758583069,inpaint,red_gd,wavelet,15.0,fixed5p0,0.8,3.8461538461538467,1.4142135623730951,0.02,G16_fixed,False,16,20,0.25725452292972567,5.896369809342205,0.05937341350701013,6,0.2569625067999456,5.901302396171928,0.059476475182516725,5.0,0;22.5;45;67.5;90;112.5;135;157.5;180;202.5;225;247.5;270;292.5;315;337.5
val_images_circle,circle,test006.png,5,rot45_padded,45.0,False,321,321,80883.0,0.7849593758583069,inpaint,red_gd,wavelet,15.0,fixed5p0,0.8,3.8461538461538467,1.4142135623730951,0.02,G16_fixed,False,16,20,0.25725452292972567,5.896369809342205,0.05937341350701013,7,0.2569138012236811,5.90212565121376,0.05949231596488137,5.0,0;22.5;45;67.5;90;112.5;135;157.5;180;202.5;225;247.5;270;292.5;315;337.5
val_images_circle,circle,test006.png,5,rot45_padded,45.0,False,321,321,80883.0,0.7849593758583069,inpaint,red_gd,wavelet,15.0,fixed5p0,0.8,3.8461538461538467,1.4142135623730951,0.02,G16_fixed,False,16,20,0.25725452292972567,5.896369809342205,0.05937341350701013,8,0.2568651680900189,5.902947837520003,0.05951092163989961,5.0,0;22.5;45;67.5;90;112.5;135;157.5;180;202.5;225;247.5;270;292.5;315;337.5
val_images_circle,circle,test006.png,5,rot45_padded,45.0,False,321,321,80883.0,0.7849593758583069,inpaint,red_gd,wavelet,15.0,fixed5p0,0.8,3.8461538461538467,1.4142135623730951,0.02,G16_fixed,False,16,20,0.25725452292972567,5.896369809342205,0.05937341350701013,9,0.25681646251375445,5.903771404562806,0.05952697975007109,5.0,0;22.5;45;67.5;90;112.5;135;157.5;180;202.5;225;247.5;270;292.5;315;337.5
val_images_circle,circle,test006.png,5,rot45_padded,45.0,False,321,321,80883.0,0.7849593758583069,inpaint,red_gd,wavelet,15.0,fixed5p0,0.8,3.8461538461538467,1.4142135623730951,0.02,G16_fixed,False,16,20,0.25725452292972567,5.896369809342205,0.05937341350701013,10,0.25676780523255816,5.9045943109529855,0.059545410355467156,5.0,0;22.5;45;67.5;90;112.5;135;157.5;180;202.5;225;247.5;270;292.5;315;337.5
val_images_circle,circle,test006.png,5,rot45_padded,45.0,False,321,321,80883.0,0.7849593758583069,inpaint,red_gd,wavelet,15.0,fixed5p0,0.8,3.8461538461538467,1.4142135623730951,0.02,G16_fixed,False,16,20,0.25725452292972567,5.896369809342205,0.05937341350701013,11,0.25671914795136186,5.905417373298006,0.059561679756561944,5.0,0;22.5;45;67.5;90;112.5;135;157.5;180;202.5;225;247.5;270;292.5;315;337.5
val_images_circle,circle,test006.png,5,rot45_padded,45.0,False,321,321,80883.0,0.7849593758583069,inpaint,red_gd,wavelet,15.0,fixed5p0,0.8,3.8461538461538467,1.4142135623730951,0.02,G16_fixed,False,16,20,0.25725452292972567,5.896369809342205,0.05937341350701013,12,0.25667049067016556,5.906240591656989,0.05957992925545232,5.0,0;22.5;45;67.5;90;112.5;135;157.5;180;202.5;225;247.5;270;292.5;315;337.5
val_images_circle,circle,test006.png,5,rot45_padded,45.0,False,321,321,80883.0,0.7849593758583069,inpaint,red_gd,wavelet,15.0,fixed5p0,0.8,3.8461538461538467,1.4142135623730951,0.02,G16_fixed,False,16,20,0.25725452292972567,5.896369809342205,0.05937341350701013,13,0.25662183338896927,5.907063966089091,0.05959636165240224,5.0,0;22.5;45;67.5;90;112.5;135;157.5;180;202.5;225;247.5;270;292.5;315;337.5
val_images_circle,circle,test006.png,5,rot45_padded,45.0,False,321,321,80883.0,0.7849593758583069,inpaint,red_gd,wavelet,15.0,fixed5p0,0.8,3.8461538461538467,1.4142135623730951,0.02,G16_fixed,False,16,20,0.25725452292972567,5.896369809342205,0.05937341350701013,14,0.2565731519602389,5.907887905392308,0.05961449645050567,5.0,0;22.5;45;67.5;90;112.5;135;157.5;180;202.5;225;247.5;270;292.5;315;337.5
val_images_circle,circle,test006.png,5,rot45_padded,45.0,False,321,321,80883.0,0.7849593758583069,inpaint,red_gd,wavelet,15.0,fixed5p0,0.8,3.8461538461538467,1.4142135623730951,0.02,G16_fixed,False,16,20,0.25725452292972567,5.896369809342205,0.05937341350701013,15,0.25652447053150845,5.90871200104216,0.05963106165889309,5.0,0;22.5;45;67.5;90;112.5;135;157.5;180;202.5;225;247.5;270;292.5;315;337.5
val_images_circle,circle,test006.png,5,rot45_padded,45.0,False,321,321,80883.0,0.7849593758583069,inpaint,red_gd,wavelet,15.0,fixed5p0,0.8,3.8461538461538467,1.4142135623730951,0.02,G16_fixed,False,16,20,0.25725452292972567,5.896369809342205,0.05937341350701013,16,0.2564758373978463,5.909535435310092,0.05964907571932607,5.0,0;22.5;45;67.5;90;112.5;135;157.5;180;202.5;225;247.5;270;292.5;315;337.5
val_images_circle,circle,test006.png,5,rot45_padded,45.0,False,321,321,80883.0,0.7849593758583069,inpaint,red_gd,wavelet,15.0,fixed5p0,0.8,3.8461538461538467,1.4142135623730951,0.02,G16_fixed,False,16,20,0.25725452292972567,5.896369809342205,0.05937341350701013,17,0.25642718011665,5.910359434704509,0.059665773739150996,5.0,0;22.5;45;67.5;90;112.5;135;157.5;180;202.5;225;247.5;270;292.5;315;337.5
val_images_circle,circle,test006.png,5,rot45_padded,45.0,False,321,321,80883.0,0.7849593758583069,inpaint,red_gd,wavelet,15.0,fixed5p0,0.8,3.8461538461538467,1.4142135623730951,0.02,G16_fixed,False,16,20,0.25725452292972567,5.896369809342205,0.05937341350701013,18,0.2563785228354537,5.91118359046837,0.059683709320098165,5.0,0;22.5;45;67.5;90;112.5;135;157.5;180;202.5;225;247.5;270;292.5;315;337.5
val_images_circle,circle,test006.png,5,rot45_padded,45.0,False,321,321,80883.0,0.7849593758583069,inpaint,red_gd,wavelet,15.0,fixed5p0,0.8,3.8461538461538467,1.4142135623730951,0.02,G16_fixed,False,16,20,0.25725452292972567,5.896369809342205,0.05937341350701013,19,0.2563298897017915,5.912007493534284,0.05970050393005947,5.0,0;22.5;45;67.5;90;112.5;135;157.5;180;202.5;225;247.5;270;292.5;315;337.5
val_images_circle,circle,test006.png,5,rot45_padded,45.0,False,321,321,80883.0,0.7849593758583069,inpaint,red_gd,wavelet,15.0,fixed5p0,0.8,3.8461538461538467,1.4142135623730951,0.02,G16_fixed,False,16,20,0.25725452292972567,5.896369809342205,0.05937341350701013,20,0.2562812082730611,5.912832371341881,0.05971835499463732,5.0,0;22.5;45;67.5;90;112.5;135;157.5;180;202.5;225;247.5;270;292.5;315;337.5
val_images_circle,circle,test007.png,6,upright,0.0,False,321,321,80892.0,0.7850467562675476,inpaint,red_gd,wavelet,15.0,fixed5p0,0.8,3.8461538461538467,1.4142135623730951,0.02,vanilla,True,0,20,0.07757444315221221,11.102813332016048,0.15416850891852718,1,0.07753343916502868,11.105109515229774,0.15425365572306285,5.0,none
val_images_circle,circle,test007.png,6,upright,0.0,False,321,321,80892.0,0.7850467562675476,inpaint,red_gd,wavelet,15.0,fixed5p0,0.8,3.8461538461538467,1.4142135623730951,0.02,vanilla,True,0,20,0.07757444315221221,11.102813332016048,0.15416850891852718,2,0.07749251968481123,11.10740217705304,0.1543624524056767,5.0,none
val_images_circle,circle,test007.png,6,upright,0.0,False,321,321,80892.0,0.7850467562675476,inpaint,red_gd,wavelet,15.0,fixed5p0,0.8,3.8461538461538467,1.4142135623730951,0.02,vanilla,True,0,20,0.07757444315221221,11.102813332016048,0.15416850891852718,3,0.07745155191489887,11.109698757572673,0.1544495428704322,5.0,none
val_images_circle,circle,test007.png,6,upright,0.0,False,321,321,80892.0,0.7850467562675476,inpaint,red_gd,wavelet,15.0,fixed5p0,0.8,3.8461538461538467,1.4142135623730951,0.02,vanilla,True,0,20,0.07757444315221221,11.102813332016048,0.15416850891852718,4,0.07741066261574074,11.111992150762193,0.15455668563099564,5.0,none
val_images_circle,circle,test007.png,6,upright,0.0,False,321,321,80892.0,0.7850467562675476,inpaint,red_gd,wavelet,15.0,fixed5p0,0.8,3.8461538461538467,1.4142135623730951,0.02,vanilla,True,0,20,0.07757444315221221,11.102813332016048,0.15416850891852718,5,0.07736971295446397,11.114290143938362,0.15464541794537778,5.0,none
val_images_circle,circle,test007.png,6,upright,0.0,False,321,321,80892.0,0.7850467562675476,inpaint,red_gd,wavelet,15.0,fixed5p0,0.8,3.8461538461538467,1.4142135623730951,0.02,vanilla,True,0,20,0.07757444315221221,11.102813332016048,0.15416850891852718,6,0.07732885383636515,11.116584268610165,0.15475122066690772,5.0,none
val_images_circle,circle,test007.png,6,upright,0.0,False,321,321,80892.0,0.7850467562675476,inpaint,red_gd,wavelet,15.0,fixed5p0,0.8,3.8461538461538467,1.4142135623730951,0.02,vanilla,True,0,20,0.07757444315221221,11.102813332016048,0.15416850891852718,7,0.0772879343561477,11.118882997627038,0.154841353382442,5.0,none
val_images_circle,circle,test007.png,6,upright,0.0,False,321,321,80892.0,0.7850467562675476,inpaint,red_gd,wavelet,15.0,fixed5p0,0.8,3.8461538461538467,1.4142135623730951,0.02,vanilla,True,0,20,0.07757444315221221,11.102813332016048,0.15416850891852718,8,0.07724708731047261,11.121178871631589,0.15494598507887059,5.0,none
val_images_circle,circle,test007.png,6,upright,0.0,False,321,321,80892.0,0.7850467562675476,inpaint,red_gd,wavelet,15.0,fixed5p0,0.8,3.8461538461538467,1.4142135623730951,0.02,vanilla,True,0,20,0.07757444315221221,11.102813332016048,0.15416850891852718,9,0.07720620404752633,11.123477997245338,0.1550373612540486,5.0,none
val_images_circle,circle,test007.png,6,upright,0.0,False,321,321,80892.0,0.7850467562675476,inpaint,red_gd,wavelet,15.0,fixed5p0,0.8,3.8461538461538467,1.4142135623730951,0.02,vanilla,True,0,20,0.07757444315221221,11.102813332016048,0.15416850891852718,10,0.07716537511048682,11.125775283127677,0.15514105130142658,5.0,none
val_images_circle,circle,test007.png,6,upright,0.0,False,321,321,80892.0,0.7850467562675476,inpaint,red_gd,wavelet,15.0,fixed5p0,0.8,3.8461538461538467,1.4142135623730951,0.02,vanilla,True,0,20,0.07757444315221221,11.102813332016048,0.15416850891852718,11,0.07712452202859986,11.128075144463494,0.15523345363262128,5.0,none
val_images_circle,circle,test007.png,6,upright,0.0,False,321,321,80892.0,0.7850467562675476,inpaint,red_gd,wavelet,15.0,fixed5p0,0.8,3.8461538461538467,1.4142135623730951,0.02,vanilla,True,0,20,0.07757444315221221,11.102813332016048,0.15416850891852718,12,0.07708371120019594,11.130373843776805,0.15533634690003337,5.0,none
val_images_circle,circle,test007.png,6,upright,0.0,False,321,321,80892.0,0.7850467562675476,inpaint,red_gd,wavelet,15.0,fixed5p0,0.8,3.8461538461538467,1.4142135623730951,0.02,vanilla,True,0,20,0.07757444315221221,11.102813332016048,0.15416850891852718,13,0.07704287622694457,11.13267512148142,0.15542965466300745,5.0,none
val_images_circle,circle,test007.png,6,upright,0.0,False,321,321,80892.0,0.7850467562675476,inpaint,red_gd,wavelet,15.0,fixed5p0,0.8,3.8461538461538467,1.4142135623730951,0.02,vanilla,True,0,20,0.07757444315221221,11.102813332016048,0.15416850891852718,14,0.07700210161581182,11.134974214808349,0.1555318960195384,5.0,none
val_images_circle,circle,test007.png,6,upright,0.0,False,321,321,80892.0,0.7850467562675476,inpaint,red_gd,wavelet,15.0,fixed5p0,0.8,3.8461538461538467,1.4142135623730951,0.02,vanilla,True,0,20,0.07757444315221221,11.102813332016048,0.15416850891852718,15,0.07696130285983163,11.137275888386661,0.15562597641763093,5.0,none
val_images_circle,circle,test007.png,6,upright,0.0,False,321,321,80892.0,0.7850467562675476,inpaint,red_gd,wavelet,15.0,fixed5p0,0.8,3.8461538461538467,1.4142135623730951,0.02,vanilla,True,0,20,0.07757444315221221,11.102813332016048,0.15416850891852718,16,0.07692053428491075,11.139577078425198,0.1557276745150942,5.0,none
val_images_circle,circle,test007.png,6,upright,0.0,False,321,321,80892.0,0.7850467562675476,inpaint,red_gd,wavelet,15.0,fixed5p0,0.8,3.8461538461538467,1.4142135623730951,0.02,vanilla,True,0,20,0.07757444315221221,11.102813332016048,0.15416850891852718,17,0.07687977778241359,11.141878806466266,0.15582243096891535,5.0,none
val_images_circle,circle,test007.png,6,upright,0.0,False,321,321,80892.0,0.7850467562675476,inpaint,red_gd,wavelet,15.0,fixed5p0,0.8,3.8461538461538467,1.4142135623730951,0.02,vanilla,True,0,20,0.07757444315221221,11.102813332016048,0.15416850891852718,18,0.0768390273161283,11.144181413885823,0.1559236823867008,5.0,none
val_images_circle,circle,test007.png,6,upright,0.0,False,321,321,80892.0,0.7850467562675476,inpaint,red_gd,wavelet,15.0,fixed5p0,0.8,3.8461538461538467,1.4142135623730951,0.02,vanilla,True,0,20,0.07757444315221221,11.102813332016048,0.15416850891852718,19,0.076798276849843,11.146485242783859,0.15601901831686074,5.0,none
val_images_circle,circle,test007.png,6,upright,0.0,False,321,321,80892.0,0.7850467562675476,inpaint,red_gd,wavelet,15.0,fixed5p0,0.8,3.8461538461538467,1.4142135623730951,0.02,vanilla,True,0,20,0.07757444315221221,11.102813332016048,0.15416850891852718,20,0.07675755656461702,11.148788586811431,0.15611991963435815,5.0,none
val_images_circle,circle,test007.png,6,upright,0.0,False,321,321,80892.0,0.7850467562675476,inpaint,red_gd,wavelet,15.0,fixed5p0,0.8,3.8461538461538467,1.4142135623730951,0.02,G16_fixed,True,16,20,0.07757444315221221,11.102813332016048,0.15416850891852718,1,0.07745372495116946,11.109576910508396,0.154452585121211,5.0,0;22.5;45;67.5;90;112.5;135;157.5;180;202.5;225;247.5;270;292.5;315;337.5
val_images_circle,circle,test007.png,6,upright,0.0,False,321,321,80892.0,0.7850467562675476,inpaint,red_gd,wavelet,15.0,fixed5p0,0.8,3.8461538461538467,1.4142135623730951,0.02,G16_fixed,True,16,20,0.07757444315221221,11.102813332016048,0.15416850891852718,2,0.07733307314845721,11.11634730997462,0.1547835023279496,5.0,0;22.5;45;67.5;90;112.5;135;157.5;180;202.5;225;247.5;270;292.5;315;337.5
val_images_circle,circle,test007.png,6,upright,0.0,False,321,321,80892.0,0.7850467562675476,inpaint,red_gd,wavelet,15.0,fixed5p0,0.8,3.8461538461538467,1.4142135623730951,0.02,G16_fixed,True,16,20,0.07757444315221221,11.102813332016048,0.15416850891852718,3,0.0772125903596771,11.123118774115923,0.1550727213831405,5.0,0;22.5;45;67.5;90;112.5;135;157.5;180;202.5;225;247.5;270;292.5;315;337.5
val_images_circle,circle,test007.png,6,upright,0.0,False,321,321,80892.0,0.7850467562675476,inpaint,red_gd,wavelet,15.0,fixed5p0,0.8,3.8461538461538467,1.4142135623730951,0.02,G16_fixed,True,16,20,0.07757444315221221,11.102813332016048,0.15416850891852718,4,0.07709216793301563,11.129897412259393,0.1554009343669646,5.0,0;22.5;45;67.5;90;112.5;135;157.5;180;202.5;225;247.5;270;292.5;315;337.5
val_images_circle,circle,test007.png,6,upright,0.0,False,321,321,80892.0,0.7850467562675476,inpaint,red_gd,wavelet,15.0,fixed5p0,0.8,3.8461538461538467,1.4142135623730951,0.02,G16_fixed,True,16,20,0.07757444315221221,11.102813332016048,0.15416850891852718,5,0.076971884339227,11.136678814006194,0.15569462021893388,5.0,0;22.5;45;67.5;90;112.5;135;157.5;180;202.5;225;247.5;270;292.5;315;337.5
val_images_circle,circle,test007.png,6,upright,0.0,False,321,321,80892.0,0.7850467562675476,inpaint,red_gd,wavelet,15.0,fixed5p0,0.8,3.8461538461538467,1.4142135623730951,0.02,G16_fixed,True,16,20,0.07757444315221221,11.102813332016048,0.15416850891852718,6,0.0768516912886163,11.143465704644184,0.15602082918041957,5.0,0;22.5;45;67.5;90;112.5;135;157.5;180;202.5;225;247.5;270;292.5;315;337.5
val_images_circle,circle,test007.png,6,upright,0.0,False,321,321,80892.0,0.7850467562675476,inpaint,red_gd,wavelet,15.0,fixed5p0,0.8,3.8461538461538467,1.4142135623730951,0.02,G16_fixed,True,16,20,0.07757444315221221,11.102813332016048,0.15416850891852718,7,0.07673162499845473,11.15025604348608,0.1563184264976759,5.0,0;22.5;45;67.5;90;112.5;135;157.5;180;202.5;225;247.5;270;292.5;315;337.5
val_images_circle,circle,test007.png,6,upright,0.0,False,321,321,80892.0,0.7850467562675476,inpaint,red_gd,wavelet,15.0,fixed5p0,0.8,3.8461538461538467,1.4142135623730951,0.02,G16_fixed,True,16,20,0.07757444315221221,11.102813332016048,0.15416850891852718,8,0.07661165528768296,11.157051541002092,0.15664309018892475,5.0,0;22.5;45;67.5;90;112.5;135;157.5;180;202.5;225;247.5;270;292.5;315;337.5
val_images_circle,circle,test007.png,6,upright,0.0,False,321,321,80892.0,0.7850467562675476,inpaint,red_gd,wavelet,15.0,fixed5p0,0.8,3.8461538461538467,1.4142135623730951,0.02,G16_fixed,True,16,20,0.07757444315221221,11.102813332016048,0.15416850891852718,9,0.07649179422872472,11.163851519356573,0.1569442005814852,5.0,0;22.5;45;67.5;90;112.5;135;157.5;180;202.5;225;247.5;270;292.5;315;337.5
val_images_circle,circle,test007.png,6,upright,0.0,False,321,321,80892.0,0.7850467562675476,inpaint,red_gd,wavelet,15.0,fixed5p0,0.8,3.8461538461538467,1.4142135623730951,0.02,G16_fixed,True,16,20,0.07757444315221221,11.102813332016048,0.15416850891852718,10,0.07637204182158001,11.170655982936776,0.15726782604429362,5.0,0;22.5;45;67.5;90;112.5;135;157.5;180;202.5;225;247.5;270;292.5;315;337.5
val_images_circle,circle,test007.png,6,upright,0.0,False,321,321,80892.0,0.7850467562675476,inpaint,red_gd,wavelet,15.0,fixed5p0,0.8,3.8461538461538467,1.4142135623730951,0.02,G16_fixed,True,16,20,0.07757444315221221,11.102813332016048,0.15416850891852718,11,0.07625239806624882,11.177464936131456,0.1575719786876329,5.0,0;22.5;45;67.5;90;112.5;135;157.5;180;202.5;225;247.5;270;292.5;315;337.5
val_images_circle,circle,test007.png,6,upright,0.0,False,321,321,80892.0,0.7850467562675476,inpaint,red_gd,wavelet,15.0,fixed5p0,0.8,3.8461538461538467,1.4142135623730951,0.02,G16_fixed,True,16,20,0.07757444315221221,11.102813332016048,0.15416850891852718,12,0.07613283278167186,11.184280104988176,0.15789496431198388,5.0,0;22.5;45;67.5;90;112.5;135;157.5;180;202.5;225;247.5;270;292.5;315;337.5
val_images_circle,circle,test007.png,6,upright,0.0,False,321,321,80892.0,0.7850467562675476,inpaint,red_gd,wavelet,15.0,fixed5p0,0.8,3.8461538461538467,1.4142135623730951,0.02,G16_fixed,True,16,20,0.07757444315221221,11.102813332016048,0.15416850891852718,13,0.0760134123661796,11.191097708416395,0.15820190568520373,5.0,0;22.5;45;67.5;90;112.5;135;157.5;180;202.5;225;247.5;270;292.5;315;337.5
val_images_circle,circle,test007.png,6,upright,0.0,False,321,321,80892.0,0.7850467562675476,inpaint,red_gd,wavelet,15.0,fixed5p0,0.8,3.8461538461538467,1.4142135623730951,0.02,G16_fixed,True,16,20,0.07757444315221221,11.102813332016048,0.15416850891852718,14,0.07589405231280597,11.197922576873962,0.15852449291957177,5.0,0;22.5;45;67.5;90;112.5;135;157.5;180;202.5;225;247.5;270;292.5;315;337.5
val_images_circle,circle,test007.png,6,upright,0.0,False,321,321,80892.0,0.7850467562675476,inpaint,red_gd,wavelet,15.0,fixed5p0,0.8,3.8461538461538467,1.4142135623730951,0.02,G16_fixed,True,16,20,0.07757444315221221,11.102813332016048,0.15416850891852718,15,0.07577481901988145,11.204750922254101,0.15883396950177397,5.0,0;22.5;45;67.5;90;112.5;135;157.5;180;202.5;225;247.5;270;292.5;315;337.5
val_images_circle,circle,test007.png,6,upright,0.0,False,321,321,80892.0,0.7850467562675476,inpaint,red_gd,wavelet,15.0,fixed5p0,0.8,3.8461538461538467,1.4142135623730951,0.02,G16_fixed,True,16,20,0.07757444315221221,11.102813332016048,0.15416850891852718,16,0.07565568230634673,11.2115844765912,0.15915648430159968,5.0,0;22.5;45;67.5;90;112.5;135;157.5;180;202.5;225;247.5;270;292.5;315;337.5
val_images_circle,circle,test007.png,6,upright,0.0,False,321,321,80892.0,0.7850467562675476,inpaint,red_gd,wavelet,15.0,fixed5p0,0.8,3.8461538461538467,1.4142135623730951,0.02,G16_fixed,True,16,20,0.07757444315221221,11.102813332016048,0.15416850891852718,17,0.07553664820841369,11.21842290052392,0.15946826671673342,5.0,0;22.5;45;67.5;90;112.5;135;157.5;180;202.5;225;247.5;270;292.5;315;337.5
val_images_circle,circle,test007.png,6,upright,0.0,False,321,321,80892.0,0.7850467562675476,inpaint,red_gd,wavelet,15.0,fixed5p0,0.8,3.8461538461538467,1.4142135623730951,0.02,G16_fixed,True,16,20,0.07757444315221221,11.102813332016048,0.15416850891852718,18,0.07541770465365859,11.225266895307657,0.1597909143132201,5.0,0;22.5;45;67.5;90;112.5;135;157.5;180;202.5;225;247.5;270;292.5;315;337.5
val_images_circle,circle,test007.png,6,upright,0.0,False,321,321,80892.0,0.7850467562675476,inpaint,red_gd,wavelet,15.0,fixed5p0,0.8,3.8461538461538467,1.4142135623730951,0.02,G16_fixed,True,16,20,0.07757444315221221,11.102813332016048,0.15416850891852718,19,0.07529887578692887,11.232115077724465,0.16010482147492955,5.0,0;22.5;45;67.5;90;112.5;135;157.5;180;202.5;225;247.5;270;292.5;315;337.5
val_images_circle,circle,test007.png,6,upright,0.0,False,321,321,80892.0,0.7850467562675476,inpaint,red_gd,wavelet,15.0,fixed5p0,0.8,3.8461538461538467,1.4142135623730951,0.02,G16_fixed,True,16,20,0.07757444315221221,11.102813332016048,0.15416850891852718,20,0.07518012539095337,11.238969542732612,0.1604278433165517,5.0,0;22.5;45;67.5;90;112.5;135;157.5;180;202.5;225;247.5;270;292.5;315;337.5
val_images_circle,circle,test007.png,6,rot45_padded,45.0,False,321,321,80883.0,0.7849593758583069,inpaint,red_gd,wavelet,15.0,fixed5p0,0.8,3.8461538461538467,1.4142135623730951,0.02,vanilla,False,0,20,0.07731569539489139,11.117323336177007,0.15839017179908016,1,0.07727494039422685,11.1196132125616,0.15847633020072202,5.0,none
val_images_circle,circle,test007.png,6,rot45_padded,45.0,False,321,321,80883.0,0.7849593758583069,inpaint,red_gd,wavelet,15.0,fixed5p0,0.8,3.8461538461538467,1.4142135623730951,0.02,vanilla,False,0,20,0.07731569539489139,11.117323336177007,0.15839017179908016,2,0.07723428198369868,11.121898865608216,0.15858947347171223,5.0,none
val_images_circle,circle,test007.png,6,rot45_padded,45.0,False,321,321,80883.0,0.7849593758583069,inpaint,red_gd,wavelet,15.0,fixed5p0,0.8,3.8461538461538467,1.4142135623730951,0.02,vanilla,False,0,20,0.07731569539489139,11.117323336177007,0.15839017179908016,3,0.0771935450936847,11.124190137497248,0.15867786552025764,5.0,none
val_images_circle,circle,test007.png,6,rot45_padded,45.0,False,321,321,80883.0,0.7849593758583069,inpaint,red_gd,wavelet,15.0,fixed5p0,0.8,3.8461538461538467,1.4142135623730951,0.02,vanilla,False,0,20,0.07731569539489139,11.117323336177007,0.15839017179908016,4,0.07715289272004006,11.126477861426412,0.1587891373573557,5.0,none
val_images_circle,circle,test007.png,6,rot45_padded,45.0,False,321,321,80883.0,0.7849593758583069,inpaint,red_gd,wavelet,15.0,fixed5p0,0.8,3.8461538461538467,1.4142135623730951,0.02,vanilla,False,0,20,0.07731569539489139,11.117323336177007,0.15839017179908016,5,0.07711220412509427,11.128768831066662,0.15887937669225918,5.0,none
val_images_circle,circle,test007.png,6,rot45_padded,45.0,False,321,321,80883.0,0.7849593758583069,inpaint,red_gd,wavelet,15.0,fixed5p0,0.8,3.8461538461538467,1.4142135623730951,0.02,vanilla,False,0,20,0.07731569539489139,11.117323336177007,0.15839017179908016,6,0.07707156382521667,11.131058288461965,0.15898916345601052,5.0,none
val_images_circle,circle,test007.png,6,rot45_padded,45.0,False,321,321,80883.0,0.7849593758583069,inpaint,red_gd,wavelet,15.0,fixed5p0,0.8,3.8461538461538467,1.4142135623730951,0.02,vanilla,False,0,20,0.07731569539489139,11.117323336177007,0.15839017179908016,7,0.07703089334092146,11.133350655195198,0.15908105689699936,5.0,none
val_images_circle,circle,test007.png,6,rot45_padded,45.0,False,321,321,80883.0,0.7849593758583069,inpaint,red_gd,wavelet,15.0,fixed5p0,0.8,3.8461538461538467,1.4142135623730951,0.02,vanilla,False,0,20,0.07731569539489139,11.117323336177007,0.15839017179908016,8,0.07699027718857794,11.135641167750993,0.15918949139884153,5.0,none
val_images_circle,circle,test007.png,6,rot45_padded,45.0,False,321,321,80883.0,0.7849593758583069,inpaint,red_gd,wavelet,15.0,fixed5p0,0.8,3.8461538461538467,1.4142135623730951,0.02,vanilla,False,0,20,0.07731569539489139,11.117323336177007,0.15839017179908016,9,0.07694963085181682,11.137934592555501,0.15928276124927365,5.0,none
val_images_circle,circle,test007.png,6,rot45_padded,45.0,False,321,321,80883.0,0.7849593758583069,inpaint,red_gd,wavelet,15.0,fixed5p0,0.8,3.8461538461538467,1.4142135623730951,0.02,vanilla,False,0,20,0.07731569539489139,11.117323336177007,0.15839017179908016,10,0.07690903884700741,11.140226161063358,0.1593901211858487,5.0,none
val_images_circle,circle,test007.png,6,rot45_padded,45.0,False,321,321,80883.0,0.7849593758583069,inpaint,red_gd,wavelet,15.0,fixed5p0,0.8,3.8461538461538467,1.4142135623730951,0.02,vanilla,False,0,20,0.07731569539489139,11.117323336177007,0.15839017179908016,11,0.0768684226946639,11.142520303660364,0.15948457426545132,5.0,none
val_images_circle,circle,test007.png,6,rot45_padded,45.0,False,321,321,80883.0,0.7849593758583069,inpaint,red_gd,wavelet,15.0,fixed5p0,0.8,3.8461538461538467,1.4142135623730951,0.02,vanilla,False,0,20,0.07731569539489139,11.117323336177007,0.15839017179908016,12,0.076827836726738,11.144813952495927,0.15959104074326497,5.0,none
val_images_circle,circle,test007.png,6,rot45_padded,45.0,False,321,321,80883.0,0.7849593758583069,inpaint,red_gd,wavelet,15.0,fixed5p0,0.8,3.8461538461538467,1.4142135623730951,0.02,vanilla,False,0,20,0.07731569539489139,11.117323336177007,0.15839017179908016,13,0.07678725075881211,11.147108813321328,0.15968653216683357,5.0,none
val_images_circle,circle,test007.png,6,rot45_padded,45.0,False,321,321,80883.0,0.7849593758583069,inpaint,red_gd,wavelet,15.0,fixed5p0,0.8,3.8461538461538467,1.4142135623730951,0.02,vanilla,False,0,20,0.07731569539489139,11.117323336177007,0.15839017179908016,14,0.07674669497530383,11.149403179340819,0.1597922621448574,5.0,none
val_images_circle,circle,test007.png,6,rot45_padded,45.0,False,321,321,80883.0,0.7849593758583069,inpaint,red_gd,wavelet,15.0,fixed5p0,0.8,3.8461538461538467,1.4142135623730951,0.02,vanilla,False,0,20,0.07731569539489139,11.117323336177007,0.15839017179908016,15,0.07670612108114498,11.151699783496545,0.15988863495342037,5.0,none
val_images_circle,circle,test007.png,6,rot45_padded,45.0,False,321,321,80883.0,0.7849593758583069,inpaint,red_gd,wavelet,15.0,fixed5p0,0.8,3.8461538461538467,1.4142135623730951,0.02,vanilla,False,0,20,0.07731569539489139,11.117323336177007,0.15839017179908016,16,0.07666557133452023,11.153996234860506,0.15999374916932482,5.0,none
val_images_circle,circle,test007.png,6,rot45_padded,45.0,False,321,321,80883.0,0.7849593758583069,inpaint,red_gd,wavelet,15.0,fixed5p0,0.8,3.8461538461538467,1.4142135623730951,0.02,vanilla,False,0,20,0.07731569539489139,11.117323336177007,0.15839017179908016,17,0.076625027624779,11.156293559020842,0.1600909309202799,5.0,none
val_images_circle,circle,test007.png,6,rot45_padded,45.0,False,321,321,80883.0,0.7849593758583069,inpaint,red_gd,wavelet,15.0,fixed5p0,0.8,3.8461538461538467,1.4142135623730951,0.02,vanilla,False,0,20,0.07731569539489139,11.117323336177007,0.15839017179908016,18,0.07658450806257186,11.158590729703729,0.16019556218550252,5.0,none
val_images_circle,circle,test007.png,6,rot45_padded,45.0,False,321,321,80883.0,0.7849593758583069,inpaint,red_gd,wavelet,15.0,fixed5p0,0.8,3.8461538461538467,1.4142135623730951,0.02,vanilla,False,0,20,0.07731569539489139,11.117323336177007,0.15839017179908016,19,0.07654398850036473,11.160889116102265,0.16029340799364514,5.0,none
val_images_circle,circle,test007.png,6,rot45_padded,45.0,False,321,321,80883.0,0.7849593758583069,inpaint,red_gd,wavelet,15.0,fixed5p0,0.8,3.8461538461538467,1.4142135623730951,0.02,vanilla,False,0,20,0.07731569539489139,11.117323336177007,0.15839017179908016,20,0.07650348101192463,11.163188034100992,0.16039761667702113,5.0,none
val_images_circle,circle,test007.png,6,rot45_padded,45.0,False,321,321,80883.0,0.7849593758583069,inpaint,red_gd,wavelet,15.0,fixed5p0,0.8,3.8461538461538467,1.4142135623730951,0.02,G16_fixed,False,16,20,0.07731569539489139,11.117323336177007,0.15839017179908016,1,0.07727215739092269,11.119769623519238,0.1584927263763708,5.0,0;22.5;45;67.5;90;112.5;135;157.5;180;202.5;225;247.5;270;292.5;315;337.5
val_images_circle,circle,test007.png,6,rot45_padded,45.0,False,321,321,80883.0,0.7849593758583069,inpaint,red_gd,wavelet,15.0,fixed5p0,0.8,3.8461538461538467,1.4142135623730951,0.02,G16_fixed,False,16,20,0.07731569539489139,11.117323336177007,0.15839017179908016,2,0.07722864353448809,11.122215931644808,0.1586162893083219,5.0,0;22.5;45;67.5;90;112.5;135;157.5;180;202.5;225;247.5;270;292.5;315;337.5
val_images_circle,circle,test007.png,6,rot45_padded,45.0,False,321,321,80883.0,0.7849593758583069,inpaint,red_gd,wavelet,15.0,fixed5p0,0.8,3.8461538461538467,1.4142135623730951,0.02,G16_fixed,False,16,20,0.07731569539489139,11.117323336177007,0.15839017179908016,3,0.07718512364116996,11.124663958186382,0.15872075154080587,5.0,0;22.5;45;67.5;90;112.5;135;157.5;180;202.5;225;247.5;270;292.5;315;337.5
val_images_circle,circle,test007.png,6,rot45_padded,45.0,False,321,321,80883.0,0.7849593758583069,inpaint,red_gd,wavelet,15.0,fixed5p0,0.8,3.8461538461538467,1.4142135623730951,0.02,G16_fixed,False,16,20,0.07731569539489139,11.117323336177007,0.15839017179908016,4,0.07714161582161888,11.127112685674184,0.15884296221084776,5.0,0;22.5;45;67.5;90;112.5;135;157.5;180;202.5;225;247.5;270;292.5;315;337.5
val_images_circle,circle,test007.png,6,rot45_padded,45.0,False,321,321,80883.0,0.7849593758583069,inpaint,red_gd,wavelet,15.0,fixed5p0,0.8,3.8461538461538467,1.4142135623730951,0.02,G16_fixed,False,16,20,0.07731569539489139,11.117323336177007,0.15839017179908016,5,0.07709808989141723,11.129563814807334,0.1589490423281159,5.0,0;22.5;45;67.5;90;112.5;135;157.5;180;202.5;225;247.5;270;292.5;315;337.5
val_images_circle,circle,test007.png,6,rot45_padded,45.0,False,321,321,80883.0,0.7849593758583069,inpaint,red_gd,wavelet,15.0,fixed5p0,0.8,3.8461538461538467,1.4142135623730951,0.02,G16_fixed,False,16,20,0.07731569539489139,11.117323336177007,0.15839017179908016,6,0.07705458207186615,11.132015307371393,0.15907016635912366,5.0,0;22.5;45;67.5;90;112.5;135;157.5;180;202.5;225;247.5;270;292.5;315;337.5
val_images_circle,circle,test007.png,6,rot45_padded,45.0,False,321,321,80883.0,0.7849593758583069,inpaint,red_gd,wavelet,15.0,fixed5p0,0.8,3.8461538461538467,1.4142135623730951,0.02,G16_fixed,False,16,20,0.07731569539489139,11.117323336177007,0.15839017179908016,7,0.07701109236296565,11.134467163200538,0.15917764703336917,5.0,0;22.5;45;67.5;90;112.5;135;157.5;180;202.5;225;247.5;270;292.5;315;337.5
val_images_circle,circle,test007.png,6,rot45_padded,45.0,False,321,321,80883.0,0.7849593758583069,inpaint,red_gd,wavelet,15.0,fixed5p0,0.8,3.8461538461538467,1.4142135623730951,0.02,G16_fixed,False,16,20,0.07731569539489139,11.117323336177007,0.15839017179908016,8,0.07696760265406513,11.136920404033008,0.15929785345808142,5.0,0;22.5;45;67.5;90;112.5;135;157.5;180;202.5;225;247.5;270;292.5;315;337.5
val_images_circle,circle,test007.png,6,rot45_padded,45.0,False,321,321,80883.0,0.7849593758583069,inpaint,red_gd,wavelet,15.0,fixed5p0,0.8,3.8461538461538467,1.4142135623730951,0.02,G16_fixed,False,16,20,0.07731569539489139,11.117323336177007,0.15839017179908016,9,0.07692409483451405,11.139376053916978,0.15940656565656566,5.0,0;22.5;45;67.5;90;112.5;135;157.5;180;202.5;225;247.5;270;292.5;315;337.5
val_images_circle,circle,test007.png,6,rot45_padded,45.0,False,321,321,80883.0,0.7849593758583069,inpaint,red_gd,wavelet,15.0,fixed5p0,0.8,3.8461538461538467,1.4142135623730951,0.02,G16_fixed,False,16,20,0.07731569539489139,11.117323336177007,0.15839017179908016,10,0.07688062927314764,11.14183070595271,0.15952604765525513,5.0,0;22.5;45;67.5;90;112.5;135;157.5;180;202.5;225;247.5;270;292.5;315;337.5
val_images_circle,circle,test007.png,6,rot45_padded,45.0,False,321,321,80883.0,0.7849593758583069,inpaint,red_gd,wavelet,15.0,fixed5p0,0.8,3.8461538461538467,1.4142135623730951,0.02,G16_fixed,False,16,20,0.07731569539489139,11.117323336177007,0.15839017179908016,11,0.07683714560113064,11.14428776979312,0.15963584649277351,5.0,0;22.5;45;67.5;90;112.5;135;157.5;180;202.5;225;247.5;270;292.5;315;337.5
val_images_circle,circle,test007.png,6,rot45_padded,45.0,False,321,321,80883.0,0.7849593758583069,inpaint,red_gd,wavelet,15.0,fixed5p0,0.8,3.8461538461538467,1.4142135623730951,0.02,G16_fixed,False,16,20,0.07731569539489139,11.117323336177007,0.15839017179908016,12,0.07679368003976422,11.146745200309319,0.15975473687687772,5.0,0;22.5;45;67.5;90;112.5;135;157.5;180;202.5;225;247.5;270;292.5;315;337.5
val_images_circle,circle,test007.png,6,rot45_padded,45.0,False,321,321,80883.0,0.7849593758583069,inpaint,red_gd,wavelet,15.0,fixed5p0,0.8,3.8461538461538467,1.4142135623730951,0.02,G16_fixed,False,16,20,0.07731569539489139,11.117323336177007,0.15839017179908016,13,0.07675020844151428,11.149204363735574,0.15986544124692456,5.0,0;22.5;45;67.5;90;112.5;135;157.5;180;202.5;225;247.5;270;292.5;315;337.5
val_images_circle,circle,test007.png,6,rot45_padded,45.0,False,321,321,80883.0,0.7849593758583069,inpaint,red_gd,wavelet,15.0,fixed5p0,0.8,3.8461538461538467,1.4142135623730951,0.02,G16_fixed,False,16,20,0.07731569539489139,11.117323336177007,0.15839017179908016,14,0.07670674891703139,11.15166423684899,0.1599838969754151,5.0,0;22.5;45;67.5;90;112.5;135;157.5;180;202.5;225;247.5;270;292.5;315;337.5
val_images_circle,circle,test007.png,6,rot45_padded,45.0,False,321,321,80883.0,0.7849593758583069,inpaint,red_gd,wavelet,15.0,fixed5p0,0.8,3.8461538461538467,1.4142135623730951,0.02,G16_fixed,False,16,20,0.07731569539489139,11.117323336177007,0.15839017179908016,15,0.07666328939254849,11.154125504040714,0.1600954223616211,5.0,0;22.5;45;67.5;90;112.5;135;157.5;180;202.5;225;247.5;270;292.5;315;337.5
val_images_circle,circle,test007.png,6,rot45_padded,45.0,False,321,321,80883.0,0.7849593758583069,inpaint,red_gd,wavelet,15.0,fixed5p0,0.8,3.8461538461538467,1.4142135623730951,0.02,G16_fixed,False,16,20,0.07731569539489139,11.117323336177007,0.15839017179908016,16,0.07661983590494913,11.156587824710748,0.1602135038033332,5.0,0;22.5;45;67.5;90;112.5;135;157.5;180;202.5;225;247.5;270;292.5;315;337.5
val_images_circle,circle,test007.png,6,rot45_padded,45.0,False,321,321,80883.0,0.7849593758583069,inpaint,red_gd,wavelet,15.0,fixed5p0,0.8,3.8461538461538467,1.4142135623730951,0.02,G16_fixed,False,16,20,0.07731569539489139,11.117323336177007,0.15839017179908016,17,0.07657638845423327,11.159051199860297,0.16032576568932902,5.0,0;22.5;45;67.5;90;112.5;135;157.5;180;202.5;225;247.5;270;292.5;315;337.5
val_images_circle,circle,test007.png,6,rot45_padded,45.0,False,321,321,80883.0,0.7849593758583069,inpaint,red_gd,wavelet,15.0,fixed5p0,0.8,3.8461538461538467,1.4142135623730951,0.02,G16_fixed,False,16,20,0.07731569539489139,11.117323336177007,0.15839017179908016,18,0.07653294704040095,11.161515630492012,0.16044361772946725,5.0,0;22.5;45;67.5;90;112.5;135;157.5;180;202.5;225;247.5;270;292.5;315;337.5
val_images_circle,circle,test007.png,6,rot45_padded,45.0,False,321,321,80883.0,0.7849593758583069,inpaint,red_gd,wavelet,15.0,fixed5p0,0.8,3.8461538461538467,1.4142135623730951,0.02,G16_fixed,False,16,20,0.07731569539489139,11.117323336177007,0.15839017179908016,19,0.07648950562656863,11.163981460374028,0.16055651952511651,5.0,0;22.5;45;67.5;90;112.5;135;157.5;180;202.5;225;247.5;270;292.5;315;337.5
val_images_circle,circle,test007.png,6,rot45_padded,45.0,False,321,321,80883.0,0.7849593758583069,inpaint,red_gd,wavelet,15.0,fixed5p0,0.8,3.8461538461538467,1.4142135623730951,0.02,G16_fixed,False,16,20,0.07731569539489139,11.117323336177007,0.15839017179908016,20,0.07644608836027039,11.166447319261115,0.16067413008991382,5.0,0;22.5;45;67.5;90;112.5;135;157.5;180;202.5;225;247.5;270;292.5;315;337.5
val_images_circle,circle,test008.png,7,upright,0.0,False,321,321,80892.0,0.7850467562675476,inpaint,red_gd,wavelet,15.0,fixed5p0,0.8,3.8461538461538467,1.4142135623730951,0.02,vanilla,True,0,20,0.06616331661737254,11.793827327100265,0.2068111455706374,1,0.06612534884475597,11.796320238270347,0.20693539495561983,5.0,none
val_images_circle,circle,test008.png,7,upright,0.0,False,321,321,80892.0,0.7850467562675476,inpaint,red_gd,wavelet,15.0,fixed5p0,0.8,3.8461538461538467,1.4142135623730951,0.02,vanilla,True,0,20,0.06616331661737254,11.793827327100265,0.2068111455706374,2,0.06608743539804617,11.798811011192443,0.2071161674284849,5.0,none
val_images_circle,circle,test008.png,7,upright,0.0,False,321,321,80892.0,0.7850467562675476,inpaint,red_gd,wavelet,15.0,fixed5p0,0.8,3.8461538461538467,1.4142135623730951,0.02,vanilla,True,0,20,0.06616331661737254,11.793827327100265,0.2068111455706374,3,0.06604949177027704,11.801305197937902,0.20724488361024576,5.0,none
val_images_circle,circle,test008.png,7,upright,0.0,False,321,321,80892.0,0.7850467562675476,inpaint,red_gd,wavelet,15.0,fixed5p0,0.8,3.8461538461538467,1.4142135623730951,0.02,vanilla,True,0,20,0.06616331661737254,11.793827327100265,0.2068111455706374,4,0.0660116145408384,11.803796449547942,0.20742167218328142,5.0,none
val_images_circle,circle,test008.png,7,upright,0.0,False,321,321,80892.0,0.7850467562675476,inpaint,red_gd,wavelet,15.0,fixed5p0,0.8,3.8461538461538467,1.4142135623730951,0.02,vanilla,True,0,20,0.06616331661737254,11.793827327100265,0.2068111455706374,5,0.06597371316655232,11.806290720456287,0.20755422739578697,5.0,none
val_images_circle,circle,test008.png,7,upright,0.0,False,321,321,80892.0,0.7850467562675476,inpaint,red_gd,wavelet,15.0,fixed5p0,0.8,3.8461538461538467,1.4142135623730951,0.02,vanilla,True,0,20,0.06616331661737254,11.793827327100265,0.2068111455706374,6,0.06593585404574927,11.808783641637582,0.2077276356901795,5.0,none
val_images_circle,circle,test008.png,7,upright,0.0,False,321,321,80892.0,0.7850467562675476,inpaint,red_gd,wavelet,15.0,fixed5p0,0.8,3.8461538461538467,1.4142135623730951,0.02,vanilla,True,0,20,0.06616331661737254,11.793827327100265,0.2068111455706374,7,0.06589798888873437,11.811278392429049,0.20786349874678584,5.0,none
val_images_circle,circle,test008.png,7,upright,0.0,False,321,321,80892.0,0.7850467562675476,inpaint,red_gd,wavelet,15.0,fixed5p0,0.8,3.8461538461538467,1.4142135623730951,0.02,vanilla,True,0,20,0.06616331661737254,11.793827327100265,0.2068111455706374,8,0.06586015994899062,11.813772188886167,0.2080340820940266,5.0,none
val_images_circle,circle,test008.png,7,upright,0.0,False,321,321,80892.0,0.7850467562675476,inpaint,red_gd,wavelet,15.0,fixed5p0,0.8,3.8461538461538467,1.4142135623730951,0.02,vanilla,True,0,20,0.06616331661737254,11.793827327100265,0.2068111455706374,9,0.06582232497303503,11.816267816416637,0.2081727218080898,5.0,none
val_images_circle,circle,test008.png,7,upright,0.0,False,321,321,80892.0,0.7850467562675476,inpaint,red_gd,wavelet,15.0,fixed5p0,0.8,3.8461538461538467,1.4142135623730951,0.02,vanilla,True,0,20,0.06616331661737254,11.793827327100265,0.2068111455706374,10,0.06578452017813875,11.818762886372255,0.2083409389602804,5.0,none
val_images_circle,circle,test008.png,7,upright,0.0,False,321,321,80892.0,0.7850467562675476,inpaint,red_gd,wavelet,15.0,fixed5p0,0.8,3.8461538461538467,1.4142135623730951,0.02,vanilla,True,0,20,0.06616331661737254,11.793827327100265,0.2068111455706374,11,0.06574671538324248,11.821259390597277,0.20848199315908866,5.0,none
val_images_circle,circle,test008.png,7,upright,0.0,False,321,321,80892.0,0.7850467562675476,inpaint,red_gd,wavelet,15.0,fixed5p0,0.8,3.8461538461538467,1.4142135623730951,0.02,vanilla,True,0,20,0.06616331661737254,11.793827327100265,0.2068111455706374,12,0.06570894680561737,11.823754937008914,0.20864823043378827,5.0,none
val_images_circle,circle,test008.png,7,upright,0.0,False,321,321,80892.0,0.7850467562675476,inpaint,red_gd,wavelet,15.0,fixed5p0,0.8,3.8461538461538467,1.4142135623730951,0.02,vanilla,True,0,20,0.06616331661737254,11.793827327100265,0.2068111455706374,13,0.06567116011935667,11.82625311579245,0.20879138523432478,5.0,none
val_images_circle,circle,test008.png,7,upright,0.0,False,321,321,80892.0,0.7850467562675476,inpaint,red_gd,wavelet,15.0,fixed5p0,0.8,3.8461538461538467,1.4142135623730951,0.02,vanilla,True,0,20,0.06616331661737254,11.793827327100265,0.2068111455706374,14,0.06563341568657902,11.828749936520715,0.20895598065939772,5.0,none
val_images_circle,circle,test008.png,7,upright,0.0,False,321,321,80892.0,0.7850467562675476,inpaint,red_gd,wavelet,15.0,fixed5p0,0.8,3.8461538461538467,1.4142135623730951,0.02,vanilla,True,0,20,0.06616331661737254,11.793827327100265,0.2068111455706374,15,0.06559567729001323,11.831247793888231,0.20910094632349305,5.0,none
val_images_circle,circle,test008.png,7,upright,0.0,False,321,321,80892.0,0.7850467562675476,inpaint,red_gd,wavelet,15.0,fixed5p0,0.8,3.8461538461538467,1.4142135623730951,0.02,vanilla,True,0,20,0.06616331661737254,11.793827327100265,0.2068111455706374,16,0.06555795700208303,11.83374588910976,0.2092641654922613,5.0,none
val_images_circle,circle,test008.png,7,upright,0.0,False,321,321,80892.0,0.7850467562675476,inpaint,red_gd,wavelet,15.0,fixed5p0,0.8,3.8461538461538467,1.4142135623730951,0.02,vanilla,True,0,20,0.06616331661737254,11.793827327100265,0.2068111455706374,17,0.06552024878657654,11.836244621873169,0.20941070057144093,5.0,none
val_images_circle,circle,test008.png,7,upright,0.0,False,321,321,80892.0,0.7850467562675476,inpaint,red_gd,wavelet,15.0,fixed5p0,0.8,3.8461538461538467,1.4142135623730951,0.02,vanilla,True,0,20,0.06616331661737254,11.793827327100265,0.2068111455706374,18,0.06548254660728194,11.83874439278664,0.20957278493237896,5.0,none
val_images_circle,circle,test008.png,7,upright,0.0,False,321,321,80892.0,0.7850467562675476,inpaint,red_gd,wavelet,15.0,fixed5p0,0.8,3.8461538461538467,1.4142135623730951,0.02,vanilla,True,0,20,0.06616331661737254,11.793827327100265,0.2068111455706374,19,0.06544485046419918,11.841245202815468,0.20972067212301587,5.0,none
val_images_circle,circle,test008.png,7,upright,0.0,False,321,321,80892.0,0.7850467562675476,inpaint,red_gd,wavelet,15.0,fixed5p0,0.8,3.8461538461538467,1.4142135623730951,0.02,vanilla,True,0,20,0.06616331661737254,11.793827327100265,0.2068111455706374,20,0.06540720261081133,11.843744247354513,0.20988183897975077,5.0,none
val_images_circle,circle,test008.png,7,upright,0.0,False,321,321,80892.0,0.7850467562675476,inpaint,red_gd,wavelet,15.0,fixed5p0,0.8,3.8461538461538467,1.4142135623730951,0.02,G16_fixed,True,16,20,0.06616331661737254,11.793827327100265,0.2068111455706374,1,0.0660522020294034,11.801126994229922,0.20721970053435446,5.0,0;22.5;45;67.5;90;112.5;135;157.5;180;202.5;225;247.5;270;292.5;315;337.5
val_images_circle,circle,test008.png,7,upright,0.0,False,321,321,80892.0,0.7850467562675476,inpaint,red_gd,wavelet,15.0,fixed5p0,0.8,3.8461538461538467,1.4142135623730951,0.02,G16_fixed,True,16,20,0.06616331661737254,11.793827327100265,0.2068111455706374,2,0.06594107536901053,11.808439746478383,0.20776626744610097,5.0,0;22.5;45;67.5;90;112.5;135;157.5;180;202.5;225;247.5;270;292.5;315;337.5
val_images_circle,circle,test008.png,7,upright,0.0,False,321,321,80892.0,0.7850467562675476,inpaint,red_gd,wavelet,15.0,fixed5p0,0.8,3.8461538461538467,1.4142135623730951,0.02,G16_fixed,True,16,20,0.06616331661737254,11.793827327100265,0.2068111455706374,3,0.0658302022295159,11.815748107589323,0.20818800549652625,5.0,0;22.5;45;67.5;90;112.5;135;157.5;180;202.5;225;247.5;270;292.5;315;337.5
val_images_circle,circle,test008.png,7,upright,0.0,False,321,321,80892.0,0.7850467562675476,inpaint,red_gd,wavelet,15.0,fixed5p0,0.8,3.8461538461538467,1.4142135623730951,0.02,G16_fixed,True,16,20,0.06616331661737254,11.793827327100265,0.2068111455706374,4,0.06571931701759753,11.823069585819226,0.208725856118343,5.0,0;22.5;45;67.5;90;112.5;135;157.5;180;202.5;225;247.5;270;292.5;315;337.5
val_images_circle,circle,test008.png,7,upright,0.0,False,321,321,80892.0,0.7850467562675476,inpaint,red_gd,wavelet,15.0,fixed5p0,0.8,3.8461538461538467,1.4142135623730951,0.02,G16_fixed,True,16,20,0.06616331661737254,11.793827327100265,0.2068111455706374,5,0.06560866118172996,11.830388244179693,0.2091589663919176,5.0,0;22.5;45;67.5;90;112.5;135;157.5;180;202.5;225;247.5;270;292.5;315;337.5
val_images_circle,circle,test008.png,7,upright,0.0,False,321,321,80892.0,0.7850467562675476,inpaint,red_gd,wavelet,15.0,fixed5p0,0.8,3.8461538461538467,1.4142135623730951,0.02,G16_fixed,True,16,20,0.06616331661737254,11.793827327100265,0.2068111455706374,6,0.06549802345449797,11.83771805592289,0.20968979086312614,5.0,0;22.5;45;67.5;90;112.5;135;157.5;180;202.5;225;247.5;270;292.5;315;337.5
val_images_circle,circle,test008.png,7,upright,0.0,False,321,321,80892.0,0.7850467562675476,inpaint,red_gd,wavelet,15.0,fixed5p0,0.8,3.8461538461538467,1.4142135623730951,0.02,G16_fixed,True,16,20,0.06616331661737254,11.793827327100265,0.2068111455706374,7,0.06538758492225745,11.845047029233093,0.21013282466900313,5.0,0;22.5;45;67.5;90;112.5;135;157.5;180;202.5;225;247.5;270;292.5;315;337.5
val_images_circle,circle,test008.png,7,upright,0.0,False,321,321,80892.0,0.7850467562675476,inpaint,red_gd,wavelet,15.0,fixed5p0,0.8,3.8461538461538467,1.4142135623730951,0.02,G16_fixed,True,16,20,0.06616331661737254,11.793827327100265,0.2068111455706374,8,0.06527718260728811,11.852385981958749,0.21065804753560302,5.0,0;22.5;45;67.5;90;112.5;135;157.5;180;202.5;225;247.5;270;292.5;315;337.5
val_images_circle,circle,test008.png,7,upright,0.0,False,321,321,80892.0,0.7850467562675476,inpaint,red_gd,wavelet,15.0,fixed5p0,0.8,3.8461538461538467,1.4142135623730951,0.02,G16_fixed,True,16,20,0.06616331661737254,11.793827327100265,0.2068111455706374,9,0.0651669855235221,11.859723680143643,0.21110965276232507,5.0,0;22.5;45;67.5;90;112.5;135;157.5;180;202.5;225;247.5;270;292.5;315;337.5
val_images_circle,circle,test008.png,7,upright,0.0,False,321,321,80892.0,0.7850467562675476,inpaint,red_gd,wavelet,15.0,fixed5p0,0.8,3.8461538461538467,1.4142135623730951,0.02,G16_fixed,True,16,20,0.06616331661737254,11.793827327100265,0.2068111455706374,10,0.06505681258460355,11.867072185031127,0.21163050541153636,5.0,0;22.5;45;67.5;90;112.5;135;157.5;180;202.5;225;247.5;270;292.5;315;337.5
val_images_circle,circle,test008.png,7,upright,0.0,False,321,321,80892.0,0.7850467562675476,inpaint,red_gd,wavelet,15.0,fixed5p0,0.8,3.8461538461538467,1.4142135623730951,0.02,G16_fixed,True,16,20,0.06616331661737254,11.793827327100265,0.2068111455706374,11,0.06494683884067645,11.874419825041336,0.212089692120358,5.0,0;22.5;45;67.5;90;112.5;135;157.5;180;202.5;225;247.5;270;292.5;315;337.5
val_images_circle,circle,test008.png,7,upright,0.0,False,321,321,80892.0,0.7850467562675476,inpaint,red_gd,wavelet,15.0,fixed5p0,0.8,3.8461538461538467,1.4142135623730951,0.02,G16_fixed,True,16,20,0.06616331661737254,11.793827327100265,0.2068111455706374,12,0.06483690735023241,11.881777087026206,0.21260711620123127,5.0,0;22.5;45;67.5;90;112.5;135;157.5;180;202.5;225;247.5;270;292.5;315;337.5
val_images_circle,circle,test008.png,7,upright,0.0,False,321,321,80892.0,0.7850467562675476,inpaint,red_gd,wavelet,15.0,fixed5p0,0.8,3.8461538461538467,1.4142135623730951,0.02,G16_fixed,True,16,20,0.06616331661737254,11.793827327100265,0.2068111455706374,13,0.06472714487372051,11.889135493691462,0.21307301517764426,5.0,0;22.5;45;67.5;90;112.5;135;157.5;180;202.5;225;247.5;270;292.5;315;337.5
val_images_circle,circle,test008.png,7,upright,0.0,False,321,321,80892.0,0.7850467562675476,inpaint,red_gd,wavelet,15.0,fixed5p0,0.8,3.8461538461538467,1.4142135623730951,0.02,G16_fixed,True,16,20,0.06616331661737254,11.793827327100265,0.2068111455706374,14,0.06461744879553911,11.896501926491023,0.21358795233923009,5.0,0;22.5;45;67.5;90;112.5;135;157.5;180;202.5;225;247.5;270;292.5;315;337.5
val_images_circle,circle,test008.png,7,upright,0.0,False,321,321,80892.0,0.7850467562675476,inpaint,red_gd,wavelet,15.0,fixed5p0,0.8,3.8461538461538467,1.4142135623730951,0.02,G16_fixed,True,16,20,0.06616331661737254,11.793827327100265,0.2068111455706374,15,0.06450790362265428,11.903870715752866,0.214059790948116,5.0,0;22.5;45;67.5;90;112.5;135;157.5;180;202.5;225;247.5;270;292.5;315;337.5
val_images_circle,circle,test008.png,7,upright,0.0,False,321,321,80892.0,0.7850467562675476,inpaint,red_gd,wavelet,15.0,fixed5p0,0.8,3.8461538461538467,1.4142135623730951,0.02,G16_fixed,True,16,20,0.06616331661737254,11.793827327100265,0.2068111455706374,16,0.0643984308843118,11.911247144194876,0.2145729655358379,5.0,0;22.5;45;67.5;90;112.5;135;157.5;180;202.5;225;247.5;270;292.5;315;337.5
val_images_circle,circle,test008.png,7,upright,0.0,False,321,321,80892.0,0.7850467562675476,inpaint,red_gd,wavelet,15.0,fixed5p0,0.8,3.8461538461538467,1.4142135623730951,0.02,G16_fixed,True,16,20,0.06616331661737254,11.793827327100265,0.2068111455706374,17,0.06428910905126589,11.918625928541573,0.21505011601116303,5.0,0;22.5;45;67.5;90;112.5;135;157.5;180;202.5;225;247.5;270;292.5;315;337.5
val_images_circle,circle,test008.png,7,upright,0.0,False,321,321,80892.0,0.7850467562675476,inpaint,red_gd,wavelet,15.0,fixed5p0,0.8,3.8461538461538467,1.4142135623730951,0.02,G16_fixed,True,16,20,0.06616331661737254,11.793827327100265,0.2068111455706374,18,0.06417985965276232,11.926012369459917,0.21556210750135985,5.0,0;22.5;45;67.5;90;112.5;135;157.5;180;202.5;225;247.5;270;292.5;315;337.5
val_images_circle,circle,test008.png,7,upright,0.0,False,321,321,80892.0,0.7850467562675476,inpaint,red_gd,wavelet,15.0,fixed5p0,0.8,3.8461538461538467,1.4142135623730951,0.02,G16_fixed,True,16,20,0.06616331661737254,11.793827327100265,0.2068111455706374,19,0.06407075512334347,11.933401574820168,0.2160440628013277,5.0,0;22.5;45;67.5;90;112.5;135;157.5;180;202.5;225;247.5;270;292.5;315;337.5
val_images_circle,circle,test008.png,7,upright,0.0,False,321,321,80892.0,0.7850467562675476,inpaint,red_gd,wavelet,15.0,fixed5p0,0.8,3.8461538461538467,1.4142135623730951,0.02,G16_fixed,True,16,20,0.06616331661737254,11.793827327100265,0.2068111455706374,20,0.0639617169922551,11.940798865416063,0.21655545067033824,5.0,0;22.5;45;67.5;90;112.5;135;157.5;180;202.5;225;247.5;270;292.5;315;337.5
val_images_circle,circle,test008.png,7,rot45_padded,45.0,False,321,321,80883.0,0.7849593758583069,inpaint,red_gd,wavelet,15.0,fixed5p0,0.8,3.8461538461538467,1.4142135623730951,0.02,vanilla,False,0,20,0.0665270721868316,11.770015891510099,0.2080749064234759,1,0.06648910622635473,11.772495049726748,0.20819820373255196,5.0,none
val_images_circle,circle,test008.png,7,rot45_padded,45.0,False,321,321,80883.0,0.7849593758583069,inpaint,red_gd,wavelet,15.0,fixed5p0,0.8,3.8461538461538467,1.4142135623730951,0.02,vanilla,False,0,20,0.0665270721868316,11.770015891510099,0.2080749064234759,2,0.06645118856094606,11.774972467627247,0.2083814593687796,5.0,none
val_images_circle,circle,test008.png,7,rot45_padded,45.0,False,321,321,80883.0,0.7849593758583069,inpaint,red_gd,wavelet,15.0,fixed5p0,0.8,3.8461538461538467,1.4142135623730951,0.02,vanilla,False,0,20,0.0665270721868316,11.770015891510099,0.2080749064234759,3,0.06641327089553738,11.777451299568924,0.20850953788960597,5.0,none
val_images_circle,circle,test008.png,7,rot45_padded,45.0,False,321,321,80883.0,0.7849593758583069,inpaint,red_gd,wavelet,15.0,fixed5p0,0.8,3.8461538461538467,1.4142135623730951,0.02,vanilla,False,0,20,0.0665270721868316,11.770015891510099,0.2080749064234759,4,0.06637539548831337,11.779928782211268,0.20868861600243563,5.0,none
val_images_circle,circle,test008.png,7,rot45_padded,45.0,False,321,321,80883.0,0.7849593758583069,inpaint,red_gd,wavelet,15.0,fixed5p0,0.8,3.8461538461538467,1.4142135623730951,0.02,vanilla,False,0,20,0.0665270721868316,11.770015891510099,0.2080749064234759,5,0.06633748989667174,11.782409655064441,0.2088208237515918,5.0,none
val_images_circle,circle,test008.png,7,rot45_padded,45.0,False,321,321,80883.0,0.7849593758583069,inpaint,red_gd,wavelet,15.0,fixed5p0,0.8,3.8461538461538467,1.4142135623730951,0.02,vanilla,False,0,20,0.0665270721868316,11.770015891510099,0.2080749064234759,6,0.06629963863698181,11.784888386901358,0.20899630388184168,5.0,none
val_images_circle,circle,test008.png,7,rot45_padded,45.0,False,321,321,80883.0,0.7849593758583069,inpaint,red_gd,wavelet,15.0,fixed5p0,0.8,3.8461538461538467,1.4142135623730951,0.02,vanilla,False,0,20,0.0665270721868316,11.770015891510099,0.2080749064234759,7,0.06626177530352484,11.787369325621789,0.20913203717097537,5.0,none
val_images_circle,circle,test008.png,7,rot45_padded,45.0,False,321,321,80883.0,0.7849593758583069,inpaint,red_gd,wavelet,15.0,fixed5p0,0.8,3.8461538461538467,1.4142135623730951,0.02,vanilla,False,0,20,0.0665270721868316,11.770015891510099,0.2080749064234759,8,0.06622394215448549,11.789849702921726,0.20930457130206595,5.0,none
val_images_circle,circle,test008.png,7,rot45_padded,45.0,False,321,321,80883.0,0.7849593758583069,inpaint,red_gd,wavelet,15.0,fixed5p0,0.8,3.8461538461538467,1.4142135623730951,0.02,vanilla,False,0,20,0.0665270721868316,11.770015891510099,0.2080749064234759,9,0.06618610296856262,11.792331893767305,0.209443274737893,5.0,none
val_images_circle,circle,test008.png,7,rot45_padded,45.0,False,321,321,80883.0,0.7849593758583069,inpaint,red_gd,wavelet,15.0,fixed5p0,0.8,3.8461538461538467,1.4142135623730951,0.02,vanilla,False,0,20,0.0665270721868316,11.770015891510099,0.2080749064234759,10,0.06614831811459145,11.794811936962542,0.20961324923036978,5.0,none
val_images_circle,circle,test008.png,7,rot45_padded,45.0,False,321,321,80883.0,0.7849593758583069,inpaint,red_gd,wavelet,15.0,fixed5p0,0.8,3.8461538461538467,1.4142135623730951,0.02,vanilla,False,0,20,0.0665270721868316,11.770015891510099,0.2080749064234759,11,0.06611051514996971,11.797294586926501,0.20975456059987885,5.0,none
val_images_circle,circle,test008.png,7,rot45_padded,45.0,False,321,321,80883.0,0.7849593758583069,inpaint,red_gd,wavelet,15.0,fixed5p0,0.8,3.8461538461538467,1.4142135623730951,0.02,vanilla,False,0,20,0.0665270721868316,11.770015891510099,0.2080749064234759,12,0.06607274236976558,11.799776672897622,0.20992245840442367,5.0,none
val_images_circle,circle,test008.png,7,rot45_padded,45.0,False,321,321,80883.0,0.7849593758583069,inpaint,red_gd,wavelet,15.0,fixed5p0,0.8,3.8461538461538467,1.4142135623730951,0.02,vanilla,False,0,20,0.0665270721868316,11.770015891510099,0.2080749064234759,13,0.06603496355267795,11.802260575275106,0.21006599134706921,5.0,none
val_images_circle,circle,test008.png,7,rot45_padded,45.0,False,321,321,80883.0,0.7849593758583069,inpaint,red_gd,wavelet,15.0,fixed5p0,0.8,3.8461538461538467,1.4142135623730951,0.02,vanilla,False,0,20,0.0665270721868316,11.770015891510099,0.2080749064234759,14,0.06599722095689144,11.804743515565786,0.2102321263816253,5.0,none
val_images_circle,circle,test008.png,7,rot45_padded,45.0,False,321,321,80883.0,0.7849593758583069,inpaint,red_gd,wavelet,15.0,fixed5p0,0.8,3.8461538461538467,1.4142135623730951,0.02,vanilla,False,0,20,0.0665270721868316,11.770015891510099,0.2080749064234759,15,0.06595947836110493,11.807227876210526,0.21037759112699825,5.0,none
val_images_circle,circle,test008.png,7,rot45_padded,45.0,False,321,321,80883.0,0.7849593758583069,inpaint,red_gd,wavelet,15.0,fixed5p0,0.8,3.8461538461538467,1.4142135623730951,0.02,vanilla,False,0,20,0.0665270721868316,11.770015891510099,0.2080749064234759,16,0.06592175387596899,11.809712465700041,0.21054220486690653,5.0,none
val_images_circle,circle,test008.png,7,rot45_padded,45.0,False,321,321,80883.0,0.7849593758583069,inpaint,red_gd,wavelet,15.0,fixed5p0,0.8,3.8461538461538467,1.4142135623730951,0.02,vanilla,False,0,20,0.0665270721868316,11.770015891510099,0.2080749064234759,17,0.0658840414646001,11.812197681552865,0.21068926334952956,5.0,none
val_images_circle,circle,test008.png,7,rot45_padded,45.0,False,321,321,80883.0,0.7849593758583069,inpaint,red_gd,wavelet,15.0,fixed5p0,0.8,3.8461538461538467,1.4142135623730951,0.02,vanilla,False,0,20,0.0665270721868316,11.770015891510099,0.2080749064234759,18,0.0658463532007653,11.814682727696413,0.21085264556519911,5.0,none
val_images_circle,circle,test008.png,7,rot45_padded,45.0,False,321,321,80883.0,0.7849593758583069,inpaint,red_gd,wavelet,15.0,fixed5p0,0.8,3.8461538461538467,1.4142135623730951,0.02,vanilla,False,0,20,0.0665270721868316,11.770015891510099,0.2080749064234759,19,0.06580867097381403,11.8171687982099,0.2110012011949359,5.0,none
val_images_circle,circle,test008.png,7,rot45_padded,45.0,False,321,321,80883.0,0.7849593758583069,inpaint,red_gd,wavelet,15.0,fixed5p0,0.8,3.8461538461538467,1.4142135623730951,0.02,vanilla,False,0,20,0.0665270721868316,11.770015891510099,0.2080749064234759,20,0.06577100685751332,11.819655096792099,0.21116356921417356,5.0,none
val_images_circle,circle,test008.png,7,rot45_padded,45.0,False,321,321,80883.0,0.7849593758583069,inpaint,red_gd,wavelet,15.0,fixed5p0,0.8,3.8461538461538467,1.4142135623730951,0.02,G16_fixed,False,16,20,0.0665270721868316,11.770015891510099,0.2080749064234759,1,0.06648685446880061,11.7726421328349,0.20821872913653056,5.0,0;22.5;45;67.5;90;112.5;135;157.5;180;202.5;225;247.5;270;292.5;315;337.5
val_images_circle,circle,test008.png,7,rot45_padded,45.0,False,321,321,80883.0,0.7849593758583069,inpaint,red_gd,wavelet,15.0,fixed5p0,0.8,3.8461538461538467,1.4142135623730951,0.02,G16_fixed,False,16,20,0.0665270721868316,11.770015891510099,0.2080749064234759,2,0.06644669108272133,11.775266412117777,0.20841850168607742,5.0,0;22.5;45;67.5;90;112.5;135;157.5;180;202.5;225;247.5;270;292.5;315;337.5
val_images_circle,circle,test008.png,7,rot45_padded,45.0,False,321,321,80883.0,0.7849593758583069,inpaint,red_gd,wavelet,15.0,fixed5p0,0.8,3.8461538461538467,1.4142135623730951,0.02,G16_fixed,False,16,20,0.0665270721868316,11.770015891510099,0.2080749064234759,3,0.0664064854384574,11.777895041772783,0.2085670573158142,5.0,0;22.5;45;67.5;90;112.5;135;157.5;180;202.5;225;247.5;270;292.5;315;337.5
val_images_circle,circle,test008.png,7,rot45_padded,45.0,False,321,321,80883.0,0.7849593758583069,inpaint,red_gd,wavelet,15.0,fixed5p0,0.8,3.8461538461538467,1.4142135623730951,0.02,G16_fixed,False,16,20,0.0665270721868316,11.770015891510099,0.2080749064234759,4,0.06636633412614518,11.780521707978577,0.20876308699757676,5.0,0;22.5;45;67.5;90;112.5;135;157.5;180;202.5;225;247.5;270;292.5;315;337.5
val_images_circle,circle,test008.png,7,rot45_padded,45.0,False,321,321,80883.0,0.7849593758583069,inpaint,red_gd,wavelet,15.0,fixed5p0,0.8,3.8461538461538467,1.4142135623730951,0.02,G16_fixed,False,16,20,0.0665270721868316,11.770015891510099,0.2080749064234759,5,0.06632615262941532,11.78315194021922,0.20891569941304106,5.0,0;22.5;45;67.5;90;112.5;135;157.5;180;202.5;225;247.5;270;292.5;315;337.5
val_images_circle,circle,test008.png,7,rot45_padded,45.0,False,321,321,80883.0,0.7849593758583069,inpaint,red_gd,wavelet,15.0,fixed5p0,0.8,3.8461538461538467,1.4142135623730951,0.02,G16_fixed,False,16,20,0.0665270721868316,11.770015891510099,0.2080749064234759,6,0.06628601942775367,11.785780602171517,0.20910861406290568,5.0,0;22.5;45;67.5;90;112.5;135;157.5;180;202.5;225;247.5;270;292.5;315;337.5
val_images_circle,circle,test008.png,7,rot45_padded,45.0,False,321,321,80883.0,0.7849593758583069,inpaint,red_gd,wavelet,15.0,fixed5p0,0.8,3.8461538461538467,1.4142135623730951,0.02,G16_fixed,False,16,20,0.0665270721868316,11.770015891510099,0.2080749064234759,7,0.06624585000479087,11.788413230737442,0.2092647520183475,5.0,0;22.5;45;67.5;90;112.5;135;157.5;180;202.5;225;247.5;270;292.5;315;337.5
val_images_circle,circle,test008.png,7,rot45_padded,45.0,False,321,321,80883.0,0.7849593758583069,inpaint,red_gd,wavelet,15.0,fixed5p0,0.8,3.8461538461538467,1.4142135623730951,0.02,G16_fixed,False,16,20,0.0665270721868316,11.770015891510099,0.2080749064234759,8,0.06620571680312921,11.79104508009585,0.20945508288206421,5.0,0;22.5;45;67.5;90;112.5;135;157.5;180;202.5;225;247.5;270;292.5;315;337.5
val_images_circle,circle,test008.png,7,rot45_padded,45.0,False,321,321,80883.0,0.7849593758583069,inpaint,red_gd,wavelet,15.0,fixed5p0,0.8,3.8461538461538467,1.4142135623730951,0.02,G16_fixed,False,16,20,0.0665270721868316,11.770015891510099,0.2080749064234759,9,0.06616557756458404,11.793678921583242,0.20961421513173348,5.0,0;22.5;45;67.5;90;112.5;135;157.5;180;202.5;225;247.5;270;292.5;315;337.5
val_images_circle,circle,test008.png,7,rot45_padded,45.0,False,321,321,80883.0,0.7849593758583069,inpaint,red_gd,wavelet,15.0,fixed5p0,0.8,3.8461538461538467,1.4142135623730951,0.02,G16_fixed,False,16,20,0.0665270721868316,11.770015891510099,0.2080749064234759,10,0.06612546851045646,11.796312378938447,0.209802396864916,5.0,0;22.5;45;67.5;90;112.5;135;157.5;180;202.5;225;247.5;270;292.5;315;337.5
val_images_circle,circle,test008.png,7,rot45_padded,45.0,False,321,321,80883.0,0.7849593758583069,inpaint,red_gd,wavelet,15.0,fixed5p0,0.8,3.8461538461538467,1.4142135623730951,0.02,G16_fixed,False,16,20,0.0665270721868316,11.770015891510099,0.2080749064234759,11,0.0660853353087948,11.798949021036462,0.20996416119580133,5.0,0;22.5;45;67.5;90;112.5;135;157.5;180;202.5;225;247.5;270;292.5;315;337.5
val_images_circle,circle,test008.png,7,rot45_padded,45.0,False,321,321,80883.0,0.7849593758583069,inpaint,red_gd,wavelet,15.0,fixed5p0,0.8,3.8461538461538467,1.4142135623730951,0.02,G16_fixed,False,16,20,0.0665270721868316,11.770015891510099,0.2080749064234759,12,0.06604523229155077,11.801585279995741,0.2101505801589951,5.0,0;22.5;45;67.5;90;112.5;135;157.5;180;202.5;225;247.5;270;292.5;315;337.5
val_images_circle,circle,test008.png,7,rot45_padded,45.0,False,321,321,80883.0,0.7849593758583069,inpaint,red_gd,wavelet,15.0,fixed5p0,0.8,3.8461538461538467,1.4142135623730951,0.02,G16_fixed,False,16,20,0.0665270721868316,11.770015891510099,0.2080749064234759,13,0.06600512927430671,11.804223140191759,0.21031461435808513,5.0,0;22.5;45;67.5;90;112.5;135;157.5;180;202.5;225;247.5;270;292.5;315;337.5
val_images_circle,circle,test008.png,7,rot45_padded,45.0,False,321,321,80883.0,0.7849593758583069,inpaint,red_gd,wavelet,15.0,fixed5p0,0.8,3.8461538461538467,1.4142135623730951,0.02,G16_fixed,False,16,20,0.0665270721868316,11.770015891510099,0.2080749064234759,14,0.06596503833082971,11.806861808669328,0.21049958446923334,5.0,0;22.5;45;67.5;90;112.5;135;157.5;180;202.5;225;247.5;270;292.5;315;337.5
val_images_circle,circle,test008.png,7,rot45_padded,45.0,False,321,321,80883.0,0.7849593758583069,inpaint,red_gd,wavelet,15.0,fixed5p0,0.8,3.8461538461538467,1.4142135623730951,0.02,G16_fixed,False,16,20,0.0665270721868316,11.770015891510099,0.2080749064234759,15,0.06592494738735272,11.809502081312896,0.21066557461858487,5.0,0;22.5;45;67.5;90;112.5;135;157.5;180;202.5;225;247.5;270;292.5;315;337.5
val_images_circle,circle,test008.png,7,rot45_padded,45.0,False,321,321,80883.0,0.7849593758583069,inpaint,red_gd,wavelet,15.0,fixed5p0,0.8,3.8461538461538467,1.4142135623730951,0.02,G16_fixed,False,16,20,0.0665270721868316,11.770015891510099,0.2080749064234759,16,0.0658848745545263,11.81214276627105,0.21084936150056255,5.0,0;22.5;45;67.5;90;112.5;135;157.5;180;202.5;225;247.5;270;292.5;315;337.5
val_images_circle,circle,test008.png,7,rot45_padded,45.0,False,321,321,80883.0,0.7849593758583069,inpaint,red_gd,wavelet,15.0,fixed5p0,0.8,3.8461538461538467,1.4142135623730951,0.02,G16_fixed,False,16,20,0.0665270721868316,11.770015891510099,0.2080749064234759,17,0.06584480775858338,11.814784659672233,0.21101706612483465,5.0,0;22.5;45;67.5;90;112.5;135;157.5;180;202.5;225;247.5;270;292.5;315;337.5
val_images_circle,circle,test008.png,7,rot45_padded,45.0,False,321,321,80883.0,0.7849593758583069,inpaint,red_gd,wavelet,15.0,fixed5p0,0.8,3.8461538461538467,1.4142135623730951,0.02,G16_fixed,False,16,20,0.0665270721868316,11.770015891510099,0.2080749064234759,18,0.06580473492575696,11.81742855958307,0.2111999354005168,5.0,0;22.5;45;67.5;90;112.5;135;157.5;180;202.5;225;247.5;270;292.5;315;337.5
val_images_circle,circle,test008.png,7,rot45_padded,45.0,False,321,321,80883.0,0.7849593758583069,inpaint,red_gd,wavelet,15.0,fixed5p0,0.8,3.8461538461538467,1.4142135623730951,0.02,G16_fixed,False,16,20,0.0665270721868316,11.770015891510099,0.2080749064234759,19,0.06576469227734814,11.820072076720958,0.21136916131943673,5.0,0;22.5;45;67.5;90;112.5;135;157.5;180;202.5;225;247.5;270;292.5;315;337.5
val_images_circle,circle,test008.png,7,rot45_padded,45.0,False,321,321,80883.0,0.7849593758583069,inpaint,red_gd,wavelet,15.0,fixed5p0,0.8,3.8461538461538467,1.4142135623730951,0.02,G16_fixed,False,16,20,0.0665270721868316,11.770015891510099,0.2080749064234759,20,0.0657246435920558,11.82271760283192,0.21155123372649381,5.0,0;22.5;45;67.5;90;112.5;135;157.5;180;202.5;225;247.5;270;292.5;315;337.5
val_images_circle,circle,test009.png,8,upright,0.0,False,321,321,80892.0,0.7850467562675476,inpaint,red_gd,wavelet,15.0,fixed5p0,0.8,3.8461538461538467,1.4142135623730951,0.02,vanilla,True,0,20,0.0734406219287754,11.340636539869388,0.18882011953437916,1,0.07340400626761608,11.34280236372248,0.18902853785757553,5.0,none
val_images_circle,circle,test009.png,8,upright,0.0,False,321,321,80892.0,0.7850467562675476,inpaint,red_gd,wavelet,15.0,fixed5p0,0.8,3.8461538461538467,1.4142135623730951,0.02,vanilla,True,0,20,0.0734406219287754,11.340636539869388,0.18882011953437916,2,0.07336751736690587,11.344961764696624,0.18921736263706548,5.0,none
val_images_circle,circle,test009.png,8,upright,0.0,False,321,321,80892.0,0.7850467562675476,inpaint,red_gd,wavelet,15.0,fixed5p0,0.8,3.8461538461538467,1.4142135623730951,0.02,vanilla,True,0,20,0.0734406219287754,11.340636539869388,0.18882011953437916,3,0.07333093188680587,11.34712795970897,0.1894248272387875,5.0,none
val_images_circle,circle,test009.png,8,upright,0.0,False,321,321,80892.0,0.7850467562675476,inpaint,red_gd,wavelet,15.0,fixed5p0,0.8,3.8461538461538467,1.4142135623730951,0.02,vanilla,True,0,20,0.0734406219287754,11.340636539869388,0.18882011953437916,4,0.07329447316715497,11.349287724734975,0.18961502827458215,5.0,none
val_images_circle,circle,test009.png,8,upright,0.0,False,321,321,80892.0,0.7850467562675476,inpaint,red_gd,wavelet,15.0,fixed5p0,0.8,3.8461538461538467,1.4142135623730951,0.02,vanilla,True,0,20,0.0734406219287754,11.340636539869388,0.18882011953437916,5,0.07325792390432614,11.351453932017897,0.18982164780664343,5.0,none
val_images_circle,circle,test009.png,8,upright,0.0,False,321,321,80892.0,0.7850467562675476,inpaint,red_gd,wavelet,15.0,fixed5p0,0.8,3.8461538461538467,1.4142135623730951,0.02,vanilla,True,0,20,0.0734406219287754,11.340636539869388,0.18882011953437916,6,0.07322148329331084,11.353614775908568,0.19001312851935295,5.0,none
val_images_circle,circle,test009.png,8,upright,0.0,False,321,321,80892.0,0.7850467562675476,inpaint,red_gd,wavelet,15.0,fixed5p0,0.8,3.8461538461538467,1.4142135623730951,0.02,vanilla,True,0,20,0.0734406219287754,11.340636539869388,0.18882011953437916,7,0.07318497628396504,11.355780635677878,0.19021903577841442,5.0,none
val_images_circle,circle,test009.png,8,upright,0.0,False,321,321,80892.0,0.7850467562675476,inpaint,red_gd,wavelet,15.0,fixed5p0,0.8,3.8461538461538467,1.4142135623730951,0.02,vanilla,True,0,20,0.0734406219287754,11.340636539869388,0.18882011953437916,8,0.07314856585400904,11.35794184204368,0.19041169958864906,5.0,none
val_images_circle,circle,test009.png,8,upright,0.0,False,321,321,80892.0,0.7850467562675476,inpaint,red_gd,wavelet,15.0,fixed5p0,0.8,3.8461538461538467,1.4142135623730951,0.02,vanilla,True,0,20,0.0734406219287754,11.340636539869388,0.18882011953437916,9,0.07311209506193443,11.36010771001908,0.19061703944379543,5.0,none
val_images_circle,circle,test009.png,8,upright,0.0,False,321,321,80892.0,0.7850467562675476,inpaint,red_gd,wavelet,15.0,fixed5p0,0.8,3.8461538461538467,1.4142135623730951,0.02,vanilla,True,0,20,0.0734406219287754,11.340636539869388,0.18882011953437916,10,0.07307570274061403,11.362269995093094,0.1908107656273179,5.0,none
val_images_circle,circle,test009.png,8,upright,0.0,False,321,321,80892.0,0.7850467562675476,inpaint,red_gd,wavelet,15.0,fixed5p0,0.8,3.8461538461538467,1.4142135623730951,0.02,vanilla,True,0,20,0.0734406219287754,11.340636539869388,0.18882011953437916,11,0.07303926816581059,11.364435869680403,0.1910156467303627,5.0,none
val_images_circle,circle,test009.png,8,upright,0.0,False,321,321,80892.0,0.7850467562675476,inpaint,red_gd,wavelet,15.0,fixed5p0,0.8,3.8461538461538467,1.4142135623730951,0.02,vanilla,True,0,20,0.0734406219287754,11.340636539869388,0.18882011953437916,12,0.0730029060255495,11.366598515817294,0.19121036285263066,5.0,none
val_images_circle,circle,test009.png,8,upright,0.0,False,321,321,80892.0,0.7850467562675476,inpaint,red_gd,wavelet,15.0,fixed5p0,0.8,3.8461538461538467,1.4142135623730951,0.02,vanilla,True,0,20,0.0734406219287754,11.340636539869388,0.18882011953437916,13,0.07296650163180537,11.368764754332837,0.19141486971053998,5.0,none
val_images_circle,circle,test009.png,8,upright,0.0,False,321,321,80892.0,0.7850467562675476,inpaint,red_gd,wavelet,15.0,fixed5p0,0.8,3.8461538461538467,1.4142135623730951,0.02,vanilla,True,0,20,0.0734406219287754,11.340636539869388,0.18882011953437916,14,0.07293015156396801,11.370928838821332,0.19161049126458735,5.0,none
val_images_circle,circle,test009.png,8,upright,0.0,False,321,321,80892.0,0.7850467562675476,inpaint,red_gd,wavelet,15.0,fixed5p0,0.8,3.8461538461538467,1.4142135623730951,0.02,vanilla,True,0,20,0.0734406219287754,11.340636539869388,0.18882011953437916,15,0.07289378942370692,11.37309472147214,0.19181467216705608,5.0,none
val_images_circle,circle,test009.png,8,upright,0.0,False,321,321,80892.0,0.7850467562675476,inpaint,red_gd,wavelet,15.0,fixed5p0,0.8,3.8461538461538467,1.4142135623730951,0.02,vanilla,True,0,20,0.0734406219287754,11.340636539869388,0.18882011953437916,16,0.0728574816093526,11.375258446513914,0.1920111750080354,5.0,none
val_images_circle,circle,test009.png,8,upright,0.0,False,321,321,80892.0,0.7850467562675476,inpaint,red_gd,wavelet,15.0,fixed5p0,0.8,3.8461538461538467,1.4142135623730951,0.02,vanilla,True,0,20,0.0734406219287754,11.340636539869388,0.18882011953437916,17,0.0728211375777271,11.377425410039601,0.19221511446202963,5.0,none
val_images_circle,circle,test009.png,8,upright,0.0,False,321,321,80892.0,0.7850467562675476,inpaint,red_gd,wavelet,15.0,fixed5p0,0.8,3.8461538461538467,1.4142135623730951,0.02,vanilla,True,0,20,0.0734406219287754,11.340636539869388,0.18882011953437916,18,0.07278486598064395,11.3795891332933,0.19241237786570364,5.0,none
val_images_circle,circle,test009.png,8,upright,0.0,False,321,321,80892.0,0.7850467562675476,inpaint,red_gd,wavelet,15.0,fixed5p0,0.8,3.8461538461538467,1.4142135623730951,0.02,vanilla,True,0,20,0.0734406219287754,11.340636539869388,0.18882011953437916,19,0.07274855816628963,11.38175609718405,0.1926161845230369,5.0,none
val_images_circle,circle,test009.png,8,upright,0.0,False,321,321,80892.0,0.7850467562675476,inpaint,red_gd,wavelet,15.0,fixed5p0,0.8,3.8461538461538467,1.4142135623730951,0.02,vanilla,True,0,20,0.0734406219287754,11.340636539869388,0.18882011953437916,20,0.07271228656920647,11.383921979668532,0.19281416019971073,5.0,none
val_images_circle,circle,test009.png,8,upright,0.0,False,321,321,80892.0,0.7850467562675476,inpaint,red_gd,wavelet,15.0,fixed5p0,0.8,3.8461538461538467,1.4142135623730951,0.02,G16_fixed,True,16,20,0.0734406219287754,11.340636539869388,0.18882011953437916,1,0.07333233228795802,11.347045023263192,0.1894290888043626,5.0,0;22.5;45;67.5;90;112.5;135;157.5;180;202.5;225;247.5;270;292.5;315;337.5
val_images_circle,circle,test009.png,8,upright,0.0,False,321,321,80892.0,0.7850467562675476,inpaint,red_gd,wavelet,15.0,fixed5p0,0.8,3.8461538461538467,1.4142135623730951,0.02,G16_fixed,True,16,20,0.0734406219287754,11.340636539869388,0.18882011953437916,2,0.07322413319031858,11.35345760689582,0.18998018287500618,5.0,0;22.5;45;67.5;90;112.5;135;157.5;180;202.5;225;247.5;270;292.5;315;337.5
val_images_circle,circle,test009.png,8,upright,0.0,False,321,321,80892.0,0.7850467562675476,inpaint,red_gd,wavelet,15.0,fixed5p0,0.8,3.8461538461538467,1.4142135623730951,0.02,G16_fixed,True,16,20,0.0734406219287754,11.340636539869388,0.18882011953437916,3,0.07311609103418756,11.359870351032942,0.19058994892495548,5.0,0;22.5;45;67.5;90;112.5;135;157.5;180;202.5;225;247.5;270;292.5;315;337.5
val_images_circle,circle,test009.png,8,upright,0.0,False,321,321,80892.0,0.7850467562675476,inpaint,red_gd,wavelet,15.0,fixed5p0,0.8,3.8461538461538467,1.4142135623730951,0.02,G16_fixed,True,16,20,0.0734406219287754,11.340636539869388,0.18882011953437916,4,0.07300814545744636,11.366286833059178,0.1911461858481061,5.0,0;22.5;45;67.5;90;112.5;135;157.5;180;202.5;225;247.5;270;292.5;315;337.5
val_images_circle,circle,test009.png,8,upright,0.0,False,321,321,80892.0,0.7850467562675476,inpaint,red_gd,wavelet,15.0,fixed5p0,0.8,3.8461538461538467,1.4142135623730951,0.02,G16_fixed,True,16,20,0.0734406219287754,11.340636539869388,0.18882011953437916,5,0.07290032664115426,11.372705257542744,0.19175676075044504,5.0,0;22.5;45;67.5;90;112.5;135;157.5;180;202.5;225;247.5;270;292.5;315;337.5
val_images_circle,circle,test009.png,8,upright,0.0,False,321,321,80892.0,0.7850467562675476,inpaint,red_gd,wavelet,15.0,fixed5p0,0.8,3.8461538461538467,1.4142135623730951,0.02,G16_fixed,True,16,20,0.0734406219287754,11.340636539869388,0.18882011953437916,6,0.07279261647667569,11.379126699460132,0.19231815259852644,5.0,0;22.5;45;67.5;90;112.5;135;157.5;180;202.5;225;247.5;270;292.5;315;337.5
val_images_circle,circle,test009.png,8,upright,0.0,False,321,321,80892.0,0.7850467562675476,inpaint,red_gd,wavelet,15.0,fixed5p0,0.8,3.8461538461538467,1.4142135623730951,0.02,G16_fixed,True,16,20,0.0734406219287754,11.340636539869388,0.18882011953437916,7,0.07268505118128184,11.385548994166804,0.19292966914991594,5.0,0;22.5;45;67.5;90;112.5;135;157.5;180;202.5;225;247.5;270;292.5;315;337.5
val_images_circle,circle,test009.png,8,upright,0.0,False,321,321,80892.0,0.7850467562675476,inpaint,red_gd,wavelet,15.0,fixed5p0,0.8,3.8461538461538467,1.4142135623730951,0.02,G16_fixed,True,16,20,0.0734406219287754,11.340636539869388,0.18882011953437916,8,0.07257756435664219,11.391976104564765,0.19349624006777555,5.0,0;22.5;45;67.5;90;112.5;135;157.5;180;202.5;225;247.5;270;292.5;315;337.5
val_images_circle,circle,test009.png,8,upright,0.0,False,321,321,80892.0,0.7850467562675476,inpaint,red_gd,wavelet,15.0,fixed5p0,0.8,3.8461538461538467,1.4142135623730951,0.02,G16_fixed,True,16,20,0.0734406219287754,11.340636539869388,0.18882011953437916,9,0.07247022843729911,11.398403697166037,0.19410875863033428,5.0,0;22.5;45;67.5;90;112.5;135;157.5;180;202.5;225;247.5;270;292.5;315;337.5
val_images_circle,circle,test009.png,8,upright,0.0,False,321,321,80892.0,0.7850467562675476,inpaint,red_gd,wavelet,15.0,fixed5p0,0.8,3.8461538461538467,1.4142135623730951,0.02,G16_fixed,True,16,20,0.0734406219287754,11.340636539869388,0.18882011953437916,10,0.0723629951335577,11.404834658164166,0.1946804603282772,5.0,0;22.5;45;67.5;90;112.5;135;157.5;180;202.5;225;247.5;270;292.5;315;337.5
val_images_circle,circle,test009.png,8,upright,0.0,False,321,321,80892.0,0.7850467562675476,inpaint,red_gd,wavelet,15.0,fixed5p0,0.8,3.8461538461538467,1.4142135623730951,0.02,G16_fixed,True,16,20,0.0734406219287754,11.340636539869388,0.18882011953437916,11,0.07225588859026541,11.411267537195533,0.19529418613320848,5.0,0;22.5;45;67.5;90;112.5;135;157.5;180;202.5;225;247.5;270;292.5;315;337.5
val_images_circle,circle,test009.png,8,upright,0.0,False,321,321,80892.0,0.7850467562675476,inpaint,red_gd,wavelet,15.0,fixed5p0,0.8,3.8461538461538467,1.4142135623730951,0.02,G16_fixed,True,16,20,0.0734406219287754,11.340636539869388,0.18882011953437916,12,0.07214887862636293,11.417704145381563,0.1958708978869975,5.0,0;22.5;45;67.5;90;112.5;135;157.5;180;202.5;225;247.5;270;292.5;315;337.5
val_images_circle,circle,test009.png,8,upright,0.0,False,321,321,80892.0,0.7850467562675476,inpaint,red_gd,wavelet,15.0,fixed5p0,0.8,3.8461538461538467,1.4142135623730951,0.02,G16_fixed,True,16,20,0.0734406219287754,11.340636539869388,0.18882011953437916,13,0.07204200145912142,11.424142301865164,0.19648595165853855,5.0,0;22.5;45;67.5;90;112.5;135;157.5;180;202.5;225;247.5;270;292.5;315;337.5
val_images_circle,circle,test009.png,8,upright,0.0,False,321,321,80892.0,0.7850467562675476,inpaint,red_gd,wavelet,15.0,fixed5p0,0.8,3.8461538461538467,1.4142135623730951,0.02,G16_fixed,True,16,20,0.0734406219287754,11.340636539869388,0.18882011953437916,14,0.07193520879884599,11.430584914760328,0.1970677096854448,5.0,0;22.5;45;67.5;90;112.5;135;157.5;180;202.5;225;247.5;270;292.5;315;337.5
val_images_circle,circle,test009.png,8,upright,0.0,False,321,321,80892.0,0.7850467562675476,inpaint,red_gd,wavelet,15.0,fixed5p0,0.8,3.8461538461538467,1.4142135623730951,0.02,G16_fixed,True,16,20,0.0734406219287754,11.340636539869388,0.18882011953437916,15,0.07182856100765526,11.43702834007948,0.19768423629268037,5.0,0;22.5;45;67.5;90;112.5;135;157.5;180;202.5;225;247.5;270;292.5;315;337.5
val_images_circle,circle,test009.png,8,upright,0.0,False,321,321,80892.0,0.7850467562675476,inpaint,red_gd,wavelet,15.0,fixed5p0,0.8,3.8461538461538467,1.4142135623730951,0.02,G16_fixed,True,16,20,0.0734406219287754,11.340636539869388,0.18882011953437916,16,0.07172200979585434,11.443475491290995,0.19827089572361914,5.0,0;22.5;45;67.5;90;112.5;135;157.5;180;202.5;225;247.5;270;292.5;315;337.5
val_images_circle,circle,test009.png,8,upright,0.0,False,321,321,80892.0,0.7850467562675476,inpaint,red_gd,wavelet,15.0,fixed5p0,0.8,3.8461538461538467,1.4142135623730951,0.02,G16_fixed,True,16,20,0.0734406219287754,11.340636539869388,0.18882011953437916,17,0.07161557327207882,11.449925272633099,0.19888910039775257,5.0,0;22.5;45;67.5;90;112.5;135;157.5;180;202.5;225;247.5;270;292.5;315;337.5
val_images_circle,circle,test009.png,8,upright,0.0,False,321,321,80892.0,0.7850467562675476,inpaint,red_gd,wavelet,15.0,fixed5p0,0.8,3.8461538461538467,1.4142135623730951,0.02,G16_fixed,True,16,20,0.0734406219287754,11.340636539869388,0.18882011953437916,18,0.07150925143632869,11.456377681592894,0.1994805767257578,5.0,0;22.5;45;67.5;90;112.5;135;157.5;180;202.5;225;247.5;270;292.5;315;337.5
val_images_circle,circle,test009.png,8,upright,0.0,False,321,321,80892.0,0.7850467562675476,inpaint,red_gd,wavelet,15.0,fixed5p0,0.8,3.8461538461538467,1.4142135623730951,0.02,G16_fixed,True,16,20,0.0734406219287754,11.340636539869388,0.18882011953437916,19,0.07140302617996835,11.462833817054644,0.20010064055314494,5.0,0;22.5;45;67.5;90;112.5;135;157.5;180;202.5;225;247.5;270;292.5;315;337.5
val_images_circle,circle,test009.png,8,upright,0.0,False,321,321,80892.0,0.7850467562675476,inpaint,red_gd,wavelet,15.0,fixed5p0,0.8,3.8461538461538467,1.4142135623730951,0.02,G16_fixed,True,16,20,0.0734406219287754,11.340636539869388,0.18882011953437916,20,0.07129692164784528,11.469292210627952,0.2006969217057929,5.0,0;22.5;45;67.5;90;112.5;135;157.5;180;202.5;225;247.5;270;292.5;315;337.5
val_images_circle,circle,test009.png,8,rot45_padded,45.0,False,321,321,80883.0,0.7849593758583069,inpaint,red_gd,wavelet,15.0,fixed5p0,0.8,3.8461538461538467,1.4142135623730951,0.02,vanilla,False,0,20,0.07309448307083997,11.361154009123034,0.19206574330359902,1,0.07305775467148536,11.363336793560828,0.19227138370393038,5.0,none
val_images_circle,circle,test009.png,8,rot45_padded,45.0,False,321,321,80883.0,0.7849593758583069,inpaint,red_gd,wavelet,15.0,fixed5p0,0.8,3.8461538461538467,1.4142135623730951,0.02,vanilla,False,0,20,0.07309448307083997,11.361154009123034,0.19206574330359902,2,0.07302119530486938,11.365510622372888,0.1924685845410964,5.0,none
val_images_circle,circle,test009.png,8,rot45_padded,45.0,False,321,321,80883.0,0.7849593758583069,inpaint,red_gd,wavelet,15.0,fixed5p0,0.8,3.8461538461538467,1.4142135623730951,0.02,vanilla,False,0,20,0.07309448307083997,11.361154009123034,0.19206574330359902,3,0.07298451520058294,11.367692724314956,0.1926740800562232,5.0,none
val_images_circle,circle,test009.png,8,rot45_padded,45.0,False,321,321,80883.0,0.7849593758583069,inpaint,red_gd,wavelet,15.0,fixed5p0,0.8,3.8461538461538467,1.4142135623730951,0.02,vanilla,False,0,20,0.07309448307083997,11.361154009123034,0.19206574330359902,4,0.0729479618708505,11.369868375691343,0.19287188458174154,5.0,none
val_images_circle,circle,test009.png,8,rot45_padded,45.0,False,321,321,80883.0,0.7849593758583069,inpaint,red_gd,wavelet,15.0,fixed5p0,0.8,3.8461538461538467,1.4142135623730951,0.02,vanilla,False,0,20,0.07309448307083997,11.361154009123034,0.19206574330359902,5,0.07291133006163224,11.37204979214131,0.19307723521166376,5.0,none
val_images_circle,circle,test009.png,8,rot45_padded,45.0,False,321,321,80883.0,0.7849593758583069,inpaint,red_gd,wavelet,15.0,fixed5p0,0.8,3.8461538461538467,1.4142135623730951,0.02,vanilla,False,0,20,0.07309448307083997,11.361154009123034,0.19206574330359902,6,0.07287479484255036,11.374226548589839,0.1932756434255344,5.0,none
val_images_circle,circle,test009.png,8,rot45_padded,45.0,False,321,321,80883.0,0.7849593758583069,inpaint,red_gd,wavelet,15.0,fixed5p0,0.8,3.8461538461538467,1.4142135623730951,0.02,vanilla,False,0,20,0.07309448307083997,11.361154009123034,0.19206574330359902,7,0.07283819321774972,11.37640835602177,0.19348089746532027,5.0,none
val_images_circle,circle,test009.png,8,rot45_padded,45.0,False,321,321,80883.0,0.7849593758583069,inpaint,red_gd,wavelet,15.0,fixed5p0,0.8,3.8461538461538467,1.4142135623730951,0.02,vanilla,False,0,20,0.07309448307083997,11.361154009123034,0.19206574330359902,8,0.07280167007243488,11.378586578446065,0.19367990936754323,5.0,none
val_images_circle,circle,test009.png,8,rot45_padded,45.0,False,321,321,80883.0,0.7849593758583069,inpaint,red_gd,wavelet,15.0,fixed5p0,0.8,3.8461538461538467,1.4142135623730951,0.02,vanilla,False,0,20,0.07309448307083997,11.361154009123034,0.19206574330359902,9,0.07276509863205186,11.380768776378893,0.19388510303849388,5.0,none
val_images_circle,circle,test009.png,8,rot45_padded,45.0,False,321,321,80883.0,0.7849593758583069,inpaint,red_gd,wavelet,15.0,fixed5p0,0.8,3.8461538461538467,1.4142135623730951,0.02,vanilla,False,0,20,0.07309448307083997,11.361154009123034,0.19206574330359902,10,0.07272862981868872,11.38294594303831,0.19408471862906915,5.0,none
val_images_circle,circle,test009.png,8,rot45_padded,45.0,False,321,321,80883.0,0.7849593758583069,inpaint,red_gd,wavelet,15.0,fixed5p0,0.8,3.8461538461538467,1.4142135623730951,0.02,vanilla,False,0,20,0.07309448307083997,11.361154009123034,0.19206574330359902,11,0.07269207648895627,11.385129251060313,0.19428987607871864,5.0,none
val_images_circle,circle,test009.png,8,rot45_padded,45.0,False,321,321,80883.0,0.7849593758583069,inpaint,red_gd,wavelet,15.0,fixed5p0,0.8,3.8461538461538467,1.4142135623730951,0.02,vanilla,False,0,20,0.07309448307083997,11.361154009123034,0.19206574330359902,12,0.07265561974936019,11.387307883618869,0.19449007121011214,5.0,none
val_images_circle,circle,test009.png,8,rot45_padded,45.0,False,321,321,80883.0,0.7849593758583069,inpaint,red_gd,wavelet,15.0,fixed5p0,0.8,3.8461538461538467,1.4142135623730951,0.02,vanilla,False,0,20,0.07309448307083997,11.361154009123034,0.19206574330359902,13,0.07261910264092887,11.389491219957064,0.1946952165859946,5.0,none
val_images_circle,circle,test009.png,8,rot45_padded,45.0,False,321,321,80883.0,0.7849593758583069,inpaint,red_gd,wavelet,15.0,fixed5p0,0.8,3.8461538461538467,1.4142135623730951,0.02,vanilla,False,0,20,0.07309448307083997,11.361154009123034,0.19206574330359902,14,0.07258266401198336,11.391670958699386,0.19489602747950743,5.0,none
val_images_circle,circle,test009.png,8,rot45_padded,45.0,False,321,321,80883.0,0.7849593758583069,inpaint,red_gd,wavelet,15.0,fixed5p0,0.8,3.8461538461538467,1.4142135623730951,0.02,vanilla,False,0,20,0.07309448307083997,11.361154009123034,0.19206574330359902,15,0.07254618312485318,11.393854321775969,0.19510119700292397,5.0,none
val_images_circle,circle,test009.png,8,rot45_padded,45.0,False,321,321,80883.0,0.7849593758583069,inpaint,red_gd,wavelet,15.0,fixed5p0,0.8,3.8461538461538467,1.4142135623730951,0.02,vanilla,False,0,20,0.07309448307083997,11.361154009123034,0.19206574330359902,16,0.07250975656967472,11.396035528870916,0.19530256328972095,5.0,none
val_images_circle,circle,test009.png,8,rot45_padded,45.0,False,321,321,80883.0,0.7849593758583069,inpaint,red_gd,wavelet,15.0,fixed5p0,0.8,3.8461538461538467,1.4142135623730951,0.02,vanilla,False,0,20,0.07309448307083997,11.361154009123034,0.19206574330359902,17,0.07247331190384568,11.398218917285076,0.1955078173295068,5.0,none
val_images_circle,circle,test009.png,8,rot45_padded,45.0,False,321,321,80883.0,0.7849593758583069,inpaint,red_gd,wavelet,15.0,fixed5p0,0.8,3.8461538461538467,1.4142135623730951,0.02,vanilla,False,0,20,0.07309448307083997,11.361154009123034,0.19206574330359902,18,0.07243691553308483,11.400400508411488,0.19570973900958794,5.0,none
val_images_circle,circle,test009.png,8,rot45_padded,45.0,False,321,321,80883.0,0.7849593758583069,inpaint,red_gd,wavelet,15.0,fixed5p0,0.8,3.8461538461538467,1.4142135623730951,0.02,vanilla,False,0,20,0.07309448307083997,11.361154009123034,0.19206574330359902,19,0.07240050105167341,11.402584282334619,0.1959150775657431,5.0,none
val_images_circle,circle,test009.png,8,rot45_padded,45.0,False,321,321,80883.0,0.7849593758583069,inpaint,red_gd,wavelet,15.0,fixed5p0,0.8,3.8461538461538467,1.4142135623730951,0.02,vanilla,False,0,20,0.07309448307083997,11.361154009123034,0.19206574330359902,20,0.0723641167546796,11.404767343359403,0.1961175425653413,5.0,none
val_images_circle,circle,test009.png,8,rot45_padded,45.0,False,321,321,80883.0,0.7849593758583069,inpaint,red_gd,wavelet,15.0,fixed5p0,0.8,3.8461538461538467,1.4142135623730951,0.02,G16_fixed,False,16,20,0.07309448307083997,11.361154009123034,0.19206574330359902,1,0.07305530369677497,11.36348249508867,0.1922901704854543,5.0,0;22.5;45;67.5;90;112.5;135;157.5;180;202.5;225;247.5;270;292.5;315;337.5
val_images_circle,circle,test009.png,8,rot45_padded,45.0,False,321,321,80883.0,0.7849593758583069,inpaint,red_gd,wavelet,15.0,fixed5p0,0.8,3.8461538461538467,1.4142135623730951,0.02,G16_fixed,False,16,20,0.07309448307083997,11.361154009123034,0.19206574330359902,2,0.07301619676531224,11.365807921320412,0.19249890177014947,5.0,0;22.5;45;67.5;90;112.5;135;157.5;180;202.5;225;247.5;270;292.5;315;337.5
val_images_circle,circle,test009.png,8,rot45_padded,45.0,False,321,321,80883.0,0.7849593758583069,inpaint,red_gd,wavelet,15.0,fixed5p0,0.8,3.8461538461538467,1.4142135623730951,0.02,G16_fixed,False,16,20,0.07309448307083997,11.361154009123034,0.19206574330359902,3,0.07297705361254837,11.368136748935797,0.19272299088652745,5.0,0;22.5;45;67.5;90;112.5;135;157.5;180;202.5;225;247.5;270;292.5;315;337.5
val_images_circle,circle,test009.png,8,rot45_padded,45.0,False,321,321,80883.0,0.7849593758583069,inpaint,red_gd,wavelet,15.0,fixed5p0,0.8,3.8461538461538467,1.4142135623730951,0.02,G16_fixed,False,16,20,0.07309448307083997,11.361154009123034,0.19206574330359902,4,0.07293797082861973,11.370463231471579,0.19293307443313182,5.0,0;22.5;45;67.5;90;112.5;135;157.5;180;202.5;225;247.5;270;292.5;315;337.5
val_images_circle,circle,test009.png,8,rot45_padded,45.0,False,321,321,80883.0,0.7849593758583069,inpaint,red_gd,wavelet,15.0,fixed5p0,0.8,3.8461538461538467,1.4142135623730951,0.02,G16_fixed,False,16,20,0.07309448307083997,11.361154009123034,0.19206574330359902,5,0.07289885182338995,11.372793118835737,0.1931569100004018,5.0,0;22.5;45;67.5;90;112.5;135;157.5;180;202.5;225;247.5;270;292.5;315;337.5
val_images_circle,circle,test009.png,8,rot45_padded,45.0,False,321,321,80883.0,0.7849593758583069,inpaint,red_gd,wavelet,15.0,fixed5p0,0.8,3.8461538461538467,1.4142135623730951,0.02,G16_fixed,False,16,20,0.07309448307083997,11.361154009123034,0.19206574330359902,6,0.07285976903946131,11.375122097760473,0.19336832166138126,5.0,0;22.5;45;67.5;90;112.5;135;157.5;180;202.5;225;247.5;270;292.5;315;337.5
val_images_circle,circle,test009.png,8,rot45_padded,45.0,False,321,321,80883.0,0.7849593758583069,inpaint,red_gd,wavelet,15.0,fixed5p0,0.8,3.8461538461538467,1.4142135623730951,0.02,G16_fixed,False,16,20,0.07309448307083997,11.361154009123034,0.19206574330359902,7,0.07282066814488211,11.377453406409625,0.19359196404837853,5.0,0;22.5;45;67.5;90;112.5;135;157.5;180;202.5;225;247.5;270;292.5;315;337.5
val_images_circle,circle,test009.png,8,rot45_padded,45.0,False,321,321,80883.0,0.7849593758583069,inpaint,red_gd,wavelet,15.0,fixed5p0,0.8,3.8461538461538467,1.4142135623730951,0.02,G16_fixed,False,16,20,0.07309448307083997,11.361154009123034,0.19206574330359902,8,0.07278160347160405,11.379783805827264,0.19380458308606258,5.0,0;22.5;45;67.5;90;112.5;135;157.5;180;202.5;225;247.5;270;292.5;315;337.5
val_images_circle,circle,test009.png,8,rot45_padded,45.0,False,321,321,80883.0,0.7849593758583069,inpaint,red_gd,wavelet,15.0,fixed5p0,0.8,3.8461538461538467,1.4142135623730951,0.02,G16_fixed,False,16,20,0.07309448307083997,11.361154009123034,0.19206574330359902,9,0.07274250257702485,11.382117618914727,0.19402812888292348,5.0,0;22.5;45;67.5;90;112.5;135;157.5;180;202.5;225;247.5;270;292.5;315;337.5
val_images_circle,circle,test009.png,8,rot45_padded,45.0,False,321,321,80883.0,0.7849593758583069,inpaint,red_gd,wavelet,15.0,fixed5p0,0.8,3.8461538461538467,1.4142135623730951,0.02,G16_fixed,False,16,20,0.07309448307083997,11.361154009123034,0.19206574330359902,10,0.07270345601439734,11.384449441298521,0.19424191907601102,5.0,0;22.5;45;67.5;90;112.5;135;157.5;180;202.5;225;247.5;270;292.5;315;337.5
val_images_circle,circle,test009.png,8,rot45_padded,45.0,False,321,321,80883.0,0.7849593758583069,inpaint,red_gd,wavelet,15.0,fixed5p0,0.8,3.8461538461538467,1.4142135623730951,0.02,G16_fixed,False,16,20,0.07309448307083997,11.361154009123034,0.19206574330359902,11,0.07266437926735222,11.386784320398606,0.19446544072533783,5.0,0;22.5;45;67.5;90;112.5;135;157.5;180;202.5;225;247.5;270;292.5;315;337.5
val_images_circle,circle,test009.png,8,rot45_padded,45.0,False,321,321,80883.0,0.7849593758583069,inpaint,red_gd,wavelet,15.0,fixed5p0,0.8,3.8461538461538467,1.4142135623730951,0.02,G16_fixed,False,16,20,0.07309448307083997,11.361154009123034,0.19206574330359902,12,0.07262534477849177,11.389117928454542,0.19468036585252774,5.0,0;22.5;45;67.5;90;112.5;135;157.5;180;202.5;225;247.5;270;292.5;315;337.5
val_images_circle,circle,test009.png,8,rot45_padded,45.0,False,321,321,80883.0,0.7849593758583069,inpaint,red_gd,wavelet,15.0,fixed5p0,0.8,3.8461538461538467,1.4142135623730951,0.02,G16_fixed,False,16,20,0.07309448307083997,11.361154009123034,0.19206574330359902,13,0.07258629821586428,11.391453513500675,0.19490386335432044,5.0,0;22.5;45;67.5;90;112.5;135;157.5;180;202.5;225;247.5;270;292.5;315;337.5
val_images_circle,circle,test009.png,8,rot45_padded,45.0,False,321,321,80883.0,0.7849593758583069,inpaint,red_gd,wavelet,15.0,fixed5p0,0.8,3.8461538461538467,1.4142135623730951,0.02,G16_fixed,False,16,20,0.07309448307083997,11.361154009123034,0.19206574330359902,14,0.07254727580077086,11.393788909713278,0.1951198026779422,5.0,0;22.5;45;67.5;90;112.5;135;157.5;180;202.5;225;247.5;270;292.5;315;337.5
val_images_circle,circle,test009.png,8,rot45_padded,45.0,False,321,321,80883.0,0.7849593758583069,inpaint,red_gd,wavelet,15.0,fixed5p0,0.8,3.8461538461538467,1.4142135623730951,0.02,G16_fixed,False,16,20,0.07309448307083997,11.361154009123034,0.19206574330359902,15,0.0725082352750269,11.396126647202166,0.1953434209174054,5.0,0;22.5;45;67.5;90;112.5;135;157.5;180;202.5;225;247.5;270;292.5;315;337.5
val_images_circle,circle,test009.png,8,rot45_padded,45.0,False,321,321,80883.0,0.7849593758583069,inpaint,red_gd,wavelet,15.0,fixed5p0,0.8,3.8461538461538467,1.4142135623730951,0.02,G16_fixed,False,16,20,0.07309448307083997,11.361154009123034,0.19206574330359902,16,0.07246922493370053,11.398463834839433,0.1955603865112261,5.0,0;22.5;45;67.5;90;112.5;135;157.5;180;202.5;225;247.5;270;292.5;315;337.5
val_images_circle,circle,test009.png,8,rot45_padded,45.0,False,321,321,80883.0,0.7849593758583069,inpaint,red_gd,wavelet,15.0,fixed5p0,0.8,3.8461538461538467,1.4142135623730951,0.02,G16_fixed,False,16,20,0.07309448307083997,11.361154009123034,0.19206574330359902,17,0.07243020855549065,11.400802642902637,0.19578411341459268,5.0,0;22.5;45;67.5;90;112.5;135;157.5;180;202.5;225;247.5;270;292.5;315;337.5
val_images_circle,circle,test009.png,8,rot45_padded,45.0,False,321,321,80883.0,0.7849593758583069,inpaint,red_gd,wavelet,15.0,fixed5p0,0.8,3.8461538461538467,1.4142135623730951,0.02,G16_fixed,False,16,20,0.07309448307083997,11.361154009123034,0.19206574330359902,18,0.07239121028793133,11.40314162465678,0.19600200868847595,5.0,0;22.5;45;67.5;90;112.5;135;157.5;180;202.5;225;247.5;270;292.5;315;337.5
val_images_circle,circle,test009.png,8,rot45_padded,45.0,False,321,321,80883.0,0.7849593758583069,inpaint,red_gd,wavelet,15.0,fixed5p0,0.8,3.8461538461538467,1.4142135623730951,0.02,G16_fixed,False,16,20,0.07309448307083997,11.361154009123034,0.19206574330359902,19,0.07235219994660497,11.405482591524693,0.19622592877211528,5.0,0;22.5;45;67.5;90;112.5;135;157.5;180;202.5;225;247.5;270;292.5;315;337.5
val_images_circle,circle,test009.png,8,rot45_padded,45.0,False,321,321,80883.0,0.7849593758583069,inpaint,red_gd,wavelet,15.0,fixed5p0,0.8,3.8461538461538467,1.4142135623730951,0.02,G16_fixed,False,16,20,0.07309448307083997,11.361154009123034,0.19206574330359902,20,0.07231323186346328,11.407822283001277,0.1964447537260611,5.0,0;22.5;45;67.5;90;112.5;135;157.5;180;202.5;225;247.5;270;292.5;315;337.5
val_images_circle,circle,test010.png,9,upright,0.0,False,321,321,80892.0,0.7850467562675476,inpaint,red_gd,wavelet,15.0,fixed5p0,0.8,3.8461538461538467,1.4142135623730951,0.02,vanilla,True,0,20,0.10257698198292167,9.889500828823245,0.07698906943440019,1,0.10253154138001903,9.891425137291199,0.07702618006493225,5.0,none
val_images_circle,circle,test010.png,9,upright,0.0,False,321,321,80892.0,0.7850467562675476,inpaint,red_gd,wavelet,15.0,fixed5p0,0.8,3.8461538461538467,1.4142135623730951,0.02,vanilla,True,0,20,0.10257698198292167,9.889500828823245,0.07698906943440019,2,0.10248622150135366,9.89334518297591,0.07707130678481802,5.0,none
val_images_circle,circle,test010.png,9,upright,0.0,False,321,321,80892.0,0.7850467562675476,inpaint,red_gd,wavelet,15.0,fixed5p0,0.8,3.8461538461538467,1.4142135623730951,0.02,vanilla,True,0,20,0.10257698198292167,9.889500828823245,0.07698906943440019,3,0.1024408171157222,9.895269660545068,0.077109081398655,5.0,none
val_images_circle,circle,test010.png,9,upright,0.0,False,321,321,80892.0,0.7850467562675476,inpaint,red_gd,wavelet,15.0,fixed5p0,0.8,3.8461538461538467,1.4142135623730951,0.02,vanilla,True,0,20,0.10257698198292167,9.889500828823245,0.07698906943440019,4,0.10239552138190426,9.897190382982874,0.07715366485947313,5.0,none
val_images_circle,circle,test010.png,9,upright,0.0,False,321,321,80892.0,0.7850467562675476,inpaint,red_gd,wavelet,15.0,fixed5p0,0.8,3.8461538461538467,1.4142135623730951,0.02,vanilla,True,0,20,0.10257698198292167,9.889500828823245,0.07698906943440019,5,0.10235012906869653,9.899116053337927,0.07719203102207264,5.0,none
val_images_circle,circle,test010.png,9,upright,0.0,False,321,321,80892.0,0.7850467562675476,inpaint,red_gd,wavelet,15.0,fixed5p0,0.8,3.8461538461538467,1.4142135623730951,0.02,vanilla,True,0,20,0.10257698198292167,9.889500828823245,0.07698906943440019,6,0.10230484540730232,9.90103796553529,0.07723614969457734,5.0,none
val_images_circle,circle,test010.png,9,upright,0.0,False,321,321,80892.0,0.7850467562675476,inpaint,red_gd,wavelet,15.0,fixed5p0,0.8,3.8461538461538467,1.4142135623730951,0.02,vanilla,True,0,20,0.10257698198292167,9.889500828823245,0.07698906943440019,7,0.10225947723894205,9.902964317622603,0.07727498064549028,5.0,none
val_images_circle,circle,test010.png,9,upright,0.0,False,321,321,80892.0,0.7850467562675476,inpaint,red_gd,wavelet,15.0,fixed5p0,0.8,3.8461538461538467,1.4142135623730951,0.02,vanilla,True,0,20,0.10257698198292167,9.889500828823245,0.07698906943440019,8,0.10221420564997157,9.904887421008853,0.07731871903664762,5.0,none
val_images_circle,circle,test010.png,9,upright,0.0,False,321,321,80892.0,0.7850467562675476,inpaint,red_gd,wavelet,15.0,fixed5p0,0.8,3.8461538461538467,1.4142135623730951,0.02,vanilla,True,0,20,0.10257698198292167,9.889500828823245,0.07698906943440019,9,0.10216886162645873,9.906814455355136,0.07735797855860282,5.0,none
val_images_circle,circle,test010.png,9,upright,0.0,False,321,321,80892.0,0.7850467562675476,inpaint,red_gd,wavelet,15.0,fixed5p0,0.8,3.8461538461538467,1.4142135623730951,0.02,vanilla,True,0,20,0.10257698198292167,9.889500828823245,0.07698906943440019,10,0.10212360210991198,9.90873875136214,0.07740141513916704,5.0,none
val_images_circle,circle,test010.png,9,upright,0.0,False,321,321,80892.0,0.7850467562675476,inpaint,red_gd,wavelet,15.0,fixed5p0,0.8,3.8461538461538467,1.4142135623730951,0.02,vanilla,True,0,20,0.10257698198292167,9.889500828823245,0.07698906943440019,11,0.10207827015882287,9.910666982118949,0.07744102476141028,5.0,none
val_images_circle,circle,test010.png,9,upright,0.0,False,321,321,80892.0,0.7850467562675476,inpaint,red_gd,wavelet,15.0,fixed5p0,0.8,3.8461538461538467,1.4142135623730951,0.02,vanilla,True,0,20,0.10257698198292167,9.889500828823245,0.07698906943440019,12,0.10203303478712357,9.912591958556945,0.07748421385728811,5.0,none
val_images_circle,circle,test010.png,9,upright,0.0,False,321,321,80892.0,0.7850467562675476,inpaint,red_gd,wavelet,15.0,fixed5p0,0.8,3.8461538461538467,1.4142135623730951,0.02,vanilla,True,0,20,0.10257698198292167,9.889500828823245,0.07698906943440019,13,0.10198771490845819,9.914521387164378,0.07752414943497193,5.0,none
val_images_circle,circle,test010.png,9,upright,0.0,False,321,321,80892.0,0.7850467562675476,inpaint,red_gd,wavelet,15.0,fixed5p0,0.8,3.8461538461538467,1.4142135623730951,0.02,vanilla,True,0,20,0.10257698198292167,9.889500828823245,0.07698906943440019,14,0.10194249160918262,9.916447558866565,0.0775671393358583,5.0,none
val_images_circle,circle,test010.png,9,upright,0.0,False,321,321,80892.0,0.7850467562675476,inpaint,red_gd,wavelet,15.0,fixed5p0,0.8,3.8461538461538467,1.4142135623730951,0.02,vanilla,True,0,20,0.10257698198292167,9.889500828823245,0.07698906943440019,15,0.1018972079477884,9.918377157922114,0.07760734654307595,5.0,none
val_images_circle,circle,test010.png,9,upright,0.0,False,321,321,80892.0,0.7850467562675476,inpaint,red_gd,wavelet,15.0,fixed5p0,0.8,3.8461538461538467,1.4142135623730951,0.02,vanilla,True,0,20,0.10257698198292167,9.889500828823245,0.07698906943440019,16,0.10185198464851283,9.920305040864971,0.07765014932139458,5.0,none
val_images_circle,circle,test010.png,9,upright,0.0,False,321,321,80892.0,0.7850467562675476,inpaint,red_gd,wavelet,15.0,fixed5p0,0.8,3.8461538461538467,1.4142135623730951,0.02,vanilla,True,0,20,0.10257698198292167,9.889500828823245,0.07698906943440019,17,0.10180671305954235,9.922235839973673,0.07769062212193419,5.0,none
val_images_circle,circle,test010.png,9,upright,0.0,False,321,321,80892.0,0.7850467562675476,inpaint,red_gd,wavelet,15.0,fixed5p0,0.8,3.8461538461538467,1.4142135623730951,0.02,vanilla,True,0,20,0.10257698198292167,9.889500828823245,0.07698906943440019,18,0.1017615018326905,9.924164921748552,0.0777332800311681,5.0,none
val_images_circle,circle,test010.png,9,upright,0.0,False,321,321,80892.0,0.7850467562675476,inpaint,red_gd,wavelet,15.0,fixed5p0,0.8,3.8461538461538467,1.4142135623730951,0.02,vanilla,True,0,20,0.10257698198292167,9.889500828823245,0.07698906943440019,19,0.10171625438856748,9.92609640713464,0.07777395806291104,5.0,none
val_images_circle,circle,test010.png,9,upright,0.0,False,321,321,80892.0,0.7850467562675476,inpaint,red_gd,wavelet,15.0,fixed5p0,0.8,3.8461538461538467,1.4142135623730951,0.02,vanilla,True,0,20,0.10257698198292167,9.889500828823245,0.07698906943440019,20,0.10167105523413934,9.928026689187575,0.07781650732033144,5.0,none
val_images_circle,circle,test010.png,9,upright,0.0,False,321,321,80892.0,0.7850467562675476,inpaint,red_gd,wavelet,15.0,fixed5p0,0.8,3.8461538461538467,1.4142135623730951,0.02,G16_fixed,True,16,20,0.10257698198292167,9.889500828823245,0.07698906943440019,1,0.10244235031353532,9.895204661613406,0.07712217394218526,5.0,0;22.5;45;67.5;90;112.5;135;157.5;180;202.5;225;247.5;270;292.5;315;337.5
val_images_circle,circle,test010.png,9,upright,0.0,False,321,321,80892.0,0.7850467562675476,inpaint,red_gd,wavelet,15.0,fixed5p0,0.8,3.8461538461538467,1.4142135623730951,0.02,G16_fixed,True,16,20,0.10257698198292167,9.889500828823245,0.07698906943440019,2,0.10230779107869134,9.900912920586766,0.07725427040258925,5.0,0;22.5;45;67.5;90;112.5;135;157.5;180;202.5;225;247.5;270;292.5;315;337.5
val_images_circle,circle,test010.png,9,upright,0.0,False,321,321,80892.0,0.7850467562675476,inpaint,red_gd,wavelet,15.0,fixed5p0,0.8,3.8461538461538467,1.4142135623730951,0.02,G16_fixed,True,16,20,0.10257698198292167,9.889500828823245,0.07698906943440019,3,0.10217337671293206,9.906622534472119,0.07738788798838266,5.0,0;22.5;45;67.5;90;112.5;135;157.5;180;202.5;225;247.5;270;292.5;315;337.5
val_images_circle,circle,test010.png,9,upright,0.0,False,321,321,80892.0,0.7850467562675476,inpaint,red_gd,wavelet,15.0,fixed5p0,0.8,3.8461538461538467,1.4142135623730951,0.02,G16_fixed,True,16,20,0.10257698198292167,9.889500828823245,0.07698906943440019,4,0.1020390227092914,9.912337095486695,0.07752026211453233,5.0,0;22.5;45;67.5;90;112.5;135;157.5;180;202.5;225;247.5;270;292.5;315;337.5
val_images_circle,circle,test010.png,9,upright,0.0,False,321,321,80892.0,0.7850467562675476,inpaint,red_gd,wavelet,15.0,fixed5p0,0.8,3.8461538461538467,1.4142135623730951,0.02,G16_fixed,True,16,20,0.10257698198292167,9.889500828823245,0.07698906943440019,5,0.10190481357473545,9.9180530117933,0.07765436863348663,5.0,0;22.5;45;67.5;90;112.5;135;157.5;180;202.5;225;247.5;270;292.5;315;337.5
val_images_circle,circle,test010.png,9,upright,0.0,False,321,321,80892.0,0.7850467562675476,inpaint,red_gd,wavelet,15.0,fixed5p0,0.8,3.8461538461538467,1.4142135623730951,0.02,G16_fixed,True,16,20,0.10257698198292167,9.889500828823245,0.07698906943440019,6,0.10177067687472185,9.923773369891402,0.07778709285992434,5.0,0;22.5;45;67.5;90;112.5;135;157.5;180;202.5;225;247.5;270;292.5;315;337.5
val_images_circle,circle,test010.png,9,upright,0.0,False,321,321,80892.0,0.7850467562675476,inpaint,red_gd,wavelet,15.0,fixed5p0,0.8,3.8461538461538467,1.4142135623730951,0.02,G16_fixed,True,16,20,0.10257698198292167,9.889500828823245,0.07698906943440019,7,0.1016366608989455,9.929496113999384,0.07792162794992089,5.0,0;22.5;45;67.5;90;112.5;135;157.5;180;202.5;225;247.5;270;292.5;315;337.5
val_images_circle,circle,test010.png,9,upright,0.0,False,321,321,80892.0,0.7850467562675476,inpaint,red_gd,wavelet,15.0,fixed5p0,0.8,3.8461538461538467,1.4142135623730951,0.02,G16_fixed,True,16,20,0.10257698198292167,9.889500828823245,0.07698906943440019,8,0.10150271735771152,9.935223309757683,0.0780547264214941,5.0,0;22.5;45;67.5;90;112.5;135;157.5;180;202.5;225;247.5;270;292.5;315;337.5
val_images_circle,circle,test010.png,9,upright,0.0,False,321,321,80892.0,0.7850467562675476,inpaint,red_gd,wavelet,15.0,fixed5p0,0.8,3.8461538461538467,1.4142135623730951,0.02,G16_fixed,True,16,20,0.10257698198292167,9.889500828823245,0.07698906943440019,9,0.10136889454071478,9.940952895958558,0.07818968404632103,5.0,0;22.5;45;67.5;90;112.5;135;157.5;180;202.5;225;247.5;270;292.5;315;337.5
val_images_circle,circle,test010.png,9,upright,0.0,False,321,321,80892.0,0.7850467562675476,inpaint,red_gd,wavelet,15.0,fixed5p0,0.8,3.8461538461538467,1.4142135623730951,0.02,G16_fixed,True,16,20,0.10257698198292167,9.889500828823245,0.07698906943440019,10,0.10123516226689598,9.946686166843833,0.0783231929803009,5.0,0;22.5;45;67.5;90;112.5;135;157.5;180;202.5;225;247.5;270;292.5;315;337.5
val_images_circle,circle,test010.png,9,upright,0.0,False,321,321,80892.0,0.7850467562675476,inpaint,red_gd,wavelet,15.0,fixed5p0,0.8,3.8461538461538467,1.4142135623730951,0.02,G16_fixed,True,16,20,0.10257698198292167,9.889500828823245,0.07698906943440019,11,0.10110153864489071,9.952422349144308,0.07845856106753449,5.0,0;22.5;45;67.5;90;112.5;135;157.5;180;202.5;225;247.5;270;292.5;315;337.5
val_images_circle,circle,test010.png,9,upright,0.0,False,321,321,80892.0,0.7850467562675476,inpaint,red_gd,wavelet,15.0,fixed5p0,0.8,3.8461538461538467,1.4142135623730951,0.02,G16_fixed,True,16,20,0.10257698198292167,9.889500828823245,0.07698906943440019,12,0.10096800556606339,9.958162223300445,0.07859249857255662,5.0,0;22.5;45;67.5;90;112.5;135;157.5;180;202.5;225;247.5;270;292.5;315;337.5
val_images_circle,circle,test010.png,9,upright,0.0,False,321,321,80892.0,0.7850467562675476,inpaint,red_gd,wavelet,15.0,fixed5p0,0.8,3.8461538461538467,1.4142135623730951,0.02,G16_fixed,True,16,20,0.10257698198292167,9.889500828823245,0.07698906943440019,13,0.10083457510283773,9.963905273973943,0.07872825901356129,5.0,0;22.5;45;67.5;90;112.5;135;157.5;180;202.5;225;247.5;270;292.5;315;337.5
val_images_circle,circle,test010.png,9,upright,0.0,False,321,321,80892.0,0.7850467562675476,inpaint,red_gd,wavelet,15.0,fixed5p0,0.8,3.8461538461538467,1.4142135623730951,0.02,G16_fixed,True,16,20,0.10257698198292167,9.889500828823245,0.07698906943440019,14,0.10070122914657816,9.969652284700313,0.07886267337932057,5.0,0;22.5;45;67.5;90;112.5;135;157.5;180;202.5;225;247.5;270;292.5;315;337.5
val_images_circle,circle,test010.png,9,upright,0.0,False,321,321,80892.0,0.7850467562675476,inpaint,red_gd,wavelet,15.0,fixed5p0,0.8,3.8461538461538467,1.4142135623730951,0.02,G16_fixed,True,16,20,0.10257698198292167,9.889500828823245,0.07698906943440019,15,0.10056796769728465,9.975403261148102,0.07899883221030819,5.0,0;22.5;45;67.5;90;112.5;135;157.5;180;202.5;225;247.5;270;292.5;315;337.5
val_images_circle,circle,test010.png,9,upright,0.0,False,321,321,80892.0,0.7850467562675476,inpaint,red_gd,wavelet,15.0,fixed5p0,0.8,3.8461538461538467,1.4142135623730951,0.02,G16_fixed,True,16,20,0.10257698198292167,9.889500828823245,0.07698906943440019,16,0.10043480886359281,9.981157425955024,0.07913370532816905,5.0,0;22.5;45;67.5;90;112.5;135;157.5;180;202.5;225;247.5;270;292.5;315;337.5
val_images_circle,circle,test010.png,9,upright,0.0,False,321,321,80892.0,0.7850467562675476,inpaint,red_gd,wavelet,15.0,fixed5p0,0.8,3.8461538461538467,1.4142135623730951,0.02,G16_fixed,True,16,20,0.10257698198292167,9.889500828823245,0.07698906943440019,17,0.10030174660929078,9.986915043058778,0.07927026858535145,5.0,0;22.5;45;67.5;90;112.5;135;157.5;180;202.5;225;247.5;270;292.5;315;337.5
val_images_circle,circle,test010.png,9,upright,0.0,False,321,321,80892.0,0.7850467562675476,inpaint,red_gd,wavelet,15.0,fixed5p0,0.8,3.8461538461538467,1.4142135623730951,0.02,G16_fixed,True,16,20,0.10257698198292167,9.889500828823245,0.07698906943440019,18,0.1001687748981667,9.992676377785232,0.07940563667258504,5.0,0;22.5;45;67.5;90;112.5;135;157.5;180;202.5;225;247.5;270;292.5;315;337.5
val_images_circle,circle,test010.png,9,upright,0.0,False,321,321,80892.0,0.7850467562675476,inpaint,red_gd,wavelet,15.0,fixed5p0,0.8,3.8461538461538467,1.4142135623730951,0.02,G16_fixed,True,16,20,0.10257698198292167,9.889500828823245,0.07698906943440019,19,0.10003589373022054,9.998441434799894,0.07954259228353855,5.0,0;22.5;45;67.5;90;112.5;135;157.5;180;202.5;225;247.5;270;292.5;315;337.5
val_images_circle,circle,test010.png,9,upright,0.0,False,321,321,80892.0,0.7850467562675476,inpaint,red_gd,wavelet,15.0,fixed5p0,0.8,3.8461538461538467,1.4142135623730951,0.02,G16_fixed,True,16,20,0.10257698198292167,9.889500828823245,0.07698906943440019,20,0.09990309103302861,10.004210743584014,0.07967845534014488,5.0,0;22.5;45;67.5;90;112.5;135;157.5;180;202.5;225;247.5;270;292.5;315;337.5
val_images_circle,circle,test010.png,9,rot45_padded,45.0,False,321,321,80883.0,0.7849593758583069,inpaint,red_gd,wavelet,15.0,fixed5p0,0.8,3.8461538461538467,1.4142135623730951,0.02,vanilla,False,0,20,0.10283316739147905,9.87866787170724,0.08078445244597134,1,0.1027880477240273,9.880573825127767,0.08082149476326916,5.0,none
val_images_circle,circle,test010.png,9,rot45_padded,45.0,False,321,321,80883.0,0.7849593758583069,inpaint,red_gd,wavelet,15.0,fixed5p0,0.8,3.8461538461538467,1.4142135623730951,0.02,vanilla,False,0,20,0.10283316739147905,9.87866787170724,0.08078445244597134,2,0.10274308501554714,9.882473980713499,0.08086962683559895,5.0,none
val_images_circle,circle,test010.png,9,rot45_padded,45.0,False,321,321,80883.0,0.7849593758583069,inpaint,red_gd,wavelet,15.0,fixed5p0,0.8,3.8461538461538467,1.4142135623730951,0.02,vanilla,False,0,20,0.10283316739147905,9.87866787170724,0.08078445244597134,3,0.10269800156939654,9.884380073844932,0.08090756864854172,5.0,none
val_images_circle,circle,test010.png,9,rot45_padded,45.0,False,321,321,80883.0,0.7849593758583069,inpaint,red_gd,wavelet,15.0,fixed5p0,0.8,3.8461538461538467,1.4142135623730951,0.02,vanilla,False,0,20,0.10283316739147905,9.87866787170724,0.08078445244597134,4,0.10265303886091638,9.88628189586205,0.08095494007354759,5.0,none
val_images_circle,circle,test010.png,9,rot45_padded,45.0,False,321,321,80883.0,0.7849593758583069,inpaint,red_gd,wavelet,15.0,fixed5p0,0.8,3.8461538461538467,1.4142135623730951,0.02,vanilla,False,0,20,0.10283316739147905,9.87866787170724,0.08078445244597134,5,0.10260797956229986,9.8881886393063,0.08099365460758132,5.0,none
val_images_circle,circle,test010.png,9,rot45_padded,45.0,False,321,321,80883.0,0.7849593758583069,inpaint,red_gd,wavelet,15.0,fixed5p0,0.8,3.8461538461538467,1.4142135623730951,0.02,vanilla,False,0,20,0.10283316739147905,9.87866787170724,0.08078445244597134,6,0.10256301685381972,9.890092130232214,0.08104039215981727,5.0,none
val_images_circle,circle,test010.png,9,rot45_padded,45.0,False,321,321,80883.0,0.7849593758583069,inpaint,red_gd,wavelet,15.0,fixed5p0,0.8,3.8461538461538467,1.4142135623730951,0.02,vanilla,False,0,20,0.10283316739147905,9.87866787170724,0.08078445244597134,7,0.10251799377650433,9.891999013204012,0.08107976471415501,5.0,none
val_images_circle,circle,test010.png,9,rot45_padded,45.0,False,321,321,80883.0,0.7849593758583069,inpaint,red_gd,wavelet,15.0,fixed5p0,0.8,3.8461538461538467,1.4142135623730951,0.02,vanilla,False,0,20,0.10283316739147905,9.87866787170724,0.08078445244597134,8,0.10247305521555827,9.893903151892228,0.0811259891312915,5.0,none
val_images_circle,circle,test010.png,9,rot45_padded,45.0,False,321,321,80883.0,0.7849593758583069,inpaint,red_gd,wavelet,15.0,fixed5p0,0.8,3.8461538461538467,1.4142135623730951,0.02,vanilla,False,0,20,0.10283316739147905,9.87866787170724,0.08078445244597134,9,0.10242804421200995,9.895811197367339,0.08116592915268042,5.0,none
val_images_circle,circle,test010.png,9,rot45_padded,45.0,False,321,321,80883.0,0.7849593758583069,inpaint,red_gd,wavelet,15.0,fixed5p0,0.8,3.8461538461538467,1.4142135623730951,0.02,vanilla,False,0,20,0.10283316739147905,9.87866787170724,0.08078445244597134,10,0.10238311772483093,9.897716496434205,0.08121173098797028,5.0,none
val_images_circle,circle,test010.png,9,rot45_padded,45.0,False,321,321,80883.0,0.7849593758583069,inpaint,red_gd,wavelet,15.0,fixed5p0,0.8,3.8461538461538467,1.4142135623730951,0.02,vanilla,False,0,20,0.10283316739147905,9.87866787170724,0.08078445244597134,11,0.10233813086881668,9.899625193628449,0.08125215396004104,5.0,none
val_images_circle,circle,test010.png,9,rot45_padded,45.0,False,321,321,80883.0,0.7849593758583069,inpaint,red_gd,wavelet,15.0,fixed5p0,0.8,3.8461538461538467,1.4142135623730951,0.02,vanilla,False,0,20,0.10283316739147905,9.87866787170724,0.08078445244597134,12,0.10229320438163768,9.901532167041172,0.08129757547166895,5.0,none
val_images_circle,circle,test010.png,9,rot45_padded,45.0,False,321,321,80883.0,0.7849593758583069,inpaint,red_gd,wavelet,15.0,fixed5p0,0.8,3.8461538461538467,1.4142135623730951,0.02,vanilla,False,0,20,0.10283316739147905,9.87866787170724,0.08078445244597134,13,0.10224825374692458,9.903441003822413,0.08133842706246987,5.0,none
val_images_circle,circle,test010.png,9,rot45_padded,45.0,False,321,321,80883.0,0.7849593758583069,inpaint,red_gd,wavelet,15.0,fixed5p0,0.8,3.8461538461538467,1.4142135623730951,0.02,vanilla,False,0,20,0.10283316739147905,9.87866787170724,0.08078445244597134,14,0.10220333933351261,9.905349140797297,0.08138356484057219,5.0,none
val_images_circle,circle,test010.png,9,rot45_padded,45.0,False,321,321,80883.0,0.7849593758583069,inpaint,red_gd,wavelet,15.0,fixed5p0,0.8,3.8461538461538467,1.4142135623730951,0.02,vanilla,False,0,20,0.10283316739147905,9.87866787170724,0.08078445244597134,15,0.10215838869879951,9.90725965634409,0.08142477260750096,5.0,none
val_images_circle,circle,test010.png,9,rot45_padded,45.0,False,321,321,80883.0,0.7849593758583069,inpaint,red_gd,wavelet,15.0,fixed5p0,0.8,3.8461538461538467,1.4142135623730951,0.02,vanilla,False,0,20,0.10283316739147905,9.87866787170724,0.08078445244597134,16,0.10211349843292163,9.909168445198937,0.08146965079961178,5.0,none
val_images_circle,circle,test010.png,9,rot45_padded,45.0,False,321,321,80883.0,0.7849593758583069,inpaint,red_gd,wavelet,15.0,fixed5p0,0.8,3.8461538461538467,1.4142135623730951,0.02,vanilla,False,0,20,0.10283316739147905,9.87866787170724,0.08078445244597134,17,0.10206857194574262,9.911079614553996,0.08151118455825081,5.0,none
val_images_circle,circle,test010.png,9,rot45_padded,45.0,False,321,321,80883.0,0.7849593758583069,inpaint,red_gd,wavelet,15.0,fixed5p0,0.8,3.8461538461538467,1.4142135623730951,0.02,vanilla,False,0,20,0.10283316739147905,9.87866787170724,0.08078445244597134,18,0.10202368167986474,9.91299008344539,0.08155585749632185,5.0,none
val_images_circle,circle,test010.png,9,rot45_padded,45.0,False,321,321,80883.0,0.7849593758583069,inpaint,red_gd,wavelet,15.0,fixed5p0,0.8,3.8461538461538467,1.4142135623730951,0.02,vanilla,False,0,20,0.10283316739147905,9.87866787170724,0.08078445244597134,19,0.10197876726645277,9.914902421490218,0.08159765687783589,5.0,none
val_images_circle,circle,test010.png,9,rot45_padded,45.0,False,321,321,80883.0,0.7849593758583069,inpaint,red_gd,wavelet,15.0,fixed5p0,0.8,3.8461538461538467,1.4142135623730951,0.02,vanilla,False,0,20,0.10283316739147905,9.87866787170724,0.08078445244597134,20,0.10193390114810899,9.916813544333841,0.08164217285693533,5.0,none
val_images_circle,circle,test010.png,9,rot45_padded,45.0,False,321,321,80883.0,0.7849593758583069,inpaint,red_gd,wavelet,15.0,fixed5p0,0.8,3.8461538461538467,1.4142135623730951,0.02,G16_fixed,False,16,20,0.10283316739147905,9.87866787170724,0.08078445244597134,1,0.1027851741674703,9.880695238777339,0.08083107529742035,5.0,0;22.5;45;67.5;90;112.5;135;157.5;180;202.5;225;247.5;270;292.5;315;337.5
val_images_circle,circle,test010.png,9,rot45_padded,45.0,False,321,321,80883.0,0.7849593758583069,inpaint,red_gd,wavelet,15.0,fixed5p0,0.8,3.8461538461538467,1.4142135623730951,0.02,G16_fixed,False,16,20,0.10283316739147905,9.87866787170724,0.08078445244597134,2,0.10273722923852972,9.882721511155122,0.08088022156618202,5.0,0;22.5;45;67.5;90;112.5;135;157.5;180;202.5;225;247.5;270;292.5;315;337.5
val_images_circle,circle,test010.png,9,rot45_padded,45.0,False,321,321,80883.0,0.7849593758583069,inpaint,red_gd,wavelet,15.0,fixed5p0,0.8,3.8461538461538467,1.4142135623730951,0.02,G16_fixed,False,16,20,0.10283316739147905,9.87866787170724,0.08078445244597134,3,0.10268926016205507,9.884749750614832,0.08092714022492366,5.0,0;22.5;45;67.5;90;112.5;135;157.5;180;202.5;225;247.5;270;292.5;315;337.5
val_images_circle,circle,test010.png,9,rot45_padded,45.0,False,321,321,80883.0,0.7849593758583069,inpaint,red_gd,wavelet,15.0,fixed5p0,0.8,3.8461538461538467,1.4142135623730951,0.02,G16_fixed,False,16,20,0.10283316739147905,9.87866787170724,0.08078445244597134,4,0.1026413152331145,9.886777916017133,0.08097618386666543,5.0,0;22.5;45;67.5;90;112.5;135;157.5;180;202.5;225;247.5;270;292.5;315;337.5
val_images_circle,circle,test010.png,9,rot45_padded,45.0,False,321,321,80883.0,0.7849593758583069,inpaint,red_gd,wavelet,15.0,fixed5p0,0.8,3.8461538461538467,1.4142135623730951,0.02,G16_fixed,False,16,20,0.10283316739147905,9.87866787170724,0.08078445244597134,5,0.10259335823040688,9.888807540122272,0.081023344000748,5.0,0;22.5;45;67.5;90;112.5;135;157.5;180;202.5;225;247.5;270;292.5;315;337.5
val_images_circle,circle,test010.png,9,rot45_padded,45.0,False,321,321,80883.0,0.7849593758583069,inpaint,red_gd,wavelet,15.0,fixed5p0,0.8,3.8461538461538467,1.4142135623730951,0.02,G16_fixed,False,16,20,0.10283316739147905,9.87866787170724,0.08078445244597134,6,0.10254540122769927,9.890838113191835,0.08107228501546987,5.0,0;22.5;45;67.5;90;112.5;135;157.5;180;202.5;225;247.5;270;292.5;315;337.5
val_images_circle,circle,test010.png,9,rot45_padded,45.0,False,321,321,80883.0,0.7849593758583069,inpaint,red_gd,wavelet,15.0,fixed5p0,0.8,3.8461538461538467,1.4142135623730951,0.02,G16_fixed,False,16,20,0.10283316739147905,9.87866787170724,0.08078445244597134,7,0.1024974562987587,9.892869124533057,0.08111969266177689,5.0,0;22.5;45;67.5;90;112.5;135;157.5;180;202.5;225;247.5;270;292.5;315;337.5
val_images_circle,circle,test010.png,9,rot45_padded,45.0,False,321,321,80883.0,0.7849593758583069,inpaint,red_gd,wavelet,15.0,fixed5p0,0.8,3.8461538461538467,1.4142135623730951,0.02,G16_fixed,False,16,20,0.10283316739147905,9.87866787170724,0.08078445244597134,8,0.10244951136981813,9.89490108613667,0.08116856727078002,5.0,0;22.5;45;67.5;90;112.5;135;157.5;180;202.5;225;247.5;270;292.5;315;337.5
val_images_circle,circle,test010.png,9,rot45_padded,45.0,False,321,321,80883.0,0.7849593758583069,inpaint,red_gd,wavelet,15.0,fixed5p0,0.8,3.8461538461538467,1.4142135623730951,0.02,G16_fixed,False,16,20,0.10283316739147905,9.87866787170724,0.08078445244597134,9,0.10240156644087757,9.896933998892303,0.08121616206047624,5.0,0;22.5;45;67.5;90;112.5;135;157.5;180;202.5;225;247.5;270;292.5;315;337.5
val_images_circle,circle,test010.png,9,rot45_padded,45.0,False,321,321,80883.0,0.7849593758583069,inpaint,red_gd,wavelet,15.0,fixed5p0,0.8,3.8461538461538467,1.4142135623730951,0.02,G16_fixed,False,16,20,0.10283316739147905,9.87866787170724,0.08078445244597134,10,0.102353621511937,9.898967863690833,0.08126500044817823,5.0,0;22.5;45;67.5;90;112.5;135;157.5;180;202.5;225;247.5;270;292.5;315;337.5
val_images_circle,circle,test010.png,9,rot45_padded,45.0,False,321,321,80883.0,0.7849593758583069,inpaint,red_gd,wavelet,15.0,fixed5p0,0.8,3.8461538461538467,1.4142135623730951,0.02,G16_fixed,False,16,20,0.10283316739147905,9.87866787170724,0.08078445244597134,11,0.10230567658299643,9.90100268142439,0.08131277634438015,5.0,0;22.5;45;67.5;90;112.5;135;157.5;180;202.5;225;247.5;270;292.5;315;337.5
val_images_circle,circle,test010.png,9,rot45_padded,45.0,False,321,321,80883.0,0.7849593758583069,inpaint,red_gd,wavelet,15.0,fixed5p0,0.8,3.8461538461538467,1.4142135623730951,0.02,G16_fixed,False,16,20,0.10283316739147905,9.87866787170724,0.08078445244597134,12,0.10225774372782291,9.903037940206541,0.08136159058454805,5.0,0;22.5;45;67.5;90;112.5;135;157.5;180;202.5;225;247.5;270;292.5;315;337.5
val_images_circle,circle,test010.png,9,rot45_padded,45.0,False,321,321,80883.0,0.7849593758583069,inpaint,red_gd,wavelet,15.0,fixed5p0,0.8,3.8461538461538467,1.4142135623730951,0.02,G16_fixed,False,16,20,0.10283316739147905,9.87866787170724,0.08078445244597134,13,0.10220981087264938,9.90507415323073,0.0814095294766051,5.0,0;22.5;45;67.5;90;112.5;135;157.5;180;202.5;225;247.5;270;292.5;315;337.5
val_images_circle,circle,test010.png,9,rot45_padded,45.0,False,321,321,80883.0,0.7849593758583069,inpaint,red_gd,wavelet,15.0,fixed5p0,0.8,3.8461538461538467,1.4142135623730951,0.02,G16_fixed,False,16,20,0.10283316739147905,9.87866787170724,0.08078445244597134,14,0.10216189009124291,9.907110808131245,0.08145834371677299,5.0,0;22.5;45;67.5;90;112.5;135;157.5;180;202.5;225;247.5;270;292.5;315;337.5
val_images_circle,circle,test010.png,9,rot45_padded,45.0,False,321,321,80883.0,0.7849593758583069,inpaint,red_gd,wavelet,15.0,fixed5p0,0.8,3.8461538461538467,1.4142135623730951,0.02,G16_fixed,False,16,20,0.10283316739147905,9.87866787170724,0.08078445244597134,15,0.10211395723606938,9.909148932085511,0.08150644560468516,5.0,0;22.5;45;67.5;90;112.5;135;157.5;180;202.5;225;247.5;270;292.5;315;337.5
val_images_circle,circle,test010.png,9,rot45_padded,45.0,False,321,321,80883.0,0.7849593758583069,inpaint,red_gd,wavelet,15.0,fixed5p0,0.8,3.8461538461538467,1.4142135623730951,0.02,G16_fixed,False,16,20,0.10283316739147905,9.87866787170724,0.08078445244597134,16,0.1020660364546629,9.911187499228086,0.08155526588173659,5.0,0;22.5;45;67.5;90;112.5;135;157.5;180;202.5;225;247.5;270;292.5;315;337.5
val_images_circle,circle,test010.png,9,rot45_padded,45.0,False,321,321,80883.0,0.7849593758583069,inpaint,red_gd,wavelet,15.0,fixed5p0,0.8,3.8461538461538467,1.4142135623730951,0.02,G16_fixed,False,16,20,0.10283316739147905,9.87866787170724,0.08078445244597134,17,0.10201810359948939,9.91322753770251,0.08160350058108626,5.0,0;22.5;45;67.5;90;112.5;135;157.5;180;202.5;225;247.5;270;292.5;315;337.5
val_images_circle,circle,test010.png,9,rot45_padded,45.0,False,321,321,80883.0,0.7849593758583069,inpaint,red_gd,wavelet,15.0,fixed5p0,0.8,3.8461538461538467,1.4142135623730951,0.02,G16_fixed,False,16,20,0.10283316739147905,9.87866787170724,0.08078445244597134,18,0.10197018281808291,9.915268020681376,0.08165233293190473,5.0,0;22.5;45;67.5;90;112.5;135;157.5;180;202.5;225;247.5;270;292.5;315;337.5
val_images_circle,circle,test010.png,9,rot45_padded,45.0,False,321,321,80883.0,0.7849593758583069,inpaint,red_gd,wavelet,15.0,fixed5p0,0.8,3.8461538461538467,1.4142135623730951,0.02,G16_fixed,False,16,20,0.10283316739147905,9.87866787170724,0.08078445244597134,19,0.10192227411044348,9.917308948340915,0.08170070044269191,5.0,0;22.5;45;67.5;90;112.5;135;157.5;180;202.5;225;247.5;270;292.5;315;337.5
val_images_circle,circle,test010.png,9,rot45_padded,45.0,False,321,321,80883.0,0.7849593758583069,inpaint,red_gd,wavelet,15.0,fixed5p0,0.8,3.8461538461538467,1.4142135623730951,0.02,G16_fixed,False,16,20,0.10283316739147905,9.87866787170724,0.08078445244597134,20,0.101874353329037,9.91935135027645,0.08174955694104447,5.0,0;22.5;45;67.5;90;112.5;135;157.5;180;202.5;225;247.5;270;292.5;315;337.5
