dataset,eval_mask,file,image_index,input_pose,input_angle_deg,input_rotate_expand,input_height,input_width,eval_mask_pixels,eval_mask_fraction,problem,algorithm,denoiser,train_sigma,schedule,rho,step,red_input_sigma,lambda,mode,group_expand,base_group_size,num_iter,degraded_se,degraded_psnr,degraded_ssim,iteration,se,psnr,ssim,effective_denoiser_sigma,sampled_angles
val_images_circle,circle,test001.png,0,upright,0.0,False,321,321,80892.0,0.7850467562675476,blur,pnp_hqs,restormer,15.0,fixed15p0,0.2,0.5,0.0,0.15,vanilla,True,0,20,0.006629606197055178,21.785122682053828,0.52085714015292,1,0.004547144039998933,23.422612884194997,0.608539153670944,15.0,none
val_images_circle,circle,test001.png,0,upright,0.0,False,321,321,80892.0,0.7850467562675476,blur,pnp_hqs,restormer,15.0,fixed15p0,0.2,0.5,0.0,0.15,vanilla,True,0,20,0.006629606197055178,21.785122682053828,0.52085714015292,2,0.0041051861888864935,23.866671408655478,0.6426137145051427,15.0,none
val_images_circle,circle,test001.png,0,upright,0.0,False,321,321,80892.0,0.7850467562675476,blur,pnp_hqs,restormer,15.0,fixed15p0,0.2,0.5,0.0,0.15,vanilla,True,0,20,0.006629606197055178,21.785122682053828,0.52085714015292,3,0.0038633491332386084,24.130360426220776,0.6608966276022351,15.0,none
val_images_circle,circle,test001.png,0,upright,0.0,False,321,321,80892.0,0.7850467562675476,blur,pnp_hqs,restormer,15.0,fixed15p0,0.2,0.5,0.0,0.15,vanilla,True,0,20,0.006629606197055178,21.785122682053828,0.52085714015292,4,0.0037149435829079975,24.30047777278315,0.6724233294856105,15.0,none
val_images_circle,circle,test001.png,0,upright,0.0,False,321,321,80892.0,0.7850467562675476,blur,pnp_hqs,restormer,15.0,fixed15p0,0.2,0.5,0.0,0.15,vanilla,True,0,20,0.006629606197055178,21.785122682053828,0.52085714015292,5,0.0036131760690082918,24.42110874873819,0.6803474269705286,15.0,none
val_images_circle,circle,test001.png,0,upright,0.0,False,321,321,80892.0,0.7850467562675476,blur,pnp_hqs,restormer,15.0,fixed15p0,0.2,0.5,0.0,0.15,vanilla,True,0,20,0.006629606197055178,21.785122682053828,0.52085714015292,6,0.0035360664805678403,24.514795785366918,0.6861770555184691,15.0,none
val_images_circle,circle,test001.png,0,upright,0.0,False,321,321,80892.0,0.7850467562675476,blur,pnp_hqs,restormer,15.0,fixed15p0,0.2,0.5,0.0,0.15,vanilla,True,0,20,0.006629606197055178,21.785122682053828,0.52085714015292,7,0.003476166132148034,24.588994760234183,0.6906841259024378,15.0,none
val_images_circle,circle,test001.png,0,upright,0.0,False,321,321,80892.0,0.7850467562675476,blur,pnp_hqs,restormer,15.0,fixed15p0,0.2,0.5,0.0,0.15,vanilla,True,0,20,0.006629606197055178,21.785122682053828,0.52085714015292,8,0.0034272041541499776,24.650600244350382,0.6942861508245562,15.0,none
val_images_circle,circle,test001.png,0,upright,0.0,False,321,321,80892.0,0.7850467562675476,blur,pnp_hqs,restormer,15.0,fixed15p0,0.2,0.5,0.0,0.15,vanilla,True,0,20,0.006629606197055178,21.785122682053828,0.52085714015292,9,0.0033867524803518887,24.70216542459418,0.6970774400589675,15.0,none
val_images_circle,circle,test001.png,0,upright,0.0,False,321,321,80892.0,0.7850467562675476,blur,pnp_hqs,restormer,15.0,fixed15p0,0.2,0.5,0.0,0.15,vanilla,True,0,20,0.006629606197055178,21.785122682053828,0.52085714015292,10,0.003352266470190385,24.74661466791872,0.6992380658779608,15.0,none
val_images_circle,circle,test001.png,0,upright,0.0,False,321,321,80892.0,0.7850467562675476,blur,pnp_hqs,restormer,15.0,fixed15p0,0.2,0.5,0.0,0.15,vanilla,True,0,20,0.006629606197055178,21.785122682053828,0.52085714015292,11,0.0033230730860427716,24.784601069560072,0.7008816539336399,15.0,none
val_images_circle,circle,test001.png,0,upright,0.0,False,321,321,80892.0,0.7850467562675476,blur,pnp_hqs,restormer,15.0,fixed15p0,0.2,0.5,0.0,0.15,vanilla,True,0,20,0.006629606197055178,21.785122682053828,0.52085714015292,12,0.003298389883946342,24.816980101715956,0.702137620608342,15.0,none
val_images_circle,circle,test001.png,0,upright,0.0,False,321,321,80892.0,0.7850467562675476,blur,pnp_hqs,restormer,15.0,fixed15p0,0.2,0.5,0.0,0.15,vanilla,True,0,20,0.006629606197055178,21.785122682053828,0.52085714015292,13,0.003278544705657891,24.843188899940625,0.7030938048570934,15.0,none
val_images_circle,circle,test001.png,0,upright,0.0,False,321,321,80892.0,0.7850467562675476,blur,pnp_hqs,restormer,15.0,fixed15p0,0.2,0.5,0.0,0.15,vanilla,True,0,20,0.006629606197055178,21.785122682053828,0.52085714015292,14,0.0032619820948330412,24.86518427151215,0.7038041462690996,15.0,none
val_images_circle,circle,test001.png,0,upright,0.0,False,321,321,80892.0,0.7850467562675476,blur,pnp_hqs,restormer,15.0,fixed15p0,0.2,0.5,0.0,0.15,vanilla,True,0,20,0.006629606197055178,21.785122682053828,0.52085714015292,15,0.003249431301317459,24.881926403476644,0.7043076629178411,15.0,none
val_images_circle,circle,test001.png,0,upright,0.0,False,321,321,80892.0,0.7850467562675476,blur,pnp_hqs,restormer,15.0,fixed15p0,0.2,0.5,0.0,0.15,vanilla,True,0,20,0.006629606197055178,21.785122682053828,0.52085714015292,16,0.0032389750733182437,24.89592394244221,0.704678141457128,15.0,none
val_images_circle,circle,test001.png,0,upright,0.0,False,321,321,80892.0,0.7850467562675476,blur,pnp_hqs,restormer,15.0,fixed15p0,0.2,0.5,0.0,0.15,vanilla,True,0,20,0.006629606197055178,21.785122682053828,0.52085714015292,17,0.0032309552113321234,24.906690622875654,0.7049032680147604,15.0,none
val_images_circle,circle,test001.png,0,upright,0.0,False,321,321,80892.0,0.7850467562675476,blur,pnp_hqs,restormer,15.0,fixed15p0,0.2,0.5,0.0,0.15,vanilla,True,0,20,0.006629606197055178,21.785122682053828,0.52085714015292,18,0.003224607757295221,24.91523105587624,0.7050404590379765,15.0,none
val_images_circle,circle,test001.png,0,upright,0.0,False,321,321,80892.0,0.7850467562675476,blur,pnp_hqs,restormer,15.0,fixed15p0,0.2,0.5,0.0,0.15,vanilla,True,0,20,0.006629606197055178,21.785122682053828,0.52085714015292,19,0.0032197176711599262,24.921822088113174,0.7050998070730109,15.0,none
val_images_circle,circle,test001.png,0,upright,0.0,False,321,321,80892.0,0.7850467562675476,blur,pnp_hqs,restormer,15.0,fixed15p0,0.2,0.5,0.0,0.15,vanilla,True,0,20,0.006629606197055178,21.785122682053828,0.52085714015292,20,0.0032163143794590706,24.926415076252834,0.7050830988385749,15.0,none
val_images_circle,circle,test001.png,0,upright,0.0,False,321,321,80892.0,0.7850467562675476,blur,pnp_hqs,restormer,15.0,fixed15p0,0.2,0.5,0.0,0.15,G16_fixed,True,16,20,0.006629606197055178,21.785122682053828,0.52085714015292,1,0.004670690206299372,23.30618937284364,0.5870309235616624,15.0,0;22.5;45;67.5;90;112.5;135;157.5;180;202.5;225;247.5;270;292.5;315;337.5
val_images_circle,circle,test001.png,0,upright,0.0,False,321,321,80892.0,0.7850467562675476,blur,pnp_hqs,restormer,15.0,fixed15p0,0.2,0.5,0.0,0.15,G16_fixed,True,16,20,0.006629606197055178,21.785122682053828,0.52085714015292,2,0.004228218522652117,23.738425755913024,0.6157188172192553,15.0,0;22.5;45;67.5;90;112.5;135;157.5;180;202.5;225;247.5;270;292.5;315;337.5
val_images_circle,circle,test001.png,0,upright,0.0,False,321,321,80892.0,0.7850467562675476,blur,pnp_hqs,restormer,15.0,fixed15p0,0.2,0.5,0.0,0.15,G16_fixed,True,16,20,0.006629606197055178,21.785122682053828,0.52085714015292,3,0.004028499889802916,23.948566438997855,0.6262423972704346,15.0,0;22.5;45;67.5;90;112.5;135;157.5;180;202.5;225;247.5;270;292.5;315;337.5
val_images_circle,circle,test001.png,0,upright,0.0,False,321,321,80892.0,0.7850467562675476,blur,pnp_hqs,restormer,15.0,fixed15p0,0.2,0.5,0.0,0.15,G16_fixed,True,16,20,0.006629606197055178,21.785122682053828,0.52085714015292,4,0.0038792021119063457,24.112575924548587,0.6357250929480047,15.0,0;22.5;45;67.5;90;112.5;135;157.5;180;202.5;225;247.5;270;292.5;315;337.5
val_images_circle,circle,test001.png,0,upright,0.0,False,321,321,80892.0,0.7850467562675476,blur,pnp_hqs,restormer,15.0,fixed15p0,0.2,0.5,0.0,0.15,G16_fixed,True,16,20,0.006629606197055178,21.785122682053828,0.52085714015292,5,0.0038058172434484406,24.195520705070997,0.6386589333617663,15.0,0;22.5;45;67.5;90;112.5;135;157.5;180;202.5;225;247.5;270;292.5;315;337.5
val_images_circle,circle,test001.png,0,upright,0.0,False,321,321,80892.0,0.7850467562675476,blur,pnp_hqs,restormer,15.0,fixed15p0,0.2,0.5,0.0,0.15,G16_fixed,True,16,20,0.006629606197055178,21.785122682053828,0.52085714015292,6,0.003710741247661813,24.305393282247934,0.6466526162970381,15.0,0;22.5;45;67.5;90;112.5;135;157.5;180;202.5;225;247.5;270;292.5;315;337.5
val_images_circle,circle,test001.png,0,upright,0.0,False,321,321,80892.0,0.7850467562675476,blur,pnp_hqs,restormer,15.0,fixed15p0,0.2,0.5,0.0,0.15,G16_fixed,True,16,20,0.006629606197055178,21.785122682053828,0.52085714015292,7,0.003732291655801485,24.280244261377447,0.6382968089396974,15.0,0;22.5;45;67.5;90;112.5;135;157.5;180;202.5;225;247.5;270;292.5;315;337.5
val_images_circle,circle,test001.png,0,upright,0.0,False,321,321,80892.0,0.7850467562675476,blur,pnp_hqs,restormer,15.0,fixed15p0,0.2,0.5,0.0,0.15,G16_fixed,True,16,20,0.006629606197055178,21.785122682053828,0.52085714015292,8,0.003655570648499697,24.370448183914956,0.6473410824772536,15.0,0;22.5;45;67.5;90;112.5;135;157.5;180;202.5;225;247.5;270;292.5;315;337.5
val_images_circle,circle,test001.png,0,upright,0.0,False,321,321,80892.0,0.7850467562675476,blur,pnp_hqs,restormer,15.0,fixed15p0,0.2,0.5,0.0,0.15,G16_fixed,True,16,20,0.006629606197055178,21.785122682053828,0.52085714015292,9,0.003686858598163678,24.33343518541119,0.6405902314196706,15.0,0;22.5;45;67.5;90;112.5;135;157.5;180;202.5;225;247.5;270;292.5;315;337.5
val_images_circle,circle,test001.png,0,upright,0.0,False,321,321,80892.0,0.7850467562675476,blur,pnp_hqs,restormer,15.0,fixed15p0,0.2,0.5,0.0,0.15,G16_fixed,True,16,20,0.006629606197055178,21.785122682053828,0.52085714015292,10,0.0036260784718648784,24.40562801583826,0.6477385066662958,15.0,0;22.5;45;67.5;90;112.5;135;157.5;180;202.5;225;247.5;270;292.5;315;337.5
val_images_circle,circle,test001.png,0,upright,0.0,False,321,321,80892.0,0.7850467562675476,blur,pnp_hqs,restormer,15.0,fixed15p0,0.2,0.5,0.0,0.15,G16_fixed,True,16,20,0.006629606197055178,21.785122682053828,0.52085714015292,11,0.0036653753428809786,24.3588154598998,0.6411694180203233,15.0,0;22.5;45;67.5;90;112.5;135;157.5;180;202.5;225;247.5;270;292.5;315;337.5
val_images_circle,circle,test001.png,0,upright,0.0,False,321,321,80892.0,0.7850467562675476,blur,pnp_hqs,restormer,15.0,fixed15p0,0.2,0.5,0.0,0.15,G16_fixed,True,16,20,0.006629606197055178,21.785122682053828,0.52085714015292,12,0.0035980327224976664,24.439348912585196,0.6504336028284626,15.0,0;22.5;45;67.5;90;112.5;135;157.5;180;202.5;225;247.5;270;292.5;315;337.5
val_images_circle,circle,test001.png,0,upright,0.0,False,321,321,80892.0,0.7850467562675476,blur,pnp_hqs,restormer,15.0,fixed15p0,0.2,0.5,0.0,0.15,G16_fixed,True,16,20,0.006629606197055178,21.785122682053828,0.52085714015292,13,0.0036479499310229997,24.379511310973633,0.6439613833104634,15.0,0;22.5;45;67.5;90;112.5;135;157.5;180;202.5;225;247.5;270;292.5;315;337.5
val_images_circle,circle,test001.png,0,upright,0.0,False,321,321,80892.0,0.7850467562675476,blur,pnp_hqs,restormer,15.0,fixed15p0,0.2,0.5,0.0,0.15,G16_fixed,True,16,20,0.006629606197055178,21.785122682053828,0.52085714015292,14,0.003593952997804944,24.44427606950871,0.6508006527994116,15.0,0;22.5;45;67.5;90;112.5;135;157.5;180;202.5;225;247.5;270;292.5;315;337.5
val_images_circle,circle,test001.png,0,upright,0.0,False,321,321,80892.0,0.7850467562675476,blur,pnp_hqs,restormer,15.0,fixed15p0,0.2,0.5,0.0,0.15,G16_fixed,True,16,20,0.006629606197055178,21.785122682053828,0.52085714015292,15,0.003635486662579427,24.394374443026862,0.6452055190099144,15.0,0;22.5;45;67.5;90;112.5;135;157.5;180;202.5;225;247.5;270;292.5;315;337.5
val_images_circle,circle,test001.png,0,upright,0.0,False,321,321,80892.0,0.7850467562675476,blur,pnp_hqs,restormer,15.0,fixed15p0,0.2,0.5,0.0,0.15,G16_fixed,True,16,20,0.006629606197055178,21.785122682053828,0.52085714015292,16,0.003586247018835685,24.45359799764767,0.6513658353885428,15.0,0;22.5;45;67.5;90;112.5;135;157.5;180;202.5;225;247.5;270;292.5;315;337.5
val_images_circle,circle,test001.png,0,upright,0.0,False,321,321,80892.0,0.7850467562675476,blur,pnp_hqs,restormer,15.0,fixed15p0,0.2,0.5,0.0,0.15,G16_fixed,True,16,20,0.006629606197055178,21.785122682053828,0.52085714015292,17,0.0036310990910817047,24.399618992218404,0.6455789915102853,15.0,0;22.5;45;67.5;90;112.5;135;157.5;180;202.5;225;247.5;270;292.5;315;337.5
val_images_circle,circle,test001.png,0,upright,0.0,False,321,321,80892.0,0.7850467562675476,blur,pnp_hqs,restormer,15.0,fixed15p0,0.2,0.5,0.0,0.15,G16_fixed,True,16,20,0.006629606197055178,21.785122682053828,0.52085714015292,18,0.003578820969191561,24.46260026683184,0.6518966357149039,15.0,0;22.5;45;67.5;90;112.5;135;157.5;180;202.5;225;247.5;270;292.5;315;337.5
val_images_circle,circle,test001.png,0,upright,0.0,False,321,321,80892.0,0.7850467562675476,blur,pnp_hqs,restormer,15.0,fixed15p0,0.2,0.5,0.0,0.15,G16_fixed,True,16,20,0.006629606197055178,21.785122682053828,0.52085714015292,19,0.0036248365212741217,24.407115751645797,0.644835764816051,15.0,0;22.5;45;67.5;90;112.5;135;157.5;180;202.5;225;247.5;270;292.5;315;337.5
val_images_circle,circle,test001.png,0,upright,0.0,False,321,321,80892.0,0.7850467562675476,blur,pnp_hqs,restormer,15.0,fixed15p0,0.2,0.5,0.0,0.15,G16_fixed,True,16,20,0.006629606197055178,21.785122682053828,0.52085714015292,20,0.0035758134266309556,24.466251492437042,0.651211260075162,15.0,0;22.5;45;67.5;90;112.5;135;157.5;180;202.5;225;247.5;270;292.5;315;337.5
val_images_circle,circle,test001.png,0,rot45_padded,45.0,False,321,321,80883.0,0.7849593758583069,blur,pnp_hqs,restormer,15.0,fixed15p0,0.2,0.5,0.0,0.15,vanilla,False,0,20,0.00729424411408686,21.370197063873547,0.5189611750151454,1,0.004635553070049871,23.33898442546175,0.6101976098963936,15.0,none
val_images_circle,circle,test001.png,0,rot45_padded,45.0,False,321,321,80883.0,0.7849593758583069,blur,pnp_hqs,restormer,15.0,fixed15p0,0.2,0.5,0.0,0.15,vanilla,False,0,20,0.00729424411408686,21.370197063873547,0.5189611750151454,2,0.0041870914810735495,23.78087550383806,0.6415770889741973,15.0,none
val_images_circle,circle,test001.png,0,rot45_padded,45.0,False,321,321,80883.0,0.7849593758583069,blur,pnp_hqs,restormer,15.0,fixed15p0,0.2,0.5,0.0,0.15,vanilla,False,0,20,0.00729424411408686,21.370197063873547,0.5189611750151454,3,0.00394330137262311,24.04140030062063,0.6579825372760655,15.0,none
val_images_circle,circle,test001.png,0,rot45_padded,45.0,False,321,321,80883.0,0.7849593758583069,blur,pnp_hqs,restormer,15.0,fixed15p0,0.2,0.5,0.0,0.15,vanilla,False,0,20,0.00729424411408686,21.370197063873547,0.5189611750151454,4,0.0037906610365725027,24.212850487383605,0.6687546073495049,15.0,none
val_images_circle,circle,test001.png,0,rot45_padded,45.0,False,321,321,80883.0,0.7849593758583069,blur,pnp_hqs,restormer,15.0,fixed15p0,0.2,0.5,0.0,0.15,vanilla,False,0,20,0.00729424411408686,21.370197063873547,0.5189611750151454,5,0.0036865478114172247,24.333801292910536,0.6763117713240112,15.0,none
val_images_circle,circle,test001.png,0,rot45_padded,45.0,False,321,321,80883.0,0.7849593758583069,blur,pnp_hqs,restormer,15.0,fixed15p0,0.2,0.5,0.0,0.15,vanilla,False,0,20,0.00729424411408686,21.370197063873547,0.5189611750151454,6,0.0036147296492792832,24.419241786507158,0.6820292795612181,15.0,none
val_images_circle,circle,test001.png,0,rot45_padded,45.0,False,321,321,80883.0,0.7849593758583069,blur,pnp_hqs,restormer,15.0,fixed15p0,0.2,0.5,0.0,0.15,vanilla,False,0,20,0.00729424411408686,21.370197063873547,0.5189611750151454,7,0.003562506456446928,24.48244339896631,0.6862832540521494,15.0,none
val_images_circle,circle,test001.png,0,rot45_padded,45.0,False,321,321,80883.0,0.7849593758583069,blur,pnp_hqs,restormer,15.0,fixed15p0,0.2,0.5,0.0,0.15,vanilla,False,0,20,0.00729424411408686,21.370197063873547,0.5189611750151454,8,0.0035231059815228863,24.530742922436012,0.689704621567573,15.0,none
val_images_circle,circle,test001.png,0,rot45_padded,45.0,False,321,321,80883.0,0.7849593758583069,blur,pnp_hqs,restormer,15.0,fixed15p0,0.2,0.5,0.0,0.15,vanilla,False,0,20,0.00729424411408686,21.370197063873547,0.5189611750151454,9,0.0034939878284595883,24.566786122443425,0.6924870453309101,15.0,none
val_images_circle,circle,test001.png,0,rot45_padded,45.0,False,321,321,80883.0,0.7849593758583069,blur,pnp_hqs,restormer,15.0,fixed15p0,0.2,0.5,0.0,0.15,vanilla,False,0,20,0.00729424411408686,21.370197063873547,0.5189611750151454,10,0.0034708797702487698,24.595604298382003,0.6947173115796892,15.0,none
val_images_circle,circle,test001.png,0,rot45_padded,45.0,False,321,321,80883.0,0.7849593758583069,blur,pnp_hqs,restormer,15.0,fixed15p0,0.2,0.5,0.0,0.15,vanilla,False,0,20,0.00729424411408686,21.370197063873547,0.5189611750151454,11,0.0034526853579205457,24.618429969604225,0.6965465838773289,15.0,none
val_images_circle,circle,test001.png,0,rot45_padded,45.0,False,321,321,80883.0,0.7849593758583069,blur,pnp_hqs,restormer,15.0,fixed15p0,0.2,0.5,0.0,0.15,vanilla,False,0,20,0.00729424411408686,21.370197063873547,0.5189611750151454,12,0.0034386518675606275,24.636117903456352,0.698083381242041,15.0,none
val_images_circle,circle,test001.png,0,rot45_padded,45.0,False,321,321,80883.0,0.7849593758583069,blur,pnp_hqs,restormer,15.0,fixed15p0,0.2,0.5,0.0,0.15,vanilla,False,0,20,0.00729424411408686,21.370197063873547,0.5189611750151454,13,0.003427044827071781,24.650802147931884,0.6993279451491661,15.0,none
val_images_circle,circle,test001.png,0,rot45_padded,45.0,False,321,321,80883.0,0.7849593758583069,blur,pnp_hqs,restormer,15.0,fixed15p0,0.2,0.5,0.0,0.15,vanilla,False,0,20,0.00729424411408686,21.370197063873547,0.5189611750151454,14,0.0034174314673664427,24.663001859460998,0.7004228426399861,15.0,none
val_images_circle,circle,test001.png,0,rot45_padded,45.0,False,321,321,80883.0,0.7849593758583069,blur,pnp_hqs,restormer,15.0,fixed15p0,0.2,0.5,0.0,0.15,vanilla,False,0,20,0.00729424411408686,21.370197063873547,0.5189611750151454,15,0.003409615967035332,24.672945338490486,0.7013458096880679,15.0,none
val_images_circle,circle,test001.png,0,rot45_padded,45.0,False,321,321,80883.0,0.7849593758583069,blur,pnp_hqs,restormer,15.0,fixed15p0,0.2,0.5,0.0,0.15,vanilla,False,0,20,0.00729424411408686,21.370197063873547,0.5189611750151454,16,0.0034021856953340398,24.682419857681413,0.702127030711027,15.0,none
val_images_circle,circle,test001.png,0,rot45_padded,45.0,False,321,321,80883.0,0.7849593758583069,blur,pnp_hqs,restormer,15.0,fixed15p0,0.2,0.5,0.0,0.15,vanilla,False,0,20,0.00729424411408686,21.370197063873547,0.5189611750151454,17,0.00339609825291142,24.690197536224314,0.7028409284089364,15.0,none
val_images_circle,circle,test001.png,0,rot45_padded,45.0,False,321,321,80883.0,0.7849593758583069,blur,pnp_hqs,restormer,15.0,fixed15p0,0.2,0.5,0.0,0.15,vanilla,False,0,20,0.00729424411408686,21.370197063873547,0.5189611750151454,18,0.0033907288223228305,24.697069420644745,0.7034479491209524,15.0,none
val_images_circle,circle,test001.png,0,rot45_padded,45.0,False,321,321,80883.0,0.7849593758583069,blur,pnp_hqs,restormer,15.0,fixed15p0,0.2,0.5,0.0,0.15,vanilla,False,0,20,0.00729424411408686,21.370197063873547,0.5189611750151454,19,0.003385467678332437,24.70381328134132,0.7040171547945798,15.0,none
val_images_circle,circle,test001.png,0,rot45_padded,45.0,False,321,321,80883.0,0.7849593758583069,blur,pnp_hqs,restormer,15.0,fixed15p0,0.2,0.5,0.0,0.15,vanilla,False,0,20,0.00729424411408686,21.370197063873547,0.5189611750151454,20,0.003380881910686192,24.709699982472486,0.7045181195368619,15.0,none
val_images_circle,circle,test001.png,0,rot45_padded,45.0,False,321,321,80883.0,0.7849593758583069,blur,pnp_hqs,restormer,15.0,fixed15p0,0.2,0.5,0.0,0.15,G16_fixed,False,16,20,0.00729424411408686,21.370197063873547,0.5189611750151454,1,0.004625247732570697,23.348650010855735,0.6139680058695894,15.0,0;22.5;45;67.5;90;112.5;135;157.5;180;202.5;225;247.5;270;292.5;315;337.5
val_images_circle,circle,test001.png,0,rot45_padded,45.0,False,321,321,80883.0,0.7849593758583069,blur,pnp_hqs,restormer,15.0,fixed15p0,0.2,0.5,0.0,0.15,G16_fixed,False,16,20,0.00729424411408686,21.370197063873547,0.5189611750151454,2,0.004164712753853367,23.8041494713076,0.6487577928922024,15.0,0;22.5;45;67.5;90;112.5;135;157.5;180;202.5;225;247.5;270;292.5;315;337.5
val_images_circle,circle,test001.png,0,rot45_padded,45.0,False,321,321,80883.0,0.7849593758583069,blur,pnp_hqs,restormer,15.0,fixed15p0,0.2,0.5,0.0,0.15,G16_fixed,False,16,20,0.00729424411408686,21.370197063873547,0.5189611750151454,3,0.0039153256997665606,24.072321049399058,0.6662507495394582,15.0,0;22.5;45;67.5;90;112.5;135;157.5;180;202.5;225;247.5;270;292.5;315;337.5
val_images_circle,circle,test001.png,0,rot45_padded,45.0,False,321,321,80883.0,0.7849593758583069,blur,pnp_hqs,restormer,15.0,fixed15p0,0.2,0.5,0.0,0.15,G16_fixed,False,16,20,0.00729424411408686,21.370197063873547,0.5189611750151454,4,0.003757468364436323,24.251046672170556,0.6770215156460566,15.0,0;22.5;45;67.5;90;112.5;135;157.5;180;202.5;225;247.5;270;292.5;315;337.5
val_images_circle,circle,test001.png,0,rot45_padded,45.0,False,321,321,80883.0,0.7849593758583069,blur,pnp_hqs,restormer,15.0,fixed15p0,0.2,0.5,0.0,0.15,G16_fixed,False,16,20,0.00729424411408686,21.370197063873547,0.5189611750151454,5,0.0036503004762183495,24.376713849154324,0.6842983267497497,15.0,0;22.5;45;67.5;90;112.5;135;157.5;180;202.5;225;247.5;270;292.5;315;337.5
val_images_circle,circle,test001.png,0,rot45_padded,45.0,False,321,321,80883.0,0.7849593758583069,blur,pnp_hqs,restormer,15.0,fixed15p0,0.2,0.5,0.0,0.15,G16_fixed,False,16,20,0.00729424411408686,21.370197063873547,0.5189611750151454,6,0.003572726145641119,24.470002717894424,0.6895273786673343,15.0,0;22.5;45;67.5;90;112.5;135;157.5;180;202.5;225;247.5;270;292.5;315;337.5
val_images_circle,circle,test001.png,0,rot45_padded,45.0,False,321,321,80883.0,0.7849593758583069,blur,pnp_hqs,restormer,15.0,fixed15p0,0.2,0.5,0.0,0.15,G16_fixed,False,16,20,0.00729424411408686,21.370197063873547,0.5189611750151454,7,0.0035138755866160457,24.542136193355027,0.6934572449556767,15.0,0;22.5;45;67.5;90;112.5;135;157.5;180;202.5;225;247.5;270;292.5;315;337.5
val_images_circle,circle,test001.png,0,rot45_padded,45.0,False,321,321,80883.0,0.7849593758583069,blur,pnp_hqs,restormer,15.0,fixed15p0,0.2,0.5,0.0,0.15,G16_fixed,False,16,20,0.00729424411408686,21.370197063873547,0.5189611750151454,8,0.003467810392282487,24.59944656246746,0.6965043256926672,15.0,0;22.5;45;67.5;90;112.5;135;157.5;180;202.5;225;247.5;270;292.5;315;337.5
val_images_circle,circle,test001.png,0,rot45_padded,45.0,False,321,321,80883.0,0.7849593758583069,blur,pnp_hqs,restormer,15.0,fixed15p0,0.2,0.5,0.0,0.15,G16_fixed,False,16,20,0.00729424411408686,21.370197063873547,0.5189611750151454,9,0.003430945031132933,24.645862399347568,0.6989205279539582,15.0,0;22.5;45;67.5;90;112.5;135;157.5;180;202.5;225;247.5;270;292.5;315;337.5
val_images_circle,circle,test001.png,0,rot45_padded,45.0,False,321,321,80883.0,0.7849593758583069,blur,pnp_hqs,restormer,15.0,fixed15p0,0.2,0.5,0.0,0.15,G16_fixed,False,16,20,0.00729424411408686,21.370197063873547,0.5189611750151454,10,0.003400911912910663,24.68404616591904,0.7008690407749465,15.0,0;22.5;45;67.5;90;112.5;135;157.5;180;202.5;225;247.5;270;292.5;315;337.5
val_images_circle,circle,test001.png,0,rot45_padded,45.0,False,321,321,80883.0,0.7849593758583069,blur,pnp_hqs,restormer,15.0,fixed15p0,0.2,0.5,0.0,0.15,G16_fixed,False,16,20,0.00729424411408686,21.370197063873547,0.5189611750151454,11,0.003376110886176831,24.715832976909734,0.7024612808779348,15.0,0;22.5;45;67.5;90;112.5;135;157.5;180;202.5;225;247.5;270;292.5;315;337.5
val_images_circle,circle,test001.png,0,rot45_padded,45.0,False,321,321,80883.0,0.7849593758583069,blur,pnp_hqs,restormer,15.0,fixed15p0,0.2,0.5,0.0,0.15,G16_fixed,False,16,20,0.00729424411408686,21.370197063873547,0.5189611750151454,12,0.0033554028664716704,24.74255328794029,0.7037773697810418,15.0,0;22.5;45;67.5;90;112.5;135;157.5;180;202.5;225;247.5;270;292.5;315;337.5
val_images_circle,circle,test001.png,0,rot45_padded,45.0,False,321,321,80883.0,0.7849593758583069,blur,pnp_hqs,restormer,15.0,fixed15p0,0.2,0.5,0.0,0.15,G16_fixed,False,16,20,0.00729424411408686,21.370197063873547,0.5189611750151454,13,0.0033379434447123853,24.765210259124366,0.7048751649759529,15.0,0;22.5;45;67.5;90;112.5;135;157.5;180;202.5;225;247.5;270;292.5;315;337.5
val_images_circle,circle,test001.png,0,rot45_padded,45.0,False,321,321,80883.0,0.7849593758583069,blur,pnp_hqs,restormer,15.0,fixed15p0,0.2,0.5,0.0,0.15,G16_fixed,False,16,20,0.00729424411408686,21.370197063873547,0.5189611750151454,14,0.003323104785012572,24.7845596421775,0.7057971661226711,15.0,0;22.5;45;67.5;90;112.5;135;157.5;180;202.5;225;247.5;270;292.5;315;337.5
val_images_circle,circle,test001.png,0,rot45_padded,45.0,False,321,321,80883.0,0.7849593758583069,blur,pnp_hqs,restormer,15.0,fixed15p0,0.2,0.5,0.0,0.15,G16_fixed,False,16,20,0.00729424411408686,21.370197063873547,0.5189611750151454,15,0.0033103960132807573,24.801200497000934,0.7065766485231755,15.0,0;22.5;45;67.5;90;112.5;135;157.5;180;202.5;225;247.5;270;292.5;315;337.5
val_images_circle,circle,test001.png,0,rot45_padded,45.0,False,321,321,80883.0,0.7849593758583069,blur,pnp_hqs,restormer,15.0,fixed15p0,0.2,0.5,0.0,0.15,G16_fixed,False,16,20,0.00729424411408686,21.370197063873547,0.5189611750151454,16,0.003299442465433288,24.81559440316769,0.7072387256129223,15.0,0;22.5;45;67.5;90;112.5;135;157.5;180;202.5;225;247.5;270;292.5;315;337.5
val_images_circle,circle,test001.png,0,rot45_padded,45.0,False,321,321,80883.0,0.7849593758583069,blur,pnp_hqs,restormer,15.0,fixed15p0,0.2,0.5,0.0,0.15,G16_fixed,False,16,20,0.00729424411408686,21.370197063873547,0.5189611750151454,17,0.0032899505980088523,24.828106233792763,0.7078042608613676,15.0,0;22.5;45;67.5;90;112.5;135;157.5;180;202.5;225;247.5;270;292.5;315;337.5
val_images_circle,circle,test001.png,0,rot45_padded,45.0,False,321,321,80883.0,0.7849593758583069,blur,pnp_hqs,restormer,15.0,fixed15p0,0.2,0.5,0.0,0.15,G16_fixed,False,16,20,0.00729424411408686,21.370197063873547,0.5189611750151454,18,0.003281679312971746,24.83903860641687,0.7082897228867624,15.0,0;22.5;45;67.5;90;112.5;135;157.5;180;202.5;225;247.5;270;292.5;315;337.5
val_images_circle,circle,test001.png,0,rot45_padded,45.0,False,321,321,80883.0,0.7849593758583069,blur,pnp_hqs,restormer,15.0,fixed15p0,0.2,0.5,0.0,0.15,G16_fixed,False,16,20,0.00729424411408686,21.370197063873547,0.5189611750151454,19,0.0032744324116074685,24.848639695255628,0.7087096967996983,15.0,0;22.5;45;67.5;90;112.5;135;157.5;180;202.5;225;247.5;270;292.5;315;337.5
val_images_circle,circle,test001.png,0,rot45_padded,45.0,False,321,321,80883.0,0.7849593758583069,blur,pnp_hqs,restormer,15.0,fixed15p0,0.2,0.5,0.0,0.15,G16_fixed,False,16,20,0.00729424411408686,21.370197063873547,0.5189611750151454,20,0.0032680634994905837,24.857095135807352,0.7090741313842217,15.0,0;22.5;45;67.5;90;112.5;135;157.5;180;202.5;225;247.5;270;292.5;315;337.5
val_images_circle,circle,test002.png,1,upright,0.0,False,321,321,80892.0,0.7850467562675476,blur,pnp_hqs,restormer,15.0,fixed15p0,0.2,0.5,0.0,0.15,vanilla,True,0,20,0.005741449301470247,22.409784657583952,0.6100910878856994,1,0.003861874411227895,24.13201853652836,0.6949477196447115,15.0,none
val_images_circle,circle,test002.png,1,upright,0.0,False,321,321,80892.0,0.7850467562675476,blur,pnp_hqs,restormer,15.0,fixed15p0,0.2,0.5,0.0,0.15,vanilla,True,0,20,0.005741449301470247,22.409784657583952,0.6100910878856994,2,0.0033358332606573424,24.767956654042578,0.7275422496198635,15.0,none
val_images_circle,circle,test002.png,1,upright,0.0,False,321,321,80892.0,0.7850467562675476,blur,pnp_hqs,restormer,15.0,fixed15p0,0.2,0.5,0.0,0.15,vanilla,True,0,20,0.005741449301470247,22.409784657583952,0.6100910878856994,3,0.003065302128761864,25.13526713188812,0.7434977925814666,15.0,none
val_images_circle,circle,test002.png,1,upright,0.0,False,321,321,80892.0,0.7850467562675476,blur,pnp_hqs,restormer,15.0,fixed15p0,0.2,0.5,0.0,0.15,vanilla,True,0,20,0.005741449301470247,22.409784657583952,0.6100910878856994,4,0.0028982748648347296,25.378604295548595,0.7523348067485042,15.0,none
val_images_circle,circle,test002.png,1,upright,0.0,False,321,321,80892.0,0.7850467562675476,blur,pnp_hqs,restormer,15.0,fixed15p0,0.2,0.5,0.0,0.15,vanilla,True,0,20,0.005741449301470247,22.409784657583952,0.6100910878856994,5,0.0027789917731623455,25.56112738892108,0.7583281856518568,15.0,none
val_images_circle,circle,test002.png,1,upright,0.0,False,321,321,80892.0,0.7850467562675476,blur,pnp_hqs,restormer,15.0,fixed15p0,0.2,0.5,0.0,0.15,vanilla,True,0,20,0.005741449301470247,22.409784657583952,0.6100910878856994,6,0.002689406655222975,25.703435247508253,0.7625674896775948,15.0,none
val_images_circle,circle,test002.png,1,upright,0.0,False,321,321,80892.0,0.7850467562675476,blur,pnp_hqs,restormer,15.0,fixed15p0,0.2,0.5,0.0,0.15,vanilla,True,0,20,0.005741449301470247,22.409784657583952,0.6100910878856994,7,0.002617707587559358,25.820788681756618,0.7659899735140682,15.0,none
val_images_circle,circle,test002.png,1,upright,0.0,False,321,321,80892.0,0.7850467562675476,blur,pnp_hqs,restormer,15.0,fixed15p0,0.2,0.5,0.0,0.15,vanilla,True,0,20,0.005741449301470247,22.409784657583952,0.6100910878856994,8,0.0025596816715545497,25.918140412832237,0.7688070977352519,15.0,none
val_images_circle,circle,test002.png,1,upright,0.0,False,321,321,80892.0,0.7850467562675476,blur,pnp_hqs,restormer,15.0,fixed15p0,0.2,0.5,0.0,0.15,vanilla,True,0,20,0.005741449301470247,22.409784657583952,0.6100910878856994,9,0.0025113448187475277,26.00093652640335,0.7712995220479157,15.0,none
val_images_circle,circle,test002.png,1,upright,0.0,False,321,321,80892.0,0.7850467562675476,blur,pnp_hqs,restormer,15.0,fixed15p0,0.2,0.5,0.0,0.15,vanilla,True,0,20,0.005741449301470247,22.409784657583952,0.6100910878856994,10,0.002472483875406889,26.06866532023865,0.77343503722556,15.0,none
val_images_circle,circle,test002.png,1,upright,0.0,False,321,321,80892.0,0.7850467562675476,blur,pnp_hqs,restormer,15.0,fixed15p0,0.2,0.5,0.0,0.15,vanilla,True,0,20,0.005741449301470247,22.409784657583952,0.6100910878856994,11,0.0024433029409462424,26.12022682259202,0.7751596070995895,15.0,none
val_images_circle,circle,test002.png,1,upright,0.0,False,321,321,80892.0,0.7850467562675476,blur,pnp_hqs,restormer,15.0,fixed15p0,0.2,0.5,0.0,0.15,vanilla,True,0,20,0.005741449301470247,22.409784657583952,0.6100910878856994,12,0.0024200497551664178,26.16175705022837,0.7765991711943084,15.0,none
val_images_circle,circle,test002.png,1,upright,0.0,False,321,321,80892.0,0.7850467562675476,blur,pnp_hqs,restormer,15.0,fixed15p0,0.2,0.5,0.0,0.15,vanilla,True,0,20,0.005741449301470247,22.409784657583952,0.6100910878856994,13,0.002403246261761921,26.192017245583536,0.7775252226734412,15.0,none
val_images_circle,circle,test002.png,1,upright,0.0,False,321,321,80892.0,0.7850467562675476,blur,pnp_hqs,restormer,15.0,fixed15p0,0.2,0.5,0.0,0.15,vanilla,True,0,20,0.005741449301470247,22.409784657583952,0.6100910878856994,14,0.0023867042117837285,26.222014004946658,0.7783748798552391,15.0,none
val_images_circle,circle,test002.png,1,upright,0.0,False,321,321,80892.0,0.7850467562675476,blur,pnp_hqs,restormer,15.0,fixed15p0,0.2,0.5,0.0,0.15,vanilla,True,0,20,0.005741449301470247,22.409784657583952,0.6100910878856994,15,0.002375140716170944,26.24310655324921,0.7787434750964248,15.0,none
val_images_circle,circle,test002.png,1,upright,0.0,False,321,321,80892.0,0.7850467562675476,blur,pnp_hqs,restormer,15.0,fixed15p0,0.2,0.5,0.0,0.15,vanilla,True,0,20,0.005741449301470247,22.409784657583952,0.6100910878856994,16,0.002364987807817831,26.261710938314916,0.779144327853805,15.0,none
val_images_circle,circle,test002.png,1,upright,0.0,False,321,321,80892.0,0.7850467562675476,blur,pnp_hqs,restormer,15.0,fixed15p0,0.2,0.5,0.0,0.15,vanilla,True,0,20,0.005741449301470247,22.409784657583952,0.6100910878856994,17,0.0023571020629140358,26.276216120447422,0.7793154182428423,15.0,none
val_images_circle,circle,test002.png,1,upright,0.0,False,321,321,80892.0,0.7850467562675476,blur,pnp_hqs,restormer,15.0,fixed15p0,0.2,0.5,0.0,0.15,vanilla,True,0,20,0.005741449301470247,22.409784657583952,0.6100910878856994,18,0.0023507153735000254,26.287999524154873,0.779436142480097,15.0,none
val_images_circle,circle,test002.png,1,upright,0.0,False,321,321,80892.0,0.7850467562675476,blur,pnp_hqs,restormer,15.0,fixed15p0,0.2,0.5,0.0,0.15,vanilla,True,0,20,0.005741449301470247,22.409784657583952,0.6100910878856994,19,0.0023465237902562212,26.29575038329976,0.7793524081491371,15.0,none
val_images_circle,circle,test002.png,1,upright,0.0,False,321,321,80892.0,0.7850467562675476,blur,pnp_hqs,restormer,15.0,fixed15p0,0.2,0.5,0.0,0.15,vanilla,True,0,20,0.005741449301470247,22.409784657583952,0.6100910878856994,20,0.0023444339405303714,26.29961999934014,0.7790498732105771,15.0,none
val_images_circle,circle,test002.png,1,upright,0.0,False,321,321,80892.0,0.7850467562675476,blur,pnp_hqs,restormer,15.0,fixed15p0,0.2,0.5,0.0,0.15,G16_fixed,True,16,20,0.005741449301470247,22.409784657583952,0.6100910878856994,1,0.003947900993642565,24.036337472014534,0.67381827390224,15.0,0;22.5;45;67.5;90;112.5;135;157.5;180;202.5;225;247.5;270;292.5;315;337.5
val_images_circle,circle,test002.png,1,upright,0.0,False,321,321,80892.0,0.7850467562675476,blur,pnp_hqs,restormer,15.0,fixed15p0,0.2,0.5,0.0,0.15,G16_fixed,True,16,20,0.005741449301470247,22.409784657583952,0.6100910878856994,2,0.003488970446561851,24.57302709241906,0.7006670545294961,15.0,0;22.5;45;67.5;90;112.5;135;157.5;180;202.5;225;247.5;270;292.5;315;337.5
val_images_circle,circle,test002.png,1,upright,0.0,False,321,321,80892.0,0.7850467562675476,blur,pnp_hqs,restormer,15.0,fixed15p0,0.2,0.5,0.0,0.15,G16_fixed,True,16,20,0.005741449301470247,22.409784657583952,0.6100910878856994,3,0.003244981481384902,24.88787777309004,0.7108727435191367,15.0,0;22.5;45;67.5;90;112.5;135;157.5;180;202.5;225;247.5;270;292.5;315;337.5
val_images_circle,circle,test002.png,1,upright,0.0,False,321,321,80892.0,0.7850467562675476,blur,pnp_hqs,restormer,15.0,fixed15p0,0.2,0.5,0.0,0.15,G16_fixed,True,16,20,0.005741449301470247,22.409784657583952,0.6100910878856994,4,0.0030818641736918514,25.11186505759067,0.7215631644662018,15.0,0;22.5;45;67.5;90;112.5;135;157.5;180;202.5;225;247.5;270;292.5;315;337.5
val_images_circle,circle,test002.png,1,upright,0.0,False,321,321,80892.0,0.7850467562675476,blur,pnp_hqs,restormer,15.0,fixed15p0,0.2,0.5,0.0,0.15,G16_fixed,True,16,20,0.005741449301470247,22.409784657583952,0.6100910878856994,5,0.002972011342633639,25.269495374303723,0.7235597984813084,15.0,0;22.5;45;67.5;90;112.5;135;157.5;180;202.5;225;247.5;270;292.5;315;337.5
val_images_circle,circle,test002.png,1,upright,0.0,False,321,321,80892.0,0.7850467562675476,blur,pnp_hqs,restormer,15.0,fixed15p0,0.2,0.5,0.0,0.15,G16_fixed,True,16,20,0.005741449301470247,22.409784657583952,0.6100910878856994,6,0.0028904298643610076,25.390375642202073,0.7303246535504129,15.0,0;22.5;45;67.5;90;112.5;135;157.5;180;202.5;225;247.5;270;292.5;315;337.5
val_images_circle,circle,test002.png,1,upright,0.0,False,321,321,80892.0,0.7850467562675476,blur,pnp_hqs,restormer,15.0,fixed15p0,0.2,0.5,0.0,0.15,G16_fixed,True,16,20,0.005741449301470247,22.409784657583952,0.6100910878856994,7,0.0028564303351493155,25.441763633867943,0.726666757451293,15.0,0;22.5;45;67.5;90;112.5;135;157.5;180;202.5;225;247.5;270;292.5;315;337.5
val_images_circle,circle,test002.png,1,upright,0.0,False,321,321,80892.0,0.7850467562675476,blur,pnp_hqs,restormer,15.0,fixed15p0,0.2,0.5,0.0,0.15,G16_fixed,True,16,20,0.005741449301470247,22.409784657583952,0.6100910878856994,8,0.0028145246888187916,25.505949373854673,0.7327236373034416,15.0,0;22.5;45;67.5;90;112.5;135;157.5;180;202.5;225;247.5;270;292.5;315;337.5
val_images_circle,circle,test002.png,1,upright,0.0,False,321,321,80892.0,0.7850467562675476,blur,pnp_hqs,restormer,15.0,fixed15p0,0.2,0.5,0.0,0.15,G16_fixed,True,16,20,0.005741449301470247,22.409784657583952,0.6100910878856994,9,0.00281091012970274,25.511530394150125,0.7264205282969886,15.0,0;22.5;45;67.5;90;112.5;135;157.5;180;202.5;225;247.5;270;292.5;315;337.5
val_images_circle,circle,test002.png,1,upright,0.0,False,321,321,80892.0,0.7850467562675476,blur,pnp_hqs,restormer,15.0,fixed15p0,0.2,0.5,0.0,0.15,G16_fixed,True,16,20,0.005741449301470247,22.409784657583952,0.6100910878856994,10,0.002789406502205004,25.54488191076324,0.7328816894748553,15.0,0;22.5;45;67.5;90;112.5;135;157.5;180;202.5;225;247.5;270;292.5;315;337.5
val_images_circle,circle,test002.png,1,upright,0.0,False,321,321,80892.0,0.7850467562675476,blur,pnp_hqs,restormer,15.0,fixed15p0,0.2,0.5,0.0,0.15,G16_fixed,True,16,20,0.005741449301470247,22.409784657583952,0.6100910878856994,11,0.0027882830122720535,25.546631472059858,0.7277190381928992,15.0,0;22.5;45;67.5;90;112.5;135;157.5;180;202.5;225;247.5;270;292.5;315;337.5
val_images_circle,circle,test002.png,1,upright,0.0,False,321,321,80892.0,0.7850467562675476,blur,pnp_hqs,restormer,15.0,fixed15p0,0.2,0.5,0.0,0.15,G16_fixed,True,16,20,0.005741449301470247,22.409784657583952,0.6100910878856994,12,0.0027585331648433443,25.59321790309876,0.7358606807533501,15.0,0;22.5;45;67.5;90;112.5;135;157.5;180;202.5;225;247.5;270;292.5;315;337.5
val_images_circle,circle,test002.png,1,upright,0.0,False,321,321,80892.0,0.7850467562675476,blur,pnp_hqs,restormer,15.0,fixed15p0,0.2,0.5,0.0,0.15,G16_fixed,True,16,20,0.005741449301470247,22.409784657583952,0.6100910878856994,13,0.002757006946400177,25.595621396688127,0.7298061188065569,15.0,0;22.5;45;67.5;90;112.5;135;157.5;180;202.5;225;247.5;270;292.5;315;337.5
val_images_circle,circle,test002.png,1,upright,0.0,False,321,321,80892.0,0.7850467562675476,blur,pnp_hqs,restormer,15.0,fixed15p0,0.2,0.5,0.0,0.15,G16_fixed,True,16,20,0.005741449301470247,22.409784657583952,0.6100910878856994,14,0.002736506084598137,25.628035818702948,0.7361424511231024,15.0,0;22.5;45;67.5;90;112.5;135;157.5;180;202.5;225;247.5;270;292.5;315;337.5
val_images_circle,circle,test002.png,1,upright,0.0,False,321,321,80892.0,0.7850467562675476,blur,pnp_hqs,restormer,15.0,fixed15p0,0.2,0.5,0.0,0.15,G16_fixed,True,16,20,0.005741449301470247,22.409784657583952,0.6100910878856994,15,0.0027442386606259155,25.615781216512605,0.7313168136218662,15.0,0;22.5;45;67.5;90;112.5;135;157.5;180;202.5;225;247.5;270;292.5;315;337.5
val_images_circle,circle,test002.png,1,upright,0.0,False,321,321,80892.0,0.7850467562675476,blur,pnp_hqs,restormer,15.0,fixed15p0,0.2,0.5,0.0,0.15,G16_fixed,True,16,20,0.005741449301470247,22.409784657583952,0.6100910878856994,16,0.002730517030640584,25.637551103607528,0.7368813800344904,15.0,0;22.5;45;67.5;90;112.5;135;157.5;180;202.5;225;247.5;270;292.5;315;337.5
val_images_circle,circle,test002.png,1,upright,0.0,False,321,321,80892.0,0.7850467562675476,blur,pnp_hqs,restormer,15.0,fixed15p0,0.2,0.5,0.0,0.15,G16_fixed,True,16,20,0.005741449301470247,22.409784657583952,0.6100910878856994,17,0.002745961433217863,25.613055666834907,0.7303523718352866,15.0,0;22.5;45;67.5;90;112.5;135;157.5;180;202.5;225;247.5;270;292.5;315;337.5
val_images_circle,circle,test002.png,1,upright,0.0,False,321,321,80892.0,0.7850467562675476,blur,pnp_hqs,restormer,15.0,fixed15p0,0.2,0.5,0.0,0.15,G16_fixed,True,16,20,0.005741449301470247,22.409784657583952,0.6100910878856994,18,0.0027293267651139017,25.639444658726557,0.736329139083593,15.0,0;22.5;45;67.5;90;112.5;135;157.5;180;202.5;225;247.5;270;292.5;315;337.5
val_images_circle,circle,test002.png,1,upright,0.0,False,321,321,80892.0,0.7850467562675476,blur,pnp_hqs,restormer,15.0,fixed15p0,0.2,0.5,0.0,0.15,G16_fixed,True,16,20,0.005741449301470247,22.409784657583952,0.6100910878856994,19,0.002739960495468205,25.622556987576594,0.7315841453728428,15.0,0;22.5;45;67.5;90;112.5;135;157.5;180;202.5;225;247.5;270;292.5;315;337.5
val_images_circle,circle,test002.png,1,upright,0.0,False,321,321,80892.0,0.7850467562675476,blur,pnp_hqs,restormer,15.0,fixed15p0,0.2,0.5,0.0,0.15,G16_fixed,True,16,20,0.005741449301470247,22.409784657583952,0.6100910878856994,20,0.002720229439310284,25.653944636040382,0.7376172666950996,15.0,0;22.5;45;67.5;90;112.5;135;157.5;180;202.5;225;247.5;270;292.5;315;337.5
val_images_circle,circle,test002.png,1,rot45_padded,45.0,False,321,321,80883.0,0.7849593758583069,blur,pnp_hqs,restormer,15.0,fixed15p0,0.2,0.5,0.0,0.15,vanilla,False,0,20,0.006521475482670571,21.856541341014015,0.601482571662154,1,0.004145022326327071,23.824731258677403,0.6805783025326706,15.0,none
val_images_circle,circle,test002.png,1,rot45_padded,45.0,False,321,321,80883.0,0.7849593758583069,blur,pnp_hqs,restormer,15.0,fixed15p0,0.2,0.5,0.0,0.15,vanilla,False,0,20,0.006521475482670571,21.856541341014015,0.601482571662154,2,0.003578243479876025,24.46330111401695,0.7136458874238097,15.0,none
val_images_circle,circle,test002.png,1,rot45_padded,45.0,False,321,321,80883.0,0.7849593758583069,blur,pnp_hqs,restormer,15.0,fixed15p0,0.2,0.5,0.0,0.15,vanilla,False,0,20,0.006521475482670571,21.856541341014015,0.601482571662154,3,0.003271745621134463,24.852204701694937,0.7321697988916088,15.0,none
val_images_circle,circle,test002.png,1,rot45_padded,45.0,False,321,321,80883.0,0.7849593758583069,blur,pnp_hqs,restormer,15.0,fixed15p0,0.2,0.5,0.0,0.15,vanilla,False,0,20,0.006521475482670571,21.856541341014015,0.601482571662154,4,0.003063218458563411,25.13822029649374,0.7433623258286661,15.0,none
val_images_circle,circle,test002.png,1,rot45_padded,45.0,False,321,321,80883.0,0.7849593758583069,blur,pnp_hqs,restormer,15.0,fixed15p0,0.2,0.5,0.0,0.15,vanilla,False,0,20,0.006521475482670571,21.856541341014015,0.601482571662154,5,0.0029197709755502356,25.346512129199347,0.7508342973028943,15.0,none
val_images_circle,circle,test002.png,1,rot45_padded,45.0,False,321,321,80883.0,0.7849593758583069,blur,pnp_hqs,restormer,15.0,fixed15p0,0.2,0.5,0.0,0.15,vanilla,False,0,20,0.006521475482670571,21.856541341014015,0.601482571662154,6,0.0028119752514458576,25.509885059167217,0.7561823965635548,15.0,none
val_images_circle,circle,test002.png,1,rot45_padded,45.0,False,321,321,80883.0,0.7849593758583069,blur,pnp_hqs,restormer,15.0,fixed15p0,0.2,0.5,0.0,0.15,vanilla,False,0,20,0.006521475482670571,21.856541341014015,0.601482571662154,7,0.0027313281471553624,25.636261197293194,0.7602481168787013,15.0,none
val_images_circle,circle,test002.png,1,rot45_padded,45.0,False,321,321,80883.0,0.7849593758583069,blur,pnp_hqs,restormer,15.0,fixed15p0,0.2,0.5,0.0,0.15,vanilla,False,0,20,0.006521475482670571,21.856541341014015,0.601482571662154,8,0.0026697021309305376,25.73537191860028,0.7632873255195777,15.0,none
val_images_circle,circle,test002.png,1,rot45_padded,45.0,False,321,321,80883.0,0.7849593758583069,blur,pnp_hqs,restormer,15.0,fixed15p0,0.2,0.5,0.0,0.15,vanilla,False,0,20,0.006521475482670571,21.856541341014015,0.601482571662154,9,0.0026201872349687397,25.816676734862313,0.7657592602895541,15.0,none
val_images_circle,circle,test002.png,1,rot45_padded,45.0,False,321,321,80883.0,0.7849593758583069,blur,pnp_hqs,restormer,15.0,fixed15p0,0.2,0.5,0.0,0.15,vanilla,False,0,20,0.006521475482670571,21.856541341014015,0.601482571662154,10,0.0025810159729659663,25.88209307757753,0.7676339299512877,15.0,none
val_images_circle,circle,test002.png,1,rot45_padded,45.0,False,321,321,80883.0,0.7849593758583069,blur,pnp_hqs,restormer,15.0,fixed15p0,0.2,0.5,0.0,0.15,vanilla,False,0,20,0.006521475482670571,21.856541341014015,0.601482571662154,11,0.002548103261303171,25.93782976295296,0.7692032781919563,15.0,none
val_images_circle,circle,test002.png,1,rot45_padded,45.0,False,321,321,80883.0,0.7849593758583069,blur,pnp_hqs,restormer,15.0,fixed15p0,0.2,0.5,0.0,0.15,vanilla,False,0,20,0.006521475482670571,21.856541341014015,0.601482571662154,12,0.00252173283350594,25.983009269145153,0.7704329189230122,15.0,none
val_images_circle,circle,test002.png,1,rot45_padded,45.0,False,321,321,80883.0,0.7849593758583069,blur,pnp_hqs,restormer,15.0,fixed15p0,0.2,0.5,0.0,0.15,vanilla,False,0,20,0.006521475482670571,21.856541341014015,0.601482571662154,13,0.0024992961899344577,26.021822728724757,0.7714491920428272,15.0,none
val_images_circle,circle,test002.png,1,rot45_padded,45.0,False,321,321,80883.0,0.7849593758583069,blur,pnp_hqs,restormer,15.0,fixed15p0,0.2,0.5,0.0,0.15,vanilla,False,0,20,0.006521475482670571,21.856541341014015,0.601482571662154,14,0.0024820497569719726,26.051895165674395,0.7722537878787878,15.0,none
val_images_circle,circle,test002.png,1,rot45_padded,45.0,False,321,321,80883.0,0.7849593758583069,blur,pnp_hqs,restormer,15.0,fixed15p0,0.2,0.5,0.0,0.15,vanilla,False,0,20,0.006521475482670571,21.856541341014015,0.601482571662154,15,0.002466719657222856,26.078802052891103,0.7729169274600348,15.0,none
val_images_circle,circle,test002.png,1,rot45_padded,45.0,False,321,321,80883.0,0.7849593758583069,blur,pnp_hqs,restormer,15.0,fixed15p0,0.2,0.5,0.0,0.15,vanilla,False,0,20,0.006521475482670571,21.856541341014015,0.601482571662154,16,0.0024550314961116677,26.099429318506843,0.7734441164243413,15.0,none
val_images_circle,circle,test002.png,1,rot45_padded,45.0,False,321,321,80883.0,0.7849593758583069,blur,pnp_hqs,restormer,15.0,fixed15p0,0.2,0.5,0.0,0.15,vanilla,False,0,20,0.006521475482670571,21.856541341014015,0.601482571662154,17,0.002446102190770542,26.115254034073846,0.7738391700820939,15.0,none
val_images_circle,circle,test002.png,1,rot45_padded,45.0,False,321,321,80883.0,0.7849593758583069,blur,pnp_hqs,restormer,15.0,fixed15p0,0.2,0.5,0.0,0.15,vanilla,False,0,20,0.006521475482670571,21.856541341014015,0.601482571662154,18,0.002438325741529721,26.129082764457078,0.774173758314479,15.0,none
val_images_circle,circle,test002.png,1,rot45_padded,45.0,False,321,321,80883.0,0.7849593758583069,blur,pnp_hqs,restormer,15.0,fixed15p0,0.2,0.5,0.0,0.15,vanilla,False,0,20,0.006521475482670571,21.856541341014015,0.601482571662154,19,0.0024325114680865223,26.139451035714487,0.7744400573204505,15.0,none
val_images_circle,circle,test002.png,1,rot45_padded,45.0,False,321,321,80883.0,0.7849593758583069,blur,pnp_hqs,restormer,15.0,fixed15p0,0.2,0.5,0.0,0.15,vanilla,False,0,20,0.006521475482670571,21.856541341014015,0.601482571662154,20,0.0024279589032996543,26.14758668593994,0.7746383568704177,15.0,none
val_images_circle,circle,test002.png,1,rot45_padded,45.0,False,321,321,80883.0,0.7849593758583069,blur,pnp_hqs,restormer,15.0,fixed15p0,0.2,0.5,0.0,0.15,G16_fixed,False,16,20,0.006521475482670571,21.856541341014015,0.601482571662154,1,0.004122718682845708,23.84816298634494,0.682832668020474,15.0,0;22.5;45;67.5;90;112.5;135;157.5;180;202.5;225;247.5;270;292.5;315;337.5
val_images_circle,circle,test002.png,1,rot45_padded,45.0,False,321,321,80883.0,0.7849593758583069,blur,pnp_hqs,restormer,15.0,fixed15p0,0.2,0.5,0.0,0.15,G16_fixed,False,16,20,0.006521475482670571,21.856541341014015,0.601482571662154,2,0.003552239981405433,24.494977019363596,0.7150037998559647,15.0,0;22.5;45;67.5;90;112.5;135;157.5;180;202.5;225;247.5;270;292.5;315;337.5
val_images_circle,circle,test002.png,1,rot45_padded,45.0,False,321,321,80883.0,0.7849593758583069,blur,pnp_hqs,restormer,15.0,fixed15p0,0.2,0.5,0.0,0.15,G16_fixed,False,16,20,0.006521475482670571,21.856541341014015,0.601482571662154,3,0.0032480089724268003,24.88382779717172,0.7315609912620699,15.0,0;22.5;45;67.5;90;112.5;135;157.5;180;202.5;225;247.5;270;292.5;315;337.5
val_images_circle,circle,test002.png,1,rot45_padded,45.0,False,321,321,80883.0,0.7849593758583069,blur,pnp_hqs,restormer,15.0,fixed15p0,0.2,0.5,0.0,0.15,G16_fixed,False,16,20,0.006521475482670571,21.856541341014015,0.601482571662154,4,0.003046457051461486,25.162049401210847,0.7418588520610017,15.0,0;22.5;45;67.5;90;112.5;135;157.5;180;202.5;225;247.5;270;292.5;315;337.5
val_images_circle,circle,test002.png,1,rot45_padded,45.0,False,321,321,80883.0,0.7849593758583069,blur,pnp_hqs,restormer,15.0,fixed15p0,0.2,0.5,0.0,0.15,G16_fixed,False,16,20,0.006521475482670571,21.856541341014015,0.601482571662154,5,0.002901867088241561,25.373224830647768,0.7489007076579751,15.0,0;22.5;45;67.5;90;112.5;135;157.5;180;202.5;225;247.5;270;292.5;315;337.5
val_images_circle,circle,test002.png,1,rot45_padded,45.0,False,321,321,80883.0,0.7849593758583069,blur,pnp_hqs,restormer,15.0,fixed15p0,0.2,0.5,0.0,0.15,G16_fixed,False,16,20,0.006521475482670571,21.856541341014015,0.601482571662154,6,0.0027956069963833755,25.535238813163662,0.7539980106295513,15.0,0;22.5;45;67.5;90;112.5;135;157.5;180;202.5;225;247.5;270;292.5;315;337.5
val_images_circle,circle,test002.png,1,rot45_padded,45.0,False,321,321,80883.0,0.7849593758583069,blur,pnp_hqs,restormer,15.0,fixed15p0,0.2,0.5,0.0,0.15,G16_fixed,False,16,20,0.006521475482670571,21.856541341014015,0.601482571662154,7,0.002715944470064978,25.66079113843266,0.7578166050807957,15.0,0;22.5;45;67.5;90;112.5;135;157.5;180;202.5;225;247.5;270;292.5;315;337.5
val_images_circle,circle,test002.png,1,rot45_padded,45.0,False,321,321,80883.0,0.7849593758583069,blur,pnp_hqs,restormer,15.0,fixed15p0,0.2,0.5,0.0,0.15,G16_fixed,False,16,20,0.006521475482670571,21.856541341014015,0.601482571662154,8,0.0026550219394232064,25.75931885832581,0.7607351726413462,15.0,0;22.5;45;67.5;90;112.5;135;157.5;180;202.5;225;247.5;270;292.5;315;337.5
val_images_circle,circle,test002.png,1,rot45_padded,45.0,False,321,321,80883.0,0.7849593758583069,blur,pnp_hqs,restormer,15.0,fixed15p0,0.2,0.5,0.0,0.15,G16_fixed,False,16,20,0.006521475482670571,21.856541341014015,0.601482571662154,9,0.0026076637201000404,25.837484152105734,0.7629864472447857,15.0,0;22.5;45;67.5;90;112.5;135;157.5;180;202.5;225;247.5;270;292.5;315;337.5
val_images_circle,circle,test002.png,1,rot45_padded,45.0,False,321,321,80883.0,0.7849593758583069,blur,pnp_hqs,restormer,15.0,fixed15p0,0.2,0.5,0.0,0.15,G16_fixed,False,16,20,0.006521475482670571,21.856541341014015,0.601482571662154,10,0.0025704276565716453,25.899946146305822,0.7647242003882151,15.0,0;22.5;45;67.5;90;112.5;135;157.5;180;202.5;225;247.5;270;292.5;315;337.5
val_images_circle,circle,test002.png,1,rot45_padded,45.0,False,321,321,80883.0,0.7849593758583069,blur,pnp_hqs,restormer,15.0,fixed15p0,0.2,0.5,0.0,0.15,G16_fixed,False,16,20,0.006521475482670571,21.856541341014015,0.601482571662154,11,0.0025409301231094413,25.950072781079385,0.7660570476799822,15.0,0;22.5;45;67.5;90;112.5;135;157.5;180;202.5;225;247.5;270;292.5;315;337.5
val_images_circle,circle,test002.png,1,rot45_padded,45.0,False,321,321,80883.0,0.7849593758583069,blur,pnp_hqs,restormer,15.0,fixed15p0,0.2,0.5,0.0,0.15,G16_fixed,False,16,20,0.006521475482670571,21.856541341014015,0.601482571662154,12,0.0025174423071944968,25.99040473487026,0.767064917457933,15.0,0;22.5;45;67.5;90;112.5;135;157.5;180;202.5;225;247.5;270;292.5;315;337.5
val_images_circle,circle,test002.png,1,rot45_padded,45.0,False,321,321,80883.0,0.7849593758583069,blur,pnp_hqs,restormer,15.0,fixed15p0,0.2,0.5,0.0,0.15,G16_fixed,False,16,20,0.006521475482670571,21.856541341014015,0.601482571662154,13,0.0024986168518854974,26.023003352578588,0.7678172097350494,15.0,0;22.5;45;67.5;90;112.5;135;157.5;180;202.5;225;247.5;270;292.5;315;337.5
val_images_circle,circle,test002.png,1,rot45_padded,45.0,False,321,321,80883.0,0.7849593758583069,blur,pnp_hqs,restormer,15.0,fixed15p0,0.2,0.5,0.0,0.15,G16_fixed,False,16,20,0.006521475482670571,21.856541341014015,0.601482571662154,14,0.002483423336626091,26.049492421491884,0.7683717337079485,15.0,0;22.5;45;67.5;90;112.5;135;157.5;180;202.5;225;247.5;270;292.5;315;337.5
val_images_circle,circle,test002.png,1,rot45_padded,45.0,False,321,321,80883.0,0.7849593758583069,blur,pnp_hqs,restormer,15.0,fixed15p0,0.2,0.5,0.0,0.15,G16_fixed,False,16,20,0.006521475482670571,21.856541341014015,0.601482571662154,15,0.0024710665906647177,26.071155510088637,0.7687793440834292,15.0,0;22.5;45;67.5;90;112.5;135;157.5;180;202.5;225;247.5;270;292.5;315;337.5
val_images_circle,circle,test002.png,1,rot45_padded,45.0,False,321,321,80883.0,0.7849593758583069,blur,pnp_hqs,restormer,15.0,fixed15p0,0.2,0.5,0.0,0.15,G16_fixed,False,16,20,0.006521475482670571,21.856541341014015,0.601482571662154,16,0.0024609563199843834,26.0889609461012,0.7690796428174029,15.0,0;22.5;45;67.5;90;112.5;135;157.5;180;202.5;225;247.5;270;292.5;315;337.5
val_images_circle,circle,test002.png,1,rot45_padded,45.0,False,321,321,80883.0,0.7849593758583069,blur,pnp_hqs,restormer,15.0,fixed15p0,0.2,0.5,0.0,0.15,G16_fixed,False,16,20,0.006521475482670571,21.856541341014015,0.601482571662154,17,0.002452640324278684,26.10366135704784,0.7693031523929627,15.0,0;22.5;45;67.5;90;112.5;135;157.5;180;202.5;225;247.5;270;292.5;315;337.5
val_images_circle,circle,test002.png,1,rot45_padded,45.0,False,321,321,80883.0,0.7849593758583069,blur,pnp_hqs,restormer,15.0,fixed15p0,0.2,0.5,0.0,0.15,G16_fixed,False,16,20,0.006521475482670571,21.856541341014015,0.601482571662154,18,0.002445782613249037,26.11582146670927,0.7694703499190189,15.0,0;22.5;45;67.5;90;112.5;135;157.5;180;202.5;225;247.5;270;292.5;315;337.5
val_images_circle,circle,test002.png,1,rot45_padded,45.0,False,321,321,80883.0,0.7849593758583069,blur,pnp_hqs,restormer,15.0,fixed15p0,0.2,0.5,0.0,0.15,G16_fixed,False,16,20,0.006521475482670571,21.856541341014015,0.601482571662154,19,0.0024401117157895123,26.12590289874275,0.7695956756209587,15.0,0;22.5;45;67.5;90;112.5;135;157.5;180;202.5;225;247.5;270;292.5;315;337.5
val_images_circle,circle,test002.png,1,rot45_padded,45.0,False,321,321,80883.0,0.7849593758583069,blur,pnp_hqs,restormer,15.0,fixed15p0,0.2,0.5,0.0,0.15,G16_fixed,False,16,20,0.006521475482670571,21.856541341014015,0.601482571662154,20,0.0024354084175671766,26.134281972328566,0.7696913964461012,15.0,0;22.5;45;67.5;90;112.5;135;157.5;180;202.5;225;247.5;270;292.5;315;337.5
val_images_circle,circle,test003.png,2,upright,0.0,False,321,321,80892.0,0.7850467562675476,blur,pnp_hqs,restormer,15.0,fixed15p0,0.2,0.5,0.0,0.15,vanilla,True,0,20,0.008431096273378007,20.741159515289933,0.6219194072034318,1,0.00593533167197467,22.265550072428884,0.706934332582332,15.0,none
val_images_circle,circle,test003.png,2,upright,0.0,False,321,321,80892.0,0.7850467562675476,blur,pnp_hqs,restormer,15.0,fixed15p0,0.2,0.5,0.0,0.15,vanilla,True,0,20,0.008431096273378007,20.741159515289933,0.6219194072034318,2,0.005287868347152878,22.76719366082323,0.7403909301908718,15.0,none
val_images_circle,circle,test003.png,2,upright,0.0,False,321,321,80892.0,0.7850467562675476,blur,pnp_hqs,restormer,15.0,fixed15p0,0.2,0.5,0.0,0.15,vanilla,True,0,20,0.008431096273378007,20.741159515289933,0.6219194072034318,3,0.004951658891663615,23.052492805005933,0.7575070676797458,15.0,none
val_images_circle,circle,test003.png,2,upright,0.0,False,321,321,80892.0,0.7850467562675476,blur,pnp_hqs,restormer,15.0,fixed15p0,0.2,0.5,0.0,0.15,vanilla,True,0,20,0.008431096273378007,20.741159515289933,0.6219194072034318,4,0.0047335117039974985,23.248165447164055,0.767867863169411,15.0,none
val_images_circle,circle,test003.png,2,upright,0.0,False,321,321,80892.0,0.7850467562675476,blur,pnp_hqs,restormer,15.0,fixed15p0,0.2,0.5,0.0,0.15,vanilla,True,0,20,0.008431096273378007,20.741159515289933,0.6219194072034318,5,0.004579773537749406,23.391559966112855,0.774960170659645,15.0,none
val_images_circle,circle,test003.png,2,upright,0.0,False,321,321,80892.0,0.7850467562675476,blur,pnp_hqs,restormer,15.0,fixed15p0,0.2,0.5,0.0,0.15,vanilla,True,0,20,0.008431096273378007,20.741159515289933,0.6219194072034318,6,0.0044637884813335214,23.50296392826321,0.7799479166666666,15.0,none
val_images_circle,circle,test003.png,2,upright,0.0,False,321,321,80892.0,0.7850467562675476,blur,pnp_hqs,restormer,15.0,fixed15p0,0.2,0.5,0.0,0.15,vanilla,True,0,20,0.008431096273378007,20.741159515289933,0.6219194072034318,7,0.0043715223421689955,23.593672976585438,0.783792549015972,15.0,none
val_images_circle,circle,test003.png,2,upright,0.0,False,321,321,80892.0,0.7850467562675476,blur,pnp_hqs,restormer,15.0,fixed15p0,0.2,0.5,0.0,0.15,vanilla,True,0,20,0.008431096273378007,20.741159515289933,0.6219194072034318,8,0.004298170672876335,23.667163434242056,0.7866849568715076,15.0,none
val_images_circle,circle,test003.png,2,upright,0.0,False,321,321,80892.0,0.7850467562675476,blur,pnp_hqs,restormer,15.0,fixed15p0,0.2,0.5,0.0,0.15,vanilla,True,0,20,0.008431096273378007,20.741159515289933,0.6219194072034318,9,0.004235985618266485,23.730455230494698,0.7890927293490085,15.0,none
val_images_circle,circle,test003.png,2,upright,0.0,False,321,321,80892.0,0.7850467562675476,blur,pnp_hqs,restormer,15.0,fixed15p0,0.2,0.5,0.0,0.15,vanilla,True,0,20,0.008431096273378007,20.741159515289933,0.6219194072034318,10,0.0041856315389075865,23.782390052525475,0.790915230724299,15.0,none
val_images_circle,circle,test003.png,2,upright,0.0,False,321,321,80892.0,0.7850467562675476,blur,pnp_hqs,restormer,15.0,fixed15p0,0.2,0.5,0.0,0.15,vanilla,True,0,20,0.008431096273378007,20.741159515289933,0.6219194072034318,11,0.004143740228580236,23.82607478366672,0.792334609726549,15.0,none
val_images_circle,circle,test003.png,2,upright,0.0,False,321,321,80892.0,0.7850467562675476,blur,pnp_hqs,restormer,15.0,fixed15p0,0.2,0.5,0.0,0.15,vanilla,True,0,20,0.008431096273378007,20.741159515289933,0.6219194072034318,12,0.004109207437776797,23.86241934472405,0.7934111318949958,15.0,none
val_images_circle,circle,test003.png,2,upright,0.0,False,321,321,80892.0,0.7850467562675476,blur,pnp_hqs,restormer,15.0,fixed15p0,0.2,0.5,0.0,0.15,vanilla,True,0,20,0.008431096273378007,20.741159515289933,0.6219194072034318,13,0.004080250974944796,23.893131227725306,0.7942255858892103,15.0,none
val_images_circle,circle,test003.png,2,upright,0.0,False,321,321,80892.0,0.7850467562675476,blur,pnp_hqs,restormer,15.0,fixed15p0,0.2,0.5,0.0,0.15,vanilla,True,0,20,0.008431096273378007,20.741159515289933,0.6219194072034318,14,0.004056023884107243,23.91899496301584,0.794846639655343,15.0,none
val_images_circle,circle,test003.png,2,upright,0.0,False,321,321,80892.0,0.7850467562675476,blur,pnp_hqs,restormer,15.0,fixed15p0,0.2,0.5,0.0,0.15,vanilla,True,0,20,0.008431096273378007,20.741159515289933,0.6219194072034318,15,0.004035979133564081,23.940510877773974,0.7953042810939277,15.0,none
val_images_circle,circle,test003.png,2,upright,0.0,False,321,321,80892.0,0.7850467562675476,blur,pnp_hqs,restormer,15.0,fixed15p0,0.2,0.5,0.0,0.15,vanilla,True,0,20,0.008431096273378007,20.741159515289933,0.6219194072034318,16,0.004018985310854287,23.958835811248562,0.7956190816149928,15.0,none
val_images_circle,circle,test003.png,2,upright,0.0,False,321,321,80892.0,0.7850467562675476,blur,pnp_hqs,restormer,15.0,fixed15p0,0.2,0.5,0.0,0.15,vanilla,True,0,20,0.008431096273378007,20.741159515289933,0.6219194072034318,17,0.004004537637760841,23.974476201442585,0.7957800794577956,15.0,none
val_images_circle,circle,test003.png,2,upright,0.0,False,321,321,80892.0,0.7850467562675476,blur,pnp_hqs,restormer,15.0,fixed15p0,0.2,0.5,0.0,0.15,vanilla,True,0,20,0.008431096273378007,20.741159515289933,0.6219194072034318,18,0.00399219962071342,23.98787750950096,0.7958751135773624,15.0,none
val_images_circle,circle,test003.png,2,upright,0.0,False,321,321,80892.0,0.7850467562675476,blur,pnp_hqs,restormer,15.0,fixed15p0,0.2,0.5,0.0,0.15,vanilla,True,0,20,0.008431096273378007,20.741159515289933,0.6219194072034318,19,0.0039822319486118455,23.998734477067806,0.7958494234596746,15.0,none
val_images_circle,circle,test003.png,2,upright,0.0,False,321,321,80892.0,0.7850467562675476,blur,pnp_hqs,restormer,15.0,fixed15p0,0.2,0.5,0.0,0.15,vanilla,True,0,20,0.008431096273378007,20.741159515289933,0.6219194072034318,20,0.003973059924686426,24.008748845382996,0.7957897856864709,15.0,none
val_images_circle,circle,test003.png,2,upright,0.0,False,321,321,80892.0,0.7850467562675476,blur,pnp_hqs,restormer,15.0,fixed15p0,0.2,0.5,0.0,0.15,G16_fixed,True,16,20,0.008431096273378007,20.741159515289933,0.6219194072034318,1,0.0060464224923596046,22.185015098724342,0.6904842548552391,15.0,0;22.5;45;67.5;90;112.5;135;157.5;180;202.5;225;247.5;270;292.5;315;337.5
val_images_circle,circle,test003.png,2,upright,0.0,False,321,321,80892.0,0.7850467562675476,blur,pnp_hqs,restormer,15.0,fixed15p0,0.2,0.5,0.0,0.15,G16_fixed,True,16,20,0.008431096273378007,20.741159515289933,0.6219194072034318,2,0.005485743671804497,22.607644892071825,0.7167354022183899,15.0,0;22.5;45;67.5;90;112.5;135;157.5;180;202.5;225;247.5;270;292.5;315;337.5
val_images_circle,circle,test003.png,2,upright,0.0,False,321,321,80892.0,0.7850467562675476,blur,pnp_hqs,restormer,15.0,fixed15p0,0.2,0.5,0.0,0.15,G16_fixed,True,16,20,0.008431096273378007,20.741159515289933,0.6219194072034318,3,0.005196684198964747,22.84273674328614,0.7285582165109035,15.0,0;22.5;45;67.5;90;112.5;135;157.5;180;202.5;225;247.5;270;292.5;315;337.5
val_images_circle,circle,test003.png,2,upright,0.0,False,321,321,80892.0,0.7850467562675476,blur,pnp_hqs,restormer,15.0,fixed15p0,0.2,0.5,0.0,0.15,G16_fixed,True,16,20,0.008431096273378007,20.741159515289933,0.6219194072034318,4,0.005007726622813829,23.003593877537106,0.7374770334211047,15.0,0;22.5;45;67.5;90;112.5;135;157.5;180;202.5;225;247.5;270;292.5;315;337.5
val_images_circle,circle,test003.png,2,upright,0.0,False,321,321,80892.0,0.7850467562675476,blur,pnp_hqs,restormer,15.0,fixed15p0,0.2,0.5,0.0,0.15,G16_fixed,True,16,20,0.008431096273378007,20.741159515289933,0.6219194072034318,5,0.004886461012807779,23.110055619484275,0.7408540283649805,15.0,0;22.5;45;67.5;90;112.5;135;157.5;180;202.5;225;247.5;270;292.5;315;337.5
val_images_circle,circle,test003.png,2,upright,0.0,False,321,321,80892.0,0.7850467562675476,blur,pnp_hqs,restormer,15.0,fixed15p0,0.2,0.5,0.0,0.15,G16_fixed,True,16,20,0.008431096273378007,20.741159515289933,0.6219194072034318,6,0.004773272608800546,23.211837617123344,0.7467149003455225,15.0,0;22.5;45;67.5;90;112.5;135;157.5;180;202.5;225;247.5;270;292.5;315;337.5
val_images_circle,circle,test003.png,2,upright,0.0,False,321,321,80892.0,0.7850467562675476,blur,pnp_hqs,restormer,15.0,fixed15p0,0.2,0.5,0.0,0.15,G16_fixed,True,16,20,0.008431096273378007,20.741159515289933,0.6219194072034318,7,0.004709824854121661,23.26995242829235,0.7448104030682886,15.0,0;22.5;45;67.5;90;112.5;135;157.5;180;202.5;225;247.5;270;292.5;315;337.5
val_images_circle,circle,test003.png,2,upright,0.0,False,321,321,80892.0,0.7850467562675476,blur,pnp_hqs,restormer,15.0,fixed15p0,0.2,0.5,0.0,0.15,G16_fixed,True,16,20,0.008431096273378007,20.741159515289933,0.6219194072034318,8,0.004637011916737749,23.337617880018023,0.7515470086658755,15.0,0;22.5;45;67.5;90;112.5;135;157.5;180;202.5;225;247.5;270;292.5;315;337.5
val_images_circle,circle,test003.png,2,upright,0.0,False,321,321,80892.0,0.7850467562675476,blur,pnp_hqs,restormer,15.0,fixed15p0,0.2,0.5,0.0,0.15,G16_fixed,True,16,20,0.008431096273378007,20.741159515289933,0.6219194072034318,9,0.004606455480498883,23.36633121758843,0.7491912441897839,15.0,0;22.5;45;67.5;90;112.5;135;157.5;180;202.5;225;247.5;270;292.5;315;337.5
val_images_circle,circle,test003.png,2,upright,0.0,False,321,321,80892.0,0.7850467562675476,blur,pnp_hqs,restormer,15.0,fixed15p0,0.2,0.5,0.0,0.15,G16_fixed,True,16,20,0.008431096273378007,20.741159515289933,0.6219194072034318,10,0.004560491236217155,23.40988374509267,0.7545141689691193,15.0,0;22.5;45;67.5;90;112.5;135;157.5;180;202.5;225;247.5;270;292.5;315;337.5
val_images_circle,circle,test003.png,2,upright,0.0,False,321,321,80892.0,0.7850467562675476,blur,pnp_hqs,restormer,15.0,fixed15p0,0.2,0.5,0.0,0.15,G16_fixed,True,16,20,0.008431096273378007,20.741159515289933,0.6219194072034318,11,0.004545899071302245,23.42380210771868,0.7501249254407111,15.0,0;22.5;45;67.5;90;112.5;135;157.5;180;202.5;225;247.5;270;292.5;315;337.5
val_images_circle,circle,test003.png,2,upright,0.0,False,321,321,80892.0,0.7850467562675476,blur,pnp_hqs,restormer,15.0,fixed15p0,0.2,0.5,0.0,0.15,G16_fixed,True,16,20,0.008431096273378007,20.741159515289933,0.6219194072034318,12,0.0045111361499215385,23.45714065328061,0.7554105222858873,15.0,0;22.5;45;67.5;90;112.5;135;157.5;180;202.5;225;247.5;270;292.5;315;337.5
val_images_circle,circle,test003.png,2,upright,0.0,False,321,321,80892.0,0.7850467562675476,blur,pnp_hqs,restormer,15.0,fixed15p0,0.2,0.5,0.0,0.15,G16_fixed,True,16,20,0.008431096273378007,20.741159515289933,0.6219194072034318,13,0.004536584064608328,23.432710370721075,0.7510426710923206,15.0,0;22.5;45;67.5;90;112.5;135;157.5;180;202.5;225;247.5;270;292.5;315;337.5
val_images_circle,circle,test003.png,2,upright,0.0,False,321,321,80892.0,0.7850467562675476,blur,pnp_hqs,restormer,15.0,fixed15p0,0.2,0.5,0.0,0.15,G16_fixed,True,16,20,0.008431096273378007,20.741159515289933,0.6219194072034318,14,0.004496994814580127,23.47077613210474,0.7575810957820304,15.0,0;22.5;45;67.5;90;112.5;135;157.5;180;202.5;225;247.5;270;292.5;315;337.5
val_images_circle,circle,test003.png,2,upright,0.0,False,321,321,80892.0,0.7850467562675476,blur,pnp_hqs,restormer,15.0,fixed15p0,0.2,0.5,0.0,0.15,G16_fixed,True,16,20,0.008431096273378007,20.741159515289933,0.6219194072034318,15,0.004513808305460522,23.45456888689465,0.7513861556921575,15.0,0;22.5;45;67.5;90;112.5;135;157.5;180;202.5;225;247.5;270;292.5;315;337.5
val_images_circle,circle,test003.png,2,upright,0.0,False,321,321,80892.0,0.7850467562675476,blur,pnp_hqs,restormer,15.0,fixed15p0,0.2,0.5,0.0,0.15,G16_fixed,True,16,20,0.008431096273378007,20.741159515289933,0.6219194072034318,16,0.00447689045644482,23.490235320949058,0.7569138287778767,15.0,0;22.5;45;67.5;90;112.5;135;157.5;180;202.5;225;247.5;270;292.5;315;337.5
val_images_circle,circle,test003.png,2,upright,0.0,False,321,321,80892.0,0.7850467562675476,blur,pnp_hqs,restormer,15.0,fixed15p0,0.2,0.5,0.0,0.15,G16_fixed,True,16,20,0.008431096273378007,20.741159515289933,0.6219194072034318,17,0.004514506619720391,23.453897058247076,0.7513494072343372,15.0,0;22.5;45;67.5;90;112.5;135;157.5;180;202.5;225;247.5;270;292.5;315;337.5
val_images_circle,circle,test003.png,2,upright,0.0,False,321,321,80892.0,0.7850467562675476,blur,pnp_hqs,restormer,15.0,fixed15p0,0.2,0.5,0.0,0.15,G16_fixed,True,16,20,0.008431096273378007,20.741159515289933,0.6219194072034318,18,0.0044817107488804514,23.485561764084544,0.757115872861346,15.0,0;22.5;45;67.5;90;112.5;135;157.5;180;202.5;225;247.5;270;292.5;315;337.5
val_images_circle,circle,test003.png,2,upright,0.0,False,321,321,80892.0,0.7850467562675476,blur,pnp_hqs,restormer,15.0,fixed15p0,0.2,0.5,0.0,0.15,G16_fixed,True,16,20,0.008431096273378007,20.741159515289933,0.6219194072034318,19,0.004501956957994533,23.46598661488947,0.7506128445179993,15.0,0;22.5;45;67.5;90;112.5;135;157.5;180;202.5;225;247.5;270;292.5;315;337.5
val_images_circle,circle,test003.png,2,upright,0.0,False,321,321,80892.0,0.7850467562675476,blur,pnp_hqs,restormer,15.0,fixed15p0,0.2,0.5,0.0,0.15,G16_fixed,True,16,20,0.008431096273378007,20.741159515289933,0.6219194072034318,20,0.004452333260271025,23.51412335873735,0.7578085402450181,15.0,0;22.5;45;67.5;90;112.5;135;157.5;180;202.5;225;247.5;270;292.5;315;337.5
val_images_circle,circle,test003.png,2,rot45_padded,45.0,False,321,321,80883.0,0.7849593758583069,blur,pnp_hqs,restormer,15.0,fixed15p0,0.2,0.5,0.0,0.15,vanilla,False,0,20,0.008876490156402612,20.517587242021456,0.6202620123357195,1,0.006069132554894106,22.168733770538743,0.7023637731352694,15.0,none
val_images_circle,circle,test003.png,2,rot45_padded,45.0,False,321,321,80883.0,0.7849593758583069,blur,pnp_hqs,restormer,15.0,fixed15p0,0.2,0.5,0.0,0.15,vanilla,False,0,20,0.008876490156402612,20.517587242021456,0.6202620123357195,2,0.0053971708229885295,22.678338360931605,0.7343168527379054,15.0,none
val_images_circle,circle,test003.png,2,rot45_padded,45.0,False,321,321,80883.0,0.7849593758583069,blur,pnp_hqs,restormer,15.0,fixed15p0,0.2,0.5,0.0,0.15,vanilla,False,0,20,0.008876490156402612,20.517587242021456,0.6202620123357195,3,0.0050633511613370165,22.955619517080954,0.7504691865874163,15.0,none
val_images_circle,circle,test003.png,2,rot45_padded,45.0,False,321,321,80883.0,0.7849593758583069,blur,pnp_hqs,restormer,15.0,fixed15p0,0.2,0.5,0.0,0.15,vanilla,False,0,20,0.008876490156402612,20.517587242021456,0.6202620123357195,4,0.004850519700813984,23.142117271494836,0.7604487345919414,15.0,none
val_images_circle,circle,test003.png,2,rot45_padded,45.0,False,321,321,80883.0,0.7849593758583069,blur,pnp_hqs,restormer,15.0,fixed15p0,0.2,0.5,0.0,0.15,vanilla,False,0,20,0.008876490156402612,20.517587242021456,0.6202620123357195,5,0.004697123999712548,23.281679746943148,0.767272296480719,15.0,none
val_images_circle,circle,test003.png,2,rot45_padded,45.0,False,321,321,80883.0,0.7849593758583069,blur,pnp_hqs,restormer,15.0,fixed15p0,0.2,0.5,0.0,0.15,vanilla,False,0,20,0.008876490156402612,20.517587242021456,0.6202620123357195,6,0.00458285296341919,23.388640764667716,0.772220126216263,15.0,none
val_images_circle,circle,test003.png,2,rot45_padded,45.0,False,321,321,80883.0,0.7849593758583069,blur,pnp_hqs,restormer,15.0,fixed15p0,0.2,0.5,0.0,0.15,vanilla,False,0,20,0.008876490156402612,20.517587242021456,0.6202620123357195,7,0.004494259811191397,23.473418248173708,0.7759028666407033,15.0,none
val_images_circle,circle,test003.png,2,rot45_padded,45.0,False,321,321,80883.0,0.7849593758583069,blur,pnp_hqs,restormer,15.0,fixed15p0,0.2,0.5,0.0,0.15,vanilla,False,0,20,0.008876490156402612,20.517587242021456,0.6202620123357195,8,0.0044250907090044415,23.540778223635982,0.7787495228447263,15.0,none
val_images_circle,circle,test003.png,2,rot45_padded,45.0,False,321,321,80883.0,0.7849593758583069,blur,pnp_hqs,restormer,15.0,fixed15p0,0.2,0.5,0.0,0.15,vanilla,False,0,20,0.008876490156402612,20.517587242021456,0.6202620123357195,9,0.004370670090569673,23.594519739387326,0.780863446274248,15.0,none
val_images_circle,circle,test003.png,2,rot45_padded,45.0,False,321,321,80883.0,0.7849593758583069,blur,pnp_hqs,restormer,15.0,fixed15p0,0.2,0.5,0.0,0.15,vanilla,False,0,20,0.008876490156402612,20.517587242021456,0.6202620123357195,10,0.004326311447747054,23.63882219254487,0.7825677309354252,15.0,none
val_images_circle,circle,test003.png,2,rot45_padded,45.0,False,321,321,80883.0,0.7849593758583069,blur,pnp_hqs,restormer,15.0,fixed15p0,0.2,0.5,0.0,0.15,vanilla,False,0,20,0.008876490156402612,20.517587242021456,0.6202620123357195,11,0.004291023977028355,23.674390587458145,0.7838995157356923,15.0,none
val_images_circle,circle,test003.png,2,rot45_padded,45.0,False,321,321,80883.0,0.7849593758583069,blur,pnp_hqs,restormer,15.0,fixed15p0,0.2,0.5,0.0,0.15,vanilla,False,0,20,0.008876490156402612,20.517587242021456,0.6202620123357195,12,0.004261343639186966,23.70453442428262,0.7849647117595786,15.0,none
val_images_circle,circle,test003.png,2,rot45_padded,45.0,False,321,321,80883.0,0.7849593758583069,blur,pnp_hqs,restormer,15.0,fixed15p0,0.2,0.5,0.0,0.15,vanilla,False,0,20,0.008876490156402612,20.517587242021456,0.6202620123357195,13,0.004237983918394278,23.728406956115094,0.7858426195090439,15.0,none
val_images_circle,circle,test003.png,2,rot45_padded,45.0,False,321,321,80883.0,0.7849593758583069,blur,pnp_hqs,restormer,15.0,fixed15p0,0.2,0.5,0.0,0.15,vanilla,False,0,20,0.008876490156402612,20.517587242021456,0.6202620123357195,14,0.004217154783713435,23.749804586296737,0.7865514945198621,15.0,none
val_images_circle,circle,test003.png,2,rot45_padded,45.0,False,321,321,80883.0,0.7849593758583069,blur,pnp_hqs,restormer,15.0,fixed15p0,0.2,0.5,0.0,0.15,vanilla,False,0,20,0.008876490156402612,20.517587242021456,0.6202620123357195,15,0.0042001443551661815,23.76735783036683,0.7871428676297862,15.0,none
val_images_circle,circle,test003.png,2,rot45_padded,45.0,False,321,321,80883.0,0.7849593758583069,blur,pnp_hqs,restormer,15.0,fixed15p0,0.2,0.5,0.0,0.15,vanilla,False,0,20,0.008876490156402612,20.517587242021456,0.6202620123357195,16,0.0041848612299169785,23.78318938645758,0.7876069832350432,15.0,none
val_images_circle,circle,test003.png,2,rot45_padded,45.0,False,321,321,80883.0,0.7849593758583069,blur,pnp_hqs,restormer,15.0,fixed15p0,0.2,0.5,0.0,0.15,vanilla,False,0,20,0.008876490156402612,20.517587242021456,0.6202620123357195,17,0.0041719634282698466,23.79659507285347,0.7879926193544997,15.0,none
val_images_circle,circle,test003.png,2,rot45_padded,45.0,False,321,321,80883.0,0.7849593758583069,blur,pnp_hqs,restormer,15.0,fixed15p0,0.2,0.5,0.0,0.15,vanilla,False,0,20,0.008876490156402612,20.517587242021456,0.6202620123357195,18,0.004160692189426973,23.808344123921273,0.7882761114047451,15.0,none
val_images_circle,circle,test003.png,2,rot45_padded,45.0,False,321,321,80883.0,0.7849593758583069,blur,pnp_hqs,restormer,15.0,fixed15p0,0.2,0.5,0.0,0.15,vanilla,False,0,20,0.008876490156402612,20.517587242021456,0.6202620123357195,19,0.00415114561274561,23.818320322917373,0.7885189390075789,15.0,none
val_images_circle,circle,test003.png,2,rot45_padded,45.0,False,321,321,80883.0,0.7849593758583069,blur,pnp_hqs,restormer,15.0,fixed15p0,0.2,0.5,0.0,0.15,vanilla,False,0,20,0.008876490156402612,20.517587242021456,0.6202620123357195,20,0.004142869045435421,23.826987943733528,0.7887006250540904,15.0,none
val_images_circle,circle,test003.png,2,rot45_padded,45.0,False,321,321,80883.0,0.7849593758583069,blur,pnp_hqs,restormer,15.0,fixed15p0,0.2,0.5,0.0,0.15,G16_fixed,False,16,20,0.008876490156402612,20.517587242021456,0.6202620123357195,1,0.006030740239518425,22.19629377377713,0.7062706992662241,15.0,0;22.5;45;67.5;90;112.5;135;157.5;180;202.5;225;247.5;270;292.5;315;337.5
val_images_circle,circle,test003.png,2,rot45_padded,45.0,False,321,321,80883.0,0.7849593758583069,blur,pnp_hqs,restormer,15.0,fixed15p0,0.2,0.5,0.0,0.15,G16_fixed,False,16,20,0.008876490156402612,20.517587242021456,0.6202620123357195,2,0.005366935469168235,22.702736265412916,0.7395341689539211,15.0,0;22.5;45;67.5;90;112.5;135;157.5;180;202.5;225;247.5;270;292.5;315;337.5
val_images_circle,circle,test003.png,2,rot45_padded,45.0,False,321,321,80883.0,0.7849593758583069,blur,pnp_hqs,restormer,15.0,fixed15p0,0.2,0.5,0.0,0.15,G16_fixed,False,16,20,0.008876490156402612,20.517587242021456,0.6202620123357195,3,0.005025575362691132,22.988142100194157,0.7558697825871938,15.0,0;22.5;45;67.5;90;112.5;135;157.5;180;202.5;225;247.5;270;292.5;315;337.5
val_images_circle,circle,test003.png,2,rot45_padded,45.0,False,321,321,80883.0,0.7849593758583069,blur,pnp_hqs,restormer,15.0,fixed15p0,0.2,0.5,0.0,0.15,G16_fixed,False,16,20,0.008876490156402612,20.517587242021456,0.6202620123357195,4,0.004806156153023503,23.182021229838988,0.7659063187721771,15.0,0;22.5;45;67.5;90;112.5;135;157.5;180;202.5;225;247.5;270;292.5;315;337.5
val_images_circle,circle,test003.png,2,rot45_padded,45.0,False,321,321,80883.0,0.7849593758583069,blur,pnp_hqs,restormer,15.0,fixed15p0,0.2,0.5,0.0,0.15,G16_fixed,False,16,20,0.008876490156402612,20.517587242021456,0.6202620123357195,5,0.0046481746842758215,23.32717558975835,0.7727905392665949,15.0,0;22.5;45;67.5;90;112.5;135;157.5;180;202.5;225;247.5;270;292.5;315;337.5
val_images_circle,circle,test003.png,2,rot45_padded,45.0,False,321,321,80883.0,0.7849593758583069,blur,pnp_hqs,restormer,15.0,fixed15p0,0.2,0.5,0.0,0.15,G16_fixed,False,16,20,0.008876490156402612,20.517587242021456,0.6202620123357195,6,0.004528089751844485,23.44084973528156,0.7778404647762818,15.0,0;22.5;45;67.5;90;112.5;135;157.5;180;202.5;225;247.5;270;292.5;315;337.5
val_images_circle,circle,test003.png,2,rot45_padded,45.0,False,321,321,80883.0,0.7849593758583069,blur,pnp_hqs,restormer,15.0,fixed15p0,0.2,0.5,0.0,0.15,G16_fixed,False,16,20,0.008876490156402612,20.517587242021456,0.6202620123357195,7,0.004433274081925243,23.532754181281117,0.7817093343935066,15.0,0;22.5;45;67.5;90;112.5;135;157.5;180;202.5;225;247.5;270;292.5;315;337.5
val_images_circle,circle,test003.png,2,rot45_padded,45.0,False,321,321,80883.0,0.7849593758583069,blur,pnp_hqs,restormer,15.0,fixed15p0,0.2,0.5,0.0,0.15,G16_fixed,False,16,20,0.008876490156402612,20.517587242021456,0.6202620123357195,8,0.004356532086663761,23.608590829590245,0.784767861061657,15.0,0;22.5;45;67.5;90;112.5;135;157.5;180;202.5;225;247.5;270;292.5;315;337.5
val_images_circle,circle,test003.png,2,rot45_padded,45.0,False,321,321,80883.0,0.7849593758583069,blur,pnp_hqs,restormer,15.0,fixed15p0,0.2,0.5,0.0,0.15,G16_fixed,False,16,20,0.008876490156402612,20.517587242021456,0.6202620123357195,9,0.004293241399807438,23.672146913815393,0.7872415827491562,15.0,0;22.5;45;67.5;90;112.5;135;157.5;180;202.5;225;247.5;270;292.5;315;337.5
val_images_circle,circle,test003.png,2,rot45_padded,45.0,False,321,321,80883.0,0.7849593758583069,blur,pnp_hqs,restormer,15.0,fixed15p0,0.2,0.5,0.0,0.15,G16_fixed,False,16,20,0.008876490156402612,20.517587242021456,0.6202620123357195,10,0.004240291517120988,23.726042849344026,0.7892766403323319,15.0,0;22.5;45;67.5;90;112.5;135;157.5;180;202.5;225;247.5;270;292.5;315;337.5
val_images_circle,circle,test003.png,2,rot45_padded,45.0,False,321,321,80883.0,0.7849593758583069,blur,pnp_hqs,restormer,15.0,fixed15p0,0.2,0.5,0.0,0.15,G16_fixed,False,16,20,0.008876490156402612,20.517587242021456,0.6202620123357195,11,0.004195472184624511,23.772191538730254,0.7909721835861677,15.0,0;22.5;45;67.5;90;112.5;135;157.5;180;202.5;225;247.5;270;292.5;315;337.5
val_images_circle,circle,test003.png,2,rot45_padded,45.0,False,321,321,80883.0,0.7849593758583069,blur,pnp_hqs,restormer,15.0,fixed15p0,0.2,0.5,0.0,0.15,G16_fixed,False,16,20,0.008876490156402612,20.517587242021456,0.6202620123357195,12,0.00415715608490331,23.812036691335166,0.792398336949668,15.0,0;22.5;45;67.5;90;112.5;135;157.5;180;202.5;225;247.5;270;292.5;315;337.5
val_images_circle,circle,test003.png,2,rot45_padded,45.0,False,321,321,80883.0,0.7849593758583069,blur,pnp_hqs,restormer,15.0,fixed15p0,0.2,0.5,0.0,0.15,G16_fixed,False,16,20,0.008876490156402612,20.517587242021456,0.6202620123357195,13,0.004124112448329107,23.84669501724349,0.7936075488668818,15.0,0;22.5;45;67.5;90;112.5;135;157.5;180;202.5;225;247.5;270;292.5;315;337.5
val_images_circle,circle,test003.png,2,rot45_padded,45.0,False,321,321,80883.0,0.7849593758583069,blur,pnp_hqs,restormer,15.0,fixed15p0,0.2,0.5,0.0,0.15,G16_fixed,False,16,20,0.008876490156402612,20.517587242021456,0.6202620123357195,14,0.0040954191409437474,23.877016442616004,0.794638745162766,15.0,0;22.5;45;67.5;90;112.5;135;157.5;180;202.5;225;247.5;270;292.5;315;337.5
val_images_circle,circle,test003.png,2,rot45_padded,45.0,False,321,321,80883.0,0.7849593758583069,blur,pnp_hqs,restormer,15.0,fixed15p0,0.2,0.5,0.0,0.15,G16_fixed,False,16,20,0.008876490156402612,20.517587242021456,0.6202620123357195,15,0.004070350982114018,23.903681404005162,0.7955233659267089,15.0,0;22.5;45;67.5;90;112.5;135;157.5;180;202.5;225;247.5;270;292.5;315;337.5
val_images_circle,circle,test003.png,2,rot45_padded,45.0,False,321,321,80883.0,0.7849593758583069,blur,pnp_hqs,restormer,15.0,fixed15p0,0.2,0.5,0.0,0.15,G16_fixed,False,16,20,0.008876490156402612,20.517587242021456,0.6202620123357195,16,0.004048337486346984,23.927232900544322,0.7962875387905988,15.0,0;22.5;45;67.5;90;112.5;135;157.5;180;202.5;225;247.5;270;292.5;315;337.5
val_images_circle,circle,test003.png,2,rot45_padded,45.0,False,321,321,80883.0,0.7849593758583069,blur,pnp_hqs,restormer,15.0,fixed15p0,0.2,0.5,0.0,0.15,G16_fixed,False,16,20,0.008876490156402612,20.517587242021456,0.6202620123357195,17,0.004028936829229798,23.948095419767235,0.796950485191573,15.0,0;22.5;45;67.5;90;112.5;135;157.5;180;202.5;225;247.5;270;292.5;315;337.5
val_images_circle,circle,test003.png,2,rot45_padded,45.0,False,321,321,80883.0,0.7849593758583069,blur,pnp_hqs,restormer,15.0,fixed15p0,0.2,0.5,0.0,0.15,G16_fixed,False,16,20,0.008876490156402612,20.517587242021456,0.6202620123357195,18,0.00401178189278321,23.966626861539993,0.7975293015837691,15.0,0;22.5;45;67.5;90;112.5;135;157.5;180;202.5;225;247.5;270;292.5;315;337.5
val_images_circle,circle,test003.png,2,rot45_padded,45.0,False,321,321,80883.0,0.7849593758583069,blur,pnp_hqs,restormer,15.0,fixed15p0,0.2,0.5,0.0,0.15,G16_fixed,False,16,20,0.008876490156402612,20.517587242021456,0.6202620123357195,19,0.003996564795947542,23.983131414594375,0.7980375588813471,15.0,0;22.5;45;67.5;90;112.5;135;157.5;180;202.5;225;247.5;270;292.5;315;337.5
val_images_circle,circle,test003.png,2,rot45_padded,45.0,False,321,321,80883.0,0.7849593758583069,blur,pnp_hqs,restormer,15.0,fixed15p0,0.2,0.5,0.0,0.15,G16_fixed,False,16,20,0.008876490156402612,20.517587242021456,0.6202620123357195,20,0.003983035008056583,23.99785876433007,0.798485447343694,15.0,0;22.5;45;67.5;90;112.5;135;157.5;180;202.5;225;247.5;270;292.5;315;337.5
val_images_circle,circle,test004.png,3,upright,0.0,False,321,321,80892.0,0.7850467562675476,blur,pnp_hqs,restormer,15.0,fixed15p0,0.2,0.5,0.0,0.15,vanilla,True,0,20,0.002775769756448992,25.56616560425646,0.7580479122626465,1,0.0017816113216058912,27.491870361540013,0.8302586318795431,15.0,none
val_images_circle,circle,test004.png,3,upright,0.0,False,321,321,80892.0,0.7850467562675476,blur,pnp_hqs,restormer,15.0,fixed15p0,0.2,0.5,0.0,0.15,vanilla,True,0,20,0.002775769756448992,25.56616560425646,0.7580479122626465,2,0.0015365898812529843,28.13442031053212,0.8545709479923849,15.0,none
val_images_circle,circle,test004.png,3,upright,0.0,False,321,321,80892.0,0.7850467562675476,blur,pnp_hqs,restormer,15.0,fixed15p0,0.2,0.5,0.0,0.15,vanilla,True,0,20,0.002775769756448992,25.56616560425646,0.7580479122626465,3,0.0014676781287327933,28.333691775549596,0.8672138661734164,15.0,none
val_images_circle,circle,test004.png,3,upright,0.0,False,321,321,80892.0,0.7850467562675476,blur,pnp_hqs,restormer,15.0,fixed15p0,0.2,0.5,0.0,0.15,vanilla,True,0,20,0.002775769756448992,25.56616560425646,0.7580479122626465,4,0.0014568979259250085,28.365708749701767,0.8722380226103941,15.0,none
val_images_circle,circle,test004.png,3,upright,0.0,False,321,321,80892.0,0.7850467562675476,blur,pnp_hqs,restormer,15.0,fixed15p0,0.2,0.5,0.0,0.15,vanilla,True,0,20,0.002775769756448992,25.56616560425646,0.7580479122626465,5,0.0013933268061661788,28.55947007432176,0.8767716523265588,15.0,none
val_images_circle,circle,test004.png,3,upright,0.0,False,321,321,80892.0,0.7850467562675476,blur,pnp_hqs,restormer,15.0,fixed15p0,0.2,0.5,0.0,0.15,vanilla,True,0,20,0.002775769756448992,25.56616560425646,0.7580479122626465,6,0.0013551271109719402,28.680199660408135,0.8793062818325669,15.0,none
val_images_circle,circle,test004.png,3,upright,0.0,False,321,321,80892.0,0.7850467562675476,blur,pnp_hqs,restormer,15.0,fixed15p0,0.2,0.5,0.0,0.15,vanilla,True,0,20,0.002775769756448992,25.56616560425646,0.7580479122626465,7,0.0013035755980847729,28.848637777836963,0.8821091123040598,15.0,none
val_images_circle,circle,test004.png,3,upright,0.0,False,321,321,80892.0,0.7850467562675476,blur,pnp_hqs,restormer,15.0,fixed15p0,0.2,0.5,0.0,0.15,vanilla,True,0,20,0.002775769756448992,25.56616560425646,0.7580479122626465,8,0.001275841373839164,28.942033183646657,0.8837946158149137,15.0,none
val_images_circle,circle,test004.png,3,upright,0.0,False,321,321,80892.0,0.7850467562675476,blur,pnp_hqs,restormer,15.0,fixed15p0,0.2,0.5,0.0,0.15,vanilla,True,0,20,0.002775769756448992,25.56616560425646,0.7580479122626465,9,0.0012589700673670218,28.99984595334445,0.8852428237650201,15.0,none
val_images_circle,circle,test004.png,3,upright,0.0,False,321,321,80892.0,0.7850467562675476,blur,pnp_hqs,restormer,15.0,fixed15p0,0.2,0.5,0.0,0.15,vanilla,True,0,20,0.002775769756448992,25.56616560425646,0.7580479122626465,10,0.0012460562522973821,29.04462351327812,0.8863249958277704,15.0,none
val_images_circle,circle,test004.png,3,upright,0.0,False,321,321,80892.0,0.7850467562675476,blur,pnp_hqs,restormer,15.0,fixed15p0,0.2,0.5,0.0,0.15,vanilla,True,0,20,0.002775769756448992,25.56616560425646,0.7580479122626465,11,0.001236431135219017,29.078300672745687,0.8871631117724867,15.0,none
val_images_circle,circle,test004.png,3,upright,0.0,False,321,321,80892.0,0.7850467562675476,blur,pnp_hqs,restormer,15.0,fixed15p0,0.2,0.5,0.0,0.15,vanilla,True,0,20,0.002775769756448992,25.56616560425646,0.7580479122626465,12,0.0012275496983053021,29.109609160988185,0.887729743052465,15.0,none
val_images_circle,circle,test004.png,3,upright,0.0,False,321,321,80892.0,0.7850467562675476,blur,pnp_hqs,restormer,15.0,fixed15p0,0.2,0.5,0.0,0.15,vanilla,True,0,20,0.002775769756448992,25.56616560425646,0.7580479122626465,13,0.0012216919319557637,29.130382941909374,0.8883219678707412,15.0,none
val_images_circle,circle,test004.png,3,upright,0.0,False,321,321,80892.0,0.7850467562675476,blur,pnp_hqs,restormer,15.0,fixed15p0,0.2,0.5,0.0,0.15,vanilla,True,0,20,0.002775769756448992,25.56616560425646,0.7580479122626465,14,0.0012164179804723234,29.14917168960166,0.8886950540535529,15.0,none
val_images_circle,circle,test004.png,3,upright,0.0,False,321,321,80892.0,0.7850467562675476,blur,pnp_hqs,restormer,15.0,fixed15p0,0.2,0.5,0.0,0.15,vanilla,True,0,20,0.002775769756448992,25.56616560425646,0.7580479122626465,15,0.0012135242770948166,29.15951530990182,0.8890071020620086,15.0,none
val_images_circle,circle,test004.png,3,upright,0.0,False,321,321,80892.0,0.7850467562675476,blur,pnp_hqs,restormer,15.0,fixed15p0,0.2,0.5,0.0,0.15,vanilla,True,0,20,0.002775769756448992,25.56616560425646,0.7580479122626465,16,0.0012090629506333966,29.175510867314614,0.8892210254104238,15.0,none
val_images_circle,circle,test004.png,3,upright,0.0,False,321,321,80892.0,0.7850467562675476,blur,pnp_hqs,restormer,15.0,fixed15p0,0.2,0.5,0.0,0.15,vanilla,True,0,20,0.002775769756448992,25.56616560425646,0.7580479122626465,17,0.0012075683279866984,29.18088286143299,0.8892772346152895,15.0,none
val_images_circle,circle,test004.png,3,upright,0.0,False,321,321,80892.0,0.7850467562675476,blur,pnp_hqs,restormer,15.0,fixed15p0,0.2,0.5,0.0,0.15,vanilla,True,0,20,0.002775769756448992,25.56616560425646,0.7580479122626465,18,0.0012084917740858858,29.177563013848097,0.8893261037865302,15.0,none
val_images_circle,circle,test004.png,3,upright,0.0,False,321,321,80892.0,0.7850467562675476,blur,pnp_hqs,restormer,15.0,fixed15p0,0.2,0.5,0.0,0.15,vanilla,True,0,20,0.002775769756448992,25.56616560425646,0.7580479122626465,19,0.0012106498141426223,29.169814603076794,0.8892831259580676,15.0,none
val_images_circle,circle,test004.png,3,upright,0.0,False,321,321,80892.0,0.7850467562675476,blur,pnp_hqs,restormer,15.0,fixed15p0,0.2,0.5,0.0,0.15,vanilla,True,0,20,0.002775769756448992,25.56616560425646,0.7580479122626465,20,0.0012141879774522858,29.157140717035418,0.8892462326311625,15.0,none
val_images_circle,circle,test004.png,3,upright,0.0,False,321,321,80892.0,0.7850467562675476,blur,pnp_hqs,restormer,15.0,fixed15p0,0.2,0.5,0.0,0.15,G16_fixed,True,16,20,0.002775769756448992,25.56616560425646,0.7580479122626465,1,0.0018126751769044682,27.41680012516007,0.8197096514488453,15.0,0;22.5;45;67.5;90;112.5;135;157.5;180;202.5;225;247.5;270;292.5;315;337.5
val_images_circle,circle,test004.png,3,upright,0.0,False,321,321,80892.0,0.7850467562675476,blur,pnp_hqs,restormer,15.0,fixed15p0,0.2,0.5,0.0,0.15,G16_fixed,True,16,20,0.002775769756448992,25.56616560425646,0.7580479122626465,2,0.0015914340533954609,27.9821135317232,0.8406775198721752,15.0,0;22.5;45;67.5;90;112.5;135;157.5;180;202.5;225;247.5;270;292.5;315;337.5
val_images_circle,circle,test004.png,3,upright,0.0,False,321,321,80892.0,0.7850467562675476,blur,pnp_hqs,restormer,15.0,fixed15p0,0.2,0.5,0.0,0.15,G16_fixed,True,16,20,0.002775769756448992,25.56616560425646,0.7580479122626465,3,0.0014961871573604699,28.250140773773325,0.8457451370345646,15.0,0;22.5;45;67.5;90;112.5;135;157.5;180;202.5;225;247.5;270;292.5;315;337.5
val_images_circle,circle,test004.png,3,upright,0.0,False,321,321,80892.0,0.7850467562675476,blur,pnp_hqs,restormer,15.0,fixed15p0,0.2,0.5,0.0,0.15,G16_fixed,True,16,20,0.002775769756448992,25.56616560425646,0.7580479122626465,4,0.0014214968637714387,28.472540941502963,0.8537069487712011,15.0,0;22.5;45;67.5;90;112.5;135;157.5;180;202.5;225;247.5;270;292.5;315;337.5
val_images_circle,circle,test004.png,3,upright,0.0,False,321,321,80892.0,0.7850467562675476,blur,pnp_hqs,restormer,15.0,fixed15p0,0.2,0.5,0.0,0.15,G16_fixed,True,16,20,0.002775769756448992,25.56616560425646,0.7580479122626465,5,0.0013927985433123795,28.56111696106496,0.8531894764006329,15.0,0;22.5;45;67.5;90;112.5;135;157.5;180;202.5;225;247.5;270;292.5;315;337.5
val_images_circle,circle,test004.png,3,upright,0.0,False,321,321,80892.0,0.7850467562675476,blur,pnp_hqs,restormer,15.0,fixed15p0,0.2,0.5,0.0,0.15,G16_fixed,True,16,20,0.002775769756448992,25.56616560425646,0.7580479122626465,6,0.001351009942902506,28.69341454729411,0.8590220989096573,15.0,0;22.5;45;67.5;90;112.5;135;157.5;180;202.5;225;247.5;270;292.5;315;337.5
val_images_circle,circle,test004.png,3,upright,0.0,False,321,321,80892.0,0.7850467562675476,blur,pnp_hqs,restormer,15.0,fixed15p0,0.2,0.5,0.0,0.15,G16_fixed,True,16,20,0.002775769756448992,25.56616560425646,0.7580479122626465,7,0.0013819505274369492,28.595075040281863,0.8481228250321416,15.0,0;22.5;45;67.5;90;112.5;135;157.5;180;202.5;225;247.5;270;292.5;315;337.5
val_images_circle,circle,test004.png,3,upright,0.0,False,321,321,80892.0,0.7850467562675476,blur,pnp_hqs,restormer,15.0,fixed15p0,0.2,0.5,0.0,0.15,G16_fixed,True,16,20,0.002775769756448992,25.56616560425646,0.7580479122626465,8,0.0013299908157225644,28.761513580515476,0.859558017943678,15.0,0;22.5;45;67.5;90;112.5;135;157.5;180;202.5;225;247.5;270;292.5;315;337.5
val_images_circle,circle,test004.png,3,upright,0.0,False,321,321,80892.0,0.7850467562675476,blur,pnp_hqs,restormer,15.0,fixed15p0,0.2,0.5,0.0,0.15,G16_fixed,True,16,20,0.002775769756448992,25.56616560425646,0.7580479122626465,9,0.0013683162338920065,28.63813520479365,0.8484490702108984,15.0,0;22.5;45;67.5;90;112.5;135;157.5;180;202.5;225;247.5;270;292.5;315;337.5
val_images_circle,circle,test004.png,3,upright,0.0,False,321,321,80892.0,0.7850467562675476,blur,pnp_hqs,restormer,15.0,fixed15p0,0.2,0.5,0.0,0.15,G16_fixed,True,16,20,0.002775769756448992,25.56616560425646,0.7580479122626465,10,0.0013204154030762563,28.79289418125424,0.8590983966276022,15.0,0;22.5;45;67.5;90;112.5;135;157.5;180;202.5;225;247.5;270;292.5;315;337.5
val_images_circle,circle,test004.png,3,upright,0.0,False,321,321,80892.0,0.7850467562675476,blur,pnp_hqs,restormer,15.0,fixed15p0,0.2,0.5,0.0,0.15,G16_fixed,True,16,20,0.002775769756448992,25.56616560425646,0.7580479122626465,11,0.0013492376545101222,28.699115470279214,0.8504871850739257,15.0,0;22.5;45;67.5;90;112.5;135;157.5;180;202.5;225;247.5;270;292.5;315;337.5
val_images_circle,circle,test004.png,3,upright,0.0,False,321,321,80892.0,0.7850467562675476,blur,pnp_hqs,restormer,15.0,fixed15p0,0.2,0.5,0.0,0.15,G16_fixed,True,16,20,0.002775769756448992,25.56616560425646,0.7580479122626465,12,0.001303352635509093,28.849380655337594,0.861676969755971,15.0,0;22.5;45;67.5;90;112.5;135;157.5;180;202.5;225;247.5;270;292.5;315;337.5
val_images_circle,circle,test004.png,3,upright,0.0,False,321,321,80892.0,0.7850467562675476,blur,pnp_hqs,restormer,15.0,fixed15p0,0.2,0.5,0.0,0.15,G16_fixed,True,16,20,0.002775769756448992,25.56616560425646,0.7580479122626465,13,0.0013486702505950256,28.700942221981922,0.8499079018938832,15.0,0;22.5;45;67.5;90;112.5;135;157.5;180;202.5;225;247.5;270;292.5;315;337.5
val_images_circle,circle,test004.png,3,upright,0.0,False,321,321,80892.0,0.7850467562675476,blur,pnp_hqs,restormer,15.0,fixed15p0,0.2,0.5,0.0,0.15,G16_fixed,True,16,20,0.002775769756448992,25.56616560425646,0.7580479122626465,14,0.0013083143073444473,28.832879092629007,0.8600867901028532,15.0,0;22.5;45;67.5;90;112.5;135;157.5;180;202.5;225;247.5;270;292.5;315;337.5
val_images_circle,circle,test004.png,3,upright,0.0,False,321,321,80892.0,0.7850467562675476,blur,pnp_hqs,restormer,15.0,fixed15p0,0.2,0.5,0.0,0.15,G16_fixed,True,16,20,0.002775769756448992,25.56616560425646,0.7580479122626465,15,0.0013458913295587211,28.709900046575537,0.849706340707363,15.0,0;22.5;45;67.5;90;112.5;135;157.5;180;202.5;225;247.5;270;292.5;315;337.5
val_images_circle,circle,test004.png,3,upright,0.0,False,321,321,80892.0,0.7850467562675476,blur,pnp_hqs,restormer,15.0,fixed15p0,0.2,0.5,0.0,0.15,G16_fixed,True,16,20,0.002775769756448992,25.56616560425646,0.7580479122626465,16,0.0012992931887155965,28.86292838246397,0.8615390543873312,15.0,0;22.5;45;67.5;90;112.5;135;157.5;180;202.5;225;247.5;270;292.5;315;337.5
val_images_circle,circle,test004.png,3,upright,0.0,False,321,321,80892.0,0.7850467562675476,blur,pnp_hqs,restormer,15.0,fixed15p0,0.2,0.5,0.0,0.15,G16_fixed,True,16,20,0.002775769756448992,25.56616560425646,0.7580479122626465,17,0.0013456925118304924,28.710541642360916,0.8494402644884538,15.0,0;22.5;45;67.5;90;112.5;135;157.5;180;202.5;225;247.5;270;292.5;315;337.5
val_images_circle,circle,test004.png,3,upright,0.0,False,321,321,80892.0,0.7850467562675476,blur,pnp_hqs,restormer,15.0,fixed15p0,0.2,0.5,0.0,0.15,G16_fixed,True,16,20,0.002775769756448992,25.56616560425646,0.7580479122626465,18,0.0012981315951952623,28.86681279669495,0.8614280846684468,15.0,0;22.5;45;67.5;90;112.5;135;157.5;180;202.5;225;247.5;270;292.5;315;337.5
val_images_circle,circle,test004.png,3,upright,0.0,False,321,321,80892.0,0.7850467562675476,blur,pnp_hqs,restormer,15.0,fixed15p0,0.2,0.5,0.0,0.15,G16_fixed,True,16,20,0.002775769756448992,25.56616560425646,0.7580479122626465,19,0.0013357907664803554,28.742615628779397,0.8510190477735746,15.0,0;22.5;45;67.5;90;112.5;135;157.5;180;202.5;225;247.5;270;292.5;315;337.5
val_images_circle,circle,test004.png,3,upright,0.0,False,321,321,80892.0,0.7850467562675476,blur,pnp_hqs,restormer,15.0,fixed15p0,0.2,0.5,0.0,0.15,G16_fixed,True,16,20,0.002775769756448992,25.56616560425646,0.7580479122626465,20,0.0012952001654936134,28.87663108762899,0.8612127126291846,15.0,0;22.5;45;67.5;90;112.5;135;157.5;180;202.5;225;247.5;270;292.5;315;337.5
val_images_circle,circle,test004.png,3,rot45_padded,45.0,False,321,321,80883.0,0.7849593758583069,blur,pnp_hqs,restormer,15.0,fixed15p0,0.2,0.5,0.0,0.15,vanilla,False,0,20,0.0031912173679883287,24.96043613072945,0.7583175215280096,1,0.0018275427305104285,27.381324598377162,0.8236105702063474,15.0,none
val_images_circle,circle,test004.png,3,rot45_padded,45.0,False,321,321,80883.0,0.7849593758583069,blur,pnp_hqs,restormer,15.0,fixed15p0,0.2,0.5,0.0,0.15,vanilla,False,0,20,0.0031912173679883287,24.96043613072945,0.7583175215280096,2,0.0015620122952723764,28.063155519261123,0.8483864231358876,15.0,none
val_images_circle,circle,test004.png,3,rot45_padded,45.0,False,321,321,80883.0,0.7849593758583069,blur,pnp_hqs,restormer,15.0,fixed15p0,0.2,0.5,0.0,0.15,vanilla,False,0,20,0.0031912173679883287,24.96043613072945,0.7583175215280096,3,0.0014554964848012039,28.369888390972307,0.8603109584214236,15.0,none
val_images_circle,circle,test004.png,3,rot45_padded,45.0,False,321,321,80883.0,0.7849593758583069,blur,pnp_hqs,restormer,15.0,fixed15p0,0.2,0.5,0.0,0.15,vanilla,False,0,20,0.0031912173679883287,24.96043613072945,0.7583175215280096,4,0.001414235895141603,28.494781439948127,0.8655317518823485,15.0,none
val_images_circle,circle,test004.png,3,rot45_padded,45.0,False,321,321,80883.0,0.7849593758583069,blur,pnp_hqs,restormer,15.0,fixed15p0,0.2,0.5,0.0,0.15,vanilla,False,0,20,0.0031912173679883287,24.96043613072945,0.7583175215280096,5,0.0013752449850340828,28.616199300727946,0.8687912826242845,15.0,none
val_images_circle,circle,test004.png,3,rot45_padded,45.0,False,321,321,80883.0,0.7849593758583069,blur,pnp_hqs,restormer,15.0,fixed15p0,0.2,0.5,0.0,0.15,vanilla,False,0,20,0.0031912173679883287,24.96043613072945,0.7583175215280096,6,0.001348225497931812,28.702374636485164,0.8709666856756055,15.0,none
val_images_circle,circle,test004.png,3,rot45_padded,45.0,False,321,321,80883.0,0.7849593758583069,blur,pnp_hqs,restormer,15.0,fixed15p0,0.2,0.5,0.0,0.15,vanilla,False,0,20,0.0031912173679883287,24.96043613072945,0.7583175215280096,7,0.0013248191799444297,28.77843393056378,0.8725976101282099,15.0,none
val_images_circle,circle,test004.png,3,rot45_padded,45.0,False,321,321,80883.0,0.7849593758583069,blur,pnp_hqs,restormer,15.0,fixed15p0,0.2,0.5,0.0,0.15,vanilla,False,0,20,0.0031912173679883287,24.96043613072945,0.7583175215280096,8,0.0013090805529681472,28.830336287485558,0.8738005436865596,15.0,none
val_images_circle,circle,test004.png,3,rot45_padded,45.0,False,321,321,80883.0,0.7849593758583069,blur,pnp_hqs,restormer,15.0,fixed15p0,0.2,0.5,0.0,0.15,vanilla,False,0,20,0.0031912173679883287,24.96043613072945,0.7583175215280096,9,0.001294621745298765,28.878571025676266,0.8748481603056266,15.0,none
val_images_circle,circle,test004.png,3,rot45_padded,45.0,False,321,321,80883.0,0.7849593758583069,blur,pnp_hqs,restormer,15.0,fixed15p0,0.2,0.5,0.0,0.15,vanilla,False,0,20,0.0031912173679883287,24.96043613072945,0.7583175215280096,10,0.0012850821487639746,28.910691092085244,0.8756210745768579,15.0,none
val_images_circle,circle,test004.png,3,rot45_padded,45.0,False,321,321,80883.0,0.7849593758583069,blur,pnp_hqs,restormer,15.0,fixed15p0,0.2,0.5,0.0,0.15,vanilla,False,0,20,0.0031912173679883287,24.96043613072945,0.7583175215280096,11,0.0012778752417530377,28.935115440360004,0.8762572172149895,15.0,none
val_images_circle,circle,test004.png,3,rot45_padded,45.0,False,321,321,80883.0,0.7849593758583069,blur,pnp_hqs,restormer,15.0,fixed15p0,0.2,0.5,0.0,0.15,vanilla,False,0,20,0.0031912173679883287,24.96043613072945,0.7583175215280096,12,0.0012720767208027819,28.954866949639385,0.8768265194787532,15.0,none
val_images_circle,circle,test004.png,3,rot45_padded,45.0,False,321,321,80883.0,0.7849593758583069,blur,pnp_hqs,restormer,15.0,fixed15p0,0.2,0.5,0.0,0.15,vanilla,False,0,20,0.0031912173679883287,24.96043613072945,0.7583175215280096,13,0.0012670752571301873,28.971975897055646,0.8772398286722797,15.0,none
val_images_circle,circle,test004.png,3,rot45_padded,45.0,False,321,321,80883.0,0.7849593758583069,blur,pnp_hqs,restormer,15.0,fixed15p0,0.2,0.5,0.0,0.15,vanilla,False,0,20,0.0031912173679883287,24.96043613072945,0.7583175215280096,14,0.0012648907542315655,28.979469819057087,0.8775575136308,15.0,none
val_images_circle,circle,test004.png,3,rot45_padded,45.0,False,321,321,80883.0,0.7849593758583069,blur,pnp_hqs,restormer,15.0,fixed15p0,0.2,0.5,0.0,0.15,vanilla,False,0,20,0.0031912173679883287,24.96043613072945,0.7583175215280096,15,0.0012621717984885382,28.988815277721116,0.8779319935895058,15.0,none
val_images_circle,circle,test004.png,3,rot45_padded,45.0,False,321,321,80883.0,0.7849593758583069,blur,pnp_hqs,restormer,15.0,fixed15p0,0.2,0.5,0.0,0.15,vanilla,False,0,20,0.0031912173679883287,24.96043613072945,0.7583175215280096,16,0.0012596900734027083,28.997362929520065,0.8781419805459738,15.0,none
val_images_circle,circle,test004.png,3,rot45_padded,45.0,False,321,321,80883.0,0.7849593758583069,blur,pnp_hqs,restormer,15.0,fixed15p0,0.2,0.5,0.0,0.15,vanilla,False,0,20,0.0031912173679883287,24.96043613072945,0.7583175215280096,17,0.00125881142387118,29.000393244641693,0.8783730241521704,15.0,none
val_images_circle,circle,test004.png,3,rot45_padded,45.0,False,321,321,80883.0,0.7849593758583069,blur,pnp_hqs,restormer,15.0,fixed15p0,0.2,0.5,0.0,0.15,vanilla,False,0,20,0.0031912173679883287,24.96043613072945,0.7583175215280096,18,0.0012578523140014453,29.003703469506952,0.8785989484811394,15.0,none
val_images_circle,circle,test004.png,3,rot45_padded,45.0,False,321,321,80883.0,0.7849593758583069,blur,pnp_hqs,restormer,15.0,fixed15p0,0.2,0.5,0.0,0.15,vanilla,False,0,20,0.0031912173679883287,24.96043613072945,0.7583175215280096,19,0.001257911739573626,29.003498297658265,0.8786924477331454,15.0,none
val_images_circle,circle,test004.png,3,rot45_padded,45.0,False,321,321,80883.0,0.7849593758583069,blur,pnp_hqs,restormer,15.0,fixed15p0,0.2,0.5,0.0,0.15,vanilla,False,0,20,0.0031912173679883287,24.96043613072945,0.7583175215280096,20,0.0012585772116557442,29.001201360413855,0.8788891052507943,15.0,none
val_images_circle,circle,test004.png,3,rot45_padded,45.0,False,321,321,80883.0,0.7849593758583069,blur,pnp_hqs,restormer,15.0,fixed15p0,0.2,0.5,0.0,0.15,G16_fixed,False,16,20,0.0031912173679883287,24.96043613072945,0.7583175215280096,1,0.001798250828393231,27.451497309623765,0.8310147836999122,15.0,0;22.5;45;67.5;90;112.5;135;157.5;180;202.5;225;247.5;270;292.5;315;337.5
val_images_circle,circle,test004.png,3,rot45_padded,45.0,False,321,321,80883.0,0.7849593758583069,blur,pnp_hqs,restormer,15.0,fixed15p0,0.2,0.5,0.0,0.15,G16_fixed,False,16,20,0.0031912173679883287,24.96043613072945,0.7583175215280096,2,0.001579226657291145,28.015555337367893,0.8529921306084097,15.0,0;22.5;45;67.5;90;112.5;135;157.5;180;202.5;225;247.5;270;292.5;315;337.5
val_images_circle,circle,test004.png,3,rot45_padded,45.0,False,321,321,80883.0,0.7849593758583069,blur,pnp_hqs,restormer,15.0,fixed15p0,0.2,0.5,0.0,0.15,G16_fixed,False,16,20,0.0031912173679883287,24.96043613072945,0.7583175215280096,3,0.0014832309652957436,28.28791216373328,0.8632186112965642,15.0,0;22.5;45;67.5;90;112.5;135;157.5;180;202.5;225;247.5;270;292.5;315;337.5
val_images_circle,circle,test004.png,3,rot45_padded,45.0,False,321,321,80883.0,0.7849593758583069,blur,pnp_hqs,restormer,15.0,fixed15p0,0.2,0.5,0.0,0.15,G16_fixed,False,16,20,0.0031912173679883287,24.96043613072945,0.7583175215280096,4,0.0014148925948773519,28.492765263746648,0.86904869533771,15.0,0;22.5;45;67.5;90;112.5;135;157.5;180;202.5;225;247.5;270;292.5;315;337.5
val_images_circle,circle,test004.png,3,rot45_padded,45.0,False,321,321,80883.0,0.7849593758583069,blur,pnp_hqs,restormer,15.0,fixed15p0,0.2,0.5,0.0,0.15,G16_fixed,False,16,20,0.0031912173679883287,24.96043613072945,0.7583175215280096,5,0.0013659646915118713,28.64560526481531,0.8728710568042728,15.0,0;22.5;45;67.5;90;112.5;135;157.5;180;202.5;225;247.5;270;292.5;315;337.5
val_images_circle,circle,test004.png,3,rot45_padded,45.0,False,321,321,80883.0,0.7849593758583069,blur,pnp_hqs,restormer,15.0,fixed15p0,0.2,0.5,0.0,0.15,G16_fixed,False,16,20,0.0031912173679883287,24.96043613072945,0.7583175215280096,6,0.0013294486206699124,28.763284422291548,0.8755140527057602,15.0,0;22.5;45;67.5;90;112.5;135;157.5;180;202.5;225;247.5;270;292.5;315;337.5
val_images_circle,circle,test004.png,3,rot45_padded,45.0,False,321,321,80883.0,0.7849593758583069,blur,pnp_hqs,restormer,15.0,fixed15p0,0.2,0.5,0.0,0.15,G16_fixed,False,16,20,0.0031912173679883287,24.96043613072945,0.7583175215280096,7,0.0013016067025139225,28.855202237026383,0.8774747358839311,15.0,0;22.5;45;67.5;90;112.5;135;157.5;180;202.5;225;247.5;270;292.5;315;337.5
val_images_circle,circle,test004.png,3,rot45_padded,45.0,False,321,321,80883.0,0.7849593758583069,blur,pnp_hqs,restormer,15.0,fixed15p0,0.2,0.5,0.0,0.15,G16_fixed,False,16,20,0.0031912173679883287,24.96043613072945,0.7583175215280096,8,0.0012798626970004126,28.9283661873767,0.8789872408293461,15.0,0;22.5;45;67.5;90;112.5;135;157.5;180;202.5;225;247.5;270;292.5;315;337.5
val_images_circle,circle,test004.png,3,rot45_padded,45.0,False,321,321,80883.0,0.7849593758583069,blur,pnp_hqs,restormer,15.0,fixed15p0,0.2,0.5,0.0,0.15,G16_fixed,False,16,20,0.0031912173679883287,24.96043613072945,0.7583175215280096,9,0.0012628005776379925,28.986652281221268,0.8801975152380599,15.0,0;22.5;45;67.5;90;112.5;135;157.5;180;202.5;225;247.5;270;292.5;315;337.5
val_images_circle,circle,test004.png,3,rot45_padded,45.0,False,321,321,80883.0,0.7849593758583069,blur,pnp_hqs,restormer,15.0,fixed15p0,0.2,0.5,0.0,0.15,G16_fixed,False,16,20,0.0031912173679883287,24.96043613072945,0.7583175215280096,10,0.0012490345966791924,29.034255320511846,0.8811856323331232,15.0,0;22.5;45;67.5;90;112.5;135;157.5;180;202.5;225;247.5;270;292.5;315;337.5
val_images_circle,circle,test004.png,3,rot45_padded,45.0,False,321,321,80883.0,0.7849593758583069,blur,pnp_hqs,restormer,15.0,fixed15p0,0.2,0.5,0.0,0.15,G16_fixed,False,16,20,0.0031912173679883287,24.96043613072945,0.7583175215280096,11,0.0012378219344717544,29.073418257830944,0.8820018189854482,15.0,0;22.5;45;67.5;90;112.5;135;157.5;180;202.5;225;247.5;270;292.5;315;337.5
val_images_circle,circle,test004.png,3,rot45_padded,45.0,False,321,321,80883.0,0.7849593758583069,blur,pnp_hqs,restormer,15.0,fixed15p0,0.2,0.5,0.0,0.15,G16_fixed,False,16,20,0.0031912173679883287,24.96043613072945,0.7583175215280096,12,0.0012284499557810356,29.10642530979453,0.8826858703312191,15.0,0;22.5;45;67.5;90;112.5;135;157.5;180;202.5;225;247.5;270;292.5;315;337.5
val_images_circle,circle,test004.png,3,rot45_padded,45.0,False,321,321,80883.0,0.7849593758583069,blur,pnp_hqs,restormer,15.0,fixed15p0,0.2,0.5,0.0,0.15,G16_fixed,False,16,20,0.0031912173679883287,24.96043613072945,0.7583175215280096,13,0.0012206337951657892,29.13414610087408,0.8832628998058925,15.0,0;22.5;45;67.5;90;112.5;135;157.5;180;202.5;225;247.5;270;292.5;315;337.5
val_images_circle,circle,test004.png,3,rot45_padded,45.0,False,321,321,80883.0,0.7849593758583069,blur,pnp_hqs,restormer,15.0,fixed15p0,0.2,0.5,0.0,0.15,G16_fixed,False,16,20,0.0031912173679883287,24.96043613072945,0.7583175215280096,14,0.0012139921857010087,29.157841087449903,0.8837543504197422,15.0,0;22.5;45;67.5;90;112.5;135;157.5;180;202.5;225;247.5;270;292.5;315;337.5
val_images_circle,circle,test004.png,3,rot45_padded,45.0,False,321,321,80883.0,0.7849593758583069,blur,pnp_hqs,restormer,15.0,fixed15p0,0.2,0.5,0.0,0.15,G16_fixed,False,16,20,0.0031912173679883287,24.96043613072945,0.7583175215280096,15,0.0012083944854542016,29.177912653106034,0.8841757731847236,15.0,0;22.5;45;67.5;90;112.5;135;157.5;180;202.5;225;247.5;270;292.5;315;337.5
val_images_circle,circle,test004.png,3,rot45_padded,45.0,False,321,321,80883.0,0.7849593758583069,blur,pnp_hqs,restormer,15.0,fixed15p0,0.2,0.5,0.0,0.15,G16_fixed,False,16,20,0.0031912173679883287,24.96043613072945,0.7583175215280096,16,0.0012035845985071609,29.195233782816988,0.8845397248185651,15.0,0;22.5;45;67.5;90;112.5;135;157.5;180;202.5;225;247.5;270;292.5;315;337.5
val_images_circle,circle,test004.png,3,rot45_padded,45.0,False,321,321,80883.0,0.7849593758583069,blur,pnp_hqs,restormer,15.0,fixed15p0,0.2,0.5,0.0,0.15,G16_fixed,False,16,20,0.0031912173679883287,24.96043613072945,0.7583175215280096,17,0.0011994769709012072,29.21008085759125,0.884855477974358,15.0,0;22.5;45;67.5;90;112.5;135;157.5;180;202.5;225;247.5;270;292.5;315;337.5
val_images_circle,circle,test004.png,3,rot45_padded,45.0,False,321,321,80883.0,0.7849593758583069,blur,pnp_hqs,restormer,15.0,fixed15p0,0.2,0.5,0.0,0.15,G16_fixed,False,16,20,0.0031912173679883287,24.96043613072945,0.7583175215280096,18,0.0011959105876336229,29.2230128920121,0.8851308564531484,15.0,0;22.5;45;67.5;90;112.5;135;157.5;180;202.5;225;247.5;270;292.5;315;337.5
val_images_circle,circle,test004.png,3,rot45_padded,45.0,False,321,321,80883.0,0.7849593758583069,blur,pnp_hqs,restormer,15.0,fixed15p0,0.2,0.5,0.0,0.15,G16_fixed,False,16,20,0.0031912173679883287,24.96043613072945,0.7583175215280096,19,0.00119283187136314,29.234207654535997,0.8853716556631184,15.0,0;22.5;45;67.5;90;112.5;135;157.5;180;202.5;225;247.5;270;292.5;315;337.5
val_images_circle,circle,test004.png,3,rot45_padded,45.0,False,321,321,80883.0,0.7849593758583069,blur,pnp_hqs,restormer,15.0,fixed15p0,0.2,0.5,0.0,0.15,G16_fixed,False,16,20,0.0031912173679883287,24.96043613072945,0.7583175215280096,20,0.0011901306489654616,29.244053604475766,0.8855831880617683,15.0,0;22.5;45;67.5;90;112.5;135;157.5;180;202.5;225;247.5;270;292.5;315;337.5
val_images_circle,circle,test005.png,4,upright,0.0,False,321,321,80892.0,0.7850467562675476,blur,pnp_hqs,restormer,15.0,fixed15p0,0.2,0.5,0.0,0.15,vanilla,True,0,20,0.007105301945321385,21.48417461663243,0.6256857136676062,1,0.004579526053063034,23.391794659241093,0.7094214450285566,15.0,none
val_images_circle,circle,test005.png,4,upright,0.0,False,321,321,80892.0,0.7850467562675476,blur,pnp_hqs,restormer,15.0,fixed15p0,0.2,0.5,0.0,0.15,vanilla,True,0,20,0.007105301945321385,21.48417461663243,0.6256857136676062,2,0.003974231327051037,24.007468576243213,0.7393268184740147,15.0,none
val_images_circle,circle,test005.png,4,upright,0.0,False,321,321,80892.0,0.7850467562675476,blur,pnp_hqs,restormer,15.0,fixed15p0,0.2,0.5,0.0,0.15,vanilla,True,0,20,0.007105301945321385,21.48417461663243,0.6256857136676062,3,0.0036546757800910473,24.371511448792944,0.7540600043885675,15.0,none
val_images_circle,circle,test005.png,4,upright,0.0,False,321,321,80892.0,0.7850467562675476,blur,pnp_hqs,restormer,15.0,fixed15p0,0.2,0.5,0.0,0.15,vanilla,True,0,20,0.007105301945321385,21.48417461663243,0.6256857136676062,4,0.0034420404083820868,24.63184035509228,0.7638567279520843,15.0,none
val_images_circle,circle,test005.png,4,upright,0.0,False,321,321,80892.0,0.7850467562675476,blur,pnp_hqs,restormer,15.0,fixed15p0,0.2,0.5,0.0,0.15,vanilla,True,0,20,0.007105301945321385,21.48417461663243,0.6256857136676062,5,0.003290144041278611,24.827850883834298,0.7704174141911437,15.0,none
val_images_circle,circle,test005.png,4,upright,0.0,False,321,321,80892.0,0.7850467562675476,blur,pnp_hqs,restormer,15.0,fixed15p0,0.2,0.5,0.0,0.15,vanilla,True,0,20,0.007105301945321385,21.48417461663243,0.6256857136676062,6,0.0031784081007508467,24.97790341072846,0.774831768360901,15.0,none
val_images_circle,circle,test005.png,4,upright,0.0,False,321,321,80892.0,0.7850467562675476,blur,pnp_hqs,restormer,15.0,fixed15p0,0.2,0.5,0.0,0.15,vanilla,True,0,20,0.007105301945321385,21.48417461663243,0.6256857136676062,7,0.0030942812273883503,25.094402174781063,0.7779049245444544,15.0,none
val_images_circle,circle,test005.png,4,upright,0.0,False,321,321,80892.0,0.7850467562675476,blur,pnp_hqs,restormer,15.0,fixed15p0,0.2,0.5,0.0,0.15,vanilla,True,0,20,0.007105301945321385,21.48417461663243,0.6256857136676062,8,0.0030277991444587187,25.18872938071068,0.7803818961547495,15.0,none
val_images_circle,circle,test005.png,4,upright,0.0,False,321,321,80892.0,0.7850467562675476,blur,pnp_hqs,restormer,15.0,fixed15p0,0.2,0.5,0.0,0.15,vanilla,True,0,20,0.007105301945321385,21.48417461663243,0.6256857136676062,9,0.0029727083364721636,25.26847698960026,0.7829205337054344,15.0,none
val_images_circle,circle,test005.png,4,upright,0.0,False,321,321,80892.0,0.7850467562675476,blur,pnp_hqs,restormer,15.0,fixed15p0,0.2,0.5,0.0,0.15,vanilla,True,0,20,0.007105301945321385,21.48417461663243,0.6256857136676062,10,0.002925905436004758,25.337397141932687,0.7853817628751916,15.0,none
val_images_circle,circle,test005.png,4,upright,0.0,False,321,321,80892.0,0.7850467562675476,blur,pnp_hqs,restormer,15.0,fixed15p0,0.2,0.5,0.0,0.15,vanilla,True,0,20,0.007105301945321385,21.48417461663243,0.6256857136676062,11,0.002886268462176517,25.396632760771087,0.7876241431476536,15.0,none
val_images_circle,circle,test005.png,4,upright,0.0,False,321,321,80892.0,0.7850467562675476,blur,pnp_hqs,restormer,15.0,fixed15p0,0.2,0.5,0.0,0.15,vanilla,True,0,20,0.007105301945321385,21.48417461663243,0.6256857136676062,12,0.002852399843309598,25.4478959608122,0.789559883857489,15.0,none
val_images_circle,circle,test005.png,4,upright,0.0,False,321,321,80892.0,0.7850467562675476,blur,pnp_hqs,restormer,15.0,fixed15p0,0.2,0.5,0.0,0.15,vanilla,True,0,20,0.007105301945321385,21.48417461663243,0.6256857136676062,13,0.002824058508192733,25.49126309914132,0.7910808643778124,15.0,none
val_images_circle,circle,test005.png,4,upright,0.0,False,321,321,80892.0,0.7850467562675476,blur,pnp_hqs,restormer,15.0,fixed15p0,0.2,0.5,0.0,0.15,vanilla,True,0,20,0.007105301945321385,21.48417461663243,0.6256857136676062,14,0.002800249425026675,25.52803283269119,0.7923814024409088,15.0,none
val_images_circle,circle,test005.png,4,upright,0.0,False,321,321,80892.0,0.7850467562675476,blur,pnp_hqs,restormer,15.0,fixed15p0,0.2,0.5,0.0,0.15,vanilla,True,0,20,0.007105301945321385,21.48417461663243,0.6256857136676062,15,0.002779619161932828,25.560147030751146,0.7933346410182712,15.0,none
val_images_circle,circle,test005.png,4,upright,0.0,False,321,321,80892.0,0.7850467562675476,blur,pnp_hqs,restormer,15.0,fixed15p0,0.2,0.5,0.0,0.15,vanilla,True,0,20,0.007105301945321385,21.48417461663243,0.6256857136676062,16,0.0027630275018383885,25.5861479230491,0.794012193727439,15.0,none
val_images_circle,circle,test005.png,4,upright,0.0,False,321,321,80892.0,0.7850467562675476,blur,pnp_hqs,restormer,15.0,fixed15p0,0.2,0.5,0.0,0.15,vanilla,True,0,20,0.007105301945321385,21.48417461663243,0.6256857136676062,17,0.0027487137571956476,25.60870483926272,0.7944571349762647,15.0,none
val_images_circle,circle,test005.png,4,upright,0.0,False,321,321,80892.0,0.7850467562675476,blur,pnp_hqs,restormer,15.0,fixed15p0,0.2,0.5,0.0,0.15,vanilla,True,0,20,0.007105301945321385,21.48417461663243,0.6256857136676062,18,0.002737738414976238,25.626080501244353,0.7947139395737527,15.0,none
val_images_circle,circle,test005.png,4,upright,0.0,False,321,321,80892.0,0.7850467562675476,blur,pnp_hqs,restormer,15.0,fixed15p0,0.2,0.5,0.0,0.15,vanilla,True,0,20,0.007105301945321385,21.48417461663243,0.6256857136676062,19,0.00272890404165189,25.64011735460106,0.7949424464100282,15.0,none
val_images_circle,circle,test005.png,4,upright,0.0,False,321,321,80892.0,0.7850467562675476,blur,pnp_hqs,restormer,15.0,fixed15p0,0.2,0.5,0.0,0.15,vanilla,True,0,20,0.007105301945321385,21.48417461663243,0.6256857136676062,20,0.0027218727979899126,25.65132174658729,0.7950885710268012,15.0,none
val_images_circle,circle,test005.png,4,upright,0.0,False,321,321,80892.0,0.7850467562675476,blur,pnp_hqs,restormer,15.0,fixed15p0,0.2,0.5,0.0,0.15,G16_fixed,True,16,20,0.007105301945321385,21.48417461663243,0.6256857136676062,1,0.00465517336917974,23.320641402731802,0.6887885622187608,15.0,0;22.5;45;67.5;90;112.5;135;157.5;180;202.5;225;247.5;270;292.5;315;337.5
val_images_circle,circle,test005.png,4,upright,0.0,False,321,321,80892.0,0.7850467562675476,blur,pnp_hqs,restormer,15.0,fixed15p0,0.2,0.5,0.0,0.15,G16_fixed,True,16,20,0.007105301945321385,21.48417461663243,0.6256857136676062,2,0.004122891530069606,23.847980909837258,0.7113102481549474,15.0,0;22.5;45;67.5;90;112.5;135;157.5;180;202.5;225;247.5;270;292.5;315;337.5
val_images_circle,circle,test005.png,4,upright,0.0,False,321,321,80892.0,0.7850467562675476,blur,pnp_hqs,restormer,15.0,fixed15p0,0.2,0.5,0.0,0.15,G16_fixed,True,16,20,0.007105301945321385,21.48417461663243,0.6256857136676062,3,0.0038266949912286598,24.171761520700468,0.720187004740889,15.0,0;22.5;45;67.5;90;112.5;135;157.5;180;202.5;225;247.5;270;292.5;315;337.5
val_images_circle,circle,test005.png,4,upright,0.0,False,321,321,80892.0,0.7850467562675476,blur,pnp_hqs,restormer,15.0,fixed15p0,0.2,0.5,0.0,0.15,G16_fixed,True,16,20,0.007105301945321385,21.48417461663243,0.6256857136676062,4,0.0036283205473086415,24.40294351772431,0.7294283485233397,15.0,0;22.5;45;67.5;90;112.5;135;157.5;180;202.5;225;247.5;270;292.5;315;337.5
val_images_circle,circle,test005.png,4,upright,0.0,False,321,321,80892.0,0.7850467562675476,blur,pnp_hqs,restormer,15.0,fixed15p0,0.2,0.5,0.0,0.15,G16_fixed,True,16,20,0.007105301945321385,21.48417461663243,0.6256857136676062,5,0.0034922288691780013,24.56897301803825,0.7333513550474707,15.0,0;22.5;45;67.5;90;112.5;135;157.5;180;202.5;225;247.5;270;292.5;315;337.5
val_images_circle,circle,test005.png,4,upright,0.0,False,321,321,80892.0,0.7850467562675476,blur,pnp_hqs,restormer,15.0,fixed15p0,0.2,0.5,0.0,0.15,G16_fixed,True,16,20,0.007105301945321385,21.48417461663243,0.6256857136676062,6,0.0034022874261071087,24.6822899986531,0.7383874390390892,15.0,0;22.5;45;67.5;90;112.5;135;157.5;180;202.5;225;247.5;270;292.5;315;337.5
val_images_circle,circle,test005.png,4,upright,0.0,False,321,321,80892.0,0.7850467562675476,blur,pnp_hqs,restormer,15.0,fixed15p0,0.2,0.5,0.0,0.15,G16_fixed,True,16,20,0.007105301945321385,21.48417461663243,0.6256857136676062,7,0.0033513127487160735,24.747850413668367,0.7362453081732433,15.0,0;22.5;45;67.5;90;112.5;135;157.5;180;202.5;225;247.5;270;292.5;315;337.5
val_images_circle,circle,test005.png,4,upright,0.0,False,321,321,80892.0,0.7850467562675476,blur,pnp_hqs,restormer,15.0,fixed15p0,0.2,0.5,0.0,0.15,G16_fixed,True,16,20,0.007105301945321385,21.48417461663243,0.6256857136676062,8,0.0033077531803351614,24.804669043243383,0.7404635096023092,15.0,0;22.5;45;67.5;90;112.5;135;157.5;180;202.5;225;247.5;270;292.5;315;337.5
val_images_circle,circle,test005.png,4,upright,0.0,False,321,321,80892.0,0.7850467562675476,blur,pnp_hqs,restormer,15.0,fixed15p0,0.2,0.5,0.0,0.15,G16_fixed,True,16,20,0.007105301945321385,21.48417461663243,0.6256857136676062,9,0.0032783507923518007,24.843445776015137,0.7373431260971419,15.0,0;22.5;45;67.5;90;112.5;135;157.5;180;202.5;225;247.5;270;292.5;315;337.5
val_images_circle,circle,test005.png,4,upright,0.0,False,321,321,80892.0,0.7850467562675476,blur,pnp_hqs,restormer,15.0,fixed15p0,0.2,0.5,0.0,0.15,G16_fixed,True,16,20,0.007105301945321385,21.48417461663243,0.6256857136676062,10,0.0032554060192718378,24.87394837838446,0.7415660116266133,15.0,0;22.5;45;67.5;90;112.5;135;157.5;180;202.5;225;247.5;270;292.5;315;337.5
val_images_circle,circle,test005.png,4,upright,0.0,False,321,321,80892.0,0.7850467562675476,blur,pnp_hqs,restormer,15.0,fixed15p0,0.2,0.5,0.0,0.15,G16_fixed,True,16,20,0.007105301945321385,21.48417461663243,0.6256857136676062,11,0.003242682816454926,24.89095529834652,0.7397378603570193,15.0,0;22.5;45;67.5;90;112.5;135;157.5;180;202.5;225;247.5;270;292.5;315;337.5
val_images_circle,circle,test005.png,4,upright,0.0,False,321,321,80892.0,0.7850467562675476,blur,pnp_hqs,restormer,15.0,fixed15p0,0.2,0.5,0.0,0.15,G16_fixed,True,16,20,0.007105301945321385,21.48417461663243,0.6256857136676062,12,0.003218536082687797,24.92341617675493,0.7443281821749987,15.0,0;22.5;45;67.5;90;112.5;135;157.5;180;202.5;225;247.5;270;292.5;315;337.5
val_images_circle,circle,test005.png,4,upright,0.0,False,321,321,80892.0,0.7850467562675476,blur,pnp_hqs,restormer,15.0,fixed15p0,0.2,0.5,0.0,0.15,G16_fixed,True,16,20,0.007105301945321385,21.48417461663243,0.6256857136676062,13,0.003214714783315447,24.928575526081914,0.7403799201404342,15.0,0;22.5;45;67.5;90;112.5;135;157.5;180;202.5;225;247.5;270;292.5;315;337.5
val_images_circle,circle,test005.png,4,upright,0.0,False,321,321,80892.0,0.7850467562675476,blur,pnp_hqs,restormer,15.0,fixed15p0,0.2,0.5,0.0,0.15,G16_fixed,True,16,20,0.007105301945321385,21.48417461663243,0.6256857136676062,14,0.003208364311172613,24.93716323259214,0.7430900826874104,15.0,0;22.5;45;67.5;90;112.5;135;157.5;180;202.5;225;247.5;270;292.5;315;337.5
val_images_circle,circle,test005.png,4,upright,0.0,False,321,321,80892.0,0.7850467562675476,blur,pnp_hqs,restormer,15.0,fixed15p0,0.2,0.5,0.0,0.15,G16_fixed,True,16,20,0.007105301945321385,21.48417461663243,0.6256857136676062,15,0.0032148902107227073,24.928338537479856,0.7397624881014192,15.0,0;22.5;45;67.5;90;112.5;135;157.5;180;202.5;225;247.5;270;292.5;315;337.5
val_images_circle,circle,test005.png,4,upright,0.0,False,321,321,80892.0,0.7850467562675476,blur,pnp_hqs,restormer,15.0,fixed15p0,0.2,0.5,0.0,0.15,G16_fixed,True,16,20,0.007105301945321385,21.48417461663243,0.6256857136676062,16,0.0031939392738736527,24.956733453272456,0.7441801742601246,15.0,0;22.5;45;67.5;90;112.5;135;157.5;180;202.5;225;247.5;270;292.5;315;337.5
val_images_circle,circle,test005.png,4,upright,0.0,False,321,321,80892.0,0.7850467562675476,blur,pnp_hqs,restormer,15.0,fixed15p0,0.2,0.5,0.0,0.15,G16_fixed,True,16,20,0.007105301945321385,21.48417461663243,0.6256857136676062,17,0.0031998936196129947,24.948644595497868,0.7407014812187855,15.0,0;22.5;45;67.5;90;112.5;135;157.5;180;202.5;225;247.5;270;292.5;315;337.5
val_images_circle,circle,test005.png,4,upright,0.0,False,321,321,80892.0,0.7850467562675476,blur,pnp_hqs,restormer,15.0,fixed15p0,0.2,0.5,0.0,0.15,G16_fixed,True,16,20,0.007105301945321385,21.48417461663243,0.6256857136676062,18,0.0031855115903235563,24.96820810420456,0.7445713207888296,15.0,0;22.5;45;67.5;90;112.5;135;157.5;180;202.5;225;247.5;270;292.5;315;337.5
val_images_circle,circle,test005.png,4,upright,0.0,False,321,321,80892.0,0.7850467562675476,blur,pnp_hqs,restormer,15.0,fixed15p0,0.2,0.5,0.0,0.15,G16_fixed,True,16,20,0.007105301945321385,21.48417461663243,0.6256857136676062,19,0.0031969471936974993,24.952645372269636,0.7405264793644613,15.0,0;22.5;45;67.5;90;112.5;135;157.5;180;202.5;225;247.5;270;292.5;315;337.5
val_images_circle,circle,test005.png,4,upright,0.0,False,321,321,80892.0,0.7850467562675476,blur,pnp_hqs,restormer,15.0,fixed15p0,0.2,0.5,0.0,0.15,G16_fixed,True,16,20,0.007105301945321385,21.48417461663243,0.6256857136676062,20,0.0031841308068599567,24.970090993732555,0.7444890351487168,15.0,0;22.5;45;67.5;90;112.5;135;157.5;180;202.5;225;247.5;270;292.5;315;337.5
val_images_circle,circle,test005.png,4,rot45_padded,45.0,False,321,321,80883.0,0.7849593758583069,blur,pnp_hqs,restormer,15.0,fixed15p0,0.2,0.5,0.0,0.15,vanilla,False,0,20,0.007667706857919,21.153344988745356,0.6349260370689762,1,0.004879365816813522,23.116366206522653,0.7024438946533882,15.0,none
val_images_circle,circle,test005.png,4,rot45_padded,45.0,False,321,321,80883.0,0.7849593758583069,blur,pnp_hqs,restormer,15.0,fixed15p0,0.2,0.5,0.0,0.15,vanilla,False,0,20,0.007667706857919,21.153344988745356,0.6349260370689762,2,0.004232102861927105,23.734437852487567,0.7312722350493923,15.0,none
val_images_circle,circle,test005.png,4,rot45_padded,45.0,False,321,321,80883.0,0.7849593758583069,blur,pnp_hqs,restormer,15.0,fixed15p0,0.2,0.5,0.0,0.15,vanilla,False,0,20,0.007667706857919,21.153344988745356,0.6349260370689762,3,0.0038924247821216294,24.097797710591724,0.745867294425281,15.0,none
val_images_circle,circle,test005.png,4,rot45_padded,45.0,False,321,321,80883.0,0.7849593758583069,blur,pnp_hqs,restormer,15.0,fixed15p0,0.2,0.5,0.0,0.15,vanilla,False,0,20,0.007667706857919,21.153344988745356,0.6349260370689762,4,0.0036674829559460117,24.356318957957352,0.7549526109472943,15.0,none
val_images_circle,circle,test005.png,4,rot45_padded,45.0,False,321,321,80883.0,0.7849593758583069,blur,pnp_hqs,restormer,15.0,fixed15p0,0.2,0.5,0.0,0.15,vanilla,False,0,20,0.007667706857919,21.153344988745356,0.6349260370689762,5,0.003506917323745217,24.550744725742938,0.7602829376228627,15.0,none
val_images_circle,circle,test005.png,4,rot45_padded,45.0,False,321,321,80883.0,0.7849593758583069,blur,pnp_hqs,restormer,15.0,fixed15p0,0.2,0.5,0.0,0.15,vanilla,False,0,20,0.007667706857919,21.153344988745356,0.6349260370689762,6,0.0033865705414910657,24.702398737085147,0.7638856531193206,15.0,none
val_images_circle,circle,test005.png,4,rot45_padded,45.0,False,321,321,80883.0,0.7849593758583069,blur,pnp_hqs,restormer,15.0,fixed15p0,0.2,0.5,0.0,0.15,vanilla,False,0,20,0.007667706857919,21.153344988745356,0.6349260370689762,7,0.0032934882117533967,24.823438866720235,0.7669136573043779,15.0,none
val_images_circle,circle,test005.png,4,rot45_padded,45.0,False,321,321,80883.0,0.7849593758583069,blur,pnp_hqs,restormer,15.0,fixed15p0,0.2,0.5,0.0,0.15,vanilla,False,0,20,0.007667706857919,21.153344988745356,0.6349260370689762,8,0.0032167911158131187,24.925771393451686,0.7699117185471607,15.0,none
val_images_circle,circle,test005.png,4,rot45_padded,45.0,False,321,321,80883.0,0.7849593758583069,blur,pnp_hqs,restormer,15.0,fixed15p0,0.2,0.5,0.0,0.15,vanilla,False,0,20,0.007667706857919,21.153344988745356,0.6349260370689762,9,0.0031532344287765585,25.01243740213286,0.7726711055629737,15.0,none
val_images_circle,circle,test005.png,4,rot45_padded,45.0,False,321,321,80883.0,0.7849593758583069,blur,pnp_hqs,restormer,15.0,fixed15p0,0.2,0.5,0.0,0.15,vanilla,False,0,20,0.007667706857919,21.153344988745356,0.6349260370689762,10,0.0031013217581404235,25.084531739317043,0.7749634309743704,15.0,none
val_images_circle,circle,test005.png,4,rot45_padded,45.0,False,321,321,80883.0,0.7849593758583069,blur,pnp_hqs,restormer,15.0,fixed15p0,0.2,0.5,0.0,0.15,vanilla,False,0,20,0.007667706857919,21.153344988745356,0.6349260370689762,11,0.00305811691468116,25.1454591512047,0.7769249351687004,15.0,none
val_images_circle,circle,test005.png,4,rot45_padded,45.0,False,321,321,80883.0,0.7849593758583069,blur,pnp_hqs,restormer,15.0,fixed15p0,0.2,0.5,0.0,0.15,vanilla,False,0,20,0.007667706857919,21.153344988745356,0.6349260370689762,12,0.00302190014120512,25.19719891036083,0.7785576948338959,15.0,none
val_images_circle,circle,test005.png,4,rot45_padded,45.0,False,321,321,80883.0,0.7849593758583069,blur,pnp_hqs,restormer,15.0,fixed15p0,0.2,0.5,0.0,0.15,vanilla,False,0,20,0.007667706857919,21.153344988745356,0.6349260370689762,13,0.0029915938540034295,25.240973676718728,0.7798789996043668,15.0,none
val_images_circle,circle,test005.png,4,rot45_padded,45.0,False,321,321,80883.0,0.7849593758583069,blur,pnp_hqs,restormer,15.0,fixed15p0,0.2,0.5,0.0,0.15,vanilla,False,0,20,0.007667706857919,21.153344988745356,0.6349260370689762,14,0.002964338645464842,25.280721841422196,0.781068217363352,15.0,none
val_images_circle,circle,test005.png,4,rot45_padded,45.0,False,321,321,80883.0,0.7849593758583069,blur,pnp_hqs,restormer,15.0,fixed15p0,0.2,0.5,0.0,0.15,vanilla,False,0,20,0.007667706857919,21.153344988745356,0.6349260370689762,15,0.002941762776267108,25.313923517009517,0.7819419234418852,15.0,none
val_images_circle,circle,test005.png,4,rot45_padded,45.0,False,321,321,80883.0,0.7849593758583069,blur,pnp_hqs,restormer,15.0,fixed15p0,0.2,0.5,0.0,0.15,vanilla,False,0,20,0.007667706857919,21.153344988745356,0.6349260370689762,16,0.0029220046224537875,25.343191013707212,0.7825955005996316,15.0,none
val_images_circle,circle,test005.png,4,rot45_padded,45.0,False,321,321,80883.0,0.7849593758583069,blur,pnp_hqs,restormer,15.0,fixed15p0,0.2,0.5,0.0,0.15,vanilla,False,0,20,0.007667706857919,21.153344988745356,0.6349260370689762,17,0.0029065117155021567,25.366279221596194,0.783042761226092,15.0,none
val_images_circle,circle,test005.png,4,rot45_padded,45.0,False,321,321,80883.0,0.7849593758583069,blur,pnp_hqs,restormer,15.0,fixed15p0,0.2,0.5,0.0,0.15,vanilla,False,0,20,0.007667706857919,21.153344988745356,0.6349260370689762,18,0.002893107004291693,25.386355032638672,0.783405795253638,15.0,none
val_images_circle,circle,test005.png,4,rot45_padded,45.0,False,321,321,80883.0,0.7849593758583069,blur,pnp_hqs,restormer,15.0,fixed15p0,0.2,0.5,0.0,0.15,vanilla,False,0,20,0.007667706857919,21.153344988745356,0.6349260370689762,19,0.0028823079629318933,25.402596184364793,0.7836903015003153,15.0,none
val_images_circle,circle,test005.png,4,rot45_padded,45.0,False,321,321,80883.0,0.7849593758583069,blur,pnp_hqs,restormer,15.0,fixed15p0,0.2,0.5,0.0,0.15,vanilla,False,0,20,0.007667706857919,21.153344988745356,0.6349260370689762,20,0.002872810058623934,25.41693087275877,0.7839424983463769,15.0,none
val_images_circle,circle,test005.png,4,rot45_padded,45.0,False,321,321,80883.0,0.7849593758583069,blur,pnp_hqs,restormer,15.0,fixed15p0,0.2,0.5,0.0,0.15,G16_fixed,False,16,20,0.007667706857919,21.153344988745356,0.6349260370689762,1,0.004848415092295739,23.144002055545627,0.7025779617626695,15.0,0;22.5;45;67.5;90;112.5;135;157.5;180;202.5;225;247.5;270;292.5;315;337.5
val_images_circle,circle,test005.png,4,rot45_padded,45.0,False,321,321,80883.0,0.7849593758583069,blur,pnp_hqs,restormer,15.0,fixed15p0,0.2,0.5,0.0,0.15,G16_fixed,False,16,20,0.007667706857919,21.153344988745356,0.6349260370689762,2,0.004194119545410114,23.773591949550735,0.7331358451405116,15.0,0;22.5;45;67.5;90;112.5;135;157.5;180;202.5;225;247.5;270;292.5;315;337.5
val_images_circle,circle,test005.png,4,rot45_padded,45.0,False,321,321,80883.0,0.7849593758583069,blur,pnp_hqs,restormer,15.0,fixed15p0,0.2,0.5,0.0,0.15,G16_fixed,False,16,20,0.007667706857919,21.153344988745356,0.6349260370689762,3,0.0038544874968415026,24.140333587518775,0.7478864629310238,15.0,0;22.5;45;67.5;90;112.5;135;157.5;180;202.5;225;247.5;270;292.5;315;337.5
val_images_circle,circle,test005.png,4,rot45_padded,45.0,False,321,321,80883.0,0.7849593758583069,blur,pnp_hqs,restormer,15.0,fixed15p0,0.2,0.5,0.0,0.15,G16_fixed,False,16,20,0.007667706857919,21.153344988745356,0.6349260370689762,4,0.003625924295162457,24.4058126768023,0.7568204710044137,15.0,0;22.5;45;67.5;90;112.5;135;157.5;180;202.5;225;247.5;270;292.5;315;337.5
val_images_circle,circle,test005.png,4,rot45_padded,45.0,False,321,321,80883.0,0.7849593758583069,blur,pnp_hqs,restormer,15.0,fixed15p0,0.2,0.5,0.0,0.15,G16_fixed,False,16,20,0.007667706857919,21.153344988745356,0.6349260370689762,5,0.0034576465442608846,24.612194042728383,0.7628289087323665,15.0,0;22.5;45;67.5;90;112.5;135;157.5;180;202.5;225;247.5;270;292.5;315;337.5
val_images_circle,circle,test005.png,4,rot45_padded,45.0,False,321,321,80883.0,0.7849593758583069,blur,pnp_hqs,restormer,15.0,fixed15p0,0.2,0.5,0.0,0.15,G16_fixed,False,16,20,0.007667706857919,21.153344988745356,0.6349260370689762,6,0.0033311764755881955,24.774023590998866,0.767169910936167,15.0,0;22.5;45;67.5;90;112.5;135;157.5;180;202.5;225;247.5;270;292.5;315;337.5
val_images_circle,circle,test005.png,4,rot45_padded,45.0,False,321,321,80883.0,0.7849593758583069,blur,pnp_hqs,restormer,15.0,fixed15p0,0.2,0.5,0.0,0.15,G16_fixed,False,16,20,0.007667706857919,21.153344988745356,0.6349260370689762,7,0.0032341237630184186,24.902433645880873,0.7704471176730586,15.0,0;22.5;45;67.5;90;112.5;135;157.5;180;202.5;225;247.5;270;292.5;315;337.5
val_images_circle,circle,test005.png,4,rot45_padded,45.0,False,321,321,80883.0,0.7849593758583069,blur,pnp_hqs,restormer,15.0,fixed15p0,0.2,0.5,0.0,0.15,G16_fixed,False,16,20,0.007667706857919,21.153344988745356,0.6349260370689762,8,0.003158257304520399,25.005524907364453,0.772999753501972,15.0,0;22.5;45;67.5;90;112.5;135;157.5;180;202.5;225;247.5;270;292.5;315;337.5
val_images_circle,circle,test005.png,4,rot45_padded,45.0,False,321,321,80883.0,0.7849593758583069,blur,pnp_hqs,restormer,15.0,fixed15p0,0.2,0.5,0.0,0.15,G16_fixed,False,16,20,0.007667706857919,21.153344988745356,0.6349260370689762,9,0.003097900543056309,25.089325292156705,0.7750290156769655,15.0,0;22.5;45;67.5;90;112.5;135;157.5;180;202.5;225;247.5;270;292.5;315;337.5
val_images_circle,circle,test005.png,4,rot45_padded,45.0,False,321,321,80883.0,0.7849593758583069,blur,pnp_hqs,restormer,15.0,fixed15p0,0.2,0.5,0.0,0.15,G16_fixed,False,16,20,0.007667706857919,21.153344988745356,0.6349260370689762,10,0.0030492349611451687,25.15809109449892,0.7766614855717517,15.0,0;22.5;45;67.5;90;112.5;135;157.5;180;202.5;225;247.5;270;292.5;315;337.5
val_images_circle,circle,test005.png,4,rot45_padded,45.0,False,321,321,80883.0,0.7849593758583069,blur,pnp_hqs,restormer,15.0,fixed15p0,0.2,0.5,0.0,0.15,G16_fixed,False,16,20,0.007667706857919,21.153344988745356,0.6349260370689762,11,0.0030095522619164217,25.214981105997516,0.7779825488668818,15.0,0;22.5;45;67.5;90;112.5;135;157.5;180;202.5;225;247.5;270;292.5;315;337.5
val_images_circle,circle,test005.png,4,rot45_padded,45.0,False,321,321,80883.0,0.7849593758583069,blur,pnp_hqs,restormer,15.0,fixed15p0,0.2,0.5,0.0,0.15,G16_fixed,False,16,20,0.007667706857919,21.153344988745356,0.6349260370689762,12,0.0029769110213595565,25.262341460419073,0.7790534920038822,15.0,0;22.5;45;67.5;90;112.5;135;157.5;180;202.5;225;247.5;270;292.5;315;337.5
val_images_circle,circle,test005.png,4,rot45_padded,45.0,False,321,321,80883.0,0.7849593758583069,blur,pnp_hqs,restormer,15.0,fixed15p0,0.2,0.5,0.0,0.15,G16_fixed,False,16,20,0.007667706857919,21.153344988745356,0.6349260370689762,13,0.0029498565391981126,25.30199104614932,0.7799216441495741,15.0,0;22.5;45;67.5;90;112.5;135;157.5;180;202.5;225;247.5;270;292.5;315;337.5
val_images_circle,circle,test005.png,4,rot45_padded,45.0,False,321,321,80883.0,0.7849593758583069,blur,pnp_hqs,restormer,15.0,fixed15p0,0.2,0.5,0.0,0.15,G16_fixed,False,16,20,0.007667706857919,21.153344988745356,0.6349260370689762,14,0.0029272838770947503,25.3353515926157,0.7806253998831646,15.0,0;22.5;45;67.5;90;112.5;135;157.5;180;202.5;225;247.5;270;292.5;315;337.5
val_images_circle,circle,test005.png,4,rot45_padded,45.0,False,321,321,80883.0,0.7849593758583069,blur,pnp_hqs,restormer,15.0,fixed15p0,0.2,0.5,0.0,0.15,G16_fixed,False,16,20,0.007667706857919,21.153344988745356,0.6349260370689762,15,0.002908346550787963,25.363538453619462,0.7811971169003376,15.0,0;22.5;45;67.5;90;112.5;135;157.5;180;202.5;225;247.5;270;292.5;315;337.5
val_images_circle,circle,test005.png,4,rot45_padded,45.0,False,321,321,80883.0,0.7849593758583069,blur,pnp_hqs,restormer,15.0,fixed15p0,0.2,0.5,0.0,0.15,G16_fixed,False,16,20,0.007667706857919,21.153344988745356,0.6349260370689762,16,0.00289238427614241,25.387440080851754,0.7816629711280492,15.0,0;22.5;45;67.5;90;112.5;135;157.5;180;202.5;225;247.5;270;292.5;315;337.5
val_images_circle,circle,test005.png,4,rot45_padded,45.0,False,321,321,80883.0,0.7849593758583069,blur,pnp_hqs,restormer,15.0,fixed15p0,0.2,0.5,0.0,0.15,G16_fixed,False,16,20,0.007667706857919,21.153344988745356,0.6349260370689762,17,0.002878878069827714,25.407767285649076,0.7820447919371191,15.0,0;22.5;45;67.5;90;112.5;135;157.5;180;202.5;225;247.5;270;292.5;315;337.5
val_images_circle,circle,test005.png,4,rot45_padded,45.0,False,321,321,80883.0,0.7849593758583069,blur,pnp_hqs,restormer,15.0,fixed15p0,0.2,0.5,0.0,0.15,G16_fixed,False,16,20,0.007667706857919,21.153344988745356,0.6349260370689762,18,0.0028674262904369776,25.425077371818556,0.7823579854542981,15.0,0;22.5;45;67.5;90;112.5;135;157.5;180;202.5;225;247.5;270;292.5;315;337.5
val_images_circle,circle,test005.png,4,rot45_padded,45.0,False,321,321,80883.0,0.7849593758583069,blur,pnp_hqs,restormer,15.0,fixed15p0,0.2,0.5,0.0,0.15,G16_fixed,False,16,20,0.007667706857919,21.153344988745356,0.6349260370689762,19,0.002857693890934668,25.439842935988835,0.7826154464627919,15.0,0;22.5;45;67.5;90;112.5;135;157.5;180;202.5;225;247.5;270;292.5;315;337.5
val_images_circle,circle,test005.png,4,rot45_padded,45.0,False,321,321,80883.0,0.7849593758583069,blur,pnp_hqs,restormer,15.0,fixed15p0,0.2,0.5,0.0,0.15,G16_fixed,False,16,20,0.007667706857919,21.153344988745356,0.6349260370689762,20,0.002849391289564286,25.4524790764715,0.7828282828282829,15.0,0;22.5;45;67.5;90;112.5;135;157.5;180;202.5;225;247.5;270;292.5;315;337.5
val_images_circle,circle,test006.png,5,upright,0.0,False,321,321,80892.0,0.7850467562675476,blur,pnp_hqs,restormer,15.0,fixed15p0,0.2,0.5,0.0,0.15,vanilla,True,0,20,0.0029180221433120317,25.34911416801122,0.8306657140075656,1,0.0017352915067191247,27.606275588411822,0.8769498413007467,15.0,none
val_images_circle,circle,test006.png,5,upright,0.0,False,321,321,80892.0,0.7850467562675476,blur,pnp_hqs,restormer,15.0,fixed15p0,0.2,0.5,0.0,0.15,vanilla,True,0,20,0.0029180221433120317,25.34911416801122,0.8306657140075656,2,0.0013965972068902442,28.549288308567718,0.8905572978477476,15.0,none
val_images_circle,circle,test006.png,5,upright,0.0,False,321,321,80892.0,0.7850467562675476,blur,pnp_hqs,restormer,15.0,fixed15p0,0.2,0.5,0.0,0.15,vanilla,True,0,20,0.0029180221433120317,25.34911416801122,0.8306657140075656,3,0.0012434709616197367,29.053643522159696,0.896839593995698,15.0,none
val_images_circle,circle,test006.png,5,upright,0.0,False,321,321,80892.0,0.7850467562675476,blur,pnp_hqs,restormer,15.0,fixed15p0,0.2,0.5,0.0,0.15,vanilla,True,0,20,0.0029180221433120317,25.34911416801122,0.8306657140075656,4,0.0011332788765916766,29.456632060573664,0.9007688298904712,15.0,none
val_images_circle,circle,test006.png,5,upright,0.0,False,321,321,80892.0,0.7850467562675476,blur,pnp_hqs,restormer,15.0,fixed15p0,0.2,0.5,0.0,0.15,vanilla,True,0,20,0.0029180221433120317,25.34911416801122,0.8306657140075656,5,0.0010439186075441927,29.81333361173231,0.9037453101048312,15.0,none
val_images_circle,circle,test006.png,5,upright,0.0,False,321,321,80892.0,0.7850467562675476,blur,pnp_hqs,restormer,15.0,fixed15p0,0.2,0.5,0.0,0.15,vanilla,True,0,20,0.0029180221433120317,25.34911416801122,0.8306657140075656,6,0.0009748967884733174,30.110413602698465,0.9061376781696583,15.0,none
val_images_circle,circle,test006.png,5,upright,0.0,False,321,321,80892.0,0.7850467562675476,blur,pnp_hqs,restormer,15.0,fixed15p0,0.2,0.5,0.0,0.15,vanilla,True,0,20,0.0029180221433120317,25.34911416801122,0.8306657140075656,7,0.0009216660768985866,30.354263969810482,0.9074439144167532,15.0,none
val_images_circle,circle,test006.png,5,upright,0.0,False,321,321,80892.0,0.7850467562675476,blur,pnp_hqs,restormer,15.0,fixed15p0,0.2,0.5,0.0,0.15,vanilla,True,0,20,0.0029180221433120317,25.34911416801122,0.8306657140075656,8,0.0008858975603478732,30.526164943068107,0.907837089112644,15.0,none
val_images_circle,circle,test006.png,5,upright,0.0,False,321,321,80892.0,0.7850467562675476,blur,pnp_hqs,restormer,15.0,fixed15p0,0.2,0.5,0.0,0.15,vanilla,True,0,20,0.0029180221433120317,25.34911416801122,0.8306657140075656,9,0.000858400634681118,30.66309969934923,0.9079577167705088,15.0,none
val_images_circle,circle,test006.png,5,upright,0.0,False,321,321,80892.0,0.7850467562675476,blur,pnp_hqs,restormer,15.0,fixed15p0,0.2,0.5,0.0,0.15,vanilla,True,0,20,0.0029180221433120317,25.34911416801122,0.8306657140075656,10,0.0008439112739994954,30.737032112392452,0.9075956406381348,15.0,none
val_images_circle,circle,test006.png,5,upright,0.0,False,321,321,80892.0,0.7850467562675476,blur,pnp_hqs,restormer,15.0,fixed15p0,0.2,0.5,0.0,0.15,vanilla,True,0,20,0.0029180221433120317,25.34911416801122,0.8306657140075656,11,0.0008252659814503829,30.834060567116648,0.9077257330762004,15.0,none
val_images_circle,circle,test006.png,5,upright,0.0,False,321,321,80892.0,0.7850467562675476,blur,pnp_hqs,restormer,15.0,fixed15p0,0.2,0.5,0.0,0.15,vanilla,True,0,20,0.0029180221433120317,25.34911416801122,0.8306657140075656,12,0.0008152772769230985,30.88694661986572,0.9077229322738961,15.0,none
val_images_circle,circle,test006.png,5,upright,0.0,False,321,321,80892.0,0.7850467562675476,blur,pnp_hqs,restormer,15.0,fixed15p0,0.2,0.5,0.0,0.15,vanilla,True,0,20,0.0029180221433120317,25.34911416801122,0.8306657140075656,13,0.0007910277860805872,31.018082609656254,0.9086442996526233,15.0,none
val_images_circle,circle,test006.png,5,upright,0.0,False,321,321,80892.0,0.7850467562675476,blur,pnp_hqs,restormer,15.0,fixed15p0,0.2,0.5,0.0,0.15,vanilla,True,0,20,0.0029180221433120317,25.34911416801122,0.8306657140075656,14,0.0007770767800444719,31.09536068068808,0.9093466249752756,15.0,none
val_images_circle,circle,test006.png,5,upright,0.0,False,321,321,80892.0,0.7850467562675476,blur,pnp_hqs,restormer,15.0,fixed15p0,0.2,0.5,0.0,0.15,vanilla,True,0,20,0.0029180221433120317,25.34911416801122,0.8306657140075656,15,0.0007619093830022061,31.180966780072623,0.9101166524501805,15.0,none
val_images_circle,circle,test006.png,5,upright,0.0,False,321,321,80892.0,0.7850467562675476,blur,pnp_hqs,restormer,15.0,fixed15p0,0.2,0.5,0.0,0.15,vanilla,True,0,20,0.0029180221433120317,25.34911416801122,0.8306657140075656,16,0.0007559860200065655,31.214862355704113,0.9102421090775354,15.0,none
val_images_circle,circle,test006.png,5,upright,0.0,False,321,321,80892.0,0.7850467562675476,blur,pnp_hqs,restormer,15.0,fixed15p0,0.2,0.5,0.0,0.15,vanilla,True,0,20,0.0029180221433120317,25.34911416801122,0.8306657140075656,17,0.0007511029603991423,31.243005262870295,0.9102541815012609,15.0,none
val_images_circle,circle,test006.png,5,upright,0.0,False,321,321,80892.0,0.7850467562675476,blur,pnp_hqs,restormer,15.0,fixed15p0,0.2,0.5,0.0,0.15,vanilla,True,0,20,0.0029180221433120317,25.34911416801122,0.8306657140075656,18,0.0007492790341005889,31.253564194128582,0.9099996948091282,15.0,none
val_images_circle,circle,test006.png,5,upright,0.0,False,321,321,80892.0,0.7850467562675476,blur,pnp_hqs,restormer,15.0,fixed15p0,0.2,0.5,0.0,0.15,vanilla,True,0,20,0.0029180221433120317,25.34911416801122,0.8306657140075656,19,0.0007461201146643635,31.271912517005443,0.9099462864065668,15.0,none
val_images_circle,circle,test006.png,5,upright,0.0,False,321,321,80892.0,0.7850467562675476,blur,pnp_hqs,restormer,15.0,fixed15p0,0.2,0.5,0.0,0.15,vanilla,True,0,20,0.0029180221433120317,25.34911416801122,0.8306657140075656,20,0.0007414623755278788,31.299108817430806,0.9101037108119467,15.0,none
val_images_circle,circle,test006.png,5,upright,0.0,False,321,321,80892.0,0.7850467562675476,blur,pnp_hqs,restormer,15.0,fixed15p0,0.2,0.5,0.0,0.15,G16_fixed,True,16,20,0.0029180221433120317,25.34911416801122,0.8306657140075656,1,0.0017389539782668366,27.59711911527614,0.870419239541611,15.0,0;22.5;45;67.5;90;112.5;135;157.5;180;202.5;225;247.5;270;292.5;315;337.5
val_images_circle,circle,test006.png,5,upright,0.0,False,321,321,80892.0,0.7850467562675476,blur,pnp_hqs,restormer,15.0,fixed15p0,0.2,0.5,0.0,0.15,G16_fixed,True,16,20,0.0029180221433120317,25.34911416801122,0.8306657140075656,2,0.0014289283837325636,28.449895370097025,0.8821823194815309,15.0,0;22.5;45;67.5;90;112.5;135;157.5;180;202.5;225;247.5;270;292.5;315;337.5
val_images_circle,circle,test006.png,5,upright,0.0,False,321,321,80892.0,0.7850467562675476,blur,pnp_hqs,restormer,15.0,fixed15p0,0.2,0.5,0.0,0.15,G16_fixed,True,16,20,0.0029180221433120317,25.34911416801122,0.8306657140075656,3,0.0012396393818240583,29.067046352101045,0.885757398753894,15.0,0;22.5;45;67.5;90;112.5;135;157.5;180;202.5;225;247.5;270;292.5;315;337.5
val_images_circle,circle,test006.png,5,upright,0.0,False,321,321,80892.0,0.7850467562675476,blur,pnp_hqs,restormer,15.0,fixed15p0,0.2,0.5,0.0,0.15,G16_fixed,True,16,20,0.0029180221433120317,25.34911416801122,0.8306657140075656,4,0.0011243882910443573,29.490836856200055,0.891692105677941,15.0,0;22.5;45;67.5;90;112.5;135;157.5;180;202.5;225;247.5;270;292.5;315;337.5
val_images_circle,circle,test006.png,5,upright,0.0,False,321,321,80892.0,0.7850467562675476,blur,pnp_hqs,restormer,15.0,fixed15p0,0.2,0.5,0.0,0.15,G16_fixed,True,16,20,0.0029180221433120317,25.34911416801122,0.8306657140075656,5,0.0010380066096037,29.837998810682205,0.8919898599367058,15.0,0;22.5;45;67.5;90;112.5;135;157.5;180;202.5;225;247.5;270;292.5;315;337.5
val_images_circle,circle,test006.png,5,upright,0.0,False,321,321,80892.0,0.7850467562675476,blur,pnp_hqs,restormer,15.0,fixed15p0,0.2,0.5,0.0,0.15,G16_fixed,True,16,20,0.0029180221433120317,25.34911416801122,0.8306657140075656,6,0.0009917616814703555,30.035926754837703,0.8967321977142363,15.0,0;22.5;45;67.5;90;112.5;135;157.5;180;202.5;225;247.5;270;292.5;315;337.5
val_images_circle,circle,test006.png,5,upright,0.0,False,321,321,80892.0,0.7850467562675476,blur,pnp_hqs,restormer,15.0,fixed15p0,0.2,0.5,0.0,0.15,G16_fixed,True,16,20,0.0029180221433120317,25.34911416801122,0.8306657140075656,7,0.0009511396733187653,30.217557029390036,0.8935415044132918,15.0,0;22.5;45;67.5;90;112.5;135;157.5;180;202.5;225;247.5;270;292.5;315;337.5
val_images_circle,circle,test006.png,5,upright,0.0,False,321,321,80892.0,0.7850467562675476,blur,pnp_hqs,restormer,15.0,fixed15p0,0.2,0.5,0.0,0.15,G16_fixed,True,16,20,0.0029180221433120317,25.34911416801122,0.8306657140075656,8,0.0009323395142090496,30.304259092155085,0.8987493548496761,15.0,0;22.5;45;67.5;90;112.5;135;157.5;180;202.5;225;247.5;270;292.5;315;337.5
val_images_circle,circle,test006.png,5,upright,0.0,False,321,321,80892.0,0.7850467562675476,blur,pnp_hqs,restormer,15.0,fixed15p0,0.2,0.5,0.0,0.15,G16_fixed,True,16,20,0.0029180221433120317,25.34911416801122,0.8306657140075656,9,0.0009053766989763357,30.431706868191387,0.8941646346363052,15.0,0;22.5;45;67.5;90;112.5;135;157.5;180;202.5;225;247.5;270;292.5;315;337.5
val_images_circle,circle,test006.png,5,upright,0.0,False,321,321,80892.0,0.7850467562675476,blur,pnp_hqs,restormer,15.0,fixed15p0,0.2,0.5,0.0,0.15,G16_fixed,True,16,20,0.0029180221433120317,25.34911416801122,0.8306657140075656,10,0.0008965455323895402,30.4742764925475,0.899890730078376,15.0,0;22.5;45;67.5;90;112.5;135;157.5;180;202.5;225;247.5;270;292.5;315;337.5
val_images_circle,circle,test006.png,5,upright,0.0,False,321,321,80892.0,0.7850467562675476,blur,pnp_hqs,restormer,15.0,fixed15p0,0.2,0.5,0.0,0.15,G16_fixed,True,16,20,0.0029180221433120317,25.34911416801122,0.8306657140075656,11,0.000892080716243137,30.49595848501612,0.8940354114127479,15.0,0;22.5;45;67.5;90;112.5;135;157.5;180;202.5;225;247.5;270;292.5;315;337.5
val_images_circle,circle,test006.png,5,upright,0.0,False,321,321,80892.0,0.7850467562675476,blur,pnp_hqs,restormer,15.0,fixed15p0,0.2,0.5,0.0,0.15,G16_fixed,True,16,20,0.0029180221433120317,25.34911416801122,0.8306657140075656,12,0.0008885342531421621,30.51325825411983,0.8987058941242645,15.0,0;22.5;45;67.5;90;112.5;135;157.5;180;202.5;225;247.5;270;292.5;315;337.5
val_images_circle,circle,test006.png,5,upright,0.0,False,321,321,80892.0,0.7850467562675476,blur,pnp_hqs,restormer,15.0,fixed15p0,0.2,0.5,0.0,0.15,G16_fixed,True,16,20,0.0029180221433120317,25.34911416801122,0.8306657140075656,13,0.0008796416869628254,30.556941972410748,0.8940075965484844,15.0,0;22.5;45;67.5;90;112.5;135;157.5;180;202.5;225;247.5;270;292.5;315;337.5
val_images_circle,circle,test006.png,5,upright,0.0,False,321,321,80892.0,0.7850467562675476,blur,pnp_hqs,restormer,15.0,fixed15p0,0.2,0.5,0.0,0.15,G16_fixed,True,16,20,0.0029180221433120317,25.34911416801122,0.8306657140075656,14,0.0008717876321713094,30.595892964996306,0.8997729032228156,15.0,0;22.5;45;67.5;90;112.5;135;157.5;180;202.5;225;247.5;270;292.5;315;337.5
val_images_circle,circle,test006.png,5,upright,0.0,False,321,321,80892.0,0.7850467562675476,blur,pnp_hqs,restormer,15.0,fixed15p0,0.2,0.5,0.0,0.15,G16_fixed,True,16,20,0.0029180221433120317,25.34911416801122,0.8306657140075656,15,0.0008672129381058425,30.61874251439846,0.8952543398914602,15.0,0;22.5;45;67.5;90;112.5;135;157.5;180;202.5;225;247.5;270;292.5;315;337.5
val_images_circle,circle,test006.png,5,upright,0.0,False,321,321,80892.0,0.7850467562675476,blur,pnp_hqs,restormer,15.0,fixed15p0,0.2,0.5,0.0,0.15,G16_fixed,True,16,20,0.0029180221433120317,25.34911416801122,0.8306657140075656,16,0.0008692080004422853,30.6087628496087,0.9003582709044158,15.0,0;22.5;45;67.5;90;112.5;135;157.5;180;202.5;225;247.5;270;292.5;315;337.5
val_images_circle,circle,test006.png,5,upright,0.0,False,321,321,80892.0,0.7850467562675476,blur,pnp_hqs,restormer,15.0,fixed15p0,0.2,0.5,0.0,0.15,G16_fixed,True,16,20,0.0029180221433120317,25.34911416801122,0.8306657140075656,17,0.0008604935968287095,30.652523570299767,0.8958783393289819,15.0,0;22.5;45;67.5;90;112.5;135;157.5;180;202.5;225;247.5;270;292.5;315;337.5
val_images_circle,circle,test006.png,5,upright,0.0,False,321,321,80892.0,0.7850467562675476,blur,pnp_hqs,restormer,15.0,fixed15p0,0.2,0.5,0.0,0.15,G16_fixed,True,16,20,0.0029180221433120317,25.34911416801122,0.8306657140075656,18,0.0008640404371929258,30.63465932013235,0.900558383400089,15.0,0;22.5;45;67.5;90;112.5;135;157.5;180;202.5;225;247.5;270;292.5;315;337.5
val_images_circle,circle,test006.png,5,upright,0.0,False,321,321,80892.0,0.7850467562675476,blur,pnp_hqs,restormer,15.0,fixed15p0,0.2,0.5,0.0,0.15,G16_fixed,True,16,20,0.0029180221433120317,25.34911416801122,0.8306657140075656,19,0.0008582685925466208,30.66376779742653,0.8961864275824556,15.0,0;22.5;45;67.5;90;112.5;135;157.5;180;202.5;225;247.5;270;292.5;315;337.5
val_images_circle,circle,test006.png,5,upright,0.0,False,321,321,80892.0,0.7850467562675476,blur,pnp_hqs,restormer,15.0,fixed15p0,0.2,0.5,0.0,0.15,G16_fixed,True,16,20,0.0029180221433120317,25.34911416801122,0.8306657140075656,20,0.0008654385747656308,30.627637511126913,0.9004276149062949,15.0,0;22.5;45;67.5;90;112.5;135;157.5;180;202.5;225;247.5;270;292.5;315;337.5
val_images_circle,circle,test006.png,5,rot45_padded,45.0,False,321,321,80883.0,0.7849593758583069,blur,pnp_hqs,restormer,15.0,fixed15p0,0.2,0.5,0.0,0.15,vanilla,False,0,20,0.004607568341868038,23.365282143777865,0.819511188228676,1,0.0021110647765208504,26.754984404706708,0.867390435876513,15.0,none
val_images_circle,circle,test006.png,5,rot45_padded,45.0,False,321,321,80883.0,0.7849593758583069,blur,pnp_hqs,restormer,15.0,fixed15p0,0.2,0.5,0.0,0.15,vanilla,False,0,20,0.004607568341868038,23.365282143777865,0.819511188228676,2,0.0017148097789471946,27.657840485281557,0.8806048358431314,15.0,none
val_images_circle,circle,test006.png,5,rot45_padded,45.0,False,321,321,80883.0,0.7849593758583069,blur,pnp_hqs,restormer,15.0,fixed15p0,0.2,0.5,0.0,0.15,vanilla,False,0,20,0.004607568341868038,23.365282143777865,0.819511188228676,3,0.0015255193343751544,28.165822837546255,0.8866396909733814,15.0,none
val_images_circle,circle,test006.png,5,rot45_padded,45.0,False,321,321,80883.0,0.7849593758583069,blur,pnp_hqs,restormer,15.0,fixed15p0,0.2,0.5,0.0,0.15,vanilla,False,0,20,0.004607568341868038,23.365282143777865,0.819511188228676,4,0.0013820358187134503,28.594807010515346,0.8905697504419965,15.0,none
val_images_circle,circle,test006.png,5,rot45_padded,45.0,False,321,321,80883.0,0.7849593758583069,blur,pnp_hqs,restormer,15.0,fixed15p0,0.2,0.5,0.0,0.15,vanilla,False,0,20,0.004607568341868038,23.365282143777865,0.819511188228676,5,0.001272068891719463,28.95489367867303,0.8934995224583658,15.0,none
val_images_circle,circle,test006.png,5,rot45_padded,45.0,False,321,321,80883.0,0.7849593758583069,blur,pnp_hqs,restormer,15.0,fixed15p0,0.2,0.5,0.0,0.15,vanilla,False,0,20,0.004607568341868038,23.365282143777865,0.819511188228676,6,0.0011838895489919177,29.266888132388264,0.8956139771336374,15.0,none
val_images_circle,circle,test006.png,5,rot45_padded,45.0,False,321,321,80883.0,0.7849593758583069,blur,pnp_hqs,restormer,15.0,fixed15p0,0.2,0.5,0.0,0.15,vanilla,False,0,20,0.004607568341868038,23.365282143777865,0.819511188228676,7,0.001115710212723838,29.52448591561225,0.8972961909486542,15.0,none
val_images_circle,circle,test006.png,5,rot45_padded,45.0,False,321,321,80883.0,0.7849593758583069,blur,pnp_hqs,restormer,15.0,fixed15p0,0.2,0.5,0.0,0.15,vanilla,False,0,20,0.004607568341868038,23.365282143777865,0.819511188228676,8,0.0010648024002153863,29.727309785710197,0.8985816124834638,15.0,none
val_images_circle,circle,test006.png,5,rot45_padded,45.0,False,321,321,80883.0,0.7849593758583069,blur,pnp_hqs,restormer,15.0,fixed15p0,0.2,0.5,0.0,0.15,vanilla,False,0,20,0.004607568341868038,23.365282143777865,0.819511188228676,9,0.001030123428490555,29.871107353911203,0.8994324749947455,15.0,none
val_images_circle,circle,test006.png,5,rot45_padded,45.0,False,321,321,80883.0,0.7849593758583069,blur,pnp_hqs,restormer,15.0,fixed15p0,0.2,0.5,0.0,0.15,vanilla,False,0,20,0.004607568341868038,23.365282143777865,0.819511188228676,10,0.0009981474713631978,30.008052891056124,0.9001402875140635,15.0,none
val_images_circle,circle,test006.png,5,rot45_padded,45.0,False,321,321,80883.0,0.7849593758583069,blur,pnp_hqs,restormer,15.0,fixed15p0,0.2,0.5,0.0,0.15,vanilla,False,0,20,0.004607568341868038,23.365282143777865,0.819511188228676,11,0.0009776062205653633,30.098360436516266,0.9006017951856385,15.0,none
val_images_circle,circle,test006.png,5,rot45_padded,45.0,False,321,321,80883.0,0.7849593758583069,blur,pnp_hqs,restormer,15.0,fixed15p0,0.2,0.5,0.0,0.15,vanilla,False,0,20,0.004607568341868038,23.365282143777865,0.819511188228676,12,0.0009574704785529329,30.18874607645721,0.9010111441835738,15.0,none
val_images_circle,circle,test006.png,5,rot45_padded,45.0,False,321,321,80883.0,0.7849593758583069,blur,pnp_hqs,restormer,15.0,fixed15p0,0.2,0.5,0.0,0.15,vanilla,False,0,20,0.004607568341868038,23.365282143777865,0.819511188228676,13,0.0009458702295580499,30.24168443358025,0.9013228405536392,15.0,none
val_images_circle,circle,test006.png,5,rot45_padded,45.0,False,321,321,80883.0,0.7849593758583069,blur,pnp_hqs,restormer,15.0,fixed15p0,0.2,0.5,0.0,0.15,vanilla,False,0,20,0.004607568341868038,23.365282143777865,0.819511188228676,14,0.0009345162665456489,30.29413134724388,0.9015440319659261,15.0,none
val_images_circle,circle,test006.png,5,rot45_padded,45.0,False,321,321,80883.0,0.7849593758583069,blur,pnp_hqs,restormer,15.0,fixed15p0,0.2,0.5,0.0,0.15,vanilla,False,0,20,0.004607568341868038,23.365282143777865,0.819511188228676,15,0.0009241291481599965,30.342673313623113,0.9018109105127159,15.0,none
val_images_circle,circle,test006.png,5,rot45_padded,45.0,False,321,321,80883.0,0.7849593758583069,blur,pnp_hqs,restormer,15.0,fixed15p0,0.2,0.5,0.0,0.15,vanilla,False,0,20,0.004607568341868038,23.365282143777865,0.819511188228676,16,0.0009175153649552053,30.373866542046066,0.9018961996031305,15.0,none
val_images_circle,circle,test006.png,5,rot45_padded,45.0,False,321,321,80883.0,0.7849593758583069,blur,pnp_hqs,restormer,15.0,fixed15p0,0.2,0.5,0.0,0.15,vanilla,False,0,20,0.004607568341868038,23.365282143777865,0.819511188228676,17,0.0009102542203188652,30.408372988186866,0.902129851143009,15.0,none
val_images_circle,circle,test006.png,5,rot45_padded,45.0,False,321,321,80883.0,0.7849593758583069,blur,pnp_hqs,restormer,15.0,fixed15p0,0.2,0.5,0.0,0.15,vanilla,False,0,20,0.004607568341868038,23.365282143777865,0.819511188228676,18,0.0009043426964551613,30.436669644622025,0.9022576398934263,15.0,none
val_images_circle,circle,test006.png,5,rot45_padded,45.0,False,321,321,80883.0,0.7849593758583069,blur,pnp_hqs,restormer,15.0,fixed15p0,0.2,0.5,0.0,0.15,vanilla,False,0,20,0.004607568341868038,23.365282143777865,0.819511188228676,19,0.000897110132689251,30.471542380225745,0.9024916777938504,15.0,none
val_images_circle,circle,test006.png,5,rot45_padded,45.0,False,321,321,80883.0,0.7849593758583069,blur,pnp_hqs,restormer,15.0,fixed15p0,0.2,0.5,0.0,0.15,vanilla,False,0,20,0.004607568341868038,23.365282143777865,0.819511188228676,20,0.0008923124138355614,30.494830650743175,0.9027195339255468,15.0,none
val_images_circle,circle,test006.png,5,rot45_padded,45.0,False,321,321,80883.0,0.7849593758583069,blur,pnp_hqs,restormer,15.0,fixed15p0,0.2,0.5,0.0,0.15,G16_fixed,False,16,20,0.004607568341868038,23.365282143777865,0.819511188228676,1,0.0020976245986196883,26.78272232699112,0.8681130266866955,15.0,0;22.5;45;67.5;90;112.5;135;157.5;180;202.5;225;247.5;270;292.5;315;337.5
val_images_circle,circle,test006.png,5,rot45_padded,45.0,False,321,321,80883.0,0.7849593758583069,blur,pnp_hqs,restormer,15.0,fixed15p0,0.2,0.5,0.0,0.15,G16_fixed,False,16,20,0.004607568341868038,23.365282143777865,0.819511188228676,2,0.001717073044310532,27.652112295529765,0.880102470543872,15.0,0;22.5;45;67.5;90;112.5;135;157.5;180;202.5;225;247.5;270;292.5;315;337.5
val_images_circle,circle,test006.png,5,rot45_padded,45.0,False,321,321,80883.0,0.7849593758583069,blur,pnp_hqs,restormer,15.0,fixed15p0,0.2,0.5,0.0,0.15,G16_fixed,False,16,20,0.004607568341868038,23.365282143777865,0.819511188228676,3,0.0015106409633009158,28.208387429313557,0.8860573490412077,15.0,0;22.5;45;67.5;90;112.5;135;157.5;180;202.5;225;247.5;270;292.5;315;337.5
val_images_circle,circle,test006.png,5,rot45_padded,45.0,False,321,321,80883.0,0.7849593758583069,blur,pnp_hqs,restormer,15.0,fixed15p0,0.2,0.5,0.0,0.15,G16_fixed,False,16,20,0.004607568341868038,23.365282143777865,0.819511188228676,4,0.0013658287673062961,28.646037443406968,0.8901337425664231,15.0,0;22.5;45;67.5;90;112.5;135;157.5;180;202.5;225;247.5;270;292.5;315;337.5
val_images_circle,circle,test006.png,5,rot45_padded,45.0,False,321,321,80883.0,0.7849593758583069,blur,pnp_hqs,restormer,15.0,fixed15p0,0.2,0.5,0.0,0.15,G16_fixed,False,16,20,0.004607568341868038,23.365282143777865,0.819511188228676,5,0.0012521286881373983,29.02351034004284,0.8933136830359902,15.0,0;22.5;45;67.5;90;112.5;135;157.5;180;202.5;225;247.5;270;292.5;315;337.5
val_images_circle,circle,test006.png,5,rot45_padded,45.0,False,321,321,80883.0,0.7849593758583069,blur,pnp_hqs,restormer,15.0,fixed15p0,0.2,0.5,0.0,0.15,G16_fixed,False,16,20,0.004607568341868038,23.365282143777865,0.819511188228676,6,0.0011633336776168007,29.342956992329285,0.8958126630441502,15.0,0;22.5;45;67.5;90;112.5;135;157.5;180;202.5;225;247.5;270;292.5;315;337.5
val_images_circle,circle,test006.png,5,rot45_padded,45.0,False,321,321,80883.0,0.7849593758583069,blur,pnp_hqs,restormer,15.0,fixed15p0,0.2,0.5,0.0,0.15,G16_fixed,False,16,20,0.004607568341868038,23.365282143777865,0.819511188228676,7,0.0010921173173050695,29.61730706391777,0.8978366127616434,15.0,0;22.5;45;67.5;90;112.5;135;157.5;180;202.5;225;247.5;270;292.5;315;337.5
val_images_circle,circle,test006.png,5,rot45_padded,45.0,False,321,321,80883.0,0.7849593758583069,blur,pnp_hqs,restormer,15.0,fixed15p0,0.2,0.5,0.0,0.15,G16_fixed,False,16,20,0.004607568341868038,23.365282143777865,0.819511188228676,8,0.0010349944388832674,29.85061983703487,0.8994961278946132,15.0,0;22.5;45;67.5;90;112.5;135;157.5;180;202.5;225;247.5;270;292.5;315;337.5
val_images_circle,circle,test006.png,5,rot45_padded,45.0,False,321,321,80883.0,0.7849593758583069,blur,pnp_hqs,restormer,15.0,fixed15p0,0.2,0.5,0.0,0.15,G16_fixed,False,16,20,0.004607568341868038,23.365282143777865,0.819511188228676,9,0.00098823443698672,30.05140016331321,0.9008902133328388,15.0,0;22.5;45;67.5;90;112.5;135;157.5;180;202.5;225;247.5;270;292.5;315;337.5
val_images_circle,circle,test006.png,5,rot45_padded,45.0,False,321,321,80883.0,0.7849593758583069,blur,pnp_hqs,restormer,15.0,fixed15p0,0.2,0.5,0.0,0.15,G16_fixed,False,16,20,0.004607568341868038,23.365282143777865,0.819511188228676,10,0.0009496114937951946,30.2245403745951,0.9020758572567783,15.0,0;22.5;45;67.5;90;112.5;135;157.5;180;202.5;225;247.5;270;292.5;315;337.5
val_images_circle,circle,test006.png,5,rot45_padded,45.0,False,321,321,80883.0,0.7849593758583069,blur,pnp_hqs,restormer,15.0,fixed15p0,0.2,0.5,0.0,0.15,G16_fixed,False,16,20,0.004607568341868038,23.365282143777865,0.819511188228676,11,0.0009171584342169013,30.37555635799147,0.9031005820135257,15.0,0;22.5;45;67.5;90;112.5;135;157.5;180;202.5;225;247.5;270;292.5;315;337.5
val_images_circle,circle,test006.png,5,rot45_padded,45.0,False,321,321,80883.0,0.7849593758583069,blur,pnp_hqs,restormer,15.0,fixed15p0,0.2,0.5,0.0,0.15,G16_fixed,False,16,20,0.004607568341868038,23.365282143777865,0.819511188228676,12,0.0008894837565997625,30.508619784215433,0.9039999327732651,15.0,0;22.5;45;67.5;90;112.5;135;157.5;180;202.5;225;247.5;270;292.5;315;337.5
val_images_circle,circle,test006.png,5,rot45_padded,45.0,False,321,321,80883.0,0.7849593758583069,blur,pnp_hqs,restormer,15.0,fixed15p0,0.2,0.5,0.0,0.15,G16_fixed,False,16,20,0.004607568341868038,23.365282143777865,0.819511188228676,13,0.0008653634828094671,30.628014354014006,0.9048012445445891,15.0,0;22.5;45;67.5;90;112.5;135;157.5;180;202.5;225;247.5;270;292.5;315;337.5
val_images_circle,circle,test006.png,5,rot45_padded,45.0,False,321,321,80883.0,0.7849593758583069,blur,pnp_hqs,restormer,15.0,fixed15p0,0.2,0.5,0.0,0.15,G16_fixed,False,16,20,0.004607568341868038,23.365282143777865,0.819511188228676,14,0.0008439207555142826,30.736983318798302,0.9055303068939085,15.0,0;22.5;45;67.5;90;112.5;135;157.5;180;202.5;225;247.5;270;292.5;315;337.5
val_images_circle,circle,test006.png,5,rot45_padded,45.0,False,321,321,80883.0,0.7849593758583069,blur,pnp_hqs,restormer,15.0,fixed15p0,0.2,0.5,0.0,0.15,G16_fixed,False,16,20,0.004607568341868038,23.365282143777865,0.819511188228676,15,0.0008246330069842395,30.837392859981186,0.9062038299148152,15.0,0;22.5;45;67.5;90;112.5;135;157.5;180;202.5;225;247.5;270;292.5;315;337.5
val_images_circle,circle,test006.png,5,rot45_padded,45.0,False,321,321,80883.0,0.7849593758583069,blur,pnp_hqs,restormer,15.0,fixed15p0,0.2,0.5,0.0,0.15,G16_fixed,False,16,20,0.004607568341868038,23.365282143777865,0.819511188228676,16,0.0008074454336361047,30.92886817196808,0.9068251942620823,15.0,0;22.5;45;67.5;90;112.5;135;157.5;180;202.5;225;247.5;270;292.5;315;337.5
val_images_circle,circle,test006.png,5,rot45_padded,45.0,False,321,321,80883.0,0.7849593758583069,blur,pnp_hqs,restormer,15.0,fixed15p0,0.2,0.5,0.0,0.15,G16_fixed,False,16,20,0.004607568341868038,23.365282143777865,0.819511188228676,17,0.0007924931107387078,31.010045044807704,0.907389280658482,15.0,0;22.5;45;67.5;90;112.5;135;157.5;180;202.5;225;247.5;270;292.5;315;337.5
val_images_circle,circle,test006.png,5,rot45_padded,45.0,False,321,321,80883.0,0.7849593758583069,blur,pnp_hqs,restormer,15.0,fixed15p0,0.2,0.5,0.0,0.15,G16_fixed,False,16,20,0.004607568341868038,23.365282143777865,0.819511188228676,18,0.0007796973701536382,31.080739306115547,0.9078965720546963,15.0,0;22.5;45;67.5;90;112.5;135;157.5;180;202.5;225;247.5;270;292.5;315;337.5
val_images_circle,circle,test006.png,5,rot45_padded,45.0,False,321,321,80883.0,0.7849593758583069,blur,pnp_hqs,restormer,15.0,fixed15p0,0.2,0.5,0.0,0.15,G16_fixed,False,16,20,0.004607568341868038,23.365282143777865,0.819511188228676,19,0.0007687836751700518,31.141958473203104,0.9083543127109529,15.0,0;22.5;45;67.5;90;112.5;135;157.5;180;202.5;225;247.5;270;292.5;315;337.5
val_images_circle,circle,test006.png,5,rot45_padded,45.0,False,321,321,80883.0,0.7849593758583069,blur,pnp_hqs,restormer,15.0,fixed15p0,0.2,0.5,0.0,0.15,G16_fixed,False,16,20,0.004607568341868038,23.365282143777865,0.819511188228676,20,0.0007594984766799778,31.194730928612913,0.9087682014452976,15.0,0;22.5;45;67.5;90;112.5;135;157.5;180;202.5;225;247.5;270;292.5;315;337.5
val_images_circle,circle,test007.png,6,upright,0.0,False,321,321,80892.0,0.7850467562675476,blur,pnp_hqs,restormer,15.0,fixed15p0,0.2,0.5,0.0,0.15,vanilla,True,0,20,0.007044635752521494,21.52141457453073,0.6204530906177372,1,0.004058556074983659,23.916284492317438,0.7439135185648766,15.0,none
val_images_circle,circle,test007.png,6,upright,0.0,False,321,321,80892.0,0.7850467562675476,blur,pnp_hqs,restormer,15.0,fixed15p0,0.2,0.5,0.0,0.15,vanilla,True,0,20,0.007044635752521494,21.52141457453073,0.6204530906177372,2,0.003429197990380886,24.64807439455611,0.7832852174813332,15.0,none
val_images_circle,circle,test007.png,6,upright,0.0,False,321,321,80892.0,0.7850467562675476,blur,pnp_hqs,restormer,15.0,fixed15p0,0.2,0.5,0.0,0.15,vanilla,True,0,20,0.007044635752521494,21.52141457453073,0.6204530906177372,3,0.003091967849191959,25.097650305981873,0.8027080088265836,15.0,none
val_images_circle,circle,test007.png,6,upright,0.0,False,321,321,80892.0,0.7850467562675476,blur,pnp_hqs,restormer,15.0,fixed15p0,0.2,0.5,0.0,0.15,vanilla,True,0,20,0.007044635752521494,21.52141457453073,0.6204530906177372,4,0.002901234117700433,25.374172239988233,0.8140243125092717,15.0,none
val_images_circle,circle,test007.png,6,upright,0.0,False,321,321,80892.0,0.7850467562675476,blur,pnp_hqs,restormer,15.0,fixed15p0,0.2,0.5,0.0,0.15,vanilla,True,0,20,0.007044635752521494,21.52141457453073,0.6204530906177372,5,0.002766266872660847,25.58105924106293,0.8218418346375415,15.0,none
val_images_circle,circle,test007.png,6,upright,0.0,False,321,321,80892.0,0.7850467562675476,blur,pnp_hqs,restormer,15.0,fixed15p0,0.2,0.5,0.0,0.15,vanilla,True,0,20,0.007044635752521494,21.52141457453073,0.6204530906177372,6,0.0026665861903810597,25.740443743280256,0.8274523245500173,15.0,none
val_images_circle,circle,test007.png,6,upright,0.0,False,321,321,80892.0,0.7850467562675476,blur,pnp_hqs,restormer,15.0,fixed15p0,0.2,0.5,0.0,0.15,vanilla,True,0,20,0.007044635752521494,21.52141457453073,0.6204530906177372,7,0.002588557965947749,25.86942105354956,0.8318155882225684,15.0,none
val_images_circle,circle,test007.png,6,upright,0.0,False,321,321,80892.0,0.7850467562675476,blur,pnp_hqs,restormer,15.0,fixed15p0,0.2,0.5,0.0,0.15,vanilla,True,0,20,0.007044635752521494,21.52141457453073,0.6204530906177372,8,0.0025273505890280406,25.973345094377102,0.8351636093495031,15.0,none
val_images_circle,circle,test007.png,6,upright,0.0,False,321,321,80892.0,0.7850467562675476,blur,pnp_hqs,restormer,15.0,fixed15p0,0.2,0.5,0.0,0.15,vanilla,True,0,20,0.007044635752521494,21.52141457453073,0.6204530906177372,9,0.002478304858590389,26.05845271704908,0.8377502951466153,15.0,none
val_images_circle,circle,test007.png,6,upright,0.0,False,321,321,80892.0,0.7850467562675476,blur,pnp_hqs,restormer,15.0,fixed15p0,0.2,0.5,0.0,0.15,vanilla,True,0,20,0.007044635752521494,21.52141457453073,0.6204530906177372,10,0.002438607899906762,26.128580236289515,0.8397876373745241,15.0,none
val_images_circle,circle,test007.png,6,upright,0.0,False,321,321,80892.0,0.7850467562675476,blur,pnp_hqs,restormer,15.0,fixed15p0,0.2,0.5,0.0,0.15,vanilla,True,0,20,0.007044635752521494,21.52141457453073,0.6204530906177372,11,0.002406652571568708,26.185866006851445,0.8413271128479949,15.0,none
val_images_circle,circle,test007.png,6,upright,0.0,False,321,321,80892.0,0.7850467562675476,blur,pnp_hqs,restormer,15.0,fixed15p0,0.2,0.5,0.0,0.15,vanilla,True,0,20,0.007044635752521494,21.52141457453073,0.6204530906177372,12,0.002381373104919213,26.231725555765543,0.8424757315309301,15.0,none
val_images_circle,circle,test007.png,6,upright,0.0,False,321,321,80892.0,0.7850467562675476,blur,pnp_hqs,restormer,15.0,fixed15p0,0.2,0.5,0.0,0.15,vanilla,True,0,20,0.007044635752521494,21.52141457453073,0.6204530906177372,13,0.00236151660873352,26.2680899564902,0.8433019682107007,15.0,none
val_images_circle,circle,test007.png,6,upright,0.0,False,321,321,80892.0,0.7850467562675476,blur,pnp_hqs,restormer,15.0,fixed15p0,0.2,0.5,0.0,0.15,vanilla,True,0,20,0.007044635752521494,21.52141457453073,0.6204530906177372,14,0.002345829248628766,26.29703603080309,0.8438621286715621,15.0,none
val_images_circle,circle,test007.png,6,upright,0.0,False,321,321,80892.0,0.7850467562675476,blur,pnp_hqs,restormer,15.0,fixed15p0,0.2,0.5,0.0,0.15,vanilla,True,0,20,0.007044635752521494,21.52141457453073,0.6204530906177372,15,0.0023341527626751755,26.318707242050344,0.844221790319191,15.0,none
val_images_circle,circle,test007.png,6,upright,0.0,False,321,321,80892.0,0.7850467562675476,blur,pnp_hqs,restormer,15.0,fixed15p0,0.2,0.5,0.0,0.15,vanilla,True,0,20,0.007044635752521494,21.52141457453073,0.6204530906177372,16,0.0023250780726660433,26.335624595659507,0.8443975648086337,15.0,none
val_images_circle,circle,test007.png,6,upright,0.0,False,321,321,80892.0,0.7850467562675476,blur,pnp_hqs,restormer,15.0,fixed15p0,0.2,0.5,0.0,0.15,vanilla,True,0,20,0.007044635752521494,21.52141457453073,0.6204530906177372,17,0.0023184793613103545,26.34796765762967,0.8444256694110666,15.0,none
val_images_circle,circle,test007.png,6,upright,0.0,False,321,321,80892.0,0.7850467562675476,blur,pnp_hqs,restormer,15.0,fixed15p0,0.2,0.5,0.0,0.15,vanilla,True,0,20,0.007044635752521494,21.52141457453073,0.6204530906177372,18,0.002314158754037984,26.356068512452314,0.8443759310253177,15.0,none
val_images_circle,circle,test007.png,6,upright,0.0,False,321,321,80892.0,0.7850467562675476,blur,pnp_hqs,restormer,15.0,fixed15p0,0.2,0.5,0.0,0.15,vanilla,True,0,20,0.007044635752521494,21.52141457453073,0.6204530906177372,19,0.0023111338573682735,26.3617490011463,0.8442173476672601,15.0,none
val_images_circle,circle,test007.png,6,upright,0.0,False,321,321,80892.0,0.7850467562675476,blur,pnp_hqs,restormer,15.0,fixed15p0,0.2,0.5,0.0,0.15,vanilla,True,0,20,0.007044635752521494,21.52141457453073,0.6204530906177372,20,0.002309382224138357,26.36504181376331,0.8440114404081985,15.0,none
val_images_circle,circle,test007.png,6,upright,0.0,False,321,321,80892.0,0.7850467562675476,blur,pnp_hqs,restormer,15.0,fixed15p0,0.2,0.5,0.0,0.15,G16_fixed,True,16,20,0.007044635752521494,21.52141457453073,0.6204530906177372,1,0.004195884799282917,23.771764441492497,0.7190165108261632,15.0,0;22.5;45;67.5;90;112.5;135;157.5;180;202.5;225;247.5;270;292.5;315;337.5
val_images_circle,circle,test007.png,6,upright,0.0,False,321,321,80892.0,0.7850467562675476,blur,pnp_hqs,restormer,15.0,fixed15p0,0.2,0.5,0.0,0.15,G16_fixed,True,16,20,0.007044635752521494,21.52141457453073,0.6204530906177372,2,0.0035493631235117115,24.498495671584372,0.7539474411097513,15.0,0;22.5;45;67.5;90;112.5;135;157.5;180;202.5;225;247.5;270;292.5;315;337.5
val_images_circle,circle,test007.png,6,upright,0.0,False,321,321,80892.0,0.7850467562675476,blur,pnp_hqs,restormer,15.0,fixed15p0,0.2,0.5,0.0,0.15,G16_fixed,True,16,20,0.007044635752521494,21.52141457453073,0.6204530906177372,3,0.003253519325801493,24.876466092270306,0.767935806770138,15.0,0;22.5;45;67.5;90;112.5;135;157.5;180;202.5;225;247.5;270;292.5;315;337.5
val_images_circle,circle,test007.png,6,upright,0.0,False,321,321,80892.0,0.7850467562675476,blur,pnp_hqs,restormer,15.0,fixed15p0,0.2,0.5,0.0,0.15,G16_fixed,True,16,20,0.007044635752521494,21.52141457453073,0.6204530906177372,4,0.0030600459086507705,25.142720579222953,0.779681598999283,15.0,0;22.5;45;67.5;90;112.5;135;157.5;180;202.5;225;247.5;270;292.5;315;337.5
val_images_circle,circle,test007.png,6,upright,0.0,False,321,321,80892.0,0.7850467562675476,blur,pnp_hqs,restormer,15.0,fixed15p0,0.2,0.5,0.0,0.15,G16_fixed,True,16,20,0.007044635752521494,21.52141457453073,0.6204530906177372,5,0.0029679280339401223,25.275466340000232,0.7802078118046284,15.0,0;22.5;45;67.5;90;112.5;135;157.5;180;202.5;225;247.5;270;292.5;315;337.5
val_images_circle,circle,test007.png,6,upright,0.0,False,321,321,80892.0,0.7850467562675476,blur,pnp_hqs,restormer,15.0,fixed15p0,0.2,0.5,0.0,0.15,G16_fixed,True,16,20,0.007044635752521494,21.52141457453073,0.6204530906177372,6,0.0028692525695671,25.42231220753177,0.7868888359633833,15.0,0;22.5;45;67.5;90;112.5;135;157.5;180;202.5;225;247.5;270;292.5;315;337.5
val_images_circle,circle,test007.png,6,upright,0.0,False,321,321,80892.0,0.7850467562675476,blur,pnp_hqs,restormer,15.0,fixed15p0,0.2,0.5,0.0,0.15,G16_fixed,True,16,20,0.007044635752521494,21.52141457453073,0.6204530906177372,7,0.002860301621901154,25.435881676330595,0.7807432962313949,15.0,0;22.5;45;67.5;90;112.5;135;157.5;180;202.5;225;247.5;270;292.5;315;337.5
val_images_circle,circle,test007.png,6,upright,0.0,False,321,321,80892.0,0.7850467562675476,blur,pnp_hqs,restormer,15.0,fixed15p0,0.2,0.5,0.0,0.15,G16_fixed,True,16,20,0.007044635752521494,21.52141457453073,0.6204530906177372,8,0.0027795625724466146,25.56023544844559,0.7891627976963111,15.0,0;22.5;45;67.5;90;112.5;135;157.5;180;202.5;225;247.5;270;292.5;315;337.5
val_images_circle,circle,test007.png,6,upright,0.0,False,321,321,80892.0,0.7850467562675476,blur,pnp_hqs,restormer,15.0,fixed15p0,0.2,0.5,0.0,0.15,G16_fixed,True,16,20,0.007044635752521494,21.52141457453073,0.6204530906177372,9,0.002786268992457729,25.549769581558593,0.7830343042266231,15.0,0;22.5;45;67.5;90;112.5;135;157.5;180;202.5;225;247.5;270;292.5;315;337.5
val_images_circle,circle,test007.png,6,upright,0.0,False,321,321,80892.0,0.7850467562675476,blur,pnp_hqs,restormer,15.0,fixed15p0,0.2,0.5,0.0,0.15,G16_fixed,True,16,20,0.007044635752521494,21.52141457453073,0.6204530906177372,10,0.002710590552123607,25.669360797574075,0.7937723871025565,15.0,0;22.5;45;67.5;90;112.5;135;157.5;180;202.5;225;247.5;270;292.5;315;337.5
val_images_circle,circle,test007.png,6,upright,0.0,False,321,321,80892.0,0.7850467562675476,blur,pnp_hqs,restormer,15.0,fixed15p0,0.2,0.5,0.0,0.15,G16_fixed,True,16,20,0.007044635752521494,21.52141457453073,0.6204530906177372,11,0.002741946220539423,25.61941067545053,0.7837354223069031,15.0,0;22.5;45;67.5;90;112.5;135;157.5;180;202.5;225;247.5;270;292.5;315;337.5
val_images_circle,circle,test007.png,6,upright,0.0,False,321,321,80892.0,0.7850467562675476,blur,pnp_hqs,restormer,15.0,fixed15p0,0.2,0.5,0.0,0.15,G16_fixed,True,16,20,0.007044635752521494,21.52141457453073,0.6204530906177372,12,0.0026813945271333037,25.71639281372881,0.7937815138548929,15.0,0;22.5;45;67.5;90;112.5;135;157.5;180;202.5;225;247.5;270;292.5;315;337.5
val_images_circle,circle,test007.png,6,upright,0.0,False,321,321,80892.0,0.7850467562675476,blur,pnp_hqs,restormer,15.0,fixed15p0,0.2,0.5,0.0,0.15,G16_fixed,True,16,20,0.007044635752521494,21.52141457453073,0.6204530906177372,13,0.002717683478325557,25.658011258306477,0.7850684110449735,15.0,0;22.5;45;67.5;90;112.5;135;157.5;180;202.5;225;247.5;270;292.5;315;337.5
val_images_circle,circle,test007.png,6,upright,0.0,False,321,321,80892.0,0.7850467562675476,blur,pnp_hqs,restormer,15.0,fixed15p0,0.2,0.5,0.0,0.15,G16_fixed,True,16,20,0.007044635752521494,21.52141457453073,0.6204530906177372,14,0.0026609140375463,25.749691553705652,0.7937568378207981,15.0,0;22.5;45;67.5;90;112.5;135;157.5;180;202.5;225;247.5;270;292.5;315;337.5
val_images_circle,circle,test007.png,6,upright,0.0,False,321,321,80892.0,0.7850467562675476,blur,pnp_hqs,restormer,15.0,fixed15p0,0.2,0.5,0.0,0.15,G16_fixed,True,16,20,0.007044635752521494,21.52141457453073,0.6204530906177372,15,0.002687907976996431,25.70585603835017,0.7870908800468526,15.0,0;22.5;45;67.5;90;112.5;135;157.5;180;202.5;225;247.5;270;292.5;315;337.5
val_images_circle,circle,test007.png,6,upright,0.0,False,321,321,80892.0,0.7850467562675476,blur,pnp_hqs,restormer,15.0,fixed15p0,0.2,0.5,0.0,0.15,G16_fixed,True,16,20,0.007044635752521494,21.52141457453073,0.6204530906177372,16,0.0026264263297002097,25.806347764917096,0.7979800130884389,15.0,0;22.5;45;67.5;90;112.5;135;157.5;180;202.5;225;247.5;270;292.5;315;337.5
val_images_circle,circle,test007.png,6,upright,0.0,False,321,321,80892.0,0.7850467562675476,blur,pnp_hqs,restormer,15.0,fixed15p0,0.2,0.5,0.0,0.15,G16_fixed,True,16,20,0.007044635752521494,21.52141457453073,0.6204530906177372,17,0.0026764359677196913,25.724431424164194,0.7872233869696632,15.0,0;22.5;45;67.5;90;112.5;135;157.5;180;202.5;225;247.5;270;292.5;315;337.5
val_images_circle,circle,test007.png,6,upright,0.0,False,321,321,80892.0,0.7850467562675476,blur,pnp_hqs,restormer,15.0,fixed15p0,0.2,0.5,0.0,0.15,G16_fixed,True,16,20,0.007044635752521494,21.52141457453073,0.6204530906177372,18,0.002627891620129888,25.803925499760826,0.7962387832696682,15.0,0;22.5;45;67.5;90;112.5;135;157.5;180;202.5;225;247.5;270;292.5;315;337.5
val_images_circle,circle,test007.png,6,upright,0.0,False,321,321,80892.0,0.7850467562675476,blur,pnp_hqs,restormer,15.0,fixed15p0,0.2,0.5,0.0,0.15,G16_fixed,True,16,20,0.007044635752521494,21.52141457453073,0.6204530906177372,19,0.0026688375087742374,25.736778672731695,0.7880749274495624,15.0,0;22.5;45;67.5;90;112.5;135;157.5;180;202.5;225;247.5;270;292.5;315;337.5
val_images_circle,circle,test007.png,6,upright,0.0,False,321,321,80892.0,0.7850467562675476,blur,pnp_hqs,restormer,15.0,fixed15p0,0.2,0.5,0.0,0.15,G16_fixed,True,16,20,0.007044635752521494,21.52141457453073,0.6204530906177372,20,0.0026296766411566695,25.80097651356313,0.7944171511088859,15.0,0;22.5;45;67.5;90;112.5;135;157.5;180;202.5;225;247.5;270;292.5;315;337.5
val_images_circle,circle,test007.png,6,rot45_padded,45.0,False,321,321,80883.0,0.7849593758583069,blur,pnp_hqs,restormer,15.0,fixed15p0,0.2,0.5,0.0,0.15,vanilla,False,0,20,0.0075165425398897945,21.239818803042674,0.6092979210711769,1,0.004107902284153886,23.86379895638901,0.7366899757983755,15.0,none
val_images_circle,circle,test007.png,6,rot45_padded,45.0,False,321,321,80883.0,0.7849593758583069,blur,pnp_hqs,restormer,15.0,fixed15p0,0.2,0.5,0.0,0.15,vanilla,False,0,20,0.0075165425398897945,21.239818803042674,0.6092979210711769,2,0.0034375791888196145,24.637472885445867,0.7758093673886972,15.0,none
val_images_circle,circle,test007.png,6,rot45_padded,45.0,False,321,321,80883.0,0.7849593758583069,blur,pnp_hqs,restormer,15.0,fixed15p0,0.2,0.5,0.0,0.15,vanilla,False,0,20,0.0075165425398897945,21.239818803042674,0.6092979210711769,3,0.0031337296354185984,25.03938475292703,0.7941798937199411,15.0,none
val_images_circle,circle,test007.png,6,rot45_padded,45.0,False,321,321,80883.0,0.7849593758583069,blur,pnp_hqs,restormer,15.0,fixed15p0,0.2,0.5,0.0,0.15,vanilla,False,0,20,0.0075165425398897945,21.239818803042674,0.6092979210711769,4,0.0029503377920064707,25.301282576469166,0.8052154616853974,15.0,none
val_images_circle,circle,test007.png,6,rot45_padded,45.0,False,321,321,80883.0,0.7849593758583069,blur,pnp_hqs,restormer,15.0,fixed15p0,0.2,0.5,0.0,0.15,vanilla,False,0,20,0.0075165425398897945,21.239818803042674,0.6092979210711769,5,0.0028225745096915646,25.493545848429285,0.8127262140993781,15.0,none
val_images_circle,circle,test007.png,6,rot45_padded,45.0,False,321,321,80883.0,0.7849593758583069,blur,pnp_hqs,restormer,15.0,fixed15p0,0.2,0.5,0.0,0.15,vanilla,False,0,20,0.0075165425398897945,21.239818803042674,0.6092979210711769,6,0.0027305195820684857,25.637547045509635,0.8182078009285016,15.0,none
val_images_circle,circle,test007.png,6,rot45_padded,45.0,False,321,321,80883.0,0.7849593758583069,blur,pnp_hqs,restormer,15.0,fixed15p0,0.2,0.5,0.0,0.15,vanilla,False,0,20,0.0075165425398897945,21.239818803042674,0.6092979210711769,7,0.0026608335717298636,25.749822885977032,0.8223334554232657,15.0,none
val_images_circle,circle,test007.png,6,rot45_padded,45.0,False,321,321,80883.0,0.7849593758583069,blur,pnp_hqs,restormer,15.0,fixed15p0,0.2,0.5,0.0,0.15,vanilla,False,0,20,0.0075165425398897945,21.239818803042674,0.6092979210711769,8,0.0026070098501534433,25.83857327919049,0.8255583103062448,15.0,none
val_images_circle,circle,test007.png,6,rot45_padded,45.0,False,321,321,80883.0,0.7849593758583069,blur,pnp_hqs,restormer,15.0,fixed15p0,0.2,0.5,0.0,0.15,vanilla,False,0,20,0.0075165425398897945,21.239818803042674,0.6092979210711769,9,0.002563226031833791,25.912130949278005,0.8281618008419569,15.0,none
val_images_circle,circle,test007.png,6,rot45_padded,45.0,False,321,321,80883.0,0.7849593758583069,blur,pnp_hqs,restormer,15.0,fixed15p0,0.2,0.5,0.0,0.15,vanilla,False,0,20,0.0075165425398897945,21.239818803042674,0.6092979210711769,10,0.002528206825126649,25.97187400588606,0.8303117040972763,15.0,none
val_images_circle,circle,test007.png,6,rot45_padded,45.0,False,321,321,80883.0,0.7849593758583069,blur,pnp_hqs,restormer,15.0,fixed15p0,0.2,0.5,0.0,0.15,vanilla,False,0,20,0.0075165425398897945,21.239818803042674,0.6092979210711769,11,0.0024991613033182383,26.022057123088217,0.8320941784738449,15.0,none
val_images_circle,circle,test007.png,6,rot45_padded,45.0,False,321,321,80883.0,0.7849593758583069,blur,pnp_hqs,restormer,15.0,fixed15p0,0.2,0.5,0.0,0.15,vanilla,False,0,20,0.0075165425398897945,21.239818803042674,0.6092979210711769,12,0.0024748441705293063,26.06452141380842,0.833575098444667,15.0,none
val_images_circle,circle,test007.png,6,rot45_padded,45.0,False,321,321,80883.0,0.7849593758583069,blur,pnp_hqs,restormer,15.0,fixed15p0,0.2,0.5,0.0,0.15,vanilla,False,0,20,0.0075165425398897945,21.239818803042674,0.6092979210711769,13,0.002454297826110999,26.100727372942746,0.834870565353659,15.0,none
val_images_circle,circle,test007.png,6,rot45_padded,45.0,False,321,321,80883.0,0.7849593758583069,blur,pnp_hqs,restormer,15.0,fixed15p0,0.2,0.5,0.0,0.15,vanilla,False,0,20,0.0075165425398897945,21.239818803042674,0.6092979210711769,14,0.002437053091022005,26.131350096389344,0.8359714997280022,15.0,none
val_images_circle,circle,test007.png,6,rot45_padded,45.0,False,321,321,80883.0,0.7849593758583069,blur,pnp_hqs,restormer,15.0,fixed15p0,0.2,0.5,0.0,0.15,vanilla,False,0,20,0.0075165425398897945,21.239818803042674,0.6092979210711769,15,0.0024220246467964337,26.158214417407677,0.8369128671970624,15.0,none
val_images_circle,circle,test007.png,6,rot45_padded,45.0,False,321,321,80883.0,0.7849593758583069,blur,pnp_hqs,restormer,15.0,fixed15p0,0.2,0.5,0.0,0.15,vanilla,False,0,20,0.0075165425398897945,21.239818803042674,0.6092979210711769,16,0.002409547163164598,26.180645686357863,0.8377578377100255,15.0,none
val_images_circle,circle,test007.png,6,rot45_padded,45.0,False,321,321,80883.0,0.7849593758583069,blur,pnp_hqs,restormer,15.0,fixed15p0,0.2,0.5,0.0,0.15,vanilla,False,0,20,0.0075165425398897945,21.239818803042674,0.6092979210711769,17,0.002398268566869931,26.201021846322227,0.8384659399997527,15.0,none
val_images_circle,circle,test007.png,6,rot45_padded,45.0,False,321,321,80883.0,0.7849593758583069,blur,pnp_hqs,restormer,15.0,fixed15p0,0.2,0.5,0.0,0.15,vanilla,False,0,20,0.0075165425398897945,21.239818803042674,0.6092979210711769,18,0.002388479382931982,26.2187850314241,0.8390917474932927,15.0,none
val_images_circle,circle,test007.png,6,rot45_padded,45.0,False,321,321,80883.0,0.7849593758583069,blur,pnp_hqs,restormer,15.0,fixed15p0,0.2,0.5,0.0,0.15,vanilla,False,0,20,0.0075165425398897945,21.239818803042674,0.6092979210711769,19,0.0023804033533463267,26.23349446603017,0.8396379647144641,15.0,none
val_images_circle,circle,test007.png,6,rot45_padded,45.0,False,321,321,80883.0,0.7849593758583069,blur,pnp_hqs,restormer,15.0,fixed15p0,0.2,0.5,0.0,0.15,vanilla,False,0,20,0.0075165425398897945,21.239818803042674,0.6092979210711769,20,0.002372245259875279,26.248404124814133,0.8401393641123598,15.0,none
val_images_circle,circle,test007.png,6,rot45_padded,45.0,False,321,321,80883.0,0.7849593758583069,blur,pnp_hqs,restormer,15.0,fixed15p0,0.2,0.5,0.0,0.15,G16_fixed,False,16,20,0.0075165425398897945,21.239818803042674,0.6092979210711769,1,0.004119287469173258,23.85177899250358,0.7392761766996773,15.0,0;22.5;45;67.5;90;112.5;135;157.5;180;202.5;225;247.5;270;292.5;315;337.5
val_images_circle,circle,test007.png,6,rot45_padded,45.0,False,321,321,80883.0,0.7849593758583069,blur,pnp_hqs,restormer,15.0,fixed15p0,0.2,0.5,0.0,0.15,G16_fixed,False,16,20,0.0075165425398897945,21.239818803042674,0.6092979210711769,2,0.003451828497765484,24.619507901075707,0.780566479899979,15.0,0;22.5;45;67.5;90;112.5;135;157.5;180;202.5;225;247.5;270;292.5;315;337.5
val_images_circle,circle,test007.png,6,rot45_padded,45.0,False,321,321,80883.0,0.7849593758583069,blur,pnp_hqs,restormer,15.0,fixed15p0,0.2,0.5,0.0,0.15,G16_fixed,False,16,20,0.0075165425398897945,21.239818803042674,0.6092979210711769,3,0.003121888288388011,25.055826415057183,0.8002632853937168,15.0,0;22.5;45;67.5;90;112.5;135;157.5;180;202.5;225;247.5;270;292.5;315;337.5
val_images_circle,circle,test007.png,6,rot45_padded,45.0,False,321,321,80883.0,0.7849593758583069,blur,pnp_hqs,restormer,15.0,fixed15p0,0.2,0.5,0.0,0.15,G16_fixed,False,16,20,0.0075165425398897945,21.239818803042674,0.6092979210711769,4,0.0029195926988336935,25.346777310813607,0.8119697201513297,15.0,0;22.5;45;67.5;90;112.5;135;157.5;180;202.5;225;247.5;270;292.5;315;337.5
val_images_circle,circle,test007.png,6,rot45_padded,45.0,False,321,321,80883.0,0.7849593758583069,blur,pnp_hqs,restormer,15.0,fixed15p0,0.2,0.5,0.0,0.15,G16_fixed,False,16,20,0.0075165425398897945,21.239818803042674,0.6092979210711769,5,0.002781374666172415,25.557405053855998,0.8198100381106042,15.0,0;22.5;45;67.5;90;112.5;135;157.5;180;202.5;225;247.5;270;292.5;315;337.5
val_images_circle,circle,test007.png,6,rot45_padded,45.0,False,321,321,80883.0,0.7849593758583069,blur,pnp_hqs,restormer,15.0,fixed15p0,0.2,0.5,0.0,0.15,G16_fixed,False,16,20,0.0075165425398897945,21.239818803042674,0.6092979210711769,6,0.0026797216597054157,25.719103134084303,0.8254665496766935,15.0,0;22.5;45;67.5;90;112.5;135;157.5;180;202.5;225;247.5;270;292.5;315;337.5
val_images_circle,circle,test007.png,6,rot45_padded,45.0,False,321,321,80883.0,0.7849593758583069,blur,pnp_hqs,restormer,15.0,fixed15p0,0.2,0.5,0.0,0.15,G16_fixed,False,16,20,0.0075165425398897945,21.239818803042674,0.6092979210711769,7,0.002601043522706506,25.848523807863906,0.8297559244526044,15.0,0;22.5;45;67.5;90;112.5;135;157.5;180;202.5;225;247.5;270;292.5;315;337.5
val_images_circle,circle,test007.png,6,rot45_padded,45.0,False,321,321,80883.0,0.7849593758583069,blur,pnp_hqs,restormer,15.0,fixed15p0,0.2,0.5,0.0,0.15,G16_fixed,False,16,20,0.0075165425398897945,21.239818803042674,0.6092979210711769,8,0.0025383636930016774,25.954461527110606,0.8331126248717283,15.0,0;22.5;45;67.5;90;112.5;135;157.5;180;202.5;225;247.5;270;292.5;315;337.5
val_images_circle,circle,test007.png,6,rot45_padded,45.0,False,321,321,80883.0,0.7849593758583069,blur,pnp_hqs,restormer,15.0,fixed15p0,0.2,0.5,0.0,0.15,G16_fixed,False,16,20,0.0075165425398897945,21.239818803042674,0.6092979210711769,9,0.0024874752173857607,26.04241237418911,0.8357948363685818,15.0,0;22.5;45;67.5;90;112.5;135;157.5;180;202.5;225;247.5;270;292.5;315;337.5
val_images_circle,circle,test007.png,6,rot45_padded,45.0,False,321,321,80883.0,0.7849593758583069,blur,pnp_hqs,restormer,15.0,fixed15p0,0.2,0.5,0.0,0.15,G16_fixed,False,16,20,0.0075165425398897945,21.239818803042674,0.6092979210711769,10,0.0024455762272935907,26.116187959066785,0.8379713985015392,15.0,0;22.5;45;67.5;90;112.5;135;157.5;180;202.5;225;247.5;270;292.5;315;337.5
val_images_circle,circle,test007.png,6,rot45_padded,45.0,False,321,321,80883.0,0.7849593758583069,blur,pnp_hqs,restormer,15.0,fixed15p0,0.2,0.5,0.0,0.15,G16_fixed,False,16,20,0.0075165425398897945,21.239818803042674,0.6092979210711769,11,0.002410658138385461,26.17864373670505,0.8397591853356082,15.0,0;22.5;45;67.5;90;112.5;135;157.5;180;202.5;225;247.5;270;292.5;315;337.5
val_images_circle,circle,test007.png,6,rot45_padded,45.0,False,321,321,80883.0,0.7849593758583069,blur,pnp_hqs,restormer,15.0,fixed15p0,0.2,0.5,0.0,0.15,G16_fixed,False,16,20,0.0075165425398897945,21.239818803042674,0.6092979210711769,12,0.0023812720986158245,26.231909766339,0.8412428098302487,15.0,0;22.5;45;67.5;90;112.5;135;157.5;180;202.5;225;247.5;270;292.5;315;337.5
val_images_circle,circle,test007.png,6,rot45_padded,45.0,False,321,321,80883.0,0.7849593758583069,blur,pnp_hqs,restormer,15.0,fixed15p0,0.2,0.5,0.0,0.15,G16_fixed,False,16,20,0.0075165425398897945,21.239818803042674,0.6092979210711769,13,0.002356327129940489,26.277644164037422,0.842485635114919,15.0,0;22.5;45;67.5;90;112.5;135;157.5;180;202.5;225;247.5;270;292.5;315;337.5
val_images_circle,circle,test007.png,6,rot45_padded,45.0,False,321,321,80883.0,0.7849593758583069,blur,pnp_hqs,restormer,15.0,fixed15p0,0.2,0.5,0.0,0.15,G16_fixed,False,16,20,0.0075165425398897945,21.239818803042674,0.6092979210711769,14,0.002334986746686282,26.317155801331364,0.8435351835367135,15.0,0;22.5;45;67.5;90;112.5;135;157.5;180;202.5;225;247.5;270;292.5;315;337.5
val_images_circle,circle,test007.png,6,rot45_padded,45.0,False,321,321,80883.0,0.7849593758583069,blur,pnp_hqs,restormer,15.0,fixed15p0,0.2,0.5,0.0,0.15,G16_fixed,False,16,20,0.0075165425398897945,21.239818803042674,0.6092979210711769,15,0.0023165934945070157,26.351501675829454,0.8444282559375889,15.0,0;22.5;45;67.5;90;112.5;135;157.5;180;202.5;225;247.5;270;292.5;315;337.5
val_images_circle,circle,test007.png,6,rot45_padded,45.0,False,321,321,80883.0,0.7849593758583069,blur,pnp_hqs,restormer,15.0,fixed15p0,0.2,0.5,0.0,0.15,G16_fixed,False,16,20,0.0075165425398897945,21.239818803042674,0.6092979210711769,16,0.0023006412184497977,26.381511036245037,0.8451935395880469,15.0,0;22.5;45;67.5;90;112.5;135;157.5;180;202.5;225;247.5;270;292.5;315;337.5
val_images_circle,circle,test007.png,6,rot45_padded,45.0,False,321,321,80883.0,0.7849593758583069,blur,pnp_hqs,restormer,15.0,fixed15p0,0.2,0.5,0.0,0.15,G16_fixed,False,16,20,0.0075165425398897945,21.239818803042674,0.6092979210711769,17,0.002286721108308548,26.407867993234643,0.8458531536293165,15.0,0;22.5;45;67.5;90;112.5;135;157.5;180;202.5;225;247.5;270;292.5;315;337.5
val_images_circle,circle,test007.png,6,rot45_padded,45.0,False,321,321,80883.0,0.7849593758583069,blur,pnp_hqs,restormer,15.0,fixed15p0,0.2,0.5,0.0,0.15,G16_fixed,False,16,20,0.0075165425398897945,21.239818803042674,0.6092979210711769,18,0.0022745107567726107,26.431120049338542,0.8464251604168985,15.0,0;22.5;45;67.5;90;112.5;135;157.5;180;202.5;225;247.5;270;292.5;315;337.5
val_images_circle,circle,test007.png,6,rot45_padded,45.0,False,321,321,80883.0,0.7849593758583069,blur,pnp_hqs,restormer,15.0,fixed15p0,0.2,0.5,0.0,0.15,G16_fixed,False,16,20,0.0075165425398897945,21.239818803042674,0.6092979210711769,19,0.002263752653029202,26.45171027701511,0.8469243382416577,15.0,0;22.5;45;67.5;90;112.5;135;157.5;180;202.5;225;247.5;270;292.5;315;337.5
val_images_circle,circle,test007.png,6,rot45_padded,45.0,False,321,321,80883.0,0.7849593758583069,blur,pnp_hqs,restormer,15.0,fixed15p0,0.2,0.5,0.0,0.15,G16_fixed,False,16,20,0.0075165425398897945,21.239818803042674,0.6092979210711769,20,0.002254243995522468,26.46999078452279,0.8473619881495493,15.0,0;22.5;45;67.5;90;112.5;135;157.5;180;202.5;225;247.5;270;292.5;315;337.5
val_images_circle,circle,test008.png,7,upright,0.0,False,321,321,80892.0,0.7850467562675476,blur,pnp_hqs,restormer,15.0,fixed15p0,0.2,0.5,0.0,0.15,vanilla,True,0,20,0.009594597236660842,20.17973251420122,0.4736987762232359,1,0.007213109443716236,21.41877478257536,0.5873081547000939,15.0,none
val_images_circle,circle,test008.png,7,upright,0.0,False,321,321,80892.0,0.7850467562675476,blur,pnp_hqs,restormer,15.0,fixed15p0,0.2,0.5,0.0,0.15,vanilla,True,0,20,0.009594597236660842,20.17973251420122,0.4736987762232359,2,0.006613042831703846,21.79598664425552,0.633750189295604,15.0,none
val_images_circle,circle,test008.png,7,upright,0.0,False,321,321,80892.0,0.7850467562675476,blur,pnp_hqs,restormer,15.0,fixed15p0,0.2,0.5,0.0,0.15,vanilla,True,0,20,0.009594597236660842,20.17973251420122,0.4736987762232359,3,0.0062797590526518,22.0205701933784,0.658160823227266,15.0,none
val_images_circle,circle,test008.png,7,upright,0.0,False,321,321,80892.0,0.7850467562675476,blur,pnp_hqs,restormer,15.0,fixed15p0,0.2,0.5,0.0,0.15,vanilla,True,0,20,0.009594597236660842,20.17973251420122,0.4736987762232359,4,0.006069004715464562,22.168825250734734,0.6734476504938683,15.0,none
val_images_circle,circle,test008.png,7,upright,0.0,False,321,321,80892.0,0.7850467562675476,blur,pnp_hqs,restormer,15.0,fixed15p0,0.2,0.5,0.0,0.15,vanilla,True,0,20,0.009594597236660842,20.17973251420122,0.4736987762232359,5,0.0059209319113128845,22.27609933126937,0.6844705942800277,15.0,none
val_images_circle,circle,test008.png,7,upright,0.0,False,321,321,80892.0,0.7850467562675476,blur,pnp_hqs,restormer,15.0,fixed15p0,0.2,0.5,0.0,0.15,vanilla,True,0,20,0.009594597236660842,20.17973251420122,0.4736987762232359,6,0.005806347256049153,22.360969941887873,0.6930247274143302,15.0,none
val_images_circle,circle,test008.png,7,upright,0.0,False,321,321,80892.0,0.7850467562675476,blur,pnp_hqs,restormer,15.0,fixed15p0,0.2,0.5,0.0,0.15,vanilla,True,0,20,0.009594597236660842,20.17973251420122,0.4736987762232359,7,0.005712212532049871,22.431956423069256,0.6998825884358156,15.0,none
val_images_circle,circle,test008.png,7,upright,0.0,False,321,321,80892.0,0.7850467562675476,blur,pnp_hqs,restormer,15.0,fixed15p0,0.2,0.5,0.0,0.15,vanilla,True,0,20,0.009594597236660842,20.17973251420122,0.4736987762232359,8,0.005630064215757005,22.49486651615817,0.705577440445285,15.0,none
val_images_circle,circle,test008.png,7,upright,0.0,False,321,321,80892.0,0.7850467562675476,blur,pnp_hqs,restormer,15.0,fixed15p0,0.2,0.5,0.0,0.15,vanilla,True,0,20,0.009594597236660842,20.17973251420122,0.4736987762232359,9,0.005558206131637129,22.550653510144713,0.7103547399619246,15.0,none
val_images_circle,circle,test008.png,7,upright,0.0,False,321,321,80892.0,0.7850467562675476,blur,pnp_hqs,restormer,15.0,fixed15p0,0.2,0.5,0.0,0.15,vanilla,True,0,20,0.009594597236660842,20.17973251420122,0.4736987762232359,10,0.005497348666373838,22.59846717267471,0.7142730140959551,15.0,none
val_images_circle,circle,test008.png,7,upright,0.0,False,321,321,80892.0,0.7850467562675476,blur,pnp_hqs,restormer,15.0,fixed15p0,0.2,0.5,0.0,0.15,vanilla,True,0,20,0.009594597236660842,20.17973251420122,0.4736987762232359,11,0.005441793258705473,22.64257961694249,0.7176378883264105,15.0,none
val_images_circle,circle,test008.png,7,upright,0.0,False,321,321,80892.0,0.7850467562675476,blur,pnp_hqs,restormer,15.0,fixed15p0,0.2,0.5,0.0,0.15,vanilla,True,0,20,0.009594597236660842,20.17973251420122,0.4736987762232359,12,0.005395757334407876,22.679475902635524,0.7204199059394006,15.0,none
val_images_circle,circle,test008.png,7,upright,0.0,False,321,321,80892.0,0.7850467562675476,blur,pnp_hqs,restormer,15.0,fixed15p0,0.2,0.5,0.0,0.15,vanilla,True,0,20,0.009594597236660842,20.17973251420122,0.4736987762232359,13,0.0053560737685693196,22.711534501324017,0.7227427851332641,15.0,none
val_images_circle,circle,test008.png,7,upright,0.0,False,321,321,80892.0,0.7850467562675476,blur,pnp_hqs,restormer,15.0,fixed15p0,0.2,0.5,0.0,0.15,vanilla,True,0,20,0.009594597236660842,20.17973251420122,0.4736987762232359,14,0.005323446911661536,22.738070725984,0.7246444816081936,15.0,none
val_images_circle,circle,test008.png,7,upright,0.0,False,321,321,80892.0,0.7850467562675476,blur,pnp_hqs,restormer,15.0,fixed15p0,0.2,0.5,0.0,0.15,vanilla,True,0,20,0.009594597236660842,20.17973251420122,0.4736987762232359,15,0.005296879656937452,22.759798939554177,0.7261926975164417,15.0,none
val_images_circle,circle,test008.png,7,upright,0.0,False,321,321,80892.0,0.7850467562675476,blur,pnp_hqs,restormer,15.0,fixed15p0,0.2,0.5,0.0,0.15,vanilla,True,0,20,0.009594597236660842,20.17973251420122,0.4736987762232359,16,0.005274651684016188,22.778062140784773,0.7274452839125006,15.0,none
val_images_circle,circle,test008.png,7,upright,0.0,False,321,321,80892.0,0.7850467562675476,blur,pnp_hqs,restormer,15.0,fixed15p0,0.2,0.5,0.0,0.15,vanilla,True,0,20,0.009594597236660842,20.17973251420122,0.4736987762232359,17,0.0052562352016229975,22.793252095666965,0.7284545385359492,15.0,none
val_images_circle,circle,test008.png,7,upright,0.0,False,321,321,80892.0,0.7850467562675476,blur,pnp_hqs,restormer,15.0,fixed15p0,0.2,0.5,0.0,0.15,vanilla,True,0,20,0.009594597236660842,20.17973251420122,0.4736987762232359,18,0.005241955787935225,22.805066463304215,0.7292106102890273,15.0,none
val_images_circle,circle,test008.png,7,upright,0.0,False,321,321,80892.0,0.7850467562675476,blur,pnp_hqs,restormer,15.0,fixed15p0,0.2,0.5,0.0,0.15,vanilla,True,0,20,0.009594597236660842,20.17973251420122,0.4736987762232359,19,0.0052296675696356714,22.815259167276327,0.7298265453475004,15.0,none
val_images_circle,circle,test008.png,7,upright,0.0,False,321,321,80892.0,0.7850467562675476,blur,pnp_hqs,restormer,15.0,fixed15p0,0.2,0.5,0.0,0.15,vanilla,True,0,20,0.009594597236660842,20.17973251420122,0.4736987762232359,20,0.005219899092525566,22.823378923967628,0.7302687823734114,15.0,none
val_images_circle,circle,test008.png,7,upright,0.0,False,321,321,80892.0,0.7850467562675476,blur,pnp_hqs,restormer,15.0,fixed15p0,0.2,0.5,0.0,0.15,G16_fixed,True,16,20,0.009594597236660842,20.17973251420122,0.4736987762232359,1,0.007398416620743167,21.308612162761996,0.5652995950619344,15.0,0;22.5;45;67.5;90;112.5;135;157.5;180;202.5;225;247.5;270;292.5;315;337.5
val_images_circle,circle,test008.png,7,upright,0.0,False,321,321,80892.0,0.7850467562675476,blur,pnp_hqs,restormer,15.0,fixed15p0,0.2,0.5,0.0,0.15,G16_fixed,True,16,20,0.009594597236660842,20.17973251420122,0.4736987762232359,2,0.006791618123450867,21.68026741424374,0.6044436563566237,15.0,0;22.5;45;67.5;90;112.5;135;157.5;180;202.5;225;247.5;270;292.5;315;337.5
val_images_circle,circle,test008.png,7,upright,0.0,False,321,321,80892.0,0.7850467562675476,blur,pnp_hqs,restormer,15.0,fixed15p0,0.2,0.5,0.0,0.15,G16_fixed,True,16,20,0.009594597236660842,20.17973251420122,0.4736987762232359,3,0.006498182774273878,21.87208077425902,0.6226767827782723,15.0,0;22.5;45;67.5;90;112.5;135;157.5;180;202.5;225;247.5;270;292.5;315;337.5
val_images_circle,circle,test008.png,7,upright,0.0,False,321,321,80892.0,0.7850467562675476,blur,pnp_hqs,restormer,15.0,fixed15p0,0.2,0.5,0.0,0.15,G16_fixed,True,16,20,0.009594597236660842,20.17973251420122,0.4736987762232359,4,0.006305643083645671,22.00270615127918,0.6346503574982693,15.0,0;22.5;45;67.5;90;112.5;135;157.5;180;202.5;225;247.5;270;292.5;315;337.5
val_images_circle,circle,test008.png,7,upright,0.0,False,321,321,80892.0,0.7850467562675476,blur,pnp_hqs,restormer,15.0,fixed15p0,0.2,0.5,0.0,0.15,G16_fixed,True,16,20,0.009594597236660842,20.17973251420122,0.4736987762232359,5,0.006200891417506328,22.075458734249743,0.6408608468699006,15.0,0;22.5;45;67.5;90;112.5;135;157.5;180;202.5;225;247.5;270;292.5;315;337.5
val_images_circle,circle,test008.png,7,upright,0.0,False,321,321,80892.0,0.7850467562675476,blur,pnp_hqs,restormer,15.0,fixed15p0,0.2,0.5,0.0,0.15,G16_fixed,True,16,20,0.009594597236660842,20.17973251420122,0.4736987762232359,6,0.006085078770391773,22.1573379552347,0.6487768799757702,15.0,0;22.5;45;67.5;90;112.5;135;157.5;180;202.5;225;247.5;270;292.5;315;337.5
val_images_circle,circle,test008.png,7,upright,0.0,False,321,321,80892.0,0.7850467562675476,blur,pnp_hqs,restormer,15.0,fixed15p0,0.2,0.5,0.0,0.15,G16_fixed,True,16,20,0.009594597236660842,20.17973251420122,0.4736987762232359,7,0.006047851188254865,22.18398903504677,0.6489501916907728,15.0,0;22.5;45;67.5;90;112.5;135;157.5;180;202.5;225;247.5;270;292.5;315;337.5
val_images_circle,circle,test008.png,7,upright,0.0,False,321,321,80892.0,0.7850467562675476,blur,pnp_hqs,restormer,15.0,fixed15p0,0.2,0.5,0.0,0.15,G16_fixed,True,16,20,0.009594597236660842,20.17973251420122,0.4736987762232359,8,0.00595854656553549,22.248596623312853,0.6563588449723088,15.0,0;22.5;45;67.5;90;112.5;135;157.5;180;202.5;225;247.5;270;292.5;315;337.5
val_images_circle,circle,test008.png,7,upright,0.0,False,321,321,80892.0,0.7850467562675476,blur,pnp_hqs,restormer,15.0,fixed15p0,0.2,0.5,0.0,0.15,G16_fixed,True,16,20,0.009594597236660842,20.17973251420122,0.4736987762232359,9,0.005972017126833656,22.238789554549353,0.652161746139915,15.0,0;22.5;45;67.5;90;112.5;135;157.5;180;202.5;225;247.5;270;292.5;315;337.5
val_images_circle,circle,test008.png,7,upright,0.0,False,321,321,80892.0,0.7850467562675476,blur,pnp_hqs,restormer,15.0,fixed15p0,0.2,0.5,0.0,0.15,G16_fixed,True,16,20,0.009594597236660842,20.17973251420122,0.4736987762232359,10,0.005902287561921876,22.289796353115655,0.6582791329797755,15.0,0;22.5;45;67.5;90;112.5;135;157.5;180;202.5;225;247.5;270;292.5;315;337.5
val_images_circle,circle,test008.png,7,upright,0.0,False,321,321,80892.0,0.7850467562675476,blur,pnp_hqs,restormer,15.0,fixed15p0,0.2,0.5,0.0,0.15,G16_fixed,True,16,20,0.009594597236660842,20.17973251420122,0.4736987762232359,11,0.005937122917844935,22.264239596659607,0.6525519751644168,15.0,0;22.5;45;67.5;90;112.5;135;157.5;180;202.5;225;247.5;270;292.5;315;337.5
val_images_circle,circle,test008.png,7,upright,0.0,False,321,321,80892.0,0.7850467562675476,blur,pnp_hqs,restormer,15.0,fixed15p0,0.2,0.5,0.0,0.15,G16_fixed,True,16,20,0.009594597236660842,20.17973251420122,0.4736987762232359,12,0.005866387191868286,22.31629276210148,0.6598234374227365,15.0,0;22.5;45;67.5;90;112.5;135;157.5;180;202.5;225;247.5;270;292.5;315;337.5
val_images_circle,circle,test008.png,7,upright,0.0,False,321,321,80892.0,0.7850467562675476,blur,pnp_hqs,restormer,15.0,fixed15p0,0.2,0.5,0.0,0.15,G16_fixed,True,16,20,0.009594597236660842,20.17973251420122,0.4736987762232359,13,0.005910976311635035,22.283407810921215,0.6529229848903476,15.0,0;22.5;45;67.5;90;112.5;135;157.5;180;202.5;225;247.5;270;292.5;315;337.5
val_images_circle,circle,test008.png,7,upright,0.0,False,321,321,80892.0,0.7850467562675476,blur,pnp_hqs,restormer,15.0,fixed15p0,0.2,0.5,0.0,0.15,G16_fixed,True,16,20,0.009594597236660842,20.17973251420122,0.4736987762232359,14,0.005849623876999,22.32872057575131,0.66013901057892,15.0,0;22.5;45;67.5;90;112.5;135;157.5;180;202.5;225;247.5;270;292.5;315;337.5
val_images_circle,circle,test008.png,7,upright,0.0,False,321,321,80892.0,0.7850467562675476,blur,pnp_hqs,restormer,15.0,fixed15p0,0.2,0.5,0.0,0.15,G16_fixed,True,16,20,0.009594597236660842,20.17973251420122,0.4736987762232359,15,0.005907994045711604,22.285599510574304,0.6518941729404638,15.0,0;22.5;45;67.5;90;112.5;135;157.5;180;202.5;225;247.5;270;292.5;315;337.5
val_images_circle,circle,test008.png,7,upright,0.0,False,321,321,80892.0,0.7850467562675476,blur,pnp_hqs,restormer,15.0,fixed15p0,0.2,0.5,0.0,0.15,G16_fixed,True,16,20,0.009594597236660842,20.17973251420122,0.4736987762232359,16,0.005845783337201338,22.331572849761198,0.6585206780336745,15.0,0;22.5;45;67.5;90;112.5;135;157.5;180;202.5;225;247.5;270;292.5;315;337.5
val_images_circle,circle,test008.png,7,upright,0.0,False,321,321,80892.0,0.7850467562675476,blur,pnp_hqs,restormer,15.0,fixed15p0,0.2,0.5,0.0,0.15,G16_fixed,True,16,20,0.009594597236660842,20.17973251420122,0.4736987762232359,17,0.005872101975449326,22.312064110295914,0.6555493165269742,15.0,0;22.5;45;67.5;90;112.5;135;157.5;180;202.5;225;247.5;270;292.5;315;337.5
val_images_circle,circle,test008.png,7,upright,0.0,False,321,321,80892.0,0.7850467562675476,blur,pnp_hqs,restormer,15.0,fixed15p0,0.2,0.5,0.0,0.15,G16_fixed,True,16,20,0.009594597236660842,20.17973251420122,0.4736987762232359,18,0.005810377936520492,22.357956179698878,0.6628835070989715,15.0,0;22.5;45;67.5;90;112.5;135;157.5;180;202.5;225;247.5;270;292.5;315;337.5
val_images_circle,circle,test008.png,7,upright,0.0,False,321,321,80892.0,0.7850467562675476,blur,pnp_hqs,restormer,15.0,fixed15p0,0.2,0.5,0.0,0.15,G16_fixed,True,16,20,0.009594597236660842,20.17973251420122,0.4736987762232359,19,0.005875008411461231,22.309915072607225,0.6542923840583741,15.0,0;22.5;45;67.5;90;112.5;135;157.5;180;202.5;225;247.5;270;292.5;315;337.5
val_images_circle,circle,test008.png,7,upright,0.0,False,321,321,80892.0,0.7850467562675476,blur,pnp_hqs,restormer,15.0,fixed15p0,0.2,0.5,0.0,0.15,G16_fixed,True,16,20,0.009594597236660842,20.17973251420122,0.4736987762232359,20,0.005837989078633587,22.33736721799804,0.657875479420091,15.0,0;22.5;45;67.5;90;112.5;135;157.5;180;202.5;225;247.5;270;292.5;315;337.5
val_images_circle,circle,test008.png,7,rot45_padded,45.0,False,321,321,80883.0,0.7849593758583069,blur,pnp_hqs,restormer,15.0,fixed15p0,0.2,0.5,0.0,0.15,vanilla,False,0,20,0.009451114687602385,20.245169667155505,0.4890355706699801,1,0.007197809427467762,21.42799656112505,0.5866682043816377,15.0,none
val_images_circle,circle,test008.png,7,rot45_padded,45.0,False,321,321,80883.0,0.7849593758583069,blur,pnp_hqs,restormer,15.0,fixed15p0,0.2,0.5,0.0,0.15,vanilla,False,0,20,0.009451114687602385,20.245169667155505,0.4890355706699801,2,0.006607397691244607,21.7996955274743,0.6318435560470061,15.0,none
val_images_circle,circle,test008.png,7,rot45_padded,45.0,False,321,321,80883.0,0.7849593758583069,blur,pnp_hqs,restormer,15.0,fixed15p0,0.2,0.5,0.0,0.15,vanilla,False,0,20,0.009451114687602385,20.245169667155505,0.4890355706699801,3,0.006289927796699786,22.013543398766448,0.6559071050158871,15.0,none
val_images_circle,circle,test008.png,7,rot45_padded,45.0,False,321,321,80883.0,0.7849593758583069,blur,pnp_hqs,restormer,15.0,fixed15p0,0.2,0.5,0.0,0.15,vanilla,False,0,20,0.009451114687602385,20.245169667155505,0.4890355706699801,4,0.006074884195670753,22.164619965215078,0.6715590536639343,15.0,none
val_images_circle,circle,test008.png,7,rot45_padded,45.0,False,321,321,80883.0,0.7849593758583069,blur,pnp_hqs,restormer,15.0,fixed15p0,0.2,0.5,0.0,0.15,vanilla,False,0,20,0.009451114687602385,20.245169667155505,0.4890355706699801,5,0.005916892162376905,22.279063458339273,0.6827564101078101,15.0,none
val_images_circle,circle,test008.png,7,rot45_padded,45.0,False,321,321,80883.0,0.7849593758583069,blur,pnp_hqs,restormer,15.0,fixed15p0,0.2,0.5,0.0,0.15,vanilla,False,0,20,0.009451114687602385,20.245169667155505,0.4890355706699801,6,0.005797439970799836,22.367637395395406,0.6912557625675358,15.0,none
val_images_circle,circle,test008.png,7,rot45_padded,45.0,False,321,321,80883.0,0.7849593758583069,blur,pnp_hqs,restormer,15.0,fixed15p0,0.2,0.5,0.0,0.15,vanilla,False,0,20,0.009451114687602385,20.245169667155505,0.4890355706699801,7,0.005703398531192432,22.43866280554027,0.6981379063740217,15.0,none
val_images_circle,circle,test008.png,7,rot45_padded,45.0,False,321,321,80883.0,0.7849593758583069,blur,pnp_hqs,restormer,15.0,fixed15p0,0.2,0.5,0.0,0.15,vanilla,False,0,20,0.009451114687602385,20.245169667155505,0.4890355706699801,8,0.005617218245847783,22.50478702147346,0.7039931521456919,15.0,none
val_images_circle,circle,test008.png,7,rot45_padded,45.0,False,321,321,80883.0,0.7849593758583069,blur,pnp_hqs,restormer,15.0,fixed15p0,0.2,0.5,0.0,0.15,vanilla,False,0,20,0.009451114687602385,20.245169667155505,0.4890355706699801,9,0.005542271468823988,22.56312205633393,0.708893459534142,15.0,none
val_images_circle,circle,test008.png,7,rot45_padded,45.0,False,321,321,80883.0,0.7849593758583069,blur,pnp_hqs,restormer,15.0,fixed15p0,0.2,0.5,0.0,0.15,vanilla,False,0,20,0.009451114687602385,20.245169667155505,0.4890355706699801,10,0.005478561218562808,22.61333481092536,0.7129721229275621,15.0,none
val_images_circle,circle,test008.png,7,rot45_padded,45.0,False,321,321,80883.0,0.7849593758583069,blur,pnp_hqs,restormer,15.0,fixed15p0,0.2,0.5,0.0,0.15,vanilla,False,0,20,0.009451114687602385,20.245169667155505,0.4890355706699801,11,0.005422265770488893,22.658191994394077,0.7164020386700543,15.0,none
val_images_circle,circle,test008.png,7,rot45_padded,45.0,False,321,321,80883.0,0.7849593758583069,blur,pnp_hqs,restormer,15.0,fixed15p0,0.2,0.5,0.0,0.15,vanilla,False,0,20,0.009451114687602385,20.245169667155505,0.4890355706699801,12,0.005376401302532478,22.69508322362922,0.719252751659805,15.0,none
val_images_circle,circle,test008.png,7,rot45_padded,45.0,False,321,321,80883.0,0.7849593758583069,blur,pnp_hqs,restormer,15.0,fixed15p0,0.2,0.5,0.0,0.15,vanilla,False,0,20,0.009451114687602385,20.245169667155505,0.4890355706699801,13,0.005338096521967881,22.72613577686194,0.7215678240483167,15.0,none
val_images_circle,circle,test008.png,7,rot45_padded,45.0,False,321,321,80883.0,0.7849593758583069,blur,pnp_hqs,restormer,15.0,fixed15p0,0.2,0.5,0.0,0.15,vanilla,False,0,20,0.009451114687602385,20.245169667155505,0.4890355706699801,14,0.0053067684922299034,22.751698580536978,0.7234716156361658,15.0,none
val_images_circle,circle,test008.png,7,rot45_padded,45.0,False,321,321,80883.0,0.7849593758583069,blur,pnp_hqs,restormer,15.0,fixed15p0,0.2,0.5,0.0,0.15,vanilla,False,0,20,0.009451114687602385,20.245169667155505,0.4890355706699801,15,0.005281908983186942,22.772090867414082,0.7249741235024665,15.0,none
val_images_circle,circle,test008.png,7,rot45_padded,45.0,False,321,321,80883.0,0.7849593758583069,blur,pnp_hqs,restormer,15.0,fixed15p0,0.2,0.5,0.0,0.15,vanilla,False,0,20,0.009451114687602385,20.245169667155505,0.4890355706699801,16,0.0052602218564353756,22.789959385470656,0.7262133266570231,15.0,none
val_images_circle,circle,test008.png,7,rot45_padded,45.0,False,321,321,80883.0,0.7849593758583069,blur,pnp_hqs,restormer,15.0,fixed15p0,0.2,0.5,0.0,0.15,vanilla,False,0,20,0.009451114687602385,20.245169667155505,0.4890355706699801,17,0.005243067297294008,22.804145678716544,0.727178889955244,15.0,none
val_images_circle,circle,test008.png,7,rot45_padded,45.0,False,321,321,80883.0,0.7849593758583069,blur,pnp_hqs,restormer,15.0,fixed15p0,0.2,0.5,0.0,0.15,vanilla,False,0,20,0.009451114687602385,20.245169667155505,0.4890355706699801,18,0.005229046258006356,22.81577516229621,0.7279324379041331,15.0,none
val_images_circle,circle,test008.png,7,rot45_padded,45.0,False,321,321,80883.0,0.7849593758583069,blur,pnp_hqs,restormer,15.0,fixed15p0,0.2,0.5,0.0,0.15,vanilla,False,0,20,0.009451114687602385,20.245169667155505,0.4890355706699801,19,0.0052175754247020005,22.825312641034063,0.7284945442027373,15.0,none
val_images_circle,circle,test008.png,7,rot45_padded,45.0,False,321,321,80883.0,0.7849593758583069,blur,pnp_hqs,restormer,15.0,fixed15p0,0.2,0.5,0.0,0.15,vanilla,False,0,20,0.009451114687602385,20.245169667155505,0.4890355706699801,20,0.005207941690514771,22.83333886887914,0.7289016233324679,15.0,none
val_images_circle,circle,test008.png,7,rot45_padded,45.0,False,321,321,80883.0,0.7849593758583069,blur,pnp_hqs,restormer,15.0,fixed15p0,0.2,0.5,0.0,0.15,G16_fixed,False,16,20,0.009451114687602385,20.245169667155505,0.4890355706699801,1,0.007231112650033459,21.407948727481248,0.5881082667247753,15.0,0;22.5;45;67.5;90;112.5;135;157.5;180;202.5;225;247.5;270;292.5;315;337.5
val_images_circle,circle,test008.png,7,rot45_padded,45.0,False,321,321,80883.0,0.7849593758583069,blur,pnp_hqs,restormer,15.0,fixed15p0,0.2,0.5,0.0,0.15,G16_fixed,False,16,20,0.009451114687602385,20.245169667155505,0.4890355706699801,2,0.006613254222872467,21.79584782079241,0.635280426279317,15.0,0;22.5;45;67.5;90;112.5;135;157.5;180;202.5;225;247.5;270;292.5;315;337.5
val_images_circle,circle,test008.png,7,rot45_padded,45.0,False,321,321,80883.0,0.7849593758583069,blur,pnp_hqs,restormer,15.0,fixed15p0,0.2,0.5,0.0,0.15,G16_fixed,False,16,20,0.009451114687602385,20.245169667155505,0.4890355706699801,3,0.006251476999014974,22.040173623775345,0.6605894567616186,15.0,0;22.5;45;67.5;90;112.5;135;157.5;180;202.5;225;247.5;270;292.5;315;337.5
val_images_circle,circle,test008.png,7,rot45_padded,45.0,False,321,321,80883.0,0.7849593758583069,blur,pnp_hqs,restormer,15.0,fixed15p0,0.2,0.5,0.0,0.15,G16_fixed,False,16,20,0.009451114687602385,20.245169667155505,0.4890355706699801,4,0.006008556956402304,22.21229817701409,0.6769376754076877,15.0,0;22.5;45;67.5;90;112.5;135;157.5;180;202.5;225;247.5;270;292.5;315;337.5
val_images_circle,circle,test008.png,7,rot45_padded,45.0,False,321,321,80883.0,0.7849593758583069,blur,pnp_hqs,restormer,15.0,fixed15p0,0.2,0.5,0.0,0.15,G16_fixed,False,16,20,0.009451114687602385,20.245169667155505,0.4890355706699801,5,0.005838351175825537,22.33709785823462,0.6883607147051914,15.0,0;22.5;45;67.5;90;112.5;135;157.5;180;202.5;225;247.5;270;292.5;315;337.5
val_images_circle,circle,test008.png,7,rot45_padded,45.0,False,321,321,80883.0,0.7849593758583069,blur,pnp_hqs,restormer,15.0,fixed15p0,0.2,0.5,0.0,0.15,G16_fixed,False,16,20,0.009451114687602385,20.245169667155505,0.4890355706699801,6,0.005710921619977893,22.432938003053184,0.6968649932618721,15.0,0;22.5;45;67.5;90;112.5;135;157.5;180;202.5;225;247.5;270;292.5;315;337.5
val_images_circle,circle,test008.png,7,rot45_padded,45.0,False,321,321,80883.0,0.7849593758583069,blur,pnp_hqs,restormer,15.0,fixed15p0,0.2,0.5,0.0,0.15,G16_fixed,False,16,20,0.009451114687602385,20.245169667155505,0.4890355706699801,7,0.005610434675293904,22.510034899437485,0.7035068691041381,15.0,0;22.5;45;67.5;90;112.5;135;157.5;180;202.5;225;247.5;270;292.5;315;337.5
val_images_circle,circle,test008.png,7,rot45_padded,45.0,False,321,321,80883.0,0.7849593758583069,blur,pnp_hqs,restormer,15.0,fixed15p0,0.2,0.5,0.0,0.15,G16_fixed,False,16,20,0.009451114687602385,20.245169667155505,0.4890355706699801,8,0.005529208784795631,22.57337010644971,0.7088351190917745,15.0,0;22.5;45;67.5;90;112.5;135;157.5;180;202.5;225;247.5;270;292.5;315;337.5
val_images_circle,circle,test008.png,7,rot45_padded,45.0,False,321,321,80883.0,0.7849593758583069,blur,pnp_hqs,restormer,15.0,fixed15p0,0.2,0.5,0.0,0.15,G16_fixed,False,16,20,0.009451114687602385,20.245169667155505,0.4890355706699801,9,0.00546264686168022,22.62596873983088,0.7131725474605294,15.0,0;22.5;45;67.5;90;112.5;135;157.5;180;202.5;225;247.5;270;292.5;315;337.5
val_images_circle,circle,test008.png,7,rot45_padded,45.0,False,321,321,80883.0,0.7849593758583069,blur,pnp_hqs,restormer,15.0,fixed15p0,0.2,0.5,0.0,0.15,G16_fixed,False,16,20,0.009451114687602385,20.245169667155505,0.4890355706699801,10,0.005407576900961497,22.669972957583564,0.7167369649679166,15.0,0;22.5;45;67.5;90;112.5;135;157.5;180;202.5;225;247.5;270;292.5;315;337.5
val_images_circle,circle,test008.png,7,rot45_padded,45.0,False,321,321,80883.0,0.7849593758583069,blur,pnp_hqs,restormer,15.0,fixed15p0,0.2,0.5,0.0,0.15,G16_fixed,False,16,20,0.009451114687602385,20.245169667155505,0.4890355706699801,11,0.005361654328001172,22.707011889135366,0.7196864896671735,15.0,0;22.5;45;67.5;90;112.5;135;157.5;180;202.5;225;247.5;270;292.5;315;337.5
val_images_circle,circle,test008.png,7,rot45_padded,45.0,False,321,321,80883.0,0.7849593758583069,blur,pnp_hqs,restormer,15.0,fixed15p0,0.2,0.5,0.0,0.15,G16_fixed,False,16,20,0.009451114687602385,20.245169667155505,0.4890355706699801,12,0.005323065059300548,22.73838225782429,0.7221427285399898,15.0,0;22.5;45;67.5;90;112.5;135;157.5;180;202.5;225;247.5;270;292.5;315;337.5
val_images_circle,circle,test008.png,7,rot45_padded,45.0,False,321,321,80883.0,0.7849593758583069,blur,pnp_hqs,restormer,15.0,fixed15p0,0.2,0.5,0.0,0.15,G16_fixed,False,16,20,0.009451114687602385,20.245169667155505,0.4890355706699801,13,0.00529043796768944,22.765083735078314,0.724198794477826,15.0,0;22.5;45;67.5;90;112.5;135;157.5;180;202.5;225;247.5;270;292.5;315;337.5
val_images_circle,circle,test008.png,7,rot45_padded,45.0,False,321,321,80883.0,0.7849593758583069,blur,pnp_hqs,restormer,15.0,fixed15p0,0.2,0.5,0.0,0.15,G16_fixed,False,16,20,0.009451114687602385,20.245169667155505,0.4890355706699801,14,0.005262710561667779,22.787905146354174,0.7259280476892549,15.0,0;22.5;45;67.5;90;112.5;135;157.5;180;202.5;225;247.5;270;292.5;315;337.5
val_images_circle,circle,test008.png,7,rot45_padded,45.0,False,321,321,80883.0,0.7849593758583069,blur,pnp_hqs,restormer,15.0,fixed15p0,0.2,0.5,0.0,0.15,G16_fixed,False,16,20,0.009451114687602385,20.245169667155505,0.4890355706699801,15,0.005239028622217045,22.80749228878458,0.7273884905511665,15.0,0;22.5;45;67.5;90;112.5;135;157.5;180;202.5;225;247.5;270;292.5;315;337.5
val_images_circle,circle,test008.png,7,rot45_padded,45.0,False,321,321,80883.0,0.7849593758583069,blur,pnp_hqs,restormer,15.0,fixed15p0,0.2,0.5,0.0,0.15,G16_fixed,False,16,20,0.009451114687602385,20.245169667155505,0.4890355706699801,16,0.005218717150298309,22.824362408708282,0.7286260999684729,15.0,0;22.5;45;67.5;90;112.5;135;157.5;180;202.5;225;247.5;270;292.5;315;337.5
val_images_circle,circle,test008.png,7,rot45_padded,45.0,False,321,321,80883.0,0.7849593758583069,blur,pnp_hqs,restormer,15.0,fixed15p0,0.2,0.5,0.0,0.15,G16_fixed,False,16,20,0.009451114687602385,20.245169667155505,0.4890355706699801,17,0.0052012256575953075,22.838943037482437,0.729678401209154,15.0,0;22.5;45;67.5;90;112.5;135;157.5;180;202.5;225;247.5;270;292.5;315;337.5
val_images_circle,circle,test008.png,7,rot45_padded,45.0,False,321,321,80883.0,0.7849593758583069,blur,pnp_hqs,restormer,15.0,fixed15p0,0.2,0.5,0.0,0.15,G16_fixed,False,16,20,0.009451114687602385,20.245169667155505,0.4890355706699801,18,0.005186102132454247,22.851589347080974,0.7305753855105522,15.0,0;22.5;45;67.5;90;112.5;135;157.5;180;202.5;225;247.5;270;292.5;315;337.5
val_images_circle,circle,test008.png,7,rot45_padded,45.0,False,321,321,80883.0,0.7849593758583069,blur,pnp_hqs,restormer,15.0,fixed15p0,0.2,0.5,0.0,0.15,G16_fixed,False,16,20,0.009451114687602385,20.245169667155505,0.4890355706699801,19,0.005172977947674998,22.86259372977632,0.7313429873242833,15.0,0;22.5;45;67.5;90;112.5;135;157.5;180;202.5;225;247.5;270;292.5;315;337.5
val_images_circle,circle,test008.png,7,rot45_padded,45.0,False,321,321,80883.0,0.7849593758583069,blur,pnp_hqs,restormer,15.0,fixed15p0,0.2,0.5,0.0,0.15,G16_fixed,False,16,20,0.009451114687602385,20.245169667155505,0.4890355706699801,20,0.005161557295964928,22.872192474024754,0.73200134569378,15.0,0;22.5;45;67.5;90;112.5;135;157.5;180;202.5;225;247.5;270;292.5;315;337.5
val_images_circle,circle,test009.png,8,upright,0.0,False,321,321,80892.0,0.7850467562675476,blur,pnp_hqs,restormer,15.0,fixed15p0,0.2,0.5,0.0,0.15,vanilla,True,0,20,0.006176098054543403,22.092858175607468,0.6865265763301687,1,0.0033680304147331473,24.72623995292598,0.7917972420016812,15.0,none
val_images_circle,circle,test009.png,8,upright,0.0,False,321,321,80892.0,0.7850467562675476,blur,pnp_hqs,restormer,15.0,fixed15p0,0.2,0.5,0.0,0.15,vanilla,True,0,20,0.006176098054543403,22.092858175607468,0.6865265763301687,2,0.002889672885667097,25.391513171016978,0.8192524446175147,15.0,none
val_images_circle,circle,test009.png,8,upright,0.0,False,321,321,80892.0,0.7850467562675476,blur,pnp_hqs,restormer,15.0,fixed15p0,0.2,0.5,0.0,0.15,vanilla,True,0,20,0.006176098054543403,22.092858175607468,0.6865265763301687,3,0.002664436355799824,25.74394649097325,0.8318354835768679,15.0,none
val_images_circle,circle,test009.png,8,upright,0.0,False,321,321,80892.0,0.7850467562675476,blur,pnp_hqs,restormer,15.0,fixed15p0,0.2,0.5,0.0,0.15,vanilla,True,0,20,0.006176098054543403,22.092858175607468,0.6865265763301687,4,0.0025305045097263174,25.96792884378703,0.8392065191860753,15.0,none
val_images_circle,circle,test009.png,8,upright,0.0,False,321,321,80892.0,0.7850467562675476,blur,pnp_hqs,restormer,15.0,fixed15p0,0.2,0.5,0.0,0.15,vanilla,True,0,20,0.006176098054543403,22.092858175607468,0.6865265763301687,5,0.0024389034856564153,26.128053856133675,0.84409932765292,15.0,none
val_images_circle,circle,test009.png,8,upright,0.0,False,321,321,80892.0,0.7850467562675476,blur,pnp_hqs,restormer,15.0,fixed15p0,0.2,0.5,0.0,0.15,vanilla,True,0,20,0.006176098054543403,22.092858175607468,0.6865265763301687,6,0.002375476103192567,26.24249334137137,0.8474878155441824,15.0,none
val_images_circle,circle,test009.png,8,upright,0.0,False,321,321,80892.0,0.7850467562675476,blur,pnp_hqs,restormer,15.0,fixed15p0,0.2,0.5,0.0,0.15,vanilla,True,0,20,0.006176098054543403,22.092858175607468,0.6865265763301687,7,0.0023281448455555517,26.32990003545935,0.8500067991890422,15.0,none
val_images_circle,circle,test009.png,8,upright,0.0,False,321,321,80892.0,0.7850467562675476,blur,pnp_hqs,restormer,15.0,fixed15p0,0.2,0.5,0.0,0.15,vanilla,True,0,20,0.006176098054543403,22.092858175607468,0.6865265763301687,8,0.002292563262940962,26.396786712011977,0.8519337511744054,15.0,none
val_images_circle,circle,test009.png,8,upright,0.0,False,321,321,80892.0,0.7850467562675476,blur,pnp_hqs,restormer,15.0,fixed15p0,0.2,0.5,0.0,0.15,vanilla,True,0,20,0.006176098054543403,22.092858175607468,0.6865265763301687,9,0.0022640608364200105,26.451119076222227,0.8534308282957523,15.0,none
val_images_circle,circle,test009.png,8,upright,0.0,False,321,321,80892.0,0.7850467562675476,blur,pnp_hqs,restormer,15.0,fixed15p0,0.2,0.5,0.0,0.15,vanilla,True,0,20,0.006176098054543403,22.092858175607468,0.6865265763301687,10,0.002240908568557266,26.4957586277824,0.8546218453308114,15.0,none
val_images_circle,circle,test009.png,8,upright,0.0,False,321,321,80892.0,0.7850467562675476,blur,pnp_hqs,restormer,15.0,fixed15p0,0.2,0.5,0.0,0.15,vanilla,True,0,20,0.006176098054543403,22.092858175607468,0.6865265763301687,11,0.0022219509020442573,26.532655417978674,0.8555522911721802,15.0,none
val_images_circle,circle,test009.png,8,upright,0.0,False,321,321,80892.0,0.7850467562675476,blur,pnp_hqs,restormer,15.0,fixed15p0,0.2,0.5,0.0,0.15,vanilla,True,0,20,0.006176098054543403,22.092858175607468,0.6865265763301687,12,0.0022072246200470227,26.5615346825063,0.8563073488416655,15.0,none
val_images_circle,circle,test009.png,8,upright,0.0,False,321,321,80892.0,0.7850467562675476,blur,pnp_hqs,restormer,15.0,fixed15p0,0.2,0.5,0.0,0.15,vanilla,True,0,20,0.006176098054543403,22.092858175607468,0.6865265763301687,13,0.002195268959294781,26.5851226340282,0.8568535052910053,15.0,none
val_images_circle,circle,test009.png,8,upright,0.0,False,321,321,80892.0,0.7850467562675476,blur,pnp_hqs,restormer,15.0,fixed15p0,0.2,0.5,0.0,0.15,vanilla,True,0,20,0.006176098054543403,22.092858175607468,0.6865265763301687,14,0.002186140697905367,26.603218907131385,0.857244265502151,15.0,none
val_images_circle,circle,test009.png,8,upright,0.0,False,321,321,80892.0,0.7850467562675476,blur,pnp_hqs,restormer,15.0,fixed15p0,0.2,0.5,0.0,0.15,vanilla,True,0,20,0.006176098054543403,22.092858175607468,0.6865265763301687,15,0.0021775164602064905,26.620385534041887,0.8575540921846413,15.0,none
val_images_circle,circle,test009.png,8,upright,0.0,False,321,321,80892.0,0.7850467562675476,blur,pnp_hqs,restormer,15.0,fixed15p0,0.2,0.5,0.0,0.15,vanilla,True,0,20,0.006176098054543403,22.092858175607468,0.6865265763301687,16,0.002171709435762923,26.631982817011743,0.8577325708969985,15.0,none
val_images_circle,circle,test009.png,8,upright,0.0,False,321,321,80892.0,0.7850467562675476,blur,pnp_hqs,restormer,15.0,fixed15p0,0.2,0.5,0.0,0.15,vanilla,True,0,20,0.006176098054543403,22.092858175607468,0.6865265763301687,17,0.00216621421938839,26.642985977116176,0.8578443132510013,15.0,none
val_images_circle,circle,test009.png,8,upright,0.0,False,321,321,80892.0,0.7850467562675476,blur,pnp_hqs,restormer,15.0,fixed15p0,0.2,0.5,0.0,0.15,vanilla,True,0,20,0.006176098054543403,22.092858175607468,0.6865265763301687,18,0.002162316901472894,26.650806570638757,0.8578797578870593,15.0,none
val_images_circle,circle,test009.png,8,upright,0.0,False,321,321,80892.0,0.7850467562675476,blur,pnp_hqs,restormer,15.0,fixed15p0,0.2,0.5,0.0,0.15,vanilla,True,0,20,0.006176098054543403,22.092858175607468,0.6865265763301687,19,0.002159842620504036,26.655778930790547,0.8578320476684963,15.0,none
val_images_circle,circle,test009.png,8,upright,0.0,False,321,321,80892.0,0.7850467562675476,blur,pnp_hqs,restormer,15.0,fixed15p0,0.2,0.5,0.0,0.15,vanilla,True,0,20,0.006176098054543403,22.092858175607468,0.6865265763301687,20,0.0021581370133895734,26.659209867753827,0.8577503415047223,15.0,none
val_images_circle,circle,test009.png,8,upright,0.0,False,321,321,80892.0,0.7850467562675476,blur,pnp_hqs,restormer,15.0,fixed15p0,0.2,0.5,0.0,0.15,G16_fixed,True,16,20,0.006176098054543403,22.092858175607468,0.6865265763301687,1,0.0034723101245574734,24.593814933546426,0.7749575147264254,15.0,0;22.5;45;67.5;90;112.5;135;157.5;180;202.5;225;247.5;270;292.5;315;337.5
val_images_circle,circle,test009.png,8,upright,0.0,False,321,321,80892.0,0.7850467562675476,blur,pnp_hqs,restormer,15.0,fixed15p0,0.2,0.5,0.0,0.15,G16_fixed,True,16,20,0.006176098054543403,22.092858175607468,0.6865265763301687,2,0.0029992308855021394,25.229901002825294,0.8001658461281709,15.0,0;22.5;45;67.5;90;112.5;135;157.5;180;202.5;225;247.5;270;292.5;315;337.5
val_images_circle,circle,test009.png,8,upright,0.0,False,321,321,80892.0,0.7850467562675476,blur,pnp_hqs,restormer,15.0,fixed15p0,0.2,0.5,0.0,0.15,G16_fixed,True,16,20,0.006176098054543403,22.092858175607468,0.6865265763301687,3,0.0027848685913055755,25.55195292920168,0.808387118395515,15.0,0;22.5;45;67.5;90;112.5;135;157.5;180;202.5;225;247.5;270;292.5;315;337.5
val_images_circle,circle,test009.png,8,upright,0.0,False,321,321,80892.0,0.7850467562675476,blur,pnp_hqs,restormer,15.0,fixed15p0,0.2,0.5,0.0,0.15,G16_fixed,True,16,20,0.006176098054543403,22.092858175607468,0.6865265763301687,4,0.0026475975882822543,25.771480231859588,0.8178930897060278,15.0,0;22.5;45;67.5;90;112.5;135;157.5;180;202.5;225;247.5;270;292.5;315;337.5
val_images_circle,circle,test009.png,8,upright,0.0,False,321,321,80892.0,0.7850467562675476,blur,pnp_hqs,restormer,15.0,fixed15p0,0.2,0.5,0.0,0.15,G16_fixed,True,16,20,0.006176098054543403,22.092858175607468,0.6865265763301687,5,0.002583402663753736,25.878078969559407,0.8169450664157147,15.0,0;22.5;45;67.5;90;112.5;135;157.5;180;202.5;225;247.5;270;292.5;315;337.5
val_images_circle,circle,test009.png,8,upright,0.0,False,321,321,80892.0,0.7850467562675476,blur,pnp_hqs,restormer,15.0,fixed15p0,0.2,0.5,0.0,0.15,G16_fixed,True,16,20,0.006176098054543403,22.092858175607468,0.6865265763301687,6,0.0025014195887606123,26.01813453491686,0.8256279398766256,15.0,0;22.5;45;67.5;90;112.5;135;157.5;180;202.5;225;247.5;270;292.5;315;337.5
val_images_circle,circle,test009.png,8,upright,0.0,False,321,321,80892.0,0.7850467562675476,blur,pnp_hqs,restormer,15.0,fixed15p0,0.2,0.5,0.0,0.15,G16_fixed,True,16,20,0.006176098054543403,22.092858175607468,0.6865265763301687,7,0.0024944451232164684,26.030260459226046,0.8188594630804035,15.0,0;22.5;45;67.5;90;112.5;135;157.5;180;202.5;225;247.5;270;292.5;315;337.5
val_images_circle,circle,test009.png,8,upright,0.0,False,321,321,80892.0,0.7850467562675476,blur,pnp_hqs,restormer,15.0,fixed15p0,0.2,0.5,0.0,0.15,G16_fixed,True,16,20,0.006176098054543403,22.092858175607468,0.6865265763301687,8,0.002444160837557233,26.11870218820123,0.8261711989442714,15.0,0;22.5;45;67.5;90;112.5;135;157.5;180;202.5;225;247.5;270;292.5;315;337.5
val_images_circle,circle,test009.png,8,upright,0.0,False,321,321,80892.0,0.7850467562675476,blur,pnp_hqs,restormer,15.0,fixed15p0,0.2,0.5,0.0,0.15,G16_fixed,True,16,20,0.006176098054543403,22.092858175607468,0.6865265763301687,9,0.002457989044408266,26.094200571548697,0.8171557060648766,15.0,0;22.5;45;67.5;90;112.5;135;157.5;180;202.5;225;247.5;270;292.5;315;337.5
val_images_circle,circle,test009.png,8,upright,0.0,False,321,321,80892.0,0.7850467562675476,blur,pnp_hqs,restormer,15.0,fixed15p0,0.2,0.5,0.0,0.15,G16_fixed,True,16,20,0.006176098054543403,22.092858175607468,0.6865265763301687,10,0.002409865722595888,26.18007155582932,0.826450313380804,15.0,0;22.5;45;67.5;90;112.5;135;157.5;180;202.5;225;247.5;270;292.5;315;337.5
val_images_circle,circle,test009.png,8,upright,0.0,False,321,321,80892.0,0.7850467562675476,blur,pnp_hqs,restormer,15.0,fixed15p0,0.2,0.5,0.0,0.15,G16_fixed,True,16,20,0.006176098054543403,22.092858175607468,0.6865265763301687,11,0.0024334848537198904,26.137713525091716,0.8165033122867527,15.0,0;22.5;45;67.5;90;112.5;135;157.5;180;202.5;225;247.5;270;292.5;315;337.5
val_images_circle,circle,test009.png,8,upright,0.0,False,321,321,80892.0,0.7850467562675476,blur,pnp_hqs,restormer,15.0,fixed15p0,0.2,0.5,0.0,0.15,G16_fixed,True,16,20,0.006176098054543403,22.092858175607468,0.6865265763301687,12,0.00238034977837686,26.233592212386533,0.8276737810908371,15.0,0;22.5;45;67.5;90;112.5;135;157.5;180;202.5;225;247.5;270;292.5;315;337.5
val_images_circle,circle,test009.png,8,upright,0.0,False,321,321,80892.0,0.7850467562675476,blur,pnp_hqs,restormer,15.0,fixed15p0,0.2,0.5,0.0,0.15,G16_fixed,True,16,20,0.006176098054543403,22.092858175607468,0.6865265763301687,13,0.002400709166463367,26.196604492934718,0.8186057490233892,15.0,0;22.5;45;67.5;90;112.5;135;157.5;180;202.5;225;247.5;270;292.5;315;337.5
val_images_circle,circle,test009.png,8,upright,0.0,False,321,321,80892.0,0.7850467562675476,blur,pnp_hqs,restormer,15.0,fixed15p0,0.2,0.5,0.0,0.15,G16_fixed,True,16,20,0.006176098054543403,22.092858175607468,0.6865265763301687,14,0.0023552674317710073,26.27959773227943,0.8290035827090442,15.0,0;22.5;45;67.5;90;112.5;135;157.5;180;202.5;225;247.5;270;292.5;315;337.5
val_images_circle,circle,test009.png,8,upright,0.0,False,321,321,80892.0,0.7850467562675476,blur,pnp_hqs,restormer,15.0,fixed15p0,0.2,0.5,0.0,0.15,G16_fixed,True,16,20,0.006176098054543403,22.092858175607468,0.6865265763301687,15,0.0023920585203375914,26.212281997886393,0.8179839709118331,15.0,0;22.5;45;67.5;90;112.5;135;157.5;180;202.5;225;247.5;270;292.5;315;337.5
val_images_circle,circle,test009.png,8,upright,0.0,False,321,321,80892.0,0.7850467562675476,blur,pnp_hqs,restormer,15.0,fixed15p0,0.2,0.5,0.0,0.15,G16_fixed,True,16,20,0.006176098054543403,22.092858175607468,0.6865265763301687,16,0.0023487275734809803,26.2916735367586,0.8281541669757208,15.0,0;22.5;45;67.5;90;112.5;135;157.5;180;202.5;225;247.5;270;292.5;315;337.5
val_images_circle,circle,test009.png,8,upright,0.0,False,321,321,80892.0,0.7850467562675476,blur,pnp_hqs,restormer,15.0,fixed15p0,0.2,0.5,0.0,0.15,G16_fixed,True,16,20,0.006176098054543403,22.092858175607468,0.6865265763301687,17,0.002377057779332223,26.239602617130572,0.8201695625030906,15.0,0;22.5;45;67.5;90;112.5;135;157.5;180;202.5;225;247.5;270;292.5;315;337.5
val_images_circle,circle,test009.png,8,upright,0.0,False,321,321,80892.0,0.7850467562675476,blur,pnp_hqs,restormer,15.0,fixed15p0,0.2,0.5,0.0,0.15,G16_fixed,True,16,20,0.006176098054543403,22.092858175607468,0.6865265763301687,18,0.002351781142157039,26.28603096361215,0.8272186990060821,15.0,0;22.5;45;67.5;90;112.5;135;157.5;180;202.5;225;247.5;270;292.5;315;337.5
val_images_circle,circle,test009.png,8,upright,0.0,False,321,321,80892.0,0.7850467562675476,blur,pnp_hqs,restormer,15.0,fixed15p0,0.2,0.5,0.0,0.15,G16_fixed,True,16,20,0.006176098054543403,22.092858175607468,0.6865265763301687,19,0.0023832730026030076,26.22826206611547,0.8188456522276616,15.0,0;22.5;45;67.5;90;112.5;135;157.5;180;202.5;225;247.5;270;292.5;315;337.5
val_images_circle,circle,test009.png,8,upright,0.0,False,321,321,80892.0,0.7850467562675476,blur,pnp_hqs,restormer,15.0,fixed15p0,0.2,0.5,0.0,0.15,G16_fixed,True,16,20,0.006176098054543403,22.092858175607468,0.6865265763301687,20,0.0023426379788695885,26.302948202067014,0.8291753008641151,15.0,0;22.5;45;67.5;90;112.5;135;157.5;180;202.5;225;247.5;270;292.5;315;337.5
val_images_circle,circle,test009.png,8,rot45_padded,45.0,False,321,321,80883.0,0.7849593758583069,blur,pnp_hqs,restormer,15.0,fixed15p0,0.2,0.5,0.0,0.15,vanilla,False,0,20,0.0061218752970146695,22.13115521254529,0.6910299348287032,1,0.003378470553023928,24.712798620623598,0.787887722466402,15.0,none
val_images_circle,circle,test009.png,8,rot45_padded,45.0,False,321,321,80883.0,0.7849593758583069,blur,pnp_hqs,restormer,15.0,fixed15p0,0.2,0.5,0.0,0.15,vanilla,False,0,20,0.0061218752970146695,22.13115521254529,0.6910299348287032,2,0.0028924606804494996,25.387325360511923,0.817580254812507,15.0,none
val_images_circle,circle,test009.png,8,rot45_padded,45.0,False,321,321,80883.0,0.7849593758583069,blur,pnp_hqs,restormer,15.0,fixed15p0,0.2,0.5,0.0,0.15,vanilla,False,0,20,0.0061218752970146695,22.13115521254529,0.6910299348287032,3,0.002670807257920488,25.7335745224141,0.8310568004092331,15.0,none
val_images_circle,circle,test009.png,8,rot45_padded,45.0,False,321,321,80883.0,0.7849593758583069,blur,pnp_hqs,restormer,15.0,fixed15p0,0.2,0.5,0.0,0.15,vanilla,False,0,20,0.0061218752970146695,22.13115521254529,0.6910299348287032,4,0.0025397776443143566,25.952043038817916,0.8390608386496544,15.0,none
val_images_circle,circle,test009.png,8,rot45_padded,45.0,False,321,321,80883.0,0.7849593758583069,blur,pnp_hqs,restormer,15.0,fixed15p0,0.2,0.5,0.0,0.15,vanilla,False,0,20,0.0061218752970146695,22.13115521254529,0.6910299348287032,5,0.0024460352190939574,26.115372940912103,0.8443666314305849,15.0,none
val_images_circle,circle,test009.png,8,rot45_padded,45.0,False,321,321,80883.0,0.7849593758583069,blur,pnp_hqs,restormer,15.0,fixed15p0,0.2,0.5,0.0,0.15,vanilla,False,0,20,0.0061218752970146695,22.13115521254529,0.6910299348287032,6,0.0023780797191477582,26.23773590841942,0.8481089196740972,15.0,none
val_images_circle,circle,test009.png,8,rot45_padded,45.0,False,321,321,80883.0,0.7849593758583069,blur,pnp_hqs,restormer,15.0,fixed15p0,0.2,0.5,0.0,0.15,vanilla,False,0,20,0.0061218752970146695,22.13115521254529,0.6910299348287032,7,0.0023240224456400373,26.337596818021296,0.8508516931864545,15.0,none
val_images_circle,circle,test009.png,8,rot45_padded,45.0,False,321,321,80883.0,0.7849593758583069,blur,pnp_hqs,restormer,15.0,fixed15p0,0.2,0.5,0.0,0.15,vanilla,False,0,20,0.0061218752970146695,22.13115521254529,0.6910299348287032,8,0.002281394124557231,26.417996812579645,0.8529463468837704,15.0,none
val_images_circle,circle,test009.png,8,rot45_padded,45.0,False,321,321,80883.0,0.7849593758583069,blur,pnp_hqs,restormer,15.0,fixed15p0,0.2,0.5,0.0,0.15,vanilla,False,0,20,0.0061218752970146695,22.13115521254529,0.6910299348287032,9,0.002246727886883581,26.484495241011917,0.8545324535130991,15.0,none
val_images_circle,circle,test009.png,8,rot45_padded,45.0,False,321,321,80883.0,0.7849593758583069,blur,pnp_hqs,restormer,15.0,fixed15p0,0.2,0.5,0.0,0.15,vanilla,False,0,20,0.0061218752970146695,22.13115521254529,0.6910299348287032,10,0.0022184294294111556,26.539543820949557,0.8558162330155904,15.0,none
val_images_circle,circle,test009.png,8,rot45_padded,45.0,False,321,321,80883.0,0.7849593758583069,blur,pnp_hqs,restormer,15.0,fixed15p0,0.2,0.5,0.0,0.15,vanilla,False,0,20,0.0061218752970146695,22.13115521254529,0.6910299348287032,11,0.0021949072787211736,26.585838212944253,0.8568042535205173,15.0,none
val_images_circle,circle,test009.png,8,rot45_padded,45.0,False,321,321,80883.0,0.7849593758583069,blur,pnp_hqs,restormer,15.0,fixed15p0,0.2,0.5,0.0,0.15,vanilla,False,0,20,0.0061218752970146695,22.13115521254529,0.6910299348287032,12,0.0021753008016063714,26.624806801138764,0.8575802586761124,15.0,none
val_images_circle,circle,test009.png,8,rot45_padded,45.0,False,321,321,80883.0,0.7849593758583069,blur,pnp_hqs,restormer,15.0,fixed15p0,0.2,0.5,0.0,0.15,vanilla,False,0,20,0.0061218752970146695,22.13115521254529,0.6910299348287032,13,0.0021586178739902468,26.6582423117459,0.8582437363228367,15.0,none
val_images_circle,circle,test009.png,8,rot45_padded,45.0,False,321,321,80883.0,0.7849593758583069,blur,pnp_hqs,restormer,15.0,fixed15p0,0.2,0.5,0.0,0.15,vanilla,False,0,20,0.0061218752970146695,22.13115521254529,0.6910299348287032,14,0.0021457996837445756,26.684108230526906,0.8587191529740489,15.0,none
val_images_circle,circle,test009.png,8,rot45_padded,45.0,False,321,321,80883.0,0.7849593758583069,blur,pnp_hqs,restormer,15.0,fixed15p0,0.2,0.5,0.0,0.15,vanilla,False,0,20,0.0061218752970146695,22.13115521254529,0.6910299348287032,15,0.0021337962841219147,26.708470455042793,0.8591261838087113,15.0,none
val_images_circle,circle,test009.png,8,rot45_padded,45.0,False,321,321,80883.0,0.7849593758583069,blur,pnp_hqs,restormer,15.0,fixed15p0,0.2,0.5,0.0,0.15,vanilla,False,0,20,0.0061218752970146695,22.13115521254529,0.6910299348287032,16,0.002125111472563475,26.726182841315726,0.8594264825426852,15.0,none
val_images_circle,circle,test009.png,8,rot45_padded,45.0,False,321,321,80883.0,0.7849593758583069,blur,pnp_hqs,restormer,15.0,fixed15p0,0.2,0.5,0.0,0.15,vanilla,False,0,20,0.0061218752970146695,22.13115521254529,0.6910299348287032,17,0.0021173938829370047,26.741983459132975,0.8596702760468825,15.0,none
val_images_circle,circle,test009.png,8,rot45_padded,45.0,False,321,321,80883.0,0.7849593758583069,blur,pnp_hqs,restormer,15.0,fixed15p0,0.2,0.5,0.0,0.15,vanilla,False,0,20,0.0061218752970146695,22.13115521254529,0.6910299348287032,18,0.002110864616101537,26.755396200156536,0.8598714733009408,15.0,none
val_images_circle,circle,test009.png,8,rot45_padded,45.0,False,321,321,80883.0,0.7849593758583069,blur,pnp_hqs,restormer,15.0,fixed15p0,0.2,0.5,0.0,0.15,vanilla,False,0,20,0.0061218752970146695,22.13115521254529,0.6910299348287032,19,0.0021061498100699854,26.765107407608077,0.8600259209289962,15.0,none
val_images_circle,circle,test009.png,8,rot45_padded,45.0,False,321,321,80883.0,0.7849593758583069,blur,pnp_hqs,restormer,15.0,fixed15p0,0.2,0.5,0.0,0.15,vanilla,False,0,20,0.0061218752970146695,22.13115521254529,0.6910299348287032,20,0.002100644360949516,26.776474674183234,0.8601368064055488,15.0,none
val_images_circle,circle,test009.png,8,rot45_padded,45.0,False,321,321,80883.0,0.7849593758583069,blur,pnp_hqs,restormer,15.0,fixed15p0,0.2,0.5,0.0,0.15,G16_fixed,False,16,20,0.0061218752970146695,22.13115521254529,0.6910299348287032,1,0.0033966642107417116,24.68947384725515,0.7887116363296366,15.0,0;22.5;45;67.5;90;112.5;135;157.5;180;202.5;225;247.5;270;292.5;315;337.5
val_images_circle,circle,test009.png,8,rot45_padded,45.0,False,321,321,80883.0,0.7849593758583069,blur,pnp_hqs,restormer,15.0,fixed15p0,0.2,0.5,0.0,0.15,G16_fixed,False,16,20,0.0061218752970146695,22.13115521254529,0.6910299348287032,2,0.002897567695257444,25.379664089162812,0.8178388266075689,15.0,0;22.5;45;67.5;90;112.5;135;157.5;180;202.5;225;247.5;270;292.5;315;337.5
val_images_circle,circle,test009.png,8,rot45_padded,45.0,False,321,321,80883.0,0.7849593758583069,blur,pnp_hqs,restormer,15.0,fixed15p0,0.2,0.5,0.0,0.15,G16_fixed,False,16,20,0.0061218752970146695,22.13115521254529,0.6910299348287032,3,0.0026588425320828966,25.753073826656244,0.8315060411334891,15.0,0;22.5;45;67.5;90;112.5;135;157.5;180;202.5;225;247.5;270;292.5;315;337.5
val_images_circle,circle,test009.png,8,rot45_padded,45.0,False,321,321,80883.0,0.7849593758583069,blur,pnp_hqs,restormer,15.0,fixed15p0,0.2,0.5,0.0,0.15,G16_fixed,False,16,20,0.0061218752970146695,22.13115521254529,0.6910299348287032,4,0.002514999444546347,25.99462106524747,0.8395227326817749,15.0,0;22.5;45;67.5;90;112.5;135;157.5;180;202.5;225;247.5;270;292.5;315;337.5
val_images_circle,circle,test009.png,8,rot45_padded,45.0,False,321,321,80883.0,0.7849593758583069,blur,pnp_hqs,restormer,15.0,fixed15p0,0.2,0.5,0.0,0.15,G16_fixed,False,16,20,0.0061218752970146695,22.13115521254529,0.6910299348287032,5,0.002417203629345397,26.16686762345352,0.8448021563554764,15.0,0;22.5;45;67.5;90;112.5;135;157.5;180;202.5;225;247.5;270;292.5;315;337.5
val_images_circle,circle,test009.png,8,rot45_padded,45.0,False,321,321,80883.0,0.7849593758583069,blur,pnp_hqs,restormer,15.0,fixed15p0,0.2,0.5,0.0,0.15,G16_fixed,False,16,20,0.0061218752970146695,22.13115521254529,0.6910299348287032,6,0.002345502997783546,26.29764007645401,0.8485588365293077,15.0,0;22.5;45;67.5;90;112.5;135;157.5;180;202.5;225;247.5;270;292.5;315;337.5
val_images_circle,circle,test009.png,8,rot45_padded,45.0,False,321,321,80883.0,0.7849593758583069,blur,pnp_hqs,restormer,15.0,fixed15p0,0.2,0.5,0.0,0.15,G16_fixed,False,16,20,0.0061218752970146695,22.13115521254529,0.6910299348287032,7,0.002290598862709098,26.40050959245915,0.8513649731711237,15.0,0;22.5;45;67.5;90;112.5;135;157.5;180;202.5;225;247.5;270;292.5;315;337.5
val_images_circle,circle,test009.png,8,rot45_padded,45.0,False,321,321,80883.0,0.7849593758583069,blur,pnp_hqs,restormer,15.0,fixed15p0,0.2,0.5,0.0,0.15,G16_fixed,False,16,20,0.0061218752970146695,22.13115521254529,0.6910299348287032,8,0.002247247624824399,26.483490699175178,0.8535329387819443,15.0,0;22.5;45;67.5;90;112.5;135;157.5;180;202.5;225;247.5;270;292.5;315;337.5
val_images_circle,circle,test009.png,8,rot45_padded,45.0,False,321,321,80883.0,0.7849593758583069,blur,pnp_hqs,restormer,15.0,fixed15p0,0.2,0.5,0.0,0.15,G16_fixed,False,16,20,0.0061218752970146695,22.13115521254529,0.6910299348287032,9,0.00221221370321367,26.551729218322954,0.8552500216361906,15.0,0;22.5;45;67.5;90;112.5;135;157.5;180;202.5;225;247.5;270;292.5;315;337.5
val_images_circle,circle,test009.png,8,rot45_padded,45.0,False,321,321,80883.0,0.7849593758583069,blur,pnp_hqs,restormer,15.0,fixed15p0,0.2,0.5,0.0,0.15,G16_fixed,False,16,20,0.0061218752970146695,22.13115521254529,0.6910299348287032,10,0.002183387018432972,26.608692761679276,0.8566354139621428,15.0,0;22.5;45;67.5;90;112.5;135;157.5;180;202.5;225;247.5;270;292.5;315;337.5
val_images_circle,circle,test009.png,8,rot45_padded,45.0,False,321,321,80883.0,0.7849593758583069,blur,pnp_hqs,restormer,15.0,fixed15p0,0.2,0.5,0.0,0.15,G16_fixed,False,16,20,0.0061218752970146695,22.13115521254529,0.6910299348287032,11,0.0021593521099487452,26.65676534627625,0.8577703480644883,15.0,0;22.5;45;67.5;90;112.5;135;157.5;180;202.5;225;247.5;270;292.5;315;337.5
val_images_circle,circle,test009.png,8,rot45_padded,45.0,False,321,321,80883.0,0.7849593758583069,blur,pnp_hqs,restormer,15.0,fixed15p0,0.2,0.5,0.0,0.15,G16_fixed,False,16,20,0.0061218752970146695,22.13115521254529,0.6910299348287032,12,0.0021391083643170342,26.697672141040897,0.8587110394025939,15.0,0;22.5;45;67.5;90;112.5;135;157.5;180;202.5;225;247.5;270;292.5;315;337.5
val_images_circle,circle,test009.png,8,rot45_padded,45.0,False,321,321,80883.0,0.7849593758583069,blur,pnp_hqs,restormer,15.0,fixed15p0,0.2,0.5,0.0,0.15,G16_fixed,False,16,20,0.0061218752970146695,22.13115521254529,0.6910299348287032,13,0.0021218760803003063,26.732799829291398,0.8595008569476899,15.0,0;22.5;45;67.5;90;112.5;135;157.5;180;202.5;225;247.5;270;292.5;315;337.5
val_images_circle,circle,test009.png,8,rot45_padded,45.0,False,321,321,80883.0,0.7849593758583069,blur,pnp_hqs,restormer,15.0,fixed15p0,0.2,0.5,0.0,0.15,G16_fixed,False,16,20,0.0061218752970146695,22.13115521254529,0.6910299348287032,14,0.002107072698638581,26.763204800193755,0.8601696470519145,15.0,0;22.5;45;67.5;90;112.5;135;157.5;180;202.5;225;247.5;270;292.5;315;337.5
val_images_circle,circle,test009.png,8,rot45_padded,45.0,False,321,321,80883.0,0.7849593758583069,blur,pnp_hqs,restormer,15.0,fixed15p0,0.2,0.5,0.0,0.15,G16_fixed,False,16,20,0.0061218752970146695,22.13115521254529,0.6910299348287032,15,0.002094265827549516,26.789681936645092,0.8607405913479965,15.0,0;22.5;45;67.5;90;112.5;135;157.5;180;202.5;225;247.5;270;292.5;315;337.5
val_images_circle,circle,test009.png,8,rot45_padded,45.0,False,321,321,80883.0,0.7849593758583069,blur,pnp_hqs,restormer,15.0,fixed15p0,0.2,0.5,0.0,0.15,G16_fixed,False,16,20,0.0061218752970146695,22.13115521254529,0.6910299348287032,16,0.0020831124965879533,26.81287275742063,0.8612311726506188,15.0,0;22.5;45;67.5;90;112.5;135;157.5;180;202.5;225;247.5;270;292.5;315;337.5
val_images_circle,circle,test009.png,8,rot45_padded,45.0,False,321,321,80883.0,0.7849593758583069,blur,pnp_hqs,restormer,15.0,fixed15p0,0.2,0.5,0.0,0.15,G16_fixed,False,16,20,0.0061218752970146695,22.13115521254529,0.6910299348287032,17,0.002073341800605794,26.833290964200668,0.861655396529555,15.0,0;22.5;45;67.5;90;112.5;135;157.5;180;202.5;225;247.5;270;292.5;315;337.5
val_images_circle,circle,test009.png,8,rot45_padded,45.0,False,321,321,80883.0,0.7849593758583069,blur,pnp_hqs,restormer,15.0,fixed15p0,0.2,0.5,0.0,0.15,G16_fixed,False,16,20,0.0061218752970146695,22.13115521254529,0.6910299348287032,18,0.0020647413167640682,26.851343516294897,0.8620239844899422,15.0,0;22.5;45;67.5;90;112.5;135;157.5;180;202.5;225;247.5;270;292.5;315;337.5
val_images_circle,circle,test009.png,8,rot45_padded,45.0,False,321,321,80883.0,0.7849593758583069,blur,pnp_hqs,restormer,15.0,fixed15p0,0.2,0.5,0.0,0.15,G16_fixed,False,16,20,0.0061218752970146695,22.13115521254529,0.6910299348287032,19,0.0020571337116092846,26.86737478686032,0.8623460160045993,15.0,0;22.5;45;67.5;90;112.5;135;157.5;180;202.5;225;247.5;270;292.5;315;337.5
val_images_circle,circle,test009.png,8,rot45_padded,45.0,False,321,321,80883.0,0.7849593758583069,blur,pnp_hqs,restormer,15.0,fixed15p0,0.2,0.5,0.0,0.15,G16_fixed,False,16,20,0.0061218752970146695,22.13115521254529,0.6910299348287032,20,0.0020503756091577686,26.881665730700057,0.8626287353337537,15.0,0;22.5;45;67.5;90;112.5;135;157.5;180;202.5;225;247.5;270;292.5;315;337.5
val_images_circle,circle,test010.png,9,upright,0.0,False,321,321,80892.0,0.7850467562675476,blur,pnp_hqs,restormer,15.0,fixed15p0,0.2,0.5,0.0,0.15,vanilla,True,0,20,0.003105569320834898,25.078587722242354,0.7313861093340503,1,0.0018224496902264362,27.393444517938686,0.8091893550969194,15.0,none
val_images_circle,circle,test010.png,9,upright,0.0,False,321,321,80892.0,0.7850467562675476,blur,pnp_hqs,restormer,15.0,fixed15p0,0.2,0.5,0.0,0.15,vanilla,True,0,20,0.003105569320834898,25.078587722242354,0.7313861093340503,2,0.0016016163882814046,27.954414959937726,0.8345483986364536,15.0,none
val_images_circle,circle,test010.png,9,upright,0.0,False,321,321,80892.0,0.7850467562675476,blur,pnp_hqs,restormer,15.0,fixed15p0,0.2,0.5,0.0,0.15,vanilla,True,0,20,0.003105569320834898,25.078587722242354,0.7313861093340503,3,0.0016304359045567702,27.876962694397175,0.8453581434196212,15.0,none
val_images_circle,circle,test010.png,9,upright,0.0,False,321,321,80892.0,0.7850467562675476,blur,pnp_hqs,restormer,15.0,fixed15p0,0.2,0.5,0.0,0.15,vanilla,True,0,20,0.003105569320834898,25.078587722242354,0.7313861093340503,4,0.0015335944111161044,28.142894828281282,0.8515245442998072,15.0,none
val_images_circle,circle,test010.png,9,upright,0.0,False,321,321,80892.0,0.7850467562675476,blur,pnp_hqs,restormer,15.0,fixed15p0,0.2,0.5,0.0,0.15,vanilla,True,0,20,0.003105569320834898,25.078587722242354,0.7313861093340503,5,0.0014183031418011922,28.48230935061946,0.8564087572009593,15.0,none
val_images_circle,circle,test010.png,9,upright,0.0,False,321,321,80892.0,0.7850467562675476,blur,pnp_hqs,restormer,15.0,fixed15p0,0.2,0.5,0.0,0.15,vanilla,True,0,20,0.003105569320834898,25.078587722242354,0.7313861093340503,6,0.001366481414117357,28.64396270887651,0.8591650364065668,15.0,none
val_images_circle,circle,test010.png,9,upright,0.0,False,321,321,80892.0,0.7850467562675476,blur,pnp_hqs,restormer,15.0,fixed15p0,0.2,0.5,0.0,0.15,vanilla,True,0,20,0.003105569320834898,25.078587722242354,0.7313861093340503,7,0.0013324350099479187,28.753539646723656,0.86133305054888,15.0,none
val_images_circle,circle,test010.png,9,upright,0.0,False,321,321,80892.0,0.7850467562675476,blur,pnp_hqs,restormer,15.0,fixed15p0,0.2,0.5,0.0,0.15,vanilla,True,0,20,0.003105569320834898,25.078587722242354,0.7313861093340503,8,0.001309389696214117,28.829310809296462,0.8627163571490383,15.0,none
val_images_circle,circle,test010.png,9,upright,0.0,False,321,321,80892.0,0.7850467562675476,blur,pnp_hqs,restormer,15.0,fixed15p0,0.2,0.5,0.0,0.15,vanilla,True,0,20,0.003105569320834898,25.078587722242354,0.7313861093340503,9,0.0012939074729968855,28.880967788478582,0.863801233434703,15.0,none
val_images_circle,circle,test010.png,9,upright,0.0,False,321,321,80892.0,0.7850467562675476,blur,pnp_hqs,restormer,15.0,fixed15p0,0.2,0.5,0.0,0.15,vanilla,True,0,20,0.003105569320834898,25.078587722242354,0.7313861093340503,10,0.0012826336212377015,28.91897380256426,0.8645657558843891,15.0,none
val_images_circle,circle,test010.png,9,upright,0.0,False,321,321,80892.0,0.7850467562675476,blur,pnp_hqs,restormer,15.0,fixed15p0,0.2,0.5,0.0,0.15,vanilla,True,0,20,0.003105569320834898,25.078587722242354,0.7313861093340503,11,0.0012742451730647132,28.94747002875868,0.8651290068857241,15.0,none
val_images_circle,circle,test010.png,9,upright,0.0,False,321,321,80892.0,0.7850467562675476,blur,pnp_hqs,restormer,15.0,fixed15p0,0.2,0.5,0.0,0.15,vanilla,True,0,20,0.003105569320834898,25.078587722242354,0.7313861093340503,12,0.0012682042454114648,28.9681079731237,0.8656592277357464,15.0,none
val_images_circle,circle,test010.png,9,upright,0.0,False,321,321,80892.0,0.7850467562675476,blur,pnp_hqs,restormer,15.0,fixed15p0,0.2,0.5,0.0,0.15,vanilla,True,0,20,0.003105569320834898,25.078587722242354,0.7313861093340503,13,0.0012632473836824388,28.98511592558132,0.8659953240122633,15.0,none
val_images_circle,circle,test010.png,9,upright,0.0,False,321,321,80892.0,0.7850467562675476,blur,pnp_hqs,restormer,15.0,fixed15p0,0.2,0.5,0.0,0.15,vanilla,True,0,20,0.003105569320834898,25.078587722242354,0.7313861093340503,14,0.00125980080102463,28.99698119846707,0.8662372553837215,15.0,none
val_images_circle,circle,test010.png,9,upright,0.0,False,321,321,80892.0,0.7850467562675476,blur,pnp_hqs,restormer,15.0,fixed15p0,0.2,0.5,0.0,0.15,vanilla,True,0,20,0.003105569320834898,25.078587722242354,0.7313861093340503,15,0.0012574693141926504,29.005026041562555,0.8664781243818919,15.0,none
val_images_circle,circle,test010.png,9,upright,0.0,False,321,321,80892.0,0.7850467562675476,blur,pnp_hqs,restormer,15.0,fixed15p0,0.2,0.5,0.0,0.15,vanilla,True,0,20,0.003105569320834898,25.078587722242354,0.7313861093340503,16,0.0012582423265743213,29.002357094796736,0.8666826795294961,15.0,none
val_images_circle,circle,test010.png,9,upright,0.0,False,321,321,80892.0,0.7850467562675476,blur,pnp_hqs,restormer,15.0,fixed15p0,0.2,0.5,0.0,0.15,vanilla,True,0,20,0.003105569320834898,25.078587722242354,0.7313861093340503,17,0.001256469943866127,29.008478957456674,0.8667586875092717,15.0,none
val_images_circle,circle,test010.png,9,upright,0.0,False,321,321,80892.0,0.7850467562675476,blur,pnp_hqs,restormer,15.0,fixed15p0,0.2,0.5,0.0,0.15,vanilla,True,0,20,0.003105569320834898,25.078587722242354,0.7313861093340503,18,0.0012569284130202634,29.006894563757783,0.8668287075668792,15.0,none
val_images_circle,circle,test010.png,9,upright,0.0,False,321,321,80892.0,0.7850467562675476,blur,pnp_hqs,restormer,15.0,fixed15p0,0.2,0.5,0.0,0.15,vanilla,True,0,20,0.003105569320834898,25.078587722242354,0.7313861093340503,19,0.0012596394266731123,28.99753754419585,0.866836240759284,15.0,none
val_images_circle,circle,test010.png,9,upright,0.0,False,321,321,80892.0,0.7850467562675476,blur,pnp_hqs,restormer,15.0,fixed15p0,0.2,0.5,0.0,0.15,vanilla,True,0,20,0.003105569320834898,25.078587722242354,0.7313861093340503,20,0.001261810765259109,28.990057716893606,0.8667757820612668,15.0,none
val_images_circle,circle,test010.png,9,upright,0.0,False,321,321,80892.0,0.7850467562675476,blur,pnp_hqs,restormer,15.0,fixed15p0,0.2,0.5,0.0,0.15,G16_fixed,True,16,20,0.003105569320834898,25.078587722242354,0.7313861093340503,1,0.0018728167851671635,27.275047069188595,0.7936325401461207,15.0,0;22.5;45;67.5;90;112.5;135;157.5;180;202.5;225;247.5;270;292.5;315;337.5
val_images_circle,circle,test010.png,9,upright,0.0,False,321,321,80892.0,0.7850467562675476,blur,pnp_hqs,restormer,15.0,fixed15p0,0.2,0.5,0.0,0.15,G16_fixed,True,16,20,0.003105569320834898,25.078587722242354,0.7313861093340503,2,0.0016249520060794794,27.891594616405875,0.8154265486698313,15.0,0;22.5;45;67.5;90;112.5;135;157.5;180;202.5;225;247.5;270;292.5;315;337.5
val_images_circle,circle,test010.png,9,upright,0.0,False,321,321,80892.0,0.7850467562675476,blur,pnp_hqs,restormer,15.0,fixed15p0,0.2,0.5,0.0,0.15,G16_fixed,True,16,20,0.003105569320834898,25.078587722242354,0.7313861093340503,3,0.0015167923324487626,28.190738754065947,0.8220401121248084,15.0,0;22.5;45;67.5;90;112.5;135;157.5;180;202.5;225;247.5;270;292.5;315;337.5
val_images_circle,circle,test010.png,9,upright,0.0,False,321,321,80892.0,0.7850467562675476,blur,pnp_hqs,restormer,15.0,fixed15p0,0.2,0.5,0.0,0.15,G16_fixed,True,16,20,0.003105569320834898,25.078587722242354,0.7313861093340503,4,0.0014340807621364558,28.434263901169242,0.8305645953864412,15.0,0;22.5;45;67.5;90;112.5;135;157.5;180;202.5;225;247.5;270;292.5;315;337.5
val_images_circle,circle,test010.png,9,upright,0.0,False,321,321,80892.0,0.7850467562675476,blur,pnp_hqs,restormer,15.0,fixed15p0,0.2,0.5,0.0,0.15,G16_fixed,True,16,20,0.003105569320834898,25.078587722242354,0.7313861093340503,5,0.0014091832745188994,28.510325200659125,0.8294011034774761,15.0,0;22.5;45;67.5;90;112.5;135;157.5;180;202.5;225;247.5;270;292.5;315;337.5
val_images_circle,circle,test010.png,9,upright,0.0,False,321,321,80892.0,0.7850467562675476,blur,pnp_hqs,restormer,15.0,fixed15p0,0.2,0.5,0.0,0.15,G16_fixed,True,16,20,0.003105569320834898,25.078587722242354,0.7313861093340503,6,0.0013689253253952802,28.636202418976374,0.8341860327659101,15.0,0;22.5;45;67.5;90;112.5;135;157.5;180;202.5;225;247.5;270;292.5;315;337.5
val_images_circle,circle,test010.png,9,upright,0.0,False,321,321,80892.0,0.7850467562675476,blur,pnp_hqs,restormer,15.0,fixed15p0,0.2,0.5,0.0,0.15,G16_fixed,True,16,20,0.003105569320834898,25.078587722242354,0.7313861093340503,7,0.0013926677272834169,28.561524883287284,0.8248772282796816,15.0,0;22.5;45;67.5;90;112.5;135;157.5;180;202.5;225;247.5;270;292.5;315;337.5
val_images_circle,circle,test010.png,9,upright,0.0,False,321,321,80892.0,0.7850467562675476,blur,pnp_hqs,restormer,15.0,fixed15p0,0.2,0.5,0.0,0.15,G16_fixed,True,16,20,0.003105569320834898,25.078587722242354,0.7313861093340503,8,0.0013508608296063348,28.693893912054484,0.8338754334483014,15.0,0;22.5;45;67.5;90;112.5;135;157.5;180;202.5;225;247.5;270;292.5;315;337.5
val_images_circle,circle,test010.png,9,upright,0.0,False,321,321,80892.0,0.7850467562675476,blur,pnp_hqs,restormer,15.0,fixed15p0,0.2,0.5,0.0,0.15,G16_fixed,True,16,20,0.003105569320834898,25.078587722242354,0.7313861093340503,9,0.0013936093763340029,28.558589403527588,0.8212185112557484,15.0,0;22.5;45;67.5;90;112.5;135;157.5;180;202.5;225;247.5;270;292.5;315;337.5
val_images_circle,circle,test010.png,9,upright,0.0,False,321,321,80892.0,0.7850467562675476,blur,pnp_hqs,restormer,15.0,fixed15p0,0.2,0.5,0.0,0.15,G16_fixed,True,16,20,0.003105569320834898,25.078587722242354,0.7313861093340503,10,0.0013395270873075753,28.730484998614706,0.8342539280769421,15.0,0;22.5;45;67.5;90;112.5;135;157.5;180;202.5;225;247.5;270;292.5;315;337.5
val_images_circle,circle,test010.png,9,upright,0.0,False,321,321,80892.0,0.7850467562675476,blur,pnp_hqs,restormer,15.0,fixed15p0,0.2,0.5,0.0,0.15,G16_fixed,True,16,20,0.003105569320834898,25.078587722242354,0.7313861093340503,11,0.001389992836585934,28.56987437903615,0.8206365238527914,15.0,0;22.5;45;67.5;90;112.5;135;157.5;180;202.5;225;247.5;270;292.5;315;337.5
val_images_circle,circle,test010.png,9,upright,0.0,False,321,321,80892.0,0.7850467562675476,blur,pnp_hqs,restormer,15.0,fixed15p0,0.2,0.5,0.0,0.15,G16_fixed,True,16,20,0.003105569320834898,25.078587722242354,0.7313861093340503,12,0.0013373662177765281,28.737496513907477,0.8334500012362162,15.0,0;22.5;45;67.5;90;112.5;135;157.5;180;202.5;225;247.5;270;292.5;315;337.5
val_images_circle,circle,test010.png,9,upright,0.0,False,321,321,80892.0,0.7850467562675476,blur,pnp_hqs,restormer,15.0,fixed15p0,0.2,0.5,0.0,0.15,G16_fixed,True,16,20,0.003105569320834898,25.078587722242354,0.7313861093340503,13,0.0013839708664105672,28.588730519965303,0.8218852953629531,15.0,0;22.5;45;67.5;90;112.5;135;157.5;180;202.5;225;247.5;270;292.5;315;337.5
val_images_circle,circle,test010.png,9,upright,0.0,False,321,321,80892.0,0.7850467562675476,blur,pnp_hqs,restormer,15.0,fixed15p0,0.2,0.5,0.0,0.15,G16_fixed,True,16,20,0.003105569320834898,25.078587722242354,0.7313861093340503,14,0.0013332281115971951,28.750955376586525,0.834344519544578,15.0,0;22.5;45;67.5;90;112.5;135;157.5;180;202.5;225;247.5;270;292.5;315;337.5
val_images_circle,circle,test010.png,9,upright,0.0,False,321,321,80892.0,0.7850467562675476,blur,pnp_hqs,restormer,15.0,fixed15p0,0.2,0.5,0.0,0.15,G16_fixed,True,16,20,0.003105569320834898,25.078587722242354,0.7313861093340503,15,0.0013718196889834595,28.627029682398092,0.8242815266033724,15.0,0;22.5;45;67.5;90;112.5;135;157.5;180;202.5;225;247.5;270;292.5;315;337.5
val_images_circle,circle,test010.png,9,upright,0.0,False,321,321,80892.0,0.7850467562675476,blur,pnp_hqs,restormer,15.0,fixed15p0,0.2,0.5,0.0,0.15,G16_fixed,True,16,20,0.003105569320834898,25.078587722242354,0.7313861093340503,16,0.0013276876236336913,28.769040931082476,0.8358537656690402,15.0,0;22.5;45;67.5;90;112.5;135;157.5;180;202.5;225;247.5;270;292.5;315;337.5
val_images_circle,circle,test010.png,9,upright,0.0,False,321,321,80892.0,0.7850467562675476,blur,pnp_hqs,restormer,15.0,fixed15p0,0.2,0.5,0.0,0.15,G16_fixed,True,16,20,0.003105569320834898,25.078587722242354,0.7313861093340503,17,0.0013723855838455904,28.62523852616151,0.8255986763215151,15.0,0;22.5;45;67.5;90;112.5;135;157.5;180;202.5;225;247.5;270;292.5;315;337.5
val_images_circle,circle,test010.png,9,upright,0.0,False,321,321,80892.0,0.7850467562675476,blur,pnp_hqs,restormer,15.0,fixed15p0,0.2,0.5,0.0,0.15,G16_fixed,True,16,20,0.003105569320834898,25.078587722242354,0.7313861093340503,18,0.0013354909365192362,28.743590550278867,0.8339403347982495,15.0,0;22.5;45;67.5;90;112.5;135;157.5;180;202.5;225;247.5;270;292.5;315;337.5
val_images_circle,circle,test010.png,9,upright,0.0,False,321,321,80892.0,0.7850467562675476,blur,pnp_hqs,restormer,15.0,fixed15p0,0.2,0.5,0.0,0.15,G16_fixed,True,16,20,0.003105569320834898,25.078587722242354,0.7313861093340503,19,0.0013565234565442485,28.675726921643417,0.8285811444580429,15.0,0;22.5;45;67.5;90;112.5;135;157.5;180;202.5;225;247.5;270;292.5;315;337.5
val_images_circle,circle,test010.png,9,upright,0.0,False,321,321,80892.0,0.7850467562675476,blur,pnp_hqs,restormer,15.0,fixed15p0,0.2,0.5,0.0,0.15,G16_fixed,True,16,20,0.003105569320834898,25.078587722242354,0.7313861093340503,20,0.0013229204309992896,28.78466276309204,0.8365476885847797,15.0,0;22.5;45;67.5;90;112.5;135;157.5;180;202.5;225;247.5;270;292.5;315;337.5
val_images_circle,circle,test010.png,9,rot45_padded,45.0,False,321,321,80883.0,0.7849593758583069,blur,pnp_hqs,restormer,15.0,fixed15p0,0.2,0.5,0.0,0.15,vanilla,False,0,20,0.0035222932660785872,24.531744875120246,0.7221634471242412,1,0.0018587368168952376,27.30782098695924,0.8072082610839113,15.0,none
val_images_circle,circle,test010.png,9,rot45_padded,45.0,False,321,321,80883.0,0.7849593758583069,blur,pnp_hqs,restormer,15.0,fixed15p0,0.2,0.5,0.0,0.15,vanilla,False,0,20,0.0035222932660785872,24.531744875120246,0.7221634471242412,2,0.0015800946479502028,28.01316897949773,0.8323587388573619,15.0,none
val_images_circle,circle,test010.png,9,rot45_padded,45.0,False,321,321,80883.0,0.7849593758583069,blur,pnp_hqs,restormer,15.0,fixed15p0,0.2,0.5,0.0,0.15,vanilla,False,0,20,0.0035222932660785872,24.531744875120246,0.7221634471242412,3,0.001502306573965732,28.23241432314886,0.8439151691331924,15.0,none
val_images_circle,circle,test010.png,9,rot45_padded,45.0,False,321,321,80883.0,0.7849593758583069,blur,pnp_hqs,restormer,15.0,fixed15p0,0.2,0.5,0.0,0.15,vanilla,False,0,20,0.0035222932660785872,24.531744875120246,0.7221634471242412,4,0.0014393745157212038,28.41826190810422,0.8493269212937206,15.0,none
val_images_circle,circle,test010.png,9,rot45_padded,45.0,False,321,321,80883.0,0.7849593758583069,blur,pnp_hqs,restormer,15.0,fixed15p0,0.2,0.5,0.0,0.15,vanilla,False,0,20,0.0035222932660785872,24.531744875120246,0.7221634471242412,5,0.001385835753912335,28.582882382641714,0.8529660512715899,15.0,none
val_images_circle,circle,test010.png,9,rot45_padded,45.0,False,321,321,80883.0,0.7849593758583069,blur,pnp_hqs,restormer,15.0,fixed15p0,0.2,0.5,0.0,0.15,vanilla,False,0,20,0.0035222932660785872,24.531744875120246,0.7221634471242412,6,0.0013488871026354232,28.70024397810863,0.8551835676223681,15.0,none
val_images_circle,circle,test010.png,9,rot45_padded,45.0,False,321,321,80883.0,0.7849593758583069,blur,pnp_hqs,restormer,15.0,fixed15p0,0.2,0.5,0.0,0.15,vanilla,False,0,20,0.0035222932660785872,24.531744875120246,0.7221634471242412,7,0.0013233119399160573,28.783377689526482,0.8569648829173003,15.0,none
val_images_circle,circle,test010.png,9,rot45_padded,45.0,False,321,321,80883.0,0.7849593758583069,blur,pnp_hqs,restormer,15.0,fixed15p0,0.2,0.5,0.0,0.15,vanilla,False,0,20,0.0035222932660785872,24.531744875120246,0.7221634471242412,8,0.001305692635069715,28.8415904557517,0.8580776012882806,15.0,none
val_images_circle,circle,test010.png,9,rot45_padded,45.0,False,321,321,80883.0,0.7849593758583069,blur,pnp_hqs,restormer,15.0,fixed15p0,0.2,0.5,0.0,0.15,vanilla,False,0,20,0.0035222932660785872,24.531744875120246,0.7221634471242412,9,0.0012929989555467078,28.88401825932046,0.8589245036039712,15.0,none
val_images_circle,circle,test010.png,9,rot45_padded,45.0,False,321,321,80883.0,0.7849593758583069,blur,pnp_hqs,restormer,15.0,fixed15p0,0.2,0.5,0.0,0.15,vanilla,False,0,20,0.0035222932660785872,24.531744875120246,0.7221634471242412,10,0.0012843681929610613,28.91310458160456,0.8595948391503777,15.0,none
val_images_circle,circle,test010.png,9,rot45_padded,45.0,False,321,321,80883.0,0.7849593758583069,blur,pnp_hqs,restormer,15.0,fixed15p0,0.2,0.5,0.0,0.15,vanilla,False,0,20,0.0035222932660785872,24.531744875120246,0.7221634471242412,11,0.0012774290783301575,28.936632021481323,0.860088028386682,15.0,none
val_images_circle,circle,test010.png,9,rot45_padded,45.0,False,321,321,80883.0,0.7849593758583069,blur,pnp_hqs,restormer,15.0,fixed15p0,0.2,0.5,0.0,0.15,vanilla,False,0,20,0.0035222932660785872,24.531744875120246,0.7221634471242412,12,0.0012723103670603873,28.954069340807266,0.8604920649271169,15.0,none
val_images_circle,circle,test010.png,9,rot45_padded,45.0,False,321,321,80883.0,0.7849593758583069,blur,pnp_hqs,restormer,15.0,fixed15p0,0.2,0.5,0.0,0.15,vanilla,False,0,20,0.0035222932660785872,24.531744875120246,0.7221634471242412,13,0.0012683571516157984,28.96758437987696,0.8608476132190942,15.0,none
val_images_circle,circle,test010.png,9,rot45_padded,45.0,False,321,321,80883.0,0.7849593758583069,blur,pnp_hqs,restormer,15.0,fixed15p0,0.2,0.5,0.0,0.15,vanilla,False,0,20,0.0035222932660785872,24.531744875120246,0.7221634471242412,14,0.0012653682339877218,28.977830723401297,0.8611323609411125,15.0,none
val_images_circle,circle,test010.png,9,rot45_padded,45.0,False,321,321,80883.0,0.7849593758583069,blur,pnp_hqs,restormer,15.0,fixed15p0,0.2,0.5,0.0,0.15,vanilla,False,0,20,0.0035222932660785872,24.531744875120246,0.7221634471242412,15,0.0012632907914453303,28.984966695681823,0.8613997224385841,15.0,none
val_images_circle,circle,test010.png,9,rot45_padded,45.0,False,321,321,80883.0,0.7849593758583069,blur,pnp_hqs,restormer,15.0,fixed15p0,0.2,0.5,0.0,0.15,vanilla,False,0,20,0.0035222932660785872,24.531744875120246,0.7221634471242412,16,0.0012601390666147397,28.995815243025262,0.8615796698626411,15.0,none
val_images_circle,circle,test010.png,9,rot45_padded,45.0,False,321,321,80883.0,0.7849593758583069,blur,pnp_hqs,restormer,15.0,fixed15p0,0.2,0.5,0.0,0.15,vanilla,False,0,20,0.0035222932660785872,24.531744875120246,0.7221634471242412,17,0.0012601488765504648,28.995781434182387,0.8618138043532015,15.0,none
val_images_circle,circle,test010.png,9,rot45_padded,45.0,False,321,321,80883.0,0.7849593758583069,blur,pnp_hqs,restormer,15.0,fixed15p0,0.2,0.5,0.0,0.15,vanilla,False,0,20,0.0035222932660785872,24.531744875120246,0.7221634471242412,18,0.0012570084708764802,29.006617956294626,0.8618684743703868,15.0,none
val_images_circle,circle,test010.png,9,rot45_padded,45.0,False,321,321,80883.0,0.7849593758583069,blur,pnp_hqs,restormer,15.0,fixed15p0,0.2,0.5,0.0,0.15,vanilla,False,0,20,0.0035222932660785872,24.531744875120246,0.7221634471242412,19,0.0012569406502631502,29.006852281785847,0.8619535702805287,15.0,none
val_images_circle,circle,test010.png,9,rot45_padded,45.0,False,321,321,80883.0,0.7849593758583069,blur,pnp_hqs,restormer,15.0,fixed15p0,0.2,0.5,0.0,0.15,vanilla,False,0,20,0.0035222932660785872,24.531744875120246,0.7221634471242412,20,0.0012558305239790326,29.01068965269902,0.862159983401951,15.0,none
val_images_circle,circle,test010.png,9,rot45_padded,45.0,False,321,321,80883.0,0.7849593758583069,blur,pnp_hqs,restormer,15.0,fixed15p0,0.2,0.5,0.0,0.15,G16_fixed,False,16,20,0.0035222932660785872,24.531744875120246,0.7221634471242412,1,0.0018521792521682555,27.3231698500809,0.8097084484687759,15.0,0;22.5;45;67.5;90;112.5;135;157.5;180;202.5;225;247.5;270;292.5;315;337.5
val_images_circle,circle,test010.png,9,rot45_padded,45.0,False,321,321,80883.0,0.7849593758583069,blur,pnp_hqs,restormer,15.0,fixed15p0,0.2,0.5,0.0,0.15,G16_fixed,False,16,20,0.0035222932660785872,24.531744875120246,0.7221634471242412,2,0.0016089313313192358,27.934624910566775,0.8337504095421782,15.0,0;22.5;45;67.5;90;112.5;135;157.5;180;202.5;225;247.5;270;292.5;315;337.5
val_images_circle,circle,test010.png,9,rot45_padded,45.0,False,321,321,80883.0,0.7849593758583069,blur,pnp_hqs,restormer,15.0,fixed15p0,0.2,0.5,0.0,0.15,G16_fixed,False,16,20,0.0035222932660785872,24.531744875120246,0.7221634471242412,3,0.0014942941203096795,28.255639123896096,0.8452768002855977,15.0,0;22.5;45;67.5;90;112.5;135;157.5;180;202.5;225;247.5;270;292.5;315;337.5
val_images_circle,circle,test010.png,9,rot45_padded,45.0,False,321,321,80883.0,0.7849593758583069,blur,pnp_hqs,restormer,15.0,fixed15p0,0.2,0.5,0.0,0.15,G16_fixed,False,16,20,0.0035222932660785872,24.531744875120246,0.7221634471242412,4,0.0014154278966585028,28.491122491395075,0.8517621518118764,15.0,0;22.5;45;67.5;90;112.5;135;157.5;180;202.5;225;247.5;270;292.5;315;337.5
val_images_circle,circle,test010.png,9,rot45_padded,45.0,False,321,321,80883.0,0.7849593758583069,blur,pnp_hqs,restormer,15.0,fixed15p0,0.2,0.5,0.0,0.15,G16_fixed,False,16,20,0.0035222932660785872,24.531744875120246,0.7221634471242412,5,0.001357421369411005,28.672853181442353,0.8560714241558794,15.0,0;22.5;45;67.5;90;112.5;135;157.5;180;202.5;225;247.5;270;292.5;315;337.5
val_images_circle,circle,test010.png,9,rot45_padded,45.0,False,321,321,80883.0,0.7849593758583069,blur,pnp_hqs,restormer,15.0,fixed15p0,0.2,0.5,0.0,0.15,G16_fixed,False,16,20,0.0035222932660785872,24.531744875120246,0.7221634471242412,6,0.001315899024254894,28.80777435107629,0.8590029347947035,15.0,0;22.5;45;67.5;90;112.5;135;157.5;180;202.5;225;247.5;270;292.5;315;337.5
val_images_circle,circle,test010.png,9,rot45_padded,45.0,False,321,321,80883.0,0.7849593758583069,blur,pnp_hqs,restormer,15.0,fixed15p0,0.2,0.5,0.0,0.15,G16_fixed,False,16,20,0.0035222932660785872,24.531744875120246,0.7221634471242412,7,0.0012846810733149077,28.912046741152633,0.8611689686027967,15.0,0;22.5;45;67.5;90;112.5;135;157.5;180;202.5;225;247.5;270;292.5;315;337.5
val_images_circle,circle,test010.png,9,rot45_padded,45.0,False,321,321,80883.0,0.7849593758583069,blur,pnp_hqs,restormer,15.0,fixed15p0,0.2,0.5,0.0,0.15,G16_fixed,False,16,20,0.0035222932660785872,24.531744875120246,0.7221634471242412,8,0.0012613421043093302,28.991671070322703,0.8628134156744928,15.0,0;22.5;45;67.5;90;112.5;135;157.5;180;202.5;225;247.5;270;292.5;315;337.5
val_images_circle,circle,test010.png,9,rot45_padded,45.0,False,321,321,80883.0,0.7849593758583069,blur,pnp_hqs,restormer,15.0,fixed15p0,0.2,0.5,0.0,0.15,G16_fixed,False,16,20,0.0035222932660785872,24.531744875120246,0.7221634471242412,9,0.0012431536345383243,29.054751959688847,0.8641167063845308,15.0,0;22.5;45;67.5;90;112.5;135;157.5;180;202.5;225;247.5;270;292.5;315;337.5
val_images_circle,circle,test010.png,9,rot45_padded,45.0,False,321,321,80883.0,0.7849593758583069,blur,pnp_hqs,restormer,15.0,fixed15p0,0.2,0.5,0.0,0.15,G16_fixed,False,16,20,0.0035222932660785872,24.531744875120246,0.7221634471242412,10,0.001228844145409834,29.10503195291473,0.8651819989985534,15.0,0;22.5;45;67.5;90;112.5;135;157.5;180;202.5;225;247.5;270;292.5;315;337.5
val_images_circle,circle,test010.png,9,rot45_padded,45.0,False,321,321,80883.0,0.7849593758583069,blur,pnp_hqs,restormer,15.0,fixed15p0,0.2,0.5,0.0,0.15,G16_fixed,False,16,20,0.0035222932660785872,24.531744875120246,0.7221634471242412,11,0.001217254083655896,29.14618759804252,0.8660654123857918,15.0,0;22.5;45;67.5;90;112.5;135;157.5;180;202.5;225;247.5;270;292.5;315;337.5
val_images_circle,circle,test010.png,9,rot45_padded,45.0,False,321,321,80883.0,0.7849593758583069,blur,pnp_hqs,restormer,15.0,fixed15p0,0.2,0.5,0.0,0.15,G16_fixed,False,16,20,0.0035222932660785872,24.531744875120246,0.7221634471242412,12,0.001207674304115155,29.180501741563543,0.8668159177453854,15.0,0;22.5;45;67.5;90;112.5;135;157.5;180;202.5;225;247.5;270;292.5;315;337.5
val_images_circle,circle,test010.png,9,rot45_padded,45.0,False,321,321,80883.0,0.7849593758583069,blur,pnp_hqs,restormer,15.0,fixed15p0,0.2,0.5,0.0,0.15,G16_fixed,False,16,20,0.0035222932660785872,24.531744875120246,0.7221634471242412,13,0.0011995999724029906,29.209635529035317,0.8674572762508809,15.0,0;22.5;45;67.5;90;112.5;135;157.5;180;202.5;225;247.5;270;292.5;315;337.5
val_images_circle,circle,test010.png,9,rot45_padded,45.0,False,321,321,80883.0,0.7849593758583069,blur,pnp_hqs,restormer,15.0,fixed15p0,0.2,0.5,0.0,0.15,G16_fixed,False,16,20,0.0035222932660785872,24.531744875120246,0.7221634471242412,14,0.0011926384081114851,29.23491208605671,0.8680160501897803,15.0,0;22.5;45;67.5;90;112.5;135;157.5;180;202.5;225;247.5;270;292.5;315;337.5
val_images_circle,circle,test010.png,9,rot45_padded,45.0,False,321,321,80883.0,0.7849593758583069,blur,pnp_hqs,restormer,15.0,fixed15p0,0.2,0.5,0.0,0.15,G16_fixed,False,16,20,0.0035222932660785872,24.531744875120246,0.7221634471242412,15,0.001186608316082335,29.25692612330932,0.8685021883461296,15.0,0;22.5;45;67.5;90;112.5;135;157.5;180;202.5;225;247.5;270;292.5;315;337.5
val_images_circle,circle,test010.png,9,rot45_padded,45.0,False,321,321,80883.0,0.7849593758583069,blur,pnp_hqs,restormer,15.0,fixed15p0,0.2,0.5,0.0,0.15,G16_fixed,False,16,20,0.0035222932660785872,24.531744875120246,0.7221634471242412,16,0.0011813060458229403,29.276375733489452,0.8689341394359754,15.0,0;22.5;45;67.5;90;112.5;135;157.5;180;202.5;225;247.5;270;292.5;315;337.5
val_images_circle,circle,test010.png,9,rot45_padded,45.0,False,321,321,80883.0,0.7849593758583069,blur,pnp_hqs,restormer,15.0,fixed15p0,0.2,0.5,0.0,0.15,G16_fixed,False,16,20,0.0035222932660785872,24.531744875120246,0.7221634471242412,17,0.001176669719277189,29.293454226489626,0.8693149943436816,15.0,0;22.5;45;67.5;90;112.5;135;157.5;180;202.5;225;247.5;270;292.5;315;337.5
val_images_circle,circle,test010.png,9,rot45_padded,45.0,False,321,321,80883.0,0.7849593758583069,blur,pnp_hqs,restormer,15.0,fixed15p0,0.2,0.5,0.0,0.15,G16_fixed,False,16,20,0.0035222932660785872,24.531744875120246,0.7221634471242412,18,0.0011725430377576155,29.308712077023312,0.8696579859179309,15.0,0;22.5;45;67.5;90;112.5;135;157.5;180;202.5;225;247.5;270;292.5;315;337.5
val_images_circle,circle,test010.png,9,rot45_padded,45.0,False,321,321,80883.0,0.7849593758583069,blur,pnp_hqs,restormer,15.0,fixed15p0,0.2,0.5,0.0,0.15,G16_fixed,False,16,20,0.0035222932660785872,24.531744875120246,0.7221634471242412,19,0.0011689035516036185,29.322213218016984,0.8699637902896776,15.0,0;22.5;45;67.5;90;112.5;135;157.5;180;202.5;225;247.5;270;292.5;315;337.5
val_images_circle,circle,test010.png,9,rot45_padded,45.0,False,321,321,80883.0,0.7849593758583069,blur,pnp_hqs,restormer,15.0,fixed15p0,0.2,0.5,0.0,0.15,G16_fixed,False,16,20,0.0035222932660785872,24.531744875120246,0.7221634471242412,20,0.0011656348621547675,29.334374720350564,0.8702414869317409,15.0,0;22.5;45;67.5;90;112.5;135;157.5;180;202.5;225;247.5;270;292.5;315;337.5
