dataset,eval_mask,file,image_index,input_pose,input_angle_deg,input_rotate_expand,input_pad,input_height,input_width,eval_mask_pixels,eval_mask_fraction,problem,algorithm,denoiser,train_sigma,schedule,rho,step,red_input_sigma,lambda,mode,group_expand,base_group_size,num_iter,init_method,degraded_se,degraded_psnr,degraded_ssim,iteration,se,psnr,ssim,effective_denoiser_sigma,sampled_angles
val_images,none,test001.png,0,rot0_padded,0.0,True,0,588,588,154401.0,0.4465760886669159,blur,pnp_hqs,wavelet,15.0,fixed10p0,0.4,0.5,0.0,0.15,vanilla,False,0,20,adjoint,0.011973647606314078,19.217735276238827,0.33229431298210504,1,0.007800303325684824,21.07888508833904,0.48799802340982246,10.0,none
val_images,none,test001.png,0,rot0_padded,0.0,True,0,588,588,154401.0,0.4465760886669159,blur,pnp_hqs,wavelet,15.0,fixed10p0,0.4,0.5,0.0,0.15,vanilla,False,0,20,adjoint,0.011973647606314078,19.217735276238827,0.33229431298210504,2,0.007452077877521438,21.277226151819818,0.5076570605922242,10.0,none
val_images,none,test001.png,0,rot0_padded,0.0,True,0,588,588,154401.0,0.4465760886669159,blur,pnp_hqs,wavelet,15.0,fixed10p0,0.4,0.5,0.0,0.15,vanilla,False,0,20,adjoint,0.011973647606314078,19.217735276238827,0.33229431298210504,3,0.0073727366413187095,21.32371279085481,0.51465021478164,10.0,none
val_images,none,test001.png,0,rot0_padded,0.0,True,0,588,588,154401.0,0.4465760886669159,blur,pnp_hqs,wavelet,15.0,fixed10p0,0.4,0.5,0.0,0.15,vanilla,False,0,20,adjoint,0.011973647606314078,19.217735276238827,0.33229431298210504,4,0.0073888570917813035,21.31422733069193,0.516512249353955,10.0,none
val_images,none,test001.png,0,rot0_padded,0.0,True,0,588,588,154401.0,0.4465760886669159,blur,pnp_hqs,wavelet,15.0,fixed10p0,0.4,0.5,0.0,0.15,vanilla,False,0,20,adjoint,0.011973647606314078,19.217735276238827,0.33229431298210504,5,0.007446928662520806,21.280228064388865,0.5160166850441383,10.0,none
val_images,none,test001.png,0,rot0_padded,0.0,True,0,588,588,154401.0,0.4465760886669159,blur,pnp_hqs,wavelet,15.0,fixed10p0,0.4,0.5,0.0,0.15,vanilla,False,0,20,adjoint,0.011973647606314078,19.217735276238827,0.33229431298210504,6,0.007525831112553514,21.23445531924878,0.5143477859599355,10.0,none
val_images,none,test001.png,0,rot0_padded,0.0,True,0,588,588,154401.0,0.4465760886669159,blur,pnp_hqs,wavelet,15.0,fixed10p0,0.4,0.5,0.0,0.15,vanilla,False,0,20,adjoint,0.011973647606314078,19.217735276238827,0.33229431298210504,7,0.007615750653179465,21.182872835995504,0.5120699307323139,10.0,none
val_images,none,test001.png,0,rot0_padded,0.0,True,0,588,588,154401.0,0.4465760886669159,blur,pnp_hqs,wavelet,15.0,fixed10p0,0.4,0.5,0.0,0.15,vanilla,False,0,20,adjoint,0.011973647606314078,19.217735276238827,0.33229431298210504,8,0.007711975274356626,21.128343715102687,0.5094397563001535,10.0,none
val_images,none,test001.png,0,rot0_padded,0.0,True,0,588,588,154401.0,0.4465760886669159,blur,pnp_hqs,wavelet,15.0,fixed10p0,0.4,0.5,0.0,0.15,vanilla,False,0,20,adjoint,0.011973647606314078,19.217735276238827,0.33229431298210504,9,0.007812031170812932,21.07236032500793,0.5066113865033257,10.0,none
val_images,none,test001.png,0,rot0_padded,0.0,True,0,588,588,154401.0,0.4465760886669159,blur,pnp_hqs,wavelet,15.0,fixed10p0,0.4,0.5,0.0,0.15,vanilla,False,0,20,adjoint,0.011973647606314078,19.217735276238827,0.33229431298210504,10,0.007914968825088568,21.01550791366208,0.5036703332556136,10.0,none
val_images,none,test001.png,0,rot0_padded,0.0,True,0,588,588,154401.0,0.4465760886669159,blur,pnp_hqs,wavelet,15.0,fixed10p0,0.4,0.5,0.0,0.15,vanilla,False,0,20,adjoint,0.011973647606314078,19.217735276238827,0.33229431298210504,11,0.008019817373369506,20.958355213219374,0.5006704336435644,10.0,none
val_images,none,test001.png,0,rot0_padded,0.0,True,0,588,588,154401.0,0.4465760886669159,blur,pnp_hqs,wavelet,15.0,fixed10p0,0.4,0.5,0.0,0.15,vanilla,False,0,20,adjoint,0.011973647606314078,19.217735276238827,0.33229431298210504,12,0.008126057387703124,20.90120114931735,0.4976478151857825,10.0,none
val_images,none,test001.png,0,rot0_padded,0.0,True,0,588,588,154401.0,0.4465760886669159,blur,pnp_hqs,wavelet,15.0,fixed10p0,0.4,0.5,0.0,0.15,vanilla,False,0,20,adjoint,0.011973647606314078,19.217735276238827,0.33229431298210504,13,0.00823338053186184,20.84421811824159,0.4946196814625553,10.0,none
val_images,none,test001.png,0,rot0_padded,0.0,True,0,588,588,154401.0,0.4465760886669159,blur,pnp_hqs,wavelet,15.0,fixed10p0,0.4,0.5,0.0,0.15,vanilla,False,0,20,adjoint,0.011973647606314078,19.217735276238827,0.33229431298210504,14,0.008341378062692681,20.787621944961753,0.49160424802948166,10.0,none
val_images,none,test001.png,0,rot0_padded,0.0,True,0,588,588,154401.0,0.4465760886669159,blur,pnp_hqs,wavelet,15.0,fixed10p0,0.4,0.5,0.0,0.15,vanilla,False,0,20,adjoint,0.011973647606314078,19.217735276238827,0.33229431298210504,15,0.008449905299350392,20.731481582929142,0.4886218555903135,10.0,none
val_images,none,test001.png,0,rot0_padded,0.0,True,0,588,588,154401.0,0.4465760886669159,blur,pnp_hqs,wavelet,15.0,fixed10p0,0.4,0.5,0.0,0.15,vanilla,False,0,20,adjoint,0.011973647606314078,19.217735276238827,0.33229431298210504,16,0.008558506062339299,20.676020373679123,0.48568591281792217,10.0,none
val_images,none,test001.png,0,rot0_padded,0.0,True,0,588,588,154401.0,0.4465760886669159,blur,pnp_hqs,wavelet,15.0,fixed10p0,0.4,0.5,0.0,0.15,vanilla,False,0,20,adjoint,0.011973647606314078,19.217735276238827,0.33229431298210504,17,0.008667318707658953,20.62115233615812,0.4827918658234079,10.0,none
val_images,none,test001.png,0,rot0_padded,0.0,True,0,588,588,154401.0,0.4465760886669159,blur,pnp_hqs,wavelet,15.0,fixed10p0,0.4,0.5,0.0,0.15,vanilla,False,0,20,adjoint,0.011973647606314078,19.217735276238827,0.33229431298210504,18,0.008776159024178519,20.566955159372764,0.4799468996314791,10.0,none
val_images,none,test001.png,0,rot0_padded,0.0,True,0,588,588,154401.0,0.4465760886669159,blur,pnp_hqs,wavelet,15.0,fixed10p0,0.4,0.5,0.0,0.15,vanilla,False,0,20,adjoint,0.011973647606314078,19.217735276238827,0.33229431298210504,19,0.008884824616835789,20.5135114058712,0.4771533923841167,10.0,none
val_images,none,test001.png,0,rot0_padded,0.0,True,0,588,588,154401.0,0.4465760886669159,blur,pnp_hqs,wavelet,15.0,fixed10p0,0.4,0.5,0.0,0.15,vanilla,False,0,20,adjoint,0.011973647606314078,19.217735276238827,0.33229431298210504,20,0.008993219031733926,20.46084829124624,0.47441478479737825,10.0,none
val_images,none,test001.png,0,rot0_padded,0.0,True,0,588,588,154401.0,0.4465760886669159,blur,pnp_hqs,wavelet,15.0,fixed10p0,0.4,0.5,0.0,0.15,G16_fixed,False,16,20,adjoint,0.011973647606314078,19.217735276238827,0.33229431298210504,1,0.0074913931183553705,21.254374122931864,0.4967422490786977,10.0,0;22.5;45;67.5;90;112.5;135;157.5;180;202.5;225;247.5;270;292.5;315;337.5
val_images,none,test001.png,0,rot0_padded,0.0,True,0,588,588,154401.0,0.4465760886669159,blur,pnp_hqs,wavelet,15.0,fixed10p0,0.4,0.5,0.0,0.15,G16_fixed,False,16,20,adjoint,0.011973647606314078,19.217735276238827,0.33229431298210504,2,0.007142939975747,21.46122999366062,0.5142390998115297,10.0,0;22.5;45;67.5;90;112.5;135;157.5;180;202.5;225;247.5;270;292.5;315;337.5
val_images,none,test001.png,0,rot0_padded,0.0,True,0,588,588,154401.0,0.4465760886669159,blur,pnp_hqs,wavelet,15.0,fixed10p0,0.4,0.5,0.0,0.15,G16_fixed,False,16,20,adjoint,0.011973647606314078,19.217735276238827,0.33229431298210504,3,0.007001845318005146,21.547874877267756,0.5220514986139986,10.0,0;22.5;45;67.5;90;112.5;135;157.5;180;202.5;225;247.5;270;292.5;315;337.5
val_images,none,test001.png,0,rot0_padded,0.0,True,0,588,588,154401.0,0.4465760886669159,blur,pnp_hqs,wavelet,15.0,fixed10p0,0.4,0.5,0.0,0.15,G16_fixed,False,16,20,adjoint,0.011973647606314078,19.217735276238827,0.33229431298210504,4,0.006936766608842397,21.588429173207096,0.5258993323391687,10.0,0;22.5;45;67.5;90;112.5;135;157.5;180;202.5;225;247.5;270;292.5;315;337.5
val_images,none,test001.png,0,rot0_padded,0.0,True,0,588,588,154401.0,0.4465760886669159,blur,pnp_hqs,wavelet,15.0,fixed10p0,0.4,0.5,0.0,0.15,G16_fixed,False,16,20,adjoint,0.011973647606314078,19.217735276238827,0.33229431298210504,5,0.0069039944208789126,21.60899568246277,0.5279325425353463,10.0,0;22.5;45;67.5;90;112.5;135;157.5;180;202.5;225;247.5;270;292.5;315;337.5
val_images,none,test001.png,0,rot0_padded,0.0,True,0,588,588,154401.0,0.4465760886669159,blur,pnp_hqs,wavelet,15.0,fixed10p0,0.4,0.5,0.0,0.15,G16_fixed,False,16,20,adjoint,0.011973647606314078,19.217735276238827,0.33229431298210504,6,0.0068864421834723384,21.620050943707515,0.5290668656614919,10.0,0;22.5;45;67.5;90;112.5;135;157.5;180;202.5;225;247.5;270;292.5;315;337.5
val_images,none,test001.png,0,rot0_padded,0.0,True,0,588,588,154401.0,0.4465760886669159,blur,pnp_hqs,wavelet,15.0,fixed10p0,0.4,0.5,0.0,0.15,G16_fixed,False,16,20,adjoint,0.011973647606314078,19.217735276238827,0.33229431298210504,7,0.006876571471161132,21.62628038840876,0.5297259145828072,10.0,0;22.5;45;67.5;90;112.5;135;157.5;180;202.5;225;247.5;270;292.5;315;337.5
val_images,none,test001.png,0,rot0_padded,0.0,True,0,588,588,154401.0,0.4465760886669159,blur,pnp_hqs,wavelet,15.0,fixed10p0,0.4,0.5,0.0,0.15,G16_fixed,False,16,20,adjoint,0.011973647606314078,19.217735276238827,0.33229431298210504,8,0.006870812699156742,21.629918903226347,0.5301220017195485,10.0,0;22.5;45;67.5;90;112.5;135;157.5;180;202.5;225;247.5;270;292.5;315;337.5
val_images,none,test001.png,0,rot0_padded,0.0,True,0,588,588,154401.0,0.4465760886669159,blur,pnp_hqs,wavelet,15.0,fixed10p0,0.4,0.5,0.0,0.15,G16_fixed,False,16,20,adjoint,0.011973647606314078,19.217735276238827,0.33229431298210504,9,0.006867352217956409,21.632106776105854,0.5303660901645715,10.0,0;22.5;45;67.5;90;112.5;135;157.5;180;202.5;225;247.5;270;292.5;315;337.5
val_images,none,test001.png,0,rot0_padded,0.0,True,0,588,588,154401.0,0.4465760886669159,blur,pnp_hqs,wavelet,15.0,fixed10p0,0.4,0.5,0.0,0.15,G16_fixed,False,16,20,adjoint,0.011973647606314078,19.217735276238827,0.33229431298210504,10,0.006865224697986088,21.633452437879747,0.530519758615553,10.0,0;22.5;45;67.5;90;112.5;135;157.5;180;202.5;225;247.5;270;292.5;315;337.5
val_images,none,test001.png,0,rot0_padded,0.0,True,0,588,588,154401.0,0.4465760886669159,blur,pnp_hqs,wavelet,15.0,fixed10p0,0.4,0.5,0.0,0.15,G16_fixed,False,16,20,adjoint,0.011973647606314078,19.217735276238827,0.33229431298210504,11,0.006863889364938942,21.634297252443965,0.5306181226157861,10.0,0;22.5;45;67.5;90;112.5;135;157.5;180;202.5;225;247.5;270;292.5;315;337.5
val_images,none,test001.png,0,rot0_padded,0.0,True,0,588,588,154401.0,0.4465760886669159,blur,pnp_hqs,wavelet,15.0,fixed10p0,0.4,0.5,0.0,0.15,G16_fixed,False,16,20,adjoint,0.011973647606314078,19.217735276238827,0.33229431298210504,12,0.006863037882587386,21.634836038846082,0.5306822312517406,10.0,0;22.5;45;67.5;90;112.5;135;157.5;180;202.5;225;247.5;270;292.5;315;337.5
val_images,none,test001.png,0,rot0_padded,0.0,True,0,588,588,154401.0,0.4465760886669159,blur,pnp_hqs,wavelet,15.0,fixed10p0,0.4,0.5,0.0,0.15,G16_fixed,False,16,20,adjoint,0.011973647606314078,19.217735276238827,0.33229431298210504,13,0.006862485249194873,21.63518576050071,0.530724430622211,10.0,0;22.5;45;67.5;90;112.5;135;157.5;180;202.5;225;247.5;270;292.5;315;337.5
val_images,none,test001.png,0,rot0_padded,0.0,True,0,588,588,154401.0,0.4465760886669159,blur,pnp_hqs,wavelet,15.0,fixed10p0,0.4,0.5,0.0,0.15,G16_fixed,False,16,20,adjoint,0.011973647606314078,19.217735276238827,0.33229431298210504,14,0.006862123942384602,21.635414420642242,0.5307526141346235,10.0,0;22.5;45;67.5;90;112.5;135;157.5;180;202.5;225;247.5;270;292.5;315;337.5
val_images,none,test001.png,0,rot0_padded,0.0,True,0,588,588,154401.0,0.4465760886669159,blur,pnp_hqs,wavelet,15.0,fixed10p0,0.4,0.5,0.0,0.15,G16_fixed,False,16,20,adjoint,0.011973647606314078,19.217735276238827,0.33229431298210504,15,0.006861885179459654,21.635565533075756,0.53077153807294,10.0,0;22.5;45;67.5;90;112.5;135;157.5;180;202.5;225;247.5;270;292.5;315;337.5
val_images,none,test001.png,0,rot0_padded,0.0,True,0,588,588,154401.0,0.4465760886669159,blur,pnp_hqs,wavelet,15.0,fixed10p0,0.4,0.5,0.0,0.15,G16_fixed,False,16,20,adjoint,0.011973647606314078,19.217735276238827,0.33229431298210504,16,0.00686172547710588,21.635666611214344,0.5307843395606247,10.0,0;22.5;45;67.5;90;112.5;135;157.5;180;202.5;225;247.5;270;292.5;315;337.5
val_images,none,test001.png,0,rot0_padded,0.0,True,0,588,588,154401.0,0.4465760886669159,blur,pnp_hqs,wavelet,15.0,fixed10p0,0.4,0.5,0.0,0.15,G16_fixed,False,16,20,adjoint,0.011973647606314078,19.217735276238827,0.33229431298210504,17,0.006861617954729082,21.63573466514764,0.5307930425482995,10.0,0;22.5;45;67.5;90;112.5;135;157.5;180;202.5;225;247.5;270;292.5;315;337.5
val_images,none,test001.png,0,rot0_padded,0.0,True,0,588,588,154401.0,0.4465760886669159,blur,pnp_hqs,wavelet,15.0,fixed10p0,0.4,0.5,0.0,0.15,G16_fixed,False,16,20,adjoint,0.011973647606314078,19.217735276238827,0.33229431298210504,18,0.006861545219003601,21.63578070223663,0.5307991144001658,10.0,0;22.5;45;67.5;90;112.5;135;157.5;180;202.5;225;247.5;270;292.5;315;337.5
val_images,none,test001.png,0,rot0_padded,0.0,True,0,588,588,154401.0,0.4465760886669159,blur,pnp_hqs,wavelet,15.0,fixed10p0,0.4,0.5,0.0,0.15,G16_fixed,False,16,20,adjoint,0.011973647606314078,19.217735276238827,0.33229431298210504,19,0.0068614962014494725,21.635811727506645,0.530803263498941,10.0,0;22.5;45;67.5;90;112.5;135;157.5;180;202.5;225;247.5;270;292.5;315;337.5
val_images,none,test001.png,0,rot0_padded,0.0,True,0,588,588,154401.0,0.4465760886669159,blur,pnp_hqs,wavelet,15.0,fixed10p0,0.4,0.5,0.0,0.15,G16_fixed,False,16,20,adjoint,0.011973647606314078,19.217735276238827,0.33229431298210504,20,0.006861462205403867,21.635833245162786,0.530806097029812,10.0,0;22.5;45;67.5;90;112.5;135;157.5;180;202.5;225;247.5;270;292.5;315;337.5
val_images,none,test001.png,0,rot5_padded,5.0,True,0,640,640,154397.0,0.3769457936286926,blur,pnp_hqs,wavelet,15.0,fixed10p0,0.4,0.5,0.0,0.15,vanilla,False,0,20,adjoint,0.011922667517372018,19.236265668719362,0.3373684701613373,1,0.007717073790243252,21.12547347029786,0.4856191546791712,10.0,none
val_images,none,test001.png,0,rot5_padded,5.0,True,0,640,640,154397.0,0.3769457936286926,blur,pnp_hqs,wavelet,15.0,fixed10p0,0.4,0.5,0.0,0.15,vanilla,False,0,20,adjoint,0.011922667517372018,19.236265668719362,0.3373684701613373,2,0.007364319310567887,21.328673891235916,0.5049278908430863,10.0,none
val_images,none,test001.png,0,rot5_padded,5.0,True,0,640,640,154397.0,0.3769457936286926,blur,pnp_hqs,wavelet,15.0,fixed10p0,0.4,0.5,0.0,0.15,vanilla,False,0,20,adjoint,0.011922667517372018,19.236265668719362,0.3373684701613373,3,0.007286579408774539,21.37476297817043,0.5118327266721504,10.0,none
val_images,none,test001.png,0,rot5_padded,5.0,True,0,640,640,154397.0,0.3769457936286926,blur,pnp_hqs,wavelet,15.0,fixed10p0,0.4,0.5,0.0,0.15,vanilla,False,0,20,adjoint,0.011922667517372018,19.236265668719362,0.3373684701613373,4,0.007305510952993743,21.363494037809584,0.5138656859427321,10.0,none
val_images,none,test001.png,0,rot5_padded,5.0,True,0,640,640,154397.0,0.3769457936286926,blur,pnp_hqs,wavelet,15.0,fixed10p0,0.4,0.5,0.0,0.15,vanilla,False,0,20,adjoint,0.011922667517372018,19.236265668719362,0.3373684701613373,5,0.007362748336320087,21.32960043746491,0.5137645363899558,10.0,none
val_images,none,test001.png,0,rot5_padded,5.0,True,0,640,640,154397.0,0.3769457936286926,blur,pnp_hqs,wavelet,15.0,fixed10p0,0.4,0.5,0.0,0.15,vanilla,False,0,20,adjoint,0.011922667517372018,19.236265668719362,0.3373684701613373,6,0.007435778477874813,21.28673556940702,0.5126639341276061,10.0,none
val_images,none,test001.png,0,rot5_padded,5.0,True,0,640,640,154397.0,0.3769457936286926,blur,pnp_hqs,wavelet,15.0,fixed10p0,0.4,0.5,0.0,0.15,vanilla,False,0,20,adjoint,0.011922667517372018,19.236265668719362,0.3373684701613373,7,0.007517061966270394,21.239518696689807,0.5110193304435967,10.0,none
val_images,none,test001.png,0,rot5_padded,5.0,True,0,640,640,154397.0,0.3769457936286926,blur,pnp_hqs,wavelet,15.0,fixed10p0,0.4,0.5,0.0,0.15,vanilla,False,0,20,adjoint,0.011922667517372018,19.236265668719362,0.3373684701613373,8,0.007603049680521237,21.190121716984713,0.5090563004786363,10.0,none
val_images,none,test001.png,0,rot5_padded,5.0,True,0,640,640,154397.0,0.3769457936286926,blur,pnp_hqs,wavelet,15.0,fixed10p0,0.4,0.5,0.0,0.15,vanilla,False,0,20,adjoint,0.011922667517372018,19.236265668719362,0.3373684701613373,9,0.007691318351342238,21.139992123909796,0.5069109078382352,10.0,none
val_images,none,test001.png,0,rot5_padded,5.0,True,0,640,640,154397.0,0.3769457936286926,blur,pnp_hqs,wavelet,15.0,fixed10p0,0.4,0.5,0.0,0.15,vanilla,False,0,20,adjoint,0.011922667517372018,19.236265668719362,0.3373684701613373,10,0.007780998289919817,21.08964680132378,0.5046460990174679,10.0,none
val_images,none,test001.png,0,rot5_padded,5.0,True,0,640,640,154397.0,0.3769457936286926,blur,pnp_hqs,wavelet,15.0,fixed10p0,0.4,0.5,0.0,0.15,vanilla,False,0,20,adjoint,0.011922667517372018,19.236265668719362,0.3373684701613373,11,0.007871929789762755,21.03918788059259,0.5022925882627253,10.0,none
val_images,none,test001.png,0,rot5_padded,5.0,True,0,640,640,154397.0,0.3769457936286926,blur,pnp_hqs,wavelet,15.0,fixed10p0,0.4,0.5,0.0,0.15,vanilla,False,0,20,adjoint,0.011922667517372018,19.236265668719362,0.3373684701613373,12,0.007963798181645774,20.988797543839766,0.499885947427735,10.0,none
val_images,none,test001.png,0,rot5_padded,5.0,True,0,640,640,154397.0,0.3769457936286926,blur,pnp_hqs,wavelet,15.0,fixed10p0,0.4,0.5,0.0,0.15,vanilla,False,0,20,adjoint,0.011922667517372018,19.236265668719362,0.3373684701613373,13,0.008056266658810162,20.93866167264123,0.4974453539414626,10.0,none
val_images,none,test001.png,0,rot5_padded,5.0,True,0,640,640,154397.0,0.3769457936286926,blur,pnp_hqs,wavelet,15.0,fixed10p0,0.4,0.5,0.0,0.15,vanilla,False,0,20,adjoint,0.011922667517372018,19.236265668719362,0.3373684701613373,14,0.008149415865127723,20.888735195598258,0.49498952983218586,10.0,none
val_images,none,test001.png,0,rot5_padded,5.0,True,0,640,640,154397.0,0.3769457936286926,blur,pnp_hqs,wavelet,15.0,fixed10p0,0.4,0.5,0.0,0.15,vanilla,False,0,20,adjoint,0.011922667517372018,19.236265668719362,0.3373684701613373,15,0.0082430639565738,20.839113305239636,0.49252899991580146,10.0,none
val_images,none,test001.png,0,rot5_padded,5.0,True,0,640,640,154397.0,0.3769457936286926,blur,pnp_hqs,wavelet,15.0,fixed10p0,0.4,0.5,0.0,0.15,vanilla,False,0,20,adjoint,0.011922667517372018,19.236265668719362,0.3373684701613373,16,0.008336878870146846,20.78996508495647,0.49007838761439665,10.0,none
val_images,none,test001.png,0,rot5_padded,5.0,True,0,640,640,154397.0,0.3769457936286926,blur,pnp_hqs,wavelet,15.0,fixed10p0,0.4,0.5,0.0,0.15,vanilla,False,0,20,adjoint,0.011922667517372018,19.236265668719362,0.3373684701613373,17,0.008430968131009265,20.74122552324994,0.48764108313309196,10.0,none
val_images,none,test001.png,0,rot5_padded,5.0,True,0,640,640,154397.0,0.3769457936286926,blur,pnp_hqs,wavelet,15.0,fixed10p0,0.4,0.5,0.0,0.15,vanilla,False,0,20,adjoint,0.011922667517372018,19.236265668719362,0.3373684701613373,18,0.008525280348458439,20.69291330600967,0.48521663107119956,10.0,none
val_images,none,test001.png,0,rot5_padded,5.0,True,0,640,640,154397.0,0.3769457936286926,blur,pnp_hqs,wavelet,15.0,fixed10p0,0.4,0.5,0.0,0.15,vanilla,False,0,20,adjoint,0.011922667517372018,19.236265668719362,0.3373684701613373,19,0.008619562522112233,20.64514775828886,0.48281191303911347,10.0,none
val_images,none,test001.png,0,rot5_padded,5.0,True,0,640,640,154397.0,0.3769457936286926,blur,pnp_hqs,wavelet,15.0,fixed10p0,0.4,0.5,0.0,0.15,vanilla,False,0,20,adjoint,0.011922667517372018,19.236265668719362,0.3373684701613373,20,0.008713922177133057,20.597863230085505,0.4804285482392793,10.0,none
val_images,none,test001.png,0,rot5_padded,5.0,True,0,640,640,154397.0,0.3769457936286926,blur,pnp_hqs,wavelet,15.0,fixed10p0,0.4,0.5,0.0,0.15,G16_fixed,False,16,20,adjoint,0.011922667517372018,19.236265668719362,0.3373684701613373,1,0.007463568197973406,21.270534944842304,0.49441941877109014,10.0,0;22.5;45;67.5;90;112.5;135;157.5;180;202.5;225;247.5;270;292.5;315;337.5
val_images,none,test001.png,0,rot5_padded,5.0,True,0,640,640,154397.0,0.3769457936286926,blur,pnp_hqs,wavelet,15.0,fixed10p0,0.4,0.5,0.0,0.15,G16_fixed,False,16,20,adjoint,0.011922667517372018,19.236265668719362,0.3373684701613373,2,0.007115945672924344,21.477673762203832,0.5115354512231455,10.0,0;22.5;45;67.5;90;112.5;135;157.5;180;202.5;225;247.5;270;292.5;315;337.5
val_images,none,test001.png,0,rot5_padded,5.0,True,0,640,640,154397.0,0.3769457936286926,blur,pnp_hqs,wavelet,15.0,fixed10p0,0.4,0.5,0.0,0.15,G16_fixed,False,16,20,adjoint,0.011922667517372018,19.236265668719362,0.3373684701613373,3,0.006973428976417126,21.56553617978727,0.5192985655485534,10.0,0;22.5;45;67.5;90;112.5;135;157.5;180;202.5;225;247.5;270;292.5;315;337.5
val_images,none,test001.png,0,rot5_padded,5.0,True,0,640,640,154397.0,0.3769457936286926,blur,pnp_hqs,wavelet,15.0,fixed10p0,0.4,0.5,0.0,0.15,G16_fixed,False,16,20,adjoint,0.011922667517372018,19.236265668719362,0.3373684701613373,4,0.006906812394549441,21.607223403046227,0.5231835888164925,10.0,0;22.5;45;67.5;90;112.5;135;157.5;180;202.5;225;247.5;270;292.5;315;337.5
val_images,none,test001.png,0,rot5_padded,5.0,True,0,640,640,154397.0,0.3769457936286926,blur,pnp_hqs,wavelet,15.0,fixed10p0,0.4,0.5,0.0,0.15,G16_fixed,False,16,20,adjoint,0.011922667517372018,19.236265668719362,0.3373684701613373,5,0.006872740358712038,21.62870062741394,0.5252728659721367,10.0,0;22.5;45;67.5;90;112.5;135;157.5;180;202.5;225;247.5;270;292.5;315;337.5
val_images,none,test001.png,0,rot5_padded,5.0,True,0,640,640,154397.0,0.3769457936286926,blur,pnp_hqs,wavelet,15.0,fixed10p0,0.4,0.5,0.0,0.15,G16_fixed,False,16,20,adjoint,0.011922667517372018,19.236265668719362,0.3373684701613373,6,0.006854219149487604,21.640420140159208,0.5264547319572271,10.0,0;22.5;45;67.5;90;112.5;135;157.5;180;202.5;225;247.5;270;292.5;315;337.5
val_images,none,test001.png,0,rot5_padded,5.0,True,0,640,640,154397.0,0.3769457936286926,blur,pnp_hqs,wavelet,15.0,fixed10p0,0.4,0.5,0.0,0.15,G16_fixed,False,16,20,adjoint,0.011922667517372018,19.236265668719362,0.3373684701613373,7,0.006843703821105251,21.647087939355806,0.5271504324080131,10.0,0;22.5;45;67.5;90;112.5;135;157.5;180;202.5;225;247.5;270;292.5;315;337.5
val_images,none,test001.png,0,rot5_padded,5.0,True,0,640,640,154397.0,0.3769457936286926,blur,pnp_hqs,wavelet,15.0,fixed10p0,0.4,0.5,0.0,0.15,G16_fixed,False,16,20,adjoint,0.011922667517372018,19.236265668719362,0.3373684701613373,8,0.006837516380509741,21.651016202261225,0.5275725888456382,10.0,0;22.5;45;67.5;90;112.5;135;157.5;180;202.5;225;247.5;270;292.5;315;337.5
val_images,none,test001.png,0,rot5_padded,5.0,True,0,640,640,154397.0,0.3769457936286926,blur,pnp_hqs,wavelet,15.0,fixed10p0,0.4,0.5,0.0,0.15,G16_fixed,False,16,20,adjoint,0.011922667517372018,19.236265668719362,0.3373684701613373,9,0.006833772765480385,21.653394663243056,0.5278355068427495,10.0,0;22.5;45;67.5;90;112.5;135;157.5;180;202.5;225;247.5;270;292.5;315;337.5
val_images,none,test001.png,0,rot5_padded,5.0,True,0,640,640,154397.0,0.3769457936286926,blur,pnp_hqs,wavelet,15.0,fixed10p0,0.4,0.5,0.0,0.15,G16_fixed,False,16,20,adjoint,0.011922667517372018,19.236265668719362,0.3373684701613373,10,0.006831458602610073,21.65486559066073,0.5280026894952622,10.0,0;22.5;45;67.5;90;112.5;135;157.5;180;202.5;225;247.5;270;292.5;315;337.5
val_images,none,test001.png,0,rot5_padded,5.0,True,0,640,640,154397.0,0.3769457936286926,blur,pnp_hqs,wavelet,15.0,fixed10p0,0.4,0.5,0.0,0.15,G16_fixed,False,16,20,adjoint,0.011922667517372018,19.236265668719362,0.3373684701613373,11,0.006829999106655651,21.6557935312294,0.5281107712585089,10.0,0;22.5;45;67.5;90;112.5;135;157.5;180;202.5;225;247.5;270;292.5;315;337.5
val_images,none,test001.png,0,rot5_padded,5.0,True,0,640,640,154397.0,0.3769457936286926,blur,pnp_hqs,wavelet,15.0,fixed10p0,0.4,0.5,0.0,0.15,G16_fixed,False,16,20,adjoint,0.011922667517372018,19.236265668719362,0.3373684701613373,12,0.006829061423989375,21.65638981002539,0.5281816619655822,10.0,0;22.5;45;67.5;90;112.5;135;157.5;180;202.5;225;247.5;270;292.5;315;337.5
val_images,none,test001.png,0,rot5_padded,5.0,True,0,640,640,154397.0,0.3769457936286926,blur,pnp_hqs,wavelet,15.0,fixed10p0,0.4,0.5,0.0,0.15,G16_fixed,False,16,20,adjoint,0.011922667517372018,19.236265668719362,0.3373684701613373,13,0.006828453432446064,21.65677647974569,0.5282285682364295,10.0,0;22.5;45;67.5;90;112.5;135;157.5;180;202.5;225;247.5;270;292.5;315;337.5
val_images,none,test001.png,0,rot5_padded,5.0,True,0,640,640,154397.0,0.3769457936286926,blur,pnp_hqs,wavelet,15.0,fixed10p0,0.4,0.5,0.0,0.15,G16_fixed,False,16,20,adjoint,0.011922667517372018,19.236265668719362,0.3373684701613373,14,0.0068280541662180125,21.657030423323068,0.5282599908838902,10.0,0;22.5;45;67.5;90;112.5;135;157.5;180;202.5;225;247.5;270;292.5;315;337.5
val_images,none,test001.png,0,rot5_padded,5.0,True,0,640,640,154397.0,0.3769457936286926,blur,pnp_hqs,wavelet,15.0,fixed10p0,0.4,0.5,0.0,0.15,G16_fixed,False,16,20,adjoint,0.011922667517372018,19.236265668719362,0.3373684701613373,15,0.006827789306442968,21.65719888913629,0.5282811923159129,10.0,0;22.5;45;67.5;90;112.5;135;157.5;180;202.5;225;247.5;270;292.5;315;337.5
val_images,none,test001.png,0,rot5_padded,5.0,True,0,640,640,154397.0,0.3769457936286926,blur,pnp_hqs,wavelet,15.0,fixed10p0,0.4,0.5,0.0,0.15,G16_fixed,False,16,20,adjoint,0.011922667517372018,19.236265668719362,0.3373684701613373,16,0.006827611415549282,21.65731204148544,0.5282955121375416,10.0,0;22.5;45;67.5;90;112.5;135;157.5;180;202.5;225;247.5;270;292.5;315;337.5
val_images,none,test001.png,0,rot5_padded,5.0,True,0,640,640,154397.0,0.3769457936286926,blur,pnp_hqs,wavelet,15.0,fixed10p0,0.4,0.5,0.0,0.15,G16_fixed,False,16,20,adjoint,0.011922667517372018,19.236265668719362,0.3373684701613373,17,0.006827493612246352,21.657386975108153,0.5283054803525975,10.0,0;22.5;45;67.5;90;112.5;135;157.5;180;202.5;225;247.5;270;292.5;315;337.5
val_images,none,test001.png,0,rot5_padded,5.0,True,0,640,640,154397.0,0.3769457936286926,blur,pnp_hqs,wavelet,15.0,fixed10p0,0.4,0.5,0.0,0.15,G16_fixed,False,16,20,adjoint,0.011922667517372018,19.236265668719362,0.3373684701613373,18,0.006827411387122159,21.65743927853716,0.5283122101627622,10.0,0;22.5;45;67.5;90;112.5;135;157.5;180;202.5;225;247.5;270;292.5;315;337.5
val_images,none,test001.png,0,rot5_padded,5.0,True,0,640,640,154397.0,0.3769457936286926,blur,pnp_hqs,wavelet,15.0,fixed10p0,0.4,0.5,0.0,0.15,G16_fixed,False,16,20,adjoint,0.011922667517372018,19.236265668719362,0.3373684701613373,19,0.006827356833914762,21.657473980198233,0.5283170677700991,10.0,0;22.5;45;67.5;90;112.5;135;157.5;180;202.5;225;247.5;270;292.5;315;337.5
val_images,none,test001.png,0,rot5_padded,5.0,True,0,640,640,154397.0,0.3769457936286926,blur,pnp_hqs,wavelet,15.0,fixed10p0,0.4,0.5,0.0,0.15,G16_fixed,False,16,20,adjoint,0.011922667517372018,19.236265668719362,0.3373684701613373,20,0.006827318883857442,21.65749812064774,0.5283202049748376,10.0,0;22.5;45;67.5;90;112.5;135;157.5;180;202.5;225;247.5;270;292.5;315;337.5
val_images,none,test001.png,0,rot10_padded,10.0,True,0,690,690,154403.0,0.324307918548584,blur,pnp_hqs,wavelet,15.0,fixed10p0,0.4,0.5,0.0,0.15,vanilla,False,0,20,adjoint,0.011965871960520926,19.22055648588802,0.33758935120269684,1,0.007774916672502316,21.093042568176983,0.4844909708684417,10.0,none
val_images,none,test001.png,0,rot10_padded,10.0,True,0,690,690,154403.0,0.324307918548584,blur,pnp_hqs,wavelet,15.0,fixed10p0,0.4,0.5,0.0,0.15,vanilla,False,0,20,adjoint,0.011965871960520926,19.22055648588802,0.33758935120269684,2,0.007445684256964728,21.280953844976104,0.5030973127141312,10.0,none
val_images,none,test001.png,0,rot10_padded,10.0,True,0,690,690,154403.0,0.324307918548584,blur,pnp_hqs,wavelet,15.0,fixed10p0,0.4,0.5,0.0,0.15,vanilla,False,0,20,adjoint,0.011965871960520926,19.22055648588802,0.33758935120269684,3,0.00737911216533398,21.319958881622476,0.5098940556530638,10.0,none
val_images,none,test001.png,0,rot10_padded,10.0,True,0,690,690,154403.0,0.324307918548584,blur,pnp_hqs,wavelet,15.0,fixed10p0,0.4,0.5,0.0,0.15,vanilla,False,0,20,adjoint,0.011965871960520926,19.22055648588802,0.33758935120269684,4,0.007402271869059782,21.30634968273035,0.5120544937598362,10.0,none
val_images,none,test001.png,0,rot10_padded,10.0,True,0,690,690,154403.0,0.324307918548584,blur,pnp_hqs,wavelet,15.0,fixed10p0,0.4,0.5,0.0,0.15,vanilla,False,0,20,adjoint,0.011965871960520926,19.22055648588802,0.33758935120269684,5,0.007460152944678455,21.272522687271977,0.5121726909451241,10.0,none
val_images,none,test001.png,0,rot10_padded,10.0,True,0,690,690,154403.0,0.324307918548584,blur,pnp_hqs,wavelet,15.0,fixed10p0,0.4,0.5,0.0,0.15,vanilla,False,0,20,adjoint,0.011965871960520926,19.22055648588802,0.33758935120269684,6,0.007532796018930575,21.23043792696486,0.5112661246057395,10.0,none
val_images,none,test001.png,0,rot10_padded,10.0,True,0,690,690,154403.0,0.324307918548584,blur,pnp_hqs,wavelet,15.0,fixed10p0,0.4,0.5,0.0,0.15,vanilla,False,0,20,adjoint,0.011965871960520926,19.22055648588802,0.33758935120269684,7,0.007612124368484987,21.184941247326897,0.5097987794116695,10.0,none
val_images,none,test001.png,0,rot10_padded,10.0,True,0,690,690,154403.0,0.324307918548584,blur,pnp_hqs,wavelet,15.0,fixed10p0,0.4,0.5,0.0,0.15,vanilla,False,0,20,adjoint,0.011965871960520926,19.22055648588802,0.33758935120269684,8,0.007695085504228383,21.13786550126426,0.5080145888519005,10.0,none
val_images,none,test001.png,0,rot10_padded,10.0,True,0,690,690,154403.0,0.324307918548584,blur,pnp_hqs,wavelet,15.0,fixed10p0,0.4,0.5,0.0,0.15,vanilla,False,0,20,adjoint,0.011965871960520926,19.22055648588802,0.33758935120269684,9,0.007780352806960519,21.09000709097447,0.5060303839627468,10.0,none
val_images,none,test001.png,0,rot10_padded,10.0,True,0,690,690,154403.0,0.324307918548584,blur,pnp_hqs,wavelet,15.0,fixed10p0,0.4,0.5,0.0,0.15,vanilla,False,0,20,adjoint,0.011965871960520926,19.22055648588802,0.33758935120269684,10,0.007867278778990693,21.041754602246417,0.5039091087932229,10.0,none
val_images,none,test001.png,0,rot10_padded,10.0,True,0,690,690,154403.0,0.324307918548584,blur,pnp_hqs,wavelet,15.0,fixed10p0,0.4,0.5,0.0,0.15,vanilla,False,0,20,adjoint,0.011965871960520926,19.22055648588802,0.33758935120269684,11,0.007955191414168604,20.993493660969655,0.5016975159970986,10.0,none
val_images,none,test001.png,0,rot10_padded,10.0,True,0,690,690,154403.0,0.324307918548584,blur,pnp_hqs,wavelet,15.0,fixed10p0,0.4,0.5,0.0,0.15,vanilla,False,0,20,adjoint,0.011965871960520926,19.22055648588802,0.33758935120269684,12,0.008043874089335214,20.94534736028416,0.49942591384234764,10.0,none
val_images,none,test001.png,0,rot10_padded,10.0,True,0,690,690,154403.0,0.324307918548584,blur,pnp_hqs,wavelet,15.0,fixed10p0,0.4,0.5,0.0,0.15,vanilla,False,0,20,adjoint,0.011965871960520926,19.22055648588802,0.33758935120269684,13,0.008133693640789039,20.89712189519391,0.4971130236297222,10.0,none
val_images,none,test001.png,0,rot10_padded,10.0,True,0,690,690,154403.0,0.324307918548584,blur,pnp_hqs,wavelet,15.0,fixed10p0,0.4,0.5,0.0,0.15,vanilla,False,0,20,adjoint,0.011965871960520926,19.22055648588802,0.33758935120269684,14,0.00822448167169477,20.848914628875377,0.4947771618750931,10.0,none
val_images,none,test001.png,0,rot10_padded,10.0,True,0,690,690,154403.0,0.324307918548584,blur,pnp_hqs,wavelet,15.0,fixed10p0,0.4,0.5,0.0,0.15,vanilla,False,0,20,adjoint,0.011965871960520926,19.22055648588802,0.33758935120269684,15,0.008316068204026153,20.800819574705905,0.4924305227230041,10.0,none
val_images,none,test001.png,0,rot10_padded,10.0,True,0,690,690,154403.0,0.324307918548584,blur,pnp_hqs,wavelet,15.0,fixed10p0,0.4,0.5,0.0,0.15,vanilla,False,0,20,adjoint,0.011965871960520926,19.22055648588802,0.33758935120269684,16,0.008408418451582467,20.75285683434246,0.49007816598446924,10.0,none
val_images,none,test001.png,0,rot10_padded,10.0,True,0,690,690,154403.0,0.324307918548584,blur,pnp_hqs,wavelet,15.0,fixed10p0,0.4,0.5,0.0,0.15,vanilla,False,0,20,adjoint,0.011965871960520926,19.22055648588802,0.33758935120269684,17,0.00850154032031842,20.705023811080444,0.48772672001191686,10.0,none
val_images,none,test001.png,0,rot10_padded,10.0,True,0,690,690,154403.0,0.324307918548584,blur,pnp_hqs,wavelet,15.0,fixed10p0,0.4,0.5,0.0,0.15,vanilla,False,0,20,adjoint,0.011965871960520926,19.22055648588802,0.33758935120269684,18,0.00859527173816247,20.657403886082307,0.4853809916258104,10.0,none
val_images,none,test001.png,0,rot10_padded,10.0,True,0,690,690,154403.0,0.324307918548584,blur,pnp_hqs,wavelet,15.0,fixed10p0,0.4,0.5,0.0,0.15,vanilla,False,0,20,adjoint,0.011965871960520926,19.22055648588802,0.33758935120269684,19,0.00868952969259017,20.610037284351307,0.4830460406371638,10.0,none
val_images,none,test001.png,0,rot10_padded,10.0,True,0,690,690,154403.0,0.324307918548584,blur,pnp_hqs,wavelet,15.0,fixed10p0,0.4,0.5,0.0,0.15,vanilla,False,0,20,adjoint,0.011965871960520926,19.22055648588802,0.33758935120269684,20,0.008784239077031778,20.562958527183582,0.4807263702777796,10.0,none
val_images,none,test001.png,0,rot10_padded,10.0,True,0,690,690,154403.0,0.324307918548584,blur,pnp_hqs,wavelet,15.0,fixed10p0,0.4,0.5,0.0,0.15,G16_fixed,False,16,20,adjoint,0.011965871960520926,19.22055648588802,0.33758935120269684,1,0.00746675599805177,21.268680405066334,0.4952331520436779,10.0,0;22.5;45;67.5;90;112.5;135;157.5;180;202.5;225;247.5;270;292.5;315;337.5
val_images,none,test001.png,0,rot10_padded,10.0,True,0,690,690,154403.0,0.324307918548584,blur,pnp_hqs,wavelet,15.0,fixed10p0,0.4,0.5,0.0,0.15,G16_fixed,False,16,20,adjoint,0.011965871960520926,19.22055648588802,0.33758935120269684,2,0.007116030454041129,21.477622019605533,0.512683883651872,10.0,0;22.5;45;67.5;90;112.5;135;157.5;180;202.5;225;247.5;270;292.5;315;337.5
val_images,none,test001.png,0,rot10_padded,10.0,True,0,690,690,154403.0,0.324307918548584,blur,pnp_hqs,wavelet,15.0,fixed10p0,0.4,0.5,0.0,0.15,G16_fixed,False,16,20,adjoint,0.011965871960520926,19.22055648588802,0.33758935120269684,3,0.006969325977262019,21.56809221688277,0.5206725156732706,10.0,0;22.5;45;67.5;90;112.5;135;157.5;180;202.5;225;247.5;270;292.5;315;337.5
val_images,none,test001.png,0,rot10_padded,10.0,True,0,690,690,154403.0,0.324307918548584,blur,pnp_hqs,wavelet,15.0,fixed10p0,0.4,0.5,0.0,0.15,G16_fixed,False,16,20,adjoint,0.011965871960520926,19.22055648588802,0.33758935120269684,4,0.006899778084278641,21.61164877135656,0.5246576228279243,10.0,0;22.5;45;67.5;90;112.5;135;157.5;180;202.5;225;247.5;270;292.5;315;337.5
val_images,none,test001.png,0,rot10_padded,10.0,True,0,690,690,154403.0,0.324307918548584,blur,pnp_hqs,wavelet,15.0,fixed10p0,0.4,0.5,0.0,0.15,G16_fixed,False,16,20,adjoint,0.011965871960520926,19.22055648588802,0.33758935120269684,5,0.006864089814124807,21.634170425364474,0.5267681205999883,10.0,0;22.5;45;67.5;90;112.5;135;157.5;180;202.5;225;247.5;270;292.5;315;337.5
val_images,none,test001.png,0,rot10_padded,10.0,True,0,690,690,154403.0,0.324307918548584,blur,pnp_hqs,wavelet,15.0,fixed10p0,0.4,0.5,0.0,0.15,G16_fixed,False,16,20,adjoint,0.011965871960520926,19.22055648588802,0.33758935120269684,6,0.0068448815065627775,21.646340656441406,0.5279311181615642,10.0,0;22.5;45;67.5;90;112.5;135;157.5;180;202.5;225;247.5;270;292.5;315;337.5
val_images,none,test001.png,0,rot10_padded,10.0,True,0,690,690,154403.0,0.324307918548584,blur,pnp_hqs,wavelet,15.0,fixed10p0,0.4,0.5,0.0,0.15,G16_fixed,False,16,20,adjoint,0.011965871960520926,19.22055648588802,0.33758935120269684,7,0.006834209258300519,21.653117275662495,0.5285901585461422,10.0,0;22.5;45;67.5;90;112.5;135;157.5;180;202.5;225;247.5;270;292.5;315;337.5
val_images,none,test001.png,0,rot10_padded,10.0,True,0,690,690,154403.0,0.324307918548584,blur,pnp_hqs,wavelet,15.0,fixed10p0,0.4,0.5,0.0,0.15,G16_fixed,False,16,20,adjoint,0.011965871960520926,19.22055648588802,0.33758935120269684,8,0.0068281461816338575,21.656971897838183,0.5289715671003802,10.0,0;22.5;45;67.5;90;112.5;135;157.5;180;202.5;225;247.5;270;292.5;315;337.5
val_images,none,test001.png,0,rot10_padded,10.0,True,0,690,690,154403.0,0.324307918548584,blur,pnp_hqs,wavelet,15.0,fixed10p0,0.4,0.5,0.0,0.15,G16_fixed,False,16,20,adjoint,0.011965871960520926,19.22055648588802,0.33758935120269684,9,0.006824646215483993,21.65919857202295,0.529195767326412,10.0,0;22.5;45;67.5;90;112.5;135;157.5;180;202.5;225;247.5;270;292.5;315;337.5
val_images,none,test001.png,0,rot10_padded,10.0,True,0,690,690,154403.0,0.324307918548584,blur,pnp_hqs,wavelet,15.0,fixed10p0,0.4,0.5,0.0,0.15,G16_fixed,False,16,20,adjoint,0.011965871960520926,19.22055648588802,0.33758935120269684,10,0.0068226009450006635,21.66050029929602,0.5293289415523015,10.0,0;22.5;45;67.5;90;112.5;135;157.5;180;202.5;225;247.5;270;292.5;315;337.5
val_images,none,test001.png,0,rot10_padded,10.0,True,0,690,690,154403.0,0.324307918548584,blur,pnp_hqs,wavelet,15.0,fixed10p0,0.4,0.5,0.0,0.15,G16_fixed,False,16,20,adjoint,0.011965871960520926,19.22055648588802,0.33758935120269684,11,0.006821395286907476,21.661267831988642,0.5294089371644334,10.0,0;22.5;45;67.5;90;112.5;135;157.5;180;202.5;225;247.5;270;292.5;315;337.5
val_images,none,test001.png,0,rot10_padded,10.0,True,0,690,690,154403.0,0.324307918548584,blur,pnp_hqs,wavelet,15.0,fixed10p0,0.4,0.5,0.0,0.15,G16_fixed,False,16,20,adjoint,0.011965871960520926,19.22055648588802,0.33758935120269684,12,0.006820679798006273,21.66172338274614,0.5294574101539478,10.0,0;22.5;45;67.5;90;112.5;135;157.5;180;202.5;225;247.5;270;292.5;315;337.5
val_images,none,test001.png,0,rot10_padded,10.0,True,0,690,690,154403.0,0.324307918548584,blur,pnp_hqs,wavelet,15.0,fixed10p0,0.4,0.5,0.0,0.15,G16_fixed,False,16,20,adjoint,0.011965871960520926,19.22055648588802,0.33758935120269684,13,0.006820252876451964,21.661995225852074,0.5294867570578292,10.0,0;22.5;45;67.5;90;112.5;135;157.5;180;202.5;225;247.5;270;292.5;315;337.5
val_images,none,test001.png,0,rot10_padded,10.0,True,0,690,690,154403.0,0.324307918548584,blur,pnp_hqs,wavelet,15.0,fixed10p0,0.4,0.5,0.0,0.15,G16_fixed,False,16,20,adjoint,0.011965871960520926,19.22055648588802,0.33758935120269684,14,0.006819996723519378,21.66215833988359,0.5295048205831493,10.0,0;22.5;45;67.5;90;112.5;135;157.5;180;202.5;225;247.5;270;292.5;315;337.5
val_images,none,test001.png,0,rot10_padded,10.0,True,0,690,690,154403.0,0.324307918548584,blur,pnp_hqs,wavelet,15.0,fixed10p0,0.4,0.5,0.0,0.15,G16_fixed,False,16,20,adjoint,0.011965871960520926,19.22055648588802,0.33758935120269684,15,0.006819840976211602,21.662257520237244,0.52951590156927,10.0,0;22.5;45;67.5;90;112.5;135;157.5;180;202.5;225;247.5;270;292.5;315;337.5
val_images,none,test001.png,0,rot10_padded,10.0,True,0,690,690,154403.0,0.324307918548584,blur,pnp_hqs,wavelet,15.0,fixed10p0,0.4,0.5,0.0,0.15,G16_fixed,False,16,20,adjoint,0.011965871960520926,19.22055648588802,0.33758935120269684,16,0.006819748476541502,21.662316425377227,0.5295226311179186,10.0,0;22.5;45;67.5;90;112.5;135;157.5;180;202.5;225;247.5;270;292.5;315;337.5
val_images,none,test001.png,0,rot10_padded,10.0,True,0,690,690,154403.0,0.324307918548584,blur,pnp_hqs,wavelet,15.0,fixed10p0,0.4,0.5,0.0,0.15,G16_fixed,False,16,20,adjoint,0.011965871960520926,19.22055648588802,0.33758935120269684,17,0.006819693134858536,21.662351668150674,0.5295266789667299,10.0,0;22.5;45;67.5;90;112.5;135;157.5;180;202.5;225;247.5;270;292.5;315;337.5
val_images,none,test001.png,0,rot10_padded,10.0,True,0,690,690,154403.0,0.324307918548584,blur,pnp_hqs,wavelet,15.0,fixed10p0,0.4,0.5,0.0,0.15,G16_fixed,False,16,20,adjoint,0.011965871960520926,19.22055648588802,0.33758935120269684,18,0.0068196567674668725,21.662374827843234,0.5295293100684573,10.0,0;22.5;45;67.5;90;112.5;135;157.5;180;202.5;225;247.5;270;292.5;315;337.5
val_images,none,test001.png,0,rot10_padded,10.0,True,0,690,690,154403.0,0.324307918548584,blur,pnp_hqs,wavelet,15.0,fixed10p0,0.4,0.5,0.0,0.15,G16_fixed,False,16,20,adjoint,0.011965871960520926,19.22055648588802,0.33758935120269684,19,0.006819637002580099,21.662387414684467,0.529531030404202,10.0,0;22.5;45;67.5;90;112.5;135;157.5;180;202.5;225;247.5;270;292.5;315;337.5
val_images,none,test001.png,0,rot10_padded,10.0,True,0,690,690,154403.0,0.324307918548584,blur,pnp_hqs,wavelet,15.0,fixed10p0,0.4,0.5,0.0,0.15,G16_fixed,False,16,20,adjoint,0.011965871960520926,19.22055648588802,0.33758935120269684,20,0.006819621981266151,21.662396980708202,0.5295319411701845,10.0,0;22.5;45;67.5;90;112.5;135;157.5;180;202.5;225;247.5;270;292.5;315;337.5
val_images,none,test001.png,0,rot15_padded,15.0,True,0,740,740,154400.0,0.28195762634277344,blur,pnp_hqs,wavelet,15.0,fixed10p0,0.4,0.5,0.0,0.15,vanilla,False,0,20,adjoint,0.012052532452993443,19.189216904496433,0.3353948753238342,1,0.00779706569533274,21.080688065513783,0.4834855185395078,10.0,none
val_images,none,test001.png,0,rot15_padded,15.0,True,0,740,740,154400.0,0.28195762634277344,blur,pnp_hqs,wavelet,15.0,fixed10p0,0.4,0.5,0.0,0.15,vanilla,False,0,20,adjoint,0.012052532452993443,19.189216904496433,0.3353948753238342,2,0.007476921279195677,21.262771918009467,0.5010071243523316,10.0,none
val_images,none,test001.png,0,rot15_padded,15.0,True,0,740,740,154400.0,0.28195762634277344,blur,pnp_hqs,wavelet,15.0,fixed10p0,0.4,0.5,0.0,0.15,vanilla,False,0,20,adjoint,0.012052532452993443,19.189216904496433,0.3353948753238342,3,0.007416824578003562,21.297819927565765,0.50718997935557,10.0,none
val_images,none,test001.png,0,rot15_padded,15.0,True,0,740,740,154400.0,0.28195762634277344,blur,pnp_hqs,wavelet,15.0,fixed10p0,0.4,0.5,0.0,0.15,vanilla,False,0,20,adjoint,0.012052532452993443,19.189216904496433,0.3353948753238342,4,0.0074438184036492066,21.282042302826824,0.5089562925032384,10.0,none
val_images,none,test001.png,0,rot15_padded,15.0,True,0,740,740,154400.0,0.28195762634277344,blur,pnp_hqs,wavelet,15.0,fixed10p0,0.4,0.5,0.0,0.15,vanilla,False,0,20,adjoint,0.012052532452993443,19.189216904496433,0.3353948753238342,5,0.007503715080300761,21.247236646879408,0.5088428493361399,10.0,none
val_images,none,test001.png,0,rot15_padded,15.0,True,0,740,740,154400.0,0.28195762634277344,blur,pnp_hqs,wavelet,15.0,fixed10p0,0.4,0.5,0.0,0.15,vanilla,False,0,20,adjoint,0.012052532452993443,19.189216904496433,0.3353948753238342,6,0.007576050437176166,21.20557142701407,0.5078960897020726,10.0,none
val_images,none,test001.png,0,rot15_padded,15.0,True,0,740,740,154400.0,0.28195762634277344,blur,pnp_hqs,wavelet,15.0,fixed10p0,0.4,0.5,0.0,0.15,vanilla,False,0,20,adjoint,0.012052532452993443,19.189216904496433,0.3353948753238342,7,0.007652632955442438,21.161891163123478,0.5065436265382124,10.0,none
val_images,none,test001.png,0,rot15_padded,15.0,True,0,740,740,154400.0,0.28195762634277344,blur,pnp_hqs,wavelet,15.0,fixed10p0,0.4,0.5,0.0,0.15,vanilla,False,0,20,adjoint,0.012052532452993443,19.189216904496433,0.3353948753238342,8,0.007729936510787727,21.118240731098492,0.5050044527202072,10.0,none
val_images,none,test001.png,0,rot15_padded,15.0,True,0,740,740,154400.0,0.28195762634277344,blur,pnp_hqs,wavelet,15.0,fixed10p0,0.4,0.5,0.0,0.15,vanilla,False,0,20,adjoint,0.012052532452993443,19.189216904496433,0.3353948753238342,9,0.007807443253116904,21.074911636712837,0.5033420195110103,10.0,none
val_images,none,test001.png,0,rot15_padded,15.0,True,0,740,740,154400.0,0.28195762634277344,blur,pnp_hqs,wavelet,15.0,fixed10p0,0.4,0.5,0.0,0.15,vanilla,False,0,20,adjoint,0.012052532452993443,19.189216904496433,0.3353948753238342,10,0.007884961854608566,21.032004033335667,0.5015867369656736,10.0,none
val_images,none,test001.png,0,rot15_padded,15.0,True,0,740,740,154400.0,0.28195762634277344,blur,pnp_hqs,wavelet,15.0,fixed10p0,0.4,0.5,0.0,0.15,vanilla,False,0,20,adjoint,0.012052532452993443,19.189216904496433,0.3353948753238342,11,0.007962746101339863,20.989371318870838,0.49976446122085494,10.0,none
val_images,none,test001.png,0,rot15_padded,15.0,True,0,740,740,154400.0,0.28195762634277344,blur,pnp_hqs,wavelet,15.0,fixed10p0,0.4,0.5,0.0,0.15,vanilla,False,0,20,adjoint,0.012052532452993443,19.189216904496433,0.3353948753238342,12,0.008040688470237613,20.94706763935112,0.4978991256476684,10.0,none
val_images,none,test001.png,0,rot15_padded,15.0,True,0,740,740,154400.0,0.28195762634277344,blur,pnp_hqs,wavelet,15.0,fixed10p0,0.4,0.5,0.0,0.15,vanilla,False,0,20,adjoint,0.012052532452993443,19.189216904496433,0.3353948753238342,13,0.008119361363544365,20.90478129280525,0.4959837981703368,10.0,none
val_images,none,test001.png,0,rot15_padded,15.0,True,0,740,740,154400.0,0.28195762634277344,blur,pnp_hqs,wavelet,15.0,fixed10p0,0.4,0.5,0.0,0.15,vanilla,False,0,20,adjoint,0.012052532452993443,19.189216904496433,0.3353948753238342,14,0.008198448536927219,20.862683251286107,0.4940247024773316,10.0,none
val_images,none,test001.png,0,rot15_padded,15.0,True,0,740,740,154400.0,0.28195762634277344,blur,pnp_hqs,wavelet,15.0,fixed10p0,0.4,0.5,0.0,0.15,vanilla,False,0,20,adjoint,0.012052532452993443,19.189216904496433,0.3353948753238342,15,0.008278337389693977,20.820568775853665,0.4920340835492228,10.0,none
val_images,none,test001.png,0,rot15_padded,15.0,True,0,740,740,154400.0,0.28195762634277344,blur,pnp_hqs,wavelet,15.0,fixed10p0,0.4,0.5,0.0,0.15,vanilla,False,0,20,adjoint,0.012052532452993443,19.189216904496433,0.3353948753238342,16,0.008359038990396292,20.778436490153265,0.49001993604274613,10.0,none
val_images,none,test001.png,0,rot15_padded,15.0,True,0,740,740,154400.0,0.28195762634277344,blur,pnp_hqs,wavelet,15.0,fixed10p0,0.4,0.5,0.0,0.15,vanilla,False,0,20,adjoint,0.012052532452993443,19.189216904496433,0.3353948753238342,17,0.008440482974670094,20.736327018064728,0.48798681387629533,10.0,none
val_images,none,test001.png,0,rot15_padded,15.0,True,0,740,740,154400.0,0.28195762634277344,blur,pnp_hqs,wavelet,15.0,fixed10p0,0.4,0.5,0.0,0.15,vanilla,False,0,20,adjoint,0.012052532452993443,19.189216904496433,0.3353948753238342,18,0.00852275947215026,20.694197679685125,0.4859360832253886,10.0,none
val_images,none,test001.png,0,rot15_padded,15.0,True,0,740,740,154400.0,0.28195762634277344,blur,pnp_hqs,wavelet,15.0,fixed10p0,0.4,0.5,0.0,0.15,vanilla,False,0,20,adjoint,0.012052532452993443,19.189216904496433,0.3353948753238342,19,0.008605789421753562,20.652092850358624,0.4838785216968912,10.0,none
val_images,none,test001.png,0,rot15_padded,15.0,True,0,740,740,154400.0,0.28195762634277344,blur,pnp_hqs,wavelet,15.0,fixed10p0,0.4,0.5,0.0,0.15,vanilla,False,0,20,adjoint,0.012052532452993443,19.189216904496433,0.3353948753238342,20,0.008689605238524125,20.6099995273716,0.4818155966645078,10.0,none
val_images,none,test001.png,0,rot15_padded,15.0,True,0,740,740,154400.0,0.28195762634277344,blur,pnp_hqs,wavelet,15.0,fixed10p0,0.4,0.5,0.0,0.15,G16_fixed,False,16,20,adjoint,0.012052532452993443,19.189216904496433,0.3353948753238342,1,0.007497436049071,21.25087229957102,0.4935848445595855,10.0,0;22.5;45;67.5;90;112.5;135;157.5;180;202.5;225;247.5;270;292.5;315;337.5
val_images,none,test001.png,0,rot15_padded,15.0,True,0,740,740,154400.0,0.28195762634277344,blur,pnp_hqs,wavelet,15.0,fixed10p0,0.4,0.5,0.0,0.15,G16_fixed,False,16,20,adjoint,0.012052532452993443,19.189216904496433,0.3353948753238342,2,0.007151999992410136,21.455724946730218,0.5102261779468912,10.0,0;22.5;45;67.5;90;112.5;135;157.5;180;202.5;225;247.5;270;292.5;315;337.5
val_images,none,test001.png,0,rot15_padded,15.0,True,0,740,740,154400.0,0.28195762634277344,blur,pnp_hqs,wavelet,15.0,fixed10p0,0.4,0.5,0.0,0.15,G16_fixed,False,16,20,adjoint,0.012052532452993443,19.189216904496433,0.3353948753238342,3,0.007007217802531979,21.544543832959626,0.5179479537726684,10.0,0;22.5;45;67.5;90;112.5;135;157.5;180;202.5;225;247.5;270;292.5;315;337.5
val_images,none,test001.png,0,rot15_padded,15.0,True,0,740,740,154400.0,0.28195762634277344,blur,pnp_hqs,wavelet,15.0,fixed10p0,0.4,0.5,0.0,0.15,G16_fixed,False,16,20,adjoint,0.012052532452993443,19.189216904496433,0.3353948753238342,4,0.006938054376315577,21.587623007405345,0.5218888641515544,10.0,0;22.5;45;67.5;90;112.5;135;157.5;180;202.5;225;247.5;270;292.5;315;337.5
val_images,none,test001.png,0,rot15_padded,15.0,True,0,740,740,154400.0,0.28195762634277344,blur,pnp_hqs,wavelet,15.0,fixed10p0,0.4,0.5,0.0,0.15,G16_fixed,False,16,20,adjoint,0.012052532452993443,19.189216904496433,0.3353948753238342,5,0.006901996988088973,21.61025234563023,0.5240442337273316,10.0,0;22.5;45;67.5;90;112.5;135;157.5;180;202.5;225;247.5;270;292.5;315;337.5
val_images,none,test001.png,0,rot15_padded,15.0,True,0,740,740,154400.0,0.28195762634277344,blur,pnp_hqs,wavelet,15.0,fixed10p0,0.4,0.5,0.0,0.15,G16_fixed,False,16,20,adjoint,0.012052532452993443,19.189216904496433,0.3353948753238342,6,0.006882019833579583,21.6228408010193,0.525287402849741,10.0,0;22.5;45;67.5;90;112.5;135;157.5;180;202.5;225;247.5;270;292.5;315;337.5
val_images,none,test001.png,0,rot15_padded,15.0,True,0,740,740,154400.0,0.28195762634277344,blur,pnp_hqs,wavelet,15.0,fixed10p0,0.4,0.5,0.0,0.15,G16_fixed,False,16,20,adjoint,0.012052532452993443,19.189216904496433,0.3353948753238342,7,0.006870444500384553,21.63015164276789,0.5260334864799223,10.0,0;22.5;45;67.5;90;112.5;135;157.5;180;202.5;225;247.5;270;292.5;315;337.5
val_images,none,test001.png,0,rot15_padded,15.0,True,0,740,740,154400.0,0.28195762634277344,blur,pnp_hqs,wavelet,15.0,fixed10p0,0.4,0.5,0.0,0.15,G16_fixed,False,16,20,adjoint,0.012052532452993443,19.189216904496433,0.3353948753238342,8,0.006863507680942358,21.634538759632886,0.5264950514086788,10.0,0;22.5;45;67.5;90;112.5;135;157.5;180;202.5;225;247.5;270;292.5;315;337.5
val_images,none,test001.png,0,rot15_padded,15.0,True,0,740,740,154400.0,0.28195762634277344,blur,pnp_hqs,wavelet,15.0,fixed10p0,0.4,0.5,0.0,0.15,G16_fixed,False,16,20,adjoint,0.012052532452993443,19.189216904496433,0.3353948753238342,9,0.006859232057561528,21.6372450409389,0.5267885261496114,10.0,0;22.5;45;67.5;90;112.5;135;157.5;180;202.5;225;247.5;270;292.5;315;337.5
val_images,none,test001.png,0,rot15_padded,15.0,True,0,740,740,154400.0,0.28195762634277344,blur,pnp_hqs,wavelet,15.0,fixed10p0,0.4,0.5,0.0,0.15,G16_fixed,False,16,20,adjoint,0.012052532452993443,19.189216904496433,0.3353948753238342,10,0.006856538446456039,21.638950844421394,0.5269786775420985,10.0,0;22.5;45;67.5;90;112.5;135;157.5;180;202.5;225;247.5;270;292.5;315;337.5
val_images,none,test001.png,0,rot15_padded,15.0,True,0,740,740,154400.0,0.28195762634277344,blur,pnp_hqs,wavelet,15.0,fixed10p0,0.4,0.5,0.0,0.15,G16_fixed,False,16,20,adjoint,0.012052532452993443,19.189216904496433,0.3353948753238342,11,0.006854807008733404,21.640047678944537,0.5271038596988342,10.0,0;22.5;45;67.5;90;112.5;135;157.5;180;202.5;225;247.5;270;292.5;315;337.5
val_images,none,test001.png,0,rot15_padded,15.0,True,0,740,740,154400.0,0.28195762634277344,blur,pnp_hqs,wavelet,15.0,fixed10p0,0.4,0.5,0.0,0.15,G16_fixed,False,16,20,adjoint,0.012052532452993443,19.189216904496433,0.3353948753238342,12,0.006853680388297442,21.640761521435643,0.5271874494009068,10.0,0;22.5;45;67.5;90;112.5;135;157.5;180;202.5;225;247.5;270;292.5;315;337.5
val_images,none,test001.png,0,rot15_padded,15.0,True,0,740,740,154400.0,0.28195762634277344,blur,pnp_hqs,wavelet,15.0,fixed10p0,0.4,0.5,0.0,0.15,G16_fixed,False,16,20,adjoint,0.012052532452993443,19.189216904496433,0.3353948753238342,13,0.006852938004725955,21.641231970206626,0.5272439179889896,10.0,0;22.5;45;67.5;90;112.5;135;157.5;180;202.5;225;247.5;270;292.5;315;337.5
val_images,none,test001.png,0,rot15_padded,15.0,True,0,740,740,154400.0,0.28195762634277344,blur,pnp_hqs,wavelet,15.0,fixed10p0,0.4,0.5,0.0,0.15,G16_fixed,False,16,20,adjoint,0.012052532452993443,19.189216904496433,0.3353948753238342,14,0.006852443872955797,21.641545129961127,0.527282272101684,10.0,0;22.5;45;67.5;90;112.5;135;157.5;180;202.5;225;247.5;270;292.5;315;337.5
val_images,none,test001.png,0,rot15_padded,15.0,True,0,740,740,154400.0,0.28195762634277344,blur,pnp_hqs,wavelet,15.0,fixed10p0,0.4,0.5,0.0,0.15,G16_fixed,False,16,20,adjoint,0.012052532452993443,19.189216904496433,0.3353948753238342,15,0.006852109444573753,21.64175708929694,0.5273082800356218,10.0,0;22.5;45;67.5;90;112.5;135;157.5;180;202.5;225;247.5;270;292.5;315;337.5
val_images,none,test001.png,0,rot15_padded,15.0,True,0,740,740,154400.0,0.28195762634277344,blur,pnp_hqs,wavelet,15.0,fixed10p0,0.4,0.5,0.0,0.15,G16_fixed,False,16,20,adjoint,0.012052532452993443,19.189216904496433,0.3353948753238342,16,0.006851884120486561,21.64189990461169,0.5273264451101036,10.0,0;22.5;45;67.5;90;112.5;135;157.5;180;202.5;225;247.5;270;292.5;315;337.5
val_images,none,test001.png,0,rot15_padded,15.0,True,0,740,740,154400.0,0.28195762634277344,blur,pnp_hqs,wavelet,15.0,fixed10p0,0.4,0.5,0.0,0.15,G16_fixed,False,16,20,adjoint,0.012052532452993443,19.189216904496433,0.3353948753238342,17,0.006851731532595936,21.641996620807742,0.5273388418879533,10.0,0;22.5;45;67.5;90;112.5;135;157.5;180;202.5;225;247.5;270;292.5;315;337.5
val_images,none,test001.png,0,rot15_padded,15.0,True,0,740,740,154400.0,0.28195762634277344,blur,pnp_hqs,wavelet,15.0,fixed10p0,0.4,0.5,0.0,0.15,G16_fixed,False,16,20,adjoint,0.012052532452993443,19.189216904496433,0.3353948753238342,18,0.006851626381355246,21.64206327104615,0.5273475449319949,10.0,0;22.5;45;67.5;90;112.5;135;157.5;180;202.5;225;247.5;270;292.5;315;337.5
val_images,none,test001.png,0,rot15_padded,15.0,True,0,740,740,154400.0,0.28195762634277344,blur,pnp_hqs,wavelet,15.0,fixed10p0,0.4,0.5,0.0,0.15,G16_fixed,False,16,20,adjoint,0.012052532452993443,19.189216904496433,0.3353948753238342,19,0.006851552854547847,21.642109876707764,0.527353515625,10.0,0;22.5;45;67.5;90;112.5;135;157.5;180;202.5;225;247.5;270;292.5;315;337.5
val_images,none,test001.png,0,rot15_padded,15.0,True,0,740,740,154400.0,0.28195762634277344,blur,pnp_hqs,wavelet,15.0,fixed10p0,0.4,0.5,0.0,0.15,G16_fixed,False,16,20,adjoint,0.012052532452993443,19.189216904496433,0.3353948753238342,20,0.006851502255454583,21.642141949711657,0.5273578671470207,10.0,0;22.5;45;67.5;90;112.5;135;157.5;180;202.5;225;247.5;270;292.5;315;337.5
val_images,none,test001.png,0,rot20_padded,20.0,True,0,788,788,154399.0,0.24865205585956573,blur,pnp_hqs,wavelet,15.0,fixed10p0,0.4,0.5,0.0,0.15,vanilla,False,0,20,adjoint,0.012061643301203375,19.18593519059367,0.33741133463461553,1,0.007825994233082792,21.064604764636094,0.4831858124081114,10.0,none
val_images,none,test001.png,0,rot20_padded,20.0,True,0,788,788,154399.0,0.24865205585956573,blur,pnp_hqs,wavelet,15.0,fixed10p0,0.4,0.5,0.0,0.15,vanilla,False,0,20,adjoint,0.012061643301203375,19.18593519059367,0.33741133463461553,2,0.007527487692702835,21.233499458777224,0.49981996726015065,10.0,none
val_images,none,test001.png,0,rot20_padded,20.0,True,0,788,788,154399.0,0.24865205585956573,blur,pnp_hqs,wavelet,15.0,fixed10p0,0.4,0.5,0.0,0.15,vanilla,False,0,20,adjoint,0.012061643301203375,19.18593519059367,0.33741133463461553,3,0.007488246260500392,21.256198817088098,0.5053331789713664,10.0,none
val_images,none,test001.png,0,rot20_padded,20.0,True,0,788,788,154399.0,0.24865205585956573,blur,pnp_hqs,wavelet,15.0,fixed10p0,0.4,0.5,0.0,0.15,vanilla,False,0,20,adjoint,0.012061643301203375,19.18593519059367,0.33741133463461553,4,0.007532036106279429,21.2308760677535,0.5068229271238803,10.0,none
val_images,none,test001.png,0,rot20_padded,20.0,True,0,788,788,154399.0,0.24865205585956573,blur,pnp_hqs,wavelet,15.0,fixed10p0,0.4,0.5,0.0,0.15,vanilla,False,0,20,adjoint,0.012061643301203375,19.18593519059367,0.33741133463461553,5,0.007604935640825475,21.18904456949921,0.5066501301012313,10.0,none
val_images,none,test001.png,0,rot20_padded,20.0,True,0,788,788,154399.0,0.24865205585956573,blur,pnp_hqs,wavelet,15.0,fixed10p0,0.4,0.5,0.0,0.15,vanilla,False,0,20,adjoint,0.012061643301203375,19.18593519059367,0.33741133463461553,6,0.007685657529608757,21.143189714609008,0.5058071943471136,10.0,none
val_images,none,test001.png,0,rot20_padded,20.0,True,0,788,788,154399.0,0.24865205585956573,blur,pnp_hqs,wavelet,15.0,fixed10p0,0.4,0.5,0.0,0.15,vanilla,False,0,20,adjoint,0.012061643301203375,19.18593519059367,0.33741133463461553,7,0.007767667331779189,21.09709382361936,0.5046413836877182,10.0,none
val_images,none,test001.png,0,rot20_padded,20.0,True,0,788,788,154399.0,0.24865205585956573,blur,pnp_hqs,wavelet,15.0,fixed10p0,0.4,0.5,0.0,0.15,vanilla,False,0,20,adjoint,0.012061643301203375,19.18593519059367,0.33741133463461553,8,0.00784674236753274,21.05310606368174,0.5033883902259729,10.0,none
val_images,none,test001.png,0,rot20_padded,20.0,True,0,788,788,154399.0,0.24865205585956573,blur,pnp_hqs,wavelet,15.0,fixed10p0,0.4,0.5,0.0,0.15,vanilla,False,0,20,adjoint,0.012061643301203375,19.18593519059367,0.33741133463461553,9,0.00792233394939815,21.011468547714077,0.5021069092902156,10.0,none
val_images,none,test001.png,0,rot20_padded,20.0,True,0,788,788,154399.0,0.24865205585956573,blur,pnp_hqs,wavelet,15.0,fixed10p0,0.4,0.5,0.0,0.15,vanilla,False,0,20,adjoint,0.012061643301203375,19.18593519059367,0.33741133463461553,10,0.00799621463834165,20.971155568505324,0.5007746771352146,10.0,none
val_images,none,test001.png,0,rot20_padded,20.0,True,0,788,788,154399.0,0.24865205585956573,blur,pnp_hqs,wavelet,15.0,fixed10p0,0.4,0.5,0.0,0.15,vanilla,False,0,20,adjoint,0.012061643301203375,19.18593519059367,0.33741133463461553,11,0.00806802865718447,20.932325678669347,0.49941299611720286,10.0,none
val_images,none,test001.png,0,rot20_padded,20.0,True,0,788,788,154399.0,0.24865205585956573,blur,pnp_hqs,wavelet,15.0,fixed10p0,0.4,0.5,0.0,0.15,vanilla,False,0,20,adjoint,0.012061643301203375,19.18593519059367,0.33741133463461553,12,0.008138464632421518,20.894575195040463,0.4980216638384964,10.0,none
val_images,none,test001.png,0,rot20_padded,20.0,True,0,788,788,154399.0,0.24865205585956573,blur,pnp_hqs,wavelet,15.0,fixed10p0,0.4,0.5,0.0,0.15,vanilla,False,0,20,adjoint,0.012061643301203375,19.18593519059367,0.33741133463461553,13,0.008208270486744166,20.85748340711195,0.4965961769506279,10.0,none
val_images,none,test001.png,0,rot20_padded,20.0,True,0,788,788,154399.0,0.24865205585956573,blur,pnp_hqs,wavelet,15.0,fixed10p0,0.4,0.5,0.0,0.15,vanilla,False,0,20,adjoint,0.012061643301203375,19.18593519059367,0.33741133463461553,14,0.008277645455372525,20.82093179055431,0.495143062778904,10.0,none
val_images,none,test001.png,0,rot20_padded,20.0,True,0,788,788,154399.0,0.24865205585956573,blur,pnp_hqs,wavelet,15.0,fixed10p0,0.4,0.5,0.0,0.15,vanilla,False,0,20,adjoint,0.012061643301203375,19.18593519059367,0.33741133463461553,15,0.0083469967055223,20.784697579104943,0.49365463021133554,10.0,none
val_images,none,test001.png,0,rot20_padded,20.0,True,0,788,788,154399.0,0.24865205585956573,blur,pnp_hqs,wavelet,15.0,fixed10p0,0.4,0.5,0.0,0.15,vanilla,False,0,20,adjoint,0.012061643301203375,19.18593519059367,0.33741133463461553,16,0.008416959892419558,20.748447422719295,0.4921240483260902,10.0,none
val_images,none,test001.png,0,rot20_padded,20.0,True,0,788,788,154399.0,0.24865205585956573,blur,pnp_hqs,wavelet,15.0,fixed10p0,0.4,0.5,0.0,0.15,vanilla,False,0,20,adjoint,0.012061643301203375,19.18593519059367,0.33741133463461553,17,0.008487648074145558,20.712126360135482,0.49055455548611065,10.0,none
val_images,none,test001.png,0,rot20_padded,20.0,True,0,788,788,154399.0,0.24865205585956573,blur,pnp_hqs,wavelet,15.0,fixed10p0,0.4,0.5,0.0,0.15,vanilla,False,0,20,adjoint,0.012061643301203375,19.18593519059367,0.33741133463461553,18,0.008559186168020842,20.67567527325228,0.48894483610645145,10.0,none
val_images,none,test001.png,0,rot20_padded,20.0,True,0,788,788,154399.0,0.24865205585956573,blur,pnp_hqs,wavelet,15.0,fixed10p0,0.4,0.5,0.0,0.15,vanilla,False,0,20,adjoint,0.012061643301203375,19.18593519059367,0.33741133463461553,19,0.008631675372887372,20.6390490132037,0.48730111391589326,10.0,none
val_images,none,test001.png,0,rot20_padded,20.0,True,0,788,788,154399.0,0.24865205585956573,blur,pnp_hqs,wavelet,15.0,fixed10p0,0.4,0.5,0.0,0.15,vanilla,False,0,20,adjoint,0.012061643301203375,19.18593519059367,0.33741133463461553,20,0.008705069042403934,20.60227780018662,0.48562789226290326,10.0,none
val_images,none,test001.png,0,rot20_padded,20.0,True,0,788,788,154399.0,0.24865205585956573,blur,pnp_hqs,wavelet,15.0,fixed10p0,0.4,0.5,0.0,0.15,G16_fixed,False,16,20,adjoint,0.012061643301203375,19.18593519059367,0.33741133463461553,1,0.007494036731738872,21.252841825589535,0.4942957248751611,10.0,0;22.5;45;67.5;90;112.5;135;157.5;180;202.5;225;247.5;270;292.5;315;337.5
val_images,none,test001.png,0,rot20_padded,20.0,True,0,788,788,154399.0,0.24865205585956573,blur,pnp_hqs,wavelet,15.0,fixed10p0,0.4,0.5,0.0,0.15,G16_fixed,False,16,20,adjoint,0.012061643301203375,19.18593519059367,0.33741133463461553,2,0.007151448608293286,21.456059779379547,0.5107538443416084,10.0,0;22.5;45;67.5;90;112.5;135;157.5;180;202.5;225;247.5;270;292.5;315;337.5
val_images,none,test001.png,0,rot20_padded,20.0,True,0,788,788,154399.0,0.24865205585956573,blur,pnp_hqs,wavelet,15.0,fixed10p0,0.4,0.5,0.0,0.15,G16_fixed,False,16,20,adjoint,0.012061643301203375,19.18593519059367,0.33741133463461553,3,0.007005632936266184,21.545526215045257,0.5185483815471603,10.0,0;22.5;45;67.5;90;112.5;135;157.5;180;202.5;225;247.5;270;292.5;315;337.5
val_images,none,test001.png,0,rot20_padded,20.0,True,0,788,788,154399.0,0.24865205585956573,blur,pnp_hqs,wavelet,15.0,fixed10p0,0.4,0.5,0.0,0.15,G16_fixed,False,16,20,adjoint,0.012061643301203375,19.18593519059367,0.33741133463461553,4,0.006934860158633233,21.589622920450957,0.5226158160026944,10.0,0;22.5;45;67.5;90;112.5;135;157.5;180;202.5;225;247.5;270;292.5;315;337.5
val_images,none,test001.png,0,rot20_padded,20.0,True,0,788,788,154399.0,0.24865205585956573,blur,pnp_hqs,wavelet,15.0,fixed10p0,0.4,0.5,0.0,0.15,G16_fixed,False,16,20,adjoint,0.012061643301203375,19.18593519059367,0.33741133463461553,5,0.006897448211745623,21.613115516588586,0.5248847952383111,10.0,0;22.5;45;67.5;90;112.5;135;157.5;180;202.5;225;247.5;270;292.5;315;337.5
val_images,none,test001.png,0,rot20_padded,20.0,True,0,788,788,154399.0,0.24865205585956573,blur,pnp_hqs,wavelet,15.0,fixed10p0,0.4,0.5,0.0,0.15,G16_fixed,False,16,20,adjoint,0.012061643301203375,19.18593519059367,0.33741133463461553,6,0.0068764684268214984,21.626345467239958,0.5262144468228421,10.0,0;22.5;45;67.5;90;112.5;135;157.5;180;202.5;225;247.5;270;292.5;315;337.5
val_images,none,test001.png,0,rot20_padded,20.0,True,0,788,788,154399.0,0.24865205585956573,blur,pnp_hqs,wavelet,15.0,fixed10p0,0.4,0.5,0.0,0.15,G16_fixed,False,16,20,adjoint,0.012061643301203375,19.18593519059367,0.33741133463461553,7,0.006864183836146526,21.63411093755668,0.5270226207747459,10.0,0;22.5;45;67.5;90;112.5;135;157.5;180;202.5;225;247.5;270;292.5;315;337.5
val_images,none,test001.png,0,rot20_padded,20.0,True,0,788,788,154399.0,0.24865205585956573,blur,pnp_hqs,wavelet,15.0,fixed10p0,0.4,0.5,0.0,0.15,G16_fixed,False,16,20,adjoint,0.012061643301203375,19.18593519059367,0.33741133463461553,8,0.006856747302494268,21.638818556614403,0.5275281089903432,10.0,0;22.5;45;67.5;90;112.5;135;157.5;180;202.5;225;247.5;270;292.5;315;337.5
val_images,none,test001.png,0,rot20_padded,20.0,True,0,788,788,154399.0,0.24865205585956573,blur,pnp_hqs,wavelet,15.0,fixed10p0,0.4,0.5,0.0,0.15,G16_fixed,False,16,20,adjoint,0.012061643301203375,19.18593519059367,0.33741133463461553,9,0.006852131686561684,21.64174299209516,0.5278514392904099,10.0,0;22.5;45;67.5;90;112.5;135;157.5;180;202.5;225;247.5;270;292.5;315;337.5
val_images,none,test001.png,0,rot20_padded,20.0,True,0,788,788,154399.0,0.24865205585956573,blur,pnp_hqs,wavelet,15.0,fixed10p0,0.4,0.5,0.0,0.15,G16_fixed,False,16,20,adjoint,0.012061643301203375,19.18593519059367,0.33741133463461553,10,0.00684920166384052,21.643600464921352,0.5280618316828477,10.0,0;22.5;45;67.5;90;112.5;135;157.5;180;202.5;225;247.5;270;292.5;315;337.5
val_images,none,test001.png,0,rot20_padded,20.0,True,0,788,788,154399.0,0.24865205585956573,blur,pnp_hqs,wavelet,15.0,fixed10p0,0.4,0.5,0.0,0.15,G16_fixed,False,16,20,adjoint,0.012061643301203375,19.18593519059367,0.33741133463461553,11,0.006847312091713272,21.644798770954367,0.5282008788917026,10.0,0;22.5;45;67.5;90;112.5;135;157.5;180;202.5;225;247.5;270;292.5;315;337.5
val_images,none,test001.png,0,rot20_padded,20.0,True,0,788,788,154399.0,0.24865205585956573,blur,pnp_hqs,wavelet,15.0,fixed10p0,0.4,0.5,0.0,0.15,G16_fixed,False,16,20,adjoint,0.012061643301203375,19.18593519059367,0.33741133463461553,12,0.006846076358979009,21.64558261187291,0.5282934758320974,10.0,0;22.5;45;67.5;90;112.5;135;157.5;180;202.5;225;247.5;270;292.5;315;337.5
val_images,none,test001.png,0,rot20_padded,20.0,True,0,788,788,154399.0,0.24865205585956573,blur,pnp_hqs,wavelet,15.0,fixed10p0,0.4,0.5,0.0,0.15,G16_fixed,False,16,20,adjoint,0.012061643301203375,19.18593519059367,0.33741133463461553,13,0.0068452612339316475,21.64609973345894,0.5283559661170085,10.0,0;22.5;45;67.5;90;112.5;135;157.5;180;202.5;225;247.5;270;292.5;315;337.5
val_images,none,test001.png,0,rot20_padded,20.0,True,0,788,788,154399.0,0.24865205585956573,blur,pnp_hqs,wavelet,15.0,fixed10p0,0.4,0.5,0.0,0.15,G16_fixed,False,16,20,adjoint,0.012061643301203375,19.18593519059367,0.33741133463461553,14,0.006844716499540152,21.64644535146514,0.5283985708294743,10.0,0;22.5;45;67.5;90;112.5;135;157.5;180;202.5;225;247.5;270;292.5;315;337.5
val_images,none,test001.png,0,rot20_padded,20.0,True,0,788,788,154399.0,0.24865205585956573,blur,pnp_hqs,wavelet,15.0,fixed10p0,0.4,0.5,0.0,0.15,G16_fixed,False,16,20,adjoint,0.012061643301203375,19.18593519059367,0.33741133463461553,15,0.0068443488631220895,21.64667862154387,0.5284275136982752,10.0,0;22.5;45;67.5;90;112.5;135;157.5;180;202.5;225;247.5;270;292.5;315;337.5
val_images,none,test001.png,0,rot20_padded,20.0,True,0,788,788,154399.0,0.24865205585956573,blur,pnp_hqs,wavelet,15.0,fixed10p0,0.4,0.5,0.0,0.15,G16_fixed,False,16,20,adjoint,0.012061643301203375,19.18593519059367,0.33741133463461553,16,0.006844100609712903,21.64683614864137,0.5284476016684045,10.0,0;22.5;45;67.5;90;112.5;135;157.5;180;202.5;225;247.5;270;292.5;315;337.5
val_images,none,test001.png,0,rot20_padded,20.0,True,0,788,788,154399.0,0.24865205585956573,blur,pnp_hqs,wavelet,15.0,fixed10p0,0.4,0.5,0.0,0.15,G16_fixed,False,16,20,adjoint,0.012061643301203375,19.18593519059367,0.33741133463461553,17,0.006843930627283046,21.646944012847747,0.5284612635120693,10.0,0;22.5;45;67.5;90;112.5;135;157.5;180;202.5;225;247.5;270;292.5;315;337.5
val_images,none,test001.png,0,rot20_padded,20.0,True,0,788,788,154399.0,0.24865205585956573,blur,pnp_hqs,wavelet,15.0,fixed10p0,0.4,0.5,0.0,0.15,G16_fixed,False,16,20,adjoint,0.012061643301203375,19.18593519059367,0.33741133463461553,18,0.006843814406737981,21.647017763405316,0.5284708774020557,10.0,0;22.5;45;67.5;90;112.5;135;157.5;180;202.5;225;247.5;270;292.5;315;337.5
val_images,none,test001.png,0,rot20_padded,20.0,True,0,788,788,154399.0,0.24865205585956573,blur,pnp_hqs,wavelet,15.0,fixed10p0,0.4,0.5,0.0,0.15,G16_fixed,False,16,20,adjoint,0.012061643301203375,19.18593519059367,0.33741133463461553,19,0.006843735345142698,21.647067934568433,0.5284774553267833,10.0,0;22.5;45;67.5;90;112.5;135;157.5;180;202.5;225;247.5;270;292.5;315;337.5
val_images,none,test001.png,0,rot20_padded,20.0,True,0,788,788,154399.0,0.24865205585956573,blur,pnp_hqs,wavelet,15.0,fixed10p0,0.4,0.5,0.0,0.15,G16_fixed,False,16,20,adjoint,0.012061643301203375,19.18593519059367,0.33741133463461553,20,0.006843679211410048,21.647103556446087,0.5284820598740925,10.0,0;22.5;45;67.5;90;112.5;135;157.5;180;202.5;225;247.5;270;292.5;315;337.5
val_images,none,test001.png,0,rot25_padded,25.0,True,0,834,834,154402.0,0.22198356688022614,blur,pnp_hqs,wavelet,15.0,fixed10p0,0.4,0.5,0.0,0.15,vanilla,False,0,20,adjoint,0.012021906587339785,19.200266509107795,0.33958433180917347,1,0.007882476058337166,21.03337339672712,0.48114282238895867,10.0,none
val_images,none,test001.png,0,rot25_padded,25.0,True,0,834,834,154402.0,0.22198356688022614,blur,pnp_hqs,wavelet,15.0,fixed10p0,0.4,0.5,0.0,0.15,vanilla,False,0,20,adjoint,0.012021906587339785,19.200266509107795,0.33958433180917347,2,0.007605754782969132,21.188576807808825,0.4964408046851725,10.0,none
val_images,none,test001.png,0,rot25_padded,25.0,True,0,834,834,154402.0,0.22198356688022614,blur,pnp_hqs,wavelet,15.0,fixed10p0,0.4,0.5,0.0,0.15,vanilla,False,0,20,adjoint,0.012021906587339785,19.200266509107795,0.33958433180917347,3,0.007587514836726937,21.19900446690678,0.5010142456865844,10.0,none
val_images,none,test001.png,0,rot25_padded,25.0,True,0,834,834,154402.0,0.22198356688022614,blur,pnp_hqs,wavelet,15.0,fixed10p0,0.4,0.5,0.0,0.15,vanilla,False,0,20,adjoint,0.012021906587339785,19.200266509107795,0.33958433180917347,4,0.0076536019307554305,21.161341294870148,0.5016090809218793,10.0,none
val_images,none,test001.png,0,rot25_padded,25.0,True,0,834,834,154402.0,0.22198356688022614,blur,pnp_hqs,wavelet,15.0,fixed10p0,0.4,0.5,0.0,0.15,vanilla,False,0,20,adjoint,0.012021906587339785,19.200266509107795,0.33958433180917347,5,0.007745377219196886,21.10957426164777,0.5007441006269349,10.0,none
val_images,none,test001.png,0,rot25_padded,25.0,True,0,834,834,154402.0,0.22198356688022614,blur,pnp_hqs,wavelet,15.0,fixed10p0,0.4,0.5,0.0,0.15,vanilla,False,0,20,adjoint,0.012021906587339785,19.200266509107795,0.33958433180917347,6,0.007842090598931685,21.055681446437163,0.49934561040336267,10.0,none
val_images,none,test001.png,0,rot25_padded,25.0,True,0,834,834,154402.0,0.22198356688022614,blur,pnp_hqs,wavelet,15.0,fixed10p0,0.4,0.5,0.0,0.15,vanilla,False,0,20,adjoint,0.012021906587339785,19.200266509107795,0.33958433180917347,7,0.007936134120469618,21.00391001225895,0.4978173351867204,10.0,none
val_images,none,test001.png,0,rot25_padded,25.0,True,0,834,834,154402.0,0.22198356688022614,blur,pnp_hqs,wavelet,15.0,fixed10p0,0.4,0.5,0.0,0.15,vanilla,False,0,20,adjoint,0.012021906587339785,19.200266509107795,0.33958433180917347,8,0.008024131919285776,20.956019399892686,0.49630499847799897,10.0,none
val_images,none,test001.png,0,rot25_padded,25.0,True,0,834,834,154402.0,0.22198356688022614,blur,pnp_hqs,wavelet,15.0,fixed10p0,0.4,0.5,0.0,0.15,vanilla,False,0,20,adjoint,0.012021906587339785,19.200266509107795,0.33958433180917347,9,0.008105093372839245,20.91241977598284,0.49488080424800196,10.0,none
val_images,none,test001.png,0,rot25_padded,25.0,True,0,834,834,154402.0,0.22198356688022614,blur,pnp_hqs,wavelet,15.0,fixed10p0,0.4,0.5,0.0,0.15,vanilla,False,0,20,adjoint,0.012021906587339785,19.200266509107795,0.33958433180917347,10,0.008180302416490315,20.872306406581092,0.49356382810779653,10.0,none
val_images,none,test001.png,0,rot25_padded,25.0,True,0,834,834,154402.0,0.22198356688022614,blur,pnp_hqs,wavelet,15.0,fixed10p0,0.4,0.5,0.0,0.15,vanilla,False,0,20,adjoint,0.012021906587339785,19.200266509107795,0.33958433180917347,11,0.008249782768256726,20.835574870609225,0.4923479982448414,10.0,none
val_images,none,test001.png,0,rot25_padded,25.0,True,0,834,834,154402.0,0.22198356688022614,blur,pnp_hqs,wavelet,15.0,fixed10p0,0.4,0.5,0.0,0.15,vanilla,False,0,20,adjoint,0.012021906587339785,19.200266509107795,0.33958433180917347,12,0.008314382742572958,20.801699871474092,0.49121251870118265,10.0,none
val_images,none,test001.png,0,rot25_padded,25.0,True,0,834,834,154402.0,0.22198356688022614,blur,pnp_hqs,wavelet,15.0,fixed10p0,0.4,0.5,0.0,0.15,vanilla,False,0,20,adjoint,0.012021906587339785,19.200266509107795,0.33958433180917347,13,0.008375295355731305,20.769998685773828,0.4901386174563801,10.0,none
val_images,none,test001.png,0,rot25_padded,25.0,True,0,834,834,154402.0,0.22198356688022614,blur,pnp_hqs,wavelet,15.0,fixed10p0,0.4,0.5,0.0,0.15,vanilla,False,0,20,adjoint,0.012021906587339785,19.200266509107795,0.33958433180917347,14,0.008433592662133586,20.73987378998151,0.4891025132446471,10.0,none
val_images,none,test001.png,0,rot25_padded,25.0,True,0,834,834,154402.0,0.22198356688022614,blur,pnp_hqs,wavelet,15.0,fixed10p0,0.4,0.5,0.0,0.15,vanilla,False,0,20,adjoint,0.012021906587339785,19.200266509107795,0.33958433180917347,15,0.008489994108317897,20.71092611137192,0.48809737527687463,10.0,none
val_images,none,test001.png,0,rot25_padded,25.0,True,0,834,834,154402.0,0.22198356688022614,blur,pnp_hqs,wavelet,15.0,fixed10p0,0.4,0.5,0.0,0.15,vanilla,False,0,20,adjoint,0.012021906587339785,19.200266509107795,0.33958433180917347,16,0.00854488629797339,20.682937118187592,0.48711272967642905,10.0,none
val_images,none,test001.png,0,rot25_padded,25.0,True,0,834,834,154402.0,0.22198356688022614,blur,pnp_hqs,wavelet,15.0,fixed10p0,0.4,0.5,0.0,0.15,vanilla,False,0,20,adjoint,0.012021906587339785,19.200266509107795,0.33958433180917347,17,0.008599037694874823,20.6555014726684,0.4861254023587777,10.0,none
val_images,none,test001.png,0,rot25_padded,25.0,True,0,834,834,154402.0,0.22198356688022614,blur,pnp_hqs,wavelet,15.0,fixed10p0,0.4,0.5,0.0,0.15,vanilla,False,0,20,adjoint,0.012021906587339785,19.200266509107795,0.33958433180917347,18,0.008653022275051488,20.62832178300512,0.48512410987228144,10.0,none
val_images,none,test001.png,0,rot25_padded,25.0,True,0,834,834,154402.0,0.22198356688022614,blur,pnp_hqs,wavelet,15.0,fixed10p0,0.4,0.5,0.0,0.15,vanilla,False,0,20,adjoint,0.012021906587339785,19.200266509107795,0.33958433180917347,19,0.008707296215044576,20.60116680948656,0.484100807065323,10.0,none
val_images,none,test001.png,0,rot25_padded,25.0,True,0,834,834,154402.0,0.22198356688022614,blur,pnp_hqs,wavelet,15.0,fixed10p0,0.4,0.5,0.0,0.15,vanilla,False,0,20,adjoint,0.012021906587339785,19.200266509107795,0.33958433180917347,20,0.008762344943617148,20.57379654129681,0.48304400809251175,10.0,none
val_images,none,test001.png,0,rot25_padded,25.0,True,0,834,834,154402.0,0.22198356688022614,blur,pnp_hqs,wavelet,15.0,fixed10p0,0.4,0.5,0.0,0.15,G16_fixed,False,16,20,adjoint,0.012021906587339785,19.200266509107795,0.33958433180917347,1,0.007519408548788228,21.238163181981648,0.4936422556864548,10.0,0;22.5;45;67.5;90;112.5;135;157.5;180;202.5;225;247.5;270;292.5;315;337.5
val_images,none,test001.png,0,rot25_padded,25.0,True,0,834,834,154402.0,0.22198356688022614,blur,pnp_hqs,wavelet,15.0,fixed10p0,0.4,0.5,0.0,0.15,G16_fixed,False,16,20,adjoint,0.012021906587339785,19.200266509107795,0.33958433180917347,2,0.007169483192868697,21.445121490148598,0.5103968152128858,10.0,0;22.5;45;67.5;90;112.5;135;157.5;180;202.5;225;247.5;270;292.5;315;337.5
val_images,none,test001.png,0,rot25_padded,25.0,True,0,834,834,154402.0,0.22198356688022614,blur,pnp_hqs,wavelet,15.0,fixed10p0,0.4,0.5,0.0,0.15,G16_fixed,False,16,20,adjoint,0.012021906587339785,19.200266509107795,0.33958433180917347,3,0.007019321260158143,21.537048803515596,0.5183282215418195,10.0,0;22.5;45;67.5;90;112.5;135;157.5;180;202.5;225;247.5;270;292.5;315;337.5
val_images,none,test001.png,0,rot25_padded,25.0,True,0,834,834,154402.0,0.22198356688022614,blur,pnp_hqs,wavelet,15.0,fixed10p0,0.4,0.5,0.0,0.15,G16_fixed,False,16,20,adjoint,0.012021906587339785,19.200266509107795,0.33958433180917347,4,0.006946984468455314,21.582036720874544,0.5223827755631404,10.0,0;22.5;45;67.5;90;112.5;135;157.5;180;202.5;225;247.5;270;292.5;315;337.5
val_images,none,test001.png,0,rot25_padded,25.0,True,0,834,834,154402.0,0.22198356688022614,blur,pnp_hqs,wavelet,15.0,fixed10p0,0.4,0.5,0.0,0.15,G16_fixed,False,16,20,adjoint,0.012021906587339785,19.200266509107795,0.33958433180917347,5,0.006909526603039468,21.60551706711263,0.5245704496217666,10.0,0;22.5;45;67.5;90;112.5;135;157.5;180;202.5;225;247.5;270;292.5;315;337.5
val_images,none,test001.png,0,rot25_padded,25.0,True,0,834,834,154402.0,0.22198356688022614,blur,pnp_hqs,wavelet,15.0,fixed10p0,0.4,0.5,0.0,0.15,G16_fixed,False,16,20,adjoint,0.012021906587339785,19.200266509107795,0.33958433180917347,6,0.00688924453546991,21.618283995822427,0.5257940210457118,10.0,0;22.5;45;67.5;90;112.5;135;157.5;180;202.5;225;247.5;270;292.5;315;337.5
val_images,none,test001.png,0,rot25_padded,25.0,True,0,834,834,154402.0,0.22198356688022614,blur,pnp_hqs,wavelet,15.0,fixed10p0,0.4,0.5,0.0,0.15,G16_fixed,False,16,20,adjoint,0.012021906587339785,19.200266509107795,0.33958433180917347,7,0.006877930250407621,21.625422327036944,0.5264964791583011,10.0,0;22.5;45;67.5;90;112.5;135;157.5;180;202.5;225;247.5;270;292.5;315;337.5
val_images,none,test001.png,0,rot25_padded,25.0,True,0,834,834,154402.0,0.22198356688022614,blur,pnp_hqs,wavelet,15.0,fixed10p0,0.4,0.5,0.0,0.15,G16_fixed,False,16,20,adjoint,0.012021906587339785,19.200266509107795,0.33958433180917347,8,0.006871489227390189,21.629491300222938,0.5269076926626598,10.0,0;22.5;45;67.5;90;112.5;135;157.5;180;202.5;225;247.5;270;292.5;315;337.5
val_images,none,test001.png,0,rot25_padded,25.0,True,0,834,834,154402.0,0.22198356688022614,blur,pnp_hqs,wavelet,15.0,fixed10p0,0.4,0.5,0.0,0.15,G16_fixed,False,16,20,adjoint,0.012021906587339785,19.200266509107795,0.33958433180917347,9,0.006867760755001554,21.63184842310248,0.5271520325190088,10.0,0;22.5;45;67.5;90;112.5;135;157.5;180;202.5;225;247.5;270;292.5;315;337.5
val_images,none,test001.png,0,rot25_padded,25.0,True,0,834,834,154402.0,0.22198356688022614,blur,pnp_hqs,wavelet,15.0,fixed10p0,0.4,0.5,0.0,0.15,G16_fixed,False,16,20,adjoint,0.012021906587339785,19.200266509107795,0.33958433180917347,10,0.00686557948797012,21.63322800334518,0.5272986161934431,10.0,0;22.5;45;67.5;90;112.5;135;157.5;180;202.5;225;247.5;270;292.5;315;337.5
val_images,none,test001.png,0,rot25_padded,25.0,True,0,834,834,154402.0,0.22198356688022614,blur,pnp_hqs,wavelet,15.0,fixed10p0,0.4,0.5,0.0,0.15,G16_fixed,False,16,20,adjoint,0.012021906587339785,19.200266509107795,0.33958433180917347,11,0.006864288437204505,21.634044757341755,0.5273875176487351,10.0,0;22.5;45;67.5;90;112.5;135;157.5;180;202.5;225;247.5;270;292.5;315;337.5
val_images,none,test001.png,0,rot25_padded,25.0,True,0,834,834,154402.0,0.22198356688022614,blur,pnp_hqs,wavelet,15.0,fixed10p0,0.4,0.5,0.0,0.15,G16_fixed,False,16,20,adjoint,0.012021906587339785,19.200266509107795,0.33958433180917347,12,0.006863521554630931,21.63452998094336,0.5274415061819148,10.0,0;22.5;45;67.5;90;112.5;135;157.5;180;202.5;225;247.5;270;292.5;315;337.5
val_images,none,test001.png,0,rot25_padded,25.0,True,0,834,834,154402.0,0.22198356688022614,blur,pnp_hqs,wavelet,15.0,fixed10p0,0.4,0.5,0.0,0.15,G16_fixed,False,16,20,adjoint,0.012021906587339785,19.200266509107795,0.33958433180917347,13,0.006863059053285012,21.63482264200472,0.5274749011508918,10.0,0;22.5;45;67.5;90;112.5;135;157.5;180;202.5;225;247.5;270;292.5;315;337.5
val_images,none,test001.png,0,rot25_padded,25.0,True,0,834,834,154402.0,0.22198356688022614,blur,pnp_hqs,wavelet,15.0,fixed10p0,0.4,0.5,0.0,0.15,G16_fixed,False,16,20,adjoint,0.012021906587339785,19.200266509107795,0.33958433180917347,14,0.0068627831336786444,21.63499724748376,0.5274953935182187,10.0,0;22.5;45;67.5;90;112.5;135;157.5;180;202.5;225;247.5;270;292.5;315;337.5
val_images,none,test001.png,0,rot25_padded,25.0,True,0,834,834,154402.0,0.22198356688022614,blur,pnp_hqs,wavelet,15.0,fixed10p0,0.4,0.5,0.0,0.15,G16_fixed,False,16,20,adjoint,0.012021906587339785,19.200266509107795,0.33958433180917347,15,0.0068626155263532855,21.635103314984363,0.527507941930804,10.0,0;22.5;45;67.5;90;112.5;135;157.5;180;202.5;225;247.5;270;292.5;315;337.5
val_images,none,test001.png,0,rot25_padded,25.0,True,0,834,834,154402.0,0.22198356688022614,blur,pnp_hqs,wavelet,15.0,fixed10p0,0.4,0.5,0.0,0.15,G16_fixed,False,16,20,adjoint,0.012021906587339785,19.200266509107795,0.33958433180917347,16,0.006862513538877006,21.635167857325584,0.5275158858855455,10.0,0;22.5;45;67.5;90;112.5;135;157.5;180;202.5;225;247.5;270;292.5;315;337.5
val_images,none,test001.png,0,rot25_padded,25.0,True,0,834,834,154402.0,0.22198356688022614,blur,pnp_hqs,wavelet,15.0,fixed10p0,0.4,0.5,0.0,0.15,G16_fixed,False,16,20,adjoint,0.012021906587339785,19.200266509107795,0.33958433180917347,17,0.0068624510814302925,21.635207383729057,0.5275208445324543,10.0,0;22.5;45;67.5;90;112.5;135;157.5;180;202.5;225;247.5;270;292.5;315;337.5
val_images,none,test001.png,0,rot25_padded,25.0,True,0,834,834,154402.0,0.22198356688022614,blur,pnp_hqs,wavelet,15.0,fixed10p0,0.4,0.5,0.0,0.15,G16_fixed,False,16,20,adjoint,0.012021906587339785,19.200266509107795,0.33958433180917347,18,0.006862413132601909,21.63523139994737,0.5275237792418492,10.0,0;22.5;45;67.5;90;112.5;135;157.5;180;202.5;225;247.5;270;292.5;315;337.5
val_images,none,test001.png,0,rot25_padded,25.0,True,0,834,834,154402.0,0.22198356688022614,blur,pnp_hqs,wavelet,15.0,fixed10p0,0.4,0.5,0.0,0.15,G16_fixed,False,16,20,adjoint,0.012021906587339785,19.200266509107795,0.33958433180917347,19,0.006862390205184761,21.635245909810287,0.5275257525809252,10.0,0;22.5;45;67.5;90;112.5;135;157.5;180;202.5;225;247.5;270;292.5;315;337.5
val_images,none,test001.png,0,rot25_padded,25.0,True,0,834,834,154402.0,0.22198356688022614,blur,pnp_hqs,wavelet,15.0,fixed10p0,0.4,0.5,0.0,0.15,G16_fixed,False,16,20,adjoint,0.012021906587339785,19.200266509107795,0.33958433180917347,20,0.006862373602572343,21.635256416982664,0.5275268657465577,10.0,0;22.5;45;67.5;90;112.5;135;157.5;180;202.5;225;247.5;270;292.5;315;337.5
val_images,none,test001.png,0,rot30_padded,30.0,True,0,878,878,154400.0,0.2002895325422287,blur,pnp_hqs,wavelet,15.0,fixed10p0,0.4,0.5,0.0,0.15,vanilla,False,0,20,adjoint,0.012096182077042179,19.17351684602495,0.33933204136981865,1,0.007875018342171308,21.03748425996202,0.482189220369171,10.0,none
val_images,none,test001.png,0,rot30_padded,30.0,True,0,878,878,154400.0,0.2002895325422287,blur,pnp_hqs,wavelet,15.0,fixed10p0,0.4,0.5,0.0,0.15,vanilla,False,0,20,adjoint,0.012096182077042179,19.17351684602495,0.33933204136981865,2,0.007614467008126215,21.183604906904886,0.49703964944948187,10.0,none
val_images,none,test001.png,0,rot30_padded,30.0,True,0,878,878,154400.0,0.2002895325422287,blur,pnp_hqs,wavelet,15.0,fixed10p0,0.4,0.5,0.0,0.15,vanilla,False,0,20,adjoint,0.012096182077042179,19.17351684602495,0.33933204136981865,3,0.0076120785728019755,21.18496737521353,0.5012887083063472,10.0,none
val_images,none,test001.png,0,rot30_padded,30.0,True,0,878,878,154400.0,0.2002895325422287,blur,pnp_hqs,wavelet,15.0,fixed10p0,0.4,0.5,0.0,0.15,vanilla,False,0,20,adjoint,0.012096182077042179,19.17351684602495,0.33933204136981865,4,0.007696197193521292,21.13723813246619,0.5015613868199482,10.0,none
val_images,none,test001.png,0,rot30_padded,30.0,True,0,878,878,154400.0,0.2002895325422287,blur,pnp_hqs,wavelet,15.0,fixed10p0,0.4,0.5,0.0,0.15,vanilla,False,0,20,adjoint,0.012096182077042179,19.17351684602495,0.33933204136981865,5,0.007806991814331687,21.07516275994918,0.5002788516029792,10.0,none
val_images,none,test001.png,0,rot30_padded,30.0,True,0,878,878,154400.0,0.2002895325422287,blur,pnp_hqs,wavelet,15.0,fixed10p0,0.4,0.5,0.0,0.15,vanilla,False,0,20,adjoint,0.012096182077042179,19.17351684602495,0.33933204136981865,6,0.007923621143084116,21.010762978232247,0.4984323894915803,10.0,none
val_images,none,test001.png,0,rot30_padded,30.0,True,0,878,878,154400.0,0.2002895325422287,blur,pnp_hqs,wavelet,15.0,fixed10p0,0.4,0.5,0.0,0.15,vanilla,False,0,20,adjoint,0.012096182077042179,19.17351684602495,0.33933204136981865,7,0.008036108461686366,20.949542103018363,0.4964945454177461,10.0,none
val_images,none,test001.png,0,rot30_padded,30.0,True,0,878,878,154400.0,0.2002895325422287,blur,pnp_hqs,wavelet,15.0,fixed10p0,0.4,0.5,0.0,0.15,vanilla,False,0,20,adjoint,0.012096182077042179,19.17351684602495,0.33933204136981865,8,0.008140831981915885,20.893312085394207,0.49465304201748705,10.0,none
val_images,none,test001.png,0,rot30_padded,30.0,True,0,878,878,154400.0,0.2002895325422287,blur,pnp_hqs,wavelet,15.0,fixed10p0,0.4,0.5,0.0,0.15,vanilla,False,0,20,adjoint,0.012096182077042179,19.17351684602495,0.33933204136981865,9,0.008237018486378724,20.842299593261057,0.49295524004209845,10.0,none
val_images,none,test001.png,0,rot30_padded,30.0,True,0,878,878,154400.0,0.2002895325422287,blur,pnp_hqs,wavelet,15.0,fixed10p0,0.4,0.5,0.0,0.15,vanilla,False,0,20,adjoint,0.012096182077042179,19.17351684602495,0.33933204136981865,10,0.008324389680061934,20.79647597857405,0.49143514208225386,10.0,none
val_images,none,test001.png,0,rot30_padded,30.0,True,0,878,878,154400.0,0.2002895325422287,blur,pnp_hqs,wavelet,15.0,fixed10p0,0.4,0.5,0.0,0.15,vanilla,False,0,20,adjoint,0.012096182077042179,19.17351684602495,0.33933204136981865,11,0.008403308453337517,20.755496948735484,0.4900955310880829,10.0,none
val_images,none,test001.png,0,rot30_padded,30.0,True,0,878,878,154400.0,0.2002895325422287,blur,pnp_hqs,wavelet,15.0,fixed10p0,0.4,0.5,0.0,0.15,vanilla,False,0,20,adjoint,0.012096182077042179,19.17351684602495,0.33933204136981865,12,0.008474339302339703,20.718941513588916,0.4889225429080311,10.0,none
val_images,none,test001.png,0,rot30_padded,30.0,True,0,878,878,154400.0,0.2002895325422287,blur,pnp_hqs,wavelet,15.0,fixed10p0,0.4,0.5,0.0,0.15,vanilla,False,0,20,adjoint,0.012096182077042179,19.17351684602495,0.33933204136981865,13,0.008538501324431267,20.686183498784757,0.48789492592292744,10.0,none
val_images,none,test001.png,0,rot30_padded,30.0,True,0,878,878,154400.0,0.2002895325422287,blur,pnp_hqs,wavelet,15.0,fixed10p0,0.4,0.5,0.0,0.15,vanilla,False,0,20,adjoint,0.012096182077042179,19.17351684602495,0.33933204136981865,14,0.008596664191527688,20.656700376231388,0.48698550841968913,10.0,none
val_images,none,test001.png,0,rot30_padded,30.0,True,0,878,878,154400.0,0.2002895325422287,blur,pnp_hqs,wavelet,15.0,fixed10p0,0.4,0.5,0.0,0.15,vanilla,False,0,20,adjoint,0.012096182077042179,19.17351684602495,0.33933204136981865,15,0.008649397143428189,20.630141614839186,0.4861804768458549,10.0,none
val_images,none,test001.png,0,rot30_padded,30.0,True,0,878,878,154400.0,0.2002895325422287,blur,pnp_hqs,wavelet,15.0,fixed10p0,0.4,0.5,0.0,0.15,vanilla,False,0,20,adjoint,0.012096182077042179,19.17351684602495,0.33933204136981865,16,0.008697958041966889,20.6058269165645,0.4854592373704663,10.0,none
val_images,none,test001.png,0,rot30_padded,30.0,True,0,878,878,154400.0,0.2002895325422287,blur,pnp_hqs,wavelet,15.0,fixed10p0,0.4,0.5,0.0,0.15,vanilla,False,0,20,adjoint,0.012096182077042179,19.17351684602495,0.33933204136981865,17,0.008743120104537727,20.583335556525867,0.48480615487370465,10.0,none
val_images,none,test001.png,0,rot30_padded,30.0,True,0,878,878,154400.0,0.2002895325422287,blur,pnp_hqs,wavelet,15.0,fixed10p0,0.4,0.5,0.0,0.15,vanilla,False,0,20,adjoint,0.012096182077042179,19.17351684602495,0.33933204136981865,18,0.00878573007534205,20.56222143728363,0.4842034184747409,10.0,none
val_images,none,test001.png,0,rot30_padded,30.0,True,0,878,878,154400.0,0.2002895325422287,blur,pnp_hqs,wavelet,15.0,fixed10p0,0.4,0.5,0.0,0.15,vanilla,False,0,20,adjoint,0.012096182077042179,19.17351684602495,0.33933204136981865,19,0.008826053599619495,20.542334394598328,0.4836382266029793,10.0,none
val_images,none,test001.png,0,rot30_padded,30.0,True,0,878,878,154400.0,0.2002895325422287,blur,pnp_hqs,wavelet,15.0,fixed10p0,0.4,0.5,0.0,0.15,vanilla,False,0,20,adjoint,0.012096182077042179,19.17351684602495,0.33933204136981865,20,0.00886474609375,20.52333699054882,0.48309367916126944,10.0,none
val_images,none,test001.png,0,rot30_padded,30.0,True,0,878,878,154400.0,0.2002895325422287,blur,pnp_hqs,wavelet,15.0,fixed10p0,0.4,0.5,0.0,0.15,G16_fixed,False,16,20,adjoint,0.012096182077042179,19.17351684602495,0.33933204136981865,1,0.007495821621751538,21.25180756913602,0.4946814787079016,10.0,0;22.5;45;67.5;90;112.5;135;157.5;180;202.5;225;247.5;270;292.5;315;337.5
val_images,none,test001.png,0,rot30_padded,30.0,True,0,878,878,154400.0,0.2002895325422287,blur,pnp_hqs,wavelet,15.0,fixed10p0,0.4,0.5,0.0,0.15,G16_fixed,False,16,20,adjoint,0.012096182077042179,19.17351684602495,0.33933204136981865,2,0.007144338182834764,21.460379959640186,0.5113307561528497,10.0,0;22.5;45;67.5;90;112.5;135;157.5;180;202.5;225;247.5;270;292.5;315;337.5
val_images,none,test001.png,0,rot30_padded,30.0,True,0,878,878,154400.0,0.2002895325422287,blur,pnp_hqs,wavelet,15.0,fixed10p0,0.4,0.5,0.0,0.15,G16_fixed,False,16,20,adjoint,0.012096182077042179,19.17351684602495,0.33933204136981865,3,0.006993040569088002,21.553339522574085,0.5192715754533679,10.0,0;22.5;45;67.5;90;112.5;135;157.5;180;202.5;225;247.5;270;292.5;315;337.5
val_images,none,test001.png,0,rot30_padded,30.0,True,0,878,878,154400.0,0.2002895325422287,blur,pnp_hqs,wavelet,15.0,fixed10p0,0.4,0.5,0.0,0.15,G16_fixed,False,16,20,adjoint,0.012096182077042179,19.17351684602495,0.33933204136981865,4,0.006920027658729355,21.59892169703715,0.5233619049546632,10.0,0;22.5;45;67.5;90;112.5;135;157.5;180;202.5;225;247.5;270;292.5;315;337.5
val_images,none,test001.png,0,rot30_padded,30.0,True,0,878,878,154400.0,0.2002895325422287,blur,pnp_hqs,wavelet,15.0,fixed10p0,0.4,0.5,0.0,0.15,G16_fixed,False,16,20,adjoint,0.012096182077042179,19.17351684602495,0.33933204136981865,5,0.006882213533233484,21.62271856727246,0.5255818389734456,10.0,0;22.5;45;67.5;90;112.5;135;157.5;180;202.5;225;247.5;270;292.5;315;337.5
val_images,none,test001.png,0,rot30_padded,30.0,True,0,878,878,154400.0,0.2002895325422287,blur,pnp_hqs,wavelet,15.0,fixed10p0,0.4,0.5,0.0,0.15,G16_fixed,False,16,20,adjoint,0.012096182077042179,19.17351684602495,0.33933204136981865,6,0.006861724853515625,21.635667005899066,0.5268309787888601,10.0,0;22.5;45;67.5;90;112.5;135;157.5;180;202.5;225;247.5;270;292.5;315;337.5
val_images,none,test001.png,0,rot30_padded,30.0,True,0,878,878,154400.0,0.2002895325422287,blur,pnp_hqs,wavelet,15.0,fixed10p0,0.4,0.5,0.0,0.15,G16_fixed,False,16,20,adjoint,0.012096182077042179,19.17351684602495,0.33933204136981865,7,0.006850281552329582,21.642915782725037,0.5275528254533679,10.0,0;22.5;45;67.5;90;112.5;135;157.5;180;202.5;225;247.5;270;292.5;315;337.5
val_images,none,test001.png,0,rot30_padded,30.0,True,0,878,878,154400.0,0.2002895325422287,blur,pnp_hqs,wavelet,15.0,fixed10p0,0.4,0.5,0.0,0.15,G16_fixed,False,16,20,adjoint,0.012096182077042179,19.17351684602495,0.33933204136981865,8,0.006843750316244333,21.6470584341138,0.5279779084358809,10.0,0;22.5;45;67.5;90;112.5;135;157.5;180;202.5;225;247.5;270;292.5;315;337.5
val_images,none,test001.png,0,rot30_padded,30.0,True,0,878,878,154400.0,0.2002895325422287,blur,pnp_hqs,wavelet,15.0,fixed10p0,0.4,0.5,0.0,0.15,G16_fixed,False,16,20,adjoint,0.012096182077042179,19.17351684602495,0.33933204136981865,9,0.006839966452801166,21.649460283089866,0.5282320170822539,10.0,0;22.5;45;67.5;90;112.5;135;157.5;180;202.5;225;247.5;270;292.5;315;337.5
val_images,none,test001.png,0,rot30_padded,30.0,True,0,878,878,154400.0,0.2002895325422287,blur,pnp_hqs,wavelet,15.0,fixed10p0,0.4,0.5,0.0,0.15,G16_fixed,False,16,20,adjoint,0.012096182077042179,19.17351684602495,0.33933204136981865,10,0.006837744836362533,21.65087109773318,0.5283854335330311,10.0,0;22.5;45;67.5;90;112.5;135;157.5;180;202.5;225;247.5;270;292.5;315;337.5
val_images,none,test001.png,0,rot30_padded,30.0,True,0,878,878,154400.0,0.2002895325422287,blur,pnp_hqs,wavelet,15.0,fixed10p0,0.4,0.5,0.0,0.15,G16_fixed,False,16,20,adjoint,0.012096182077042179,19.17351684602495,0.33933204136981865,11,0.006836429259937662,21.65170675710037,0.5284788394591969,10.0,0;22.5;45;67.5;90;112.5;135;157.5;180;202.5;225;247.5;270;292.5;315;337.5
val_images,none,test001.png,0,rot30_padded,30.0,True,0,878,878,154400.0,0.2002895325422287,blur,pnp_hqs,wavelet,15.0,fixed10p0,0.4,0.5,0.0,0.15,G16_fixed,False,16,20,adjoint,0.012096182077042179,19.17351684602495,0.33933204136981865,12,0.006835642602159569,21.652206522075268,0.5285364718264248,10.0,0;22.5;45;67.5;90;112.5;135;157.5;180;202.5;225;247.5;270;292.5;315;337.5
val_images,none,test001.png,0,rot30_padded,30.0,True,0,878,878,154400.0,0.2002895325422287,blur,pnp_hqs,wavelet,15.0,fixed10p0,0.4,0.5,0.0,0.15,G16_fixed,False,16,20,adjoint,0.012096182077042179,19.17351684602495,0.33933204136981865,13,0.006835173769936043,21.65250439930828,0.5285717899935233,10.0,0;22.5;45;67.5;90;112.5;135;157.5;180;202.5;225;247.5;270;292.5;315;337.5
val_images,none,test001.png,0,rot30_padded,30.0,True,0,878,878,154400.0,0.2002895325422287,blur,pnp_hqs,wavelet,15.0,fixed10p0,0.4,0.5,0.0,0.15,G16_fixed,False,16,20,adjoint,0.012096182077042179,19.17351684602495,0.33933204136981865,14,0.006834888359425599,21.652685747730267,0.5285936994009067,10.0,0;22.5;45;67.5;90;112.5;135;157.5;180;202.5;225;247.5;270;292.5;315;337.5
val_images,none,test001.png,0,rot30_padded,30.0,True,0,878,878,154400.0,0.2002895325422287,blur,pnp_hqs,wavelet,15.0,fixed10p0,0.4,0.5,0.0,0.15,G16_fixed,False,16,20,adjoint,0.012096182077042179,19.17351684602495,0.33933204136981865,15,0.006834716006264167,21.65279526374104,0.5286072599579016,10.0,0;22.5;45;67.5;90;112.5;135;157.5;180;202.5;225;247.5;270;292.5;315;337.5
val_images,none,test001.png,0,rot30_padded,30.0,True,0,878,878,154400.0,0.2002895325422287,blur,pnp_hqs,wavelet,15.0,fixed10p0,0.4,0.5,0.0,0.15,G16_fixed,False,16,20,adjoint,0.012096182077042179,19.17351684602495,0.33933204136981865,16,0.006834610855023478,21.65286207991138,0.5286156594073834,10.0,0;22.5;45;67.5;90;112.5;135;157.5;180;202.5;225;247.5;270;292.5;315;337.5
val_images,none,test001.png,0,rot30_padded,30.0,True,0,878,878,154400.0,0.2002895325422287,blur,pnp_hqs,wavelet,15.0,fixed10p0,0.4,0.5,0.0,0.15,G16_fixed,False,16,20,adjoint,0.012096182077042179,19.17351684602495,0.33933204136981865,17,0.006834545234324401,21.652903777741624,0.5286210229112694,10.0,0;22.5;45;67.5;90;112.5;135;157.5;180;202.5;225;247.5;270;292.5;315;337.5
val_images,none,test001.png,0,rot30_padded,30.0,True,0,878,878,154400.0,0.2002895325422287,blur,pnp_hqs,wavelet,15.0,fixed10p0,0.4,0.5,0.0,0.15,G16_fixed,False,16,20,adjoint,0.012096182077042179,19.17351684602495,0.33933204136981865,18,0.00683450649439362,21.652928394720913,0.5286243624514249,10.0,0;22.5;45;67.5;90;112.5;135;157.5;180;202.5;225;247.5;270;292.5;315;337.5
val_images,none,test001.png,0,rot30_padded,30.0,True,0,878,878,154400.0,0.2002895325422287,blur,pnp_hqs,wavelet,15.0,fixed10p0,0.4,0.5,0.0,0.15,G16_fixed,False,16,20,adjoint,0.012096182077042179,19.17351684602495,0.33933204136981865,19,0.006834482776068653,21.65294346640976,0.5286262852169689,10.0,0;22.5;45;67.5;90;112.5;135;157.5;180;202.5;225;247.5;270;292.5;315;337.5
val_images,none,test001.png,0,rot30_padded,30.0,True,0,878,878,154400.0,0.2002895325422287,blur,pnp_hqs,wavelet,15.0,fixed10p0,0.4,0.5,0.0,0.15,G16_fixed,False,16,20,adjoint,0.012096182077042179,19.17351684602495,0.33933204136981865,20,0.006834468545073673,21.65295250944817,0.5286275501943005,10.0,0;22.5;45;67.5;90;112.5;135;157.5;180;202.5;225;247.5;270;292.5;315;337.5
val_images,none,test001.png,0,rot35_padded,35.0,True,0,922,922,154405.0,0.18163499236106873,blur,pnp_hqs,wavelet,15.0,fixed10p0,0.4,0.5,0.0,0.15,vanilla,False,0,20,adjoint,0.012071285394184532,19.18246482191079,0.341117718014313,1,0.007908387710839593,21.019120474323806,0.4796026480683916,10.0,none
val_images,none,test001.png,0,rot35_padded,35.0,True,0,922,922,154405.0,0.18163499236106873,blur,pnp_hqs,wavelet,15.0,fixed10p0,0.4,0.5,0.0,0.15,vanilla,False,0,20,adjoint,0.012071285394184532,19.18246482191079,0.341117718014313,2,0.00768415323135585,21.14403983364121,0.4922503420387941,10.0,none
val_images,none,test001.png,0,rot35_padded,35.0,True,0,922,922,154405.0,0.18163499236106873,blur,pnp_hqs,wavelet,15.0,fixed10p0,0.4,0.5,0.0,0.15,vanilla,False,0,20,adjoint,0.012071285394184532,19.18246482191079,0.341117718014313,3,0.007732404229137658,21.116854503114784,0.4942075527832648,10.0,none
val_images,none,test001.png,0,rot35_padded,35.0,True,0,922,922,154405.0,0.18163499236106873,blur,pnp_hqs,wavelet,15.0,fixed10p0,0.4,0.5,0.0,0.15,vanilla,False,0,20,adjoint,0.012071285394184532,19.18246482191079,0.341117718014313,4,0.007878135966998316,21.035765280702226,0.49208301625595025,10.0,none
val_images,none,test001.png,0,rot35_padded,35.0,True,0,922,922,154405.0,0.18163499236106873,blur,pnp_hqs,wavelet,15.0,fixed10p0,0.4,0.5,0.0,0.15,vanilla,False,0,20,adjoint,0.012071285394184532,19.18246482191079,0.341117718014313,5,0.008066750628926362,20.93301368389276,0.48817041627537966,10.0,none
val_images,none,test001.png,0,rot35_padded,35.0,True,0,922,922,154405.0,0.18163499236106873,blur,pnp_hqs,wavelet,15.0,fixed10p0,0.4,0.5,0.0,0.15,vanilla,False,0,20,adjoint,0.012071285394184532,19.18246482191079,0.341117718014313,6,0.008285671585076584,20.81672284604661,0.4830860298403549,10.0,none
val_images,none,test001.png,0,rot35_padded,35.0,True,0,922,922,154405.0,0.18163499236106873,blur,pnp_hqs,wavelet,15.0,fixed10p0,0.4,0.5,0.0,0.15,vanilla,False,0,20,adjoint,0.012071285394184532,19.18246482191079,0.341117718014313,7,0.008558036102801885,20.67625885740078,0.4762731331563097,10.0,none
val_images,none,test001.png,0,rot35_padded,35.0,True,0,922,922,154405.0,0.18163499236106873,blur,pnp_hqs,wavelet,15.0,fixed10p0,0.4,0.5,0.0,0.15,vanilla,False,0,20,adjoint,0.012071285394184532,19.18246482191079,0.341117718014313,8,0.009223208426348321,20.35117977051243,0.4630054685729089,10.0,none
val_images,none,test001.png,0,rot35_padded,35.0,True,0,922,922,154405.0,0.18163499236106873,blur,pnp_hqs,wavelet,15.0,fixed10p0,0.4,0.5,0.0,0.15,vanilla,False,0,20,adjoint,0.012071285394184532,19.18246482191079,0.341117718014313,9,0.009450041559484392,20.24566281542054,0.45843419092645965,10.0,none
val_images,none,test001.png,0,rot35_padded,35.0,True,0,922,922,154405.0,0.18163499236106873,blur,pnp_hqs,wavelet,15.0,fixed10p0,0.4,0.5,0.0,0.15,vanilla,False,0,20,adjoint,0.012071285394184532,19.18246482191079,0.341117718014313,10,0.009924930295681407,20.032725346713693,0.45120234731712056,10.0,none
val_images,none,test001.png,0,rot35_padded,35.0,True,0,922,922,154405.0,0.18163499236106873,blur,pnp_hqs,wavelet,15.0,fixed10p0,0.4,0.5,0.0,0.15,vanilla,False,0,20,adjoint,0.012071285394184532,19.18246482191079,0.341117718014313,11,0.010015612793364043,19.99322473765824,0.45042891462387874,10.0,none
val_images,none,test001.png,0,rot35_padded,35.0,True,0,922,922,154405.0,0.18163499236106873,blur,pnp_hqs,wavelet,15.0,fixed10p0,0.4,0.5,0.0,0.15,vanilla,False,0,20,adjoint,0.012071285394184532,19.18246482191079,0.341117718014313,12,0.010088204329219422,19.961861300279754,0.4496642858877627,10.0,none
val_images,none,test001.png,0,rot35_padded,35.0,True,0,922,922,154405.0,0.18163499236106873,blur,pnp_hqs,wavelet,15.0,fixed10p0,0.4,0.5,0.0,0.15,vanilla,False,0,20,adjoint,0.012071285394184532,19.18246482191079,0.341117718014313,13,0.010146668897592775,19.936765111337298,0.44895698406787343,10.0,none
val_images,none,test001.png,0,rot35_padded,35.0,True,0,922,922,154405.0,0.18163499236106873,blur,pnp_hqs,wavelet,15.0,fixed10p0,0.4,0.5,0.0,0.15,vanilla,False,0,20,adjoint,0.012071285394184532,19.18246482191079,0.341117718014313,14,0.0101944574030148,19.916358844662803,0.44831991151517114,10.0,none
val_images,none,test001.png,0,rot35_padded,35.0,True,0,922,922,154405.0,0.18163499236106873,blur,pnp_hqs,wavelet,15.0,fixed10p0,0.4,0.5,0.0,0.15,vanilla,False,0,20,adjoint,0.012071285394184532,19.18246482191079,0.341117718014313,15,0.010233973224585911,19.899557236185235,0.4477536753991127,10.0,none
val_images,none,test001.png,0,rot35_padded,35.0,True,0,922,922,154405.0,0.18163499236106873,blur,pnp_hqs,wavelet,15.0,fixed10p0,0.4,0.5,0.0,0.15,vanilla,False,0,20,adjoint,0.012071285394184532,19.18246482191079,0.341117718014313,16,0.010267135903245524,19.885506893036315,0.4472515968556718,10.0,none
val_images,none,test001.png,0,rot35_padded,35.0,True,0,922,922,154405.0,0.18163499236106873,blur,pnp_hqs,wavelet,15.0,fixed10p0,0.4,0.5,0.0,0.15,vanilla,False,0,20,adjoint,0.012071285394184532,19.18246482191079,0.341117718014313,17,0.010295299711493313,19.873610059033496,0.44680730060555035,10.0,none
val_images,none,test001.png,0,rot35_padded,35.0,True,0,922,922,154405.0,0.18163499236106873,blur,pnp_hqs,wavelet,15.0,fixed10p0,0.4,0.5,0.0,0.15,vanilla,False,0,20,adjoint,0.012071285394184532,19.18246482191079,0.341117718014313,18,0.010319421257458064,19.863446584975996,0.4464118814967132,10.0,none
val_images,none,test001.png,0,rot35_padded,35.0,True,0,922,922,154405.0,0.18163499236106873,blur,pnp_hqs,wavelet,15.0,fixed10p0,0.4,0.5,0.0,0.15,vanilla,False,0,20,adjoint,0.012071285394184532,19.18246482191079,0.341117718014313,19,0.010340218392528982,19.854702885468534,0.446060229186231,10.0,none
val_images,none,test001.png,0,rot35_padded,35.0,True,0,922,922,154405.0,0.18163499236106873,blur,pnp_hqs,wavelet,15.0,fixed10p0,0.4,0.5,0.0,0.15,vanilla,False,0,20,adjoint,0.012071285394184532,19.18246482191079,0.341117718014313,20,0.010358259547486722,19.8471321104075,0.44574657556426284,10.0,none
val_images,none,test001.png,0,rot35_padded,35.0,True,0,922,922,154405.0,0.18163499236106873,blur,pnp_hqs,wavelet,15.0,fixed10p0,0.4,0.5,0.0,0.15,G16_fixed,False,16,20,adjoint,0.012071285394184532,19.18246482191079,0.341117718014313,1,0.007515033610624251,21.2406907271167,0.49401680037887374,10.0,0;22.5;45;67.5;90;112.5;135;157.5;180;202.5;225;247.5;270;292.5;315;337.5
val_images,none,test001.png,0,rot35_padded,35.0,True,0,922,922,154405.0,0.18163499236106873,blur,pnp_hqs,wavelet,15.0,fixed10p0,0.4,0.5,0.0,0.15,G16_fixed,False,16,20,adjoint,0.012071285394184532,19.18246482191079,0.341117718014313,2,0.007163401855358068,21.4488068493391,0.5103962084291311,10.0,0;22.5;45;67.5;90;112.5;135;157.5;180;202.5;225;247.5;270;292.5;315;337.5
val_images,none,test001.png,0,rot35_padded,35.0,True,0,922,922,154405.0,0.18163499236106873,blur,pnp_hqs,wavelet,15.0,fixed10p0,0.4,0.5,0.0,0.15,G16_fixed,False,16,20,adjoint,0.012071285394184532,19.18246482191079,0.341117718014313,3,0.0070101643013199865,21.54271803100326,0.5182666425148149,10.0,0;22.5;45;67.5;90;112.5;135;157.5;180;202.5;225;247.5;270;292.5;315;337.5
val_images,none,test001.png,0,rot35_padded,35.0,True,0,922,922,154405.0,0.18163499236106873,blur,pnp_hqs,wavelet,15.0,fixed10p0,0.4,0.5,0.0,0.15,G16_fixed,False,16,20,adjoint,0.012071285394184532,19.18246482191079,0.341117718014313,4,0.006935498269820035,21.58922332274929,0.5223496547229688,10.0,0;22.5;45;67.5;90;112.5;135;157.5;180;202.5;225;247.5;270;292.5;315;337.5
val_images,none,test001.png,0,rot35_padded,35.0,True,0,922,922,154405.0,0.18163499236106873,blur,pnp_hqs,wavelet,15.0,fixed10p0,0.4,0.5,0.0,0.15,G16_fixed,False,16,20,adjoint,0.012071285394184532,19.18246482191079,0.341117718014313,5,0.00689652953322836,21.613693996587116,0.524579889333247,10.0,0;22.5;45;67.5;90;112.5;135;157.5;180;202.5;225;247.5;270;292.5;315;337.5
val_images,none,test001.png,0,rot35_padded,35.0,True,0,922,922,154405.0,0.18163499236106873,blur,pnp_hqs,wavelet,15.0,fixed10p0,0.4,0.5,0.0,0.15,G16_fixed,False,16,20,adjoint,0.012071285394184532,19.18246482191079,0.341117718014313,6,0.006875297576280723,21.627084999791784,0.5258418910495126,10.0,0;22.5;45;67.5;90;112.5;135;157.5;180;202.5;225;247.5;270;292.5;315;337.5
val_images,none,test001.png,0,rot35_padded,35.0,True,0,922,922,154405.0,0.18163499236106873,blur,pnp_hqs,wavelet,15.0,fixed10p0,0.4,0.5,0.0,0.15,G16_fixed,False,16,20,adjoint,0.012071285394184532,19.18246482191079,0.341117718014313,7,0.006863392943881351,21.634611361123678,0.526574238609501,10.0,0;22.5;45;67.5;90;112.5;135;157.5;180;202.5;225;247.5;270;292.5;315;337.5
val_images,none,test001.png,0,rot35_padded,35.0,True,0,922,922,154405.0,0.18163499236106873,blur,pnp_hqs,wavelet,15.0,fixed10p0,0.4,0.5,0.0,0.15,G16_fixed,False,16,20,adjoint,0.012071285394184532,19.18246482191079,0.341117718014313,8,0.006856581261536219,21.63892372535081,0.5270068974450309,10.0,0;22.5;45;67.5;90;112.5;135;157.5;180;202.5;225;247.5;270;292.5;315;337.5
val_images,none,test001.png,0,rot35_padded,35.0,True,0,922,922,154405.0,0.18163499236106873,blur,pnp_hqs,wavelet,15.0,fixed10p0,0.4,0.5,0.0,0.15,G16_fixed,False,16,20,adjoint,0.012071285394184532,19.18246482191079,0.341117718014313,9,0.006852620429531913,21.64143323330006,0.5272663611929665,10.0,0;22.5;45;67.5;90;112.5;135;157.5;180;202.5;225;247.5;270;292.5;315;337.5
val_images,none,test001.png,0,rot35_padded,35.0,True,0,922,922,154405.0,0.18163499236106873,blur,pnp_hqs,wavelet,15.0,fixed10p0,0.4,0.5,0.0,0.15,G16_fixed,False,16,20,adjoint,0.012071285394184532,19.18246482191079,0.341117718014313,10,0.006850290574857923,21.64291006262191,0.527423618082316,10.0,0;22.5;45;67.5;90;112.5;135;157.5;180;202.5;225;247.5;270;292.5;315;337.5
val_images,none,test001.png,0,rot35_padded,35.0,True,0,922,922,154405.0,0.18163499236106873,blur,pnp_hqs,wavelet,15.0,fixed10p0,0.4,0.5,0.0,0.15,G16_fixed,False,16,20,adjoint,0.012071285394184532,19.18246482191079,0.341117718014313,11,0.00684890546953426,21.643788279999082,0.5275197532463327,10.0,0;22.5;45;67.5;90;112.5;135;157.5;180;202.5;225;247.5;270;292.5;315;337.5
val_images,none,test001.png,0,rot35_padded,35.0,True,0,922,922,154405.0,0.18163499236106873,blur,pnp_hqs,wavelet,15.0,fixed10p0,0.4,0.5,0.0,0.15,G16_fixed,False,16,20,adjoint,0.012071285394184532,19.18246482191079,0.341117718014313,12,0.00684807535504234,21.644314694028928,0.5275786992811113,10.0,0;22.5;45;67.5;90;112.5;135;157.5;180;202.5;225;247.5;270;292.5;315;337.5
val_images,none,test001.png,0,rot35_padded,35.0,True,0,922,922,154405.0,0.18163499236106873,blur,pnp_hqs,wavelet,15.0,fixed10p0,0.4,0.5,0.0,0.15,G16_fixed,False,16,20,adjoint,0.012071285394184532,19.18246482191079,0.341117718014313,13,0.006847576495761957,21.64463107449066,0.5276154836307114,10.0,0;22.5;45;67.5;90;112.5;135;157.5;180;202.5;225;247.5;270;292.5;315;337.5
val_images,none,test001.png,0,rot35_padded,35.0,True,0,922,922,154405.0,0.18163499236106873,blur,pnp_hqs,wavelet,15.0,fixed10p0,0.4,0.5,0.0,0.15,G16_fixed,False,16,20,adjoint,0.012071285394184532,19.18246482191079,0.341117718014313,14,0.006847273701618714,21.644823120148246,0.527638050095528,10.0,0;22.5;45;67.5;90;112.5;135;157.5;180;202.5;225;247.5;270;292.5;315;337.5
val_images,none,test001.png,0,rot35_padded,35.0,True,0,922,922,154405.0,0.18163499236106873,blur,pnp_hqs,wavelet,15.0,fixed10p0,0.4,0.5,0.0,0.15,G16_fixed,False,16,20,adjoint,0.012071285394184532,19.18246482191079,0.341117718014313,15,0.006847089495260031,21.644939956256593,0.5276523185777663,10.0,0;22.5;45;67.5;90;112.5;135;157.5;180;202.5;225;247.5;270;292.5;315;337.5
val_images,none,test001.png,0,rot35_padded,35.0,True,0,922,922,154405.0,0.18163499236106873,blur,pnp_hqs,wavelet,15.0,fixed10p0,0.4,0.5,0.0,0.15,G16_fixed,False,16,20,adjoint,0.012071285394184532,19.18246482191079,0.341117718014313,16,0.006846976441572083,21.645011664094227,0.5276611225348921,10.0,0;22.5;45;67.5;90;112.5;135;157.5;180;202.5;225;247.5;270;292.5;315;337.5
val_images,none,test001.png,0,rot35_padded,35.0,True,0,922,922,154405.0,0.18163499236106873,blur,pnp_hqs,wavelet,15.0,fixed10p0,0.4,0.5,0.0,0.15,G16_fixed,False,16,20,adjoint,0.012071285394184532,19.18246482191079,0.341117718014313,17,0.006846908451242269,21.64505478965763,0.527666688254914,10.0,0;22.5;45;67.5;90;112.5;135;157.5;180;202.5;225;247.5;270;292.5;315;337.5
val_images,none,test001.png,0,rot35_padded,35.0,True,0,922,922,154405.0,0.18163499236106873,blur,pnp_hqs,wavelet,15.0,fixed10p0,0.4,0.5,0.0,0.15,G16_fixed,False,16,20,adjoint,0.012071285394184532,19.18246482191079,0.341117718014313,18,0.006846864969054596,21.645082370184326,0.527670078284382,10.0,0;22.5;45;67.5;90;112.5;135;157.5;180;202.5;225;247.5;270;292.5;315;337.5
val_images,none,test001.png,0,rot35_padded,35.0,True,0,922,922,154405.0,0.18163499236106873,blur,pnp_hqs,wavelet,15.0,fixed10p0,0.4,0.5,0.0,0.15,G16_fixed,False,16,20,adjoint,0.012071285394184532,19.18246482191079,0.341117718014313,19,0.006846839670327224,21.64509841711682,0.5276724057673002,10.0,0;22.5;45;67.5;90;112.5;135;157.5;180;202.5;225;247.5;270;292.5;315;337.5
val_images,none,test001.png,0,rot35_padded,35.0,True,0,922,922,154405.0,0.18163499236106873,blur,pnp_hqs,wavelet,15.0,fixed10p0,0.4,0.5,0.0,0.15,G16_fixed,False,16,20,adjoint,0.012071285394184532,19.18246482191079,0.341117718014313,20,0.006846823068037386,21.645108947948493,0.5276736201062142,10.0,0;22.5;45;67.5;90;112.5;135;157.5;180;202.5;225;247.5;270;292.5;315;337.5
val_images,none,test001.png,0,rot40_padded,40.0,True,0,962,962,154399.0,0.16683775186538696,blur,pnp_hqs,wavelet,15.0,fixed10p0,0.4,0.5,0.0,0.15,vanilla,False,0,20,adjoint,0.012044598411876453,19.192076755671362,0.34123591716915264,1,0.0079409687674062,21.001265120975916,0.47898585806902894,10.0,none
val_images,none,test001.png,0,rot40_padded,40.0,True,0,962,962,154399.0,0.16683775186538696,blur,pnp_hqs,wavelet,15.0,fixed10p0,0.4,0.5,0.0,0.15,vanilla,False,0,20,adjoint,0.012044598411876453,19.192076755671362,0.34123591716915264,2,0.00775670227912948,21.103228775016156,0.4900328754557996,10.0,none
val_images,none,test001.png,0,rot40_padded,40.0,True,0,962,962,154399.0,0.16683775186538696,blur,pnp_hqs,wavelet,15.0,fixed10p0,0.4,0.5,0.0,0.15,vanilla,False,0,20,adjoint,0.012044598411876453,19.192076755671362,0.34123591716915264,3,0.007857735091740798,21.04702616671384,0.49026715077494026,10.0,none
val_images,none,test001.png,0,rot40_padded,40.0,True,0,962,962,154399.0,0.16683775186538696,blur,pnp_hqs,wavelet,15.0,fixed10p0,0.4,0.5,0.0,0.15,vanilla,False,0,20,adjoint,0.012044598411876453,19.192076755671362,0.34123591716915264,4,0.008079898965100163,20.92594069816233,0.4858570570405249,10.0,none
val_images,none,test001.png,0,rot40_padded,40.0,True,0,962,962,154399.0,0.16683775186538696,blur,pnp_hqs,wavelet,15.0,fixed10p0,0.4,0.5,0.0,0.15,vanilla,False,0,20,adjoint,0.012044598411876453,19.192076755671362,0.34123591716915264,5,0.008427729662928922,20.742894037451457,0.4775320861048323,10.0,none
val_images,none,test001.png,0,rot40_padded,40.0,True,0,962,962,154399.0,0.16683775186538696,blur,pnp_hqs,wavelet,15.0,fixed10p0,0.4,0.5,0.0,0.15,vanilla,False,0,20,adjoint,0.012044598411876453,19.192076755671362,0.34123591716915264,6,0.009156896572051147,20.38251691179728,0.4641674128394614,10.0,none
val_images,none,test001.png,0,rot40_padded,40.0,True,0,962,962,154399.0,0.16683775186538696,blur,pnp_hqs,wavelet,15.0,fixed10p0,0.4,0.5,0.0,0.15,vanilla,False,0,20,adjoint,0.012044598411876453,19.192076755671362,0.34123591716915264,7,0.009819620907114036,20.079052781118733,0.4538684066930485,10.0,none
val_images,none,test001.png,0,rot40_padded,40.0,True,0,962,962,154399.0,0.16683775186538696,blur,pnp_hqs,wavelet,15.0,fixed10p0,0.4,0.5,0.0,0.15,vanilla,False,0,20,adjoint,0.012044598411876453,19.192076755671362,0.34123591716915264,8,0.009951105083764306,20.02128687582782,0.453138206448876,10.0,none
val_images,none,test001.png,0,rot40_padded,40.0,True,0,962,962,154399.0,0.16683775186538696,blur,pnp_hqs,wavelet,15.0,fixed10p0,0.4,0.5,0.0,0.15,vanilla,False,0,20,adjoint,0.012044598411876453,19.192076755671362,0.34123591716915264,9,0.01005810625620349,19.974837807016605,0.45225787772265363,10.0,none
val_images,none,test001.png,0,rot40_padded,40.0,True,0,962,962,154399.0,0.16683775186538696,blur,pnp_hqs,wavelet,15.0,fixed10p0,0.4,0.5,0.0,0.15,vanilla,False,0,20,adjoint,0.012044598411876453,19.192076755671362,0.34123591716915264,10,0.010144877147641824,19.937532078148934,0.4513763346103278,10.0,none
val_images,none,test001.png,0,rot40_padded,40.0,True,0,962,962,154399.0,0.16683775186538696,blur,pnp_hqs,wavelet,15.0,fixed10p0,0.4,0.5,0.0,0.15,vanilla,False,0,20,adjoint,0.012044598411876453,19.192076755671362,0.34123591716915264,11,0.010216079229737158,19.907157476060135,0.45054503672303575,10.0,none
val_images,none,test001.png,0,rot40_padded,40.0,True,0,962,962,154399.0,0.16683775186538696,blur,pnp_hqs,wavelet,15.0,fixed10p0,0.4,0.5,0.0,0.15,vanilla,False,0,20,adjoint,0.012044598411876453,19.192076755671362,0.34123591716915264,12,0.010275364357575584,19.882027693858138,0.4497833636390132,10.0,none
val_images,none,test001.png,0,rot40_padded,40.0,True,0,962,962,154399.0,0.16683775186538696,blur,pnp_hqs,wavelet,15.0,fixed10p0,0.4,0.5,0.0,0.15,vanilla,False,0,20,adjoint,0.012044598411876453,19.192076755671362,0.34123591716915264,13,0.010325284639452814,19.860979672125026,0.4490975896864617,10.0,none
val_images,none,test001.png,0,rot40_padded,40.0,True,0,962,962,154399.0,0.16683775186538696,blur,pnp_hqs,wavelet,15.0,fixed10p0,0.4,0.5,0.0,0.15,vanilla,False,0,20,adjoint,0.012044598411876453,19.192076755671362,0.34123591716915264,14,0.01036775257535873,19.84315375713314,0.4484820477302314,10.0,none
val_images,none,test001.png,0,rot40_padded,40.0,True,0,962,962,154399.0,0.16683775186538696,blur,pnp_hqs,wavelet,15.0,fixed10p0,0.4,0.5,0.0,0.15,vanilla,False,0,20,adjoint,0.012044598411876453,19.192076755671362,0.34123591716915264,15,0.010404156486906489,19.827931242876915,0.4479316778282243,10.0,none
val_images,none,test001.png,0,rot40_padded,40.0,True,0,962,962,154399.0,0.16683775186538696,blur,pnp_hqs,wavelet,15.0,fixed10p0,0.4,0.5,0.0,0.15,vanilla,False,0,20,adjoint,0.012044598411876453,19.192076755671362,0.34123591716915264,16,0.010435524965450716,19.814856986000834,0.4474400538539757,10.0,none
val_images,none,test001.png,0,rot40_padded,40.0,True,0,962,962,154399.0,0.16683775186538696,blur,pnp_hqs,wavelet,15.0,fixed10p0,0.4,0.5,0.0,0.15,vanilla,False,0,20,adjoint,0.012044598411876453,19.192076755671362,0.34123591716915264,17,0.01046271820114808,19.803554716446673,0.44699968709318066,10.0,none
val_images,none,test001.png,0,rot40_padded,40.0,True,0,962,962,154399.0,0.16683775186538696,blur,pnp_hqs,wavelet,15.0,fixed10p0,0.4,0.5,0.0,0.15,vanilla,False,0,20,adjoint,0.012044598411876453,19.192076755671362,0.34123591716915264,18,0.010486405055094674,19.79373370940914,0.4466069849869494,10.0,none
val_images,none,test001.png,0,rot40_padded,40.0,True,0,962,962,154399.0,0.16683775186538696,blur,pnp_hqs,wavelet,15.0,fixed10p0,0.4,0.5,0.0,0.15,vanilla,False,0,20,adjoint,0.012044598411876453,19.192076755671362,0.34123591716915264,19,0.010507129471066037,19.78515916241272,0.4462563815989741,10.0,none
val_images,none,test001.png,0,rot40_padded,40.0,True,0,962,962,154399.0,0.16683775186538696,blur,pnp_hqs,wavelet,15.0,fixed10p0,0.4,0.5,0.0,0.15,vanilla,False,0,20,adjoint,0.012044598411876453,19.192076755671362,0.34123591716915264,20,0.01052530019750978,19.777655085789707,0.44594337358078745,10.0,none
val_images,none,test001.png,0,rot40_padded,40.0,True,0,962,962,154399.0,0.16683775186538696,blur,pnp_hqs,wavelet,15.0,fixed10p0,0.4,0.5,0.0,0.15,G16_fixed,False,16,20,adjoint,0.012044598411876453,19.192076755671362,0.34123591716915264,1,0.007523612883918047,21.235735585102038,0.4932394113627679,10.0,0;22.5;45;67.5;90;112.5;135;157.5;180;202.5;225;247.5;270;292.5;315;337.5
val_images,none,test001.png,0,rot40_padded,40.0,True,0,962,962,154399.0,0.16683775186538696,blur,pnp_hqs,wavelet,15.0,fixed10p0,0.4,0.5,0.0,0.15,G16_fixed,False,16,20,adjoint,0.012044598411876453,19.192076755671362,0.34123591716915264,2,0.00717731993411753,21.440376943521944,0.5092256406291491,10.0,0;22.5;45;67.5;90;112.5;135;157.5;180;202.5;225;247.5;270;292.5;315;337.5
val_images,none,test001.png,0,rot40_padded,40.0,True,0,962,962,154399.0,0.16683775186538696,blur,pnp_hqs,wavelet,15.0,fixed10p0,0.4,0.5,0.0,0.15,G16_fixed,False,16,20,adjoint,0.012044598411876453,19.192076755671362,0.34123591716915264,3,0.0070260094812183045,21.532912684867753,0.5170060099968264,10.0,0;22.5;45;67.5;90;112.5;135;157.5;180;202.5;225;247.5;270;292.5;315;337.5
val_images,none,test001.png,0,rot40_padded,40.0,True,0,962,962,154399.0,0.16683775186538696,blur,pnp_hqs,wavelet,15.0,fixed10p0,0.4,0.5,0.0,0.15,G16_fixed,False,16,20,adjoint,0.012044598411876453,19.192076755671362,0.34123591716915264,4,0.00695202680281689,21.578885621789187,0.5210873592931301,10.0,0;22.5;45;67.5;90;112.5;135;157.5;180;202.5;225;247.5;270;292.5;315;337.5
val_images,none,test001.png,0,rot40_padded,40.0,True,0,962,962,154399.0,0.16683775186538696,blur,pnp_hqs,wavelet,15.0,fixed10p0,0.4,0.5,0.0,0.15,G16_fixed,False,16,20,adjoint,0.012044598411876453,19.192076755671362,0.34123591716915264,5,0.006913259740186141,21.603171258008516,0.5233390841261926,10.0,0;22.5;45;67.5;90;112.5;135;157.5;180;202.5;225;247.5;270;292.5;315;337.5
val_images,none,test001.png,0,rot40_padded,40.0,True,0,962,962,154399.0,0.16683775186538696,blur,pnp_hqs,wavelet,15.0,fixed10p0,0.4,0.5,0.0,0.15,G16_fixed,False,16,20,adjoint,0.012044598411876453,19.192076755671362,0.34123591716915264,6,0.006892058582795226,21.616510396864914,0.5246242082202605,10.0,0;22.5;45;67.5;90;112.5;135;157.5;180;202.5;225;247.5;270;292.5;315;337.5
val_images,none,test001.png,0,rot40_padded,40.0,True,0,962,962,154399.0,0.16683775186538696,blur,pnp_hqs,wavelet,15.0,fixed10p0,0.4,0.5,0.0,0.15,G16_fixed,False,16,20,adjoint,0.012044598411876453,19.192076755671362,0.34123591716915264,7,0.006880124234987354,21.62403719601359,0.5253760650166128,10.0,0;22.5;45;67.5;90;112.5;135;157.5;180;202.5;225;247.5;270;292.5;315;337.5
val_images,none,test001.png,0,rot40_padded,40.0,True,0,962,962,154399.0,0.16683775186538696,blur,pnp_hqs,wavelet,15.0,fixed10p0,0.4,0.5,0.0,0.15,G16_fixed,False,16,20,adjoint,0.012044598411876453,19.192076755671362,0.34123591716915264,8,0.006873268013444469,21.628367210566587,0.5258235662957662,10.0,0;22.5;45;67.5;90;112.5;135;157.5;180;202.5;225;247.5;270;292.5;315;337.5
val_images,none,test001.png,0,rot40_padded,40.0,True,0,962,962,154399.0,0.16683775186538696,blur,pnp_hqs,wavelet,15.0,fixed10p0,0.4,0.5,0.0,0.15,G16_fixed,False,16,20,adjoint,0.012044598411876453,19.192076755671362,0.34123591716915264,9,0.006869273031034851,21.63089221501672,0.5260932612095933,10.0,0;22.5;45;67.5;90;112.5;135;157.5;180;202.5;225;247.5;270;292.5;315;337.5
val_images,none,test001.png,0,rot40_padded,40.0,True,0,962,962,154399.0,0.16683775186538696,blur,pnp_hqs,wavelet,15.0,fixed10p0,0.4,0.5,0.0,0.15,G16_fixed,False,16,20,adjoint,0.012044598411876453,19.192076755671362,0.34123591716915264,10,0.006866913833031626,21.632384021578076,0.5262576587283596,10.0,0;22.5;45;67.5;90;112.5;135;157.5;180;202.5;225;247.5;270;292.5;315;337.5
val_images,none,test001.png,0,rot40_padded,40.0,True,0,962,962,154399.0,0.16683775186538696,blur,pnp_hqs,wavelet,15.0,fixed10p0,0.4,0.5,0.0,0.15,G16_fixed,False,16,20,adjoint,0.012044598411876453,19.192076755671362,0.34123591716915264,11,0.006865508117867506,21.633273150011824,0.5263584527749532,10.0,0;22.5;45;67.5;90;112.5;135;157.5;180;202.5;225;247.5;270;292.5;315;337.5
val_images,none,test001.png,0,rot40_padded,40.0,True,0,962,962,154399.0,0.16683775186538696,blur,pnp_hqs,wavelet,15.0,fixed10p0,0.4,0.5,0.0,0.15,G16_fixed,False,16,20,adjoint,0.012044598411876453,19.192076755671362,0.34123591716915264,12,0.0068646661118777486,21.63380581412725,0.5264208418610224,10.0,0;22.5;45;67.5;90;112.5;135;157.5;180;202.5;225;247.5;270;292.5;315;337.5
val_images,none,test001.png,0,rot40_padded,40.0,True,0,962,962,154399.0,0.16683775186538696,blur,pnp_hqs,wavelet,15.0,fixed10p0,0.4,0.5,0.0,0.15,G16_fixed,False,16,20,adjoint,0.012044598411876453,19.192076755671362,0.34123591716915264,13,0.006864154583356272,21.63412944573298,0.5264595504180727,10.0,0;22.5;45;67.5;90;112.5;135;157.5;180;202.5;225;247.5;270;292.5;315;337.5
val_images,none,test001.png,0,rot40_padded,40.0,True,0,962,962,154399.0,0.16683775186538696,blur,pnp_hqs,wavelet,15.0,fixed10p0,0.4,0.5,0.0,0.15,G16_fixed,False,16,20,adjoint,0.012044598411876453,19.192076755671362,0.34123591716915264,14,0.006863847033750623,21.634324036468605,0.5264835345436175,10.0,0;22.5;45;67.5;90;112.5;135;157.5;180;202.5;225;247.5;270;292.5;315;337.5
val_images,none,test001.png,0,rot40_padded,40.0,True,0,962,962,154399.0,0.16683775186538696,blur,pnp_hqs,wavelet,15.0,fixed10p0,0.4,0.5,0.0,0.15,G16_fixed,False,16,20,adjoint,0.012044598411876453,19.192076755671362,0.34123591716915264,15,0.006863657285921945,21.63444409679863,0.5264985119722277,10.0,0;22.5;45;67.5;90;112.5;135;157.5;180;202.5;225;247.5;270;292.5;315;337.5
val_images,none,test001.png,0,rot40_padded,40.0,True,0,962,962,154399.0,0.16683775186538696,blur,pnp_hqs,wavelet,15.0,fixed10p0,0.4,0.5,0.0,0.15,G16_fixed,False,16,20,adjoint,0.012044598411876453,19.192076755671362,0.34123591716915264,16,0.006863541855992834,21.63451713512312,0.5265079740639512,10.0,0;22.5;45;67.5;90;112.5;135;157.5;180;202.5;225;247.5;270;292.5;315;337.5
val_images,none,test001.png,0,rot40_padded,40.0,True,0,962,962,154399.0,0.16683775186538696,blur,pnp_hqs,wavelet,15.0,fixed10p0,0.4,0.5,0.0,0.15,G16_fixed,False,16,20,adjoint,0.012044598411876453,19.192076755671362,0.34123591716915264,17,0.006863470700557079,21.63456215935979,0.526513944795627,10.0,0;22.5;45;67.5;90;112.5;135;157.5;180;202.5;225;247.5;270;292.5;315;337.5
val_images,none,test001.png,0,rot40_padded,40.0,True,0,962,962,154399.0,0.16683775186538696,blur,pnp_hqs,wavelet,15.0,fixed10p0,0.4,0.5,0.0,0.15,G16_fixed,False,16,20,adjoint,0.012044598411876453,19.192076755671362,0.34123591716915264,18,0.006863426426063721,21.634590174675964,0.5265175879539375,10.0,0;22.5;45;67.5;90;112.5;135;157.5;180;202.5;225;247.5;270;292.5;315;337.5
val_images,none,test001.png,0,rot40_padded,40.0,True,0,962,962,154399.0,0.16683775186538696,blur,pnp_hqs,wavelet,15.0,fixed10p0,0.4,0.5,0.0,0.15,G16_fixed,False,16,20,adjoint,0.012044598411876453,19.192076755671362,0.34123591716915264,19,0.006863399545121325,21.63460718406324,0.5265198649278816,10.0,0;22.5;45;67.5;90;112.5;135;157.5;180;202.5;225;247.5;270;292.5;315;337.5
val_images,none,test001.png,0,rot40_padded,40.0,True,0,962,962,154399.0,0.16683775186538696,blur,pnp_hqs,wavelet,15.0,fixed10p0,0.4,0.5,0.0,0.15,G16_fixed,False,16,20,adjoint,0.012044598411876453,19.192076755671362,0.34123591716915264,20,0.006863383732802269,21.634617189616282,0.526521534708774,10.0,0;22.5;45;67.5;90;112.5;135;157.5;180;202.5;225;247.5;270;292.5;315;337.5
val_images,none,test001.png,0,rot45_padded,45.0,True,0,1000,1000,154360.0,0.15435999631881714,blur,pnp_hqs,wavelet,15.0,fixed10p0,0.4,0.5,0.0,0.15,vanilla,False,0,20,adjoint,0.01231193137187419,19.096738139773745,0.33959731917271313,1,0.00794172086812079,21.0008538138259,0.47801628498315624,10.0,none
val_images,none,test001.png,0,rot45_padded,45.0,True,0,1000,1000,154360.0,0.15435999631881714,blur,pnp_hqs,wavelet,15.0,fixed10p0,0.4,0.5,0.0,0.15,vanilla,False,0,20,adjoint,0.01231193137187419,19.096738139773745,0.33959731917271313,2,0.007775937426612302,21.09247242858831,0.48816737253822234,10.0,none
val_images,none,test001.png,0,rot45_padded,45.0,True,0,1000,1000,154360.0,0.15435999631881714,blur,pnp_hqs,wavelet,15.0,fixed10p0,0.4,0.5,0.0,0.15,vanilla,False,0,20,adjoint,0.01231193137187419,19.096738139773745,0.33959731917271313,3,0.00791385568587636,21.01611873630139,0.48702996444998703,10.0,none
val_images,none,test001.png,0,rot45_padded,45.0,True,0,1000,1000,154360.0,0.15435999631881714,blur,pnp_hqs,wavelet,15.0,fixed10p0,0.4,0.5,0.0,0.15,vanilla,False,0,20,adjoint,0.01231193137187419,19.096738139773745,0.33959731917271313,4,0.008217279019520116,20.852719662111618,0.48018132328647317,10.0,none
val_images,none,test001.png,0,rot45_padded,45.0,True,0,1000,1000,154360.0,0.15435999631881714,blur,pnp_hqs,wavelet,15.0,fixed10p0,0.4,0.5,0.0,0.15,vanilla,False,0,20,adjoint,0.01231193137187419,19.096738139773745,0.33959731917271313,5,0.00912150481600439,20.399335082312497,0.46184107970005184,10.0,none
val_images,none,test001.png,0,rot45_padded,45.0,True,0,1000,1000,154360.0,0.15435999631881714,blur,pnp_hqs,wavelet,15.0,fixed10p0,0.4,0.5,0.0,0.15,vanilla,False,0,20,adjoint,0.01231193137187419,19.096738139773745,0.33959731917271313,6,0.009760731432406388,20.105176367230957,0.45304047761725835,10.0,none
val_images,none,test001.png,0,rot45_padded,45.0,True,0,1000,1000,154360.0,0.15435999631881714,blur,pnp_hqs,wavelet,15.0,fixed10p0,0.4,0.5,0.0,0.15,vanilla,False,0,20,adjoint,0.01231193137187419,19.096738139773745,0.33959731917271313,7,0.009901088567310184,20.043170546159352,0.45247407642847887,10.0,none
val_images,none,test001.png,0,rot45_padded,45.0,True,0,1000,1000,154360.0,0.15435999631881714,blur,pnp_hqs,wavelet,15.0,fixed10p0,0.4,0.5,0.0,0.15,vanilla,False,0,20,adjoint,0.01231193137187419,19.096738139773745,0.33959731917271313,8,0.010017337685392508,19.992476858715012,0.4516562338040943,10.0,none
val_images,none,test001.png,0,rot45_padded,45.0,True,0,1000,1000,154360.0,0.15435999631881714,blur,pnp_hqs,wavelet,15.0,fixed10p0,0.4,0.5,0.0,0.15,vanilla,False,0,20,adjoint,0.01231193137187419,19.096738139773745,0.33959731917271313,9,0.010112302789542303,19.951499349221876,0.45080174794312,10.0,none
val_images,none,test001.png,0,rot45_padded,45.0,True,0,1000,1000,154360.0,0.15435999631881714,blur,pnp_hqs,wavelet,15.0,fixed10p0,0.4,0.5,0.0,0.15,vanilla,False,0,20,adjoint,0.01231193137187419,19.096738139773745,0.33959731917271313,10,0.01019054609557204,19.918025422017458,0.44999286367906194,10.0,none
val_images,none,test001.png,0,rot45_padded,45.0,True,0,1000,1000,154360.0,0.15435999631881714,blur,pnp_hqs,wavelet,15.0,fixed10p0,0.4,0.5,0.0,0.15,vanilla,False,0,20,adjoint,0.01231193137187419,19.096738139773745,0.33959731917271313,11,0.010255836631140273,19.890289058010172,0.4492556969098212,10.0,none
val_images,none,test001.png,0,rot45_padded,45.0,True,0,1000,1000,154360.0,0.15435999631881714,blur,pnp_hqs,wavelet,15.0,fixed10p0,0.4,0.5,0.0,0.15,vanilla,False,0,20,adjoint,0.01231193137187419,19.096738139773745,0.33959731917271313,12,0.01031088452167417,19.867040770632485,0.44859485334607413,10.0,none
val_images,none,test001.png,0,rot45_padded,45.0,True,0,1000,1000,154360.0,0.15435999631881714,blur,pnp_hqs,wavelet,15.0,fixed10p0,0.4,0.5,0.0,0.15,vanilla,False,0,20,adjoint,0.01231193137187419,19.096738139773745,0.33959731917271313,13,0.010357753796168453,19.847344163762692,0.4480033485034983,10.0,none
val_images,none,test001.png,0,rot45_padded,45.0,True,0,1000,1000,154360.0,0.15435999631881714,blur,pnp_hqs,wavelet,15.0,fixed10p0,0.4,0.5,0.0,0.15,vanilla,False,0,20,adjoint,0.01231193137187419,19.096738139773745,0.33959731917271313,14,0.010397998407486963,19.830502534171227,0.44747672850803316,10.0,none
val_images,none,test001.png,0,rot45_padded,45.0,True,0,1000,1000,154360.0,0.15435999631881714,blur,pnp_hqs,wavelet,15.0,fixed10p0,0.4,0.5,0.0,0.15,vanilla,False,0,20,adjoint,0.01231193137187419,19.096738139773745,0.33959731917271313,15,0.010432785599612918,19.81599717554363,0.4470077558143301,10.0,none
val_images,none,test001.png,0,rot45_padded,45.0,True,0,1000,1000,154360.0,0.15435999631881714,blur,pnp_hqs,wavelet,15.0,fixed10p0,0.4,0.5,0.0,0.15,vanilla,False,0,20,adjoint,0.01231193137187419,19.096738139773745,0.33959731917271313,16,0.010462967081062532,19.803451410703467,0.44659324185345944,10.0,none
val_images,none,test001.png,0,rot45_padded,45.0,True,0,1000,1000,154360.0,0.15435999631881714,blur,pnp_hqs,wavelet,15.0,fixed10p0,0.4,0.5,0.0,0.15,vanilla,False,0,20,adjoint,0.01231193137187419,19.096738139773745,0.33959731917271313,17,0.010489308361439978,19.792531471460848,0.44622524050919926,10.0,none
val_images,none,test001.png,0,rot45_padded,45.0,True,0,1000,1000,154360.0,0.15435999631881714,blur,pnp_hqs,wavelet,15.0,fixed10p0,0.4,0.5,0.0,0.15,vanilla,False,0,20,adjoint,0.01231193137187419,19.096738139773745,0.33959731917271313,18,0.010512383572948383,19.7829880107808,0.445897779541332,10.0,none
val_images,none,test001.png,0,rot45_padded,45.0,True,0,1000,1000,154360.0,0.15435999631881714,blur,pnp_hqs,wavelet,15.0,fixed10p0,0.4,0.5,0.0,0.15,vanilla,False,0,20,adjoint,0.01231193137187419,19.096738139773745,0.33959731917271313,19,0.010532678276431718,19.774611812573404,0.4456055446683079,10.0,none
val_images,none,test001.png,0,rot45_padded,45.0,True,0,1000,1000,154360.0,0.15435999631881714,blur,pnp_hqs,wavelet,15.0,fixed10p0,0.4,0.5,0.0,0.15,vanilla,False,0,20,adjoint,0.01231193137187419,19.096738139773745,0.33959731917271313,20,0.010550567318534999,19.76724187126011,0.445345296708992,10.0,none
val_images,none,test001.png,0,rot45_padded,45.0,True,0,1000,1000,154360.0,0.15435999631881714,blur,pnp_hqs,wavelet,15.0,fixed10p0,0.4,0.5,0.0,0.15,G16_fixed,False,16,20,adjoint,0.01231193137187419,19.096738139773745,0.33959731917271313,1,0.007584543418439444,21.20070558162764,0.48984056143107024,10.0,0;22.5;45;67.5;90;112.5;135;157.5;180;202.5;225;247.5;270;292.5;315;337.5
val_images,none,test001.png,0,rot45_padded,45.0,True,0,1000,1000,154360.0,0.15435999631881714,blur,pnp_hqs,wavelet,15.0,fixed10p0,0.4,0.5,0.0,0.15,G16_fixed,False,16,20,adjoint,0.01231193137187419,19.096738139773745,0.33959731917271313,2,0.007270731929671304,21.384218674054686,0.503857054936512,10.0,0;22.5;45;67.5;90;112.5;135;157.5;180;202.5;225;247.5;270;292.5;315;337.5
val_images,none,test001.png,0,rot45_padded,45.0,True,0,1000,1000,154360.0,0.15435999631881714,blur,pnp_hqs,wavelet,15.0,fixed10p0,0.4,0.5,0.0,0.15,G16_fixed,False,16,20,adjoint,0.01231193137187419,19.096738139773745,0.33959731917271313,3,0.007135780020123413,21.465585467371877,0.5107744274747343,10.0,0;22.5;45;67.5;90;112.5;135;157.5;180;202.5;225;247.5;270;292.5;315;337.5
val_images,none,test001.png,0,rot45_padded,45.0,True,0,1000,1000,154360.0,0.15435999631881714,blur,pnp_hqs,wavelet,15.0,fixed10p0,0.4,0.5,0.0,0.15,G16_fixed,False,16,20,adjoint,0.01231193137187419,19.096738139773745,0.33959731917271313,4,0.007068517980998154,21.5067163289948,0.5145833502040684,10.0,0;22.5;45;67.5;90;112.5;135;157.5;180;202.5;225;247.5;270;292.5;315;337.5
val_images,none,test001.png,0,rot45_padded,45.0,True,0,1000,1000,154360.0,0.15435999631881714,blur,pnp_hqs,wavelet,15.0,fixed10p0,0.4,0.5,0.0,0.15,G16_fixed,False,16,20,adjoint,0.01231193137187419,19.096738139773745,0.33959731917271313,5,0.007031687321085854,21.52940449331636,0.5168328096657165,10.0,0;22.5;45;67.5;90;112.5;135;157.5;180;202.5;225;247.5;270;292.5;315;337.5
val_images,none,test001.png,0,rot45_padded,45.0,True,0,1000,1000,154360.0,0.15435999631881714,blur,pnp_hqs,wavelet,15.0,fixed10p0,0.4,0.5,0.0,0.15,G16_fixed,False,16,20,adjoint,0.01231193137187419,19.096738139773745,0.33959731917271313,6,0.007010200858332389,21.54269538322115,0.5182258093903861,10.0,0;22.5;45;67.5;90;112.5;135;157.5;180;202.5;225;247.5;270;292.5;315;337.5
val_images,none,test001.png,0,rot45_padded,45.0,True,0,1000,1000,154360.0,0.15435999631881714,blur,pnp_hqs,wavelet,15.0,fixed10p0,0.4,0.5,0.0,0.15,G16_fixed,False,16,20,adjoint,0.01231193137187419,19.096738139773745,0.33959731917271313,7,0.006997072526783979,21.550836244701905,0.5191182544052864,10.0,0;22.5;45;67.5;90;112.5;135;157.5;180;202.5;225;247.5;270;292.5;315;337.5
val_images,none,test001.png,0,rot45_padded,45.0,True,0,1000,1000,154360.0,0.15435999631881714,blur,pnp_hqs,wavelet,15.0,fixed10p0,0.4,0.5,0.0,0.15,G16_fixed,False,16,20,adjoint,0.01231193137187419,19.096738139773745,0.33959731917271313,8,0.006988781614913999,21.555985301256314,0.5197040906808759,10.0,0;22.5;45;67.5;90;112.5;135;157.5;180;202.5;225;247.5;270;292.5;315;337.5
val_images,none,test001.png,0,rot45_padded,45.0,True,0,1000,1000,154360.0,0.15435999631881714,blur,pnp_hqs,wavelet,15.0,fixed10p0,0.4,0.5,0.0,0.15,G16_fixed,False,16,20,adjoint,0.01231193137187419,19.096738139773745,0.33959731917271313,9,0.006983415930343434,21.55932090728054,0.5200960822104173,10.0,0;22.5;45;67.5;90;112.5;135;157.5;180;202.5;225;247.5;270;292.5;315;337.5
val_images,none,test001.png,0,rot45_padded,45.0,True,0,1000,1000,154360.0,0.15435999631881714,blur,pnp_hqs,wavelet,15.0,fixed10p0,0.4,0.5,0.0,0.15,G16_fixed,False,16,20,adjoint,0.01231193137187419,19.096738139773745,0.33959731917271313,10,0.006979868331082778,21.561527698730476,0.520362150573335,10.0,0;22.5;45;67.5;90;112.5;135;157.5;180;202.5;225;247.5;270;292.5;315;337.5
val_images,none,test001.png,0,rot45_padded,45.0,True,0,1000,1000,154360.0,0.15435999631881714,blur,pnp_hqs,wavelet,15.0,fixed10p0,0.4,0.5,0.0,0.15,G16_fixed,False,16,20,adjoint,0.01231193137187419,19.096738139773745,0.33959731917271313,11,0.006977491139068168,21.563007063629776,0.5205447087976159,10.0,0;22.5;45;67.5;90;112.5;135;157.5;180;202.5;225;247.5;270;292.5;315;337.5
val_images,none,test001.png,0,rot45_padded,45.0,True,0,1000,1000,154360.0,0.15435999631881714,blur,pnp_hqs,wavelet,15.0,fixed10p0,0.4,0.5,0.0,0.15,G16_fixed,False,16,20,adjoint,0.01231193137187419,19.096738139773745,0.33959731917271313,12,0.006975877084210612,21.564011803288384,0.5206710874740865,10.0,0;22.5;45;67.5;90;112.5;135;157.5;180;202.5;225;247.5;270;292.5;315;337.5
val_images,none,test001.png,0,rot45_padded,45.0,True,0,1000,1000,154360.0,0.15435999631881714,blur,pnp_hqs,wavelet,15.0,fixed10p0,0.4,0.5,0.0,0.15,G16_fixed,False,16,20,adjoint,0.01231193137187419,19.096738139773745,0.33959731917271313,13,0.0069747738962996405,21.564698665032548,0.520758798425758,10.0,0;22.5;45;67.5;90;112.5;135;157.5;180;202.5;225;247.5;270;292.5;315;337.5
val_images,none,test001.png,0,rot45_padded,45.0,True,0,1000,1000,154360.0,0.15435999631881714,blur,pnp_hqs,wavelet,15.0,fixed10p0,0.4,0.5,0.0,0.15,G16_fixed,False,16,20,adjoint,0.01231193137187419,19.096738139773745,0.33959731917271313,14,0.006974012340774003,21.565172884591377,0.5208204947039389,10.0,0;22.5;45;67.5;90;112.5;135;157.5;180;202.5;225;247.5;270;292.5;315;337.5
val_images,none,test001.png,0,rot45_padded,45.0,True,0,1000,1000,154360.0,0.15435999631881714,blur,pnp_hqs,wavelet,15.0,fixed10p0,0.4,0.5,0.0,0.15,G16_fixed,False,16,20,adjoint,0.01231193137187419,19.096738139773745,0.33959731917271313,15,0.006973481703434746,21.565503342331972,0.5208637175272092,10.0,0;22.5;45;67.5;90;112.5;135;157.5;180;202.5;225;247.5;270;292.5;315;337.5
val_images,none,test001.png,0,rot45_padded,45.0,True,0,1000,1000,154360.0,0.15435999631881714,blur,pnp_hqs,wavelet,15.0,fixed10p0,0.4,0.5,0.0,0.15,G16_fixed,False,16,20,adjoint,0.01231193137187419,19.096738139773745,0.33959731917271313,16,0.006973114764946797,21.565731870289902,0.520894135462555,10.0,0;22.5;45;67.5;90;112.5;135;157.5;180;202.5;225;247.5;270;292.5;315;337.5
val_images,none,test001.png,0,rot45_padded,45.0,True,0,1000,1000,154360.0,0.15435999631881714,blur,pnp_hqs,wavelet,15.0,fixed10p0,0.4,0.5,0.0,0.15,G16_fixed,False,16,20,adjoint,0.01231193137187419,19.096738139773745,0.33959731917271313,17,0.006972853004947849,21.565894900816023,0.5209156456497798,10.0,0;22.5;45;67.5;90;112.5;135;157.5;180;202.5;225;247.5;270;292.5;315;337.5
val_images,none,test001.png,0,rot45_padded,45.0,True,0,1000,1000,154360.0,0.15435999631881714,blur,pnp_hqs,wavelet,15.0,fixed10p0,0.4,0.5,0.0,0.15,G16_fixed,False,16,20,adjoint,0.01231193137187419,19.096738139773745,0.33959731917271313,18,0.006972671908150994,21.566007695909875,0.5209307786991448,10.0,0;22.5;45;67.5;90;112.5;135;157.5;180;202.5;225;247.5;270;292.5;315;337.5
val_images,none,test001.png,0,rot45_padded,45.0,True,0,1000,1000,154360.0,0.15435999631881714,blur,pnp_hqs,wavelet,15.0,fixed10p0,0.4,0.5,0.0,0.15,G16_fixed,False,16,20,adjoint,0.01231193137187419,19.096738139773745,0.33959731917271313,19,0.006972544586822202,21.566086999017926,0.520941812159886,10.0,0;22.5;45;67.5;90;112.5;135;157.5;180;202.5;225;247.5;270;292.5;315;337.5
val_images,none,test001.png,0,rot45_padded,45.0,True,0,1000,1000,154360.0,0.15435999631881714,blur,pnp_hqs,wavelet,15.0,fixed10p0,0.4,0.5,0.0,0.15,G16_fixed,False,16,20,adjoint,0.01231193137187419,19.096738139773745,0.33959731917271313,20,0.006972455224647334,21.566142659828195,0.5209495052150817,10.0,0;22.5;45;67.5;90;112.5;135;157.5;180;202.5;225;247.5;270;292.5;315;337.5
val_images,none,test001.png,0,rot50_padded,50.0,True,0,962,962,154401.0,0.16683991253376007,blur,pnp_hqs,wavelet,15.0,fixed10p0,0.4,0.5,0.0,0.15,vanilla,False,0,20,adjoint,0.012335662799301818,19.08837510759076,0.3390822132790591,1,0.00794055440713224,21.001491742035576,0.4797068590877002,10.0,none
val_images,none,test001.png,0,rot50_padded,50.0,True,0,962,962,154401.0,0.16683991253376007,blur,pnp_hqs,wavelet,15.0,fixed10p0,0.4,0.5,0.0,0.15,vanilla,False,0,20,adjoint,0.012335662799301818,19.08837510759076,0.3390822132790591,2,0.007739581644599533,21.112825140396303,0.4914093415845752,10.0,none
val_images,none,test001.png,0,rot50_padded,50.0,True,0,962,962,154401.0,0.16683991253376007,blur,pnp_hqs,wavelet,15.0,fixed10p0,0.4,0.5,0.0,0.15,vanilla,False,0,20,adjoint,0.012335662799301818,19.08837510759076,0.3390822132790591,3,0.00782003289122156,21.06791420284655,0.4923687953769729,10.0,none
val_images,none,test001.png,0,rot50_padded,50.0,True,0,962,962,154401.0,0.16683991253376007,blur,pnp_hqs,wavelet,15.0,fixed10p0,0.4,0.5,0.0,0.15,vanilla,False,0,20,adjoint,0.012335662799301818,19.08837510759076,0.3390822132790591,4,0.008019472669279182,20.958541883681647,0.4887208773744989,10.0,none
val_images,none,test001.png,0,rot50_padded,50.0,True,0,962,962,154401.0,0.16683991253376007,blur,pnp_hqs,wavelet,15.0,fixed10p0,0.4,0.5,0.0,0.15,vanilla,False,0,20,adjoint,0.012335662799301818,19.08837510759076,0.3390822132790591,5,0.008309350625309665,20.804329149480573,0.4820221574018303,10.0,none
val_images,none,test001.png,0,rot50_padded,50.0,True,0,962,962,154401.0,0.16683991253376007,blur,pnp_hqs,wavelet,15.0,fixed10p0,0.4,0.5,0.0,0.15,vanilla,False,0,20,adjoint,0.012335662799301818,19.08837510759076,0.3390822132790591,6,0.009063480951942912,20.427049736390973,0.46692636989073905,10.0,none
val_images,none,test001.png,0,rot50_padded,50.0,True,0,962,962,154401.0,0.16683991253376007,blur,pnp_hqs,wavelet,15.0,fixed10p0,0.4,0.5,0.0,0.15,vanilla,False,0,20,adjoint,0.012335662799301818,19.08837510759076,0.3390822132790591,7,0.00975670064272576,20.10697019926189,0.4549215597696906,10.0,none
val_images,none,test001.png,0,rot50_padded,50.0,True,0,962,962,154401.0,0.16683991253376007,blur,pnp_hqs,wavelet,15.0,fixed10p0,0.4,0.5,0.0,0.15,vanilla,False,0,20,adjoint,0.012335662799301818,19.08837510759076,0.3390822132790591,8,0.009881124588429642,20.05193624769116,0.45434270989177533,10.0,none
val_images,none,test001.png,0,rot50_padded,50.0,True,0,962,962,154401.0,0.16683991253376007,blur,pnp_hqs,wavelet,15.0,fixed10p0,0.4,0.5,0.0,0.15,vanilla,False,0,20,adjoint,0.012335662799301818,19.08837510759076,0.3390822132790591,9,0.009982772764789411,20.007488145045734,0.4535872703220834,10.0,none
val_images,none,test001.png,0,rot50_padded,50.0,True,0,962,962,154401.0,0.16683991253376007,blur,pnp_hqs,wavelet,15.0,fixed10p0,0.4,0.5,0.0,0.15,vanilla,False,0,20,adjoint,0.012335662799301818,19.08837510759076,0.3390822132790591,10,0.010065213175382203,19.971770225724697,0.45281786549309916,10.0,none
val_images,none,test001.png,0,rot50_padded,50.0,True,0,962,962,154401.0,0.16683991253376007,blur,pnp_hqs,wavelet,15.0,fixed10p0,0.4,0.5,0.0,0.15,vanilla,False,0,20,adjoint,0.012335662799301818,19.08837510759076,0.3390822132790591,11,0.0101328518658396,19.94268306338874,0.452089445664212,10.0,none
val_images,none,test001.png,0,rot50_padded,50.0,True,0,962,962,154401.0,0.16683991253376007,blur,pnp_hqs,wavelet,15.0,fixed10p0,0.4,0.5,0.0,0.15,vanilla,False,0,20,adjoint,0.012335662799301818,19.08837510759076,0.3390822132790591,12,0.010188857583854299,19.918745081272316,0.4514202263910208,10.0,none
val_images,none,test001.png,0,rot50_padded,50.0,True,0,962,962,154401.0,0.16683991253376007,blur,pnp_hqs,wavelet,15.0,fixed10p0,0.4,0.5,0.0,0.15,vanilla,False,0,20,adjoint,0.012335662799301818,19.08837510759076,0.3390822132790591,13,0.010235804541623759,19.898780158001625,0.4508109666550087,10.0,none
val_images,none,test001.png,0,rot50_padded,50.0,True,0,962,962,154401.0,0.16683991253376007,blur,pnp_hqs,wavelet,15.0,fixed10p0,0.4,0.5,0.0,0.15,vanilla,False,0,20,adjoint,0.012335662799301818,19.08837510759076,0.3390822132790591,14,0.010275640001016023,19.881911193055476,0.45025756795616606,10.0,none
val_images,none,test001.png,0,rot50_padded,50.0,True,0,962,962,154401.0,0.16683991253376007,blur,pnp_hqs,wavelet,15.0,fixed10p0,0.4,0.5,0.0,0.15,vanilla,False,0,20,adjoint,0.012335662799301818,19.08837510759076,0.3390822132790591,15,0.010309676367512597,19.867549675011063,0.4497591701154785,10.0,none
val_images,none,test001.png,0,rot50_padded,50.0,True,0,962,962,154401.0,0.16683991253376007,blur,pnp_hqs,wavelet,15.0,fixed10p0,0.4,0.5,0.0,0.15,vanilla,False,0,20,adjoint,0.012335662799301818,19.08837510759076,0.3390822132790591,16,0.010338963565498686,19.85522995124587,0.449311371040343,10.0,none
val_images,none,test001.png,0,rot50_padded,50.0,True,0,962,962,154401.0,0.16683991253376007,blur,pnp_hqs,wavelet,15.0,fixed10p0,0.4,0.5,0.0,0.15,vanilla,False,0,20,adjoint,0.012335662799301818,19.08837510759076,0.3390822132790591,17,0.010364296944320308,19.84460152668815,0.44890906025543875,10.0,none
val_images,none,test001.png,0,rot50_padded,50.0,True,0,962,962,154401.0,0.16683991253376007,blur,pnp_hqs,wavelet,15.0,fixed10p0,0.4,0.5,0.0,0.15,vanilla,False,0,20,adjoint,0.012335662799301818,19.08837510759076,0.3390822132790591,18,0.010386294757644056,19.83539356514519,0.4485474814768039,10.0,none
val_images,none,test001.png,0,rot50_padded,50.0,True,0,962,962,154401.0,0.16683991253376007,blur,pnp_hqs,wavelet,15.0,fixed10p0,0.4,0.5,0.0,0.15,vanilla,False,0,20,adjoint,0.012335662799301818,19.08837510759076,0.3390822132790591,19,0.010405496198565343,19.827372051053405,0.4482233963834431,10.0,none
val_images,none,test001.png,0,rot50_padded,50.0,True,0,962,962,154401.0,0.16683991253376007,blur,pnp_hqs,wavelet,15.0,fixed10p0,0.4,0.5,0.0,0.15,vanilla,False,0,20,adjoint,0.012335662799301818,19.08837510759076,0.3390822132790591,20,0.010422327403562802,19.820352881710512,0.44793164390127005,10.0,none
val_images,none,test001.png,0,rot50_padded,50.0,True,0,962,962,154401.0,0.16683991253376007,blur,pnp_hqs,wavelet,15.0,fixed10p0,0.4,0.5,0.0,0.15,G16_fixed,False,16,20,adjoint,0.012335662799301818,19.08837510759076,0.3390822132790591,1,0.007530040297362873,21.232026996458462,0.4934885460586395,10.0,0;22.5;45;67.5;90;112.5;135;157.5;180;202.5;225;247.5;270;292.5;315;337.5
val_images,none,test001.png,0,rot50_padded,50.0,True,0,962,962,154401.0,0.16683991253376007,blur,pnp_hqs,wavelet,15.0,fixed10p0,0.4,0.5,0.0,0.15,G16_fixed,False,16,20,adjoint,0.012335662799301818,19.08837510759076,0.3390822132790591,2,0.007179004245894214,21.43935789811087,0.5096346121462944,10.0,0;22.5;45;67.5;90;112.5;135;157.5;180;202.5;225;247.5;270;292.5;315;337.5
val_images,none,test001.png,0,rot50_padded,50.0,True,0,962,962,154401.0,0.16683991253376007,blur,pnp_hqs,wavelet,15.0,fixed10p0,0.4,0.5,0.0,0.15,G16_fixed,False,16,20,adjoint,0.012335662799301818,19.08837510759076,0.3390822132790591,3,0.007024847200582817,21.533631177809497,0.5175383417205847,10.0,0;22.5;45;67.5;90;112.5;135;157.5;180;202.5;225;247.5;270;292.5;315;337.5
val_images,none,test001.png,0,rot50_padded,50.0,True,0,962,962,154401.0,0.16683991253376007,blur,pnp_hqs,wavelet,15.0,fixed10p0,0.4,0.5,0.0,0.15,G16_fixed,False,16,20,adjoint,0.012335662799301818,19.08837510759076,0.3390822132790591,4,0.006949297709373644,21.58059082655178,0.521707629403307,10.0,0;22.5;45;67.5;90;112.5;135;157.5;180;202.5;225;247.5;270;292.5;315;337.5
val_images,none,test001.png,0,rot50_padded,50.0,True,0,962,962,154401.0,0.16683991253376007,blur,pnp_hqs,wavelet,15.0,fixed10p0,0.4,0.5,0.0,0.15,G16_fixed,False,16,20,adjoint,0.012335662799301818,19.08837510759076,0.3390822132790591,5,0.006909709709569158,21.605401978038742,0.5240167546680398,10.0,0;22.5;45;67.5;90;112.5;135;157.5;180;202.5;225;247.5;270;292.5;315;337.5
val_images,none,test001.png,0,rot50_padded,50.0,True,0,962,962,154401.0,0.16683991253376007,blur,pnp_hqs,wavelet,15.0,fixed10p0,0.4,0.5,0.0,0.15,G16_fixed,False,16,20,adjoint,0.012335662799301818,19.08837510759076,0.3390822132790591,6,0.006888070040632833,21.619024454531104,0.5253387486156178,10.0,0;22.5;45;67.5;90;112.5;135;157.5;180;202.5;225;247.5;270;292.5;315;337.5
val_images,none,test001.png,0,rot50_padded,50.0,True,0,962,962,154401.0,0.16683991253376007,blur,pnp_hqs,wavelet,15.0,fixed10p0,0.4,0.5,0.0,0.15,G16_fixed,False,16,20,adjoint,0.012335662799301818,19.08837510759076,0.3390822132790591,7,0.006875902618728991,21.62670282719151,0.526113466314985,10.0,0;22.5;45;67.5;90;112.5;135;157.5;180;202.5;225;247.5;270;292.5;315;337.5
val_images,none,test001.png,0,rot50_padded,50.0,True,0,962,962,154401.0,0.16683991253376007,blur,pnp_hqs,wavelet,15.0,fixed10p0,0.4,0.5,0.0,0.15,G16_fixed,False,16,20,adjoint,0.012335662799301818,19.08837510759076,0.3390822132790591,8,0.006868916036054252,21.631117923004023,0.5265750788531163,10.0,0;22.5;45;67.5;90;112.5;135;157.5;180;202.5;225;247.5;270;292.5;315;337.5
val_images,none,test001.png,0,rot50_padded,50.0,True,0,962,962,154401.0,0.16683991253376007,blur,pnp_hqs,wavelet,15.0,fixed10p0,0.4,0.5,0.0,0.15,G16_fixed,False,16,20,adjoint,0.012335662799301818,19.08837510759076,0.3390822132790591,9,0.006864842835427313,21.633694011057386,0.5268535744587146,10.0,0;22.5;45;67.5;90;112.5;135;157.5;180;202.5;225;247.5;270;292.5;315;337.5
val_images,none,test001.png,0,rot50_padded,50.0,True,0,962,962,154401.0,0.16683991253376007,blur,pnp_hqs,wavelet,15.0,fixed10p0,0.4,0.5,0.0,0.15,G16_fixed,False,16,20,adjoint,0.012335662799301818,19.08837510759076,0.3390822132790591,10,0.006862438603457879,21.63521528049863,0.5270233839159073,10.0,0;22.5;45;67.5;90;112.5;135;157.5;180;202.5;225;247.5;270;292.5;315;337.5
val_images,none,test001.png,0,rot50_padded,50.0,True,0,962,962,154401.0,0.16683991253376007,blur,pnp_hqs,wavelet,15.0,fixed10p0,0.4,0.5,0.0,0.15,G16_fixed,False,16,20,adjoint,0.012335662799301818,19.08837510759076,0.3390822132790591,11,0.006861006816513899,21.636121491952473,0.5271276173729444,10.0,0;22.5;45;67.5;90;112.5;135;157.5;180;202.5;225;247.5;270;292.5;315;337.5
val_images,none,test001.png,0,rot50_padded,50.0,True,0,962,962,154401.0,0.16683991253376007,blur,pnp_hqs,wavelet,15.0,fixed10p0,0.4,0.5,0.0,0.15,G16_fixed,False,16,20,adjoint,0.012335662799301818,19.08837510759076,0.3390822132790591,12,0.006860145056288091,21.636667011329788,0.5271917766076645,10.0,0;22.5;45;67.5;90;112.5;135;157.5;180;202.5;225;247.5;270;292.5;315;337.5
val_images,none,test001.png,0,rot50_padded,50.0,True,0,962,962,154401.0,0.16683991253376007,blur,pnp_hqs,wavelet,15.0,fixed10p0,0.4,0.5,0.0,0.15,G16_fixed,False,16,20,adjoint,0.012335662799301818,19.08837510759076,0.3390822132790591,13,0.006859627209546894,21.636994856395905,0.5272319014287472,10.0,0;22.5;45;67.5;90;112.5;135;157.5;180;202.5;225;247.5;270;292.5;315;337.5
val_images,none,test001.png,0,rot50_padded,50.0,True,0,962,962,154401.0,0.16683991253376007,blur,pnp_hqs,wavelet,15.0,fixed10p0,0.4,0.5,0.0,0.15,G16_fixed,False,16,20,adjoint,0.012335662799301818,19.08837510759076,0.3390822132790591,14,0.00685930938605077,21.637196080433423,0.5272566442251022,10.0,0;22.5;45;67.5;90;112.5;135;157.5;180;202.5;225;247.5;270;292.5;315;337.5
val_images,none,test001.png,0,rot50_padded,50.0,True,0,962,962,154401.0,0.16683991253376007,blur,pnp_hqs,wavelet,15.0,fixed10p0,0.4,0.5,0.0,0.15,G16_fixed,False,16,20,adjoint,0.012335662799301818,19.08837510759076,0.3390822132790591,15,0.006859116478257103,21.63731822096345,0.5272721274473611,10.0,0;22.5;45;67.5;90;112.5;135;157.5;180;202.5;225;247.5;270;292.5;315;337.5
val_images,none,test001.png,0,rot50_padded,50.0,True,0,962,962,154401.0,0.16683991253376007,blur,pnp_hqs,wavelet,15.0,fixed10p0,0.4,0.5,0.0,0.15,G16_fixed,False,16,20,adjoint,0.012335662799301818,19.08837510759076,0.3390822132790591,16,0.006858998678006052,21.637392808468245,0.5272819436078782,10.0,0;22.5;45;67.5;90;112.5;135;157.5;180;202.5;225;247.5;270;292.5;315;337.5
val_images,none,test001.png,0,rot50_padded,50.0,True,0,962,962,154401.0,0.16683991253376007,blur,pnp_hqs,wavelet,15.0,fixed10p0,0.4,0.5,0.0,0.15,G16_fixed,False,16,20,adjoint,0.012335662799301818,19.08837510759076,0.3390822132790591,17,0.006858928314097706,21.63743736134732,0.5272880154597445,10.0,0;22.5;45;67.5;90;112.5;135;157.5;180;202.5;225;247.5;270;292.5;315;337.5
val_images,none,test001.png,0,rot50_padded,50.0,True,0,962,962,154401.0,0.16683991253376007,blur,pnp_hqs,wavelet,15.0,fixed10p0,0.4,0.5,0.0,0.15,G16_fixed,False,16,20,adjoint,0.012335662799301818,19.08837510759076,0.3390822132790591,18,0.00685888008714929,21.637467897854265,0.5272918103671609,10.0,0;22.5;45;67.5;90;112.5;135;157.5;180;202.5;225;247.5;270;292.5;315;337.5
val_images,none,test001.png,0,rot50_padded,50.0,True,0,962,962,154401.0,0.16683991253376007,blur,pnp_hqs,wavelet,15.0,fixed10p0,0.4,0.5,0.0,0.15,G16_fixed,False,16,20,adjoint,0.012335662799301818,19.08837510759076,0.3390822132790591,19,0.006858853997160802,21.637484417693422,0.5272942897066729,10.0,0;22.5;45;67.5;90;112.5;135;157.5;180;202.5;225;247.5;270;292.5;315;337.5
val_images,none,test001.png,0,rot50_padded,50.0,True,0,962,962,154401.0,0.16683991253376007,blur,pnp_hqs,wavelet,15.0,fixed10p0,0.4,0.5,0.0,0.15,G16_fixed,False,16,20,adjoint,0.012335662799301818,19.08837510759076,0.3390822132790591,20,0.0068588366038351434,21.637495430954434,0.5272958076696395,10.0,0;22.5;45;67.5;90;112.5;135;157.5;180;202.5;225;247.5;270;292.5;315;337.5
val_images,none,test001.png,0,rot55_padded,55.0,True,0,922,922,154404.0,0.1816338151693344,blur,pnp_hqs,wavelet,15.0,fixed10p0,0.4,0.5,0.0,0.15,vanilla,False,0,20,adjoint,0.012334124973587957,19.08891655466657,0.3378847050594544,1,0.007913915348999215,21.01608599465385,0.4794663067342815,10.0,none
val_images,none,test001.png,0,rot55_padded,55.0,True,0,922,922,154404.0,0.1816338151693344,blur,pnp_hqs,wavelet,15.0,fixed10p0,0.4,0.5,0.0,0.15,vanilla,False,0,20,adjoint,0.012334124973587957,19.08891655466657,0.3378847050594544,2,0.007690844747434086,21.140259555171138,0.49213057749475403,10.0,none
val_images,none,test001.png,0,rot55_padded,55.0,True,0,922,922,154404.0,0.1816338151693344,blur,pnp_hqs,wavelet,15.0,fixed10p0,0.4,0.5,0.0,0.15,vanilla,False,0,20,adjoint,0.012334124973587957,19.08891655466657,0.3378847050594544,3,0.007733194300746742,21.116410777978935,0.49433061967306546,10.0,none
val_images,none,test001.png,0,rot55_padded,55.0,True,0,922,922,154404.0,0.1816338151693344,blur,pnp_hqs,wavelet,15.0,fixed10p0,0.4,0.5,0.0,0.15,vanilla,False,0,20,adjoint,0.012334124973587957,19.08891655466657,0.3378847050594544,4,0.007864006170753753,21.043561543921907,0.49266509246845935,10.0,none
val_images,none,test001.png,0,rot55_padded,55.0,True,0,922,922,154404.0,0.1816338151693344,blur,pnp_hqs,wavelet,15.0,fixed10p0,0.4,0.5,0.0,0.15,vanilla,False,0,20,adjoint,0.012334124973587957,19.08891655466657,0.3378847050594544,5,0.008026384732281061,20.95480026872043,0.489585357244631,10.0,none
val_images,none,test001.png,0,rot55_padded,55.0,True,0,922,922,154404.0,0.1816338151693344,blur,pnp_hqs,wavelet,15.0,fixed10p0,0.4,0.5,0.0,0.15,vanilla,False,0,20,adjoint,0.012334124973587957,19.08891655466657,0.3378847050594544,6,0.008203992435732721,20.859747487328587,0.4858242216846714,10.0,none
val_images,none,test001.png,0,rot55_padded,55.0,True,0,922,922,154404.0,0.1816338151693344,blur,pnp_hqs,wavelet,15.0,fixed10p0,0.4,0.5,0.0,0.15,vanilla,False,0,20,adjoint,0.012334124973587957,19.08891655466657,0.3378847050594544,7,0.008391420061929661,20.76164538232856,0.4816429221393228,10.0,none
val_images,none,test001.png,0,rot55_padded,55.0,True,0,922,922,154404.0,0.1816338151693344,blur,pnp_hqs,wavelet,15.0,fixed10p0,0.4,0.5,0.0,0.15,vanilla,False,0,20,adjoint,0.012334124973587957,19.08891655466657,0.3378847050594544,8,0.008593660979526518,20.65821783259174,0.47692852435817723,10.0,none
val_images,none,test001.png,0,rot55_padded,55.0,True,0,922,922,154404.0,0.1816338151693344,blur,pnp_hqs,wavelet,15.0,fixed10p0,0.4,0.5,0.0,0.15,vanilla,False,0,20,adjoint,0.012334124973587957,19.08891655466657,0.3378847050594544,9,0.00883403997563818,20.538406398116337,0.47099957740732107,10.0,none
val_images,none,test001.png,0,rot55_padded,55.0,True,0,922,922,154404.0,0.1816338151693344,blur,pnp_hqs,wavelet,15.0,fixed10p0,0.4,0.5,0.0,0.15,vanilla,False,0,20,adjoint,0.012334124973587957,19.08891655466657,0.3378847050594544,10,0.009434950308170854,20.252603828275106,0.459383540905676,10.0,none
val_images,none,test001.png,0,rot55_padded,55.0,True,0,922,922,154404.0,0.1816338151693344,blur,pnp_hqs,wavelet,15.0,fixed10p0,0.4,0.5,0.0,0.15,vanilla,False,0,20,adjoint,0.012334124973587957,19.08891655466657,0.3378847050594544,11,0.009898176168778416,20.044448208373005,0.4501333555154012,10.0,none
val_images,none,test001.png,0,rot55_padded,55.0,True,0,922,922,154404.0,0.1816338151693344,blur,pnp_hqs,wavelet,15.0,fixed10p0,0.4,0.5,0.0,0.15,vanilla,False,0,20,adjoint,0.012334124973587957,19.08891655466657,0.3378847050594544,12,0.010150523912208395,19.9351154136564,0.4469561183648092,10.0,none
val_images,none,test001.png,0,rot55_padded,55.0,True,0,922,922,154404.0,0.1816338151693344,blur,pnp_hqs,wavelet,15.0,fixed10p0,0.4,0.5,0.0,0.15,vanilla,False,0,20,adjoint,0.012334124973587957,19.08891655466657,0.3378847050594544,13,0.010228446868938385,19.901903064107973,0.44609797997461204,10.0,none
val_images,none,test001.png,0,rot55_padded,55.0,True,0,922,922,154404.0,0.1816338151693344,blur,pnp_hqs,wavelet,15.0,fixed10p0,0.4,0.5,0.0,0.15,vanilla,False,0,20,adjoint,0.012334124973587957,19.08891655466657,0.3378847050594544,14,0.010289445658032257,19.876080221416174,0.4453358761754877,10.0,none
val_images,none,test001.png,0,rot55_padded,55.0,True,0,922,922,154404.0,0.1816338151693344,blur,pnp_hqs,wavelet,15.0,fixed10p0,0.4,0.5,0.0,0.15,vanilla,False,0,20,adjoint,0.012334124973587957,19.08891655466657,0.3378847050594544,15,0.010338006879729881,19.85563183154231,0.44467213446542836,10.0,none
val_images,none,test001.png,0,rot55_padded,55.0,True,0,922,922,154404.0,0.1816338151693344,blur,pnp_hqs,wavelet,15.0,fixed10p0,0.4,0.5,0.0,0.15,vanilla,False,0,20,adjoint,0.012334124973587957,19.08891655466657,0.3378847050594544,16,0.010377477893575862,19.839081830959852,0.44409192969417893,10.0,none
val_images,none,test001.png,0,rot55_padded,55.0,True,0,922,922,154404.0,0.1816338151693344,blur,pnp_hqs,wavelet,15.0,fixed10p0,0.4,0.5,0.0,0.15,vanilla,False,0,20,adjoint,0.012334124973587957,19.08891655466657,0.3378847050594544,17,0.010410103976166016,19.82544932732534,0.44358377616512523,10.0,none
val_images,none,test001.png,0,rot55_padded,55.0,True,0,922,922,154404.0,0.1816338151693344,blur,pnp_hqs,wavelet,15.0,fixed10p0,0.4,0.5,0.0,0.15,vanilla,False,0,20,adjoint,0.012334124973587957,19.08891655466657,0.3378847050594544,18,0.010437440218720047,19.814059989578606,0.4431380602996036,10.0,none
val_images,none,test001.png,0,rot55_padded,55.0,True,0,922,922,154404.0,0.1816338151693344,blur,pnp_hqs,wavelet,15.0,fixed10p0,0.4,0.5,0.0,0.15,vanilla,False,0,20,adjoint,0.012334124973587957,19.08891655466657,0.3378847050594544,19,0.010460581588873589,19.8044416883233,0.44274532031229763,10.0,none
val_images,none,test001.png,0,rot55_padded,55.0,True,0,922,922,154404.0,0.1816338151693344,blur,pnp_hqs,wavelet,15.0,fixed10p0,0.4,0.5,0.0,0.15,vanilla,False,0,20,adjoint,0.012334124973587957,19.08891655466657,0.3378847050594544,20,0.010480347138229904,19.796243320735826,0.44239837131810056,10.0,none
val_images,none,test001.png,0,rot55_padded,55.0,True,0,922,922,154404.0,0.1816338151693344,blur,pnp_hqs,wavelet,15.0,fixed10p0,0.4,0.5,0.0,0.15,G16_fixed,False,16,20,adjoint,0.012334124973587957,19.08891655466657,0.3378847050594544,1,0.007511588663101344,21.242682021898194,0.4935361838909614,10.0,0;22.5;45;67.5;90;112.5;135;157.5;180;202.5;225;247.5;270;292.5;315;337.5
val_images,none,test001.png,0,rot55_padded,55.0,True,0,922,922,154404.0,0.1816338151693344,blur,pnp_hqs,wavelet,15.0,fixed10p0,0.4,0.5,0.0,0.15,G16_fixed,False,16,20,adjoint,0.012334124973587957,19.08891655466657,0.3378847050594544,2,0.007165804208490794,21.447350622505247,0.5096281002273257,10.0,0;22.5;45;67.5;90;112.5;135;157.5;180;202.5;225;247.5;270;292.5;315;337.5
val_images,none,test001.png,0,rot55_padded,55.0,True,0,922,922,154404.0,0.1816338151693344,blur,pnp_hqs,wavelet,15.0,fixed10p0,0.4,0.5,0.0,0.15,G16_fixed,False,16,20,adjoint,0.012334124973587957,19.08891655466657,0.3378847050594544,3,0.007016280646064869,21.53893047834762,0.5173350026553716,10.0,0;22.5;45;67.5;90;112.5;135;157.5;180;202.5;225;247.5;270;292.5;315;337.5
val_images,none,test001.png,0,rot55_padded,55.0,True,0,922,922,154404.0,0.1816338151693344,blur,pnp_hqs,wavelet,15.0,fixed10p0,0.4,0.5,0.0,0.15,G16_fixed,False,16,20,adjoint,0.012334124973587957,19.08891655466657,0.3378847050594544,4,0.0069437471437551815,21.584061023579544,0.5213265099187845,10.0,0;22.5;45;67.5;90;112.5;135;157.5;180;202.5;225;247.5;270;292.5;315;337.5
val_images,none,test001.png,0,rot55_padded,55.0,True,0,922,922,154404.0,0.1816338151693344,blur,pnp_hqs,wavelet,15.0,fixed10p0,0.4,0.5,0.0,0.15,G16_fixed,False,16,20,adjoint,0.012334124973587957,19.08891655466657,0.3378847050594544,5,0.006905991710970085,21.607739472553327,0.5235047950506464,10.0,0;22.5;45;67.5;90;112.5;135;157.5;180;202.5;225;247.5;270;292.5;315;337.5
val_images,none,test001.png,0,rot55_padded,55.0,True,0,922,922,154404.0,0.1816338151693344,blur,pnp_hqs,wavelet,15.0,fixed10p0,0.4,0.5,0.0,0.15,G16_fixed,False,16,20,adjoint,0.012334124973587957,19.08891655466657,0.3378847050594544,6,0.006885431618311378,21.62068830486855,0.5247375088242533,10.0,0;22.5;45;67.5;90;112.5;135;157.5;180;202.5;225;247.5;270;292.5;315;337.5
val_images,none,test001.png,0,rot55_padded,55.0,True,0,922,922,154404.0,0.1816338151693344,blur,pnp_hqs,wavelet,15.0,fixed10p0,0.4,0.5,0.0,0.15,G16_fixed,False,16,20,adjoint,0.012334124973587957,19.08891655466657,0.3378847050594544,7,0.0068738897897824055,21.627974352585916,0.5254533156524442,10.0,0;22.5;45;67.5;90;112.5;135;157.5;180;202.5;225;247.5;270;292.5;315;337.5
val_images,none,test001.png,0,rot55_padded,55.0,True,0,922,922,154404.0,0.1816338151693344,blur,pnp_hqs,wavelet,15.0,fixed10p0,0.4,0.5,0.0,0.15,G16_fixed,False,16,20,adjoint,0.012334124973587957,19.08891655466657,0.3378847050594544,8,0.006867273339137911,21.632156659716397,0.5258770720803865,10.0,0;22.5;45;67.5;90;112.5;135;157.5;180;202.5;225;247.5;270;292.5;315;337.5
val_images,none,test001.png,0,rot55_padded,55.0,True,0,922,922,154404.0,0.1816338151693344,blur,pnp_hqs,wavelet,15.0,fixed10p0,0.4,0.5,0.0,0.15,G16_fixed,False,16,20,adjoint,0.012334124973587957,19.08891655466657,0.3378847050594544,9,0.006863422373539951,21.634592738977116,0.5261312753393694,10.0,0;22.5;45;67.5;90;112.5;135;157.5;180;202.5;225;247.5;270;292.5;315;337.5
val_images,none,test001.png,0,rot55_padded,55.0,True,0,922,922,154404.0,0.1816338151693344,blur,pnp_hqs,wavelet,15.0,fixed10p0,0.4,0.5,0.0,0.15,G16_fixed,False,16,20,adjoint,0.012334124973587957,19.08891655466657,0.3378847050594544,10,0.006861153379233618,21.6360287202904,0.5262856491735965,10.0,0;22.5;45;67.5;90;112.5;135;157.5;180;202.5;225;247.5;270;292.5;315;337.5
val_images,none,test001.png,0,rot55_padded,55.0,True,0,922,922,154404.0,0.1816338151693344,blur,pnp_hqs,wavelet,15.0,fixed10p0,0.4,0.5,0.0,0.15,G16_fixed,False,16,20,adjoint,0.012334124973587957,19.08891655466657,0.3378847050594544,11,0.0068598014697340256,21.636884530755587,0.5263801152334137,10.0,0;22.5;45;67.5;90;112.5;135;157.5;180;202.5;225;247.5;270;292.5;315;337.5
val_images,none,test001.png,0,rot55_padded,55.0,True,0,922,922,154404.0,0.1816338151693344,blur,pnp_hqs,wavelet,15.0,fixed10p0,0.4,0.5,0.0,0.15,G16_fixed,False,16,20,adjoint,0.012334124973587957,19.08891655466657,0.3378847050594544,12,0.006858991905214972,21.637397096830707,0.526437999096526,10.0,0;22.5;45;67.5;90;112.5;135;157.5;180;202.5;225;247.5;270;292.5;315;337.5
val_images,none,test001.png,0,rot55_padded,55.0,True,0,922,922,154404.0,0.1816338151693344,blur,pnp_hqs,wavelet,15.0,fixed10p0,0.4,0.5,0.0,0.15,G16_fixed,False,16,20,adjoint,0.012334124973587957,19.08891655466657,0.3378847050594544,13,0.006858503320378277,21.637706467740074,0.526474024717624,10.0,0;22.5;45;67.5;90;112.5;135;157.5;180;202.5;225;247.5;270;292.5;315;337.5
val_images,none,test001.png,0,rot55_padded,55.0,True,0,922,922,154404.0,0.1816338151693344,blur,pnp_hqs,wavelet,15.0,fixed10p0,0.4,0.5,0.0,0.15,G16_fixed,False,16,20,adjoint,0.012334124973587957,19.08891655466657,0.3378847050594544,14,0.006858207639587138,21.637893702910944,0.5264962371441154,10.0,0;22.5;45;67.5;90;112.5;135;157.5;180;202.5;225;247.5;270;292.5;315;337.5
val_images,none,test001.png,0,rot55_padded,55.0,True,0,922,922,154404.0,0.1816338151693344,blur,pnp_hqs,wavelet,15.0,fixed10p0,0.4,0.5,0.0,0.15,G16_fixed,False,16,20,adjoint,0.012334124973587957,19.08891655466657,0.3378847050594544,15,0.0068580297567582445,21.63800634827976,0.5265101009365042,10.0,0;22.5;45;67.5;90;112.5;135;157.5;180;202.5;225;247.5;270;292.5;315;337.5
val_images,none,test001.png,0,rot55_padded,55.0,True,0,922,922,154404.0,0.1816338151693344,blur,pnp_hqs,wavelet,15.0,fixed10p0,0.4,0.5,0.0,0.15,G16_fixed,False,16,20,adjoint,0.012334124973587957,19.08891655466657,0.3378847050594544,16,0.006857917492928454,21.638077441527514,0.5265189049506489,10.0,0;22.5;45;67.5;90;112.5;135;157.5;180;202.5;225;247.5;270;292.5;315;337.5
val_images,none,test001.png,0,rot55_padded,55.0,True,0,922,922,154404.0,0.1816338151693344,blur,pnp_hqs,wavelet,15.0,fixed10p0,0.4,0.5,0.0,0.15,G16_fixed,False,16,20,adjoint,0.012334124973587957,19.08891655466657,0.3378847050594544,17,0.006857848711567948,21.63812099923312,0.5265242177178052,10.0,0;22.5;45;67.5;90;112.5;135;157.5;180;202.5;225;247.5;270;292.5;315;337.5
val_images,none,test001.png,0,rot55_padded,55.0,True,0,922,922,154404.0,0.1816338151693344,blur,pnp_hqs,wavelet,15.0,fixed10p0,0.4,0.5,0.0,0.15,G16_fixed,False,16,20,adjoint,0.012334124973587957,19.08891655466657,0.3378847050594544,18,0.006857808391460066,21.638146533263654,0.5265279113559235,10.0,0;22.5;45;67.5;90;112.5;135;157.5;180;202.5;225;247.5;270;292.5;315;337.5
val_images,none,test001.png,0,rot55_padded,55.0,True,0,922,922,154404.0,0.1816338151693344,blur,pnp_hqs,wavelet,15.0,fixed10p0,0.4,0.5,0.0,0.15,G16_fixed,False,16,20,adjoint,0.012334124973587957,19.08891655466657,0.3378847050594544,19,0.006857782301978495,21.638163055363407,0.5265298340716562,10.0,0;22.5;45;67.5;90;112.5;135;157.5;180;202.5;225;247.5;270;292.5;315;337.5
val_images,none,test001.png,0,rot55_padded,55.0,True,0,922,922,154404.0,0.1816338151693344,blur,pnp_hqs,wavelet,15.0,fixed10p0,0.4,0.5,0.0,0.15,G16_fixed,False,16,20,adjoint,0.012334124973587957,19.08891655466657,0.3378847050594544,20,0.006857767280761833,21.638172568116026,0.5265312002117821,10.0,0;22.5;45;67.5;90;112.5;135;157.5;180;202.5;225;247.5;270;292.5;315;337.5
val_images,none,test001.png,0,rot60_padded,60.0,True,0,878,878,154401.0,0.20029082894325256,blur,pnp_hqs,wavelet,15.0,fixed10p0,0.4,0.5,0.0,0.15,vanilla,False,0,20,adjoint,0.012282432107335364,19.107156278030413,0.3380934881007895,1,0.007866764013631712,21.042038775561448,0.48249252352640204,10.0,none
val_images,none,test001.png,0,rot60_padded,60.0,True,0,878,878,154401.0,0.20029082894325256,blur,pnp_hqs,wavelet,15.0,fixed10p0,0.4,0.5,0.0,0.15,vanilla,False,0,20,adjoint,0.012282432107335364,19.107156278030413,0.3380934881007895,2,0.00761315193220494,21.184355031030726,0.4967996280788337,10.0,none
val_images,none,test001.png,0,rot60_padded,60.0,True,0,878,878,154401.0,0.20029082894325256,blur,pnp_hqs,wavelet,15.0,fixed10p0,0.4,0.5,0.0,0.15,vanilla,False,0,20,adjoint,0.012282432107335364,19.107156278030413,0.3380934881007895,3,0.007621894450165478,21.179370697370473,0.5003997302478611,10.0,none
val_images,none,test001.png,0,rot60_padded,60.0,True,0,878,878,154401.0,0.20029082894325256,blur,pnp_hqs,wavelet,15.0,fixed10p0,0.4,0.5,0.0,0.15,vanilla,False,0,20,adjoint,0.012282432107335364,19.107156278030413,0.3380934881007895,4,0.007715063380266725,21.12660501799532,0.5001607522781588,10.0,none
val_images,none,test001.png,0,rot60_padded,60.0,True,0,878,878,154401.0,0.20029082894325256,blur,pnp_hqs,wavelet,15.0,fixed10p0,0.4,0.5,0.0,0.15,vanilla,False,0,20,adjoint,0.012282432107335364,19.107156278030413,0.3380934881007895,5,0.007835037006419162,21.05958947932381,0.4984367005395043,10.0,none
val_images,none,test001.png,0,rot60_padded,60.0,True,0,878,878,154401.0,0.20029082894325256,blur,pnp_hqs,wavelet,15.0,fixed10p0,0.4,0.5,0.0,0.15,vanilla,False,0,20,adjoint,0.012282432107335364,19.107156278030413,0.3380934881007895,6,0.007959952708875753,20.990895124552097,0.4962579176948336,10.0,none
val_images,none,test001.png,0,rot60_padded,60.0,True,0,878,878,154401.0,0.20029082894325256,blur,pnp_hqs,wavelet,15.0,fixed10p0,0.4,0.5,0.0,0.15,vanilla,False,0,20,adjoint,0.012282432107335364,19.107156278030413,0.3380934881007895,7,0.00807877995674615,20.92654220668475,0.49408793903536896,10.0,none
val_images,none,test001.png,0,rot60_padded,60.0,True,0,878,878,154401.0,0.20029082894325256,blur,pnp_hqs,wavelet,15.0,fixed10p0,0.4,0.5,0.0,0.15,vanilla,False,0,20,adjoint,0.012282432107335364,19.107156278030413,0.3380934881007895,8,0.00818816341938969,20.868134982724847,0.4920305426292576,10.0,none
val_images,none,test001.png,0,rot60_padded,60.0,True,0,878,878,154401.0,0.20029082894325256,blur,pnp_hqs,wavelet,15.0,fixed10p0,0.4,0.5,0.0,0.15,vanilla,False,0,20,adjoint,0.012282432107335364,19.107156278030413,0.3380934881007895,9,0.008288296795205747,20.81534705690992,0.4901276748531421,10.0,none
val_images,none,test001.png,0,rot60_padded,60.0,True,0,878,878,154401.0,0.20029082894325256,blur,pnp_hqs,wavelet,15.0,fixed10p0,0.4,0.5,0.0,0.15,vanilla,False,0,20,adjoint,0.012282432107335364,19.107156278030413,0.3380934881007895,10,0.008379130276034482,20.768010572553003,0.48842477339848833,10.0,none
val_images,none,test001.png,0,rot60_padded,60.0,True,0,878,878,154401.0,0.20029082894325256,blur,pnp_hqs,wavelet,15.0,fixed10p0,0.4,0.5,0.0,0.15,vanilla,False,0,20,adjoint,0.012282432107335364,19.107156278030413,0.3380934881007895,11,0.008460908159040825,20.72583019077729,0.48690417929611857,10.0,none
val_images,none,test001.png,0,rot60_padded,60.0,True,0,878,878,154401.0,0.20029082894325256,blur,pnp_hqs,wavelet,15.0,fixed10p0,0.4,0.5,0.0,0.15,vanilla,False,0,20,adjoint,0.012282432107335364,19.107156278030413,0.3380934881007895,12,0.008535177659602674,20.687874346216454,0.4855416557373333,10.0,none
val_images,none,test001.png,0,rot60_padded,60.0,True,0,878,878,154401.0,0.20029082894325256,blur,pnp_hqs,wavelet,15.0,fixed10p0,0.4,0.5,0.0,0.15,vanilla,False,0,20,adjoint,0.012282432107335364,19.107156278030413,0.3380934881007895,13,0.008602429743867025,20.653788655800884,0.484332193444343,10.0,none
val_images,none,test001.png,0,rot60_padded,60.0,True,0,878,878,154401.0,0.20029082894325256,blur,pnp_hqs,wavelet,15.0,fixed10p0,0.4,0.5,0.0,0.15,vanilla,False,0,20,adjoint,0.012282432107335364,19.107156278030413,0.3380934881007895,14,0.008663298477614701,20.623167225457046,0.4832552493183334,10.0,none
val_images,none,test001.png,0,rot60_padded,60.0,True,0,878,878,154401.0,0.20029082894325256,blur,pnp_hqs,wavelet,15.0,fixed10p0,0.4,0.5,0.0,0.15,vanilla,False,0,20,adjoint,0.012282432107335364,19.107156278030413,0.3380934881007895,15,0.008718131727358873,20.59576573259047,0.4823112787481946,10.0,none
val_images,none,test001.png,0,rot60_padded,60.0,True,0,878,878,154401.0,0.20029082894325256,blur,pnp_hqs,wavelet,15.0,fixed10p0,0.4,0.5,0.0,0.15,vanilla,False,0,20,adjoint,0.012282432107335364,19.107156278030413,0.3380934881007895,16,0.008767850548753732,20.571068615062316,0.48148019402400244,10.0,none
val_images,none,test001.png,0,rot60_padded,60.0,True,0,878,878,154401.0,0.20029082894325256,blur,pnp_hqs,wavelet,15.0,fixed10p0,0.4,0.5,0.0,0.15,vanilla,False,0,20,adjoint,0.012282432107335364,19.107156278030413,0.3380934881007895,17,0.008813381531693448,20.548574288427545,0.480754405330924,10.0,none
val_images,none,test001.png,0,rot60_padded,60.0,True,0,878,878,154401.0,0.20029082894325256,blur,pnp_hqs,wavelet,15.0,fixed10p0,0.4,0.5,0.0,0.15,vanilla,False,0,20,adjoint,0.012282432107335364,19.107156278030413,0.3380934881007895,18,0.008855236198073524,20.5279985026703,0.48011848004546603,10.0,none
val_images,none,test001.png,0,rot60_padded,60.0,True,0,878,878,154401.0,0.20029082894325256,blur,pnp_hqs,wavelet,15.0,fixed10p0,0.4,0.5,0.0,0.15,vanilla,False,0,20,adjoint,0.012282432107335364,19.107156278030413,0.3380934881007895,19,0.008894190132097185,20.508935908261392,0.4795534436305464,10.0,none
val_images,none,test001.png,0,rot60_padded,60.0,True,0,878,878,154401.0,0.20029082894325256,blur,pnp_hqs,wavelet,15.0,fixed10p0,0.4,0.5,0.0,0.15,vanilla,False,0,20,adjoint,0.012282432107335364,19.107156278030413,0.3380934881007895,20,0.008930839450471094,20.491077178669798,0.47904538142563846,10.0,none
val_images,none,test001.png,0,rot60_padded,60.0,True,0,878,878,154401.0,0.20029082894325256,blur,pnp_hqs,wavelet,15.0,fixed10p0,0.4,0.5,0.0,0.15,G16_fixed,False,16,20,adjoint,0.012282432107335364,19.107156278030413,0.3380934881007895,1,0.0074946053493622124,21.25251231275587,0.4955900139895467,10.0,0;22.5;45;67.5;90;112.5;135;157.5;180;202.5;225;247.5;270;292.5;315;337.5
val_images,none,test001.png,0,rot60_padded,60.0,True,0,878,878,154401.0,0.20029082894325256,blur,pnp_hqs,wavelet,15.0,fixed10p0,0.4,0.5,0.0,0.15,G16_fixed,False,16,20,adjoint,0.012282432107335364,19.107156278030413,0.3380934881007895,2,0.007144481656884913,21.46029274461616,0.512325758090945,10.0,0;22.5;45;67.5;90;112.5;135;157.5;180;202.5;225;247.5;270;292.5;315;337.5
val_images,none,test001.png,0,rot60_padded,60.0,True,0,878,878,154401.0,0.20029082894325256,blur,pnp_hqs,wavelet,15.0,fixed10p0,0.4,0.5,0.0,0.15,G16_fixed,False,16,20,adjoint,0.012282432107335364,19.107156278030413,0.3380934881007895,3,0.006993266455426941,21.553199240810823,0.5203077639555443,10.0,0;22.5;45;67.5;90;112.5;135;157.5;180;202.5;225;247.5;270;292.5;315;337.5
val_images,none,test001.png,0,rot60_padded,60.0,True,0,878,878,154401.0,0.20029082894325256,blur,pnp_hqs,wavelet,15.0,fixed10p0,0.4,0.5,0.0,0.15,G16_fixed,False,16,20,adjoint,0.012282432107335364,19.107156278030413,0.3380934881007895,4,0.006919995489879032,21.598941885954513,0.5244237205393747,10.0,0;22.5;45;67.5;90;112.5;135;157.5;180;202.5;225;247.5;270;292.5;315;337.5
val_images,none,test001.png,0,rot60_padded,60.0,True,0,878,878,154401.0,0.20029082894325256,blur,pnp_hqs,wavelet,15.0,fixed10p0,0.4,0.5,0.0,0.15,G16_fixed,False,16,20,adjoint,0.012282432107335364,19.107156278030413,0.3380934881007895,5,0.0068818969912354845,21.622918322197123,0.5266600341804781,10.0,0;22.5;45;67.5;90;112.5;135;157.5;180;202.5;225;247.5;270;292.5;315;337.5
val_images,none,test001.png,0,rot60_padded,60.0,True,0,878,878,154401.0,0.20029082894325256,blur,pnp_hqs,wavelet,15.0,fixed10p0,0.4,0.5,0.0,0.15,G16_fixed,False,16,20,adjoint,0.012282432107335364,19.107156278030413,0.3380934881007895,6,0.006861193399461872,21.636003388523797,0.5279200446402549,10.0,0;22.5;45;67.5;90;112.5;135;157.5;180;202.5;225;247.5;270;292.5;315;337.5
val_images,none,test001.png,0,rot60_padded,60.0,True,0,878,878,154401.0,0.20029082894325256,blur,pnp_hqs,wavelet,15.0,fixed10p0,0.4,0.5,0.0,0.15,G16_fixed,False,16,20,adjoint,0.012282432107335364,19.107156278030413,0.3380934881007895,7,0.006849604700939032,21.643344914498527,0.5286483126728454,10.0,0;22.5;45;67.5;90;112.5;135;157.5;180;202.5;225;247.5;270;292.5;315;337.5
val_images,none,test001.png,0,rot60_padded,60.0,True,0,878,878,154401.0,0.20029082894325256,blur,pnp_hqs,wavelet,15.0,fixed10p0,0.4,0.5,0.0,0.15,G16_fixed,False,16,20,adjoint,0.012282432107335364,19.107156278030413,0.3380934881007895,8,0.00684298733113168,21.64754264040617,0.5290771372108989,10.0,0;22.5;45;67.5;90;112.5;135;157.5;180;202.5;225;247.5;270;292.5;315;337.5
val_images,none,test001.png,0,rot60_padded,60.0,True,0,878,878,154401.0,0.20029082894325256,blur,pnp_hqs,wavelet,15.0,fixed10p0,0.4,0.5,0.0,0.15,G16_fixed,False,16,20,adjoint,0.012282432107335364,19.107156278030413,0.3380934881007895,9,0.006839145777978284,21.649981390807138,0.5293332681621233,10.0,0;22.5;45;67.5;90;112.5;135;157.5;180;202.5;225;247.5;270;292.5;315;337.5
val_images,none,test001.png,0,rot60_padded,60.0,True,0,878,878,154401.0,0.20029082894325256,blur,pnp_hqs,wavelet,15.0,fixed10p0,0.4,0.5,0.0,0.15,G16_fixed,False,16,20,adjoint,0.012282432107335364,19.107156278030413,0.3380934881007895,10,0.006836892551699795,21.651412453991504,0.5294878979896503,10.0,0;22.5;45;67.5;90;112.5;135;157.5;180;202.5;225;247.5;270;292.5;315;337.5
val_images,none,test001.png,0,rot60_padded,60.0,True,0,878,878,154401.0,0.20029082894325256,blur,pnp_hqs,wavelet,15.0,fixed10p0,0.4,0.5,0.0,0.15,G16_fixed,False,16,20,adjoint,0.012282432107335364,19.107156278030413,0.3380934881007895,11,0.006835555637441224,21.652261774433747,0.5295820622923426,10.0,0;22.5;45;67.5;90;112.5;135;157.5;180;202.5;225;247.5;270;292.5;315;337.5
val_images,none,test001.png,0,rot60_padded,60.0,True,0,878,878,154401.0,0.20029082894325256,blur,pnp_hqs,wavelet,15.0,fixed10p0,0.4,0.5,0.0,0.15,G16_fixed,False,16,20,adjoint,0.012282432107335364,19.107156278030413,0.3380934881007895,12,0.006834759497489492,21.652767628446384,0.5296396436875409,10.0,0;22.5;45;67.5;90;112.5;135;157.5;180;202.5;225;247.5;270;292.5;315;337.5
val_images,none,test001.png,0,rot60_padded,60.0,True,0,878,878,154401.0,0.20029082894325256,blur,pnp_hqs,wavelet,15.0,fixed10p0,0.4,0.5,0.0,0.15,G16_fixed,False,16,20,adjoint,0.012282432107335364,19.107156278030413,0.3380934881007895,13,0.0068342803904281706,21.653072073461928,0.529675214619724,10.0,0;22.5;45;67.5;90;112.5;135;157.5;180;202.5;225;247.5;270;292.5;315;337.5
val_images,none,test001.png,0,rot60_padded,60.0,True,0,878,878,154401.0,0.20029082894325256,blur,pnp_hqs,wavelet,15.0,fixed10p0,0.4,0.5,0.0,0.15,G16_fixed,False,16,20,adjoint,0.012282432107335364,19.107156278030413,0.3380934881007895,14,0.0068339926099490935,21.65325495168521,0.529697123885208,10.0,0;22.5;45;67.5;90;112.5;135;157.5;180;202.5;225;247.5;270;292.5;315;337.5
val_images,none,test001.png,0,rot60_padded,60.0,True,0,878,878,154401.0,0.20029082894325256,blur,pnp_hqs,wavelet,15.0,fixed10p0,0.4,0.5,0.0,0.15,G16_fixed,False,16,20,adjoint,0.012282432107335364,19.107156278030413,0.3380934881007895,15,0.006833816304875374,21.653366993521807,0.529710684354376,10.0,0;22.5;45;67.5;90;112.5;135;157.5;180;202.5;225;247.5;270;292.5;315;337.5
val_images,none,test001.png,0,rot60_padded,60.0,True,0,878,878,154401.0,0.20029082894325256,blur,pnp_hqs,wavelet,15.0,fixed10p0,0.4,0.5,0.0,0.15,G16_fixed,False,16,20,adjoint,0.012282432107335364,19.107156278030413,0.3380934881007895,16,0.0068337103637099985,21.653434320500043,0.5297190837494575,10.0,0;22.5;45;67.5;90;112.5;135;157.5;180;202.5;225;247.5;270;292.5;315;337.5
val_images,none,test001.png,0,rot60_padded,60.0,True,0,878,878,154401.0,0.20029082894325256,blur,pnp_hqs,wavelet,15.0,fixed10p0,0.4,0.5,0.0,0.15,G16_fixed,False,16,20,adjoint,0.012282432107335364,19.107156278030413,0.3380934881007895,17,0.006833643952830212,21.653476526003704,0.5297243966198405,10.0,0;22.5;45;67.5;90;112.5;135;157.5;180;202.5;225;247.5;270;292.5;315;337.5
val_images,none,test001.png,0,rot60_padded,60.0,True,0,878,878,154401.0,0.20029082894325256,blur,pnp_hqs,wavelet,15.0,fixed10p0,0.4,0.5,0.0,0.15,G16_fixed,False,16,20,adjoint,0.012282432107335364,19.107156278030413,0.3380934881007895,18,0.006833604422544624,21.653501648522038,0.5297276855396015,10.0,0;22.5;45;67.5;90;112.5;135;157.5;180;202.5;225;247.5;270;292.5;315;337.5
val_images,none,test001.png,0,rot60_padded,60.0,True,0,878,878,154401.0,0.20029082894325256,blur,pnp_hqs,wavelet,15.0,fixed10p0,0.4,0.5,0.0,0.15,G16_fixed,False,16,20,adjoint,0.012282432107335364,19.107156278030413,0.3380934881007895,19,0.006833578332556136,21.653518229463756,0.5297298612865202,10.0,0;22.5;45;67.5;90;112.5;135;157.5;180;202.5;225;247.5;270;292.5;315;337.5
val_images,none,test001.png,0,rot60_padded,60.0,True,0,878,878,154401.0,0.20029082894325256,blur,pnp_hqs,wavelet,15.0,fixed10p0,0.4,0.5,0.0,0.15,G16_fixed,False,16,20,adjoint,0.012282432107335364,19.107156278030413,0.3380934881007895,20,0.006833564892259037,21.65352677118571,0.5297310756568934,10.0,0;22.5;45;67.5;90;112.5;135;157.5;180;202.5;225;247.5;270;292.5;315;337.5
val_images,none,test001.png,0,rot65_padded,65.0,True,0,834,834,154398.0,0.2219778150320053,blur,pnp_hqs,wavelet,15.0,fixed10p0,0.4,0.5,0.0,0.15,vanilla,False,0,20,adjoint,0.012255124729898542,19.11682264238015,0.33702483799984456,1,0.007846038145936152,21.0534958474468,0.48257673553090064,10.0,none
val_images,none,test001.png,0,rot65_padded,65.0,True,0,834,834,154398.0,0.2219778150320053,blur,pnp_hqs,wavelet,15.0,fixed10p0,0.4,0.5,0.0,0.15,vanilla,False,0,20,adjoint,0.012255124729898542,19.11682264238015,0.33702483799984456,2,0.007574527009994058,21.2064448142144,0.4981324138751797,10.0,none
val_images,none,test001.png,0,rot65_padded,65.0,True,0,834,834,154398.0,0.2219778150320053,blur,pnp_hqs,wavelet,15.0,fixed10p0,0.4,0.5,0.0,0.15,vanilla,False,0,20,adjoint,0.012255124729898542,19.11682264238015,0.33702483799984456,3,0.007564041002696764,21.212461256233116,0.5026602311882278,10.0,none
val_images,none,test001.png,0,rot65_padded,65.0,True,0,834,834,154398.0,0.2219778150320053,blur,pnp_hqs,wavelet,15.0,fixed10p0,0.4,0.5,0.0,0.15,vanilla,False,0,20,adjoint,0.012255124729898542,19.11682264238015,0.33702483799984456,4,0.007635116255958627,21.171843457801952,0.5032245195857459,10.0,none
val_images,none,test001.png,0,rot65_padded,65.0,True,0,834,834,154398.0,0.2219778150320053,blur,pnp_hqs,wavelet,15.0,fixed10p0,0.4,0.5,0.0,0.15,vanilla,False,0,20,adjoint,0.012255124729898542,19.11682264238015,0.33702483799984456,5,0.007731853488022837,21.117163840726192,0.5023420599683934,10.0,none
val_images,none,test001.png,0,rot65_padded,65.0,True,0,834,834,154398.0,0.2219778150320053,blur,pnp_hqs,wavelet,15.0,fixed10p0,0.4,0.5,0.0,0.15,vanilla,False,0,20,adjoint,0.012255124729898542,19.11682264238015,0.33702483799984456,6,0.007831721579537947,21.061427602523658,0.5009141856597883,10.0,none
val_images,none,test001.png,0,rot65_padded,65.0,True,0,834,834,154398.0,0.2219778150320053,blur,pnp_hqs,wavelet,15.0,fixed10p0,0.4,0.5,0.0,0.15,vanilla,False,0,20,adjoint,0.012255124729898542,19.11682264238015,0.33702483799984456,7,0.007927066527891796,21.00887496975636,0.4993569783935025,10.0,none
val_images,none,test001.png,0,rot65_padded,65.0,True,0,834,834,154398.0,0.2219778150320053,blur,pnp_hqs,wavelet,15.0,fixed10p0,0.4,0.5,0.0,0.15,vanilla,False,0,20,adjoint,0.012255124729898542,19.11682264238015,0.33702483799984456,8,0.008016848666372783,20.95996314479143,0.4977963809440537,10.0,none
val_images,none,test001.png,0,rot65_padded,65.0,True,0,834,834,154398.0,0.2219778150320053,blur,pnp_hqs,wavelet,15.0,fixed10p0,0.4,0.5,0.0,0.15,vanilla,False,0,20,adjoint,0.012255124729898542,19.11682264238015,0.33702483799984456,9,0.008101343131114474,20.91442972963989,0.4962905830224485,10.0,none
val_images,none,test001.png,0,rot65_padded,65.0,True,0,834,834,154398.0,0.2219778150320053,blur,pnp_hqs,wavelet,15.0,fixed10p0,0.4,0.5,0.0,0.15,vanilla,False,0,20,adjoint,0.012255124729898542,19.11682264238015,0.33702483799984456,10,0.008180300085857654,20.872307643920493,0.4948776356397104,10.0,none
val_images,none,test001.png,0,rot65_padded,65.0,True,0,834,834,154398.0,0.2219778150320053,blur,pnp_hqs,wavelet,15.0,fixed10p0,0.4,0.5,0.0,0.15,vanilla,False,0,20,adjoint,0.012255124729898542,19.11682264238015,0.33702483799984456,11,0.008253684743275091,20.833521234002987,0.49356082777950494,10.0,none
val_images,none,test001.png,0,rot65_padded,65.0,True,0,834,834,154398.0,0.2219778150320053,blur,pnp_hqs,wavelet,15.0,fixed10p0,0.4,0.5,0.0,0.15,vanilla,False,0,20,adjoint,0.012255124729898542,19.11682264238015,0.33702483799984456,12,0.008322778700126864,20.797316529570423,0.4923099513918574,10.0,none
val_images,none,test001.png,0,rot65_padded,65.0,True,0,834,834,154398.0,0.2219778150320053,blur,pnp_hqs,wavelet,15.0,fixed10p0,0.4,0.5,0.0,0.15,vanilla,False,0,20,adjoint,0.012255124729898542,19.11682264238015,0.33702483799984456,13,0.008388944987143616,20.762926536018043,0.49110279318708794,10.0,none
val_images,none,test001.png,0,rot65_padded,65.0,True,0,834,834,154398.0,0.2219778150320053,blur,pnp_hqs,wavelet,15.0,fixed10p0,0.4,0.5,0.0,0.15,vanilla,False,0,20,adjoint,0.012255124729898542,19.11682264238015,0.33702483799984456,14,0.008452825588636997,20.729980919463863,0.4899294862141997,10.0,none
val_images,none,test001.png,0,rot65_padded,65.0,True,0,834,834,154398.0,0.2219778150320053,blur,pnp_hqs,wavelet,15.0,fixed10p0,0.4,0.5,0.0,0.15,vanilla,False,0,20,adjoint,0.012255124729898542,19.11682264238015,0.33702483799984456,15,0.008515081463824419,20.698111927841538,0.48876720998652834,10.0,none
val_images,none,test001.png,0,rot65_padded,65.0,True,0,834,834,154398.0,0.2219778150320053,blur,pnp_hqs,wavelet,15.0,fixed10p0,0.4,0.5,0.0,0.15,vanilla,False,0,20,adjoint,0.012255124729898542,19.11682264238015,0.33702483799984456,16,0.00857640282490301,20.66694828802891,0.4876050349583544,10.0,none
val_images,none,test001.png,0,rot65_padded,65.0,True,0,834,834,154398.0,0.2219778150320053,blur,pnp_hqs,wavelet,15.0,fixed10p0,0.4,0.5,0.0,0.15,vanilla,False,0,20,adjoint,0.012255124729898542,19.11682264238015,0.33702483799984456,17,0.00863730752867589,20.63621617205626,0.486430058193759,10.0,none
val_images,none,test001.png,0,rot65_padded,65.0,True,0,834,834,154398.0,0.2219778150320053,blur,pnp_hqs,wavelet,15.0,fixed10p0,0.4,0.5,0.0,0.15,vanilla,False,0,20,adjoint,0.012255124729898542,19.11682264238015,0.33702483799984456,18,0.008698432815728263,20.605589865527357,0.48523140074677135,10.0,none
val_images,none,test001.png,0,rot65_padded,65.0,True,0,834,834,154398.0,0.2219778150320053,blur,pnp_hqs,wavelet,15.0,fixed10p0,0.4,0.5,0.0,0.15,vanilla,False,0,20,adjoint,0.012255124729898542,19.11682264238015,0.33702483799984456,19,0.008760084656415562,20.574916968414527,0.484002181051568,10.0,none
val_images,none,test001.png,0,rot65_padded,65.0,True,0,834,834,154398.0,0.2219778150320053,blur,pnp_hqs,wavelet,15.0,fixed10p0,0.4,0.5,0.0,0.15,vanilla,False,0,20,adjoint,0.012255124729898542,19.11682264238015,0.33702483799984456,20,0.008822468612216885,20.544098780589827,0.4827395655222218,10.0,none
val_images,none,test001.png,0,rot65_padded,65.0,True,0,834,834,154398.0,0.2219778150320053,blur,pnp_hqs,wavelet,15.0,fixed10p0,0.4,0.5,0.0,0.15,G16_fixed,False,16,20,adjoint,0.012255124729898542,19.11682264238015,0.33702483799984456,1,0.0074908136788729455,21.25471005124115,0.49432366959092733,10.0,0;22.5;45;67.5;90;112.5;135;157.5;180;202.5;225;247.5;270;292.5;315;337.5
val_images,none,test001.png,0,rot65_padded,65.0,True,0,834,834,154398.0,0.2219778150320053,blur,pnp_hqs,wavelet,15.0,fixed10p0,0.4,0.5,0.0,0.15,G16_fixed,False,16,20,adjoint,0.012255124729898542,19.11682264238015,0.33702483799984456,2,0.0071409108822551946,21.46246386836492,0.5111264293417013,10.0,0;22.5;45;67.5;90;112.5;135;157.5;180;202.5;225;247.5;270;292.5;315;337.5
val_images,none,test001.png,0,rot65_padded,65.0,True,0,834,834,154398.0,0.2219778150320053,blur,pnp_hqs,wavelet,15.0,fixed10p0,0.4,0.5,0.0,0.15,G16_fixed,False,16,20,adjoint,0.012255124729898542,19.11682264238015,0.33702483799984456,3,0.006991705663892991,21.55416862873327,0.5190601157398412,10.0,0;22.5;45;67.5;90;112.5;135;157.5;180;202.5;225;247.5;270;292.5;315;337.5
val_images,none,test001.png,0,rot65_padded,65.0,True,0,834,834,154398.0,0.2219778150320053,blur,pnp_hqs,wavelet,15.0,fixed10p0,0.4,0.5,0.0,0.15,G16_fixed,False,16,20,adjoint,0.012255124729898542,19.11682264238015,0.33702483799984456,4,0.006920079347742927,21.59888925761546,0.5231111822206246,10.0,0;22.5;45;67.5;90;112.5;135;157.5;180;202.5;225;247.5;270;292.5;315;337.5
val_images,none,test001.png,0,rot65_padded,65.0,True,0,834,834,154398.0,0.2219778150320053,blur,pnp_hqs,wavelet,15.0,fixed10p0,0.4,0.5,0.0,0.15,G16_fixed,False,16,20,adjoint,0.012255124729898542,19.11682264238015,0.33702483799984456,5,0.0068830585159781865,21.62218538297726,0.5252929927848806,10.0,0;22.5;45;67.5;90;112.5;135;157.5;180;202.5;225;247.5;270;292.5;315;337.5
val_images,none,test001.png,0,rot65_padded,65.0,True,0,834,834,154398.0,0.2219778150320053,blur,pnp_hqs,wavelet,15.0,fixed10p0,0.4,0.5,0.0,0.15,G16_fixed,False,16,20,adjoint,0.012255124729898542,19.11682264238015,0.33702483799984456,6,0.00686301231866062,21.63485221578288,0.5265117889318515,10.0,0;22.5;45;67.5;90;112.5;135;157.5;180;202.5;225;247.5;270;292.5;315;337.5
val_images,none,test001.png,0,rot65_padded,65.0,True,0,834,834,154398.0,0.2219778150320053,blur,pnp_hqs,wavelet,15.0,fixed10p0,0.4,0.5,0.0,0.15,G16_fixed,False,16,20,adjoint,0.012255124729898542,19.11682264238015,0.33702483799984456,7,0.006851817124260434,21.641942369185013,0.5272111786584023,10.0,0;22.5;45;67.5;90;112.5;135;157.5;180;202.5;225;247.5;270;292.5;315;337.5
val_images,none,test001.png,0,rot65_padded,65.0,True,0,834,834,154398.0,0.2219778150320053,blur,pnp_hqs,wavelet,15.0,fixed10p0,0.4,0.5,0.0,0.15,G16_fixed,False,16,20,adjoint,0.012255124729898542,19.11682264238015,0.33702483799984456,8,0.006845428905986882,21.64599335598985,0.527620480025648,10.0,0;22.5;45;67.5;90;112.5;135;157.5;180;202.5;225;247.5;270;292.5;315;337.5
val_images,none,test001.png,0,rot65_padded,65.0,True,0,834,834,154398.0,0.2219778150320053,blur,pnp_hqs,wavelet,15.0,fixed10p0,0.4,0.5,0.0,0.15,G16_fixed,False,16,20,adjoint,0.012255124729898542,19.11682264238015,0.33702483799984456,9,0.006841726427499871,21.648342954538734,0.5278635106186609,10.0,0;22.5;45;67.5;90;112.5;135;157.5;180;202.5;225;247.5;270;292.5;315;337.5
val_images,none,test001.png,0,rot65_padded,65.0,True,0,834,834,154398.0,0.2219778150320053,blur,pnp_hqs,wavelet,15.0,fixed10p0,0.4,0.5,0.0,0.15,G16_fixed,False,16,20,adjoint,0.012255124729898542,19.11682264238015,0.33702483799984456,10,0.0068395553820321505,21.649721294796077,0.5280094402939157,10.0,0;22.5;45;67.5;90;112.5;135;157.5;180;202.5;225;247.5;270;292.5;315;337.5
val_images,none,test001.png,0,rot65_padded,65.0,True,0,834,834,154398.0,0.2219778150320053,blur,pnp_hqs,wavelet,15.0,fixed10p0,0.4,0.5,0.0,0.15,G16_fixed,False,16,20,adjoint,0.012255124729898542,19.11682264238015,0.33702483799984456,11,0.006838270622787779,21.650537161077526,0.5280978886546458,10.0,0;22.5;45;67.5;90;112.5;135;157.5;180;202.5;225;247.5;270;292.5;315;337.5
val_images,none,test001.png,0,rot65_padded,65.0,True,0,834,834,154398.0,0.2219778150320053,blur,pnp_hqs,wavelet,15.0,fixed10p0,0.4,0.5,0.0,0.15,G16_fixed,False,16,20,adjoint,0.012255124729898542,19.11682264238015,0.33702483799984456,12,0.0068375053015886705,21.65102323919966,0.5281517773870128,10.0,0;22.5;45;67.5;90;112.5;135;157.5;180;202.5;225;247.5;270;292.5;315;337.5
val_images,none,test001.png,0,rot65_padded,65.0,True,0,834,834,154398.0,0.2219778150320053,blur,pnp_hqs,wavelet,15.0,fixed10p0,0.4,0.5,0.0,0.15,G16_fixed,False,16,20,adjoint,0.012255124729898542,19.11682264238015,0.33702483799984456,13,0.006837047531987137,21.651314008213355,0.5281848190229148,10.0,0;22.5;45;67.5;90;112.5;135;157.5;180;202.5;225;247.5;270;292.5;315;337.5
val_images,none,test001.png,0,rot65_padded,65.0,True,0,834,834,154398.0,0.2219778150320053,blur,pnp_hqs,wavelet,15.0,fixed10p0,0.4,0.5,0.0,0.15,G16_fixed,False,16,20,adjoint,0.012255124729898542,19.11682264238015,0.33702483799984456,14,0.006836768442748206,21.65149129144821,0.5282052107216415,10.0,0;22.5;45;67.5;90;112.5;135;157.5;180;202.5;225;247.5;270;292.5;315;337.5
val_images,none,test001.png,0,rot65_padded,65.0,True,0,834,834,154398.0,0.2219778150320053,blur,pnp_hqs,wavelet,15.0,fixed10p0,0.4,0.5,0.0,0.15,G16_fixed,False,16,20,adjoint,0.012255124729898542,19.11682264238015,0.33702483799984456,15,0.00683660241232278,21.651596760828596,0.5282177594593194,10.0,0;22.5;45;67.5;90;112.5;135;157.5;180;202.5;225;247.5;270;292.5;315;337.5
val_images,none,test001.png,0,rot65_padded,65.0,True,0,834,834,154398.0,0.2219778150320053,blur,pnp_hqs,wavelet,15.0,fixed10p0,0.4,0.5,0.0,0.15,G16_fixed,False,16,20,adjoint,0.012255124729898542,19.11682264238015,0.33702483799984456,16,0.0068364996315832295,21.651662052681008,0.5282255012208708,10.0,0;22.5;45;67.5;90;112.5;135;157.5;180;202.5;225;247.5;270;292.5;315;337.5
val_images,none,test001.png,0,rot65_padded,65.0,True,0,834,834,154398.0,0.2219778150320053,blur,pnp_hqs,wavelet,15.0,fixed10p0,0.4,0.5,0.0,0.15,G16_fixed,False,16,20,adjoint,0.012255124729898542,19.11682264238015,0.33702483799984456,17,0.0068364371725184265,21.651701730516983,0.5282303587967461,10.0,0;22.5;45;67.5;90;112.5;135;157.5;180;202.5;225;247.5;270;292.5;315;337.5
val_images,none,test001.png,0,rot65_padded,65.0,True,0,834,834,154398.0,0.2219778150320053,blur,pnp_hqs,wavelet,15.0,fixed10p0,0.4,0.5,0.0,0.15,G16_fixed,False,16,20,adjoint,0.012255124729898542,19.11682264238015,0.33702483799984456,18,0.0068364000133279736,21.651725336490117,0.5282333441819195,10.0,0;22.5;45;67.5;90;112.5;135;157.5;180;202.5;225;247.5;270;292.5;315;337.5
val_images,none,test001.png,0,rot65_padded,65.0,True,0,834,834,154398.0,0.2219778150320053,blur,pnp_hqs,wavelet,15.0,fixed10p0,0.4,0.5,0.0,0.15,G16_fixed,False,16,20,adjoint,0.012255124729898542,19.11682264238015,0.33702483799984456,19,0.006836377085316843,21.65173990194181,0.5282352669723701,10.0,0;22.5;45;67.5;90;112.5;135;157.5;180;202.5;225;247.5;270;292.5;315;337.5
val_images,none,test001.png,0,rot65_padded,65.0,True,0,834,834,154398.0,0.2219778150320053,blur,pnp_hqs,wavelet,15.0,fixed10p0,0.4,0.5,0.0,0.15,G16_fixed,False,16,20,adjoint,0.012255124729898542,19.11682264238015,0.33702483799984456,20,0.006836363644758594,21.651748440332753,0.5282364813663389,10.0,0;22.5;45;67.5;90;112.5;135;157.5;180;202.5;225;247.5;270;292.5;315;337.5
val_images,none,test001.png,0,rot70_padded,70.0,True,0,788,788,154399.0,0.24865205585956573,blur,pnp_hqs,wavelet,15.0,fixed10p0,0.4,0.5,0.0,0.15,vanilla,False,0,20,adjoint,0.01224161516362436,19.121612774214903,0.3358573758168771,1,0.007830388476548586,21.062166914495556,0.48268467574271856,10.0,none
val_images,none,test001.png,0,rot70_padded,70.0,True,0,788,788,154399.0,0.24865205585956573,blur,pnp_hqs,wavelet,15.0,fixed10p0,0.4,0.5,0.0,0.15,vanilla,False,0,20,adjoint,0.01224161516362436,19.121612774214903,0.3358573758168771,2,0.007526835434541756,21.233875792031025,0.4997338470456415,10.0,none
val_images,none,test001.png,0,rot70_padded,70.0,True,0,788,788,154399.0,0.24865205585956573,blur,pnp_hqs,wavelet,15.0,fixed10p0,0.4,0.5,0.0,0.15,vanilla,False,0,20,adjoint,0.01224161516362436,19.121612774214903,0.3358573758168771,3,0.007480617607171598,21.260625448743205,0.5058128108828425,10.0,none
val_images,none,test001.png,0,rot70_padded,70.0,True,0,788,788,154399.0,0.24865205585956573,blur,pnp_hqs,wavelet,15.0,fixed10p0,0.4,0.5,0.0,0.15,vanilla,False,0,20,adjoint,0.01224161516362436,19.121612774214903,0.3358573758168771,4,0.007517899893042944,21.2390346156827,0.5077786995867849,10.0,none
val_images,none,test001.png,0,rot70_padded,70.0,True,0,788,788,154399.0,0.24865205585956573,blur,pnp_hqs,wavelet,15.0,fixed10p0,0.4,0.5,0.0,0.15,vanilla,False,0,20,adjoint,0.01224161516362436,19.121612774214903,0.3358573758168771,5,0.0075848136742101635,21.200550834673997,0.5079562023555853,10.0,none
val_images,none,test001.png,0,rot70_padded,70.0,True,0,788,788,154399.0,0.24865205585956573,blur,pnp_hqs,wavelet,15.0,fixed10p0,0.4,0.5,0.0,0.15,vanilla,False,0,20,adjoint,0.01224161516362436,19.121612774214903,0.3358573758168771,6,0.007661383248009216,21.15692812254695,0.5073027614330403,10.0,none
val_images,none,test001.png,0,rot70_padded,70.0,True,0,788,788,154399.0,0.24865205585956573,blur,pnp_hqs,wavelet,15.0,fixed10p0,0.4,0.5,0.0,0.15,vanilla,False,0,20,adjoint,0.01224161516362436,19.121612774214903,0.3358573758168771,7,0.0077405863635471245,21.112261394711908,0.5062376436213966,10.0,none
val_images,none,test001.png,0,rot70_padded,70.0,True,0,788,788,154399.0,0.24865205585956573,blur,pnp_hqs,wavelet,15.0,fixed10p0,0.4,0.5,0.0,0.15,vanilla,False,0,20,adjoint,0.01224161516362436,19.121612774214903,0.3358573758168771,8,0.007819341199839782,21.068298358566253,0.504941033458766,10.0,none
val_images,none,test001.png,0,rot70_padded,70.0,True,0,788,788,154399.0,0.24865205585956573,blur,pnp_hqs,wavelet,15.0,fixed10p0,0.4,0.5,0.0,0.15,vanilla,False,0,20,adjoint,0.01224161516362436,19.121612774214903,0.3358573758168771,9,0.007896675299265216,21.02555719228489,0.5035204547147326,10.0,none
val_images,none,test001.png,0,rot70_padded,70.0,True,0,788,788,154399.0,0.24865205585956573,blur,pnp_hqs,wavelet,15.0,fixed10p0,0.4,0.5,0.0,0.15,vanilla,False,0,20,adjoint,0.01224161516362436,19.121612774214903,0.3358573758168771,10,0.007972339617798285,20.984142088433366,0.5020219022629681,10.0,none
val_images,none,test001.png,0,rot70_padded,70.0,True,0,788,788,154399.0,0.24865205585956573,blur,pnp_hqs,wavelet,15.0,fixed10p0,0.4,0.5,0.0,0.15,vanilla,False,0,20,adjoint,0.01224161516362436,19.121612774214903,0.3358573758168771,11,0.008046701791857055,20.94382093186617,0.5004700180214898,10.0,none
val_images,none,test001.png,0,rot70_padded,70.0,True,0,788,788,154399.0,0.24865205585956573,blur,pnp_hqs,wavelet,15.0,fixed10p0,0.4,0.5,0.0,0.15,vanilla,False,0,20,adjoint,0.01224161516362436,19.121612774214903,0.3358573758168771,12,0.008120792784644006,20.904015711049322,0.49886196842272296,10.0,none
val_images,none,test001.png,0,rot70_padded,70.0,True,0,788,788,154399.0,0.24865205585956573,blur,pnp_hqs,wavelet,15.0,fixed10p0,0.4,0.5,0.0,0.15,vanilla,False,0,20,adjoint,0.01224161516362436,19.121612774214903,0.3358573758168771,13,0.008194859268336421,20.864585002398787,0.4972090371375462,10.0,none
val_images,none,test001.png,0,rot70_padded,70.0,True,0,788,788,154399.0,0.24865205585956573,blur,pnp_hqs,wavelet,15.0,fixed10p0,0.4,0.5,0.0,0.15,vanilla,False,0,20,adjoint,0.01224161516362436,19.121612774214903,0.3358573758168771,14,0.008268980304529579,20.825480424933996,0.49551932007331656,10.0,none
val_images,none,test001.png,0,rot70_padded,70.0,True,0,788,788,154399.0,0.24865205585956573,blur,pnp_hqs,wavelet,15.0,fixed10p0,0.4,0.5,0.0,0.15,vanilla,False,0,20,adjoint,0.01224161516362436,19.121612774214903,0.3358573758168771,15,0.0083432729043845,20.78663550623313,0.4938013685321796,10.0,none
val_images,none,test001.png,0,rot70_padded,70.0,True,0,788,788,154399.0,0.24865205585956573,blur,pnp_hqs,wavelet,15.0,fixed10p0,0.4,0.5,0.0,0.15,vanilla,False,0,20,adjoint,0.01224161516362436,19.121612774214903,0.3358573758168771,16,0.00841824543395885,20.747784165471124,0.4920535127332431,10.0,none
val_images,none,test001.png,0,rot70_padded,70.0,True,0,788,788,154399.0,0.24865205585956573,blur,pnp_hqs,wavelet,15.0,fixed10p0,0.4,0.5,0.0,0.15,vanilla,False,0,20,adjoint,0.01224161516362436,19.121612774214903,0.3358573758168771,17,0.008494157215285155,20.708797050713876,0.4902733745037209,10.0,none
val_images,none,test001.png,0,rot70_padded,70.0,True,0,788,788,154399.0,0.24865205585956573,blur,pnp_hqs,wavelet,15.0,fixed10p0,0.4,0.5,0.0,0.15,vanilla,False,0,20,adjoint,0.01224161516362436,19.121612774214903,0.3358573758168771,18,0.00857093788354361,20.669716523637014,0.48846920154923285,10.0,none
val_images,none,test001.png,0,rot70_padded,70.0,True,0,788,788,154399.0,0.24865205585956573,blur,pnp_hqs,wavelet,15.0,fixed10p0,0.4,0.5,0.0,0.15,vanilla,False,0,20,adjoint,0.01224161516362436,19.121612774214903,0.3358573758168771,19,0.008648620644604239,20.63053151980842,0.4866423094547245,10.0,none
val_images,none,test001.png,0,rot70_padded,70.0,True,0,788,788,154399.0,0.24865205585956573,blur,pnp_hqs,wavelet,15.0,fixed10p0,0.4,0.5,0.0,0.15,vanilla,False,0,20,adjoint,0.01224161516362436,19.121612774214903,0.3358573758168771,20,0.008727251354192304,20.591225157066233,0.48479593658313846,10.0,none
val_images,none,test001.png,0,rot70_padded,70.0,True,0,788,788,154399.0,0.24865205585956573,blur,pnp_hqs,wavelet,15.0,fixed10p0,0.4,0.5,0.0,0.15,G16_fixed,False,16,20,adjoint,0.01224161516362436,19.121612774214903,0.3358573758168771,1,0.007498043573387781,21.250520400911974,0.4933747142144703,10.0,0;22.5;45;67.5;90;112.5;135;157.5;180;202.5;225;247.5;270;292.5;315;337.5
val_images,none,test001.png,0,rot70_padded,70.0,True,0,788,788,154399.0,0.24865205585956573,blur,pnp_hqs,wavelet,15.0,fixed10p0,0.4,0.5,0.0,0.15,G16_fixed,False,16,20,adjoint,0.01224161516362436,19.121612774214903,0.3358573758168771,2,0.007150632692629972,21.456555298406748,0.5099968770037371,10.0,0;22.5;45;67.5;90;112.5;135;157.5;180;202.5;225;247.5;270;292.5;315;337.5
val_images,none,test001.png,0,rot70_padded,70.0,True,0,788,788,154399.0,0.24865205585956573,blur,pnp_hqs,wavelet,15.0,fixed10p0,0.4,0.5,0.0,0.15,G16_fixed,False,16,20,adjoint,0.01224161516362436,19.121612774214903,0.3358573758168771,3,0.007002558230825653,21.54743271048327,0.5179115878341181,10.0,0;22.5;45;67.5;90;112.5;135;157.5;180;202.5;225;247.5;270;292.5;315;337.5
val_images,none,test001.png,0,rot70_padded,70.0,True,0,788,788,154399.0,0.24865205585956573,blur,pnp_hqs,wavelet,15.0,fixed10p0,0.4,0.5,0.0,0.15,G16_fixed,False,16,20,adjoint,0.01224161516362436,19.121612774214903,0.3358573758168771,4,0.006930492796109836,21.59235883566826,0.5220604367580101,10.0,0;22.5;45;67.5;90;112.5;135;157.5;180;202.5;225;247.5;270;292.5;315;337.5
val_images,none,test001.png,0,rot70_padded,70.0,True,0,788,788,154399.0,0.24865205585956573,blur,pnp_hqs,wavelet,15.0,fixed10p0,0.4,0.5,0.0,0.15,G16_fixed,False,16,20,adjoint,0.01224161516362436,19.121612774214903,0.3358573758168771,5,0.006892206427978403,21.61641723506459,0.5243864921404932,10.0,0;22.5;45;67.5;90;112.5;135;157.5;180;202.5;225;247.5;270;292.5;315;337.5
val_images,none,test001.png,0,rot70_padded,70.0,True,0,788,788,154399.0,0.24865205585956573,blur,pnp_hqs,wavelet,15.0,fixed10p0,0.4,0.5,0.0,0.15,G16_fixed,False,16,20,adjoint,0.01224161516362436,19.121612774214903,0.3358573758168771,6,0.006870609962611076,21.630047052058146,0.5257548522820744,10.0,0;22.5;45;67.5;90;112.5;135;157.5;180;202.5;225;247.5;270;292.5;315;337.5
val_images,none,test001.png,0,rot70_padded,70.0,True,0,788,788,154399.0,0.24865205585956573,blur,pnp_hqs,wavelet,15.0,fixed10p0,0.4,0.5,0.0,0.15,G16_fixed,False,16,20,adjoint,0.01224161516362436,19.121612774214903,0.3358573758168771,7,0.006857882627002523,21.638099521288233,0.5265900463247819,10.0,0;22.5;45;67.5;90;112.5;135;157.5;180;202.5;225;247.5;270;292.5;315;337.5
val_images,none,test001.png,0,rot70_padded,70.0,True,0,788,788,154399.0,0.24865205585956573,blur,pnp_hqs,wavelet,15.0,fixed10p0,0.4,0.5,0.0,0.15,G16_fixed,False,16,20,adjoint,0.01224161516362436,19.121612774214903,0.3358573758168771,8,0.006850131428201041,21.643010959535722,0.5271145093232469,10.0,0;22.5;45;67.5;90;112.5;135;157.5;180;202.5;225;247.5;270;292.5;315;337.5
val_images,none,test001.png,0,rot70_padded,70.0,True,0,788,788,154399.0,0.24865205585956573,blur,pnp_hqs,wavelet,15.0,fixed10p0,0.4,0.5,0.0,0.15,G16_fixed,False,16,20,adjoint,0.01224161516362436,19.121612774214903,0.3358573758168771,9,0.006845275465018798,21.646090704619887,0.5274522098588721,10.0,0;22.5;45;67.5;90;112.5;135;157.5;180;202.5;225;247.5;270;292.5;315;337.5
val_images,none,test001.png,0,rot70_padded,70.0,True,0,788,788,154399.0,0.24865205585956573,blur,pnp_hqs,wavelet,15.0,fixed10p0,0.4,0.5,0.0,0.15,G16_fixed,False,16,20,adjoint,0.01224161516362436,19.121612774214903,0.3358573758168771,10,0.006842171506788014,21.64806043930828,0.5276732787291368,10.0,0;22.5;45;67.5;90;112.5;135;157.5;180;202.5;225;247.5;270;292.5;315;337.5
val_images,none,test001.png,0,rot70_padded,70.0,True,0,788,788,154399.0,0.24865205585956573,blur,pnp_hqs,wavelet,15.0,fixed10p0,0.4,0.5,0.0,0.15,G16_fixed,False,16,20,adjoint,0.01224161516362436,19.121612774214903,0.3358573758168771,11,0.006840153064260455,21.64934179826679,0.5278202194476648,10.0,0;22.5;45;67.5;90;112.5;135;157.5;180;202.5;225;247.5;270;292.5;315;337.5
val_images,none,test001.png,0,rot70_padded,70.0,True,0,788,788,154399.0,0.24865205585956573,blur,pnp_hqs,wavelet,15.0,fixed10p0,0.4,0.5,0.0,0.15,G16_fixed,False,16,20,adjoint,0.01224161516362436,19.121612774214903,0.3358573758168771,12,0.006838822457611853,21.650186708217788,0.5279191413156821,10.0,0;22.5;45;67.5;90;112.5;135;157.5;180;202.5;225;247.5;270;292.5;315;337.5
val_images,none,test001.png,0,rot70_padded,70.0,True,0,788,788,154399.0,0.24865205585956573,blur,pnp_hqs,wavelet,15.0,fixed10p0,0.4,0.5,0.0,0.15,G16_fixed,False,16,20,adjoint,0.01224161516362436,19.121612774214903,0.3358573758168771,13,0.006837935386512785,21.650750072851878,0.5279861855484815,10.0,0;22.5;45;67.5;90;112.5;135;157.5;180;202.5;225;247.5;270;292.5;315;337.5
val_images,none,test001.png,0,rot70_padded,70.0,True,0,788,788,154399.0,0.24865205585956573,blur,pnp_hqs,wavelet,15.0,fixed10p0,0.4,0.5,0.0,0.15,G16_fixed,False,16,20,adjoint,0.01224161516362436,19.121612774214903,0.3358573758168771,14,0.006837339262084356,21.6511287029805,0.5280319274250481,10.0,0;22.5;45;67.5;90;112.5;135;157.5;180;202.5;225;247.5;270;292.5;315;337.5
val_images,none,test001.png,0,rot70_padded,70.0,True,0,788,788,154399.0,0.24865205585956573,blur,pnp_hqs,wavelet,15.0,fixed10p0,0.4,0.5,0.0,0.15,G16_fixed,False,16,20,adjoint,0.01224161516362436,19.121612774214903,0.3358573758168771,15,0.006836936047948416,21.65138482430371,0.528063552063161,10.0,0;22.5;45;67.5;90;112.5;135;157.5;180;202.5;225;247.5;270;292.5;315;337.5
val_images,none,test001.png,0,rot70_padded,70.0,True,0,788,788,154399.0,0.24865205585956573,blur,pnp_hqs,wavelet,15.0,fixed10p0,0.4,0.5,0.0,0.15,G16_fixed,False,16,20,adjoint,0.01224161516362436,19.121612774214903,0.3358573758168771,16,0.00683666012298088,21.651560100345712,0.5280853098141828,10.0,0;22.5;45;67.5;90;112.5;135;157.5;180;202.5;225;247.5;270;292.5;315;337.5
val_images,none,test001.png,0,rot70_padded,70.0,True,0,788,788,154399.0,0.24865205585956573,blur,pnp_hqs,wavelet,15.0,fixed10p0,0.4,0.5,0.0,0.15,G16_fixed,False,16,20,adjoint,0.01224161516362436,19.121612774214903,0.3358573758168771,17,0.0068364711657681555,21.65168013587097,0.5281005402398979,10.0,0;22.5;45;67.5;90;112.5;135;157.5;180;202.5;225;247.5;270;292.5;315;337.5
val_images,none,test001.png,0,rot70_padded,70.0,True,0,788,788,154399.0,0.24865205585956573,blur,pnp_hqs,wavelet,15.0,fixed10p0,0.4,0.5,0.0,0.15,G16_fixed,False,16,20,adjoint,0.01224161516362436,19.121612774214903,0.3358573758168771,18,0.006836339923519987,21.651763509778206,0.528110811922357,10.0,0;22.5;45;67.5;90;112.5;135;157.5;180;202.5;225;247.5;270;292.5;315;337.5
val_images,none,test001.png,0,rot70_padded,70.0,True,0,788,788,154399.0,0.24865205585956573,blur,pnp_hqs,wavelet,15.0,fixed10p0,0.4,0.5,0.0,0.15,G16_fixed,False,16,20,adjoint,0.01224161516362436,19.121612774214903,0.3358573758168771,19,0.0068362505839173185,21.65182026522105,0.5281184018355041,10.0,0;22.5;45;67.5;90;112.5;135;157.5;180;202.5;225;247.5;270;292.5;315;337.5
val_images,none,test001.png,0,rot70_padded,70.0,True,0,788,788,154399.0,0.24865205585956573,blur,pnp_hqs,wavelet,15.0,fixed10p0,0.4,0.5,0.0,0.15,G16_fixed,False,16,20,adjoint,0.01224161516362436,19.121612774214903,0.3358573758168771,20,0.006836186544025139,21.651860948782492,0.5281236135758651,10.0,0;22.5;45;67.5;90;112.5;135;157.5;180;202.5;225;247.5;270;292.5;315;337.5
val_images,none,test001.png,0,rot75_padded,75.0,True,0,740,740,154404.0,0.2819649279117584,blur,pnp_hqs,wavelet,15.0,fixed10p0,0.4,0.5,0.0,0.15,vanilla,False,0,20,adjoint,0.012142037607864352,19.15708426308839,0.33721544819110905,1,0.0077678561534897895,21.096988253662786,0.4842898945299345,10.0,none
val_images,none,test001.png,0,rot75_padded,75.0,True,0,740,740,154404.0,0.2819649279117584,blur,pnp_hqs,wavelet,15.0,fixed10p0,0.4,0.5,0.0,0.15,vanilla,False,0,20,adjoint,0.012142037607864352,19.15708426308839,0.33721544819110905,2,0.0074432950968421315,21.282347626298353,0.5021861783859226,10.0,none
val_images,none,test001.png,0,rot75_padded,75.0,True,0,740,740,154404.0,0.2819649279117584,blur,pnp_hqs,wavelet,15.0,fixed10p0,0.4,0.5,0.0,0.15,vanilla,False,0,20,adjoint,0.012142037607864352,19.15708426308839,0.33721544819110905,3,0.007382003789318524,21.318257362089472,0.5084936979450014,10.0,none
val_images,none,test001.png,0,rot75_padded,75.0,True,0,740,740,154404.0,0.2819649279117584,blur,pnp_hqs,wavelet,15.0,fixed10p0,0.4,0.5,0.0,0.15,vanilla,False,0,20,adjoint,0.012142037607864352,19.15708426308839,0.33721544819110905,4,0.007407174604902156,21.303474178633554,0.5104789525368514,10.0,none
val_images,none,test001.png,0,rot75_padded,75.0,True,0,740,740,154404.0,0.2819649279117584,blur,pnp_hqs,wavelet,15.0,fixed10p0,0.4,0.5,0.0,0.15,vanilla,False,0,20,adjoint,0.012142037607864352,19.15708426308839,0.33721544819110905,5,0.0074641350584849645,21.27020510924996,0.510603321886091,10.0,none
val_images,none,test001.png,0,rot75_padded,75.0,True,0,740,740,154404.0,0.2819649279117584,blur,pnp_hqs,wavelet,15.0,fixed10p0,0.4,0.5,0.0,0.15,vanilla,False,0,20,adjoint,0.012142037607864352,19.15708426308839,0.33721544819110905,6,0.007534208243623465,21.229623801764603,0.5098535133480998,10.0,none
val_images,none,test001.png,0,rot75_padded,75.0,True,0,740,740,154404.0,0.2819649279117584,blur,pnp_hqs,wavelet,15.0,fixed10p0,0.4,0.5,0.0,0.15,vanilla,False,0,20,adjoint,0.012142037607864352,19.15708426308839,0.33721544819110905,7,0.007607980601012604,21.18730603442346,0.5086987201594518,10.0,none
val_images,none,test001.png,0,rot75_padded,75.0,True,0,740,740,154404.0,0.2819649279117584,blur,pnp_hqs,wavelet,15.0,fixed10p0,0.4,0.5,0.0,0.15,vanilla,False,0,20,adjoint,0.012142037607864352,19.15708426308839,0.33721544819110905,8,0.0076829348909759464,21.14472847224466,0.5073013106039999,10.0,none
val_images,none,test001.png,0,rot75_padded,75.0,True,0,740,740,154404.0,0.2819649279117584,blur,pnp_hqs,wavelet,15.0,fixed10p0,0.4,0.5,0.0,0.15,vanilla,False,0,20,adjoint,0.012142037607864352,19.15708426308839,0.33721544819110905,9,0.00775761800844902,21.102716092303044,0.5057603045419807,10.0,none
val_images,none,test001.png,0,rot75_padded,75.0,True,0,740,740,154404.0,0.2819649279117584,blur,pnp_hqs,wavelet,15.0,fixed10p0,0.4,0.5,0.0,0.15,vanilla,False,0,20,adjoint,0.012142037607864352,19.15708426308839,0.33721544819110905,10,0.007832048137009889,21.06124651953958,0.5041288802427398,10.0,none
val_images,none,test001.png,0,rot75_padded,75.0,True,0,740,740,154404.0,0.2819649279117584,blur,pnp_hqs,wavelet,15.0,fixed10p0,0.4,0.5,0.0,0.15,vanilla,False,0,20,adjoint,0.012142037607864352,19.15708426308839,0.33721544819110905,11,0.007906338331078696,21.020246050984575,0.5024303126861999,10.0,none
val_images,none,test001.png,0,rot75_padded,75.0,True,0,740,740,154404.0,0.2819649279117584,blur,pnp_hqs,wavelet,15.0,fixed10p0,0.4,0.5,0.0,0.15,vanilla,False,0,20,adjoint,0.012142037607864352,19.15708426308839,0.33721544819110905,12,0.007981115528803496,20.979364026160766,0.5006694086616927,10.0,none
val_images,none,test001.png,0,rot75_padded,75.0,True,0,740,740,154404.0,0.2819649279117584,blur,pnp_hqs,wavelet,15.0,fixed10p0,0.4,0.5,0.0,0.15,vanilla,False,0,20,adjoint,0.012142037607864352,19.15708426308839,0.33721544819110905,13,0.008056242167463278,20.938674875373245,0.49886119571060333,10.0,none
val_images,none,test001.png,0,rot75_padded,75.0,True,0,740,740,154404.0,0.2819649279117584,blur,pnp_hqs,wavelet,15.0,fixed10p0,0.4,0.5,0.0,0.15,vanilla,False,0,20,adjoint,0.012142037607864352,19.15708426308839,0.33721544819110905,14,0.008132169674148258,20.897935685758625,0.4970111889912178,10.0,none
val_images,none,test001.png,0,rot75_padded,75.0,True,0,740,740,154404.0,0.2819649279117584,blur,pnp_hqs,wavelet,15.0,fixed10p0,0.4,0.5,0.0,0.15,vanilla,False,0,20,adjoint,0.012142037607864352,19.15708426308839,0.33721544819110905,15,0.008209089371723287,20.857050161777615,0.495122120783788,10.0,none
val_images,none,test001.png,0,rot75_padded,75.0,True,0,740,740,154404.0,0.2819649279117584,blur,pnp_hqs,wavelet,15.0,fixed10p0,0.4,0.5,0.0,0.15,vanilla,False,0,20,adjoint,0.012142037607864352,19.15708426308839,0.33721544819110905,16,0.00828707636627168,20.815986590689842,0.4932018337445921,10.0,none
val_images,none,test001.png,0,rot75_padded,75.0,True,0,740,740,154404.0,0.2819649279117584,blur,pnp_hqs,wavelet,15.0,fixed10p0,0.4,0.5,0.0,0.15,vanilla,False,0,20,adjoint,0.012142037607864352,19.15708426308839,0.33721544819110905,17,0.008366134610745188,20.77475151919682,0.4912524023827103,10.0,none
val_images,none,test001.png,0,rot75_padded,75.0,True,0,740,740,154404.0,0.2819649279117584,blur,pnp_hqs,wavelet,15.0,fixed10p0,0.4,0.5,0.0,0.15,vanilla,False,0,20,adjoint,0.012142037607864352,19.15708426308839,0.33721544819110905,18,0.008446306006432395,20.733331883032985,0.48927843109634467,10.0,none
val_images,none,test001.png,0,rot75_padded,75.0,True,0,740,740,154404.0,0.2819649279117584,blur,pnp_hqs,wavelet,15.0,fixed10p0,0.4,0.5,0.0,0.15,vanilla,False,0,20,adjoint,0.012142037607864352,19.15708426308839,0.33721544819110905,19,0.00852737867511933,20.691844508828666,0.4872844230881324,10.0,none
val_images,none,test001.png,0,rot75_padded,75.0,True,0,740,740,154404.0,0.2819649279117584,blur,pnp_hqs,wavelet,15.0,fixed10p0,0.4,0.5,0.0,0.15,vanilla,False,0,20,adjoint,0.012142037607864352,19.15708426308839,0.33721544819110905,20,0.008609304390794603,20.65031936983459,0.4852786763943939,10.0,none
val_images,none,test001.png,0,rot75_padded,75.0,True,0,740,740,154404.0,0.2819649279117584,blur,pnp_hqs,wavelet,15.0,fixed10p0,0.4,0.5,0.0,0.15,G16_fixed,False,16,20,adjoint,0.012142037607864352,19.15708426308839,0.33721544819110905,1,0.0074841670367894455,21.258565281807943,0.49359593987202405,10.0,0;22.5;45;67.5;90;112.5;135;157.5;180;202.5;225;247.5;270;292.5;315;337.5
val_images,none,test001.png,0,rot75_padded,75.0,True,0,740,740,154404.0,0.2819649279117584,blur,pnp_hqs,wavelet,15.0,fixed10p0,0.4,0.5,0.0,0.15,G16_fixed,False,16,20,adjoint,0.012142037607864352,19.15708426308839,0.33721544819110905,2,0.007141488811666553,21.46211239864023,0.51036242584389,10.0,0;22.5;45;67.5;90;112.5;135;157.5;180;202.5;225;247.5;270;292.5;315;337.5
val_images,none,test001.png,0,rot75_padded,75.0,True,0,740,740,154404.0,0.2819649279117584,blur,pnp_hqs,wavelet,15.0,fixed10p0,0.4,0.5,0.0,0.15,G16_fixed,False,16,20,adjoint,0.012142037607864352,19.15708426308839,0.33721544819110905,3,0.006997672520981889,21.550463856110905,0.5182463193149142,10.0,0;22.5;45;67.5;90;112.5;135;157.5;180;202.5;225;247.5;270;292.5;315;337.5
val_images,none,test001.png,0,rot75_padded,75.0,True,0,740,740,154404.0,0.2819649279117584,blur,pnp_hqs,wavelet,15.0,fixed10p0,0.4,0.5,0.0,0.15,G16_fixed,False,16,20,adjoint,0.012142037607864352,19.15708426308839,0.33721544819110905,4,0.006928566227842219,21.593566274025484,0.522332393833709,10.0,0;22.5;45;67.5;90;112.5;135;157.5;180;202.5;225;247.5;270;292.5;315;337.5
val_images,none,test001.png,0,rot75_padded,75.0,True,0,740,740,154404.0,0.2819649279117584,blur,pnp_hqs,wavelet,15.0,fixed10p0,0.4,0.5,0.0,0.15,G16_fixed,False,16,20,adjoint,0.012142037607864352,19.15708426308839,0.33721544819110905,5,0.006892161913966364,21.616445284503364,0.5246005406271859,10.0,0;22.5;45;67.5;90;112.5;135;157.5;180;202.5;225;247.5;270;292.5;315;337.5
val_images,none,test001.png,0,rot75_padded,75.0,True,0,740,740,154404.0,0.2819649279117584,blur,pnp_hqs,wavelet,15.0,fixed10p0,0.4,0.5,0.0,0.15,G16_fixed,False,16,20,adjoint,0.012142037607864352,19.15708426308839,0.33721544819110905,6,0.006871782866497953,21.629305717279777,0.5259239256269268,10.0,0;22.5;45;67.5;90;112.5;135;157.5;180;202.5;225;247.5;270;292.5;315;337.5
val_images,none,test001.png,0,rot75_padded,75.0,True,0,740,740,154404.0,0.2819649279117584,blur,pnp_hqs,wavelet,15.0,fixed10p0,0.4,0.5,0.0,0.15,G16_fixed,False,16,20,adjoint,0.012142037607864352,19.15708426308839,0.33721544819110905,7,0.006859849695745415,21.636853998943405,0.5267259004786146,10.0,0;22.5;45;67.5;90;112.5;135;157.5;180;202.5;225;247.5;270;292.5;315;337.5
val_images,none,test001.png,0,rot75_padded,75.0,True,0,740,740,154404.0,0.2819649279117584,blur,pnp_hqs,wavelet,15.0,fixed10p0,0.4,0.5,0.0,0.15,G16_fixed,False,16,20,adjoint,0.012142037607864352,19.15708426308839,0.33721544819110905,8,0.006852611841085318,21.6414386763526,0.5272272739048212,10.0,0;22.5;45;67.5;90;112.5;135;157.5;180;202.5;225;247.5;270;292.5;315;337.5
val_images,none,test001.png,0,rot75_padded,75.0,True,0,740,740,154404.0,0.2819649279117584,blur,pnp_hqs,wavelet,15.0,fixed10p0,0.4,0.5,0.0,0.15,G16_fixed,False,16,20,adjoint,0.012142037607864352,19.15708426308839,0.33721544819110905,9,0.006848104685496328,21.644296093142724,0.5275477602588016,10.0,0;22.5;45;67.5;90;112.5;135;157.5;180;202.5;225;247.5;270;292.5;315;337.5
val_images,none,test001.png,0,rot75_padded,75.0,True,0,740,740,154404.0,0.2819649279117584,blur,pnp_hqs,wavelet,15.0,fixed10p0,0.4,0.5,0.0,0.15,G16_fixed,False,16,20,adjoint,0.012142037607864352,19.15708426308839,0.33721544819110905,10,0.006845241167246315,21.646112464694735,0.5277565267091526,10.0,0;22.5;45;67.5;90;112.5;135;157.5;180;202.5;225;247.5;270;292.5;315;337.5
val_images,none,test001.png,0,rot75_padded,75.0,True,0,740,740,154404.0,0.2819649279117584,blur,pnp_hqs,wavelet,15.0,fixed10p0,0.4,0.5,0.0,0.15,G16_fixed,False,16,20,adjoint,0.012142037607864352,19.15708426308839,0.33721544819110905,11,0.006843391185825821,21.64728633905517,0.5278943550685216,10.0,0;22.5;45;67.5;90;112.5;135;157.5;180;202.5;225;247.5;270;292.5;315;337.5
val_images,none,test001.png,0,rot75_padded,75.0,True,0,740,740,154404.0,0.2819649279117584,blur,pnp_hqs,wavelet,15.0,fixed10p0,0.4,0.5,0.0,0.15,G16_fixed,False,16,20,adjoint,0.012142037607864352,19.15708426308839,0.33721544819110905,12,0.006842178420227941,21.648056051129334,0.5279862406414342,10.0,0;22.5;45;67.5;90;112.5;135;157.5;180;202.5;225;247.5;270;292.5;315;337.5
val_images,none,test001.png,0,rot75_padded,75.0,True,0,740,740,154404.0,0.2819649279117584,blur,pnp_hqs,wavelet,15.0,fixed10p0,0.4,0.5,0.0,0.15,G16_fixed,False,16,20,adjoint,0.012142037607864352,19.15708426308839,0.33721544819110905,13,0.006841375180431692,21.64856592250009,0.5280481723271417,10.0,0;22.5;45;67.5;90;112.5;135;157.5;180;202.5;225;247.5;270;292.5;315;337.5
val_images,none,test001.png,0,rot75_padded,75.0,True,0,740,740,154404.0,0.2819649279117584,blur,pnp_hqs,wavelet,15.0,fixed10p0,0.4,0.5,0.0,0.15,G16_fixed,False,16,20,adjoint,0.012142037607864352,19.15708426308839,0.33721544819110905,14,0.006840838369583609,21.64890670652369,0.5280902696821326,10.0,0;22.5;45;67.5;90;112.5;135;157.5;180;202.5;225;247.5;270;292.5;315;337.5
val_images,none,test001.png,0,rot75_padded,75.0,True,0,740,740,154404.0,0.2819649279117584,blur,pnp_hqs,wavelet,15.0,fixed10p0,0.4,0.5,0.0,0.15,G16_fixed,False,16,20,adjoint,0.012142037607864352,19.15708426308839,0.33721544819110905,15,0.0068404754886126655,21.64913708966516,0.5281191104181239,10.0,0;22.5;45;67.5;90;112.5;135;157.5;180;202.5;225;247.5;270;292.5;315;337.5
val_images,none,test001.png,0,rot75_padded,75.0,True,0,740,740,154404.0,0.2819649279117584,blur,pnp_hqs,wavelet,15.0,fixed10p0,0.4,0.5,0.0,0.15,G16_fixed,False,16,20,adjoint,0.012142037607864352,19.15708426308839,0.33721544819110905,16,0.006840230405603967,21.649292693036976,0.5281388435532758,10.0,0;22.5;45;67.5;90;112.5;135;157.5;180;202.5;225;247.5;270;292.5;315;337.5
val_images,none,test001.png,0,rot75_padded,75.0,True,0,740,740,154404.0,0.2819649279117584,blur,pnp_hqs,wavelet,15.0,fixed10p0,0.4,0.5,0.0,0.15,G16_fixed,False,16,20,adjoint,0.012142037607864352,19.15708426308839,0.33721544819110905,17,0.006840062800449632,21.649399108875546,0.5281524543567524,10.0,0;22.5;45;67.5;90;112.5;135;157.5;180;202.5;225;247.5;270;292.5;315;337.5
val_images,none,test001.png,0,rot75_padded,75.0,True,0,740,740,154404.0,0.2819649279117584,blur,pnp_hqs,wavelet,15.0,fixed10p0,0.4,0.5,0.0,0.15,G16_fixed,False,16,20,adjoint,0.012142037607864352,19.15708426308839,0.33721544819110905,18,0.006839948164848789,21.649471894795095,0.5281619161420689,10.0,0;22.5;45;67.5;90;112.5;135;157.5;180;202.5;225;247.5;270;292.5;315;337.5
val_images,none,test001.png,0,rot75_padded,75.0,True,0,740,740,154404.0,0.2819649279117584,blur,pnp_hqs,wavelet,15.0,fixed10p0,0.4,0.5,0.0,0.15,G16_fixed,False,16,20,adjoint,0.012142037607864352,19.15708426308839,0.33721544819110905,19,0.006839869105813726,21.64952209269174,0.5281685950493511,10.0,0;22.5;45;67.5;90;112.5;135;157.5;180;202.5;225;247.5;270;292.5;315;337.5
val_images,none,test001.png,0,rot75_padded,75.0,True,0,740,740,154404.0,0.2819649279117584,blur,pnp_hqs,wavelet,15.0,fixed10p0,0.4,0.5,0.0,0.15,G16_fixed,False,16,20,adjoint,0.012142037607864352,19.15708426308839,0.33721544819110905,20,0.0068398145550795314,21.649556729578716,0.5281730476542058,10.0,0;22.5;45;67.5;90;112.5;135;157.5;180;202.5;225;247.5;270;292.5;315;337.5
val_images,none,test001.png,0,rot80_padded,80.0,True,0,690,690,154403.0,0.324307918548584,blur,pnp_hqs,wavelet,15.0,fixed10p0,0.4,0.5,0.0,0.15,vanilla,False,0,20,adjoint,0.01216427031276311,19.149139375876697,0.33207630761707996,1,0.007768597442903069,21.096573824591278,0.48442888698729947,10.0,none
val_images,none,test001.png,0,rot80_padded,80.0,True,0,690,690,154403.0,0.324307918548584,blur,pnp_hqs,wavelet,15.0,fixed10p0,0.4,0.5,0.0,0.15,vanilla,False,0,20,adjoint,0.01216427031276311,19.149139375876697,0.33207630761707996,2,0.007433184942569121,21.28825061528003,0.5032517381462795,10.0,none
val_images,none,test001.png,0,rot80_padded,80.0,True,0,690,690,154403.0,0.324307918548584,blur,pnp_hqs,wavelet,15.0,fixed10p0,0.4,0.5,0.0,0.15,vanilla,False,0,20,adjoint,0.01216427031276311,19.149139375876697,0.33207630761707996,3,0.007362222674288227,21.329910512261954,0.5102303306930565,10.0,none
val_images,none,test001.png,0,rot80_padded,80.0,True,0,690,690,154403.0,0.324307918548584,blur,pnp_hqs,wavelet,15.0,fixed10p0,0.4,0.5,0.0,0.15,vanilla,False,0,20,adjoint,0.01216427031276311,19.149139375876697,0.33207630761707996,4,0.007381807305294424,21.318372958160033,0.5124995041385206,10.0,none
val_images,none,test001.png,0,rot80_padded,80.0,True,0,690,690,154403.0,0.324307918548584,blur,pnp_hqs,wavelet,15.0,fixed10p0,0.4,0.5,0.0,0.15,vanilla,False,0,20,adjoint,0.01216427031276311,19.149139375876697,0.33207630761707996,5,0.0074358168348918905,21.28671316664456,0.5127147484990576,10.0,none
val_images,none,test001.png,0,rot80_padded,80.0,True,0,690,690,154403.0,0.324307918548584,blur,pnp_hqs,wavelet,15.0,fixed10p0,0.4,0.5,0.0,0.15,vanilla,False,0,20,adjoint,0.01216427031276311,19.149139375876697,0.33207630761707996,6,0.007504123492985888,21.247000275233127,0.5119295670258998,10.0,none
val_images,none,test001.png,0,rot80_padded,80.0,True,0,690,690,154403.0,0.324307918548584,blur,pnp_hqs,wavelet,15.0,fixed10p0,0.4,0.5,0.0,0.15,vanilla,False,0,20,adjoint,0.01216427031276311,19.149139375876697,0.33207630761707996,7,0.007579064828272038,21.203843781379486,0.5105977741688957,10.0,none
val_images,none,test001.png,0,rot80_padded,80.0,True,0,690,690,154403.0,0.324307918548584,blur,pnp_hqs,wavelet,15.0,fixed10p0,0.4,0.5,0.0,0.15,vanilla,False,0,20,adjoint,0.01216427031276311,19.149139375876697,0.33207630761707996,8,0.0076567416238876515,21.159560078901425,0.5089810127555812,10.0,none
val_images,none,test001.png,0,rot80_padded,80.0,True,0,690,690,154403.0,0.324307918548584,blur,pnp_hqs,wavelet,15.0,fixed10p0,0.4,0.5,0.0,0.15,vanilla,False,0,20,adjoint,0.01216427031276311,19.149139375876697,0.33207630761707996,9,0.0077365727921615834,21.11451383900999,0.5071576086604535,10.0,none
val_images,none,test001.png,0,rot80_padded,80.0,True,0,690,690,154403.0,0.324307918548584,blur,pnp_hqs,wavelet,15.0,fixed10p0,0.4,0.5,0.0,0.15,vanilla,False,0,20,adjoint,0.01216427031276311,19.149139375876697,0.33207630761707996,10,0.007817445965266219,21.069351119485166,0.5052143882405135,10.0,none
val_images,none,test001.png,0,rot80_padded,80.0,True,0,690,690,154403.0,0.324307918548584,blur,pnp_hqs,wavelet,15.0,fixed10p0,0.4,0.5,0.0,0.15,vanilla,False,0,20,adjoint,0.01216427031276311,19.149139375876697,0.33207630761707996,11,0.007899297895563881,21.024115079035912,0.5031843920616828,10.0,none
val_images,none,test001.png,0,rot80_padded,80.0,True,0,690,690,154403.0,0.324307918548584,blur,pnp_hqs,wavelet,15.0,fixed10p0,0.4,0.5,0.0,0.15,vanilla,False,0,20,adjoint,0.01216427031276311,19.149139375876697,0.33207630761707996,12,0.007981718264005152,20.979036058613588,0.5010996487276802,10.0,none
val_images,none,test001.png,0,rot80_padded,80.0,True,0,690,690,154403.0,0.324307918548584,blur,pnp_hqs,wavelet,15.0,fixed10p0,0.4,0.5,0.0,0.15,vanilla,False,0,20,adjoint,0.01216427031276311,19.149139375876697,0.33207630761707996,13,0.008064877048616283,20.93402249169566,0.49897710860540273,10.0,none
val_images,none,test001.png,0,rot80_padded,80.0,True,0,690,690,154403.0,0.324307918548584,blur,pnp_hqs,wavelet,15.0,fixed10p0,0.4,0.5,0.0,0.15,vanilla,False,0,20,adjoint,0.01216427031276311,19.149139375876697,0.33207630761707996,14,0.008148634313998919,20.889151715782077,0.4968300789978174,10.0,none
val_images,none,test001.png,0,rot80_padded,80.0,True,0,690,690,154403.0,0.324307918548584,blur,pnp_hqs,wavelet,15.0,fixed10p0,0.4,0.5,0.0,0.15,vanilla,False,0,20,adjoint,0.01216427031276311,19.149139375876697,0.33207630761707996,15,0.008233145016865362,20.844342349504682,0.49466311373483673,10.0,none
val_images,none,test001.png,0,rot80_padded,80.0,True,0,690,690,154403.0,0.324307918548584,blur,pnp_hqs,wavelet,15.0,fixed10p0,0.4,0.5,0.0,0.15,vanilla,False,0,20,adjoint,0.01216427031276311,19.149139375876697,0.33207630761707996,16,0.008318338794218701,20.79963395408533,0.4924822845896777,10.0,none
val_images,none,test001.png,0,rot80_padded,80.0,True,0,690,690,154403.0,0.324307918548584,blur,pnp_hqs,wavelet,15.0,fixed10p0,0.4,0.5,0.0,0.15,vanilla,False,0,20,adjoint,0.01216427031276311,19.149139375876697,0.33207630761707996,17,0.008404189556408393,20.755041606480738,0.4902971040070465,10.0,none
val_images,none,test001.png,0,rot80_padded,80.0,True,0,690,690,154403.0,0.324307918548584,blur,pnp_hqs,wavelet,15.0,fixed10p0,0.4,0.5,0.0,0.15,vanilla,False,0,20,adjoint,0.01216427031276311,19.149139375876697,0.33207630761707996,18,0.008490474355511632,20.710680454184434,0.4881149593110238,10.0,none
val_images,none,test001.png,0,rot80_padded,80.0,True,0,690,690,154403.0,0.324307918548584,blur,pnp_hqs,wavelet,15.0,fixed10p0,0.4,0.5,0.0,0.15,vanilla,False,0,20,adjoint,0.01216427031276311,19.149139375876697,0.33207630761707996,19,0.008576904624181526,20.66669419282495,0.4859407079201829,10.0,none
val_images,none,test001.png,0,rot80_padded,80.0,True,0,690,690,154403.0,0.324307918548584,blur,pnp_hqs,wavelet,15.0,fixed10p0,0.4,0.5,0.0,0.15,vanilla,False,0,20,adjoint,0.01216427031276311,19.149139375876697,0.33207630761707996,20,0.008663558631369694,20.62303681133804,0.4837775881135729,10.0,none
val_images,none,test001.png,0,rot80_padded,80.0,True,0,690,690,154403.0,0.324307918548584,blur,pnp_hqs,wavelet,15.0,fixed10p0,0.4,0.5,0.0,0.15,G16_fixed,False,16,20,adjoint,0.01216427031276311,19.149139375876697,0.33207630761707996,1,0.007473015142395225,21.265041377422218,0.49474771377499144,10.0,0;22.5;45;67.5;90;112.5;135;157.5;180;202.5;225;247.5;270;292.5;315;337.5
val_images,none,test001.png,0,rot80_padded,80.0,True,0,690,690,154403.0,0.324307918548584,blur,pnp_hqs,wavelet,15.0,fixed10p0,0.4,0.5,0.0,0.15,G16_fixed,False,16,20,adjoint,0.01216427031276311,19.149139375876697,0.33207630761707996,2,0.007117872541488426,21.476497930986604,0.5123533767964353,10.0,0;22.5;45;67.5;90;112.5;135;157.5;180;202.5;225;247.5;270;292.5;315;337.5
val_images,none,test001.png,0,rot80_padded,80.0,True,0,690,690,154403.0,0.324307918548584,blur,pnp_hqs,wavelet,15.0,fixed10p0,0.4,0.5,0.0,0.15,G16_fixed,False,16,20,adjoint,0.01216427031276311,19.149139375876697,0.33207630761707996,3,0.00696845474105304,21.5686351628311,0.5204397137685148,10.0,0;22.5;45;67.5;90;112.5;135;157.5;180;202.5;225;247.5;270;292.5;315;337.5
val_images,none,test001.png,0,rot80_padded,80.0,True,0,690,690,154403.0,0.324307918548584,blur,pnp_hqs,wavelet,15.0,fixed10p0,0.4,0.5,0.0,0.15,G16_fixed,False,16,20,adjoint,0.01216427031276311,19.149139375876697,0.33207630761707996,4,0.006897326447723247,21.61319218539155,0.5244814908065257,10.0,0;22.5;45;67.5;90;112.5;135;157.5;180;202.5;225;247.5;270;292.5;315;337.5
val_images,none,test001.png,0,rot80_padded,80.0,True,0,690,690,154403.0,0.324307918548584,blur,pnp_hqs,wavelet,15.0,fixed10p0,0.4,0.5,0.0,0.15,G16_fixed,False,16,20,adjoint,0.01216427031276311,19.149139375876697,0.33207630761707996,5,0.00686077247552873,21.636269829853248,0.526623055818216,10.0,0;22.5;45;67.5;90;112.5;135;157.5;180;202.5;225;247.5;270;292.5;315;337.5
val_images,none,test001.png,0,rot80_padded,80.0,True,0,690,690,154403.0,0.324307918548584,blur,pnp_hqs,wavelet,15.0,fixed10p0,0.4,0.5,0.0,0.15,G16_fixed,False,16,20,adjoint,0.01216427031276311,19.149139375876697,0.33207630761707996,6,0.006841023400664576,21.648789240087034,0.5278056348484161,10.0,0;22.5;45;67.5;90;112.5;135;157.5;180;202.5;225;247.5;270;292.5;315;337.5
val_images,none,test001.png,0,rot80_padded,80.0,True,0,690,690,154403.0,0.324307918548584,blur,pnp_hqs,wavelet,15.0,fixed10p0,0.4,0.5,0.0,0.15,G16_fixed,False,16,20,adjoint,0.01216427031276311,19.149139375876697,0.33207630761707996,7,0.006829993803249451,21.655796903471337,0.5284776789473002,10.0,0;22.5;45;67.5;90;112.5;135;157.5;180;202.5;225;247.5;270;292.5;315;337.5
val_images,none,test001.png,0,rot80_padded,80.0,True,0,690,690,154403.0,0.324307918548584,blur,pnp_hqs,wavelet,15.0,fixed10p0,0.4,0.5,0.0,0.15,G16_fixed,False,16,20,adjoint,0.01216427031276311,19.149139375876697,0.33207630761707996,8,0.006823699082109803,21.659801333441607,0.5288676385821519,10.0,0;22.5;45;67.5;90;112.5;135;157.5;180;202.5;225;247.5;270;292.5;315;337.5
val_images,none,test001.png,0,rot80_padded,80.0,True,0,690,690,154403.0,0.324307918548584,blur,pnp_hqs,wavelet,15.0,fixed10p0,0.4,0.5,0.0,0.15,G16_fixed,False,16,20,adjoint,0.01216427031276311,19.149139375876697,0.33207630761707996,9,0.006820044949843105,21.662127629674963,0.5290975057965195,10.0,0;22.5;45;67.5;90;112.5;135;157.5;180;202.5;225;247.5;270;292.5;315;337.5
val_images,none,test001.png,0,rot80_padded,80.0,True,0,690,690,154403.0,0.324307918548584,blur,pnp_hqs,wavelet,15.0,fixed10p0,0.4,0.5,0.0,0.15,G16_fixed,False,16,20,adjoint,0.01216427031276311,19.149139375876697,0.33207630761707996,10,0.006817900854925908,21.66349318518048,0.5292346266749999,10.0,0;22.5;45;67.5;90;112.5;135;157.5;180;202.5;225;247.5;270;292.5;315;337.5
val_images,none,test001.png,0,rot80_padded,80.0,True,0,690,690,154403.0,0.324307918548584,blur,pnp_hqs,wavelet,15.0,fixed10p0,0.4,0.5,0.0,0.15,G16_fixed,False,16,20,adjoint,0.01216427031276311,19.149139375876697,0.33207630761707996,11,0.006816631949195045,21.66430154255727,0.5293171015945286,10.0,0;22.5;45;67.5;90;112.5;135;157.5;180;202.5;225;247.5;270;292.5;315;337.5
val_images,none,test001.png,0,rot80_padded,80.0,True,0,690,690,154403.0,0.324307918548584,blur,pnp_hqs,wavelet,15.0,fixed10p0,0.4,0.5,0.0,0.15,G16_fixed,False,16,20,adjoint,0.01216427031276311,19.149139375876697,0.33207630761707996,12,0.0068158729775429396,21.66478511795671,0.5293671431254574,10.0,0;22.5;45;67.5;90;112.5;135;157.5;180;202.5;225;247.5;270;292.5;315;337.5
val_images,none,test001.png,0,rot80_padded,80.0,True,0,690,690,154403.0,0.324307918548584,blur,pnp_hqs,wavelet,15.0,fixed10p0,0.4,0.5,0.0,0.15,G16_fixed,False,16,20,adjoint,0.01216427031276311,19.149139375876697,0.33207630761707996,13,0.006815419175742618,21.66507428147198,0.5293975525896517,10.0,0;22.5;45;67.5;90;112.5;135;157.5;180;202.5;225;247.5;270;292.5;315;337.5
val_images,none,test001.png,0,rot80_padded,80.0,True,0,690,690,154403.0,0.324307918548584,blur,pnp_hqs,wavelet,15.0,fixed10p0,0.4,0.5,0.0,0.15,G16_fixed,False,16,20,adjoint,0.01216427031276311,19.149139375876697,0.33207630761707996,14,0.00681514404851873,21.665249602525414,0.5294161220960732,10.0,0;22.5;45;67.5;90;112.5;135;157.5;180;202.5;225;247.5;270;292.5;315;337.5
val_images,none,test001.png,0,rot80_padded,80.0,True,0,690,690,154403.0,0.324307918548584,blur,pnp_hqs,wavelet,15.0,fixed10p0,0.4,0.5,0.0,0.15,G16_fixed,False,16,20,adjoint,0.01216427031276311,19.149139375876697,0.33207630761707996,15,0.006814979604660774,21.665354395500028,0.5294276078670751,10.0,0;22.5;45;67.5;90;112.5;135;157.5;180;202.5;225;247.5;270;292.5;315;337.5
val_images,none,test001.png,0,rot80_padded,80.0,True,0,690,690,154403.0,0.324307918548584,blur,pnp_hqs,wavelet,15.0,fixed10p0,0.4,0.5,0.0,0.15,G16_fixed,False,16,20,adjoint,0.01216427031276311,19.149139375876697,0.33207630761707996,16,0.006814878408440493,21.665418884741246,0.5294346916024948,10.0,0;22.5;45;67.5;90;112.5;135;157.5;180;202.5;225;247.5;270;292.5;315;337.5
val_images,none,test001.png,0,rot80_padded,80.0,True,0,690,690,154403.0,0.324307918548584,blur,pnp_hqs,wavelet,15.0,fixed10p0,0.4,0.5,0.0,0.15,G16_fixed,False,16,20,adjoint,0.01216427031276311,19.149139375876697,0.33207630761707996,17,0.006814815951398289,21.665458687172713,0.5294391442361871,10.0,0;22.5;45;67.5;90;112.5;135;157.5;180;202.5;225;247.5;270;292.5;315;337.5
val_images,none,test001.png,0,rot80_padded,80.0,True,0,690,690,154403.0,0.324307918548584,blur,pnp_hqs,wavelet,15.0,fixed10p0,0.4,0.5,0.0,0.15,G16_fixed,False,16,20,adjoint,0.01216427031276311,19.149139375876697,0.33207630761707996,18,0.006814778002815684,21.6654828711067,0.5294417753379144,10.0,0;22.5;45;67.5;90;112.5;135;157.5;180;202.5;225;247.5;270;292.5;315;337.5
val_images,none,test001.png,0,rot80_padded,80.0,True,0,690,690,154403.0,0.324307918548584,blur,pnp_hqs,wavelet,15.0,fixed10p0,0.4,0.5,0.0,0.15,G16_fixed,False,16,20,adjoint,0.01216427031276311,19.149139375876697,0.33207630761707996,19,0.006814756656737968,21.665496474628746,0.5294434450755491,10.0,0;22.5;45;67.5;90;112.5;135;157.5;180;202.5;225;247.5;270;292.5;315;337.5
val_images,none,test001.png,0,rot80_padded,80.0,True,0,690,690,154403.0,0.324307918548584,blur,pnp_hqs,wavelet,15.0,fixed10p0,0.4,0.5,0.0,0.15,G16_fixed,False,16,20,adjoint,0.01216427031276311,19.149139375876697,0.33207630761707996,20,0.00681474084482855,21.665506551339217,0.5294446088320823,10.0,0;22.5;45;67.5;90;112.5;135;157.5;180;202.5;225;247.5;270;292.5;315;337.5
val_images,none,test001.png,0,rot85_padded,85.0,True,0,640,640,154400.0,0.376953125,blur,pnp_hqs,wavelet,15.0,fixed10p0,0.4,0.5,0.0,0.15,vanilla,False,0,20,adjoint,0.012062394532514977,19.18566470883136,0.33330042705634716,1,0.007729549111479922,21.118458390839336,0.4858098384876943,10.0,none
val_images,none,test001.png,0,rot85_padded,85.0,True,0,640,640,154400.0,0.376953125,blur,pnp_hqs,wavelet,15.0,fixed10p0,0.4,0.5,0.0,0.15,vanilla,False,0,20,adjoint,0.012062394532514977,19.18566470883136,0.33330042705634716,2,0.007390795297573268,21.313088261838494,0.5049698429404145,10.0,none
val_images,none,test001.png,0,rot85_padded,85.0,True,0,640,640,154400.0,0.376953125,blur,pnp_hqs,wavelet,15.0,fixed10p0,0.4,0.5,0.0,0.15,vanilla,False,0,20,adjoint,0.012062394532514977,19.18566470883136,0.33330042705634716,3,0.007319171490446892,21.355380770688612,0.5119088001943005,10.0,none
val_images,none,test001.png,0,rot85_padded,85.0,True,0,640,640,154400.0,0.376953125,blur,pnp_hqs,wavelet,15.0,fixed10p0,0.4,0.5,0.0,0.15,vanilla,False,0,20,adjoint,0.012062394532514977,19.18566470883136,0.33330042705634716,4,0.007339087767922199,21.34357918555123,0.5139736985913212,10.0,none
val_images,none,test001.png,0,rot85_padded,85.0,True,0,640,640,154400.0,0.376953125,blur,pnp_hqs,wavelet,15.0,fixed10p0,0.4,0.5,0.0,0.15,vanilla,False,0,20,adjoint,0.012062394532514977,19.18566470883136,0.33330042705634716,5,0.007395182397081444,21.31051109960652,0.5138858585654145,10.0,none
val_images,none,test001.png,0,rot85_padded,85.0,True,0,640,640,154400.0,0.376953125,blur,pnp_hqs,wavelet,15.0,fixed10p0,0.4,0.5,0.0,0.15,vanilla,False,0,20,adjoint,0.012062394532514977,19.18566470883136,0.33330042705634716,6,0.00746698488225591,21.268547279484935,0.512748745142487,10.0,none
val_images,none,test001.png,0,rot85_padded,85.0,True,0,640,640,154400.0,0.376953125,blur,pnp_hqs,wavelet,15.0,fixed10p0,0.4,0.5,0.0,0.15,vanilla,False,0,20,adjoint,0.012062394532514977,19.18566470883136,0.33330042705634716,7,0.007547464321314362,21.221989313148573,0.5110082881314767,10.0,none
val_images,none,test001.png,0,rot85_padded,85.0,True,0,640,640,154400.0,0.376953125,blur,pnp_hqs,wavelet,15.0,fixed10p0,0.4,0.5,0.0,0.15,vanilla,False,0,20,adjoint,0.012062394532514977,19.18566470883136,0.33330042705634716,8,0.007632771230114557,21.17317754124072,0.5089025562661917,10.0,none
val_images,none,test001.png,0,rot85_padded,85.0,True,0,640,640,154400.0,0.376953125,blur,pnp_hqs,wavelet,15.0,fixed10p0,0.4,0.5,0.0,0.15,vanilla,False,0,20,adjoint,0.012062394532514977,19.18566470883136,0.33330042705634716,9,0.007720899828975065,21.123320820495785,0.5065763135524611,10.0,none
val_images,none,test001.png,0,rot85_padded,85.0,True,0,640,640,154400.0,0.376953125,blur,pnp_hqs,wavelet,15.0,fixed10p0,0.4,0.5,0.0,0.15,vanilla,False,0,20,adjoint,0.012062394532514977,19.18566470883136,0.33330042705634716,10,0.007811395516667341,21.07271371878447,0.5041104679404145,10.0,none
val_images,none,test001.png,0,rot85_padded,85.0,True,0,640,640,154400.0,0.376953125,blur,pnp_hqs,wavelet,15.0,fixed10p0,0.4,0.5,0.0,0.15,vanilla,False,0,20,adjoint,0.012062394532514977,19.18566470883136,0.33330042705634716,11,0.007903367274783435,21.021878356356748,0.5015777303270725,10.0,none
val_images,none,test001.png,0,rot85_padded,85.0,True,0,640,640,154400.0,0.376953125,blur,pnp_hqs,wavelet,15.0,fixed10p0,0.4,0.5,0.0,0.15,vanilla,False,0,20,adjoint,0.012062394532514977,19.18566470883136,0.33330042705634716,12,0.00799660875389613,20.970941519733096,0.49899565859779793,10.0,none
val_images,none,test001.png,0,rot85_padded,85.0,True,0,640,640,154400.0,0.376953125,blur,pnp_hqs,wavelet,15.0,fixed10p0,0.4,0.5,0.0,0.15,vanilla,False,0,20,adjoint,0.012062394532514977,19.18566470883136,0.33330042705634716,13,0.008090892258085736,20.920035820471202,0.49638423939443005,10.0,none
val_images,none,test001.png,0,rot85_padded,85.0,True,0,640,640,154400.0,0.376953125,blur,pnp_hqs,wavelet,15.0,fixed10p0,0.4,0.5,0.0,0.15,vanilla,False,0,20,adjoint,0.012062394532514977,19.18566470883136,0.33330042705634716,14,0.008186286570494656,20.869130564405516,0.4937593102331606,10.0,none
val_images,none,test001.png,0,rot85_padded,85.0,True,0,640,640,154400.0,0.376953125,blur,pnp_hqs,wavelet,15.0,fixed10p0,0.4,0.5,0.0,0.15,vanilla,False,0,20,adjoint,0.012062394532514977,19.18566470883136,0.33330042705634716,15,0.00828246358762751,20.818404647399603,0.491141616742228,10.0,none
val_images,none,test001.png,0,rot85_padded,85.0,True,0,640,640,154400.0,0.376953125,blur,pnp_hqs,wavelet,15.0,fixed10p0,0.4,0.5,0.0,0.15,vanilla,False,0,20,adjoint,0.012062394532514977,19.18566470883136,0.33330042705634716,16,0.00837914106141718,20.7680049824392,0.4885365730246114,10.0,none
val_images,none,test001.png,0,rot85_padded,85.0,True,0,640,640,154400.0,0.376953125,blur,pnp_hqs,wavelet,15.0,fixed10p0,0.4,0.5,0.0,0.15,vanilla,False,0,20,adjoint,0.012062394532514977,19.18566470883136,0.33330042705634716,17,0.008476382240730246,20.7178946709847,0.485949188390544,10.0,none
val_images,none,test001.png,0,rot85_padded,85.0,True,0,640,640,154400.0,0.376953125,blur,pnp_hqs,wavelet,15.0,fixed10p0,0.4,0.5,0.0,0.15,vanilla,False,0,20,adjoint,0.012062394532514977,19.18566470883136,0.33330042705634716,18,0.008573933339489557,20.668198973596045,0.483386951505829,10.0,none
val_images,none,test001.png,0,rot85_padded,85.0,True,0,640,640,154400.0,0.376953125,blur,pnp_hqs,wavelet,15.0,fixed10p0,0.4,0.5,0.0,0.15,vanilla,False,0,20,adjoint,0.012062394532514977,19.18566470883136,0.33330042705634716,19,0.008671644141636983,20.618985525877957,0.48085603545984457,10.0,none
val_images,none,test001.png,0,rot85_padded,85.0,True,0,640,640,154400.0,0.376953125,blur,pnp_hqs,wavelet,15.0,fixed10p0,0.4,0.5,0.0,0.15,vanilla,False,0,20,adjoint,0.012062394532514977,19.18566470883136,0.33330042705634716,20,0.00876950278801004,20.57025029501123,0.47836296753562174,10.0,none
val_images,none,test001.png,0,rot85_padded,85.0,True,0,640,640,154400.0,0.376953125,blur,pnp_hqs,wavelet,15.0,fixed10p0,0.4,0.5,0.0,0.15,G16_fixed,False,16,20,adjoint,0.012062394532514977,19.18566470883136,0.33330042705634716,1,0.007468014257559504,21.267948615888525,0.4945091887953368,10.0,0;22.5;45;67.5;90;112.5;135;157.5;180;202.5;225;247.5;270;292.5;315;337.5
val_images,none,test001.png,0,rot85_padded,85.0,True,0,640,640,154400.0,0.376953125,blur,pnp_hqs,wavelet,15.0,fixed10p0,0.4,0.5,0.0,0.15,G16_fixed,False,16,20,adjoint,0.012062394532514977,19.18566470883136,0.33330042705634716,2,0.00712259243189362,21.47361906089766,0.5116359698834196,10.0,0;22.5;45;67.5;90;112.5;135;157.5;180;202.5;225;247.5;270;292.5;315;337.5
val_images,none,test001.png,0,rot85_padded,85.0,True,0,640,640,154400.0,0.376953125,blur,pnp_hqs,wavelet,15.0,fixed10p0,0.4,0.5,0.0,0.15,G16_fixed,False,16,20,adjoint,0.012062394532514977,19.18566470883136,0.33330042705634716,3,0.0069806722532282225,21.56102751902766,0.5193890665479275,10.0,0;22.5;45;67.5;90;112.5;135;157.5;180;202.5;225;247.5;270;292.5;315;337.5
val_images,none,test001.png,0,rot85_padded,85.0,True,0,640,640,154400.0,0.376953125,blur,pnp_hqs,wavelet,15.0,fixed10p0,0.4,0.5,0.0,0.15,G16_fixed,False,16,20,adjoint,0.012062394532514977,19.18566470883136,0.33330042705634716,4,0.006913851406907788,21.60279958587865,0.5232639451101037,10.0,0;22.5;45;67.5;90;112.5;135;157.5;180;202.5;225;247.5;270;292.5;315;337.5
val_images,none,test001.png,0,rot85_padded,85.0,True,0,640,640,154400.0,0.376953125,blur,pnp_hqs,wavelet,15.0,fixed10p0,0.4,0.5,0.0,0.15,G16_fixed,False,16,20,adjoint,0.012062394532514977,19.18566470883136,0.33330042705634716,5,0.00687946536998057,21.624453111669798,0.5253420498704663,10.0,0;22.5;45;67.5;90;112.5;135;157.5;180;202.5;225;247.5;270;292.5;315;337.5
val_images,none,test001.png,0,rot85_padded,85.0,True,0,640,640,154400.0,0.376953125,blur,pnp_hqs,wavelet,15.0,fixed10p0,0.4,0.5,0.0,0.15,G16_fixed,False,16,20,adjoint,0.012062394532514977,19.18566470883136,0.33330042705634716,6,0.006860671759887063,21.63633358443574,0.526514835654145,10.0,0;22.5;45;67.5;90;112.5;135;157.5;180;202.5;225;247.5;270;292.5;315;337.5
val_images,none,test001.png,0,rot85_padded,85.0,True,0,640,640,154400.0,0.376953125,blur,pnp_hqs,wavelet,15.0,fixed10p0,0.4,0.5,0.0,0.15,G16_fixed,False,16,20,adjoint,0.012062394532514977,19.18566470883136,0.33330042705634716,7,0.006849928939898397,21.643139337878786,0.5272041977007772,10.0,0;22.5;45;67.5;90;112.5;135;157.5;180;202.5;225;247.5;270;292.5;315;337.5
val_images,none,test001.png,0,rot85_padded,85.0,True,0,640,640,154400.0,0.376953125,blur,pnp_hqs,wavelet,15.0,fixed10p0,0.4,0.5,0.0,0.15,G16_fixed,False,16,20,adjoint,0.012062394532514977,19.18566470883136,0.33330042705634716,8,0.006843563732087921,21.64717683933086,0.5276232087920985,10.0,0;22.5;45;67.5;90;112.5;135;157.5;180;202.5;225;247.5;270;292.5;315;337.5
val_images,none,test001.png,0,rot85_padded,85.0,True,0,640,640,154400.0,0.376953125,blur,pnp_hqs,wavelet,15.0,fixed10p0,0.4,0.5,0.0,0.15,G16_fixed,False,16,20,adjoint,0.012062394532514977,19.18566470883136,0.33330042705634716,9,0.006839677089236561,21.64964401448463,0.5278847049060881,10.0,0;22.5;45;67.5;90;112.5;135;157.5;180;202.5;225;247.5;270;292.5;315;337.5
val_images,none,test001.png,0,rot85_padded,85.0,True,0,640,640,154400.0,0.376953125,blur,pnp_hqs,wavelet,15.0,fixed10p0,0.4,0.5,0.0,0.15,G16_fixed,False,16,20,adjoint,0.012062394532514977,19.18566470883136,0.33330042705634716,10,0.006837250704592374,21.651184953340028,0.5280516819138601,10.0,0;22.5;45;67.5;90;112.5;135;157.5;180;202.5;225;247.5;270;292.5;315;337.5
val_images,none,test001.png,0,rot85_padded,85.0,True,0,640,640,154400.0,0.376953125,blur,pnp_hqs,wavelet,15.0,fixed10p0,0.4,0.5,0.0,0.15,G16_fixed,False,16,20,adjoint,0.012062394532514977,19.18566470883136,0.33330042705634716,11,0.006835703479193653,21.652167844742664,0.5281601663698187,10.0,0;22.5;45;67.5;90;112.5;135;157.5;180;202.5;225;247.5;270;292.5;315;337.5
val_images,none,test001.png,0,rot85_padded,85.0,True,0,640,640,154400.0,0.376953125,blur,pnp_hqs,wavelet,15.0,fixed10p0,0.4,0.5,0.0,0.15,G16_fixed,False,16,20,adjoint,0.012062394532514977,19.18566470883136,0.33330042705634716,12,0.006834701775269187,21.65280430647087,0.5282317640867875,10.0,0;22.5;45;67.5;90;112.5;135;157.5;180;202.5;225;247.5;270;292.5;315;337.5
val_images,none,test001.png,0,rot85_padded,85.0,True,0,640,640,154400.0,0.376953125,blur,pnp_hqs,wavelet,15.0,fixed10p0,0.4,0.5,0.0,0.15,G16_fixed,False,16,20,adjoint,0.012062394532514977,19.18566470883136,0.33330042705634716,13,0.006834046358889249,21.653220794820175,0.5282794284326425,10.0,0;22.5;45;67.5;90;112.5;135;157.5;180;202.5;225;247.5;270;292.5;315;337.5
val_images,none,test001.png,0,rot85_padded,85.0,True,0,640,640,154400.0,0.376953125,blur,pnp_hqs,wavelet,15.0,fixed10p0,0.4,0.5,0.0,0.15,G16_fixed,False,16,20,adjoint,0.012062394532514977,19.18566470883136,0.33330042705634716,14,0.006833609151099013,21.653498643395842,0.5283115082577721,10.0,0;22.5;45;67.5;90;112.5;135;157.5;180;202.5;225;247.5;270;292.5;315;337.5
val_images,none,test001.png,0,rot85_padded,85.0,True,0,640,640,154400.0,0.376953125,blur,pnp_hqs,wavelet,15.0,fixed10p0,0.4,0.5,0.0,0.15,G16_fixed,False,16,20,adjoint,0.012062394532514977,19.18566470883136,0.33330042705634716,15,0.006833317415701911,21.65368405314768,0.5283334176651554,10.0,0;22.5;45;67.5;90;112.5;135;157.5;180;202.5;225;247.5;270;292.5;315;337.5
val_images,none,test001.png,0,rot85_padded,85.0,True,0,640,640,154400.0,0.376953125,blur,pnp_hqs,wavelet,15.0,fixed10p0,0.4,0.5,0.0,0.15,G16_fixed,False,16,20,adjoint,0.012062394532514977,19.18566470883136,0.33330042705634716,16,0.006833120553604679,21.653809171518276,0.5283484961949482,10.0,0;22.5;45;67.5;90;112.5;135;157.5;180;202.5;225;247.5;270;292.5;315;337.5
val_images,none,test001.png,0,rot85_padded,85.0,True,0,640,640,154400.0,0.376953125,blur,pnp_hqs,wavelet,15.0,fixed10p0,0.4,0.5,0.0,0.15,G16_fixed,False,16,20,adjoint,0.012062394532514977,19.18566470883136,0.33330042705634716,17,0.006832985359152364,21.653895098270205,0.5283588690090674,10.0,0;22.5;45;67.5;90;112.5;135;157.5;180;202.5;225;247.5;270;292.5;315;337.5
val_images,none,test001.png,0,rot85_padded,85.0,True,0,640,640,154400.0,0.376953125,blur,pnp_hqs,wavelet,15.0,fixed10p0,0.4,0.5,0.0,0.15,G16_fixed,False,16,20,adjoint,0.012062394532514977,19.18566470883136,0.33330042705634716,18,0.00683289285768499,21.65395389123793,0.5283661046794041,10.0,0;22.5;45;67.5;90;112.5;135;157.5;180;202.5;225;247.5;270;292.5;315;337.5
val_images,none,test001.png,0,rot85_padded,85.0,True,0,640,640,154400.0,0.376953125,blur,pnp_hqs,wavelet,15.0,fixed10p0,0.4,0.5,0.0,0.15,G16_fixed,False,16,20,adjoint,0.012062394532514977,19.18566470883136,0.33330042705634716,19,0.006832828027596745,21.65399509704013,0.5283711139896373,10.0,0;22.5;45;67.5;90;112.5;135;157.5;180;202.5;225;247.5;270;292.5;315;337.5
val_images,none,test001.png,0,rot85_padded,85.0,True,0,640,640,154400.0,0.376953125,blur,pnp_hqs,wavelet,15.0,fixed10p0,0.4,0.5,0.0,0.15,G16_fixed,False,16,20,adjoint,0.012062394532514977,19.18566470883136,0.33330042705634716,20,0.006832785334611804,21.65402223278192,0.5283746053270726,10.0,0;22.5;45;67.5;90;112.5;135;157.5;180;202.5;225;247.5;270;292.5;315;337.5
val_images,none,test001.png,0,rot90_padded,90.0,True,0,588,588,154401.0,0.4465760886669159,blur,pnp_hqs,wavelet,15.0,fixed10p0,0.4,0.5,0.0,0.15,vanilla,False,0,20,adjoint,0.012102230138061767,19.17134592707509,0.3343039947523008,1,0.007792380665847372,21.083298398770225,0.49072833279901035,10.0,none
val_images,none,test001.png,0,rot90_padded,90.0,True,0,588,588,154401.0,0.4465760886669159,blur,pnp_hqs,wavelet,15.0,fixed10p0,0.4,0.5,0.0,0.15,vanilla,False,0,20,adjoint,0.012102230138061767,19.17134592707509,0.3343039947523008,2,0.00744636575125404,21.28055635878805,0.5105070866607082,10.0,none
val_images,none,test001.png,0,rot90_padded,90.0,True,0,588,588,154401.0,0.4465760886669159,blur,pnp_hqs,wavelet,15.0,fixed10p0,0.4,0.5,0.0,0.15,vanilla,False,0,20,adjoint,0.012102230138061767,19.17134592707509,0.3343039947523008,3,0.007366691670046664,21.327275069877373,0.5176292171035162,10.0,none
val_images,none,test001.png,0,rot90_padded,90.0,True,0,588,588,154401.0,0.4465760886669159,blur,pnp_hqs,wavelet,15.0,fixed10p0,0.4,0.5,0.0,0.15,vanilla,False,0,20,adjoint,0.012102230138061767,19.17134592707509,0.3343039947523008,4,0.0073819329669577915,21.318299028158584,0.5195546013303023,10.0,none
val_images,none,test001.png,0,rot90_padded,90.0,True,0,588,588,154401.0,0.4465760886669159,blur,pnp_hqs,wavelet,15.0,fixed10p0,0.4,0.5,0.0,0.15,vanilla,False,0,20,adjoint,0.012102230138061767,19.17134592707509,0.3343039947523008,5,0.007439768937195193,21.284405524728577,0.5190279187796711,10.0,none
val_images,none,test001.png,0,rot90_padded,90.0,True,0,588,588,154401.0,0.4465760886669159,blur,pnp_hqs,wavelet,15.0,fixed10p0,0.4,0.5,0.0,0.15,vanilla,False,0,20,adjoint,0.012102230138061767,19.17134592707509,0.3343039947523008,6,0.007518343285857524,21.23877848381458,0.517306194584232,10.0,none
val_images,none,test001.png,0,rot90_padded,90.0,True,0,588,588,154401.0,0.4465760886669159,blur,pnp_hqs,wavelet,15.0,fixed10p0,0.4,0.5,0.0,0.15,vanilla,False,0,20,adjoint,0.012102230138061767,19.17134592707509,0.3343039947523008,7,0.00760760583313701,21.187519972441695,0.5149610935971918,10.0,none
val_images,none,test001.png,0,rot90_padded,90.0,True,0,588,588,154401.0,0.4465760886669159,blur,pnp_hqs,wavelet,15.0,fixed10p0,0.4,0.5,0.0,0.15,vanilla,False,0,20,adjoint,0.012102230138061767,19.17134592707509,0.3343039947523008,8,0.007703303910910147,21.133229680056466,0.5122660515475936,10.0,none
val_images,none,test001.png,0,rot90_padded,90.0,True,0,588,588,154401.0,0.4465760886669159,blur,pnp_hqs,wavelet,15.0,fixed10p0,0.4,0.5,0.0,0.15,vanilla,False,0,20,adjoint,0.012102230138061767,19.17134592707509,0.3343039947523008,9,0.00780359382665713,21.077053435102417,0.5093565213308204,10.0,none
val_images,none,test001.png,0,rot90_padded,90.0,True,0,588,588,154401.0,0.4465760886669159,blur,pnp_hqs,wavelet,15.0,fixed10p0,0.4,0.5,0.0,0.15,vanilla,False,0,20,adjoint,0.012102230138061767,19.17134592707509,0.3343039947523008,10,0.007906808192931878,21.019987963943084,0.5063375459841581,10.0,none
val_images,none,test001.png,0,rot90_padded,90.0,True,0,588,588,154401.0,0.4465760886669159,blur,pnp_hqs,wavelet,15.0,fixed10p0,0.4,0.5,0.0,0.15,vanilla,False,0,20,adjoint,0.012102230138061767,19.17134592707509,0.3343039947523008,11,0.008012338243336345,20.962407251156286,0.5032542090077137,10.0,none
val_images,none,test001.png,0,rot90_padded,90.0,True,0,588,588,154401.0,0.4465760886669159,blur,pnp_hqs,wavelet,15.0,fixed10p0,0.4,0.5,0.0,0.15,vanilla,False,0,20,adjoint,0.012102230138061767,19.17134592707509,0.3343039947523008,12,0.00811949852271844,20.90470792869858,0.5001428403151534,10.0,none
val_images,none,test001.png,0,rot90_padded,90.0,True,0,588,588,154401.0,0.4465760886669159,blur,pnp_hqs,wavelet,15.0,fixed10p0,0.4,0.5,0.0,0.15,vanilla,False,0,20,adjoint,0.012102230138061767,19.17134592707509,0.3343039947523008,13,0.008227777509182663,20.847174607596045,0.49704042760409584,10.0,none
val_images,none,test001.png,0,rot90_padded,90.0,True,0,588,588,154401.0,0.4465760886669159,blur,pnp_hqs,wavelet,15.0,fixed10p0,0.4,0.5,0.0,0.15,vanilla,False,0,20,adjoint,0.012102230138061767,19.17134592707509,0.3343039947523008,14,0.008336580667233778,20.79012043109727,0.49397216905978586,10.0,none
val_images,none,test001.png,0,rot90_padded,90.0,True,0,588,588,154401.0,0.4465760886669159,blur,pnp_hqs,wavelet,15.0,fixed10p0,0.4,0.5,0.0,0.15,vanilla,False,0,20,adjoint,0.012102230138061767,19.17134592707509,0.3343039947523008,15,0.008445679511821087,20.733654027700304,0.49093700210814695,10.0,none
val_images,none,test001.png,0,rot90_padded,90.0,True,0,588,588,154401.0,0.4465760886669159,blur,pnp_hqs,wavelet,15.0,fixed10p0,0.4,0.5,0.0,0.15,vanilla,False,0,20,adjoint,0.012102230138061767,19.17134592707509,0.3343039947523008,16,0.008554791796705494,20.67790555689477,0.4879518267368735,10.0,none
val_images,none,test001.png,0,rot90_padded,90.0,True,0,588,588,154401.0,0.4465760886669159,blur,pnp_hqs,wavelet,15.0,fixed10p0,0.4,0.5,0.0,0.15,vanilla,False,0,20,adjoint,0.012102230138061767,19.17134592707509,0.3343039947523008,17,0.008664051134252287,20.62278993218139,0.485012392649659,10.0,none
val_images,none,test001.png,0,rot90_padded,90.0,True,0,588,588,154401.0,0.4465760886669159,blur,pnp_hqs,wavelet,15.0,fixed10p0,0.4,0.5,0.0,0.15,vanilla,False,0,20,adjoint,0.012102230138061767,19.17134592707509,0.3343039947523008,18,0.008773244060919295,20.568397889320824,0.4821290219946762,10.0,none
val_images,none,test001.png,0,rot90_padded,90.0,True,0,588,588,154401.0,0.4465760886669159,blur,pnp_hqs,wavelet,15.0,fixed10p0,0.4,0.5,0.0,0.15,vanilla,False,0,20,adjoint,0.012102230138061767,19.17134592707509,0.3343039947523008,19,0.00888207568077603,20.51485530689095,0.4793051554879826,10.0,none
val_images,none,test001.png,0,rot90_padded,90.0,True,0,588,588,154401.0,0.4465760886669159,blur,pnp_hqs,wavelet,15.0,fixed10p0,0.4,0.5,0.0,0.15,vanilla,False,0,20,adjoint,0.012102230138061767,19.17134592707509,0.3343039947523008,20,0.008990639285296484,20.462094263751617,0.4765396293579705,10.0,none
val_images,none,test001.png,0,rot90_padded,90.0,True,0,588,588,154401.0,0.4465760886669159,blur,pnp_hqs,wavelet,15.0,fixed10p0,0.4,0.5,0.0,0.15,G16_fixed,False,16,20,adjoint,0.012102230138061767,19.17134592707509,0.3343039947523008,1,0.007491285595978572,21.254436456745218,0.49890448612703286,10.0,0;22.5;45;67.5;90;112.5;135;157.5;180;202.5;225;247.5;270;292.5;315;337.5
val_images,none,test001.png,0,rot90_padded,90.0,True,0,588,588,154401.0,0.4465760886669159,blur,pnp_hqs,wavelet,15.0,fixed10p0,0.4,0.5,0.0,0.15,G16_fixed,False,16,20,adjoint,0.012102230138061767,19.17134592707509,0.3343039947523008,2,0.007147255892327446,21.45860668628326,0.5163986551252906,10.0,0;22.5;45;67.5;90;112.5;135;157.5;180;202.5;225;247.5;270;292.5;315;337.5
val_images,none,test001.png,0,rot90_padded,90.0,True,0,588,588,154401.0,0.4465760886669159,blur,pnp_hqs,wavelet,15.0,fixed10p0,0.4,0.5,0.0,0.15,G16_fixed,False,16,20,adjoint,0.012102230138061767,19.17134592707509,0.3343039947523008,3,0.007008243690030343,21.543908053280695,0.5242195039216068,10.0,0;22.5;45;67.5;90;112.5;135;157.5;180;202.5;225;247.5;270;292.5;315;337.5
val_images,none,test001.png,0,rot90_padded,90.0,True,0,588,588,154401.0,0.4465760886669159,blur,pnp_hqs,wavelet,15.0,fixed10p0,0.4,0.5,0.0,0.15,G16_fixed,False,16,20,adjoint,0.012102230138061767,19.17134592707509,0.3343039947523008,4,0.006944147703767301,21.58381050180516,0.5280726505171599,10.0,0;22.5;45;67.5;90;112.5;135;157.5;180;202.5;225;247.5;270;292.5;315;337.5
val_images,none,test001.png,0,rot90_padded,90.0,True,0,588,588,154401.0,0.4465760886669159,blur,pnp_hqs,wavelet,15.0,fixed10p0,0.4,0.5,0.0,0.15,G16_fixed,False,16,20,adjoint,0.012102230138061767,19.17134592707509,0.3343039947523008,5,0.00691185620407656,21.60405305602322,0.530107479873835,10.0,0;22.5;45;67.5;90;112.5;135;157.5;180;202.5;225;247.5;270;292.5;315;337.5
val_images,none,test001.png,0,rot90_padded,90.0,True,0,588,588,154401.0,0.4465760886669159,blur,pnp_hqs,wavelet,15.0,fixed10p0,0.4,0.5,0.0,0.15,G16_fixed,False,16,20,adjoint,0.012102230138061767,19.17134592707509,0.3343039947523008,6,0.006894542729594935,21.61494532475674,0.5312393236604686,10.0,0;22.5;45;67.5;90;112.5;135;157.5;180;202.5;225;247.5;270;292.5;315;337.5
val_images,none,test001.png,0,rot90_padded,90.0,True,0,588,588,154401.0,0.4465760886669159,blur,pnp_hqs,wavelet,15.0,fixed10p0,0.4,0.5,0.0,0.15,G16_fixed,False,16,20,adjoint,0.012102230138061767,19.17134592707509,0.3343039947523008,7,0.0068848372538774846,21.62106321286263,0.5318952354583195,10.0,0;22.5;45;67.5;90;112.5;135;157.5;180;202.5;225;247.5;270;292.5;315;337.5
val_images,none,test001.png,0,rot90_padded,90.0,True,0,588,588,154401.0,0.4465760886669159,blur,pnp_hqs,wavelet,15.0,fixed10p0,0.4,0.5,0.0,0.15,G16_fixed,False,16,20,adjoint,0.012102230138061767,19.17134592707509,0.3343039947523008,8,0.006879196282124144,21.624622987743738,0.5322881854715967,10.0,0;22.5;45;67.5;90;112.5;135;157.5;180;202.5;225;247.5;270;292.5;315;337.5
val_images,none,test001.png,0,rot90_padded,90.0,True,0,588,588,154401.0,0.4465760886669159,blur,pnp_hqs,wavelet,15.0,fixed10p0,0.4,0.5,0.0,0.15,G16_fixed,False,16,20,adjoint,0.012102230138061767,19.17134592707509,0.3343039947523008,9,0.0068758172333121224,21.62675675850451,0.5325303005647631,10.0,0;22.5;45;67.5;90;112.5;135;157.5;180;202.5;225;247.5;270;292.5;315;337.5
val_images,none,test001.png,0,rot90_padded,90.0,True,0,588,588,154401.0,0.4465760886669159,blur,pnp_hqs,wavelet,15.0,fixed10p0,0.4,0.5,0.0,0.15,G16_fixed,False,16,20,adjoint,0.012102230138061767,19.17134592707509,0.3343039947523008,10,0.006873742683924489,21.62806729551623,0.5326825522503092,10.0,0;22.5;45;67.5;90;112.5;135;157.5;180;202.5;225;247.5;270;292.5;315;337.5
val_images,none,test001.png,0,rot90_padded,90.0,True,0,588,588,154401.0,0.4465760886669159,blur,pnp_hqs,wavelet,15.0,fixed10p0,0.4,0.5,0.0,0.15,G16_fixed,False,16,20,adjoint,0.012102230138061767,19.17134592707509,0.3343039947523008,11,0.006872446090557218,21.628886582018968,0.5327799548739969,10.0,0;22.5;45;67.5;90;112.5;135;157.5;180;202.5;225;247.5;270;292.5;315;337.5
val_images,none,test001.png,0,rot90_padded,90.0,True,0,588,588,154401.0,0.4465760886669159,blur,pnp_hqs,wavelet,15.0,fixed10p0,0.4,0.5,0.0,0.15,G16_fixed,False,16,20,adjoint,0.012102230138061767,19.17134592707509,0.3343039947523008,12,0.006871621488799862,21.629407708667028,0.5328433045284681,10.0,0;22.5;45;67.5;90;112.5;135;157.5;180;202.5;225;247.5;270;292.5;315;337.5
val_images,none,test001.png,0,rot90_padded,90.0,True,0,588,588,154401.0,0.4465760886669159,blur,pnp_hqs,wavelet,15.0,fixed10p0,0.4,0.5,0.0,0.15,G16_fixed,False,16,20,adjoint,0.012102230138061767,19.17134592707509,0.3343039947523008,13,0.006871090201761566,21.629743501244718,0.532884997911283,10.0,0;22.5;45;67.5;90;112.5;135;157.5;180;202.5;225;247.5;270;292.5;315;337.5
val_images,none,test001.png,0,rot90_padded,90.0,True,0,588,588,154401.0,0.4465760886669159,blur,pnp_hqs,wavelet,15.0,fixed10p0,0.4,0.5,0.0,0.15,G16_fixed,False,16,20,adjoint,0.012102230138061767,19.17134592707509,0.3343039947523008,14,0.006870742335248395,21.629963379498562,0.5329126248372744,10.0,0;22.5;45;67.5;90;112.5;135;157.5;180;202.5;225;247.5;270;292.5;315;337.5
val_images,none,test001.png,0,rot90_padded,90.0,True,0,588,588,154401.0,0.4465760886669159,blur,pnp_hqs,wavelet,15.0,fixed10p0,0.4,0.5,0.0,0.15,G16_fixed,False,16,20,adjoint,0.012102230138061767,19.17134592707509,0.3343039947523008,15,0.0068705138501976995,21.63010780559088,0.5329312957817631,10.0,0;22.5;45;67.5;90;112.5;135;157.5;180;202.5;225;247.5;270;292.5;315;337.5
val_images,none,test001.png,0,rot90_padded,90.0,True,0,588,588,154401.0,0.4465760886669159,blur,pnp_hqs,wavelet,15.0,fixed10p0,0.4,0.5,0.0,0.15,G16_fixed,False,16,20,adjoint,0.012102230138061767,19.17134592707509,0.3343039947523008,16,0.006870362053901043,21.630203759145044,0.5329438948743855,10.0,0;22.5;45;67.5;90;112.5;135;157.5;180;202.5;225;247.5;270;292.5;315;337.5
val_images,none,test001.png,0,rot90_padded,90.0,True,0,588,588,154401.0,0.4465760886669159,blur,pnp_hqs,wavelet,15.0,fixed10p0,0.4,0.5,0.0,0.15,G16_fixed,False,16,20,adjoint,0.012102230138061767,19.17134592707509,0.3343039947523008,17,0.006870260065764228,21.63026822912996,0.5329524460657639,10.0,0;22.5;45;67.5;90;112.5;135;157.5;180;202.5;225;247.5;270;292.5;315;337.5
val_images,none,test001.png,0,rot90_padded,90.0,True,0,588,588,154401.0,0.4465760886669159,blur,pnp_hqs,wavelet,15.0,fixed10p0,0.4,0.5,0.0,0.15,G16_fixed,False,16,20,adjoint,0.012102230138061767,19.17134592707509,0.3343039947523008,18,0.006870192073673017,21.6303112096516,0.5329583155225679,10.0,0;22.5;45;67.5;90;112.5;135;157.5;180;202.5;225;247.5;270;292.5;315;337.5
val_images,none,test001.png,0,rot90_padded,90.0,True,0,588,588,154401.0,0.4465760886669159,blur,pnp_hqs,wavelet,15.0,fixed10p0,0.4,0.5,0.0,0.15,G16_fixed,False,16,20,adjoint,0.012102230138061767,19.17134592707509,0.3343039947523008,19,0.006870145427936024,21.630340696534553,0.5329624140225776,10.0,0;22.5;45;67.5;90;112.5;135;157.5;180;202.5;225;247.5;270;292.5;315;337.5
val_images,none,test001.png,0,rot90_padded,90.0,True,0,588,588,154401.0,0.4465760886669159,blur,pnp_hqs,wavelet,15.0,fixed10p0,0.4,0.5,0.0,0.15,G16_fixed,False,16,20,adjoint,0.012102230138061767,19.17134592707509,0.3343039947523008,20,0.006870113013101842,21.630361187537215,0.5329651969546829,10.0,0;22.5;45;67.5;90;112.5;135;157.5;180;202.5;225;247.5;270;292.5;315;337.5
val_images,none,test002.png,1,rot0_padded,0.0,True,0,588,588,154401.0,0.4465760886669159,blur,pnp_hqs,wavelet,15.0,fixed10p0,0.4,0.5,0.0,0.15,vanilla,False,0,20,adjoint,0.00769658534357169,21.137019105887124,0.29305466670390734,1,0.003763795500433935,24.243739812718275,0.6873903524750488,10.0,none
val_images,none,test002.png,1,rot0_padded,0.0,True,0,588,588,154401.0,0.4465760886669159,blur,pnp_hqs,wavelet,15.0,fixed10p0,0.4,0.5,0.0,0.15,vanilla,False,0,20,adjoint,0.00769658534357169,21.137019105887124,0.29305466670390734,2,0.003587692821775766,24.45184748325461,0.6657613535534096,10.0,none
val_images,none,test002.png,1,rot0_padded,0.0,True,0,588,588,154401.0,0.4465760886669159,blur,pnp_hqs,wavelet,15.0,fixed10p0,0.4,0.5,0.0,0.15,vanilla,False,0,20,adjoint,0.00769658534357169,21.137019105887124,0.29305466670390734,3,0.0035828388980084732,24.457727194026646,0.6426126713071807,10.0,none
val_images,none,test002.png,1,rot0_padded,0.0,True,0,588,588,154401.0,0.4465760886669159,blur,pnp_hqs,wavelet,15.0,fixed10p0,0.4,0.5,0.0,0.15,vanilla,False,0,20,adjoint,0.00769658534357169,21.137019105887124,0.29305466670390734,4,0.00363520585323484,24.39470991024299,0.6215280139053504,10.0,none
val_images,none,test002.png,1,rot0_padded,0.0,True,0,588,588,154401.0,0.4465760886669159,blur,pnp_hqs,wavelet,15.0,fixed10p0,0.4,0.5,0.0,0.15,vanilla,False,0,20,adjoint,0.00769658534357169,21.137019105887124,0.29305466670390734,5,0.0037112648898252358,24.30478046975969,0.6027576934411046,10.0,none
val_images,none,test002.png,1,rot0_padded,0.0,True,0,588,588,154401.0,0.4465760886669159,blur,pnp_hqs,wavelet,15.0,fixed10p0,0.4,0.5,0.0,0.15,vanilla,False,0,20,adjoint,0.00769658534357169,21.137019105887124,0.29305466670390734,6,0.0037988410751215586,24.203488748162872,0.5860322208891134,10.0,none
val_images,none,test002.png,1,rot0_padded,0.0,True,0,588,588,154401.0,0.4465760886669159,blur,pnp_hqs,wavelet,15.0,fixed10p0,0.4,0.5,0.0,0.15,vanilla,False,0,20,adjoint,0.00769658534357169,21.137019105887124,0.29305466670390734,7,0.0038921092262396294,24.09814980405862,0.5710645494523999,10.0,none
val_images,none,test002.png,1,rot0_padded,0.0,True,0,588,588,154401.0,0.4465760886669159,blur,pnp_hqs,wavelet,15.0,fixed10p0,0.4,0.5,0.0,0.15,vanilla,False,0,20,adjoint,0.00769658534357169,21.137019105887124,0.29305466670390734,8,0.003988279690925536,23.992143929967096,0.5575273051178425,10.0,none
val_images,none,test002.png,1,rot0_padded,0.0,True,0,588,588,154401.0,0.4465760886669159,blur,pnp_hqs,wavelet,15.0,fixed10p0,0.4,0.5,0.0,0.15,vanilla,False,0,20,adjoint,0.00769658534357169,21.137019105887124,0.29305466670390734,9,0.0040859898602350776,23.887027154444958,0.545160258434207,10.0,none
val_images,none,test002.png,1,rot0_padded,0.0,True,0,588,588,154401.0,0.4465760886669159,blur,pnp_hqs,wavelet,15.0,fixed10p0,0.4,0.5,0.0,0.15,vanilla,False,0,20,adjoint,0.00769658534357169,21.137019105887124,0.29305466670390734,10,0.004184589065667483,23.78347184092614,0.5337870727035446,10.0,none
val_images,none,test002.png,1,rot0_padded,0.0,True,0,588,588,154401.0,0.4465760886669159,blur,pnp_hqs,wavelet,15.0,fixed10p0,0.4,0.5,0.0,0.15,vanilla,False,0,20,adjoint,0.00769658534357169,21.137019105887124,0.29305466670390734,11,0.004283579225624348,23.681931963286083,0.5232645534193432,10.0,none
val_images,none,test002.png,1,rot0_padded,0.0,True,0,588,588,154401.0,0.4465760886669159,blur,pnp_hqs,wavelet,15.0,fixed10p0,0.4,0.5,0.0,0.15,vanilla,False,0,20,adjoint,0.00769658534357169,21.137019105887124,0.29305466670390734,12,0.004382542109684158,23.58273902292786,0.5134876575443165,10.0,none
val_images,none,test002.png,1,rot0_padded,0.0,True,0,588,588,154401.0,0.4465760886669159,blur,pnp_hqs,wavelet,15.0,fixed10p0,0.4,0.5,0.0,0.15,vanilla,False,0,20,adjoint,0.00769658534357169,21.137019105887124,0.29305466670390734,13,0.004481301017470337,23.485958827248666,0.5043553393436571,10.0,none
val_images,none,test002.png,1,rot0_padded,0.0,True,0,588,588,154401.0,0.4465760886669159,blur,pnp_hqs,wavelet,15.0,fixed10p0,0.4,0.5,0.0,0.15,vanilla,False,0,20,adjoint,0.00769658534357169,21.137019105887124,0.29305466670390734,14,0.004579776493108853,23.391557163581513,0.4957957991690468,10.0,none
val_images,none,test002.png,1,rot0_padded,0.0,True,0,588,588,154401.0,0.4465760886669159,blur,pnp_hqs,wavelet,15.0,fixed10p0,0.4,0.5,0.0,0.15,vanilla,False,0,20,adjoint,0.00769658534357169,21.137019105887124,0.29305466670390734,15,0.004678053526713719,23.299348132614945,0.4877414370697081,10.0,none
val_images,none,test002.png,1,rot0_padded,0.0,True,0,588,588,154401.0,0.4465760886669159,blur,pnp_hqs,wavelet,15.0,fixed10p0,0.4,0.5,0.0,0.15,vanilla,False,0,20,adjoint,0.00769658534357169,21.137019105887124,0.29305466670390734,16,0.004775843151897292,23.209499447312965,0.4801426662553999,10.0,none
val_images,none,test002.png,1,rot0_padded,0.0,True,0,588,588,154401.0,0.4465760886669159,blur,pnp_hqs,wavelet,15.0,fixed10p0,0.4,0.5,0.0,0.15,vanilla,False,0,20,adjoint,0.00769658534357169,21.137019105887124,0.29305466670390734,17,0.004873219290293619,23.121840453349698,0.47294787598525917,10.0,none
val_images,none,test002.png,1,rot0_padded,0.0,True,0,588,588,154401.0,0.4465760886669159,blur,pnp_hqs,wavelet,15.0,fixed10p0,0.4,0.5,0.0,0.15,vanilla,False,0,20,adjoint,0.00769658534357169,21.137019105887124,0.29305466670390734,18,0.00497023372657682,23.03623187971724,0.46612200131475834,10.0,none
val_images,none,test002.png,1,rot0_padded,0.0,True,0,588,588,154401.0,0.4465760886669159,blur,pnp_hqs,wavelet,15.0,fixed10p0,0.4,0.5,0.0,0.15,vanilla,False,0,20,adjoint,0.00769658534357169,21.137019105887124,0.29305466670390734,19,0.005066764312164429,22.952692970724762,0.4596402488487769,10.0,none
val_images,none,test002.png,1,rot0_padded,0.0,True,0,588,588,154401.0,0.4465760886669159,blur,pnp_hqs,wavelet,15.0,fixed10p0,0.4,0.5,0.0,0.15,vanilla,False,0,20,adjoint,0.00769658534357169,21.137019105887124,0.29305466670390734,20,0.0051627964208507795,22.871149996950333,0.4534726135193425,10.0,none
val_images,none,test002.png,1,rot0_padded,0.0,True,0,588,588,154401.0,0.4465760886669159,blur,pnp_hqs,wavelet,15.0,fixed10p0,0.4,0.5,0.0,0.15,G16_fixed,False,16,20,adjoint,0.00769658534357169,21.137019105887124,0.29305466670390734,1,0.003535772954079394,24.515156305244314,0.7007940160685487,10.0,0;22.5;45;67.5;90;112.5;135;157.5;180;202.5;225;247.5;270;292.5;315;337.5
val_images,none,test002.png,1,rot0_padded,0.0,True,0,588,588,154401.0,0.4465760886669159,blur,pnp_hqs,wavelet,15.0,fixed10p0,0.4,0.5,0.0,0.15,G16_fixed,False,16,20,adjoint,0.00769658534357169,21.137019105887124,0.29305466670390734,2,0.0033210068889966307,24.78730223513292,0.6978681424505022,10.0,0;22.5;45;67.5;90;112.5;135;157.5;180;202.5;225;247.5;270;292.5;315;337.5
val_images,none,test002.png,1,rot0_padded,0.0,True,0,588,588,154401.0,0.4465760886669159,blur,pnp_hqs,wavelet,15.0,fixed10p0,0.4,0.5,0.0,0.15,G16_fixed,False,16,20,adjoint,0.00769658534357169,21.137019105887124,0.29305466670390734,3,0.0032402809068897706,24.894173382427883,0.6932719529828175,10.0,0;22.5;45;67.5;90;112.5;135;157.5;180;202.5;225;247.5;270;292.5;315;337.5
val_images,none,test002.png,1,rot0_padded,0.0,True,0,588,588,154401.0,0.4465760886669159,blur,pnp_hqs,wavelet,15.0,fixed10p0,0.4,0.5,0.0,0.15,G16_fixed,False,16,20,adjoint,0.00769658534357169,21.137019105887124,0.29305466670390734,4,0.003206095115913676,24.94023597482905,0.6893550519426688,10.0,0;22.5;45;67.5;90;112.5;135;157.5;180;202.5;225;247.5;270;292.5;315;337.5
val_images,none,test002.png,1,rot0_padded,0.0,True,0,588,588,154401.0,0.4465760886669159,blur,pnp_hqs,wavelet,15.0,fixed10p0,0.4,0.5,0.0,0.15,G16_fixed,False,16,20,adjoint,0.00769658534357169,21.137019105887124,0.29305466670390734,5,0.0031905537841349393,24.961339299457933,0.6863990214603533,10.0,0;22.5;45;67.5;90;112.5;135;157.5;180;202.5;225;247.5;270;292.5;315;337.5
val_images,none,test002.png,1,rot0_padded,0.0,True,0,588,588,154401.0,0.4465760886669159,blur,pnp_hqs,wavelet,15.0,fixed10p0,0.4,0.5,0.0,0.15,G16_fixed,False,16,20,adjoint,0.00769658534357169,21.137019105887124,0.29305466670390734,6,0.0031831671549700535,24.971405550406253,0.6842648161281338,10.0,0;22.5;45;67.5;90;112.5;135;157.5;180;202.5;225;247.5;270;292.5;315;337.5
val_images,none,test002.png,1,rot0_padded,0.0,True,0,588,588,154401.0,0.4465760886669159,blur,pnp_hqs,wavelet,15.0,fixed10p0,0.4,0.5,0.0,0.15,G16_fixed,False,16,20,adjoint,0.00769658534357169,21.137019105887124,0.29305466670390734,7,0.003179581165112981,24.976300843111968,0.6827545947727023,10.0,0;22.5;45;67.5;90;112.5;135;157.5;180;202.5;225;247.5;270;292.5;315;337.5
val_images,none,test002.png,1,rot0_padded,0.0,True,0,588,588,154401.0,0.4465760886669159,blur,pnp_hqs,wavelet,15.0,fixed10p0,0.4,0.5,0.0,0.15,G16_fixed,False,16,20,adjoint,0.00769658534357169,21.137019105887124,0.29305466670390734,8,0.003177826020432895,24.97869883225006,0.681695916801057,10.0,0;22.5;45;67.5;90;112.5;135;157.5;180;202.5;225;247.5;270;292.5;315;337.5
val_images,none,test002.png,1,rot0_padded,0.0,True,0,588,588,154401.0,0.4465760886669159,blur,pnp_hqs,wavelet,15.0,fixed10p0,0.4,0.5,0.0,0.15,G16_fixed,False,16,20,adjoint,0.00769658534357169,21.137019105887124,0.29305466670390734,9,0.003176969794447069,24.979869142780842,0.6809580350030117,10.0,0;22.5;45;67.5;90;112.5;135;157.5;180;202.5;225;247.5;270;292.5;315;337.5
val_images,none,test002.png,1,rot0_padded,0.0,True,0,588,588,154401.0,0.4465760886669159,blur,pnp_hqs,wavelet,15.0,fixed10p0,0.4,0.5,0.0,0.15,G16_fixed,False,16,20,adjoint,0.00769658534357169,21.137019105887124,0.29305466670390734,10,0.0031765610512940936,24.980427934106196,0.680444963520314,10.0,0;22.5;45;67.5;90;112.5;135;157.5;180;202.5;225;247.5;270;292.5;315;337.5
val_images,none,test002.png,1,rot0_padded,0.0,True,0,588,588,154401.0,0.4465760886669159,blur,pnp_hqs,wavelet,15.0,fixed10p0,0.4,0.5,0.0,0.15,G16_fixed,False,16,20,adjoint,0.00769658534357169,21.137019105887124,0.29305466670390734,11,0.0031763740730432646,24.98068357538383,0.6800883434207032,10.0,0;22.5;45;67.5;90;112.5;135;157.5;180;202.5;225;247.5;270;292.5;315;337.5
val_images,none,test002.png,1,rot0_padded,0.0,True,0,588,588,154401.0,0.4465760886669159,blur,pnp_hqs,wavelet,15.0,fixed10p0,0.4,0.5,0.0,0.15,G16_fixed,False,16,20,adjoint,0.00769658534357169,21.137019105887124,0.29305466670390734,12,0.0031762969889863693,24.980788970989003,0.6798406118645605,10.0,0;22.5;45;67.5;90;112.5;135;157.5;180;202.5;225;247.5;270;292.5;315;337.5
val_images,none,test002.png,1,rot0_padded,0.0,True,0,588,588,154401.0,0.4465760886669159,blur,pnp_hqs,wavelet,15.0,fixed10p0,0.4,0.5,0.0,0.15,G16_fixed,False,16,20,adjoint,0.00769658534357169,21.137019105887124,0.29305466670390734,13,0.003176272480209305,24.98082248192246,0.679668525462918,10.0,0;22.5;45;67.5;90;112.5;135;157.5;180;202.5;225;247.5;270;292.5;315;337.5
val_images,none,test002.png,1,rot0_padded,0.0,True,0,588,588,154401.0,0.4465760886669159,blur,pnp_hqs,wavelet,15.0,fixed10p0,0.4,0.5,0.0,0.15,G16_fixed,False,16,20,adjoint,0.00769658534357169,21.137019105887124,0.29305466670390734,14,0.003176271689603593,24.98082356292462,0.6795488593823874,10.0,0;22.5;45;67.5;90;112.5;135;157.5;180;202.5;225;247.5;270;292.5;315;337.5
val_images,none,test002.png,1,rot0_padded,0.0,True,0,588,588,154401.0,0.4465760886669159,blur,pnp_hqs,wavelet,15.0,fixed10p0,0.4,0.5,0.0,0.15,G16_fixed,False,16,20,adjoint,0.00769658534357169,21.137019105887124,0.29305466670390734,15,0.003176280781569278,24.98081113141604,0.6794656244130544,10.0,0;22.5;45;67.5;90;112.5;135;157.5;180;202.5;225;247.5;270;292.5;315;337.5
val_images,none,test002.png,1,rot0_padded,0.0,True,0,588,588,154401.0,0.4465760886669159,blur,pnp_hqs,wavelet,15.0,fixed10p0,0.4,0.5,0.0,0.15,G16_fixed,False,16,20,adjoint,0.00769658534357169,21.137019105887124,0.29305466670390734,16,0.0031762932336092385,24.980794105712036,0.6794078406227939,10.0,0;22.5;45;67.5;90;112.5;135;157.5;180;202.5;225;247.5;270;292.5;315;337.5
val_images,none,test002.png,1,rot0_padded,0.0,True,0,588,588,154401.0,0.4465760886669159,blur,pnp_hqs,wavelet,15.0,fixed10p0,0.4,0.5,0.0,0.15,G16_fixed,False,16,20,adjoint,0.00769658534357169,21.137019105887124,0.29305466670390734,17,0.0031763046973920586,24.98077843131339,0.6793674122091178,10.0,0;22.5;45;67.5;90;112.5;135;157.5;180;202.5;225;247.5;270;292.5;315;337.5
val_images,none,test002.png,1,rot0_padded,0.0,True,0,588,588,154401.0,0.4465760886669159,blur,pnp_hqs,wavelet,15.0,fixed10p0,0.4,0.5,0.0,0.15,G16_fixed,False,16,20,adjoint,0.00769658534357169,21.137019105887124,0.29305466670390734,18,0.0031763143823120275,24.9807651891931,0.6793391780979398,10.0,0;22.5;45;67.5;90;112.5;135;157.5;180;202.5;225;247.5;270;292.5;315;337.5
val_images,none,test002.png,1,rot0_padded,0.0,True,0,588,588,154401.0,0.4465760886669159,blur,pnp_hqs,wavelet,15.0,fixed10p0,0.4,0.5,0.0,0.15,G16_fixed,False,16,20,adjoint,0.00769658534357169,21.137019105887124,0.29305466670390734,19,0.0031763224860205733,24.980754109082657,0.6793192421843123,10.0,0;22.5;45;67.5;90;112.5;135;157.5;180;202.5;225;247.5;270;292.5;315;337.5
val_images,none,test002.png,1,rot0_padded,0.0,True,0,588,588,154401.0,0.4465760886669159,blur,pnp_hqs,wavelet,15.0,fixed10p0,0.4,0.5,0.0,0.15,G16_fixed,False,16,20,adjoint,0.00769658534357169,21.137019105887124,0.29305466670390734,20,0.003176329206169123,24.98074492071983,0.6793054793200821,10.0,0;22.5;45;67.5;90;112.5;135;157.5;180;202.5;225;247.5;270;292.5;315;337.5
val_images,none,test002.png,1,rot5_padded,5.0,True,0,640,640,154397.0,0.3769457936286926,blur,pnp_hqs,wavelet,15.0,fixed10p0,0.4,0.5,0.0,0.15,vanilla,False,0,20,adjoint,0.007749211954409736,21.107424602359814,0.2952910658076258,1,0.003757397225172769,24.2511288969003,0.6817064430494116,10.0,none
val_images,none,test002.png,1,rot5_padded,5.0,True,0,640,640,154397.0,0.3769457936286926,blur,pnp_hqs,wavelet,15.0,fixed10p0,0.4,0.5,0.0,0.15,vanilla,False,0,20,adjoint,0.007749211954409736,21.107424602359814,0.2952910658076258,2,0.0035856751923663104,24.454290534664857,0.6627094539563593,10.0,none
val_images,none,test002.png,1,rot5_padded,5.0,True,0,640,640,154397.0,0.3769457936286926,blur,pnp_hqs,wavelet,15.0,fixed10p0,0.4,0.5,0.0,0.15,vanilla,False,0,20,adjoint,0.007749211954409736,21.107424602359814,0.2952910658076258,3,0.003588417874633858,24.450969886824588,0.6414420394340563,10.0,none
val_images,none,test002.png,1,rot5_padded,5.0,True,0,640,640,154397.0,0.3769457936286926,blur,pnp_hqs,wavelet,15.0,fixed10p0,0.4,0.5,0.0,0.15,vanilla,False,0,20,adjoint,0.007749211954409736,21.107424602359814,0.2952910658076258,4,0.0036453678653386237,24.38258639136036,0.6219956710622616,10.0,none
val_images,none,test002.png,1,rot5_padded,5.0,True,0,640,640,154397.0,0.3769457936286926,blur,pnp_hqs,wavelet,15.0,fixed10p0,0.4,0.5,0.0,0.15,vanilla,False,0,20,adjoint,0.007749211954409736,21.107424602359814,0.2952910658076258,5,0.0037214759146672214,24.29284787409976,0.6048347057423396,10.0,none
val_images,none,test002.png,1,rot5_padded,5.0,True,0,640,640,154397.0,0.3769457936286926,blur,pnp_hqs,wavelet,15.0,fixed10p0,0.4,0.5,0.0,0.15,vanilla,False,0,20,adjoint,0.007749211954409736,21.107424602359814,0.2952910658076258,6,0.003804539497938958,24.196979027849068,0.5896451700000648,10.0,none
val_images,none,test002.png,1,rot5_padded,5.0,True,0,640,640,154397.0,0.3769457936286926,blur,pnp_hqs,wavelet,15.0,fixed10p0,0.4,0.5,0.0,0.15,vanilla,False,0,20,adjoint,0.007749211954409736,21.107424602359814,0.2952910658076258,7,0.0038896053420474086,24.100944620332058,0.5761047919486778,10.0,none
val_images,none,test002.png,1,rot5_padded,5.0,True,0,640,640,154397.0,0.3769457936286926,blur,pnp_hqs,wavelet,15.0,fixed10p0,0.4,0.5,0.0,0.15,vanilla,False,0,20,adjoint,0.007749211954409736,21.107424602359814,0.2952910658076258,8,0.003975561826563583,24.00601488156034,0.5638742474756634,10.0,none
val_images,none,test002.png,1,rot5_padded,5.0,True,0,640,640,154397.0,0.3769457936286926,blur,pnp_hqs,wavelet,15.0,fixed10p0,0.4,0.5,0.0,0.15,vanilla,False,0,20,adjoint,0.007749211954409736,21.107424602359814,0.2952910658076258,9,0.004062184413648339,23.912403645324215,0.55268085276916,10.0,none
val_images,none,test002.png,1,rot5_padded,5.0,True,0,640,640,154397.0,0.3769457936286926,blur,pnp_hqs,wavelet,15.0,fixed10p0,0.4,0.5,0.0,0.15,vanilla,False,0,20,adjoint,0.007749211954409736,21.107424602359814,0.2952910658076258,10,0.004149010586978091,23.8205545698585,0.5423511001671016,10.0,none
val_images,none,test002.png,1,rot5_padded,5.0,True,0,640,640,154397.0,0.3769457936286926,blur,pnp_hqs,wavelet,15.0,fixed10p0,0.4,0.5,0.0,0.15,vanilla,False,0,20,adjoint,0.007749211954409736,21.107424602359814,0.2952910658076258,11,0.004235838736873328,23.730605823273475,0.5327557570742955,10.0,none
val_images,none,test002.png,1,rot5_padded,5.0,True,0,640,640,154397.0,0.3769457936286926,blur,pnp_hqs,wavelet,15.0,fixed10p0,0.4,0.5,0.0,0.15,vanilla,False,0,20,adjoint,0.007749211954409736,21.107424602359814,0.2952910658076258,12,0.0043229946013260455,23.642153068248426,0.5237672606980706,10.0,none
val_images,none,test002.png,1,rot5_padded,5.0,True,0,640,640,154397.0,0.3769457936286926,blur,pnp_hqs,wavelet,15.0,fixed10p0,0.4,0.5,0.0,0.15,vanilla,False,0,20,adjoint,0.007749211954409736,21.107424602359814,0.2952910658076258,13,0.004410343773883236,23.55527557180316,0.5153111783260037,10.0,none
val_images,none,test002.png,1,rot5_padded,5.0,True,0,640,640,154397.0,0.3769457936286926,blur,pnp_hqs,wavelet,15.0,fixed10p0,0.4,0.5,0.0,0.15,vanilla,False,0,20,adjoint,0.007749211954409736,21.107424602359814,0.2952910658076258,14,0.004497771218433648,23.470026389623584,0.5073242598625621,10.0,none
val_images,none,test002.png,1,rot5_padded,5.0,True,0,640,640,154397.0,0.3769457936286926,blur,pnp_hqs,wavelet,15.0,fixed10p0,0.4,0.5,0.0,0.15,vanilla,False,0,20,adjoint,0.007749211954409736,21.107424602359814,0.2952910658076258,15,0.004585417666439843,23.386211001316237,0.49974968142191883,10.0,none
val_images,none,test002.png,1,rot5_padded,5.0,True,0,640,640,154397.0,0.3769457936286926,blur,pnp_hqs,wavelet,15.0,fixed10p0,0.4,0.5,0.0,0.15,vanilla,False,0,20,adjoint,0.007749211954409736,21.107424602359814,0.2952910658076258,16,0.004673326207029403,23.303739033394145,0.4925436739379651,10.0,none
val_images,none,test002.png,1,rot5_padded,5.0,True,0,640,640,154397.0,0.3769457936286926,blur,pnp_hqs,wavelet,15.0,fixed10p0,0.4,0.5,0.0,0.15,vanilla,False,0,20,adjoint,0.007749211954409736,21.107424602359814,0.2952910658076258,17,0.004761364015001708,23.222686146474608,0.4856724365596482,10.0,none
val_images,none,test002.png,1,rot5_padded,5.0,True,0,640,640,154397.0,0.3769457936286926,blur,pnp_hqs,wavelet,15.0,fixed10p0,0.4,0.5,0.0,0.15,vanilla,False,0,20,adjoint,0.007749211954409736,21.107424602359814,0.2952910658076258,18,0.004849233419594657,23.14326910460248,0.4791148184550218,10.0,none
val_images,none,test002.png,1,rot5_padded,5.0,True,0,640,640,154397.0,0.3769457936286926,blur,pnp_hqs,wavelet,15.0,fixed10p0,0.4,0.5,0.0,0.15,vanilla,False,0,20,adjoint,0.007749211954409736,21.107424602359814,0.2952910658076258,19,0.0049369221661022394,23.065437196710427,0.47284521598541424,10.0,none
val_images,none,test002.png,1,rot5_padded,5.0,True,0,640,640,154397.0,0.3769457936286926,blur,pnp_hqs,wavelet,15.0,fixed10p0,0.4,0.5,0.0,0.15,vanilla,False,0,20,adjoint,0.007749211954409736,21.107424602359814,0.2952910658076258,20,0.005024564265664367,22.989015946483093,0.4668391387138351,10.0,none
val_images,none,test002.png,1,rot5_padded,5.0,True,0,640,640,154397.0,0.3769457936286926,blur,pnp_hqs,wavelet,15.0,fixed10p0,0.4,0.5,0.0,0.15,G16_fixed,False,16,20,adjoint,0.007749211954409736,21.107424602359814,0.2952910658076258,1,0.0035239450756916423,24.529708691334093,0.696267525842471,10.0,0;22.5;45;67.5;90;112.5;135;157.5;180;202.5;225;247.5;270;292.5;315;337.5
val_images,none,test002.png,1,rot5_padded,5.0,True,0,640,640,154397.0,0.3769457936286926,blur,pnp_hqs,wavelet,15.0,fixed10p0,0.4,0.5,0.0,0.15,G16_fixed,False,16,20,adjoint,0.007749211954409736,21.107424602359814,0.2952910658076258,2,0.003307712567062811,24.804722367138474,0.6950614730208489,10.0,0;22.5;45;67.5;90;112.5;135;157.5;180;202.5;225;247.5;270;292.5;315;337.5
val_images,none,test002.png,1,rot5_padded,5.0,True,0,640,640,154397.0,0.3769457936286926,blur,pnp_hqs,wavelet,15.0,fixed10p0,0.4,0.5,0.0,0.15,G16_fixed,False,16,20,adjoint,0.007749211954409736,21.107424602359814,0.2952910658076258,3,0.003224597395431906,24.915245011394642,0.6916417174556501,10.0,0;22.5;45;67.5;90;112.5;135;157.5;180;202.5;225;247.5;270;292.5;315;337.5
val_images,none,test002.png,1,rot5_padded,5.0,True,0,640,640,154397.0,0.3769457936286926,blur,pnp_hqs,wavelet,15.0,fixed10p0,0.4,0.5,0.0,0.15,G16_fixed,False,16,20,adjoint,0.007749211954409736,21.107424602359814,0.2952910658076258,4,0.003188359241479048,24.96432751327909,0.6884707118661632,10.0,0;22.5;45;67.5;90;112.5;135;157.5;180;202.5;225;247.5;270;292.5;315;337.5
val_images,none,test002.png,1,rot5_padded,5.0,True,0,640,640,154397.0,0.3769457936286926,blur,pnp_hqs,wavelet,15.0,fixed10p0,0.4,0.5,0.0,0.15,G16_fixed,False,16,20,adjoint,0.007749211954409736,21.107424602359814,0.2952910658076258,5,0.0031713113641674345,24.98761116187567,0.6859907009203546,10.0,0;22.5;45;67.5;90;112.5;135;157.5;180;202.5;225;247.5;270;292.5;315;337.5
val_images,none,test002.png,1,rot5_padded,5.0,True,0,640,640,154397.0,0.3769457936286926,blur,pnp_hqs,wavelet,15.0,fixed10p0,0.4,0.5,0.0,0.15,G16_fixed,False,16,20,adjoint,0.007749211954409736,21.107424602359814,0.2952910658076258,6,0.003162858779525651,24.999201987393292,0.6841624695589941,10.0,0;22.5;45;67.5;90;112.5;135;157.5;180;202.5;225;247.5;270;292.5;315;337.5
val_images,none,test002.png,1,rot5_padded,5.0,True,0,640,640,154397.0,0.3769457936286926,blur,pnp_hqs,wavelet,15.0,fixed10p0,0.4,0.5,0.0,0.15,G16_fixed,False,16,20,adjoint,0.007749211954409736,21.107424602359814,0.2952910658076258,7,0.0031585253573554496,25.005156321413587,0.682849144575348,10.0,0;22.5;45;67.5;90;112.5;135;157.5;180;202.5;225;247.5;270;292.5;315;337.5
val_images,none,test002.png,1,rot5_padded,5.0,True,0,640,640,154397.0,0.3769457936286926,blur,pnp_hqs,wavelet,15.0,fixed10p0,0.4,0.5,0.0,0.15,G16_fixed,False,16,20,adjoint,0.007749211954409736,21.107424602359814,0.2952910658076258,8,0.0031562606086222734,25.008271448118386,0.6819188621702494,10.0,0;22.5;45;67.5;90;112.5;135;157.5;180;202.5;225;247.5;270;292.5;315;337.5
val_images,none,test002.png,1,rot5_padded,5.0,True,0,640,640,154397.0,0.3769457936286926,blur,pnp_hqs,wavelet,15.0,fixed10p0,0.4,0.5,0.0,0.15,G16_fixed,False,16,20,adjoint,0.007749211954409736,21.107424602359814,0.2952910658076258,9,0.003155061031029181,25.00992235411023,0.6812652609830502,10.0,0;22.5;45;67.5;90;112.5;135;157.5;180;202.5;225;247.5;270;292.5;315;337.5
val_images,none,test002.png,1,rot5_padded,5.0,True,0,640,640,154397.0,0.3769457936286926,blur,pnp_hqs,wavelet,15.0,fixed10p0,0.4,0.5,0.0,0.15,G16_fixed,False,16,20,adjoint,0.007749211954409736,21.107424602359814,0.2952910658076258,10,0.003154422402720847,25.01080151562688,0.6808071784911623,10.0,0;22.5;45;67.5;90;112.5;135;157.5;180;202.5;225;247.5;270;292.5;315;337.5
val_images,none,test002.png,1,rot5_padded,5.0,True,0,640,640,154397.0,0.3769457936286926,blur,pnp_hqs,wavelet,15.0,fixed10p0,0.4,0.5,0.0,0.15,G16_fixed,False,16,20,adjoint,0.007749211954409736,21.107424602359814,0.2952910658076258,11,0.00315408203814426,25.011270147959554,0.6804875884084536,10.0,0;22.5;45;67.5;90;112.5;135;157.5;180;202.5;225;247.5;270;292.5;315;337.5
val_images,none,test002.png,1,rot5_padded,5.0,True,0,640,640,154397.0,0.3769457936286926,blur,pnp_hqs,wavelet,15.0,fixed10p0,0.4,0.5,0.0,0.15,G16_fixed,False,16,20,adjoint,0.007749211954409736,21.107424602359814,0.2952910658076258,12,0.0031539017753719916,25.011518363965255,0.6802652010725597,10.0,0;22.5;45;67.5;90;112.5;135;157.5;180;202.5;225;247.5;270;292.5;315;337.5
val_images,none,test002.png,1,rot5_padded,5.0,True,0,640,640,154397.0,0.3769457936286926,blur,pnp_hqs,wavelet,15.0,fixed10p0,0.4,0.5,0.0,0.15,G16_fixed,False,16,20,adjoint,0.007749211954409736,21.107424602359814,0.2952910658076258,13,0.0031538088767941773,25.011646287841124,0.6801097576377779,10.0,0;22.5;45;67.5;90;112.5;135;157.5;180;202.5;225;247.5;270;292.5;315;337.5
val_images,none,test002.png,1,rot5_padded,5.0,True,0,640,640,154397.0,0.3769457936286926,blur,pnp_hqs,wavelet,15.0,fixed10p0,0.4,0.5,0.0,0.15,G16_fixed,False,16,20,adjoint,0.007749211954409736,21.107424602359814,0.2952910658076258,14,0.003153762625161819,25.011709979005644,0.680002131275219,10.0,0;22.5;45;67.5;90;112.5;135;157.5;180;202.5;225;247.5;270;292.5;315;337.5
val_images,none,test002.png,1,rot5_padded,5.0,True,0,640,640,154397.0,0.3769457936286926,blur,pnp_hqs,wavelet,15.0,fixed10p0,0.4,0.5,0.0,0.15,G16_fixed,False,16,20,adjoint,0.007749211954409736,21.107424602359814,0.2952910658076258,15,0.0031537416735676737,25.0117388308662,0.6799263829608089,10.0,0;22.5;45;67.5;90;112.5;135;157.5;180;202.5;225;247.5;270;292.5;315;337.5
val_images,none,test002.png,1,rot5_padded,5.0,True,0,640,640,154397.0,0.3769457936286926,blur,pnp_hqs,wavelet,15.0,fixed10p0,0.4,0.5,0.0,0.15,G16_fixed,False,16,20,adjoint,0.007749211954409736,21.107424602359814,0.2952910658076258,16,0.003153733767305732,25.011749718410563,0.6798738600814783,10.0,0;22.5;45;67.5;90;112.5;135;157.5;180;202.5;225;247.5;270;292.5;315;337.5
val_images,none,test002.png,1,rot5_padded,5.0,True,0,640,640,154397.0,0.3769457936286926,blur,pnp_hqs,wavelet,15.0,fixed10p0,0.4,0.5,0.0,0.15,G16_fixed,False,16,20,adjoint,0.007749211954409736,21.107424602359814,0.2952910658076258,17,0.0031537310001140528,25.01175352905754,0.6798369726257635,10.0,0;22.5;45;67.5;90;112.5;135;157.5;180;202.5;225;247.5;270;292.5;315;337.5
val_images,none,test002.png,1,rot5_padded,5.0,True,0,640,640,154397.0,0.3769457936286926,blur,pnp_hqs,wavelet,15.0,fixed10p0,0.4,0.5,0.0,0.15,G16_fixed,False,16,20,adjoint,0.007749211954409736,21.107424602359814,0.2952910658076258,18,0.0031537317907402466,25.011752440300917,0.6798114195871682,10.0,0;22.5;45;67.5;90;112.5;135;157.5;180;202.5;225;247.5;270;292.5;315;337.5
val_images,none,test002.png,1,rot5_padded,5.0,True,0,640,640,154397.0,0.3769457936286926,blur,pnp_hqs,wavelet,15.0,fixed10p0,0.4,0.5,0.0,0.15,G16_fixed,False,16,20,adjoint,0.007749211954409736,21.107424602359814,0.2952910658076258,19,0.003153733964962281,25.01174944622162,0.679793709560419,10.0,0;22.5;45;67.5;90;112.5;135;157.5;180;202.5;225;247.5;270;292.5;315;337.5
val_images,none,test002.png,1,rot5_padded,5.0,True,0,640,640,154397.0,0.3769457936286926,blur,pnp_hqs,wavelet,15.0,fixed10p0,0.4,0.5,0.0,0.15,G16_fixed,False,16,20,adjoint,0.007749211954409736,21.107424602359814,0.2952910658076258,20,0.003153736929810509,25.011745363389544,0.6797811101413888,10.0,0;22.5;45;67.5;90;112.5;135;157.5;180;202.5;225;247.5;270;292.5;315;337.5
val_images,none,test002.png,1,rot10_padded,10.0,True,0,690,690,154403.0,0.324307918548584,blur,pnp_hqs,wavelet,15.0,fixed10p0,0.4,0.5,0.0,0.15,vanilla,False,0,20,adjoint,0.007781648592937394,21.089283851480623,0.29192842755645937,1,0.0037776185356866447,24.22781899302123,0.6833708906238869,10.0,none
val_images,none,test002.png,1,rot10_padded,10.0,True,0,690,690,154403.0,0.324307918548584,blur,pnp_hqs,wavelet,15.0,fixed10p0,0.4,0.5,0.0,0.15,vanilla,False,0,20,adjoint,0.007781648592937394,21.089283851480623,0.29192842755645937,2,0.003595744419382638,24.442111849022336,0.6669321212184997,10.0,none
val_images,none,test002.png,1,rot10_padded,10.0,True,0,690,690,154403.0,0.324307918548584,blur,pnp_hqs,wavelet,15.0,fixed10p0,0.4,0.5,0.0,0.15,vanilla,False,0,20,adjoint,0.007781648592937394,21.089283851480623,0.29192842755645937,3,0.003591515128910829,24.44722299803242,0.6475600275739462,10.0,none
val_images,none,test002.png,1,rot10_padded,10.0,True,0,690,690,154403.0,0.324307918548584,blur,pnp_hqs,wavelet,15.0,fixed10p0,0.4,0.5,0.0,0.15,vanilla,False,0,20,adjoint,0.007781648592937394,21.089283851480623,0.29192842755645937,4,0.003642374135556587,24.386154466074366,0.6296603389344767,10.0,none
val_images,none,test002.png,1,rot10_padded,10.0,True,0,690,690,154403.0,0.324307918548584,blur,pnp_hqs,wavelet,15.0,fixed10p0,0.4,0.5,0.0,0.15,vanilla,False,0,20,adjoint,0.007781648592937394,21.089283851480623,0.29192842755645937,5,0.003711438184111748,24.304577684462636,0.613828898645104,10.0,none
val_images,none,test002.png,1,rot10_padded,10.0,True,0,690,690,154403.0,0.324307918548584,blur,pnp_hqs,wavelet,15.0,fixed10p0,0.4,0.5,0.0,0.15,vanilla,False,0,20,adjoint,0.007781648592937394,21.089283851480623,0.29192842755645937,6,0.0037859427154002027,24.218259615750235,0.5998423160495586,10.0,none
val_images,none,test002.png,1,rot10_padded,10.0,True,0,690,690,154403.0,0.324307918548584,blur,pnp_hqs,wavelet,15.0,fixed10p0,0.4,0.5,0.0,0.15,vanilla,False,0,20,adjoint,0.007781648592937394,21.089283851480623,0.29192842755645937,7,0.003861439839302426,24.132507270207448,0.5873538422990486,10.0,none
val_images,none,test002.png,1,rot10_padded,10.0,True,0,690,690,154403.0,0.324307918548584,blur,pnp_hqs,wavelet,15.0,fixed10p0,0.4,0.5,0.0,0.15,vanilla,False,0,20,adjoint,0.007781648592937394,21.089283851480623,0.29192842755645937,8,0.003936767380476132,24.048602464646045,0.5760445069072492,10.0,none
val_images,none,test002.png,1,rot10_padded,10.0,True,0,690,690,154403.0,0.324307918548584,blur,pnp_hqs,wavelet,15.0,fixed10p0,0.4,0.5,0.0,0.15,vanilla,False,0,20,adjoint,0.007781648592937394,21.089283851480623,0.29192842755645937,9,0.0040116940897460705,23.9667219135464,0.5656486697959237,10.0,none
val_images,none,test002.png,1,rot10_padded,10.0,True,0,690,690,154403.0,0.324307918548584,blur,pnp_hqs,wavelet,15.0,fixed10p0,0.4,0.5,0.0,0.15,vanilla,False,0,20,adjoint,0.007781648592937394,21.089283851480623,0.29192842755645937,10,0.0040863436953034425,23.88665108409309,0.5559783589859005,10.0,none
val_images,none,test002.png,1,rot10_padded,10.0,True,0,690,690,154403.0,0.324307918548584,blur,pnp_hqs,wavelet,15.0,fixed10p0,0.4,0.5,0.0,0.15,vanilla,False,0,20,adjoint,0.007781648592937394,21.089283851480623,0.29192842755645937,11,0.0041607881413361055,23.808243970143316,0.5469161362635441,10.0,none
val_images,none,test002.png,1,rot10_padded,10.0,True,0,690,690,154403.0,0.324307918548584,blur,pnp_hqs,wavelet,15.0,fixed10p0,0.4,0.5,0.0,0.15,vanilla,False,0,20,adjoint,0.007781648592937394,21.089283851480623,0.29192842755645937,12,0.004235044425646684,23.731420295571198,0.5383637400989618,10.0,none
val_images,none,test002.png,1,rot10_padded,10.0,True,0,690,690,154403.0,0.324307918548584,blur,pnp_hqs,wavelet,15.0,fixed10p0,0.4,0.5,0.0,0.15,vanilla,False,0,20,adjoint,0.007781648592937394,21.089283851480623,0.29192842755645937,13,0.004309236276426381,23.655996927914266,0.5302574168733768,10.0,none
val_images,none,test002.png,1,rot10_padded,10.0,True,0,690,690,154403.0,0.324307918548584,blur,pnp_hqs,wavelet,15.0,fixed10p0,0.4,0.5,0.0,0.15,vanilla,False,0,20,adjoint,0.007781648592937394,21.089283851480623,0.29192842755645937,14,0.004383353811231809,23.581934729773376,0.5225401931147711,10.0,none
val_images,none,test002.png,1,rot10_padded,10.0,True,0,690,690,154403.0,0.324307918548584,blur,pnp_hqs,wavelet,15.0,fixed10p0,0.4,0.5,0.0,0.15,vanilla,False,0,20,adjoint,0.007781648592937394,21.089283851480623,0.29192842755645937,15,0.0044577053622966364,23.508886401531033,0.515166783514569,10.0,none
val_images,none,test002.png,1,rot10_padded,10.0,True,0,690,690,154403.0,0.324307918548584,blur,pnp_hqs,wavelet,15.0,fixed10p0,0.4,0.5,0.0,0.15,vanilla,False,0,20,adjoint,0.007781648592937394,21.089283851480623,0.29192842755645937,16,0.004532179060361724,23.43692940072804,0.5081033885351969,10.0,none
val_images,none,test002.png,1,rot10_padded,10.0,True,0,690,690,154403.0,0.324307918548584,blur,pnp_hqs,wavelet,15.0,fixed10p0,0.4,0.5,0.0,0.15,vanilla,False,0,20,adjoint,0.007781648592937394,21.089283851480623,0.29192842755645937,17,0.004606961881255951,23.36585381154893,0.5013210154595442,10.0,none
val_images,none,test002.png,1,rot10_padded,10.0,True,0,690,690,154403.0,0.324307918548584,blur,pnp_hqs,wavelet,15.0,fixed10p0,0.4,0.5,0.0,0.15,vanilla,False,0,20,adjoint,0.007781648592937394,21.089283851480623,0.29192842755645937,18,0.004682160555367893,23.295536980476005,0.4947984636794622,10.0,none
val_images,none,test002.png,1,rot10_padded,10.0,True,0,690,690,154403.0,0.324307918548584,blur,pnp_hqs,wavelet,15.0,fixed10p0,0.4,0.5,0.0,0.15,vanilla,False,0,20,adjoint,0.007781648592937394,21.089283851480623,0.29192842755645937,19,0.0047576987902346055,23.22603056598842,0.48852455101260983,10.0,none
val_images,none,test002.png,1,rot10_padded,10.0,True,0,690,690,154403.0,0.324307918548584,blur,pnp_hqs,wavelet,15.0,fixed10p0,0.4,0.5,0.0,0.15,vanilla,False,0,20,adjoint,0.007781648592937394,21.089283851480623,0.29192842755645937,20,0.004833512547622942,23.157371496569354,0.48248379443728423,10.0,none
val_images,none,test002.png,1,rot10_padded,10.0,True,0,690,690,154403.0,0.324307918548584,blur,pnp_hqs,wavelet,15.0,fixed10p0,0.4,0.5,0.0,0.15,G16_fixed,False,16,20,adjoint,0.007781648592937394,21.089283851480623,0.29192842755645937,1,0.003531886046705901,24.51993317009865,0.699772875203202,10.0,0;22.5;45;67.5;90;112.5;135;157.5;180;202.5;225;247.5;270;292.5;315;337.5
val_images,none,test002.png,1,rot10_padded,10.0,True,0,690,690,154403.0,0.324307918548584,blur,pnp_hqs,wavelet,15.0,fixed10p0,0.4,0.5,0.0,0.15,G16_fixed,False,16,20,adjoint,0.007781648592937394,21.089283851480623,0.29192842755645937,2,0.0033012171685307687,24.813259049358933,0.7024307433307643,10.0,0;22.5;45;67.5;90;112.5;135;157.5;180;202.5;225;247.5;270;292.5;315;337.5
val_images,none,test002.png,1,rot10_padded,10.0,True,0,690,690,154403.0,0.324307918548584,blur,pnp_hqs,wavelet,15.0,fixed10p0,0.4,0.5,0.0,0.15,G16_fixed,False,16,20,adjoint,0.007781648592937394,21.089283851480623,0.29192842755645937,3,0.00320834097733741,24.93719481813461,0.7015236710102783,10.0,0;22.5;45;67.5;90;112.5;135;157.5;180;202.5;225;247.5;270;292.5;315;337.5
val_images,none,test002.png,1,rot10_padded,10.0,True,0,690,690,154403.0,0.324307918548584,blur,pnp_hqs,wavelet,15.0,fixed10p0,0.4,0.5,0.0,0.15,G16_fixed,False,16,20,adjoint,0.007781648592937394,21.089283851480623,0.29192842755645937,4,0.0031661028213556815,24.994749852341528,0.7000429173170211,10.0,0;22.5;45;67.5;90;112.5;135;157.5;180;202.5;225;247.5;270;292.5;315;337.5
val_images,none,test002.png,1,rot10_padded,10.0,True,0,690,690,154403.0,0.324307918548584,blur,pnp_hqs,wavelet,15.0,fixed10p0,0.4,0.5,0.0,0.15,G16_fixed,False,16,20,adjoint,0.007781648592937394,21.089283851480623,0.29192842755645937,5,0.0031453961377273473,25.023246508244227,0.698753677470645,10.0,0;22.5;45;67.5;90;112.5;135;157.5;180;202.5;225;247.5;270;292.5;315;337.5
val_images,none,test002.png,1,rot10_padded,10.0,True,0,690,690,154403.0,0.324307918548584,blur,pnp_hqs,wavelet,15.0,fixed10p0,0.4,0.5,0.0,0.15,G16_fixed,False,16,20,adjoint,0.007781648592937394,21.089283851480623,0.29192842755645937,6,0.0031347748828729647,25.037936416391457,0.6977885185197179,10.0,0;22.5;45;67.5;90;112.5;135;157.5;180;202.5;225;247.5;270;292.5;315;337.5
val_images,none,test002.png,1,rot10_padded,10.0,True,0,690,690,154403.0,0.324307918548584,blur,pnp_hqs,wavelet,15.0,fixed10p0,0.4,0.5,0.0,0.15,G16_fixed,False,16,20,adjoint,0.007781648592937394,21.089283851480623,0.29192842755645937,7,0.003129168375090773,25.045710675967182,0.6971121229833617,10.0,0;22.5;45;67.5;90;112.5;135;157.5;180;202.5;225;247.5;270;292.5;315;337.5
val_images,none,test002.png,1,rot10_padded,10.0,True,0,690,690,154403.0,0.324307918548584,blur,pnp_hqs,wavelet,15.0,fixed10p0,0.4,0.5,0.0,0.15,G16_fixed,False,16,20,adjoint,0.007781648592937394,21.089283851480623,0.29192842755645937,8,0.003126149090987242,25.04990313633199,0.6966531981243888,10.0,0;22.5;45;67.5;90;112.5;135;157.5;180;202.5;225;247.5;270;292.5;315;337.5
val_images,none,test002.png,1,rot10_padded,10.0,True,0,690,690,154403.0,0.324307918548584,blur,pnp_hqs,wavelet,15.0,fixed10p0,0.4,0.5,0.0,0.15,G16_fixed,False,16,20,adjoint,0.007781648592937394,21.089283851480623,0.29192842755645937,9,0.0031245020829724,25.05219181470851,0.6963485975013439,10.0,0;22.5;45;67.5;90;112.5;135;157.5;180;202.5;225;247.5;270;292.5;315;337.5
val_images,none,test002.png,1,rot10_padded,10.0,True,0,690,690,154403.0,0.324307918548584,blur,pnp_hqs,wavelet,15.0,fixed10p0,0.4,0.5,0.0,0.15,G16_fixed,False,16,20,adjoint,0.007781648592937394,21.089283851480623,0.29192842755645937,10,0.0031235942817228897,25.053453808932318,0.6961493927417214,10.0,0;22.5;45;67.5;90;112.5;135;157.5;180;202.5;225;247.5;270;292.5;315;337.5
val_images,none,test002.png,1,rot10_padded,10.0,True,0,690,690,154403.0,0.324307918548584,blur,pnp_hqs,wavelet,15.0,fixed10p0,0.4,0.5,0.0,0.15,G16_fixed,False,16,20,adjoint,0.007781648592937394,21.089283851480623,0.29192842755645937,11,0.0031230898818124285,25.05415516694091,0.6960201651684229,10.0,0;22.5;45;67.5;90;112.5;135;157.5;180;202.5;225;247.5;270;292.5;315;337.5
val_images,none,test002.png,1,rot10_padded,10.0,True,0,690,690,154403.0,0.324307918548584,blur,pnp_hqs,wavelet,15.0,fixed10p0,0.4,0.5,0.0,0.15,G16_fixed,False,16,20,adjoint,0.007781648592937394,21.089283851480623,0.29192842755645937,12,0.0031228086274736402,25.05454629467777,0.695936931277242,10.0,0;22.5;45;67.5;90;112.5;135;157.5;180;202.5;225;247.5;270;292.5;315;337.5
val_images,none,test002.png,1,rot10_padded,10.0,True,0,690,690,154403.0,0.324307918548584,blur,pnp_hqs,wavelet,15.0,fixed10p0,0.4,0.5,0.0,0.15,G16_fixed,False,16,20,adjoint,0.007781648592937394,21.089283851480623,0.29192842755645937,13,0.0031226512989749227,25.054765099696642,0.6958833478786034,10.0,0;22.5;45;67.5;90;112.5;135;157.5;180;202.5;225;247.5;270;292.5;315;337.5
val_images,none,test002.png,1,rot10_padded,10.0,True,0,690,690,154403.0,0.324307918548584,blur,pnp_hqs,wavelet,15.0,fixed10p0,0.4,0.5,0.0,0.15,G16_fixed,False,16,20,adjoint,0.007781648592937394,21.089283851480623,0.29192842755645937,14,0.0031225631475799128,25.05488770129745,0.6958491435561486,10.0,0;22.5;45;67.5;90;112.5;135;157.5;180;202.5;225;247.5;270;292.5;315;337.5
val_images,none,test002.png,1,rot10_padded,10.0,True,0,690,690,154403.0,0.324307918548584,blur,pnp_hqs,wavelet,15.0,fixed10p0,0.4,0.5,0.0,0.15,G16_fixed,False,16,20,adjoint,0.007781648592937394,21.089283851480623,0.29192842755645937,15,0.0031225139330118465,25.054956150781948,0.6958274369668983,10.0,0;22.5;45;67.5;90;112.5;135;157.5;180;202.5;225;247.5;270;292.5;315;337.5
val_images,none,test002.png,1,rot10_padded,10.0,True,0,690,690,154403.0,0.324307918548584,blur,pnp_hqs,wavelet,15.0,fixed10p0,0.4,0.5,0.0,0.15,G16_fixed,False,16,20,adjoint,0.007781648592937394,21.089283851480623,0.29192842755645937,16,0.0031224862621703634,25.0549946369097,0.6958135224866098,10.0,0;22.5;45;67.5;90;112.5;135;157.5;180;202.5;225;247.5;270;292.5;315;337.5
val_images,none,test002.png,1,rot10_padded,10.0,True,0,690,690,154403.0,0.324307918548584,blur,pnp_hqs,wavelet,15.0,fixed10p0,0.4,0.5,0.0,0.15,G16_fixed,False,16,20,adjoint,0.007781648592937394,21.089283851480623,0.29192842755645937,17,0.0031224704502609444,25.055016629135828,0.6958047690135555,10.0,0;22.5;45;67.5;90;112.5;135;157.5;180;202.5;225;247.5;270;292.5;315;337.5
val_images,none,test002.png,1,rot10_padded,10.0,True,0,690,690,154403.0,0.324307918548584,blur,pnp_hqs,wavelet,15.0,fixed10p0,0.4,0.5,0.0,0.15,G16_fixed,False,16,20,adjoint,0.007781648592937394,21.089283851480623,0.29192842755645937,18,0.0031224615560618966,25.055028999811967,0.6957990008289995,10.0,0;22.5;45;67.5;90;112.5;135;157.5;180;202.5;225;247.5;270;292.5;315;337.5
val_images,none,test002.png,1,rot10_padded,10.0,True,0,690,690,154403.0,0.324307918548584,blur,pnp_hqs,wavelet,15.0,fixed10p0,0.4,0.5,0.0,0.15,G16_fixed,False,16,20,adjoint,0.007781648592937394,21.089283851480623,0.29192842755645937,19,0.0031224570101379386,25.0550353226156,0.6957958131480606,10.0,0;22.5;45;67.5;90;112.5;135;157.5;180;202.5;225;247.5;270;292.5;315;337.5
val_images,none,test002.png,1,rot10_padded,10.0,True,0,690,690,154403.0,0.324307918548584,blur,pnp_hqs,wavelet,15.0,fixed10p0,0.4,0.5,0.0,0.15,G16_fixed,False,16,20,adjoint,0.007781648592937394,21.089283851480623,0.29192842755645937,20,0.0031224540454049226,25.055039446188143,0.695793435036884,10.0,0;22.5;45;67.5;90;112.5;135;157.5;180;202.5;225;247.5;270;292.5;315;337.5
val_images,none,test002.png,1,rot15_padded,15.0,True,0,740,740,154400.0,0.28195762634277344,blur,pnp_hqs,wavelet,15.0,fixed10p0,0.4,0.5,0.0,0.15,vanilla,False,0,20,adjoint,0.007822785846927622,21.06638558641952,0.29242238099093265,1,0.0037896803623654065,24.213974187166105,0.681658233484456,10.0,none
val_images,none,test002.png,1,rot15_padded,15.0,True,0,740,740,154400.0,0.28195762634277344,blur,pnp_hqs,wavelet,15.0,fixed10p0,0.4,0.5,0.0,0.15,vanilla,False,0,20,adjoint,0.007822785846927622,21.06638558641952,0.29242238099093265,2,0.00362560054798818,24.406200461756377,0.6639992005343264,10.0,none
val_images,none,test002.png,1,rot15_padded,15.0,True,0,740,740,154400.0,0.28195762634277344,blur,pnp_hqs,wavelet,15.0,fixed10p0,0.4,0.5,0.0,0.15,vanilla,False,0,20,adjoint,0.007822785846927622,21.06638558641952,0.29242238099093265,3,0.0036326966755130747,24.397708635329526,0.6442907019106218,10.0,none
val_images,none,test002.png,1,rot15_padded,15.0,True,0,740,740,154400.0,0.28195762634277344,blur,pnp_hqs,wavelet,15.0,fixed10p0,0.4,0.5,0.0,0.15,vanilla,False,0,20,adjoint,0.007822785846927622,21.06638558641952,0.29242238099093265,4,0.0036913180968922038,24.328185281523705,0.6266865183775907,10.0,none
val_images,none,test002.png,1,rot15_padded,15.0,True,0,740,740,154400.0,0.28195762634277344,blur,pnp_hqs,wavelet,15.0,fixed10p0,0.4,0.5,0.0,0.15,vanilla,False,0,20,adjoint,0.007822785846927622,21.06638558641952,0.29242238099093265,5,0.003766756601284205,24.24032441950795,0.6114352938795337,10.0,none
val_images,none,test002.png,1,rot15_padded,15.0,True,0,740,740,154400.0,0.28195762634277344,blur,pnp_hqs,wavelet,15.0,fixed10p0,0.4,0.5,0.0,0.15,vanilla,False,0,20,adjoint,0.007822785846927622,21.06638558641952,0.29242238099093265,6,0.003845065022997288,24.150963115478177,0.5982603525744818,10.0,none
val_images,none,test002.png,1,rot15_padded,15.0,True,0,740,740,154400.0,0.28195762634277344,blur,pnp_hqs,wavelet,15.0,fixed10p0,0.4,0.5,0.0,0.15,vanilla,False,0,20,adjoint,0.007822785846927622,21.06638558641952,0.29242238099093265,7,0.0039224421051499755,24.064434578364885,0.5867021534974093,10.0,none
val_images,none,test002.png,1,rot15_padded,15.0,True,0,740,740,154400.0,0.28195762634277344,blur,pnp_hqs,wavelet,15.0,fixed10p0,0.4,0.5,0.0,0.15,vanilla,False,0,20,adjoint,0.007822785846927622,21.06638558641952,0.29242238099093265,8,0.00399702398270523,23.982632459041945,0.5764182419851036,10.0,none
val_images,none,test002.png,1,rot15_padded,15.0,True,0,740,740,154400.0,0.28195762634277344,blur,pnp_hqs,wavelet,15.0,fixed10p0,0.4,0.5,0.0,0.15,vanilla,False,0,20,adjoint,0.007822785846927622,21.06638558641952,0.29242238099093265,9,0.004069304787433209,23.904797806448308,0.5671003177623057,10.0,none
val_images,none,test002.png,1,rot15_padded,15.0,True,0,740,740,154400.0,0.28195762634277344,blur,pnp_hqs,wavelet,15.0,fixed10p0,0.4,0.5,0.0,0.15,vanilla,False,0,20,adjoint,0.007822785846927622,21.06638558641952,0.29242238099093265,10,0.004140016229659165,23.829979563579407,0.5585168899773316,10.0,none
val_images,none,test002.png,1,rot15_padded,15.0,True,0,740,740,154400.0,0.28195762634277344,blur,pnp_hqs,wavelet,15.0,fixed10p0,0.4,0.5,0.0,0.15,vanilla,False,0,20,adjoint,0.007822785846927622,21.06638558641952,0.29242238099093265,11,0.0042094868081838975,23.757708471474956,0.5504973384876943,10.0,none
val_images,none,test002.png,1,rot15_padded,15.0,True,0,740,740,154400.0,0.28195762634277344,blur,pnp_hqs,wavelet,15.0,fixed10p0,0.4,0.5,0.0,0.15,vanilla,False,0,20,adjoint,0.007822785846927622,21.06638558641952,0.29242238099093265,12,0.004278117758004777,23.68747265358737,0.5429313572700777,10.0,none
val_images,none,test002.png,1,rot15_padded,15.0,True,0,740,740,154400.0,0.28195762634277344,blur,pnp_hqs,wavelet,15.0,fixed10p0,0.4,0.5,0.0,0.15,vanilla,False,0,20,adjoint,0.007822785846927622,21.06638558641952,0.29242238099093265,13,0.004346203976962233,23.61889895136909,0.5357219984617876,10.0,none
val_images,none,test002.png,1,rot15_padded,15.0,True,0,740,740,154400.0,0.28195762634277344,blur,pnp_hqs,wavelet,15.0,fixed10p0,0.4,0.5,0.0,0.15,vanilla,False,0,20,adjoint,0.007822785846927622,21.06638558641952,0.29242238099093265,14,0.004414164093491945,23.551515262777983,0.5288038374352332,10.0,none
val_images,none,test002.png,1,rot15_padded,15.0,True,0,740,740,154400.0,0.28195762634277344,blur,pnp_hqs,wavelet,15.0,fixed10p0,0.4,0.5,0.0,0.15,vanilla,False,0,20,adjoint,0.007822785846927622,21.06638558641952,0.29242238099093265,15,0.004482441640270806,23.484853560821982,0.5221303736237046,10.0,none
val_images,none,test002.png,1,rot15_padded,15.0,True,0,740,740,154400.0,0.28195762634277344,blur,pnp_hqs,wavelet,15.0,fixed10p0,0.4,0.5,0.0,0.15,vanilla,False,0,20,adjoint,0.007822785846927622,21.06638558641952,0.29242238099093265,16,0.004551088007002915,23.41884766210552,0.5156735751295337,10.0,none
val_images,none,test002.png,1,rot15_padded,15.0,True,0,740,740,154400.0,0.28195762634277344,blur,pnp_hqs,wavelet,15.0,fixed10p0,0.4,0.5,0.0,0.15,vanilla,False,0,20,adjoint,0.007822785846927622,21.06638558641952,0.29242238099093265,17,0.004620336028578368,23.35326437852876,0.5094081930051814,10.0,none
val_images,none,test002.png,1,rot15_padded,15.0,True,0,740,740,154400.0,0.28195762634277344,blur,pnp_hqs,wavelet,15.0,fixed10p0,0.4,0.5,0.0,0.15,vanilla,False,0,20,adjoint,0.007822785846927622,21.06638558641952,0.29242238099093265,18,0.004690231560425437,23.28805715295054,0.5033188957253886,10.0,none
val_images,none,test002.png,1,rot15_padded,15.0,True,0,740,740,154400.0,0.28195762634277344,blur,pnp_hqs,wavelet,15.0,fixed10p0,0.4,0.5,0.0,0.15,vanilla,False,0,20,adjoint,0.007822785846927622,21.06638558641952,0.29242238099093265,19,0.0047607840898741096,23.223215141151798,0.49739197093588083,10.0,none
val_images,none,test002.png,1,rot15_padded,15.0,True,0,740,740,154400.0,0.28195762634277344,blur,pnp_hqs,wavelet,15.0,fixed10p0,0.4,0.5,0.0,0.15,vanilla,False,0,20,adjoint,0.007822785846927622,21.06638558641952,0.29242238099093265,20,0.0048321434376770965,23.15860182568407,0.49161608443976684,10.0,none
val_images,none,test002.png,1,rot15_padded,15.0,True,0,740,740,154400.0,0.28195762634277344,blur,pnp_hqs,wavelet,15.0,fixed10p0,0.4,0.5,0.0,0.15,G16_fixed,False,16,20,adjoint,0.007822785846927622,21.06638558641952,0.29242238099093265,1,0.0035474241582840837,24.500868807163833,0.6969672421470208,10.0,0;22.5;45;67.5;90;112.5;135;157.5;180;202.5;225;247.5;270;292.5;315;337.5
val_images,none,test002.png,1,rot15_padded,15.0,True,0,740,740,154400.0,0.28195762634277344,blur,pnp_hqs,wavelet,15.0,fixed10p0,0.4,0.5,0.0,0.15,G16_fixed,False,16,20,adjoint,0.007822785846927622,21.06638558641952,0.29242238099093265,2,0.003327570702745507,24.778727080588425,0.6977735892972798,10.0,0;22.5;45;67.5;90;112.5;135;157.5;180;202.5;225;247.5;270;292.5;315;337.5
val_images,none,test002.png,1,rot15_padded,15.0,True,0,740,740,154400.0,0.28195762634277344,blur,pnp_hqs,wavelet,15.0,fixed10p0,0.4,0.5,0.0,0.15,G16_fixed,False,16,20,adjoint,0.007822785846927622,21.06638558641952,0.29242238099093265,3,0.0032395697875344073,24.895126599493558,0.6958988422927461,10.0,0;22.5;45;67.5;90;112.5;135;157.5;180;202.5;225;247.5;270;292.5;315;337.5
val_images,none,test002.png,1,rot15_padded,15.0,True,0,740,740,154400.0,0.28195762634277344,blur,pnp_hqs,wavelet,15.0,fixed10p0,0.4,0.5,0.0,0.15,G16_fixed,False,16,20,adjoint,0.007822785846927622,21.06638558641952,0.29242238099093265,4,0.003199331846879554,24.949407109024296,0.693800346097798,10.0,0;22.5;45;67.5;90;112.5;135;157.5;180;202.5;225;247.5;270;292.5;315;337.5
val_images,none,test002.png,1,rot15_padded,15.0,True,0,740,740,154400.0,0.28195762634277344,blur,pnp_hqs,wavelet,15.0,fixed10p0,0.4,0.5,0.0,0.15,G16_fixed,False,16,20,adjoint,0.007822785846927622,21.06638558641952,0.29242238099093265,5,0.0031793141735650095,24.9766655383928,0.6920367653011658,10.0,0;22.5;45;67.5;90;112.5;135;157.5;180;202.5;225;247.5;270;292.5;315;337.5
val_images,none,test002.png,1,rot15_padded,15.0,True,0,740,740,154400.0,0.28195762634277344,blur,pnp_hqs,wavelet,15.0,fixed10p0,0.4,0.5,0.0,0.15,G16_fixed,False,16,20,adjoint,0.007822785846927622,21.06638558641952,0.29242238099093265,6,0.003168773947602109,24.991087411854206,0.6906830371599741,10.0,0;22.5;45;67.5;90;112.5;135;157.5;180;202.5;225;247.5;270;292.5;315;337.5
val_images,none,test002.png,1,rot15_padded,15.0,True,0,740,740,154400.0,0.28195762634277344,blur,pnp_hqs,wavelet,15.0,fixed10p0,0.4,0.5,0.0,0.15,G16_fixed,False,16,20,adjoint,0.007822785846927622,21.06638558641952,0.29242238099093265,7,0.0031630054533172765,24.9990005931932,0.6896845146534974,10.0,0;22.5;45;67.5;90;112.5;135;157.5;180;202.5;225;247.5;270;292.5;315;337.5
val_images,none,test002.png,1,rot15_padded,15.0,True,0,740,740,154400.0,0.28195762634277344,blur,pnp_hqs,wavelet,15.0,fixed10p0,0.4,0.5,0.0,0.15,G16_fixed,False,16,20,adjoint,0.007822785846927622,21.06638558641952,0.29242238099093265,8,0.003159746357814018,25.003477780850396,0.6889637305699482,10.0,0;22.5;45;67.5;90;112.5;135;157.5;180;202.5;225;247.5;270;292.5;315;337.5
val_images,none,test002.png,1,rot15_padded,15.0,True,0,740,740,154400.0,0.28195762634277344,blur,pnp_hqs,wavelet,15.0,fixed10p0,0.4,0.5,0.0,0.15,G16_fixed,False,16,20,adjoint,0.007822785846927622,21.06638558641952,0.29242238099093265,9,0.0031578556120086827,25.006077313072836,0.6884497955796632,10.0,0;22.5;45;67.5;90;112.5;135;157.5;180;202.5;225;247.5;270;292.5;315;337.5
val_images,none,test002.png,1,rot15_padded,15.0,True,0,740,740,154400.0,0.28195762634277344,blur,pnp_hqs,wavelet,15.0,fixed10p0,0.4,0.5,0.0,0.15,G16_fixed,False,16,20,adjoint,0.007822785846927622,21.06638558641952,0.29242238099093265,10,0.003156738478902708,25.007613958949207,0.6880859880990933,10.0,0;22.5;45;67.5;90;112.5;135;157.5;180;202.5;225;247.5;270;292.5;315;337.5
val_images,none,test002.png,1,rot15_padded,15.0,True,0,740,740,154400.0,0.28195762634277344,blur,pnp_hqs,wavelet,15.0,fixed10p0,0.4,0.5,0.0,0.15,G16_fixed,False,16,20,adjoint,0.007822785846927622,21.06638558641952,0.29242238099093265,11,0.003156066064389876,25.00853914493137,0.6878295012953368,10.0,0;22.5;45;67.5;90;112.5;135;157.5;180;202.5;225;247.5;270;292.5;315;337.5
val_images,none,test002.png,1,rot15_padded,15.0,True,0,740,740,154400.0,0.28195762634277344,blur,pnp_hqs,wavelet,15.0,fixed10p0,0.4,0.5,0.0,0.15,G16_fixed,False,16,20,adjoint,0.007822785846927622,21.06638558641952,0.29242238099093265,12,0.0031556565279787685,25.009102729281377,0.687648761334197,10.0,0;22.5;45;67.5;90;112.5;135;157.5;180;202.5;225;247.5;270;292.5;315;337.5
val_images,none,test002.png,1,rot15_padded,15.0,True,0,740,740,154400.0,0.28195762634277344,blur,pnp_hqs,wavelet,15.0,fixed10p0,0.4,0.5,0.0,0.15,G16_fixed,False,16,20,adjoint,0.007822785846927622,21.06638558641952,0.29242238099093265,13,0.003155403137207031,25.009451470126265,0.6875219600064767,10.0,0;22.5;45;67.5;90;112.5;135;157.5;180;202.5;225;247.5;270;292.5;315;337.5
val_images,none,test002.png,1,rot15_padded,15.0,True,0,740,740,154400.0,0.28195762634277344,blur,pnp_hqs,wavelet,15.0,fixed10p0,0.4,0.5,0.0,0.15,G16_fixed,False,16,20,adjoint,0.007822785846927622,21.06638558641952,0.29242238099093265,14,0.0031552450150405804,25.00966910730937,0.6874334621923575,10.0,0;22.5;45;67.5;90;112.5;135;157.5;180;202.5;225;247.5;270;292.5;315;337.5
val_images,none,test002.png,1,rot15_padded,15.0,True,0,740,740,154400.0,0.28195762634277344,blur,pnp_hqs,wavelet,15.0,fixed10p0,0.4,0.5,0.0,0.15,G16_fixed,False,16,20,adjoint,0.007822785846927622,21.06638558641952,0.29242238099093265,15,0.0031551448051175923,25.009807040520563,0.6873712759067357,10.0,0;22.5;45;67.5;90;112.5;135;157.5;180;202.5;225;247.5;270;292.5;315;337.5
val_images,none,test002.png,1,rot15_padded,15.0,True,0,740,740,154400.0,0.28195762634277344,blur,pnp_hqs,wavelet,15.0,fixed10p0,0.4,0.5,0.0,0.15,G16_fixed,False,16,20,adjoint,0.007822785846927622,21.06638558641952,0.29242238099093265,16,0.00315508076564018,25.00989518948245,0.6873274064928756,10.0,0;22.5;45;67.5;90;112.5;135;157.5;180;202.5;225;247.5;270;292.5;315;337.5
val_images,none,test002.png,1,rot15_padded,15.0,True,0,740,740,154400.0,0.28195762634277344,blur,pnp_hqs,wavelet,15.0,fixed10p0,0.4,0.5,0.0,0.15,G16_fixed,False,16,20,adjoint,0.007822785846927622,21.06638558641952,0.29242238099093265,17,0.003155040444487735,25.009950691598583,0.6872971988341969,10.0,0;22.5;45;67.5;90;112.5;135;157.5;180;202.5;225;247.5;270;292.5;315;337.5
val_images,none,test002.png,1,rot15_padded,15.0,True,0,740,740,154400.0,0.28195762634277344,blur,pnp_hqs,wavelet,15.0,fixed10p0,0.4,0.5,0.0,0.15,G16_fixed,False,16,20,adjoint,0.007822785846927622,21.06638558641952,0.29242238099093265,18,0.0031550133660667302,25.00998796547666,0.6872758966159327,10.0,0;22.5;45;67.5;90;112.5;135;157.5;180;202.5;225;247.5;270;292.5;315;337.5
val_images,none,test002.png,1,rot15_padded,15.0,True,0,740,740,154400.0,0.28195762634277344,blur,pnp_hqs,wavelet,15.0,fixed10p0,0.4,0.5,0.0,0.15,G16_fixed,False,16,20,adjoint,0.007822785846927622,21.06638558641952,0.29242238099093265,19,0.0031549959726284204,25.01001190799045,0.6872609192843264,10.0,0;22.5;45;67.5;90;112.5;135;157.5;180;202.5;225;247.5;270;292.5;315;337.5
val_images,none,test002.png,1,rot15_padded,15.0,True,0,740,740,154400.0,0.28195762634277344,blur,pnp_hqs,wavelet,15.0,fixed10p0,0.4,0.5,0.0,0.15,G16_fixed,False,16,20,adjoint,0.007822785846927622,21.06638558641952,0.29242238099093265,20,0.0031549847064240607,25.010027416280046,0.687250293474741,10.0,0;22.5;45;67.5;90;112.5;135;157.5;180;202.5;225;247.5;270;292.5;315;337.5
val_images,none,test002.png,1,rot20_padded,20.0,True,0,788,788,154399.0,0.24865205585956573,blur,pnp_hqs,wavelet,15.0,fixed10p0,0.4,0.5,0.0,0.15,vanilla,False,0,20,adjoint,0.00780071428799126,21.07865628446686,0.29538107739525515,1,0.0037914541448819295,24.211941921487814,0.6853577217145189,10.0,none
val_images,none,test002.png,1,rot20_padded,20.0,True,0,788,788,154399.0,0.24865205585956573,blur,pnp_hqs,wavelet,15.0,fixed10p0,0.4,0.5,0.0,0.15,vanilla,False,0,20,adjoint,0.00780071428799126,21.07865628446686,0.29538107739525515,2,0.0036308531639210745,24.39991314124363,0.6693693672724564,10.0,none
val_images,none,test002.png,1,rot20_padded,20.0,True,0,788,788,154399.0,0.24865205585956573,blur,pnp_hqs,wavelet,15.0,fixed10p0,0.4,0.5,0.0,0.15,vanilla,False,0,20,adjoint,0.00780071428799126,21.07865628446686,0.29538107739525515,3,0.0036416600933802195,24.38700592988766,0.650955124790316,10.0,none
val_images,none,test002.png,1,rot20_padded,20.0,True,0,788,788,154399.0,0.24865205585956573,blur,pnp_hqs,wavelet,15.0,fixed10p0,0.4,0.5,0.0,0.15,vanilla,False,0,20,adjoint,0.00780071428799126,21.07865628446686,0.29538107739525515,4,0.0037044156299435634,24.312802920591142,0.6343102934604499,10.0,none
val_images,none,test002.png,1,rot20_padded,20.0,True,0,788,788,154399.0,0.24865205585956573,blur,pnp_hqs,wavelet,15.0,fixed10p0,0.4,0.5,0.0,0.15,vanilla,False,0,20,adjoint,0.00780071428799126,21.07865628446686,0.29538107739525515,5,0.0037832787806217575,24.22131655422879,0.6198894584809487,10.0,none
val_images,none,test002.png,1,rot20_padded,20.0,True,0,788,788,154399.0,0.24865205585956573,blur,pnp_hqs,wavelet,15.0,fixed10p0,0.4,0.5,0.0,0.15,vanilla,False,0,20,adjoint,0.00780071428799126,21.07865628446686,0.29538107739525515,6,0.0038642382494988633,24.129361050171877,0.607476104929436,10.0,none
val_images,none,test002.png,1,rot20_padded,20.0,True,0,788,788,154399.0,0.24865205585956573,blur,pnp_hqs,wavelet,15.0,fixed10p0,0.4,0.5,0.0,0.15,vanilla,False,0,20,adjoint,0.00780071428799126,21.07865628446686,0.29538107739525515,7,0.003943114840648255,24.0416057419902,0.5966727237546875,10.0,none
val_images,none,test002.png,1,rot20_padded,20.0,True,0,788,788,154399.0,0.24865205585956573,blur,pnp_hqs,wavelet,15.0,fixed10p0,0.4,0.5,0.0,0.15,vanilla,False,0,20,adjoint,0.00780071428799126,21.07865628446686,0.29538107739525515,8,0.004018640406081605,23.959208533853285,0.5871024504692388,10.0,none
val_images,none,test002.png,1,rot20_padded,20.0,True,0,788,788,154399.0,0.24865205585956573,blur,pnp_hqs,wavelet,15.0,fixed10p0,0.4,0.5,0.0,0.15,vanilla,False,0,20,adjoint,0.00780071428799126,21.07865628446686,0.29538107739525515,9,0.004090912586869086,23.881798002488736,0.5784903278194807,10.0,none
val_images,none,test002.png,1,rot20_padded,20.0,True,0,788,788,154399.0,0.24865205585956573,blur,pnp_hqs,wavelet,15.0,fixed10p0,0.4,0.5,0.0,0.15,vanilla,False,0,20,adjoint,0.00780071428799126,21.07865628446686,0.29538107739525515,10,0.004160149593013677,23.808910524856874,0.5705956037603871,10.0,none
val_images,none,test002.png,1,rot20_padded,20.0,True,0,788,788,154399.0,0.24865205585956573,blur,pnp_hqs,wavelet,15.0,fixed10p0,0.4,0.5,0.0,0.15,vanilla,False,0,20,adjoint,0.00780071428799126,21.07865628446686,0.29538107739525515,11,0.004226487015151288,23.740204609499663,0.5632642536544926,10.0,none
val_images,none,test002.png,1,rot20_padded,20.0,True,0,788,788,154399.0,0.24865205585956573,blur,pnp_hqs,wavelet,15.0,fixed10p0,0.4,0.5,0.0,0.15,vanilla,False,0,20,adjoint,0.00780071428799126,21.07865628446686,0.29538107739525515,12,0.004290692936680087,23.67472564627693,0.5563596590651494,10.0,none
val_images,none,test002.png,1,rot20_padded,20.0,True,0,788,788,154399.0,0.24865205585956573,blur,pnp_hqs,wavelet,15.0,fixed10p0,0.4,0.5,0.0,0.15,vanilla,False,0,20,adjoint,0.00780071428799126,21.07865628446686,0.29538107739525515,13,0.004353711353047744,23.611403676546033,0.5497822403318674,10.0,none
val_images,none,test002.png,1,rot20_padded,20.0,True,0,788,788,154399.0,0.24865205585956573,blur,pnp_hqs,wavelet,15.0,fixed10p0,0.4,0.5,0.0,0.15,vanilla,False,0,20,adjoint,0.00780071428799126,21.07865628446686,0.29538107739525515,14,0.004415862068407179,23.54984500465719,0.5434622208531144,10.0,none
val_images,none,test002.png,1,rot20_padded,20.0,True,0,788,788,154399.0,0.24865205585956573,blur,pnp_hqs,wavelet,15.0,fixed10p0,0.4,0.5,0.0,0.15,vanilla,False,0,20,adjoint,0.00780071428799126,21.07865628446686,0.29538107739525515,15,0.004477566085753268,23.489579955479037,0.5373416136924462,10.0,none
val_images,none,test002.png,1,rot20_padded,20.0,True,0,788,788,154399.0,0.24865205585956573,blur,pnp_hqs,wavelet,15.0,fixed10p0,0.4,0.5,0.0,0.15,vanilla,False,0,20,adjoint,0.00780071428799126,21.07865628446686,0.29538107739525515,16,0.004539177996340852,23.43022786785029,0.5313854040505444,10.0,none
val_images,none,test002.png,1,rot20_padded,20.0,True,0,788,788,154399.0,0.24865205585956573,blur,pnp_hqs,wavelet,15.0,fixed10p0,0.4,0.5,0.0,0.15,vanilla,False,0,20,adjoint,0.00780071428799126,21.07865628446686,0.29538107739525515,17,0.004601029068254166,23.37145022952873,0.525561764891612,10.0,none
val_images,none,test002.png,1,rot20_padded,20.0,True,0,788,788,154399.0,0.24865205585956573,blur,pnp_hqs,wavelet,15.0,fixed10p0,0.4,0.5,0.0,0.15,vanilla,False,0,20,adjoint,0.00780071428799126,21.07865628446686,0.29538107739525515,18,0.004663555326191191,23.312828666084258,0.5198481794733126,10.0,none
val_images,none,test002.png,1,rot20_padded,20.0,True,0,788,788,154399.0,0.24865205585956573,blur,pnp_hqs,wavelet,15.0,fixed10p0,0.4,0.5,0.0,0.15,vanilla,False,0,20,adjoint,0.00780071428799126,21.07865628446686,0.29538107739525515,19,0.00472692951973762,23.25420873139699,0.514230024562983,10.0,none
val_images,none,test002.png,1,rot20_padded,20.0,True,0,788,788,154399.0,0.24865205585956573,blur,pnp_hqs,wavelet,15.0,fixed10p0,0.4,0.5,0.0,0.15,vanilla,False,0,20,adjoint,0.00780071428799126,21.07865628446686,0.29538107739525515,20,0.004791235849492427,23.195524503875117,0.5087009246335792,10.0,none
val_images,none,test002.png,1,rot20_padded,20.0,True,0,788,788,154399.0,0.24865205585956573,blur,pnp_hqs,wavelet,15.0,fixed10p0,0.4,0.5,0.0,0.15,G16_fixed,False,16,20,adjoint,0.00780071428799126,21.07865628446686,0.29538107739525515,1,0.0035315181990684444,24.520385513455235,0.7014486411829092,10.0,0;22.5;45;67.5;90;112.5;135;157.5;180;202.5;225;247.5;270;292.5;315;337.5
val_images,none,test002.png,1,rot20_padded,20.0,True,0,788,788,154399.0,0.24865205585956573,blur,pnp_hqs,wavelet,15.0,fixed10p0,0.4,0.5,0.0,0.15,G16_fixed,False,16,20,adjoint,0.00780071428799126,21.07865628446686,0.29538107739525515,2,0.003308487612970797,24.803704870226525,0.7037304220720342,10.0,0;22.5;45;67.5;90;112.5;135;157.5;180;202.5;225;247.5;270;292.5;315;337.5
val_images,none,test002.png,1,rot20_padded,20.0,True,0,788,788,154399.0,0.24865205585956573,blur,pnp_hqs,wavelet,15.0,fixed10p0,0.4,0.5,0.0,0.15,G16_fixed,False,16,20,adjoint,0.00780071428799126,21.07865628446686,0.29538107739525515,3,0.0032179856071971,24.924159026636072,0.7028824769752394,10.0,0;22.5;45;67.5;90;112.5;135;157.5;180;202.5;225;247.5;270;292.5;315;337.5
val_images,none,test002.png,1,rot20_padded,20.0,True,0,788,788,154399.0,0.24865205585956573,blur,pnp_hqs,wavelet,15.0,fixed10p0,0.4,0.5,0.0,0.15,G16_fixed,False,16,20,adjoint,0.00780071428799126,21.07865628446686,0.29538107739525515,4,0.003176118737069318,24.981032701334506,0.7014725747090331,10.0,0;22.5;45;67.5;90;112.5;135;157.5;180;202.5;225;247.5;270;292.5;315;337.5
val_images,none,test002.png,1,rot20_padded,20.0,True,0,788,788,154399.0,0.24865205585956573,blur,pnp_hqs,wavelet,15.0,fixed10p0,0.4,0.5,0.0,0.15,G16_fixed,False,16,20,adjoint,0.00780071428799126,21.07865628446686,0.29538107739525515,5,0.003155091317534035,25.009880664904625,0.7001632134923154,10.0,0;22.5;45;67.5;90;112.5;135;157.5;180;202.5;225;247.5;270;292.5;315;337.5
val_images,none,test002.png,1,rot20_padded,20.0,True,0,788,788,154399.0,0.24865205585956573,blur,pnp_hqs,wavelet,15.0,fixed10p0,0.4,0.5,0.0,0.15,G16_fixed,False,16,20,adjoint,0.00780071428799126,21.07865628446686,0.29538107739525515,6,0.0031439187281967094,25.025286892076636,0.699110138342865,10.0,0;22.5;45;67.5;90;112.5;135;157.5;180;202.5;225;247.5;270;292.5;315;337.5
val_images,none,test002.png,1,rot20_padded,20.0,True,0,788,788,154399.0,0.24865205585956573,blur,pnp_hqs,wavelet,15.0,fixed10p0,0.4,0.5,0.0,0.15,G16_fixed,False,16,20,adjoint,0.00780071428799126,21.07865628446686,0.29538107739525515,7,0.003137737495023547,25.033833925628024,0.6983119324768943,10.0,0;22.5;45;67.5;90;112.5;135;157.5;180;202.5;225;247.5;270;292.5;315;337.5
val_images,none,test002.png,1,rot20_padded,20.0,True,0,788,788,154399.0,0.24865205585956573,blur,pnp_hqs,wavelet,15.0,fixed10p0,0.4,0.5,0.0,0.15,G16_fixed,False,16,20,adjoint,0.00780071428799126,21.07865628446686,0.29538107739525515,8,0.003134205813562284,25.03872488161123,0.6977255863865699,10.0,0;22.5;45;67.5;90;112.5;135;157.5;180;202.5;225;247.5;270;292.5;315;337.5
val_images,none,test002.png,1,rot20_padded,20.0,True,0,788,788,154399.0,0.24865205585956573,blur,pnp_hqs,wavelet,15.0,fixed10p0,0.4,0.5,0.0,0.15,G16_fixed,False,16,20,adjoint,0.00780071428799126,21.07865628446686,0.29538107739525515,9,0.0031321342021118984,25.04159638061089,0.6973026258265922,10.0,0;22.5;45;67.5;90;112.5;135;157.5;180;202.5;225;247.5;270;292.5;315;337.5
val_images,none,test002.png,1,rot20_padded,20.0,True,0,788,788,154399.0,0.24865205585956573,blur,pnp_hqs,wavelet,15.0,fixed10p0,0.4,0.5,0.0,0.15,G16_fixed,False,16,20,adjoint,0.00780071428799126,21.07865628446686,0.29538107739525515,10,0.003130892737411977,25.04331810807884,0.6970005978827583,10.0,0;22.5;45;67.5;90;112.5;135;157.5;180;202.5;225;247.5;270;292.5;315;337.5
val_images,none,test002.png,1,rot20_padded,20.0,True,0,788,788,154399.0,0.24865205585956573,blur,pnp_hqs,wavelet,15.0,fixed10p0,0.4,0.5,0.0,0.15,G16_fixed,False,16,20,adjoint,0.00780071428799126,21.07865628446686,0.29538107739525515,11,0.0031301357226371485,25.044368310431786,0.6967875237210086,10.0,0;22.5;45;67.5;90;112.5;135;157.5;180;202.5;225;247.5;270;292.5;315;337.5
val_images,none,test002.png,1,rot20_padded,20.0,True,0,788,788,154399.0,0.24865205585956573,blur,pnp_hqs,wavelet,15.0,fixed10p0,0.4,0.5,0.0,0.15,G16_fixed,False,16,20,adjoint,0.00780071428799126,21.07865628446686,0.29538107739525515,12,0.0031296666897231364,25.045019124605616,0.696636686847065,10.0,0;22.5;45;67.5;90;112.5;135;157.5;180;202.5;225;247.5;270;292.5;315;337.5
val_images,none,test002.png,1,rot20_padded,20.0,True,0,788,788,154399.0,0.24865205585956573,blur,pnp_hqs,wavelet,15.0,fixed10p0,0.4,0.5,0.0,0.15,G16_fixed,False,16,20,adjoint,0.00780071428799126,21.07865628446686,0.29538107739525515,13,0.0031293709993567803,25.045429464664053,0.6965308834577945,10.0,0;22.5;45;67.5;90;112.5;135;157.5;180;202.5;225;247.5;270;292.5;315;337.5
val_images,none,test002.png,1,rot20_padded,20.0,True,0,788,788,154399.0,0.24865205585956573,blur,pnp_hqs,wavelet,15.0,fixed10p0,0.4,0.5,0.0,0.15,G16_fixed,False,16,20,adjoint,0.00780071428799126,21.07865628446686,0.29538107739525515,14,0.0031291842163379256,25.045688690097503,0.6964570083031626,10.0,0;22.5;45;67.5;90;112.5;135;157.5;180;202.5;225;247.5;270;292.5;315;337.5
val_images,none,test002.png,1,rot20_padded,20.0,True,0,788,788,154399.0,0.24865205585956573,blur,pnp_hqs,wavelet,15.0,fixed10p0,0.4,0.5,0.0,0.15,G16_fixed,False,16,20,adjoint,0.00780071428799126,21.07865628446686,0.29538107739525515,15,0.003129063449751132,25.045856303349797,0.6964047391012895,10.0,0;22.5;45;67.5;90;112.5;135;157.5;180;202.5;225;247.5;270;292.5;315;337.5
val_images,none,test002.png,1,rot20_padded,20.0,True,0,788,788,154399.0,0.24865205585956573,blur,pnp_hqs,wavelet,15.0,fixed10p0,0.4,0.5,0.0,0.15,G16_fixed,False,16,20,adjoint,0.00780071428799126,21.07865628446686,0.29538107739525515,16,0.0031289851787718024,25.04596493994384,0.6963682569187625,10.0,0;22.5;45;67.5;90;112.5;135;157.5;180;202.5;225;247.5;270;292.5;315;337.5
val_images,none,test002.png,1,rot20_padded,20.0,True,0,788,788,154399.0,0.24865205585956573,blur,pnp_hqs,wavelet,15.0,fixed10p0,0.4,0.5,0.0,0.15,G16_fixed,False,16,20,adjoint,0.00780071428799126,21.07865628446686,0.29538107739525515,17,0.0031289335910808804,25.046036542821174,0.6963430078076931,10.0,0;22.5;45;67.5;90;112.5;135;157.5;180;202.5;225;247.5;270;292.5;315;337.5
val_images,none,test002.png,1,rot20_padded,20.0,True,0,788,788,154399.0,0.24865205585956573,blur,pnp_hqs,wavelet,15.0,fixed10p0,0.4,0.5,0.0,0.15,G16_fixed,False,16,20,adjoint,0.00780071428799126,21.07865628446686,0.29538107739525515,18,0.003128899594594909,25.046083730037015,0.6963251462120869,10.0,0;22.5;45;67.5;90;112.5;135;157.5;180;202.5;225;247.5;270;292.5;315;337.5
val_images,none,test002.png,1,rot20_padded,20.0,True,0,788,788,154399.0,0.24865205585956573,blur,pnp_hqs,wavelet,15.0,fixed10p0,0.4,0.5,0.0,0.15,G16_fixed,False,16,20,adjoint,0.00780071428799126,21.07865628446686,0.29538107739525515,19,0.0031288776550022182,25.04611418252409,0.6963129517516305,10.0,0;22.5;45;67.5;90;112.5;135;157.5;180;202.5;225;247.5;270;292.5;315;337.5
val_images,none,test002.png,1,rot20_padded,20.0,True,0,788,788,154399.0,0.24865205585956573,blur,pnp_hqs,wavelet,15.0,fixed10p0,0.4,0.5,0.0,0.15,G16_fixed,False,16,20,adjoint,0.00780071428799126,21.07865628446686,0.29538107739525515,20,0.003128862237991138,25.046135581696806,0.6963041980518009,10.0,0;22.5;45;67.5;90;112.5;135;157.5;180;202.5;225;247.5;270;292.5;315;337.5
val_images,none,test002.png,1,rot25_padded,25.0,True,0,834,834,154402.0,0.22198356688022614,blur,pnp_hqs,wavelet,15.0,fixed10p0,0.4,0.5,0.0,0.15,vanilla,False,0,20,adjoint,0.0078050240808085385,21.076257526725264,0.2954973310336006,1,0.003815830196272352,24.184109595608973,0.6832390043522752,10.0,none
val_images,none,test002.png,1,rot25_padded,25.0,True,0,834,834,154402.0,0.22198356688022614,blur,pnp_hqs,wavelet,15.0,fixed10p0,0.4,0.5,0.0,0.15,vanilla,False,0,20,adjoint,0.0078050240808085385,21.076257526725264,0.2954973310336006,2,0.003669591618996192,24.35382264762891,0.6665480470622143,10.0,none
val_images,none,test002.png,1,rot25_padded,25.0,True,0,834,834,154402.0,0.22198356688022614,blur,pnp_hqs,wavelet,15.0,fixed10p0,0.4,0.5,0.0,0.15,vanilla,False,0,20,adjoint,0.0078050240808085385,21.076257526725264,0.2954973310336006,3,0.003692043094588315,24.327332384065055,0.6483438928899885,10.0,none
val_images,none,test002.png,1,rot25_padded,25.0,True,0,834,834,154402.0,0.22198356688022614,blur,pnp_hqs,wavelet,15.0,fixed10p0,0.4,0.5,0.0,0.15,vanilla,False,0,20,adjoint,0.0078050240808085385,21.076257526725264,0.2954973310336006,4,0.0037648546419462264,24.242517869053266,0.6322675042259815,10.0,none
val_images,none,test002.png,1,rot25_padded,25.0,True,0,834,834,154402.0,0.22198356688022614,blur,pnp_hqs,wavelet,15.0,fixed10p0,0.4,0.5,0.0,0.15,vanilla,False,0,20,adjoint,0.0078050240808085385,21.076257526725264,0.2954973310336006,5,0.0038516088260322485,24.14357826771338,0.6186782817741998,10.0,none
val_images,none,test002.png,1,rot25_padded,25.0,True,0,834,834,154402.0,0.22198356688022614,blur,pnp_hqs,wavelet,15.0,fixed10p0,0.4,0.5,0.0,0.15,vanilla,False,0,20,adjoint,0.0078050240808085385,21.076257526725264,0.2954973310336006,6,0.003939377350676926,24.04572416381152,0.6073203492344659,10.0,none
val_images,none,test002.png,1,rot25_padded,25.0,True,0,834,834,154402.0,0.22198356688022614,blur,pnp_hqs,wavelet,15.0,fixed10p0,0.4,0.5,0.0,0.15,vanilla,False,0,20,adjoint,0.0078050240808085385,21.076257526725264,0.2954973310336006,7,0.004023615448381093,23.95383533078038,0.5977301237192524,10.0,none
val_images,none,test002.png,1,rot25_padded,25.0,True,0,834,834,154402.0,0.22198356688022614,blur,pnp_hqs,wavelet,15.0,fixed10p0,0.4,0.5,0.0,0.15,vanilla,False,0,20,adjoint,0.0078050240808085385,21.076257526725264,0.2954973310336006,8,0.004103259366049136,23.868710305144806,0.5894999842132874,10.0,none
val_images,none,test002.png,1,rot25_padded,25.0,True,0,834,834,154402.0,0.22198356688022614,blur,pnp_hqs,wavelet,15.0,fixed10p0,0.4,0.5,0.0,0.15,vanilla,False,0,20,adjoint,0.0078050240808085385,21.076257526725264,0.2954973310336006,9,0.004177337060254037,23.791004810426216,0.5823728906523231,10.0,none
val_images,none,test002.png,1,rot25_padded,25.0,True,0,834,834,154402.0,0.22198356688022614,blur,pnp_hqs,wavelet,15.0,fixed10p0,0.4,0.5,0.0,0.15,vanilla,False,0,20,adjoint,0.0078050240808085385,21.076257526725264,0.2954973310336006,10,0.0042459730505889255,23.72022766650864,0.5760975711940259,10.0,none
val_images,none,test002.png,1,rot25_padded,25.0,True,0,834,834,154402.0,0.22198356688022614,blur,pnp_hqs,wavelet,15.0,fixed10p0,0.4,0.5,0.0,0.15,vanilla,False,0,20,adjoint,0.0078050240808085385,21.076257526725264,0.2954973310336006,11,0.004308882325540634,23.65635366219405,0.5705082147575808,10.0,none
val_images,none,test002.png,1,rot25_padded,25.0,True,0,834,834,154402.0,0.22198356688022614,blur,pnp_hqs,wavelet,15.0,fixed10p0,0.4,0.5,0.0,0.15,vanilla,False,0,20,adjoint,0.0078050240808085385,21.076257526725264,0.2954973310336006,12,0.004366939684663451,23.598228064296407,0.5654452338700275,10.0,none
val_images,none,test002.png,1,rot25_padded,25.0,True,0,834,834,154402.0,0.22198356688022614,blur,pnp_hqs,wavelet,15.0,fixed10p0,0.4,0.5,0.0,0.15,vanilla,False,0,20,adjoint,0.0078050240808085385,21.076257526725264,0.2954973310336006,13,0.004420997000094518,23.544797797882765,0.560793162896206,10.0,none
val_images,none,test002.png,1,rot25_padded,25.0,True,0,834,834,154402.0,0.22198356688022614,blur,pnp_hqs,wavelet,15.0,fixed10p0,0.4,0.5,0.0,0.15,vanilla,False,0,20,adjoint,0.0078050240808085385,21.076257526725264,0.2954973310336006,14,0.0044720259199605575,23.494956879339725,0.5564581417339154,10.0,none
val_images,none,test002.png,1,rot25_padded,25.0,True,0,834,834,154402.0,0.22198356688022614,blur,pnp_hqs,wavelet,15.0,fixed10p0,0.4,0.5,0.0,0.15,vanilla,False,0,20,adjoint,0.0078050240808085385,21.076257526725264,0.2954973310336006,15,0.00451973431734308,23.448870934857602,0.552394985978161,10.0,none
val_images,none,test002.png,1,rot25_padded,25.0,True,0,834,834,154402.0,0.22198356688022614,blur,pnp_hqs,wavelet,15.0,fixed10p0,0.4,0.5,0.0,0.15,vanilla,False,0,20,adjoint,0.0078050240808085385,21.076257526725264,0.2954973310336006,16,0.004564977622081887,23.405613470738604,0.5485329590128366,10.0,none
val_images,none,test002.png,1,rot25_padded,25.0,True,0,834,834,154402.0,0.22198356688022614,blur,pnp_hqs,wavelet,15.0,fixed10p0,0.4,0.5,0.0,0.15,vanilla,False,0,20,adjoint,0.0078050240808085385,21.076257526725264,0.2954973310336006,17,0.004608446028493194,23.364454943550133,0.5448188818797683,10.0,none
val_images,none,test002.png,1,rot25_padded,25.0,True,0,834,834,154402.0,0.22198356688022614,blur,pnp_hqs,wavelet,15.0,fixed10p0,0.4,0.5,0.0,0.15,vanilla,False,0,20,adjoint,0.0078050240808085385,21.076257526725264,0.2954973310336006,18,0.0046503529987366584,23.32514079457411,0.5412222943193741,10.0,none
val_images,none,test002.png,1,rot25_padded,25.0,True,0,834,834,154402.0,0.22198356688022614,blur,pnp_hqs,wavelet,15.0,fixed10p0,0.4,0.5,0.0,0.15,vanilla,False,0,20,adjoint,0.0078050240808085385,21.076257526725264,0.2954973310336006,19,0.00469120886549397,23.28715230640104,0.5377148612064611,10.0,none
val_images,none,test002.png,1,rot25_padded,25.0,True,0,834,834,154402.0,0.22198356688022614,blur,pnp_hqs,wavelet,15.0,fixed10p0,0.4,0.5,0.0,0.15,vanilla,False,0,20,adjoint,0.0078050240808085385,21.076257526725264,0.2954973310336006,20,0.004730995049651235,23.250475063818463,0.5342790248830974,10.0,none
val_images,none,test002.png,1,rot25_padded,25.0,True,0,834,834,154402.0,0.22198356688022614,blur,pnp_hqs,wavelet,15.0,fixed10p0,0.4,0.5,0.0,0.15,G16_fixed,False,16,20,adjoint,0.0078050240808085385,21.076257526725264,0.2954973310336006,1,0.003522941929412548,24.530945154743197,0.7043240817800288,10.0,0;22.5;45;67.5;90;112.5;135;157.5;180;202.5;225;247.5;270;292.5;315;337.5
val_images,none,test002.png,1,rot25_padded,25.0,True,0,834,834,154402.0,0.22198356688022614,blur,pnp_hqs,wavelet,15.0,fixed10p0,0.4,0.5,0.0,0.15,G16_fixed,False,16,20,adjoint,0.0078050240808085385,21.076257526725264,0.2954973310336006,2,0.003288094814363439,24.830556677861377,0.7095570734187381,10.0,0;22.5;45;67.5;90;112.5;135;157.5;180;202.5;225;247.5;270;292.5;315;337.5
val_images,none,test002.png,1,rot25_padded,25.0,True,0,834,834,154402.0,0.22198356688022614,blur,pnp_hqs,wavelet,15.0,fixed10p0,0.4,0.5,0.0,0.15,G16_fixed,False,16,20,adjoint,0.0078050240808085385,21.076257526725264,0.2954973310336006,3,0.003190430737417585,24.96150679245275,0.7104422930888201,10.0,0;22.5;45;67.5;90;112.5;135;157.5;180;202.5;225;247.5;270;292.5;315;337.5
val_images,none,test002.png,1,rot25_padded,25.0,True,0,834,834,154402.0,0.22198356688022614,blur,pnp_hqs,wavelet,15.0,fixed10p0,0.4,0.5,0.0,0.15,G16_fixed,False,16,20,adjoint,0.0078050240808085385,21.076257526725264,0.2954973310336006,4,0.0031447105028720684,25.024193288489588,0.7101043461224595,10.0,0;22.5;45;67.5;90;112.5;135;157.5;180;202.5;225;247.5;270;292.5;315;337.5
val_images,none,test002.png,1,rot25_padded,25.0,True,0,834,834,154402.0,0.22198356688022614,blur,pnp_hqs,wavelet,15.0,fixed10p0,0.4,0.5,0.0,0.15,G16_fixed,False,16,20,adjoint,0.0078050240808085385,21.076257526725264,0.2954973310336006,5,0.003121756995904461,25.056009063489412,0.7095143177387598,10.0,0;22.5;45;67.5;90;112.5;135;157.5;180;202.5;225;247.5;270;292.5;315;337.5
val_images,none,test002.png,1,rot25_padded,25.0,True,0,834,834,154402.0,0.22198356688022614,blur,pnp_hqs,wavelet,15.0,fixed10p0,0.4,0.5,0.0,0.15,G16_fixed,False,16,20,adjoint,0.0078050240808085385,21.076257526725264,0.2954973310336006,6,0.003109741843417973,25.072756626235133,0.7089717506897579,10.0,0;22.5;45;67.5;90;112.5;135;157.5;180;202.5;225;247.5;270;292.5;315;337.5
val_images,none,test002.png,1,rot25_padded,25.0,True,0,834,834,154402.0,0.22198356688022614,blur,pnp_hqs,wavelet,15.0,fixed10p0,0.4,0.5,0.0,0.15,G16_fixed,False,16,20,adjoint,0.0078050240808085385,21.076257526725264,0.2954973310336006,7,0.00310328184598635,25.08178779169956,0.7085493549306356,10.0,0;22.5;45;67.5;90;112.5;135;157.5;180;202.5;225;247.5;270;292.5;315;337.5
val_images,none,test002.png,1,rot25_padded,25.0,True,0,834,834,154402.0,0.22198356688022614,blur,pnp_hqs,wavelet,15.0,fixed10p0,0.4,0.5,0.0,0.15,G16_fixed,False,16,20,adjoint,0.0078050240808085385,21.076257526725264,0.2954973310336006,8,0.0030997437106900735,25.086742124993854,0.708243892161371,10.0,0;22.5;45;67.5;90;112.5;135;157.5;180;202.5;225;247.5;270;292.5;315;337.5
val_images,none,test002.png,1,rot25_padded,25.0,True,0,834,834,154402.0,0.22198356688022614,blur,pnp_hqs,wavelet,15.0,fixed10p0,0.4,0.5,0.0,0.15,G16_fixed,False,16,20,adjoint,0.0078050240808085385,21.076257526725264,0.2954973310336006,9,0.003097779858821251,25.08949448260536,0.7080318341083665,10.0,0;22.5;45;67.5;90;112.5;135;157.5;180;202.5;225;247.5;270;292.5;315;337.5
val_images,none,test002.png,1,rot25_padded,25.0,True,0,834,834,154402.0,0.22198356688022614,blur,pnp_hqs,wavelet,15.0,fixed10p0,0.4,0.5,0.0,0.15,G16_fixed,False,16,20,adjoint,0.0078050240808085385,21.076257526725264,0.2954973310336006,10,0.00309667954044829,25.09103735236021,0.707888893521457,10.0,0;22.5;45;67.5;90;112.5;135;157.5;180;202.5;225;247.5;270;292.5;315;337.5
val_images,none,test002.png,1,rot25_padded,25.0,True,0,834,834,154402.0,0.22198356688022614,blur,pnp_hqs,wavelet,15.0,fixed10p0,0.4,0.5,0.0,0.15,G16_fixed,False,16,20,adjoint,0.0078050240808085385,21.076257526725264,0.2954973310336006,11,0.00309605793073337,25.09190921773881,0.7077937178598723,10.0,0;22.5;45;67.5;90;112.5;135;157.5;180;202.5;225;247.5;270;292.5;315;337.5
val_images,none,test002.png,1,rot25_padded,25.0,True,0,834,834,154402.0,0.22198356688022614,blur,pnp_hqs,wavelet,15.0,fixed10p0,0.4,0.5,0.0,0.15,G16_fixed,False,16,20,adjoint,0.0078050240808085385,21.076257526725264,0.2954973310336006,12,0.0030957055205197916,25.09240358356042,0.7077308746000699,10.0,0;22.5;45;67.5;90;112.5;135;157.5;180;202.5;225;247.5;270;292.5;315;337.5
val_images,none,test002.png,1,rot25_padded,25.0,True,0,834,834,154402.0,0.22198356688022614,blur,pnp_hqs,wavelet,15.0,fixed10p0,0.4,0.5,0.0,0.15,G16_fixed,False,16,20,adjoint,0.0078050240808085385,21.076257526725264,0.2954973310336006,13,0.003095505696220337,25.092683924797683,0.7076900922591677,10.0,0;22.5;45;67.5;90;112.5;135;157.5;180;202.5;225;247.5;270;292.5;315;337.5
val_images,none,test002.png,1,rot25_padded,25.0,True,0,834,834,154402.0,0.22198356688022614,blur,pnp_hqs,wavelet,15.0,fixed10p0,0.4,0.5,0.0,0.15,G16_fixed,False,16,20,adjoint,0.0078050240808085385,21.076257526725264,0.2954973310336006,14,0.003095390861484449,25.092845039077876,0.7076636292761752,10.0,0;22.5;45;67.5;90;112.5;135;157.5;180;202.5;225;247.5;270;292.5;315;337.5
val_images,none,test002.png,1,rot25_padded,25.0,True,0,834,834,154402.0,0.22198356688022614,blur,pnp_hqs,wavelet,15.0,fixed10p0,0.4,0.5,0.0,0.15,G16_fixed,False,16,20,adjoint,0.0078050240808085385,21.076257526725264,0.2954973310336006,15,0.003095325043985222,25.092937384380633,0.7076464764057461,10.0,0;22.5;45;67.5;90;112.5;135;157.5;180;202.5;225;247.5;270;292.5;315;337.5
val_images,none,test002.png,1,rot25_padded,25.0,True,0,834,834,154402.0,0.22198356688022614,blur,pnp_hqs,wavelet,15.0,fixed10p0,0.4,0.5,0.0,0.15,G16_fixed,False,16,20,adjoint,0.0078050240808085385,21.076257526725264,0.2954973310336006,16,0.003095288478707874,25.092988688175076,0.7076354965447339,10.0,0;22.5;45;67.5;90;112.5;135;157.5;180;202.5;225;247.5;270;292.5;315;337.5
val_images,none,test002.png,1,rot25_padded,25.0,True,0,834,834,154402.0,0.22198356688022614,blur,pnp_hqs,wavelet,15.0,fixed10p0,0.4,0.5,0.0,0.15,G16_fixed,False,16,20,adjoint,0.0078050240808085385,21.076257526725264,0.2954973310336006,17,0.003095267132491908,25.093018638778496,0.7076285139603113,10.0,0;22.5;45;67.5;90;112.5;135;157.5;180;202.5;225;247.5;270;292.5;315;337.5
val_images,none,test002.png,1,rot25_padded,25.0,True,0,834,834,154402.0,0.22198356688022614,blur,pnp_hqs,wavelet,15.0,fixed10p0,0.4,0.5,0.0,0.15,G16_fixed,False,16,20,adjoint,0.0078050240808085385,21.076257526725264,0.2954973310336006,18,0.0030952542852322996,25.093036664704194,0.7076239601009054,10.0,0;22.5;45;67.5;90;112.5;135;157.5;180;202.5;225;247.5;270;292.5;315;337.5
val_images,none,test002.png,1,rot25_padded,25.0,True,0,834,834,154402.0,0.22198356688022614,blur,pnp_hqs,wavelet,15.0,fixed10p0,0.4,0.5,0.0,0.15,G16_fixed,False,16,20,adjoint,0.0078050240808085385,21.076257526725264,0.2954973310336006,19,0.0030952469721768298,25.093046925649162,0.7076208229977591,10.0,0;22.5;45;67.5;90;112.5;135;157.5;180;202.5;225;247.5;270;292.5;315;337.5
val_images,none,test002.png,1,rot25_padded,25.0,True,0,834,834,154402.0,0.22198356688022614,blur,pnp_hqs,wavelet,15.0,fixed10p0,0.4,0.5,0.0,0.15,G16_fixed,False,16,20,adjoint,0.0078050240808085385,21.076257526725264,0.2954973310336006,20,0.0030952436121243166,25.09305164014552,0.7076192544461859,10.0,0;22.5;45;67.5;90;112.5;135;157.5;180;202.5;225;247.5;270;292.5;315;337.5
val_images,none,test002.png,1,rot30_padded,30.0,True,0,878,878,154400.0,0.2002895325422287,blur,pnp_hqs,wavelet,15.0,fixed10p0,0.4,0.5,0.0,0.15,vanilla,False,0,20,adjoint,0.007767836812864313,21.09699906686171,0.29829498765382123,1,0.003816698301641435,24.183121683481996,0.683697528740285,10.0,none
val_images,none,test002.png,1,rot30_padded,30.0,True,0,878,878,154400.0,0.2002895325422287,blur,pnp_hqs,wavelet,15.0,fixed10p0,0.4,0.5,0.0,0.15,vanilla,False,0,20,adjoint,0.007767836812864313,21.09699906686171,0.29829498765382123,2,0.00367138205414609,24.35170419262322,0.6677604841321243,10.0,none
val_images,none,test002.png,1,rot30_padded,30.0,True,0,878,878,154400.0,0.2002895325422287,blur,pnp_hqs,wavelet,15.0,fixed10p0,0.4,0.5,0.0,0.15,vanilla,False,0,20,adjoint,0.007767836812864313,21.09699906686171,0.29829498765382123,3,0.003700297459419527,24.31763362475737,0.6498794223607512,10.0,none
val_images,none,test002.png,1,rot30_padded,30.0,True,0,878,878,154400.0,0.2002895325422287,blur,pnp_hqs,wavelet,15.0,fixed10p0,0.4,0.5,0.0,0.15,vanilla,False,0,20,adjoint,0.007767836812864313,21.09699906686171,0.29829498765382123,4,0.0037863854917219884,24.21775172621288,0.6338453286917098,10.0,none
val_images,none,test002.png,1,rot30_padded,30.0,True,0,878,878,154400.0,0.2002895325422287,blur,pnp_hqs,wavelet,15.0,fixed10p0,0.4,0.5,0.0,0.15,vanilla,False,0,20,adjoint,0.007767836812864313,21.09699906686171,0.29829498765382123,5,0.003894571887396778,24.095402753880506,0.6201502287079016,10.0,none
val_images,none,test002.png,1,rot30_padded,30.0,True,0,878,878,154400.0,0.2002895325422287,blur,pnp_hqs,wavelet,15.0,fixed10p0,0.4,0.5,0.0,0.15,vanilla,False,0,20,adjoint,0.007767836812864313,21.09699906686171,0.29829498765382123,6,0.004015465375672968,23.962641145510606,0.608387508095855,10.0,none
val_images,none,test002.png,1,rot30_padded,30.0,True,0,878,878,154400.0,0.2002895325422287,blur,pnp_hqs,wavelet,15.0,fixed10p0,0.4,0.5,0.0,0.15,vanilla,False,0,20,adjoint,0.007767836812864313,21.09699906686171,0.29829498765382123,7,0.004149230403603667,23.8203244845967,0.5980826485589378,10.0,none
val_images,none,test002.png,1,rot30_padded,30.0,True,0,878,878,154400.0,0.2002895325422287,blur,pnp_hqs,wavelet,15.0,fixed10p0,0.4,0.5,0.0,0.15,vanilla,False,0,20,adjoint,0.007767836812864313,21.09699906686171,0.29829498765382123,8,0.004387386104603506,23.577941445510184,0.5871484375,10.0,none
val_images,none,test002.png,1,rot30_padded,30.0,True,0,878,878,154400.0,0.2002895325422287,blur,pnp_hqs,wavelet,15.0,fixed10p0,0.4,0.5,0.0,0.15,vanilla,False,0,20,adjoint,0.007767836812864313,21.09699906686171,0.29829498765382123,9,0.004695516793839055,23.283166018300253,0.5785417847312176,10.0,none
val_images,none,test002.png,1,rot30_padded,30.0,True,0,878,878,154400.0,0.2002895325422287,blur,pnp_hqs,wavelet,15.0,fixed10p0,0.4,0.5,0.0,0.15,vanilla,False,0,20,adjoint,0.007767836812864313,21.09699906686171,0.29829498765382123,10,0.004770817731946243,23.214071752503507,0.5725894085977979,10.0,none
val_images,none,test002.png,1,rot30_padded,30.0,True,0,878,878,154400.0,0.2002895325422287,blur,pnp_hqs,wavelet,15.0,fixed10p0,0.4,0.5,0.0,0.15,vanilla,False,0,20,adjoint,0.007767836812864313,21.09699906686171,0.29829498765382123,11,0.004835900420351967,23.155226506021904,0.5674931185233161,10.0,none
val_images,none,test002.png,1,rot30_padded,30.0,True,0,878,878,154400.0,0.2002895325422287,blur,pnp_hqs,wavelet,15.0,fixed10p0,0.4,0.5,0.0,0.15,vanilla,False,0,20,adjoint,0.007767836812864313,21.09699906686171,0.29829498765382123,12,0.004892168193283477,23.104986202867664,0.5631028375971503,10.0,none
val_images,none,test002.png,1,rot30_padded,30.0,True,0,878,878,154400.0,0.2002895325422287,blur,pnp_hqs,wavelet,15.0,fixed10p0,0.4,0.5,0.0,0.15,vanilla,False,0,20,adjoint,0.007767836812864313,21.09699906686171,0.29829498765382123,13,0.004941009758667625,23.061842883628977,0.5592874129695596,10.0,none
val_images,none,test002.png,1,rot30_padded,30.0,True,0,878,878,154400.0,0.2002895325422287,blur,pnp_hqs,wavelet,15.0,fixed10p0,0.4,0.5,0.0,0.15,vanilla,False,0,20,adjoint,0.007767836812864313,21.09699906686171,0.29829498765382123,14,0.004983699581166005,23.024481449552624,0.5559282403659327,10.0,none
val_images,none,test002.png,1,rot30_padded,30.0,True,0,878,878,154400.0,0.2002895325422287,blur,pnp_hqs,wavelet,15.0,fixed10p0,0.4,0.5,0.0,0.15,vanilla,False,0,20,adjoint,0.007767836812864313,21.09699906686171,0.29829498765382123,15,0.005021225133708104,22.99190305983717,0.5529414264896373,10.0,none
val_images,none,test002.png,1,rot30_padded,30.0,True,0,878,878,154400.0,0.2002895325422287,blur,pnp_hqs,wavelet,15.0,fixed10p0,0.4,0.5,0.0,0.15,vanilla,False,0,20,adjoint,0.007767836812864313,21.09699906686171,0.29829498765382123,16,0.005054862857482594,22.962906226736717,0.5502492005343265,10.0,none
val_images,none,test002.png,1,rot30_padded,30.0,True,0,878,878,154400.0,0.2002895325422287,blur,pnp_hqs,wavelet,15.0,fixed10p0,0.4,0.5,0.0,0.15,vanilla,False,0,20,adjoint,0.007767836812864313,21.09699906686171,0.29829498765382123,17,0.005084655445474417,22.93738471098969,0.5478022283840673,10.0,none
val_images,none,test002.png,1,rot30_padded,30.0,True,0,878,878,154400.0,0.2002895325422287,blur,pnp_hqs,wavelet,15.0,fixed10p0,0.4,0.5,0.0,0.15,vanilla,False,0,20,adjoint,0.007767836812864313,21.09699906686171,0.29829498765382123,18,0.005111338956368402,22.91465318027484,0.5455491013601036,10.0,none
val_images,none,test002.png,1,rot30_padded,30.0,True,0,878,878,154400.0,0.2002895325422287,blur,pnp_hqs,wavelet,15.0,fixed10p0,0.4,0.5,0.0,0.15,vanilla,False,0,20,adjoint,0.007767836812864313,21.09699906686171,0.29829498765382123,19,0.005135328460851482,22.894317732598395,0.5434473668231865,10.0,none
val_images,none,test002.png,1,rot30_padded,30.0,True,0,878,878,154400.0,0.2002895325422287,blur,pnp_hqs,wavelet,15.0,fixed10p0,0.4,0.5,0.0,0.15,vanilla,False,0,20,adjoint,0.007767836812864313,21.09699906686171,0.29829498765382123,20,0.005157184897309141,22.875872978270273,0.5414646413536269,10.0,none
val_images,none,test002.png,1,rot30_padded,30.0,True,0,878,878,154400.0,0.2002895325422287,blur,pnp_hqs,wavelet,15.0,fixed10p0,0.4,0.5,0.0,0.15,G16_fixed,False,16,20,adjoint,0.007767836812864313,21.09699906686171,0.29829498765382123,1,0.003517819340364921,24.53726467748725,0.7060249352331606,10.0,0;22.5;45;67.5;90;112.5;135;157.5;180;202.5;225;247.5;270;292.5;315;337.5
val_images,none,test002.png,1,rot30_padded,30.0,True,0,878,878,154400.0,0.2002895325422287,blur,pnp_hqs,wavelet,15.0,fixed10p0,0.4,0.5,0.0,0.15,G16_fixed,False,16,20,adjoint,0.007767836812864313,21.09699906686171,0.29829498765382123,2,0.0032822299621265787,24.838309943420636,0.7122962880505181,10.0,0;22.5;45;67.5;90;112.5;135;157.5;180;202.5;225;247.5;270;292.5;315;337.5
val_images,none,test002.png,1,rot30_padded,30.0,True,0,878,878,154400.0,0.2002895325422287,blur,pnp_hqs,wavelet,15.0,fixed10p0,0.4,0.5,0.0,0.15,G16_fixed,False,16,20,adjoint,0.007767836812864313,21.09699906686171,0.29829498765382123,3,0.003182491836152546,24.972327017413765,0.7139393924060881,10.0,0;22.5;45;67.5;90;112.5;135;157.5;180;202.5;225;247.5;270;292.5;315;337.5
val_images,none,test002.png,1,rot30_padded,30.0,True,0,878,878,154400.0,0.2002895325422287,blur,pnp_hqs,wavelet,15.0,fixed10p0,0.4,0.5,0.0,0.15,G16_fixed,False,16,20,adjoint,0.007767836812864313,21.09699906686171,0.29829498765382123,4,0.0031350132838432036,25.037606146139414,0.7141077355893782,10.0,0;22.5;45;67.5;90;112.5;135;157.5;180;202.5;225;247.5;270;292.5;315;337.5
val_images,none,test002.png,1,rot30_padded,30.0,True,0,878,878,154400.0,0.2002895325422287,blur,pnp_hqs,wavelet,15.0,fixed10p0,0.4,0.5,0.0,0.15,G16_fixed,False,16,20,adjoint,0.007767836812864313,21.09699906686171,0.29829498765382123,5,0.003110840357647041,25.07122275478222,0.7138467454663212,10.0,0;22.5;45;67.5;90;112.5;135;157.5;180;202.5;225;247.5;270;292.5;315;337.5
val_images,none,test002.png,1,rot30_padded,30.0,True,0,878,878,154400.0,0.2002895325422287,blur,pnp_hqs,wavelet,15.0,fixed10p0,0.4,0.5,0.0,0.15,G16_fixed,False,16,20,adjoint,0.007767836812864313,21.09699906686171,0.29829498765382123,6,0.0030980249513616214,25.089150887733812,0.713516788779145,10.0,0;22.5;45;67.5;90;112.5;135;157.5;180;202.5;225;247.5;270;292.5;315;337.5
val_images,none,test002.png,1,rot30_padded,30.0,True,0,878,878,154400.0,0.2002895325422287,blur,pnp_hqs,wavelet,15.0,fixed10p0,0.4,0.5,0.0,0.15,G16_fixed,False,16,20,adjoint,0.007767836812864313,21.09699906686171,0.29829498765382123,7,0.0030910480084196893,25.098942496666076,0.7132314098931347,10.0,0;22.5;45;67.5;90;112.5;135;157.5;180;202.5;225;247.5;270;292.5;315;337.5
val_images,none,test002.png,1,rot30_padded,30.0,True,0,878,878,154400.0,0.2002895325422287,blur,pnp_hqs,wavelet,15.0,fixed10p0,0.4,0.5,0.0,0.15,G16_fixed,False,16,20,adjoint,0.007767836812864313,21.09699906686171,0.29829498765382123,8,0.003087180933186427,25.104379166851352,0.7130137325939119,10.0,0;22.5;45;67.5;90;112.5;135;157.5;180;202.5;225;247.5;270;292.5;315;337.5
val_images,none,test002.png,1,rot30_padded,30.0,True,0,878,878,154400.0,0.2002895325422287,blur,pnp_hqs,wavelet,15.0,fixed10p0,0.4,0.5,0.0,0.15,G16_fixed,False,16,20,adjoint,0.007767836812864313,21.09699906686171,0.29829498765382123,9,0.003085009322882934,25.107435191929778,0.7128584945757772,10.0,0;22.5;45;67.5;90;112.5;135;157.5;180;202.5;225;247.5;270;292.5;315;337.5
val_images,none,test002.png,1,rot30_padded,30.0,True,0,878,878,154400.0,0.2002895325422287,blur,pnp_hqs,wavelet,15.0,fixed10p0,0.4,0.5,0.0,0.15,G16_fixed,False,16,20,adjoint,0.007767836812864313,21.09699906686171,0.29829498765382123,10,0.0030837777488589907,25.1091692955827,0.7127513256962436,10.0,0;22.5;45;67.5;90;112.5;135;157.5;180;202.5;225;247.5;270;292.5;315;337.5
val_images,none,test002.png,1,rot30_padded,30.0,True,0,878,878,154400.0,0.2002895325422287,blur,pnp_hqs,wavelet,15.0,fixed10p0,0.4,0.5,0.0,0.15,G16_fixed,False,16,20,adjoint,0.007767836812864313,21.09699906686171,0.29829498765382123,11,0.0030830746981764085,25.11015952856099,0.7126794749838082,10.0,0;22.5;45;67.5;90;112.5;135;157.5;180;202.5;225;247.5;270;292.5;315;337.5
val_images,none,test002.png,1,rot30_padded,30.0,True,0,878,878,154400.0,0.2002895325422287,blur,pnp_hqs,wavelet,15.0,fixed10p0,0.4,0.5,0.0,0.15,G16_fixed,False,16,20,adjoint,0.007767836812864313,21.09699906686171,0.29829498765382123,12,0.0030826697077775867,25.11073005203425,0.7126314058452072,10.0,0;22.5;45;67.5;90;112.5;135;157.5;180;202.5;225;247.5;270;292.5;315;337.5
val_images,none,test002.png,1,rot30_padded,30.0,True,0,878,878,154400.0,0.2002895325422287,blur,pnp_hqs,wavelet,15.0,fixed10p0,0.4,0.5,0.0,0.15,G16_fixed,False,16,20,adjoint,0.007767836812864313,21.09699906686171,0.29829498765382123,13,0.003082437070540196,25.111057809759018,0.7126005403983161,10.0,0;22.5;45;67.5;90;112.5;135;157.5;180;202.5;225;247.5;270;292.5;315;337.5
val_images,none,test002.png,1,rot30_padded,30.0,True,0,878,878,154400.0,0.2002895325422287,blur,pnp_hqs,wavelet,15.0,fixed10p0,0.4,0.5,0.0,0.15,G16_fixed,False,16,20,adjoint,0.007767836812864313,21.09699906686171,0.29829498765382123,14,0.003082301283129756,25.111249129226913,0.7125799465673575,10.0,0;22.5;45;67.5;90;112.5;135;157.5;180;202.5;225;247.5;270;292.5;315;337.5
val_images,none,test002.png,1,rot30_padded,30.0,True,0,878,878,154400.0,0.2002895325422287,blur,pnp_hqs,wavelet,15.0,fixed10p0,0.4,0.5,0.0,0.15,G16_fixed,False,16,20,adjoint,0.007767836812864313,21.09699906686171,0.29829498765382123,15,0.0030822230126573633,25.111359413273586,0.7125666390058291,10.0,0;22.5;45;67.5;90;112.5;135;157.5;180;202.5;225;247.5;270;292.5;315;337.5
val_images,none,test002.png,1,rot30_padded,30.0,True,0,878,878,154400.0,0.2002895325422287,blur,pnp_hqs,wavelet,15.0,fixed10p0,0.4,0.5,0.0,0.15,G16_fixed,False,16,20,adjoint,0.007767836812864313,21.09699906686171,0.29829498765382123,16,0.0030821765642709683,25.11142486093853,0.7125581889572539,10.0,0;22.5;45;67.5;90;112.5;135;157.5;180;202.5;225;247.5;270;292.5;315;337.5
val_images,none,test002.png,1,rot30_padded,30.0,True,0,878,878,154400.0,0.2002895325422287,blur,pnp_hqs,wavelet,15.0,fixed10p0,0.4,0.5,0.0,0.15,G16_fixed,False,16,20,adjoint,0.007767836812864313,21.09699906686171,0.29829498765382123,17,0.0030821492881972553,25.111463294495046,0.7125530784488342,10.0,0;22.5;45;67.5;90;112.5;135;157.5;180;202.5;225;247.5;270;292.5;315;337.5
val_images,none,test002.png,1,rot30_padded,30.0,True,0,878,878,154400.0,0.2002895325422287,blur,pnp_hqs,wavelet,15.0,fixed10p0,0.4,0.5,0.0,0.15,G16_fixed,False,16,20,adjoint,0.007767836812864313,21.09699906686171,0.29829498765382123,18,0.0030821338712860268,25.11148501796005,0.7125492329177461,10.0,0;22.5;45;67.5;90;112.5;135;157.5;180;202.5;225;247.5;270;292.5;315;337.5
val_images,none,test002.png,1,rot30_padded,30.0,True,0,878,878,154400.0,0.2002895325422287,blur,pnp_hqs,wavelet,15.0,fixed10p0,0.4,0.5,0.0,0.15,G16_fixed,False,16,20,adjoint,0.007767836812864313,21.09699906686171,0.29829498765382123,19,0.0030821243839560396,25.11149838630022,0.7125471583549223,10.0,0;22.5;45;67.5;90;112.5;135;157.5;180;202.5;225;247.5;270;292.5;315;337.5
val_images,none,test002.png,1,rot30_padded,30.0,True,0,878,878,154400.0,0.2002895325422287,blur,pnp_hqs,wavelet,15.0,fixed10p0,0.4,0.5,0.0,0.15,G16_fixed,False,16,20,adjoint,0.007767836812864313,21.09699906686171,0.29829498765382123,20,0.003082119047332922,25.111505906009643,0.712546146373057,10.0,0;22.5;45;67.5;90;112.5;135;157.5;180;202.5;225;247.5;270;292.5;315;337.5
val_images,none,test002.png,1,rot35_padded,35.0,True,0,922,922,154405.0,0.18163499236106873,blur,pnp_hqs,wavelet,15.0,fixed10p0,0.4,0.5,0.0,0.15,vanilla,False,0,20,adjoint,0.007792551162881302,21.083203376319265,0.2974675720912535,1,0.003843313881563502,24.152941454694595,0.6818375882419611,10.0,none
val_images,none,test002.png,1,rot35_padded,35.0,True,0,922,922,154405.0,0.18163499236106873,blur,pnp_hqs,wavelet,15.0,fixed10p0,0.4,0.5,0.0,0.15,vanilla,False,0,20,adjoint,0.007792551162881302,21.083203376319265,0.2974675720912535,2,0.003720245059917506,24.294284513373192,0.6645239487872802,10.0,none
val_images,none,test002.png,1,rot35_padded,35.0,True,0,922,922,154405.0,0.18163499236106873,blur,pnp_hqs,wavelet,15.0,fixed10p0,0.4,0.5,0.0,0.15,vanilla,False,0,20,adjoint,0.007792551162881302,21.083203376319265,0.2974675720912535,3,0.0037764418345574546,24.22917199997734,0.645390673067582,10.0,none
val_images,none,test002.png,1,rot35_padded,35.0,True,0,922,922,154405.0,0.18163499236106873,blur,pnp_hqs,wavelet,15.0,fixed10p0,0.4,0.5,0.0,0.15,vanilla,False,0,20,adjoint,0.007792551162881302,21.083203376319265,0.2974675720912535,4,0.003905610416548606,24.08311079630198,0.6278797541368479,10.0,none
val_images,none,test002.png,1,rot35_padded,35.0,True,0,922,922,154405.0,0.18163499236106873,blur,pnp_hqs,wavelet,15.0,fixed10p0,0.4,0.5,0.0,0.15,vanilla,False,0,20,adjoint,0.007792551162881302,21.083203376319265,0.2974675720912535,5,0.004144197180305042,23.825595891023134,0.611352044946731,10.0,none
val_images,none,test002.png,1,rot35_padded,35.0,True,0,922,922,154405.0,0.18163499236106873,blur,pnp_hqs,wavelet,15.0,fixed10p0,0.4,0.5,0.0,0.15,vanilla,False,0,20,adjoint,0.007792551162881302,21.083203376319265,0.2974675720912535,6,0.004552766093279444,23.417246617953715,0.5974843957449565,10.0,none
val_images,none,test002.png,1,rot35_padded,35.0,True,0,922,922,154405.0,0.18163499236106873,blur,pnp_hqs,wavelet,15.0,fixed10p0,0.4,0.5,0.0,0.15,vanilla,False,0,20,adjoint,0.007792551162881302,21.083203376319265,0.2974675720912535,7,0.004652264011573662,23.32335647443987,0.588024341423529,10.0,none
val_images,none,test002.png,1,rot35_padded,35.0,True,0,922,922,154405.0,0.18163499236106873,blur,pnp_hqs,wavelet,15.0,fixed10p0,0.4,0.5,0.0,0.15,vanilla,False,0,20,adjoint,0.007792551162881302,21.083203376319265,0.2974675720912535,8,0.004744299200585514,23.238279298744438,0.5800585311356498,10.0,none
val_images,none,test002.png,1,rot35_padded,35.0,True,0,922,922,154405.0,0.18163499236106873,blur,pnp_hqs,wavelet,15.0,fixed10p0,0.4,0.5,0.0,0.15,vanilla,False,0,20,adjoint,0.007792551162881302,21.083203376319265,0.2974675720912535,9,0.0048299093034299,23.160610244016443,0.573297648635083,10.0,none
val_images,none,test002.png,1,rot35_padded,35.0,True,0,922,922,154405.0,0.18163499236106873,blur,pnp_hqs,wavelet,15.0,fixed10p0,0.4,0.5,0.0,0.15,vanilla,False,0,20,adjoint,0.007792551162881302,21.083203376319265,0.2974675720912535,10,0.004909789244524344,23.089371498127885,0.5675145113500211,10.0,none
val_images,none,test002.png,1,rot35_padded,35.0,True,0,922,922,154405.0,0.18163499236106873,blur,pnp_hqs,wavelet,15.0,fixed10p0,0.4,0.5,0.0,0.15,vanilla,False,0,20,adjoint,0.007792551162881302,21.083203376319265,0.2974675720912535,11,0.004984751745485695,23.02356465888009,0.5624971159450795,10.0,none
val_images,none,test002.png,1,rot35_padded,35.0,True,0,922,922,154405.0,0.18163499236106873,blur,pnp_hqs,wavelet,15.0,fixed10p0,0.4,0.5,0.0,0.15,vanilla,False,0,20,adjoint,0.007792551162881302,21.083203376319265,0.2974675720912535,12,0.005056562578426055,22.96144613698349,0.558070496421748,10.0,none
val_images,none,test002.png,1,rot35_padded,35.0,True,0,922,922,154405.0,0.18163499236106873,blur,pnp_hqs,wavelet,15.0,fixed10p0,0.4,0.5,0.0,0.15,vanilla,False,0,20,adjoint,0.007792551162881302,21.083203376319265,0.2974675720912535,13,0.005130085423682847,22.89875403167871,0.5540227000420971,10.0,none
val_images,none,test002.png,1,rot35_padded,35.0,True,0,922,922,154405.0,0.18163499236106873,blur,pnp_hqs,wavelet,15.0,fixed10p0,0.4,0.5,0.0,0.15,vanilla,False,0,20,adjoint,0.007792551162881302,21.083203376319265,0.2974675720912535,14,0.005216816971676557,22.82594399924219,0.5500618806871539,10.0,none
val_images,none,test002.png,1,rot35_padded,35.0,True,0,922,922,154405.0,0.18163499236106873,blur,pnp_hqs,wavelet,15.0,fixed10p0,0.4,0.5,0.0,0.15,vanilla,False,0,20,adjoint,0.007792551162881302,21.083203376319265,0.2974675720912535,15,0.005408822453657791,22.668972741804584,0.5443745243839254,10.0,none
val_images,none,test002.png,1,rot35_padded,35.0,True,0,922,922,154405.0,0.18163499236106873,blur,pnp_hqs,wavelet,15.0,fixed10p0,0.4,0.5,0.0,0.15,vanilla,False,0,20,adjoint,0.007792551162881302,21.083203376319265,0.2974675720912535,16,0.005774964214950131,22.384507025696436,0.5382173201159289,10.0,none
val_images,none,test002.png,1,rot35_padded,35.0,True,0,922,922,154405.0,0.18163499236106873,blur,pnp_hqs,wavelet,15.0,fixed10p0,0.4,0.5,0.0,0.15,vanilla,False,0,20,adjoint,0.007792551162881302,21.083203376319265,0.2974675720912535,17,0.005820873499279493,22.35011838811982,0.5357327826980992,10.0,none
val_images,none,test002.png,1,rot35_padded,35.0,True,0,922,922,154405.0,0.18163499236106873,blur,pnp_hqs,wavelet,15.0,fixed10p0,0.4,0.5,0.0,0.15,vanilla,False,0,20,adjoint,0.007792551162881302,21.083203376319265,0.2974675720912535,18,0.005856365242027865,22.323718456021957,0.533598227874745,10.0,none
val_images,none,test002.png,1,rot35_padded,35.0,True,0,922,922,154405.0,0.18163499236106873,blur,pnp_hqs,wavelet,15.0,fixed10p0,0.4,0.5,0.0,0.15,vanilla,False,0,20,adjoint,0.007792551162881302,21.083203376319265,0.2974675720912535,19,0.0058839515277648476,22.303309136656093,0.5317836513552022,10.0,none
val_images,none,test002.png,1,rot35_padded,35.0,True,0,922,922,154405.0,0.18163499236106873,blur,pnp_hqs,wavelet,15.0,fixed10p0,0.4,0.5,0.0,0.15,vanilla,False,0,20,adjoint,0.007792551162881302,21.083203376319265,0.2974675720912535,20,0.005905838879868487,22.287184054133586,0.530236128201807,10.0,none
val_images,none,test002.png,1,rot35_padded,35.0,True,0,922,922,154405.0,0.18163499236106873,blur,pnp_hqs,wavelet,15.0,fixed10p0,0.4,0.5,0.0,0.15,G16_fixed,False,16,20,adjoint,0.007792551162881302,21.083203376319265,0.2974675720912535,1,0.0035330325008955748,24.51852367406739,0.7058266004986885,10.0,0;22.5;45;67.5;90;112.5;135;157.5;180;202.5;225;247.5;270;292.5;315;337.5
val_images,none,test002.png,1,rot35_padded,35.0,True,0,922,922,154405.0,0.18163499236106873,blur,pnp_hqs,wavelet,15.0,fixed10p0,0.4,0.5,0.0,0.15,G16_fixed,False,16,20,adjoint,0.007792551162881302,21.083203376319265,0.2974675720912535,2,0.003293827697135273,24.822991228774207,0.7127548593795537,10.0,0;22.5;45;67.5;90;112.5;135;157.5;180;202.5;225;247.5;270;292.5;315;337.5
val_images,none,test002.png,1,rot35_padded,35.0,True,0,922,922,154405.0,0.18163499236106873,blur,pnp_hqs,wavelet,15.0,fixed10p0,0.4,0.5,0.0,0.15,G16_fixed,False,16,20,adjoint,0.007792551162881302,21.083203376319265,0.2974675720912535,3,0.003191466872075467,24.960096592553235,0.7148752469155791,10.0,0;22.5;45;67.5;90;112.5;135;157.5;180;202.5;225;247.5;270;292.5;315;337.5
val_images,none,test002.png,1,rot35_padded,35.0,True,0,922,922,154405.0,0.18163499236106873,blur,pnp_hqs,wavelet,15.0,fixed10p0,0.4,0.5,0.0,0.15,G16_fixed,False,16,20,adjoint,0.007792551162881302,21.083203376319265,0.2974675720912535,4,0.0031423930727151202,25.027394912776,0.7153704948026295,10.0,0;22.5;45;67.5;90;112.5;135;157.5;180;202.5;225;247.5;270;292.5;315;337.5
val_images,none,test002.png,1,rot35_padded,35.0,True,0,922,922,154405.0,0.18163499236106873,blur,pnp_hqs,wavelet,15.0,fixed10p0,0.4,0.5,0.0,0.15,G16_fixed,False,16,20,adjoint,0.007792551162881302,21.083203376319265,0.2974675720912535,5,0.0031172601705943786,25.06226949427303,0.7153292578770117,10.0,0;22.5;45;67.5;90;112.5;135;157.5;180;202.5;225;247.5;270;292.5;315;337.5
val_images,none,test002.png,1,rot35_padded,35.0,True,0,922,922,154405.0,0.18163499236106873,blur,pnp_hqs,wavelet,15.0,fixed10p0,0.4,0.5,0.0,0.15,G16_fixed,False,16,20,adjoint,0.007792551162881302,21.083203376319265,0.2974675720912535,6,0.003103872400302775,25.080961408234657,0.7151435652180953,10.0,0;22.5;45;67.5;90;112.5;135;157.5;180;202.5;225;247.5;270;292.5;315;337.5
val_images,none,test002.png,1,rot35_padded,35.0,True,0,922,922,154405.0,0.18163499236106873,blur,pnp_hqs,wavelet,15.0,fixed10p0,0.4,0.5,0.0,0.15,G16_fixed,False,16,20,adjoint,0.007792551162881302,21.083203376319265,0.2974675720912535,7,0.003096557115165879,25.091209051352386,0.7149505865256954,10.0,0;22.5;45;67.5;90;112.5;135;157.5;180;202.5;225;247.5;270;292.5;315;337.5
val_images,none,test002.png,1,rot35_padded,35.0,True,0,922,922,154405.0,0.18163499236106873,blur,pnp_hqs,wavelet,15.0,fixed10p0,0.4,0.5,0.0,0.15,G16_fixed,False,16,20,adjoint,0.007792551162881302,21.083203376319265,0.2974675720912535,8,0.003092488961216545,25.096918419304657,0.714792317687251,10.0,0;22.5;45;67.5;90;112.5;135;157.5;180;202.5;225;247.5;270;292.5;315;337.5
val_images,none,test002.png,1,rot35_padded,35.0,True,0,922,922,154405.0,0.18163499236106873,blur,pnp_hqs,wavelet,15.0,fixed10p0,0.4,0.5,0.0,0.15,G16_fixed,False,16,20,adjoint,0.007792551162881302,21.083203376319265,0.2974675720912535,9,0.003090197449926229,25.10013770195299,0.7146749821896959,10.0,0;22.5;45;67.5;90;112.5;135;157.5;180;202.5;225;247.5;270;292.5;315;337.5
val_images,none,test002.png,1,rot35_padded,35.0,True,0,922,922,154405.0,0.18163499236106873,blur,pnp_hqs,wavelet,15.0,fixed10p0,0.4,0.5,0.0,0.15,G16_fixed,False,16,20,adjoint,0.007792551162881302,21.083203376319265,0.2974675720912535,10,0.0030888937748812986,25.101970265564724,0.7145913951944561,10.0,0;22.5;45;67.5;90;112.5;135;157.5;180;202.5;225;247.5;270;292.5;315;337.5
val_images,none,test002.png,1,rot35_padded,35.0,True,0,922,922,154405.0,0.18163499236106873,blur,pnp_hqs,wavelet,15.0,fixed10p0,0.4,0.5,0.0,0.15,G16_fixed,False,16,20,adjoint,0.007792551162881302,21.083203376319265,0.2974675720912535,11,0.003088147067131185,25.10302025395024,0.7145342706680483,10.0,0;22.5;45;67.5;90;112.5;135;157.5;180;202.5;225;247.5;270;292.5;315;337.5
val_images,none,test002.png,1,rot35_padded,35.0,True,0,922,922,154405.0,0.18163499236106873,blur,pnp_hqs,wavelet,15.0,fixed10p0,0.4,0.5,0.0,0.15,G16_fixed,False,16,20,adjoint,0.007792551162881302,21.083203376319265,0.2974675720912535,12,0.003087716593473232,25.103625682906674,0.7144959177973511,10.0,0;22.5;45;67.5;90;112.5;135;157.5;180;202.5;225;247.5;270;292.5;315;337.5
val_images,none,test002.png,1,rot35_padded,35.0,True,0,922,922,154405.0,0.18163499236106873,blur,pnp_hqs,wavelet,15.0,fixed10p0,0.4,0.5,0.0,0.15,G16_fixed,False,16,20,adjoint,0.007792551162881302,21.083203376319265,0.2974675720912535,13,0.0030874667685404254,25.103977081669946,0.7144703660827045,10.0,0;22.5;45;67.5;90;112.5;135;157.5;180;202.5;225;247.5;270;292.5;315;337.5
val_images,none,test002.png,1,rot35_padded,35.0,True,0,922,922,154405.0,0.18163499236106873,blur,pnp_hqs,wavelet,15.0,fixed10p0,0.4,0.5,0.0,0.15,G16_fixed,False,16,20,adjoint,0.007792551162881302,21.083203376319265,0.2974675720912535,14,0.0030873214985043394,25.104181428676974,0.714453567727729,10.0,0;22.5;45;67.5;90;112.5;135;157.5;180;202.5;225;247.5;270;292.5;315;337.5
val_images,none,test002.png,1,rot35_padded,35.0,True,0,922,922,154405.0,0.18163499236106873,blur,pnp_hqs,wavelet,15.0,fixed10p0,0.4,0.5,0.0,0.15,G16_fixed,False,16,20,adjoint,0.007792551162881302,21.083203376319265,0.2974675720912535,15,0.0030872365105920714,25.104300983084833,0.7144427398724135,10.0,0;22.5;45;67.5;90;112.5;135;157.5;180;202.5;225;247.5;270;292.5;315;337.5
val_images,none,test002.png,1,rot35_padded,35.0,True,0,922,922,154405.0,0.18163499236106873,blur,pnp_hqs,wavelet,15.0,fixed10p0,0.4,0.5,0.0,0.15,G16_fixed,False,16,20,adjoint,0.007792551162881302,21.083203376319265,0.2974675720912535,16,0.003087186703722556,25.104371049058095,0.7144358586185681,10.0,0;22.5;45;67.5;90;112.5;135;157.5;180;202.5;225;247.5;270;292.5;315;337.5
val_images,none,test002.png,1,rot35_padded,35.0,True,0,922,922,154405.0,0.18163499236106873,blur,pnp_hqs,wavelet,15.0,fixed10p0,0.4,0.5,0.0,0.15,G16_fixed,False,16,20,adjoint,0.007792551162881302,21.083203376319265,0.2974675720912535,17,0.003087157452069031,25.104412199442304,0.7144313554450957,10.0,0;22.5;45;67.5;90;112.5;135;157.5;180;202.5;225;247.5;270;292.5;315;337.5
val_images,none,test002.png,1,rot35_padded,35.0,True,0,922,922,154405.0,0.18163499236106873,blur,pnp_hqs,wavelet,15.0,fixed10p0,0.4,0.5,0.0,0.15,G16_fixed,False,16,20,adjoint,0.007792551162881302,21.083203376319265,0.2974675720912535,18,0.0030871394662550394,25.104437501561307,0.7144284207927204,10.0,0;22.5;45;67.5;90;112.5;135;157.5;180;202.5;225;247.5;270;292.5;315;337.5
val_images,none,test002.png,1,rot35_padded,35.0,True,0,922,922,154405.0,0.18163499236106873,blur,pnp_hqs,wavelet,15.0,fixed10p0,0.4,0.5,0.0,0.15,G16_fixed,False,16,20,adjoint,0.007792551162881302,21.083203376319265,0.2974675720912535,19,0.003087129781585967,25.104451125840285,0.7144265992843496,10.0,0;22.5;45;67.5;90;112.5;135;157.5;180;202.5;225;247.5;270;292.5;315;337.5
val_images,none,test002.png,1,rot35_padded,35.0,True,0,922,922,154405.0,0.18163499236106873,blur,pnp_hqs,wavelet,15.0,fixed10p0,0.4,0.5,0.0,0.15,G16_fixed,False,16,20,adjoint,0.007792551162881302,21.083203376319265,0.2974675720912535,20,0.003087123852196739,25.104459467256678,0.7144255873352547,10.0,0;22.5;45;67.5;90;112.5;135;157.5;180;202.5;225;247.5;270;292.5;315;337.5
val_images,none,test002.png,1,rot40_padded,40.0,True,0,962,962,154399.0,0.16683775186538696,blur,pnp_hqs,wavelet,15.0,fixed10p0,0.4,0.5,0.0,0.15,vanilla,False,0,20,adjoint,0.007795785588141358,21.081401140346095,0.29851814029721696,1,0.0038517492846000864,24.143419894235013,0.6818531552179742,10.0,none
val_images,none,test002.png,1,rot40_padded,40.0,True,0,962,962,154399.0,0.16683775186538696,blur,pnp_hqs,wavelet,15.0,fixed10p0,0.4,0.5,0.0,0.15,vanilla,False,0,20,adjoint,0.007795785588141358,21.081401140346095,0.29851814029721696,2,0.0037407721045341533,24.270387491014603,0.6649427275273804,10.0,none
val_images,none,test002.png,1,rot40_padded,40.0,True,0,962,962,154399.0,0.16683775186538696,blur,pnp_hqs,wavelet,15.0,fixed10p0,0.4,0.5,0.0,0.15,vanilla,False,0,20,adjoint,0.007795785588141358,21.081401140346095,0.29851814029721696,3,0.003839865536213196,24.156839834197292,0.6453453187844481,10.0,none
val_images,none,test002.png,1,rot40_padded,40.0,True,0,962,962,154399.0,0.16683775186538696,blur,pnp_hqs,wavelet,15.0,fixed10p0,0.4,0.5,0.0,0.15,vanilla,False,0,20,adjoint,0.007795785588141358,21.081401140346095,0.29851814029721696,4,0.00436401149768113,23.601141138644266,0.62452016569084,10.0,none
val_images,none,test002.png,1,rot40_padded,40.0,True,0,962,962,154399.0,0.16683775186538696,blur,pnp_hqs,wavelet,15.0,fixed10p0,0.4,0.5,0.0,0.15,vanilla,False,0,20,adjoint,0.007795785588141358,21.081401140346095,0.29851814029721696,5,0.0044832897499437335,23.48403192266204,0.611352324173084,10.0,none
val_images,none,test002.png,1,rot40_padded,40.0,True,0,962,962,154399.0,0.16683775186538696,blur,pnp_hqs,wavelet,15.0,fixed10p0,0.4,0.5,0.0,0.15,vanilla,False,0,20,adjoint,0.007795785588141358,21.081401140346095,0.29851814029721696,6,0.004609585114095622,23.36338161544695,0.600164690995408,10.0,none
val_images,none,test002.png,1,rot40_padded,40.0,True,0,962,962,154399.0,0.16683775186538696,blur,pnp_hqs,wavelet,15.0,fixed10p0,0.4,0.5,0.0,0.15,vanilla,False,0,20,adjoint,0.007795785588141358,21.081401140346095,0.29851814029721696,7,0.004746679106239151,23.236101272663092,0.5903887310636727,10.0,none
val_images,none,test002.png,1,rot40_padded,40.0,True,0,962,962,154399.0,0.16683775186538696,blur,pnp_hqs,wavelet,15.0,fixed10p0,0.4,0.5,0.0,0.15,vanilla,False,0,20,adjoint,0.007795785588141358,21.081401140346095,0.29851814029721696,8,0.0049345571281883705,23.067518187622763,0.5807520207384763,10.0,none
val_images,none,test002.png,1,rot40_padded,40.0,True,0,962,962,154399.0,0.16683775186538696,blur,pnp_hqs,wavelet,15.0,fixed10p0,0.4,0.5,0.0,0.15,vanilla,False,0,20,adjoint,0.007795785588141358,21.081401140346095,0.29851814029721696,9,0.00552913273996573,22.57342983665415,0.5673275895569272,10.0,none
val_images,none,test002.png,1,rot40_padded,40.0,True,0,962,962,154399.0,0.16683775186538696,blur,pnp_hqs,wavelet,15.0,fixed10p0,0.4,0.5,0.0,0.15,vanilla,False,0,20,adjoint,0.007795785588141358,21.081401140346095,0.29851814029721696,10,0.00561642860039674,22.505397577719897,0.56167912559343,10.0,none
val_images,none,test002.png,1,rot40_padded,40.0,True,0,962,962,154399.0,0.16683775186538696,blur,pnp_hqs,wavelet,15.0,fixed10p0,0.4,0.5,0.0,0.15,vanilla,False,0,20,adjoint,0.007795785588141358,21.081401140346095,0.29851814029721696,11,0.005686166066439469,22.451804607403517,0.5569268785743431,10.0,none
val_images,none,test002.png,1,rot40_padded,40.0,True,0,962,962,154399.0,0.16683775186538696,blur,pnp_hqs,wavelet,15.0,fixed10p0,0.4,0.5,0.0,0.15,vanilla,False,0,20,adjoint,0.007795785588141358,21.081401140346095,0.29851814029721696,12,0.005742323517568523,22.409123433726275,0.5529161154703075,10.0,none
val_images,none,test002.png,1,rot40_padded,40.0,True,0,962,962,154399.0,0.16683775186538696,blur,pnp_hqs,wavelet,15.0,fixed10p0,0.4,0.5,0.0,0.15,vanilla,False,0,20,adjoint,0.007795785588141358,21.081401140346095,0.29851814029721696,13,0.005788349620570122,22.374452450549526,0.5495077384730471,10.0,none
val_images,none,test002.png,1,rot40_padded,40.0,True,0,962,962,154399.0,0.16683775186538696,blur,pnp_hqs,wavelet,15.0,fixed10p0,0.4,0.5,0.0,0.15,vanilla,False,0,20,adjoint,0.007795785588141358,21.081401140346095,0.29851814029721696,14,0.005826736792235539,22.345745995967356,0.5465886578766702,10.0,none
val_images,none,test002.png,1,rot40_padded,40.0,True,0,962,962,154399.0,0.16683775186538696,blur,pnp_hqs,wavelet,15.0,fixed10p0,0.4,0.5,0.0,0.15,vanilla,False,0,20,adjoint,0.007795785588141358,21.081401140346095,0.29851814029721696,15,0.0058591872287112046,22.321626240104116,0.5440707800892493,10.0,none
val_images,none,test002.png,1,rot40_padded,40.0,True,0,962,962,154399.0,0.16683775186538696,blur,pnp_hqs,wavelet,15.0,fixed10p0,0.4,0.5,0.0,0.15,vanilla,False,0,20,adjoint,0.007795785588141358,21.081401140346095,0.29851814029721696,16,0.0058869287565718525,22.30111219974299,0.5418830129243065,10.0,none
val_images,none,test002.png,1,rot40_padded,40.0,True,0,962,962,154399.0,0.16683775186538696,blur,pnp_hqs,wavelet,15.0,fixed10p0,0.4,0.5,0.0,0.15,vanilla,False,0,20,adjoint,0.007795785588141358,21.081401140346095,0.29851814029721696,17,0.005910848051608576,22.2835020478512,0.5399711644019716,10.0,none
val_images,none,test002.png,1,rot40_padded,40.0,True,0,962,962,154399.0,0.16683775186538696,blur,pnp_hqs,wavelet,15.0,fixed10p0,0.4,0.5,0.0,0.15,vanilla,False,0,20,adjoint,0.007795785588141358,21.081401140346095,0.29851814029721696,18,0.0059316191139211554,22.268267440281974,0.5382961717692472,10.0,none
val_images,none,test002.png,1,rot40_padded,40.0,True,0,962,962,154399.0,0.16683775186538696,blur,pnp_hqs,wavelet,15.0,fixed10p0,0.4,0.5,0.0,0.15,vanilla,False,0,20,adjoint,0.007795785588141358,21.081401140346095,0.29851814029721696,19,0.0059497930028287105,22.254981433963316,0.5368214010453436,10.0,none
val_images,none,test002.png,1,rot40_padded,40.0,True,0,962,962,154399.0,0.16683775186538696,blur,pnp_hqs,wavelet,15.0,fixed10p0,0.4,0.5,0.0,0.15,vanilla,False,0,20,adjoint,0.007795785588141358,21.081401140346095,0.29851814029721696,20,0.005965769770003368,22.243335108711122,0.5355175551655127,10.0,none
val_images,none,test002.png,1,rot40_padded,40.0,True,0,962,962,154399.0,0.16683775186538696,blur,pnp_hqs,wavelet,15.0,fixed10p0,0.4,0.5,0.0,0.15,G16_fixed,False,16,20,adjoint,0.007795785588141358,21.081401140346095,0.29851814029721696,1,0.003557130598168139,24.48900189629353,0.7048338436453604,10.0,0;22.5;45;67.5;90;112.5;135;157.5;180;202.5;225;247.5;270;292.5;315;337.5
val_images,none,test002.png,1,rot40_padded,40.0,True,0,962,962,154399.0,0.16683775186538696,blur,pnp_hqs,wavelet,15.0,fixed10p0,0.4,0.5,0.0,0.15,G16_fixed,False,16,20,adjoint,0.007795785588141358,21.081401140346095,0.29851814029721696,2,0.00331944456180699,24.789345801281804,0.7121857371161731,10.0,0;22.5;45;67.5;90;112.5;135;157.5;180;202.5;225;247.5;270;292.5;315;337.5
val_images,none,test002.png,1,rot40_padded,40.0,True,0,962,962,154399.0,0.16683775186538696,blur,pnp_hqs,wavelet,15.0,fixed10p0,0.4,0.5,0.0,0.15,G16_fixed,False,16,20,adjoint,0.007795785588141358,21.081401140346095,0.29851814029721696,3,0.003217184317928913,24.92524056920116,0.7147291170117682,10.0,0;22.5;45;67.5;90;112.5;135;157.5;180;202.5;225;247.5;270;292.5;315;337.5
val_images,none,test002.png,1,rot40_padded,40.0,True,0,962,962,154399.0,0.16683775186538696,blur,pnp_hqs,wavelet,15.0,fixed10p0,0.4,0.5,0.0,0.15,G16_fixed,False,16,20,adjoint,0.007795785588141358,21.081401140346095,0.29851814029721696,4,0.003167947721196887,24.992219939332543,0.715553381579544,10.0,0;22.5;45;67.5;90;112.5;135;157.5;180;202.5;225;247.5;270;292.5;315;337.5
val_images,none,test002.png,1,rot40_padded,40.0,True,0,962,962,154399.0,0.16683775186538696,blur,pnp_hqs,wavelet,15.0,fixed10p0,0.4,0.5,0.0,0.15,G16_fixed,False,16,20,adjoint,0.007795785588141358,21.081401140346095,0.29851814029721696,5,0.0031426739033789887,25.027006808056633,0.7157435342035894,10.0,0;22.5;45;67.5;90;112.5;135;157.5;180;202.5;225;247.5;270;292.5;315;337.5
val_images,none,test002.png,1,rot40_padded,40.0,True,0,962,962,154399.0,0.16683775186538696,blur,pnp_hqs,wavelet,15.0,fixed10p0,0.4,0.5,0.0,0.15,G16_fixed,False,16,20,adjoint,0.007795785588141358,21.081401140346095,0.29851814029721696,6,0.0031291996333490057,25.045667293126648,0.7157141865394205,10.0,0;22.5;45;67.5;90;112.5;135;157.5;180;202.5;225;247.5;270;292.5;315;337.5
val_images,none,test002.png,1,rot40_padded,40.0,True,0,962,962,154399.0,0.16683775186538696,blur,pnp_hqs,wavelet,15.0,fixed10p0,0.4,0.5,0.0,0.15,G16_fixed,False,16,20,adjoint,0.007795785588141358,21.081401140346095,0.29851814029721696,7,0.00312182891847482,25.05590900696465,0.7156256881521253,10.0,0;22.5;45;67.5;90;112.5;135;157.5;180;202.5;225;247.5;270;292.5;315;337.5
val_images,none,test002.png,1,rot40_padded,40.0,True,0,962,962,154399.0,0.16683775186538696,blur,pnp_hqs,wavelet,15.0,fixed10p0,0.4,0.5,0.0,0.15,G16_fixed,False,16,20,adjoint,0.007795785588141358,21.081401140346095,0.29851814029721696,8,0.0031177260169876425,25.061620528863003,0.7155359753787266,10.0,0;22.5;45;67.5;90;112.5;135;157.5;180;202.5;225;247.5;270;292.5;315;337.5
val_images,none,test002.png,1,rot40_padded,40.0,True,0,962,962,154399.0,0.16683775186538696,blur,pnp_hqs,wavelet,15.0,fixed10p0,0.4,0.5,0.0,0.15,G16_fixed,False,16,20,adjoint,0.007795785588141358,21.081401140346095,0.29851814029721696,9,0.0031154136629796218,25.06484279784307,0.7154628592154094,10.0,0;22.5;45;67.5;90;112.5;135;157.5;180;202.5;225;247.5;270;292.5;315;337.5
val_images,none,test002.png,1,rot40_padded,40.0,True,0,962,962,154399.0,0.16683775186538696,blur,pnp_hqs,wavelet,15.0,fixed10p0,0.4,0.5,0.0,0.15,G16_fixed,False,16,20,adjoint,0.007795785588141358,21.081401140346095,0.29851814029721696,10,0.0031140970897641823,25.066678513403073,0.7154086166361181,10.0,0;22.5;45;67.5;90;112.5;135;157.5;180;202.5;225;247.5;270;292.5;315;337.5
val_images,none,test002.png,1,rot40_padded,40.0,True,0,962,962,154399.0,0.16683775186538696,blur,pnp_hqs,wavelet,15.0,fixed10p0,0.4,0.5,0.0,0.15,G16_fixed,False,16,20,adjoint,0.007795785588141358,21.081401140346095,0.29851814029721696,11,0.0031133408656053066,25.067733277764436,0.7153703128744358,10.0,0;22.5;45;67.5;90;112.5;135;157.5;180;202.5;225;247.5;270;292.5;315;337.5
val_images,none,test002.png,1,rot40_padded,40.0,True,0,962,962,154399.0,0.16683775186538696,blur,pnp_hqs,wavelet,15.0,fixed10p0,0.4,0.5,0.0,0.15,G16_fixed,False,16,20,adjoint,0.007795785588141358,21.081401140346095,0.29851814029721696,12,0.0031129036549833954,25.068343206141677,0.7153438999766838,10.0,0;22.5;45;67.5;90;112.5;135;157.5;180;202.5;225;247.5;270;292.5;315;337.5
val_images,none,test002.png,1,rot40_padded,40.0,True,0,962,962,154399.0,0.16683775186538696,blur,pnp_hqs,wavelet,15.0,fixed10p0,0.4,0.5,0.0,0.15,G16_fixed,False,16,20,adjoint,0.007795785588141358,21.081401140346095,0.29851814029721696,13,0.003112652041456409,25.068694257105577,0.7153264937758664,10.0,0;22.5;45;67.5;90;112.5;135;157.5;180;202.5;225;247.5;270;292.5;315;337.5
val_images,none,test002.png,1,rot40_padded,40.0,True,0,962,962,154399.0,0.16683775186538696,blur,pnp_hqs,wavelet,15.0,fixed10p0,0.4,0.5,0.0,0.15,G16_fixed,False,16,20,adjoint,0.007795785588141358,21.081401140346095,0.29851814029721696,14,0.003112503603311267,25.068901371179603,0.715314552312515,10.0,0;22.5;45;67.5;90;112.5;135;157.5;180;202.5;225;247.5;270;292.5;315;337.5
val_images,none,test002.png,1,rot40_padded,40.0,True,0,962,962,154399.0,0.16683775186538696,blur,pnp_hqs,wavelet,15.0,fixed10p0,0.4,0.5,0.0,0.15,G16_fixed,False,16,20,adjoint,0.007795785588141358,21.081401140346095,0.29851814029721696,15,0.003112416635556456,25.06902272089838,0.7153070129987888,10.0,0;22.5;45;67.5;90;112.5;135;157.5;180;202.5;225;247.5;270;292.5;315;337.5
val_images,none,test002.png,1,rot40_padded,40.0,True,0,962,962,154399.0,0.16683775186538696,blur,pnp_hqs,wavelet,15.0,fixed10p0,0.4,0.5,0.0,0.15,G16_fixed,False,16,20,adjoint,0.007795785588141358,21.081401140346095,0.29851814029721696,16,0.0031123660361354753,25.069093325931455,0.7153021048549537,10.0,0;22.5;45;67.5;90;112.5;135;157.5;180;202.5;225;247.5;270;292.5;315;337.5
val_images,none,test002.png,1,rot40_padded,40.0,True,0,962,962,154399.0,0.16683775186538696,blur,pnp_hqs,wavelet,15.0,fixed10p0,0.4,0.5,0.0,0.15,G16_fixed,False,16,20,adjoint,0.007795785588141358,21.081401140346095,0.29851814029721696,17,0.003112336783345221,25.069134144989825,0.7152988158925899,10.0,0;22.5;45;67.5;90;112.5;135;157.5;180;202.5;225;247.5;270;292.5;315;337.5
val_images,none,test002.png,1,rot40_padded,40.0,True,0,962,962,154399.0,0.16683775186538696,blur,pnp_hqs,wavelet,15.0,fixed10p0,0.4,0.5,0.0,0.15,G16_fixed,False,16,20,adjoint,0.007795785588141358,21.081401140346095,0.29851814029721696,18,0.003112318796832294,25.069159243385112,0.7152968425151718,10.0,0;22.5;45;67.5;90;112.5;135;157.5;180;202.5;225;247.5;270;292.5;315;337.5
val_images,none,test002.png,1,rot40_padded,40.0,True,0,962,962,154399.0,0.16683775186538696,blur,pnp_hqs,wavelet,15.0,fixed10p0,0.4,0.5,0.0,0.15,G16_fixed,False,16,20,adjoint,0.007795785588141358,21.081401140346095,0.29851814029721696,19,0.003112307530554966,25.069174964431863,0.7152953751319633,10.0,0;22.5;45;67.5;90;112.5;135;157.5;180;202.5;225;247.5;270;292.5;315;337.5
val_images,none,test002.png,1,rot40_padded,40.0,True,0,962,962,154399.0,0.16683775186538696,blur,pnp_hqs,wavelet,15.0,fixed10p0,0.4,0.5,0.0,0.15,G16_fixed,False,16,20,adjoint,0.007795785588141358,21.081401140346095,0.29851814029721696,20,0.003112301403281332,25.069183514498725,0.7152948185383325,10.0,0;22.5;45;67.5;90;112.5;135;157.5;180;202.5;225;247.5;270;292.5;315;337.5
val_images,none,test002.png,1,rot45_padded,45.0,True,0,1000,1000,154360.0,0.15435999631881714,blur,pnp_hqs,wavelet,15.0,fixed10p0,0.4,0.5,0.0,0.15,vanilla,False,0,20,adjoint,0.00796244735698003,20.98953425946849,0.29664261405966574,1,0.003829060455899561,24.16907776651449,0.6789852050401658,10.0,none
val_images,none,test002.png,1,rot45_padded,45.0,True,0,1000,1000,154360.0,0.15435999631881714,blur,pnp_hqs,wavelet,15.0,fixed10p0,0.4,0.5,0.0,0.15,vanilla,False,0,20,adjoint,0.00796244735698003,20.98953425946849,0.29664261405966574,2,0.003751373884127405,24.258096493332904,0.6599062763183468,10.0,none
val_images,none,test002.png,1,rot45_padded,45.0,True,0,1000,1000,154360.0,0.15435999631881714,blur,pnp_hqs,wavelet,15.0,fixed10p0,0.4,0.5,0.0,0.15,vanilla,False,0,20,adjoint,0.00796244735698003,20.98953425946849,0.29664261405966574,3,0.004005888034161214,23.97301193541069,0.6369842110164551,10.0,none
val_images,none,test002.png,1,rot45_padded,45.0,True,0,1000,1000,154360.0,0.15435999631881714,blur,pnp_hqs,wavelet,15.0,fixed10p0,0.4,0.5,0.0,0.15,vanilla,False,0,20,adjoint,0.00796244735698003,20.98953425946849,0.29664261405966574,4,0.004434949840774002,23.531112876695165,0.6185091871274941,10.0,none
val_images,none,test002.png,1,rot45_padded,45.0,True,0,1000,1000,154360.0,0.15435999631881714,blur,pnp_hqs,wavelet,15.0,fixed10p0,0.4,0.5,0.0,0.15,vanilla,False,0,20,adjoint,0.00796244735698003,20.98953425946849,0.29664261405966574,5,0.0045774366423761825,23.39377658180135,0.6045998396605338,10.0,none
val_images,none,test002.png,1,rot45_padded,45.0,True,0,1000,1000,154360.0,0.15435999631881714,blur,pnp_hqs,wavelet,15.0,fixed10p0,0.4,0.5,0.0,0.15,vanilla,False,0,20,adjoint,0.00796244735698003,20.98953425946849,0.29664261405966574,6,0.004737601338287931,23.244414872743086,0.5924329185831821,10.0,none
val_images,none,test002.png,1,rot45_padded,45.0,True,0,1000,1000,154360.0,0.15435999631881714,blur,pnp_hqs,wavelet,15.0,fixed10p0,0.4,0.5,0.0,0.15,vanilla,False,0,20,adjoint,0.00796244735698003,20.98953425946849,0.29664261405966574,7,0.004970715224480314,23.035811171626435,0.5805055450732055,10.0,none
val_images,none,test002.png,1,rot45_padded,45.0,True,0,1000,1000,154360.0,0.15435999631881714,blur,pnp_hqs,wavelet,15.0,fixed10p0,0.4,0.5,0.0,0.15,vanilla,False,0,20,adjoint,0.00796244735698003,20.98953425946849,0.29664261405966574,8,0.005552539691989302,22.555083282409353,0.5676089984451931,10.0,none
val_images,none,test002.png,1,rot45_padded,45.0,True,0,1000,1000,154360.0,0.15435999631881714,blur,pnp_hqs,wavelet,15.0,fixed10p0,0.4,0.5,0.0,0.15,vanilla,False,0,20,adjoint,0.00796244735698003,20.98953425946849,0.29664261405966574,9,0.005647729387799827,22.48126120773684,0.5611103912930812,10.0,none
val_images,none,test002.png,1,rot45_padded,45.0,True,0,1000,1000,154360.0,0.15435999631881714,blur,pnp_hqs,wavelet,15.0,fixed10p0,0.4,0.5,0.0,0.15,vanilla,False,0,20,adjoint,0.00796244735698003,20.98953425946849,0.29664261405966574,10,0.0057241043917222725,22.422924545182138,0.5557321865282456,10.0,none
val_images,none,test002.png,1,rot45_padded,45.0,True,0,1000,1000,154360.0,0.15435999631881714,blur,pnp_hqs,wavelet,15.0,fixed10p0,0.4,0.5,0.0,0.15,vanilla,False,0,20,adjoint,0.00796244735698003,20.98953425946849,0.29664261405966574,11,0.0057857789224712115,22.376381649820473,0.5512555875874579,10.0,none
val_images,none,test002.png,1,rot45_padded,45.0,True,0,1000,1000,154360.0,0.15435999631881714,blur,pnp_hqs,wavelet,15.0,fixed10p0,0.4,0.5,0.0,0.15,vanilla,False,0,20,adjoint,0.00796244735698003,20.98953425946849,0.29664261405966574,12,0.005836374520575886,22.338568471760066,0.5474971252267427,10.0,none
val_images,none,test002.png,1,rot45_padded,45.0,True,0,1000,1000,154360.0,0.15435999631881714,blur,pnp_hqs,wavelet,15.0,fixed10p0,0.4,0.5,0.0,0.15,vanilla,False,0,20,adjoint,0.00796244735698003,20.98953425946849,0.29664261405966574,13,0.005878463314122628,22.307361877705148,0.5443152877202643,10.0,none
val_images,none,test002.png,1,rot45_padded,45.0,True,0,1000,1000,154360.0,0.15435999631881714,blur,pnp_hqs,wavelet,15.0,fixed10p0,0.4,0.5,0.0,0.15,vanilla,False,0,20,adjoint,0.00796244735698003,20.98953425946849,0.29664261405966574,14,0.005913949191925531,22.28122410915948,0.5415997404606115,10.0,none
val_images,none,test002.png,1,rot45_padded,45.0,True,0,1000,1000,154360.0,0.15435999631881714,blur,pnp_hqs,wavelet,15.0,fixed10p0,0.4,0.5,0.0,0.15,vanilla,False,0,20,adjoint,0.00796244735698003,20.98953425946849,0.29664261405966574,15,0.005944253645217551,22.259026672205493,0.5392643414744752,10.0,none
val_images,none,test002.png,1,rot45_padded,45.0,True,0,1000,1000,154360.0,0.15435999631881714,blur,pnp_hqs,wavelet,15.0,fixed10p0,0.4,0.5,0.0,0.15,vanilla,False,0,20,adjoint,0.00796244735698003,20.98953425946849,0.29664261405966574,16,0.005970340282937411,22.24000915304394,0.5372408655091993,10.0,none
val_images,none,test002.png,1,rot45_padded,45.0,True,0,1000,1000,154360.0,0.15435999631881714,blur,pnp_hqs,wavelet,15.0,fixed10p0,0.4,0.5,0.0,0.15,vanilla,False,0,20,adjoint,0.00796244735698003,20.98953425946849,0.29664261405966574,17,0.0059929477269552505,22.223595103885966,0.5354833566824306,10.0,none
val_images,none,test002.png,1,rot45_padded,45.0,True,0,1000,1000,154360.0,0.15435999631881714,blur,pnp_hqs,wavelet,15.0,fixed10p0,0.4,0.5,0.0,0.15,vanilla,False,0,20,adjoint,0.00796244735698003,20.98953425946849,0.29664261405966574,18,0.006012642201317132,22.20934639263924,0.5339482884976678,10.0,none
val_images,none,test002.png,1,rot45_padded,45.0,True,0,1000,1000,154360.0,0.15435999631881714,blur,pnp_hqs,wavelet,15.0,fixed10p0,0.4,0.5,0.0,0.15,vanilla,False,0,20,adjoint,0.00796244735698003,20.98953425946849,0.29664261405966574,19,0.006029879215870166,22.196913870980666,0.5326029654703291,10.0,none
val_images,none,test002.png,1,rot45_padded,45.0,True,0,1000,1000,154360.0,0.15435999631881714,blur,pnp_hqs,wavelet,15.0,fixed10p0,0.4,0.5,0.0,0.15,vanilla,False,0,20,adjoint,0.00796244735698003,20.98953425946849,0.29664261405966574,20,0.006045027686141569,22.186017057360505,0.5314200063973827,10.0,none
val_images,none,test002.png,1,rot45_padded,45.0,True,0,1000,1000,154360.0,0.15435999631881714,blur,pnp_hqs,wavelet,15.0,fixed10p0,0.4,0.5,0.0,0.15,G16_fixed,False,16,20,adjoint,0.00796244735698003,20.98953425946849,0.29664261405966574,1,0.0035622613792686336,24.482742175484145,0.6991145900816274,10.0,0;22.5;45;67.5;90;112.5;135;157.5;180;202.5;225;247.5;270;292.5;315;337.5
val_images,none,test002.png,1,rot45_padded,45.0,True,0,1000,1000,154360.0,0.15435999631881714,blur,pnp_hqs,wavelet,15.0,fixed10p0,0.4,0.5,0.0,0.15,G16_fixed,False,16,20,adjoint,0.00796244735698003,20.98953425946849,0.29664261405966574,2,0.0033477838560224474,24.752425892591138,0.7033509328841668,10.0,0;22.5;45;67.5;90;112.5;135;157.5;180;202.5;225;247.5;270;292.5;315;337.5
val_images,none,test002.png,1,rot45_padded,45.0,True,0,1000,1000,154360.0,0.15435999631881714,blur,pnp_hqs,wavelet,15.0,fixed10p0,0.4,0.5,0.0,0.15,G16_fixed,False,16,20,adjoint,0.00796244735698003,20.98953425946849,0.29664261405966574,3,0.0032564938701660283,24.87249734979711,0.7047056191694739,10.0,0;22.5;45;67.5;90;112.5;135;157.5;180;202.5;225;247.5;270;292.5;315;337.5
val_images,none,test002.png,1,rot45_padded,45.0,True,0,1000,1000,154360.0,0.15435999631881714,blur,pnp_hqs,wavelet,15.0,fixed10p0,0.4,0.5,0.0,0.15,G16_fixed,False,16,20,adjoint,0.00796244735698003,20.98953425946849,0.29664261405966574,4,0.003211419154214377,24.93303006647086,0.7051380498509977,10.0,0;22.5;45;67.5;90;112.5;135;157.5;180;202.5;225;247.5;270;292.5;315;337.5
val_images,none,test002.png,1,rot45_padded,45.0,True,0,1000,1000,154360.0,0.15435999631881714,blur,pnp_hqs,wavelet,15.0,fixed10p0,0.4,0.5,0.0,0.15,G16_fixed,False,16,20,adjoint,0.00796244735698003,20.98953425946849,0.29664261405966574,5,0.0031870968263363647,24.96604742141326,0.7052287469227779,10.0,0;22.5;45;67.5;90;112.5;135;157.5;180;202.5;225;247.5;270;292.5;315;337.5
val_images,none,test002.png,1,rot45_padded,45.0,True,0,1000,1000,154360.0,0.15435999631881714,blur,pnp_hqs,wavelet,15.0,fixed10p0,0.4,0.5,0.0,0.15,G16_fixed,False,16,20,adjoint,0.00796244735698003,20.98953425946849,0.29664261405966574,6,0.0031732027874798565,24.985021728824602,0.7051928122570614,10.0,0;22.5;45;67.5;90;112.5;135;157.5;180;202.5;225;247.5;270;292.5;315;337.5
val_images,none,test002.png,1,rot45_padded,45.0,True,0,1000,1000,154360.0,0.15435999631881714,blur,pnp_hqs,wavelet,15.0,fixed10p0,0.4,0.5,0.0,0.15,G16_fixed,False,16,20,adjoint,0.00796244735698003,20.98953425946849,0.29664261405966574,7,0.0031649474623166828,24.99633494814188,0.7051203355791655,10.0,0;22.5;45;67.5;90;112.5;135;157.5;180;202.5;225;247.5;270;292.5;315;337.5
val_images,none,test002.png,1,rot45_padded,45.0,True,0,1000,1000,154360.0,0.15435999631881714,blur,pnp_hqs,wavelet,15.0,fixed10p0,0.4,0.5,0.0,0.15,G16_fixed,False,16,20,adjoint,0.00796244735698003,20.98953425946849,0.29664261405966574,8,0.0031598977086209792,25.00326976020994,0.7050457838008551,10.0,0;22.5;45;67.5;90;112.5;135;157.5;180;202.5;225;247.5;270;292.5;315;337.5
val_images,none,test002.png,1,rot45_padded,45.0,True,0,1000,1000,154360.0,0.15435999631881714,blur,pnp_hqs,wavelet,15.0,fixed10p0,0.4,0.5,0.0,0.15,G16_fixed,False,16,20,adjoint,0.00796244735698003,20.98953425946849,0.29664261405966574,9,0.0031567362251291625,25.007617059623435,0.7049816075246178,10.0,0;22.5;45;67.5;90;112.5;135;157.5;180;202.5;225;247.5;270;292.5;315;337.5
val_images,none,test002.png,1,rot45_padded,45.0,True,0,1000,1000,154360.0,0.15435999631881714,blur,pnp_hqs,wavelet,15.0,fixed10p0,0.4,0.5,0.0,0.15,G16_fixed,False,16,20,adjoint,0.00796244735698003,20.98953425946849,0.29664261405966574,10,0.0031547255761946503,25.010384132591096,0.7049309953193833,10.0,0;22.5;45;67.5;90;112.5;135;157.5;180;202.5;225;247.5;270;292.5;315;337.5
val_images,none,test002.png,1,rot45_padded,45.0,True,0,1000,1000,154360.0,0.15435999631881714,blur,pnp_hqs,wavelet,15.0,fixed10p0,0.4,0.5,0.0,0.15,G16_fixed,False,16,20,adjoint,0.00796244735698003,20.98953425946849,0.29664261405966574,11,0.0031534244866530553,25.012175643607037,0.7048920239213526,10.0,0;22.5;45;67.5;90;112.5;135;157.5;180;202.5;225;247.5;270;292.5;315;337.5
val_images,none,test002.png,1,rot45_padded,45.0,True,0,1000,1000,154360.0,0.15435999631881714,blur,pnp_hqs,wavelet,15.0,fixed10p0,0.4,0.5,0.0,0.15,G16_fixed,False,16,20,adjoint,0.00796244735698003,20.98953425946849,0.29664261405966574,12,0.0031525741620643303,25.013346881659942,0.7048634786376005,10.0,0;22.5;45;67.5;90;112.5;135;157.5;180;202.5;225;247.5;270;292.5;315;337.5
val_images,none,test002.png,1,rot45_padded,45.0,True,0,1000,1000,154360.0,0.15435999631881714,blur,pnp_hqs,wavelet,15.0,fixed10p0,0.4,0.5,0.0,0.15,G16_fixed,False,16,20,adjoint,0.00796244735698003,20.98953425946849,0.29664261405966574,13,0.0031520112989850226,25.014122343683795,0.70484287947007,10.0,0;22.5;45;67.5;90;112.5;135;157.5;180;202.5;225;247.5;270;292.5;315;337.5
val_images,none,test002.png,1,rot45_padded,45.0,True,0,1000,1000,154360.0,0.15435999631881714,blur,pnp_hqs,wavelet,15.0,fixed10p0,0.4,0.5,0.0,0.15,G16_fixed,False,16,20,adjoint,0.00796244735698003,20.98953425946849,0.29664261405966574,14,0.003151637045451785,25.014638033124665,0.7048277970329101,10.0,0;22.5;45;67.5;90;112.5;135;157.5;180;202.5;225;247.5;270;292.5;315;337.5
val_images,none,test002.png,1,rot45_padded,45.0,True,0,1000,1000,154360.0,0.15435999631881714,blur,pnp_hqs,wavelet,15.0,fixed10p0,0.4,0.5,0.0,0.15,G16_fixed,False,16,20,adjoint,0.00796244735698003,20.98953425946849,0.29664261405966574,15,0.003151385566057026,25.014984584676977,0.7048173709186317,10.0,0;22.5;45;67.5;90;112.5;135;157.5;180;202.5;225;247.5;270;292.5;315;337.5
val_images,none,test002.png,1,rot45_padded,45.0,True,0,1000,1000,154360.0,0.15435999631881714,blur,pnp_hqs,wavelet,15.0,fixed10p0,0.4,0.5,0.0,0.15,G16_fixed,False,16,20,adjoint,0.00796244735698003,20.98953425946849,0.29664261405966574,16,0.003151216133791846,25.015218086653928,0.7048097284756414,10.0,0;22.5;45;67.5;90;112.5;135;157.5;180;202.5;225;247.5;270;292.5;315;337.5
val_images,none,test002.png,1,rot45_padded,45.0,True,0,1000,1000,154360.0,0.15435999631881714,blur,pnp_hqs,wavelet,15.0,fixed10p0,0.4,0.5,0.0,0.15,G16_fixed,False,16,20,adjoint,0.00796244735698003,20.98953425946849,0.29664261405966574,17,0.0031511008724025816,25.015376940565247,0.7048043635818865,10.0,0;22.5;45;67.5;90;112.5;135;157.5;180;202.5;225;247.5;270;292.5;315;337.5
val_images,none,test002.png,1,rot45_padded,45.0,True,0,1000,1000,154360.0,0.15435999631881714,blur,pnp_hqs,wavelet,15.0,fixed10p0,0.4,0.5,0.0,0.15,G16_fixed,False,16,20,adjoint,0.00796244735698003,20.98953425946849,0.29664261405966574,18,0.0031510225816476093,25.01548484464906,0.7048005676664939,10.0,0;22.5;45;67.5;90;112.5;135;157.5;180;202.5;225;247.5;270;292.5;315;337.5
val_images,none,test002.png,1,rot45_padded,45.0,True,0,1000,1000,154360.0,0.15435999631881714,blur,pnp_hqs,wavelet,15.0,fixed10p0,0.4,0.5,0.0,0.15,G16_fixed,False,16,20,adjoint,0.00796244735698003,20.98953425946849,0.29664261405966574,19,0.0031509676199559878,25.01556059709749,0.7047976321585903,10.0,0;22.5;45;67.5;90;112.5;135;157.5;180;202.5;225;247.5;270;292.5;315;337.5
val_images,none,test002.png,1,rot45_padded,45.0,True,0,1000,1000,154360.0,0.15435999631881714,blur,pnp_hqs,wavelet,15.0,fixed10p0,0.4,0.5,0.0,0.15,G16_fixed,False,16,20,adjoint,0.00796244735698003,20.98953425946849,0.29664261405966574,20,0.0031509300562099153,25.015612371113754,0.7047959113436123,10.0,0;22.5;45;67.5;90;112.5;135;157.5;180;202.5;225;247.5;270;292.5;315;337.5
val_images,none,test002.png,1,rot50_padded,50.0,True,0,962,962,154401.0,0.16683991253376007,blur,pnp_hqs,wavelet,15.0,fixed10p0,0.4,0.5,0.0,0.15,vanilla,False,0,20,adjoint,0.007858654770846287,21.046517892785054,0.2988619376250801,1,0.0038421773366054545,24.154225940469935,0.6802532953964029,10.0,none
val_images,none,test002.png,1,rot50_padded,50.0,True,0,962,962,154401.0,0.16683991253376007,blur,pnp_hqs,wavelet,15.0,fixed10p0,0.4,0.5,0.0,0.15,vanilla,False,0,20,adjoint,0.007858654770846287,21.046517892785054,0.2988619376250801,2,0.003732104861084125,24.28046162366476,0.6623218518662444,10.0,none
val_images,none,test002.png,1,rot50_padded,50.0,True,0,962,962,154401.0,0.16683991253376007,blur,pnp_hqs,wavelet,15.0,fixed10p0,0.4,0.5,0.0,0.15,vanilla,False,0,20,adjoint,0.007858654770846287,21.046517892785054,0.2988619376250801,3,0.003827841678537137,24.170460331625932,0.6423420691090084,10.0,none
val_images,none,test002.png,1,rot50_padded,50.0,True,0,962,962,154401.0,0.16683991253376007,blur,pnp_hqs,wavelet,15.0,fixed10p0,0.4,0.5,0.0,0.15,vanilla,False,0,20,adjoint,0.007858654770846287,21.046517892785054,0.2988619376250801,4,0.004346884210872784,23.618219280743475,0.6216576479426946,10.0,none
val_images,none,test002.png,1,rot50_padded,50.0,True,0,962,962,154401.0,0.16683991253376007,blur,pnp_hqs,wavelet,15.0,fixed10p0,0.4,0.5,0.0,0.15,vanilla,False,0,20,adjoint,0.007858654770846287,21.046517892785054,0.2988619376250801,5,0.0044570377234795676,23.509536901162733,0.6085232203806971,10.0,none
val_images,none,test002.png,1,rot50_padded,50.0,True,0,962,962,154401.0,0.16683991253376007,blur,pnp_hqs,wavelet,15.0,fixed10p0,0.4,0.5,0.0,0.15,vanilla,False,0,20,adjoint,0.007858654770846287,21.046517892785054,0.2988619376250801,6,0.004572047136367923,23.39889300814166,0.5974336407309538,10.0,none
val_images,none,test002.png,1,rot50_padded,50.0,True,0,962,962,154401.0,0.16683991253376007,blur,pnp_hqs,wavelet,15.0,fixed10p0,0.4,0.5,0.0,0.15,vanilla,False,0,20,adjoint,0.007858654770846287,21.046517892785054,0.2988619376250801,7,0.004687486243460616,23.290599938024457,0.5880516176222952,10.0,none
val_images,none,test002.png,1,rot50_padded,50.0,True,0,962,962,154401.0,0.16683991253376007,blur,pnp_hqs,wavelet,15.0,fixed10p0,0.4,0.5,0.0,0.15,vanilla,False,0,20,adjoint,0.007858654770846287,21.046517892785054,0.2988619376250801,8,0.004808937906991171,23.17950830500573,0.5798685322633921,10.0,none
val_images,none,test002.png,1,rot50_padded,50.0,True,0,962,962,154401.0,0.16683991253376007,blur,pnp_hqs,wavelet,15.0,fixed10p0,0.4,0.5,0.0,0.15,vanilla,False,0,20,adjoint,0.007858654770846287,21.046517892785054,0.2988619376250801,9,0.004965908718030688,23.040012677898964,0.5718973545346209,10.0,none
val_images,none,test002.png,1,rot50_padded,50.0,True,0,962,962,154401.0,0.16683991253376007,blur,pnp_hqs,wavelet,15.0,fixed10p0,0.4,0.5,0.0,0.15,vanilla,False,0,20,adjoint,0.007858654770846287,21.046517892785054,0.2988619376250801,10,0.005546855677596405,22.55953133785649,0.5594367001347141,10.0,none
val_images,none,test002.png,1,rot50_padded,50.0,True,0,962,962,154401.0,0.16683991253376007,blur,pnp_hqs,wavelet,15.0,fixed10p0,0.4,0.5,0.0,0.15,vanilla,False,0,20,adjoint,0.007858654770846287,21.046517892785054,0.2988619376250801,11,0.005624310923873752,22.499306786016476,0.5546422141048309,10.0,none
val_images,none,test002.png,1,rot50_padded,50.0,True,0,962,962,154401.0,0.16683991253376007,blur,pnp_hqs,wavelet,15.0,fixed10p0,0.4,0.5,0.0,0.15,vanilla,False,0,20,adjoint,0.007858654770846287,21.046517892785054,0.2988619376250801,12,0.0056858959463962746,22.45201092292325,0.5506080251261326,10.0,none
val_images,none,test002.png,1,rot50_padded,50.0,True,0,962,962,154401.0,0.16683991253376007,blur,pnp_hqs,wavelet,15.0,fixed10p0,0.4,0.5,0.0,0.15,vanilla,False,0,20,adjoint,0.007858654770846287,21.046517892785054,0.2988619376250801,13,0.005735186259495364,22.414524731145036,0.5472037401797916,10.0,none
val_images,none,test002.png,1,rot50_padded,50.0,True,0,962,962,154401.0,0.16683991253376007,blur,pnp_hqs,wavelet,15.0,fixed10p0,0.4,0.5,0.0,0.15,vanilla,False,0,20,adjoint,0.007858654770846287,21.046517892785054,0.2988619376250801,14,0.005775368794795087,22.38420278027931,0.5443071632469997,10.0,none
val_images,none,test002.png,1,rot50_padded,50.0,True,0,962,962,154401.0,0.16683991253376007,blur,pnp_hqs,wavelet,15.0,fixed10p0,0.4,0.5,0.0,0.15,vanilla,False,0,20,adjoint,0.007858654770846287,21.046517892785054,0.2988619376250801,15,0.005808760817636584,22.359165057271056,0.5418237758337058,10.0,none
val_images,none,test002.png,1,rot50_padded,50.0,True,0,962,962,154401.0,0.16683991253376007,blur,pnp_hqs,wavelet,15.0,fixed10p0,0.4,0.5,0.0,0.15,vanilla,False,0,20,adjoint,0.007858654770846287,21.046517892785054,0.2988619376250801,16,0.005836928517934834,22.338156252535796,0.5396812723039358,10.0,none
val_images,none,test002.png,1,rot50_padded,50.0,True,0,962,962,154401.0,0.16683991253376007,blur,pnp_hqs,wavelet,15.0,fixed10p0,0.4,0.5,0.0,0.15,vanilla,False,0,20,adjoint,0.007858654770846287,21.046517892785054,0.2988619376250801,17,0.0058609937651948095,22.320287406117153,0.5378195413242142,10.0,none
val_images,none,test002.png,1,rot50_padded,50.0,True,0,962,962,154401.0,0.16683991253376007,blur,pnp_hqs,wavelet,15.0,fixed10p0,0.4,0.5,0.0,0.15,vanilla,False,0,20,adjoint,0.007858654770846287,21.046517892785054,0.2988619376250801,18,0.005881734120134018,22.304946113774843,0.536194511369745,10.0,none
val_images,none,test002.png,1,rot50_padded,50.0,True,0,962,962,154401.0,0.16683991253376007,blur,pnp_hqs,wavelet,15.0,fixed10p0,0.4,0.5,0.0,0.15,vanilla,False,0,20,adjoint,0.007858654770846287,21.046517892785054,0.2988619376250801,19,0.005899722771893478,22.29168395385926,0.5347704597120485,10.0,none
val_images,none,test002.png,1,rot50_padded,50.0,True,0,962,962,154401.0,0.16683991253376007,blur,pnp_hqs,wavelet,15.0,fixed10p0,0.4,0.5,0.0,0.15,vanilla,False,0,20,adjoint,0.007858654770846287,21.046517892785054,0.2988619376250801,20,0.005915415899968871,22.280147156663553,0.5335166223016691,10.0,none
val_images,none,test002.png,1,rot50_padded,50.0,True,0,962,962,154401.0,0.16683991253376007,blur,pnp_hqs,wavelet,15.0,fixed10p0,0.4,0.5,0.0,0.15,G16_fixed,False,16,20,adjoint,0.007858654770846287,21.046517892785054,0.2988619376250801,1,0.003540118123071175,24.509822466346304,0.7044812999106224,10.0,0;22.5;45;67.5;90;112.5;135;157.5;180;202.5;225;247.5;270;292.5;315;337.5
val_images,none,test002.png,1,rot50_padded,50.0,True,0,962,962,154401.0,0.16683991253376007,blur,pnp_hqs,wavelet,15.0,fixed10p0,0.4,0.5,0.0,0.15,G16_fixed,False,16,20,adjoint,0.007858654770846287,21.046517892785054,0.2988619376250801,2,0.003300408843085537,24.814322579106246,0.7118289490514957,10.0,0;22.5;45;67.5;90;112.5;135;157.5;180;202.5;225;247.5;270;292.5;315;337.5
val_images,none,test002.png,1,rot50_padded,50.0,True,0,962,962,154401.0,0.16683991253376007,blur,pnp_hqs,wavelet,15.0,fixed10p0,0.4,0.5,0.0,0.15,G16_fixed,False,16,20,adjoint,0.007858654770846287,21.046517892785054,0.2988619376250801,3,0.003197036553319866,24.95252398193636,0.7143544852364946,10.0,0;22.5;45;67.5;90;112.5;135;157.5;180;202.5;225;247.5;270;292.5;315;337.5
val_images,none,test002.png,1,rot50_padded,50.0,True,0,962,962,154401.0,0.16683991253376007,blur,pnp_hqs,wavelet,15.0,fixed10p0,0.4,0.5,0.0,0.15,G16_fixed,False,16,20,adjoint,0.007858654770846287,21.046517892785054,0.2988619376250801,4,0.003147105058988547,25.020887589052027,0.715160472972973,10.0,0;22.5;45;67.5;90;112.5;135;157.5;180;202.5;225;247.5;270;292.5;315;337.5
val_images,none,test002.png,1,rot50_padded,50.0,True,0,962,962,154401.0,0.16683991253376007,blur,pnp_hqs,wavelet,15.0,fixed10p0,0.4,0.5,0.0,0.15,G16_fixed,False,16,20,adjoint,0.007858654770846287,21.046517892785054,0.2988619376250801,5,0.003121408199190946,25.056494331725666,0.7153353929054863,10.0,0;22.5;45;67.5;90;112.5;135;157.5;180;202.5;225;247.5;270;292.5;315;337.5
val_images,none,test002.png,1,rot50_padded,50.0,True,0,962,962,154401.0,0.16683991253376007,blur,pnp_hqs,wavelet,15.0,fixed10p0,0.4,0.5,0.0,0.15,G16_fixed,False,16,20,adjoint,0.007858654770846287,21.046517892785054,0.2988619376250801,6,0.003107670239040712,25.075650712620572,0.7152946103004514,10.0,0;22.5;45;67.5;90;112.5;135;157.5;180;202.5;225;247.5;270;292.5;315;337.5
val_images,none,test002.png,1,rot50_padded,50.0,True,0,962,962,154401.0,0.16683991253376007,blur,pnp_hqs,wavelet,15.0,fixed10p0,0.4,0.5,0.0,0.15,G16_fixed,False,16,20,adjoint,0.007858654770846287,21.046517892785054,0.2988619376250801,7,0.003100136161910585,25.086192309825776,0.7151977642631848,10.0,0;22.5;45;67.5;90;112.5;135;157.5;180;202.5;225;247.5;270;292.5;315;337.5
val_images,none,test002.png,1,rot50_padded,50.0,True,0,962,962,154401.0,0.16683991253376007,blur,pnp_hqs,wavelet,15.0,fixed10p0,0.4,0.5,0.0,0.15,G16_fixed,False,16,20,adjoint,0.007858654770846287,21.046517892785054,0.2988619376250801,8,0.0030959303371755,25.092088201211386,0.7151033469666648,10.0,0;22.5;45;67.5;90;112.5;135;157.5;180;202.5;225;247.5;270;292.5;315;337.5
val_images,none,test002.png,1,rot50_padded,50.0,True,0,962,962,154401.0,0.16683991253376007,blur,pnp_hqs,wavelet,15.0,fixed10p0,0.4,0.5,0.0,0.15,G16_fixed,False,16,20,adjoint,0.007858654770846287,21.046517892785054,0.2988619376250801,9,0.0030935539740574057,25.095423023267642,0.7150273476208056,10.0,0;22.5;45;67.5;90;112.5;135;157.5;180;202.5;225;247.5;270;292.5;315;337.5
val_images,none,test002.png,1,rot50_padded,50.0,True,0,962,962,154401.0,0.16683991253376007,blur,pnp_hqs,wavelet,15.0,fixed10p0,0.4,0.5,0.0,0.15,G16_fixed,False,16,20,adjoint,0.007858654770846287,21.046517892785054,0.2988619376250801,10,0.003092196899353186,25.097328596502287,0.7149712841885739,10.0,0;22.5;45;67.5;90;112.5;135;157.5;180;202.5;225;247.5;270;292.5;315;337.5
val_images,none,test002.png,1,rot50_padded,50.0,True,0,962,962,154401.0,0.16683991253376007,blur,pnp_hqs,wavelet,15.0,fixed10p0,0.4,0.5,0.0,0.15,G16_fixed,False,16,20,adjoint,0.007858654770846287,21.046517892785054,0.2988619376250801,11,0.003091416176212832,25.098425249056092,0.7149314629600845,10.0,0;22.5;45;67.5;90;112.5;135;157.5;180;202.5;225;247.5;270;292.5;315;337.5
val_images,none,test002.png,1,rot50_padded,50.0,True,0,962,962,154401.0,0.16683991253376007,blur,pnp_hqs,wavelet,15.0,fixed10p0,0.4,0.5,0.0,0.15,G16_fixed,False,16,20,adjoint,0.007858654770846287,21.046517892785054,0.2988619376250801,12,0.0030909647403514224,25.099059490480347,0.7149043926205141,10.0,0;22.5;45;67.5;90;112.5;135;157.5;180;202.5;225;247.5;270;292.5;315;337.5
val_images,none,test002.png,1,rot50_padded,50.0,True,0,962,962,154401.0,0.16683991253376007,blur,pnp_hqs,wavelet,15.0,fixed10p0,0.4,0.5,0.0,0.15,G16_fixed,False,16,20,adjoint,0.007858654770846287,21.046517892785054,0.2988619376250801,13,0.003090701666300838,25.099429137113,0.7148866830525709,10.0,0;22.5;45;67.5;90;112.5;135;157.5;180;202.5;225;247.5;270;292.5;315;337.5
val_images,none,test002.png,1,rot50_padded,50.0,True,0,962,962,154401.0,0.16683991253376007,blur,pnp_hqs,wavelet,15.0,fixed10p0,0.4,0.5,0.0,0.15,G16_fixed,False,16,20,adjoint,0.007858654770846287,21.046517892785054,0.2988619376250801,14,0.00309054809114133,25.09964494086455,0.714874691145135,10.0,0;22.5;45;67.5;90;112.5;135;157.5;180;202.5;225;247.5;270;292.5;315;337.5
val_images,none,test002.png,1,rot50_padded,50.0,True,0,962,962,154401.0,0.16683991253376007,blur,pnp_hqs,wavelet,15.0,fixed10p0,0.4,0.5,0.0,0.15,G16_fixed,False,16,20,adjoint,0.007858654770846287,21.046517892785054,0.2988619376250801,15,0.0030904579620901905,25.099771595163975,0.71486689893524,10.0,0;22.5;45;67.5;90;112.5;135;157.5;180;202.5;225;247.5;270;292.5;315;337.5
val_images,none,test002.png,1,rot50_padded,50.0,True,0,962,962,154401.0,0.16683991253376007,blur,pnp_hqs,wavelet,15.0,fixed10p0,0.4,0.5,0.0,0.15,G16_fixed,False,16,20,adjoint,0.007858654770846287,21.046517892785054,0.2988619376250801,16,0.0030904042009017915,25.09984714510134,0.7148618896574505,10.0,0;22.5;45;67.5;90;112.5;135;157.5;180;202.5;225;247.5;270;292.5;315;337.5
val_images,none,test002.png,1,rot50_padded,50.0,True,0,962,962,154401.0,0.16683991253376007,blur,pnp_hqs,wavelet,15.0,fixed10p0,0.4,0.5,0.0,0.15,G16_fixed,False,16,20,adjoint,0.007858654770846287,21.046517892785054,0.2988619376250801,17,0.003090373564930461,25.099890198043223,0.7148584489413928,10.0,0;22.5;45;67.5;90;112.5;135;157.5;180;202.5;225;247.5;270;292.5;315;337.5
val_images,none,test002.png,1,rot50_padded,50.0,True,0,962,962,154401.0,0.16683991253376007,blur,pnp_hqs,wavelet,15.0,fixed10p0,0.4,0.5,0.0,0.15,G16_fixed,False,16,20,adjoint,0.007858654770846287,21.046517892785054,0.2988619376250801,18,0.003090354788044807,25.099916585541138,0.7148563743920052,10.0,0;22.5;45;67.5;90;112.5;135;157.5;180;202.5;225;247.5;270;292.5;315;337.5
val_images,none,test002.png,1,rot50_padded,50.0,True,0,962,962,154401.0,0.16683991253376007,blur,pnp_hqs,wavelet,15.0,fixed10p0,0.4,0.5,0.0,0.15,G16_fixed,False,16,20,adjoint,0.007858654770846287,21.046517892785054,0.2988619376250801,19,0.0030903435219134146,25.099932418116847,0.7148550082253353,10.0,0;22.5;45;67.5;90;112.5;135;157.5;180;202.5;225;247.5;270;292.5;315;337.5
val_images,none,test002.png,1,rot50_padded,50.0,True,0,962,962,154401.0,0.16683991253376007,blur,pnp_hqs,wavelet,15.0,fixed10p0,0.4,0.5,0.0,0.15,G16_fixed,False,16,20,adjoint,0.007858654770846287,21.046517892785054,0.2988619376250801,20,0.0030903375923705765,25.09994075107461,0.7148541986450865,10.0,0;22.5;45;67.5;90;112.5;135;157.5;180;202.5;225;247.5;270;292.5;315;337.5
val_images,none,test002.png,1,rot55_padded,55.0,True,0,922,922,154404.0,0.1816338151693344,blur,pnp_hqs,wavelet,15.0,fixed10p0,0.4,0.5,0.0,0.15,vanilla,False,0,20,adjoint,0.00782365522984751,21.06590296138894,0.29892117432190873,1,0.0038446448281071895,24.151437745407808,0.6808727530536773,10.0,none
val_images,none,test002.png,1,rot55_padded,55.0,True,0,922,922,154404.0,0.1816338151693344,blur,pnp_hqs,wavelet,15.0,fixed10p0,0.4,0.5,0.0,0.15,vanilla,False,0,20,adjoint,0.00782365522984751,21.06590296138894,0.29892117432190873,2,0.0037226227416185787,24.29150973863539,0.663819074068677,10.0,none
val_images,none,test002.png,1,rot55_padded,55.0,True,0,922,922,154404.0,0.1816338151693344,blur,pnp_hqs,wavelet,15.0,fixed10p0,0.4,0.5,0.0,0.15,vanilla,False,0,20,adjoint,0.00782365522984751,21.06590296138894,0.29892117432190873,3,0.003781505515638965,24.223352618129425,0.6451349827400844,10.0,none
val_images,none,test002.png,1,rot55_padded,55.0,True,0,922,922,154404.0,0.1816338151693344,blur,pnp_hqs,wavelet,15.0,fixed10p0,0.4,0.5,0.0,0.15,vanilla,False,0,20,adjoint,0.00782365522984751,21.06590296138894,0.29892117432190873,4,0.003924954972400934,24.061653211735,0.6278527535717987,10.0,none
val_images,none,test002.png,1,rot55_padded,55.0,True,0,922,922,154404.0,0.1816338151693344,blur,pnp_hqs,wavelet,15.0,fixed10p0,0.4,0.5,0.0,0.15,vanilla,False,0,20,adjoint,0.00782365522984751,21.06590296138894,0.29892117432190873,5,0.0044400597671125745,23.526111838600446,0.6100993578534235,10.0,none
val_images,none,test002.png,1,rot55_padded,55.0,True,0,922,922,154404.0,0.1816338151693344,blur,pnp_hqs,wavelet,15.0,fixed10p0,0.4,0.5,0.0,0.15,vanilla,False,0,20,adjoint,0.00782365522984751,21.06590296138894,0.29892117432190873,6,0.004543704976195767,23.425898752217257,0.5991290502512888,10.0,none
val_images,none,test002.png,1,rot55_padded,55.0,True,0,922,922,154404.0,0.1816338151693344,blur,pnp_hqs,wavelet,15.0,fixed10p0,0.4,0.5,0.0,0.15,vanilla,False,0,20,adjoint,0.00782365522984751,21.06590296138894,0.29892117432190873,7,0.004641876532986314,23.333064153139347,0.5899206080315277,10.0,none
val_images,none,test002.png,1,rot55_padded,55.0,True,0,922,922,154404.0,0.1816338151693344,blur,pnp_hqs,wavelet,15.0,fixed10p0,0.4,0.5,0.0,0.15,vanilla,False,0,20,adjoint,0.00782365522984751,21.06590296138894,0.29892117432190873,8,0.0047341479139900436,23.24758177073153,0.5821374547453434,10.0,none
val_images,none,test002.png,1,rot55_padded,55.0,True,0,922,922,154404.0,0.1816338151693344,blur,pnp_hqs,wavelet,15.0,fixed10p0,0.4,0.5,0.0,0.15,vanilla,False,0,20,adjoint,0.00782365522984751,21.06590296138894,0.29892117432190873,9,0.004821587206770671,23.168099738622523,0.5755158747506541,10.0,none
val_images,none,test002.png,1,rot55_padded,55.0,True,0,922,922,154404.0,0.1816338151693344,blur,pnp_hqs,wavelet,15.0,fixed10p0,0.4,0.5,0.0,0.15,vanilla,False,0,20,adjoint,0.00782365522984751,21.06590296138894,0.29892117432190873,10,0.004906655123794558,23.092144663917335,0.5697817798599777,10.0,none
val_images,none,test002.png,1,rot55_padded,55.0,True,0,922,922,154404.0,0.1816338151693344,blur,pnp_hqs,wavelet,15.0,fixed10p0,0.4,0.5,0.0,0.15,vanilla,False,0,20,adjoint,0.00782365522984751,21.06590296138894,0.29892117432190873,11,0.004993031467848752,23.01635696858969,0.5647023696763037,10.0,none
val_images,none,test002.png,1,rot55_padded,55.0,True,0,922,922,154404.0,0.1816338151693344,blur,pnp_hqs,wavelet,15.0,fixed10p0,0.4,0.5,0.0,0.15,vanilla,False,0,20,adjoint,0.00782365522984751,21.06590296138894,0.29892117432190873,12,0.0050843794393229365,22.937620461874502,0.5600526358611176,10.0,none
val_images,none,test002.png,1,rot55_padded,55.0,True,0,922,922,154404.0,0.1816338151693344,blur,pnp_hqs,wavelet,15.0,fixed10p0,0.4,0.5,0.0,0.15,vanilla,False,0,20,adjoint,0.00782365522984751,21.06590296138894,0.29892117432190873,13,0.005203728935131214,22.83685334140197,0.5551484963958188,10.0,none
val_images,none,test002.png,1,rot55_padded,55.0,True,0,922,922,154404.0,0.1816338151693344,blur,pnp_hqs,wavelet,15.0,fixed10p0,0.4,0.5,0.0,0.15,vanilla,False,0,20,adjoint,0.00782365522984751,21.06590296138894,0.29892117432190873,14,0.0056999232039507556,22.441309956126133,0.54482983763374,10.0,none
val_images,none,test002.png,1,rot55_padded,55.0,True,0,922,922,154404.0,0.1816338151693344,blur,pnp_hqs,wavelet,15.0,fixed10p0,0.4,0.5,0.0,0.15,vanilla,False,0,20,adjoint,0.00782365522984751,21.06590296138894,0.29892117432190873,15,0.005753538669760013,22.400649636500212,0.5418020663324784,10.0,none
val_images,none,test002.png,1,rot55_padded,55.0,True,0,922,922,154404.0,0.1816338151693344,blur,pnp_hqs,wavelet,15.0,fixed10p0,0.4,0.5,0.0,0.15,vanilla,False,0,20,adjoint,0.00782365522984751,21.06590296138894,0.29892117432190873,16,0.005795568824571011,22.36903932392563,0.5391963311345561,10.0,none
val_images,none,test002.png,1,rot55_padded,55.0,True,0,922,922,154404.0,0.1816338151693344,blur,pnp_hqs,wavelet,15.0,fixed10p0,0.4,0.5,0.0,0.15,vanilla,False,0,20,adjoint,0.00782365522984751,21.06590296138894,0.29892117432190873,17,0.005828536442192641,22.344404838130526,0.5369721538140204,10.0,none
val_images,none,test002.png,1,rot55_padded,55.0,True,0,922,922,154404.0,0.1816338151693344,blur,pnp_hqs,wavelet,15.0,fixed10p0,0.4,0.5,0.0,0.15,vanilla,False,0,20,adjoint,0.00782365522984751,21.06590296138894,0.29892117432190873,18,0.0058548970962539835,22.3248073354154,0.5350693230097666,10.0,none
val_images,none,test002.png,1,rot55_padded,55.0,True,0,922,922,154404.0,0.1816338151693344,blur,pnp_hqs,wavelet,15.0,fixed10p0,0.4,0.5,0.0,0.15,vanilla,False,0,20,adjoint,0.00782365522984751,21.06590296138894,0.29892117432190873,19,0.005876473888103612,22.308831892790046,0.5334323329544571,10.0,none
val_images,none,test002.png,1,rot55_padded,55.0,True,0,922,922,154404.0,0.1816338151693344,blur,pnp_hqs,wavelet,15.0,fixed10p0,0.4,0.5,0.0,0.15,vanilla,False,0,20,adjoint,0.00782365522984751,21.06590296138894,0.29892117432190873,20,0.005894421870243809,22.295587844409077,0.5320155950461128,10.0,none
val_images,none,test002.png,1,rot55_padded,55.0,True,0,922,922,154404.0,0.1816338151693344,blur,pnp_hqs,wavelet,15.0,fixed10p0,0.4,0.5,0.0,0.15,G16_fixed,False,16,20,adjoint,0.00782365522984751,21.06590296138894,0.29892117432190873,1,0.003541576365436817,24.508033892657743,0.7041744992033885,10.0,0;22.5;45;67.5;90;112.5;135;157.5;180;202.5;225;247.5;270;292.5;315;337.5
val_images,none,test002.png,1,rot55_padded,55.0,True,0,922,922,154404.0,0.1816338151693344,blur,pnp_hqs,wavelet,15.0,fixed10p0,0.4,0.5,0.0,0.15,G16_fixed,False,16,20,adjoint,0.00782365522984751,21.06590296138894,0.29892117432190873,2,0.0033034497612341243,24.810322935430264,0.7111679728990181,10.0,0;22.5;45;67.5;90;112.5;135;157.5;180;202.5;225;247.5;270;292.5;315;337.5
val_images,none,test002.png,1,rot55_padded,55.0,True,0,922,922,154404.0,0.1816338151693344,blur,pnp_hqs,wavelet,15.0,fixed10p0,0.4,0.5,0.0,0.15,G16_fixed,False,16,20,adjoint,0.00782365522984751,21.06590296138894,0.29892117432190873,3,0.0032019093013119196,24.94590974258578,0.7133425643927619,10.0,0;22.5;45;67.5;90;112.5;135;157.5;180;202.5;225;247.5;270;292.5;315;337.5
val_images,none,test002.png,1,rot55_padded,55.0,True,0,922,922,154404.0,0.1816338151693344,blur,pnp_hqs,wavelet,15.0,fixed10p0,0.4,0.5,0.0,0.15,G16_fixed,False,16,20,adjoint,0.00782365522984751,21.06590296138894,0.29892117432190873,4,0.003153417651565151,25.012185057005674,0.713873385728349,10.0,0;22.5;45;67.5;90;112.5;135;157.5;180;202.5;225;247.5;270;292.5;315;337.5
val_images,none,test002.png,1,rot55_padded,55.0,True,0,922,922,154404.0,0.1816338151693344,blur,pnp_hqs,wavelet,15.0,fixed10p0,0.4,0.5,0.0,0.15,G16_fixed,False,16,20,adjoint,0.00782365522984751,21.06590296138894,0.29892117432190873,5,0.003128673754770865,25.04639720934902,0.7138543103643687,10.0,0;22.5;45;67.5;90;112.5;135;157.5;180;202.5;225;247.5;270;292.5;315;337.5
val_images,none,test002.png,1,rot55_padded,55.0,True,0,922,922,154404.0,0.1816338151693344,blur,pnp_hqs,wavelet,15.0,fixed10p0,0.4,0.5,0.0,0.15,G16_fixed,False,16,20,adjoint,0.00782365522984751,21.06590296138894,0.29892117432190873,6,0.003115538689037768,25.06466851268059,0.7136826320885469,10.0,0;22.5;45;67.5;90;112.5;135;157.5;180;202.5;225;247.5;270;292.5;315;337.5
val_images,none,test002.png,1,rot55_padded,55.0,True,0,922,922,154404.0,0.1816338151693344,blur,pnp_hqs,wavelet,15.0,fixed10p0,0.4,0.5,0.0,0.15,G16_fixed,False,16,20,adjoint,0.00782365522984751,21.06590296138894,0.29892117432190873,7,0.003108384636954839,25.074652461866535,0.7135003282784125,10.0,0;22.5;45;67.5;90;112.5;135;157.5;180;202.5;225;247.5;270;292.5;315;337.5
val_images,none,test002.png,1,rot55_padded,55.0,True,0,922,922,154404.0,0.1816338151693344,blur,pnp_hqs,wavelet,15.0,fixed10p0,0.4,0.5,0.0,0.15,G16_fixed,False,16,20,adjoint,0.00782365522984751,21.06590296138894,0.29892117432190873,8,0.0031044172569277472,25.080199110599317,0.7133499010712158,10.0,0;22.5;45;67.5;90;112.5;135;157.5;180;202.5;225;247.5;270;292.5;315;337.5
val_images,none,test002.png,1,rot55_padded,55.0,True,0,922,922,154404.0,0.1816338151693344,blur,pnp_hqs,wavelet,15.0,fixed10p0,0.4,0.5,0.0,0.15,G16_fixed,False,16,20,adjoint,0.00782365522984751,21.06590296138894,0.29892117432190873,9,0.0031021870015485956,25.08332026221702,0.7132377763853268,10.0,0;22.5;45;67.5;90;112.5;135;157.5;180;202.5;225;247.5;270;292.5;315;337.5
val_images,none,test002.png,1,rot55_padded,55.0,True,0,922,922,154404.0,0.1816338151693344,blur,pnp_hqs,wavelet,15.0,fixed10p0,0.4,0.5,0.0,0.15,G16_fixed,False,16,20,adjoint,0.00782365522984751,21.06590296138894,0.29892117432190873,10,0.0031009198828641097,25.085094542978247,0.7131590462358488,10.0,0;22.5;45;67.5;90;112.5;135;157.5;180;202.5;225;247.5;270;292.5;315;337.5
val_images,none,test002.png,1,rot55_padded,55.0,True,0,922,922,154404.0,0.1816338151693344,blur,pnp_hqs,wavelet,15.0,fixed10p0,0.4,0.5,0.0,0.15,G16_fixed,False,16,20,adjoint,0.00782365522984751,21.06590296138894,0.29892117432190873,11,0.0031001937256270483,25.086111670231194,0.7131049066086371,10.0,0;22.5;45;67.5;90;112.5;135;157.5;180;202.5;225;247.5;270;292.5;315;337.5
val_images,none,test002.png,1,rot55_padded,55.0,True,0,922,922,154404.0,0.1816338151693344,blur,pnp_hqs,wavelet,15.0,fixed10p0,0.4,0.5,0.0,0.15,G16_fixed,False,16,20,adjoint,0.00782365522984751,21.06590296138894,0.29892117432190873,12,0.003099775700979148,25.08669730472603,0.7130684762052797,10.0,0;22.5;45;67.5;90;112.5;135;157.5;180;202.5;225;247.5;270;292.5;315;337.5
val_images,none,test002.png,1,rot55_padded,55.0,True,0,922,922,154404.0,0.1816338151693344,blur,pnp_hqs,wavelet,15.0,fixed10p0,0.4,0.5,0.0,0.15,G16_fixed,False,16,20,adjoint,0.00782365522984751,21.06590296138894,0.29892117432190873,13,0.0030995339779794403,25.087035984257824,0.71304464464975,10.0,0;22.5;45;67.5;90;112.5;135;157.5;180;202.5;225;247.5;270;292.5;315;337.5
val_images,none,test002.png,1,rot55_padded,55.0,True,0,922,922,154404.0,0.1816338151693344,blur,pnp_hqs,wavelet,15.0,fixed10p0,0.4,0.5,0.0,0.15,G16_fixed,False,16,20,adjoint,0.00782365522984751,21.06590296138894,0.29892117432190873,14,0.0030993928576018514,25.087233721069072,0.7130292123261055,10.0,0;22.5;45;67.5;90;112.5;135;157.5;180;202.5;225;247.5;270;292.5;315;337.5
val_images,none,test002.png,1,rot55_padded,55.0,True,0,922,922,154404.0,0.1816338151693344,blur,pnp_hqs,wavelet,15.0,fixed10p0,0.4,0.5,0.0,0.15,G16_fixed,False,16,20,adjoint,0.00782365522984751,21.06590296138894,0.29892117432190873,15,0.003099310043262622,25.087349764090096,0.7130187385851403,10.0,0;22.5;45;67.5;90;112.5;135;157.5;180;202.5;225;247.5;270;292.5;315;337.5
val_images,none,test002.png,1,rot55_padded,55.0,True,0,922,922,154404.0,0.1816338151693344,blur,pnp_hqs,wavelet,15.0,fixed10p0,0.4,0.5,0.0,0.15,G16_fixed,False,16,20,adjoint,0.00782365522984751,21.06590296138894,0.29892117432190873,16,0.003099261817251233,25.08741734188415,0.7130123126667703,10.0,0;22.5;45;67.5;90;112.5;135;157.5;180;202.5;225;247.5;270;292.5;315;337.5
val_images,none,test002.png,1,rot55_padded,55.0,True,0,922,922,154404.0,0.1816338151693344,blur,pnp_hqs,wavelet,15.0,fixed10p0,0.4,0.5,0.0,0.15,G16_fixed,False,16,20,adjoint,0.00782365522984751,21.06590296138894,0.29892117432190873,17,0.0030992341465889608,25.087456116503045,0.7130082142463926,10.0,0;22.5;45;67.5;90;112.5;135;157.5;180;202.5;225;247.5;270;292.5;315;337.5
val_images,none,test002.png,1,rot55_padded,55.0,True,0,922,922,154404.0,0.1816338151693344,blur,pnp_hqs,wavelet,15.0,fixed10p0,0.4,0.5,0.0,0.15,G16_fixed,False,16,20,adjoint,0.00782365522984751,21.06590296138894,0.29892117432190873,18,0.003099217544191597,25.08747938144055,0.7130053807705758,10.0,0;22.5;45;67.5;90;112.5;135;157.5;180;202.5;225;247.5;270;292.5;315;337.5
val_images,none,test002.png,1,rot55_padded,55.0,True,0,922,922,154404.0,0.1816338151693344,blur,pnp_hqs,wavelet,15.0,fixed10p0,0.4,0.5,0.0,0.15,G16_fixed,False,16,20,adjoint,0.00782365522984751,21.06590296138894,0.29892117432190873,19,0.0030992068712218635,25.087494337537617,0.713003559250408,10.0,0;22.5;45;67.5;90;112.5;135;157.5;180;202.5;225;247.5;270;292.5;315;337.5
val_images,none,test002.png,1,rot55_padded,55.0,True,0,922,922,154404.0,0.1816338151693344,blur,pnp_hqs,wavelet,15.0,fixed10p0,0.4,0.5,0.0,0.15,G16_fixed,False,16,20,adjoint,0.00782365522984751,21.06590296138894,0.29892117432190873,20,0.003099201337089409,25.08750209257119,0.713002749685889,10.0,0;22.5;45;67.5;90;112.5;135;157.5;180;202.5;225;247.5;270;292.5;315;337.5
val_images,none,test002.png,1,rot60_padded,60.0,True,0,878,878,154401.0,0.20029082894325256,blur,pnp_hqs,wavelet,15.0,fixed10p0,0.4,0.5,0.0,0.15,vanilla,False,0,20,adjoint,0.007793506488380905,21.0826709869201,0.29908092908238937,1,0.0038229968467355297,24.175960601933507,0.6809716460709452,10.0,none
val_images,none,test002.png,1,rot60_padded,60.0,True,0,878,878,154401.0,0.20029082894325256,blur,pnp_hqs,wavelet,15.0,fixed10p0,0.4,0.5,0.0,0.15,vanilla,False,0,20,adjoint,0.007793506488380905,21.0826709869201,0.29908092908238937,2,0.0036731537414902995,24.34960893684782,0.6650907681135485,10.0,none
val_images,none,test002.png,1,rot60_padded,60.0,True,0,878,878,154401.0,0.20029082894325256,blur,pnp_hqs,wavelet,15.0,fixed10p0,0.4,0.5,0.0,0.15,vanilla,False,0,20,adjoint,0.007793506488380905,21.0826709869201,0.29908092908238937,3,0.0037002110360663952,24.317735058828816,0.6471460171080499,10.0,none
val_images,none,test002.png,1,rot60_padded,60.0,True,0,878,878,154401.0,0.20029082894325256,blur,pnp_hqs,wavelet,15.0,fixed10p0,0.4,0.5,0.0,0.15,vanilla,False,0,20,adjoint,0.007793506488380905,21.0826709869201,0.29908092908238937,4,0.00378553676220422,24.21872531927255,0.6311606526997882,10.0,none
val_images,none,test002.png,1,rot60_padded,60.0,True,0,878,878,154401.0,0.20029082894325256,blur,pnp_hqs,wavelet,15.0,fixed10p0,0.4,0.5,0.0,0.15,vanilla,False,0,20,adjoint,0.007793506488380905,21.0826709869201,0.29908092908238937,5,0.003896879741104332,24.092829964604945,0.6174668051858473,10.0,none
val_images,none,test002.png,1,rot60_padded,60.0,True,0,878,878,154401.0,0.20029082894325256,blur,pnp_hqs,wavelet,15.0,fixed10p0,0.4,0.5,0.0,0.15,vanilla,False,0,20,adjoint,0.007793506488380905,21.0826709869201,0.29908092908238937,6,0.004028116336226369,23.948979950569612,0.6055697704354246,10.0,none
val_images,none,test002.png,1,rot60_padded,60.0,True,0,878,878,154401.0,0.20029082894325256,blur,pnp_hqs,wavelet,15.0,fixed10p0,0.4,0.5,0.0,0.15,vanilla,False,0,20,adjoint,0.007793506488380905,21.0826709869201,0.29908092908238937,7,0.004289312302943107,23.6761233181942,0.5933719260237952,10.0,none
val_images,none,test002.png,1,rot60_padded,60.0,True,0,878,878,154401.0,0.20029082894325256,blur,pnp_hqs,wavelet,15.0,fixed10p0,0.4,0.5,0.0,0.15,vanilla,False,0,20,adjoint,0.007793506488380905,21.0826709869201,0.29908092908238937,8,0.004580163494604755,23.39119019040378,0.5841575366254105,10.0,none
val_images,none,test002.png,1,rot60_padded,60.0,True,0,878,878,154401.0,0.20029082894325256,blur,pnp_hqs,wavelet,15.0,fixed10p0,0.4,0.5,0.0,0.15,vanilla,False,0,20,adjoint,0.007793506488380905,21.0826709869201,0.29908092908238937,9,0.004652690500177905,23.322958360408652,0.5773161787326507,10.0,none
val_images,none,test002.png,1,rot60_padded,60.0,True,0,878,878,154401.0,0.20029082894325256,blur,pnp_hqs,wavelet,15.0,fixed10p0,0.4,0.5,0.0,0.15,vanilla,False,0,20,adjoint,0.007793506488380905,21.0826709869201,0.29908092908238937,10,0.004715305286639983,23.264901841544265,0.5714341734347576,10.0,none
val_images,none,test002.png,1,rot60_padded,60.0,True,0,878,878,154401.0,0.20029082894325256,blur,pnp_hqs,wavelet,15.0,fixed10p0,0.4,0.5,0.0,0.15,vanilla,False,0,20,adjoint,0.007793506488380905,21.0826709869201,0.29908092908238937,11,0.004770187553938284,23.214645450606955,0.5662984493299914,10.0,none
val_images,none,test002.png,1,rot60_padded,60.0,True,0,878,878,154401.0,0.20029082894325256,blur,pnp_hqs,wavelet,15.0,fixed10p0,0.4,0.5,0.0,0.15,vanilla,False,0,20,adjoint,0.007793506488380905,21.0826709869201,0.29908092908238937,12,0.004818966345141871,23.1704610672851,0.56174840593649,10.0,none
val_images,none,test002.png,1,rot60_padded,60.0,True,0,878,878,154401.0,0.20029082894325256,blur,pnp_hqs,wavelet,15.0,fixed10p0,0.4,0.5,0.0,0.15,vanilla,False,0,20,adjoint,0.007793506488380905,21.0826709869201,0.29908092908238937,13,0.004862996363137828,23.130960552251114,0.5576513732909761,10.0,none
val_images,none,test002.png,1,rot60_padded,60.0,True,0,878,878,154401.0,0.20029082894325256,blur,pnp_hqs,wavelet,15.0,fixed10p0,0.4,0.5,0.0,0.15,vanilla,False,0,20,adjoint,0.007793506488380905,21.0826709869201,0.29908092908238937,14,0.004903170597077578,23.095229959888815,0.5539058502697521,10.0,none
val_images,none,test002.png,1,rot60_padded,60.0,True,0,878,878,154401.0,0.20029082894325256,blur,pnp_hqs,wavelet,15.0,fixed10p0,0.4,0.5,0.0,0.15,vanilla,False,0,20,adjoint,0.007793506488380905,21.0826709869201,0.29908092908238937,15,0.004940455167140878,23.06233037418192,0.5504241492121165,10.0,none
val_images,none,test002.png,1,rot60_padded,60.0,True,0,878,878,154401.0,0.20029082894325256,blur,pnp_hqs,wavelet,15.0,fixed10p0,0.4,0.5,0.0,0.15,vanilla,False,0,20,adjoint,0.007793506488380905,21.0826709869201,0.29908092908238937,16,0.004975207822412299,23.031887733621193,0.5471456021981723,10.0,none
val_images,none,test002.png,1,rot60_padded,60.0,True,0,878,878,154401.0,0.20029082894325256,blur,pnp_hqs,wavelet,15.0,fixed10p0,0.4,0.5,0.0,0.15,vanilla,False,0,20,adjoint,0.007793506488380905,21.0826709869201,0.29908092908238937,17,0.005007902135713176,23.003441666856112,0.5440189526784153,10.0,none
val_images,none,test002.png,1,rot60_padded,60.0,True,0,878,878,154401.0,0.20029082894325256,blur,pnp_hqs,wavelet,15.0,fixed10p0,0.4,0.5,0.0,0.15,vanilla,False,0,20,adjoint,0.007793506488380905,21.0826709869201,0.29908092908238937,18,0.005039297879132503,22.97629969201303,0.541000888109533,10.0,none
val_images,none,test002.png,1,rot60_padded,60.0,True,0,878,878,154401.0,0.20029082894325256,blur,pnp_hqs,wavelet,15.0,fixed10p0,0.4,0.5,0.0,0.15,vanilla,False,0,20,adjoint,0.007793506488380905,21.0826709869201,0.29908092908238937,19,0.005069772171594784,22.95011556809147,0.5380630731828162,10.0,none
val_images,none,test002.png,1,rot60_padded,60.0,True,0,878,878,154401.0,0.20029082894325256,blur,pnp_hqs,wavelet,15.0,fixed10p0,0.4,0.5,0.0,0.15,vanilla,False,0,20,adjoint,0.007793506488380905,21.0826709869201,0.29908092908238937,20,0.005099381146105555,22.924825260862338,0.5351802085154889,10.0,none
val_images,none,test002.png,1,rot60_padded,60.0,True,0,878,878,154401.0,0.20029082894325256,blur,pnp_hqs,wavelet,15.0,fixed10p0,0.4,0.5,0.0,0.15,G16_fixed,False,16,20,adjoint,0.007793506488380905,21.0826709869201,0.29908092908238937,1,0.00355009912487917,24.49759520526024,0.7022453404608778,10.0,0;22.5;45;67.5;90;112.5;135;157.5;180;202.5;225;247.5;270;292.5;315;337.5
val_images,none,test002.png,1,rot60_padded,60.0,True,0,878,878,154401.0,0.20029082894325256,blur,pnp_hqs,wavelet,15.0,fixed10p0,0.4,0.5,0.0,0.15,G16_fixed,False,16,20,adjoint,0.007793506488380905,21.0826709869201,0.29908092908238937,2,0.0033114047849759918,24.799877279956277,0.7085180694263639,10.0,0;22.5;45;67.5;90;112.5;135;157.5;180;202.5;225;247.5;270;292.5;315;337.5
val_images,none,test002.png,1,rot60_padded,60.0,True,0,878,878,154401.0,0.20029082894325256,blur,pnp_hqs,wavelet,15.0,fixed10p0,0.4,0.5,0.0,0.15,G16_fixed,False,16,20,adjoint,0.007793506488380905,21.0826709869201,0.29908092908238937,3,0.00321008253582089,24.934838011182563,0.7101460847080006,10.0,0;22.5;45;67.5;90;112.5;135;157.5;180;202.5;225;247.5;270;292.5;315;337.5
val_images,none,test002.png,1,rot60_padded,60.0,True,0,878,878,154401.0,0.20029082894325256,blur,pnp_hqs,wavelet,15.0,fixed10p0,0.4,0.5,0.0,0.15,G16_fixed,False,16,20,adjoint,0.007793506488380905,21.0826709869201,0.29908092908238937,4,0.0031618763408040387,25.00055119083318,0.7102973750170012,10.0,0;22.5;45;67.5;90;112.5;135;157.5;180;202.5;225;247.5;270;292.5;315;337.5
val_images,none,test002.png,1,rot60_padded,60.0,True,0,878,878,154401.0,0.20029082894325256,blur,pnp_hqs,wavelet,15.0,fixed10p0,0.4,0.5,0.0,0.15,G16_fixed,False,16,20,adjoint,0.007793506488380905,21.0826709869201,0.29908092908238937,5,0.003137364203665496,25.03435062921282,0.7100225225225225,10.0,0;22.5;45;67.5;90;112.5;135;157.5;180;202.5;225;247.5;270;292.5;315;337.5
val_images,none,test002.png,1,rot60_padded,60.0,True,0,878,878,154401.0,0.20029082894325256,blur,pnp_hqs,wavelet,15.0,fixed10p0,0.4,0.5,0.0,0.15,G16_fixed,False,16,20,adjoint,0.007793506488380905,21.0826709869201,0.29908092908238937,6,0.003124397281735647,25.052337487077885,0.709681689237764,10.0,0;22.5;45;67.5;90;112.5;135;157.5;180;202.5;225;247.5;270;292.5;315;337.5
val_images,none,test002.png,1,rot60_padded,60.0,True,0,878,878,154401.0,0.20029082894325256,blur,pnp_hqs,wavelet,15.0,fixed10p0,0.4,0.5,0.0,0.15,G16_fixed,False,16,20,adjoint,0.007793506488380905,21.0826709869201,0.29908092908238937,7,0.003117354368403945,25.062138260533878,0.7093876092123755,10.0,0;22.5;45;67.5;90;112.5;135;157.5;180;202.5;225;247.5;270;292.5;315;337.5
val_images,none,test002.png,1,rot60_padded,60.0,True,0,878,878,154401.0,0.20029082894325256,blur,pnp_hqs,wavelet,15.0,fixed10p0,0.4,0.5,0.0,0.15,G16_fixed,False,16,20,adjoint,0.007793506488380905,21.0826709869201,0.29908092908238937,8,0.0031134566822450145,25.067571722720587,0.7091646710513533,10.0,0;22.5;45;67.5;90;112.5;135;157.5;180;202.5;225;247.5;270;292.5;315;337.5
val_images,none,test002.png,1,rot60_padded,60.0,True,0,878,878,154401.0,0.20029082894325256,blur,pnp_hqs,wavelet,15.0,fixed10p0,0.4,0.5,0.0,0.15,G16_fixed,False,16,20,adjoint,0.007793506488380905,21.0826709869201,0.29908092908238937,9,0.003111270855103452,25.070621792620994,0.7090044753596155,10.0,0;22.5;45;67.5;90;112.5;135;157.5;180;202.5;225;247.5;270;292.5;315;337.5
val_images,none,test002.png,1,rot60_padded,60.0,True,0,878,878,154401.0,0.20029082894325256,blur,pnp_hqs,wavelet,15.0,fixed10p0,0.4,0.5,0.0,0.15,G16_fixed,False,16,20,adjoint,0.007793506488380905,21.0826709869201,0.29908092908238937,10,0.003110032964210279,25.07235007725975,0.7088941700507121,10.0,0;22.5;45;67.5;90;112.5;135;157.5;180;202.5;225;247.5;270;292.5;315;337.5
val_images,none,test002.png,1,rot60_padded,60.0,True,0,878,878,154401.0,0.20029082894325256,blur,pnp_hqs,wavelet,15.0,fixed10p0,0.4,0.5,0.0,0.15,G16_fixed,False,16,20,adjoint,0.007793506488380905,21.0826709869201,0.29908092908238937,11,0.0031093269533096855,25.073336084320523,0.7088199922604128,10.0,0;22.5;45;67.5;90;112.5;135;157.5;180;202.5;225;247.5;270;292.5;315;337.5
val_images,none,test002.png,1,rot60_padded,60.0,True,0,878,878,154401.0,0.20029082894325256,blur,pnp_hqs,wavelet,15.0,fixed10p0,0.4,0.5,0.0,0.15,G16_fixed,False,16,20,adjoint,0.007793506488380905,21.0826709869201,0.29908092908238937,12,0.0031089215702309854,25.073902339058392,0.7087701018775785,10.0,0;22.5;45;67.5;90;112.5;135;157.5;180;202.5;225;247.5;270;292.5;315;337.5
val_images,none,test002.png,1,rot60_padded,60.0,True,0,878,878,154401.0,0.20029082894325256,blur,pnp_hqs,wavelet,15.0,fixed10p0,0.4,0.5,0.0,0.15,G16_fixed,False,16,20,adjoint,0.007793506488380905,21.0826709869201,0.29908092908238937,13,0.0031086875509403074,25.07422925985598,0.7087377186676252,10.0,0;22.5;45;67.5;90;112.5;135;157.5;180;202.5;225;247.5;270;292.5;315;337.5
val_images,none,test002.png,1,rot60_padded,60.0,True,0,878,878,154401.0,0.20029082894325256,blur,pnp_hqs,wavelet,15.0,fixed10p0,0.4,0.5,0.0,0.15,G16_fixed,False,16,20,adjoint,0.007793506488380905,21.0826709869201,0.29908092908238937,14,0.003108551566757886,25.07441923865185,0.7087163153897967,10.0,0;22.5;45;67.5;90;112.5;135;157.5;180;202.5;225;247.5;270;292.5;315;337.5
val_images,none,test002.png,1,rot60_padded,60.0,True,0,878,878,154401.0,0.20029082894325256,blur,pnp_hqs,wavelet,15.0,fixed10p0,0.4,0.5,0.0,0.15,G16_fixed,False,16,20,adjoint,0.007793506488380905,21.0826709869201,0.29908092908238937,15,0.003108472506186711,25.074529695260658,0.7087028055193944,10.0,0;22.5;45;67.5;90;112.5;135;157.5;180;202.5;225;247.5;270;292.5;315;337.5
val_images,none,test002.png,1,rot60_padded,60.0,True,0,878,878,154401.0,0.20029082894325256,blur,pnp_hqs,wavelet,15.0,fixed10p0,0.4,0.5,0.0,0.15,G16_fixed,False,16,20,adjoint,0.007793506488380905,21.0826709869201,0.29908092908238937,16,0.0031084268487068575,25.07459348523192,0.7086938495378916,10.0,0;22.5;45;67.5;90;112.5;135;157.5;180;202.5;225;247.5;270;292.5;315;337.5
val_images,none,test002.png,1,rot60_padded,60.0,True,0,878,878,154401.0,0.20029082894325256,blur,pnp_hqs,wavelet,15.0,fixed10p0,0.4,0.5,0.0,0.15,G16_fixed,False,16,20,adjoint,0.007793506488380905,21.0826709869201,0.29908092908238937,17,0.003108399968112658,25.074631041670518,0.7086882836736809,10.0,0;22.5;45;67.5;90;112.5;135;157.5;180;202.5;225;247.5;270;292.5;315;337.5
val_images,none,test002.png,1,rot60_padded,60.0,True,0,878,878,154401.0,0.20029082894325256,blur,pnp_hqs,wavelet,15.0,fixed10p0,0.4,0.5,0.0,0.15,G16_fixed,False,16,20,adjoint,0.007793506488380905,21.0826709869201,0.29908092908238937,18,0.003108384353649851,25.074652857692065,0.7086846405625611,10.0,0;22.5;45;67.5;90;112.5;135;157.5;180;202.5;225;247.5;270;292.5;315;337.5
val_images,none,test002.png,1,rot60_padded,60.0,True,0,878,878,154401.0,0.20029082894325256,blur,pnp_hqs,wavelet,15.0,fixed10p0,0.4,0.5,0.0,0.15,G16_fixed,False,16,20,adjoint,0.007793506488380905,21.0826709869201,0.29908092908238937,19,0.0031083748663813097,25.074666113049812,0.7086821106242835,10.0,0;22.5;45;67.5;90;112.5;135;157.5;180;202.5;225;247.5;270;292.5;315;337.5
val_images,none,test002.png,1,rot60_padded,60.0,True,0,878,878,154401.0,0.20029082894325256,blur,pnp_hqs,wavelet,15.0,fixed10p0,0.4,0.5,0.0,0.15,G16_fixed,False,16,20,adjoint,0.007793506488380905,21.0826709869201,0.29908092908238937,20,0.0031083695297927554,25.074673569206325,0.7086808962539103,10.0,0;22.5;45;67.5;90;112.5;135;157.5;180;202.5;225;247.5;270;292.5;315;337.5
val_images,none,test002.png,1,rot65_padded,65.0,True,0,834,834,154398.0,0.2219778150320053,blur,pnp_hqs,wavelet,15.0,fixed10p0,0.4,0.5,0.0,0.15,vanilla,False,0,20,adjoint,0.007676137630355072,21.14857247124698,0.2986984378440783,1,0.0037958619044814374,24.206895958265733,0.6804508984086581,10.0,none
val_images,none,test002.png,1,rot65_padded,65.0,True,0,834,834,154398.0,0.2219778150320053,blur,pnp_hqs,wavelet,15.0,fixed10p0,0.4,0.5,0.0,0.15,vanilla,False,0,20,adjoint,0.007676137630355072,21.14857247124698,0.2986984378440783,2,0.0036523708999276626,24.374251260959035,0.6625545262892006,10.0,none
val_images,none,test002.png,1,rot65_padded,65.0,True,0,834,834,154398.0,0.2219778150320053,blur,pnp_hqs,wavelet,15.0,fixed10p0,0.4,0.5,0.0,0.15,vanilla,False,0,20,adjoint,0.007676137630355072,21.14857247124698,0.2986984378440783,3,0.0036805403334644877,24.340884186591225,0.6430601635060039,10.0,none
val_images,none,test002.png,1,rot65_padded,65.0,True,0,834,834,154398.0,0.2219778150320053,blur,pnp_hqs,wavelet,15.0,fixed10p0,0.4,0.5,0.0,0.15,vanilla,False,0,20,adjoint,0.007676137630355072,21.14857247124698,0.2986984378440783,4,0.0037572440181483082,24.251305983106196,0.6262319014818845,10.0,none
val_images,none,test002.png,1,rot65_padded,65.0,True,0,834,834,154398.0,0.2219778150320053,blur,pnp_hqs,wavelet,15.0,fixed10p0,0.4,0.5,0.0,0.15,vanilla,False,0,20,adjoint,0.007676137630355072,21.14857247124698,0.2986984378440783,5,0.0038471024515628846,24.148662479131065,0.6122779581827484,10.0,none
val_images,none,test002.png,1,rot65_padded,65.0,True,0,834,834,154398.0,0.2219778150320053,blur,pnp_hqs,wavelet,15.0,fixed10p0,0.4,0.5,0.0,0.15,vanilla,False,0,20,adjoint,0.007676137630355072,21.14857247124698,0.2986984378440783,6,0.003938052337369372,24.047185163137783,0.6006093019339629,10.0,none
val_images,none,test002.png,1,rot65_padded,65.0,True,0,834,834,154398.0,0.2219778150320053,blur,pnp_hqs,wavelet,15.0,fixed10p0,0.4,0.5,0.0,0.15,vanilla,False,0,20,adjoint,0.007676137630355072,21.14857247124698,0.2986984378440783,7,0.004026302252209995,23.95093625984927,0.5907613764427,10.0,none
val_images,none,test002.png,1,rot65_padded,65.0,True,0,834,834,154398.0,0.2219778150320053,blur,pnp_hqs,wavelet,15.0,fixed10p0,0.4,0.5,0.0,0.15,vanilla,False,0,20,adjoint,0.007676137630355072,21.14857247124698,0.2986984378440783,8,0.00411082517931033,23.860709920289963,0.5823397566678324,10.0,none
val_images,none,test002.png,1,rot65_padded,65.0,True,0,834,834,154398.0,0.2219778150320053,blur,pnp_hqs,wavelet,15.0,fixed10p0,0.4,0.5,0.0,0.15,vanilla,False,0,20,adjoint,0.007676137630355072,21.14857247124698,0.2986984378440783,9,0.004192166251900526,23.77561502538811,0.5749138387479112,10.0,none
val_images,none,test002.png,1,rot65_padded,65.0,True,0,834,834,154398.0,0.2219778150320053,blur,pnp_hqs,wavelet,15.0,fixed10p0,0.4,0.5,0.0,0.15,vanilla,False,0,20,adjoint,0.007676137630355072,21.14857247124698,0.2986984378440783,10,0.004272782720276898,23.692891913821992,0.5681985436987526,10.0,none
val_images,none,test002.png,1,rot65_padded,65.0,True,0,834,834,154398.0,0.2219778150320053,blur,pnp_hqs,wavelet,15.0,fixed10p0,0.4,0.5,0.0,0.15,vanilla,False,0,20,adjoint,0.007676137630355072,21.14857247124698,0.2986984378440783,11,0.004358152797857445,23.606975473566205,0.5618422538666304,10.0,none
val_images,none,test002.png,1,rot65_padded,65.0,True,0,834,834,154398.0,0.2219778150320053,blur,pnp_hqs,wavelet,15.0,fixed10p0,0.4,0.5,0.0,0.15,vanilla,False,0,20,adjoint,0.007676137630355072,21.14857247124698,0.2986984378440783,12,0.004467313849469998,23.49953535259324,0.5553893691142372,10.0,none
val_images,none,test002.png,1,rot65_padded,65.0,True,0,834,834,154398.0,0.2219778150320053,blur,pnp_hqs,wavelet,15.0,fixed10p0,0.4,0.5,0.0,0.15,vanilla,False,0,20,adjoint,0.007676137630355072,21.14857247124698,0.2986984378440783,13,0.004844688356527246,23.147341545045688,0.5478314870497027,10.0,none
val_images,none,test002.png,1,rot65_padded,65.0,True,0,834,834,154398.0,0.2219778150320053,blur,pnp_hqs,wavelet,15.0,fixed10p0,0.4,0.5,0.0,0.15,vanilla,False,0,20,adjoint,0.007676137630355072,21.14857247124698,0.2986984378440783,14,0.004904040280511851,23.094459712930302,0.5430214243383982,10.0,none
val_images,none,test002.png,1,rot65_padded,65.0,True,0,834,834,154398.0,0.2219778150320053,blur,pnp_hqs,wavelet,15.0,fixed10p0,0.4,0.5,0.0,0.15,vanilla,False,0,20,adjoint,0.007676137630355072,21.14857247124698,0.2986984378440783,15,0.00495606393776656,23.04863099463027,0.5385821059858288,10.0,none
val_images,none,test002.png,1,rot65_padded,65.0,True,0,834,834,154398.0,0.2219778150320053,blur,pnp_hqs,wavelet,15.0,fixed10p0,0.4,0.5,0.0,0.15,vanilla,False,0,20,adjoint,0.007676137630355072,21.14857247124698,0.2986984378440783,16,0.005002568664617984,23.008069415803,0.5344418827478336,10.0,none
val_images,none,test002.png,1,rot65_padded,65.0,True,0,834,834,154398.0,0.2219778150320053,blur,pnp_hqs,wavelet,15.0,fixed10p0,0.4,0.5,0.0,0.15,vanilla,False,0,20,adjoint,0.007676137630355072,21.14857247124698,0.2986984378440783,17,0.0050452400651947405,22.971181641131196,0.5305354809485874,10.0,none
val_images,none,test002.png,1,rot65_padded,65.0,True,0,834,834,154398.0,0.2219778150320053,blur,pnp_hqs,wavelet,15.0,fixed10p0,0.4,0.5,0.0,0.15,vanilla,False,0,20,adjoint,0.007676137630355072,21.14857247124698,0.2986984378440783,18,0.0050853154614767925,22.93682100965598,0.5268092142547183,10.0,none
val_images,none,test002.png,1,rot65_padded,65.0,True,0,834,834,154398.0,0.2219778150320053,blur,pnp_hqs,wavelet,15.0,fixed10p0,0.4,0.5,0.0,0.15,vanilla,False,0,20,adjoint,0.007676137630355072,21.14857247124698,0.2986984378440783,19,0.00512369655679842,22.904165986014895,0.5232274604431405,10.0,none
val_images,none,test002.png,1,rot65_padded,65.0,True,0,834,834,154398.0,0.2219778150320053,blur,pnp_hqs,wavelet,15.0,fixed10p0,0.4,0.5,0.0,0.15,vanilla,False,0,20,adjoint,0.007676137630355072,21.14857247124698,0.2986984378440783,20,0.005160976712275256,22.87268100579955,0.5197626932505602,10.0,none
val_images,none,test002.png,1,rot65_padded,65.0,True,0,834,834,154398.0,0.2219778150320053,blur,pnp_hqs,wavelet,15.0,fixed10p0,0.4,0.5,0.0,0.15,G16_fixed,False,16,20,adjoint,0.007676137630355072,21.14857247124698,0.2986984378440783,1,0.0035123847185925335,24.543979210087823,0.701672534213526,10.0,0;22.5;45;67.5;90;112.5;135;157.5;180;202.5;225;247.5;270;292.5;315;337.5
val_images,none,test002.png,1,rot65_padded,65.0,True,0,834,834,154398.0,0.2219778150320053,blur,pnp_hqs,wavelet,15.0,fixed10p0,0.4,0.5,0.0,0.15,G16_fixed,False,16,20,adjoint,0.007676137630355072,21.14857247124698,0.2986984378440783,2,0.003277780367325334,24.844201503549947,0.7067556837685721,10.0,0;22.5;45;67.5;90;112.5;135;157.5;180;202.5;225;247.5;270;292.5;315;337.5
val_images,none,test002.png,1,rot65_padded,65.0,True,0,834,834,154398.0,0.2219778150320053,blur,pnp_hqs,wavelet,15.0,fixed10p0,0.4,0.5,0.0,0.15,G16_fixed,False,16,20,adjoint,0.007676137630355072,21.14857247124698,0.2986984378440783,3,0.0031802289932107283,24.975416074032253,0.7075129090078887,10.0,0;22.5;45;67.5;90;112.5;135;157.5;180;202.5;225;247.5;270;292.5;315;337.5
val_images,none,test002.png,1,rot65_padded,65.0,True,0,834,834,154398.0,0.2219778150320053,blur,pnp_hqs,wavelet,15.0,fixed10p0,0.4,0.5,0.0,0.15,G16_fixed,False,16,20,adjoint,0.007676137630355072,21.14857247124698,0.2986984378440783,4,0.00313459869326655,25.03818051788876,0.7070799775579995,10.0,0;22.5;45;67.5;90;112.5;135;157.5;180;202.5;225;247.5;270;292.5;315;337.5
val_images,none,test002.png,1,rot65_padded,65.0,True,0,834,834,154398.0,0.2219778150320053,blur,pnp_hqs,wavelet,15.0,fixed10p0,0.4,0.5,0.0,0.15,G16_fixed,False,16,20,adjoint,0.007676137630355072,21.14857247124698,0.2986984378440783,5,0.003111721874850731,25.069992271114813,0.7064259758060337,10.0,0;22.5;45;67.5;90;112.5;135;157.5;180;202.5;225;247.5;270;292.5;315;337.5
val_images,none,test002.png,1,rot65_padded,65.0,True,0,834,834,154398.0,0.2219778150320053,blur,pnp_hqs,wavelet,15.0,fixed10p0,0.4,0.5,0.0,0.15,G16_fixed,False,16,20,adjoint,0.007676137630355072,21.14857247124698,0.2986984378440783,6,0.003099766102977876,25.086710752039146,0.705843167900491,10.0,0;22.5;45;67.5;90;112.5;135;157.5;180;202.5;225;247.5;270;292.5;315;337.5
val_images,none,test002.png,1,rot65_padded,65.0,True,0,834,834,154398.0,0.2219778150320053,blur,pnp_hqs,wavelet,15.0,fixed10p0,0.4,0.5,0.0,0.15,G16_fixed,False,16,20,adjoint,0.007676137630355072,21.14857247124698,0.2986984378440783,7,0.003093342504411286,25.095719909115836,0.7053959167217192,10.0,0;22.5;45;67.5;90;112.5;135;157.5;180;202.5;225;247.5;270;292.5;315;337.5
val_images,none,test002.png,1,rot65_padded,65.0,True,0,834,834,154398.0,0.2219778150320053,blur,pnp_hqs,wavelet,15.0,fixed10p0,0.4,0.5,0.0,0.15,G16_fixed,False,16,20,adjoint,0.007676137630355072,21.14857247124698,0.2986984378440783,8,0.0030898276007739534,25.10065751682378,0.7050753167139471,10.0,0;22.5;45;67.5;90;112.5;135;157.5;180;202.5;225;247.5;270;292.5;315;337.5
val_images,none,test002.png,1,rot65_padded,65.0,True,0,834,834,154398.0,0.2219778150320053,blur,pnp_hqs,wavelet,15.0,fixed10p0,0.4,0.5,0.0,0.15,G16_fixed,False,16,20,adjoint,0.007676137630355072,21.14857247124698,0.2986984378440783,9,0.0030878783245173393,25.103398210409026,0.7048544994106142,10.0,0;22.5;45;67.5;90;112.5;135;157.5;180;202.5;225;247.5;270;292.5;315;337.5
val_images,none,test002.png,1,rot65_padded,65.0,True,0,834,834,154398.0,0.2219778150320053,blur,pnp_hqs,wavelet,15.0,fixed10p0,0.4,0.5,0.0,0.15,G16_fixed,False,16,20,adjoint,0.007676137630355072,21.14857247124698,0.2986984378440783,10,0.0030867874650912334,25.104932720131043,0.7047056349499345,10.0,0;22.5;45;67.5;90;112.5;135;157.5;180;202.5;225;247.5;270;292.5;315;337.5
val_images,none,test002.png,1,rot65_padded,65.0,True,0,834,834,154398.0,0.2219778150320053,blur,pnp_hqs,wavelet,15.0,fixed10p0,0.4,0.5,0.0,0.15,G16_fixed,False,16,20,adjoint,0.007676137630355072,21.14857247124698,0.2986984378440783,11,0.0030861715712750086,25.10579933623893,0.7046071678389616,10.0,0;22.5;45;67.5;90;112.5;135;157.5;180;202.5;225;247.5;270;292.5;315;337.5
val_images,none,test002.png,1,rot65_padded,65.0,True,0,834,834,154398.0,0.2219778150320053,blur,pnp_hqs,wavelet,15.0,fixed10p0,0.4,0.5,0.0,0.15,G16_fixed,False,16,20,adjoint,0.007676137630355072,21.14857247124698,0.2986984378440783,12,0.0030858229073816128,25.10629001329843,0.7045427037591161,10.0,0;22.5;45;67.5;90;112.5;135;157.5;180;202.5;225;247.5;270;292.5;315;337.5
val_images,none,test002.png,1,rot65_padded,65.0,True,0,834,834,154398.0,0.2219778150320053,blur,pnp_hqs,wavelet,15.0,fixed10p0,0.4,0.5,0.0,0.15,G16_fixed,False,16,20,adjoint,0.007676137630355072,21.14857247124698,0.2986984378440783,13,0.0030856244614921743,25.10656931230114,0.7045009083666887,10.0,0;22.5;45;67.5;90;112.5;135;157.5;180;202.5;225;247.5;270;292.5;315;337.5
val_images,none,test002.png,1,rot65_padded,65.0,True,0,834,834,154398.0,0.2219778150320053,blur,pnp_hqs,wavelet,15.0,fixed10p0,0.4,0.5,0.0,0.15,G16_fixed,False,16,20,adjoint,0.007676137630355072,21.14857247124698,0.2986984378440783,14,0.0030855112050234015,25.106728721078035,0.7044736351021387,10.0,0;22.5;45;67.5;90;112.5;135;157.5;180;202.5;225;247.5;270;292.5;315;337.5
val_images,none,test002.png,1,rot65_padded,65.0,True,0,834,834,154398.0,0.2219778150320053,blur,pnp_hqs,wavelet,15.0,fixed10p0,0.4,0.5,0.0,0.15,G16_fixed,False,16,20,adjoint,0.007676137630355072,21.14857247124698,0.2986984378440783,15,0.0030854461764401094,25.10682025162393,0.7044561275890879,10.0,0;22.5;45;67.5;90;112.5;135;157.5;180;202.5;225;247.5;270;292.5;315;337.5
val_images,none,test002.png,1,rot65_padded,65.0,True,0,834,834,154398.0,0.2219778150320053,blur,pnp_hqs,wavelet,15.0,fixed10p0,0.4,0.5,0.0,0.15,G16_fixed,False,16,20,adjoint,0.007676137630355072,21.14857247124698,0.2986984378440783,16,0.0030854088195943884,25.106872833873773,0.704445096843871,10.0,0;22.5;45;67.5;90;112.5;135;157.5;180;202.5;225;247.5;270;292.5;315;337.5
val_images,none,test002.png,1,rot65_padded,65.0,True,0,834,834,154398.0,0.2219778150320053,blur,pnp_hqs,wavelet,15.0,fixed10p0,0.4,0.5,0.0,0.15,G16_fixed,False,16,20,adjoint,0.007676137630355072,21.14857247124698,0.2986984378440783,17,0.0030853880657912103,25.106902046509894,0.7044379116795554,10.0,0;22.5;45;67.5;90;112.5;135;157.5;180;202.5;225;247.5;270;292.5;315;337.5
val_images,none,test002.png,1,rot65_padded,65.0,True,0,834,834,154398.0,0.2219778150320053,blur,pnp_hqs,wavelet,15.0,fixed10p0,0.4,0.5,0.0,0.15,G16_fixed,False,16,20,adjoint,0.007676137630355072,21.14857247124698,0.2986984378440783,18,0.003085375415854035,25.106919852403532,0.704433408301921,10.0,0;22.5;45;67.5;90;112.5;135;157.5;180;202.5;225;247.5;270;292.5;315;337.5
val_images,none,test002.png,1,rot65_padded,65.0,True,0,834,834,154398.0,0.2219778150320053,blur,pnp_hqs,wavelet,15.0,fixed10p0,0.4,0.5,0.0,0.15,G16_fixed,False,16,20,adjoint,0.007676137630355072,21.14857247124698,0.2986984378440783,19,0.0030853683002643735,25.106929868250788,0.7044303217172502,10.0,0;22.5;45;67.5;90;112.5;135;157.5;180;202.5;225;247.5;270;292.5;315;337.5
val_images,none,test002.png,1,rot65_padded,65.0,True,0,834,834,154398.0,0.2219778150320053,blur,pnp_hqs,wavelet,15.0,fixed10p0,0.4,0.5,0.0,0.15,G16_fixed,False,16,20,adjoint,0.007676137630355072,21.14857247124698,0.2986984378440783,20,0.0030853645448142746,25.106935154401707,0.7044286013257943,10.0,0;22.5;45;67.5;90;112.5;135;157.5;180;202.5;225;247.5;270;292.5;315;337.5
val_images,none,test002.png,1,rot70_padded,70.0,True,0,788,788,154399.0,0.24865205585956573,blur,pnp_hqs,wavelet,15.0,fixed10p0,0.4,0.5,0.0,0.15,vanilla,False,0,20,adjoint,0.0076478439498171135,21.16460982189167,0.29860056675399455,1,0.003804596553865715,24.19691389805251,0.6810072846974398,10.0,none
val_images,none,test002.png,1,rot70_padded,70.0,True,0,788,788,154399.0,0.24865205585956573,blur,pnp_hqs,wavelet,15.0,fixed10p0,0.4,0.5,0.0,0.15,vanilla,False,0,20,adjoint,0.0076478439498171135,21.16460982189167,0.29860056675399455,2,0.0036344832770684636,24.395573250716623,0.6645445100842622,10.0,none
val_images,none,test002.png,1,rot70_padded,70.0,True,0,788,788,154399.0,0.24865205585956573,blur,pnp_hqs,wavelet,15.0,fixed10p0,0.4,0.5,0.0,0.15,vanilla,False,0,20,adjoint,0.0076478439498171135,21.16460982189167,0.29860056675399455,3,0.003635384183946706,24.394496865514196,0.6462648114625095,10.0,none
val_images,none,test002.png,1,rot70_padded,70.0,True,0,788,788,154399.0,0.24865205585956573,blur,pnp_hqs,wavelet,15.0,fixed10p0,0.4,0.5,0.0,0.15,vanilla,False,0,20,adjoint,0.0076478439498171135,21.16460982189167,0.29860056675399455,4,0.0036887875244041007,24.331163595838177,0.6300245225033841,10.0,none
val_images,none,test002.png,1,rot70_padded,70.0,True,0,788,788,154399.0,0.24865205585956573,blur,pnp_hqs,wavelet,15.0,fixed10p0,0.4,0.5,0.0,0.15,vanilla,False,0,20,adjoint,0.0076478439498171135,21.16460982189167,0.29860056675399455,5,0.0037583162678352837,24.25006676179011,0.616127846925822,10.0,none
val_images,none,test002.png,1,rot70_padded,70.0,True,0,788,788,154399.0,0.24865205585956573,blur,pnp_hqs,wavelet,15.0,fixed10p0,0.4,0.5,0.0,0.15,vanilla,False,0,20,adjoint,0.0076478439498171135,21.16460982189167,0.29860056675399455,6,0.0038306414198916038,24.167284997138566,0.604289758191439,10.0,none
val_images,none,test002.png,1,rot70_padded,70.0,True,0,788,788,154399.0,0.24865205585956573,blur,pnp_hqs,wavelet,15.0,fixed10p0,0.4,0.5,0.0,0.15,vanilla,False,0,20,adjoint,0.0076478439498171135,21.16460982189167,0.29860056675399455,7,0.0039009647323553745,24.088279760180438,0.5940663981793923,10.0,none
val_images,none,test002.png,1,rot70_padded,70.0,True,0,788,788,154399.0,0.24865205585956573,blur,pnp_hqs,wavelet,15.0,fixed10p0,0.4,0.5,0.0,0.15,vanilla,False,0,20,adjoint,0.0076478439498171135,21.16460982189167,0.29860056675399455,8,0.003967252740995934,24.015101311307262,0.5851064551098129,10.0,none
val_images,none,test002.png,1,rot70_padded,70.0,True,0,788,788,154399.0,0.24865205585956573,blur,pnp_hqs,wavelet,15.0,fixed10p0,0.4,0.5,0.0,0.15,vanilla,False,0,20,adjoint,0.0076478439498171135,21.16460982189167,0.29860056675399455,9,0.004029552487462475,23.94743182895461,0.5771010701170345,10.0,none
val_images,none,test002.png,1,rot70_padded,70.0,True,0,788,788,154399.0,0.24865205585956573,blur,pnp_hqs,wavelet,15.0,fixed10p0,0.4,0.5,0.0,0.15,vanilla,False,0,20,adjoint,0.0076478439498171135,21.16460982189167,0.29860056675399455,10,0.004089001272803135,23.883827542607065,0.5698058479977202,10.0,none
val_images,none,test002.png,1,rot70_padded,70.0,True,0,788,788,154399.0,0.24865205585956573,blur,pnp_hqs,wavelet,15.0,fixed10p0,0.4,0.5,0.0,0.15,vanilla,False,0,20,adjoint,0.0076478439498171135,21.16460982189167,0.29860056675399455,11,0.004146101138147956,23.823601081264236,0.5630534564666869,10.0,none
val_images,none,test002.png,1,rot70_padded,70.0,True,0,788,788,154399.0,0.24865205585956573,blur,pnp_hqs,wavelet,15.0,fixed10p0,0.4,0.5,0.0,0.15,vanilla,False,0,20,adjoint,0.0076478439498171135,21.16460982189167,0.29860056675399455,12,0.004201787382169128,23.76565927438613,0.5566888082986289,10.0,none
val_images,none,test002.png,1,rot70_padded,70.0,True,0,788,788,154399.0,0.24865205585956573,blur,pnp_hqs,wavelet,15.0,fixed10p0,0.4,0.5,0.0,0.15,vanilla,False,0,20,adjoint,0.0076478439498171135,21.16460982189167,0.29860056675399455,13,0.004256568766232294,23.709403460484246,0.5506188005589414,10.0,none
val_images,none,test002.png,1,rot70_padded,70.0,True,0,788,788,154399.0,0.24865205585956573,blur,pnp_hqs,wavelet,15.0,fixed10p0,0.4,0.5,0.0,0.15,vanilla,False,0,20,adjoint,0.0076478439498171135,21.16460982189167,0.29860056675399455,14,0.004310970654638105,23.654249334374867,0.5447711266750432,10.0,none
val_images,none,test002.png,1,rot70_padded,70.0,True,0,788,788,154399.0,0.24865205585956573,blur,pnp_hqs,wavelet,15.0,fixed10p0,0.4,0.5,0.0,0.15,vanilla,False,0,20,adjoint,0.0076478439498171135,21.16460982189167,0.29860056675399455,15,0.0043654500234072925,23.599709793104577,0.539086079330177,10.0,none
val_images,none,test002.png,1,rot70_padded,70.0,True,0,788,788,154399.0,0.24865205585956573,blur,pnp_hqs,wavelet,15.0,fixed10p0,0.4,0.5,0.0,0.15,vanilla,False,0,20,adjoint,0.0076478439498171135,21.16460982189167,0.29860056675399455,16,0.0044203318156964665,23.545451287692014,0.5335299593099696,10.0,none
val_images,none,test002.png,1,rot70_padded,70.0,True,0,788,788,154399.0,0.24865205585956573,blur,pnp_hqs,wavelet,15.0,fixed10p0,0.4,0.5,0.0,0.15,vanilla,False,0,20,adjoint,0.0076478439498171135,21.16460982189167,0.29860056675399455,17,0.004475932277886758,23.491164930915392,0.5280757465236173,10.0,none
val_images,none,test002.png,1,rot70_padded,70.0,True,0,788,788,154399.0,0.24865205585956573,blur,pnp_hqs,wavelet,15.0,fixed10p0,0.4,0.5,0.0,0.15,vanilla,False,0,20,adjoint,0.0076478439498171135,21.16460982189167,0.29860056675399455,18,0.0045325344504892765,23.436588862726012,0.5227017338195196,10.0,none
val_images,none,test002.png,1,rot70_padded,70.0,True,0,788,788,154399.0,0.24865205585956573,blur,pnp_hqs,wavelet,15.0,fixed10p0,0.4,0.5,0.0,0.15,vanilla,False,0,20,adjoint,0.0076478439498171135,21.16460982189167,0.29860056675399455,19,0.0045900640156044566,23.381812575063332,0.5173975989157961,10.0,none
val_images,none,test002.png,1,rot70_padded,70.0,True,0,788,788,154399.0,0.24865205585956573,blur,pnp_hqs,wavelet,15.0,fixed10p0,0.4,0.5,0.0,0.15,vanilla,False,0,20,adjoint,0.0076478439498171135,21.16460982189167,0.29860056675399455,20,0.004648694513433944,23.326689923174605,0.5121565614900355,10.0,none
val_images,none,test002.png,1,rot70_padded,70.0,True,0,788,788,154399.0,0.24865205585956573,blur,pnp_hqs,wavelet,15.0,fixed10p0,0.4,0.5,0.0,0.15,G16_fixed,False,16,20,adjoint,0.0076478439498171135,21.16460982189167,0.29860056675399455,1,0.003562423376664316,24.48254468021958,0.6973195260331997,10.0,0;22.5;45;67.5;90;112.5;135;157.5;180;202.5;225;247.5;270;292.5;315;337.5
val_images,none,test002.png,1,rot70_padded,70.0,True,0,788,788,154399.0,0.24865205585956573,blur,pnp_hqs,wavelet,15.0,fixed10p0,0.4,0.5,0.0,0.15,G16_fixed,False,16,20,adjoint,0.0076478439498171135,21.16460982189167,0.29860056675399455,2,0.0033383189364487465,24.764721740309604,0.6995779805892525,10.0,0;22.5;45;67.5;90;112.5;135;157.5;180;202.5;225;247.5;270;292.5;315;337.5
val_images,none,test002.png,1,rot70_padded,70.0,True,0,788,788,154399.0,0.24865205585956573,blur,pnp_hqs,wavelet,15.0,fixed10p0,0.4,0.5,0.0,0.15,G16_fixed,False,16,20,adjoint,0.0076478439498171135,21.16460982189167,0.29860056675399455,3,0.0032465738847432223,24.88574709109983,0.6987729438014495,10.0,0;22.5;45;67.5;90;112.5;135;157.5;180;202.5;225;247.5;270;292.5;315;337.5
val_images,none,test002.png,1,rot70_padded,70.0,True,0,788,788,154399.0,0.24865205585956573,blur,pnp_hqs,wavelet,15.0,fixed10p0,0.4,0.5,0.0,0.15,G16_fixed,False,16,20,adjoint,0.0076478439498171135,21.16460982189167,0.29860056675399455,4,0.003203780215064743,24.943372849281804,0.6974138433539078,10.0,0;22.5;45;67.5;90;112.5;135;157.5;180;202.5;225;247.5;270;292.5;315;337.5
val_images,none,test002.png,1,rot70_padded,70.0,True,0,788,788,154399.0,0.24865205585956573,blur,pnp_hqs,wavelet,15.0,fixed10p0,0.4,0.5,0.0,0.15,G16_fixed,False,16,20,adjoint,0.0076478439498171135,21.16460982189167,0.29860056675399455,5,0.003182132359660482,24.972817599896686,0.6961548791604868,10.0,0;22.5;45;67.5;90;112.5;135;157.5;180;202.5;225;247.5;270;292.5;315;337.5
val_images,none,test002.png,1,rot70_padded,70.0,True,0,788,788,154399.0,0.24865205585956573,blur,pnp_hqs,wavelet,15.0,fixed10p0,0.4,0.5,0.0,0.15,G16_fixed,False,16,20,adjoint,0.0076478439498171135,21.16460982189167,0.29860056675399455,6,0.003170599447102657,24.98858620445607,0.6951430931385566,10.0,0;22.5;45;67.5;90;112.5;135;157.5;180;202.5;225;247.5;270;292.5;315;337.5
val_images,none,test002.png,1,rot70_padded,70.0,True,0,788,788,154399.0,0.24865205585956573,blur,pnp_hqs,wavelet,15.0,fixed10p0,0.4,0.5,0.0,0.15,G16_fixed,False,16,20,adjoint,0.0076478439498171135,21.16460982189167,0.29860056675399455,7,0.0031642039570062793,24.997355306903003,0.6943769167060667,10.0,0;22.5;45;67.5;90;112.5;135;157.5;180;202.5;225;247.5;270;292.5;315;337.5
val_images,none,test002.png,1,rot70_padded,70.0,True,0,788,788,154399.0,0.24865205585956573,blur,pnp_hqs,wavelet,15.0,fixed10p0,0.4,0.5,0.0,0.15,G16_fixed,False,16,20,adjoint,0.0076478439498171135,21.16460982189167,0.29860056675399455,8,0.0031605398473729183,25.002387298149134,0.6938149595366551,10.0,0;22.5;45;67.5;90;112.5;135;157.5;180;202.5;225;247.5;270;292.5;315;337.5
val_images,none,test002.png,1,rot70_padded,70.0,True,0,788,788,154399.0,0.24865205585956573,blur,pnp_hqs,wavelet,15.0,fixed10p0,0.4,0.5,0.0,0.15,G16_fixed,False,16,20,adjoint,0.0076478439498171135,21.16460982189167,0.29860056675399455,9,0.0031583883837112974,25.005344663063546,0.6934102147682304,10.0,0;22.5;45;67.5;90;112.5;135;157.5;180;202.5;225;247.5;270;292.5;315;337.5
val_images,none,test002.png,1,rot70_padded,70.0,True,0,788,788,154399.0,0.24865205585956573,blur,pnp_hqs,wavelet,15.0,fixed10p0,0.4,0.5,0.0,0.15,G16_fixed,False,16,20,adjoint,0.0076478439498171135,21.16460982189167,0.29860056675399455,10,0.0031570984937842658,25.00711868966269,0.6931212414750095,10.0,0;22.5;45;67.5;90;112.5;135;157.5;180;202.5;225;247.5;270;292.5;315;337.5
val_images,none,test002.png,1,rot70_padded,70.0,True,0,788,788,154399.0,0.24865205585956573,blur,pnp_hqs,wavelet,15.0,fixed10p0,0.4,0.5,0.0,0.15,G16_fixed,False,16,20,adjoint,0.0076478439498171135,21.16460982189167,0.29860056675399455,11,0.003156311040295254,25.00820205580569,0.6929166174165636,10.0,0;22.5;45;67.5;90;112.5;135;157.5;180;202.5;225;247.5;270;292.5;315;337.5
val_images,none,test002.png,1,rot70_padded,70.0,True,0,788,788,154399.0,0.24865205585956573,blur,pnp_hqs,wavelet,15.0,fixed10p0,0.4,0.5,0.0,0.15,G16_fixed,False,16,20,adjoint,0.0076478439498171135,21.16460982189167,0.29860056675399455,12,0.003155823823214326,25.008872496772913,0.6927720548708217,10.0,0;22.5;45;67.5;90;112.5;135;157.5;180;202.5;225;247.5;270;292.5;315;337.5
val_images,none,test002.png,1,rot70_padded,70.0,True,0,788,788,154399.0,0.24865205585956573,blur,pnp_hqs,wavelet,15.0,fixed10p0,0.4,0.5,0.0,0.15,G16_fixed,False,16,20,adjoint,0.0076478439498171135,21.16460982189167,0.29860056675399455,13,0.003155519436072489,25.009291404922045,0.6926709066282812,10.0,0;22.5;45;67.5;90;112.5;135;157.5;180;202.5;225;247.5;270;292.5;315;337.5
val_images,none,test002.png,1,rot70_padded,70.0,True,0,788,788,154399.0,0.24865205585956573,blur,pnp_hqs,wavelet,15.0,fixed10p0,0.4,0.5,0.0,0.15,G16_fixed,False,16,20,adjoint,0.0076478439498171135,21.16460982189167,0.29860056675399455,14,0.0031553267234339885,25.00955664363459,0.6925996626435404,10.0,0;22.5;45;67.5;90;112.5;135;157.5;180;202.5;225;247.5;270;292.5;315;337.5
val_images,none,test002.png,1,rot70_padded,70.0,True,0,788,788,154399.0,0.24865205585956573,blur,pnp_hqs,wavelet,15.0,fixed10p0,0.4,0.5,0.0,0.15,G16_fixed,False,16,20,adjoint,0.0076478439498171135,21.16460982189167,0.29860056675399455,15,0.003155203782653324,25.009725860795015,0.6925493668190856,10.0,0;22.5;45;67.5;90;112.5;135;157.5;180;202.5;225;247.5;270;292.5;315;337.5
val_images,none,test002.png,1,rot70_padded,70.0,True,0,788,788,154399.0,0.24865205585956573,blur,pnp_hqs,wavelet,15.0,fixed10p0,0.4,0.5,0.0,0.15,G16_fixed,False,16,20,adjoint,0.0076478439498171135,21.16460982189167,0.29860056675399455,16,0.0031551243257500654,25.009835229734453,0.6925147568151349,10.0,0;22.5;45;67.5;90;112.5;135;157.5;180;202.5;225;247.5;270;292.5;315;337.5
val_images,none,test002.png,1,rot70_padded,70.0,True,0,788,788,154399.0,0.24865205585956573,blur,pnp_hqs,wavelet,15.0,fixed10p0,0.4,0.5,0.0,0.15,G16_fixed,False,16,20,adjoint,0.0076478439498171135,21.16460982189167,0.29860056675399455,17,0.0031550725404051556,25.009906511471026,0.6924901148971172,10.0,0;22.5;45;67.5;90;112.5;135;157.5;180;202.5;225;247.5;270;292.5;315;337.5
val_images,none,test002.png,1,rot70_padded,70.0,True,0,788,788,154399.0,0.24865205585956573,blur,pnp_hqs,wavelet,15.0,fixed10p0,0.4,0.5,0.0,0.15,G16_fixed,False,16,20,adjoint,0.0076478439498171135,21.16460982189167,0.29860056675399455,18,0.0031550395321891253,25.009951947386952,0.6924728098951418,10.0,0;22.5;45;67.5;90;112.5;135;157.5;180;202.5;225;247.5;270;292.5;315;337.5
val_images,none,test002.png,1,rot70_padded,70.0,True,0,788,788,154399.0,0.24865205585956573,blur,pnp_hqs,wavelet,15.0,fixed10p0,0.4,0.5,0.0,0.15,G16_fixed,False,16,20,adjoint,0.0076478439498171135,21.16460982189167,0.29860056675399455,19,0.003155018185558399,25.009981331346168,0.6924606154346855,10.0,0;22.5;45;67.5;90;112.5;135;157.5;180;202.5;225;247.5;270;292.5;315;337.5
val_images,none,test002.png,1,rot70_padded,70.0,True,0,788,788,154399.0,0.24865205585956573,blur,pnp_hqs,wavelet,15.0,fixed10p0,0.4,0.5,0.0,0.15,G16_fixed,False,16,20,adjoint,0.0076478439498171135,21.16460982189167,0.29860056675399455,20,0.0031550035591632716,25.01000146491448,0.6924522665302236,10.0,0;22.5;45;67.5;90;112.5;135;157.5;180;202.5;225;247.5;270;292.5;315;337.5
val_images,none,test002.png,1,rot75_padded,75.0,True,0,740,740,154404.0,0.2819649279117584,blur,pnp_hqs,wavelet,15.0,fixed10p0,0.4,0.5,0.0,0.15,vanilla,False,0,20,adjoint,0.007568964176618238,21.209635502435184,0.3013989224291469,1,0.0038069613390440014,24.194215335678525,0.6813368865120074,10.0,none
val_images,none,test002.png,1,rot75_padded,75.0,True,0,740,740,154404.0,0.2819649279117584,blur,pnp_hqs,wavelet,15.0,fixed10p0,0.4,0.5,0.0,0.15,vanilla,False,0,20,adjoint,0.007568964176618238,21.209635502435184,0.3013989224291469,2,0.003638907129389459,24.390290281478585,0.6647656573825808,10.0,none
val_images,none,test002.png,1,rot75_padded,75.0,True,0,740,740,154404.0,0.2819649279117584,blur,pnp_hqs,wavelet,15.0,fixed10p0,0.4,0.5,0.0,0.15,vanilla,False,0,20,adjoint,0.007568964176618238,21.209635502435184,0.3013989224291469,3,0.003639753061064642,24.389280800473454,0.6459823944004042,10.0,none
val_images,none,test002.png,1,rot75_padded,75.0,True,0,740,740,154404.0,0.2819649279117584,blur,pnp_hqs,wavelet,15.0,fixed10p0,0.4,0.5,0.0,0.15,vanilla,False,0,20,adjoint,0.007568964176618238,21.209635502435184,0.3013989224291469,4,0.003692244702690466,24.327095239228083,0.6288768526884019,10.0,none
val_images,none,test002.png,1,rot75_padded,75.0,True,0,740,740,154404.0,0.2819649279117584,blur,pnp_hqs,wavelet,15.0,fixed10p0,0.4,0.5,0.0,0.15,vanilla,False,0,20,adjoint,0.007568964176618238,21.209635502435184,0.3013989224291469,5,0.003761206317795969,24.246728430671716,0.6139556678421544,10.0,none
val_images,none,test002.png,1,rot75_padded,75.0,True,0,740,740,154404.0,0.2819649279117584,blur,pnp_hqs,wavelet,15.0,fixed10p0,0.4,0.5,0.0,0.15,vanilla,False,0,20,adjoint,0.007568964176618238,21.209635502435184,0.3013989224291469,6,0.003834763239314558,24.16261444500752,0.6008943056850858,10.0,none
val_images,none,test002.png,1,rot75_padded,75.0,True,0,740,740,154404.0,0.2819649279117584,blur,pnp_hqs,wavelet,15.0,fixed10p0,0.4,0.5,0.0,0.15,vanilla,False,0,20,adjoint,0.007568964176618238,21.209635502435184,0.3013989224291469,7,0.003908374316272166,24.080038493272017,0.5893527491191938,10.0,none
val_images,none,test002.png,1,rot75_padded,75.0,True,0,740,740,154404.0,0.2819649279117584,blur,pnp_hqs,wavelet,15.0,fixed10p0,0.4,0.5,0.0,0.15,vanilla,False,0,20,adjoint,0.007568964176618238,21.209635502435184,0.3013989224291469,8,0.003981135903898013,23.9999299666721,0.5789705395423693,10.0,none
val_images,none,test002.png,1,rot75_padded,75.0,True,0,740,740,154404.0,0.2819649279117584,blur,pnp_hqs,wavelet,15.0,fixed10p0,0.4,0.5,0.0,0.15,vanilla,False,0,20,adjoint,0.007568964176618238,21.209635502435184,0.3013989224291469,9,0.004052240809444096,23.923047540557757,0.5694891728841222,10.0,none
val_images,none,test002.png,1,rot75_padded,75.0,True,0,740,740,154404.0,0.2819649279117584,blur,pnp_hqs,wavelet,15.0,fixed10p0,0.4,0.5,0.0,0.15,vanilla,False,0,20,adjoint,0.007568964176618238,21.209635502435184,0.3013989224291469,10,0.004121801692035383,23.84912906813603,0.5607163775711769,10.0,none
val_images,none,test002.png,1,rot75_padded,75.0,True,0,740,740,154404.0,0.2819649279117584,blur,pnp_hqs,wavelet,15.0,fixed10p0,0.4,0.5,0.0,0.15,vanilla,False,0,20,adjoint,0.007568964176618238,21.209635502435184,0.3013989224291469,11,0.004190452209837909,23.77739107907185,0.5525103786171343,10.0,none
val_images,none,test002.png,1,rot75_padded,75.0,True,0,740,740,154404.0,0.2819649279117584,blur,pnp_hqs,wavelet,15.0,fixed10p0,0.4,0.5,0.0,0.15,vanilla,False,0,20,adjoint,0.007568964176618238,21.209635502435184,0.3013989224291469,12,0.004258030687124969,23.707912129773074,0.5447786832756923,10.0,none
val_images,none,test002.png,1,rot75_padded,75.0,True,0,740,740,154404.0,0.2819649279117584,blur,pnp_hqs,wavelet,15.0,fixed10p0,0.4,0.5,0.0,0.15,vanilla,False,0,20,adjoint,0.007568964176618238,21.209635502435184,0.3013989224291469,13,0.004324926884939429,23.64021230103387,0.5374271290737287,10.0,none
val_images,none,test002.png,1,rot75_padded,75.0,True,0,740,740,154404.0,0.2819649279117584,blur,pnp_hqs,wavelet,15.0,fixed10p0,0.4,0.5,0.0,0.15,vanilla,False,0,20,adjoint,0.007568964176618238,21.209635502435184,0.3013989224291469,14,0.004391731374273213,23.573642319092116,0.5303850815069557,10.0,none
val_images,none,test002.png,1,rot75_padded,75.0,True,0,740,740,154404.0,0.2819649279117584,blur,pnp_hqs,wavelet,15.0,fixed10p0,0.4,0.5,0.0,0.15,vanilla,False,0,20,adjoint,0.007568964176618238,21.209635502435184,0.3013989224291469,15,0.00445889637280689,23.507726207746597,0.5236063953977876,10.0,none
val_images,none,test002.png,1,rot75_padded,75.0,True,0,740,740,154404.0,0.2819649279117584,blur,pnp_hqs,wavelet,15.0,fixed10p0,0.4,0.5,0.0,0.15,vanilla,False,0,20,adjoint,0.007568964176618238,21.209635502435184,0.3013989224291469,16,0.004526597786893474,23.442280932434436,0.517054893331779,10.0,none
val_images,none,test002.png,1,rot75_padded,75.0,True,0,740,740,154404.0,0.2819649279117584,blur,pnp_hqs,wavelet,15.0,fixed10p0,0.4,0.5,0.0,0.15,vanilla,False,0,20,adjoint,0.007568964176618238,21.209635502435184,0.3013989224291469,17,0.004594906374369349,23.37723333354912,0.5107074521223544,10.0,none
val_images,none,test002.png,1,rot75_padded,75.0,True,0,740,740,154404.0,0.2819649279117584,blur,pnp_hqs,wavelet,15.0,fixed10p0,0.4,0.5,0.0,0.15,vanilla,False,0,20,adjoint,0.007568964176618238,21.209635502435184,0.3013989224291469,18,0.004663871942426605,23.312533826617784,0.5045465143390068,10.0,none
val_images,none,test002.png,1,rot75_padded,75.0,True,0,740,740,154404.0,0.2819649279117584,blur,pnp_hqs,wavelet,15.0,fixed10p0,0.4,0.5,0.0,0.15,vanilla,False,0,20,adjoint,0.007568964176618238,21.209635502435184,0.3013989224291469,19,0.004733615846684064,23.248069898448,0.49855846917825963,10.0,none
val_images,none,test002.png,1,rot75_padded,75.0,True,0,740,740,154404.0,0.2819649279117584,blur,pnp_hqs,wavelet,15.0,fixed10p0,0.4,0.5,0.0,0.15,vanilla,False,0,20,adjoint,0.007568964176618238,21.209635502435184,0.3013989224291469,20,0.0048040949999676175,23.18388413102233,0.4927368401239605,10.0,none
val_images,none,test002.png,1,rot75_padded,75.0,True,0,740,740,154404.0,0.2819649279117584,blur,pnp_hqs,wavelet,15.0,fixed10p0,0.4,0.5,0.0,0.15,G16_fixed,False,16,20,adjoint,0.007568964176618238,21.209635502435184,0.3013989224291469,1,0.0035625175226445317,24.482429908517528,0.6964801450253879,10.0,0;22.5;45;67.5;90;112.5;135;157.5;180;202.5;225;247.5;270;292.5;315;337.5
val_images,none,test002.png,1,rot75_padded,75.0,True,0,740,740,154404.0,0.2819649279117584,blur,pnp_hqs,wavelet,15.0,fixed10p0,0.4,0.5,0.0,0.15,G16_fixed,False,16,20,adjoint,0.007568964176618238,21.209635502435184,0.3013989224291469,2,0.0033403580764585113,24.762069756152037,0.6978460827601617,10.0,0;22.5;45;67.5;90;112.5;135;157.5;180;202.5;225;247.5;270;292.5;315;337.5
val_images,none,test002.png,1,rot75_padded,75.0,True,0,740,740,154404.0,0.2819649279117584,blur,pnp_hqs,wavelet,15.0,fixed10p0,0.4,0.5,0.0,0.15,G16_fixed,False,16,20,adjoint,0.007568964176618238,21.209635502435184,0.3013989224291469,3,0.003250445421765911,24.880571218025946,0.6963852235855289,10.0,0;22.5;45;67.5;90;112.5;135;157.5;180;202.5;225;247.5;270;292.5;315;337.5
val_images,none,test002.png,1,rot75_padded,75.0,True,0,740,740,154404.0,0.2819649279117584,blur,pnp_hqs,wavelet,15.0,fixed10p0,0.4,0.5,0.0,0.15,G16_fixed,False,16,20,adjoint,0.007568964176618238,21.209635502435184,0.3013989224291469,4,0.0032089852825977227,24.93632274709187,0.6945561643480739,10.0,0;22.5;45;67.5;90;112.5;135;157.5;180;202.5;225;247.5;270;292.5;315;337.5
val_images,none,test002.png,1,rot75_padded,75.0,True,0,740,740,154404.0,0.2819649279117584,blur,pnp_hqs,wavelet,15.0,fixed10p0,0.4,0.5,0.0,0.15,G16_fixed,False,16,20,adjoint,0.007568964176618238,21.209635502435184,0.3013989224291469,5,0.0031881992787463204,24.964545408031967,0.6929665338171291,10.0,0;22.5;45;67.5;90;112.5;135;157.5;180;202.5;225;247.5;270;292.5;315;337.5
val_images,none,test002.png,1,rot75_padded,75.0,True,0,740,740,154404.0,0.2819649279117584,blur,pnp_hqs,wavelet,15.0,fixed10p0,0.4,0.5,0.0,0.15,G16_fixed,False,16,20,adjoint,0.007568964176618238,21.209635502435184,0.3013989224291469,6,0.003177179437496357,24.979582568398705,0.6917258255938965,10.0,0;22.5;45;67.5;90;112.5;135;157.5;180;202.5;225;247.5;270;292.5;315;337.5
val_images,none,test002.png,1,rot75_padded,75.0,True,0,740,740,154404.0,0.2819649279117584,blur,pnp_hqs,wavelet,15.0,fixed10p0,0.4,0.5,0.0,0.15,G16_fixed,False,16,20,adjoint,0.007568964176618238,21.209635502435184,0.3013989224291469,7,0.003171094263567492,24.98790847995384,0.6908030738355224,10.0,0;22.5;45;67.5;90;112.5;135;157.5;180;202.5;225;247.5;270;292.5;315;337.5
val_images,none,test002.png,1,rot75_padded,75.0,True,0,740,740,154404.0,0.2819649279117584,blur,pnp_hqs,wavelet,15.0,fixed10p0,0.4,0.5,0.0,0.15,G16_fixed,False,16,20,adjoint,0.007568964176618238,21.209635502435184,0.3013989224291469,8,0.0031676247578137145,24.992662712943783,0.690133361587135,10.0,0;22.5;45;67.5;90;112.5;135;157.5;180;202.5;225;247.5;270;292.5;315;337.5
val_images,none,test002.png,1,rot75_padded,75.0,True,0,740,740,154404.0,0.2819649279117584,blur,pnp_hqs,wavelet,15.0,fixed10p0,0.4,0.5,0.0,0.15,G16_fixed,False,16,20,adjoint,0.007568964176618238,21.209635502435184,0.3013989224291469,9,0.0031655945217932743,24.995447143079275,0.6896543017829849,10.0,0;22.5;45;67.5;90;112.5;135;157.5;180;202.5;225;247.5;270;292.5;315;337.5
val_images,none,test002.png,1,rot75_padded,75.0,True,0,740,740,154404.0,0.2819649279117584,blur,pnp_hqs,wavelet,15.0,fixed10p0,0.4,0.5,0.0,0.15,G16_fixed,False,16,20,adjoint,0.007568964176618238,21.209635502435184,0.3013989224291469,10,0.003164380570309869,24.99711290772869,0.6893147906628067,10.0,0;22.5;45;67.5;90;112.5;135;157.5;180;202.5;225;247.5;270;292.5;315;337.5
val_images,none,test002.png,1,rot75_padded,75.0,True,0,740,740,154404.0,0.2819649279117584,blur,pnp_hqs,wavelet,15.0,fixed10p0,0.4,0.5,0.0,0.15,G16_fixed,False,16,20,adjoint,0.007568964176618238,21.209635502435184,0.3013989224291469,11,0.003163641170684434,24.998127813150486,0.6890755137496438,10.0,0;22.5;45;67.5;90;112.5;135;157.5;180;202.5;225;247.5;270;292.5;315;337.5
val_images,none,test002.png,1,rot75_padded,75.0,True,0,740,740,154404.0,0.2819649279117584,blur,pnp_hqs,wavelet,15.0,fixed10p0,0.4,0.5,0.0,0.15,G16_fixed,False,16,20,adjoint,0.007568964176618238,21.209635502435184,0.3013989224291469,12,0.003163183221223827,24.99875651694171,0.6889075797097225,10.0,0;22.5;45;67.5;90;112.5;135;157.5;180;202.5;225;247.5;270;292.5;315;337.5
val_images,none,test002.png,1,rot75_padded,75.0,True,0,740,740,154404.0,0.2819649279117584,blur,pnp_hqs,wavelet,15.0,fixed10p0,0.4,0.5,0.0,0.15,G16_fixed,False,16,20,adjoint,0.007568964176618238,21.209635502435184,0.3013989224291469,13,0.0031628960392789574,24.99915082605138,0.6887895856810704,10.0,0;22.5;45;67.5;90;112.5;135;157.5;180;202.5;225;247.5;270;292.5;315;337.5
val_images,none,test002.png,1,rot75_padded,75.0,True,0,740,740,154404.0,0.2819649279117584,blur,pnp_hqs,wavelet,15.0,fixed10p0,0.4,0.5,0.0,0.15,G16_fixed,False,16,20,adjoint,0.007568964176618238,21.209635502435184,0.3013989224291469,14,0.0031627128199651967,24.999402410171538,0.6887070101001269,10.0,0;22.5;45;67.5;90;112.5;135;157.5;180;202.5;225;247.5;270;292.5;315;337.5
val_images,none,test002.png,1,rot75_padded,75.0,True,0,740,740,154404.0,0.2819649279117584,blur,pnp_hqs,wavelet,15.0,fixed10p0,0.4,0.5,0.0,0.15,G16_fixed,False,16,20,adjoint,0.007568964176618238,21.209635502435184,0.3013989224291469,15,0.003162595614945715,24.999563355661365,0.6886498346059687,10.0,0;22.5;45;67.5;90;112.5;135;157.5;180;202.5;225;247.5;270;292.5;315;337.5
val_images,none,test002.png,1,rot75_padded,75.0,True,0,740,740,154404.0,0.2819649279117584,blur,pnp_hqs,wavelet,15.0,fixed10p0,0.4,0.5,0.0,0.15,G16_fixed,False,16,20,adjoint,0.007568964176618238,21.209635502435184,0.3013989224291469,16,0.0031625195206244658,24.999667851289082,0.6886091539888863,10.0,0;22.5;45;67.5;90;112.5;135;157.5;180;202.5;225;247.5;270;292.5;315;337.5
val_images,none,test002.png,1,rot75_padded,75.0,True,0,740,740,154404.0,0.2819649279117584,blur,pnp_hqs,wavelet,15.0,fixed10p0,0.4,0.5,0.0,0.15,G16_fixed,False,16,20,adjoint,0.007568964176618238,21.209635502435184,0.3013989224291469,17,0.003162468922842025,24.999737335487854,0.6885808192307195,10.0,0;22.5;45;67.5;90;112.5;135;157.5;180;202.5;225;247.5;270;292.5;315;337.5
val_images,none,test002.png,1,rot75_padded,75.0,True,0,740,740,154404.0,0.2819649279117584,blur,pnp_hqs,wavelet,15.0,fixed10p0,0.4,0.5,0.0,0.15,G16_fixed,False,16,20,adjoint,0.007568964176618238,21.209635502435184,0.3013989224291469,18,0.003162435718047298,24.999782935097468,0.6885614402800445,10.0,0;22.5;45;67.5;90;112.5;135;157.5;180;202.5;225;247.5;270;292.5;315;337.5
val_images,none,test002.png,1,rot75_padded,75.0,True,0,740,740,154404.0,0.2819649279117584,blur,pnp_hqs,wavelet,15.0,fixed10p0,0.4,0.5,0.0,0.15,G16_fixed,False,16,20,adjoint,0.007568964176618238,21.209635502435184,0.3013989224291469,19,0.0031624133838698927,24.99981360653278,0.688547829476568,10.0,0;22.5;45;67.5;90;112.5;135;157.5;180;202.5;225;247.5;270;292.5;315;337.5
val_images,none,test002.png,1,rot75_padded,75.0,True,0,740,740,154404.0,0.2819649279117584,blur,pnp_hqs,wavelet,15.0,fixed10p0,0.4,0.5,0.0,0.15,G16_fixed,False,16,20,adjoint,0.007568964176618238,21.209635502435184,0.3013989224291469,20,0.0031623981650056427,24.999834506661465,0.6885380135067745,10.0,0;22.5;45;67.5;90;112.5;135;157.5;180;202.5;225;247.5;270;292.5;315;337.5
val_images,none,test002.png,1,rot80_padded,80.0,True,0,690,690,154403.0,0.324307918548584,blur,pnp_hqs,wavelet,15.0,fixed10p0,0.4,0.5,0.0,0.15,vanilla,False,0,20,adjoint,0.007528032681218143,21.233185041873494,0.3005930250302779,1,0.0037635933720321173,24.24397304963762,0.6823425852315046,10.0,none
val_images,none,test002.png,1,rot80_padded,80.0,True,0,690,690,154403.0,0.324307918548584,blur,pnp_hqs,wavelet,15.0,fixed10p0,0.4,0.5,0.0,0.15,vanilla,False,0,20,adjoint,0.007528032681218143,21.233185041873494,0.3005930250302779,2,0.0035825541245454264,24.458072396427323,0.6649444756578564,10.0,none
val_images,none,test002.png,1,rot80_padded,80.0,True,0,690,690,154403.0,0.324307918548584,blur,pnp_hqs,wavelet,15.0,fixed10p0,0.4,0.5,0.0,0.15,vanilla,False,0,20,adjoint,0.007528032681218143,21.233185041873494,0.3005930250302779,3,0.003574962431535697,24.46728517740514,0.6452684391656898,10.0,none
val_images,none,test002.png,1,rot80_padded,80.0,True,0,690,690,154403.0,0.324307918548584,blur,pnp_hqs,wavelet,15.0,fixed10p0,0.4,0.5,0.0,0.15,vanilla,False,0,20,adjoint,0.007528032681218143,21.233185041873494,0.3005930250302779,4,0.0036229523672174037,24.409373758165888,0.6271515328393878,10.0,none
val_images,none,test002.png,1,rot80_padded,80.0,True,0,690,690,154403.0,0.324307918548584,blur,pnp_hqs,wavelet,15.0,fixed10p0,0.4,0.5,0.0,0.15,vanilla,False,0,20,adjoint,0.007528032681218143,21.233185041873494,0.3005930250302779,5,0.0036900134421469304,24.329720517705866,0.6111538777582042,10.0,none
val_images,none,test002.png,1,rot80_padded,80.0,True,0,690,690,154403.0,0.324307918548584,blur,pnp_hqs,wavelet,15.0,fixed10p0,0.4,0.5,0.0,0.15,vanilla,False,0,20,adjoint,0.007528032681218143,21.233185041873494,0.3005930250302779,6,0.003763950325887248,24.24356116736655,0.5970053306120995,10.0,none
val_images,none,test002.png,1,rot80_padded,80.0,True,0,690,690,154403.0,0.324307918548584,blur,pnp_hqs,wavelet,15.0,fixed10p0,0.4,0.5,0.0,0.15,vanilla,False,0,20,adjoint,0.007528032681218143,21.233185041873494,0.3005930250302779,7,0.0038404570402058654,24.15617088593896,0.5843325785444583,10.0,none
val_images,none,test002.png,1,rot80_padded,80.0,True,0,690,690,154403.0,0.324307918548584,blur,pnp_hqs,wavelet,15.0,fixed10p0,0.4,0.5,0.0,0.15,vanilla,False,0,20,adjoint,0.007528032681218143,21.233185041873494,0.3005930250302779,8,0.003917804157510096,24.06957277233183,0.5728403815826117,10.0,none
val_images,none,test002.png,1,rot80_padded,80.0,True,0,690,690,154403.0,0.324307918548584,blur,pnp_hqs,wavelet,15.0,fixed10p0,0.4,0.5,0.0,0.15,vanilla,False,0,20,adjoint,0.007528032681218143,21.233185041873494,0.3005930250302779,9,0.003995597961255408,23.984182171408293,0.5622777731002636,10.0,none
val_images,none,test002.png,1,rot80_padded,80.0,True,0,690,690,154403.0,0.324307918548584,blur,pnp_hqs,wavelet,15.0,fixed10p0,0.4,0.5,0.0,0.15,vanilla,False,0,20,adjoint,0.007528032681218143,21.233185041873494,0.3005930250302779,10,0.004073917906286633,23.89987726736427,0.5524639660498825,10.0,none
val_images,none,test002.png,1,rot80_padded,80.0,True,0,690,690,154403.0,0.324307918548584,blur,pnp_hqs,wavelet,15.0,fixed10p0,0.4,0.5,0.0,0.15,vanilla,False,0,20,adjoint,0.007528032681218143,21.233185041873494,0.3005930250302779,11,0.004152647379771807,23.816749452496403,0.5432775755652416,10.0,none
val_images,none,test002.png,1,rot80_padded,80.0,True,0,690,690,154403.0,0.324307918548584,blur,pnp_hqs,wavelet,15.0,fixed10p0,0.4,0.5,0.0,0.15,vanilla,False,0,20,adjoint,0.007528032681218143,21.233185041873494,0.3005930250302779,12,0.004231851605837281,23.734695696817425,0.5346173548279503,10.0,none
val_images,none,test002.png,1,rot80_padded,80.0,True,0,690,690,154403.0,0.324307918548584,blur,pnp_hqs,wavelet,15.0,fixed10p0,0.4,0.5,0.0,0.15,vanilla,False,0,20,adjoint,0.007528032681218143,21.233185041873494,0.3005930250302779,13,0.004311392230275642,23.653824652705406,0.5264145410063276,10.0,none
val_images,none,test002.png,1,rot80_padded,80.0,True,0,690,690,154403.0,0.324307918548584,blur,pnp_hqs,wavelet,15.0,fixed10p0,0.4,0.5,0.0,0.15,vanilla,False,0,20,adjoint,0.007528032681218143,21.233185041873494,0.3005930250302779,14,0.00439140365431695,23.573966410588415,0.5186115028529238,10.0,none
val_images,none,test002.png,1,rot80_padded,80.0,True,0,690,690,154403.0,0.324307918548584,blur,pnp_hqs,wavelet,15.0,fixed10p0,0.4,0.5,0.0,0.15,vanilla,False,0,20,adjoint,0.007528032681218143,21.233185041873494,0.3005930250302779,15,0.004471918687673248,23.495061017709773,0.5111601215649955,10.0,none
val_images,none,test002.png,1,rot80_padded,80.0,True,0,690,690,154403.0,0.324307918548584,blur,pnp_hqs,wavelet,15.0,fixed10p0,0.4,0.5,0.0,0.15,vanilla,False,0,20,adjoint,0.007528032681218143,21.233185041873494,0.3005930250302779,16,0.004553056710260649,23.416969403353672,0.5040261928200876,10.0,none
val_images,none,test002.png,1,rot80_padded,80.0,True,0,690,690,154403.0,0.324307918548584,blur,pnp_hqs,wavelet,15.0,fixed10p0,0.4,0.5,0.0,0.15,vanilla,False,0,20,adjoint,0.007528032681218143,21.233185041873494,0.3005930250302779,17,0.004634610190768031,23.33986787758464,0.4971872510572981,10.0,none
val_images,none,test002.png,1,rot80_padded,80.0,True,0,690,690,154403.0,0.324307918548584,blur,pnp_hqs,wavelet,15.0,fixed10p0,0.4,0.5,0.0,0.15,vanilla,False,0,20,adjoint,0.007528032681218143,21.233185041873494,0.3005930250302779,18,0.004716354204783909,23.26393586230346,0.4906280662454745,10.0,none
val_images,none,test002.png,1,rot80_padded,80.0,True,0,690,690,154403.0,0.324307918548584,blur,pnp_hqs,wavelet,15.0,fixed10p0,0.4,0.5,0.0,0.15,vanilla,False,0,20,adjoint,0.007528032681218143,21.233185041873494,0.3005930250302779,19,0.004798419595858727,23.189017780025342,0.48431984805994704,10.0,none
val_images,none,test002.png,1,rot80_padded,80.0,True,0,690,690,154403.0,0.324307918548584,blur,pnp_hqs,wavelet,15.0,fixed10p0,0.4,0.5,0.0,0.15,vanilla,False,0,20,adjoint,0.007528032681218143,21.233185041873494,0.3005930250302779,20,0.004880723746765769,23.11515773095481,0.4782502505618414,10.0,none
val_images,none,test002.png,1,rot80_padded,80.0,True,0,690,690,154403.0,0.324307918548584,blur,pnp_hqs,wavelet,15.0,fixed10p0,0.4,0.5,0.0,0.15,G16_fixed,False,16,20,adjoint,0.007528032681218143,21.233185041873494,0.3005930250302779,1,0.0035212181467187327,24.53307068658454,0.6998267621905014,10.0,0;22.5;45;67.5;90;112.5;135;157.5;180;202.5;225;247.5;270;292.5;315;337.5
val_images,none,test002.png,1,rot80_padded,80.0,True,0,690,690,154403.0,0.324307918548584,blur,pnp_hqs,wavelet,15.0,fixed10p0,0.4,0.5,0.0,0.15,G16_fixed,False,16,20,adjoint,0.007528032681218143,21.233185041873494,0.3005930250302779,2,0.0032905235741907944,24.82734993451038,0.702272725432796,10.0,0;22.5;45;67.5;90;112.5;135;157.5;180;202.5;225;247.5;270;292.5;315;337.5
val_images,none,test002.png,1,rot80_padded,80.0,True,0,690,690,154403.0,0.324307918548584,blur,pnp_hqs,wavelet,15.0,fixed10p0,0.4,0.5,0.0,0.15,G16_fixed,False,16,20,adjoint,0.007528032681218143,21.233185041873494,0.3005930250302779,3,0.003197675251487787,24.9516564429469,0.7011725707240144,10.0,0;22.5;45;67.5;90;112.5;135;157.5;180;202.5;225;247.5;270;292.5;315;337.5
val_images,none,test002.png,1,rot80_padded,80.0,True,0,690,690,154403.0,0.324307918548584,blur,pnp_hqs,wavelet,15.0,fixed10p0,0.4,0.5,0.0,0.15,G16_fixed,False,16,20,adjoint,0.007528032681218143,21.233185041873494,0.3005930250302779,4,0.003155490263051479,25.009331555968075,0.6995476124168571,10.0,0;22.5;45;67.5;90;112.5;135;157.5;180;202.5;225;247.5;270;292.5;315;337.5
val_images,none,test002.png,1,rot80_padded,80.0,True,0,690,690,154403.0,0.324307918548584,blur,pnp_hqs,wavelet,15.0,fixed10p0,0.4,0.5,0.0,0.15,G16_fixed,False,16,20,adjoint,0.007528032681218143,21.233185041873494,0.3005930250302779,5,0.003134842874083466,25.037842221789223,0.6981547982390238,10.0,0;22.5;45;67.5;90;112.5;135;157.5;180;202.5;225;247.5;270;292.5;315;337.5
val_images,none,test002.png,1,rot80_padded,80.0,True,0,690,690,154403.0,0.324307918548584,blur,pnp_hqs,wavelet,15.0,fixed10p0,0.4,0.5,0.0,0.15,G16_fixed,False,16,20,adjoint,0.007528032681218143,21.233185041873494,0.3005930250302779,6,0.003124252254803582,25.05253908070533,0.6971187513357902,10.0,0;22.5;45;67.5;90;112.5;135;157.5;180;202.5;225;247.5;270;292.5;315;337.5
val_images,none,test002.png,1,rot80_padded,80.0,True,0,690,690,154403.0,0.324307918548584,blur,pnp_hqs,wavelet,15.0,fixed10p0,0.4,0.5,0.0,0.15,G16_fixed,False,16,20,adjoint,0.007528032681218143,21.233185041873494,0.3005930250302779,7,0.003118652269434026,25.060330464948354,0.6963956031456643,10.0,0;22.5;45;67.5;90;112.5;135;157.5;180;202.5;225;247.5;270;292.5;315;337.5
val_images,none,test002.png,1,rot80_padded,80.0,True,0,690,690,154403.0,0.324307918548584,blur,pnp_hqs,wavelet,15.0,fixed10p0,0.4,0.5,0.0,0.15,G16_fixed,False,16,20,adjoint,0.007528032681218143,21.233185041873494,0.3005930250302779,8,0.0031156296252997434,25.06454175277044,0.6959064712149375,10.0,0;22.5;45;67.5;90;112.5;135;157.5;180;202.5;225;247.5;270;292.5;315;337.5
val_images,none,test002.png,1,rot80_padded,80.0,True,0,690,690,154403.0,0.324307918548584,blur,pnp_hqs,wavelet,15.0,fixed10p0,0.4,0.5,0.0,0.15,G16_fixed,False,16,20,adjoint,0.007528032681218143,21.233185041873494,0.3005930250302779,9,0.0031139756995745304,25.066847808436425,0.6955820361327176,10.0,0;22.5;45;67.5;90;112.5;135;157.5;180;202.5;225;247.5;270;292.5;315;337.5
val_images,none,test002.png,1,rot80_padded,80.0,True,0,690,690,154403.0,0.324307918548584,blur,pnp_hqs,wavelet,15.0,fixed10p0,0.4,0.5,0.0,0.15,G16_fixed,False,16,20,adjoint,0.007528032681218143,21.233185041873494,0.3005930250302779,10,0.0031130609806146498,25.068123719981607,0.6953696252663485,10.0,0;22.5;45;67.5;90;112.5;135;157.5;180;202.5;225;247.5;270;292.5;315;337.5
val_images,none,test002.png,1,rot80_padded,80.0,True,0,690,690,154403.0,0.324307918548584,blur,pnp_hqs,wavelet,15.0,fixed10p0,0.4,0.5,0.0,0.15,G16_fixed,False,16,20,adjoint,0.007528032681218143,21.233185041873494,0.3005930250302779,11,0.003112550651238156,25.068835724667306,0.6952318466124363,10.0,0;22.5;45;67.5;90;112.5;135;157.5;180;202.5;225;247.5;270;292.5;315;337.5
val_images,none,test002.png,1,rot80_padded,80.0,True,0,690,690,154403.0,0.324307918548584,blur,pnp_hqs,wavelet,15.0,fixed10p0,0.4,0.5,0.0,0.15,G16_fixed,False,16,20,adjoint,0.007528032681218143,21.233185041873494,0.3005930250302779,12,0.0031122658392197487,25.069233141324485,0.6951431987234704,10.0,0;22.5;45;67.5;90;112.5;135;157.5;180;202.5;225;247.5;270;292.5;315;337.5
val_images,none,test002.png,1,rot80_padded,80.0,True,0,690,690,154403.0,0.324307918548584,blur,pnp_hqs,wavelet,15.0,fixed10p0,0.4,0.5,0.0,0.15,G16_fixed,False,16,20,adjoint,0.007528032681218143,21.233185041873494,0.3005930250302779,13,0.003112105743636883,25.06945654902856,0.6950862252514524,10.0,0;22.5;45;67.5;90;112.5;135;157.5;180;202.5;225;247.5;270;292.5;315;337.5
val_images,none,test002.png,1,rot80_padded,80.0,True,0,690,690,154403.0,0.324307918548584,blur,pnp_hqs,wavelet,15.0,fixed10p0,0.4,0.5,0.0,0.15,G16_fixed,False,16,20,adjoint,0.007528032681218143,21.233185041873494,0.3005930250302779,14,0.003112014429859989,25.069583979310508,0.6950499464064818,10.0,0;22.5;45;67.5;90;112.5;135;157.5;180;202.5;225;247.5;270;292.5;315;337.5
val_images,none,test002.png,1,rot80_padded,80.0,True,0,690,690,154403.0,0.324307918548584,blur,pnp_hqs,wavelet,15.0,fixed10p0,0.4,0.5,0.0,0.15,G16_fixed,False,16,20,adjoint,0.007528032681218143,21.233185041873494,0.3005930250302779,15,0.003111964029398716,25.069654315807846,0.6950265194814867,10.0,0;22.5;45;67.5;90;112.5;135;157.5;180;202.5;225;247.5;270;292.5;315;337.5
val_images,none,test002.png,1,rot80_padded,80.0,True,0,690,690,154403.0,0.324307918548584,blur,pnp_hqs,wavelet,15.0,fixed10p0,0.4,0.5,0.0,0.15,G16_fixed,False,16,20,adjoint,0.007528032681218143,21.233185041873494,0.3005930250302779,16,0.0031119355679617624,25.069694035744913,0.6950119472257663,10.0,0;22.5;45;67.5;90;112.5;135;157.5;180;202.5;225;247.5;270;292.5;315;337.5
val_images,none,test002.png,1,rot80_padded,80.0,True,0,690,690,154403.0,0.324307918548584,blur,pnp_hqs,wavelet,15.0,fixed10p0,0.4,0.5,0.0,0.15,G16_fixed,False,16,20,adjoint,0.007528032681218143,21.233185041873494,0.3005930250302779,17,0.00311191916310574,25.069716930040347,0.6950023841829498,10.0,0;22.5;45;67.5;90;112.5;135;157.5;180;202.5;225;247.5;270;292.5;315;337.5
val_images,none,test002.png,1,rot80_padded,80.0,True,0,690,690,154403.0,0.324307918548584,blur,pnp_hqs,wavelet,15.0,fixed10p0,0.4,0.5,0.0,0.15,G16_fixed,False,16,20,adjoint,0.007528032681218143,21.233185041873494,0.3005930250302779,18,0.003111909873608957,25.06972989433345,0.6949965148021735,10.0,0;22.5;45;67.5;90;112.5;135;157.5;180;202.5;225;247.5;270;292.5;315;337.5
val_images,none,test002.png,1,rot80_padded,80.0,True,0,690,690,154403.0,0.324307918548584,blur,pnp_hqs,wavelet,15.0,fixed10p0,0.4,0.5,0.0,0.15,G16_fixed,False,16,20,adjoint,0.007528032681218143,21.233185041873494,0.3005930250302779,19,0.0031119047347383955,25.069737066086685,0.694992719943913,10.0,0;22.5;45;67.5;90;112.5;135;157.5;180;202.5;225;247.5;270;292.5;315;337.5
val_images,none,test002.png,1,rot80_padded,80.0,True,0,690,690,154403.0,0.324307918548584,blur,pnp_hqs,wavelet,15.0,fixed10p0,0.4,0.5,0.0,0.15,G16_fixed,False,16,20,adjoint,0.007528032681218143,21.233185041873494,0.3005930250302779,20,0.0031119017700053796,25.069741203642018,0.6949904936270669,10.0,0;22.5;45;67.5;90;112.5;135;157.5;180;202.5;225;247.5;270;292.5;315;337.5
val_images,none,test002.png,1,rot85_padded,85.0,True,0,640,640,154400.0,0.376953125,blur,pnp_hqs,wavelet,15.0,fixed10p0,0.4,0.5,0.0,0.15,vanilla,False,0,20,adjoint,0.00744373538951182,21.282090736011064,0.3014304363665803,1,0.003749850179247288,24.2598608363921,0.6810656169041451,10.0,none
val_images,none,test002.png,1,rot85_padded,85.0,True,0,640,640,154400.0,0.376953125,blur,pnp_hqs,wavelet,15.0,fixed10p0,0.4,0.5,0.0,0.15,vanilla,False,0,20,adjoint,0.00744373538951182,21.282090736011064,0.3014304363665803,2,0.003565097868133703,24.479285435100067,0.6627318450453368,10.0,none
val_images,none,test002.png,1,rot85_padded,85.0,True,0,640,640,154400.0,0.376953125,blur,pnp_hqs,wavelet,15.0,fixed10p0,0.4,0.5,0.0,0.15,vanilla,False,0,20,adjoint,0.00744373538951182,21.282090736011064,0.3014304363665803,3,0.0035575752060648075,24.488459102925265,0.6418003663374352,10.0,none
val_images,none,test002.png,1,rot85_padded,85.0,True,0,640,640,154400.0,0.376953125,blur,pnp_hqs,wavelet,15.0,fixed10p0,0.4,0.5,0.0,0.15,vanilla,False,0,20,adjoint,0.00744373538951182,21.282090736011064,0.3014304363665803,4,0.003606595449497045,24.429025696041442,0.6226641434585493,10.0,none
val_images,none,test002.png,1,rot85_padded,85.0,True,0,640,640,154400.0,0.376953125,blur,pnp_hqs,wavelet,15.0,fixed10p0,0.4,0.5,0.0,0.15,vanilla,False,0,20,adjoint,0.00744373538951182,21.282090736011064,0.3014304363665803,5,0.003676025706869333,24.346214602041904,0.6057709277849741,10.0,none
val_images,none,test002.png,1,rot85_padded,85.0,True,0,640,640,154400.0,0.376953125,blur,pnp_hqs,wavelet,15.0,fixed10p0,0.4,0.5,0.0,0.15,vanilla,False,0,20,adjoint,0.00744373538951182,21.282090736011064,0.3014304363665803,6,0.003753230040555173,24.25594816273836,0.5908094336949482,10.0,none
val_images,none,test002.png,1,rot85_padded,85.0,True,0,640,640,154400.0,0.376953125,blur,pnp_hqs,wavelet,15.0,fixed10p0,0.4,0.5,0.0,0.15,vanilla,False,0,20,adjoint,0.00744373538951182,21.282090736011064,0.3014304363665803,7,0.003832976583372126,24.16463833952884,0.5774633662564767,10.0,none
val_images,none,test002.png,1,rot85_padded,85.0,True,0,640,640,154400.0,0.376953125,blur,pnp_hqs,wavelet,15.0,fixed10p0,0.4,0.5,0.0,0.15,vanilla,False,0,20,adjoint,0.00744373538951182,21.282090736011064,0.3014304363665803,8,0.003914368387330999,24.07338304621699,0.565361125728627,10.0,none
val_images,none,test002.png,1,rot85_padded,85.0,True,0,640,640,154400.0,0.376953125,blur,pnp_hqs,wavelet,15.0,fixed10p0,0.4,0.5,0.0,0.15,vanilla,False,0,20,adjoint,0.00744373538951182,21.282090736011064,0.3014304363665803,9,0.003996134150213528,23.983599409366544,0.5542849336139897,10.0,none
val_images,none,test002.png,1,rot85_padded,85.0,True,0,640,640,154400.0,0.376953125,blur,pnp_hqs,wavelet,15.0,fixed10p0,0.4,0.5,0.0,0.15,vanilla,False,0,20,adjoint,0.00744373538951182,21.282090736011064,0.3014304363665803,10,0.004078179394025259,23.895336740650748,0.5440502044203368,10.0,none
val_images,none,test002.png,1,rot85_padded,85.0,True,0,640,640,154400.0,0.376953125,blur,pnp_hqs,wavelet,15.0,fixed10p0,0.4,0.5,0.0,0.15,vanilla,False,0,20,adjoint,0.00744373538951182,21.282090736011064,0.3014304363665803,11,0.004160246379634877,23.80880948664752,0.5345213831768135,10.0,none
val_images,none,test002.png,1,rot85_padded,85.0,True,0,640,640,154400.0,0.376953125,blur,pnp_hqs,wavelet,15.0,fixed10p0,0.4,0.5,0.0,0.15,vanilla,False,0,20,adjoint,0.00744373538951182,21.282090736011064,0.3014304363665803,12,0.004242409029155197,23.723874615758728,0.5255979294851036,10.0,none
val_images,none,test002.png,1,rot85_padded,85.0,True,0,640,640,154400.0,0.376953125,blur,pnp_hqs,wavelet,15.0,fixed10p0,0.4,0.5,0.0,0.15,vanilla,False,0,20,adjoint,0.00744373538951182,21.282090736011064,0.3014304363665803,13,0.004324643228955837,23.64049714808836,0.5171939766839379,10.0,none
val_images,none,test002.png,1,rot85_padded,85.0,True,0,640,640,154400.0,0.376953125,blur,pnp_hqs,wavelet,15.0,fixed10p0,0.4,0.5,0.0,0.15,vanilla,False,0,20,adjoint,0.00744373538951182,21.282090736011064,0.3014304363665803,14,0.00440722411160642,23.558348646343326,0.5092418231865286,10.0,none
val_images,none,test002.png,1,rot85_padded,85.0,True,0,640,640,154400.0,0.376953125,blur,pnp_hqs,wavelet,15.0,fixed10p0,0.4,0.5,0.0,0.15,vanilla,False,0,20,adjoint,0.00744373538951182,21.282090736011064,0.3014304363665803,15,0.004490141794471543,23.4773994416723,0.5016845956120466,10.0,none
val_images,none,test002.png,1,rot85_padded,85.0,True,0,640,640,154400.0,0.376953125,blur,pnp_hqs,wavelet,15.0,fixed10p0,0.4,0.5,0.0,0.15,vanilla,False,0,20,adjoint,0.00744373538951182,21.282090736011064,0.3014304363665803,16,0.004572931398381841,23.398053137139364,0.494495628238342,10.0,none
val_images,none,test002.png,1,rot85_padded,85.0,True,0,640,640,154400.0,0.376953125,blur,pnp_hqs,wavelet,15.0,fixed10p0,0.4,0.5,0.0,0.15,vanilla,False,0,20,adjoint,0.00744373538951182,21.282090736011064,0.3014304363665803,17,0.004655828130059909,23.32003060047231,0.48763990649287564,10.0,none
val_images,none,test002.png,1,rot85_padded,85.0,True,0,640,640,154400.0,0.376953125,blur,pnp_hqs,wavelet,15.0,fixed10p0,0.4,0.5,0.0,0.15,vanilla,False,0,20,adjoint,0.00744373538951182,21.282090736011064,0.3014304363665803,18,0.0047389059116185635,23.243219138940812,0.4810862107351036,10.0,none
val_images,none,test002.png,1,rot85_padded,85.0,True,0,640,640,154400.0,0.376953125,blur,pnp_hqs,wavelet,15.0,fixed10p0,0.4,0.5,0.0,0.15,vanilla,False,0,20,adjoint,0.00744373538951182,21.282090736011064,0.3014304363665803,19,0.0048220595918171145,23.167674268417212,0.4748107593911917,10.0,none
val_images,none,test002.png,1,rot85_padded,85.0,True,0,640,640,154400.0,0.376953125,blur,pnp_hqs,wavelet,15.0,fixed10p0,0.4,0.5,0.0,0.15,vanilla,False,0,20,adjoint,0.00744373538951182,21.282090736011064,0.3014304363665803,20,0.00490513421093244,23.09349105252441,0.4687945778011658,10.0,none
val_images,none,test002.png,1,rot85_padded,85.0,True,0,640,640,154400.0,0.376953125,blur,pnp_hqs,wavelet,15.0,fixed10p0,0.4,0.5,0.0,0.15,G16_fixed,False,16,20,adjoint,0.00744373538951182,21.282090736011064,0.3014304363665803,1,0.003533197116357675,24.518321326873167,0.6945093405926166,10.0,0;22.5;45;67.5;90;112.5;135;157.5;180;202.5;225;247.5;270;292.5;315;337.5
val_images,none,test002.png,1,rot85_padded,85.0,True,0,640,640,154400.0,0.376953125,blur,pnp_hqs,wavelet,15.0,fixed10p0,0.4,0.5,0.0,0.15,G16_fixed,False,16,20,adjoint,0.00744373538951182,21.282090736011064,0.3014304363665803,2,0.003313583215901271,24.797021182514204,0.6937669000971503,10.0,0;22.5;45;67.5;90;112.5;135;157.5;180;202.5;225;247.5;270;292.5;315;337.5
val_images,none,test002.png,1,rot85_padded,85.0,True,0,640,640,154400.0,0.376953125,blur,pnp_hqs,wavelet,15.0,fixed10p0,0.4,0.5,0.0,0.15,G16_fixed,False,16,20,adjoint,0.00744373538951182,21.282090736011064,0.3014304363665803,3,0.0032286615322290923,24.909774806532713,0.6906506031411918,10.0,0;22.5;45;67.5;90;112.5;135;157.5;180;202.5;225;247.5;270;292.5;315;337.5
val_images,none,test002.png,1,rot85_padded,85.0,True,0,640,640,154400.0,0.376953125,blur,pnp_hqs,wavelet,15.0,fixed10p0,0.4,0.5,0.0,0.15,G16_fixed,False,16,20,adjoint,0.00744373538951182,21.282090736011064,0.3014304363665803,4,0.003191434830581586,24.96014019480385,0.6876693551651555,10.0,0;22.5;45;67.5;90;112.5;135;157.5;180;202.5;225;247.5;270;292.5;315;337.5
val_images,none,test002.png,1,rot85_padded,85.0,True,0,640,640,154400.0,0.376953125,blur,pnp_hqs,wavelet,15.0,fixed10p0,0.4,0.5,0.0,0.15,G16_fixed,False,16,20,adjoint,0.00744373538951182,21.282090736011064,0.3014304363665803,5,0.0031737542028871845,24.98426710997464,0.6853057197215026,10.0,0;22.5;45;67.5;90;112.5;135;157.5;180;202.5;225;247.5;270;292.5;315;337.5
val_images,none,test002.png,1,rot85_padded,85.0,True,0,640,640,154400.0,0.376953125,blur,pnp_hqs,wavelet,15.0,fixed10p0,0.4,0.5,0.0,0.15,G16_fixed,False,16,20,adjoint,0.00744373538951182,21.282090736011064,0.3014304363665803,6,0.0031649048958417667,24.996393358304154,0.6835503865770726,10.0,0;22.5;45;67.5;90;112.5;135;157.5;180;202.5;225;247.5;270;292.5;315;337.5
val_images,none,test002.png,1,rot85_padded,85.0,True,0,640,640,154400.0,0.376953125,blur,pnp_hqs,wavelet,15.0,fixed10p0,0.4,0.5,0.0,0.15,G16_fixed,False,16,20,adjoint,0.00744373538951182,21.282090736011064,0.3014304363665803,7,0.0031603203412782343,25.0026889352139,0.6822853586463731,10.0,0;22.5;45;67.5;90;112.5;135;157.5;180;202.5;225;247.5;270;292.5;315;337.5
val_images,none,test002.png,1,rot85_padded,85.0,True,0,640,640,154400.0,0.376953125,blur,pnp_hqs,wavelet,15.0,fixed10p0,0.4,0.5,0.0,0.15,G16_fixed,False,16,20,adjoint,0.00744373538951182,21.282090736011064,0.3014304363665803,8,0.003157875377279489,25.006050130318982,0.6813871741418394,10.0,0;22.5;45;67.5;90;112.5;135;157.5;180;202.5;225;247.5;270;292.5;315;337.5
val_images,none,test002.png,1,rot85_padded,85.0,True,0,640,640,154400.0,0.376953125,blur,pnp_hqs,wavelet,15.0,fixed10p0,0.4,0.5,0.0,0.15,G16_fixed,False,16,20,adjoint,0.00744373538951182,21.282090736011064,0.3014304363665803,9,0.00315654537220693,25.007879637396112,0.6807559504533679,10.0,0;22.5;45;67.5;90;112.5;135;157.5;180;202.5;225;247.5;270;292.5;315;337.5
val_images,none,test002.png,1,rot85_padded,85.0,True,0,640,640,154400.0,0.376953125,blur,pnp_hqs,wavelet,15.0,fixed10p0,0.4,0.5,0.0,0.15,G16_fixed,False,16,20,adjoint,0.00744373538951182,21.282090736011064,0.3014304363665803,10,0.0031558124759654307,25.008888112525618,0.6803138155764249,10.0,0;22.5;45;67.5;90;112.5;135;157.5;180;202.5;225;247.5;270;292.5;315;337.5
val_images,none,test002.png,1,rot85_padded,85.0,True,0,640,640,154400.0,0.376953125,blur,pnp_hqs,wavelet,15.0,fixed10p0,0.4,0.5,0.0,0.15,G16_fixed,False,16,20,adjoint,0.00744373538951182,21.282090736011064,0.3014304363665803,11,0.003155405904344944,25.00944766157266,0.6800052623056995,10.0,0;22.5;45;67.5;90;112.5;135;157.5;180;202.5;225;247.5;270;292.5;315;337.5
val_images,none,test002.png,1,rot85_padded,85.0,True,0,640,640,154400.0,0.376953125,blur,pnp_hqs,wavelet,15.0,fixed10p0,0.4,0.5,0.0,0.15,G16_fixed,False,16,20,adjoint,0.00744373538951182,21.282090736011064,0.3014304363665803,12,0.0031551795919942116,25.00975915788377,0.6797900137629533,10.0,0;22.5;45;67.5;90;112.5;135;157.5;180;202.5;225;247.5;270;292.5;315;337.5
val_images,none,test002.png,1,rot85_padded,85.0,True,0,640,640,154400.0,0.376953125,blur,pnp_hqs,wavelet,15.0,fixed10p0,0.4,0.5,0.0,0.15,G16_fixed,False,16,20,adjoint,0.00744373538951182,21.282090736011064,0.3014304363665803,13,0.003155052896608343,25.009933551163485,0.6796399368523316,10.0,0;22.5;45;67.5;90;112.5;135;157.5;180;202.5;225;247.5;270;292.5;315;337.5
val_images,none,test002.png,1,rot85_padded,85.0,True,0,640,640,154400.0,0.376953125,blur,pnp_hqs,wavelet,15.0,fixed10p0,0.4,0.5,0.0,0.15,G16_fixed,False,16,20,adjoint,0.00744373538951182,21.282090736011064,0.3014304363665803,14,0.0031549825322442723,25.010030409114236,0.6795355509229275,10.0,0;22.5;45;67.5;90;112.5;135;157.5;180;202.5;225;247.5;270;292.5;315;337.5
val_images,none,test002.png,1,rot85_padded,85.0,True,0,640,640,154400.0,0.376953125,blur,pnp_hqs,wavelet,15.0,fixed10p0,0.4,0.5,0.0,0.15,G16_fixed,False,16,20,adjoint,0.00744373538951182,21.282090736011064,0.3014304363665803,15,0.0031549439899661996,25.010083464244524,0.6794629918231865,10.0,0;22.5;45;67.5;90;112.5;135;157.5;180;202.5;225;247.5;270;292.5;315;337.5
val_images,none,test002.png,1,rot85_padded,85.0,True,0,640,640,154400.0,0.376953125,blur,pnp_hqs,wavelet,15.0,fixed10p0,0.4,0.5,0.0,0.15,G16_fixed,False,16,20,adjoint,0.00744373538951182,21.282090736011064,0.3014304363665803,16,0.003154922841126437,25.010112576822184,0.679412342130829,10.0,0;22.5;45;67.5;90;112.5;135;157.5;180;202.5;225;247.5;270;292.5;315;337.5
val_images,none,test002.png,1,rot85_padded,85.0,True,0,640,640,154400.0,0.376953125,blur,pnp_hqs,wavelet,15.0,fixed10p0,0.4,0.5,0.0,0.15,G16_fixed,False,16,20,adjoint,0.00744373538951182,21.282090736011064,0.3014304363665803,17,0.0031549117725747857,25.01012781338922,0.6793766697700777,10.0,0;22.5;45;67.5;90;112.5;135;157.5;180;202.5;225;247.5;270;292.5;315;337.5
val_images,none,test002.png,1,rot85_padded,85.0,True,0,640,640,154400.0,0.376953125,blur,pnp_hqs,wavelet,15.0,fixed10p0,0.4,0.5,0.0,0.15,G16_fixed,False,16,20,adjoint,0.00744373538951182,21.282090736011064,0.3014304363665803,18,0.00315490623829896,25.010135431692788,0.6793524834034974,10.0,0;22.5;45;67.5;90;112.5;135;157.5;180;202.5;225;247.5;270;292.5;315;337.5
val_images,none,test002.png,1,rot85_padded,85.0,True,0,640,640,154400.0,0.376953125,blur,pnp_hqs,wavelet,15.0,fixed10p0,0.4,0.5,0.0,0.15,G16_fixed,False,16,20,adjoint,0.00744373538951182,21.282090736011064,0.3014304363665803,19,0.003154903273508339,25.01013951293234,0.6793348749190414,10.0,0;22.5;45;67.5;90;112.5;135;157.5;180;202.5;225;247.5;270;292.5;315;337.5
val_images,none,test002.png,1,rot85_padded,85.0,True,0,640,640,154400.0,0.376953125,blur,pnp_hqs,wavelet,15.0,fixed10p0,0.4,0.5,0.0,0.15,G16_fixed,False,16,20,adjoint,0.00744373538951182,21.282090736011064,0.3014304363665803,20,0.0031549020875920905,25.01014114542923,0.6793229841321243,10.0,0;22.5;45;67.5;90;112.5;135;157.5;180;202.5;225;247.5;270;292.5;315;337.5
val_images,none,test002.png,1,rot90_padded,90.0,True,0,588,588,154401.0,0.4465760886669159,blur,pnp_hqs,wavelet,15.0,fixed10p0,0.4,0.5,0.0,0.15,vanilla,False,0,20,adjoint,0.007393966776496347,21.31122505185244,0.30189687688227407,1,0.003746578084546287,24.263652115953917,0.6875201889074553,10.0,none
val_images,none,test002.png,1,rot90_padded,90.0,True,0,588,588,154401.0,0.4465760886669159,blur,pnp_hqs,wavelet,15.0,fixed10p0,0.4,0.5,0.0,0.15,vanilla,False,0,20,adjoint,0.007393966776496347,21.31122505185244,0.30189687688227407,2,0.003568118610261389,24.475607173772374,0.665498138775008,10.0,none
val_images,none,test002.png,1,rot90_padded,90.0,True,0,588,588,154401.0,0.4465760886669159,blur,pnp_hqs,wavelet,15.0,fixed10p0,0.4,0.5,0.0,0.15,vanilla,False,0,20,adjoint,0.007393966776496347,21.31122505185244,0.30189687688227407,3,0.0035617783477560057,24.483331105161348,0.6415683127861866,10.0,none
val_images,none,test002.png,1,rot90_padded,90.0,True,0,588,588,154401.0,0.4465760886669159,blur,pnp_hqs,wavelet,15.0,fixed10p0,0.4,0.5,0.0,0.15,vanilla,False,0,20,adjoint,0.007393966776496347,21.31122505185244,0.30189687688227407,4,0.003614129095565281,24.419963386344374,0.619637441629264,10.0,none
val_images,none,test002.png,1,rot90_padded,90.0,True,0,588,588,154401.0,0.4465760886669159,blur,pnp_hqs,wavelet,15.0,fixed10p0,0.4,0.5,0.0,0.15,vanilla,False,0,20,adjoint,0.007393966776496347,21.31122505185244,0.30189687688227407,5,0.003691799781899081,24.327618601851967,0.6000728217433825,10.0,none
val_images,none,test002.png,1,rot90_padded,90.0,True,0,588,588,154401.0,0.4465760886669159,blur,pnp_hqs,wavelet,15.0,fixed10p0,0.4,0.5,0.0,0.15,vanilla,False,0,20,adjoint,0.007393966776496347,21.31122505185244,0.30189687688227407,6,0.0037819596666614046,24.22283107072098,0.5826041545229629,10.0,none
val_images,none,test002.png,1,rot90_padded,90.0,True,0,588,588,154401.0,0.4465760886669159,blur,pnp_hqs,wavelet,15.0,fixed10p0,0.4,0.5,0.0,0.15,vanilla,False,0,20,adjoint,0.007393966776496347,21.31122505185244,0.30189687688227407,7,0.0038784815555861847,24.113382695353014,0.5669157036709607,10.0,none
val_images,none,test002.png,1,rot90_padded,90.0,True,0,588,588,154401.0,0.4465760886669159,blur,pnp_hqs,wavelet,15.0,fixed10p0,0.4,0.5,0.0,0.15,vanilla,False,0,20,adjoint,0.007393966776496347,21.31122505185244,0.30189687688227407,8,0.003978470645859847,24.00283841923153,0.5526973493533073,10.0,none
val_images,none,test002.png,1,rot90_padded,90.0,True,0,588,588,154401.0,0.4465760886669159,blur,pnp_hqs,wavelet,15.0,fixed10p0,0.4,0.5,0.0,0.15,vanilla,False,0,20,adjoint,0.007393966776496347,21.31122505185244,0.30189687688227407,9,0.004080404626184416,23.892967687223724,0.5397053573163386,10.0,none
val_images,none,test002.png,1,rot90_padded,90.0,True,0,588,588,154401.0,0.4465760886669159,blur,pnp_hqs,wavelet,15.0,fixed10p0,0.4,0.5,0.0,0.15,vanilla,False,0,20,adjoint,0.007393966776496347,21.31122505185244,0.30189687688227407,10,0.004183550605065098,23.78454973333556,0.5277526133250432,10.0,none
val_images,none,test002.png,1,rot90_padded,90.0,True,0,588,588,154401.0,0.4465760886669159,blur,pnp_hqs,wavelet,15.0,fixed10p0,0.4,0.5,0.0,0.15,vanilla,False,0,20,adjoint,0.007393966776496347,21.31122505185244,0.30189687688227407,11,0.004287382039097868,23.67807815747686,0.5166956192803155,10.0,none
val_images,none,test002.png,1,rot90_padded,90.0,True,0,588,588,154401.0,0.4465760886669159,blur,pnp_hqs,wavelet,15.0,fixed10p0,0.4,0.5,0.0,0.15,vanilla,False,0,20,adjoint,0.007393966776496347,21.31122505185244,0.30189687688227407,12,0.004391666094900616,23.57370687377361,0.5064160752682949,10.0,none
val_images,none,test002.png,1,rot90_padded,90.0,True,0,588,588,154401.0,0.4465760886669159,blur,pnp_hqs,wavelet,15.0,fixed10p0,0.4,0.5,0.0,0.15,vanilla,False,0,20,adjoint,0.007393966776496347,21.31122505185244,0.30189687688227407,13,0.004496120921537101,23.471620170897722,0.49682654662210735,10.0,none
val_images,none,test002.png,1,rot90_padded,90.0,True,0,588,588,154401.0,0.4465760886669159,blur,pnp_hqs,wavelet,15.0,fixed10p0,0.4,0.5,0.0,0.15,vanilla,False,0,20,adjoint,0.007393966776496347,21.31122505185244,0.30189687688227407,14,0.0046003962806770195,23.372047563404696,0.487854626508248,10.0,none
val_images,none,test002.png,1,rot90_padded,90.0,True,0,588,588,154401.0,0.4465760886669159,blur,pnp_hqs,wavelet,15.0,fixed10p0,0.4,0.5,0.0,0.15,vanilla,False,0,20,adjoint,0.007393966776496347,21.31122505185244,0.30189687688227407,15,0.004704489800503235,23.274874686959436,0.4794316524018627,10.0,none
val_images,none,test002.png,1,rot90_padded,90.0,True,0,588,588,154401.0,0.4465760886669159,blur,pnp_hqs,wavelet,15.0,fixed10p0,0.4,0.5,0.0,0.15,vanilla,False,0,20,adjoint,0.007393966776496347,21.31122505185244,0.30189687688227407,16,0.004808373414512981,23.180018127263615,0.4715052039818395,10.0,none
val_images,none,test002.png,1,rot90_padded,90.0,True,0,588,588,154401.0,0.4465760886669159,blur,pnp_hqs,wavelet,15.0,fixed10p0,0.4,0.5,0.0,0.15,vanilla,False,0,20,adjoint,0.007393966776496347,21.31122505185244,0.30189687688227407,17,0.004911891373381042,23.08751246195644,0.4640295399641194,10.0,none
val_images,none,test002.png,1,rot90_padded,90.0,True,0,588,588,154401.0,0.4465760886669159,blur,pnp_hqs,wavelet,15.0,fixed10p0,0.4,0.5,0.0,0.15,vanilla,False,0,20,adjoint,0.007393966776496347,21.31122505185244,0.30189687688227407,18,0.005014952362147711,22.997331880582475,0.4569652945091029,10.0,none
val_images,none,test002.png,1,rot90_padded,90.0,True,0,588,588,154401.0,0.4465760886669159,blur,pnp_hqs,wavelet,15.0,fixed10p0,0.4,0.5,0.0,0.15,vanilla,False,0,20,adjoint,0.007393966776496347,21.31122505185244,0.30189687688227407,19,0.005117588795647171,22.909346131256378,0.4502761377031237,10.0,none
val_images,none,test002.png,1,rot90_padded,90.0,True,0,588,588,154401.0,0.4465760886669159,blur,pnp_hqs,wavelet,15.0,fixed10p0,0.4,0.5,0.0,0.15,vanilla,False,0,20,adjoint,0.007393966776496347,21.31122505185244,0.30189687688227407,20,0.005219684059536937,22.82355783463684,0.4439341896263625,10.0,none
val_images,none,test002.png,1,rot90_padded,90.0,True,0,588,588,154401.0,0.4465760886669159,blur,pnp_hqs,wavelet,15.0,fixed10p0,0.4,0.5,0.0,0.15,G16_fixed,False,16,20,adjoint,0.007393966776496347,21.31122505185244,0.30189687688227407,1,0.003521134889326332,24.53317337449557,0.7010265679950259,10.0,0;22.5;45;67.5;90;112.5;135;157.5;180;202.5;225;247.5;270;292.5;315;337.5
val_images,none,test002.png,1,rot90_padded,90.0,True,0,588,588,154401.0,0.4465760886669159,blur,pnp_hqs,wavelet,15.0,fixed10p0,0.4,0.5,0.0,0.15,G16_fixed,False,16,20,adjoint,0.007393966776496347,21.31122505185244,0.30189687688227407,2,0.0033056728935658003,24.807401234045585,0.6979241552839683,10.0,0;22.5;45;67.5;90;112.5;135;157.5;180;202.5;225;247.5;270;292.5;315;337.5
val_images,none,test002.png,1,rot90_padded,90.0,True,0,588,588,154401.0,0.4465760886669159,blur,pnp_hqs,wavelet,15.0,fixed10p0,0.4,0.5,0.0,0.15,G16_fixed,False,16,20,adjoint,0.007393966776496347,21.31122505185244,0.30189687688227407,3,0.003224819030985065,24.914946518968648,0.6931118078898453,10.0,0;22.5;45;67.5;90;112.5;135;157.5;180;202.5;225;247.5;270;292.5;315;337.5
val_images,none,test002.png,1,rot90_padded,90.0,True,0,588,588,154401.0,0.4465760886669159,blur,pnp_hqs,wavelet,15.0,fixed10p0,0.4,0.5,0.0,0.15,G16_fixed,False,16,20,adjoint,0.007393966776496347,21.31122505185244,0.30189687688227407,4,0.003190668421963143,24.961183258578604,0.6890080962072784,10.0,0;22.5;45;67.5;90;112.5;135;157.5;180;202.5;225;247.5;270;292.5;315;337.5
val_images,none,test002.png,1,rot90_padded,90.0,True,0,588,588,154401.0,0.4465760886669159,blur,pnp_hqs,wavelet,15.0,fixed10p0,0.4,0.5,0.0,0.15,G16_fixed,False,16,20,adjoint,0.007393966776496347,21.31122505185244,0.30189687688227407,5,0.0031751768983442467,24.98232073888659,0.6859136781011781,10.0,0;22.5;45;67.5;90;112.5;135;157.5;180;202.5;225;247.5;270;292.5;315;337.5
val_images,none,test002.png,1,rot90_padded,90.0,True,0,588,588,154401.0,0.4465760886669159,blur,pnp_hqs,wavelet,15.0,fixed10p0,0.4,0.5,0.0,0.15,G16_fixed,False,16,20,adjoint,0.007393966776496347,21.31122505185244,0.30189687688227407,6,0.00316786992270482,24.992326594724812,0.6836797426020557,10.0,0;22.5;45;67.5;90;112.5;135;157.5;180;202.5;225;247.5;270;292.5;315;337.5
val_images,none,test002.png,1,rot90_padded,90.0,True,0,588,588,154401.0,0.4465760886669159,blur,pnp_hqs,wavelet,15.0,fixed10p0,0.4,0.5,0.0,0.15,G16_fixed,False,16,20,adjoint,0.007393966776496347,21.31122505185244,0.30189687688227407,7,0.0031643653652360573,24.99713377593772,0.6820978227958369,10.0,0;22.5;45;67.5;90;112.5;135;157.5;180;202.5;225;247.5;270;292.5;315;337.5
val_images,none,test002.png,1,rot90_padded,90.0,True,0,588,588,154401.0,0.4465760886669159,blur,pnp_hqs,wavelet,15.0,fixed10p0,0.4,0.5,0.0,0.15,G16_fixed,False,16,20,adjoint,0.007393966776496347,21.31122505185244,0.30189687688227407,8,0.003162687106961439,24.99943771866041,0.6809879894722184,10.0,0;22.5;45;67.5;90;112.5;135;157.5;180;202.5;225;247.5;270;292.5;315;337.5
val_images,none,test002.png,1,rot90_padded,90.0,True,0,588,588,154401.0,0.4465760886669159,blur,pnp_hqs,wavelet,15.0,fixed10p0,0.4,0.5,0.0,0.15,G16_fixed,False,16,20,adjoint,0.007393966776496347,21.31122505185244,0.30189687688227407,9,0.0031618988730668235,25.000520242113275,0.6802136259642101,10.0,0;22.5;45;67.5;90;112.5;135;157.5;180;202.5;225;247.5;270;292.5;315;337.5
val_images,none,test002.png,1,rot90_padded,90.0,True,0,588,588,154401.0,0.4465760886669159,blur,pnp_hqs,wavelet,15.0,fixed10p0,0.4,0.5,0.0,0.15,G16_fixed,False,16,20,adjoint,0.007393966776496347,21.31122505185244,0.30189687688227407,10,0.003161545274662243,25.00100594526014,0.679674850308612,10.0,0;22.5;45;67.5;90;112.5;135;157.5;180;202.5;225;247.5;270;292.5;315;337.5
val_images,none,test002.png,1,rot90_padded,90.0,True,0,588,588,154401.0,0.4465760886669159,blur,pnp_hqs,wavelet,15.0,fixed10p0,0.4,0.5,0.0,0.15,G16_fixed,False,16,20,adjoint,0.007393966776496347,21.31122505185244,0.30189687688227407,11,0.0031614041515426955,25.00119980729498,0.6793002170484647,10.0,0;22.5;45;67.5;90;112.5;135;157.5;180;202.5;225;247.5;270;292.5;315;337.5
val_images,none,test002.png,1,rot90_padded,90.0,True,0,588,588,154401.0,0.4465760886669159,blur,pnp_hqs,wavelet,15.0,fixed10p0,0.4,0.5,0.0,0.15,G16_fixed,False,16,20,adjoint,0.007393966776496347,21.31122505185244,0.30189687688227407,12,0.003161362842394257,25.001256555662387,0.6790399875972306,10.0,0;22.5;45;67.5;90;112.5;135;157.5;180;202.5;225;247.5;270;292.5;315;337.5
val_images,none,test002.png,1,rot90_padded,90.0,True,0,588,588,154401.0,0.4465760886669159,blur,pnp_hqs,wavelet,15.0,fixed10p0,0.4,0.5,0.0,0.15,G16_fixed,False,16,20,adjoint,0.007393966776496347,21.31122505185244,0.30189687688227407,13,0.003161365214211392,25.001253297362855,0.6788591476091476,10.0,0;22.5;45;67.5;90;112.5;135;157.5;180;202.5;225;247.5;270;292.5;315;337.5
val_images,none,test002.png,1,rot90_padded,90.0,True,0,588,588,154401.0,0.4465760886669159,blur,pnp_hqs,wavelet,15.0,fixed10p0,0.4,0.5,0.0,0.15,G16_fixed,False,16,20,adjoint,0.007393966776496347,21.31122505185244,0.30189687688227407,14,0.0031613853746570416,25.001225601915515,0.6787332072816886,10.0,0;22.5;45;67.5;90;112.5;135;157.5;180;202.5;225;247.5;270;292.5;315;337.5
val_images,none,test002.png,1,rot90_padded,90.0,True,0,588,588,154401.0,0.4465760886669159,blur,pnp_hqs,wavelet,15.0,fixed10p0,0.4,0.5,0.0,0.15,G16_fixed,False,16,20,adjoint,0.007393966776496347,21.31122505185244,0.30189687688227407,15,0.003161409685782678,25.001192204699215,0.6786459244111114,10.0,0;22.5;45;67.5;90;112.5;135;157.5;180;202.5;225;247.5;270;292.5;315;337.5
val_images,none,test002.png,1,rot90_padded,90.0,True,0,588,588,154401.0,0.4465760886669159,blur,pnp_hqs,wavelet,15.0,fixed10p0,0.4,0.5,0.0,0.15,G16_fixed,False,16,20,adjoint,0.007393966776496347,21.31122505185244,0.30189687688227407,16,0.0031614328109997466,25.001160436853755,0.6785849022998556,10.0,0;22.5;45;67.5;90;112.5;135;157.5;180;202.5;225;247.5;270;292.5;315;337.5
val_images,none,test002.png,1,rot90_padded,90.0,True,0,588,588,154401.0,0.4465760886669159,blur,pnp_hqs,wavelet,15.0,fixed10p0,0.4,0.5,0.0,0.15,G16_fixed,False,16,20,adjoint,0.007393966776496347,21.31122505185244,0.30189687688227407,17,0.0031614527737939685,25.00113301351592,0.6785426017318541,10.0,0;22.5;45;67.5;90;112.5;135;157.5;180;202.5;225;247.5;270;292.5;315;337.5
val_images,none,test002.png,1,rot90_padded,90.0,True,0,588,588,154401.0,0.4465760886669159,blur,pnp_hqs,wavelet,15.0,fixed10p0,0.4,0.5,0.0,0.15,G16_fixed,False,16,20,adjoint,0.007393966776496347,21.31122505185244,0.30189687688227407,18,0.0031614679929539194,25.001112106731128,0.6785129508552405,10.0,0;22.5;45;67.5;90;112.5;135;157.5;180;202.5;225;247.5;270;292.5;315;337.5
val_images,none,test002.png,1,rot90_padded,90.0,True,0,588,588,154401.0,0.4465760886669159,blur,pnp_hqs,wavelet,15.0,fixed10p0,0.4,0.5,0.0,0.15,G16_fixed,False,16,20,adjoint,0.007393966776496347,21.31122505185244,0.30189687688227407,19,0.0031614808402967353,25.001094458224905,0.6784924077564265,10.0,0;22.5;45;67.5;90;112.5;135;157.5;180;202.5;225;247.5;270;292.5;315;337.5
val_images,none,test002.png,1,rot90_padded,90.0,True,0,588,588,154401.0,0.4465760886669159,blur,pnp_hqs,wavelet,15.0,fixed10p0,0.4,0.5,0.0,0.15,G16_fixed,False,16,20,adjoint,0.007393966776496347,21.31122505185244,0.30189687688227407,20,0.0031614901299138486,25.001081697042004,0.6784778353119475,10.0,0;22.5;45;67.5;90;112.5;135;157.5;180;202.5;225;247.5;270;292.5;315;337.5
