dataset,eval_mask,file,image_index,input_pose,input_angle_deg,input_rotate_expand,input_height,input_width,eval_mask_pixels,eval_mask_fraction,problem,algorithm,denoiser,train_sigma,schedule,rho,step,red_input_sigma,lambda,mode,group_expand,base_group_size,num_iter,degraded_se,degraded_psnr,degraded_ssim,iteration,se,psnr,ssim,effective_denoiser_sigma,sampled_angles
val_images_circle,circle,test001.png,0,upright,0.0,False,321,321,80892.0,0.7850467562675476,inpaint,pnp_hqs,wavelet,15.0,fixed15p0,0.8,0.5,0.0,0.15,vanilla,True,0,20,0.0676270979940847,11.698792485675087,0.22031557605356525,1,0.06336255053033675,11.981673494274464,0.2366854445974262,15.0,none
val_images_circle,circle,test001.png,0,upright,0.0,False,321,321,80892.0,0.7850467562675476,inpaint,pnp_hqs,wavelet,15.0,fixed15p0,0.8,0.5,0.0,0.15,vanilla,True,0,20,0.0676270979940847,11.698792485675087,0.22031557605356525,2,0.05916927865626391,12.279037252559226,0.2565987385186421,15.0,none
val_images_circle,circle,test001.png,0,upright,0.0,False,321,321,80892.0,0.7850467562675476,inpaint,pnp_hqs,wavelet,15.0,fixed15p0,0.8,0.5,0.0,0.15,vanilla,True,0,20,0.0676270979940847,11.698792485675087,0.22031557605356525,3,0.05499327638433034,12.596904051908751,0.2781370531078475,15.0,none
val_images_circle,circle,test001.png,0,upright,0.0,False,321,321,80892.0,0.7850467562675476,inpaint,pnp_hqs,wavelet,15.0,fixed15p0,0.8,0.5,0.0,0.15,vanilla,True,0,20,0.0676270979940847,11.698792485675087,0.22031557605356525,4,0.05089891387784021,12.932914848910087,0.30008394680561734,15.0,none
val_images_circle,circle,test001.png,0,upright,0.0,False,321,321,80892.0,0.7850467562675476,inpaint,pnp_hqs,wavelet,15.0,fixed15p0,0.8,0.5,0.0,0.15,vanilla,True,0,20,0.0676270979940847,11.698792485675087,0.22031557605356525,5,0.04693065689148031,13.285433668966354,0.3220221483583049,15.0,none
val_images_circle,circle,test001.png,0,upright,0.0,False,321,321,80892.0,0.7850467562675476,inpaint,pnp_hqs,wavelet,15.0,fixed15p0,0.8,0.5,0.0,0.15,vanilla,True,0,20,0.0676270979940847,11.698792485675087,0.22031557605356525,6,0.043115725722645624,13.653642994696941,0.3435696862792365,15.0,none
val_images_circle,circle,test001.png,0,upright,0.0,False,321,321,80892.0,0.7850467562675476,inpaint,pnp_hqs,wavelet,15.0,fixed15p0,0.8,0.5,0.0,0.15,vanilla,True,0,20,0.0676270979940847,11.698792485675087,0.22031557605356525,7,0.03946891210850578,14.037448440069202,0.36457285446953963,15.0,none
val_images_circle,circle,test001.png,0,upright,0.0,False,321,321,80892.0,0.7850467562675476,inpaint,pnp_hqs,wavelet,15.0,fixed15p0,0.8,0.5,0.0,0.15,vanilla,True,0,20,0.0676270979940847,11.698792485675087,0.22031557605356525,8,0.035996478618868365,14.437399823214609,0.38460182635489293,15.0,none
val_images_circle,circle,test001.png,0,upright,0.0,False,321,321,80892.0,0.7850467562675476,inpaint,pnp_hqs,wavelet,15.0,fixed15p0,0.8,0.5,0.0,0.15,vanilla,True,0,20,0.0676270979940847,11.698792485675087,0.22031557605356525,9,0.0326985912495596,14.854709576064353,0.40351059804276074,15.0,none
val_images_circle,circle,test001.png,0,upright,0.0,False,321,321,80892.0,0.7850467562675476,inpaint,pnp_hqs,wavelet,15.0,fixed15p0,0.8,0.5,0.0,0.15,vanilla,True,0,20,0.0676270979940847,11.698792485675087,0.22031557605356525,10,0.029569343567271793,15.291583166059755,0.4211999100652722,15.0,none
val_images_circle,circle,test001.png,0,upright,0.0,False,321,321,80892.0,0.7850467562675476,inpaint,pnp_hqs,wavelet,15.0,fixed15p0,0.8,0.5,0.0,0.15,vanilla,True,0,20,0.0676270979940847,11.698792485675087,0.22031557605356525,11,0.02659905650628307,15.751337679321686,0.43754065992310737,15.0,none
val_images_circle,circle,test001.png,0,upright,0.0,False,321,321,80892.0,0.7850467562675476,inpaint,pnp_hqs,wavelet,15.0,fixed15p0,0.8,0.5,0.0,0.15,vanilla,True,0,20,0.0676270979940847,11.698792485675087,0.22031557605356525,12,0.023775849292594603,16.238639607628052,0.45237279142251396,15.0,none
val_images_circle,circle,test001.png,0,upright,0.0,False,321,321,80892.0,0.7850467562675476,inpaint,pnp_hqs,wavelet,15.0,fixed15p0,0.8,0.5,0.0,0.15,vanilla,True,0,20,0.0676270979940847,11.698792485675087,0.22031557605356525,13,0.02108325966740376,16.760622423150927,0.46536006341789055,15.0,none
val_images_circle,circle,test001.png,0,upright,0.0,False,321,321,80892.0,0.7850467562675476,inpaint,pnp_hqs,wavelet,15.0,fixed15p0,0.8,0.5,0.0,0.15,vanilla,True,0,20,0.0676270979940847,11.698792485675087,0.22031557605356525,14,0.018469362627214374,17.335480916880712,0.47738308678546704,15.0,none
val_images_circle,circle,test001.png,0,upright,0.0,False,321,321,80892.0,0.7850467562675476,inpaint,pnp_hqs,wavelet,15.0,fixed15p0,0.8,0.5,0.0,0.15,vanilla,True,0,20,0.0676270979940847,11.698792485675087,0.22031557605356525,15,0.015662404895860377,18.051415530818122,0.48916809024687236,15.0,none
val_images_circle,circle,test001.png,0,upright,0.0,False,321,321,80892.0,0.7850467562675476,inpaint,pnp_hqs,wavelet,15.0,fixed15p0,0.8,0.5,0.0,0.15,vanilla,True,0,20,0.0676270979940847,11.698792485675087,0.22031557605356525,16,0.013268333110234943,18.771836337668987,0.5010854074723088,15.0,none
val_images_circle,circle,test001.png,0,upright,0.0,False,321,321,80892.0,0.7850467562675476,inpaint,pnp_hqs,wavelet,15.0,fixed15p0,0.8,0.5,0.0,0.15,vanilla,True,0,20,0.0676270979940847,11.698792485675087,0.22031557605356525,17,0.011170253009510366,19.519369898754565,0.5096143816755674,15.0,none
val_images_circle,circle,test001.png,0,upright,0.0,False,321,321,80892.0,0.7850467562675476,inpaint,pnp_hqs,wavelet,15.0,fixed15p0,0.8,0.5,0.0,0.15,vanilla,True,0,20,0.0676270979940847,11.698792485675087,0.22031557605356525,18,0.009470495738869033,20.23627286992474,0.5215361898426297,15.0,none
val_images_circle,circle,test001.png,0,upright,0.0,False,321,321,80892.0,0.7850467562675476,inpaint,pnp_hqs,wavelet,15.0,fixed15p0,0.8,0.5,0.0,0.15,vanilla,True,0,20,0.0676270979940847,11.698792485675087,0.22031557605356525,19,0.008322131331358479,20.797654348980053,0.5283305016256243,15.0,none
val_images_circle,circle,test001.png,0,upright,0.0,False,321,321,80892.0,0.7850467562675476,inpaint,pnp_hqs,wavelet,15.0,fixed15p0,0.8,0.5,0.0,0.15,vanilla,True,0,20,0.0676270979940847,11.698792485675087,0.22031557605356525,20,0.007362134460289259,21.32996254964821,0.5391846729281017,15.0,none
val_images_circle,circle,test001.png,0,upright,0.0,False,321,321,80892.0,0.7850467562675476,inpaint,pnp_hqs,wavelet,15.0,fixed15p0,0.8,0.5,0.0,0.15,G16_fixed,True,16,20,0.0676270979940847,11.698792485675087,0.22031557605356525,1,0.051797241035887356,12.856933722007183,0.29741922486154376,15.0,0;22.5;45;67.5;90;112.5;135;157.5;180;202.5;225;247.5;270;292.5;315;337.5
val_images_circle,circle,test001.png,0,upright,0.0,False,321,321,80892.0,0.7850467562675476,inpaint,pnp_hqs,wavelet,15.0,fixed15p0,0.8,0.5,0.0,0.15,G16_fixed,True,16,20,0.0676270979940847,11.698792485675087,0.22031557605356525,2,0.034571926583052096,14.612764179388027,0.3295038398033798,15.0,0;22.5;45;67.5;90;112.5;135;157.5;180;202.5;225;247.5;270;292.5;315;337.5
val_images_circle,circle,test001.png,0,upright,0.0,False,321,321,80892.0,0.7850467562675476,inpaint,pnp_hqs,wavelet,15.0,fixed15p0,0.8,0.5,0.0,0.15,G16_fixed,True,16,20,0.0676270979940847,11.698792485675087,0.22031557605356525,3,0.023259695834318445,16.333959688139675,0.3498515478199328,15.0,0;22.5;45;67.5;90;112.5;135;157.5;180;202.5;225;247.5;270;292.5;315;337.5
val_images_circle,circle,test001.png,0,upright,0.0,False,321,321,80892.0,0.7850467562675476,inpaint,pnp_hqs,wavelet,15.0,fixed15p0,0.8,0.5,0.0,0.15,G16_fixed,True,16,20,0.0676270979940847,11.698792485675087,0.22031557605356525,4,0.016573589185175142,17.80583430354314,0.3690162066010854,15.0,0;22.5;45;67.5;90;112.5;135;157.5;180;202.5;225;247.5;270;292.5;315;337.5
val_images_circle,circle,test001.png,0,upright,0.0,False,321,321,80892.0,0.7850467562675476,inpaint,pnp_hqs,wavelet,15.0,fixed15p0,0.8,0.5,0.0,0.15,G16_fixed,True,16,20,0.0676270979940847,11.698792485675087,0.22031557605356525,5,0.012885505990529811,18.898985228189076,0.38067432888913616,15.0,0;22.5;45;67.5;90;112.5;135;157.5;180;202.5;225;247.5;270;292.5;315;337.5
val_images_circle,circle,test001.png,0,upright,0.0,False,321,321,80892.0,0.7850467562675476,inpaint,pnp_hqs,wavelet,15.0,fixed15p0,0.8,0.5,0.0,0.15,G16_fixed,True,16,20,0.0676270979940847,11.698792485675087,0.22031557605356525,6,0.01083255034611156,19.652692838317712,0.3881008735026331,15.0,0;22.5;45;67.5;90;112.5;135;157.5;180;202.5;225;247.5;270;292.5;315;337.5
val_images_circle,circle,test001.png,0,upright,0.0,False,321,321,80892.0,0.7850467562675476,inpaint,pnp_hqs,wavelet,15.0,fixed15p0,0.8,0.5,0.0,0.15,G16_fixed,True,16,20,0.0676270979940847,11.698792485675087,0.22031557605356525,7,0.009674382376009448,20.143767512964295,0.39300418497811895,15.0,0;22.5;45;67.5;90;112.5;135;157.5;180;202.5;225;247.5;270;292.5;315;337.5
val_images_circle,circle,test001.png,0,upright,0.0,False,321,321,80892.0,0.7850467562675476,inpaint,pnp_hqs,wavelet,15.0,fixed15p0,0.8,0.5,0.0,0.15,G16_fixed,True,16,20,0.0676270979940847,11.698792485675087,0.22031557605356525,8,0.009010074624721465,20.452716120208777,0.3963239566335361,15.0,0;22.5;45;67.5;90;112.5;135;157.5;180;202.5;225;247.5;270;292.5;315;337.5
val_images_circle,circle,test001.png,0,upright,0.0,False,321,321,80892.0,0.7850467562675476,inpaint,pnp_hqs,wavelet,15.0,fixed15p0,0.8,0.5,0.0,0.15,G16_fixed,True,16,20,0.0676270979940847,11.698792485675087,0.22031557605356525,9,0.008621909984676714,20.643965156229637,0.398601564238429,15.0,0;22.5;45;67.5;90;112.5;135;157.5;180;202.5;225;247.5;270;292.5;315;337.5
val_images_circle,circle,test001.png,0,upright,0.0,False,321,321,80892.0,0.7850467562675476,inpaint,pnp_hqs,wavelet,15.0,fixed15p0,0.8,0.5,0.0,0.15,G16_fixed,True,16,20,0.0676270979940847,11.698792485675087,0.22031557605356525,10,0.00839048539449204,20.76212914254524,0.4001758324370766,15.0,0;22.5;45;67.5;90;112.5;135;157.5;180;202.5;225;247.5;270;292.5;315;337.5
val_images_circle,circle,test001.png,0,upright,0.0,False,321,321,80892.0,0.7850467562675476,inpaint,pnp_hqs,wavelet,15.0,fixed15p0,0.8,0.5,0.0,0.15,G16_fixed,True,16,20,0.0676270979940847,11.698792485675087,0.22031557605356525,11,0.008249283308493114,20.83583780987903,0.40128398435568413,15.0,0;22.5;45;67.5;90;112.5;135;157.5;180;202.5;225;247.5;270;292.5;315;337.5
val_images_circle,circle,test001.png,0,upright,0.0,False,321,321,80892.0,0.7850467562675476,inpaint,pnp_hqs,wavelet,15.0,fixed15p0,0.8,0.5,0.0,0.15,G16_fixed,True,16,20,0.0676270979940847,11.698792485675087,0.22031557605356525,12,0.00816101955505682,20.88255581506512,0.4020771184495995,15.0,0;22.5;45;67.5;90;112.5;135;157.5;180;202.5;225;247.5;270;292.5;315;337.5
val_images_circle,circle,test001.png,0,upright,0.0,False,321,321,80892.0,0.7850467562675476,inpaint,pnp_hqs,wavelet,15.0,fixed15p0,0.8,0.5,0.0,0.15,G16_fixed,True,16,20,0.0676270979940847,11.698792485675087,0.22031557605356525,13,0.008104509294124419,20.912732753627225,0.402647299022153,15.0,0;22.5;45;67.5;90;112.5;135;157.5;180;202.5;225;247.5;270;292.5;315;337.5
val_images_circle,circle,test001.png,0,upright,0.0,False,321,321,80892.0,0.7850467562675476,inpaint,pnp_hqs,wavelet,15.0,fixed15p0,0.8,0.5,0.0,0.15,G16_fixed,True,16,20,0.0676270979940847,11.698792485675087,0.22031557605356525,14,0.008067449216866703,20.932637597206462,0.4030606105208179,15.0,0;22.5;45;67.5;90;112.5;135;157.5;180;202.5;225;247.5;270;292.5;315;337.5
val_images_circle,circle,test001.png,0,upright,0.0,False,321,321,80892.0,0.7850467562675476,inpaint,pnp_hqs,wavelet,15.0,fixed15p0,0.8,0.5,0.0,0.15,G16_fixed,True,16,20,0.0676270979940847,11.698792485675087,0.22031557605356525,15,0.008042641140637363,20.946013089075436,0.4033614070303615,15.0,0;22.5;45;67.5;90;112.5;135;157.5;180;202.5;225;247.5;270;292.5;315;337.5
val_images_circle,circle,test001.png,0,upright,0.0,False,321,321,80892.0,0.7850467562675476,inpaint,pnp_hqs,wavelet,15.0,fixed15p0,0.8,0.5,0.0,0.15,G16_fixed,True,16,20,0.0676270979940847,11.698792485675087,0.22031557605356525,16,0.008025745029107096,20.95514641538481,0.40358035250704644,15.0,0;22.5;45;67.5;90;112.5;135;157.5;180;202.5;225;247.5;270;292.5;315;337.5
val_images_circle,circle,test001.png,0,upright,0.0,False,321,321,80892.0,0.7850467562675476,inpaint,pnp_hqs,wavelet,15.0,fixed15p0,0.8,0.5,0.0,0.15,G16_fixed,True,16,20,0.0676270979940847,11.698792485675087,0.22031557605356525,17,0.008014042323358228,20.961483683230348,0.4037403362662562,15.0,0;22.5;45;67.5;90;112.5;135;157.5;180;202.5;225;247.5;270;292.5;315;337.5
val_images_circle,circle,test001.png,0,upright,0.0,False,321,321,80892.0,0.7850467562675476,inpaint,pnp_hqs,wavelet,15.0,fixed15p0,0.8,0.5,0.0,0.15,G16_fixed,True,16,20,0.0676270979940847,11.698792485675087,0.22031557605356525,18,0.008005833829751396,20.96593428416646,0.40385731805215597,15.0,0;22.5;45;67.5;90;112.5;135;157.5;180;202.5;225;247.5;270;292.5;315;337.5
val_images_circle,circle,test001.png,0,upright,0.0,False,321,321,80892.0,0.7850467562675476,inpaint,pnp_hqs,wavelet,15.0,fixed15p0,0.8,0.5,0.0,0.15,G16_fixed,True,16,20,0.0676270979940847,11.698792485675087,0.22031557605356525,19,0.008000014166989242,20.96909243928081,0.4039427666672848,15.0,0;22.5;45;67.5;90;112.5;135;157.5;180;202.5;225;247.5;270;292.5;315;337.5
val_images_circle,circle,test001.png,0,upright,0.0,False,321,321,80892.0,0.7850467562675476,inpaint,pnp_hqs,wavelet,15.0,fixed15p0,0.8,0.5,0.0,0.15,G16_fixed,True,16,20,0.0676270979940847,11.698792485675087,0.22031557605356525,20,0.007995850689856924,20.971353242558543,0.40400544669126737,15.0,0;22.5;45;67.5;90;112.5;135;157.5;180;202.5;225;247.5;270;292.5;315;337.5
val_images_circle,circle,test001.png,0,rot45_padded,45.0,False,321,321,80883.0,0.7849593758583069,inpaint,pnp_hqs,wavelet,15.0,fixed15p0,0.8,0.5,0.0,0.15,vanilla,False,0,20,0.06822988988531274,11.66025329617641,0.22236391995227675,1,0.06401249287164794,11.937352595200414,0.23809840487185194,15.0,none
val_images_circle,circle,test001.png,0,rot45_padded,45.0,False,321,321,80883.0,0.7849593758583069,inpaint,pnp_hqs,wavelet,15.0,fixed15p0,0.8,0.5,0.0,0.15,vanilla,False,0,20,0.06822988988531274,11.66025329617641,0.22236391995227675,2,0.059884375328406465,12.22686476338916,0.2574130514910426,15.0,none
val_images_circle,circle,test001.png,0,rot45_padded,45.0,False,321,321,80883.0,0.7849593758583069,inpaint,pnp_hqs,wavelet,15.0,fixed15p0,0.8,0.5,0.0,0.15,vanilla,False,0,20,0.06822988988531274,11.66025329617641,0.22236391995227675,3,0.055776964295649274,12.535451262392902,0.27821622455429446,15.0,none
val_images_circle,circle,test001.png,0,rot45_padded,45.0,False,321,321,80883.0,0.7849593758583069,inpaint,pnp_hqs,wavelet,15.0,fixed15p0,0.8,0.5,0.0,0.15,vanilla,False,0,20,0.06822988988531274,11.66025329617641,0.22236391995227675,4,0.051752409489246816,12.860694255130944,0.2993349334455324,15.0,none
val_images_circle,circle,test001.png,0,rot45_padded,45.0,False,321,321,80883.0,0.7849593758583069,inpaint,pnp_hqs,wavelet,15.0,fixed15p0,0.8,0.5,0.0,0.15,vanilla,False,0,20,0.06822988988531274,11.66025329617641,0.22236391995227675,5,0.047853980271851004,13.200819337866047,0.3203381446812062,15.0,none
val_images_circle,circle,test001.png,0,rot45_padded,45.0,False,321,321,80883.0,0.7849593758583069,inpaint,pnp_hqs,wavelet,15.0,fixed15p0,0.8,0.5,0.0,0.15,vanilla,False,0,20,0.06822988988531274,11.66025329617641,0.22236391995227675,6,0.04410593284145772,13.555029881510816,0.3410923223977845,15.0,none
val_images_circle,circle,test001.png,0,rot45_padded,45.0,False,321,321,80883.0,0.7849593758583069,inpaint,pnp_hqs,wavelet,15.0,fixed15p0,0.8,0.5,0.0,0.15,vanilla,False,0,20,0.06822988988531274,11.66025329617641,0.22236391995227675,7,0.04052268629436192,13.923017724887497,0.36134782938781945,15.0,none
val_images_circle,circle,test001.png,0,rot45_padded,45.0,False,321,321,80883.0,0.7849593758583069,inpaint,pnp_hqs,wavelet,15.0,fixed15p0,0.8,0.5,0.0,0.15,vanilla,False,0,20,0.06822988988531274,11.66025329617641,0.22236391995227675,8,0.03711168108950583,14.304893724806453,0.3809905927002584,15.0,none
val_images_circle,circle,test001.png,0,rot45_padded,45.0,False,321,321,80883.0,0.7849593758583069,inpaint,pnp_hqs,wavelet,15.0,fixed15p0,0.8,0.5,0.0,0.15,vanilla,False,0,20,0.06822988988531274,11.66025329617641,0.22236391995227675,9,0.03387734829939542,14.700905907855368,0.3996739986307382,15.0,none
val_images_circle,circle,test001.png,0,rot45_padded,45.0,False,321,321,80883.0,0.7849593758583069,inpaint,pnp_hqs,wavelet,15.0,fixed15p0,0.8,0.5,0.0,0.15,vanilla,False,0,20,0.06822988988531274,11.66025329617641,0.22236391995227675,10,0.03081548625309861,15.112309749275816,0.416972084677868,15.0,none
val_images_circle,circle,test001.png,0,rot45_padded,45.0,False,321,321,80883.0,0.7849593758583069,inpaint,pnp_hqs,wavelet,15.0,fixed15p0,0.8,0.5,0.0,0.15,vanilla,False,0,20,0.06822988988531274,11.66025329617641,0.22236391995227675,11,0.02792019087852979,15.54081616951139,0.43269908386187456,15.0,none
val_images_circle,circle,test001.png,0,rot45_padded,45.0,False,321,321,80883.0,0.7849593758583069,inpaint,pnp_hqs,wavelet,15.0,fixed15p0,0.8,0.5,0.0,0.15,vanilla,False,0,20,0.06822988988531274,11.66025329617641,0.22236391995227675,12,0.02518260455833967,15.98899354179813,0.4467487953278192,15.0,none
val_images_circle,circle,test001.png,0,rot45_padded,45.0,False,321,321,80883.0,0.7849593758583069,inpaint,pnp_hqs,wavelet,15.0,fixed15p0,0.8,0.5,0.0,0.15,vanilla,False,0,20,0.06822988988531274,11.66025329617641,0.22236391995227675,13,0.022589215237982643,16.4609885645165,0.4591002107210415,15.0,none
val_images_circle,circle,test001.png,0,rot45_padded,45.0,False,321,321,80883.0,0.7849593758583069,inpaint,pnp_hqs,wavelet,15.0,fixed15p0,0.8,0.5,0.0,0.15,vanilla,False,0,20,0.06822988988531274,11.66025329617641,0.22236391995227675,14,0.020116963531621294,16.964375713785707,0.4698796699399132,15.0,none
val_images_circle,circle,test001.png,0,rot45_padded,45.0,False,321,321,80883.0,0.7849593758583069,inpaint,pnp_hqs,wavelet,15.0,fixed15p0,0.8,0.5,0.0,0.15,vanilla,False,0,20,0.06822988988531274,11.66025329617641,0.22236391995227675,15,0.017724120991122982,17.514352939824636,0.47952095928687116,15.0,none
val_images_circle,circle,test001.png,0,rot45_padded,45.0,False,321,321,80883.0,0.7849593758583069,inpaint,pnp_hqs,wavelet,15.0,fixed15p0,0.8,0.5,0.0,0.15,vanilla,False,0,20,0.06822988988531274,11.66025329617641,0.22236391995227675,16,0.015092818533019917,18.212296496190614,0.48956729937069593,15.0,none
val_images_circle,circle,test001.png,0,rot45_padded,45.0,False,321,321,80883.0,0.7849593758583069,inpaint,pnp_hqs,wavelet,15.0,fixed15p0,0.8,0.5,0.0,0.15,vanilla,False,0,20,0.06822988988531274,11.66025329617641,0.22236391995227675,17,0.012786330592877985,18.932540709950235,0.49925548322886143,15.0,none
val_images_circle,circle,test001.png,0,rot45_padded,45.0,False,321,321,80883.0,0.7849593758583069,inpaint,pnp_hqs,wavelet,15.0,fixed15p0,0.8,0.5,0.0,0.15,vanilla,False,0,20,0.06822988988531274,11.66025329617641,0.22236391995227675,18,0.010801878695055667,19.665007041483044,0.5092379289374775,15.0,none
val_images_circle,circle,test001.png,0,rot45_padded,45.0,False,321,321,80883.0,0.7849593758583069,inpaint,pnp_hqs,wavelet,15.0,fixed15p0,0.8,0.5,0.0,0.15,vanilla,False,0,20,0.06822988988531274,11.66025329617641,0.22236391995227675,19,0.009223732451262548,20.350933029190713,0.5237135063146767,15.0,none
val_images_circle,circle,test001.png,0,rot45_padded,45.0,False,321,321,80883.0,0.7849593758583069,inpaint,pnp_hqs,wavelet,15.0,fixed15p0,0.8,0.5,0.0,0.15,vanilla,False,0,20,0.06822988988531274,11.66025329617641,0.22236391995227675,20,0.008242028035721737,20.839659125318214,0.5319659743858413,15.0,none
val_images_circle,circle,test001.png,0,rot45_padded,45.0,False,321,321,80883.0,0.7849593758583069,inpaint,pnp_hqs,wavelet,15.0,fixed15p0,0.8,0.5,0.0,0.15,G16_fixed,False,16,20,0.06822988988531274,11.66025329617641,0.22236391995227675,1,0.06358311953106648,11.966581684329933,0.24198410532033926,15.0,0;22.5;45;67.5;90;112.5;135;157.5;180;202.5;225;247.5;270;292.5;315;337.5
val_images_circle,circle,test001.png,0,rot45_padded,45.0,False,321,321,80883.0,0.7849593758583069,inpaint,pnp_hqs,wavelet,15.0,fixed15p0,0.8,0.5,0.0,0.15,G16_fixed,False,16,20,0.06822988988531274,11.66025329617641,0.22236391995227675,2,0.0589848977941131,12.292591687689033,0.2665147400411706,15.0,0;22.5;45;67.5;90;112.5;135;157.5;180;202.5;225;247.5;270;292.5;315;337.5
val_images_circle,circle,test001.png,0,rot45_padded,45.0,False,321,321,80883.0,0.7849593758583069,inpaint,pnp_hqs,wavelet,15.0,fixed15p0,0.8,0.5,0.0,0.15,G16_fixed,False,16,20,0.06822988988531274,11.66025329617641,0.22236391995227675,3,0.05437900921508537,12.645687095168363,0.2942917933929256,15.0,0;22.5;45;67.5;90;112.5;135;157.5;180;202.5;225;247.5;270;292.5;315;337.5
val_images_circle,circle,test001.png,0,rot45_padded,45.0,False,321,321,80883.0,0.7849593758583069,inpaint,pnp_hqs,wavelet,15.0,fixed15p0,0.8,0.5,0.0,0.15,G16_fixed,False,16,20,0.06822988988531274,11.66025329617641,0.22236391995227675,4,0.04981995477842995,13.025966710084091,0.32422469029338674,15.0,0;22.5;45;67.5;90;112.5;135;157.5;180;202.5;225;247.5;270;292.5;315;337.5
val_images_circle,circle,test001.png,0,rot45_padded,45.0,False,321,321,80883.0,0.7849593758583069,inpaint,pnp_hqs,wavelet,15.0,fixed15p0,0.8,0.5,0.0,0.15,G16_fixed,False,16,20,0.06822988988531274,11.66025329617641,0.22236391995227675,5,0.045355634136461,13.43368756621702,0.3556166053512481,15.0,0;22.5;45;67.5;90;112.5;135;157.5;180;202.5;225;247.5;270;292.5;315;337.5
val_images_circle,circle,test001.png,0,rot45_padded,45.0,False,321,321,80883.0,0.7849593758583069,inpaint,pnp_hqs,wavelet,15.0,fixed15p0,0.8,0.5,0.0,0.15,G16_fixed,False,16,20,0.06822988988531274,11.66025329617641,0.22236391995227675,6,0.04102033678758979,13.87000778282831,0.38769025359160764,15.0,0;22.5;45;67.5;90;112.5;135;157.5;180;202.5;225;247.5;270;292.5;315;337.5
val_images_circle,circle,test001.png,0,rot45_padded,45.0,False,321,321,80883.0,0.7849593758583069,inpaint,pnp_hqs,wavelet,15.0,fixed15p0,0.8,0.5,0.0,0.15,G16_fixed,False,16,20,0.06822988988531274,11.66025329617641,0.22236391995227675,7,0.036840021330965714,14.33680127011616,0.41921379685780696,15.0,0;22.5;45;67.5;90;112.5;135;157.5;180;202.5;225;247.5;270;292.5;315;337.5
val_images_circle,circle,test001.png,0,rot45_padded,45.0,False,321,321,80883.0,0.7849593758583069,inpaint,pnp_hqs,wavelet,15.0,fixed15p0,0.8,0.5,0.0,0.15,G16_fixed,False,16,20,0.06822988988531274,11.66025329617641,0.22236391995227675,8,0.032835457664350046,14.83656926088231,0.44835958073699045,15.0,0;22.5;45;67.5;90;112.5;135;157.5;180;202.5;225;247.5;270;292.5;315;337.5
val_images_circle,circle,test001.png,0,rot45_padded,45.0,False,321,321,80883.0,0.7849593758583069,inpaint,pnp_hqs,wavelet,15.0,fixed15p0,0.8,0.5,0.0,0.15,G16_fixed,False,16,20,0.06822988988531274,11.66025329617641,0.22236391995227675,9,0.029022655602846087,15.37262851688225,0.4730632325395942,15.0,0;22.5;45;67.5;90;112.5;135;157.5;180;202.5;225;247.5;270;292.5;315;337.5
val_images_circle,circle,test001.png,0,rot45_padded,45.0,False,321,321,80883.0,0.7849593758583069,inpaint,pnp_hqs,wavelet,15.0,fixed15p0,0.8,0.5,0.0,0.15,G16_fixed,False,16,20,0.06822988988531274,11.66025329617641,0.22236391995227675,10,0.02541104475851693,15.94977478848441,0.49174671091267635,15.0,0;22.5;45;67.5;90;112.5;135;157.5;180;202.5;225;247.5;270;292.5;315;337.5
val_images_circle,circle,test001.png,0,rot45_padded,45.0,False,321,321,80883.0,0.7849593758583069,inpaint,pnp_hqs,wavelet,15.0,fixed15p0,0.8,0.5,0.0,0.15,G16_fixed,False,16,20,0.06822988988531274,11.66025329617641,0.22236391995227675,11,0.02199772440882973,16.576222431688628,0.5046005399002262,15.0,0;22.5;45;67.5;90;112.5;135;157.5;180;202.5;225;247.5;270;292.5;315;337.5
val_images_circle,circle,test001.png,0,rot45_padded,45.0,False,321,321,80883.0,0.7849593758583069,inpaint,pnp_hqs,wavelet,15.0,fixed15p0,0.8,0.5,0.0,0.15,G16_fixed,False,16,20,0.06822988988531274,11.66025329617641,0.22236391995227675,12,0.018757632431838273,17.268219786795534,0.5139665473585302,15.0,0;22.5;45;67.5;90;112.5;135;157.5;180;202.5;225;247.5;270;292.5;315;337.5
val_images_circle,circle,test001.png,0,rot45_padded,45.0,False,321,321,80883.0,0.7849593758583069,inpaint,pnp_hqs,wavelet,15.0,fixed15p0,0.8,0.5,0.0,0.15,G16_fixed,False,16,20,0.06822988988531274,11.66025329617641,0.22236391995227675,13,0.015606536191744557,18.066934761648387,0.5218565126478988,15.0,0;22.5;45;67.5;90;112.5;135;157.5;180;202.5;225;247.5;270;292.5;315;337.5
val_images_circle,circle,test001.png,0,rot45_padded,45.0,False,321,321,80883.0,0.7849593758583069,inpaint,pnp_hqs,wavelet,15.0,fixed15p0,0.8,0.5,0.0,0.15,G16_fixed,False,16,20,0.06822988988531274,11.66025329617641,0.22236391995227675,14,0.01263927814713846,18.982777287171256,0.525443628837333,15.0,0;22.5;45;67.5;90;112.5;135;157.5;180;202.5;225;247.5;270;292.5;315;337.5
val_images_circle,circle,test001.png,0,rot45_padded,45.0,False,321,321,80883.0,0.7849593758583069,inpaint,pnp_hqs,wavelet,15.0,fixed15p0,0.8,0.5,0.0,0.15,G16_fixed,False,16,20,0.06822988988531274,11.66025329617641,0.22236391995227675,15,0.010399912051058705,19.829703333840463,0.5206672465938454,15.0,0;22.5;45;67.5;90;112.5;135;157.5;180;202.5;225;247.5;270;292.5;315;337.5
val_images_circle,circle,test001.png,0,rot45_padded,45.0,False,321,321,80883.0,0.7849593758583069,inpaint,pnp_hqs,wavelet,15.0,fixed15p0,0.8,0.5,0.0,0.15,G16_fixed,False,16,20,0.06822988988531274,11.66025329617641,0.22236391995227675,16,0.008659659637850738,20.624991773023034,0.5208772818453816,15.0,0;22.5;45;67.5;90;112.5;135;157.5;180;202.5;225;247.5;270;292.5;315;337.5
val_images_circle,circle,test001.png,0,rot45_padded,45.0,False,321,321,80883.0,0.7849593758583069,inpaint,pnp_hqs,wavelet,15.0,fixed15p0,0.8,0.5,0.0,0.15,G16_fixed,False,16,20,0.06822988988531274,11.66025329617641,0.22236391995227675,17,0.007506282856342263,21.245750742642542,0.5227332613157276,15.0,0;22.5;45;67.5;90;112.5;135;157.5;180;202.5;225;247.5;270;292.5;315;337.5
val_images_circle,circle,test001.png,0,rot45_padded,45.0,False,321,321,80883.0,0.7849593758583069,inpaint,pnp_hqs,wavelet,15.0,fixed15p0,0.8,0.5,0.0,0.15,G16_fixed,False,16,20,0.06822988988531274,11.66025329617641,0.22236391995227675,18,0.006787583572200741,21.682848101143776,0.5244277903731316,15.0,0;22.5;45;67.5;90;112.5;135;157.5;180;202.5;225;247.5;270;292.5;315;337.5
val_images_circle,circle,test001.png,0,rot45_padded,45.0,False,321,321,80883.0,0.7849593758583069,inpaint,pnp_hqs,wavelet,15.0,fixed15p0,0.8,0.5,0.0,0.15,G16_fixed,False,16,20,0.06822988988531274,11.66025329617641,0.22236391995227675,19,0.006339752460247363,21.979276990973524,0.5258342876438806,15.0,0;22.5;45;67.5;90;112.5;135;157.5;180;202.5;225;247.5;270;292.5;315;337.5
val_images_circle,circle,test001.png,0,rot45_padded,45.0,False,321,321,80883.0,0.7849593758583069,inpaint,pnp_hqs,wavelet,15.0,fixed15p0,0.8,0.5,0.0,0.15,G16_fixed,False,16,20,0.06822988988531274,11.66025329617641,0.22236391995227675,20,0.006057940172842254,22.176750199983392,0.5269719262700444,15.0,0;22.5;45;67.5;90;112.5;135;157.5;180;202.5;225;247.5;270;292.5;315;337.5
val_images_circle,circle,test002.png,1,upright,0.0,False,321,321,80892.0,0.7850467562675476,inpaint,pnp_hqs,wavelet,15.0,fixed15p0,0.8,0.5,0.0,0.15,vanilla,True,0,20,0.15752691232986574,8.026452394749866,0.11224735555972779,1,0.15261481212990777,8.164033136019576,0.11613334803271647,15.0,none
val_images_circle,circle,test002.png,1,upright,0.0,False,321,321,80892.0,0.7850467562675476,inpaint,pnp_hqs,wavelet,15.0,fixed15p0,0.8,0.5,0.0,0.15,vanilla,True,0,20,0.15752691232986574,8.026452394749866,0.11224735555972779,2,0.1477300197524168,8.30531244105199,0.12120216036505464,15.0,none
val_images_circle,circle,test002.png,1,upright,0.0,False,321,321,80892.0,0.7850467562675476,inpaint,pnp_hqs,wavelet,15.0,fixed15p0,0.8,0.5,0.0,0.15,vanilla,True,0,20,0.15752691232986574,8.026452394749866,0.11224735555972779,3,0.1428369215474027,8.451595183881249,0.126909591840046,15.0,none
val_images_circle,circle,test002.png,1,upright,0.0,False,321,321,80892.0,0.7850467562675476,inpaint,pnp_hqs,wavelet,15.0,fixed15p0,0.8,0.5,0.0,0.15,vanilla,True,0,20,0.15752691232986574,8.026452394749866,0.11224735555972779,4,0.1379618836882819,8.602408845435454,0.13299345355922093,15.0,none
val_images_circle,circle,test002.png,1,upright,0.0,False,321,321,80892.0,0.7850467562675476,inpaint,pnp_hqs,wavelet,15.0,fixed15p0,0.8,0.5,0.0,0.15,vanilla,True,0,20,0.15752691232986574,8.026452394749866,0.11224735555972779,5,0.13312363050425258,8.757448469543167,0.13937223251758518,15.0,none
val_images_circle,circle,test002.png,1,upright,0.0,False,321,321,80892.0,0.7850467562675476,inpaint,pnp_hqs,wavelet,15.0,fixed15p0,0.8,0.5,0.0,0.15,vanilla,True,0,20,0.15752691232986574,8.026452394749866,0.11224735555972779,6,0.12833453622963334,8.916564544934184,0.1460066691931835,15.0,none
val_images_circle,circle,test002.png,1,upright,0.0,False,321,321,80892.0,0.7850467562675476,inpaint,pnp_hqs,wavelet,15.0,fixed15p0,0.8,0.5,0.0,0.15,vanilla,True,0,20,0.15752691232986574,8.026452394749866,0.11224735555972779,7,0.123601820173812,9.079751337324604,0.15290970522424963,15.0,none
val_images_circle,circle,test002.png,1,upright,0.0,False,321,321,80892.0,0.7850467562675476,inpaint,pnp_hqs,wavelet,15.0,fixed15p0,0.8,0.5,0.0,0.15,vanilla,True,0,20,0.15752691232986574,8.026452394749866,0.11224735555972779,8,0.11893016643719403,9.247079733414989,0.16011548142507911,15.0,none
val_images_circle,circle,test002.png,1,upright,0.0,False,321,321,80892.0,0.7850467562675476,inpaint,pnp_hqs,wavelet,15.0,fixed15p0,0.8,0.5,0.0,0.15,vanilla,True,0,20,0.15752691232986574,8.026452394749866,0.11224735555972779,9,0.11432282250176161,9.418670618429756,0.16767408628170893,15.0,none
val_images_circle,circle,test002.png,1,upright,0.0,False,321,321,80892.0,0.7850467562675476,inpaint,pnp_hqs,wavelet,15.0,fixed15p0,0.8,0.5,0.0,0.15,vanilla,True,0,20,0.15752691232986574,8.026452394749866,0.11224735555972779,10,0.10978147850683627,9.594709245560747,0.17559190610628986,15.0,none
val_images_circle,circle,test002.png,1,upright,0.0,False,321,321,80892.0,0.7850467562675476,inpaint,pnp_hqs,wavelet,15.0,fixed15p0,0.8,0.5,0.0,0.15,vanilla,True,0,20,0.15752691232986574,8.026452394749866,0.11224735555972779,11,0.10530892318229862,9.775348280106627,0.1839002326211183,15.0,none
val_images_circle,circle,test002.png,1,upright,0.0,False,321,321,80892.0,0.7850467562675476,inpaint,pnp_hqs,wavelet,15.0,fixed15p0,0.8,0.5,0.0,0.15,vanilla,True,0,20,0.15752691232986574,8.026452394749866,0.11224735555972779,12,0.10090790300454619,9.960748189280357,0.19264490481907975,15.0,none
val_images_circle,circle,test002.png,1,upright,0.0,False,321,321,80892.0,0.7850467562675476,inpaint,pnp_hqs,wavelet,15.0,fixed15p0,0.8,0.5,0.0,0.15,vanilla,True,0,20,0.15752691232986574,8.026452394749866,0.11224735555972779,13,0.09658036163379877,10.151111727680473,0.20183296092320624,15.0,none
val_images_circle,circle,test002.png,1,upright,0.0,False,321,321,80892.0,0.7850467562675476,inpaint,pnp_hqs,wavelet,15.0,fixed15p0,0.8,0.5,0.0,0.15,vanilla,True,0,20,0.15752691232986574,8.026452394749866,0.11224735555972779,14,0.09232746405894587,10.346690929602413,0.2115133546117045,15.0,none
val_images_circle,circle,test002.png,1,upright,0.0,False,321,321,80892.0,0.7850467562675476,inpaint,pnp_hqs,wavelet,15.0,fixed15p0,0.8,0.5,0.0,0.15,vanilla,True,0,20,0.15752691232986574,8.026452394749866,0.11224735555972779,15,0.08815030887054653,10.547761616342113,0.22174562707838846,15.0,none
val_images_circle,circle,test002.png,1,upright,0.0,False,321,321,80892.0,0.7850467562675476,inpaint,pnp_hqs,wavelet,15.0,fixed15p0,0.8,0.5,0.0,0.15,vanilla,True,0,20,0.15752691232986574,8.026452394749866,0.11224735555972779,16,0.08404987997113435,10.754629024257147,0.23262440198041834,15.0,none
val_images_circle,circle,test002.png,1,upright,0.0,False,321,321,80892.0,0.7850467562675476,inpaint,pnp_hqs,wavelet,15.0,fixed15p0,0.8,0.5,0.0,0.15,vanilla,True,0,20,0.15752691232986574,8.026452394749866,0.11224735555972779,17,0.08002942484269149,10.96750304292383,0.24420651628869355,15.0,none
val_images_circle,circle,test002.png,1,upright,0.0,False,321,321,80892.0,0.7850467562675476,inpaint,pnp_hqs,wavelet,15.0,fixed15p0,0.8,0.5,0.0,0.15,vanilla,True,0,20,0.15752691232986574,8.026452394749866,0.11224735555972779,18,0.07609073624014118,11.18668213724606,0.2565035595299906,15.0,none
val_images_circle,circle,test002.png,1,upright,0.0,False,321,321,80892.0,0.7850467562675476,inpaint,pnp_hqs,wavelet,15.0,fixed15p0,0.8,0.5,0.0,0.15,vanilla,True,0,20,0.15752691232986574,8.026452394749866,0.11224735555972779,19,0.07223517834736438,11.412512506100947,0.2694466947442269,15.0,none
val_images_circle,circle,test002.png,1,upright,0.0,False,321,321,80892.0,0.7850467562675476,inpaint,pnp_hqs,wavelet,15.0,fixed15p0,0.8,0.5,0.0,0.15,vanilla,True,0,20,0.15752691232986574,8.026452394749866,0.11224735555972779,20,0.06846438094156405,11.645353144024577,0.28301935856605104,15.0,none
val_images_circle,circle,test002.png,1,upright,0.0,False,321,321,80892.0,0.7850467562675476,inpaint,pnp_hqs,wavelet,15.0,fixed15p0,0.8,0.5,0.0,0.15,G16_fixed,True,16,20,0.15752691232986574,8.026452394749866,0.11224735555972779,1,0.1428291469065235,8.451831577629497,0.12723460563158284,15.0,0;22.5;45;67.5;90;112.5;135;157.5;180;202.5;225;247.5;270;292.5;315;337.5
val_images_circle,circle,test002.png,1,upright,0.0,False,321,321,80892.0,0.7850467562675476,inpaint,pnp_hqs,wavelet,15.0,fixed15p0,0.8,0.5,0.0,0.15,G16_fixed,True,16,20,0.15752691232986574,8.026452394749866,0.11224735555972779,2,0.12788982435685853,8.931640090903132,0.1488337410915171,15.0,0;22.5;45;67.5;90;112.5;135;157.5;180;202.5;225;247.5;270;292.5;315;337.5
val_images_circle,circle,test002.png,1,upright,0.0,False,321,321,80892.0,0.7850467562675476,inpaint,pnp_hqs,wavelet,15.0,fixed15p0,0.8,0.5,0.0,0.15,G16_fixed,True,16,20,0.15752691232986574,8.026452394749866,0.11224735555972779,3,0.11243345197145577,9.491044552690788,0.17804619363240493,15.0,0;22.5;45;67.5;90;112.5;135;157.5;180;202.5;225;247.5;270;292.5;315;337.5
val_images_circle,circle,test002.png,1,upright,0.0,False,321,321,80892.0,0.7850467562675476,inpaint,pnp_hqs,wavelet,15.0,fixed15p0,0.8,0.5,0.0,0.15,G16_fixed,True,16,20,0.15752691232986574,8.026452394749866,0.11224735555972779,4,0.09645029334058065,10.156964471698968,0.21784435091696336,15.0,0;22.5;45;67.5;90;112.5;135;157.5;180;202.5;225;247.5;270;292.5;315;337.5
val_images_circle,circle,test002.png,1,upright,0.0,False,321,321,80892.0,0.7850467562675476,inpaint,pnp_hqs,wavelet,15.0,fixed15p0,0.8,0.5,0.0,0.15,G16_fixed,True,16,20,0.15752691232986574,8.026452394749866,0.11224735555972779,5,0.07964409118601036,10.988464390781685,0.2725168328218489,15.0,0;22.5;45;67.5;90;112.5;135;157.5;180;202.5;225;247.5;270;292.5;315;337.5
val_images_circle,circle,test002.png,1,upright,0.0,False,321,321,80892.0,0.7850467562675476,inpaint,pnp_hqs,wavelet,15.0,fixed15p0,0.8,0.5,0.0,0.15,G16_fixed,True,16,20,0.15752691232986574,8.026452394749866,0.11224735555972779,6,0.059730863663124904,12.238012056376988,0.34218703158995945,15.0,0;22.5;45;67.5;90;112.5;135;157.5;180;202.5;225;247.5;270;292.5;315;337.5
val_images_circle,circle,test002.png,1,upright,0.0,False,321,321,80892.0,0.7850467562675476,inpaint,pnp_hqs,wavelet,15.0,fixed15p0,0.8,0.5,0.0,0.15,G16_fixed,True,16,20,0.15752691232986574,8.026452394749866,0.11224735555972779,7,0.03964449645727482,14.018170939487103,0.39997859317825,15.0,0;22.5;45;67.5;90;112.5;135;157.5;180;202.5;225;247.5;270;292.5;315;337.5
val_images_circle,circle,test002.png,1,upright,0.0,False,321,321,80892.0,0.7850467562675476,inpaint,pnp_hqs,wavelet,15.0,fixed15p0,0.8,0.5,0.0,0.15,G16_fixed,True,16,20,0.15752691232986574,8.026452394749866,0.11224735555972779,8,0.026334030588238022,15.79482664317245,0.43855527470269,15.0,0;22.5;45;67.5;90;112.5;135;157.5;180;202.5;225;247.5;270;292.5;315;337.5
val_images_circle,circle,test002.png,1,upright,0.0,False,321,321,80892.0,0.7850467562675476,inpaint,pnp_hqs,wavelet,15.0,fixed15p0,0.8,0.5,0.0,0.15,G16_fixed,True,16,20,0.15752691232986574,8.026452394749866,0.11224735555972779,9,0.018036062212966053,17.438582753225937,0.46909657514031056,15.0,0;22.5;45;67.5;90;112.5;135;157.5;180;202.5;225;247.5;270;292.5;315;337.5
val_images_circle,circle,test002.png,1,upright,0.0,False,321,321,80892.0,0.7850467562675476,inpaint,pnp_hqs,wavelet,15.0,fixed15p0,0.8,0.5,0.0,0.15,G16_fixed,True,16,20,0.15752691232986574,8.026452394749866,0.11224735555972779,10,0.013391293763984695,18.731774627627065,0.4900404435852742,15.0,0;22.5;45;67.5;90;112.5;135;157.5;180;202.5;225;247.5;270;292.5;315;337.5
val_images_circle,circle,test002.png,1,upright,0.0,False,321,321,80892.0,0.7850467562675476,inpaint,pnp_hqs,wavelet,15.0,fixed15p0,0.8,0.5,0.0,0.15,G16_fixed,True,16,20,0.15752691232986574,8.026452394749866,0.11224735555972779,11,0.010781075040399159,19.673379310941215,0.5039928817126539,15.0,0;22.5;45;67.5;90;112.5;135;157.5;180;202.5;225;247.5;270;292.5;315;337.5
val_images_circle,circle,test002.png,1,upright,0.0,False,321,321,80892.0,0.7850467562675476,inpaint,pnp_hqs,wavelet,15.0,fixed15p0,0.8,0.5,0.0,0.15,G16_fixed,True,16,20,0.15752691232986574,8.026452394749866,0.11224735555972779,12,0.009299797703602874,20.31526498453004,0.5127648013709638,15.0,0;22.5;45;67.5;90;112.5;135;157.5;180;202.5;225;247.5;270;292.5;315;337.5
val_images_circle,circle,test002.png,1,upright,0.0,False,321,321,80892.0,0.7850467562675476,inpaint,pnp_hqs,wavelet,15.0,fixed15p0,0.8,0.5,0.0,0.15,G16_fixed,True,16,20,0.15752691232986574,8.026452394749866,0.11224735555972779,13,0.008448855563204643,20.732021142746394,0.5179936095349355,15.0,0;22.5;45;67.5;90;112.5;135;157.5;180;202.5;225;247.5;270;292.5;315;337.5
val_images_circle,circle,test002.png,1,upright,0.0,False,321,321,80892.0,0.7850467562675476,inpaint,pnp_hqs,wavelet,15.0,fixed15p0,0.8,0.5,0.0,0.15,G16_fixed,True,16,20,0.15752691232986574,8.026452394749866,0.11224735555972779,14,0.007952835889596622,20.99477979319905,0.521011135989962,15.0,0;22.5;45;67.5;90;112.5;135;157.5;180;202.5;225;247.5;270;292.5;315;337.5
val_images_circle,circle,test002.png,1,upright,0.0,False,321,321,80892.0,0.7850467562675476,inpaint,pnp_hqs,wavelet,15.0,fixed15p0,0.8,0.5,0.0,0.15,G16_fixed,True,16,20,0.15752691232986574,8.026452394749866,0.11224735555972779,15,0.007658700339843557,21.158449226811204,0.5227352229670424,15.0,0;22.5;45;67.5;90;112.5;135;157.5;180;202.5;225;247.5;270;292.5;315;337.5
val_images_circle,circle,test002.png,1,upright,0.0,False,321,321,80892.0,0.7850467562675476,inpaint,pnp_hqs,wavelet,15.0,fixed15p0,0.8,0.5,0.0,0.15,G16_fixed,True,16,20,0.15752691232986574,8.026452394749866,0.11224735555972779,16,0.007480770922765848,21.260536440805954,0.5237477612897443,15.0,0;22.5;45;67.5;90;112.5;135;157.5;180;202.5;225;247.5;270;292.5;315;337.5
val_images_circle,circle,test002.png,1,upright,0.0,False,321,321,80892.0,0.7850467562675476,inpaint,pnp_hqs,wavelet,15.0,fixed15p0,0.8,0.5,0.0,0.15,G16_fixed,True,16,20,0.15752691232986574,8.026452394749866,0.11224735555972779,17,0.00737081830558028,21.324842942481528,0.5243783764154676,15.0,0;22.5;45;67.5;90;112.5;135;157.5;180;202.5;225;247.5;270;292.5;315;337.5
val_images_circle,circle,test002.png,1,upright,0.0,False,321,321,80892.0,0.7850467562675476,inpaint,pnp_hqs,wavelet,15.0,fixed15p0,0.8,0.5,0.0,0.15,G16_fixed,True,16,20,0.15752691232986574,8.026452394749866,0.11224735555972779,18,0.007301300762610177,21.36599761290534,0.5247922673904712,15.0,0;22.5;45;67.5;90;112.5;135;157.5;180;202.5;225;247.5;270;292.5;315;337.5
val_images_circle,circle,test002.png,1,upright,0.0,False,321,321,80892.0,0.7850467562675476,inpaint,pnp_hqs,wavelet,15.0,fixed15p0,0.8,0.5,0.0,0.15,G16_fixed,True,16,20,0.15752691232986574,8.026452394749866,0.11224735555972779,19,0.007256321929915041,21.3928345785477,0.525074279208698,15.0,0;22.5;45;67.5;90;112.5;135;157.5;180;202.5;225;247.5;270;292.5;315;337.5
val_images_circle,circle,test002.png,1,upright,0.0,False,321,321,80892.0,0.7850467562675476,inpaint,pnp_hqs,wavelet,15.0,fixed15p0,0.8,0.5,0.0,0.15,G16_fixed,True,16,20,0.15752691232986574,8.026452394749866,0.11224735555972779,20,0.007226576232381988,21.41067411635124,0.5252713011638975,15.0,0;22.5;45;67.5;90;112.5;135;157.5;180;202.5;225;247.5;270;292.5;315;337.5
val_images_circle,circle,test002.png,1,rot45_padded,45.0,False,321,321,80883.0,0.7849593758583069,inpaint,pnp_hqs,wavelet,15.0,fixed15p0,0.8,0.5,0.0,0.15,vanilla,False,0,20,0.15760441103971168,8.024316316218583,0.1148417119481226,1,0.15274855926152592,8.160228773716275,0.11843666401236971,15.0,none
val_images_circle,circle,test002.png,1,rot45_padded,45.0,False,321,321,80883.0,0.7849593758583069,inpaint,pnp_hqs,wavelet,15.0,fixed15p0,0.8,0.5,0.0,0.15,vanilla,False,0,20,0.15760441103971168,8.024316316218583,0.1148417119481226,2,0.14790072446465882,8.300296986857777,0.12334984203649098,15.0,none
val_images_circle,circle,test002.png,1,rot45_padded,45.0,False,321,321,80883.0,0.7849593758583069,inpaint,pnp_hqs,wavelet,15.0,fixed15p0,0.8,0.5,0.0,0.15,vanilla,False,0,20,0.15760441103971168,8.024316316218583,0.1148417119481226,3,0.1430431340640184,8.44532983085363,0.128943859784349,15.0,none
val_images_circle,circle,test002.png,1,rot45_padded,45.0,False,321,321,80883.0,0.7849593758583069,inpaint,pnp_hqs,wavelet,15.0,fixed15p0,0.8,0.5,0.0,0.15,vanilla,False,0,20,0.15760441103971168,8.024316316218583,0.1148417119481226,4,0.13820233827333928,8.594846089834004,0.13491715077643016,15.0,none
val_images_circle,circle,test002.png,1,rot45_padded,45.0,False,321,321,80883.0,0.7849593758583069,inpaint,pnp_hqs,wavelet,15.0,fixed15p0,0.8,0.5,0.0,0.15,vanilla,False,0,20,0.15760441103971168,8.024316316218583,0.1148417119481226,5,0.13339819843941247,8.74850035585176,0.1411714224752111,15.0,none
val_images_circle,circle,test002.png,1,rot45_padded,45.0,False,321,321,80883.0,0.7849593758583069,inpaint,pnp_hqs,wavelet,15.0,fixed15p0,0.8,0.5,0.0,0.15,vanilla,False,0,20,0.15760441103971168,8.024316316218583,0.1148417119481226,6,0.1286421121983297,8.90616837776684,0.1476860528865769,15.0,none
val_images_circle,circle,test002.png,1,rot45_padded,45.0,False,321,321,80883.0,0.7849593758583069,inpaint,pnp_hqs,wavelet,15.0,fixed15p0,0.8,0.5,0.0,0.15,vanilla,False,0,20,0.15760441103971168,8.024316316218583,0.1148417119481226,7,0.123940382056489,9.0678716943558,0.15447464914598866,15.0,none
val_images_circle,circle,test002.png,1,rot45_padded,45.0,False,321,321,80883.0,0.7849593758583069,inpaint,pnp_hqs,wavelet,15.0,fixed15p0,0.8,0.5,0.0,0.15,vanilla,False,0,20,0.15760441103971168,8.024316316218583,0.1148417119481226,8,0.11929786166824302,9.233673406884622,0.16153857558912255,15.0,none
val_images_circle,circle,test002.png,1,rot45_padded,45.0,False,321,321,80883.0,0.7849593758583069,inpaint,pnp_hqs,wavelet,15.0,fixed15p0,0.8,0.5,0.0,0.15,vanilla,False,0,20,0.15760441103971168,8.024316316218583,0.1148417119481226,9,0.11471954957314887,9.4036256685654,0.16888904874556457,15.0,none
val_images_circle,circle,test002.png,1,rot45_padded,45.0,False,321,321,80883.0,0.7849593758583069,inpaint,pnp_hqs,wavelet,15.0,fixed15p0,0.8,0.5,0.0,0.15,vanilla,False,0,20,0.15760441103971168,8.024316316218583,0.1148417119481226,10,0.11020842799166698,9.5778519232347,0.17652900254070694,15.0,none
val_images_circle,circle,test002.png,1,rot45_padded,45.0,False,321,321,80883.0,0.7849593758583069,inpaint,pnp_hqs,wavelet,15.0,fixed15p0,0.8,0.5,0.0,0.15,vanilla,False,0,20,0.15760441103971168,8.024316316218583,0.1148417119481226,11,0.10576578881687128,9.7565478722282,0.18449092748167106,15.0,none
val_images_circle,circle,test002.png,1,rot45_padded,45.0,False,321,321,80883.0,0.7849593758583069,inpaint,pnp_hqs,wavelet,15.0,fixed15p0,0.8,0.5,0.0,0.15,vanilla,False,0,20,0.15760441103971168,8.024316316218583,0.1148417119481226,12,0.10139329822861418,9.939907495245613,0.1928156449748402,15.0,none
val_images_circle,circle,test002.png,1,rot45_padded,45.0,False,321,321,80883.0,0.7849593758583069,inpaint,pnp_hqs,wavelet,15.0,fixed15p0,0.8,0.5,0.0,0.15,vanilla,False,0,20,0.15760441103971168,8.024316316218583,0.1148417119481226,13,0.09709200060774514,10.128165500613653,0.20156783419028101,15.0,none
val_images_circle,circle,test002.png,1,rot45_padded,45.0,False,321,321,80883.0,0.7849593758583069,inpaint,pnp_hqs,wavelet,15.0,fixed15p0,0.8,0.5,0.0,0.15,vanilla,False,0,20,0.15760441103971168,8.024316316218583,0.1148417119481226,14,0.09286284374497732,10.321580210376965,0.21080927659396906,15.0,none
val_images_circle,circle,test002.png,1,rot45_padded,45.0,False,321,321,80883.0,0.7849593758583069,inpaint,pnp_hqs,wavelet,15.0,fixed15p0,0.8,0.5,0.0,0.15,vanilla,False,0,20,0.15760441103971168,8.024316316218583,0.1148417119481226,15,0.08870789829135912,10.520377101384831,0.220565484055673,15.0,none
val_images_circle,circle,test002.png,1,rot45_padded,45.0,False,321,321,80883.0,0.7849593758583069,inpaint,pnp_hqs,wavelet,15.0,fixed15p0,0.8,0.5,0.0,0.15,vanilla,False,0,20,0.15760441103971168,8.024316316218583,0.1148417119481226,16,0.08462977218057255,10.724768282240307,0.23086187185502516,15.0,none
val_images_circle,circle,test002.png,1,rot45_padded,45.0,False,321,321,80883.0,0.7849593758583069,inpaint,pnp_hqs,wavelet,15.0,fixed15p0,0.8,0.5,0.0,0.15,vanilla,False,0,20,0.15760441103971168,8.024316316218583,0.1148417119481226,17,0.08063118804708654,10.934969411123085,0.24172212872297022,15.0,none
val_images_circle,circle,test002.png,1,rot45_padded,45.0,False,321,321,80883.0,0.7849593758583069,inpaint,pnp_hqs,wavelet,15.0,fixed15p0,0.8,0.5,0.0,0.15,vanilla,False,0,20,0.15760441103971168,8.024316316218583,0.1148417119481226,18,0.07671341967332443,11.151286571685848,0.25318573587774934,15.0,none
val_images_circle,circle,test002.png,1,rot45_padded,45.0,False,321,321,80883.0,0.7849593758583069,inpaint,pnp_hqs,wavelet,15.0,fixed15p0,0.8,0.5,0.0,0.15,vanilla,False,0,20,0.15760441103971168,8.024316316218583,0.1148417119481226,19,0.07287801250146816,11.374034797701695,0.2652304051453952,15.0,none
val_images_circle,circle,test002.png,1,rot45_padded,45.0,False,321,321,80883.0,0.7849593758583069,inpaint,pnp_hqs,wavelet,15.0,fixed15p0,0.8,0.5,0.0,0.15,vanilla,False,0,20,0.15760441103971168,8.024316316218583,0.1148417119481226,20,0.0691258660271627,11.60359414696838,0.27785915496766933,15.0,none
val_images_circle,circle,test002.png,1,rot45_padded,45.0,False,321,321,80883.0,0.7849593758583069,inpaint,pnp_hqs,wavelet,15.0,fixed15p0,0.8,0.5,0.0,0.15,G16_fixed,False,16,20,0.15760441103971168,8.024316316218583,0.1148417119481226,1,0.15236396148603537,8.171177441421028,0.11966728271855644,15.0,0;22.5;45;67.5;90;112.5;135;157.5;180;202.5;225;247.5;270;292.5;315;337.5
val_images_circle,circle,test002.png,1,rot45_padded,45.0,False,321,321,80883.0,0.7849593758583069,inpaint,pnp_hqs,wavelet,15.0,fixed15p0,0.8,0.5,0.0,0.15,G16_fixed,False,16,20,0.15760441103971168,8.024316316218583,0.1148417119481226,2,0.1471130198287959,8.323488895458977,0.12575393430943463,15.0,0;22.5;45;67.5;90;112.5;135;157.5;180;202.5;225;247.5;270;292.5;315;337.5
val_images_circle,circle,test002.png,1,rot45_padded,45.0,False,321,321,80883.0,0.7849593758583069,inpaint,pnp_hqs,wavelet,15.0,fixed15p0,0.8,0.5,0.0,0.15,G16_fixed,False,16,20,0.15760441103971168,8.024316316218583,0.1148417119481226,3,0.14184189083305515,8.481954879761696,0.13266165035452443,15.0,0;22.5;45;67.5;90;112.5;135;157.5;180;202.5;225;247.5;270;292.5;315;337.5
val_images_circle,circle,test002.png,1,rot45_padded,45.0,False,321,321,80883.0,0.7849593758583069,inpaint,pnp_hqs,wavelet,15.0,fixed15p0,0.8,0.5,0.0,0.15,G16_fixed,False,16,20,0.15760441103971168,8.024316316218583,0.1148417119481226,4,0.1365737440577748,8.646327845991093,0.14016326292685113,15.0,0;22.5;45;67.5;90;112.5;135;157.5;180;202.5;225;247.5;270;292.5;315;337.5
val_images_circle,circle,test002.png,1,rot45_padded,45.0,False,321,321,80883.0,0.7849593758583069,inpaint,pnp_hqs,wavelet,15.0,fixed15p0,0.8,0.5,0.0,0.15,G16_fixed,False,16,20,0.15760441103971168,8.024316316218583,0.1148417119481226,5,0.13132632794051283,8.816481990204093,0.14818168102382454,15.0,0;22.5;45;67.5;90;112.5;135;157.5;180;202.5;225;247.5;270;292.5;315;337.5
val_images_circle,circle,test002.png,1,rot45_padded,45.0,False,321,321,80883.0,0.7849593758583069,inpaint,pnp_hqs,wavelet,15.0,fixed15p0,0.8,0.5,0.0,0.15,G16_fixed,False,16,20,0.15760441103971168,8.024316316218583,0.1148417119481226,6,0.12611001384716194,8.99250426623631,0.15672201184890522,15.0,0;22.5;45;67.5;90;112.5;135;157.5;180;202.5;225;247.5;270;292.5;315;337.5
val_images_circle,circle,test002.png,1,rot45_padded,45.0,False,321,321,80883.0,0.7849593758583069,inpaint,pnp_hqs,wavelet,15.0,fixed15p0,0.8,0.5,0.0,0.15,G16_fixed,False,16,20,0.15760441103971168,8.024316316218583,0.1148417119481226,7,0.1209311405054214,9.174618512629399,0.16582383321047067,15.0,0;22.5;45;67.5;90;112.5;135;157.5;180;202.5;225;247.5;270;292.5;315;337.5
val_images_circle,circle,test002.png,1,rot45_padded,45.0,False,321,321,80883.0,0.7849593758583069,inpaint,pnp_hqs,wavelet,15.0,fixed15p0,0.8,0.5,0.0,0.15,G16_fixed,False,16,20,0.15760441103971168,8.024316316218583,0.1148417119481226,8,0.11579417520909832,9.363132863613533,0.17554509919034283,15.0,0;22.5;45;67.5;90;112.5;135;157.5;180;202.5;225;247.5;270;292.5;315;337.5
val_images_circle,circle,test002.png,1,rot45_padded,45.0,False,321,321,80883.0,0.7849593758583069,inpaint,pnp_hqs,wavelet,15.0,fixed15p0,0.8,0.5,0.0,0.15,G16_fixed,False,16,20,0.15760441103971168,8.024316316218583,0.1148417119481226,9,0.11070257105556792,9.558422925604885,0.18596176585700952,15.0,0;22.5;45;67.5;90;112.5;135;157.5;180;202.5;225;247.5;270;292.5;315;337.5
val_images_circle,circle,test002.png,1,rot45_padded,45.0,False,321,321,80883.0,0.7849593758583069,inpaint,pnp_hqs,wavelet,15.0,fixed15p0,0.8,0.5,0.0,0.15,G16_fixed,False,16,20,0.15760441103971168,8.024316316218583,0.1148417119481226,10,0.10565932233905766,9.760921790489625,0.1971661371595391,15.0,0;22.5;45;67.5;90;112.5;135;157.5;180;202.5;225;247.5;270;292.5;315;337.5
val_images_circle,circle,test002.png,1,rot45_padded,45.0,False,321,321,80883.0,0.7849593758583069,inpaint,pnp_hqs,wavelet,15.0,fixed15p0,0.8,0.5,0.0,0.15,G16_fixed,False,16,20,0.15760441103971168,8.024316316218583,0.1148417119481226,11,0.10066759238653364,9.971103180554108,0.20926646649326805,15.0,0;22.5;45;67.5;90;112.5;135;157.5;180;202.5;225;247.5;270;292.5;315;337.5
val_images_circle,circle,test002.png,1,rot45_padded,45.0,False,321,321,80883.0,0.7849593758583069,inpaint,pnp_hqs,wavelet,15.0,fixed15p0,0.8,0.5,0.0,0.15,G16_fixed,False,16,20,0.15760441103971168,8.024316316218583,0.1148417119481226,12,0.09573084636913813,10.18948101414609,0.2223765491126071,15.0,0;22.5;45;67.5;90;112.5;135;157.5;180;202.5;225;247.5;270;292.5;315;337.5
val_images_circle,circle,test002.png,1,rot45_padded,45.0,False,321,321,80883.0,0.7849593758583069,inpaint,pnp_hqs,wavelet,15.0,fixed15p0,0.8,0.5,0.0,0.15,G16_fixed,False,16,20,0.15760441103971168,8.024316316218583,0.1148417119481226,13,0.09085260378996514,10.416626215159965,0.23661494940995018,15.0,0;22.5;45;67.5;90;112.5;135;157.5;180;202.5;225;247.5;270;292.5;315;337.5
val_images_circle,circle,test002.png,1,rot45_padded,45.0,False,321,321,80883.0,0.7849593758583069,inpaint,pnp_hqs,wavelet,15.0,fixed15p0,0.8,0.5,0.0,0.15,G16_fixed,False,16,20,0.15760441103971168,8.024316316218583,0.1148417119481226,14,0.08603671014381885,10.653162044410355,0.25207045786815524,15.0,0;22.5;45;67.5;90;112.5;135;157.5;180;202.5;225;247.5;270;292.5;315;337.5
val_images_circle,circle,test002.png,1,rot45_padded,45.0,False,321,321,80883.0,0.7849593758583069,inpaint,pnp_hqs,wavelet,15.0,fixed15p0,0.8,0.5,0.0,0.15,G16_fixed,False,16,20,0.15760441103971168,8.024316316218583,0.1148417119481226,15,0.08128749387618535,10.899762657017325,0.26875365110715477,15.0,0;22.5;45;67.5;90;112.5;135;157.5;180;202.5;225;247.5;270;292.5;315;337.5
val_images_circle,circle,test002.png,1,rot45_padded,45.0,False,321,321,80883.0,0.7849593758583069,inpaint,pnp_hqs,wavelet,15.0,fixed15p0,0.8,0.5,0.0,0.15,G16_fixed,False,16,20,0.15760441103971168,8.024316316218583,0.1148417119481226,16,0.07660931965385186,11.157183944921993,0.28659850976874,15.0,0;22.5;45;67.5;90;112.5;135;157.5;180;202.5;225;247.5;270;292.5;315;337.5
val_images_circle,circle,test002.png,1,rot45_padded,45.0,False,321,321,80883.0,0.7849593758583069,inpaint,pnp_hqs,wavelet,15.0,fixed15p0,0.8,0.5,0.0,0.15,G16_fixed,False,16,20,0.15760441103971168,8.024316316218583,0.1148417119481226,17,0.07200678758206298,11.42626563700728,0.3054614043201291,15.0,0;22.5;45;67.5;90;112.5;135;157.5;180;202.5;225;247.5;270;292.5;315;337.5
val_images_circle,circle,test002.png,1,rot45_padded,45.0,False,321,321,80883.0,0.7849593758583069,inpaint,pnp_hqs,wavelet,15.0,fixed15p0,0.8,0.5,0.0,0.15,G16_fixed,False,16,20,0.15760441103971168,8.024316316218583,0.1148417119481226,18,0.06748446154476219,11.707962129794849,0.3251573887977078,15.0,0;22.5;45;67.5;90;112.5;135;157.5;180;202.5;225;247.5;270;292.5;315;337.5
val_images_circle,circle,test002.png,1,rot45_padded,45.0,False,321,321,80883.0,0.7849593758583069,inpaint,pnp_hqs,wavelet,15.0,fixed15p0,0.8,0.5,0.0,0.15,G16_fixed,False,16,20,0.15760441103971168,8.024316316218583,0.1148417119481226,19,0.06304701408979638,12.003354768154328,0.34551194897259,15.0,0;22.5;45;67.5;90;112.5;135;157.5;180;202.5;225;247.5;270;292.5;315;337.5
val_images_circle,circle,test002.png,1,rot45_padded,45.0,False,321,321,80883.0,0.7849593758583069,inpaint,pnp_hqs,wavelet,15.0,fixed15p0,0.8,0.5,0.0,0.15,G16_fixed,False,16,20,0.15760441103971168,8.024316316218583,0.1148417119481226,20,0.05869927472398403,12.313672647714233,0.3662303158961092,15.0,0;22.5;45;67.5;90;112.5;135;157.5;180;202.5;225;247.5;270;292.5;315;337.5
val_images_circle,circle,test003.png,2,upright,0.0,False,321,321,80892.0,0.7850467562675476,inpaint,pnp_hqs,wavelet,15.0,fixed15p0,0.8,0.5,0.0,0.15,vanilla,True,0,20,0.13635254509871186,8.653367512902966,0.11538409719904316,1,0.13144223161746527,8.812650760875753,0.12099281246523141,15.0,none
val_images_circle,circle,test003.png,2,upright,0.0,False,321,321,80892.0,0.7850467562675476,inpaint,pnp_hqs,wavelet,15.0,fixed15p0,0.8,0.5,0.0,0.15,vanilla,True,0,20,0.13635254509871186,8.653367512902966,0.11538409719904316,2,0.12655670282212703,8.977148483597453,0.12793055671450823,15.0,none
val_images_circle,circle,test003.png,2,upright,0.0,False,321,321,80892.0,0.7850467562675476,inpaint,pnp_hqs,wavelet,15.0,fixed15p0,0.8,0.5,0.0,0.15,vanilla,True,0,20,0.13635254509871186,8.653367512902966,0.11538409719904316,3,0.12166207141929981,9.14844793509186,0.13571147525404242,15.0,none
val_images_circle,circle,test003.png,2,upright,0.0,False,321,321,80892.0,0.7850467562675476,inpaint,pnp_hqs,wavelet,15.0,fixed15p0,0.8,0.5,0.0,0.15,vanilla,True,0,20,0.13635254509871186,8.653367512902966,0.11538409719904316,4,0.11679046212851704,9.325926230976854,0.1440184134401424,15.0,none
val_images_circle,circle,test003.png,2,upright,0.0,False,321,321,80892.0,0.7850467562675476,inpaint,pnp_hqs,wavelet,15.0,fixed15p0,0.8,0.5,0.0,0.15,vanilla,True,0,20,0.13635254509871186,8.653367512902966,0.11538409719904316,5,0.11196603186965337,9.509137131252878,0.1526667839140459,15.0,none
val_images_circle,circle,test003.png,2,upright,0.0,False,321,321,80892.0,0.7850467562675476,inpaint,pnp_hqs,wavelet,15.0,fixed15p0,0.8,0.5,0.0,0.15,vanilla,True,0,20,0.13635254509871186,8.653367512902966,0.11538409719904316,6,0.10720230175728131,9.697958897388258,0.16163434927125056,15.0,none
val_images_circle,circle,test003.png,2,upright,0.0,False,321,321,80892.0,0.7850467562675476,inpaint,pnp_hqs,wavelet,15.0,fixed15p0,0.8,0.5,0.0,0.15,vanilla,True,0,20,0.13635254509871186,8.653367512902966,0.11538409719904316,7,0.10250943677217772,9.89236152662506,0.1709316245928213,15.0,none
val_images_circle,circle,test003.png,2,upright,0.0,False,321,321,80892.0,0.7850467562675476,inpaint,pnp_hqs,wavelet,15.0,fixed15p0,0.8,0.5,0.0,0.15,vanilla,True,0,20,0.13635254509871186,8.653367512902966,0.11538409719904316,8,0.09789381719028149,10.092447366436112,0.180521764841548,15.0,none
val_images_circle,circle,test003.png,2,upright,0.0,False,321,321,80892.0,0.7850467562675476,inpaint,pnp_hqs,wavelet,15.0,fixed15p0,0.8,0.5,0.0,0.15,vanilla,True,0,20,0.13635254509871186,8.653367512902966,0.11538409719904316,9,0.09335906473871025,10.298435076573284,0.19048413413100182,15.0,none
val_images_circle,circle,test003.png,2,upright,0.0,False,321,321,80892.0,0.7850467562675476,inpaint,pnp_hqs,wavelet,15.0,fixed15p0,0.8,0.5,0.0,0.15,vanilla,True,0,20,0.13635254509871186,8.653367512902966,0.11538409719904316,10,0.08890857176853088,10.510563662253542,0.20091013278120828,15.0,none
val_images_circle,circle,test003.png,2,upright,0.0,False,321,321,80892.0,0.7850467562675476,inpaint,pnp_hqs,wavelet,15.0,fixed15p0,0.8,0.5,0.0,0.15,vanilla,True,0,20,0.13635254509871186,8.653367512902966,0.11538409719904316,11,0.08454688354727599,10.729023961462573,0.21191850515193097,15.0,none
val_images_circle,circle,test003.png,2,upright,0.0,False,321,321,80892.0,0.7850467562675476,inpaint,pnp_hqs,wavelet,15.0,fixed15p0,0.8,0.5,0.0,0.15,vanilla,True,0,20,0.13635254509871186,8.653367512902966,0.11538409719904316,12,0.08027745278813109,10.954064161747025,0.22363356099027099,15.0,none
val_images_circle,circle,test003.png,2,upright,0.0,False,321,321,80892.0,0.7850467562675476,inpaint,pnp_hqs,wavelet,15.0,fixed15p0,0.8,0.5,0.0,0.15,vanilla,True,0,20,0.13635254509871186,8.653367512902966,0.11538409719904316,13,0.07610416681153576,11.185915643369636,0.23622799631762104,15.0,none
val_images_circle,circle,test003.png,2,upright,0.0,False,321,321,80892.0,0.7850467562675476,inpaint,pnp_hqs,wavelet,15.0,fixed15p0,0.8,0.5,0.0,0.15,vanilla,True,0,20,0.13635254509871186,8.653367512902966,0.11538409719904316,14,0.07203184251455645,11.424754761899845,0.2497746319938931,15.0,none
val_images_circle,circle,test003.png,2,upright,0.0,False,321,321,80892.0,0.7850467562675476,inpaint,pnp_hqs,wavelet,15.0,fixed15p0,0.8,0.5,0.0,0.15,vanilla,True,0,20,0.13635254509871186,8.653367512902966,0.11538409719904316,15,0.06806482596973434,11.670772615622537,0.2643682124004846,15.0,none
val_images_circle,circle,test003.png,2,upright,0.0,False,321,321,80892.0,0.7850467562675476,inpaint,pnp_hqs,wavelet,15.0,fixed15p0,0.8,0.5,0.0,0.15,vanilla,True,0,20,0.13635254509871186,8.653367512902966,0.11538409719904316,16,0.06420455983170462,11.924341270802916,0.2801128984092988,15.0,none
val_images_circle,circle,test003.png,2,upright,0.0,False,321,321,80892.0,0.7850467562675476,inpaint,pnp_hqs,wavelet,15.0,fixed15p0,0.8,0.5,0.0,0.15,vanilla,True,0,20,0.13635254509871186,8.653367512902966,0.11538409719904316,17,0.060454907276059434,12.18568440602814,0.2970669273923874,15.0,none
val_images_circle,circle,test003.png,2,upright,0.0,False,321,321,80892.0,0.7850467562675476,inpaint,pnp_hqs,wavelet,15.0,fixed15p0,0.8,0.5,0.0,0.15,vanilla,True,0,20,0.13635254509871186,8.653367512902966,0.11538409719904316,18,0.05681756447833222,12.45517386528091,0.3151308225782525,15.0,none
val_images_circle,circle,test003.png,2,upright,0.0,False,321,321,80892.0,0.7850467562675476,inpaint,pnp_hqs,wavelet,15.0,fixed15p0,0.8,0.5,0.0,0.15,vanilla,True,0,20,0.13635254509871186,8.653367512902966,0.11538409719904316,19,0.053293008299260126,12.7332976388569,0.3343116825520447,15.0,none
val_images_circle,circle,test003.png,2,upright,0.0,False,321,321,80892.0,0.7850467562675476,inpaint,pnp_hqs,wavelet,15.0,fixed15p0,0.8,0.5,0.0,0.15,vanilla,True,0,20,0.13635254509871186,8.653367512902966,0.11538409719904316,20,0.04988298018596555,13.020476081274017,0.35441738676259704,15.0,none
val_images_circle,circle,test003.png,2,upright,0.0,False,321,321,80892.0,0.7850467562675476,inpaint,pnp_hqs,wavelet,15.0,fixed15p0,0.8,0.5,0.0,0.15,G16_fixed,True,16,20,0.13635254509871186,8.653367512902966,0.11538409719904316,1,0.12152647395601543,9.153291028016032,0.1375108579378987,15.0,0;22.5;45;67.5;90;112.5;135;157.5;180;202.5;225;247.5;270;292.5;315;337.5
val_images_circle,circle,test003.png,2,upright,0.0,False,321,321,80892.0,0.7850467562675476,inpaint,pnp_hqs,wavelet,15.0,fixed15p0,0.8,0.5,0.0,0.15,G16_fixed,True,16,20,0.13635254509871186,8.653367512902966,0.11538409719904316,2,0.10627491023911512,9.735692531702817,0.17113453789079885,15.0,0;22.5;45;67.5;90;112.5;135;157.5;180;202.5;225;247.5;270;292.5;315;337.5
val_images_circle,circle,test003.png,2,upright,0.0,False,321,321,80892.0,0.7850467562675476,inpaint,pnp_hqs,wavelet,15.0,fixed15p0,0.8,0.5,0.0,0.15,G16_fixed,True,16,20,0.13635254509871186,8.653367512902966,0.11538409719904316,3,0.09015893683862433,10.449912181669315,0.21958490468000544,15.0,0;22.5;45;67.5;90;112.5;135;157.5;180;202.5;225;247.5;270;292.5;315;337.5
val_images_circle,circle,test003.png,2,upright,0.0,False,321,321,80892.0,0.7850467562675476,inpaint,pnp_hqs,wavelet,15.0,fixed15p0,0.8,0.5,0.0,0.15,G16_fixed,True,16,20,0.13635254509871186,8.653367512902966,0.11538409719904316,4,0.07275673119715176,11.381268210836673,0.3009645335369999,15.0,0;22.5;45;67.5;90;112.5;135;157.5;180;202.5;225;247.5;270;292.5;315;337.5
val_images_circle,circle,test003.png,2,upright,0.0,False,321,321,80892.0,0.7850467562675476,inpaint,pnp_hqs,wavelet,15.0,fixed15p0,0.8,0.5,0.0,0.15,G16_fixed,True,16,20,0.13635254509871186,8.653367512902966,0.11538409719904316,5,0.04992465117455991,13.016849608787524,0.42534838117489987,15.0,0;22.5;45;67.5;90;112.5;135;157.5;180;202.5;225;247.5;270;292.5;315;337.5
val_images_circle,circle,test003.png,2,upright,0.0,False,321,321,80892.0,0.7850467562675476,inpaint,pnp_hqs,wavelet,15.0,fixed15p0,0.8,0.5,0.0,0.15,G16_fixed,True,16,20,0.13635254509871186,8.653367512902966,0.11538409719904316,6,0.03488622308042668,14.573460464337604,0.45503171860319935,15.0,0;22.5;45;67.5;90;112.5;135;157.5;180;202.5;225;247.5;270;292.5;315;337.5
val_images_circle,circle,test003.png,2,upright,0.0,False,321,321,80892.0,0.7850467562675476,inpaint,pnp_hqs,wavelet,15.0,fixed15p0,0.8,0.5,0.0,0.15,G16_fixed,True,16,20,0.13635254509871186,8.653367512902966,0.11538409719904316,7,0.02410655523191802,16.178648448135398,0.4808349307564407,15.0,0;22.5;45;67.5;90;112.5;135;157.5;180;202.5;225;247.5;270;292.5;315;337.5
val_images_circle,circle,test003.png,2,upright,0.0,False,321,321,80892.0,0.7850467562675476,inpaint,pnp_hqs,wavelet,15.0,fixed15p0,0.8,0.5,0.0,0.15,G16_fixed,True,16,20,0.13635254509871186,8.653367512902966,0.11538409719904316,8,0.018006946545046174,17.44559924663239,0.4982871645218316,15.0,0;22.5;45;67.5;90;112.5;135;157.5;180;202.5;225;247.5;270;292.5;315;337.5
val_images_circle,circle,test003.png,2,upright,0.0,False,321,321,80892.0,0.7850467562675476,inpaint,pnp_hqs,wavelet,15.0,fixed15p0,0.8,0.5,0.0,0.15,G16_fixed,True,16,20,0.13635254509871186,8.653367512902966,0.11538409719904316,9,0.014607540655577034,18.354228962914792,0.5091132312218761,15.0,0;22.5;45;67.5;90;112.5;135;157.5;180;202.5;225;247.5;270;292.5;315;337.5
val_images_circle,circle,test003.png,2,upright,0.0,False,321,321,80892.0,0.7850467562675476,inpaint,pnp_hqs,wavelet,15.0,fixed15p0,0.8,0.5,0.0,0.15,G16_fixed,True,16,20,0.13635254509871186,8.653367512902966,0.11538409719904316,10,0.0126985841268296,18.96244699530992,0.5159218367545616,15.0,0;22.5;45;67.5;90;112.5;135;157.5;180;202.5;225;247.5;270;292.5;315;337.5
val_images_circle,circle,test003.png,2,upright,0.0,False,321,321,80892.0,0.7850467562675476,inpaint,pnp_hqs,wavelet,15.0,fixed15p0,0.8,0.5,0.0,0.15,G16_fixed,True,16,20,0.13635254509871186,8.653367512902966,0.11538409719904316,11,0.01161445331332981,19.350012274127597,0.5201955230430698,15.0,0;22.5;45;67.5;90;112.5;135;157.5;180;202.5;225;247.5;270;292.5;315;337.5
val_images_circle,circle,test003.png,2,upright,0.0,False,321,321,80892.0,0.7850467562675476,inpaint,pnp_hqs,wavelet,15.0,fixed15p0,0.8,0.5,0.0,0.15,G16_fixed,True,16,20,0.13635254509871186,8.653367512902966,0.11538409719904316,12,0.010989618614991672,19.59017379121427,0.5229356252008851,15.0,0;22.5;45;67.5;90;112.5;135;157.5;180;202.5;225;247.5;270;292.5;315;337.5
val_images_circle,circle,test003.png,2,upright,0.0,False,321,321,80892.0,0.7850467562675476,inpaint,pnp_hqs,wavelet,15.0,fixed15p0,0.8,0.5,0.0,0.15,G16_fixed,True,16,20,0.13635254509871186,8.653367512902966,0.11538409719904316,13,0.01062318961933813,19.737450664844552,0.5247518006261435,15.0,0;22.5;45;67.5;90;112.5;135;157.5;180;202.5;225;247.5;270;292.5;315;337.5
val_images_circle,circle,test003.png,2,upright,0.0,False,321,321,80892.0,0.7850467562675476,inpaint,pnp_hqs,wavelet,15.0,fixed15p0,0.8,0.5,0.0,0.15,G16_fixed,True,16,20,0.13635254509871186,8.653367512902966,0.11538409719904316,14,0.010404127191048327,19.827943471688997,0.526000185818746,15.0,0;22.5;45;67.5;90;112.5;135;157.5;180;202.5;225;247.5;270;292.5;315;337.5
val_images_circle,circle,test003.png,2,upright,0.0,False,321,321,80892.0,0.7850467562675476,inpaint,pnp_hqs,wavelet,15.0,fixed15p0,0.8,0.5,0.0,0.15,G16_fixed,True,16,20,0.13635254509871186,8.653367512902966,0.11538409719904316,15,0.010270388126491186,19.884131437436828,0.5268738912686051,15.0,0;22.5;45;67.5;90;112.5;135;157.5;180;202.5;225;247.5;270;292.5;315;337.5
val_images_circle,circle,test003.png,2,upright,0.0,False,321,321,80892.0,0.7850467562675476,inpaint,pnp_hqs,wavelet,15.0,fixed15p0,0.8,0.5,0.0,0.15,G16_fixed,True,16,20,0.13635254509871186,8.653367512902966,0.11538409719904316,16,0.010186973714760112,19.919548144413714,0.527496731753449,15.0,0;22.5;45;67.5;90;112.5;135;157.5;180;202.5;225;247.5;270;292.5;315;337.5
val_images_circle,circle,test003.png,2,upright,0.0,False,321,321,80892.0,0.7850467562675476,inpaint,pnp_hqs,wavelet,15.0,fixed15p0,0.8,0.5,0.0,0.15,G16_fixed,True,16,20,0.13635254509871186,8.653367512902966,0.11538409719904316,17,0.010133818078570424,19.942268963925123,0.5279413832641052,15.0,0;22.5;45;67.5;90;112.5;135;157.5;180;202.5;225;247.5;270;292.5;315;337.5
val_images_circle,circle,test003.png,2,upright,0.0,False,321,321,80892.0,0.7850467562675476,inpaint,pnp_hqs,wavelet,15.0,fixed15p0,0.8,0.5,0.0,0.15,G16_fixed,True,16,20,0.13635254509871186,8.653367512902966,0.11538409719904316,18,0.0100992207757527,19.95712133726849,0.5282592743256441,15.0,0;22.5;45;67.5;90;112.5;135;157.5;180;202.5;225;247.5;270;292.5;315;337.5
val_images_circle,circle,test003.png,2,upright,0.0,False,321,321,80892.0,0.7850467562675476,inpaint,pnp_hqs,wavelet,15.0,fixed15p0,0.8,0.5,0.0,0.15,G16_fixed,True,16,20,0.13635254509871186,8.653367512902966,0.11538409719904316,19,0.010076257516773908,19.967007418602304,0.5284881674794788,15.0,0;22.5;45;67.5;90;112.5;135;157.5;180;202.5;225;247.5;270;292.5;315;337.5
val_images_circle,circle,test003.png,2,upright,0.0,False,321,321,80892.0,0.7850467562675476,inpaint,pnp_hqs,wavelet,15.0,fixed15p0,0.8,0.5,0.0,0.15,G16_fixed,True,16,20,0.13635254509871186,8.653367512902966,0.11538409719904316,20,0.010060724080071654,19.973707615600947,0.5286546703475004,15.0,0;22.5;45;67.5;90;112.5;135;157.5;180;202.5;225;247.5;270;292.5;315;337.5
val_images_circle,circle,test003.png,2,rot45_padded,45.0,False,321,321,80883.0,0.7849593758583069,inpaint,pnp_hqs,wavelet,15.0,fixed15p0,0.8,0.5,0.0,0.15,vanilla,False,0,20,0.13642371542845838,8.651101268609874,0.12095608490813892,1,0.13155872380861863,8.808803480623155,0.1262155747924471,15.0,none
val_images_circle,circle,test003.png,2,rot45_padded,45.0,False,321,321,80883.0,0.7849593758583069,inpaint,pnp_hqs,wavelet,15.0,fixed15p0,0.8,0.5,0.0,0.15,vanilla,False,0,20,0.13642371542845838,8.651101268609874,0.12095608490813892,2,0.12672854085917312,8.971255655287724,0.13297023169269193,15.0,none
val_images_circle,circle,test003.png,2,rot45_padded,45.0,False,321,321,80883.0,0.7849593758583069,inpaint,pnp_hqs,wavelet,15.0,fixed15p0,0.8,0.5,0.0,0.15,vanilla,False,0,20,0.13642371542845838,8.651101268609874,0.12095608490813892,3,0.12188636865905073,9.140448616267348,0.1405750628994968,15.0,none
val_images_circle,circle,test003.png,2,rot45_padded,45.0,False,321,321,80883.0,0.7849593758583069,inpaint,pnp_hqs,wavelet,15.0,fixed15p0,0.8,0.5,0.0,0.15,vanilla,False,0,20,0.13642371542845838,8.651101268609874,0.12095608490813892,4,0.11706625523132179,9.315682738330969,0.1486671792705204,15.0,none
val_images_circle,circle,test003.png,2,rot45_padded,45.0,False,321,321,80883.0,0.7849593758583069,inpaint,pnp_hqs,wavelet,15.0,fixed15p0,0.8,0.5,0.0,0.15,vanilla,False,0,20,0.13642371542845838,8.651101268609874,0.12095608490813892,5,0.11229336230651064,9.49645914253701,0.15713662500927264,15.0,none
val_images_circle,circle,test003.png,2,rot45_padded,45.0,False,321,321,80883.0,0.7849593758583069,inpaint,pnp_hqs,wavelet,15.0,fixed15p0,0.8,0.5,0.0,0.15,vanilla,False,0,20,0.13642371542845838,8.651101268609874,0.12095608490813892,6,0.10758243195418073,9.682586425012543,0.16596037544199646,15.0,none
val_images_circle,circle,test003.png,2,rot45_padded,45.0,False,321,321,80883.0,0.7849593758583069,inpaint,pnp_hqs,wavelet,15.0,fixed15p0,0.8,0.5,0.0,0.15,vanilla,False,0,20,0.13642371542845838,8.651101268609874,0.12095608490813892,7,0.10294317148303722,9.874024560939567,0.1751276124734184,15.0,none
val_images_circle,circle,test003.png,2,rot45_padded,45.0,False,321,321,80883.0,0.7849593758583069,inpaint,pnp_hqs,wavelet,15.0,fixed15p0,0.8,0.5,0.0,0.15,vanilla,False,0,20,0.13642371542845838,8.651101268609874,0.12095608490813892,8,0.09838047076873385,10.070911035923595,0.1846829365990072,15.0,none
val_images_circle,circle,test003.png,2,rot45_padded,45.0,False,321,321,80883.0,0.7849593758583069,inpaint,pnp_hqs,wavelet,15.0,fixed15p0,0.8,0.5,0.0,0.15,vanilla,False,0,20,0.13642371542845838,8.651101268609874,0.12095608490813892,9,0.09389975093267436,10.273355596903173,0.19459310873808464,15.0,none
val_images_circle,circle,test003.png,2,rot45_padded,45.0,False,321,321,80883.0,0.7849593758583069,inpaint,pnp_hqs,wavelet,15.0,fixed15p0,0.8,0.5,0.0,0.15,vanilla,False,0,20,0.13642371542845838,8.651101268609874,0.12095608490813892,10,0.08950417530182486,10.481567047036703,0.20486830707627066,15.0,none
val_images_circle,circle,test003.png,2,rot45_padded,45.0,False,321,321,80883.0,0.7849593758583069,inpaint,pnp_hqs,wavelet,15.0,fixed15p0,0.8,0.5,0.0,0.15,vanilla,False,0,20,0.13642371542845838,8.651101268609874,0.12095608490813892,11,0.08519819909622542,10.695695851727114,0.21560763309348072,15.0,none
val_images_circle,circle,test003.png,2,rot45_padded,45.0,False,321,321,80883.0,0.7849593758583069,inpaint,pnp_hqs,wavelet,15.0,fixed15p0,0.8,0.5,0.0,0.15,vanilla,False,0,20,0.13642371542845838,8.651101268609874,0.12095608490813892,12,0.08098426725370288,10.915993429552413,0.2269184346525228,15.0,none
val_images_circle,circle,test003.png,2,rot45_padded,45.0,False,321,321,80883.0,0.7849593758583069,inpaint,pnp_hqs,wavelet,15.0,fixed15p0,0.8,0.5,0.0,0.15,vanilla,False,0,20,0.13642371542845838,8.651101268609874,0.12095608490813892,13,0.07686626149036262,11.142642410016173,0.23889365561211873,15.0,none
val_images_circle,circle,test003.png,2,rot45_padded,45.0,False,321,321,80883.0,0.7849593758583069,inpaint,pnp_hqs,wavelet,15.0,fixed15p0,0.8,0.5,0.0,0.15,vanilla,False,0,20,0.13642371542845838,8.651101268609874,0.12095608490813892,14,0.07285131740252897,11.37562590284168,0.2515885938253403,15.0,none
val_images_circle,circle,test003.png,2,rot45_padded,45.0,False,321,321,80883.0,0.7849593758583069,inpaint,pnp_hqs,wavelet,15.0,fixed15p0,0.8,0.5,0.0,0.15,vanilla,False,0,20,0.13642371542845838,8.651101268609874,0.12095608490813892,15,0.06894328048500611,11.615080556736416,0.2651041135420917,15.0,none
val_images_circle,circle,test003.png,2,rot45_padded,45.0,False,321,321,80883.0,0.7849593758583069,inpaint,pnp_hqs,wavelet,15.0,fixed15p0,0.8,0.5,0.0,0.15,vanilla,False,0,20,0.13642371542845838,8.651101268609874,0.12095608490813892,16,0.06514363581114078,11.861280061541553,0.2796388765253514,15.0,none
val_images_circle,circle,test003.png,2,rot45_padded,45.0,False,321,321,80883.0,0.7849593758583069,inpaint,pnp_hqs,wavelet,15.0,fixed15p0,0.8,0.5,0.0,0.15,vanilla,False,0,20,0.13642371542845838,8.651101268609874,0.12095608490813892,17,0.0614539107124643,12.114504749125594,0.29529990464621736,15.0,none
val_images_circle,circle,test003.png,2,rot45_padded,45.0,False,321,321,80883.0,0.7849593758583069,inpaint,pnp_hqs,wavelet,15.0,fixed15p0,0.8,0.5,0.0,0.15,vanilla,False,0,20,0.13642371542845838,8.651101268609874,0.12095608490813892,18,0.05787592832780065,12.375020298503134,0.3120781425794048,15.0,none
val_images_circle,circle,test003.png,2,rot45_padded,45.0,False,321,321,80883.0,0.7849593758583069,inpaint,pnp_hqs,wavelet,15.0,fixed15p0,0.8,0.5,0.0,0.15,vanilla,False,0,20,0.13642371542845838,8.651101268609874,0.12095608490813892,19,0.05441159631234314,12.64308532695962,0.3298278358091317,15.0,none
val_images_circle,circle,test003.png,2,rot45_padded,45.0,False,321,321,80883.0,0.7849593758583069,inpaint,pnp_hqs,wavelet,15.0,fixed15p0,0.8,0.5,0.0,0.15,vanilla,False,0,20,0.13642371542845838,8.651101268609874,0.12095608490813892,20,0.05106246010827368,12.91898265408961,0.34820169450008037,15.0,none
val_images_circle,circle,test003.png,2,rot45_padded,45.0,False,321,321,80883.0,0.7849593758583069,inpaint,pnp_hqs,wavelet,15.0,fixed15p0,0.8,0.5,0.0,0.15,G16_fixed,False,16,20,0.13642371542845838,8.651101268609874,0.12095608490813892,1,0.1312029340413004,8.820564528894844,0.12751055875075726,15.0,0;22.5;45;67.5;90;112.5;135;157.5;180;202.5;225;247.5;270;292.5;315;337.5
val_images_circle,circle,test003.png,2,rot45_padded,45.0,False,321,321,80883.0,0.7849593758583069,inpaint,pnp_hqs,wavelet,15.0,fixed15p0,0.8,0.5,0.0,0.15,G16_fixed,False,16,20,0.13642371542845838,8.651101268609874,0.12095608490813892,2,0.12599922496074578,8.996321262816958,0.13543523612038377,15.0,0;22.5;45;67.5;90;112.5;135;157.5;180;202.5;225;247.5;270;292.5;315;337.5
val_images_circle,circle,test003.png,2,rot45_padded,45.0,False,321,321,80883.0,0.7849593758583069,inpaint,pnp_hqs,wavelet,15.0,fixed15p0,0.8,0.5,0.0,0.15,G16_fixed,False,16,20,0.13642371542845838,8.651101268609874,0.12095608490813892,3,0.1207730707472522,9.18029891291367,0.1444136152876686,15.0,0;22.5;45;67.5;90;112.5;135;157.5;180;202.5;225;247.5;270;292.5;315;337.5
val_images_circle,circle,test003.png,2,rot45_padded,45.0,False,321,321,80883.0,0.7849593758583069,inpaint,pnp_hqs,wavelet,15.0,fixed15p0,0.8,0.5,0.0,0.15,G16_fixed,False,16,20,0.13642371542845838,8.651101268609874,0.12095608490813892,4,0.11555122686859415,9.372254390257908,0.15426573675478777,15.0,0;22.5;45;67.5;90;112.5;135;157.5;180;202.5;225;247.5;270;292.5;315;337.5
val_images_circle,circle,test003.png,2,rot45_padded,45.0,False,321,321,80883.0,0.7849593758583069,inpaint,pnp_hqs,wavelet,15.0,fixed15p0,0.8,0.5,0.0,0.15,G16_fixed,False,16,20,0.13642371542845838,8.651101268609874,0.12095608490813892,5,0.11035452057292633,9.572098716580596,0.16491255356888962,15.0,0;22.5;45;67.5;90;112.5;135;157.5;180;202.5;225;247.5;270;292.5;315;337.5
val_images_circle,circle,test003.png,2,rot45_padded,45.0,False,321,321,80883.0,0.7849593758583069,inpaint,pnp_hqs,wavelet,15.0,fixed15p0,0.8,0.5,0.0,0.15,G16_fixed,False,16,20,0.13642371542845838,8.651101268609874,0.12095608490813892,6,0.10519579834838594,9.78001606100073,0.17631216975832376,15.0,0;22.5;45;67.5;90;112.5;135;157.5;180;202.5;225;247.5;270;292.5;315;337.5
val_images_circle,circle,test003.png,2,rot45_padded,45.0,False,321,321,80883.0,0.7849593758583069,inpaint,pnp_hqs,wavelet,15.0,fixed15p0,0.8,0.5,0.0,0.15,G16_fixed,False,16,20,0.13642371542845838,8.651101268609874,0.12095608490813892,7,0.1000832643196809,9.996385381177454,0.18845845184943066,15.0,0;22.5;45;67.5;90;112.5;135;157.5;180;202.5;225;247.5;270;292.5;315;337.5
val_images_circle,circle,test003.png,2,rot45_padded,45.0,False,321,321,80883.0,0.7849593758583069,inpaint,pnp_hqs,wavelet,15.0,fixed15p0,0.8,0.5,0.0,0.15,G16_fixed,False,16,20,0.13642371542845838,8.651101268609874,0.12095608490813892,8,0.09502288292773203,10.221717975264475,0.2014166827006293,15.0,0;22.5;45;67.5;90;112.5;135;157.5;180;202.5;225;247.5;270;292.5;315;337.5
val_images_circle,circle,test003.png,2,rot45_padded,45.0,False,321,321,80883.0,0.7849593758583069,inpaint,pnp_hqs,wavelet,15.0,fixed15p0,0.8,0.5,0.0,0.15,G16_fixed,False,16,20,0.13642371542845838,8.651101268609874,0.12095608490813892,9,0.09001992437185502,10.456613562597909,0.21532336832214433,15.0,0;22.5;45;67.5;90;112.5;135;157.5;180;202.5;225;247.5;270;292.5;315;337.5
val_images_circle,circle,test003.png,2,rot45_padded,45.0,False,321,321,80883.0,0.7849593758583069,inpaint,pnp_hqs,wavelet,15.0,fixed15p0,0.8,0.5,0.0,0.15,G16_fixed,False,16,20,0.13642371542845838,8.651101268609874,0.12095608490813892,10,0.08507958037187975,10.701746607841947,0.2304025616090526,15.0,0;22.5;45;67.5;90;112.5;135;157.5;180;202.5;225;247.5;270;292.5;315;337.5
val_images_circle,circle,test003.png,2,rot45_padded,45.0,False,321,321,80883.0,0.7849593758583069,inpaint,pnp_hqs,wavelet,15.0,fixed15p0,0.8,0.5,0.0,0.15,G16_fixed,False,16,20,0.13642371542845838,8.651101268609874,0.12095608490813892,11,0.08020725997544292,10.957863196887343,0.2469405557255542,15.0,0;22.5;45;67.5;90;112.5;135;157.5;180;202.5;225;247.5;270;292.5;315;337.5
val_images_circle,circle,test003.png,2,rot45_padded,45.0,False,321,321,80883.0,0.7849593758583069,inpaint,pnp_hqs,wavelet,15.0,fixed15p0,0.8,0.5,0.0,0.15,G16_fixed,False,16,20,0.13642371542845838,8.651101268609874,0.12095608490813892,12,0.07540874651695968,11.225782782184377,0.2652613864316358,15.0,0;22.5;45;67.5;90;112.5;135;157.5;180;202.5;225;247.5;270;292.5;315;337.5
val_images_circle,circle,test003.png,2,rot45_padded,45.0,False,321,321,80883.0,0.7849593758583069,inpaint,pnp_hqs,wavelet,15.0,fixed15p0,0.8,0.5,0.0,0.15,G16_fixed,False,16,20,0.13642371542845838,8.651101268609874,0.12095608490813892,13,0.070690952228064,11.506361682239973,0.28572412755925225,15.0,0;22.5;45;67.5;90;112.5;135;157.5;180;202.5;225;247.5;270;292.5;315;337.5
val_images_circle,circle,test003.png,2,rot45_padded,45.0,False,321,321,80883.0,0.7849593758583069,inpaint,pnp_hqs,wavelet,15.0,fixed15p0,0.8,0.5,0.0,0.15,G16_fixed,False,16,20,0.13642371542845838,8.651101268609874,0.12095608490813892,14,0.06606123003288701,11.800533441849907,0.30868768390761964,15.0,0;22.5;45;67.5;90;112.5;135;157.5;180;202.5;225;247.5;270;292.5;315;337.5
val_images_circle,circle,test003.png,2,rot45_padded,45.0,False,321,321,80883.0,0.7849593758583069,inpaint,pnp_hqs,wavelet,15.0,fixed15p0,0.8,0.5,0.0,0.15,G16_fixed,False,16,20,0.13642371542845838,8.651101268609874,0.12095608490813892,15,0.06152756672832981,12.109302599055546,0.3343178282982827,15.0,0;22.5;45;67.5;90;112.5;135;157.5;180;202.5;225;247.5;270;292.5;315;337.5
val_images_circle,circle,test003.png,2,rot45_padded,45.0,False,321,321,80883.0,0.7849593758583069,inpaint,pnp_hqs,wavelet,15.0,fixed15p0,0.8,0.5,0.0,0.15,G16_fixed,False,16,20,0.13642371542845838,8.651101268609874,0.12095608490813892,16,0.05709879427498671,12.433730624240056,0.3622720038126059,15.0,0;22.5;45;67.5;90;112.5;135;157.5;180;202.5;225;247.5;270;292.5;315;337.5
val_images_circle,circle,test003.png,2,rot45_padded,45.0,False,321,321,80883.0,0.7849593758583069,inpaint,pnp_hqs,wavelet,15.0,fixed15p0,0.8,0.5,0.0,0.15,G16_fixed,False,16,20,0.13642371542845838,8.651101268609874,0.12095608490813892,17,0.0527841309939975,12.77496624011908,0.3916806818954539,15.0,0;22.5;45;67.5;90;112.5;135;157.5;180;202.5;225;247.5;270;292.5;315;337.5
val_images_circle,circle,test003.png,2,rot45_padded,45.0,False,321,321,80883.0,0.7849593758583069,inpaint,pnp_hqs,wavelet,15.0,fixed15p0,0.8,0.5,0.0,0.15,G16_fixed,False,16,20,0.13642371542845838,8.651101268609874,0.12095608490813892,18,0.04859237866153889,13.13431841124359,0.42151665059406795,15.0,0;22.5;45;67.5;90;112.5;135;157.5;180;202.5;225;247.5;270;292.5;315;337.5
val_images_circle,circle,test003.png,2,rot45_padded,45.0,False,321,321,80883.0,0.7849593758583069,inpaint,pnp_hqs,wavelet,15.0,fixed15p0,0.8,0.5,0.0,0.15,G16_fixed,False,16,20,0.13642371542845838,8.651101268609874,0.12095608490813892,19,0.04453214587351483,13.513263769870738,0.45060592924347515,15.0,0;22.5;45;67.5;90;112.5;135;157.5;180;202.5;225;247.5;270;292.5;315;337.5
val_images_circle,circle,test003.png,2,rot45_padded,45.0,False,321,321,80883.0,0.7849593758583069,inpaint,pnp_hqs,wavelet,15.0,fixed15p0,0.8,0.5,0.0,0.15,G16_fixed,False,16,20,0.13642371542845838,8.651101268609874,0.12095608490813892,20,0.04061055917092436,13.91361030623851,0.47807162429064204,15.0,0;22.5;45;67.5;90;112.5;135;157.5;180;202.5;225;247.5;270;292.5;315;337.5
val_images_circle,circle,test004.png,3,upright,0.0,False,321,321,80892.0,0.7850467562675476,inpaint,pnp_hqs,wavelet,15.0,fixed15p0,0.8,0.5,0.0,0.15,vanilla,True,0,20,0.08200257799365203,10.8617249406972,0.09856513449259506,1,0.07693152019050091,11.138956856849232,0.10893406679585126,15.0,none
val_images_circle,circle,test004.png,3,upright,0.0,False,321,321,80892.0,0.7850467562675476,inpaint,pnp_hqs,wavelet,15.0,fixed15p0,0.8,0.5,0.0,0.15,vanilla,True,0,20,0.08200257799365203,10.8617249406972,0.09856513449259506,2,0.07187126117037222,11.434447342370635,0.12217569268669955,15.0,none
val_images_circle,circle,test004.png,3,upright,0.0,False,321,321,80892.0,0.7850467562675476,inpaint,pnp_hqs,wavelet,15.0,fixed15p0,0.8,0.5,0.0,0.15,vanilla,True,0,20,0.08200257799365203,10.8617249406972,0.09856513449259506,3,0.06679219935029113,11.75274255742197,0.13793365836161178,15.0,none
val_images_circle,circle,test004.png,3,upright,0.0,False,321,321,80892.0,0.7850467562675476,inpaint,pnp_hqs,wavelet,15.0,fixed15p0,0.8,0.5,0.0,0.15,vanilla,True,0,20,0.08200257799365203,10.8617249406972,0.09856513449259506,4,0.06174834675400534,12.09374665683267,0.1562787806581615,15.0,none
val_images_circle,circle,test004.png,3,upright,0.0,False,321,321,80892.0,0.7850467562675476,inpaint,pnp_hqs,wavelet,15.0,fixed15p0,0.8,0.5,0.0,0.15,vanilla,True,0,20,0.08200257799365203,10.8617249406972,0.09856513449259506,5,0.05678416611809573,12.45772747496574,0.17729495084881694,15.0,none
val_images_circle,circle,test004.png,3,upright,0.0,False,321,321,80892.0,0.7850467562675476,inpaint,pnp_hqs,wavelet,15.0,fixed15p0,0.8,0.5,0.0,0.15,vanilla,True,0,20,0.08200257799365203,10.8617249406972,0.09856513449259506,6,0.051927580958639294,12.846019085003524,0.20113966577350048,15.0,none
val_images_circle,circle,test004.png,3,upright,0.0,False,321,321,80892.0,0.7850467562675476,inpaint,pnp_hqs,wavelet,15.0,fixed15p0,0.8,0.5,0.0,0.15,vanilla,True,0,20,0.08200257799365203,10.8617249406972,0.09856513449259506,7,0.047197059065830056,13.260850621979912,0.22798639408872323,15.0,none
val_images_circle,circle,test004.png,3,upright,0.0,False,321,321,80892.0,0.7850467562675476,inpaint,pnp_hqs,wavelet,15.0,fixed15p0,0.8,0.5,0.0,0.15,vanilla,True,0,20,0.08200257799365203,10.8617249406972,0.09856513449259506,8,0.04260939318107013,13.704946507324106,0.25777348192651933,15.0,none
val_images_circle,circle,test004.png,3,upright,0.0,False,321,321,80892.0,0.7850467562675476,inpaint,pnp_hqs,wavelet,15.0,fixed15p0,0.8,0.5,0.0,0.15,vanilla,True,0,20,0.08200257799365203,10.8617249406972,0.09856513449259506,9,0.03818046155966443,14.181588257693898,0.2901395774999382,15.0,none
val_images_circle,circle,test004.png,3,upright,0.0,False,321,321,80892.0,0.7850467562675476,inpaint,pnp_hqs,wavelet,15.0,fixed15p0,0.8,0.5,0.0,0.15,vanilla,True,0,20,0.08200257799365203,10.8617249406972,0.09856513449259506,10,0.033922155538982535,14.695165588639629,0.32433066136793504,15.0,none
val_images_circle,circle,test004.png,3,upright,0.0,False,321,321,80892.0,0.7850467562675476,inpaint,pnp_hqs,wavelet,15.0,fixed15p0,0.8,0.5,0.0,0.15,vanilla,True,0,20,0.08200257799365203,10.8617249406972,0.09856513449259506,11,0.029842596842085744,15.251633881324247,0.3591881188807299,15.0,none
val_images_circle,circle,test004.png,3,upright,0.0,False,321,321,80892.0,0.7850467562675476,inpaint,pnp_hqs,wavelet,15.0,fixed15p0,0.8,0.5,0.0,0.15,vanilla,True,0,20,0.08200257799365203,10.8617249406972,0.09856513449259506,12,0.025942627520528914,15.859860398218109,0.3943579624298447,15.0,none
val_images_circle,circle,test004.png,3,upright,0.0,False,321,321,80892.0,0.7850467562675476,inpaint,pnp_hqs,wavelet,15.0,fixed15p0,0.8,0.5,0.0,0.15,vanilla,True,0,20,0.08200257799365203,10.8617249406972,0.09856513449259506,13,0.022217257136154533,16.533095585437106,0.43066237236067845,15.0,none
val_images_circle,circle,test004.png,3,upright,0.0,False,321,321,80892.0,0.7850467562675476,inpaint,pnp_hqs,wavelet,15.0,fixed15p0,0.8,0.5,0.0,0.15,vanilla,True,0,20,0.08200257799365203,10.8617249406972,0.09856513449259506,14,0.018643145166742384,17.294808187344067,0.4700897010056619,15.0,none
val_images_circle,circle,test004.png,3,upright,0.0,False,321,321,80892.0,0.7850467562675476,inpaint,pnp_hqs,wavelet,15.0,fixed15p0,0.8,0.5,0.0,0.15,vanilla,True,0,20,0.08200257799365203,10.8617249406972,0.09856513449259506,15,0.015128154874419751,18.20214038052388,0.5151894752416802,15.0,none
val_images_circle,circle,test004.png,3,upright,0.0,False,321,321,80892.0,0.7850467562675476,inpaint,pnp_hqs,wavelet,15.0,fixed15p0,0.8,0.5,0.0,0.15,vanilla,True,0,20,0.08200257799365203,10.8617249406972,0.09856513449259506,16,0.011589298909444845,19.359428357334643,0.5619225035386688,15.0,none
val_images_circle,circle,test004.png,3,upright,0.0,False,321,321,80892.0,0.7850467562675476,inpaint,pnp_hqs,wavelet,15.0,fixed15p0,0.8,0.5,0.0,0.15,vanilla,True,0,20,0.08200257799365203,10.8617249406972,0.09856513449259506,17,0.008568223161843106,20.67109230703874,0.6019727692478861,15.0,none
val_images_circle,circle,test004.png,3,upright,0.0,False,321,321,80892.0,0.7850467562675476,inpaint,pnp_hqs,wavelet,15.0,fixed15p0,0.8,0.5,0.0,0.15,vanilla,True,0,20,0.08200257799365203,10.8617249406972,0.09856513449259506,18,0.006473369416359158,21.88869608352311,0.6348417778488602,15.0,none
val_images_circle,circle,test004.png,3,upright,0.0,False,321,321,80892.0,0.7850467562675476,inpaint,pnp_hqs,wavelet,15.0,fixed15p0,0.8,0.5,0.0,0.15,vanilla,True,0,20,0.08200257799365203,10.8617249406972,0.09856513449259506,19,0.0051903235407143936,22.848055694025227,0.6570309892356475,15.0,none
val_images_circle,circle,test004.png,3,upright,0.0,False,321,321,80892.0,0.7850467562675476,inpaint,pnp_hqs,wavelet,15.0,fixed15p0,0.8,0.5,0.0,0.15,vanilla,True,0,20,0.08200257799365203,10.8617249406972,0.09856513449259506,20,0.00439580866333545,23.569612194027883,0.6719381629209316,15.0,none
val_images_circle,circle,test004.png,3,upright,0.0,False,321,321,80892.0,0.7850467562675476,inpaint,pnp_hqs,wavelet,15.0,fixed15p0,0.8,0.5,0.0,0.15,G16_fixed,True,16,20,0.08200257799365203,10.8617249406972,0.09856513449259506,1,0.06441306869807892,11.9102601016103,0.164619907948252,15.0,0;22.5;45;67.5;90;112.5;135;157.5;180;202.5;225;247.5;270;292.5;315;337.5
val_images_circle,circle,test004.png,3,upright,0.0,False,321,321,80892.0,0.7850467562675476,inpaint,pnp_hqs,wavelet,15.0,fixed15p0,0.8,0.5,0.0,0.15,G16_fixed,True,16,20,0.08200257799365203,10.8617249406972,0.09856513449259506,2,0.040037260690758976,13.97535644169357,0.44144966243571676,15.0,0;22.5;45;67.5;90;112.5;135;157.5;180;202.5;225;247.5;270;292.5;315;337.5
val_images_circle,circle,test004.png,3,upright,0.0,False,321,321,80892.0,0.7850467562675476,inpaint,pnp_hqs,wavelet,15.0,fixed15p0,0.8,0.5,0.0,0.15,G16_fixed,True,16,20,0.08200257799365203,10.8617249406972,0.09856513449259506,3,0.025104276163549856,16.00252296205907,0.5383710881483954,15.0,0;22.5;45;67.5;90;112.5;135;157.5;180;202.5;225;247.5;270;292.5;315;337.5
val_images_circle,circle,test004.png,3,upright,0.0,False,321,321,80892.0,0.7850467562675476,inpaint,pnp_hqs,wavelet,15.0,fixed15p0,0.8,0.5,0.0,0.15,G16_fixed,True,16,20,0.08200257799365203,10.8617249406972,0.09856513449259506,4,0.015863069704919058,17.996127674025374,0.5802747123479454,15.0,0;22.5;45;67.5;90;112.5;135;157.5;180;202.5;225;247.5;270;292.5;315;337.5
val_images_circle,circle,test004.png,3,upright,0.0,False,321,321,80892.0,0.7850467562675476,inpaint,pnp_hqs,wavelet,15.0,fixed15p0,0.8,0.5,0.0,0.15,G16_fixed,True,16,20,0.08200257799365203,10.8617249406972,0.09856513449259506,5,0.010783721919300967,19.672313198508768,0.6005390964959452,15.0,0;22.5;45;67.5;90;112.5;135;157.5;180;202.5;225;247.5;270;292.5;315;337.5
val_images_circle,circle,test004.png,3,upright,0.0,False,321,321,80892.0,0.7850467562675476,inpaint,pnp_hqs,wavelet,15.0,fixed15p0,0.8,0.5,0.0,0.15,G16_fixed,True,16,20,0.08200257799365203,10.8617249406972,0.09856513449259506,6,0.007963094431657334,20.989181340910843,0.6118650098279187,15.0,0;22.5;45;67.5;90;112.5;135;157.5;180;202.5;225;247.5;270;292.5;315;337.5
val_images_circle,circle,test004.png,3,upright,0.0,False,321,321,80892.0,0.7850467562675476,inpaint,pnp_hqs,wavelet,15.0,fixed15p0,0.8,0.5,0.0,0.15,G16_fixed,True,16,20,0.08200257799365203,10.8617249406972,0.09856513449259506,7,0.0063730347482503676,21.9565371357219,0.6192639085910844,15.0,0;22.5;45;67.5;90;112.5;135;157.5;180;202.5;225;247.5;270;292.5;315;337.5
val_images_circle,circle,test004.png,3,upright,0.0,False,321,321,80892.0,0.7850467562675476,inpaint,pnp_hqs,wavelet,15.0,fixed15p0,0.8,0.5,0.0,0.15,G16_fixed,True,16,20,0.08200257799365203,10.8617249406972,0.09856513449259506,8,0.005461038211176824,22.62724784672077,0.6245528857149039,15.0,0;22.5;45;67.5;90;112.5;135;157.5;180;202.5;225;247.5;270;292.5;315;337.5
val_images_circle,circle,test004.png,3,upright,0.0,False,321,321,80892.0,0.7850467562675476,inpaint,pnp_hqs,wavelet,15.0,fixed15p0,0.8,0.5,0.0,0.15,G16_fixed,True,16,20,0.08200257799365203,10.8617249406972,0.09856513449259506,9,0.004927180543507276,23.074015238601856,0.628503803682688,15.0,0;22.5;45;67.5;90;112.5;135;157.5;180;202.5;225;247.5;270;292.5;315;337.5
val_images_circle,circle,test004.png,3,upright,0.0,False,321,321,80892.0,0.7850467562675476,inpaint,pnp_hqs,wavelet,15.0,fixed15p0,0.8,0.5,0.0,0.15,G16_fixed,True,16,20,0.08200257799365203,10.8617249406972,0.09856513449259506,10,0.004607422028923403,23.365420055814525,0.6314878170894526,15.0,0;22.5;45;67.5;90;112.5;135;157.5;180;202.5;225;247.5;270;292.5;315;337.5
val_images_circle,circle,test004.png,3,upright,0.0,False,321,321,80892.0,0.7850467562675476,inpaint,pnp_hqs,wavelet,15.0,fixed15p0,0.8,0.5,0.0,0.15,G16_fixed,True,16,20,0.08200257799365203,10.8617249406972,0.09856513449259506,11,0.0044110538709212594,23.55457638276688,0.6337385514791327,15.0,0;22.5;45;67.5;90;112.5;135;157.5;180;202.5;225;247.5;270;292.5;315;337.5
val_images_circle,circle,test004.png,3,upright,0.0,False,321,321,80892.0,0.7850467562675476,inpaint,pnp_hqs,wavelet,15.0,fixed15p0,0.8,0.5,0.0,0.15,G16_fixed,True,16,20,0.08200257799365203,10.8617249406972,0.09856513449259506,12,0.004287203253184995,23.678259264160783,0.6354404734862533,15.0,0;22.5;45;67.5;90;112.5;135;157.5;180;202.5;225;247.5;270;292.5;315;337.5
val_images_circle,circle,test004.png,3,upright,0.0,False,321,321,80892.0,0.7850467562675476,inpaint,pnp_hqs,wavelet,15.0,fixed15p0,0.8,0.5,0.0,0.15,G16_fixed,True,16,20,0.08200257799365203,10.8617249406972,0.09856513449259506,13,0.004206949930153785,23.760326567938716,0.6367314019000643,15.0,0;22.5;45;67.5;90;112.5;135;157.5;180;202.5;225;247.5;270;292.5;315;337.5
val_images_circle,circle,test004.png,3,upright,0.0,False,321,321,80892.0,0.7850467562675476,inpaint,pnp_hqs,wavelet,15.0,fixed15p0,0.8,0.5,0.0,0.15,G16_fixed,True,16,20,0.08200257799365203,10.8617249406972,0.09856513449259506,14,0.004153578122126763,23.815776167409375,0.6377120690241309,15.0,0;22.5;45;67.5;90;112.5;135;157.5;180;202.5;225;247.5;270;292.5;315;337.5
val_images_circle,circle,test004.png,3,upright,0.0,False,321,321,80892.0,0.7850467562675476,inpaint,pnp_hqs,wavelet,15.0,fixed15p0,0.8,0.5,0.0,0.15,G16_fixed,True,16,20,0.08200257799365203,10.8617249406972,0.09856513449259506,15,0.0041172401267131255,23.85393803231972,0.6384540401862978,15.0,0;22.5;45;67.5;90;112.5;135;157.5;180;202.5;225;247.5;270;292.5;315;337.5
val_images_circle,circle,test004.png,3,upright,0.0,False,321,321,80892.0,0.7850467562675476,inpaint,pnp_hqs,wavelet,15.0,fixed15p0,0.8,0.5,0.0,0.15,G16_fixed,True,16,20,0.08200257799365203,10.8617249406972,0.09856513449259506,16,0.004091983107226495,23.88066167837067,0.6390161805246501,15.0,0;22.5;45;67.5;90;112.5;135;157.5;180;202.5;225;247.5;270;292.5;315;337.5
val_images_circle,circle,test004.png,3,upright,0.0,False,321,321,80892.0,0.7850467562675476,inpaint,pnp_hqs,wavelet,15.0,fixed15p0,0.8,0.5,0.0,0.15,G16_fixed,True,16,20,0.08200257799365203,10.8617249406972,0.09856513449259506,17,0.004074118938218744,23.899662965292535,0.6394424336615487,15.0,0;22.5;45;67.5;90;112.5;135;157.5;180;202.5;225;247.5;270;292.5;315;337.5
val_images_circle,circle,test004.png,3,upright,0.0,False,321,321,80892.0,0.7850467562675476,inpaint,pnp_hqs,wavelet,15.0,fixed15p0,0.8,0.5,0.0,0.15,G16_fixed,True,16,20,0.08200257799365203,10.8617249406972,0.09856513449259506,18,0.004061301042328235,23.913348174106552,0.6397662643555605,15.0,0;22.5;45;67.5;90;112.5;135;157.5;180;202.5;225;247.5;270;292.5;315;337.5
val_images_circle,circle,test004.png,3,upright,0.0,False,321,321,80892.0,0.7850467562675476,inpaint,pnp_hqs,wavelet,15.0,fixed15p0,0.8,0.5,0.0,0.15,G16_fixed,True,16,20,0.08200257799365203,10.8617249406972,0.09856513449259506,19,0.0040520033897434235,23.923301999982705,0.6400120589026109,15.0,0;22.5;45;67.5;90;112.5;135;157.5;180;202.5;225;247.5;270;292.5;315;337.5
val_images_circle,circle,test004.png,3,upright,0.0,False,321,321,80892.0,0.7850467562675476,inpaint,pnp_hqs,wavelet,15.0,fixed15p0,0.8,0.5,0.0,0.15,G16_fixed,True,16,20,0.08200257799365203,10.8617249406972,0.09856513449259506,20,0.004045197938131436,23.930602227945915,0.640198940021881,15.0,0;22.5;45;67.5;90;112.5;135;157.5;180;202.5;225;247.5;270;292.5;315;337.5
val_images_circle,circle,test004.png,3,rot45_padded,45.0,False,321,321,80883.0,0.7849593758583069,inpaint,pnp_hqs,wavelet,15.0,fixed15p0,0.8,0.5,0.0,0.15,vanilla,False,0,20,0.08081751042014391,10.924945321097393,0.10490390295627634,1,0.07577906102603452,11.20450780345511,0.11535912116112162,15.0,none
val_images_circle,circle,test004.png,3,rot45_padded,45.0,False,321,321,80883.0,0.7849593758583069,inpaint,pnp_hqs,wavelet,15.0,fixed15p0,0.8,0.5,0.0,0.15,vanilla,False,0,20,0.08081751042014391,10.924945321097393,0.10490390295627634,2,0.0707649221618727,11.501819666979525,0.12886476453642917,15.0,none
val_images_circle,circle,test004.png,3,rot45_padded,45.0,False,321,321,80883.0,0.7849593758583069,inpaint,pnp_hqs,wavelet,15.0,fixed15p0,0.8,0.5,0.0,0.15,vanilla,False,0,20,0.08081751042014391,10.924945321097393,0.10490390295627634,3,0.06573415772048824,11.822088974935685,0.14489962063258038,15.0,none
val_images_circle,circle,test004.png,3,rot45_padded,45.0,False,321,321,80883.0,0.7849593758583069,inpaint,pnp_hqs,wavelet,15.0,fixed15p0,0.8,0.5,0.0,0.15,vanilla,False,0,20,0.08081751042014391,10.924945321097393,0.10490390295627634,4,0.06074355062829952,12.164998259638635,0.1634111564891572,15.0,none
val_images_circle,circle,test004.png,3,rot45_padded,45.0,False,321,321,80883.0,0.7849593758583069,inpaint,pnp_hqs,wavelet,15.0,fixed15p0,0.8,0.5,0.0,0.15,vanilla,False,0,20,0.08081751042014391,10.924945321097393,0.10490390295627634,5,0.05583701317605368,12.530778209696276,0.18439366121434664,15.0,none
val_images_circle,circle,test004.png,3,rot45_padded,45.0,False,321,321,80883.0,0.7849593758583069,inpaint,pnp_hqs,wavelet,15.0,fixed15p0,0.8,0.5,0.0,0.15,vanilla,False,0,20,0.08081751042014391,10.924945321097393,0.10490390295627634,6,0.051043009269562206,12.92063729454608,0.20799657182287995,15.0,none
val_images_circle,circle,test004.png,3,rot45_padded,45.0,False,321,321,80883.0,0.7849593758583069,inpaint,pnp_hqs,wavelet,15.0,fixed15p0,0.8,0.5,0.0,0.15,vanilla,False,0,20,0.08081751042014391,10.924945321097393,0.10490390295627634,7,0.04637935073366004,13.336753353608689,0.23432936116056527,15.0,none
val_images_circle,circle,test004.png,3,rot45_padded,45.0,False,321,321,80883.0,0.7849593758583069,inpaint,pnp_hqs,wavelet,15.0,fixed15p0,0.8,0.5,0.0,0.15,vanilla,False,0,20,0.08081751042014391,10.924945321097393,0.10490390295627634,8,0.04186149199016635,13.781852969827815,0.2634622261090093,15.0,none
val_images_circle,circle,test004.png,3,rot45_padded,45.0,False,321,321,80883.0,0.7849593758583069,inpaint,pnp_hqs,wavelet,15.0,fixed15p0,0.8,0.5,0.0,0.15,vanilla,False,0,20,0.08081751042014391,10.924945321097393,0.10490390295627634,9,0.03750324844702379,14.259311130318542,0.29542952860922567,15.0,none
val_images_circle,circle,test004.png,3,rot45_padded,45.0,False,321,321,80883.0,0.7849593758583069,inpaint,pnp_hqs,wavelet,15.0,fixed15p0,0.8,0.5,0.0,0.15,vanilla,False,0,20,0.08081751042014391,10.924945321097393,0.10490390295627634,10,0.033317735233686314,14.773245273415178,0.3295211379786234,15.0,none
val_images_circle,circle,test004.png,3,rot45_padded,45.0,False,321,321,80883.0,0.7849593758583069,inpaint,pnp_hqs,wavelet,15.0,fixed15p0,0.8,0.5,0.0,0.15,vanilla,False,0,20,0.08081751042014391,10.924945321097393,0.10490390295627634,11,0.029311221653692678,15.329660803537548,0.3644319041470396,15.0,none
val_images_circle,circle,test004.png,3,rot45_padded,45.0,False,321,321,80883.0,0.7849593758583069,inpaint,pnp_hqs,wavelet,15.0,fixed15p0,0.8,0.5,0.0,0.15,vanilla,False,0,20,0.08081751042014391,10.924945321097393,0.10490390295627634,12,0.025483955219267336,15.937331667371543,0.399490839584647,15.0,none
val_images_circle,circle,test004.png,3,rot45_padded,45.0,False,321,321,80883.0,0.7849593758583069,inpaint,pnp_hqs,wavelet,15.0,fixed15p0,0.8,0.5,0.0,0.15,vanilla,False,0,20,0.08081751042014391,10.924945321097393,0.10490390295627634,13,0.02182894823773228,16.609671889611825,0.43549198765500785,15.0,none
val_images_circle,circle,test004.png,3,rot45_padded,45.0,False,321,321,80883.0,0.7849593758583069,inpaint,pnp_hqs,wavelet,15.0,fixed15p0,0.8,0.5,0.0,0.15,vanilla,False,0,20,0.08081751042014391,10.924945321097393,0.10490390295627634,14,0.018321221594289745,17.370455724819358,0.4743300121780844,15.0,none
val_images_circle,circle,test004.png,3,rot45_padded,45.0,False,321,321,80883.0,0.7849593758583069,inpaint,pnp_hqs,wavelet,15.0,fixed15p0,0.8,0.5,0.0,0.15,vanilla,False,0,20,0.08081751042014391,10.924945321097393,0.10490390295627634,15,0.014782175599129298,18.302616429937615,0.5177538949006589,15.0,none
val_images_circle,circle,test004.png,3,rot45_padded,45.0,False,321,321,80883.0,0.7849593758583069,inpaint,pnp_hqs,wavelet,15.0,fixed15p0,0.8,0.5,0.0,0.15,vanilla,False,0,20,0.08081751042014391,10.924945321097393,0.10490390295627634,16,0.011596593661909795,19.356695600045132,0.5586732436822324,15.0,none
val_images_circle,circle,test004.png,3,rot45_padded,45.0,False,321,321,80883.0,0.7849593758583069,inpaint,pnp_hqs,wavelet,15.0,fixed15p0,0.8,0.5,0.0,0.15,vanilla,False,0,20,0.08081751042014391,10.924945321097393,0.10490390295627634,17,0.008724539534294522,20.592574850555604,0.5949166639621428,15.0,none
val_images_circle,circle,test004.png,3,rot45_padded,45.0,False,321,321,80883.0,0.7849593758583069,inpaint,pnp_hqs,wavelet,15.0,fixed15p0,0.8,0.5,0.0,0.15,vanilla,False,0,20,0.08081751042014391,10.924945321097393,0.10490390295627634,18,0.006704769604030668,21.736161412154082,0.6213355634064018,15.0,none
val_images_circle,circle,test004.png,3,rot45_padded,45.0,False,321,321,80883.0,0.7849593758583069,inpaint,pnp_hqs,wavelet,15.0,fixed15p0,0.8,0.5,0.0,0.15,vanilla,False,0,20,0.08081751042014391,10.924945321097393,0.10490390295627634,19,0.005404302646260648,22.672603380510836,0.6410992575695758,15.0,none
val_images_circle,circle,test004.png,3,rot45_padded,45.0,False,321,321,80883.0,0.7849593758583069,inpaint,pnp_hqs,wavelet,15.0,fixed15p0,0.8,0.5,0.0,0.15,vanilla,False,0,20,0.08081751042014391,10.924945321097393,0.10490390295627634,20,0.004611840191571081,23.36125750189418,0.6546807000543996,15.0,none
val_images_circle,circle,test004.png,3,rot45_padded,45.0,False,321,321,80883.0,0.7849593758583069,inpaint,pnp_hqs,wavelet,15.0,fixed15p0,0.8,0.5,0.0,0.15,G16_fixed,False,16,20,0.08081751042014391,10.924945321097393,0.10490390295627634,1,0.07539230808312625,11.226729608604417,0.11726827350153926,15.0,0;22.5;45;67.5;90;112.5;135;157.5;180;202.5;225;247.5;270;292.5;315;337.5
val_images_circle,circle,test004.png,3,rot45_padded,45.0,False,321,321,80883.0,0.7849593758583069,inpaint,pnp_hqs,wavelet,15.0,fixed15p0,0.8,0.5,0.0,0.15,G16_fixed,False,16,20,0.08081751042014391,10.924945321097393,0.10490390295627634,2,0.06996434689033851,11.551232156050148,0.13276607636570725,15.0,0;22.5;45;67.5;90;112.5;135;157.5;180;202.5;225;247.5;270;292.5;315;337.5
val_images_circle,circle,test004.png,3,rot45_padded,45.0,False,321,321,80883.0,0.7849593758583069,inpaint,pnp_hqs,wavelet,15.0,fixed15p0,0.8,0.5,0.0,0.15,G16_fixed,False,16,20,0.08081751042014391,10.924945321097393,0.10490390295627634,3,0.0644873903508772,11.905251975570842,0.15194204369660497,15.0,0;22.5;45;67.5;90;112.5;135;157.5;180;202.5;225;247.5;270;292.5;315;337.5
val_images_circle,circle,test004.png,3,rot45_padded,45.0,False,321,321,80883.0,0.7849593758583069,inpaint,pnp_hqs,wavelet,15.0,fixed15p0,0.8,0.5,0.0,0.15,G16_fixed,False,16,20,0.08081751042014391,10.924945321097393,0.10490390295627634,4,0.05900748177537307,12.290929190738606,0.17574086324923038,15.0,0;22.5;45;67.5;90;112.5;135;157.5;180;202.5;225;247.5;270;292.5;315;337.5
val_images_circle,circle,test004.png,3,rot45_padded,45.0,False,321,321,80883.0,0.7849593758583069,inpaint,pnp_hqs,wavelet,15.0,fixed15p0,0.8,0.5,0.0,0.15,G16_fixed,False,16,20,0.08081751042014391,10.924945321097393,0.10490390295627634,5,0.05356458533274916,12.711222528050406,0.20534058454805088,15.0,0;22.5;45;67.5;90;112.5;135;157.5;180;202.5;225;247.5;270;292.5;315;337.5
val_images_circle,circle,test004.png,3,rot45_padded,45.0,False,321,321,80883.0,0.7849593758583069,inpaint,pnp_hqs,wavelet,15.0,fixed15p0,0.8,0.5,0.0,0.15,G16_fixed,False,16,20,0.08081751042014391,10.924945321097393,0.10490390295627634,6,0.04818794066834965,13.17061633057211,0.24176081307258632,15.0,0;22.5;45;67.5;90;112.5;135;157.5;180;202.5;225;247.5;270;292.5;315;337.5
val_images_circle,circle,test004.png,3,rot45_padded,45.0,False,321,321,80883.0,0.7849593758583069,inpaint,pnp_hqs,wavelet,15.0,fixed15p0,0.8,0.5,0.0,0.15,G16_fixed,False,16,20,0.08081751042014391,10.924945321097393,0.10490390295627634,7,0.04290189453342328,13.675235290916328,0.2853200427237491,15.0,0;22.5;45;67.5;90;112.5;135;157.5;180;202.5;225;247.5;270;292.5;315;337.5
val_images_circle,circle,test004.png,3,rot45_padded,45.0,False,321,321,80883.0,0.7849593758583069,inpaint,pnp_hqs,wavelet,15.0,fixed15p0,0.8,0.5,0.0,0.15,G16_fixed,False,16,20,0.08081751042014391,10.924945321097393,0.10490390295627634,8,0.037729767409019815,14.233158720661816,0.33473521842507076,15.0,0;22.5;45;67.5;90;112.5;135;157.5;180;202.5;225;247.5;270;292.5;315;337.5
val_images_circle,circle,test004.png,3,rot45_padded,45.0,False,321,321,80883.0,0.7849593758583069,inpaint,pnp_hqs,wavelet,15.0,fixed15p0,0.8,0.5,0.0,0.15,G16_fixed,False,16,20,0.08081751042014391,10.924945321097393,0.10490390295627634,9,0.032695097103995895,14.855173684505683,0.3863970565508203,15.0,0;22.5;45;67.5;90;112.5;135;157.5;180;202.5;225;247.5;270;292.5;315;337.5
val_images_circle,circle,test004.png,3,rot45_padded,45.0,False,321,321,80883.0,0.7849593758583069,inpaint,pnp_hqs,wavelet,15.0,fixed15p0,0.8,0.5,0.0,0.15,G16_fixed,False,16,20,0.08081751042014391,10.924945321097393,0.10490390295627634,10,0.02782079962820525,15.556303916291494,0.4378695538617509,15.0,0;22.5;45;67.5;90;112.5;135;157.5;180;202.5;225;247.5;270;292.5;315;337.5
val_images_circle,circle,test004.png,3,rot45_padded,45.0,False,321,321,80883.0,0.7849593758583069,inpaint,pnp_hqs,wavelet,15.0,fixed15p0,0.8,0.5,0.0,0.15,G16_fixed,False,16,20,0.08081751042014391,10.924945321097393,0.10490390295627634,11,0.02312893375404133,16.358443877831938,0.49104904035767716,15.0,0;22.5;45;67.5;90;112.5;135;157.5;180;202.5;225;247.5;270;292.5;315;337.5
val_images_circle,circle,test004.png,3,rot45_padded,45.0,False,321,321,80883.0,0.7849593758583069,inpaint,pnp_hqs,wavelet,15.0,fixed15p0,0.8,0.5,0.0,0.15,G16_fixed,False,16,20,0.08081751042014391,10.924945321097393,0.10490390295627634,12,0.018637561837005302,17.296109026039723,0.5489684946156794,15.0,0;22.5;45;67.5;90;112.5;135;157.5;180;202.5;225;247.5;270;292.5;315;337.5
val_images_circle,circle,test004.png,3,rot45_padded,45.0,False,321,321,80883.0,0.7849593758583069,inpaint,pnp_hqs,wavelet,15.0,fixed15p0,0.8,0.5,0.0,0.15,G16_fixed,False,16,20,0.08081751042014391,10.924945321097393,0.10490390295627634,13,0.014316268548686837,18.441701635847068,0.6078055068741268,15.0,0;22.5;45;67.5;90;112.5;135;157.5;180;202.5;225;247.5;270;292.5;315;337.5
val_images_circle,circle,test004.png,3,rot45_padded,45.0,False,321,321,80883.0,0.7849593758583069,inpaint,pnp_hqs,wavelet,15.0,fixed15p0,0.8,0.5,0.0,0.15,G16_fixed,False,16,20,0.08081751042014391,10.924945321097393,0.10490390295627634,14,0.010231636186683234,19.900549107621014,0.6569921986078657,15.0,0;22.5;45;67.5;90;112.5;135;157.5;180;202.5;225;247.5;270;292.5;315;337.5
val_images_circle,circle,test004.png,3,rot45_padded,45.0,False,321,321,80883.0,0.7849593758583069,inpaint,pnp_hqs,wavelet,15.0,fixed15p0,0.8,0.5,0.0,0.15,G16_fixed,False,16,20,0.08081751042014391,10.924945321097393,0.10490390295627634,15,0.007378322054744584,21.320423922718753,0.684507106329513,15.0,0;22.5;45;67.5;90;112.5;135;157.5;180;202.5;225;247.5;270;292.5;315;337.5
val_images_circle,circle,test004.png,3,rot45_padded,45.0,False,321,321,80883.0,0.7849593758583069,inpaint,pnp_hqs,wavelet,15.0,fixed15p0,0.8,0.5,0.0,0.15,G16_fixed,False,16,20,0.08081751042014391,10.924945321097393,0.10490390295627634,16,0.005518927594850548,22.581453035906772,0.6986549050789412,15.0,0;22.5;45;67.5;90;112.5;135;157.5;180;202.5;225;247.5;270;292.5;315;337.5
val_images_circle,circle,test004.png,3,rot45_padded,45.0,False,321,321,80883.0,0.7849593758583069,inpaint,pnp_hqs,wavelet,15.0,fixed15p0,0.8,0.5,0.0,0.15,G16_fixed,False,16,20,0.08081751042014391,10.924945321097393,0.10490390295627634,17,0.004441245786617514,23.524951915149167,0.7052597868989775,15.0,0;22.5;45;67.5;90;112.5;135;157.5;180;202.5;225;247.5;270;292.5;315;337.5
val_images_circle,circle,test004.png,3,rot45_padded,45.0,False,321,321,80883.0,0.7849593758583069,inpaint,pnp_hqs,wavelet,15.0,fixed15p0,0.8,0.5,0.0,0.15,G16_fixed,False,16,20,0.08081751042014391,10.924945321097393,0.10490390295627634,18,0.0038220283060533813,24.17706100871465,0.7081629483327769,15.0,0;22.5;45;67.5;90;112.5;135;157.5;180;202.5;225;247.5;270;292.5;315;337.5
val_images_circle,circle,test004.png,3,rot45_padded,45.0,False,321,321,80883.0,0.7849593758583069,inpaint,pnp_hqs,wavelet,15.0,fixed15p0,0.8,0.5,0.0,0.15,G16_fixed,False,16,20,0.08081751042014391,10.924945321097393,0.10490390295627634,19,0.0034628288314602572,24.605689752104347,0.7095788631418222,15.0,0;22.5;45;67.5;90;112.5;135;157.5;180;202.5;225;247.5;270;292.5;315;337.5
val_images_circle,circle,test004.png,3,rot45_padded,45.0,False,321,321,80883.0,0.7849593758583069,inpaint,pnp_hqs,wavelet,15.0,fixed15p0,0.8,0.5,0.0,0.15,G16_fixed,False,16,20,0.08081751042014391,10.924945321097393,0.10490390295627634,20,0.003250349396707667,24.880699519730854,0.7104043707423068,15.0,0;22.5;45;67.5;90;112.5;135;157.5;180;202.5;225;247.5;270;292.5;315;337.5
val_images_circle,circle,test005.png,4,upright,0.0,False,321,321,80892.0,0.7850467562675476,inpaint,pnp_hqs,wavelet,15.0,fixed15p0,0.8,0.5,0.0,0.15,vanilla,True,0,20,0.25082539161010975,6.006285010232486,0.07349995185517419,1,0.24550857547717944,6.0993333361280735,0.07492082180175419,15.0,none
val_images_circle,circle,test005.png,4,upright,0.0,False,321,321,80892.0,0.7850467562675476,inpaint,pnp_hqs,wavelet,15.0,fixed15p0,0.8,0.5,0.0,0.15,vanilla,True,0,20,0.25082539161010975,6.006285010232486,0.07349995185517419,2,0.2402373689610839,6.193594371025316,0.07676882013595288,15.0,none
val_images_circle,circle,test005.png,4,upright,0.0,False,321,321,80892.0,0.7850467562675476,inpaint,pnp_hqs,wavelet,15.0,fixed15p0,0.8,0.5,0.0,0.15,vanilla,True,0,20,0.25082539161010975,6.006285010232486,0.07349995185517419,3,0.234949864672959,6.2902480078703515,0.0788588947106945,15.0,none
val_images_circle,circle,test005.png,4,upright,0.0,False,321,321,80892.0,0.7850467562675476,inpaint,pnp_hqs,wavelet,15.0,fixed15p0,0.8,0.5,0.0,0.15,vanilla,True,0,20,0.25082539161010975,6.006285010232486,0.07349995185517419,4,0.22966306058541017,6.389088518838193,0.08110071361545332,15.0,none
val_images_circle,circle,test005.png,4,upright,0.0,False,321,321,80892.0,0.7850467562675476,inpaint,pnp_hqs,wavelet,15.0,fixed15p0,0.8,0.5,0.0,0.15,vanilla,True,0,20,0.25082539161010975,6.006285010232486,0.07349995185517419,5,0.2243897534675864,6.489969785838218,0.08345725676287519,15.0,none
val_images_circle,circle,test005.png,4,upright,0.0,False,321,321,80892.0,0.7850467562675476,inpaint,pnp_hqs,wavelet,15.0,fixed15p0,0.8,0.5,0.0,0.15,vanilla,True,0,20,0.25082539161010975,6.006285010232486,0.07349995185517419,6,0.21913689703555359,6.592844922255415,0.08591497889354015,15.0,none
val_images_circle,circle,test005.png,4,upright,0.0,False,321,321,80892.0,0.7850467562675476,inpaint,pnp_hqs,wavelet,15.0,fixed15p0,0.8,0.5,0.0,0.15,vanilla,True,0,20,0.25082539161010975,6.006285010232486,0.07349995185517419,7,0.21390864420307323,6.697716649196334,0.08846891824129703,15.0,none
val_images_circle,circle,test005.png,4,upright,0.0,False,321,321,80892.0,0.7850467562675476,inpaint,pnp_hqs,wavelet,15.0,fixed15p0,0.8,0.5,0.0,0.15,vanilla,True,0,20,0.25082539161010975,6.006285010232486,0.07349995185517419,8,0.20870639537129754,6.804642426839046,0.09112730216291474,15.0,none
val_images_circle,circle,test005.png,4,upright,0.0,False,321,321,80892.0,0.7850467562675476,inpaint,pnp_hqs,wavelet,15.0,fixed15p0,0.8,0.5,0.0,0.15,vanilla,True,0,20,0.25082539161010975,6.006285010232486,0.07349995185517419,9,0.20353213041771745,6.913670215167213,0.09389352904567201,15.0,none
val_images_circle,circle,test005.png,4,upright,0.0,False,321,321,80892.0,0.7850467562675476,inpaint,pnp_hqs,wavelet,15.0,fixed15p0,0.8,0.5,0.0,0.15,vanilla,True,0,20,0.25082539161010975,6.006285010232486,0.07349995185517419,10,0.1983875153368071,7.024856617732478,0.09676841981438214,15.0,none
val_images_circle,circle,test005.png,4,upright,0.0,False,321,321,80892.0,0.7850467562675476,inpaint,pnp_hqs,wavelet,15.0,fixed15p0,0.8,0.5,0.0,0.15,vanilla,True,0,20,0.25082539161010975,6.006285010232486,0.07349995185517419,11,0.19327344348792216,7.138278155988694,0.09975855997618739,15.0,none
val_images_circle,circle,test005.png,4,upright,0.0,False,321,321,80892.0,0.7850467562675476,inpaint,pnp_hqs,wavelet,15.0,fixed15p0,0.8,0.5,0.0,0.15,vanilla,True,0,20,0.25082539161010975,6.006285010232486,0.07349995185517419,12,0.18819088066496067,7.254014253978313,0.10287496561773724,15.0,none
val_images_circle,circle,test005.png,4,upright,0.0,False,321,321,80892.0,0.7850467562675476,inpaint,pnp_hqs,wavelet,15.0,fixed15p0,0.8,0.5,0.0,0.15,vanilla,True,0,20,0.25082539161010975,6.006285010232486,0.07349995185517419,13,0.1831411186172613,7.3721413749104965,0.10612186812354744,15.0,none
val_images_circle,circle,test005.png,4,upright,0.0,False,321,321,80892.0,0.7850467562675476,inpaint,pnp_hqs,wavelet,15.0,fixed15p0,0.8,0.5,0.0,0.15,vanilla,True,0,20,0.25082539161010975,6.006285010232486,0.07349995185517419,14,0.17812486961782376,7.492754405381116,0.1095145451458426,15.0,none
val_images_circle,circle,test005.png,4,upright,0.0,False,321,321,80892.0,0.7850467562675476,inpaint,pnp_hqs,wavelet,15.0,fixed15p0,0.8,0.5,0.0,0.15,vanilla,True,0,20,0.25082539161010975,6.006285010232486,0.07349995185517419,15,0.17314360650234262,7.615935405685629,0.11304840916360703,15.0,none
val_images_circle,circle,test005.png,4,upright,0.0,False,321,321,80892.0,0.7850467562675476,inpaint,pnp_hqs,wavelet,15.0,fixed15p0,0.8,0.5,0.0,0.15,vanilla,True,0,20,0.25082539161010975,6.006285010232486,0.07349995185517419,16,0.16819829506471592,7.741784107244241,0.11673214024949934,15.0,none
val_images_circle,circle,test005.png,4,upright,0.0,False,321,321,80892.0,0.7850467562675476,inpaint,pnp_hqs,wavelet,15.0,fixed15p0,0.8,0.5,0.0,0.15,vanilla,True,0,20,0.25082539161010975,6.006285010232486,0.07349995185517419,17,0.16328996146096028,7.870405134636879,0.12058156535102359,15.0,none
val_images_circle,circle,test005.png,4,upright,0.0,False,321,321,80892.0,0.7850467562675476,inpaint,pnp_hqs,wavelet,15.0,fixed15p0,0.8,0.5,0.0,0.15,vanilla,True,0,20,0.25082539161010975,6.006285010232486,0.07349995185517419,18,0.15841946283316027,8.00191463644286,0.12461597620129308,15.0,none
val_images_circle,circle,test005.png,4,upright,0.0,False,321,321,80892.0,0.7850467562675476,inpaint,pnp_hqs,wavelet,15.0,fixed15p0,0.8,0.5,0.0,0.15,vanilla,True,0,20,0.25082539161010975,6.006285010232486,0.07349995185517419,19,0.15358869455184074,8.136407509350521,0.1288434733966276,15.0,none
val_images_circle,circle,test005.png,4,upright,0.0,False,321,321,80892.0,0.7850467562675476,inpaint,pnp_hqs,wavelet,15.0,fixed15p0,0.8,0.5,0.0,0.15,vanilla,True,0,20,0.25082539161010975,6.006285010232486,0.07349995185517419,20,0.14879879142483188,8.27400596207197,0.13328210521049672,15.0,none
val_images_circle,circle,test005.png,4,upright,0.0,False,321,321,80892.0,0.7850467562675476,inpaint,pnp_hqs,wavelet,15.0,fixed15p0,0.8,0.5,0.0,0.15,G16_fixed,True,16,20,0.25082539161010975,6.006285010232486,0.07349995185517419,1,0.2355084557187361,6.279934953033992,0.07937199686387406,15.0,0;22.5;45;67.5;90;112.5;135;157.5;180;202.5;225;247.5;270;292.5;315;337.5
val_images_circle,circle,test005.png,4,upright,0.0,False,321,321,80892.0,0.7850467562675476,inpaint,pnp_hqs,wavelet,15.0,fixed15p0,0.8,0.5,0.0,0.15,G16_fixed,True,16,20,0.25082539161010975,6.006285010232486,0.07349995185517419,2,0.22013412752497158,6.57312623294758,0.08694704436161796,15.0,0;22.5;45;67.5;90;112.5;135;157.5;180;202.5;225;247.5;270;292.5;315;337.5
val_images_circle,circle,test005.png,4,upright,0.0,False,321,321,80892.0,0.7850467562675476,inpaint,pnp_hqs,wavelet,15.0,fixed15p0,0.8,0.5,0.0,0.15,G16_fixed,True,16,20,0.25082539161010975,6.006285010232486,0.07349995185517419,3,0.20454437900224992,6.89212450664985,0.096194176871245,15.0,0;22.5;45;67.5;90;112.5;135;157.5;180;202.5;225;247.5;270;292.5;315;337.5
val_images_circle,circle,test005.png,4,upright,0.0,False,321,321,80892.0,0.7850467562675476,inpaint,pnp_hqs,wavelet,15.0,fixed15p0,0.8,0.5,0.0,0.15,G16_fixed,True,16,20,0.25082539161010975,6.006285010232486,0.07349995185517419,4,0.188821181907667,7.239492882709179,0.10728877652842679,15.0,0;22.5;45;67.5;90;112.5;135;157.5;180;202.5;225;247.5;270;292.5;315;337.5
val_images_circle,circle,test005.png,4,upright,0.0,False,321,321,80892.0,0.7850467562675476,inpaint,pnp_hqs,wavelet,15.0,fixed15p0,0.8,0.5,0.0,0.15,G16_fixed,True,16,20,0.25082539161010975,6.006285010232486,0.07349995185517419,5,0.17301905530676706,7.619060635830585,0.1206108289061341,15.0,0;22.5;45;67.5;90;112.5;135;157.5;180;202.5;225;247.5;270;292.5;315;337.5
val_images_circle,circle,test005.png,4,upright,0.0,False,321,321,80892.0,0.7850467562675476,inpaint,pnp_hqs,wavelet,15.0,fixed15p0,0.8,0.5,0.0,0.15,G16_fixed,True,16,20,0.25082539161010975,6.006285010232486,0.07349995185517419,6,0.15715196699380038,8.036801787621679,0.13669512426676927,15.0,0;22.5;45;67.5;90;112.5;135;157.5;180;202.5;225;247.5;270;292.5;315;337.5
val_images_circle,circle,test005.png,4,upright,0.0,False,321,321,80892.0,0.7850467562675476,inpaint,pnp_hqs,wavelet,15.0,fixed15p0,0.8,0.5,0.0,0.15,G16_fixed,True,16,20,0.25082539161010975,6.006285010232486,0.07349995185517419,7,0.14119883851694234,8.501688757187578,0.15623156540897123,15.0,0;22.5;45;67.5;90;112.5;135;157.5;180;202.5;225;247.5;270;292.5;315;337.5
val_images_circle,circle,test005.png,4,upright,0.0,False,321,321,80892.0,0.7850467562675476,inpaint,pnp_hqs,wavelet,15.0,fixed15p0,0.8,0.5,0.0,0.15,G16_fixed,True,16,20,0.25082539161010975,6.006285010232486,0.07349995185517419,8,0.12510312264346288,9.027318499396763,0.17985901292386763,15.0,0;22.5;45;67.5;90;112.5;135;157.5;180;202.5;225;247.5;270;292.5;315;337.5
val_images_circle,circle,test005.png,4,upright,0.0,False,321,321,80892.0,0.7850467562675476,inpaint,pnp_hqs,wavelet,15.0,fixed15p0,0.8,0.5,0.0,0.15,G16_fixed,True,16,20,0.25082539161010975,6.006285010232486,0.07349995185517419,9,0.10874791002200465,9.635790808067286,0.20843643183194877,15.0,0;22.5;45;67.5;90;112.5;135;157.5;180;202.5;225;247.5;270;292.5;315;337.5
val_images_circle,circle,test005.png,4,upright,0.0,False,321,321,80892.0,0.7850467562675476,inpaint,pnp_hqs,wavelet,15.0,fixed15p0,0.8,0.5,0.0,0.15,G16_fixed,True,16,20,0.25082539161010975,6.006285010232486,0.07349995185517419,10,0.09186965360642894,10.368279211244772,0.24355356717907828,15.0,0;22.5;45;67.5;90;112.5;135;157.5;180;202.5;225;247.5;270;292.5;315;337.5
val_images_circle,circle,test005.png,4,upright,0.0,False,321,321,80892.0,0.7850467562675476,inpaint,pnp_hqs,wavelet,15.0,fixed15p0,0.8,0.5,0.0,0.15,G16_fixed,True,16,20,0.25082539161010975,6.006285010232486,0.07349995185517419,11,0.07366760763966153,11.327234336575923,0.2894328095253548,15.0,0;22.5;45;67.5;90;112.5;135;157.5;180;202.5;225;247.5;270;292.5;315;337.5
val_images_circle,circle,test005.png,4,upright,0.0,False,321,321,80892.0,0.7850467562675476,inpaint,pnp_hqs,wavelet,15.0,fixed15p0,0.8,0.5,0.0,0.15,G16_fixed,True,16,20,0.25082539161010975,6.006285010232486,0.07349995185517419,12,0.050829847541706843,12.938811929117906,0.36014761097358206,15.0,0;22.5;45;67.5;90;112.5;135;157.5;180;202.5;225;247.5;270;292.5;315;337.5
val_images_circle,circle,test005.png,4,upright,0.0,False,321,321,80892.0,0.7850467562675476,inpaint,pnp_hqs,wavelet,15.0,fixed15p0,0.8,0.5,0.0,0.15,G16_fixed,True,16,20,0.25082539161010975,6.006285010232486,0.07349995185517419,13,0.033968359722685804,14.689254240038462,0.41807426298336053,15.0,0;22.5;45;67.5;90;112.5;135;157.5;180;202.5;225;247.5;270;292.5;315;337.5
val_images_circle,circle,test005.png,4,upright,0.0,False,321,321,80892.0,0.7850467562675476,inpaint,pnp_hqs,wavelet,15.0,fixed15p0,0.8,0.5,0.0,0.15,G16_fixed,True,16,20,0.25082539161010975,6.006285010232486,0.07349995185517419,14,0.023773415190160956,16.23908424847276,0.4574963763412946,15.0,0;22.5;45;67.5;90;112.5;135;157.5;180;202.5;225;247.5;270;292.5;315;337.5
val_images_circle,circle,test005.png,4,upright,0.0,False,321,321,80892.0,0.7850467562675476,inpaint,pnp_hqs,wavelet,15.0,fixed15p0,0.8,0.5,0.0,0.15,G16_fixed,True,16,20,0.25082539161010975,6.006285010232486,0.07349995185517419,15,0.0172239231060009,17.638679220323425,0.4881792138746724,15.0,0;22.5;45;67.5;90;112.5;135;157.5;180;202.5;225;247.5;270;292.5;315;337.5
val_images_circle,circle,test005.png,4,upright,0.0,False,321,321,80892.0,0.7850467562675476,inpaint,pnp_hqs,wavelet,15.0,fixed15p0,0.8,0.5,0.0,0.15,G16_fixed,True,16,20,0.25082539161010975,6.006285010232486,0.07349995185517419,16,0.01349360000979315,18.69872167762636,0.5080740852772833,15.0,0;22.5;45;67.5;90;112.5;135;157.5;180;202.5;225;247.5;270;292.5;315;337.5
val_images_circle,circle,test005.png,4,upright,0.0,False,321,321,80892.0,0.7850467562675476,inpaint,pnp_hqs,wavelet,15.0,fixed15p0,0.8,0.5,0.0,0.15,G16_fixed,True,16,20,0.25082539161010975,6.006285010232486,0.07349995185517419,17,0.011394408491559347,19.433082150662724,0.5201866860289027,15.0,0;22.5;45;67.5;90;112.5;135;157.5;180;202.5;225;247.5;270;292.5;315;337.5
val_images_circle,circle,test005.png,4,upright,0.0,False,321,321,80892.0,0.7850467562675476,inpaint,pnp_hqs,wavelet,15.0,fixed15p0,0.8,0.5,0.0,0.15,G16_fixed,True,16,20,0.25082539161010975,6.006285010232486,0.07349995185517419,18,0.010203116808860503,19.912671413635746,0.5274184058683182,15.0,0;22.5;45;67.5;90;112.5;135;157.5;180;202.5;225;247.5;270;292.5;315;337.5
val_images_circle,circle,test005.png,4,upright,0.0,False,321,321,80892.0,0.7850467562675476,inpaint,pnp_hqs,wavelet,15.0,fixed15p0,0.8,0.5,0.0,0.15,G16_fixed,True,16,20,0.25082539161010975,6.006285010232486,0.07349995185517419,19,0.00951887371336937,20.214144349144185,0.5316102894136626,15.0,0;22.5;45;67.5;90;112.5;135;157.5;180;202.5;225;247.5;270;292.5;315;337.5
val_images_circle,circle,test005.png,4,upright,0.0,False,321,321,80892.0,0.7850467562675476,inpaint,pnp_hqs,wavelet,15.0,fixed15p0,0.8,0.5,0.0,0.15,G16_fixed,True,16,20,0.25082539161010975,6.006285010232486,0.07349995185517419,20,0.009119988006529925,20.400057328011123,0.5340129914731988,15.0,0;22.5;45;67.5;90;112.5;135;157.5;180;202.5;225;247.5;270;292.5;315;337.5
val_images_circle,circle,test005.png,4,rot45_padded,45.0,False,321,321,80883.0,0.7849593758583069,inpaint,pnp_hqs,wavelet,15.0,fixed15p0,0.8,0.5,0.0,0.15,vanilla,False,0,20,0.25255616136889086,5.9764203195911545,0.07518675823604774,1,0.247259665388586,6.068467228131505,0.07651945460572679,15.0,none
val_images_circle,circle,test005.png,4,rot45_padded,45.0,False,321,321,80883.0,0.7849593758583069,inpaint,pnp_hqs,wavelet,15.0,fixed15p0,0.8,0.5,0.0,0.15,vanilla,False,0,20,0.25255616136889086,5.9764203195911545,0.07518675823604774,2,0.2420028679543291,6.161794872040353,0.07830833411571343,15.0,none
val_images_circle,circle,test005.png,4,rot45_padded,45.0,False,321,321,80883.0,0.7849593758583069,inpaint,pnp_hqs,wavelet,15.0,fixed15p0,0.8,0.5,0.0,0.15,vanilla,False,0,20,0.25255616136889086,5.9764203195911545,0.07518675823604774,3,0.23672759765649148,6.257511091547095,0.08036424309457797,15.0,none
val_images_circle,circle,test005.png,4,rot45_padded,45.0,False,321,321,80883.0,0.7849593758583069,inpaint,pnp_hqs,wavelet,15.0,fixed15p0,0.8,0.5,0.0,0.15,vanilla,False,0,20,0.25255616136889086,5.9764203195911545,0.07518675823604774,4,0.2314525205389266,6.355380853491472,0.08257726196713154,15.0,none
val_images_circle,circle,test005.png,4,rot45_padded,45.0,False,321,321,80883.0,0.7849593758583069,inpaint,pnp_hqs,wavelet,15.0,fixed15p0,0.8,0.5,0.0,0.15,vanilla,False,0,20,0.25255616136889086,5.9764203195911545,0.07518675823604774,5,0.22619166631894216,6.455234000222778,0.08490289286492526,15.0,none
val_images_circle,circle,test005.png,4,rot45_padded,45.0,False,321,321,80883.0,0.7849593758583069,inpaint,pnp_hqs,wavelet,15.0,fixed15p0,0.8,0.5,0.0,0.15,vanilla,False,0,20,0.25255616136889086,5.9764203195911545,0.07518675823604774,6,0.22095104773252722,6.5570393470645705,0.08733310069598989,15.0,none
val_images_circle,circle,test005.png,4,rot45_padded,45.0,False,321,321,80883.0,0.7849593758583069,inpaint,pnp_hqs,wavelet,15.0,fixed15p0,0.8,0.5,0.0,0.15,vanilla,False,0,20,0.25255616136889086,5.9764203195911545,0.07518675823604774,7,0.21573462497527293,6.660801459086123,0.08985850414333049,15.0,none
val_images_circle,circle,test005.png,4,rot45_padded,45.0,False,321,321,80883.0,0.7849593758583069,inpaint,pnp_hqs,wavelet,15.0,fixed15p0,0.8,0.5,0.0,0.15,vanilla,False,0,20,0.25255616136889086,5.9764203195911545,0.07518675823604774,8,0.2105441849647021,6.7665674888924805,0.09247944730930789,15.0,none
val_images_circle,circle,test005.png,4,rot45_padded,45.0,False,321,321,80883.0,0.7849593758583069,inpaint,pnp_hqs,wavelet,15.0,fixed15p0,0.8,0.5,0.0,0.15,vanilla,False,0,20,0.25255616136889086,5.9764203195911545,0.07518675823604774,9,0.20538107996272392,6.874395668061718,0.09520168938080313,15.0,none
val_images_circle,circle,test005.png,4,rot45_padded,45.0,False,321,321,80883.0,0.7849593758583069,inpaint,pnp_hqs,wavelet,15.0,fixed15p0,0.8,0.5,0.0,0.15,vanilla,False,0,20,0.25255616136889086,5.9764203195911545,0.07518675823604774,10,0.2002465535673442,6.984349497983564,0.09803400194957532,15.0,none
val_images_circle,circle,test005.png,4,rot45_padded,45.0,False,321,321,80883.0,0.7849593758583069,inpaint,pnp_hqs,wavelet,15.0,fixed15p0,0.8,0.5,0.0,0.15,vanilla,False,0,20,0.25255616136889086,5.9764203195911545,0.07518675823604774,11,0.19514232025348344,7.096485355288396,0.1009854705253267,15.0,none
val_images_circle,circle,test005.png,4,rot45_padded,45.0,False,321,321,80883.0,0.7849593758583069,inpaint,pnp_hqs,wavelet,15.0,fixed15p0,0.8,0.5,0.0,0.15,vanilla,False,0,20,0.25255616136889086,5.9764203195911545,0.07518675823604774,12,0.190070299750102,7.21085740379989,0.1040558536327164,15.0,none
val_images_circle,circle,test005.png,4,rot45_padded,45.0,False,321,321,80883.0,0.7849593758583069,inpaint,pnp_hqs,wavelet,15.0,fixed15p0,0.8,0.5,0.0,0.15,vanilla,False,0,20,0.25255616136889086,5.9764203195911545,0.07518675823604774,13,0.18503124063075677,7.327549392288438,0.10726302044697279,15.0,none
val_images_circle,circle,test005.png,4,rot45_padded,45.0,False,321,321,80883.0,0.7849593758583069,inpaint,pnp_hqs,wavelet,15.0,fixed15p0,0.8,0.5,0.0,0.15,vanilla,False,0,20,0.25255616136889086,5.9764203195911545,0.07518675823604774,14,0.18002579487886824,7.44665262835923,0.11061997441520467,15.0,none
val_images_circle,circle,test005.png,4,rot45_padded,45.0,False,321,321,80883.0,0.7849593758583069,inpaint,pnp_hqs,wavelet,15.0,fixed15p0,0.8,0.5,0.0,0.15,vanilla,False,0,20,0.25255616136889086,5.9764203195911545,0.07518675823604774,15,0.17505488010073192,7.568257776651475,0.1141448261879814,15.0,none
val_images_circle,circle,test005.png,4,rot45_padded,45.0,False,321,321,80883.0,0.7849593758583069,inpaint,pnp_hqs,wavelet,15.0,fixed15p0,0.8,0.5,0.0,0.15,vanilla,False,0,20,0.25255616136889086,5.9764203195911545,0.07518675823604774,16,0.1701192810912058,7.692464612435893,0.11784296066540559,15.0,none
val_images_circle,circle,test005.png,4,rot45_padded,45.0,False,321,321,80883.0,0.7849593758583069,inpaint,pnp_hqs,wavelet,15.0,fixed15p0,0.8,0.5,0.0,0.15,vanilla,False,0,20,0.25255616136889086,5.9764203195911545,0.07518675823604774,17,0.165219541169807,7.819385882485415,0.12171908661662525,15.0,none
val_images_circle,circle,test005.png,4,rot45_padded,45.0,False,321,321,80883.0,0.7849593758583069,inpaint,pnp_hqs,wavelet,15.0,fixed15p0,0.8,0.5,0.0,0.15,vanilla,False,0,20,0.25255616136889086,5.9764203195911545,0.07518675823604774,18,0.16035755591796175,7.949105716496996,0.12578295964541375,15.0,none
val_images_circle,circle,test005.png,4,rot45_padded,45.0,False,321,321,80883.0,0.7849593758583069,inpaint,pnp_hqs,wavelet,15.0,fixed15p0,0.8,0.5,0.0,0.15,vanilla,False,0,20,0.25255616136889086,5.9764203195911545,0.07518675823604774,19,0.15553462930251102,8.08172901552642,0.13003981976666915,15.0,none
val_images_circle,circle,test005.png,4,rot45_padded,45.0,False,321,321,80883.0,0.7849593758583069,inpaint,pnp_hqs,wavelet,15.0,fixed15p0,0.8,0.5,0.0,0.15,vanilla,False,0,20,0.25255616136889086,5.9764203195911545,0.07518675823604774,20,0.15075186003625607,8.217373206571402,0.13451330741626794,15.0,none
val_images_circle,circle,test005.png,4,rot45_padded,45.0,False,321,321,80883.0,0.7849593758583069,inpaint,pnp_hqs,wavelet,15.0,fixed15p0,0.8,0.5,0.0,0.15,G16_fixed,False,16,20,0.25255616136889086,5.9764203195911545,0.07518675823604774,1,0.2468755505637773,6.075219184966288,0.07718217160512716,15.0,0;22.5;45;67.5;90;112.5;135;157.5;180;202.5;225;247.5;270;292.5;315;337.5
val_images_circle,circle,test005.png,4,rot45_padded,45.0,False,321,321,80883.0,0.7849593758583069,inpaint,pnp_hqs,wavelet,15.0,fixed15p0,0.8,0.5,0.0,0.15,G16_fixed,False,16,20,0.25255616136889086,5.9764203195911545,0.07518675823604774,2,0.2412216227838359,6.175837652101292,0.07946341329837543,15.0,0;22.5;45;67.5;90;112.5;135;157.5;180;202.5;225;247.5;270;292.5;315;337.5
val_images_circle,circle,test005.png,4,rot45_padded,45.0,False,321,321,80883.0,0.7849593758583069,inpaint,pnp_hqs,wavelet,15.0,fixed15p0,0.8,0.5,0.0,0.15,G16_fixed,False,16,20,0.25255616136889086,5.9764203195911545,0.07518675823604774,3,0.23554666250169998,6.279230449700643,0.08195766038985325,15.0,0;22.5;45;67.5;90;112.5;135;157.5;180;202.5;225;247.5;270;292.5;315;337.5
val_images_circle,circle,test005.png,4,rot45_padded,45.0,False,321,321,80883.0,0.7849593758583069,inpaint,pnp_hqs,wavelet,15.0,fixed15p0,0.8,0.5,0.0,0.15,G16_fixed,False,16,20,0.25255616136889086,5.9764203195911545,0.07518675823604774,4,0.22986539971316594,6.385263956055752,0.08461483089385285,15.0,0;22.5;45;67.5;90;112.5;135;157.5;180;202.5;225;247.5;270;292.5;315;337.5
val_images_circle,circle,test005.png,4,rot45_padded,45.0,False,321,321,80883.0,0.7849593758583069,inpaint,pnp_hqs,wavelet,15.0,fixed15p0,0.8,0.5,0.0,0.15,G16_fixed,False,16,20,0.25255616136889086,5.9764203195911545,0.07518675823604774,5,0.2241882178578935,6.4938721535281445,0.08741933757711756,15.0,0;22.5;45;67.5;90;112.5;135;157.5;180;202.5;225;247.5;270;292.5;315;337.5
val_images_circle,circle,test005.png,4,rot45_padded,45.0,False,321,321,80883.0,0.7849593758583069,inpaint,pnp_hqs,wavelet,15.0,fixed15p0,0.8,0.5,0.0,0.15,G16_fixed,False,16,20,0.25255616136889086,5.9764203195911545,0.07518675823604774,6,0.21852091234406487,6.605069949359384,0.09037177205423266,15.0,0;22.5;45;67.5;90;112.5;135;157.5;180;202.5;225;247.5;270;292.5;315;337.5
val_images_circle,circle,test005.png,4,rot45_padded,45.0,False,321,321,80883.0,0.7849593758583069,inpaint,pnp_hqs,wavelet,15.0,fixed15p0,0.8,0.5,0.0,0.15,G16_fixed,False,16,20,0.25255616136889086,5.9764203195911545,0.07518675823604774,7,0.21286674308878256,6.718921845984602,0.09347961402388326,15.0,0;22.5;45;67.5;90;112.5;135;157.5;180;202.5;225;247.5;270;292.5;315;337.5
val_images_circle,circle,test005.png,4,rot45_padded,45.0,False,321,321,80883.0,0.7849593758583069,inpaint,pnp_hqs,wavelet,15.0,fixed15p0,0.8,0.5,0.0,0.15,G16_fixed,False,16,20,0.25255616136889086,5.9764203195911545,0.07518675823604774,8,0.20722730382929663,6.835530234384937,0.09675485273674629,15.0,0;22.5;45;67.5;90;112.5;135;157.5;180;202.5;225;247.5;270;292.5;315;337.5
val_images_circle,circle,test005.png,4,rot45_padded,45.0,False,321,321,80883.0,0.7849593758583069,inpaint,pnp_hqs,wavelet,15.0,fixed15p0,0.8,0.5,0.0,0.15,G16_fixed,False,16,20,0.25255616136889086,5.9764203195911545,0.07518675823604774,9,0.20160381401607877,6.955012560039501,0.10021149376259536,15.0,0;22.5;45;67.5;90;112.5;135;157.5;180;202.5;225;247.5;270;292.5;315;337.5
val_images_circle,circle,test005.png,4,rot45_padded,45.0,False,321,321,80883.0,0.7849593758583069,inpaint,pnp_hqs,wavelet,15.0,fixed15p0,0.8,0.5,0.0,0.15,G16_fixed,False,16,20,0.25255616136889086,5.9764203195911545,0.07518675823604774,10,0.19599696185385063,7.077506605840047,0.10386592120331219,15.0,0;22.5;45;67.5;90;112.5;135;157.5;180;202.5;225;247.5;270;292.5;315;337.5
val_images_circle,circle,test005.png,4,rot45_padded,45.0,False,321,321,80883.0,0.7849593758583069,inpaint,pnp_hqs,wavelet,15.0,fixed15p0,0.8,0.5,0.0,0.15,G16_fixed,False,16,20,0.25255616136889086,5.9764203195911545,0.07518675823604774,11,0.19040744762110084,7.203160685697691,0.10773459764026433,15.0,0;22.5;45;67.5;90;112.5;135;157.5;180;202.5;225;247.5;270;292.5;315;337.5
val_images_circle,circle,test005.png,4,rot45_padded,45.0,False,321,321,80883.0,0.7849593758583069,inpaint,pnp_hqs,wavelet,15.0,fixed15p0,0.8,0.5,0.0,0.15,G16_fixed,False,16,20,0.25255616136889086,5.9764203195911545,0.07518675823604774,12,0.18483603196515336,7.3321336342824885,0.11183598386326546,15.0,0;22.5;45;67.5;90;112.5;135;157.5;180;202.5;225;247.5;270;292.5;315;337.5
val_images_circle,circle,test005.png,4,rot45_padded,45.0,False,321,321,80883.0,0.7849593758583069,inpaint,pnp_hqs,wavelet,15.0,fixed15p0,0.8,0.5,0.0,0.15,G16_fixed,False,16,20,0.25255616136889086,5.9764203195911545,0.07518675823604774,13,0.17928343931203095,7.464598250366419,0.1161888425063054,15.0,0;22.5;45;67.5;90;112.5;135;157.5;180;202.5;225;247.5;270;292.5;315;337.5
val_images_circle,circle,test005.png,4,rot45_padded,45.0,False,321,321,80883.0,0.7849593758583069,inpaint,pnp_hqs,wavelet,15.0,fixed15p0,0.8,0.5,0.0,0.15,G16_fixed,False,16,20,0.25255616136889086,5.9764203195911545,0.07518675823604774,14,0.17375059934179618,7.60073688663685,0.120813240170215,15.0,0;22.5;45;67.5;90;112.5;135;157.5;180;202.5;225;247.5;270;292.5;315;337.5
val_images_circle,circle,test005.png,4,rot45_padded,45.0,False,321,321,80883.0,0.7849593758583069,inpaint,pnp_hqs,wavelet,15.0,fixed15p0,0.8,0.5,0.0,0.15,G16_fixed,False,16,20,0.25255616136889086,5.9764203195911545,0.07518675823604774,15,0.16823849002957977,7.740746381745893,0.1257324912991605,15.0,0;22.5;45;67.5;90;112.5;135;157.5;180;202.5;225;247.5;270;292.5;315;337.5
val_images_circle,circle,test005.png,4,rot45_padded,45.0,False,321,321,80883.0,0.7849593758583069,inpaint,pnp_hqs,wavelet,15.0,fixed15p0,0.8,0.5,0.0,0.15,G16_fixed,False,16,20,0.25255616136889086,5.9764203195911545,0.07518675823604774,16,0.16274811349804655,7.884840368742831,0.13097180591873447,15.0,0;22.5;45;67.5;90;112.5;135;157.5;180;202.5;225;247.5;270;292.5;315;337.5
val_images_circle,circle,test005.png,4,rot45_padded,45.0,False,321,321,80883.0,0.7849593758583069,inpaint,pnp_hqs,wavelet,15.0,fixed15p0,0.8,0.5,0.0,0.15,G16_fixed,False,16,20,0.25255616136889086,5.9764203195911545,0.07518675823604774,17,0.1572805805337648,8.033248964972822,0.13655819304581926,15.0,0;22.5;45;67.5;90;112.5;135;157.5;180;202.5;225;247.5;270;292.5;315;337.5
val_images_circle,circle,test005.png,4,rot45_padded,45.0,False,321,321,80883.0,0.7849593758583069,inpaint,pnp_hqs,wavelet,15.0,fixed15p0,0.8,0.5,0.0,0.15,G16_fixed,False,16,20,0.25255616136889086,5.9764203195911545,0.07518675823604774,18,0.151837050218371,8.186222419974472,0.1425186013284621,15.0,0;22.5;45;67.5;90;112.5;135;157.5;180;202.5;225;247.5;270;292.5;315;337.5
val_images_circle,circle,test005.png,4,rot45_padded,45.0,False,321,321,80883.0,0.7849593758583069,inpaint,pnp_hqs,wavelet,15.0,fixed15p0,0.8,0.5,0.0,0.15,G16_fixed,False,16,20,0.25255616136889086,5.9764203195911545,0.07518675823604774,19,0.14641882651870602,8.344030781443344,0.14888290126633533,15.0,0;22.5;45;67.5;90;112.5;135;157.5;180;202.5;225;247.5;270;292.5;315;337.5
val_images_circle,circle,test005.png,4,rot45_padded,45.0,False,321,321,80883.0,0.7849593758583069,inpaint,pnp_hqs,wavelet,15.0,fixed15p0,0.8,0.5,0.0,0.15,G16_fixed,False,16,20,0.25255616136889086,5.9764203195911545,0.07518675823604774,20,0.14102726169667915,8.506969266352849,0.15568072188377038,15.0,0;22.5;45;67.5;90;112.5;135;157.5;180;202.5;225;247.5;270;292.5;315;337.5
val_images_circle,circle,test006.png,5,upright,0.0,False,321,321,80892.0,0.7850467562675476,inpaint,pnp_hqs,wavelet,15.0,fixed15p0,0.8,0.5,0.0,0.15,vanilla,True,0,20,0.2575331682598403,5.891668292846512,0.0512743904005495,1,0.25217873445458144,5.9829153908895485,0.05268766679260619,15.0,none
val_images_circle,circle,test006.png,5,upright,0.0,False,321,321,80892.0,0.7850467562675476,inpaint,pnp_hqs,wavelet,15.0,fixed15p0,0.8,0.5,0.0,0.15,vanilla,True,0,20,0.2575331682598403,5.891668292846512,0.0512743904005495,2,0.24682174129549275,6.0761658812017805,0.05440933928494165,15.0,none
val_images_circle,circle,test006.png,5,upright,0.0,False,321,321,80892.0,0.7850467562675476,inpaint,pnp_hqs,wavelet,15.0,fixed15p0,0.8,0.5,0.0,0.15,vanilla,True,0,20,0.2575331682598403,5.891668292846512,0.0512743904005495,3,0.24145098557335706,6.171710175231216,0.05631220074876069,15.0,none
val_images_circle,circle,test006.png,5,upright,0.0,False,321,321,80892.0,0.7850467562675476,inpaint,pnp_hqs,wavelet,15.0,fixed15p0,0.8,0.5,0.0,0.15,vanilla,True,0,20,0.2575331682598403,5.891668292846512,0.0512743904005495,4,0.23608165439722098,6.269377600776224,0.0583405550572059,15.0,none
val_images_circle,circle,test006.png,5,upright,0.0,False,321,321,80892.0,0.7850467562675476,inpaint,pnp_hqs,wavelet,15.0,fixed15p0,0.8,0.5,0.0,0.15,vanilla,True,0,20,0.2575331682598403,5.891668292846512,0.0512743904005495,5,0.23072519242477624,6.369049831393525,0.06047021510934332,15.0,none
val_images_circle,circle,test006.png,5,upright,0.0,False,321,321,80892.0,0.7850467562675476,inpaint,pnp_hqs,wavelet,15.0,fixed15p0,0.8,0.5,0.0,0.15,vanilla,True,0,20,0.2575331682598403,5.891668292846512,0.0512743904005495,6,0.22538797389574988,6.4706926047292646,0.06269379258185297,15.0,none
val_images_circle,circle,test006.png,5,upright,0.0,False,321,321,80892.0,0.7850467562675476,inpaint,pnp_hqs,wavelet,15.0,fixed15p0,0.8,0.5,0.0,0.15,vanilla,True,0,20,0.2575331682598403,5.891668292846512,0.0512743904005495,7,0.22007304106092074,6.574331552457108,0.06501103999004847,15.0,none
val_images_circle,circle,test006.png,5,upright,0.0,False,321,321,80892.0,0.7850467562675476,inpaint,pnp_hqs,wavelet,15.0,fixed15p0,0.8,0.5,0.0,0.15,vanilla,True,0,20,0.2575331682598403,5.891668292846512,0.0512743904005495,8,0.21478285669472877,6.680003856354295,0.06742478831729343,15.0,none
val_images_circle,circle,test006.png,5,upright,0.0,False,321,321,80892.0,0.7850467562675476,inpaint,pnp_hqs,wavelet,15.0,fixed15p0,0.8,0.5,0.0,0.15,vanilla,True,0,20,0.2575331682598403,5.891668292846512,0.0512743904005495,9,0.20951824172198735,6.787781591687475,0.06994551642738157,15.0,none
val_images_circle,circle,test006.png,5,upright,0.0,False,321,321,80892.0,0.7850467562675476,inpaint,pnp_hqs,wavelet,15.0,fixed15p0,0.8,0.5,0.0,0.15,vanilla,True,0,20,0.2575331682598403,5.891668292846512,0.0512743904005495,10,0.2042811277304925,6.897717532945762,0.07257157643447436,15.0,none
val_images_circle,circle,test006.png,5,upright,0.0,False,321,321,80892.0,0.7850467562675476,inpaint,pnp_hqs,wavelet,15.0,fixed15p0,0.8,0.5,0.0,0.15,vanilla,True,0,20,0.2575331682598403,5.891668292846512,0.0512743904005495,11,0.1990724201520237,7.009889037368332,0.07531824599079637,15.0,none
val_images_circle,circle,test006.png,5,upright,0.0,False,321,321,80892.0,0.7850467562675476,inpaint,pnp_hqs,wavelet,15.0,fixed15p0,0.8,0.5,0.0,0.15,vanilla,True,0,20,0.2575331682598403,5.891668292846512,0.0512743904005495,12,0.19389326586683478,7.124372741995863,0.07819801401869159,15.0,none
val_images_circle,circle,test006.png,5,upright,0.0,False,321,321,80892.0,0.7850467562675476,inpaint,pnp_hqs,wavelet,15.0,fixed15p0,0.8,0.5,0.0,0.15,vanilla,True,0,20,0.2575331682598403,5.891668292846512,0.0512743904005495,13,0.1887437493818919,7.241274219711032,0.0812413150983719,15.0,none
val_images_circle,circle,test006.png,5,upright,0.0,False,321,321,80892.0,0.7850467562675476,inpaint,pnp_hqs,wavelet,15.0,fixed15p0,0.8,0.5,0.0,0.15,vanilla,True,0,20,0.2575331682598403,5.891668292846512,0.0512743904005495,14,0.18362511415683874,7.3606792120757,0.08445583936375044,15.0,none
val_images_circle,circle,test006.png,5,upright,0.0,False,321,321,80892.0,0.7850467562675476,inpaint,pnp_hqs,wavelet,15.0,fixed15p0,0.8,0.5,0.0,0.15,vanilla,True,0,20,0.2575331682598403,5.891668292846512,0.0512743904005495,15,0.1785391106931155,7.482666327862785,0.08783783832726041,15.0,none
val_images_circle,circle,test006.png,5,upright,0.0,False,321,321,80892.0,0.7850467562675476,inpaint,pnp_hqs,wavelet,15.0,fixed15p0,0.8,0.5,0.0,0.15,vanilla,True,0,20,0.2575331682598403,5.891668292846512,0.0512743904005495,16,0.17348639090160337,7.6073458766359465,0.09137413493840553,15.0,none
val_images_circle,circle,test006.png,5,upright,0.0,False,321,321,80892.0,0.7850467562675476,inpaint,pnp_hqs,wavelet,15.0,fixed15p0,0.8,0.5,0.0,0.15,vanilla,True,0,20,0.2575331682598403,5.891668292846512,0.0512743904005495,17,0.16846729281016665,7.7348440298759735,0.09508294648458747,15.0,none
val_images_circle,circle,test006.png,5,upright,0.0,False,321,321,80892.0,0.7850467562675476,inpaint,pnp_hqs,wavelet,15.0,fixed15p0,0.8,0.5,0.0,0.15,vanilla,True,0,20,0.2575331682598403,5.891668292846512,0.0512743904005495,18,0.16348302366117787,7.865273384964056,0.09896199731393401,15.0,none
val_images_circle,circle,test006.png,5,upright,0.0,False,321,321,80892.0,0.7850467562675476,inpaint,pnp_hqs,wavelet,15.0,fixed15p0,0.8,0.5,0.0,0.15,vanilla,True,0,20,0.2575331682598403,5.891668292846512,0.0512743904005495,19,0.1585351287248739,7.9987449041163075,0.10300150876322751,15.0,none
val_images_circle,circle,test006.png,5,upright,0.0,False,321,321,80892.0,0.7850467562675476,inpaint,pnp_hqs,wavelet,15.0,fixed15p0,0.8,0.5,0.0,0.15,vanilla,True,0,20,0.2575331682598403,5.891668292846512,0.0512743904005495,20,0.15362384944972926,8.135413566978727,0.10720446272112817,15.0,none
val_images_circle,circle,test006.png,5,upright,0.0,False,321,321,80892.0,0.7850467562675476,inpaint,pnp_hqs,wavelet,15.0,fixed15p0,0.8,0.5,0.0,0.15,G16_fixed,True,16,20,0.2575331682598403,5.891668292846512,0.0512743904005495,1,0.2421310252018123,6.159495591304809,0.056331051838408,15.0,0;22.5;45;67.5;90;112.5;135;157.5;180;202.5;225;247.5;270;292.5;315;337.5
val_images_circle,circle,test006.png,5,upright,0.0,False,321,321,80892.0,0.7850467562675476,inpaint,pnp_hqs,wavelet,15.0,fixed15p0,0.8,0.5,0.0,0.15,G16_fixed,True,16,20,0.2575331682598403,5.891668292846512,0.0512743904005495,2,0.22661909552242496,6.447034981327715,0.06293032154369406,15.0,0;22.5;45;67.5;90;112.5;135;157.5;180;202.5;225;247.5;270;292.5;315;337.5
val_images_circle,circle,test006.png,5,upright,0.0,False,321,321,80892.0,0.7850467562675476,inpaint,pnp_hqs,wavelet,15.0,fixed15p0,0.8,0.5,0.0,0.15,G16_fixed,True,16,20,0.2575331682598403,5.891668292846512,0.0512743904005495,3,0.21088660266157347,6.759510095206565,0.07106988764726425,15.0,0;22.5;45;67.5;90;112.5;135;157.5;180;202.5;225;247.5;270;292.5;315;337.5
val_images_circle,circle,test006.png,5,upright,0.0,False,321,321,80892.0,0.7850467562675476,inpaint,pnp_hqs,wavelet,15.0,fixed15p0,0.8,0.5,0.0,0.15,G16_fixed,True,16,20,0.2575331682598403,5.891668292846512,0.0512743904005495,4,0.19501149825925307,7.099397810306866,0.08094121878940438,15.0,0;22.5;45;67.5;90;112.5;135;157.5;180;202.5;225;247.5;270;292.5;315;337.5
val_images_circle,circle,test006.png,5,upright,0.0,False,321,321,80892.0,0.7850467562675476,inpaint,pnp_hqs,wavelet,15.0,fixed15p0,0.8,0.5,0.0,0.15,G16_fixed,True,16,20,0.2575331682598403,5.891668292846512,0.0512743904005495,5,0.1790453074199241,7.470370568823993,0.0929076707794034,15.0,0;22.5;45;67.5;90;112.5;135;157.5;180;202.5;225;247.5;270;292.5;315;337.5
val_images_circle,circle,test006.png,5,upright,0.0,False,321,321,80892.0,0.7850467562675476,inpaint,pnp_hqs,wavelet,15.0,fixed15p0,0.8,0.5,0.0,0.15,G16_fixed,True,16,20,0.2575331682598403,5.891668292846512,0.0512743904005495,6,0.16299968003248158,7.8781324811299935,0.1073536416611037,15.0,0;22.5;45;67.5;90;112.5;135;157.5;180;202.5;225;247.5;270;292.5;315;337.5
val_images_circle,circle,test006.png,5,upright,0.0,False,321,321,80892.0,0.7850467562675476,inpaint,pnp_hqs,wavelet,15.0,fixed15p0,0.8,0.5,0.0,0.15,G16_fixed,True,16,20,0.2575331682598403,5.891668292846512,0.0512743904005495,7,0.1468511352327795,8.331226918144791,0.12461609692553034,15.0,0;22.5;45;67.5;90;112.5;135;157.5;180;202.5;225;247.5;270;292.5;315;337.5
val_images_circle,circle,test006.png,5,upright,0.0,False,321,321,80892.0,0.7850467562675476,inpaint,pnp_hqs,wavelet,15.0,fixed15p0,0.8,0.5,0.0,0.15,G16_fixed,True,16,20,0.2575331682598403,5.891668292846512,0.0512743904005495,8,0.13053931090219056,8.842586842106414,0.1448048835561613,15.0,0;22.5;45;67.5;90;112.5;135;157.5;180;202.5;225;247.5;270;292.5;315;337.5
val_images_circle,circle,test006.png,5,upright,0.0,False,321,321,80892.0,0.7850467562675476,inpaint,pnp_hqs,wavelet,15.0,fixed15p0,0.8,0.5,0.0,0.15,G16_fixed,True,16,20,0.2575331682598403,5.891668292846512,0.0512743904005495,9,0.11394214276442664,9.43315617580618,0.16786618268802847,15.0,0;22.5;45;67.5;90;112.5;135;157.5;180;202.5;225;247.5;270;292.5;315;337.5
val_images_circle,circle,test006.png,5,upright,0.0,False,321,321,80892.0,0.7850467562675476,inpaint,pnp_hqs,wavelet,15.0,fixed15p0,0.8,0.5,0.0,0.15,G16_fixed,True,16,20,0.2575331682598403,5.891668292846512,0.0512743904005495,10,0.0967948403137053,10.141477923094683,0.19421400602037284,15.0,0;22.5;45;67.5;90;112.5;135;157.5;180;202.5;225;247.5;270;292.5;315;337.5
val_images_circle,circle,test006.png,5,upright,0.0,False,321,321,80892.0,0.7850467562675476,inpaint,pnp_hqs,wavelet,15.0,fixed15p0,0.8,0.5,0.0,0.15,G16_fixed,True,16,20,0.2575331682598403,5.891668292846512,0.0512743904005495,11,0.07837345651648185,11.058309990540563,0.22954873473273005,15.0,0;22.5;45;67.5;90;112.5;135;157.5;180;202.5;225;247.5;270;292.5;315;337.5
val_images_circle,circle,test006.png,5,upright,0.0,False,321,321,80892.0,0.7850467562675476,inpaint,pnp_hqs,wavelet,15.0,fixed15p0,0.8,0.5,0.0,0.15,G16_fixed,True,16,20,0.2575331682598403,5.891668292846512,0.0512743904005495,12,0.0544251058703271,12.642007174755838,0.31666942883721505,15.0,0;22.5;45;67.5;90;112.5;135;157.5;180;202.5;225;247.5;270;292.5;315;337.5
val_images_circle,circle,test006.png,5,upright,0.0,False,321,321,80892.0,0.7850467562675476,inpaint,pnp_hqs,wavelet,15.0,fixed15p0,0.8,0.5,0.0,0.15,G16_fixed,True,16,20,0.2575331682598403,5.891668292846512,0.0512743904005495,13,0.034771097429674755,14.587816020941155,0.4806668343284874,15.0,0;22.5;45;67.5;90;112.5;135;157.5;180;202.5;225;247.5;270;292.5;315;337.5
val_images_circle,circle,test006.png,5,upright,0.0,False,321,321,80892.0,0.7850467562675476,inpaint,pnp_hqs,wavelet,15.0,fixed15p0,0.8,0.5,0.0,0.15,G16_fixed,True,16,20,0.2575331682598403,5.891668292846512,0.0512743904005495,14,0.02202535087050867,16.57077164418206,0.6148103914787618,15.0,0;22.5;45;67.5;90;112.5;135;157.5;180;202.5;225;247.5;270;292.5;315;337.5
val_images_circle,circle,test006.png,5,upright,0.0,False,321,321,80892.0,0.7850467562675476,inpaint,pnp_hqs,wavelet,15.0,fixed15p0,0.8,0.5,0.0,0.15,G16_fixed,True,16,20,0.2575331682598403,5.891668292846512,0.0512743904005495,15,0.014220100360955812,18.470973384828,0.6823176948122187,15.0,0;22.5;45;67.5;90;112.5;135;157.5;180;202.5;225;247.5;270;292.5;315;337.5
val_images_circle,circle,test006.png,5,upright,0.0,False,321,321,80892.0,0.7850467562675476,inpaint,pnp_hqs,wavelet,15.0,fixed15p0,0.8,0.5,0.0,0.15,G16_fixed,True,16,20,0.2575331682598403,5.891668292846512,0.0512743904005495,16,0.009862720485917952,20.06003274809427,0.7234597422334718,15.0,0;22.5;45;67.5;90;112.5;135;157.5;180;202.5;225;247.5;270;292.5;315;337.5
val_images_circle,circle,test006.png,5,upright,0.0,False,321,321,80892.0,0.7850467562675476,inpaint,pnp_hqs,wavelet,15.0,fixed15p0,0.8,0.5,0.0,0.15,G16_fixed,True,16,20,0.2575331682598403,5.891668292846512,0.0512743904005495,17,0.007426909049788221,21.291918944386445,0.747099817503585,15.0,0;22.5;45;67.5;90;112.5;135;157.5;180;202.5;225;247.5;270;292.5;315;337.5
val_images_circle,circle,test006.png,5,upright,0.0,False,321,321,80892.0,0.7850467562675476,inpaint,pnp_hqs,wavelet,15.0,fixed15p0,0.8,0.5,0.0,0.15,G16_fixed,True,16,20,0.2575331682598403,5.891668292846512,0.0512743904005495,18,0.006055863504976156,22.17823922098425,0.7600097294077288,15.0,0;22.5;45;67.5;90;112.5;135;157.5;180;202.5;225;247.5;270;292.5;315;337.5
val_images_circle,circle,test006.png,5,upright,0.0,False,321,321,80892.0,0.7850467562675476,inpaint,pnp_hqs,wavelet,15.0,fixed15p0,0.8,0.5,0.0,0.15,G16_fixed,True,16,20,0.2575331682598403,5.891668292846512,0.0512743904005495,19,0.005276580253706331,22.77647452108564,0.7667842424158137,15.0,0;22.5;45;67.5;90;112.5;135;157.5;180;202.5;225;247.5;270;292.5;315;337.5
val_images_circle,circle,test006.png,5,upright,0.0,False,321,321,80892.0,0.7850467562675476,inpaint,pnp_hqs,wavelet,15.0,fixed15p0,0.8,0.5,0.0,0.15,G16_fixed,True,16,20,0.2575331682598403,5.891668292846512,0.0512743904005495,20,0.00482801539144689,23.162313540656164,0.7703060581547001,15.0,0;22.5;45;67.5;90;112.5;135;157.5;180;202.5;225;247.5;270;292.5;315;337.5
val_images_circle,circle,test006.png,5,rot45_padded,45.0,False,321,321,80883.0,0.7849593758583069,inpaint,pnp_hqs,wavelet,15.0,fixed15p0,0.8,0.5,0.0,0.15,vanilla,False,0,20,0.25725452292972567,5.896369809342205,0.05937341350701013,1,0.2519121949297133,5.987508080378664,0.06074711842646168,15.0,none
val_images_circle,circle,test006.png,5,rot45_padded,45.0,False,321,321,80883.0,0.7849593758583069,inpaint,pnp_hqs,wavelet,15.0,fixed15p0,0.8,0.5,0.0,0.15,vanilla,False,0,20,0.25725452292972567,5.896369809342205,0.05937341350701013,2,0.24660224877291892,6.080029673784998,0.06247267102829086,15.0,none
val_images_circle,circle,test006.png,5,rot45_padded,45.0,False,321,321,80883.0,0.7849593758583069,inpaint,pnp_hqs,wavelet,15.0,fixed15p0,0.8,0.5,0.0,0.15,vanilla,False,0,20,0.25725452292972567,5.896369809342205,0.05937341350701013,3,0.2412767274566349,6.174845662992279,0.06438747389168614,15.0,none
val_images_circle,circle,test006.png,5,rot45_padded,45.0,False,321,321,80883.0,0.7849593758583069,inpaint,pnp_hqs,wavelet,15.0,fixed15p0,0.8,0.5,0.0,0.15,vanilla,False,0,20,0.25725452292972567,5.896369809342205,0.05937341350701013,4,0.23595135102555542,6.271775316023889,0.06642712554322293,15.0,none
val_images_circle,circle,test006.png,5,rot45_padded,45.0,False,321,321,80883.0,0.7849593758583069,inpaint,pnp_hqs,wavelet,15.0,fixed15p0,0.8,0.5,0.0,0.15,vanilla,False,0,20,0.25725452292972567,5.896369809342205,0.05937341350701013,5,0.23063800006645402,6.3706913650551,0.06856033077871741,15.0,none
val_images_circle,circle,test006.png,5,rot45_padded,45.0,False,321,321,80883.0,0.7849593758583069,inpaint,pnp_hqs,wavelet,15.0,fixed15p0,0.8,0.5,0.0,0.15,vanilla,False,0,20,0.25725452292972567,5.896369809342205,0.05937341350701013,6,0.22534290464312648,6.471561119788474,0.07077426122068296,15.0,none
val_images_circle,circle,test006.png,5,rot45_padded,45.0,False,321,321,80883.0,0.7849593758583069,inpaint,pnp_hqs,wavelet,15.0,fixed15p0,0.8,0.5,0.0,0.15,vanilla,False,0,20,0.25725452292972567,5.896369809342205,0.05937341350701013,7,0.22006971103322082,6.574397268075407,0.07306905571744063,15.0,none
val_images_circle,circle,test006.png,5,rot45_padded,45.0,False,321,321,80883.0,0.7849593758583069,inpaint,pnp_hqs,wavelet,15.0,fixed15p0,0.8,0.5,0.0,0.15,vanilla,False,0,20,0.25725452292972567,5.896369809342205,0.05937341350701013,8,0.2148201337116576,6.679250174319665,0.07545182571778063,15.0,none
val_images_circle,circle,test006.png,5,rot45_padded,45.0,False,321,321,80883.0,0.7849593758583069,inpaint,pnp_hqs,wavelet,15.0,fixed15p0,0.8,0.5,0.0,0.15,vanilla,False,0,20,0.25725452292972567,5.896369809342205,0.05937341350701013,9,0.20959641839910736,6.78616142884847,0.07791687240365713,15.0,none
val_images_circle,circle,test006.png,5,rot45_padded,45.0,False,321,321,80883.0,0.7849593758583069,inpaint,pnp_hqs,wavelet,15.0,fixed15p0,0.8,0.5,0.0,0.15,vanilla,False,0,20,0.25725452292972567,5.896369809342205,0.05937341350701013,10,0.20439989320994523,6.895193354372448,0.08046447347171222,15.0,none
val_images_circle,circle,test006.png,5,rot45_padded,45.0,False,321,321,80883.0,0.7849593758583069,inpaint,pnp_hqs,wavelet,15.0,fixed15p0,0.8,0.5,0.0,0.15,vanilla,False,0,20,0.25725452292972567,5.896369809342205,0.05937341350701013,11,0.19923159648813718,7.006417849270006,0.0831071131970717,15.0,none
val_images_circle,circle,test006.png,5,rot45_padded,45.0,False,321,321,80883.0,0.7849593758583069,inpaint,pnp_hqs,wavelet,15.0,fixed15p0,0.8,0.5,0.0,0.15,vanilla,False,0,20,0.25725452292972567,5.896369809342205,0.05937341350701013,12,0.1940920957007344,7.119921506675505,0.08585717322784145,15.0,none
val_images_circle,circle,test006.png,5,rot45_padded,45.0,False,321,321,80883.0,0.7849593758583069,inpaint,pnp_hqs,wavelet,15.0,fixed15p0,0.8,0.5,0.0,0.15,vanilla,False,0,20,0.25725452292972567,5.896369809342205,0.05937341350701013,13,0.1889823929704017,7.235786561018638,0.08872626852791995,15.0,none
val_images_circle,circle,test006.png,5,rot45_padded,45.0,False,321,321,80883.0,0.7849593758583069,inpaint,pnp_hqs,wavelet,15.0,fixed15p0,0.8,0.5,0.0,0.15,vanilla,False,0,20,0.25725452292972567,5.896369809342205,0.05937341350701013,14,0.1839036111574744,7.354097428099564,0.09171929500984446,15.0,none
val_images_circle,circle,test006.png,5,rot45_padded,45.0,False,321,321,80883.0,0.7849593758583069,inpaint,pnp_hqs,wavelet,15.0,fixed15p0,0.8,0.5,0.0,0.15,vanilla,False,0,20,0.25725452292972567,5.896369809342205,0.05937341350701013,15,0.17885736814673664,7.474931641001011,0.09483836558284807,15.0,none
val_images_circle,circle,test006.png,5,rot45_padded,45.0,False,321,321,80883.0,0.7849593758583069,inpaint,pnp_hqs,wavelet,15.0,fixed15p0,0.8,0.5,0.0,0.15,vanilla,False,0,20,0.25725452292972567,5.896369809342205,0.05937341350701013,16,0.17384452117564878,7.598389918411036,0.09809837323858227,15.0,none
val_images_circle,circle,test006.png,5,rot45_padded,45.0,False,321,321,80883.0,0.7849593758583069,inpaint,pnp_hqs,wavelet,15.0,fixed15p0,0.8,0.5,0.0,0.15,vanilla,False,0,20,0.25725452292972567,5.896369809342205,0.05937341350701013,17,0.16886619310454606,7.724572871828446,0.10150108074703584,15.0,none
val_images_circle,circle,test006.png,5,rot45_padded,45.0,False,321,321,80883.0,0.7849593758583069,inpaint,pnp_hqs,wavelet,15.0,fixed15p0,0.8,0.5,0.0,0.15,vanilla,False,0,20,0.25725452292972567,5.896369809342205,0.05937341350701013,18,0.16392320494958768,7.853595634019212,0.10505164964362103,15.0,none
val_images_circle,circle,test006.png,5,rot45_padded,45.0,False,321,321,80883.0,0.7849593758583069,inpaint,pnp_hqs,wavelet,15.0,fixed15p0,0.8,0.5,0.0,0.15,vanilla,False,0,20,0.25725452292972567,5.896369809342205,0.05937341350701013,19,0.15901619662042704,7.985586382919074,0.10876729108326225,15.0,none
val_images_circle,circle,test006.png,5,rot45_padded,45.0,False,321,321,80883.0,0.7849593758583069,inpaint,pnp_hqs,wavelet,15.0,fixed15p0,0.8,0.5,0.0,0.15,vanilla,False,0,20,0.25725452292972567,5.896369809342205,0.05937341350701013,20,0.15414530092850165,8.120697100677212,0.11265270176134046,15.0,none
val_images_circle,circle,test006.png,5,rot45_padded,45.0,False,321,321,80883.0,0.7849593758583069,inpaint,pnp_hqs,wavelet,15.0,fixed15p0,0.8,0.5,0.0,0.15,G16_fixed,False,16,20,0.25725452292972567,5.896369809342205,0.05937341350701013,1,0.2515177932553812,5.994312859985708,0.061206730516610415,15.0,0;22.5;45;67.5;90;112.5;135;157.5;180;202.5;225;247.5;270;292.5;315;337.5
val_images_circle,circle,test006.png,5,rot45_padded,45.0,False,321,321,80883.0,0.7849593758583069,inpaint,pnp_hqs,wavelet,15.0,fixed15p0,0.8,0.5,0.0,0.15,G16_fixed,False,16,20,0.25725452292972567,5.896369809342205,0.05937341350701013,2,0.24580395544335645,6.094111327864175,0.06330934082640975,15.0,0;22.5;45;67.5;90;112.5;135;157.5;180;202.5;225;247.5;270;292.5;315;337.5
val_images_circle,circle,test006.png,5,rot45_padded,45.0,False,321,321,80883.0,0.7849593758583069,inpaint,pnp_hqs,wavelet,15.0,fixed15p0,0.8,0.5,0.0,0.15,G16_fixed,False,16,20,0.25725452292972567,5.896369809342205,0.05937341350701013,3,0.24006840899818255,6.19664985717371,0.0655981769191301,15.0,0;22.5;45;67.5;90;112.5;135;157.5;180;202.5;225;247.5;270;292.5;315;337.5
val_images_circle,circle,test006.png,5,rot45_padded,45.0,False,321,321,80883.0,0.7849593758583069,inpaint,pnp_hqs,wavelet,15.0,fixed15p0,0.8,0.5,0.0,0.15,G16_fixed,False,16,20,0.25725452292972567,5.896369809342205,0.05937341350701013,4,0.2343253285223718,6.3018076542362875,0.06803057010203009,15.0,0;22.5;45;67.5;90;112.5;135;157.5;180;202.5;225;247.5;270;292.5;315;337.5
val_images_circle,circle,test006.png,5,rot45_padded,45.0,False,321,321,80883.0,0.7849593758583069,inpaint,pnp_hqs,wavelet,15.0,fixed15p0,0.8,0.5,0.0,0.15,G16_fixed,False,16,20,0.25725452292972567,5.896369809342205,0.05937341350701013,5,0.22858478353764078,6.409526831515292,0.07059367992385607,15.0,0;22.5;45;67.5;90;112.5;135;157.5;180;202.5;225;247.5;270;292.5;315;337.5
val_images_circle,circle,test006.png,5,rot45_padded,45.0,False,321,321,80883.0,0.7849593758583069,inpaint,pnp_hqs,wavelet,15.0,fixed15p0,0.8,0.5,0.0,0.15,G16_fixed,False,16,20,0.25725452292972567,5.896369809342205,0.05937341350701013,6,0.22285232797683074,6.519828247942695,0.07328887675716776,15.0,0;22.5;45;67.5;90;112.5;135;157.5;180;202.5;225;247.5;270;292.5;315;337.5
val_images_circle,circle,test006.png,5,rot45_padded,45.0,False,321,321,80883.0,0.7849593758583069,inpaint,pnp_hqs,wavelet,15.0,fixed15p0,0.8,0.5,0.0,0.15,G16_fixed,False,16,20,0.25725452292972567,5.896369809342205,0.05937341350701013,7,0.21713093198663502,6.632783035183815,0.07612348937856224,15.0,0;22.5;45;67.5;90;112.5;135;157.5;180;202.5;225;247.5;270;292.5;315;337.5
val_images_circle,circle,test006.png,5,rot45_padded,45.0,False,321,321,80883.0,0.7849593758583069,inpaint,pnp_hqs,wavelet,15.0,fixed15p0,0.8,0.5,0.0,0.15,G16_fixed,False,16,20,0.25725452292972567,5.896369809342205,0.05937341350701013,8,0.21142214100923556,6.748495335157348,0.07910837210461408,15.0,0;22.5;45;67.5;90;112.5;135;157.5;180;202.5;225;247.5;270;292.5;315;337.5
val_images_circle,circle,test006.png,5,rot45_padded,45.0,False,321,321,80883.0,0.7849593758583069,inpaint,pnp_hqs,wavelet,15.0,fixed15p0,0.8,0.5,0.0,0.15,G16_fixed,False,16,20,0.25725452292972567,5.896369809342205,0.05937341350701013,9,0.20572694509353015,6.8670882284558115,0.08225651630866498,15.0,0;22.5;45;67.5;90;112.5;135;157.5;180;202.5;225;247.5;270;292.5;315;337.5
val_images_circle,circle,test006.png,5,rot45_padded,45.0,False,321,321,80883.0,0.7849593758583069,inpaint,pnp_hqs,wavelet,15.0,fixed15p0,0.8,0.5,0.0,0.15,G16_fixed,False,16,20,0.25725452292972567,5.896369809342205,0.05937341350701013,10,0.20004605659177455,6.988700052313071,0.08558314097407675,15.0,0;22.5;45;67.5;90;112.5;135;157.5;180;202.5;225;247.5;270;292.5;315;337.5
val_images_circle,circle,test006.png,5,rot45_padded,45.0,False,321,321,80883.0,0.7849593758583069,inpaint,pnp_hqs,wavelet,15.0,fixed15p0,0.8,0.5,0.0,0.15,G16_fixed,False,16,20,0.25725452292972567,5.896369809342205,0.05937341350701013,11,0.19438018785622443,7.1134800249203405,0.08910426195283619,15.0,0;22.5;45;67.5;90;112.5;135;157.5;180;202.5;225;247.5;270;292.5;315;337.5
val_images_circle,circle,test006.png,5,rot45_padded,45.0,False,321,321,80883.0,0.7849593758583069,inpaint,pnp_hqs,wavelet,15.0,fixed15p0,0.8,0.5,0.0,0.15,G16_fixed,False,16,20,0.25725452292972567,5.896369809342205,0.05937341350701013,12,0.18873003916536849,7.241589699702762,0.09283555099456932,15.0,0;22.5;45;67.5;90;112.5;135;157.5;180;202.5;225;247.5;270;292.5;315;337.5
val_images_circle,circle,test006.png,5,rot45_padded,45.0,False,321,321,80883.0,0.7849593758583069,inpaint,pnp_hqs,wavelet,15.0,fixed15p0,0.8,0.5,0.0,0.15,G16_fixed,False,16,20,0.25725452292972567,5.896369809342205,0.05937341350701013,13,0.1830962262813261,7.373206066654559,0.09679604842990802,15.0,0;22.5;45;67.5;90;112.5;135;157.5;180;202.5;225;247.5;270;292.5;315;337.5
val_images_circle,circle,test006.png,5,rot45_padded,45.0,False,321,321,80883.0,0.7849593758583069,inpaint,pnp_hqs,wavelet,15.0,fixed15p0,0.8,0.5,0.0,0.15,G16_fixed,False,16,20,0.25725452292972567,5.896369809342205,0.05937341350701013,14,0.17747944948258595,7.508519270765438,0.10100619514646156,15.0,0;22.5;45;67.5;90;112.5;135;157.5;180;202.5;225;247.5;270;292.5;315;337.5
val_images_circle,circle,test006.png,5,rot45_padded,45.0,False,321,321,80883.0,0.7849593758583069,inpaint,pnp_hqs,wavelet,15.0,fixed15p0,0.8,0.5,0.0,0.15,G16_fixed,False,16,20,0.25725452292972567,5.896369809342205,0.05937341350701013,15,0.17188031245750035,7.647738654928768,0.10548625696221703,15.0,0;22.5;45;67.5;90;112.5;135;157.5;180;202.5;225;247.5;270;292.5;315;337.5
val_images_circle,circle,test006.png,5,rot45_padded,45.0,False,321,321,80883.0,0.7849593758583069,inpaint,pnp_hqs,wavelet,15.0,fixed15p0,0.8,0.5,0.0,0.15,G16_fixed,False,16,20,0.25725452292972567,5.896369809342205,0.05937341350701013,16,0.166299527558325,7.7910898456944,0.11025313715103915,15.0,0;22.5;45;67.5;90;112.5;135;157.5;180;202.5;225;247.5;270;292.5;315;337.5
val_images_circle,circle,test006.png,5,rot45_padded,45.0,False,321,321,80883.0,0.7849593758583069,inpaint,pnp_hqs,wavelet,15.0,fixed15p0,0.8,0.5,0.0,0.15,G16_fixed,False,16,20,0.25725452292972567,5.896369809342205,0.05937341350701013,17,0.16073783128484972,7.938818955787364,0.1153217407783465,15.0,0;22.5;45;67.5;90;112.5;135;157.5;180;202.5;225;247.5;270;292.5;315;337.5
val_images_circle,circle,test006.png,5,rot45_padded,45.0,False,321,321,80883.0,0.7849593758583069,inpaint,pnp_hqs,wavelet,15.0,fixed15p0,0.8,0.5,0.0,0.15,G16_fixed,False,16,20,0.25725452292972567,5.896369809342205,0.05937341350701013,18,0.15519616539090414,8.09119013555564,0.12069960187477591,15.0,0;22.5;45;67.5;90;112.5;135;157.5;180;202.5;225;247.5;270;292.5;315;337.5
val_images_circle,circle,test006.png,5,rot45_padded,45.0,False,321,321,80883.0,0.7849593758583069,inpaint,pnp_hqs,wavelet,15.0,fixed15p0,0.8,0.5,0.0,0.15,G16_fixed,False,16,20,0.25725452292972567,5.896369809342205,0.05937341350701013,19,0.14967547163031786,8.24849364709775,0.1263938077415835,15.0,0;22.5;45;67.5;90;112.5;135;157.5;180;202.5;225;247.5;270;292.5;315;337.5
val_images_circle,circle,test006.png,5,rot45_padded,45.0,False,321,321,80883.0,0.7849593758583069,inpaint,pnp_hqs,wavelet,15.0,fixed15p0,0.8,0.5,0.0,0.15,G16_fixed,False,16,20,0.25725452292972567,5.896369809342205,0.05937341350701013,20,0.14417667968315345,8.411049802820687,0.13241264098296304,15.0,0;22.5;45;67.5;90;112.5;135;157.5;180;202.5;225;247.5;270;292.5;315;337.5
val_images_circle,circle,test007.png,6,upright,0.0,False,321,321,80892.0,0.7850467562675476,inpaint,pnp_hqs,wavelet,15.0,fixed15p0,0.8,0.5,0.0,0.15,vanilla,True,0,20,0.07757444315221221,11.102813332016048,0.15416850891852718,1,0.07283680758372274,11.376490974619136,0.1653548046701157,15.0,none
val_images_circle,circle,test007.png,6,upright,0.0,False,321,321,80892.0,0.7850467562675476,inpaint,pnp_hqs,wavelet,15.0,fixed15p0,0.8,0.5,0.0,0.15,vanilla,True,0,20,0.07757444315221221,11.102813332016048,0.15416850891852718,2,0.06816331883869851,11.664492721403715,0.1799021959835336,15.0,none
val_images_circle,circle,test007.png,6,upright,0.0,False,321,321,80892.0,0.7850467562675476,inpaint,pnp_hqs,wavelet,15.0,fixed15p0,0.8,0.5,0.0,0.15,vanilla,True,0,20,0.07757444315221221,11.102813332016048,0.15416850891852718,3,0.06348893069810674,11.973019873975716,0.19688738389225757,15.0,none
val_images_circle,circle,test007.png,6,upright,0.0,False,321,321,80892.0,0.7850467562675476,inpaint,pnp_hqs,wavelet,15.0,fixed15p0,0.8,0.5,0.0,0.15,vanilla,True,0,20,0.07757444315221221,11.102813332016048,0.15416850891852718,4,0.058873546528473146,12.300798016032704,0.215954123244573,15.0,none
val_images_circle,circle,test007.png,6,upright,0.0,False,321,321,80892.0,0.7850467562675476,inpaint,pnp_hqs,wavelet,15.0,fixed15p0,0.8,0.5,0.0,0.15,vanilla,True,0,20,0.07757444315221221,11.102813332016048,0.15416850891852718,5,0.05436645199965695,12.646690084963424,0.2368099112860357,15.0,none
val_images_circle,circle,test007.png,6,upright,0.0,False,321,321,80892.0,0.7850467562675476,inpaint,pnp_hqs,wavelet,15.0,fixed15p0,0.8,0.5,0.0,0.15,vanilla,True,0,20,0.07757444315221221,11.102813332016048,0.15416850891852718,6,0.04999685935896782,13.01057275782159,0.25930363748887403,15.0,none
val_images_circle,circle,test007.png,6,upright,0.0,False,321,321,80892.0,0.7850467562675476,inpaint,pnp_hqs,wavelet,15.0,fixed15p0,0.8,0.5,0.0,0.15,vanilla,True,0,20,0.07757444315221221,11.102813332016048,0.15416850891852718,7,0.04578693357636571,13.392584408893505,0.2835679777898309,15.0,none
val_images_circle,circle,test007.png,6,upright,0.0,False,321,321,80892.0,0.7850467562675476,inpaint,pnp_hqs,wavelet,15.0,fixed15p0,0.8,0.5,0.0,0.15,vanilla,True,0,20,0.07757444315221221,11.102813332016048,0.15416850891852718,8,0.041753781276269594,13.793041881311122,0.30962500057947634,15.0,none
val_images_circle,circle,test007.png,6,upright,0.0,False,321,321,80892.0,0.7850467562675476,inpaint,pnp_hqs,wavelet,15.0,fixed15p0,0.8,0.5,0.0,0.15,vanilla,True,0,20,0.07757444315221221,11.102813332016048,0.15416850891852718,9,0.03790866603001533,14.212614977153851,0.3373105933296865,15.0,none
val_images_circle,circle,test007.png,6,upright,0.0,False,321,321,80892.0,0.7850467562675476,inpaint,pnp_hqs,wavelet,15.0,fixed15p0,0.8,0.5,0.0,0.15,vanilla,True,0,20,0.07757444315221221,11.102813332016048,0.15416850891852718,10,0.03426043692419368,14.652071027669953,0.3659515252589873,15.0,none
val_images_circle,circle,test007.png,6,upright,0.0,False,321,321,80892.0,0.7850467562675476,inpaint,pnp_hqs,wavelet,15.0,fixed15p0,0.8,0.5,0.0,0.15,vanilla,True,0,20,0.07757444315221221,11.102813332016048,0.15416850891852718,11,0.030813077858634044,15.112649186821317,0.39492785326422886,15.0,none
val_images_circle,circle,test007.png,6,upright,0.0,False,321,321,80892.0,0.7850467562675476,inpaint,pnp_hqs,wavelet,15.0,fixed15p0,0.8,0.5,0.0,0.15,vanilla,True,0,20,0.07757444315221221,11.102813332016048,0.15416850891852718,12,0.02756609386396368,15.596247693861368,0.4235508938615685,15.0,none
val_images_circle,circle,test007.png,6,upright,0.0,False,321,321,80892.0,0.7850467562675476,inpaint,pnp_hqs,wavelet,15.0,fixed15p0,0.8,0.5,0.0,0.15,vanilla,True,0,20,0.07757444315221221,11.102813332016048,0.15416850891852718,13,0.02451076110498798,16.106432028823825,0.451784381490135,15.0,none
val_images_circle,circle,test007.png,6,upright,0.0,False,321,321,80892.0,0.7850467562675476,inpaint,pnp_hqs,wavelet,15.0,fixed15p0,0.8,0.5,0.0,0.15,vanilla,True,0,20,0.07757444315221221,11.102813332016048,0.15416850891852718,14,0.02162375415001638,16.650689049664816,0.4795633182205904,15.0,none
val_images_circle,circle,test007.png,6,upright,0.0,False,321,321,80892.0,0.7850467562675476,inpaint,pnp_hqs,wavelet,15.0,fixed15p0,0.8,0.5,0.0,0.15,vanilla,True,0,20,0.07757444315221221,11.102813332016048,0.15416850891852718,15,0.018837719438031572,17.249716756104952,0.5072761946484201,15.0,none
val_images_circle,circle,test007.png,6,upright,0.0,False,321,321,80892.0,0.7850467562675476,inpaint,pnp_hqs,wavelet,15.0,fixed15p0,0.8,0.5,0.0,0.15,vanilla,True,0,20,0.07757444315221221,11.102813332016048,0.15416850891852718,16,0.016046935736363763,17.946078866137427,0.5350537792674183,15.0,none
val_images_circle,circle,test007.png,6,upright,0.0,False,321,321,80892.0,0.7850467562675476,inpaint,pnp_hqs,wavelet,15.0,fixed15p0,0.8,0.5,0.0,0.15,vanilla,True,0,20,0.07757444315221221,11.102813332016048,0.15416850891852718,17,0.01368846703735768,18.63645185503263,0.561268129883054,15.0,none
val_images_circle,circle,test007.png,6,upright,0.0,False,321,321,80892.0,0.7850467562675476,inpaint,pnp_hqs,wavelet,15.0,fixed15p0,0.8,0.5,0.0,0.15,vanilla,True,0,20,0.07757444315221221,11.102813332016048,0.15416850891852718,18,0.011659094118160634,19.33335191838372,0.5831201826200366,15.0,none
val_images_circle,circle,test007.png,6,upright,0.0,False,321,321,80892.0,0.7850467562675476,inpaint,pnp_hqs,wavelet,15.0,fixed15p0,0.8,0.5,0.0,0.15,vanilla,True,0,20,0.07757444315221221,11.102813332016048,0.15416850891852718,19,0.009847432270322622,20.066769975435786,0.6037167032895713,15.0,none
val_images_circle,circle,test007.png,6,upright,0.0,False,321,321,80892.0,0.7850467562675476,inpaint,pnp_hqs,wavelet,15.0,fixed15p0,0.8,0.5,0.0,0.15,vanilla,True,0,20,0.07757444315221221,11.102813332016048,0.15416850891852718,20,0.0083935344360092,20.76055123459001,0.6253594201991545,15.0,none
val_images_circle,circle,test007.png,6,upright,0.0,False,321,321,80892.0,0.7850467562675476,inpaint,pnp_hqs,wavelet,15.0,fixed15p0,0.8,0.5,0.0,0.15,G16_fixed,True,16,20,0.07757444315221221,11.102813332016048,0.15416850891852718,1,0.06115077385201874,12.135980426745475,0.22168396113799882,15.0,0;22.5;45;67.5;90;112.5;135;157.5;180;202.5;225;247.5;270;292.5;315;337.5
val_images_circle,circle,test007.png,6,upright,0.0,False,321,321,80892.0,0.7850467562675476,inpaint,pnp_hqs,wavelet,15.0,fixed15p0,0.8,0.5,0.0,0.15,G16_fixed,True,16,20,0.07757444315221221,11.102813332016048,0.15416850891852718,2,0.03965244614829804,14.017300160150008,0.4050337274545072,15.0,0;22.5;45;67.5;90;112.5;135;157.5;180;202.5;225;247.5;270;292.5;315;337.5
val_images_circle,circle,test007.png,6,upright,0.0,False,321,321,80892.0,0.7850467562675476,inpaint,pnp_hqs,wavelet,15.0,fixed15p0,0.8,0.5,0.0,0.15,G16_fixed,True,16,20,0.07757444315221221,11.102813332016048,0.15416850891852718,3,0.027447412884424604,15.614985846553843,0.4199358790115215,15.0,0;22.5;45;67.5;90;112.5;135;157.5;180;202.5;225;247.5;270;292.5;315;337.5
val_images_circle,circle,test007.png,6,upright,0.0,False,321,321,80892.0,0.7850467562675476,inpaint,pnp_hqs,wavelet,15.0,fixed15p0,0.8,0.5,0.0,0.15,G16_fixed,True,16,20,0.07757444315221221,11.102813332016048,0.15416850891852718,4,0.01924867832312296,17.15599085203811,0.4448511402549078,15.0,0;22.5;45;67.5;90;112.5;135;157.5;180;202.5;225;247.5;270;292.5;315;337.5
val_images_circle,circle,test007.png,6,upright,0.0,False,321,321,80892.0,0.7850467562675476,inpaint,pnp_hqs,wavelet,15.0,fixed15p0,0.8,0.5,0.0,0.15,G16_fixed,True,16,20,0.07757444315221221,11.102813332016048,0.15416850891852718,5,0.01473935039591755,18.31521656618435,0.4587518118293527,15.0,0;22.5;45;67.5;90;112.5;135;157.5;180;202.5;225;247.5;270;292.5;315;337.5
val_images_circle,circle,test007.png,6,upright,0.0,False,321,321,80892.0,0.7850467562675476,inpaint,pnp_hqs,wavelet,15.0,fixed15p0,0.8,0.5,0.0,0.15,G16_fixed,True,16,20,0.07757444315221221,11.102813332016048,0.15416850891852718,6,0.012258254543867132,19.115713647224364,0.46686448057286256,15.0,0;22.5;45;67.5;90;112.5;135;157.5;180;202.5;225;247.5;270;292.5;315;337.5
val_images_circle,circle,test007.png,6,upright,0.0,False,321,321,80892.0,0.7850467562675476,inpaint,pnp_hqs,wavelet,15.0,fixed15p0,0.8,0.5,0.0,0.15,G16_fixed,True,16,20,0.07757444315221221,11.102813332016048,0.15416850891852718,7,0.010882551307076488,19.63269276632988,0.47183778796110865,15.0,0;22.5;45;67.5;90;112.5;135;157.5;180;202.5;225;247.5;270;292.5;315;337.5
val_images_circle,circle,test007.png,6,upright,0.0,False,321,321,80892.0,0.7850467562675476,inpaint,pnp_hqs,wavelet,15.0,fixed15p0,0.8,0.5,0.0,0.15,G16_fixed,True,16,20,0.07757444315221221,11.102813332016048,0.15416850891852718,8,0.01011084651980032,19.952124820462306,0.47504195408693073,15.0,0;22.5;45;67.5;90;112.5;135;157.5;180;202.5;225;247.5;270;292.5;315;337.5
val_images_circle,circle,test007.png,6,upright,0.0,False,321,321,80892.0,0.7850467562675476,inpaint,pnp_hqs,wavelet,15.0,fixed15p0,0.8,0.5,0.0,0.15,G16_fixed,True,16,20,0.07757444315221221,11.102813332016048,0.15416850891852718,9,0.009671931673993179,20.14486780148995,0.4771967368528408,15.0,0;22.5;45;67.5;90;112.5;135;157.5;180;202.5;225;247.5;270;292.5;315;337.5
val_images_circle,circle,test007.png,6,upright,0.0,False,321,321,80892.0,0.7850467562675476,inpaint,pnp_hqs,wavelet,15.0,fixed15p0,0.8,0.5,0.0,0.15,G16_fixed,True,16,20,0.07757444315221221,11.102813332016048,0.15416850891852718,10,0.009418032003464109,20.260398381124247,0.4786909648821886,15.0,0;22.5;45;67.5;90;112.5;135;157.5;180;202.5;225;247.5;270;292.5;315;337.5
val_images_circle,circle,test007.png,6,upright,0.0,False,321,321,80892.0,0.7850467562675476,inpaint,pnp_hqs,wavelet,15.0,fixed15p0,0.8,0.5,0.0,0.15,G16_fixed,True,16,20,0.07757444315221221,11.102813332016048,0.15416850891852718,11,0.009268366393907154,20.329968061609954,0.47974208667111706,15.0,0;22.5;45;67.5;90;112.5;135;157.5;180;202.5;225;247.5;270;292.5;315;337.5
val_images_circle,circle,test007.png,6,upright,0.0,False,321,321,80892.0,0.7850467562675476,inpaint,pnp_hqs,wavelet,15.0,fixed15p0,0.8,0.5,0.0,0.15,G16_fixed,True,16,20,0.07757444315221221,11.102813332016048,0.15416850891852718,12,0.00917829705859742,20.372378903304096,0.48048883851307916,15.0,0;22.5;45;67.5;90;112.5;135;157.5;180;202.5;225;247.5;270;292.5;315;337.5
val_images_circle,circle,test007.png,6,upright,0.0,False,321,321,80892.0,0.7850467562675476,inpaint,pnp_hqs,wavelet,15.0,fixed15p0,0.8,0.5,0.0,0.15,G16_fixed,True,16,20,0.07757444315221221,11.102813332016048,0.15416850891852718,13,0.009122911042124452,20.398665599386643,0.48102074950242296,15.0,0;22.5;45;67.5;90;112.5;135;157.5;180;202.5;225;247.5;270;292.5;315;337.5
val_images_circle,circle,test007.png,6,upright,0.0,False,321,321,80892.0,0.7850467562675476,inpaint,pnp_hqs,wavelet,15.0,fixed15p0,0.8,0.5,0.0,0.15,G16_fixed,True,16,20,0.07757444315221221,11.102813332016048,0.15416850891852718,14,0.009088067009146841,20.415284794328556,0.4814026726994017,15.0,0;22.5;45;67.5;90;112.5;135;157.5;180;202.5;225;247.5;270;292.5;315;337.5
val_images_circle,circle,test007.png,6,upright,0.0,False,321,321,80892.0,0.7850467562675476,inpaint,pnp_hqs,wavelet,15.0,fixed15p0,0.8,0.5,0.0,0.15,G16_fixed,True,16,20,0.07757444315221221,11.102813332016048,0.15416850891852718,15,0.009065629655126589,20.426020265105244,0.48168024186569747,15.0,0;22.5;45;67.5;90;112.5;135;157.5;180;202.5;225;247.5;270;292.5;315;337.5
val_images_circle,circle,test007.png,6,upright,0.0,False,321,321,80892.0,0.7850467562675476,inpaint,pnp_hqs,wavelet,15.0,fixed15p0,0.8,0.5,0.0,0.15,G16_fixed,True,16,20,0.07757444315221221,11.102813332016048,0.15416850891852718,16,0.009050858290172005,20.433102348267198,0.481882672266726,15.0,0;22.5;45;67.5;90;112.5;135;157.5;180;202.5;225;247.5;270;292.5;315;337.5
val_images_circle,circle,test007.png,6,upright,0.0,False,321,321,80892.0,0.7850467562675476,inpaint,pnp_hqs,wavelet,15.0,fixed15p0,0.8,0.5,0.0,0.15,G16_fixed,True,16,20,0.07757444315221221,11.102813332016048,0.15416850891852718,17,0.009040935512396158,20.43786628501371,0.48203058360221035,15.0,0;22.5;45;67.5;90;112.5;135;157.5;180;202.5;225;247.5;270;292.5;315;337.5
val_images_circle,circle,test007.png,6,upright,0.0,False,321,321,80892.0,0.7850467562675476,inpaint,pnp_hqs,wavelet,15.0,fixed15p0,0.8,0.5,0.0,0.15,G16_fixed,True,16,20,0.07757444315221221,11.102813332016048,0.15416850891852718,18,0.009034149301209483,20.441127364273115,0.4821390905466548,15.0,0;22.5;45;67.5;90;112.5;135;157.5;180;202.5;225;247.5;270;292.5;315;337.5
val_images_circle,circle,test007.png,6,upright,0.0,False,321,321,80892.0,0.7850467562675476,inpaint,pnp_hqs,wavelet,15.0,fixed15p0,0.8,0.5,0.0,0.15,G16_fixed,True,16,20,0.07757444315221221,11.102813332016048,0.15416850891852718,19,0.009029436528797657,20.44339350469354,0.4822188651226326,15.0,0;22.5;45;67.5;90;112.5;135;157.5;180;202.5;225;247.5;270;292.5;315;337.5
val_images_circle,circle,test007.png,6,upright,0.0,False,321,321,80892.0,0.7850467562675476,inpaint,pnp_hqs,wavelet,15.0,fixed15p0,0.8,0.5,0.0,0.15,G16_fixed,True,16,20,0.07757444315221221,11.102813332016048,0.15416850891852718,20,0.009026118875852604,20.444989510300495,0.482277730260718,15.0,0;22.5;45;67.5;90;112.5;135;157.5;180;202.5;225;247.5;270;292.5;315;337.5
val_images_circle,circle,test007.png,6,rot45_padded,45.0,False,321,321,80883.0,0.7849593758583069,inpaint,pnp_hqs,wavelet,15.0,fixed15p0,0.8,0.5,0.0,0.15,vanilla,False,0,20,0.07731569539489139,11.117323336177007,0.15839017179908016,1,0.07262159587382391,11.389342116117769,0.16966459509801193,15.0,none
val_images_circle,circle,test007.png,6,rot45_padded,45.0,False,321,321,80883.0,0.7849593758583069,inpaint,pnp_hqs,wavelet,15.0,fixed15p0,0.8,0.5,0.0,0.15,vanilla,False,0,20,0.07731569539489139,11.117323336177007,0.15839017179908016,2,0.06798450868074873,11.675900367191446,0.18444271692985548,15.0,none
val_images_circle,circle,test007.png,6,rot45_padded,45.0,False,321,321,80883.0,0.7849593758583069,inpaint,pnp_hqs,wavelet,15.0,fixed15p0,0.8,0.5,0.0,0.15,vanilla,False,0,20,0.07731569539489139,11.117323336177007,0.15839017179908016,3,0.06334877978646625,11.982617460071879,0.20167897321594155,15.0,none
val_images_circle,circle,test007.png,6,rot45_padded,45.0,False,321,321,80883.0,0.7849593758583069,inpaint,pnp_hqs,wavelet,15.0,fixed15p0,0.8,0.5,0.0,0.15,vanilla,False,0,20,0.07731569539489139,11.117323336177007,0.15839017179908016,4,0.05877778439420212,12.307867885170168,0.22081937122912107,15.0,none
val_images_circle,circle,test007.png,6,rot45_padded,45.0,False,321,321,80883.0,0.7849593758583069,inpaint,pnp_hqs,wavelet,15.0,fixed15p0,0.8,0.5,0.0,0.15,vanilla,False,0,20,0.07731569539489139,11.117323336177007,0.15839017179908016,5,0.05431969683447078,12.650426625766684,0.2416546605127159,15.0,none
val_images_circle,circle,test007.png,6,rot45_padded,45.0,False,321,321,80883.0,0.7849593758583069,inpaint,pnp_hqs,wavelet,15.0,fixed15p0,0.8,0.5,0.0,0.15,vanilla,False,0,20,0.07731569539489139,11.117323336177007,0.15839017179908016,6,0.05000749056507548,13.009649383154503,0.2639564053942114,15.0,none
val_images_circle,circle,test007.png,6,rot45_padded,45.0,False,321,321,80883.0,0.7849593758583069,inpaint,pnp_hqs,wavelet,15.0,fixed15p0,0.8,0.5,0.0,0.15,vanilla,False,0,20,0.07731569539489139,11.117323336177007,0.15839017179908016,7,0.045863311893220765,13.385345870893682,0.2874977880858771,15.0,none
val_images_circle,circle,test007.png,6,rot45_padded,45.0,False,321,321,80883.0,0.7849593758583069,inpaint,pnp_hqs,wavelet,15.0,fixed15p0,0.8,0.5,0.0,0.15,vanilla,False,0,20,0.07731569539489139,11.117323336177007,0.15839017179908016,8,0.04190333664830681,13.777513939727807,0.3124196611540744,15.0,none
val_images_circle,circle,test007.png,6,rot45_padded,45.0,False,321,321,80883.0,0.7849593758583069,inpaint,pnp_hqs,wavelet,15.0,fixed15p0,0.8,0.5,0.0,0.15,vanilla,False,0,20,0.07731569539489139,11.117323336177007,0.15839017179908016,9,0.03813819880065959,14.186398217621218,0.3386323648047179,15.0,none
val_images_circle,circle,test007.png,6,rot45_padded,45.0,False,321,321,80883.0,0.7849593758583069,inpaint,pnp_hqs,wavelet,15.0,fixed15p0,0.8,0.5,0.0,0.15,vanilla,False,0,20,0.07731569539489139,11.117323336177007,0.15839017179908016,10,0.03457730985169164,14.612087982805093,0.3653656168477925,15.0,none
val_images_circle,circle,test007.png,6,rot45_padded,45.0,False,321,321,80883.0,0.7849593758583069,inpaint,pnp_hqs,wavelet,15.0,fixed15p0,0.8,0.5,0.0,0.15,vanilla,False,0,20,0.07731569539489139,11.117323336177007,0.15839017179908016,11,0.031225010320656072,15.05497409408487,0.39187226843094347,15.0,none
val_images_circle,circle,test007.png,6,rot45_padded,45.0,False,321,321,80883.0,0.7849593758583069,inpaint,pnp_hqs,wavelet,15.0,fixed15p0,0.8,0.5,0.0,0.15,vanilla,False,0,20,0.07731569539489139,11.117323336177007,0.15839017179908016,12,0.028078988081163533,15.516185474925743,0.41777209248235103,15.0,none
val_images_circle,circle,test007.png,6,rot45_padded,45.0,False,321,321,80883.0,0.7849593758583069,inpaint,pnp_hqs,wavelet,15.0,fixed15p0,0.8,0.5,0.0,0.15,vanilla,False,0,20,0.07731569539489139,11.117323336177007,0.15839017179908016,13,0.0251306632125068,15.997960499776042,0.44318374998454557,15.0,none
val_images_circle,circle,test007.png,6,rot45_padded,45.0,False,321,321,80883.0,0.7849593758583069,inpaint,pnp_hqs,wavelet,15.0,fixed15p0,0.8,0.5,0.0,0.15,vanilla,False,0,20,0.07731569539489139,11.117323336177007,0.15839017179908016,14,0.0223650053839342,16.504309929434754,0.46807164747227475,15.0,none
val_images_circle,circle,test007.png,6,rot45_padded,45.0,False,321,321,80883.0,0.7849593758583069,inpaint,pnp_hqs,wavelet,15.0,fixed15p0,0.8,0.5,0.0,0.15,vanilla,False,0,20,0.07731569539489139,11.117323336177007,0.15839017179908016,15,0.019759000486234746,17.042350280829936,0.49228597364402904,15.0,none
val_images_circle,circle,test007.png,6,rot45_padded,45.0,False,321,321,80883.0,0.7849593758583069,inpaint,pnp_hqs,wavelet,15.0,fixed15p0,0.8,0.5,0.0,0.15,vanilla,False,0,20,0.07731569539489139,11.117323336177007,0.15839017179908016,16,0.01726841627383458,17.627474907517968,0.5165423648201724,15.0,none
val_images_circle,circle,test007.png,6,rot45_padded,45.0,False,321,321,80883.0,0.7849593758583069,inpaint,pnp_hqs,wavelet,15.0,fixed15p0,0.8,0.5,0.0,0.15,vanilla,False,0,20,0.07731569539489139,11.117323336177007,0.15839017179908016,17,0.014726680038122195,18.318951488555875,0.5414553274482895,15.0,none
val_images_circle,circle,test007.png,6,rot45_padded,45.0,False,321,321,80883.0,0.7849593758583069,inpaint,pnp_hqs,wavelet,15.0,fixed15p0,0.8,0.5,0.0,0.15,vanilla,False,0,20,0.07731569539489139,11.117323336177007,0.15839017179908016,18,0.01231485149894369,19.095708208186387,0.5659595206192896,15.0,none
val_images_circle,circle,test007.png,6,rot45_padded,45.0,False,321,321,80883.0,0.7849593758583069,inpaint,pnp_hqs,wavelet,15.0,fixed15p0,0.8,0.5,0.0,0.15,vanilla,False,0,20,0.07731569539489139,11.117323336177007,0.15839017179908016,19,0.010163820101015896,19.929430305389776,0.5931535559079164,15.0,none
val_images_circle,circle,test007.png,6,rot45_padded,45.0,False,321,321,80883.0,0.7849593758583069,inpaint,pnp_hqs,wavelet,15.0,fixed15p0,0.8,0.5,0.0,0.15,vanilla,False,0,20,0.07731569539489139,11.117323336177007,0.15839017179908016,20,0.008625330899696552,20.64224234787366,0.6167739976262008,15.0,none
val_images_circle,circle,test007.png,6,rot45_padded,45.0,False,321,321,80883.0,0.7849593758583069,inpaint,pnp_hqs,wavelet,15.0,fixed15p0,0.8,0.5,0.0,0.15,G16_fixed,False,16,20,0.07731569539489139,11.117323336177007,0.15839017179908016,1,0.07222083736114202,11.413374804728157,0.17213079482864138,15.0,0;22.5;45;67.5;90;112.5;135;157.5;180;202.5;225;247.5;270;292.5;315;337.5
val_images_circle,circle,test007.png,6,rot45_padded,45.0,False,321,321,80883.0,0.7849593758583069,inpaint,pnp_hqs,wavelet,15.0,fixed15p0,0.8,0.5,0.0,0.15,G16_fixed,False,16,20,0.07731569539489139,11.117323336177007,0.15839017179908016,2,0.06714979483289134,11.729553099212417,0.18960087168734469,15.0,0;22.5;45;67.5;90;112.5;135;157.5;180;202.5;225;247.5;270;292.5;315;337.5
val_images_circle,circle,test007.png,6,rot45_padded,45.0,False,321,321,80883.0,0.7849593758583069,inpaint,pnp_hqs,wavelet,15.0,fixed15p0,0.8,0.5,0.0,0.15,G16_fixed,False,16,20,0.07731569539489139,11.117323336177007,0.15839017179908016,3,0.06204832641168416,12.072699279440203,0.2107250016999864,15.0,0;22.5;45;67.5;90;112.5;135;157.5;180;202.5;225;247.5;270;292.5;315;337.5
val_images_circle,circle,test007.png,6,rot45_padded,45.0,False,321,321,80883.0,0.7849593758583069,inpaint,pnp_hqs,wavelet,15.0,fixed15p0,0.8,0.5,0.0,0.15,G16_fixed,False,16,20,0.07731569539489139,11.117323336177007,0.15839017179908016,4,0.05696601905877935,12.443841291691522,0.23580238488773908,15.0,0;22.5;45;67.5;90;112.5;135;157.5;180;202.5;225;247.5;270;292.5;315;337.5
val_images_circle,circle,test007.png,6,rot45_padded,45.0,False,321,321,80883.0,0.7849593758583069,inpaint,pnp_hqs,wavelet,15.0,fixed15p0,0.8,0.5,0.0,0.15,G16_fixed,False,16,20,0.07731569539489139,11.117323336177007,0.15839017179908016,5,0.051946440962563206,12.844442021639393,0.26542708681057825,15.0,0;22.5;45;67.5;90;112.5;135;157.5;180;202.5;225;247.5;270;292.5;315;337.5
val_images_circle,circle,test007.png,6,rot45_padded,45.0,False,321,321,80883.0,0.7849593758583069,inpaint,pnp_hqs,wavelet,15.0,fixed15p0,0.8,0.5,0.0,0.15,G16_fixed,False,16,20,0.07731569539489139,11.117323336177007,0.15839017179908016,6,0.0470226983922765,13.276924525558165,0.3001117596172867,15.0,0;22.5;45;67.5;90;112.5;135;157.5;180;202.5;225;247.5;270;292.5;315;337.5
val_images_circle,circle,test007.png,6,rot45_padded,45.0,False,321,321,80883.0,0.7849593758583069,inpaint,pnp_hqs,wavelet,15.0,fixed15p0,0.8,0.5,0.0,0.15,G16_fixed,False,16,20,0.07731569539489139,11.117323336177007,0.15839017179908016,7,0.042223022833715054,13.7445067787327,0.3397058675803321,15.0,0;22.5;45;67.5;90;112.5;135;157.5;180;202.5;225;247.5;270;292.5;315;337.5
val_images_circle,circle,test007.png,6,rot45_padded,45.0,False,321,321,80883.0,0.7849593758583069,inpaint,pnp_hqs,wavelet,15.0,fixed15p0,0.8,0.5,0.0,0.15,G16_fixed,False,16,20,0.07731569539489139,11.117323336177007,0.15839017179908016,8,0.037574939457302524,14.25101710498356,0.38262352139819245,15.0,0;22.5;45;67.5;90;112.5;135;157.5;180;202.5;225;247.5;270;292.5;315;337.5
val_images_circle,circle,test007.png,6,rot45_padded,45.0,False,321,321,80883.0,0.7849593758583069,inpaint,pnp_hqs,wavelet,15.0,fixed15p0,0.8,0.5,0.0,0.15,G16_fixed,False,16,20,0.07731569539489139,11.117323336177007,0.15839017179908016,9,0.033106712951694116,14.800839366688525,0.42569533307369906,15.0,0;22.5;45;67.5;90;112.5;135;157.5;180;202.5;225;247.5;270;292.5;315;337.5
val_images_circle,circle,test007.png,6,rot45_padded,45.0,False,321,321,80883.0,0.7849593758583069,inpaint,pnp_hqs,wavelet,15.0,fixed15p0,0.8,0.5,0.0,0.15,G16_fixed,False,16,20,0.07731569539489139,11.117323336177007,0.15839017179908016,10,0.028844099680441194,15.399430122585702,0.4659266703139102,15.0,0;22.5;45;67.5;90;112.5;135;157.5;180;202.5;225;247.5;270;292.5;315;337.5
val_images_circle,circle,test007.png,6,rot45_padded,45.0,False,321,321,80883.0,0.7849593758583069,inpaint,pnp_hqs,wavelet,15.0,fixed15p0,0.8,0.5,0.0,0.15,G16_fixed,False,16,20,0.07731569539489139,11.117323336177007,0.15839017179908016,11,0.024807508837514525,16.05416845257863,0.5023337142848312,15.0,0;22.5;45;67.5;90;112.5;135;157.5;180;202.5;225;247.5;270;292.5;315;337.5
val_images_circle,circle,test007.png,6,rot45_padded,45.0,False,321,321,80883.0,0.7849593758583069,inpaint,pnp_hqs,wavelet,15.0,fixed15p0,0.8,0.5,0.0,0.15,G16_fixed,False,16,20,0.07731569539489139,11.117323336177007,0.15839017179908016,12,0.02100846483355974,16.77605681943065,0.5351425824957037,15.0,0;22.5;45;67.5;90;112.5;135;157.5;180;202.5;225;247.5;270;292.5;315;337.5
val_images_circle,circle,test007.png,6,rot45_padded,45.0,False,321,321,80883.0,0.7849593758583069,inpaint,pnp_hqs,wavelet,15.0,fixed15p0,0.8,0.5,0.0,0.15,G16_fixed,False,16,20,0.07731569539489139,11.117323336177007,0.15839017179908016,13,0.01743631860604206,17.585452039132555,0.564278900541523,15.0,0;22.5;45;67.5;90;112.5;135;157.5;180;202.5;225;247.5;270;292.5;315;337.5
val_images_circle,circle,test007.png,6,rot45_padded,45.0,False,321,321,80883.0,0.7849593758583069,inpaint,pnp_hqs,wavelet,15.0,fixed15p0,0.8,0.5,0.0,0.15,G16_fixed,False,16,20,0.07731569539489139,11.117323336177007,0.15839017179908016,14,0.01391295039739114,18.565807632189255,0.5893626828258102,15.0,0;22.5;45;67.5;90;112.5;135;157.5;180;202.5;225;247.5;270;292.5;315;337.5
val_images_circle,circle,test007.png,6,rot45_padded,45.0,False,321,321,80883.0,0.7849593758583069,inpaint,pnp_hqs,wavelet,15.0,fixed15p0,0.8,0.5,0.0,0.15,G16_fixed,False,16,20,0.07731569539489139,11.117323336177007,0.15839017179908016,15,0.01105779275214662,19.563315539742916,0.6033524118170691,15.0,0;22.5;45;67.5;90;112.5;135;157.5;180;202.5;225;247.5;270;292.5;315;337.5
val_images_circle,circle,test007.png,6,rot45_padded,45.0,False,321,321,80883.0,0.7849593758583069,inpaint,pnp_hqs,wavelet,15.0,fixed15p0,0.8,0.5,0.0,0.15,G16_fixed,False,16,20,0.07731569539489139,11.117323336177007,0.15839017179908016,16,0.009132736242087335,20.393990848091285,0.6118174747783836,15.0,0;22.5;45;67.5;90;112.5;135;157.5;180;202.5;225;247.5;270;292.5;315;337.5
val_images_circle,circle,test007.png,6,rot45_padded,45.0,False,321,321,80883.0,0.7849593758583069,inpaint,pnp_hqs,wavelet,15.0,fixed15p0,0.8,0.5,0.0,0.15,G16_fixed,False,16,20,0.07731569539489139,11.117323336177007,0.15839017179908016,17,0.007714018809866567,21.127193064848466,0.6207134263380438,15.0,0;22.5;45;67.5;90;112.5;135;157.5;180;202.5;225;247.5;270;292.5;315;337.5
val_images_circle,circle,test007.png,6,rot45_padded,45.0,False,321,321,80883.0,0.7849593758583069,inpaint,pnp_hqs,wavelet,15.0,fixed15p0,0.8,0.5,0.0,0.15,G16_fixed,False,16,20,0.07731569539489139,11.117323336177007,0.15839017179908016,18,0.006819194203548645,21.662669411247244,0.6274622274612712,15.0,0;22.5;45;67.5;90;112.5;135;157.5;180;202.5;225;247.5;270;292.5;315;337.5
val_images_circle,circle,test007.png,6,rot45_padded,45.0,False,321,321,80883.0,0.7849593758583069,inpaint,pnp_hqs,wavelet,15.0,fixed15p0,0.8,0.5,0.0,0.15,G16_fixed,False,16,20,0.07731569539489139,11.117323336177007,0.15839017179908016,19,0.006261811766301324,22.032999916672576,0.6324315002070893,15.0,0;22.5;45;67.5;90;112.5;135;157.5;180;202.5;225;247.5;270;292.5;315;337.5
val_images_circle,circle,test007.png,6,rot45_padded,45.0,False,321,321,80883.0,0.7849593758583069,inpaint,pnp_hqs,wavelet,15.0,fixed15p0,0.8,0.5,0.0,0.15,G16_fixed,False,16,20,0.07731569539489139,11.117323336177007,0.15839017179908016,20,0.005910911497331601,22.28345543190153,0.6360954538500055,15.0,0;22.5;45;67.5;90;112.5;135;157.5;180;202.5;225;247.5;270;292.5;315;337.5
val_images_circle,circle,test008.png,7,upright,0.0,False,321,321,80892.0,0.7850467562675476,inpaint,pnp_hqs,wavelet,15.0,fixed15p0,0.8,0.5,0.0,0.15,vanilla,True,0,20,0.06616331661737254,11.793827327100265,0.2068111455706374,1,0.06184135270638629,12.087210193081336,0.22288415321508925,15.0,none
val_images_circle,circle,test008.png,7,upright,0.0,False,321,321,80892.0,0.7850467562675476,inpaint,pnp_hqs,wavelet,15.0,fixed15p0,0.8,0.5,0.0,0.15,vanilla,True,0,20,0.06616331661737254,11.793827327100265,0.2068111455706374,2,0.05761999433851617,12.39426788727444,0.2442099931467265,15.0,none
val_images_circle,circle,test008.png,7,upright,0.0,False,321,321,80892.0,0.7850467562675476,inpaint,pnp_hqs,wavelet,15.0,fixed15p0,0.8,0.5,0.0,0.15,vanilla,True,0,20,0.06616331661737254,11.793827327100265,0.2068111455706374,3,0.05343967013888889,12.721362312455062,0.26802550487841814,15.0,none
val_images_circle,circle,test008.png,7,upright,0.0,False,321,321,80892.0,0.7850467562675476,inpaint,pnp_hqs,wavelet,15.0,fixed15p0,0.8,0.5,0.0,0.15,vanilla,True,0,20,0.06616331661737254,11.793827327100265,0.2068111455706374,4,0.049374154688890746,13.065003266483757,0.29182831642035056,15.0,none
val_images_circle,circle,test008.png,7,upright,0.0,False,321,321,80892.0,0.7850467562675476,inpaint,pnp_hqs,wavelet,15.0,fixed15p0,0.8,0.5,0.0,0.15,vanilla,True,0,20,0.06616331661737254,11.793827327100265,0.2068111455706374,5,0.04548125075331924,13.421676005411268,0.31485030774056766,15.0,none
val_images_circle,circle,test008.png,7,upright,0.0,False,321,321,80892.0,0.7850467562675476,inpaint,pnp_hqs,wavelet,15.0,fixed15p0,0.8,0.5,0.0,0.15,vanilla,True,0,20,0.06616331661737254,11.793827327100265,0.2068111455706374,6,0.041790258104556076,13.78924946563043,0.33675613105282354,15.0,none
val_images_circle,circle,test008.png,7,upright,0.0,False,321,321,80892.0,0.7850467562675476,inpaint,pnp_hqs,wavelet,15.0,fixed15p0,0.8,0.5,0.0,0.15,vanilla,True,0,20,0.06616331661737254,11.793827327100265,0.2068111455706374,7,0.03831670187951219,14.166118799998591,0.35742115065457647,15.0,none
val_images_circle,circle,test008.png,7,upright,0.0,False,321,321,80892.0,0.7850467562675476,inpaint,pnp_hqs,wavelet,15.0,fixed15p0,0.8,0.5,0.0,0.15,vanilla,True,0,20,0.06616331661737254,11.793827327100265,0.2068111455706374,8,0.0350701675826256,14.55062158839465,0.37666411117601245,15.0,none
val_images_circle,circle,test008.png,7,upright,0.0,False,321,321,80892.0,0.7850467562675476,inpaint,pnp_hqs,wavelet,15.0,fixed15p0,0.8,0.5,0.0,0.15,vanilla,True,0,20,0.06616331661737254,11.793827327100265,0.2068111455706374,9,0.03205158177241724,14.941505328196957,0.3943574070983534,15.0,none
val_images_circle,circle,test008.png,7,upright,0.0,False,321,321,80892.0,0.7850467562675476,inpaint,pnp_hqs,wavelet,15.0,fixed15p0,0.8,0.5,0.0,0.15,vanilla,True,0,20,0.06616331661737254,11.793827327100265,0.2068111455706374,10,0.029256390127036666,15.337792614172912,0.41046428996377887,15.0,none
val_images_circle,circle,test008.png,7,upright,0.0,False,321,321,80892.0,0.7850467562675476,inpaint,pnp_hqs,wavelet,15.0,fixed15p0,0.8,0.5,0.0,0.15,vanilla,True,0,20,0.06616331661737254,11.793827327100265,0.2068111455706374,11,0.02667649205016411,15.7387128058086,0.4249096692967166,15.0,none
val_images_circle,circle,test008.png,7,upright,0.0,False,321,321,80892.0,0.7850467562675476,inpaint,pnp_hqs,wavelet,15.0,fixed15p0,0.8,0.5,0.0,0.15,vanilla,True,0,20,0.06616331661737254,11.793827327100265,0.2068111455706374,12,0.024300918235792012,16.143773158171935,0.4374582294139099,15.0,none
val_images_circle,circle,test008.png,7,upright,0.0,False,321,321,80892.0,0.7850467562675476,inpaint,pnp_hqs,wavelet,15.0,fixed15p0,0.8,0.5,0.0,0.15,vanilla,True,0,20,0.06616331661737254,11.793827327100265,0.2068111455706374,13,0.02211105602464165,16.55390515009596,0.44841178090849526,15.0,none
val_images_circle,circle,test008.png,7,upright,0.0,False,321,321,80892.0,0.7850467562675476,inpaint,pnp_hqs,wavelet,15.0,fixed15p0,0.8,0.5,0.0,0.15,vanilla,True,0,20,0.06616331661737254,11.793827327100265,0.2068111455706374,14,0.02008386519603298,16.971527022954746,0.4577479656517332,15.0,none
val_images_circle,circle,test008.png,7,upright,0.0,False,321,321,80892.0,0.7850467562675476,inpaint,pnp_hqs,wavelet,15.0,fixed15p0,0.8,0.5,0.0,0.15,vanilla,True,0,20,0.06616331661737254,11.793827327100265,0.2068111455706374,15,0.018181743168167123,17.4036448128875,0.4659780266435494,15.0,none
val_images_circle,circle,test008.png,7,upright,0.0,False,321,321,80892.0,0.7850467562675476,inpaint,pnp_hqs,wavelet,15.0,fixed15p0,0.8,0.5,0.0,0.15,vanilla,True,0,20,0.06616331661737254,11.793827327100265,0.2068111455706374,16,0.016156547307579087,17.91651443405274,0.4734915651424121,15.0,none
val_images_circle,circle,test008.png,7,upright,0.0,False,321,321,80892.0,0.7850467562675476,inpaint,pnp_hqs,wavelet,15.0,fixed15p0,0.8,0.5,0.0,0.15,vanilla,True,0,20,0.06616331661737254,11.793827327100265,0.2068111455706374,17,0.014448276714631855,18.40183949305842,0.48431396182564407,15.0,none
val_images_circle,circle,test008.png,7,upright,0.0,False,321,321,80892.0,0.7850467562675476,inpaint,pnp_hqs,wavelet,15.0,fixed15p0,0.8,0.5,0.0,0.15,vanilla,True,0,20,0.06616331661737254,11.793827327100265,0.2068111455706374,18,0.013104102875979701,18.825927060678655,0.491763419899372,15.0,none
val_images_circle,circle,test008.png,7,upright,0.0,False,321,321,80892.0,0.7850467562675476,inpaint,pnp_hqs,wavelet,15.0,fixed15p0,0.8,0.5,0.0,0.15,vanilla,True,0,20,0.06616331661737254,11.793827327100265,0.2068111455706374,19,0.012092376423773364,19.174883421241297,0.492718831513005,15.0,none
val_images_circle,circle,test008.png,7,upright,0.0,False,321,321,80892.0,0.7850467562675476,inpaint,pnp_hqs,wavelet,15.0,fixed15p0,0.8,0.5,0.0,0.15,vanilla,True,0,20,0.06616331661737254,11.793827327100265,0.2068111455706374,20,0.01105865703364517,19.562976106706007,0.5031671762195272,15.0,none
val_images_circle,circle,test008.png,7,upright,0.0,False,321,321,80892.0,0.7850467562675476,inpaint,pnp_hqs,wavelet,15.0,fixed15p0,0.8,0.5,0.0,0.15,G16_fixed,True,16,20,0.06616331661737254,11.793827327100265,0.2068111455706374,1,0.05039544250068764,12.976087370921443,0.3031416261419547,15.0,0;22.5;45;67.5;90;112.5;135;157.5;180;202.5;225;247.5;270;292.5;315;337.5
val_images_circle,circle,test008.png,7,upright,0.0,False,321,321,80892.0,0.7850467562675476,inpaint,pnp_hqs,wavelet,15.0,fixed15p0,0.8,0.5,0.0,0.15,G16_fixed,True,16,20,0.06616331661737254,11.793827327100265,0.2068111455706374,2,0.035645337084283676,14.479972739751986,0.30068609515619593,15.0,0;22.5;45;67.5;90;112.5;135;157.5;180;202.5;225;247.5;270;292.5;315;337.5
val_images_circle,circle,test008.png,7,upright,0.0,False,321,321,80892.0,0.7850467562675476,inpaint,pnp_hqs,wavelet,15.0,fixed15p0,0.8,0.5,0.0,0.15,G16_fixed,True,16,20,0.06616331661737254,11.793827327100265,0.2068111455706374,3,0.025393389585033132,15.952793243400318,0.297369921083049,15.0,0;22.5;45;67.5;90;112.5;135;157.5;180;202.5;225;247.5;270;292.5;315;337.5
val_images_circle,circle,test008.png,7,upright,0.0,False,321,321,80892.0,0.7850467562675476,inpaint,pnp_hqs,wavelet,15.0,fixed15p0,0.8,0.5,0.0,0.15,G16_fixed,True,16,20,0.06616331661737254,11.793827327100265,0.2068111455706374,4,0.01923557370716897,17.158948561914748,0.30547896809944125,15.0,0;22.5;45;67.5;90;112.5;135;157.5;180;202.5;225;247.5;270;292.5;315;337.5
val_images_circle,circle,test008.png,7,upright,0.0,False,321,321,80892.0,0.7850467562675476,inpaint,pnp_hqs,wavelet,15.0,fixed15p0,0.8,0.5,0.0,0.15,G16_fixed,True,16,20,0.06616331661737254,11.793827327100265,0.2068111455706374,5,0.01588036043379985,17.991396446901607,0.3103482111951738,15.0,0;22.5;45;67.5;90;112.5;135;157.5;180;202.5;225;247.5;270;292.5;315;337.5
val_images_circle,circle,test008.png,7,upright,0.0,False,321,321,80892.0,0.7850467562675476,inpaint,pnp_hqs,wavelet,15.0,fixed15p0,0.8,0.5,0.0,0.15,G16_fixed,True,16,20,0.06616331661737254,11.793827327100265,0.2068111455706374,6,0.014036946602510909,18.527273521704377,0.3138515319809128,15.0,0;22.5;45;67.5;90;112.5;135;157.5;180;202.5;225;247.5;270;292.5;315;337.5
val_images_circle,circle,test008.png,7,upright,0.0,False,321,321,80892.0,0.7850467562675476,inpaint,pnp_hqs,wavelet,15.0,fixed15p0,0.8,0.5,0.0,0.15,G16_fixed,True,16,20,0.06616331661737254,11.793827327100265,0.2068111455706374,7,0.01300887710668623,18.857601890199966,0.3166787004586362,15.0,0;22.5;45;67.5;90;112.5;135;157.5;180;202.5;225;247.5;270;292.5;315;337.5
val_images_circle,circle,test008.png,7,upright,0.0,False,321,321,80892.0,0.7850467562675476,inpaint,pnp_hqs,wavelet,15.0,fixed15p0,0.8,0.5,0.0,0.15,G16_fixed,True,16,20,0.06616331661737254,11.793827327100265,0.2068111455706374,8,0.012424944534456436,19.057055413015334,0.3190387144278791,15.0,0;22.5;45;67.5;90;112.5;135;157.5;180;202.5;225;247.5;270;292.5;315;337.5
val_images_circle,circle,test008.png,7,upright,0.0,False,321,321,80892.0,0.7850467562675476,inpaint,pnp_hqs,wavelet,15.0,fixed15p0,0.8,0.5,0.0,0.15,G16_fixed,True,16,20,0.06616331661737254,11.793827327100265,0.2068111455706374,9,0.012086033119632118,19.17716219978861,0.3210075094338748,15.0,0;22.5;45;67.5;90;112.5;135;157.5;180;202.5;225;247.5;270;292.5;315;337.5
val_images_circle,circle,test008.png,7,upright,0.0,False,321,321,80892.0,0.7850467562675476,inpaint,pnp_hqs,wavelet,15.0,fixed15p0,0.8,0.5,0.0,0.15,G16_fixed,True,16,20,0.06616331661737254,11.793827327100265,0.2068111455706374,10,0.011884441752052504,19.250212135737648,0.32262794258084854,15.0,0;22.5;45;67.5;90;112.5;135;157.5;180;202.5;225;247.5;270;292.5;315;337.5
val_images_circle,circle,test008.png,7,upright,0.0,False,321,321,80892.0,0.7850467562675476,inpaint,pnp_hqs,wavelet,15.0,fixed15p0,0.8,0.5,0.0,0.15,G16_fixed,True,16,20,0.06616331661737254,11.793827327100265,0.2068111455706374,11,0.011761278885205352,19.295454518491965,0.32393796956899323,15.0,0;22.5;45;67.5;90;112.5;135;157.5;180;202.5;225;247.5;270;292.5;315;337.5
val_images_circle,circle,test008.png,7,upright,0.0,False,321,321,80892.0,0.7850467562675476,inpaint,pnp_hqs,wavelet,15.0,fixed15p0,0.8,0.5,0.0,0.15,G16_fixed,True,16,20,0.06616331661737254,11.793827327100265,0.2068111455706374,12,0.01168390370344294,19.324120310579282,0.32498211349700834,15.0,0;22.5;45;67.5;90;112.5;135;157.5;180;202.5;225;247.5;270;292.5;315;337.5
val_images_circle,circle,test008.png,7,upright,0.0,False,321,321,80892.0,0.7850467562675476,inpaint,pnp_hqs,wavelet,15.0,fixed15p0,0.8,0.5,0.0,0.15,G16_fixed,True,16,20,0.06616331661737254,11.793827327100265,0.2068111455706374,13,0.01163388387931594,19.342752753170906,0.3258067324719997,15.0,0;22.5;45;67.5;90;112.5;135;157.5;180;202.5;225;247.5;270;292.5;315;337.5
val_images_circle,circle,test008.png,7,upright,0.0,False,321,321,80892.0,0.7850467562675476,inpaint,pnp_hqs,wavelet,15.0,fixed15p0,0.8,0.5,0.0,0.15,G16_fixed,True,16,20,0.06616331661737254,11.793827327100265,0.2068111455706374,14,0.011600661323749954,19.35517252060265,0.3264518345061934,15.0,0;22.5;45;67.5;90;112.5;135;157.5;180;202.5;225;247.5;270;292.5;315;337.5
val_images_circle,circle,test008.png,7,upright,0.0,False,321,321,80892.0,0.7850467562675476,inpaint,pnp_hqs,wavelet,15.0,fixed15p0,0.8,0.5,0.0,0.15,G16_fixed,True,16,20,0.06616331661737254,11.793827327100265,0.2068111455706374,15,0.011578054955797544,19.363643933645704,0.3269519467314444,15.0,0;22.5;45;67.5;90;112.5;135;157.5;180;202.5;225;247.5;270;292.5;315;337.5
val_images_circle,circle,test008.png,7,upright,0.0,False,321,321,80892.0,0.7850467562675476,inpaint,pnp_hqs,wavelet,15.0,fixed15p0,0.8,0.5,0.0,0.15,G16_fixed,True,16,20,0.06616331661737254,11.793827327100265,0.2068111455706374,16,0.01156234345084534,19.369541343734976,0.3273371053379815,15.0,0;22.5;45;67.5;90;112.5;135;157.5;180;202.5;225;247.5;270;292.5;315;337.5
val_images_circle,circle,test008.png,7,upright,0.0,False,321,321,80892.0,0.7850467562675476,inpaint,pnp_hqs,wavelet,15.0,fixed15p0,0.8,0.5,0.0,0.15,G16_fixed,True,16,20,0.06616331661737254,11.793827327100265,0.2068111455706374,17,0.011551233802911984,19.373716257130624,0.32763227609806905,15.0,0;22.5;45;67.5;90;112.5;135;157.5;180;202.5;225;247.5;270;292.5;315;337.5
val_images_circle,circle,test008.png,7,upright,0.0,False,321,321,80892.0,0.7850467562675476,inpaint,pnp_hqs,wavelet,15.0,fixed15p0,0.8,0.5,0.0,0.15,G16_fixed,True,16,20,0.06616331661737254,11.793827327100265,0.2068111455706374,18,0.011543265248726698,19.376713247228583,0.32785798213204026,15.0,0;22.5;45;67.5;90;112.5;135;157.5;180;202.5;225;247.5;270;292.5;315;337.5
val_images_circle,circle,test008.png,7,upright,0.0,False,321,321,80892.0,0.7850467562675476,inpaint,pnp_hqs,wavelet,15.0,fixed15p0,0.8,0.5,0.0,0.15,G16_fixed,True,16,20,0.06616331661737254,11.793827327100265,0.2068111455706374,19,0.011537487084921099,19.378887721155994,0.32803001417012806,15.0,0;22.5;45;67.5;90;112.5;135;157.5;180;202.5;225;247.5;270;292.5;315;337.5
val_images_circle,circle,test008.png,7,upright,0.0,False,321,321,80892.0,0.7850467562675476,inpaint,pnp_hqs,wavelet,15.0,fixed15p0,0.8,0.5,0.0,0.15,G16_fixed,True,16,20,0.06616331661737254,11.793827327100265,0.2068111455706374,20,0.011533261736617187,19.38047851951908,0.3281607826639223,15.0,0;22.5;45;67.5;90;112.5;135;157.5;180;202.5;225;247.5;270;292.5;315;337.5
val_images_circle,circle,test008.png,7,rot45_padded,45.0,False,321,321,80883.0,0.7849593758583069,inpaint,pnp_hqs,wavelet,15.0,fixed15p0,0.8,0.5,0.0,0.15,vanilla,False,0,20,0.0665270721868316,11.770015891510099,0.2080749064234759,1,0.06221509531901018,12.061042291618806,0.22392281231068334,15.0,none
val_images_circle,circle,test008.png,7,rot45_padded,45.0,False,321,321,80883.0,0.7849593758583069,inpaint,pnp_hqs,wavelet,15.0,fixed15p0,0.8,0.5,0.0,0.15,vanilla,False,0,20,0.0665270721868316,11.770015891510099,0.2080749064234759,2,0.057997613788976055,12.365898743611803,0.2450863148776628,15.0,none
val_images_circle,circle,test008.png,7,rot45_padded,45.0,False,321,321,80883.0,0.7849593758583069,inpaint,pnp_hqs,wavelet,15.0,fixed15p0,0.8,0.5,0.0,0.15,vanilla,False,0,20,0.0665270721868316,11.770015891510099,0.2080749064234759,3,0.053819166747802384,12.690630304599049,0.268674567933002,15.0,none
val_images_circle,circle,test008.png,7,rot45_padded,45.0,False,321,321,80883.0,0.7849593758583069,inpaint,pnp_hqs,wavelet,15.0,fixed15p0,0.8,0.5,0.0,0.15,vanilla,False,0,20,0.0665270721868316,11.770015891510099,0.2080749064234759,4,0.04975194928554208,13.031898988907153,0.2924893973007307,15.0,none
val_images_circle,circle,test008.png,7,rot45_padded,45.0,False,321,321,80883.0,0.7849593758583069,inpaint,pnp_hqs,wavelet,15.0,fixed15p0,0.8,0.5,0.0,0.15,vanilla,False,0,20,0.0665270721868316,11.770015891510099,0.2080749064234759,5,0.04585041409157363,13.386567377066463,0.315778100195653,15.0,none
val_images_circle,circle,test008.png,7,rot45_padded,45.0,False,321,321,80883.0,0.7849593758583069,inpaint,pnp_hqs,wavelet,15.0,fixed15p0,0.8,0.5,0.0,0.15,vanilla,False,0,20,0.0665270721868316,11.770015891510099,0.2080749064234759,6,0.04214664116493886,13.752370303312173,0.33789504399873893,15.0,none
val_images_circle,circle,test008.png,7,rot45_padded,45.0,False,321,321,80883.0,0.7849593758583069,inpaint,pnp_hqs,wavelet,15.0,fixed15p0,0.8,0.5,0.0,0.15,vanilla,False,0,20,0.0665270721868316,11.770015891510099,0.2080749064234759,7,0.038660386206967164,14.127338117995265,0.35826532421831536,15.0,none
val_images_circle,circle,test008.png,7,rot45_padded,45.0,False,321,321,80883.0,0.7849593758583069,inpaint,pnp_hqs,wavelet,15.0,fixed15p0,0.8,0.5,0.0,0.15,vanilla,False,0,20,0.0665270721868316,11.770015891510099,0.2080749064234759,8,0.035403092130376596,14.509588047393681,0.37681531502293436,15.0,none
val_images_circle,circle,test008.png,7,rot45_padded,45.0,False,321,321,80883.0,0.7849593758583069,inpaint,pnp_hqs,wavelet,15.0,fixed15p0,0.8,0.5,0.0,0.15,vanilla,False,0,20,0.0665270721868316,11.770015891510099,0.2080749064234759,9,0.032372567546448267,14.898228542880712,0.39384456657301287,15.0,none
val_images_circle,circle,test008.png,7,rot45_padded,45.0,False,321,321,80883.0,0.7849593758583069,inpaint,pnp_hqs,wavelet,15.0,fixed15p0,0.8,0.5,0.0,0.15,vanilla,False,0,20,0.0665270721868316,11.770015891510099,0.2080749064234759,10,0.029564390438001496,15.292310709060873,0.4093304526291062,15.0,none
val_images_circle,circle,test008.png,7,rot45_padded,45.0,False,321,321,80883.0,0.7849593758583069,inpaint,pnp_hqs,wavelet,15.0,fixed15p0,0.8,0.5,0.0,0.15,vanilla,False,0,20,0.0665270721868316,11.770015891510099,0.2080749064234759,11,0.026969505479751618,15.691270168168183,0.4234090928408936,15.0,none
val_images_circle,circle,test008.png,7,rot45_padded,45.0,False,321,321,80883.0,0.7849593758583069,inpaint,pnp_hqs,wavelet,15.0,fixed15p0,0.8,0.5,0.0,0.15,vanilla,False,0,20,0.0665270721868316,11.770015891510099,0.2080749064234759,12,0.024574097263755982,16.09522427130431,0.436101616300706,15.0,none
val_images_circle,circle,test008.png,7,rot45_padded,45.0,False,321,321,80883.0,0.7849593758583069,inpaint,pnp_hqs,wavelet,15.0,fixed15p0,0.8,0.5,0.0,0.15,vanilla,False,0,20,0.0665270721868316,11.770015891510099,0.2080749064234759,13,0.022360664864681083,16.50515287423834,0.44753561857868773,15.0,none
val_images_circle,circle,test008.png,7,rot45_padded,45.0,False,321,321,80883.0,0.7849593758583069,inpaint,pnp_hqs,wavelet,15.0,fixed15p0,0.8,0.5,0.0,0.15,vanilla,False,0,20,0.0665270721868316,11.770015891510099,0.2080749064234759,14,0.020311817530317713,16.92251213568564,0.45763208894328844,15.0,none
val_images_circle,circle,test008.png,7,rot45_padded,45.0,False,321,321,80883.0,0.7849593758583069,inpaint,pnp_hqs,wavelet,15.0,fixed15p0,0.8,0.5,0.0,0.15,vanilla,False,0,20,0.0665270721868316,11.770015891510099,0.2080749064234759,15,0.01840304853200379,17.35110228568635,0.46669180907916374,15.0,none
val_images_circle,circle,test008.png,7,rot45_padded,45.0,False,321,321,80883.0,0.7849593758583069,inpaint,pnp_hqs,wavelet,15.0,fixed15p0,0.8,0.5,0.0,0.15,vanilla,False,0,20,0.0665270721868316,11.770015891510099,0.2080749064234759,16,0.01657604761178956,17.805190144983392,0.4754846506682492,15.0,none
val_images_circle,circle,test008.png,7,rot45_padded,45.0,False,321,321,80883.0,0.7849593758583069,inpaint,pnp_hqs,wavelet,15.0,fixed15p0,0.8,0.5,0.0,0.15,vanilla,False,0,20,0.0665270721868316,11.770015891510099,0.2080749064234759,17,0.014697349839525147,18.327609682335407,0.4837419965413004,15.0,none
val_images_circle,circle,test008.png,7,rot45_padded,45.0,False,321,321,80883.0,0.7849593758583069,inpaint,pnp_hqs,wavelet,15.0,fixed15p0,0.8,0.5,0.0,0.15,vanilla,False,0,20,0.0665270721868316,11.770015891510099,0.2080749064234759,18,0.013102218069329308,18.826551765787656,0.49396553123029563,15.0,none
val_images_circle,circle,test008.png,7,rot45_padded,45.0,False,321,321,80883.0,0.7849593758583069,inpaint,pnp_hqs,wavelet,15.0,fixed15p0,0.8,0.5,0.0,0.15,vanilla,False,0,20,0.0665270721868316,11.770015891510099,0.2080749064234759,19,0.011970365041412055,19.21892605395294,0.496970015717147,15.0,none
val_images_circle,circle,test008.png,7,rot45_padded,45.0,False,321,321,80883.0,0.7849593758583069,inpaint,pnp_hqs,wavelet,15.0,fixed15p0,0.8,0.5,0.0,0.15,vanilla,False,0,20,0.0665270721868316,11.770015891510099,0.2080749064234759,20,0.010955106872639337,19.603833813190555,0.5027901509742467,15.0,none
val_images_circle,circle,test008.png,7,rot45_padded,45.0,False,321,321,80883.0,0.7849593758583069,inpaint,pnp_hqs,wavelet,15.0,fixed15p0,0.8,0.5,0.0,0.15,G16_fixed,False,16,20,0.0665270721868316,11.770015891510099,0.2080749064234759,1,0.06186073629308693,12.085849151423822,0.22742859960529407,15.0,0;22.5;45;67.5;90;112.5;135;157.5;180;202.5;225;247.5;270;292.5;315;337.5
val_images_circle,circle,test008.png,7,rot45_padded,45.0,False,321,321,80883.0,0.7849593758583069,inpaint,pnp_hqs,wavelet,15.0,fixed15p0,0.8,0.5,0.0,0.15,G16_fixed,False,16,20,0.0665270721868316,11.770015891510099,0.2080749064234759,2,0.05724929378121793,12.422298663472326,0.25304968867067246,15.0,0;22.5;45;67.5;90;112.5;135;157.5;180;202.5;225;247.5;270;292.5;315;337.5
val_images_circle,circle,test008.png,7,rot45_padded,45.0,False,321,321,80883.0,0.7849593758583069,inpaint,pnp_hqs,wavelet,15.0,fixed15p0,0.8,0.5,0.0,0.15,G16_fixed,False,16,20,0.0665270721868316,11.770015891510099,0.2080749064234759,3,0.05264130436672416,12.786733581431056,0.28386802735123573,15.0,0;22.5;45;67.5;90;112.5;135;157.5;180;202.5;225;247.5;270;292.5;315;337.5
val_images_circle,circle,test008.png,7,rot45_padded,45.0,False,321,321,80883.0,0.7849593758583069,inpaint,pnp_hqs,wavelet,15.0,fixed15p0,0.8,0.5,0.0,0.15,G16_fixed,False,16,20,0.0665270721868316,11.770015891510099,0.2080749064234759,4,0.04809998025697613,13.178551018857958,0.3182430080332085,15.0,0;22.5;45;67.5;90;112.5;135;157.5;180;202.5;225;247.5;270;292.5;315;337.5
val_images_circle,circle,test008.png,7,rot45_padded,45.0,False,321,321,80883.0,0.7849593758583069,inpaint,pnp_hqs,wavelet,15.0,fixed15p0,0.8,0.5,0.0,0.15,G16_fixed,False,16,20,0.0665270721868316,11.770015891510099,0.2080749064234759,5,0.04368254507088943,13.596920663188087,0.3540782383968201,15.0,0;22.5;45;67.5;90;112.5;135;157.5;180;202.5;225;247.5;270;292.5;315;337.5
val_images_circle,circle,test008.png,7,rot45_padded,45.0,False,321,321,80883.0,0.7849593758583069,inpaint,pnp_hqs,wavelet,15.0,fixed15p0,0.8,0.5,0.0,0.15,G16_fixed,False,16,20,0.0665270721868316,11.770015891510099,0.2080749064234759,6,0.0394329744864882,14.041404622281766,0.38935662662425974,15.0,0;22.5;45;67.5;90;112.5;135;157.5;180;202.5;225;247.5;270;292.5;315;337.5
val_images_circle,circle,test008.png,7,rot45_padded,45.0,False,321,321,80883.0,0.7849593758583069,inpaint,pnp_hqs,wavelet,15.0,fixed15p0,0.8,0.5,0.0,0.15,G16_fixed,False,16,20,0.0665270721868316,11.770015891510099,0.2080749064234759,7,0.03538664464121787,14.511606151779173,0.4222523776627969,15.0,0;22.5;45;67.5;90;112.5;135;157.5;180;202.5;225;247.5;270;292.5;315;337.5
val_images_circle,circle,test008.png,7,rot45_padded,45.0,False,321,321,80883.0,0.7849593758583069,inpaint,pnp_hqs,wavelet,15.0,fixed15p0,0.8,0.5,0.0,0.15,G16_fixed,False,16,20,0.0665270721868316,11.770015891510099,0.2080749064234759,8,0.031571765891781955,15.007011261974785,0.4509767387769989,15.0,0;22.5;45;67.5;90;112.5;135;157.5;180;202.5;225;247.5;270;292.5;315;337.5
val_images_circle,circle,test008.png,7,rot45_padded,45.0,False,321,321,80883.0,0.7849593758583069,inpaint,pnp_hqs,wavelet,15.0,fixed15p0,0.8,0.5,0.0,0.15,G16_fixed,False,16,20,0.0665270721868316,11.770015891510099,0.2080749064234759,9,0.02800974804559518,15.526907977419386,0.4740966987036831,15.0,0;22.5;45;67.5;90;112.5;135;157.5;180;202.5;225;247.5;270;292.5;315;337.5
val_images_circle,circle,test008.png,7,rot45_padded,45.0,False,321,321,80883.0,0.7849593758583069,inpaint,pnp_hqs,wavelet,15.0,fixed15p0,0.8,0.5,0.0,0.15,G16_fixed,False,16,20,0.0665270721868316,11.770015891510099,0.2080749064234759,10,0.02471413937850429,16.07054508394558,0.4911054972923853,15.0,0;22.5;45;67.5;90;112.5;135;157.5;180;202.5;225;247.5;270;292.5;315;337.5
val_images_circle,circle,test008.png,7,rot45_padded,45.0,False,321,321,80883.0,0.7849593758583069,inpaint,pnp_hqs,wavelet,15.0,fixed15p0,0.8,0.5,0.0,0.15,G16_fixed,False,16,20,0.0665270721868316,11.770015891510099,0.2080749064234759,11,0.021687891926552086,16.637826595652975,0.5023054133748748,15.0,0;22.5;45;67.5;90;112.5;135;157.5;180;202.5;225;247.5;270;292.5;315;337.5
val_images_circle,circle,test008.png,7,rot45_padded,45.0,False,321,321,80883.0,0.7849593758583069,inpaint,pnp_hqs,wavelet,15.0,fixed15p0,0.8,0.5,0.0,0.15,G16_fixed,False,16,20,0.0665270721868316,11.770015891510099,0.2080749064234759,12,0.018921200281676157,17.23051317237896,0.5082631895763016,15.0,0;22.5;45;67.5;90;112.5;135;157.5;180;202.5;225;247.5;270;292.5;315;337.5
val_images_circle,circle,test008.png,7,rot45_padded,45.0,False,321,321,80883.0,0.7849593758583069,inpaint,pnp_hqs,wavelet,15.0,fixed15p0,0.8,0.5,0.0,0.15,G16_fixed,False,16,20,0.0665270721868316,11.770015891510099,0.2080749064234759,13,0.01638003000379406,17.856853070645954,0.5095954573272504,15.0,0;22.5;45;67.5;90;112.5;135;157.5;180;202.5;225;247.5;270;292.5;315;337.5
val_images_circle,circle,test008.png,7,rot45_padded,45.0,False,321,321,80883.0,0.7849593758583069,inpaint,pnp_hqs,wavelet,15.0,fixed15p0,0.8,0.5,0.0,0.15,G16_fixed,False,16,20,0.0665270721868316,11.770015891510099,0.2080749064234759,14,0.013903692836508445,18.568698353202475,0.5062462909387634,15.0,0;22.5;45;67.5;90;112.5;135;157.5;180;202.5;225;247.5;270;292.5;315;337.5
val_images_circle,circle,test008.png,7,rot45_padded,45.0,False,321,321,80883.0,0.7849593758583069,inpaint,pnp_hqs,wavelet,15.0,fixed15p0,0.8,0.5,0.0,0.15,G16_fixed,False,16,20,0.0665270721868316,11.770015891510099,0.2080749064234759,15,0.012163857722874013,19.149286683151537,0.4913463930924916,15.0,0;22.5;45;67.5;90;112.5;135;157.5;180;202.5;225;247.5;270;292.5;315;337.5
val_images_circle,circle,test008.png,7,rot45_padded,45.0,False,321,321,80883.0,0.7849593758583069,inpaint,pnp_hqs,wavelet,15.0,fixed15p0,0.8,0.5,0.0,0.15,G16_fixed,False,16,20,0.0665270721868316,11.770015891510099,0.2080749064234759,16,0.011055550049917783,19.5641964497117,0.47794045488545184,15.0,0;22.5;45;67.5;90;112.5;135;157.5;180;202.5;225;247.5;270;292.5;315;337.5
val_images_circle,circle,test008.png,7,rot45_padded,45.0,False,321,321,80883.0,0.7849593758583069,inpaint,pnp_hqs,wavelet,15.0,fixed15p0,0.8,0.5,0.0,0.15,G16_fixed,False,16,20,0.0665270721868316,11.770015891510099,0.2080749064234759,17,0.01010238273740117,19.955761818944872,0.47403898609720213,15.0,0;22.5;45;67.5;90;112.5;135;157.5;180;202.5;225;247.5;270;292.5;315;337.5
val_images_circle,circle,test008.png,7,rot45_padded,45.0,False,321,321,80883.0,0.7849593758583069,inpaint,pnp_hqs,wavelet,15.0,fixed15p0,0.8,0.5,0.0,0.15,G16_fixed,False,16,20,0.0665270721868316,11.770015891510099,0.2080749064234759,18,0.009456128319368332,20.242866430601687,0.47335754268511304,15.0,0;22.5;45;67.5;90;112.5;135;157.5;180;202.5;225;247.5;270;292.5;315;337.5
val_images_circle,circle,test008.png,7,rot45_padded,45.0,False,321,321,80883.0,0.7849593758583069,inpaint,pnp_hqs,wavelet,15.0,fixed15p0,0.8,0.5,0.0,0.15,G16_fixed,False,16,20,0.0665270721868316,11.770015891510099,0.2080749064234759,19,0.009052575484225672,20.432278451636986,0.47366383000754175,15.0,0;22.5;45;67.5;90;112.5;135;157.5;180;202.5;225;247.5;270;292.5;315;337.5
val_images_circle,circle,test008.png,7,rot45_padded,45.0,False,321,321,80883.0,0.7849593758583069,inpaint,pnp_hqs,wavelet,15.0,fixed15p0,0.8,0.5,0.0,0.15,G16_fixed,False,16,20,0.0665270721868316,11.770015891510099,0.2080749064234759,20,0.00880092874917512,20.554714949681753,0.4743511171228812,15.0,0;22.5;45;67.5;90;112.5;135;157.5;180;202.5;225;247.5;270;292.5;315;337.5
val_images_circle,circle,test009.png,8,upright,0.0,False,321,321,80892.0,0.7850467562675476,inpaint,pnp_hqs,wavelet,15.0,fixed15p0,0.8,0.5,0.0,0.15,vanilla,True,0,20,0.0734406219287754,11.340636539869388,0.18882011953437916,1,0.06925213677070971,11.595668219254392,0.21849758976474806,15.0,none
val_images_circle,circle,test009.png,8,upright,0.0,False,321,321,80892.0,0.7850467562675476,inpaint,pnp_hqs,wavelet,15.0,fixed15p0,0.8,0.5,0.0,0.15,vanilla,True,0,20,0.0734406219287754,11.340636539869388,0.18882011953437916,2,0.06517979436509481,11.858870140188568,0.2555021278371162,15.0,none
val_images_circle,circle,test009.png,8,upright,0.0,False,321,321,80892.0,0.7850467562675476,inpaint,pnp_hqs,wavelet,15.0,fixed15p0,0.8,0.5,0.0,0.15,vanilla,True,0,20,0.0734406219287754,11.340636539869388,0.18882011953437916,3,0.061159224548626566,12.13538029740873,0.2949222130278643,15.0,none
val_images_circle,circle,test009.png,8,upright,0.0,False,321,321,80892.0,0.7850467562675476,inpaint,pnp_hqs,wavelet,15.0,fixed15p0,0.8,0.5,0.0,0.15,vanilla,True,0,20,0.0734406219287754,11.340636539869388,0.18882011953437916,4,0.057240733110968944,12.422948126479433,0.3320156041388518,15.0,none
val_images_circle,circle,test009.png,8,upright,0.0,False,321,321,80892.0,0.7850467562675476,inpaint,pnp_hqs,wavelet,15.0,fixed15p0,0.8,0.5,0.0,0.15,vanilla,True,0,20,0.0734406219287754,11.340636539869388,0.18882011953437916,5,0.053460603721628835,12.719661411370657,0.36725281181235475,15.0,none
val_images_circle,circle,test009.png,8,upright,0.0,False,321,321,80892.0,0.7850467562675476,inpaint,pnp_hqs,wavelet,15.0,fixed15p0,0.8,0.5,0.0,0.15,vanilla,True,0,20,0.0734406219287754,11.340636539869388,0.18882011953437916,6,0.0498376542710883,13.024424069808425,0.3979625949954878,15.0,none
val_images_circle,circle,test009.png,8,upright,0.0,False,321,321,80892.0,0.7850467562675476,inpaint,pnp_hqs,wavelet,15.0,fixed15p0,0.8,0.5,0.0,0.15,vanilla,True,0,20,0.0734406219287754,11.340636539869388,0.18882011953437916,7,0.04637794209795159,13.336885259725515,0.42262783634351975,15.0,none
val_images_circle,circle,test009.png,8,upright,0.0,False,321,321,80892.0,0.7850467562675476,inpaint,pnp_hqs,wavelet,15.0,fixed15p0,0.8,0.5,0.0,0.15,vanilla,True,0,20,0.0734406219287754,11.340636539869388,0.18882011953437916,8,0.043074570830165526,13.657790409146276,0.44343977734201157,15.0,none
val_images_circle,circle,test009.png,8,upright,0.0,False,321,321,80892.0,0.7850467562675476,inpaint,pnp_hqs,wavelet,15.0,fixed15p0,0.8,0.5,0.0,0.15,vanilla,True,0,20,0.0734406219287754,11.340636539869388,0.18882011953437916,9,0.039922346307422245,13.987839423740988,0.4621149476307917,15.0,none
val_images_circle,circle,test009.png,8,upright,0.0,False,321,321,80892.0,0.7850467562675476,inpaint,pnp_hqs,wavelet,15.0,fixed15p0,0.8,0.5,0.0,0.15,vanilla,True,0,20,0.0734406219287754,11.340636539869388,0.18882011953437916,10,0.03691281179690204,14.328228715919952,0.47964999822293924,15.0,none
val_images_circle,circle,test009.png,8,upright,0.0,False,321,321,80892.0,0.7850467562675476,inpaint,pnp_hqs,wavelet,15.0,fixed15p0,0.8,0.5,0.0,0.15,vanilla,True,0,20,0.0734406219287754,11.340636539869388,0.18882011953437916,11,0.03404083651852161,14.679997761164126,0.49630878401139794,15.0,none
val_images_circle,circle,test009.png,8,upright,0.0,False,321,321,80892.0,0.7850467562675476,inpaint,pnp_hqs,wavelet,15.0,fixed15p0,0.8,0.5,0.0,0.15,vanilla,True,0,20,0.0734406219287754,11.340636539869388,0.18882011953437916,12,0.03129538627699587,15.045196836079697,0.5125593770088513,15.0,none
val_images_circle,circle,test009.png,8,upright,0.0,False,321,321,80892.0,0.7850467562675476,inpaint,pnp_hqs,wavelet,15.0,fixed15p0,0.8,0.5,0.0,0.15,vanilla,True,0,20,0.0734406219287754,11.340636539869388,0.18882011953437916,13,0.028668894680754894,15.425890508031683,0.5285331251854324,15.0,none
val_images_circle,circle,test009.png,8,upright,0.0,False,321,321,80892.0,0.7850467562675476,inpaint,pnp_hqs,wavelet,15.0,fixed15p0,0.8,0.5,0.0,0.15,vanilla,True,0,20,0.0734406219287754,11.340636539869388,0.18882011953437916,14,0.02615567561822399,15.824340573808794,0.5440724592666766,15.0,none
val_images_circle,circle,test009.png,8,upright,0.0,False,321,321,80892.0,0.7850467562675476,inpaint,pnp_hqs,wavelet,15.0,fixed15p0,0.8,0.5,0.0,0.15,vanilla,True,0,20,0.0734406219287754,11.340636539869388,0.18882011953437916,15,0.02374581159331269,16.244129823475454,0.5593481316137566,15.0,none
val_images_circle,circle,test009.png,8,upright,0.0,False,321,321,80892.0,0.7850467562675476,inpaint,pnp_hqs,wavelet,15.0,fixed15p0,0.8,0.5,0.0,0.15,vanilla,True,0,20,0.0734406219287754,11.340636539869388,0.18882011953437916,16,0.02142747464887597,16.690290100447047,0.574282202659101,15.0,none
val_images_circle,circle,test009.png,8,upright,0.0,False,321,321,80892.0,0.7850467562675476,inpaint,pnp_hqs,wavelet,15.0,fixed15p0,0.8,0.5,0.0,0.15,vanilla,True,0,20,0.0734406219287754,11.340636539869388,0.18882011953437916,17,0.019184723149384363,17.170444636307533,0.588906060704396,15.0,none
val_images_circle,circle,test009.png,8,upright,0.0,False,321,321,80892.0,0.7850467562675476,inpaint,pnp_hqs,wavelet,15.0,fixed15p0,0.8,0.5,0.0,0.15,vanilla,True,0,20,0.0734406219287754,11.340636539869388,0.18882011953437916,18,0.016989795047428206,17.698118601131707,0.6031327842988182,15.0,none
val_images_circle,circle,test009.png,8,upright,0.0,False,321,321,80892.0,0.7850467562675476,inpaint,pnp_hqs,wavelet,15.0,fixed15p0,0.8,0.5,0.0,0.15,vanilla,True,0,20,0.0734406219287754,11.340636539869388,0.18882011953437916,19,0.014753932374724941,18.310922114802622,0.6169463895533551,15.0,none
val_images_circle,circle,test009.png,8,upright,0.0,False,321,321,80892.0,0.7850467562675476,inpaint,pnp_hqs,wavelet,15.0,fixed15p0,0.8,0.5,0.0,0.15,vanilla,True,0,20,0.0734406219287754,11.340636539869388,0.18882011953437916,20,0.012238267137336665,19.122800712402842,0.6332160569802947,15.0,none
val_images_circle,circle,test009.png,8,upright,0.0,False,321,321,80892.0,0.7850467562675476,inpaint,pnp_hqs,wavelet,15.0,fixed15p0,0.8,0.5,0.0,0.15,G16_fixed,True,16,20,0.0734406219287754,11.340636539869388,0.18882011953437916,1,0.05858295725318944,12.322287090230583,0.34181652890582503,15.0,0;22.5;45;67.5;90;112.5;135;157.5;180;202.5;225;247.5;270;292.5;315;337.5
val_images_circle,circle,test009.png,8,upright,0.0,False,321,321,80892.0,0.7850467562675476,inpaint,pnp_hqs,wavelet,15.0,fixed15p0,0.8,0.5,0.0,0.15,G16_fixed,True,16,20,0.0734406219287754,11.340636539869388,0.18882011953437916,2,0.037403999482913945,14.270819576793752,0.474082969035875,15.0,0;22.5;45;67.5;90;112.5;135;157.5;180;202.5;225;247.5;270;292.5;315;337.5
val_images_circle,circle,test009.png,8,upright,0.0,False,321,321,80892.0,0.7850467562675476,inpaint,pnp_hqs,wavelet,15.0,fixed15p0,0.8,0.5,0.0,0.15,G16_fixed,True,16,20,0.0734406219287754,11.340636539869388,0.18882011953437916,3,0.025089001529431217,16.005166220208565,0.5075838965843347,15.0,0;22.5;45;67.5;90;112.5;135;157.5;180;202.5;225;247.5;270;292.5;315;337.5
val_images_circle,circle,test009.png,8,upright,0.0,False,321,321,80892.0,0.7850467562675476,inpaint,pnp_hqs,wavelet,15.0,fixed15p0,0.8,0.5,0.0,0.15,G16_fixed,True,16,20,0.0734406219287754,11.340636539869388,0.18882011953437916,4,0.01741819707574992,17.589967999928287,0.5326300711905998,15.0,0;22.5;45;67.5;90;112.5;135;157.5;180;202.5;225;247.5;270;292.5;315;337.5
val_images_circle,circle,test009.png,8,upright,0.0,False,321,321,80892.0,0.7850467562675476,inpaint,pnp_hqs,wavelet,15.0,fixed15p0,0.8,0.5,0.0,0.15,G16_fixed,True,16,20,0.0734406219287754,11.340636539869388,0.18882011953437916,5,0.01317309375946478,18.803122170749653,0.547129873009692,15.0,0;22.5;45;67.5;90;112.5;135;157.5;180;202.5;225;247.5;270;292.5;315;337.5
val_images_circle,circle,test009.png,8,upright,0.0,False,321,321,80892.0,0.7850467562675476,inpaint,pnp_hqs,wavelet,15.0,fixed15p0,0.8,0.5,0.0,0.15,G16_fixed,True,16,20,0.0734406219287754,11.340636539869388,0.18882011953437916,6,0.010832468857251412,19.65272550864398,0.5557227344793058,15.0,0;22.5;45;67.5;90;112.5;135;157.5;180;202.5;225;247.5;270;292.5;315;337.5
val_images_circle,circle,test009.png,8,upright,0.0,False,321,321,80892.0,0.7850467562675476,inpaint,pnp_hqs,wavelet,15.0,fixed15p0,0.8,0.5,0.0,0.15,G16_fixed,True,16,20,0.0734406219287754,11.340636539869388,0.18882011953437916,7,0.009533011276078366,20.207698932743185,0.560999494310315,15.0,0;22.5;45;67.5;90;112.5;135;157.5;180;202.5;225;247.5;270;292.5;315;337.5
val_images_circle,circle,test009.png,8,upright,0.0,False,321,321,80892.0,0.7850467562675476,inpaint,pnp_hqs,wavelet,15.0,fixed15p0,0.8,0.5,0.0,0.15,G16_fixed,True,16,20,0.0734406219287754,11.340636539869388,0.18882011953437916,8,0.008804883411292217,20.552763903119992,0.5643408031696583,15.0,0;22.5;45;67.5;90;112.5;135;157.5;180;202.5;225;247.5;270;292.5;315;337.5
val_images_circle,circle,test009.png,8,upright,0.0,False,321,321,80892.0,0.7850467562675476,inpaint,pnp_hqs,wavelet,15.0,fixed15p0,0.8,0.5,0.0,0.15,G16_fixed,True,16,20,0.0734406219287754,11.340636539869388,0.18882011953437916,9,0.008392223823508505,20.761229418761758,0.566528712666271,15.0,0;22.5;45;67.5;90;112.5;135;157.5;180;202.5;225;247.5;270;292.5;315;337.5
val_images_circle,circle,test009.png,8,upright,0.0,False,321,321,80892.0,0.7850467562675476,inpaint,pnp_hqs,wavelet,15.0,fixed15p0,0.8,0.5,0.0,0.15,G16_fixed,True,16,20,0.0734406219287754,11.340636539869388,0.18882011953437916,10,0.008155031632888991,20.885743500176368,0.5679979749233546,15.0,0;22.5;45;67.5;90;112.5;135;157.5;180;202.5;225;247.5;270;292.5;315;337.5
val_images_circle,circle,test009.png,8,upright,0.0,False,321,321,80892.0,0.7850467562675476,inpaint,pnp_hqs,wavelet,15.0,fixed15p0,0.8,0.5,0.0,0.15,G16_fixed,True,16,20,0.0734406219287754,11.340636539869388,0.18882011953437916,11,0.008016775218279079,20.96000293380236,0.5690006138586016,15.0,0;22.5;45;67.5;90;112.5;135;157.5;180;202.5;225;247.5;270;292.5;315;337.5
val_images_circle,circle,test009.png,8,upright,0.0,False,321,321,80892.0,0.7850467562675476,inpaint,pnp_hqs,wavelet,15.0,fixed15p0,0.8,0.5,0.0,0.15,G16_fixed,True,16,20,0.0734406219287754,11.340636539869388,0.18882011953437916,12,0.007934866841407756,21.00460356940269,0.5696965166518321,15.0,0;22.5;45;67.5;90;112.5;135;157.5;180;202.5;225;247.5;270;292.5;315;337.5
val_images_circle,circle,test009.png,8,upright,0.0,False,321,321,80892.0,0.7850467562675476,inpaint,pnp_hqs,wavelet,15.0,fixed15p0,0.8,0.5,0.0,0.15,G16_fixed,True,16,20,0.0734406219287754,11.340636539869388,0.18882011953437916,13,0.007885467238049653,21.03172568296423,0.5701853049436285,15.0,0;22.5;45;67.5;90;112.5;135;157.5;180;202.5;225;247.5;270;292.5;315;337.5
val_images_circle,circle,test009.png,8,upright,0.0,False,321,321,80892.0,0.7850467562675476,inpaint,pnp_hqs,wavelet,15.0,fixed15p0,0.8,0.5,0.0,0.15,G16_fixed,True,16,20,0.0734406219287754,11.340636539869388,0.18882011953437916,14,0.007855083211112116,21.04849209995693,0.5705320732427187,15.0,0;22.5;45;67.5;90;112.5;135;157.5;180;202.5;225;247.5;270;292.5;315;337.5
val_images_circle,circle,test009.png,8,upright,0.0,False,321,321,80892.0,0.7850467562675476,inpaint,pnp_hqs,wavelet,15.0,fixed15p0,0.8,0.5,0.0,0.15,G16_fixed,True,16,20,0.0734406219287754,11.340636539869388,0.18882011953437916,15,0.007835997463728645,21.05905713245044,0.5707811031993275,15.0,0;22.5;45;67.5;90;112.5;135;157.5;180;202.5;225;247.5;270;292.5;315;337.5
val_images_circle,circle,test009.png,8,upright,0.0,False,321,321,80892.0,0.7850467562675476,inpaint,pnp_hqs,wavelet,15.0,fixed15p0,0.8,0.5,0.0,0.15,G16_fixed,True,16,20,0.0734406219287754,11.340636539869388,0.18882011953437916,16,0.007823759798703442,21.065844915153153,0.5709615617891757,15.0,0;22.5;45;67.5;90;112.5;135;157.5;180;202.5;225;247.5;270;292.5;315;337.5
val_images_circle,circle,test009.png,8,upright,0.0,False,321,321,80892.0,0.7850467562675476,inpaint,pnp_hqs,wavelet,15.0,fixed15p0,0.8,0.5,0.0,0.15,G16_fixed,True,16,20,0.0734406219287754,11.340636539869388,0.18882011953437916,17,0.007815756536299944,21.07028977511942,0.5710930546283934,15.0,0;22.5;45;67.5;90;112.5;135;157.5;180;202.5;225;247.5;270;292.5;315;337.5
val_images_circle,circle,test009.png,8,upright,0.0,False,321,321,80892.0,0.7850467562675476,inpaint,pnp_hqs,wavelet,15.0,fixed15p0,0.8,0.5,0.0,0.15,G16_fixed,True,16,20,0.0734406219287754,11.340636539869388,0.18882011953437916,18,0.0078104092071160465,21.07326211738978,0.5711898271769767,15.0,0;22.5;45;67.5;90;112.5;135;157.5;180;202.5;225;247.5;270;292.5;315;337.5
val_images_circle,circle,test009.png,8,upright,0.0,False,321,321,80892.0,0.7850467562675476,inpaint,pnp_hqs,wavelet,15.0,fixed15p0,0.8,0.5,0.0,0.15,G16_fixed,True,16,20,0.0734406219287754,11.340636539869388,0.18882011953437916,19,0.007806767107783372,21.075287763562308,0.5712613442151263,15.0,0;22.5;45;67.5;90;112.5;135;157.5;180;202.5;225;247.5;270;292.5;315;337.5
val_images_circle,circle,test009.png,8,upright,0.0,False,321,321,80892.0,0.7850467562675476,inpaint,pnp_hqs,wavelet,15.0,fixed15p0,0.8,0.5,0.0,0.15,G16_fixed,True,16,20,0.0734406219287754,11.340636539869388,0.18882011953437916,20,0.007804232653327508,21.076697922567284,0.5713144145898235,15.0,0;22.5;45;67.5;90;112.5;135;157.5;180;202.5;225;247.5;270;292.5;315;337.5
val_images_circle,circle,test009.png,8,rot45_padded,45.0,False,321,321,80883.0,0.7849593758583069,inpaint,pnp_hqs,wavelet,15.0,fixed15p0,0.8,0.5,0.0,0.15,vanilla,False,0,20,0.07309448307083997,11.361154009123034,0.19206574330359902,1,0.06890074460370225,11.617760846884304,0.22077624373323196,15.0,none
val_images_circle,circle,test009.png,8,rot45_padded,45.0,False,321,321,80883.0,0.7849593758583069,inpaint,pnp_hqs,wavelet,15.0,fixed15p0,0.8,0.5,0.0,0.15,vanilla,False,0,20,0.07309448307083997,11.361154009123034,0.19206574330359902,2,0.0648121445000031,11.883436084016633,0.2571608304974469,15.0,none
val_images_circle,circle,test009.png,8,rot45_padded,45.0,False,321,321,80883.0,0.7849593758583069,inpaint,pnp_hqs,wavelet,15.0,fixed15p0,0.8,0.5,0.0,0.15,vanilla,False,0,20,0.07309448307083997,11.361154009123034,0.19206574330359902,3,0.060772026607878046,12.162962806850539,0.29578440077024837,15.0,none
val_images_circle,circle,test009.png,8,rot45_padded,45.0,False,321,321,80883.0,0.7849593758583069,inpaint,pnp_hqs,wavelet,15.0,fixed15p0,0.8,0.5,0.0,0.15,vanilla,False,0,20,0.07309448307083997,11.361154009123034,0.19206574330359902,4,0.056836063067177284,12.45376012507695,0.33194562284410817,15.0,none
val_images_circle,circle,test009.png,8,rot45_padded,45.0,False,321,321,80883.0,0.7849593758583069,inpaint,pnp_hqs,wavelet,15.0,fixed15p0,0.8,0.5,0.0,0.15,vanilla,False,0,20,0.07309448307083997,11.361154009123034,0.19206574330359902,5,0.053039213470383144,12.75402924799459,0.3661528989018088,15.0,none
val_images_circle,circle,test009.png,8,rot45_padded,45.0,False,321,321,80883.0,0.7849593758583069,inpaint,pnp_hqs,wavelet,15.0,fixed15p0,0.8,0.5,0.0,0.15,vanilla,False,0,20,0.07309448307083997,11.361154009123034,0.19206574330359902,6,0.04939901798257205,13.062816844567006,0.3963515635624915,15.0,none
val_images_circle,circle,test009.png,8,rot45_padded,45.0,False,321,321,80883.0,0.7849593758583069,inpaint,pnp_hqs,wavelet,15.0,fixed15p0,0.8,0.5,0.0,0.15,vanilla,False,0,20,0.07309448307083997,11.361154009123034,0.19206574330359902,7,0.04591966921935079,13.38001249023151,0.4211002988112459,15.0,none
val_images_circle,circle,test009.png,8,rot45_padded,45.0,False,321,321,80883.0,0.7849593758583069,inpaint,pnp_hqs,wavelet,15.0,fixed15p0,0.8,0.5,0.0,0.15,vanilla,False,0,20,0.07309448307083997,11.361154009123034,0.19206574330359902,8,0.042596346729226166,13.706276465163683,0.4421486900832066,15.0,none
val_images_circle,circle,test009.png,8,rot45_padded,45.0,False,321,321,80883.0,0.7849593758583069,inpaint,pnp_hqs,wavelet,15.0,fixed15p0,0.8,0.5,0.0,0.15,vanilla,False,0,20,0.07309448307083997,11.361154009123034,0.19206574330359902,9,0.03942278120865942,14.042527402552953,0.4613089856644783,15.0,none
val_images_circle,circle,test009.png,8,rot45_padded,45.0,False,321,321,80883.0,0.7849593758583069,inpaint,pnp_hqs,wavelet,15.0,fixed15p0,0.8,0.5,0.0,0.15,vanilla,False,0,20,0.07309448307083997,11.361154009123034,0.19206574330359902,10,0.03639356059157209,14.389754528054745,0.47934786976249644,15.0,none
val_images_circle,circle,test009.png,8,rot45_padded,45.0,False,321,321,80883.0,0.7849593758583069,inpaint,pnp_hqs,wavelet,15.0,fixed15p0,0.8,0.5,0.0,0.15,vanilla,False,0,20,0.07309448307083997,11.361154009123034,0.19206574330359902,11,0.033501135755118504,14.749404692670488,0.49652174089425466,15.0,none
val_images_circle,circle,test009.png,8,rot45_padded,45.0,False,321,321,80883.0,0.7849593758583069,inpaint,pnp_hqs,wavelet,15.0,fixed15p0,0.8,0.5,0.0,0.15,vanilla,False,0,20,0.07309448307083997,11.361154009123034,0.19206574330359902,12,0.030737939465802454,15.123252490231778,0.5130293332653338,15.0,none
val_images_circle,circle,test009.png,8,rot45_padded,45.0,False,321,321,80883.0,0.7849593758583069,inpaint,pnp_hqs,wavelet,15.0,fixed15p0,0.8,0.5,0.0,0.15,vanilla,False,0,20,0.07309448307083997,11.361154009123034,0.19206574330359902,13,0.028095885318144727,15.513572784746808,0.5292372064432576,15.0,none
val_images_circle,circle,test009.png,8,rot45_padded,45.0,False,321,321,80883.0,0.7849593758583069,inpaint,pnp_hqs,wavelet,15.0,fixed15p0,0.8,0.5,0.0,0.15,vanilla,False,0,20,0.07309448307083997,11.361154009123034,0.19206574330359902,14,0.025568779469650606,15.922900026051476,0.5451333832511158,15.0,none
val_images_circle,circle,test009.png,8,rot45_padded,45.0,False,321,321,80883.0,0.7849593758583069,inpaint,pnp_hqs,wavelet,15.0,fixed15p0,0.8,0.5,0.0,0.15,vanilla,False,0,20,0.07309448307083997,11.361154009123034,0.19206574330359902,15,0.02314690404706876,16.3550708867147,0.5607208096880679,15.0,none
val_images_circle,circle,test009.png,8,rot45_padded,45.0,False,321,321,80883.0,0.7849593758583069,inpaint,pnp_hqs,wavelet,15.0,fixed15p0,0.8,0.5,0.0,0.15,vanilla,False,0,20,0.07309448307083997,11.361154009123034,0.19206574330359902,16,0.020818810100797603,16.815440962195865,0.5758544073692865,15.0,none
val_images_circle,circle,test009.png,8,rot45_padded,45.0,False,321,321,80883.0,0.7849593758583069,inpaint,pnp_hqs,wavelet,15.0,fixed15p0,0.8,0.5,0.0,0.15,vanilla,False,0,20,0.07309448307083997,11.361154009123034,0.19206574330359902,17,0.018559236291734667,17.3143989886659,0.5903518624123735,15.0,none
val_images_circle,circle,test009.png,8,rot45_padded,45.0,False,321,321,80883.0,0.7849593758583069,inpaint,pnp_hqs,wavelet,15.0,fixed15p0,0.8,0.5,0.0,0.15,vanilla,False,0,20,0.07309448307083997,11.361154009123034,0.19206574330359902,18,0.016298987860938023,17.87839363697724,0.6046619808859711,15.0,none
val_images_circle,circle,test009.png,8,rot45_padded,45.0,False,321,321,80883.0,0.7849593758583069,inpaint,pnp_hqs,wavelet,15.0,fixed15p0,0.8,0.5,0.0,0.15,vanilla,False,0,20,0.07309448307083997,11.361154009123034,0.19206574330359902,19,0.013815202688605763,18.596427389850895,0.6204657209333234,15.0,none
val_images_circle,circle,test009.png,8,rot45_padded,45.0,False,321,321,80883.0,0.7849593758583069,inpaint,pnp_hqs,wavelet,15.0,fixed15p0,0.8,0.5,0.0,0.15,vanilla,False,0,20,0.07309448307083997,11.361154009123034,0.19206574330359902,20,0.011493686681543479,19.395406459296048,0.636053775206162,15.0,none
val_images_circle,circle,test009.png,8,rot45_padded,45.0,False,321,321,80883.0,0.7849593758583069,inpaint,pnp_hqs,wavelet,15.0,fixed15p0,0.8,0.5,0.0,0.15,G16_fixed,False,16,20,0.07309448307083997,11.361154009123034,0.19206574330359902,1,0.06854440547998343,11.64027986072468,0.22434353479717617,15.0,0;22.5;45;67.5;90;112.5;135;157.5;180;202.5;225;247.5;270;292.5;315;337.5
val_images_circle,circle,test009.png,8,rot45_padded,45.0,False,321,321,80883.0,0.7849593758583069,inpaint,pnp_hqs,wavelet,15.0,fixed15p0,0.8,0.5,0.0,0.15,G16_fixed,False,16,20,0.07309448307083997,11.361154009123034,0.19206574330359902,2,0.06407409926800131,11.933174902656262,0.26623472523583447,15.0,0;22.5;45;67.5;90;112.5;135;157.5;180;202.5;225;247.5;270;292.5;315;337.5
val_images_circle,circle,test009.png,8,rot45_padded,45.0,False,321,321,80883.0,0.7849593758583069,inpaint,pnp_hqs,wavelet,15.0,fixed15p0,0.8,0.5,0.0,0.15,G16_fixed,False,16,20,0.07309448307083997,11.361154009123034,0.19206574330359902,3,0.059625344730196705,12.24569097025383,0.31565400601795185,15.0,0;22.5;45;67.5;90;112.5;135;157.5;180;202.5;225;247.5;270;292.5;315;337.5
val_images_circle,circle,test009.png,8,rot45_padded,45.0,False,321,321,80883.0,0.7849593758583069,inpaint,pnp_hqs,wavelet,15.0,fixed15p0,0.8,0.5,0.0,0.15,G16_fixed,False,16,20,0.07309448307083997,11.361154009123034,0.19206574330359902,4,0.055247469241836974,12.576876112080704,0.3664625427314763,15.0,0;22.5;45;67.5;90;112.5;135;157.5;180;202.5;225;247.5;270;292.5;315;337.5
val_images_circle,circle,test009.png,8,rot45_padded,45.0,False,321,321,80883.0,0.7849593758583069,inpaint,pnp_hqs,wavelet,15.0,fixed15p0,0.8,0.5,0.0,0.15,G16_fixed,False,16,20,0.07309448307083997,11.361154009123034,0.19206574330359902,5,0.05098116139786791,12.925902751252828,0.4108133044026557,15.0,0;22.5;45;67.5;90;112.5;135;157.5;180;202.5;225;247.5;270;292.5;315;337.5
val_images_circle,circle,test009.png,8,rot45_padded,45.0,False,321,321,80883.0,0.7849593758583069,inpaint,pnp_hqs,wavelet,15.0,fixed15p0,0.8,0.5,0.0,0.15,G16_fixed,False,16,20,0.07309448307083997,11.361154009123034,0.19206574330359902,6,0.04684982015882509,13.292920718878314,0.44621750128271703,15.0,0;22.5;45;67.5;90;112.5;135;157.5;180;202.5;225;247.5;270;292.5;315;337.5
val_images_circle,circle,test009.png,8,rot45_padded,45.0,False,321,321,80883.0,0.7849593758583069,inpaint,pnp_hqs,wavelet,15.0,fixed15p0,0.8,0.5,0.0,0.15,G16_fixed,False,16,20,0.07309448307083997,11.361154009123034,0.19206574330359902,7,0.04286426361998195,13.679046327683547,0.47524674916237036,15.0,0;22.5;45;67.5;90;112.5;135;157.5;180;202.5;225;247.5;270;292.5;315;337.5
val_images_circle,circle,test009.png,8,rot45_padded,45.0,False,321,321,80883.0,0.7849593758583069,inpaint,pnp_hqs,wavelet,15.0,fixed15p0,0.8,0.5,0.0,0.15,G16_fixed,False,16,20,0.07309448307083997,11.361154009123034,0.19206574330359902,8,0.03902720234204035,14.086325799245387,0.5007192101554097,15.0,0;22.5;45;67.5;90;112.5;135;157.5;180;202.5;225;247.5;270;292.5;315;337.5
val_images_circle,circle,test009.png,8,rot45_padded,45.0,False,321,321,80883.0,0.7849593758583069,inpaint,pnp_hqs,wavelet,15.0,fixed15p0,0.8,0.5,0.0,0.15,G16_fixed,False,16,20,0.07309448307083997,11.361154009123034,0.19206574330359902,9,0.03533578389753564,14.517852697490648,0.5243012089994189,15.0,0;22.5;45;67.5;90;112.5;135;157.5;180;202.5;225;247.5;270;292.5;315;337.5
val_images_circle,circle,test009.png,8,rot45_padded,45.0,False,321,321,80883.0,0.7849593758583069,inpaint,pnp_hqs,wavelet,15.0,fixed15p0,0.8,0.5,0.0,0.15,G16_fixed,False,16,20,0.07309448307083997,11.361154009123034,0.19206574330359902,10,0.03178584887372037,14.97766185798734,0.5467931398594266,15.0,0;22.5;45;67.5;90;112.5;135;157.5;180;202.5;225;247.5;270;292.5;315;337.5
val_images_circle,circle,test009.png,8,rot45_padded,45.0,False,321,321,80883.0,0.7849593758583069,inpaint,pnp_hqs,wavelet,15.0,fixed15p0,0.8,0.5,0.0,0.15,G16_fixed,False,16,20,0.07309448307083997,11.361154009123034,0.19206574330359902,11,0.028373313318891175,15.470899461184846,0.5684471512864261,15.0,0;22.5;45;67.5;90;112.5;135;157.5;180;202.5;225;247.5;270;292.5;315;337.5
val_images_circle,circle,test009.png,8,rot45_padded,45.0,False,321,321,80883.0,0.7849593758583069,inpaint,pnp_hqs,wavelet,15.0,fixed15p0,0.8,0.5,0.0,0.15,G16_fixed,False,16,20,0.07309448307083997,11.361154009123034,0.19206574330359902,12,0.025092108655886434,16.004628405134003,0.5891560282290469,15.0,0;22.5;45;67.5;90;112.5;135;157.5;180;202.5;225;247.5;270;292.5;315;337.5
val_images_circle,circle,test009.png,8,rot45_padded,45.0,False,321,321,80883.0,0.7849593758583069,inpaint,pnp_hqs,wavelet,15.0,fixed15p0,0.8,0.5,0.0,0.15,G16_fixed,False,16,20,0.07309448307083997,11.361154009123034,0.19206574330359902,13,0.021932741885366053,16.589070723238752,0.6085417651886058,15.0,0;22.5;45;67.5;90;112.5;135;157.5;180;202.5;225;247.5;270;292.5;315;337.5
val_images_circle,circle,test009.png,8,rot45_padded,45.0,False,321,321,80883.0,0.7849593758583069,inpaint,pnp_hqs,wavelet,15.0,fixed15p0,0.8,0.5,0.0,0.15,G16_fixed,False,16,20,0.07309448307083997,11.361154009123034,0.19206574330359902,14,0.01887471326010642,17.241196373411277,0.6261038803735025,15.0,0;22.5;45;67.5;90;112.5;135;157.5;180;202.5;225;247.5;270;292.5;315;337.5
val_images_circle,circle,test009.png,8,rot45_padded,45.0,False,321,321,80883.0,0.7849593758583069,inpaint,pnp_hqs,wavelet,15.0,fixed15p0,0.8,0.5,0.0,0.15,G16_fixed,False,16,20,0.07309448307083997,11.361154009123034,0.19206574330359902,15,0.01585954047097737,17.997094004868924,0.6421076102982085,15.0,0;22.5;45;67.5;90;112.5;135;157.5;180;202.5;225;247.5;270;292.5;315;337.5
val_images_circle,circle,test009.png,8,rot45_padded,45.0,False,321,321,80883.0,0.7849593758583069,inpaint,pnp_hqs,wavelet,15.0,fixed15p0,0.8,0.5,0.0,0.15,G16_fixed,False,16,20,0.07309448307083997,11.361154009123034,0.19206574330359902,16,0.01257680998566216,19.004295004891745,0.6585393311171692,15.0,0;22.5;45;67.5;90;112.5;135;157.5;180;202.5;225;247.5;270;292.5;315;337.5
val_images_circle,circle,test009.png,8,rot45_padded,45.0,False,321,321,80883.0,0.7849593758583069,inpaint,pnp_hqs,wavelet,15.0,fixed15p0,0.8,0.5,0.0,0.15,G16_fixed,False,16,20,0.07309448307083997,11.361154009123034,0.19206574330359902,17,0.009851411378694766,20.065015451299026,0.6688526946329884,15.0,0;22.5;45;67.5;90;112.5;135;157.5;180;202.5;225;247.5;270;292.5;315;337.5
val_images_circle,circle,test009.png,8,rot45_padded,45.0,False,321,321,80883.0,0.7849593758583069,inpaint,pnp_hqs,wavelet,15.0,fixed15p0,0.8,0.5,0.0,0.15,G16_fixed,False,16,20,0.07309448307083997,11.361154009123034,0.19206574330359902,18,0.007873834736594835,21.03813704828763,0.6760152879004241,15.0,0;22.5;45;67.5;90;112.5;135;157.5;180;202.5;225;247.5;270;292.5;315;337.5
val_images_circle,circle,test009.png,8,rot45_padded,45.0,False,321,321,80883.0,0.7849593758583069,inpaint,pnp_hqs,wavelet,15.0,fixed15p0,0.8,0.5,0.0,0.15,G16_fixed,False,16,20,0.07309448307083997,11.361154009123034,0.19206574330359902,19,0.006585510215421118,21.814105722347563,0.6819035192036645,15.0,0;22.5;45;67.5;90;112.5;135;157.5;180;202.5;225;247.5;270;292.5;315;337.5
val_images_circle,circle,test009.png,8,rot45_padded,45.0,False,321,321,80883.0,0.7849593758583069,inpaint,pnp_hqs,wavelet,15.0,fixed15p0,0.8,0.5,0.0,0.15,G16_fixed,False,16,20,0.07309448307083997,11.361154009123034,0.19206574330359902,20,0.0057993766784950945,22.366186822365982,0.6863470035421535,15.0,0;22.5;45;67.5;90;112.5;135;157.5;180;202.5;225;247.5;270;292.5;315;337.5
val_images_circle,circle,test010.png,9,upright,0.0,False,321,321,80892.0,0.7850467562675476,inpaint,pnp_hqs,wavelet,15.0,fixed15p0,0.8,0.5,0.0,0.15,vanilla,True,0,20,0.10257698198292167,9.889500828823245,0.07698906943440019,1,0.09729294851661784,10.119186348734432,0.08180081761214027,15.0,none
val_images_circle,circle,test010.png,9,upright,0.0,False,321,321,80892.0,0.7850467562675476,inpaint,pnp_hqs,wavelet,15.0,fixed15p0,0.8,0.5,0.0,0.15,vanilla,True,0,20,0.10257698198292167,9.889500828823245,0.07698906943440019,2,0.09202146433477662,10.361108601012903,0.08791889258015317,15.0,none
val_images_circle,circle,test010.png,9,upright,0.0,False,321,321,80892.0,0.7850467562675476,inpaint,pnp_hqs,wavelet,15.0,fixed15p0,0.8,0.5,0.0,0.15,vanilla,True,0,20,0.10257698198292167,9.889500828823245,0.07698906943440019,3,0.08671716126903772,10.618949474266664,0.09501661455242792,15.0,none
val_images_circle,circle,test010.png,9,upright,0.0,False,321,321,80892.0,0.7850467562675476,inpaint,pnp_hqs,wavelet,15.0,fixed15p0,0.8,0.5,0.0,0.15,vanilla,True,0,20,0.10257698198292167,9.889500828823245,0.07698906943440019,4,0.08142370527601617,10.89249138454858,0.10307378636407184,15.0,none
val_images_circle,circle,test010.png,9,upright,0.0,False,321,321,80892.0,0.7850467562675476,inpaint,pnp_hqs,wavelet,15.0,fixed15p0,0.8,0.5,0.0,0.15,vanilla,True,0,20,0.10257698198292167,9.889500828823245,0.07698906943440019,5,0.07617471201957549,11.181891789634532,0.11222724290180117,15.0,none
val_images_circle,circle,test010.png,9,upright,0.0,False,321,321,80892.0,0.7850467562675476,inpaint,pnp_hqs,wavelet,15.0,fixed15p0,0.8,0.5,0.0,0.15,vanilla,True,0,20,0.10257698198292167,9.889500828823245,0.07698906943440019,6,0.07099159797940464,11.487930480006966,0.12273354731462938,15.0,none
val_images_circle,circle,test010.png,9,upright,0.0,False,321,321,80892.0,0.7850467562675476,inpaint,pnp_hqs,wavelet,15.0,fixed15p0,0.8,0.5,0.0,0.15,vanilla,True,0,20,0.10257698198292167,9.889500828823245,0.07698906943440019,7,0.0658859828633394,11.812069710299308,0.13492747998488724,15.0,none
val_images_circle,circle,test010.png,9,upright,0.0,False,321,321,80892.0,0.7850467562675476,inpaint,pnp_hqs,wavelet,15.0,fixed15p0,0.8,0.5,0.0,0.15,vanilla,True,0,20,0.10257698198292167,9.889500828823245,0.07698906943440019,8,0.06086890086666481,12.156045403999759,0.14913442894924714,15.0,none
val_images_circle,circle,test010.png,9,upright,0.0,False,321,321,80892.0,0.7850467562675476,inpaint,pnp_hqs,wavelet,15.0,fixed15p0,0.8,0.5,0.0,0.15,vanilla,True,0,20,0.10257698198292167,9.889500828823245,0.07698906943440019,9,0.05595198376964038,12.521845110134667,0.1656835850578549,15.0,none
val_images_circle,circle,test010.png,9,upright,0.0,False,321,321,80892.0,0.7850467562675476,inpaint,pnp_hqs,wavelet,15.0,fixed15p0,0.8,0.5,0.0,0.15,vanilla,True,0,20,0.10257698198292167,9.889500828823245,0.07698906943440019,10,0.05114688749737304,12.911807897884696,0.18507481908748702,15.0,none
val_images_circle,circle,test010.png,9,upright,0.0,False,321,321,80892.0,0.7850467562675476,inpaint,pnp_hqs,wavelet,15.0,fixed15p0,0.8,0.5,0.0,0.15,vanilla,True,0,20,0.10257698198292167,9.889500828823245,0.07698906943440019,11,0.046463804193593,13.32885235503288,0.2080339855146368,15.0,none
val_images_circle,circle,test010.png,9,upright,0.0,False,321,321,80892.0,0.7850467562675476,inpaint,pnp_hqs,wavelet,15.0,fixed15p0,0.8,0.5,0.0,0.15,vanilla,True,0,20,0.10257698198292167,9.889500828823245,0.07698906943440019,12,0.04191557589903822,13.77624562475413,0.23533825868905453,15.0,none
val_images_circle,circle,test010.png,9,upright,0.0,False,321,321,80892.0,0.7850467562675476,inpaint,pnp_hqs,wavelet,15.0,fixed15p0,0.8,0.5,0.0,0.15,vanilla,True,0,20,0.10257698198292167,9.889500828823245,0.07698906943440019,13,0.03751717241912828,14.257699008112139,0.2672650629079513,15.0,none
val_images_circle,circle,test010.png,9,upright,0.0,False,321,321,80892.0,0.7850467562675476,inpaint,pnp_hqs,wavelet,15.0,fixed15p0,0.8,0.5,0.0,0.15,vanilla,True,0,20,0.10257698198292167,9.889500828823245,0.07698906943440019,14,0.03328142372217741,14.777981036114818,0.30342001623306386,15.0,none
val_images_circle,circle,test010.png,9,upright,0.0,False,321,321,80892.0,0.7850467562675476,inpaint,pnp_hqs,wavelet,15.0,fixed15p0,0.8,0.5,0.0,0.15,vanilla,True,0,20,0.10257698198292167,9.889500828823245,0.07698906943440019,15,0.029218890160839454,15.343362841641143,0.34242283017016517,15.0,none
val_images_circle,circle,test010.png,9,upright,0.0,False,321,321,80892.0,0.7850467562675476,inpaint,pnp_hqs,wavelet,15.0,fixed15p0,0.8,0.5,0.0,0.15,vanilla,True,0,20,0.10257698198292167,9.889500828823245,0.07698906943440019,16,0.02533410191211739,15.962944867364408,0.38268206953407014,15.0,none
val_images_circle,circle,test010.png,9,upright,0.0,False,321,321,80892.0,0.7850467562675476,inpaint,pnp_hqs,wavelet,15.0,fixed15p0,0.8,0.5,0.0,0.15,vanilla,True,0,20,0.10257698198292167,9.889500828823245,0.07698906943440019,17,0.02162302678648692,16.650835136823382,0.42398627375080356,15.0,none
val_images_circle,circle,test010.png,9,upright,0.0,False,321,321,80892.0,0.7850467562675476,inpaint,pnp_hqs,wavelet,15.0,fixed15p0,0.8,0.5,0.0,0.15,vanilla,True,0,20,0.10257698198292167,9.889500828823245,0.07698906943440019,18,0.01805794046286252,17.43331783181905,0.46675563560055383,15.0,none
val_images_circle,circle,test010.png,9,upright,0.0,False,321,321,80892.0,0.7850467562675476,inpaint,pnp_hqs,wavelet,15.0,fixed15p0,0.8,0.5,0.0,0.15,vanilla,True,0,20,0.10257698198292167,9.889500828823245,0.07698906943440019,19,0.014523075942981847,18.37941391653307,0.5110141067719923,15.0,none
val_images_circle,circle,test010.png,9,upright,0.0,False,321,321,80892.0,0.7850467562675476,inpaint,pnp_hqs,wavelet,15.0,fixed15p0,0.8,0.5,0.0,0.15,vanilla,True,0,20,0.10257698198292167,9.889500828823245,0.07698906943440019,20,0.010773944010609826,19.67625285699882,0.5554486421710428,15.0,none
val_images_circle,circle,test010.png,9,upright,0.0,False,321,321,80892.0,0.7850467562675476,inpaint,pnp_hqs,wavelet,15.0,fixed15p0,0.8,0.5,0.0,0.15,G16_fixed,True,16,20,0.10257698198292167,9.889500828823245,0.07698906943440019,1,0.0855784480097692,10.676355938383555,0.10265848291549226,15.0,0;22.5;45;67.5;90;112.5;135;157.5;180;202.5;225;247.5;270;292.5;315;337.5
val_images_circle,circle,test010.png,9,upright,0.0,False,321,321,80892.0,0.7850467562675476,inpaint,pnp_hqs,wavelet,15.0,fixed15p0,0.8,0.5,0.0,0.15,G16_fixed,True,16,20,0.10257698198292167,9.889500828823245,0.07698906943440019,2,0.06647287770654083,11.773555195857417,0.17694156686152523,15.0,0;22.5;45;67.5;90;112.5;135;157.5;180;202.5;225;247.5;270;292.5;315;337.5
val_images_circle,circle,test010.png,9,upright,0.0,False,321,321,80892.0,0.7850467562675476,inpaint,pnp_hqs,wavelet,15.0,fixed15p0,0.8,0.5,0.0,0.15,G16_fixed,True,16,20,0.10257698198292167,9.889500828823245,0.07698906943440019,3,0.0416017954977779,13.808879251917725,0.46025236580873263,15.0,0;22.5;45;67.5;90;112.5;135;157.5;180;202.5;225;247.5;270;292.5;315;337.5
val_images_circle,circle,test010.png,9,upright,0.0,False,321,321,80892.0,0.7850467562675476,inpaint,pnp_hqs,wavelet,15.0,fixed15p0,0.8,0.5,0.0,0.15,G16_fixed,True,16,20,0.10257698198292167,9.889500828823245,0.07698906943440019,4,0.025508771774789225,15.933104517889953,0.5392525682391337,15.0,0;22.5;45;67.5;90;112.5;135;157.5;180;202.5;225;247.5;270;292.5;315;337.5
val_images_circle,circle,test010.png,9,upright,0.0,False,321,321,80892.0,0.7850467562675476,inpaint,pnp_hqs,wavelet,15.0,fixed15p0,0.8,0.5,0.0,0.15,G16_fixed,True,16,20,0.10257698198292167,9.889500828823245,0.07698906943440019,5,0.01603995033018562,17.947969808997172,0.5712926359374227,15.0,0;22.5;45;67.5;90;112.5;135;157.5;180;202.5;225;247.5;270;292.5;315;337.5
val_images_circle,circle,test010.png,9,upright,0.0,False,321,321,80892.0,0.7850467562675476,inpaint,pnp_hqs,wavelet,15.0,fixed15p0,0.8,0.5,0.0,0.15,G16_fixed,True,16,20,0.10257698198292167,9.889500828823245,0.07698906943440019,6,0.010893504013501412,19.628324022502458,0.5847977183312317,15.0,0;22.5;45;67.5;90;112.5;135;157.5;180;202.5;225;247.5;270;292.5;315;337.5
val_images_circle,circle,test010.png,9,upright,0.0,False,321,321,80892.0,0.7850467562675476,inpaint,pnp_hqs,wavelet,15.0,fixed15p0,0.8,0.5,0.0,0.15,G16_fixed,True,16,20,0.10257698198292167,9.889500828823245,0.07698906943440019,7,0.008084584513292027,20.923422946470318,0.5911300908927953,15.0,0;22.5;45;67.5;90;112.5;135;157.5;180;202.5;225;247.5;270;292.5;315;337.5
val_images_circle,circle,test010.png,9,upright,0.0,False,321,321,80892.0,0.7850467562675476,inpaint,pnp_hqs,wavelet,15.0,fixed15p0,0.8,0.5,0.0,0.15,G16_fixed,True,16,20,0.10257698198292167,9.889500828823245,0.07698906943440019,8,0.0065354186562020964,21.84726586468349,0.594791029242694,15.0,0;22.5;45;67.5;90;112.5;135;157.5;180;202.5;225;247.5;270;292.5;315;337.5
val_images_circle,circle,test010.png,9,upright,0.0,False,321,321,80892.0,0.7850467562675476,inpaint,pnp_hqs,wavelet,15.0,fixed15p0,0.8,0.5,0.0,0.15,G16_fixed,True,16,20,0.10257698198292167,9.889500828823245,0.07698906943440019,9,0.005667648311657055,22.465971063860067,0.5973676707832666,15.0,0;22.5;45;67.5;90;112.5;135;157.5;180;202.5;225;247.5;270;292.5;315;337.5
val_images_circle,circle,test010.png,9,upright,0.0,False,321,321,80892.0,0.7850467562675476,inpaint,pnp_hqs,wavelet,15.0,fixed15p0,0.8,0.5,0.0,0.15,G16_fixed,True,16,20,0.10257698198292167,9.889500828823245,0.07698906943440019,10,0.005171097074141873,22.864173093815875,0.5994687071187509,15.0,0;22.5;45;67.5;90;112.5;135;157.5;180;202.5;225;247.5;270;292.5;315;337.5
val_images_circle,circle,test010.png,9,upright,0.0,False,321,321,80892.0,0.7850467562675476,inpaint,pnp_hqs,wavelet,15.0,fixed15p0,0.8,0.5,0.0,0.15,G16_fixed,True,16,20,0.10257698198292167,9.889500828823245,0.07698906943440019,11,0.004879613684975994,23.116145593752222,0.6012615103316769,15.0,0;22.5;45;67.5;90;112.5;135;157.5;180;202.5;225;247.5;270;292.5;315;337.5
val_images_circle,circle,test010.png,9,upright,0.0,False,321,321,80892.0,0.7850467562675476,inpaint,pnp_hqs,wavelet,15.0,fixed15p0,0.8,0.5,0.0,0.15,G16_fixed,True,16,20,0.10257698198292167,9.889500828823245,0.07698906943440019,12,0.0047031823802299675,23.276081798353108,0.6028306356778174,15.0,0;22.5;45;67.5;90;112.5;135;157.5;180;202.5;225;247.5;270;292.5;315;337.5
val_images_circle,circle,test010.png,9,upright,0.0,False,321,321,80892.0,0.7850467562675476,inpaint,pnp_hqs,wavelet,15.0,fixed15p0,0.8,0.5,0.0,0.15,G16_fixed,True,16,20,0.10257698198292167,9.889500828823245,0.07698906943440019,13,0.00459282910948201,23.379197135608898,0.6041801394915443,15.0,0;22.5;45;67.5;90;112.5;135;157.5;180;202.5;225;247.5;270;292.5;315;337.5
val_images_circle,circle,test010.png,9,upright,0.0,False,321,321,80892.0,0.7850467562675476,inpaint,pnp_hqs,wavelet,15.0,fixed15p0,0.8,0.5,0.0,0.15,G16_fixed,True,16,20,0.10257698198292167,9.889500828823245,0.07698906943440019,14,0.004521470144630534,23.447203324695902,0.6053148990320427,15.0,0;22.5;45;67.5;90;112.5;135;157.5;180;202.5;225;247.5;270;292.5;315;337.5
val_images_circle,circle,test010.png,9,upright,0.0,False,321,321,80892.0,0.7850467562675476,inpaint,pnp_hqs,wavelet,15.0,fixed15p0,0.8,0.5,0.0,0.15,G16_fixed,True,16,20,0.10257698198292167,9.889500828823245,0.07698906943440019,15,0.004473757662488063,23.4932754475764,0.6062597352024922,15.0,0;22.5;45;67.5;90;112.5;135;157.5;180;202.5;225;247.5;270;292.5;315;337.5
val_images_circle,circle,test010.png,9,upright,0.0,False,321,321,80892.0,0.7850467562675476,inpaint,pnp_hqs,wavelet,15.0,fixed15p0,0.8,0.5,0.0,0.15,G16_fixed,True,16,20,0.10257698198292167,9.889500828823245,0.07698906943440019,16,0.004440933119641776,23.52525767242725,0.6070309216300747,15.0,0;22.5;45;67.5;90;112.5;135;157.5;180;202.5;225;247.5;270;292.5;315;337.5
val_images_circle,circle,test010.png,9,upright,0.0,False,321,321,80892.0,0.7850467562675476,inpaint,pnp_hqs,wavelet,15.0,fixed15p0,0.8,0.5,0.0,0.15,G16_fixed,True,16,20,0.10257698198292167,9.889500828823245,0.07698906943440019,17,0.004417790660623308,23.54794867253659,0.6076519753962073,15.0,0;22.5;45;67.5;90;112.5;135;157.5;180;202.5;225;247.5;270;292.5;315;337.5
val_images_circle,circle,test010.png,9,upright,0.0,False,321,321,80892.0,0.7850467562675476,inpaint,pnp_hqs,wavelet,15.0,fixed15p0,0.8,0.5,0.0,0.15,G16_fixed,True,16,20,0.10257698198292167,9.889500828823245,0.07698906943440019,18,0.004401131470408655,23.564356580173307,0.6081490212258319,15.0,0;22.5;45;67.5;90;112.5;135;157.5;180;202.5;225;247.5;270;292.5;315;337.5
val_images_circle,circle,test010.png,9,upright,0.0,False,321,321,80892.0,0.7850467562675476,inpaint,pnp_hqs,wavelet,15.0,fixed15p0,0.8,0.5,0.0,0.15,G16_fixed,True,16,20,0.10257698198292167,9.889500828823245,0.07698906943440019,19,0.004388938322445939,23.576405222330852,0.6085433065847056,15.0,0;22.5;45;67.5;90;112.5;135;157.5;180;202.5;225;247.5;270;292.5;315;337.5
val_images_circle,circle,test010.png,9,upright,0.0,False,321,321,80892.0,0.7850467562675476,inpaint,pnp_hqs,wavelet,15.0,fixed15p0,0.8,0.5,0.0,0.15,G16_fixed,True,16,20,0.10257698198292167,9.889500828823245,0.07698906943440019,20,0.004379905131393362,23.585352961987706,0.6088541956404836,15.0,0;22.5;45;67.5;90;112.5;135;157.5;180;202.5;225;247.5;270;292.5;315;337.5
val_images_circle,circle,test010.png,9,rot45_padded,45.0,False,321,321,80883.0,0.7849593758583069,inpaint,pnp_hqs,wavelet,15.0,fixed15p0,0.8,0.5,0.0,0.15,vanilla,False,0,20,0.10283316739147905,9.87866787170724,0.08078445244597134,1,0.09759612264010979,10.1056743591378,0.08565515495762398,15.0,none
val_images_circle,circle,test010.png,9,rot45_padded,45.0,False,321,321,80883.0,0.7849593758583069,inpaint,pnp_hqs,wavelet,15.0,fixed15p0,0.8,0.5,0.0,0.15,vanilla,False,0,20,0.10283316739147905,9.87866787170724,0.08078445244597134,2,0.09236276642457315,10.345030676893145,0.09190788725110653,15.0,none
val_images_circle,circle,test010.png,9,rot45_padded,45.0,False,321,321,80883.0,0.7849593758583069,inpaint,pnp_hqs,wavelet,15.0,fixed15p0,0.8,0.5,0.0,0.15,vanilla,False,0,20,0.10283316739147905,9.87866787170724,0.08078445244597134,3,0.08709567006702583,10.600034352649006,0.09916579687248865,15.0,none
val_images_circle,circle,test010.png,9,rot45_padded,45.0,False,321,321,80883.0,0.7849593758583069,inpaint,pnp_hqs,wavelet,15.0,fixed15p0,0.8,0.5,0.0,0.15,vanilla,False,0,20,0.10283316739147905,9.87866787170724,0.08078445244597134,4,0.08183767129294783,10.8704673705508,0.10739404496695845,15.0,none
val_images_circle,circle,test010.png,9,rot45_padded,45.0,False,321,321,80883.0,0.7849593758583069,inpaint,pnp_hqs,wavelet,15.0,fixed15p0,0.8,0.5,0.0,0.15,vanilla,False,0,20,0.10283316739147905,9.87866787170724,0.08078445244597134,5,0.07662146586350037,11.156495436823622,0.1167255214515102,15.0,none
val_images_circle,circle,test010.png,9,rot45_padded,45.0,False,321,321,80883.0,0.7849593758583069,inpaint,pnp_hqs,wavelet,15.0,fixed15p0,0.8,0.5,0.0,0.15,vanilla,False,0,20,0.10283316739147905,9.87866787170724,0.08078445244597134,6,0.07146894955522173,11.458826010767165,0.12737820611639653,15.0,none
val_images_circle,circle,test010.png,9,rot45_padded,45.0,False,321,321,80883.0,0.7849593758583069,inpaint,pnp_hqs,wavelet,15.0,fixed15p0,0.8,0.5,0.0,0.15,vanilla,False,0,20,0.10283316739147905,9.87866787170724,0.08078445244597134,7,0.06639436941322652,11.778687494941982,0.13964007037943696,15.0,none
val_images_circle,circle,test010.png,9,rot45_padded,45.0,False,321,321,80883.0,0.7849593758583069,inpaint,pnp_hqs,wavelet,15.0,fixed15p0,0.8,0.5,0.0,0.15,vanilla,False,0,20,0.10283316739147905,9.87866787170724,0.08078445244597134,8,0.06140828394679661,12.117730387984231,0.15383985876976622,15.0,none
val_images_circle,circle,test010.png,9,rot45_padded,45.0,False,321,321,80883.0,0.7849593758583069,inpaint,pnp_hqs,wavelet,15.0,fixed15p0,0.8,0.5,0.0,0.15,vanilla,False,0,20,0.10283316739147905,9.87866787170724,0.08078445244597134,9,0.056520792862066196,12.47791754587012,0.1704406364749082,15.0,none
val_images_circle,circle,test010.png,9,rot45_padded,45.0,False,321,321,80883.0,0.7849593758583069,inpaint,pnp_hqs,wavelet,15.0,fixed15p0,0.8,0.5,0.0,0.15,vanilla,False,0,20,0.10283316739147905,9.87866787170724,0.08078445244597134,10,0.05174348093851613,12.861443583496994,0.18996176865812348,15.0,none
val_images_circle,circle,test010.png,9,rot45_padded,45.0,False,321,321,80883.0,0.7849593758583069,inpaint,pnp_hqs,wavelet,15.0,fixed15p0,0.8,0.5,0.0,0.15,vanilla,False,0,20,0.10283316739147905,9.87866787170724,0.08078445244597134,11,0.047087800144189756,13.270915985263994,0.2130173754064513,15.0,none
val_images_circle,circle,test010.png,9,rot45_padded,45.0,False,321,321,80883.0,0.7849593758583069,inpaint,pnp_hqs,wavelet,15.0,fixed15p0,0.8,0.5,0.0,0.15,vanilla,False,0,20,0.10283316739147905,9.87866787170724,0.08078445244597134,12,0.04256906605258522,13.709058779567144,0.24010047692345735,15.0,none
val_images_circle,circle,test010.png,9,rot45_padded,45.0,False,321,321,80883.0,0.7849593758583069,inpaint,pnp_hqs,wavelet,15.0,fixed15p0,0.8,0.5,0.0,0.15,vanilla,False,0,20,0.10283316739147905,9.87866787170724,0.08078445244597134,13,0.03820023683418487,14.17933944536962,0.2714097591196543,15.0,none
val_images_circle,circle,test010.png,9,rot45_padded,45.0,False,321,321,80883.0,0.7849593758583069,inpaint,pnp_hqs,wavelet,15.0,fixed15p0,0.8,0.5,0.0,0.15,vanilla,False,0,20,0.10283316739147905,9.87866787170724,0.08078445244597134,14,0.03399331381343267,14.686064964720353,0.3066895720516054,15.0,none
val_images_circle,circle,test010.png,9,rot45_padded,45.0,False,321,321,80883.0,0.7849593758583069,inpaint,pnp_hqs,wavelet,15.0,fixed15p0,0.8,0.5,0.0,0.15,vanilla,False,0,20,0.10283316739147905,9.87866787170724,0.08078445244597134,15,0.029960044765664603,15.23457542058466,0.3447351228008358,15.0,none
val_images_circle,circle,test010.png,9,rot45_padded,45.0,False,321,321,80883.0,0.7849593758583069,inpaint,pnp_hqs,wavelet,15.0,fixed15p0,0.8,0.5,0.0,0.15,vanilla,False,0,20,0.10283316739147905,9.87866787170724,0.08078445244597134,16,0.026106149638018807,15.83257176980975,0.38425430096559227,15.0,none
val_images_circle,circle,test010.png,9,rot45_padded,45.0,False,321,321,80883.0,0.7849593758583069,inpaint,pnp_hqs,wavelet,15.0,fixed15p0,0.8,0.5,0.0,0.15,vanilla,False,0,20,0.10283316739147905,9.87866787170724,0.08078445244597134,17,0.022432763364597628,16.49117224853252,0.4247242158426369,15.0,none
val_images_circle,circle,test010.png,9,rot45_padded,45.0,False,321,321,80883.0,0.7849593758583069,inpaint,pnp_hqs,wavelet,15.0,fixed15p0,0.8,0.5,0.0,0.15,vanilla,False,0,20,0.10283316739147905,9.87866787170724,0.08078445244597134,18,0.018923684459245915,17.229943021554327,0.4657958389741973,15.0,none
val_images_circle,circle,test010.png,9,rot45_padded,45.0,False,321,321,80883.0,0.7849593758583069,inpaint,pnp_hqs,wavelet,15.0,fixed15p0,0.8,0.5,0.0,0.15,vanilla,False,0,20,0.10283316739147905,9.87866787170724,0.08078445244597134,19,0.015503546958840238,18.0956893096349,0.507922178099848,15.0,none
val_images_circle,circle,test010.png,9,rot45_padded,45.0,False,321,321,80883.0,0.7849593758583069,inpaint,pnp_hqs,wavelet,15.0,fixed15p0,0.8,0.5,0.0,0.15,vanilla,False,0,20,0.10283316739147905,9.87866787170724,0.08078445244597134,20,0.011861192530559188,19.258716445801003,0.5526369879950052,15.0,none
val_images_circle,circle,test010.png,9,rot45_padded,45.0,False,321,321,80883.0,0.7849593758583069,inpaint,pnp_hqs,wavelet,15.0,fixed15p0,0.8,0.5,0.0,0.15,G16_fixed,False,16,20,0.10283316739147905,9.87866787170724,0.08078445244597134,1,0.09720598904242857,10.123069765557165,0.08694774227317545,15.0,0;22.5;45;67.5;90;112.5;135;157.5;180;202.5;225;247.5;270;292.5;315;337.5
val_images_circle,circle,test010.png,9,rot45_padded,45.0,False,321,321,80883.0,0.7849593758583069,inpaint,pnp_hqs,wavelet,15.0,fixed15p0,0.8,0.5,0.0,0.15,G16_fixed,False,16,20,0.10283316739147905,9.87866787170724,0.08078445244597134,2,0.09156169009170653,10.382861994976283,0.09431902456712164,15.0,0;22.5;45;67.5;90;112.5;135;157.5;180;202.5;225;247.5;270;292.5;315;337.5
val_images_circle,circle,test010.png,9,rot45_padded,45.0,False,321,321,80883.0,0.7849593758583069,inpaint,pnp_hqs,wavelet,15.0,fixed15p0,0.8,0.5,0.0,0.15,G16_fixed,False,16,20,0.10283316739147905,9.87866787170724,0.08078445244597134,3,0.08586349988177368,10.66191413220157,0.10293773828786643,15.0,0;22.5;45;67.5;90;112.5;135;157.5;180;202.5;225;247.5;270;292.5;315;337.5
val_images_circle,circle,test010.png,9,rot45_padded,45.0,False,321,321,80883.0,0.7849593758583069,inpaint,pnp_hqs,wavelet,15.0,fixed15p0,0.8,0.5,0.0,0.15,G16_fixed,False,16,20,0.10283316739147905,9.87866787170724,0.08078445244597134,4,0.08014680058695894,10.961138097435539,0.11299458254902142,15.0,0;22.5;45;67.5;90;112.5;135;157.5;180;202.5;225;247.5;270;292.5;315;337.5
val_images_circle,circle,test010.png,9,rot45_padded,45.0,False,321,321,80883.0,0.7849593758583069,inpaint,pnp_hqs,wavelet,15.0,fixed15p0,0.8,0.5,0.0,0.15,G16_fixed,False,16,20,0.10283316739147905,9.87866787170724,0.08078445244597134,5,0.07443992933851984,11.281940477914784,0.12487498821600336,15.0,0;22.5;45;67.5;90;112.5;135;157.5;180;202.5;225;247.5;270;292.5;315;337.5
val_images_circle,circle,test010.png,9,rot45_padded,45.0,False,321,321,80883.0,0.7849593758583069,inpaint,pnp_hqs,wavelet,15.0,fixed15p0,0.8,0.5,0.0,0.15,G16_fixed,False,16,20,0.10283316739147905,9.87866787170724,0.08078445244597134,6,0.06876115374599731,11.626568448803251,0.13919328062989134,15.0,0;22.5;45;67.5;90;112.5;135;157.5;180;202.5;225;247.5;270;292.5;315;337.5
val_images_circle,circle,test010.png,9,rot45_padded,45.0,False,321,321,80883.0,0.7849593758583069,inpaint,pnp_hqs,wavelet,15.0,fixed15p0,0.8,0.5,0.0,0.15,G16_fixed,False,16,20,0.10283316739147905,9.87866787170724,0.08078445244597134,7,0.06312322974427569,11.998107882486957,0.15686882885618733,15.0,0;22.5;45;67.5;90;112.5;135;157.5;180;202.5;225;247.5;270;292.5;315;337.5
val_images_circle,circle,test010.png,9,rot45_padded,45.0,False,321,321,80883.0,0.7849593758583069,inpaint,pnp_hqs,wavelet,15.0,fixed15p0,0.8,0.5,0.0,0.15,G16_fixed,False,16,20,0.10283316739147905,9.87866787170724,0.08078445244597134,8,0.05753709012941533,12.400521058223617,0.17920460968698615,15.0,0;22.5;45;67.5;90;112.5;135;157.5;180;202.5;225;247.5;270;292.5;315;337.5
val_images_circle,circle,test010.png,9,rot45_padded,45.0,False,321,321,80883.0,0.7849593758583069,inpaint,pnp_hqs,wavelet,15.0,fixed15p0,0.8,0.5,0.0,0.15,G16_fixed,False,16,20,0.10283316739147905,9.87866787170724,0.08078445244597134,9,0.05201439212349938,12.838764726150307,0.20782992969010794,15.0,0;22.5;45;67.5;90;112.5;135;157.5;180;202.5;225;247.5;270;292.5;315;337.5
val_images_circle,circle,test010.png,9,rot45_padded,45.0,False,321,321,80883.0,0.7849593758583069,inpaint,pnp_hqs,wavelet,15.0,fixed15p0,0.8,0.5,0.0,0.15,G16_fixed,False,16,20,0.10283316739147905,9.87866787170724,0.08078445244597134,10,0.046569310329040096,13.319001937294994,0.24435457215205914,15.0,0;22.5;45;67.5;90;112.5;135;157.5;180;202.5;225;247.5;270;292.5;315;337.5
val_images_circle,circle,test010.png,9,rot45_padded,45.0,False,321,321,80883.0,0.7849593758583069,inpaint,pnp_hqs,wavelet,15.0,fixed15p0,0.8,0.5,0.0,0.15,G16_fixed,False,16,20,0.10283316739147905,9.87866787170724,0.08078445244597134,11,0.04121976825321761,13.84894454250928,0.2897576350639195,15.0,0;22.5;45;67.5;90;112.5;135;157.5;180;202.5;225;247.5;270;292.5;315;337.5
val_images_circle,circle,test010.png,9,rot45_padded,45.0,False,321,321,80883.0,0.7849593758583069,inpaint,pnp_hqs,wavelet,15.0,fixed15p0,0.8,0.5,0.0,0.15,G16_fixed,False,16,20,0.10283316739147905,9.87866787170724,0.08078445244597134,12,0.03598818989987853,14.43839996533079,0.34307447273376357,15.0,0;22.5;45;67.5;90;112.5;135;157.5;180;202.5;225;247.5;270;292.5;315;337.5
val_images_circle,circle,test010.png,9,rot45_padded,45.0,False,321,321,80883.0,0.7849593758583069,inpaint,pnp_hqs,wavelet,15.0,fixed15p0,0.8,0.5,0.0,0.15,G16_fixed,False,16,20,0.10283316739147905,9.87866787170724,0.08078445244597134,13,0.030900742140653782,15.10031090034056,0.4008468443616087,15.0,0;22.5;45;67.5;90;112.5;135;157.5;180;202.5;225;247.5;270;292.5;315;337.5
val_images_circle,circle,test010.png,9,rot45_padded,45.0,False,321,321,80883.0,0.7849593758583069,inpaint,pnp_hqs,wavelet,15.0,fixed15p0,0.8,0.5,0.0,0.15,G16_fixed,False,16,20,0.10283316739147905,9.87866787170724,0.08078445244597134,14,0.025985973397724182,15.852610104808152,0.46040731674146607,15.0,0;22.5;45;67.5;90;112.5;135;157.5;180;202.5;225;247.5;270;292.5;315;337.5
val_images_circle,circle,test010.png,9,rot45_padded,45.0,False,321,321,80883.0,0.7849593758583069,inpaint,pnp_hqs,wavelet,15.0,fixed15p0,0.8,0.5,0.0,0.15,G16_fixed,False,16,20,0.10283316739147905,9.87866787170724,0.08078445244597134,15,0.021272697716145542,16.721774311624493,0.5188291362987278,15.0,0;22.5;45;67.5;90;112.5;135;157.5;180;202.5;225;247.5;270;292.5;315;337.5
val_images_circle,circle,test010.png,9,rot45_padded,45.0,False,321,321,80883.0,0.7849593758583069,inpaint,pnp_hqs,wavelet,15.0,fixed15p0,0.8,0.5,0.0,0.15,G16_fixed,False,16,20,0.10283316739147905,9.87866787170724,0.08078445244597134,16,0.016769805916126534,17.754719636338088,0.5728662949105499,15.0,0;22.5;45;67.5;90;112.5;135;157.5;180;202.5;225;247.5;270;292.5;315;337.5
val_images_circle,circle,test010.png,9,rot45_padded,45.0,False,321,321,80883.0,0.7849593758583069,inpaint,pnp_hqs,wavelet,15.0,fixed15p0,0.8,0.5,0.0,0.15,G16_fixed,False,16,20,0.10283316739147905,9.87866787170724,0.08078445244597134,17,0.012302037459055441,19.100229549064586,0.6219048656701656,15.0,0;22.5;45;67.5;90;112.5;135;157.5;180;202.5;225;247.5;270;292.5;315;337.5
val_images_circle,circle,test010.png,9,rot45_padded,45.0,False,321,321,80883.0,0.7849593758583069,inpaint,pnp_hqs,wavelet,15.0,fixed15p0,0.8,0.5,0.0,0.15,G16_fixed,False,16,20,0.10283316739147905,9.87866787170724,0.08078445244597134,18,0.008902271422098509,20.504991686108266,0.6525475068926722,15.0,0;22.5;45;67.5;90;112.5;135;157.5;180;202.5;225;247.5;270;292.5;315;337.5
val_images_circle,circle,test010.png,9,rot45_padded,45.0,False,321,321,80883.0,0.7849593758583069,inpaint,pnp_hqs,wavelet,15.0,fixed15p0,0.8,0.5,0.0,0.15,G16_fixed,False,16,20,0.10283316739147905,9.87866787170724,0.08078445244597134,19,0.006540854633390205,21.843655026977267,0.6700970170647725,15.0,0;22.5;45;67.5;90;112.5;135;157.5;180;202.5;225;247.5;270;292.5;315;337.5
val_images_circle,circle,test010.png,9,rot45_padded,45.0,False,321,321,80883.0,0.7849593758583069,inpaint,pnp_hqs,wavelet,15.0,fixed15p0,0.8,0.5,0.0,0.15,G16_fixed,False,16,20,0.10283316739147905,9.87866787170724,0.08078445244597134,20,0.005161185650323036,22.872505188682876,0.6782015573420868,15.0,0;22.5;45;67.5;90;112.5;135;157.5;180;202.5;225;247.5;270;292.5;315;337.5
