dataset,file,image_index,input_pose,input_angle_deg,input_height,input_width,eval_mask_pixels,eval_mask_fraction,problem,algorithm,denoiser,train_sigma,schedule,rho,step,red_input_sigma,lambda,mode,group_expand,base_group_size,num_iter,degraded_se,degraded_psnr,degraded_ssim,iteration,se,psnr,ssim,effective_denoiser_sigma,sampled_angles
val_images,test001.png,0,upright,0.0,481,321,154401.0,1.0,inpaint,red_gd,restormer,15.0,fixed15p0,0.8,3.8461538461538467,1.4142135623730951,0.02,vanilla,True,0,20,0.09998868864596085,10.000491273649581,0.18736299119257646,1,0.09968158576328845,10.013850617486312,0.1886127680520204,15.0,none
val_images,test001.png,0,upright,0.0,481,321,154401.0,1.0,inpaint,red_gd,restormer,15.0,fixed15p0,0.8,3.8461538461538467,1.4142135623730951,0.02,vanilla,True,0,20,0.09998868864596085,10.000491273649581,0.18736299119257646,2,0.09938772078265361,10.026672687792653,0.19115768356422563,15.0,none
val_images,test001.png,0,upright,0.0,481,321,154401.0,1.0,inpaint,red_gd,restormer,15.0,fixed15p0,0.8,3.8461538461538467,1.4142135623730951,0.02,vanilla,True,0,20,0.09998868864596085,10.000491273649581,0.18736299119257646,3,0.09910567061377518,10.039014954055968,0.19245957715218814,15.0,none
val_images,test001.png,0,upright,0.0,481,321,154401.0,1.0,inpaint,red_gd,restormer,15.0,fixed15p0,0.8,3.8461538461538467,1.4142135623730951,0.02,vanilla,True,0,20,0.09998868864596085,10.000491273649581,0.18736299119257646,4,0.09883635235927876,10.050832909861567,0.19474588237365692,15.0,none
val_images,test001.png,0,upright,0.0,481,321,154401.0,1.0,inpaint,red_gd,restormer,15.0,fixed15p0,0.8,3.8461538461538467,1.4142135623730951,0.02,vanilla,True,0,20,0.09998868864596085,10.000491273649581,0.18736299119257646,5,0.09857667316962002,10.062258427896982,0.19608184158052733,15.0,none
val_images,test001.png,0,upright,0.0,481,321,154401.0,1.0,inpaint,red_gd,restormer,15.0,fixed15p0,0.8,3.8461538461538467,1.4142135623730951,0.02,vanilla,True,0,20,0.09998868864596085,10.000491273649581,0.18736299119257646,6,0.09832890998924877,10.073187751191524,0.19814761208233755,15.0,none
val_images,test001.png,0,upright,0.0,481,321,154401.0,1.0,inpaint,red_gd,restormer,15.0,fixed15p0,0.8,3.8461538461538467,1.4142135623730951,0.02,vanilla,True,0,20,0.09998868864596085,10.000491273649581,0.18736299119257646,7,0.09808910978960629,10.083792068995361,0.19950536670746952,15.0,none
val_images,test001.png,0,upright,0.0,481,321,154401.0,1.0,inpaint,red_gd,restormer,15.0,fixed15p0,0.8,3.8461538461538467,1.4142135623730951,0.02,vanilla,True,0,20,0.09998868864596085,10.000491273649581,0.18736299119257646,8,0.09786032114631706,10.093933633579677,0.20138452896192383,15.0,none
val_images,test001.png,0,upright,0.0,481,321,154401.0,1.0,inpaint,red_gd,restormer,15.0,fixed15p0,0.8,3.8461538461538467,1.4142135623730951,0.02,vanilla,True,0,20,0.09998868864596085,10.000491273649581,0.18736299119257646,9,0.09763819256554361,10.103802686452234,0.20275550251455626,15.0,none
val_images,test001.png,0,upright,0.0,481,321,154401.0,1.0,inpaint,red_gd,restormer,15.0,fixed15p0,0.8,3.8461538461538467,1.4142135623730951,0.02,vanilla,True,0,20,0.09998868864596085,10.000491273649581,0.18736299119257646,10,0.0974261647633435,10.113243933641765,0.20447793509271314,15.0,none
val_images,test001.png,0,upright,0.0,481,321,154401.0,1.0,inpaint,red_gd,restormer,15.0,fixed15p0,0.8,3.8461538461538467,1.4142135623730951,0.02,vanilla,True,0,20,0.09998868864596085,10.000491273649581,0.18736299119257646,11,0.09721973444958258,10.12245569511615,0.20585596717314006,15.0,none
val_images,test001.png,0,upright,0.0,481,321,154401.0,1.0,inpaint,red_gd,restormer,15.0,fixed15p0,0.8,3.8461538461538467,1.4142135623730951,0.02,vanilla,True,0,20,0.09998868864596085,10.000491273649581,0.18736299119257646,12,0.0970225447353806,10.131273387592206,0.20744798143308657,15.0,none
val_images,test001.png,0,upright,0.0,481,321,154401.0,1.0,inpaint,red_gd,restormer,15.0,fixed15p0,0.8,3.8461538461538467,1.4142135623730951,0.02,vanilla,True,0,20,0.09998868864596085,10.000491273649581,0.18736299119257646,13,0.09683011762998621,10.139895405620763,0.20882855610148252,15.0,none
val_images,test001.png,0,upright,0.0,481,321,154401.0,1.0,inpaint,red_gd,restormer,15.0,fixed15p0,0.8,3.8461538461538467,1.4142135623730951,0.02,vanilla,True,0,20,0.09998868864596085,10.000491273649581,0.18736299119257646,14,0.09664610256936483,10.148156550006352,0.21031311123308788,15.0,none
val_images,test001.png,0,upright,0.0,481,321,154401.0,1.0,inpaint,red_gd,restormer,15.0,fixed15p0,0.8,3.8461538461538467,1.4142135623730951,0.02,vanilla,True,0,20,0.09998868864596085,10.000491273649581,0.18736299119257646,15,0.09646621763298165,10.156247494982072,0.21169282572246942,15.0,none
val_images,test001.png,0,upright,0.0,481,321,154401.0,1.0,inpaint,red_gd,restormer,15.0,fixed15p0,0.8,3.8461538461538467,1.4142135623730951,0.02,vanilla,True,0,20,0.09998868864596085,10.000491273649581,0.18736299119257646,16,0.09629396678535113,10.164009223657182,0.21308954139707645,15.0,none
val_images,test001.png,0,upright,0.0,481,321,154401.0,1.0,inpaint,red_gd,restormer,15.0,fixed15p0,0.8,3.8461538461538467,1.4142135623730951,0.02,vanilla,True,0,20,0.09998868864596085,10.000491273649581,0.18736299119257646,17,0.09612533374945759,10.171621393070676,0.2144657772213263,15.0,none
val_images,test001.png,0,upright,0.0,481,321,154401.0,1.0,inpaint,red_gd,restormer,15.0,fixed15p0,0.8,3.8461538461538467,1.4142135623730951,0.02,vanilla,True,0,20,0.09998868864596085,10.000491273649581,0.18736299119257646,18,0.09596367701836452,10.178931196226003,0.2157912118849619,15.0,none
val_images,test001.png,0,upright,0.0,481,321,154401.0,1.0,inpaint,red_gd,restormer,15.0,fixed15p0,0.8,3.8461538461538467,1.4142135623730951,0.02,vanilla,True,0,20,0.09998868864596085,10.000491273649581,0.18736299119257646,19,0.09580522065919263,10.186108245153731,0.21716150235425935,15.0,none
val_images,test001.png,0,upright,0.0,481,321,154401.0,1.0,inpaint,red_gd,restormer,15.0,fixed15p0,0.8,3.8461538461538467,1.4142135623730951,0.02,vanilla,True,0,20,0.09998868864596085,10.000491273649581,0.18736299119257646,20,0.0956532346171657,10.19300339252641,0.2184287737368929,15.0,none
val_images,test001.png,0,upright,0.0,481,321,154401.0,1.0,inpaint,red_gd,restormer,15.0,fixed15p0,0.8,3.8461538461538467,1.4142135623730951,0.02,G16_fixed,True,16,20,0.09998868864596085,10.000491273649581,0.18736299119257646,1,0.0985703546487717,10.062536808836276,0.19034790092033083,15.0,0;22.5;45;67.5;90;112.5;135;157.5;180;202.5;225;247.5;270;292.5;315;337.5
val_images,test001.png,0,upright,0.0,481,321,154401.0,1.0,inpaint,red_gd,restormer,15.0,fixed15p0,0.8,3.8461538461538467,1.4142135623730951,0.02,G16_fixed,True,16,20,0.09998868864596085,10.000491273649581,0.18736299119257646,2,0.09722484492490334,10.122227408862107,0.19412180984902946,15.0,0;22.5;45;67.5;90;112.5;135;157.5;180;202.5;225;247.5;270;292.5;315;337.5
val_images,test001.png,0,upright,0.0,481,321,154401.0,1.0,inpaint,red_gd,restormer,15.0,fixed15p0,0.8,3.8461538461538467,1.4142135623730951,0.02,G16_fixed,True,16,20,0.09998868864596085,10.000491273649581,0.18736299119257646,3,0.0959394338848194,10.180028485282875,0.197056323206294,15.0,0;22.5;45;67.5;90;112.5;135;157.5;180;202.5;225;247.5;270;292.5;315;337.5
val_images,test001.png,0,upright,0.0,481,321,154401.0,1.0,inpaint,red_gd,restormer,15.0,fixed15p0,0.8,3.8461538461538467,1.4142135623730951,0.02,G16_fixed,True,16,20,0.09998868864596085,10.000491273649581,0.18736299119257646,4,0.09471574701386325,10.23577811147748,0.20059709832271164,15.0,0;22.5;45;67.5;90;112.5;135;157.5;180;202.5;225;247.5;270;292.5;315;337.5
val_images,test001.png,0,upright,0.0,481,321,154401.0,1.0,inpaint,red_gd,restormer,15.0,fixed15p0,0.8,3.8461538461538467,1.4142135623730951,0.02,G16_fixed,True,16,20,0.09998868864596085,10.000491273649581,0.18736299119257646,5,0.09353990127573655,10.290030927921233,0.20348647758110375,15.0,0;22.5;45;67.5;90;112.5;135;157.5;180;202.5;225;247.5;270;292.5;315;337.5
val_images,test001.png,0,upright,0.0,481,321,154401.0,1.0,inpaint,red_gd,restormer,15.0,fixed15p0,0.8,3.8461538461538467,1.4142135623730951,0.02,G16_fixed,True,16,20,0.09998868864596085,10.000491273649581,0.18736299119257646,6,0.09241602679467749,10.342527068651307,0.20683047409828953,15.0,0;22.5;45;67.5;90;112.5;135;157.5;180;202.5;225;247.5;270;292.5;315;337.5
val_images,test001.png,0,upright,0.0,481,321,154401.0,1.0,inpaint,red_gd,restormer,15.0,fixed15p0,0.8,3.8461538461538467,1.4142135623730951,0.02,G16_fixed,True,16,20,0.09998868864596085,10.000491273649581,0.18736299119257646,7,0.09132958907528124,10.393884963950049,0.20967284710348377,15.0,0;22.5;45;67.5;90;112.5;135;157.5;180;202.5;225;247.5;270;292.5;315;337.5
val_images,test001.png,0,upright,0.0,481,321,154401.0,1.0,inpaint,red_gd,restormer,15.0,fixed15p0,0.8,3.8461538461538467,1.4142135623730951,0.02,G16_fixed,True,16,20,0.09998868864596085,10.000491273649581,0.18736299119257646,8,0.0902908406924178,10.443563032689369,0.2128509682174986,15.0,0;22.5;45;67.5;90;112.5;135;157.5;180;202.5;225;247.5;270;292.5;315;337.5
val_images,test001.png,0,upright,0.0,481,321,154401.0,1.0,inpaint,red_gd,restormer,15.0,fixed15p0,0.8,3.8461538461538467,1.4142135623730951,0.02,G16_fixed,True,16,20,0.09998868864596085,10.000491273649581,0.18736299119257646,9,0.08928761896781756,10.49208758208213,0.21562163012221425,15.0,0;22.5;45;67.5;90;112.5;135;157.5;180;202.5;225;247.5;270;292.5;315;337.5
val_images,test001.png,0,upright,0.0,481,321,154401.0,1.0,inpaint,red_gd,restormer,15.0,fixed15p0,0.8,3.8461538461538467,1.4142135623730951,0.02,G16_fixed,True,16,20,0.09998868864596085,10.000491273649581,0.18736299119257646,10,0.08832168853342919,10.539326366966137,0.21867106592573882,15.0,0;22.5;45;67.5;90;112.5;135;157.5;180;202.5;225;247.5;270;292.5;315;337.5
val_images,test001.png,0,upright,0.0,481,321,154401.0,1.0,inpaint,red_gd,restormer,15.0,fixed15p0,0.8,3.8461538461538467,1.4142135623730951,0.02,G16_fixed,True,16,20,0.09998868864596085,10.000491273649581,0.18736299119257646,11,0.08738452349725714,10.585654776048273,0.2214026655834483,15.0,0;22.5;45;67.5;90;112.5;135;157.5;180;202.5;225;247.5;270;292.5;315;337.5
val_images,test001.png,0,upright,0.0,481,321,154401.0,1.0,inpaint,red_gd,restormer,15.0,fixed15p0,0.8,3.8461538461538467,1.4142135623730951,0.02,G16_fixed,True,16,20,0.09998868864596085,10.000491273649581,0.18736299119257646,12,0.08647977329526688,10.630854575462315,0.22433989862436124,15.0,0;22.5;45;67.5;90;112.5;135;157.5;180;202.5;225;247.5;270;292.5;315;337.5
val_images,test001.png,0,upright,0.0,481,321,154401.0,1.0,inpaint,red_gd,restormer,15.0,fixed15p0,0.8,3.8461538461538467,1.4142135623730951,0.02,G16_fixed,True,16,20,0.09998868864596085,10.000491273649581,0.18736299119257646,13,0.08560238437574887,10.675141382806899,0.22702153200108807,15.0,0;22.5;45;67.5;90;112.5;135;157.5;180;202.5;225;247.5;270;292.5;315;337.5
val_images,test001.png,0,upright,0.0,481,321,154401.0,1.0,inpaint,red_gd,restormer,15.0,fixed15p0,0.8,3.8461538461538467,1.4142135623730951,0.02,G16_fixed,True,16,20,0.09998868864596085,10.000491273649581,0.18736299119257646,14,0.08475404547250341,10.718395629248384,0.2298559483503993,15.0,0;22.5;45;67.5;90;112.5;135;157.5;180;202.5;225;247.5;270;292.5;315;337.5
val_images,test001.png,0,upright,0.0,481,321,154401.0,1.0,inpaint,red_gd,restormer,15.0,fixed15p0,0.8,3.8461538461538467,1.4142135623730951,0.02,G16_fixed,True,16,20,0.09998868864596085,10.000491273649581,0.18736299119257646,15,0.08392662915881374,10.761002196025514,0.2325048949245795,15.0,0;22.5;45;67.5;90;112.5;135;157.5;180;202.5;225;247.5;270;292.5;315;337.5
val_images,test001.png,0,upright,0.0,481,321,154401.0,1.0,inpaint,red_gd,restormer,15.0,fixed15p0,0.8,3.8461538461538467,1.4142135623730951,0.02,G16_fixed,True,16,20,0.09998868864596085,10.000491273649581,0.18736299119257646,16,0.0831249106931788,10.802688082810853,0.23526692973976854,15.0,0;22.5;45;67.5;90;112.5;135;157.5;180;202.5;225;247.5;270;292.5;315;337.5
val_images,test001.png,0,upright,0.0,481,321,154401.0,1.0,inpaint,red_gd,restormer,15.0,fixed15p0,0.8,3.8461538461538467,1.4142135623730951,0.02,G16_fixed,True,16,20,0.09998868864596085,10.000491273649581,0.18736299119257646,17,0.08234176829934715,10.843798107123156,0.23788435328300983,15.0,0;22.5;45;67.5;90;112.5;135;157.5;180;202.5;225;247.5;270;292.5;315;337.5
val_images,test001.png,0,upright,0.0,481,321,154401.0,1.0,inpaint,red_gd,restormer,15.0,fixed15p0,0.8,3.8461538461538467,1.4142135623730951,0.02,G16_fixed,True,16,20,0.09998868864596085,10.000491273649581,0.18736299119257646,18,0.08158010508149235,10.884157396136425,0.24058602377089527,15.0,0;22.5;45;67.5;90;112.5;135;157.5;180;202.5;225;247.5;270;292.5;315;337.5
val_images,test001.png,0,upright,0.0,481,321,154401.0,1.0,inpaint,red_gd,restormer,15.0,fixed15p0,0.8,3.8461538461538467,1.4142135623730951,0.02,G16_fixed,True,16,20,0.09998868864596085,10.000491273649581,0.18736299119257646,19,0.08083707485905207,10.923894100943487,0.24317361934184364,15.0,0;22.5;45;67.5;90;112.5;135;157.5;180;202.5;225;247.5;270;292.5;315;337.5
val_images,test001.png,0,upright,0.0,481,321,154401.0,1.0,inpaint,red_gd,restormer,15.0,fixed15p0,0.8,3.8461538461538467,1.4142135623730951,0.02,G16_fixed,True,16,20,0.09998868864596085,10.000491273649581,0.18736299119257646,20,0.08011484072925369,10.962870263649961,0.24581996007959794,15.0,0;22.5;45;67.5;90;112.5;135;157.5;180;202.5;225;247.5;270;292.5;315;337.5
val_images,test001.png,0,rot45_padded,45.0,1000,1000,154360.0,0.15435999631881714,inpaint,red_gd,restormer,15.0,fixed15p0,0.8,3.8461538461538467,1.4142135623730951,0.02,vanilla,False,0,20,0.10017810435022026,9.992271906344083,0.19753507172761725,1,0.10002644487723504,9.998851665405367,0.1979718044465859,15.0,none
val_images,test001.png,0,rot45_padded,45.0,1000,1000,154360.0,0.15435999631881714,inpaint,red_gd,restormer,15.0,fixed15p0,0.8,3.8461538461538467,1.4142135623730951,0.02,vanilla,False,0,20,0.10017810435022026,9.992271906344083,0.19753507172761725,2,0.09988536968166947,10.004981186991985,0.1993898572128466,15.0,none
val_images,test001.png,0,rot45_padded,45.0,1000,1000,154360.0,0.15435999631881714,inpaint,red_gd,restormer,15.0,fixed15p0,0.8,3.8461538461538467,1.4142135623730951,0.02,vanilla,False,0,20,0.10017810435022026,9.992271906344083,0.19753507172761725,3,0.0997498618286797,10.010876972159863,0.1999385567828453,15.0,none
val_images,test001.png,0,rot45_padded,45.0,1000,1000,154360.0,0.15435999631881714,inpaint,red_gd,restormer,15.0,fixed15p0,0.8,3.8461538461538467,1.4142135623730951,0.02,vanilla,False,0,20,0.10017810435022026,9.992271906344083,0.19753507172761725,4,0.09961858642135268,10.016596251589647,0.20125697942310183,15.0,none
val_images,test001.png,0,rot45_padded,45.0,1000,1000,154360.0,0.15435999631881714,inpaint,red_gd,restormer,15.0,fixed15p0,0.8,3.8461538461538467,1.4142135623730951,0.02,vanilla,False,0,20,0.10017810435022026,9.992271906344083,0.19753507172761725,5,0.09948962019588949,10.022222270612655,0.20191468503012439,15.0,none
val_images,test001.png,0,rot45_padded,45.0,1000,1000,154360.0,0.15435999631881714,inpaint,red_gd,restormer,15.0,fixed15p0,0.8,3.8461538461538467,1.4142135623730951,0.02,vanilla,False,0,20,0.10017810435022026,9.992271906344083,0.19753507172761725,6,0.09936007825659174,10.027880751144295,0.2031981725957178,15.0,none
val_images,test001.png,0,rot45_padded,45.0,1000,1000,154360.0,0.15435999631881714,inpaint,red_gd,restormer,15.0,fixed15p0,0.8,3.8461538461538467,1.4142135623730951,0.02,vanilla,False,0,20,0.10017810435022026,9.992271906344083,0.19753507172761725,7,0.09923065019475577,10.03354162982233,0.20396451730127624,15.0,none
val_images,test001.png,0,rot45_padded,45.0,1000,1000,154360.0,0.15435999631881714,inpaint,red_gd,restormer,15.0,fixed15p0,0.8,3.8461538461538467,1.4142135623730951,0.02,vanilla,False,0,20,0.10017810435022026,9.992271906344083,0.19753507172761725,8,0.09909844478815755,10.039331611072697,0.20525293955688,15.0,none
val_images,test001.png,0,rot45_padded,45.0,1000,1000,154360.0,0.15435999631881714,inpaint,red_gd,restormer,15.0,fixed15p0,0.8,3.8461538461538467,1.4142135623730951,0.02,vanilla,False,0,20,0.10017810435022026,9.992271906344083,0.19753507172761725,9,0.09896560040246825,10.04515736225863,0.2061197874489829,15.0,none
val_images,test001.png,0,rot45_padded,45.0,1000,1000,154360.0,0.15435999631881714,inpaint,red_gd,restormer,15.0,fixed15p0,0.8,3.8461538461538467,1.4142135623730951,0.02,vanilla,False,0,20,0.10017810435022026,9.992271906344083,0.19753507172761725,10,0.09882935867250259,10.051140228673763,0.2074315545842511,15.0,none
val_images,test001.png,0,rot45_padded,45.0,1000,1000,154360.0,0.15435999631881714,inpaint,red_gd,restormer,15.0,fixed15p0,0.8,3.8461538461538467,1.4142135623730951,0.02,vanilla,False,0,20,0.10017810435022026,9.992271906344083,0.19753507172761725,11,0.09869296510592122,10.05713802999719,0.2083801158817051,15.0,none
val_images,test001.png,0,rot45_padded,45.0,1000,1000,154360.0,0.15435999631881714,inpaint,red_gd,restormer,15.0,fixed15p0,0.8,3.8461538461538467,1.4142135623730951,0.02,vanilla,False,0,20,0.10017810435022026,9.992271906344083,0.19753507172761725,12,0.09855319317464045,10.063292997898177,0.20971945401577483,15.0,none
val_images,test001.png,0,rot45_padded,45.0,1000,1000,154360.0,0.15435999631881714,inpaint,red_gd,restormer,15.0,fixed15p0,0.8,3.8461538461538467,1.4142135623730951,0.02,vanilla,False,0,20,0.10017810435022026,9.992271906344083,0.19753507172761725,13,0.09841411716118165,10.06942599074302,0.21073209036505572,15.0,none
val_images,test001.png,0,rot45_padded,45.0,1000,1000,154360.0,0.15435999631881714,inpaint,red_gd,restormer,15.0,fixed15p0,0.8,3.8461538461538467,1.4142135623730951,0.02,vanilla,False,0,20,0.10017810435022026,9.992271906344083,0.19753507172761725,14,0.09827217523160145,10.075694308348586,0.21209775949889867,15.0,none
val_images,test001.png,0,rot45_padded,45.0,1000,1000,154360.0,0.15435999631881714,inpaint,red_gd,restormer,15.0,fixed15p0,0.8,3.8461538461538467,1.4142135623730951,0.02,vanilla,False,0,20,0.10017810435022026,9.992271906344083,0.19753507172761725,15,0.09813161881113955,10.08191036833066,0.2131609954003628,15.0,none
val_images,test001.png,0,rot45_padded,45.0,1000,1000,154360.0,0.15435999631881714,inpaint,red_gd,restormer,15.0,fixed15p0,0.8,3.8461538461538467,1.4142135623730951,0.02,vanilla,False,0,20,0.10017810435022026,9.992271906344083,0.19753507172761725,16,0.0979888101475447,10.08823515824248,0.21455098369882095,15.0,none
val_images,test001.png,0,rot45_padded,45.0,1000,1000,154360.0,0.15435999631881714,inpaint,red_gd,restormer,15.0,fixed15p0,0.8,3.8461538461538467,1.4142135623730951,0.02,vanilla,False,0,20,0.10017810435022026,9.992271906344083,0.19753507172761725,17,0.09784768433977391,10.094494478839383,0.21565496242549884,15.0,none
val_images,test001.png,0,rot45_padded,45.0,1000,1000,154360.0,0.15435999631881714,inpaint,red_gd,restormer,15.0,fixed15p0,0.8,3.8461538461538467,1.4142135623730951,0.02,vanilla,False,0,20,0.10017810435022026,9.992271906344083,0.19753507172761725,18,0.09770498322711518,10.100832854844262,0.21706896621534078,15.0,none
val_images,test001.png,0,rot45_padded,45.0,1000,1000,154360.0,0.15435999631881714,inpaint,red_gd,restormer,15.0,fixed15p0,0.8,3.8461538461538467,1.4142135623730951,0.02,vanilla,False,0,20,0.10017810435022026,9.992271906344083,0.19753507172761725,19,0.09756402823553706,10.10710276784409,0.2182070575683467,15.0,none
val_images,test001.png,0,rot45_padded,45.0,1000,1000,154360.0,0.15435999631881714,inpaint,red_gd,restormer,15.0,fixed15p0,0.8,3.8461538461538467,1.4142135623730951,0.02,vanilla,False,0,20,0.10017810435022026,9.992271906344083,0.19753507172761725,20,0.09742209263248251,10.113425459921384,0.21964601317536928,15.0,none
val_images,test001.png,0,rot45_padded,45.0,1000,1000,154360.0,0.15435999631881714,inpaint,red_gd,restormer,15.0,fixed15p0,0.8,3.8461538461538467,1.4142135623730951,0.02,G16_fixed,False,16,20,0.10017810435022026,9.992271906344083,0.19753507172761725,1,0.09888778413692019,10.04857354607081,0.1998807702975188,15.0,0;22.5;45;67.5;90;112.5;135;157.5;180;202.5;225;247.5;270;292.5;315;337.5
val_images,test001.png,0,rot45_padded,45.0,1000,1000,154360.0,0.15435999631881714,inpaint,red_gd,restormer,15.0,fixed15p0,0.8,3.8461538461538467,1.4142135623730951,0.02,G16_fixed,False,16,20,0.10017810435022026,9.992271906344083,0.19753507172761725,2,0.09768281508122247,10.101818331272154,0.20315145753028635,15.0,0;22.5;45;67.5;90;112.5;135;157.5;180;202.5;225;247.5;270;292.5;315;337.5
val_images,test001.png,0,rot45_padded,45.0,1000,1000,154360.0,0.15435999631881714,inpaint,red_gd,restormer,15.0,fixed15p0,0.8,3.8461538461538467,1.4142135623730951,0.02,G16_fixed,False,16,20,0.10017810435022026,9.992271906344083,0.19753507172761725,3,0.09653794801924073,10.153019366483793,0.20541984595669216,15.0,0;22.5;45;67.5;90;112.5;135;157.5;180;202.5;225;247.5;270;292.5;315;337.5
val_images,test001.png,0,rot45_padded,45.0,1000,1000,154360.0,0.15435999631881714,inpaint,red_gd,restormer,15.0,fixed15p0,0.8,3.8461538461538467,1.4142135623730951,0.02,G16_fixed,False,16,20,0.10017810435022026,9.992271906344083,0.19753507172761725,4,0.09546220457655805,10.20168540382737,0.20844575991189426,15.0,0;22.5;45;67.5;90;112.5;135;157.5;180;202.5;225;247.5;270;292.5;315;337.5
val_images,test001.png,0,rot45_padded,45.0,1000,1000,154360.0,0.15435999631881714,inpaint,red_gd,restormer,15.0,fixed15p0,0.8,3.8461538461538467,1.4142135623730951,0.02,G16_fixed,False,16,20,0.10017810435022026,9.992271906344083,0.19753507172761725,5,0.09443428966782197,10.248702820839243,0.21065414756899456,15.0,0;22.5;45;67.5;90;112.5;135;157.5;180;202.5;225;247.5;270;292.5;315;337.5
val_images,test001.png,0,rot45_padded,45.0,1000,1000,154360.0,0.15435999631881714,inpaint,red_gd,restormer,15.0,fixed15p0,0.8,3.8461538461538467,1.4142135623730951,0.02,G16_fixed,False,16,20,0.10017810435022026,9.992271906344083,0.19753507172761725,6,0.09346295920453809,10.293604725535612,0.21349010126490023,15.0,0;22.5;45;67.5;90;112.5;135;157.5;180;202.5;225;247.5;270;292.5;315;337.5
val_images,test001.png,0,rot45_padded,45.0,1000,1000,154360.0,0.15435999631881714,inpaint,red_gd,restormer,15.0,fixed15p0,0.8,3.8461538461538467,1.4142135623730951,0.02,G16_fixed,False,16,20,0.10017810435022026,9.992271906344083,0.19753507172761725,7,0.09253023952732249,10.337163135997498,0.21564949630733352,15.0,0;22.5;45;67.5;90;112.5;135;157.5;180;202.5;225;247.5;270;292.5;315;337.5
val_images,test001.png,0,rot45_padded,45.0,1000,1000,154360.0,0.15435999631881714,inpaint,red_gd,restormer,15.0,fixed15p0,0.8,3.8461538461538467,1.4142135623730951,0.02,G16_fixed,False,16,20,0.10017810435022026,9.992271906344083,0.19753507172761725,8,0.09164460818055195,10.378930812344029,0.21833923134231667,15.0,0;22.5;45;67.5;90;112.5;135;157.5;180;202.5;225;247.5;270;292.5;315;337.5
val_images,test001.png,0,rot45_padded,45.0,1000,1000,154360.0,0.15435999631881714,inpaint,red_gd,restormer,15.0,fixed15p0,0.8,3.8461538461538467,1.4142135623730951,0.02,G16_fixed,False,16,20,0.10017810435022026,9.992271906344083,0.19753507172761725,9,0.0907907612986687,10.41958342240415,0.22045790886563876,15.0,0;22.5;45;67.5;90;112.5;135;157.5;180;202.5;225;247.5;270;292.5;315;337.5
val_images,test001.png,0,rot45_padded,45.0,1000,1000,154360.0,0.15435999631881714,inpaint,red_gd,restormer,15.0,fixed15p0,0.8,3.8461538461538467,1.4142135623730951,0.02,G16_fixed,False,16,20,0.10017810435022026,9.992271906344083,0.19753507172761725,10,0.08997673989577935,10.458697465663525,0.2230347280707437,15.0,0;22.5;45;67.5;90;112.5;135;157.5;180;202.5;225;247.5;270;292.5;315;337.5
val_images,test001.png,0,rot45_padded,45.0,1000,1000,154360.0,0.15435999631881714,inpaint,red_gd,restormer,15.0,fixed15p0,0.8,3.8461538461538467,1.4142135623730951,0.02,G16_fixed,False,16,20,0.10017810435022026,9.992271906344083,0.19753507172761725,11,0.08918927092106116,10.496873862071878,0.22511696480629698,15.0,0;22.5;45;67.5;90;112.5;135;157.5;180;202.5;225;247.5;270;292.5;315;337.5
val_images,test001.png,0,rot45_padded,45.0,1000,1000,154360.0,0.15435999631881714,inpaint,red_gd,restormer,15.0,fixed15p0,0.8,3.8461538461538467,1.4142135623730951,0.02,G16_fixed,False,16,20,0.10017810435022026,9.992271906344083,0.19753507172761725,12,0.08843602212360716,10.533708003382333,0.22760556693767817,15.0,0;22.5;45;67.5;90;112.5;135;157.5;180;202.5;225;247.5;270;292.5;315;337.5
val_images,test001.png,0,rot45_padded,45.0,1000,1000,154360.0,0.15435999631881714,inpaint,red_gd,restormer,15.0,fixed15p0,0.8,3.8461538461538467,1.4142135623730951,0.02,G16_fixed,False,16,20,0.10017810435022026,9.992271906344083,0.19753507172761725,13,0.0877050616760333,10.569753417019667,0.2296541971689557,15.0,0;22.5;45;67.5;90;112.5;135;157.5;180;202.5;225;247.5;270;292.5;315;337.5
val_images,test001.png,0,rot45_padded,45.0,1000,1000,154360.0,0.15435999631881714,inpaint,red_gd,restormer,15.0,fixed15p0,0.8,3.8461538461538467,1.4142135623730951,0.02,G16_fixed,False,16,20,0.10017810435022026,9.992271906344083,0.19753507172761725,14,0.08700388651123996,10.604613467758032,0.23207386547680747,15.0,0;22.5;45;67.5;90;112.5;135;157.5;180;202.5;225;247.5;270;292.5;315;337.5
val_images,test001.png,0,rot45_padded,45.0,1000,1000,154360.0,0.15435999631881714,inpaint,red_gd,restormer,15.0,fixed15p0,0.8,3.8461538461538467,1.4142135623730951,0.02,G16_fixed,False,16,20,0.10017810435022026,9.992271906344083,0.19753507172761725,15,0.08632160867857605,10.638804747927221,0.23409164756899456,15.0,0;22.5;45;67.5;90;112.5;135;157.5;180;202.5;225;247.5;270;292.5;315;337.5
val_images,test001.png,0,rot45_padded,45.0,1000,1000,154360.0,0.15435999631881714,inpaint,red_gd,restormer,15.0,fixed15p0,0.8,3.8461538461538467,1.4142135623730951,0.02,G16_fixed,False,16,20,0.10017810435022026,9.992271906344083,0.19753507172761725,16,0.08566561756000583,10.671934499567367,0.23645792000032392,15.0,0;22.5;45;67.5;90;112.5;135;157.5;180;202.5;225;247.5;270;292.5;315;337.5
val_images,test001.png,0,rot45_padded,45.0,1000,1000,154360.0,0.15435999631881714,inpaint,red_gd,restormer,15.0,fixed15p0,0.8,3.8461538461538467,1.4142135623730951,0.02,G16_fixed,False,16,20,0.10017810435022026,9.992271906344083,0.19753507172761725,17,0.08502562622481537,10.704501607480164,0.23844801721624773,15.0,0;22.5;45;67.5;90;112.5;135;157.5;180;202.5;225;247.5;270;292.5;315;337.5
val_images,test001.png,0,rot45_padded,45.0,1000,1000,154360.0,0.15435999631881714,inpaint,red_gd,restormer,15.0,fixed15p0,0.8,3.8461538461538467,1.4142135623730951,0.02,G16_fixed,False,16,20,0.10017810435022026,9.992271906344083,0.19753507172761725,18,0.08440904303454587,10.736110234025366,0.24077362274067116,15.0,0;22.5;45;67.5;90;112.5;135;157.5;180;202.5;225;247.5;270;292.5;315;337.5
val_images,test001.png,0,rot45_padded,45.0,1000,1000,154360.0,0.15435999631881714,inpaint,red_gd,restormer,15.0,fixed15p0,0.8,3.8461538461538467,1.4142135623730951,0.02,G16_fixed,False,16,20,0.10017810435022026,9.992271906344083,0.19753507172761725,19,0.08380607452748445,10.767245012008184,0.24273993222013476,15.0,0;22.5;45;67.5;90;112.5;135;157.5;180;202.5;225;247.5;270;292.5;315;337.5
val_images,test001.png,0,rot45_padded,45.0,1000,1000,154360.0,0.15435999631881714,inpaint,red_gd,restormer,15.0,fixed15p0,0.8,3.8461538461538467,1.4142135623730951,0.02,G16_fixed,False,16,20,0.10017810435022026,9.992271906344083,0.19753507172761725,20,0.08322416702432625,10.797505429246627,0.24503542348244364,15.0,0;22.5;45;67.5;90;112.5;135;157.5;180;202.5;225;247.5;270;292.5;315;337.5
val_images,test002.png,1,upright,0.0,481,321,154401.0,1.0,inpaint,red_gd,restormer,15.0,fixed15p0,0.8,3.8461538461538467,1.4142135623730951,0.02,vanilla,True,0,20,0.22160118984009172,6.54427912086212,0.0680886779291423,1,0.22112887566304623,6.553545422593858,0.06819013477891983,15.0,none
val_images,test002.png,1,upright,0.0,481,321,154401.0,1.0,inpaint,red_gd,restormer,15.0,fixed15p0,0.8,3.8461538461538467,1.4142135623730951,0.02,vanilla,True,0,20,0.22160118984009172,6.54427912086212,0.0680886779291423,2,0.22067151342122138,6.562537264779584,0.06896841336641278,15.0,none
val_images,test002.png,1,upright,0.0,481,321,154401.0,1.0,inpaint,red_gd,restormer,15.0,fixed15p0,0.8,3.8461538461538467,1.4142135623730951,0.02,vanilla,True,0,20,0.22160118984009172,6.54427912086212,0.0680886779291423,3,0.22022697796646395,6.571294807125582,0.06909629542149986,15.0,none
val_images,test002.png,1,upright,0.0,481,321,154401.0,1.0,inpaint,red_gd,restormer,15.0,fixed15p0,0.8,3.8461538461538467,1.4142135623730951,0.02,vanilla,True,0,20,0.22160118984009172,6.54427912086212,0.0680886779291423,4,0.21979552229260174,6.579811593348339,0.06979907432594348,15.0,none
val_images,test002.png,1,upright,0.0,481,321,154401.0,1.0,inpaint,red_gd,restormer,15.0,fixed15p0,0.8,3.8461538461538467,1.4142135623730951,0.02,vanilla,True,0,20,0.22160118984009172,6.54427912086212,0.0680886779291423,5,0.21937540074222317,6.588120728454752,0.06994922616271915,15.0,none
val_images,test002.png,1,upright,0.0,481,321,154401.0,1.0,inpaint,red_gd,restormer,15.0,fixed15p0,0.8,3.8461538461538467,1.4142135623730951,0.02,vanilla,True,0,20,0.22160118984009172,6.54427912086212,0.0680886779291423,6,0.21896681571039048,6.59621697241409,0.07058732719509589,15.0,none
val_images,test002.png,1,upright,0.0,481,321,154401.0,1.0,inpaint,red_gd,restormer,15.0,fixed15p0,0.8,3.8461538461538467,1.4142135623730951,0.02,vanilla,True,0,20,0.22160118984009172,6.54427912086212,0.0680886779291423,7,0.21856819863537152,6.604130270243688,0.07075625749873705,15.0,none
val_images,test002.png,1,upright,0.0,481,321,154401.0,1.0,inpaint,red_gd,restormer,15.0,fixed15p0,0.8,3.8461538461538467,1.4142135623730951,0.02,vanilla,True,0,20,0.22160118984009172,6.54427912086212,0.0680886779291423,8,0.21817997960667354,6.611851031759718,0.07133892758345153,15.0,none
val_images,test002.png,1,upright,0.0,481,321,154401.0,1.0,inpaint,red_gd,restormer,15.0,fixed15p0,0.8,3.8461538461538467,1.4142135623730951,0.02,vanilla,True,0,20,0.22160118984009172,6.54427912086212,0.0680886779291423,9,0.21780053946379882,6.61941048887586,0.07152374589947604,15.0,none
val_images,test002.png,1,upright,0.0,481,321,154401.0,1.0,inpaint,red_gd,restormer,15.0,fixed15p0,0.8,3.8461538461538467,1.4142135623730951,0.02,vanilla,True,0,20,0.22160118984009172,6.54427912086212,0.0680886779291423,10,0.217430485391934,6.626795646227521,0.07205907451417089,15.0,none
val_images,test002.png,1,upright,0.0,481,321,154401.0,1.0,inpaint,red_gd,restormer,15.0,fixed15p0,0.8,3.8461538461538467,1.4142135623730951,0.02,vanilla,True,0,20,0.22160118984009172,6.54427912086212,0.0680886779291423,11,0.2170682994281125,6.634035961157628,0.07225748492359181,15.0,none
val_images,test002.png,1,upright,0.0,481,321,154401.0,1.0,inpaint,red_gd,restormer,15.0,fixed15p0,0.8,3.8461538461538467,1.4142135623730951,0.02,vanilla,True,0,20,0.22160118984009172,6.54427912086212,0.0680886779291423,12,0.21671463935628654,6.641117505310797,0.07275254324575295,15.0,none
val_images,test002.png,1,upright,0.0,481,321,154401.0,1.0,inpaint,red_gd,restormer,15.0,fixed15p0,0.8,3.8461538461538467,1.4142135623730951,0.02,vanilla,True,0,20,0.22160118984009172,6.54427912086212,0.0680886779291423,13,0.21636806311163786,6.648068426318839,0.07296269889362764,15.0,none
val_images,test002.png,1,upright,0.0,481,321,154401.0,1.0,inpaint,red_gd,restormer,15.0,fixed15p0,0.8,3.8461538461538467,1.4142135623730951,0.02,vanilla,True,0,20,0.22160118984009172,6.54427912086212,0.0680886779291423,14,0.21602925377750143,6.6548743452549255,0.07342350185151003,15.0,none
val_images,test002.png,1,upright,0.0,481,321,154401.0,1.0,inpaint,red_gd,restormer,15.0,fixed15p0,0.8,3.8461538461538467,1.4142135623730951,0.02,vanilla,True,0,20,0.22160118984009172,6.54427912086212,0.0680886779291423,15,0.21569684518720733,6.661562069039779,0.07364377725249513,15.0,none
val_images,test002.png,1,upright,0.0,481,321,154401.0,1.0,inpaint,red_gd,restormer,15.0,fixed15p0,0.8,3.8461538461538467,1.4142135623730951,0.02,vanilla,True,0,20,0.22160118984009172,6.54427912086212,0.0680886779291423,16,0.21537164692100438,6.668114709370245,0.07407547327049371,15.0,none
val_images,test002.png,1,upright,0.0,481,321,154401.0,1.0,inpaint,red_gd,restormer,15.0,fixed15p0,0.8,3.8461538461538467,1.4142135623730951,0.02,vanilla,True,0,20,0.22160118984009172,6.54427912086212,0.0680886779291423,17,0.2150521916146916,6.6745612715631095,0.07430455285668487,15.0,none
val_images,test002.png,1,upright,0.0,481,321,154401.0,1.0,inpaint,red_gd,restormer,15.0,fixed15p0,0.8,3.8461538461538467,1.4142135623730951,0.02,vanilla,True,0,20,0.22160118984009172,6.54427912086212,0.0680886779291423,18,0.2147394153454317,6.680882336450839,0.07471164522493377,15.0,none
val_images,test002.png,1,upright,0.0,481,321,154401.0,1.0,inpaint,red_gd,restormer,15.0,fixed15p0,0.8,3.8461538461538467,1.4142135623730951,0.02,vanilla,True,0,20,0.22160118984009172,6.54427912086212,0.0680886779291423,19,0.21443197724593752,6.687104498285525,0.07494844744771731,15.0,none
val_images,test002.png,1,upright,0.0,481,321,154401.0,1.0,inpaint,red_gd,restormer,15.0,fixed15p0,0.8,3.8461538461538467,1.4142135623730951,0.02,vanilla,True,0,20,0.22160118984009172,6.54427912086212,0.0680886779291423,20,0.2141307121958407,6.693210385411136,0.07533471209909585,15.0,none
val_images,test002.png,1,upright,0.0,481,321,154401.0,1.0,inpaint,red_gd,restormer,15.0,fixed15p0,0.8,3.8461538461538467,1.4142135623730951,0.02,G16_fixed,True,16,20,0.22160118984009172,6.54427912086212,0.0680886779291423,1,0.21820952928575593,6.61126287543031,0.06922566381532504,15.0,0;22.5;45;67.5;90;112.5;135;157.5;180;202.5;225;247.5;270;292.5;315;337.5
val_images,test002.png,1,upright,0.0,481,321,154401.0,1.0,inpaint,red_gd,restormer,15.0,fixed15p0,0.8,3.8461538461538467,1.4142135623730951,0.02,G16_fixed,True,16,20,0.22160118984009172,6.54427912086212,0.0680886779291423,2,0.21502228774425036,6.675165217463851,0.07045993215312725,15.0,0;22.5;45;67.5;90;112.5;135;157.5;180;202.5;225;247.5;270;292.5;315;337.5
val_images,test002.png,1,upright,0.0,481,321,154401.0,1.0,inpaint,red_gd,restormer,15.0,fixed15p0,0.8,3.8461538461538467,1.4142135623730951,0.02,G16_fixed,True,16,20,0.22160118984009172,6.54427912086212,0.0680886779291423,3,0.21196679273855093,6.73732171429834,0.07155940537949884,15.0,0;22.5;45;67.5;90;112.5;135;157.5;180;202.5;225;247.5;270;292.5;315;337.5
val_images,test002.png,1,upright,0.0,481,321,154401.0,1.0,inpaint,red_gd,restormer,15.0,fixed15p0,0.8,3.8461538461538467,1.4142135623730951,0.02,G16_fixed,True,16,20,0.22160118984009172,6.54427912086212,0.0680886779291423,4,0.20907675569620662,6.796942475936424,0.07272865430356669,15.0,0;22.5;45;67.5;90;112.5;135;157.5;180;202.5;225;247.5;270;292.5;315;337.5
val_images,test002.png,1,upright,0.0,481,321,154401.0,1.0,inpaint,red_gd,restormer,15.0,fixed15p0,0.8,3.8461538461538467,1.4142135623730951,0.02,G16_fixed,True,16,20,0.22160118984009172,6.54427912086212,0.0680886779291423,5,0.2062927863161508,6.855159582501375,0.07380242335703785,15.0,0;22.5;45;67.5;90;112.5;135;157.5;180;202.5;225;247.5;270;292.5;315;337.5
val_images,test002.png,1,upright,0.0,481,321,154401.0,1.0,inpaint,red_gd,restormer,15.0,fixed15p0,0.8,3.8461538461538467,1.4142135623730951,0.02,G16_fixed,True,16,20,0.22160118984009172,6.54427912086212,0.0680886779291423,6,0.20365440223427958,6.9110619768015935,0.07491458422387161,15.0,0;22.5;45;67.5;90;112.5;135;157.5;180;202.5;225;247.5;270;292.5;315;337.5
val_images,test002.png,1,upright,0.0,481,321,154401.0,1.0,inpaint,red_gd,restormer,15.0,fixed15p0,0.8,3.8461538461538467,1.4142135623730951,0.02,G16_fixed,True,16,20,0.22160118984009172,6.54427912086212,0.0680886779291423,7,0.20110088493193048,6.9658601831321,0.07596508417003452,15.0,0;22.5;45;67.5;90;112.5;135;157.5;180;202.5;225;247.5;270;292.5;315;337.5
val_images,test002.png,1,upright,0.0,481,321,154401.0,1.0,inpaint,red_gd,restormer,15.0,fixed15p0,0.8,3.8461538461538467,1.4142135623730951,0.02,G16_fixed,True,16,20,0.22160118984009172,6.54427912086212,0.0680886779291423,8,0.19866683131504978,7.018746350506277,0.07703659525359292,15.0,0;22.5;45;67.5;90;112.5;135;157.5;180;202.5;225;247.5;270;292.5;315;337.5
val_images,test002.png,1,upright,0.0,481,321,154401.0,1.0,inpaint,red_gd,restormer,15.0,fixed15p0,0.8,3.8461538461538467,1.4142135623730951,0.02,G16_fixed,True,16,20,0.22160118984009172,6.54427912086212,0.0680886779291423,9,0.19630237630018588,7.0707444310090235,0.07807061897672295,15.0,0;22.5;45;67.5;90;112.5;135;157.5;180;202.5;225;247.5;270;292.5;315;337.5
val_images,test002.png,1,upright,0.0,481,321,154401.0,1.0,inpaint,red_gd,restormer,15.0,fixed15p0,0.8,3.8461538461538467,1.4142135623730951,0.02,G16_fixed,True,16,20,0.22160118984009172,6.54427912086212,0.0680886779291423,10,0.19405211004948156,7.120816305438367,0.07910202421373566,15.0,0;22.5;45;67.5;90;112.5;135;157.5;180;202.5;225;247.5;270;292.5;315;337.5
val_images,test002.png,1,upright,0.0,481,321,154401.0,1.0,inpaint,red_gd,restormer,15.0,fixed15p0,0.8,3.8461538461538467,1.4142135623730951,0.02,G16_fixed,True,16,20,0.22160118984009172,6.54427912086212,0.0680886779291423,11,0.19186098110601615,7.170133390391947,0.08011236771458734,15.0,0;22.5;45;67.5;90;112.5;135;157.5;180;202.5;225;247.5;270;292.5;315;337.5
val_images,test002.png,1,upright,0.0,481,321,154401.0,1.0,inpaint,red_gd,restormer,15.0,fixed15p0,0.8,3.8461538461538467,1.4142135623730951,0.02,G16_fixed,True,16,20,0.22160118984009172,6.54427912086212,0.0680886779291423,12,0.18976673614889153,7.2177991189314215,0.08111040306571848,15.0,0;22.5;45;67.5;90;112.5;135;157.5;180;202.5;225;247.5;270;292.5;315;337.5
val_images,test002.png,1,upright,0.0,481,321,154401.0,1.0,inpaint,red_gd,restormer,15.0,fixed15p0,0.8,3.8461538461538467,1.4142135623730951,0.02,G16_fixed,True,16,20,0.22160118984009172,6.54427912086212,0.0680886779291423,13,0.18772083831225186,7.264875150094461,0.08209900174707417,15.0,0;22.5;45;67.5;90;112.5;135;157.5;180;202.5;225;247.5;270;292.5;315;337.5
val_images,test002.png,1,upright,0.0,481,321,154401.0,1.0,inpaint,red_gd,restormer,15.0,fixed15p0,0.8,3.8461538461538467,1.4142135623730951,0.02,G16_fixed,True,16,20,0.22160118984009172,6.54427912086212,0.0680886779291423,14,0.18575784655296923,7.310528322501152,0.08307277499012312,15.0,0;22.5;45;67.5;90;112.5;135;157.5;180;202.5;225;247.5;270;292.5;315;337.5
val_images,test002.png,1,upright,0.0,481,321,154401.0,1.0,inpaint,red_gd,restormer,15.0,fixed15p0,0.8,3.8461538461538467,1.4142135623730951,0.02,G16_fixed,True,16,20,0.22160118984009172,6.54427912086212,0.0680886779291423,15,0.18383872392342018,7.355630032061626,0.08404391077251766,15.0,0;22.5;45;67.5;90;112.5;135;157.5;180;202.5;225;247.5;270;292.5;315;337.5
val_images,test002.png,1,upright,0.0,481,321,154401.0,1.0,inpaint,red_gd,restormer,15.0,fixed15p0,0.8,3.8461538461538467,1.4142135623730951,0.02,G16_fixed,True,16,20,0.22160118984009172,6.54427912086212,0.0680886779291423,16,0.18199723244991936,7.39935216085623,0.08499370020069494,15.0,0;22.5;45;67.5;90;112.5;135;157.5;180;202.5;225;247.5;270;292.5;315;337.5
val_images,test002.png,1,upright,0.0,481,321,154401.0,1.0,inpaint,red_gd,restormer,15.0,fixed15p0,0.8,3.8461538461538467,1.4142135623730951,0.02,G16_fixed,True,16,20,0.22160118984009172,6.54427912086212,0.0680886779291423,17,0.18019381654749644,7.4426011616149,0.08594500126699309,15.0,0;22.5;45;67.5;90;112.5;135;157.5;180;202.5;225;247.5;270;292.5;315;337.5
val_images,test002.png,1,upright,0.0,481,321,154401.0,1.0,inpaint,red_gd,restormer,15.0,fixed15p0,0.8,3.8461538461538467,1.4142135623730951,0.02,G16_fixed,True,16,20,0.22160118984009172,6.54427912086212,0.0680886779291423,18,0.17845483817300406,7.484716731868599,0.08687331784403922,15.0,0;22.5;45;67.5;90;112.5;135;157.5;180;202.5;225;247.5;270;292.5;315;337.5
val_images,test002.png,1,upright,0.0,481,321,154401.0,1.0,inpaint,red_gd,restormer,15.0,fixed15p0,0.8,3.8461538461538467,1.4142135623730951,0.02,G16_fixed,True,16,20,0.22160118984009172,6.54427912086212,0.0680886779291423,19,0.17675415041434317,7.52630379619413,0.08780271596969903,15.0,0;22.5;45;67.5;90;112.5;135;157.5;180;202.5;225;247.5;270;292.5;315;337.5
val_images,test002.png,1,upright,0.0,481,321,154401.0,1.0,inpaint,red_gd,restormer,15.0,fixed15p0,0.8,3.8461538461538467,1.4142135623730951,0.02,G16_fixed,True,16,20,0.22160118984009172,6.54427912086212,0.0680886779291423,20,0.1751061865693875,7.56698509853255,0.08871570112078289,15.0,0;22.5;45;67.5;90;112.5;135;157.5;180;202.5;225;247.5;270;292.5;315;337.5
val_images,test002.png,1,rot45_padded,45.0,1000,1000,154360.0,0.15435999631881714,inpaint,red_gd,restormer,15.0,fixed15p0,0.8,3.8461538461538467,1.4142135623730951,0.02,vanilla,False,0,20,0.2216987429952708,6.542367692750708,0.07683882998752915,1,0.22135589591701219,6.549089058960077,0.07683807080445064,15.0,none
val_images,test002.png,1,rot45_padded,45.0,1000,1000,154360.0,0.15435999631881714,inpaint,red_gd,restormer,15.0,fixed15p0,0.8,3.8461538461538467,1.4142135623730951,0.02,vanilla,False,0,20,0.2216987429952708,6.542367692750708,0.07683882998752915,2,0.22103094025330397,6.555469288454052,0.07720019480637795,15.0,none
val_images,test002.png,1,rot45_padded,45.0,1000,1000,154360.0,0.15435999631881714,inpaint,red_gd,restormer,15.0,fixed15p0,0.8,3.8461538461538467,1.4142135623730951,0.02,vanilla,False,0,20,0.2216987429952708,6.542367692750708,0.07683882998752915,3,0.22071038785145114,6.561772260572076,0.07722347009426017,15.0,none
val_images,test002.png,1,rot45_padded,45.0,1000,1000,154360.0,0.15435999631881714,inpaint,red_gd,restormer,15.0,fixed15p0,0.8,3.8461538461538467,1.4142135623730951,0.02,vanilla,False,0,20,0.2216987429952708,6.542367692750708,0.07683882998752915,4,0.22040046401269758,6.567874954920222,0.07755056412363955,15.0,none
val_images,test002.png,1,rot45_padded,45.0,1000,1000,154360.0,0.15435999631881714,inpaint,red_gd,restormer,15.0,fixed15p0,0.8,3.8461538461538467,1.4142135623730951,0.02,vanilla,False,0,20,0.2216987429952708,6.542367692750708,0.07683882998752915,5,0.2200890471138896,6.57401569878996,0.0775906047045057,15.0,none
val_images,test002.png,1,rot45_padded,45.0,1000,1000,154360.0,0.15435999631881714,inpaint,red_gd,restormer,15.0,fixed15p0,0.8,3.8461538461538467,1.4142135623730951,0.02,vanilla,False,0,20,0.2216987429952708,6.542367692750708,0.07683882998752915,6,0.21978456408719876,6.5800281221805825,0.07789491058847824,15.0,none
val_images,test002.png,1,rot45_padded,45.0,1000,1000,154360.0,0.15435999631881714,inpaint,red_gd,restormer,15.0,fixed15p0,0.8,3.8461538461538467,1.4142135623730951,0.02,vanilla,False,0,20,0.2216987429952708,6.542367692750708,0.07683882998752915,7,0.2194800810605079,6.58604888078087,0.07794764217980694,15.0,none
val_images,test002.png,1,rot45_padded,45.0,1000,1000,154360.0,0.15435999631881714,inpaint,red_gd,restormer,15.0,fixed15p0,0.8,3.8461538461538467,1.4142135623730951,0.02,vanilla,False,0,20,0.2216987429952708,6.542367692750708,0.07683882998752915,8,0.21918511312840114,6.591889461080228,0.0782297609383098,15.0,none
val_images,test002.png,1,rot45_padded,45.0,1000,1000,154360.0,0.15435999631881714,inpaint,red_gd,restormer,15.0,fixed15p0,0.8,3.8461538461538467,1.4142135623730951,0.02,vanilla,False,0,20,0.2216987429952708,6.542367692750708,0.07683882998752915,9,0.21889009458408915,6.597738910807919,0.07828787007644468,15.0,none
val_images,test002.png,1,rot45_padded,45.0,1000,1000,154360.0,0.15435999631881714,inpaint,red_gd,restormer,15.0,fixed15p0,0.8,3.8461538461538467,1.4142135623730951,0.02,vanilla,False,0,20,0.2216987429952708,6.542367692750708,0.07683882998752915,10,0.21859846705752786,6.603528879068605,0.07855197088988404,15.0,none
val_images,test002.png,1,rot45_padded,45.0,1000,1000,154360.0,0.15435999631881714,inpaint,red_gd,restormer,15.0,fixed15p0,0.8,3.8461538461538467,1.4142135623730951,0.02,vanilla,False,0,20,0.2216987429952708,6.542367692750708,0.07683882998752915,11,0.21830815544830268,6.609300398289422,0.07861721002243133,15.0,none
val_images,test002.png,1,rot45_padded,45.0,1000,1000,154360.0,0.15435999631881714,inpaint,red_gd,restormer,15.0,fixed15p0,0.8,3.8461538461538467,1.4142135623730951,0.02,vanilla,False,0,20,0.2216987429952708,6.542367692750708,0.07683882998752915,12,0.2180172871048199,6.615090687964406,0.0788672532958668,15.0,none
val_images,test002.png,1,rot45_padded,45.0,1000,1000,154360.0,0.15435999631881714,inpaint,red_gd,restormer,15.0,fixed15p0,0.8,3.8461538461538467,1.4142135623730951,0.02,vanilla,False,0,20,0.2216987429952708,6.542367692750708,0.07683882998752915,13,0.21773079671708992,6.620801382609153,0.07894023609581498,15.0,none
val_images,test002.png,1,rot45_padded,45.0,1000,1000,154360.0,0.15435999631881714,inpaint,red_gd,restormer,15.0,fixed15p0,0.8,3.8461538461538467,1.4142135623730951,0.02,vanilla,False,0,20,0.2216987429952708,6.542367692750708,0.07683882998752915,14,0.21744207939232962,6.626564074461263,0.0791784044805973,15.0,none
val_images,test002.png,1,rot45_padded,45.0,1000,1000,154360.0,0.15435999631881714,inpaint,red_gd,restormer,15.0,fixed15p0,0.8,3.8461538461538467,1.4142135623730951,0.02,vanilla,False,0,20,0.2216987429952708,6.542367692750708,0.07683882998752915,15,0.21716090328614926,6.632183605539598,0.07925818829562387,15.0,none
val_images,test002.png,1,rot45_padded,45.0,1000,1000,154360.0,0.15435999631881714,inpaint,red_gd,restormer,15.0,fixed15p0,0.8,3.8461538461538467,1.4142135623730951,0.02,vanilla,False,0,20,0.2216987429952708,6.542367692750708,0.07683882998752915,16,0.2168768169781679,6.63786869362289,0.07948606342316662,15.0,none
val_images,test002.png,1,rot45_padded,45.0,1000,1000,154360.0,0.15435999631881714,inpaint,red_gd,restormer,15.0,fixed15p0,0.8,3.8461538461538467,1.4142135623730951,0.02,vanilla,False,0,20,0.2216987429952708,6.542367692750708,0.07683882998752915,17,0.21660254943800208,6.6433643598244245,0.07957125641762762,15.0,none
val_images,test002.png,1,rot45_padded,45.0,1000,1000,154360.0,0.15435999631881714,inpaint,red_gd,restormer,15.0,fixed15p0,0.8,3.8461538461538467,1.4142135623730951,0.02,vanilla,False,0,20,0.2216987429952708,6.542367692750708,0.07683882998752915,18,0.2163254729204457,6.648923381779802,0.07978993910339466,15.0,none
val_images,test002.png,1,rot45_padded,45.0,1000,1000,154360.0,0.15435999631881714,inpaint,red_gd,restormer,15.0,fixed15p0,0.8,3.8461538461538467,1.4142135623730951,0.02,vanilla,False,0,20,0.2216987429952708,6.542367692750708,0.07683882998752915,19,0.21605965761855403,6.654263164543208,0.07987918740080008,15.0,none
val_images,test002.png,1,rot45_padded,45.0,1000,1000,154360.0,0.15435999631881714,inpaint,red_gd,restormer,15.0,fixed15p0,0.8,3.8461538461538467,1.4142135623730951,0.02,vanilla,False,0,20,0.2216987429952708,6.542367692750708,0.07683882998752915,20,0.21579105864537446,6.659665543770367,0.08008979111330655,15.0,none
val_images,test002.png,1,rot45_padded,45.0,1000,1000,154360.0,0.15435999631881714,inpaint,red_gd,restormer,15.0,fixed15p0,0.8,3.8461538461538467,1.4142135623730951,0.02,G16_fixed,False,16,20,0.2216987429952708,6.542367692750708,0.07683882998752915,1,0.21849552183208085,6.605574596708886,0.077809831471479,15.0,0;22.5;45;67.5;90;112.5;135;157.5;180;202.5;225;247.5;270;292.5;315;337.5
val_images,test002.png,1,rot45_padded,45.0,1000,1000,154360.0,0.15435999631881714,inpaint,red_gd,restormer,15.0,fixed15p0,0.8,3.8461538461538467,1.4142135623730951,0.02,G16_fixed,False,16,20,0.2216987429952708,6.542367692750708,0.07683882998752915,2,0.21550659274585385,6.665394394273828,0.07900999236767946,15.0,0;22.5;45;67.5;90;112.5;135;157.5;180;202.5;225;247.5;270;292.5;315;337.5
val_images,test002.png,1,rot45_padded,45.0,1000,1000,154360.0,0.15435999631881714,inpaint,red_gd,restormer,15.0,fixed15p0,0.8,3.8461538461538467,1.4142135623730951,0.02,G16_fixed,False,16,20,0.2216987429952708,6.542367692750708,0.07683882998752915,3,0.21264920478103136,6.723362370264015,0.07991912043073011,15.0,0;22.5;45;67.5;90;112.5;135;157.5;180;202.5;225;247.5;270;292.5;315;337.5
val_images,test002.png,1,rot45_padded,45.0,1000,1000,154360.0,0.15435999631881714,inpaint,red_gd,restormer,15.0,fixed15p0,0.8,3.8461538461538467,1.4142135623730951,0.02,G16_fixed,False,16,20,0.2216987429952708,6.542367692750708,0.07683882998752915,4,0.20996832688196423,6.778462123985629,0.08102490221721949,15.0,0;22.5;45;67.5;90;112.5;135;157.5;180;202.5;225;247.5;270;292.5;315;337.5
val_images,test002.png,1,rot45_padded,45.0,1000,1000,154360.0,0.15435999631881714,inpaint,red_gd,restormer,15.0,fixed15p0,0.8,3.8461538461538467,1.4142135623730951,0.02,G16_fixed,False,16,20,0.2216987429952708,6.542367692750708,0.07683882998752915,5,0.20739036890224152,6.832114158820386,0.08188658766438844,15.0,0;22.5;45;67.5;90;112.5;135;157.5;180;202.5;225;247.5;270;292.5;315;337.5
val_images,test002.png,1,rot45_padded,45.0,1000,1000,154360.0,0.15435999631881714,inpaint,red_gd,restormer,15.0,fixed15p0,0.8,3.8461538461538467,1.4142135623730951,0.02,G16_fixed,False,16,20,0.2216987429952708,6.542367692750708,0.07683882998752915,6,0.20495909774633972,6.8833279940973435,0.08292038624198303,15.0,0;22.5;45;67.5;90;112.5;135;157.5;180;202.5;225;247.5;270;292.5;315;337.5
val_images,test002.png,1,rot45_padded,45.0,1000,1000,154360.0,0.15435999631881714,inpaint,red_gd,restormer,15.0,fixed15p0,0.8,3.8461538461538467,1.4142135623730951,0.02,G16_fixed,False,16,20,0.2216987429952708,6.542367692750708,0.07683882998752915,7,0.2026111722394079,6.93336610761775,0.08374626988047422,15.0,0;22.5;45;67.5;90;112.5;135;157.5;180;202.5;225;247.5;270;292.5;315;337.5
val_images,test002.png,1,rot45_padded,45.0,1000,1000,154360.0,0.15435999631881714,inpaint,red_gd,restormer,15.0,fixed15p0,0.8,3.8461538461538467,1.4142135623730951,0.02,G16_fixed,False,16,20,0.2216987429952708,6.542367692750708,0.07683882998752915,8,0.20038794255312256,6.981284137438263,0.084723623196181,15.0,0;22.5;45;67.5;90;112.5;135;157.5;180;202.5;225;247.5;270;292.5;315;337.5
val_images,test002.png,1,rot45_padded,45.0,1000,1000,154360.0,0.15435999631881714,inpaint,red_gd,restormer,15.0,fixed15p0,0.8,3.8461538461538467,1.4142135623730951,0.02,G16_fixed,False,16,20,0.2216987429952708,6.542367692750708,0.07683882998752915,9,0.19823477281193314,7.028201625865717,0.08551965196010948,15.0,0;22.5;45;67.5;90;112.5;135;157.5;180;202.5;225;247.5;270;292.5;315;337.5
val_images,test002.png,1,rot45_padded,45.0,1000,1000,154360.0,0.15435999631881714,inpaint,red_gd,restormer,15.0,fixed15p0,0.8,3.8461538461538467,1.4142135623730951,0.02,G16_fixed,False,16,20,0.2216987429952708,6.542367692750708,0.07683882998752915,10,0.19618811645665976,7.07327302326102,0.08645122653618165,15.0,0;22.5;45;67.5;90;112.5;135;157.5;180;202.5;225;247.5;270;292.5;315;337.5
val_images,test002.png,1,rot45_padded,45.0,1000,1000,154360.0,0.15435999631881714,inpaint,red_gd,restormer,15.0,fixed15p0,0.8,3.8461538461538467,1.4142135623730951,0.02,G16_fixed,False,16,20,0.2216987429952708,6.542367692750708,0.07683882998752915,11,0.194201916380539,7.117464887978036,0.08722084205550337,15.0,0;22.5;45;67.5;90;112.5;135;157.5;180;202.5;225;247.5;270;292.5;315;337.5
val_images,test002.png,1,rot45_padded,45.0,1000,1000,154360.0,0.15435999631881714,inpaint,red_gd,restormer,15.0,fixed15p0,0.8,3.8461538461538467,1.4142135623730951,0.02,G16_fixed,False,16,20,0.2216987429952708,6.542367692750708,0.07683882998752915,12,0.19230722317148224,7.160044031010813,0.08811531155861298,15.0,0;22.5;45;67.5;90;112.5;135;157.5;180;202.5;225;247.5;270;292.5;315;337.5
val_images,test002.png,1,rot45_padded,45.0,1000,1000,154360.0,0.15435999631881714,inpaint,red_gd,restormer,15.0,fixed15p0,0.8,3.8461538461538467,1.4142135623730951,0.02,G16_fixed,False,16,20,0.2216987429952708,6.542367692750708,0.07683882998752915,13,0.19046659645066727,7.201811787766836,0.08886054464806296,15.0,0;22.5;45;67.5;90;112.5;135;157.5;180;202.5;225;247.5;270;292.5;315;337.5
val_images,test002.png,1,rot45_padded,45.0,1000,1000,154360.0,0.15435999631881714,inpaint,red_gd,restormer,15.0,fixed15p0,0.8,3.8461538461538467,1.4142135623730951,0.02,G16_fixed,False,16,20,0.2216987429952708,6.542367692750708,0.07683882998752915,14,0.18870435538270924,7.242180760043931,0.08972508335830202,15.0,0;22.5;45;67.5;90;112.5;135;157.5;180;202.5;225;247.5;270;292.5;315;337.5
val_images,test002.png,1,rot45_padded,45.0,1000,1000,154360.0,0.15435999631881714,inpaint,red_gd,restormer,15.0,fixed15p0,0.8,3.8461538461538467,1.4142135623730951,0.02,G16_fixed,False,16,20,0.2216987429952708,6.542367692750708,0.07683882998752915,15,0.18699147386790618,7.281781952631659,0.09044785095515354,15.0,0;22.5;45;67.5;90;112.5;135;157.5;180;202.5;225;247.5;270;292.5;315;337.5
val_images,test002.png,1,rot45_padded,45.0,1000,1000,154360.0,0.15435999631881714,inpaint,red_gd,restormer,15.0,fixed15p0,0.8,3.8461538461538467,1.4142135623730951,0.02,G16_fixed,False,16,20,0.2216987429952708,6.542367692750708,0.07683882998752915,16,0.18534604576962943,7.320166749095655,0.09128805152120044,15.0,0;22.5;45;67.5;90;112.5;135;157.5;180;202.5;225;247.5;270;292.5;315;337.5
val_images,test002.png,1,rot45_padded,45.0,1000,1000,154360.0,0.15435999631881714,inpaint,red_gd,restormer,15.0,fixed15p0,0.8,3.8461538461538467,1.4142135623730951,0.02,G16_fixed,False,16,20,0.2216987429952708,6.542367692750708,0.07683882998752915,17,0.18374583967672972,7.357824853098554,0.09199021362399586,15.0,0;22.5;45;67.5;90;112.5;135;157.5;180;202.5;225;247.5;270;292.5;315;337.5
val_images,test002.png,1,rot45_padded,45.0,1000,1000,154360.0,0.15435999631881714,inpaint,red_gd,restormer,15.0,fixed15p0,0.8,3.8461538461538467,1.4142135623730951,0.02,G16_fixed,False,16,20,0.2216987429952708,6.542367692750708,0.07683882998752915,18,0.18220466006818475,7.394405197010183,0.09281008706311544,15.0,0;22.5;45;67.5;90;112.5;135;157.5;180;202.5;225;247.5;270;292.5;315;337.5
val_images,test002.png,1,rot45_padded,45.0,1000,1000,154360.0,0.15435999631881714,inpaint,red_gd,restormer,15.0,fixed15p0,0.8,3.8461538461538467,1.4142135623730951,0.02,G16_fixed,False,16,20,0.2216987429952708,6.542367692750708,0.07683882998752915,19,0.18070471675385463,7.430305113381445,0.09349370611921806,15.0,0;22.5;45;67.5;90;112.5;135;157.5;180;202.5;225;247.5;270;292.5;315;337.5
val_images,test002.png,1,rot45_padded,45.0,1000,1000,154360.0,0.15435999631881714,inpaint,red_gd,restormer,15.0,fixed15p0,0.8,3.8461538461538467,1.4142135623730951,0.02,G16_fixed,False,16,20,0.2216987429952708,6.542367692750708,0.07683882998752915,20,0.17925718237804483,7.465234342394624,0.09429632712287833,15.0,0;22.5;45;67.5;90;112.5;135;157.5;180;202.5;225;247.5;270;292.5;315;337.5
val_images,test003.png,2,upright,0.0,481,321,154401.0,1.0,inpaint,red_gd,restormer,15.0,fixed15p0,0.8,3.8461538461538467,1.4142135623730951,0.02,vanilla,True,0,20,0.12315735740458288,9.095396383537715,0.07528226647860117,1,0.12281256476641991,9.107571989149312,0.0756364831368482,15.0,none
val_images,test003.png,2,upright,0.0,481,321,154401.0,1.0,inpaint,red_gd,restormer,15.0,fixed15p0,0.8,3.8461538461538467,1.4142135623730951,0.02,vanilla,True,0,20,0.12315735740458288,9.095396383537715,0.07528226647860117,2,0.12247639921778357,9.119475902950551,0.07664909725730404,15.0,none
val_images,test003.png,2,upright,0.0,481,321,154401.0,1.0,inpaint,red_gd,restormer,15.0,fixed15p0,0.8,3.8461538461538467,1.4142135623730951,0.02,vanilla,True,0,20,0.12315735740458288,9.095396383537715,0.07528226647860117,3,0.12215111240374091,9.131025736466924,0.07706999676370295,15.0,none
val_images,test003.png,2,upright,0.0,481,321,154401.0,1.0,inpaint,red_gd,restormer,15.0,fixed15p0,0.8,3.8461538461538467,1.4142135623730951,0.02,vanilla,True,0,20,0.12315735740458288,9.095396383537715,0.07528226647860117,4,0.12183318771008607,9.14234392523544,0.07804690080537043,15.0,none
val_images,test003.png,2,upright,0.0,481,321,154401.0,1.0,inpaint,red_gd,restormer,15.0,fixed15p0,0.8,3.8461538461538467,1.4142135623730951,0.02,vanilla,True,0,20,0.12315735740458288,9.095396383537715,0.07528226647860117,5,0.12152481353342919,9.153350366304199,0.07853376212751213,15.0,none
val_images,test003.png,2,upright,0.0,481,321,154401.0,1.0,inpaint,red_gd,restormer,15.0,fixed15p0,0.8,3.8461538461538467,1.4142135623730951,0.02,vanilla,True,0,20,0.12315735740458288,9.095396383537715,0.07528226647860117,6,0.12122273890308354,9.164159077780967,0.07947961750166774,15.0,none
val_images,test003.png,2,upright,0.0,481,321,154401.0,1.0,inpaint,red_gd,restormer,15.0,fixed15p0,0.8,3.8461538461538467,1.4142135623730951,0.02,vanilla,True,0,20,0.12315735740458288,9.095396383537715,0.07528226647860117,7,0.12092911426658506,9.174691280628961,0.08003022061871361,15.0,none
val_images,test003.png,2,upright,0.0,481,321,154401.0,1.0,inpaint,red_gd,restormer,15.0,fixed15p0,0.8,3.8461538461538467,1.4142135623730951,0.02,vanilla,True,0,20,0.12315735740458288,9.095396383537715,0.07528226647860117,8,0.12064105549429732,9.185048717947277,0.08094938514404051,15.0,none
val_images,test003.png,2,upright,0.0,481,321,154401.0,1.0,inpaint,red_gd,restormer,15.0,fixed15p0,0.8,3.8461538461538467,1.4142135623730951,0.02,vanilla,True,0,20,0.12315735740458288,9.095396383537715,0.07528226647860117,9,0.12036052328838544,9.195159327567808,0.08155991617403709,15.0,none
val_images,test003.png,2,upright,0.0,481,321,154401.0,1.0,inpaint,red_gd,restormer,15.0,fixed15p0,0.8,3.8461538461538467,1.4142135623730951,0.02,vanilla,True,0,20,0.12315735740458288,9.095396383537715,0.07528226647860117,10,0.12008513950686849,9.205107330590298,0.08245683621705818,15.0,none
val_images,test003.png,2,upright,0.0,481,321,154401.0,1.0,inpaint,red_gd,restormer,15.0,fixed15p0,0.8,3.8461538461538467,1.4142135623730951,0.02,vanilla,True,0,20,0.12315735740458288,9.095396383537715,0.07528226647860117,11,0.1198165233102441,9.214832863904743,0.08312210878653635,15.0,none
val_images,test003.png,2,upright,0.0,481,321,154401.0,1.0,inpaint,red_gd,restormer,15.0,fixed15p0,0.8,3.8461538461538467,1.4142135623730951,0.02,vanilla,True,0,20,0.12315735740458288,9.095396383537715,0.07528226647860117,12,0.11955277724480412,9.224403306474645,0.08400097771994676,15.0,none
val_images,test003.png,2,upright,0.0,481,321,154401.0,1.0,inpaint,red_gd,restormer,15.0,fixed15p0,0.8,3.8461538461538467,1.4142135623730951,0.02,vanilla,True,0,20,0.12315735740458288,9.095396383537715,0.07528226647860117,13,0.1192952801269098,9.23376738688316,0.08471457843537283,15.0,none
val_images,test003.png,2,upright,0.0,481,321,154401.0,1.0,inpaint,red_gd,restormer,15.0,fixed15p0,0.8,3.8461538461538467,1.4142135623730951,0.02,vanilla,True,0,20,0.12315735740458288,9.095396383537715,0.07528226647860117,14,0.11904255194266876,9.242977716273321,0.08557866620439634,15.0,none
val_images,test003.png,2,upright,0.0,481,321,154401.0,1.0,inpaint,red_gd,restormer,15.0,fixed15p0,0.8,3.8461538461538467,1.4142135623730951,0.02,vanilla,True,0,20,0.12315735740458288,9.095396383537715,0.07528226647860117,15,0.11879557936800927,9.251997200602172,0.08633340371621621,15.0,none
val_images,test003.png,2,upright,0.0,481,321,154401.0,1.0,inpaint,red_gd,restormer,15.0,fixed15p0,0.8,3.8461538461538467,1.4142135623730951,0.02,vanilla,True,0,20,0.12315735740458288,9.095396383537715,0.07528226647860117,16,0.11855340102638584,9.26085982590007,0.08718557547595222,15.0,none
val_images,test003.png,2,upright,0.0,481,321,154401.0,1.0,inpaint,red_gd,restormer,15.0,fixed15p0,0.8,3.8461538461538467,1.4142135623730951,0.02,vanilla,True,0,20,0.12315735740458288,9.095396383537715,0.07528226647860117,17,0.11831658615391093,9.269543697406066,0.0879744924539025,15.0,none
val_images,test003.png,2,upright,0.0,481,321,154401.0,1.0,inpaint,red_gd,restormer,15.0,fixed15p0,0.8,3.8461538461538467,1.4142135623730951,0.02,vanilla,True,0,20,0.12315735740458288,9.095396383537715,0.07528226647860117,18,0.11808469201138594,9.278063987953406,0.08881763233398747,15.0,none
val_images,test003.png,2,upright,0.0,481,321,154401.0,1.0,inpaint,red_gd,restormer,15.0,fixed15p0,0.8,3.8461538461538467,1.4142135623730951,0.02,vanilla,True,0,20,0.12315735740458288,9.095396383537715,0.07528226647860117,19,0.11785776919757644,9.286417834542721,0.08963458102805358,15.0,none
val_images,test003.png,2,upright,0.0,481,321,154401.0,1.0,inpaint,red_gd,restormer,15.0,fixed15p0,0.8,3.8461538461538467,1.4142135623730951,0.02,vanilla,True,0,20,0.12315735740458288,9.095396383537715,0.07528226647860117,20,0.11763593155970492,9.294600039858107,0.09047212341969936,15.0,none
val_images,test003.png,2,upright,0.0,481,321,154401.0,1.0,inpaint,red_gd,restormer,15.0,fixed15p0,0.8,3.8461538461538467,1.4142135623730951,0.02,G16_fixed,True,16,20,0.12315735740458288,9.095396383537715,0.07528226647860117,1,0.12141178854087732,9.157391431644285,0.07686140967756037,15.0,0;22.5;45;67.5;90;112.5;135;157.5;180;202.5;225;247.5;270;292.5;315;337.5
val_images,test003.png,2,upright,0.0,481,321,154401.0,1.0,inpaint,red_gd,restormer,15.0,fixed15p0,0.8,3.8461538461538467,1.4142135623730951,0.02,G16_fixed,True,16,20,0.12315735740458288,9.095396383537715,0.07528226647860117,2,0.11975761369745015,9.216968663753812,0.07824000466925408,15.0,0;22.5;45;67.5;90;112.5;135;157.5;180;202.5;225;247.5;270;292.5;315;337.5
val_images,test003.png,2,upright,0.0,481,321,154401.0,1.0,inpaint,red_gd,restormer,15.0,fixed15p0,0.8,3.8461538461538467,1.4142135623730951,0.02,G16_fixed,True,16,20,0.12315735740458288,9.095396383537715,0.07528226647860117,3,0.11817245557023594,9.274837399343147,0.07978038288895474,15.0,0;22.5;45;67.5;90;112.5;135;157.5;180;202.5;225;247.5;270;292.5;315;337.5
val_images,test003.png,2,upright,0.0,481,321,154401.0,1.0,inpaint,red_gd,restormer,15.0,fixed15p0,0.8,3.8461538461538467,1.4142135623730951,0.02,G16_fixed,True,16,20,0.12315735740458288,9.095396383537715,0.07528226647860117,4,0.11666591527499821,9.330560074520115,0.08111430549551168,15.0,0;22.5;45;67.5;90;112.5;135;157.5;180;202.5;225;247.5;270;292.5;315;337.5
val_images,test003.png,2,upright,0.0,481,321,154401.0,1.0,inpaint,red_gd,restormer,15.0,fixed15p0,0.8,3.8461538461538467,1.4142135623730951,0.02,G16_fixed,True,16,20,0.12315735740458288,9.095396383537715,0.07528226647860117,5,0.11521954956169325,9.384738269332505,0.08261673464104831,15.0,0;22.5;45;67.5;90;112.5;135;157.5;180;202.5;225;247.5;270;292.5;315;337.5
val_images,test003.png,2,upright,0.0,481,321,154401.0,1.0,inpaint,red_gd,restormer,15.0,fixed15p0,0.8,3.8461538461538467,1.4142135623730951,0.02,G16_fixed,True,16,20,0.12315735740458288,9.095396383537715,0.07528226647860117,6,0.11383566067415367,9.437216675723006,0.08391761625369978,15.0,0;22.5;45;67.5;90;112.5;135;157.5;180;202.5;225;247.5;270;292.5;315;337.5
val_images,test003.png,2,upright,0.0,481,321,154401.0,1.0,inpaint,red_gd,restormer,15.0,fixed15p0,0.8,3.8461538461538467,1.4142135623730951,0.02,G16_fixed,True,16,20,0.12315735740458288,9.095396383537715,0.07528226647860117,7,0.11249885393796025,9.488519018277746,0.08540012846014598,15.0,0;22.5;45;67.5;90;112.5;135;157.5;180;202.5;225;247.5;270;292.5;315;337.5
val_images,test003.png,2,upright,0.0,481,321,154401.0,1.0,inpaint,red_gd,restormer,15.0,fixed15p0,0.8,3.8461538461538467,1.4142135623730951,0.02,G16_fixed,True,16,20,0.12315735740458288,9.095396383537715,0.07528226647860117,8,0.11121889491486454,9.538214244430844,0.08667922730422731,15.0,0;22.5;45;67.5;90;112.5;135;157.5;180;202.5;225;247.5;270;292.5;315;337.5
val_images,test003.png,2,upright,0.0,481,321,154401.0,1.0,inpaint,red_gd,restormer,15.0,fixed15p0,0.8,3.8461538461538467,1.4142135623730951,0.02,G16_fixed,True,16,20,0.12315735740458288,9.095396383537715,0.07528226647860117,9,0.1099814894535981,9.586804030656822,0.08813616815953265,15.0,0;22.5;45;67.5;90;112.5;135;157.5;180;202.5;225;247.5;270;292.5;315;337.5
val_images,test003.png,2,upright,0.0,481,321,154401.0,1.0,inpaint,red_gd,restormer,15.0,fixed15p0,0.8,3.8461538461538467,1.4142135623730951,0.02,G16_fixed,True,16,20,0.12315735740458288,9.095396383537715,0.07528226647860117,10,0.10879206427176638,9.634027826587705,0.08939453415942902,15.0,0;22.5;45;67.5;90;112.5;135;157.5;180;202.5;225;247.5;270;292.5;315;337.5
val_images,test003.png,2,upright,0.0,481,321,154401.0,1.0,inpaint,red_gd,restormer,15.0,fixed15p0,0.8,3.8461538461538467,1.4142135623730951,0.02,G16_fixed,True,16,20,0.12315735740458288,9.095396383537715,0.07528226647860117,11,0.10763999362860344,9.680263366149205,0.09082716230788661,15.0,0;22.5;45;67.5;90;112.5;135;157.5;180;202.5;225;247.5;270;292.5;315;337.5
val_images,test003.png,2,upright,0.0,481,321,154401.0,1.0,inpaint,red_gd,restormer,15.0,fixed15p0,0.8,3.8461538461538467,1.4142135623730951,0.02,G16_fixed,True,16,20,0.12315735740458288,9.095396383537715,0.07528226647860117,12,0.10653008440683674,9.725277288746302,0.0920760157398592,15.0,0;22.5;45;67.5;90;112.5;135;157.5;180;202.5;225;247.5;270;292.5;315;337.5
val_images,test003.png,2,upright,0.0,481,321,154401.0,1.0,inpaint,red_gd,restormer,15.0,fixed15p0,0.8,3.8461538461538467,1.4142135623730951,0.02,G16_fixed,True,16,20,0.12315735740458288,9.095396383537715,0.07528226647860117,13,0.1054523939490353,9.769435565877982,0.09349075722469415,15.0,0;22.5;45;67.5;90;112.5;135;157.5;180;202.5;225;247.5;270;292.5;315;337.5
val_images,test003.png,2,upright,0.0,481,321,154401.0,1.0,inpaint,red_gd,restormer,15.0,fixed15p0,0.8,3.8461538461538467,1.4142135623730951,0.02,G16_fixed,True,16,20,0.12315735740458288,9.095396383537715,0.07528226647860117,14,0.1044127411132376,9.812465026982352,0.09473397521915337,15.0,0;22.5;45;67.5;90;112.5;135;157.5;180;202.5;225;247.5;270;292.5;315;337.5
val_images,test003.png,2,upright,0.0,481,321,154401.0,1.0,inpaint,red_gd,restormer,15.0,fixed15p0,0.8,3.8461538461538467,1.4142135623730951,0.02,G16_fixed,True,16,20,0.12315735740458288,9.095396383537715,0.07528226647860117,15,0.10339964630450904,9.854809468152167,0.09613922943544731,15.0,0;22.5;45;67.5;90;112.5;135;157.5;180;202.5;225;247.5;270;292.5;315;337.5
val_images,test003.png,2,upright,0.0,481,321,154401.0,1.0,inpaint,red_gd,restormer,15.0,fixed15p0,0.8,3.8461538461538467,1.4142135623730951,0.02,G16_fixed,True,16,20,0.12315735740458288,9.095396383537715,0.07528226647860117,16,0.10241840341869547,9.896219985841748,0.09738519241293773,15.0,0;22.5;45;67.5;90;112.5;135;157.5;180;202.5;225;247.5;270;292.5;315;337.5
val_images,test003.png,2,upright,0.0,481,321,154401.0,1.0,inpaint,red_gd,restormer,15.0,fixed15p0,0.8,3.8461538461538467,1.4142135623730951,0.02,G16_fixed,True,16,20,0.12315735740458288,9.095396383537715,0.07528226647860117,17,0.10146314299899288,9.936916887761784,0.09878498828739775,15.0,0;22.5;45;67.5;90;112.5;135;157.5;180;202.5;225;247.5;270;292.5;315;337.5
val_images,test003.png,2,upright,0.0,481,321,154401.0,1.0,inpaint,red_gd,restormer,15.0,fixed15p0,0.8,3.8461538461538467,1.4142135623730951,0.02,G16_fixed,True,16,20,0.12315735740458288,9.095396383537715,0.07528226647860117,18,0.10053277084709619,9.976923474160142,0.1000375733783298,15.0,0;22.5;45;67.5;90;112.5;135;157.5;180;202.5;225;247.5;270;292.5;315;337.5
val_images,test003.png,2,upright,0.0,481,321,154401.0,1.0,inpaint,red_gd,restormer,15.0,fixed15p0,0.8,3.8461538461538467,1.4142135623730951,0.02,G16_fixed,True,16,20,0.12315735740458288,9.095396383537715,0.07528226647860117,19,0.09962560455405081,10.016290301760906,0.1014432956332051,15.0,0;22.5;45;67.5;90;112.5;135;157.5;180;202.5;225;247.5;270;292.5;315;337.5
val_images,test003.png,2,upright,0.0,481,321,154401.0,1.0,inpaint,red_gd,restormer,15.0,fixed15p0,0.8,3.8461538461538467,1.4142135623730951,0.02,G16_fixed,True,16,20,0.12315735740458288,9.095396383537715,0.07528226647860117,20,0.09874314943313191,10.054930249834388,0.10270484303048555,15.0,0;22.5;45;67.5;90;112.5;135;157.5;180;202.5;225;247.5;270;292.5;315;337.5
val_images,test003.png,2,rot45_padded,45.0,1000,1000,154360.0,0.15435999631881714,inpaint,red_gd,restormer,15.0,fixed15p0,0.8,3.8461538461538467,1.4142135623730951,0.02,vanilla,False,0,20,0.12229233559131251,9.126007605819042,0.08659229540522156,1,0.12215973161359808,9.130719301007954,0.0865921498951315,15.0,none
val_images,test003.png,2,rot45_padded,45.0,1000,1000,154360.0,0.15435999631881714,inpaint,red_gd,restormer,15.0,fixed15p0,0.8,3.8461538461538467,1.4142135623730951,0.02,vanilla,False,0,20,0.12229233559131251,9.126007605819042,0.08659229540522156,2,0.12203799660695776,9.135049304108566,0.08716263169295801,15.0,none
val_images,test003.png,2,rot45_padded,45.0,1000,1000,154360.0,0.15435999631881714,inpaint,red_gd,restormer,15.0,fixed15p0,0.8,3.8461538461538467,1.4142135623730951,0.02,vanilla,False,0,20,0.12229233559131251,9.126007605819042,0.08659229540522156,3,0.12192019669927442,9.139243453373112,0.08722040552523322,15.0,none
val_images,test003.png,2,rot45_padded,45.0,1000,1000,154360.0,0.15435999631881714,inpaint,red_gd,restormer,15.0,fixed15p0,0.8,3.8461538461538467,1.4142135623730951,0.02,vanilla,False,0,20,0.12229233559131251,9.126007605819042,0.08659229540522156,4,0.12180715433888313,9.143272026830333,0.08777397019346009,15.0,none
val_images,test003.png,2,rot45_padded,45.0,1000,1000,154360.0,0.15435999631881714,inpaint,red_gd,restormer,15.0,fixed15p0,0.8,3.8461538461538467,1.4142135623730951,0.02,vanilla,False,0,20,0.12229233559131251,9.126007605819042,0.08659229540522156,5,0.12169358055033687,9.147323306039304,0.08789958968685216,15.0,none
val_images,test003.png,2,rot45_padded,45.0,1000,1000,154360.0,0.15435999631881714,inpaint,red_gd,restormer,15.0,fixed15p0,0.8,3.8461538461538467,1.4142135623730951,0.02,vanilla,False,0,20,0.12229233559131251,9.126007605819042,0.08659229540522156,6,0.12158048757774034,9.15136119284383,0.08846441557074372,15.0,none
val_images,test003.png,2,rot45_padded,45.0,1000,1000,154360.0,0.15435999631881714,inpaint,red_gd,restormer,15.0,fixed15p0,0.8,3.8461538461538467,1.4142135623730951,0.02,vanilla,False,0,20,0.12229233559131251,9.126007605819042,0.08659229540522156,7,0.12146440848503498,9.155509604439882,0.08865904480597304,15.0,none
val_images,test003.png,2,rot45_padded,45.0,1000,1000,154360.0,0.15435999631881714,inpaint,red_gd,restormer,15.0,fixed15p0,0.8,3.8461538461538467,1.4142135623730951,0.02,vanilla,False,0,20,0.12229233559131251,9.126007605819042,0.08659229540522156,8,0.12134980979933273,9.159609000338593,0.08924604516228297,15.0,none
val_images,test003.png,2,rot45_padded,45.0,1000,1000,154360.0,0.15435999631881714,inpaint,red_gd,restormer,15.0,fixed15p0,0.8,3.8461538461538467,1.4142135623730951,0.02,vanilla,False,0,20,0.12229233559131251,9.126007605819042,0.08659229540522156,9,0.12123121274941695,9.163855503046094,0.08949884680090373,15.0,none
val_images,test003.png,2,rot45_padded,45.0,1000,1000,154360.0,0.15435999631881714,inpaint,red_gd,restormer,15.0,fixed15p0,0.8,3.8461538461538467,1.4142135623730951,0.02,vanilla,False,0,20,0.12229233559131251,9.126007605819042,0.08659229540522156,10,0.12111461488160793,9.168034474476576,0.09011402550247798,15.0,none
val_images,test003.png,2,rot45_padded,45.0,1000,1000,154360.0,0.15435999631881714,inpaint,red_gd,restormer,15.0,fixed15p0,0.8,3.8461538461538467,1.4142135623730951,0.02,vanilla,False,0,20,0.12229233559131251,9.126007605819042,0.08659229540522156,11,0.12099332273176341,9.172385964667432,0.0904202166910955,15.0,none
val_images,test003.png,2,rot45_padded,45.0,1000,1000,154360.0,0.15435999631881714,inpaint,red_gd,restormer,15.0,fixed15p0,0.8,3.8461538461538467,1.4142135623730951,0.02,vanilla,False,0,20,0.12229233559131251,9.126007605819042,0.08659229540522156,12,0.12087399180487172,9.176671352907986,0.09106720516365963,15.0,none
val_images,test003.png,2,rot45_padded,45.0,1000,1000,154360.0,0.15435999631881714,inpaint,red_gd,restormer,15.0,fixed15p0,0.8,3.8461538461538467,1.4142135623730951,0.02,vanilla,False,0,20,0.12229233559131251,9.126007605819042,0.08659229540522156,13,0.12075005516730371,9.181126621594721,0.09142453998566662,15.0,none
val_images,test003.png,2,rot45_padded,45.0,1000,1000,154360.0,0.15435999631881714,inpaint,red_gd,restormer,15.0,fixed15p0,0.8,3.8461538461538467,1.4142135623730951,0.02,vanilla,False,0,20,0.12229233559131251,9.126007605819042,0.08659229540522156,14,0.1206282062832016,9.18551129999688,0.0921039265961065,15.0,none
val_images,test003.png,2,rot45_padded,45.0,1000,1000,154360.0,0.15435999631881714,inpaint,red_gd,restormer,15.0,fixed15p0,0.8,3.8461538461538467,1.4142135623730951,0.02,vanilla,False,0,20,0.12229233559131251,9.126007605819042,0.08659229540522156,15,0.12050237168793729,9.190044053642353,0.09250929872740671,15.0,none
val_images,test003.png,2,rot45_padded,45.0,1000,1000,154360.0,0.15435999631881714,inpaint,red_gd,restormer,15.0,fixed15p0,0.8,3.8461538461538467,1.4142135623730951,0.02,vanilla,False,0,20,0.12229233559131251,9.126007605819042,0.08659229540522156,16,0.12037918158039648,9.194486136306502,0.09321935633421871,15.0,none
val_images,test003.png,2,rot45_padded,45.0,1000,1000,154360.0,0.15435999631881714,inpaint,red_gd,restormer,15.0,fixed15p0,0.8,3.8461538461538467,1.4142135623730951,0.02,vanilla,False,0,20,0.12229233559131251,9.126007605819042,0.08659229540522156,17,0.12025239800628401,9.199062544093263,0.09366833720685411,15.0,none
val_images,test003.png,2,rot45_padded,45.0,1000,1000,154360.0,0.15435999631881714,inpaint,red_gd,restormer,15.0,fixed15p0,0.8,3.8461538461538467,1.4142135623730951,0.02,vanilla,False,0,20,0.12229233559131251,9.126007605819042,0.08659229540522156,18,0.12012913198043534,9.20351661005478,0.09440611764908331,15.0,none
val_images,test003.png,2,rot45_padded,45.0,1000,1000,154360.0,0.15435999631881714,inpaint,red_gd,restormer,15.0,fixed15p0,0.8,3.8461538461538467,1.4142135623730951,0.02,vanilla,False,0,20,0.12229233559131251,9.126007605819042,0.08659229540522156,19,0.1200023737124255,9.20810163285607,0.09489418379721107,15.0,none
val_images,test003.png,2,rot45_padded,45.0,1000,1000,154360.0,0.15435999631881714,inpaint,red_gd,restormer,15.0,fixed15p0,0.8,3.8461538461538467,1.4142135623730951,0.02,vanilla,False,0,20,0.12229233559131251,9.126007605819042,0.08659229540522156,20,0.11988003135932236,9.212531521196288,0.09565698564840308,15.0,none
val_images,test003.png,2,rot45_padded,45.0,1000,1000,154360.0,0.15435999631881714,inpaint,red_gd,restormer,15.0,fixed15p0,0.8,3.8461538461538467,1.4142135623730951,0.02,G16_fixed,False,16,20,0.12229233559131251,9.126007605819042,0.08659229540522156,1,0.12075734332485748,9.180864500713161,0.08785918849402372,15.0,0;22.5;45;67.5;90;112.5;135;157.5;180;202.5;225;247.5;270;292.5;315;337.5
val_images,test003.png,2,rot45_padded,45.0,1000,1000,154360.0,0.15435999631881714,inpaint,red_gd,restormer,15.0,fixed15p0,0.8,3.8461538461538467,1.4142135623730951,0.02,G16_fixed,False,16,20,0.12229233559131251,9.126007605819042,0.08659229540522156,2,0.11932415750923167,9.232716232963794,0.08926680881948043,15.0,0;22.5;45;67.5;90;112.5;135;157.5;180;202.5;225;247.5;270;292.5;315;337.5
val_images,test003.png,2,rot45_padded,45.0,1000,1000,154360.0,0.15435999631881714,inpaint,red_gd,restormer,15.0,fixed15p0,0.8,3.8461538461538467,1.4142135623730951,0.02,G16_fixed,False,16,20,0.12229233559131251,9.126007605819042,0.08659229540522156,3,0.11796537163530059,9.282454597684714,0.09047549787226289,15.0,0;22.5;45;67.5;90;112.5;135;157.5;180;202.5;225;247.5;270;292.5;315;337.5
val_images,test003.png,2,rot45_padded,45.0,1000,1000,154360.0,0.15435999631881714,inpaint,red_gd,restormer,15.0,fixed15p0,0.8,3.8461538461538467,1.4142135623730951,0.02,G16_fixed,False,16,20,0.12229233559131251,9.126007605819042,0.08659229540522156,4,0.11668999467559601,9.329663799739974,0.0918013352005863,15.0,0;22.5;45;67.5;90;112.5;135;157.5;180;202.5;225;247.5;270;292.5;315;337.5
val_images,test003.png,2,rot45_padded,45.0,1000,1000,154360.0,0.15435999631881714,inpaint,red_gd,restormer,15.0,fixed15p0,0.8,3.8461538461538467,1.4142135623730951,0.02,G16_fixed,False,16,20,0.12229233559131251,9.126007605819042,0.08659229540522156,5,0.11547341644532262,9.375179847754946,0.09297031265183661,15.0,0;22.5;45;67.5;90;112.5;135;157.5;180;202.5;225;247.5;270;292.5;315;337.5
val_images,test003.png,2,rot45_padded,45.0,1000,1000,154360.0,0.15435999631881714,inpaint,red_gd,restormer,15.0,fixed15p0,0.8,3.8461538461538467,1.4142135623730951,0.02,G16_fixed,False,16,20,0.12229233559131251,9.126007605819042,0.08659229540522156,6,0.11432487367193574,9.418592698389187,0.09424220369590568,15.0,0;22.5;45;67.5;90;112.5;135;157.5;180;202.5;225;247.5;270;292.5;315;337.5
val_images,test003.png,2,rot45_padded,45.0,1000,1000,154360.0,0.15435999631881714,inpaint,red_gd,restormer,15.0,fixed15p0,0.8,3.8461538461538467,1.4142135623730951,0.02,G16_fixed,False,16,20,0.12229233559131251,9.126007605819042,0.08659229540522156,7,0.11322334963721171,9.460640009490524,0.09538570422834608,15.0,0;22.5;45;67.5;90;112.5;135;157.5;180;202.5;225;247.5;270;292.5;315;337.5
val_images,test003.png,2,rot45_padded,45.0,1000,1000,154360.0,0.15435999631881714,inpaint,red_gd,restormer,15.0,fixed15p0,0.8,3.8461538461538467,1.4142135623730951,0.02,G16_fixed,False,16,20,0.12229233559131251,9.126007605819042,0.08659229540522156,8,0.11217870106811997,9.500895930501056,0.09662150244355727,15.0,0;22.5;45;67.5;90;112.5;135;157.5;180;202.5;225;247.5;270;292.5;315;337.5
val_images,test003.png,2,rot45_padded,45.0,1000,1000,154360.0,0.15435999631881714,inpaint,red_gd,restormer,15.0,fixed15p0,0.8,3.8461538461538467,1.4142135623730951,0.02,G16_fixed,False,16,20,0.12229233559131251,9.126007605819042,0.08659229540522156,9,0.11117237859144208,9.5400310228104,0.09774775686706401,15.0,0;22.5;45;67.5;90;112.5;135;157.5;180;202.5;225;247.5;270;292.5;315;337.5
val_images,test003.png,2,rot45_padded,45.0,1000,1000,154360.0,0.15435999631881714,inpaint,red_gd,restormer,15.0,fixed15p0,0.8,3.8461538461538467,1.4142135623730951,0.02,G16_fixed,False,16,20,0.12229233559131251,9.126007605819042,0.08659229540522156,10,0.1102146185256867,9.577607981885738,0.0989594446930066,15.0,0;22.5;45;67.5;90;112.5;135;157.5;180;202.5;225;247.5;270;292.5;315;337.5
val_images,test003.png,2,rot45_padded,45.0,1000,1000,154360.0,0.15435999631881714,inpaint,red_gd,restormer,15.0,fixed15p0,0.8,3.8461538461538467,1.4142135623730951,0.02,G16_fixed,False,16,20,0.12229233559131251,9.126007605819042,0.08659229540522156,11,0.10928866823092122,9.614248662287967,0.10007519075740152,15.0,0;22.5;45;67.5;90;112.5;135;157.5;180;202.5;225;247.5;270;292.5;315;337.5
val_images,test003.png,2,rot45_padded,45.0,1000,1000,154360.0,0.15435999631881714,inpaint,red_gd,restormer,15.0,fixed15p0,0.8,3.8461538461538467,1.4142135623730951,0.02,G16_fixed,False,16,20,0.12229233559131251,9.126007605819042,0.08659229540522156,12,0.10840506769888572,9.64950415009641,0.10127038533096333,15.0,0;22.5;45;67.5;90;112.5;135;157.5;180;202.5;225;247.5;270;292.5;315;337.5
val_images,test003.png,2,rot45_padded,45.0,1000,1000,154360.0,0.15435999631881714,inpaint,red_gd,restormer,15.0,fixed15p0,0.8,3.8461538461538467,1.4142135623730951,0.02,G16_fixed,False,16,20,0.12229233559131251,9.126007605819042,0.08659229540522156,13,0.10754807653375227,9.683973524382804,0.10237981752275525,15.0,0;22.5;45;67.5;90;112.5;135;157.5;180;202.5;225;247.5;270;292.5;315;337.5
val_images,test003.png,2,rot45_padded,45.0,1000,1000,154360.0,0.15435999631881714,inpaint,red_gd,restormer,15.0,fixed15p0,0.8,3.8461538461538467,1.4142135623730951,0.02,G16_fixed,False,16,20,0.12229233559131251,9.126007605819042,0.08659229540522156,14,0.1067282979925175,9.717204162586434,0.10356309924850998,15.0,0;22.5;45;67.5;90;112.5;135;157.5;180;202.5;225;247.5;270;292.5;315;337.5
val_images,test003.png,2,rot45_padded,45.0,1000,1000,154360.0,0.15435999631881714,inpaint,red_gd,restormer,15.0,fixed15p0,0.8,3.8461538461538467,1.4142135623730951,0.02,G16_fixed,False,16,20,0.12229233559131251,9.126007605819042,0.08659229540522156,15,0.10593109249481732,9.749765487025702,0.10466939348357736,15.0,0;22.5;45;67.5;90;112.5;135;157.5;180;202.5;225;247.5;270;292.5;315;337.5
val_images,test003.png,2,rot45_padded,45.0,1000,1000,154360.0,0.15435999631881714,inpaint,red_gd,restormer,15.0,fixed15p0,0.8,3.8461538461538467,1.4142135623730951,0.02,G16_fixed,False,16,20,0.12229233559131251,9.126007605819042,0.08659229540522156,16,0.10516677227746826,9.781214550111542,0.10584450133818671,15.0,0;22.5;45;67.5;90;112.5;135;157.5;180;202.5;225;247.5;270;292.5;315;337.5
val_images,test003.png,2,rot45_padded,45.0,1000,1000,154360.0,0.15435999631881714,inpaint,red_gd,restormer,15.0,fixed15p0,0.8,3.8461538461538467,1.4142135623730951,0.02,G16_fixed,False,16,20,0.12229233559131251,9.126007605819042,0.08659229540522156,17,0.10442174796336486,9.8120904121063,0.10695043496129178,15.0,0;22.5;45;67.5;90;112.5;135;157.5;180;202.5;225;247.5;270;292.5;315;337.5
val_images,test003.png,2,rot45_padded,45.0,1000,1000,154360.0,0.15435999631881714,inpaint,red_gd,restormer,15.0,fixed15p0,0.8,3.8461538461538467,1.4142135623730951,0.02,G16_fixed,False,16,20,0.12229233559131251,9.126007605819042,0.08659229540522156,18,0.10370599648346399,9.841961311289275,0.10812014628951801,15.0,0;22.5;45;67.5;90;112.5;135;157.5;180;202.5;225;247.5;270;292.5;315;337.5
val_images,test003.png,2,rot45_padded,45.0,1000,1000,154360.0,0.15435999631881714,inpaint,red_gd,restormer,15.0,fixed15p0,0.8,3.8461538461538467,1.4142135623730951,0.02,G16_fixed,False,16,20,0.12229233559131251,9.126007605819042,0.08659229540522156,19,0.10300680152120044,9.87134097958884,0.10922804746210157,15.0,0;22.5;45;67.5;90;112.5;135;157.5;180;202.5;225;247.5;270;292.5;315;337.5
val_images,test003.png,2,rot45_padded,45.0,1000,1000,154360.0,0.15435999631881714,inpaint,red_gd,restormer,15.0,fixed15p0,0.8,3.8461538461538467,1.4142135623730951,0.02,G16_fixed,False,16,20,0.12229233559131251,9.126007605819042,0.08659229540522156,20,0.10233395021176146,9.899802612676565,0.11039460818055195,15.0,0;22.5;45;67.5;90;112.5;135;157.5;180;202.5;225;247.5;270;292.5;315;337.5
val_images,test004.png,3,upright,0.0,321,481,154401.0,1.0,inpaint,red_gd,restormer,15.0,fixed15p0,0.8,3.8461538461538467,1.4142135623730951,0.02,vanilla,True,0,20,0.07315125519345729,11.35778217468741,0.08387649210699737,1,0.07279960009771634,11.378710063439975,0.08425782970358028,15.0,none
val_images,test004.png,3,upright,0.0,321,481,154401.0,1.0,inpaint,red_gd,restormer,15.0,fixed15p0,0.8,3.8461538461538467,1.4142135623730951,0.02,vanilla,True,0,20,0.07315125519345729,11.35778217468741,0.08387649210699737,2,0.0724519296547626,11.399500432189583,0.08563065643600107,15.0,none
val_images,test004.png,3,upright,0.0,321,481,154401.0,1.0,inpaint,red_gd,restormer,15.0,fixed15p0,0.8,3.8461538461538467,1.4142135623730951,0.02,vanilla,True,0,20,0.07315125519345729,11.35778217468741,0.08387649210699737,3,0.07211399314933194,11.419804556981855,0.08607325016313042,15.0,none
val_images,test004.png,3,upright,0.0,321,481,154401.0,1.0,inpaint,red_gd,restormer,15.0,fixed15p0,0.8,3.8461538461538467,1.4142135623730951,0.02,vanilla,True,0,20,0.07315125519345729,11.35778217468741,0.08387649210699737,4,0.07177985787616337,11.439974059032957,0.08740843773882617,15.0,none
val_images,test004.png,3,upright,0.0,321,481,154401.0,1.0,inpaint,red_gd,restormer,15.0,fixed15p0,0.8,3.8461538461538467,1.4142135623730951,0.02,vanilla,True,0,20,0.07315125519345729,11.35778217468741,0.08387649210699737,5,0.07145435601736712,11.459712905029559,0.08791386880792547,15.0,none
val_images,test004.png,3,upright,0.0,321,481,154401.0,1.0,inpaint,red_gd,restormer,15.0,fixed15p0,0.8,3.8461538461538467,1.4142135623730951,0.02,vanilla,True,0,20,0.07315125519345729,11.35778217468741,0.08387649210699737,6,0.07113254154361047,11.479316738180149,0.08922111321534511,15.0,none
val_images,test004.png,3,upright,0.0,321,481,154401.0,1.0,inpaint,red_gd,restormer,15.0,fixed15p0,0.8,3.8461538461538467,1.4142135623730951,0.02,vanilla,True,0,20,0.07315125519345729,11.35778217468741,0.08387649210699737,7,0.07081850030521175,11.498532743594282,0.08979039992657108,15.0,none
val_images,test004.png,3,upright,0.0,321,481,154401.0,1.0,inpaint,red_gd,restormer,15.0,fixed15p0,0.8,3.8461538461538467,1.4142135623730951,0.02,vanilla,True,0,20,0.07315125519345729,11.35778217468741,0.08387649210699737,8,0.07050820337546389,11.517603514704966,0.09107785389181418,15.0,none
val_images,test004.png,3,upright,0.0,321,481,154401.0,1.0,inpaint,red_gd,restormer,15.0,fixed15p0,0.8,3.8461538461538467,1.4142135623730951,0.02,vanilla,True,0,20,0.07315125519345729,11.35778217468741,0.08387649210699737,9,0.07020514839403566,11.53631038338366,0.09171056615565962,15.0,none
val_images,test004.png,3,upright,0.0,321,481,154401.0,1.0,inpaint,red_gd,restormer,15.0,fixed15p0,0.8,3.8461538461538467,1.4142135623730951,0.02,vanilla,True,0,20,0.07315125519345729,11.35778217468741,0.08387649210699737,10,0.06990627413561117,11.554838442801605,0.09298382084231968,15.0,none
val_images,test004.png,3,upright,0.0,321,481,154401.0,1.0,inpaint,red_gd,restormer,15.0,fixed15p0,0.8,3.8461538461538467,1.4142135623730951,0.02,vanilla,True,0,20,0.07315125519345729,11.35778217468741,0.08387649210699737,11,0.06961457857704938,11.572998015882202,0.09367668871356079,15.0,none
val_images,test004.png,3,upright,0.0,321,481,154401.0,1.0,inpaint,red_gd,restormer,15.0,fixed15p0,0.8,3.8461538461538467,1.4142135623730951,0.02,vanilla,True,0,20,0.07315125519345729,11.35778217468741,0.08387649210699737,12,0.0693281199907222,11.590905766471192,0.09493751507843214,15.0,none
val_images,test004.png,3,upright,0.0,321,481,154401.0,1.0,inpaint,red_gd,restormer,15.0,fixed15p0,0.8,3.8461538461538467,1.4142135623730951,0.02,vanilla,True,0,20,0.07315125519345729,11.35778217468741,0.08387649210699737,13,0.06904940934037021,11.608400320935333,0.09568358755165123,15.0,none
val_images,test004.png,3,upright,0.0,321,481,154401.0,1.0,inpaint,red_gd,restormer,15.0,fixed15p0,0.8,3.8461538461538467,1.4142135623730951,0.02,vanilla,True,0,20,0.07315125519345729,11.35778217468741,0.08387649210699737,14,0.06877764337059021,11.625527091287584,0.09693015771432828,15.0,none
val_images,test004.png,3,upright,0.0,321,481,154401.0,1.0,inpaint,red_gd,restormer,15.0,fixed15p0,0.8,3.8461538461538467,1.4142135623730951,0.02,vanilla,True,0,20,0.07315125519345729,11.35778217468741,0.08387649210699737,15,0.06851459936302226,11.642168774531125,0.09771993487129293,15.0,none
val_images,test004.png,3,upright,0.0,321,481,154401.0,1.0,inpaint,red_gd,restormer,15.0,fixed15p0,0.8,3.8461538461538467,1.4142135623730951,0.02,vanilla,True,0,20,0.07315125519345729,11.35778217468741,0.08387649210699737,16,0.0682601065468326,11.658330381689337,0.09894914333253994,15.0,none
val_images,test004.png,3,upright,0.0,321,481,154401.0,1.0,inpaint,red_gd,restormer,15.0,fixed15p0,0.8,3.8461538461538467,1.4142135623730951,0.02,vanilla,True,0,20,0.07315125519345729,11.35778217468741,0.08387649210699737,17,0.06801492390350451,11.673957835023787,0.0997741562048659,15.0,none
val_images,test004.png,3,upright,0.0,321,481,154401.0,1.0,inpaint,red_gd,restormer,15.0,fixed15p0,0.8,3.8461538461538467,1.4142135623730951,0.02,vanilla,True,0,20,0.07315125519345729,11.35778217468741,0.08387649210699737,18,0.06777907040757508,11.689043918224684,0.10098538945465055,15.0,none
val_images,test004.png,3,upright,0.0,321,481,154401.0,1.0,inpaint,red_gd,restormer,15.0,fixed15p0,0.8,3.8461538461538467,1.4142135623730951,0.02,vanilla,True,0,20,0.07315125519345729,11.35778217468741,0.08387649210699737,19,0.06755236263851919,11.703594569613013,0.10184137509634004,15.0,none
val_images,test004.png,3,upright,0.0,321,481,154401.0,1.0,inpaint,red_gd,restormer,15.0,fixed15p0,0.8,3.8461538461538467,1.4142135623730951,0.02,vanilla,True,0,20,0.07315125519345729,11.35778217468741,0.08387649210699737,20,0.06733487016963945,11.717599729179318,0.1030379410289603,15.0,none
val_images,test004.png,3,upright,0.0,321,481,154401.0,1.0,inpaint,red_gd,restormer,15.0,fixed15p0,0.8,3.8461538461538467,1.4142135623730951,0.02,G16_fixed,True,16,20,0.07315125519345729,11.35778217468741,0.08387649210699737,1,0.07208885821254396,11.421318530437645,0.08577057467244383,15.0,0;22.5;45;67.5;90;112.5;135;157.5;180;202.5;225;247.5;270;292.5;315;337.5
val_images,test004.png,3,upright,0.0,321,481,154401.0,1.0,inpaint,red_gd,restormer,15.0,fixed15p0,0.8,3.8461538461538467,1.4142135623730951,0.02,G16_fixed,True,16,20,0.07315125519345729,11.35778217468741,0.08387649210699737,2,0.07107694614996017,11.48271240105795,0.08732149640991639,15.0,0;22.5;45;67.5;90;112.5;135;157.5;180;202.5;225;247.5;270;292.5;315;337.5
val_images,test004.png,3,upright,0.0,321,481,154401.0,1.0,inpaint,red_gd,restormer,15.0,fixed15p0,0.8,3.8461538461538467,1.4142135623730951,0.02,G16_fixed,True,16,20,0.07315125519345729,11.35778217468741,0.08387649210699737,3,0.07010978237066146,11.542213809892022,0.08916045162029392,15.0,0;22.5;45;67.5;90;112.5;135;157.5;180;202.5;225;247.5;270;292.5;315;337.5
val_images,test004.png,3,upright,0.0,321,481,154401.0,1.0,inpaint,red_gd,restormer,15.0,fixed15p0,0.8,3.8461538461538467,1.4142135623730951,0.02,G16_fixed,True,16,20,0.07315125519345729,11.35778217468741,0.08387649210699737,4,0.06918563386692768,11.599840757750455,0.09065937680131606,15.0,0;22.5;45;67.5;90;112.5;135;157.5;180;202.5;225;247.5;270;292.5;315;337.5
val_images,test004.png,3,upright,0.0,321,481,154401.0,1.0,inpaint,red_gd,restormer,15.0,fixed15p0,0.8,3.8461538461538467,1.4142135623730951,0.02,G16_fixed,True,16,20,0.07315125519345729,11.35778217468741,0.08387649210699737,5,0.06829706894506836,11.655979342144779,0.09245248320525774,15.0,0;22.5;45;67.5;90;112.5;135;157.5;180;202.5;225;247.5;270;292.5;315;337.5
val_images,test004.png,3,upright,0.0,321,481,154401.0,1.0,inpaint,red_gd,restormer,15.0,fixed15p0,0.8,3.8461538461538467,1.4142135623730951,0.02,G16_fixed,True,16,20,0.07315125519345729,11.35778217468741,0.08387649210699737,6,0.06744339819690287,11.71060555509908,0.09391706447416144,15.0,0;22.5;45;67.5;90;112.5;135;157.5;180;202.5;225;247.5;270;292.5;315;337.5
val_images,test004.png,3,upright,0.0,321,481,154401.0,1.0,inpaint,red_gd,restormer,15.0,fixed15p0,0.8,3.8461538461538467,1.4142135623730951,0.02,G16_fixed,True,16,20,0.07315125519345729,11.35778217468741,0.08387649210699737,7,0.06661973884155543,11.763970741349903,0.09566959699297609,15.0,0;22.5;45;67.5;90;112.5;135;157.5;180;202.5;225;247.5;270;292.5;315;337.5
val_images,test004.png,3,upright,0.0,321,481,154401.0,1.0,inpaint,red_gd,restormer,15.0,fixed15p0,0.8,3.8461538461538467,1.4142135623730951,0.02,G16_fixed,True,16,20,0.07315125519345729,11.35778217468741,0.08387649210699737,8,0.06582683721081793,11.815970110006901,0.09710849306351643,15.0,0;22.5;45;67.5;90;112.5;135;157.5;180;202.5;225;247.5;270;292.5;315;337.5
val_images,test004.png,3,upright,0.0,321,481,154401.0,1.0,inpaint,red_gd,restormer,15.0,fixed15p0,0.8,3.8461538461538467,1.4142135623730951,0.02,G16_fixed,True,16,20,0.07315125519345729,11.35778217468741,0.08387649210699737,9,0.06506058847983498,11.866820127973376,0.0988238607890331,15.0,0;22.5;45;67.5;90;112.5;135;157.5;180;202.5;225;247.5;270;292.5;315;337.5
val_images,test004.png,3,upright,0.0,321,481,154401.0,1.0,inpaint,red_gd,restormer,15.0,fixed15p0,0.8,3.8461538461538467,1.4142135623730951,0.02,G16_fixed,True,16,20,0.07315125519345729,11.35778217468741,0.08387649210699737,10,0.06432072068024171,11.91649098188418,0.10024219478622223,15.0,0;22.5;45;67.5;90;112.5;135;157.5;180;202.5;225;247.5;270;292.5;315;337.5
val_images,test004.png,3,upright,0.0,321,481,154401.0,1.0,inpaint,red_gd,restormer,15.0,fixed15p0,0.8,3.8461538461538467,1.4142135623730951,0.02,G16_fixed,True,16,20,0.07315125519345729,11.35778217468741,0.08387649210699737,11,0.06360455840230957,11.965117582819696,0.1019171846968284,15.0,0;22.5;45;67.5;90;112.5;135;157.5;180;202.5;225;247.5;270;292.5;315;337.5
val_images,test004.png,3,upright,0.0,321,481,154401.0,1.0,inpaint,red_gd,restormer,15.0,fixed15p0,0.8,3.8461538461538467,1.4142135623730951,0.02,G16_fixed,True,16,20,0.07315125519345729,11.35778217468741,0.08387649210699737,12,0.06291155138446318,12.012696050803848,0.10332448816312718,15.0,0;22.5;45;67.5;90;112.5;135;157.5;180;202.5;225;247.5;270;292.5;315;337.5
val_images,test004.png,3,upright,0.0,321,481,154401.0,1.0,inpaint,red_gd,restormer,15.0,fixed15p0,0.8,3.8461538461538467,1.4142135623730951,0.02,G16_fixed,True,16,20,0.07315125519345729,11.35778217468741,0.08387649210699737,13,0.06223695599243204,12.059516568284332,0.10497403954435204,15.0,0;22.5;45;67.5;90;112.5;135;157.5;180;202.5;225;247.5;270;292.5;315;337.5
val_images,test004.png,3,upright,0.0,321,481,154401.0,1.0,inpaint,red_gd,restormer,15.0,fixed15p0,0.8,3.8461538461538467,1.4142135623730951,0.02,G16_fixed,True,16,20,0.07315125519345729,11.35778217468741,0.08387649210699737,14,0.06158127188902598,12.10551345496458,0.10638342388488417,15.0,0;22.5;45;67.5;90;112.5;135;157.5;180;202.5;225;247.5;270;292.5;315;337.5
val_images,test004.png,3,upright,0.0,321,481,154401.0,1.0,inpaint,red_gd,restormer,15.0,fixed15p0,0.8,3.8461538461538467,1.4142135623730951,0.02,G16_fixed,True,16,20,0.07315125519345729,11.35778217468741,0.08387649210699737,15,0.06094235495155472,12.150807676600376,0.10801471543659044,15.0,0;22.5;45;67.5;90;112.5;135;157.5;180;202.5;225;247.5;270;292.5;315;337.5
val_images,test004.png,3,upright,0.0,321,481,154401.0,1.0,inpaint,red_gd,restormer,15.0,fixed15p0,0.8,3.8461538461538467,1.4142135623730951,0.02,G16_fixed,True,16,20,0.07315125519345729,11.35778217468741,0.08387649210699737,16,0.06031625215145951,12.195656518947155,0.10943568056958829,15.0,0;22.5;45;67.5;90;112.5;135;157.5;180;202.5;225;247.5;270;292.5;315;337.5
val_images,test004.png,3,upright,0.0,321,481,154401.0,1.0,inpaint,red_gd,restormer,15.0,fixed15p0,0.8,3.8461538461538467,1.4142135623730951,0.02,G16_fixed,True,16,20,0.07315125519345729,11.35778217468741,0.08387649210699737,17,0.059708080288906805,12.239668918618845,0.11105610603639225,15.0,0;22.5;45;67.5;90;112.5;135;157.5;180;202.5;225;247.5;270;292.5;315;337.5
val_images,test004.png,3,upright,0.0,321,481,154401.0,1.0,inpaint,red_gd,restormer,15.0,fixed15p0,0.8,3.8461538461538467,1.4142135623730951,0.02,G16_fixed,True,16,20,0.07315125519345729,11.35778217468741,0.08387649210699737,18,0.05911376616326967,12.283113706828887,0.11248415499656737,15.0,0;22.5;45;67.5;90;112.5;135;157.5;180;202.5;225;247.5;270;292.5;315;337.5
val_images,test004.png,3,upright,0.0,321,481,154401.0,1.0,inpaint,red_gd,restormer,15.0,fixed15p0,0.8,3.8461538461538467,1.4142135623730951,0.02,G16_fixed,True,16,20,0.07315125519345729,11.35778217468741,0.08387649210699737,19,0.05853718058011282,12.325681990184973,0.11408803466703583,15.0,0;22.5;45;67.5;90;112.5;135;157.5;180;202.5;225;247.5;270;292.5;315;337.5
val_images,test004.png,3,upright,0.0,321,481,154401.0,1.0,inpaint,red_gd,restormer,15.0,fixed15p0,0.8,3.8461538461538467,1.4142135623730951,0.02,G16_fixed,True,16,20,0.07315125519345729,11.35778217468741,0.08387649210699737,20,0.05797203664281643,12.367814419580249,0.11552607688340749,15.0,0;22.5;45;67.5;90;112.5;135;157.5;180;202.5;225;247.5;270;292.5;315;337.5
val_images,test004.png,3,rot45_padded,45.0,1000,1000,154360.0,0.15435999631881714,inpaint,red_gd,restormer,15.0,fixed15p0,0.8,3.8461538461538467,1.4142135623730951,0.02,vanilla,False,0,20,0.0728395294482055,11.376328684606964,0.09595490174146476,1,0.072755956044312,11.381314480973984,0.09571752417238923,15.0,none
val_images,test004.png,3,rot45_padded,45.0,1000,1000,154360.0,0.15435999631881714,inpaint,red_gd,restormer,15.0,fixed15p0,0.8,3.8461538461538467,1.4142135623730951,0.02,vanilla,False,0,20,0.0728395294482055,11.376328684606964,0.09595490174146476,2,0.07267122488622377,11.386375196354894,0.09636686611249676,15.0,none
val_images,test004.png,3,rot45_padded,45.0,1000,1000,154360.0,0.15435999631881714,inpaint,red_gd,restormer,15.0,fixed15p0,0.8,3.8461538461538467,1.4142135623730951,0.02,vanilla,False,0,20,0.0728395294482055,11.376328684606964,0.09595490174146476,3,0.07258842331846009,11.39132636735276,0.09621188521354301,15.0,none
val_images,test004.png,3,rot45_padded,45.0,1000,1000,154360.0,0.15435999631881714,inpaint,red_gd,restormer,15.0,fixed15p0,0.8,3.8461538461538467,1.4142135623730951,0.02,vanilla,False,0,20,0.0728395294482055,11.376328684606964,0.09595490174146476,4,0.07250467277184827,11.396340031719918,0.09681073515240347,15.0,none
val_images,test004.png,3,rot45_padded,45.0,1000,1000,154360.0,0.15435999631881714,inpaint,red_gd,restormer,15.0,fixed15p0,0.8,3.8461538461538467,1.4142135623730951,0.02,vanilla,False,0,20,0.0728395294482055,11.376328684606964,0.09595490174146476,5,0.07242129549025006,11.401337106811894,0.09672457419951737,15.0,none
val_images,test004.png,3,rot45_padded,45.0,1000,1000,154360.0,0.15435999631881714,inpaint,red_gd,restormer,15.0,fixed15p0,0.8,3.8461538461538467,1.4142135623730951,0.02,vanilla,False,0,20,0.0728395294482055,11.376328684606964,0.09595490174146476,6,0.07233809535137017,11.406329303169969,0.0972916586530675,15.0,none
val_images,test004.png,3,rot45_padded,45.0,1000,1000,154360.0,0.15435999631881714,inpaint,red_gd,restormer,15.0,fixed15p0,0.8,3.8461538461538467,1.4142135623730951,0.02,vanilla,False,0,20,0.0728395294482055,11.376328684606964,0.09595490174146476,7,0.0722540474580526,11.411378199975184,0.09726076622829749,15.0,none
val_images,test004.png,3,rot45_padded,45.0,1000,1000,154360.0,0.15435999631881714,inpaint,red_gd,restormer,15.0,fixed15p0,0.8,3.8461538461538467,1.4142135623730951,0.02,vanilla,False,0,20,0.0728395294482055,11.376328684606964,0.09595490174146476,8,0.07217034752364603,11.41641203428312,0.09781529885494947,15.0,none
val_images,test004.png,3,rot45_padded,45.0,1000,1000,154360.0,0.15435999631881714,inpaint,red_gd,restormer,15.0,fixed15p0,0.8,3.8461538461538467,1.4142135623730951,0.02,vanilla,False,0,20,0.0728395294482055,11.376328684606964,0.09595490174146476,9,0.07208449657051698,11.421581302579945,0.09782971068039,15.0,none
val_images,test004.png,3,rot45_padded,45.0,1000,1000,154360.0,0.15435999631881714,inpaint,red_gd,restormer,15.0,fixed15p0,0.8,3.8461538461538467,1.4142135623730951,0.02,vanilla,False,0,20,0.0728395294482055,11.376328684606964,0.09595490174146476,10,0.07199885439273451,11.426744137752875,0.09838460391900428,15.0,none
val_images,test004.png,3,rot45_padded,45.0,1000,1000,154360.0,0.15435999631881714,inpaint,red_gd,restormer,15.0,fixed15p0,0.8,3.8461538461538467,1.4142135623730951,0.02,vanilla,False,0,20,0.0728395294482055,11.376328684606964,0.09595490174146476,11,0.0719105614007029,11.432073207269273,0.09843665224556232,15.0,none
val_images,test004.png,3,rot45_padded,45.0,1000,1000,154360.0,0.15435999631881714,inpaint,red_gd,restormer,15.0,fixed15p0,0.8,3.8461538461538467,1.4142135623730951,0.02,vanilla,False,0,20,0.0728395294482055,11.376328684606964,0.09595490174146476,12,0.07182305922437808,11.437361005191814,0.09899759996922777,15.0,none
val_images,test004.png,3,rot45_padded,45.0,1000,1000,154360.0,0.15435999631881714,inpaint,red_gd,restormer,15.0,fixed15p0,0.8,3.8461538461538467,1.4142135623730951,0.02,vanilla,False,0,20,0.0728395294482055,11.376328684606964,0.09595490174146476,13,0.07173303276431718,11.44280807461444,0.09907945255814331,15.0,none
val_images,test004.png,3,rot45_padded,45.0,1000,1000,154360.0,0.15435999631881714,inpaint,red_gd,restormer,15.0,fixed15p0,0.8,3.8461538461538467,1.4142135623730951,0.02,vanilla,False,0,20,0.0728395294482055,11.376328684606964,0.09595490174146476,14,0.07164480936406777,11.44815268577191,0.09964819456141487,15.0,none
val_images,test004.png,3,rot45_padded,45.0,1000,1000,154360.0,0.15435999631881714,inpaint,red_gd,restormer,15.0,fixed15p0,0.8,3.8461538461538467,1.4142135623730951,0.02,vanilla,False,0,20,0.0728395294482055,11.376328684606964,0.09595490174146476,15,0.07155430208805715,11.453642498575762,0.0997515383579781,15.0,none
val_images,test004.png,3,rot45_padded,45.0,1000,1000,154360.0,0.15435999631881714,inpaint,red_gd,restormer,15.0,fixed15p0,0.8,3.8461538461538467,1.4142135623730951,0.02,vanilla,False,0,20,0.0728395294482055,11.376328684606964,0.09595490174146476,16,0.07146660378943703,11.45896855796587,0.10032818851831757,15.0,none
val_images,test004.png,3,rot45_padded,45.0,1000,1000,154360.0,0.15435999631881714,inpaint,red_gd,restormer,15.0,fixed15p0,0.8,3.8461538461538467,1.4142135623730951,0.02,vanilla,False,0,20,0.0728395294482055,11.376328684606964,0.09595490174146476,17,0.07137665324768398,11.464438193691278,0.10044675393560508,15.0,none
val_images,test004.png,3,rot45_padded,45.0,1000,1000,154360.0,0.15435999631881714,inpaint,red_gd,restormer,15.0,fixed15p0,0.8,3.8461538461538467,1.4142135623730951,0.02,vanilla,False,0,20,0.0728395294482055,11.376328684606964,0.09595490174146476,18,0.07129048596827223,11.469684248070038,0.10103110347766585,15.0,none
val_images,test004.png,3,rot45_padded,45.0,1000,1000,154360.0,0.15435999631881714,inpaint,red_gd,restormer,15.0,fixed15p0,0.8,3.8461538461538467,1.4142135623730951,0.02,vanilla,False,0,20,0.0728395294482055,11.376328684606964,0.09595490174146476,19,0.07120183869080396,11.475087911530386,0.10116081623315626,15.0,none
val_images,test004.png,3,rot45_padded,45.0,1000,1000,154360.0,0.15435999631881714,inpaint,red_gd,restormer,15.0,fixed15p0,0.8,3.8461538461538467,1.4142135623730951,0.02,vanilla,False,0,20,0.0728395294482055,11.376328684606964,0.09595490174146476,20,0.07111783508316598,11.480214723098515,0.10175328903415716,15.0,none
val_images,test004.png,3,rot45_padded,45.0,1000,1000,154360.0,0.15435999631881714,inpaint,red_gd,restormer,15.0,fixed15p0,0.8,3.8461538461538467,1.4142135623730951,0.02,G16_fixed,False,16,20,0.0728395294482055,11.376328684606964,0.09595490174146476,1,0.0719510258587879,11.429630096268241,0.09736300288287121,15.0,0;22.5;45;67.5;90;112.5;135;157.5;180;202.5;225;247.5;270;292.5;315;337.5
val_images,test004.png,3,rot45_padded,45.0,1000,1000,154360.0,0.15435999631881714,inpaint,red_gd,restormer,15.0,fixed15p0,0.8,3.8461538461538467,1.4142135623730951,0.02,G16_fixed,False,16,20,0.0728395294482055,11.376328684606964,0.09595490174146476,2,0.07111891691905287,11.480148659250824,0.09889986147439428,15.0,0;22.5;45;67.5;90;112.5;135;157.5;180;202.5;225;247.5;270;292.5;315;337.5
val_images,test004.png,3,rot45_padded,45.0,1000,1000,154360.0,0.15435999631881714,inpaint,red_gd,restormer,15.0,fixed15p0,0.8,3.8461538461538467,1.4142135623730951,0.02,G16_fixed,False,16,20,0.0728395294482055,11.376328684606964,0.09595490174146476,3,0.07033006876174203,11.528589579764626,0.10022938716717414,15.0,0;22.5;45;67.5;90;112.5;135;157.5;180;202.5;225;247.5;270;292.5;315;337.5
val_images,test004.png,3,rot45_padded,45.0,1000,1000,154360.0,0.15435999631881714,inpaint,red_gd,restormer,15.0,fixed15p0,0.8,3.8461538461538467,1.4142135623730951,0.02,G16_fixed,False,16,20,0.0728395294482055,11.376328684606964,0.09595490174146476,4,0.0695874864865412,11.57468850022295,0.10166147216733609,15.0,0;22.5;45;67.5;90;112.5;135;157.5;180;202.5;225;247.5;270;292.5;315;337.5
val_images,test004.png,3,rot45_padded,45.0,1000,1000,154360.0,0.15435999631881714,inpaint,red_gd,restormer,15.0,fixed15p0,0.8,3.8461538461538467,1.4142135623730951,0.02,G16_fixed,False,16,20,0.0728395294482055,11.376328684606964,0.09595490174146476,5,0.06887929520479723,11.619113053731216,0.10292449974896346,15.0,0;22.5;45;67.5;90;112.5;135;157.5;180;202.5;225;247.5;270;292.5;315;337.5
val_images,test004.png,3,rot45_padded,45.0,1000,1000,154360.0,0.15435999631881714,inpaint,red_gd,restormer,15.0,fixed15p0,0.8,3.8461538461538467,1.4142135623730951,0.02,G16_fixed,False,16,20,0.0728395294482055,11.376328684606964,0.09595490174146476,6,0.06821007532108384,11.661514708982168,0.10427483338462037,15.0,0;22.5;45;67.5;90;112.5;135;157.5;180;202.5;225;247.5;270;292.5;315;337.5
val_images,test004.png,3,rot45_padded,45.0,1000,1000,154360.0,0.15435999631881714,inpaint,red_gd,restormer,15.0,fixed15p0,0.8,3.8461538461538467,1.4142135623730951,0.02,G16_fixed,False,16,20,0.0728395294482055,11.376328684606964,0.09595490174146476,7,0.06756836949744105,11.70256560974505,0.10547875856358513,15.0,0;22.5;45;67.5;90;112.5;135;157.5;180;202.5;225;247.5;270;292.5;315;337.5
val_images,test004.png,3,rot45_padded,45.0,1000,1000,154360.0,0.15435999631881714,inpaint,red_gd,restormer,15.0,fixed15p0,0.8,3.8461538461538467,1.4142135623730951,0.02,G16_fixed,False,16,20,0.0728395294482055,11.376328684606964,0.09595490174146476,8,0.06695940344405935,11.741884242218942,0.10676785143090826,15.0,0;22.5;45;67.5;90;112.5;135;157.5;180;202.5;225;247.5;270;292.5;315;337.5
val_images,test004.png,3,rot45_padded,45.0,1000,1000,154360.0,0.15435999631881714,inpaint,red_gd,restormer,15.0,fixed15p0,0.8,3.8461538461538467,1.4142135623730951,0.02,G16_fixed,False,16,20,0.0728395294482055,11.376328684606964,0.09595490174146476,9,0.06637246635300596,11.780120439882182,0.1079204305276626,15.0,0;22.5;45;67.5;90;112.5;135;157.5;180;202.5;225;247.5;270;292.5;315;337.5
val_images,test004.png,3,rot45_padded,45.0,1000,1000,154360.0,0.15435999631881714,inpaint,red_gd,restormer,15.0,fixed15p0,0.8,3.8461538461538467,1.4142135623730951,0.02,G16_fixed,False,16,20,0.0728395294482055,11.376328684606964,0.09595490174146476,10,0.06581318250558758,11.81687107662292,0.10916528832761078,15.0,0;22.5;45;67.5;90;112.5;135;157.5;180;202.5;225;247.5;270;292.5;315;337.5
val_images,test004.png,3,rot45_padded,45.0,1000,1000,154360.0,0.15435999631881714,inpaint,red_gd,restormer,15.0,fixed15p0,0.8,3.8461538461538467,1.4142135623730951,0.02,G16_fixed,False,16,20,0.0728395294482055,11.376328684606964,0.09595490174146476,11,0.06527157497084737,11.852759078663675,0.11027298705137341,15.0,0;22.5;45;67.5;90;112.5;135;157.5;180;202.5;225;247.5;270;292.5;315;337.5
val_images,test004.png,3,rot45_padded,45.0,1000,1000,154360.0,0.15435999631881714,inpaint,red_gd,restormer,15.0,fixed15p0,0.8,3.8461538461538467,1.4142135623730951,0.02,G16_fixed,False,16,20,0.0728395294482055,11.376328684606964,0.09595490174146476,12,0.06475383741740089,11.887344894888852,0.11148643997797357,15.0,0;22.5;45;67.5;90;112.5;135;157.5;180;202.5;225;247.5;270;292.5;315;337.5
val_images,test004.png,3,rot45_padded,45.0,1000,1000,154360.0,0.15435999631881714,inpaint,red_gd,restormer,15.0,fixed15p0,0.8,3.8461538461538467,1.4142135623730951,0.02,G16_fixed,False,16,20,0.0728395294482055,11.376328684606964,0.09595490174146476,13,0.06425041046498445,11.92124093489145,0.11255401587603654,15.0,0;22.5;45;67.5;90;112.5;135;157.5;180;202.5;225;247.5;270;292.5;315;337.5
val_images,test004.png,3,rot45_padded,45.0,1000,1000,154360.0,0.15435999631881714,inpaint,red_gd,restormer,15.0,fixed15p0,0.8,3.8461538461538467,1.4142135623730951,0.02,G16_fixed,False,16,20,0.0728395294482055,11.376328684606964,0.09595490174146476,14,0.0637682722713948,11.9539534956699,0.11374530065674397,15.0,0;22.5;45;67.5;90;112.5;135;157.5;180;202.5;225;247.5;270;292.5;315;337.5
val_images,test004.png,3,rot45_padded,45.0,1000,1000,154360.0,0.15435999631881714,inpaint,red_gd,restormer,15.0,fixed15p0,0.8,3.8461538461538467,1.4142135623730951,0.02,G16_fixed,False,16,20,0.0728395294482055,11.376328684606964,0.09595490174146476,15,0.06329765468102164,11.98612381261639,0.1147758537266779,15.0,0;22.5;45;67.5;90;112.5;135;157.5;180;202.5;225;247.5;270;292.5;315;337.5
val_images,test004.png,3,rot45_padded,45.0,1000,1000,154360.0,0.15435999631881714,inpaint,red_gd,restormer,15.0,fixed15p0,0.8,3.8461538461538467,1.4142135623730951,0.02,G16_fixed,False,16,20,0.0728395294482055,11.376328684606964,0.09595490174146476,16,0.0628465607488177,12.01718483907685,0.11595234709040554,15.0,0;22.5;45;67.5;90;112.5;135;157.5;180;202.5;225;247.5;270;292.5;315;337.5
val_images,test004.png,3,rot45_padded,45.0,1000,1000,154360.0,0.15435999631881714,inpaint,red_gd,restormer,15.0,fixed15p0,0.8,3.8461538461538467,1.4142135623730951,0.02,G16_fixed,False,16,20,0.0728395294482055,11.376328684606964,0.09595490174146476,17,0.06240460231965859,12.04783380055944,0.11694871161570355,15.0,0;22.5;45;67.5;90;112.5;135;157.5;180;202.5;225;247.5;270;292.5;315;337.5
val_images,test004.png,3,rot45_padded,45.0,1000,1000,154360.0,0.15435999631881714,inpaint,red_gd,restormer,15.0,fixed15p0,0.8,3.8461538461538467,1.4142135623730951,0.02,G16_fixed,False,16,20,0.0728395294482055,11.376328684606964,0.09595490174146476,18,0.06198075040692213,12.077431700197332,0.11811677804725965,15.0,0;22.5;45;67.5;90;112.5;135;157.5;180;202.5;225;247.5;270;292.5;315;337.5
val_images,test004.png,3,rot45_padded,45.0,1000,1000,154360.0,0.15435999631881714,inpaint,red_gd,restormer,15.0,fixed15p0,0.8,3.8461538461538467,1.4142135623730951,0.02,G16_fixed,False,16,20,0.0728395294482055,11.376328684606964,0.09595490174146476,19,0.06156393991723892,12.106735943382427,0.11908248422923685,15.0,0;22.5;45;67.5;90;112.5;135;157.5;180;202.5;225;247.5;270;292.5;315;337.5
val_images,test004.png,3,rot45_padded,45.0,1000,1000,154360.0,0.15435999631881714,inpaint,red_gd,restormer,15.0,fixed15p0,0.8,3.8461538461538467,1.4142135623730951,0.02,G16_fixed,False,16,20,0.0728395294482055,11.376328684606964,0.09595490174146476,20,0.06116405288368101,12.135037448636849,0.12024818454019824,15.0,0;22.5;45;67.5;90;112.5;135;157.5;180;202.5;225;247.5;270;292.5;315;337.5
val_images,test005.png,4,upright,0.0,321,481,154401.0,1.0,inpaint,red_gd,restormer,15.0,fixed15p0,0.8,3.8461538461538467,1.4142135623730951,0.02,vanilla,True,0,20,0.2809441810610035,5.513799586189751,0.05179644465749898,1,0.2803237642971872,5.523400835966303,0.051738607106050154,15.0,none
val_images,test005.png,4,upright,0.0,321,481,154401.0,1.0,inpaint,red_gd,restormer,15.0,fixed15p0,0.8,3.8461538461538467,1.4142135623730951,0.02,vanilla,True,0,20,0.2809441810610035,5.513799586189751,0.05179644465749898,2,0.27972700245626647,5.5326560852399265,0.05236415648214714,15.0,none
val_images,test005.png,4,upright,0.0,321,481,154401.0,1.0,inpaint,red_gd,restormer,15.0,fixed15p0,0.8,3.8461538461538467,1.4142135623730951,0.02,vanilla,True,0,20,0.2809441810610035,5.513799586189751,0.05179644465749898,3,0.27915333895182026,5.541571731881582,0.05233068856115731,15.0,none
val_images,test005.png,4,upright,0.0,321,481,154401.0,1.0,inpaint,red_gd,restormer,15.0,fixed15p0,0.8,3.8461538461538467,1.4142135623730951,0.02,vanilla,True,0,20,0.2809441810610035,5.513799586189751,0.05179644465749898,4,0.2786001932468054,5.550185866701597,0.052892091352225695,15.0,none
val_images,test005.png,4,upright,0.0,321,481,154401.0,1.0,inpaint,red_gd,restormer,15.0,fixed15p0,0.8,3.8461538461538467,1.4142135623730951,0.02,vanilla,True,0,20,0.2809441810610035,5.513799586189751,0.05179644465749898,5,0.2780669075572697,5.55850692978439,0.05287947012264331,15.0,none
val_images,test005.png,4,upright,0.0,321,481,154401.0,1.0,inpaint,red_gd,restormer,15.0,fixed15p0,0.8,3.8461538461538467,1.4142135623730951,0.02,vanilla,True,0,20,0.2809441810610035,5.513799586189751,0.05179644465749898,6,0.27755153383073944,5.566563682874954,0.05338451221373242,15.0,none
val_images,test005.png,4,upright,0.0,321,481,154401.0,1.0,inpaint,red_gd,restormer,15.0,fixed15p0,0.8,3.8461538461538467,1.4142135623730951,0.02,vanilla,True,0,20,0.2809441810610035,5.513799586189751,0.05179644465749898,7,0.27705349018141073,5.574363744447738,0.05338968593751012,15.0,none
val_images,test005.png,4,upright,0.0,321,481,154401.0,1.0,inpaint,red_gd,restormer,15.0,fixed15p0,0.8,3.8461538461538467,1.4142135623730951,0.02,vanilla,True,0,20,0.2809441810610035,5.513799586189751,0.05179644465749898,8,0.27657105625125483,5.581932716890621,0.05384525192315788,15.0,none
val_images,test005.png,4,upright,0.0,321,481,154401.0,1.0,inpaint,red_gd,restormer,15.0,fixed15p0,0.8,3.8461538461538467,1.4142135623730951,0.02,vanilla,True,0,20,0.2809441810610035,5.513799586189751,0.05179644465749898,9,0.2761038778489129,5.58927493699173,0.05386556100268133,15.0,none
val_images,test005.png,4,upright,0.0,321,481,154401.0,1.0,inpaint,red_gd,restormer,15.0,fixed15p0,0.8,3.8461538461538467,1.4142135623730951,0.02,vanilla,True,0,20,0.2809441810610035,5.513799586189751,0.05179644465749898,10,0.2756505635083322,5.596411153620782,0.05427767529841128,15.0,none
val_images,test005.png,4,upright,0.0,321,481,154401.0,1.0,inpaint,red_gd,restormer,15.0,fixed15p0,0.8,3.8461538461538467,1.4142135623730951,0.02,vanilla,True,0,20,0.2809441810610035,5.513799586189751,0.05179644465749898,11,0.27521060724185725,5.6033483141824885,0.05431083646438495,15.0,none
val_images,test005.png,4,upright,0.0,321,481,154401.0,1.0,inpaint,red_gd,restormer,15.0,fixed15p0,0.8,3.8461538461538467,1.4142135623730951,0.02,vanilla,True,0,20,0.2809441810610035,5.513799586189751,0.05179644465749898,12,0.27478304767294254,5.610100639312458,0.054684824590271436,15.0,none
val_images,test005.png,4,upright,0.0,321,481,154401.0,1.0,inpaint,red_gd,restormer,15.0,fixed15p0,0.8,3.8461538461538467,1.4142135623730951,0.02,vanilla,True,0,20,0.2809441810610035,5.513799586189751,0.05179644465749898,13,0.274367328215167,5.616676058685661,0.05472886449083879,15.0,none
val_images,test005.png,4,upright,0.0,321,481,154401.0,1.0,inpaint,red_gd,restormer,15.0,fixed15p0,0.8,3.8461538461538467,1.4142135623730951,0.02,vanilla,True,0,20,0.2809441810610035,5.513799586189751,0.05179644465749898,14,0.2739626645876646,5.623086184510009,0.05506932460970136,15.0,none
val_images,test005.png,4,upright,0.0,321,481,154401.0,1.0,inpaint,red_gd,restormer,15.0,fixed15p0,0.8,3.8461538461538467,1.4142135623730951,0.02,vanilla,True,0,20,0.2809441810610035,5.513799586189751,0.05179644465749898,15,0.2735686520003109,5.629336695369993,0.055122484937759474,15.0,none
val_images,test005.png,4,upright,0.0,321,481,154401.0,1.0,inpaint,red_gd,restormer,15.0,fixed15p0,0.8,3.8461538461538467,1.4142135623730951,0.02,vanilla,True,0,20,0.2809441810610035,5.513799586189751,0.05179644465749898,16,0.27318458207038815,5.635438149125427,0.0554334523011509,15.0,none
val_images,test005.png,4,upright,0.0,321,481,154401.0,1.0,inpaint,red_gd,restormer,15.0,fixed15p0,0.8,3.8461538461538467,1.4142135623730951,0.02,vanilla,True,0,20,0.2809441810610035,5.513799586189751,0.05179644465749898,17,0.2728099994090064,5.6413971536245855,0.05549418346950473,15.0,none
val_images,test005.png,4,upright,0.0,321,481,154401.0,1.0,inpaint,red_gd,restormer,15.0,fixed15p0,0.8,3.8461538461538467,1.4142135623730951,0.02,vanilla,True,0,20,0.2809441810610035,5.513799586189751,0.05179644465749898,18,0.2724444992260413,5.647219562674639,0.05577914306740241,15.0,none
val_images,test005.png,4,upright,0.0,321,481,154401.0,1.0,inpaint,red_gd,restormer,15.0,fixed15p0,0.8,3.8461538461538467,1.4142135623730951,0.02,vanilla,True,0,20,0.2809441810610035,5.513799586189751,0.05179644465749898,19,0.2720874996356889,5.652914103111914,0.055846110533610535,15.0,none
val_images,test005.png,4,upright,0.0,321,481,154401.0,1.0,inpaint,red_gd,restormer,15.0,fixed15p0,0.8,3.8461538461538467,1.4142135623730951,0.02,vanilla,True,0,20,0.2809441810610035,5.513799586189751,0.05179644465749898,20,0.27173877294350424,5.65848390017775,0.056108117266484674,15.0,none
val_images,test005.png,4,upright,0.0,321,481,154401.0,1.0,inpaint,red_gd,restormer,15.0,fixed15p0,0.8,3.8461538461538467,1.4142135623730951,0.02,G16_fixed,True,16,20,0.2809441810610035,5.513799586189751,0.05179644465749898,1,0.27681544828887117,5.578096767897018,0.05267620223172939,15.0,0;22.5;45;67.5;90;112.5;135;157.5;180;202.5;225;247.5;270;292.5;315;337.5
val_images,test005.png,4,upright,0.0,321,481,154401.0,1.0,inpaint,red_gd,restormer,15.0,fixed15p0,0.8,3.8461538461538467,1.4142135623730951,0.02,G16_fixed,True,16,20,0.2809441810610035,5.513799586189751,0.05179644465749898,2,0.2729384190759775,5.639353283157034,0.05372009587656492,15.0,0;22.5;45;67.5;90;112.5;135;157.5;180;202.5;225;247.5;270;292.5;315;337.5
val_images,test005.png,4,upright,0.0,321,481,154401.0,1.0,inpaint,red_gd,restormer,15.0,fixed15p0,0.8,3.8461538461538467,1.4142135623730951,0.02,G16_fixed,True,16,20,0.2809441810610035,5.513799586189751,0.05179644465749898,3,0.26923443764127175,5.698693905066747,0.05456108530911393,15.0,0;22.5;45;67.5;90;112.5;135;157.5;180;202.5;225;247.5;270;292.5;315;337.5
val_images,test005.png,4,upright,0.0,321,481,154401.0,1.0,inpaint,red_gd,restormer,15.0,fixed15p0,0.8,3.8461538461538467,1.4142135623730951,0.02,G16_fixed,True,16,20,0.2809441810610035,5.513799586189751,0.05179644465749898,4,0.26573953030582703,5.755438369456858,0.055544428043697906,15.0,0;22.5;45;67.5;90;112.5;135;157.5;180;202.5;225;247.5;270;292.5;315;337.5
val_images,test005.png,4,upright,0.0,321,481,154401.0,1.0,inpaint,red_gd,restormer,15.0,fixed15p0,0.8,3.8461538461538467,1.4142135623730951,0.02,G16_fixed,True,16,20,0.2809441810610035,5.513799586189751,0.05179644465749898,5,0.26238834876393285,5.810554535184607,0.056351554252401216,15.0,0;22.5;45;67.5;90;112.5;135;157.5;180;202.5;225;247.5;270;292.5;315;337.5
val_images,test005.png,4,upright,0.0,321,481,154401.0,1.0,inpaint,red_gd,restormer,15.0,fixed15p0,0.8,3.8461538461538467,1.4142135623730951,0.02,G16_fixed,True,16,20,0.2809441810610035,5.513799586189751,0.05179644465749898,6,0.25922132142926535,5.863292798143728,0.057279782281607634,15.0,0;22.5;45;67.5;90;112.5;135;157.5;180;202.5;225;247.5;270;292.5;315;337.5
val_images,test005.png,4,upright,0.0,321,481,154401.0,1.0,inpaint,red_gd,restormer,15.0,fixed15p0,0.8,3.8461538461538467,1.4142135623730951,0.02,G16_fixed,True,16,20,0.2809441810610035,5.513799586189751,0.05179644465749898,7,0.2561751998448844,5.9146291632375325,0.05805336150874994,15.0,0;22.5;45;67.5;90;112.5;135;157.5;180;202.5;225;247.5;270;292.5;315;337.5
val_images,test005.png,4,upright,0.0,321,481,154401.0,1.0,inpaint,red_gd,restormer,15.0,fixed15p0,0.8,3.8461538461538467,1.4142135623730951,0.02,G16_fixed,True,16,20,0.2809441810610035,5.513799586189751,0.05179644465749898,8,0.2532762194707288,5.964055849329776,0.05893649338815811,15.0,0;22.5;45;67.5;90;112.5;135;157.5;180;202.5;225;247.5;270;292.5;315;337.5
val_images,test005.png,4,upright,0.0,321,481,154401.0,1.0,inpaint,red_gd,restormer,15.0,fixed15p0,0.8,3.8461538461538467,1.4142135623730951,0.02,G16_fixed,True,16,20,0.2809441810610035,5.513799586189751,0.05179644465749898,9,0.2504766150721174,6.0123281438441065,0.059686626412312746,15.0,0;22.5;45;67.5;90;112.5;135;157.5;180;202.5;225;247.5;270;292.5;315;337.5
val_images,test005.png,4,upright,0.0,321,481,154401.0,1.0,inpaint,red_gd,restormer,15.0,fixed15p0,0.8,3.8461538461538467,1.4142135623730951,0.02,G16_fixed,True,16,20,0.2809441810610035,5.513799586189751,0.05179644465749898,10,0.24780717599788862,6.0588612148230805,0.060530841516165695,15.0,0;22.5;45;67.5;90;112.5;135;157.5;180;202.5;225;247.5;270;292.5;315;337.5
val_images,test005.png,4,upright,0.0,321,481,154401.0,1.0,inpaint,red_gd,restormer,15.0,fixed15p0,0.8,3.8461538461538467,1.4142135623730951,0.02,G16_fixed,True,16,20,0.2809441810610035,5.513799586189751,0.05179644465749898,11,0.2452165698003899,6.104501869687131,0.06126048204027176,15.0,0;22.5;45;67.5;90;112.5;135;157.5;180;202.5;225;247.5;270;292.5;315;337.5
val_images,test005.png,4,upright,0.0,321,481,154401.0,1.0,inpaint,red_gd,restormer,15.0,fixed15p0,0.8,3.8461538461538467,1.4142135623730951,0.02,G16_fixed,True,16,20,0.2809441810610035,5.513799586189751,0.05179644465749898,12,0.24274426351675182,6.148510244578862,0.06207281992182693,15.0,0;22.5;45;67.5;90;112.5;135;157.5;180;202.5;225;247.5;270;292.5;315;337.5
val_images,test005.png,4,upright,0.0,321,481,154401.0,1.0,inpaint,red_gd,restormer,15.0,fixed15p0,0.8,3.8461538461538467,1.4142135623730951,0.02,G16_fixed,True,16,20,0.2809441810610035,5.513799586189751,0.05179644465749898,13,0.2403458820295853,6.1916331446376605,0.062778400732913,15.0,0;22.5;45;67.5;90;112.5;135;157.5;180;202.5;225;247.5;270;292.5;315;337.5
val_images,test005.png,4,upright,0.0,321,481,154401.0,1.0,inpaint,red_gd,restormer,15.0,fixed15p0,0.8,3.8461538461538467,1.4142135623730951,0.02,G16_fixed,True,16,20,0.2809441810610035,5.513799586189751,0.05179644465749898,14,0.23805140510747988,6.233292507421946,0.06355834907966917,15.0,0;22.5;45;67.5;90;112.5;135;157.5;180;202.5;225;247.5;270;292.5;315;337.5
val_images,test005.png,4,upright,0.0,321,481,154401.0,1.0,inpaint,red_gd,restormer,15.0,fixed15p0,0.8,3.8461538461538467,1.4142135623730951,0.02,G16_fixed,True,16,20,0.2809441810610035,5.513799586189751,0.05179644465749898,15,0.2358098038953763,6.274381428832011,0.06424752324102499,15.0,0;22.5;45;67.5;90;112.5;135;157.5;180;202.5;225;247.5;270;292.5;315;337.5
val_images,test005.png,4,upright,0.0,321,481,154401.0,1.0,inpaint,red_gd,restormer,15.0,fixed15p0,0.8,3.8461538461538467,1.4142135623730951,0.02,G16_fixed,True,16,20,0.2809441810610035,5.513799586189751,0.05179644465749898,16,0.23365525785940505,6.314244417587172,0.06500523343032105,15.0,0;22.5;45;67.5;90;112.5;135;157.5;180;202.5;225;247.5;270;292.5;315;337.5
val_images,test005.png,4,upright,0.0,321,481,154401.0,1.0,inpaint,red_gd,restormer,15.0,fixed15p0,0.8,3.8461538461538467,1.4142135623730951,0.02,G16_fixed,True,16,20,0.2809441810610035,5.513799586189751,0.05179644465749898,17,0.23155169007972745,6.35352044773215,0.06568015138948258,15.0,0;22.5;45;67.5;90;112.5;135;157.5;180;202.5;225;247.5;270;292.5;315;337.5
val_images,test005.png,4,upright,0.0,321,481,154401.0,1.0,inpaint,red_gd,restormer,15.0,fixed15p0,0.8,3.8461538461538467,1.4142135623730951,0.02,G16_fixed,True,16,20,0.2809441810610035,5.513799586189751,0.05179644465749898,18,0.22952725876937324,6.391657300390017,0.06641430152856846,15.0,0;22.5;45;67.5;90;112.5;135;157.5;180;202.5;225;247.5;270;292.5;315;337.5
val_images,test005.png,4,upright,0.0,321,481,154401.0,1.0,inpaint,red_gd,restormer,15.0,fixed15p0,0.8,3.8461538461538467,1.4142135623730951,0.02,G16_fixed,True,16,20,0.2809441810610035,5.513799586189751,0.05179644465749898,19,0.22755332502703998,6.429168141661782,0.06707517200544362,15.0,0;22.5;45;67.5;90;112.5;135;157.5;180;202.5;225;247.5;270;292.5;315;337.5
val_images,test005.png,4,upright,0.0,321,481,154401.0,1.0,inpaint,red_gd,restormer,15.0,fixed15p0,0.8,3.8461538461538467,1.4142135623730951,0.02,G16_fixed,True,16,20,0.2809441810610035,5.513799586189751,0.05179644465749898,20,0.22564263974164675,6.46578828205087,0.06778883596932662,15.0,0;22.5;45;67.5;90;112.5;135;157.5;180;202.5;225;247.5;270;292.5;315;337.5
val_images,test005.png,4,rot45_padded,45.0,1000,1000,154360.0,0.15435999631881714,inpaint,red_gd,restormer,15.0,fixed15p0,0.8,3.8461538461538467,1.4142135623730951,0.02,vanilla,False,0,20,0.2814709981941565,5.505663467206643,0.06134399192634102,1,0.28110550215405544,5.5113065374596015,0.06120492223940788,15.0,none
val_images,test005.png,4,rot45_padded,45.0,1000,1000,154360.0,0.15435999631881714,inpaint,red_gd,restormer,15.0,fixed15p0,0.8,3.8461538461538467,1.4142135623730951,0.02,vanilla,False,0,20,0.2814709981941565,5.505663467206643,0.06134399192634102,2,0.2807632118100544,5.516597980898387,0.06155286849734387,15.0,none
val_images,test005.png,4,rot45_padded,45.0,1000,1000,154360.0,0.15435999631881714,inpaint,red_gd,restormer,15.0,fixed15p0,0.8,3.8461538461538467,1.4142135623730951,0.02,vanilla,False,0,20,0.2814709981941565,5.505663467206643,0.06134399192634102,3,0.28043013288740604,5.521753222188998,0.06143063369517686,15.0,none
val_images,test005.png,4,rot45_padded,45.0,1000,1000,154360.0,0.15435999631881714,inpaint,red_gd,restormer,15.0,fixed15p0,0.8,3.8461538461538467,1.4142135623730951,0.02,vanilla,False,0,20,0.2814709981941565,5.505663467206643,0.06134399192634102,4,0.28011294619720134,5.526668185878016,0.06174092447241837,15.0,none
val_images,test005.png,4,rot45_padded,45.0,1000,1000,154360.0,0.15435999631881714,inpaint,red_gd,restormer,15.0,fixed15p0,0.8,3.8461538461538467,1.4142135623730951,0.02,vanilla,False,0,20,0.2814709981941565,5.505663467206643,0.06134399192634102,5,0.2797998590956206,5.531525085504452,0.06163785904298393,15.0,none
val_images,test005.png,4,rot45_padded,45.0,1000,1000,154360.0,0.15435999631881714,inpaint,red_gd,restormer,15.0,fixed15p0,0.8,3.8461538461538467,1.4142135623730951,0.02,vanilla,False,0,20,0.2814709981941565,5.505663467206643,0.06134399192634102,6,0.2794961605581109,5.536241536447452,0.06191758637478945,15.0,none
val_images,test005.png,4,rot45_padded,45.0,1000,1000,154360.0,0.15435999631881714,inpaint,red_gd,restormer,15.0,fixed15p0,0.8,3.8461538461538467,1.4142135623730951,0.02,vanilla,False,0,20,0.2814709981941565,5.505663467206643,0.06134399192634102,7,0.2791928922243457,5.540956423061765,0.06183463929693574,15.0,none
val_images,test005.png,4,rot45_padded,45.0,1000,1000,154360.0,0.15435999631881714,inpaint,red_gd,restormer,15.0,fixed15p0,0.8,3.8461538461538467,1.4142135623730951,0.02,vanilla,False,0,20,0.2814709981941565,5.505663467206643,0.06134399192634102,8,0.2788966842932107,5.5455664888103495,0.06208834562872506,15.0,none
val_images,test005.png,4,rot45_padded,45.0,1000,1000,154360.0,0.15435999631881714,inpaint,red_gd,restormer,15.0,fixed15p0,0.8,3.8461538461538467,1.4142135623730951,0.02,vanilla,False,0,20,0.2814709981941565,5.505663467206643,0.06134399192634102,9,0.2786000714644338,5.550187765100263,0.062023954250615444,15.0,none
val_images,test005.png,4,rot45_padded,45.0,1000,1000,154360.0,0.15435999631881714,inpaint,red_gd,restormer,15.0,fixed15p0,0.8,3.8461538461538467,1.4142135623730951,0.02,vanilla,False,0,20,0.2814709981941565,5.505663467206643,0.06134399192634102,10,0.27830808965243586,5.554741697336823,0.0622540310090859,15.0,none
val_images,test005.png,4,rot45_padded,45.0,1000,1000,154360.0,0.15435999631881714,inpaint,red_gd,restormer,15.0,fixed15p0,0.8,3.8461538461538467,1.4142135623730951,0.02,vanilla,False,0,20,0.2814709981941565,5.505663467206643,0.06134399192634102,11,0.27801674049300334,5.559290526975915,0.06220434880312257,15.0,none
val_images,test005.png,4,rot45_padded,45.0,1000,1000,154360.0,0.15435999631881714,inpaint,red_gd,restormer,15.0,fixed15p0,0.8,3.8461538461538467,1.4142135623730951,0.02,vanilla,False,0,20,0.2814709981941565,5.505663467206643,0.06134399192634102,12,0.2777254419457761,5.563843334634964,0.0624128268030092,15.0,none
val_images,test005.png,4,rot45_padded,45.0,1000,1000,154360.0,0.15435999631881714,inpaint,red_gd,restormer,15.0,fixed15p0,0.8,3.8461538461538467,1.4142135623730951,0.02,vanilla,False,0,20,0.2814709981941565,5.505663467206643,0.06134399192634102,13,0.27743960951671415,5.568315354526426,0.06237465887373672,15.0,none
val_images,test005.png,4,rot45_padded,45.0,1000,1000,154360.0,0.15435999631881714,inpaint,red_gd,restormer,15.0,fixed15p0,0.8,3.8461538461538467,1.4142135623730951,0.02,vanilla,False,0,20,0.2814709981941565,5.505663467206643,0.06134399192634102,14,0.2771519550482638,5.572820535186491,0.06256266423660599,15.0,none
val_images,test005.png,4,rot45_padded,45.0,1000,1000,154360.0,0.15435999631881714,inpaint,red_gd,restormer,15.0,fixed15p0,0.8,3.8461538461538467,1.4142135623730951,0.02,vanilla,False,0,20,0.2814709981941565,5.505663467206643,0.06134399192634102,15,0.27687389159270537,5.577179950374072,0.06253482752372701,15.0,none
val_images,test005.png,4,rot45_padded,45.0,1000,1000,154360.0,0.15435999631881714,inpaint,red_gd,restormer,15.0,fixed15p0,0.8,3.8461538461538467,1.4142135623730951,0.02,vanilla,False,0,20,0.2814709981941565,5.505663467206643,0.06134399192634102,16,0.2765928420170381,5.581590632459649,0.06270369514649196,15.0,none
val_images,test005.png,4,rot45_padded,45.0,1000,1000,154360.0,0.15435999631881714,inpaint,red_gd,restormer,15.0,fixed15p0,0.8,3.8461538461538467,1.4142135623730951,0.02,vanilla,False,0,20,0.2814709981941565,5.505663467206643,0.06134399192634102,17,0.27632459732929515,5.585804541753745,0.06268528495683791,15.0,none
val_images,test005.png,4,rot45_padded,45.0,1000,1000,154360.0,0.15435999631881714,inpaint,red_gd,restormer,15.0,fixed15p0,0.8,3.8461538461538467,1.4142135623730951,0.02,vanilla,False,0,20,0.2814709981941565,5.505663467206643,0.06134399192634102,18,0.2760520759102099,5.590089826192632,0.06283634340988598,15.0,none
val_images,test005.png,4,rot45_padded,45.0,1000,1000,154360.0,0.15435999631881714,inpaint,red_gd,restormer,15.0,fixed15p0,0.8,3.8461538461538467,1.4142135623730951,0.02,vanilla,False,0,20,0.2814709981941565,5.505663467206643,0.06134399192634102,19,0.275794738152695,5.59414023921766,0.0628263158667239,15.0,none
val_images,test005.png,4,rot45_padded,45.0,1000,1000,154360.0,0.15435999631881714,inpaint,red_gd,restormer,15.0,fixed15p0,0.8,3.8461538461538467,1.4142135623730951,0.02,vanilla,False,0,20,0.2814709981941565,5.505663467206643,0.06134399192634102,20,0.27553236448075924,5.59827380878013,0.06296110882231472,15.0,none
val_images,test005.png,4,rot45_padded,45.0,1000,1000,154360.0,0.15435999631881714,inpaint,red_gd,restormer,15.0,fixed15p0,0.8,3.8461538461538467,1.4142135623730951,0.02,G16_fixed,False,16,20,0.2814709981941565,5.505663467206643,0.06134399192634102,1,0.2776207759053511,5.5654803633164,0.06217282372578712,15.0,0;22.5;45;67.5;90;112.5;135;157.5;180;202.5;225;247.5;270;292.5;315;337.5
val_images,test005.png,4,rot45_padded,45.0,1000,1000,154360.0,0.15435999631881714,inpaint,red_gd,restormer,15.0,fixed15p0,0.8,3.8461538461538467,1.4142135623730951,0.02,G16_fixed,False,16,20,0.2814709981941565,5.505663467206643,0.06134399192634102,2,0.27402495586615705,5.622098835247844,0.06329983733237238,15.0,0;22.5;45;67.5;90;112.5;135;157.5;180;202.5;225;247.5;270;292.5;315;337.5
val_images,test005.png,4,rot45_padded,45.0,1000,1000,154360.0,0.15435999631881714,inpaint,red_gd,restormer,15.0,fixed15p0,0.8,3.8461538461538467,1.4142135623730951,0.02,G16_fixed,False,16,20,0.2814709981941565,5.505663467206643,0.06134399192634102,3,0.2705959030432107,5.676787831234504,0.0640720404006867,15.0,0;22.5;45;67.5;90;112.5;135;157.5;180;202.5;225;247.5;270;292.5;315;337.5
val_images,test005.png,4,rot45_padded,45.0,1000,1000,154360.0,0.15435999631881714,inpaint,red_gd,restormer,15.0,fixed15p0,0.8,3.8461538461538467,1.4142135623730951,0.02,G16_fixed,False,16,20,0.2814709981941565,5.505663467206643,0.06134399192634102,4,0.2673752712814201,5.7287876178099895,0.06511436080833766,15.0,0;22.5;45;67.5;90;112.5;135;157.5;180;202.5;225;247.5;270;292.5;315;337.5
val_images,test005.png,4,rot45_padded,45.0,1000,1000,154360.0,0.15435999631881714,inpaint,red_gd,restormer,15.0,fixed15p0,0.8,3.8461538461538467,1.4142135623730951,0.02,G16_fixed,False,16,20,0.2814709981941565,5.505663467206643,0.06134399192634102,5,0.2642864337020601,5.779251294129361,0.06584045615768334,15.0,0;22.5;45;67.5;90;112.5;135;157.5;180;202.5;225;247.5;270;292.5;315;337.5
val_images,test005.png,4,rot45_padded,45.0,1000,1000,154360.0,0.15435999631881714,inpaint,red_gd,restormer,15.0,fixed15p0,0.8,3.8461538461538467,1.4142135623730951,0.02,G16_fixed,False,16,20,0.2814709981941565,5.505663467206643,0.06134399192634102,6,0.2613704368035761,5.82743536339078,0.06681202702894208,15.0,0;22.5;45;67.5;90;112.5;135;157.5;180;202.5;225;247.5;270;292.5;315;337.5
val_images,test005.png,4,rot45_padded,45.0,1000,1000,154360.0,0.15435999631881714,inpaint,red_gd,restormer,15.0,fixed15p0,0.8,3.8461538461538467,1.4142135623730951,0.02,G16_fixed,False,16,20,0.2814709981941565,5.505663467206643,0.06134399192634102,7,0.2585615606374708,5.874360395634737,0.06750039730581109,15.0,0;22.5;45;67.5;90;112.5;135;157.5;180;202.5;225;247.5;270;292.5;315;337.5
val_images,test005.png,4,rot45_padded,45.0,1000,1000,154360.0,0.15435999631881714,inpaint,red_gd,restormer,15.0,fixed15p0,0.8,3.8461538461538467,1.4142135623730951,0.02,G16_fixed,False,16,20,0.2814709981941565,5.505663467206643,0.06134399192634102,8,0.255899510478751,5.919305448927307,0.06841198638734128,15.0,0;22.5;45;67.5;90;112.5;135;157.5;180;202.5;225;247.5;270;292.5;315;337.5
val_images,test005.png,4,rot45_padded,45.0,1000,1000,154360.0,0.15435999631881714,inpaint,red_gd,restormer,15.0,fixed15p0,0.8,3.8461538461538467,1.4142135623730951,0.02,G16_fixed,False,16,20,0.2814709981941565,5.505663467206643,0.06134399192634102,9,0.25332742351483545,5.9631779387900385,0.06906875566856699,15.0,0;22.5;45;67.5;90;112.5;135;157.5;180;202.5;225;247.5;270;292.5;315;337.5
val_images,test005.png,4,rot45_padded,45.0,1000,1000,154360.0,0.15435999631881714,inpaint,red_gd,restormer,15.0,fixed15p0,0.8,3.8461538461538467,1.4142135623730951,0.02,G16_fixed,False,16,20,0.2814709981941565,5.505663467206643,0.06134399192634102,10,0.25088295522641874,6.005288432791083,0.06992858111719358,15.0,0;22.5;45;67.5;90;112.5;135;157.5;180;202.5;225;247.5;270;292.5;315;337.5
val_images,test005.png,4,rot45_padded,45.0,1000,1000,154360.0,0.15435999631881714,inpaint,red_gd,restormer,15.0,fixed15p0,0.8,3.8461538461538467,1.4142135623730951,0.02,G16_fixed,False,16,20,0.2814709981941565,5.505663467206643,0.06134399192634102,11,0.24851599953031875,6.046456460290305,0.07055779205266909,15.0,0;22.5;45;67.5;90;112.5;135;157.5;180;202.5;225;247.5;270;292.5;315;337.5
val_images,test005.png,4,rot45_padded,45.0,1000,1000,154360.0,0.15435999631881714,inpaint,red_gd,restormer,15.0,fixed15p0,0.8,3.8461538461538467,1.4142135623730951,0.02,G16_fixed,False,16,20,0.2814709981941565,5.505663467206643,0.06134399192634102,12,0.2462625163983545,6.0860168706548645,0.07137156039453227,15.0,0;22.5;45;67.5;90;112.5;135;157.5;180;202.5;225;247.5;270;292.5;315;337.5
val_images,test005.png,4,rot45_padded,45.0,1000,1000,154360.0,0.15435999631881714,inpaint,red_gd,restormer,15.0,fixed15p0,0.8,3.8461538461538467,1.4142135623730951,0.02,G16_fixed,False,16,20,0.2814709981941565,5.505663467206643,0.06134399192634102,13,0.24407606913222338,6.124747996623199,0.0719756613496858,15.0,0;22.5;45;67.5;90;112.5;135;157.5;180;202.5;225;247.5;270;292.5;315;337.5
val_images,test005.png,4,rot45_padded,45.0,1000,1000,154360.0,0.15435999631881714,inpaint,red_gd,restormer,15.0,fixed15p0,0.8,3.8461538461538467,1.4142135623730951,0.02,G16_fixed,False,16,20,0.2814709981941565,5.505663467206643,0.06134399192634102,14,0.2419891001554807,6.162041953788126,0.07274804788724411,15.0,0;22.5;45;67.5;90;112.5;135;157.5;180;202.5;225;247.5;270;292.5;315;337.5
val_images,test005.png,4,rot45_padded,45.0,1000,1000,154360.0,0.15435999631881714,inpaint,red_gd,restormer,15.0,fixed15p0,0.8,3.8461538461538467,1.4142135623730951,0.02,G16_fixed,False,16,20,0.2814709981941565,5.505663467206643,0.06134399192634102,15,0.23996096786732313,6.198593950318408,0.07332968967632482,15.0,0;22.5;45;67.5;90;112.5;135;157.5;180;202.5;225;247.5;270;292.5;315;337.5
val_images,test005.png,4,rot45_padded,45.0,1000,1000,154360.0,0.15435999631881714,inpaint,red_gd,restormer,15.0,fixed15p0,0.8,3.8461538461538467,1.4142135623730951,0.02,G16_fixed,False,16,20,0.2814709981941565,5.505663467206643,0.06134399192634102,16,0.23801928122570615,6.233878606293954,0.07406474971252268,15.0,0;22.5;45;67.5;90;112.5;135;157.5;180;202.5;225;247.5;270;292.5;315;337.5
val_images,test005.png,4,rot45_padded,45.0,1000,1000,154360.0,0.15435999631881714,inpaint,red_gd,restormer,15.0,fixed15p0,0.8,3.8461538461538467,1.4142135623730951,0.02,G16_fixed,False,16,20,0.2814709981941565,5.505663467206643,0.06134399192634102,17,0.2361297504615833,6.2684929183983265,0.07462611498688132,15.0,0;22.5;45;67.5;90;112.5;135;157.5;180;202.5;225;247.5;270;292.5;315;337.5
val_images,test005.png,4,rot45_padded,45.0,1000,1000,154360.0,0.15435999631881714,inpaint,red_gd,restormer,15.0,fixed15p0,0.8,3.8461538461538467,1.4142135623730951,0.02,G16_fixed,False,16,20,0.2814709981941565,5.505663467206643,0.06134399192634102,18,0.23431439188423167,6.30201035671279,0.07532785321245788,15.0,0;22.5;45;67.5;90;112.5;135;157.5;180;202.5;225;247.5;270;292.5;315;337.5
val_images,test005.png,4,rot45_padded,45.0,1000,1000,154360.0,0.15435999631881714,inpaint,red_gd,restormer,15.0,fixed15p0,0.8,3.8461538461538467,1.4142135623730951,0.02,G16_fixed,False,16,20,0.2814709981941565,5.505663467206643,0.06134399192634102,19,0.23254625449436384,6.334906510590633,0.07587097911335515,15.0,0;22.5;45;67.5;90;112.5;135;157.5;180;202.5;225;247.5;270;292.5;315;337.5
val_images,test005.png,4,rot45_padded,45.0,1000,1000,154360.0,0.15435999631881714,inpaint,red_gd,restormer,15.0,fixed15p0,0.8,3.8461538461538467,1.4142135623730951,0.02,G16_fixed,False,16,20,0.2814709981941565,5.505663467206643,0.06134399192634102,20,0.23084135705493652,6.366863812541293,0.07654306491318995,15.0,0;22.5;45;67.5;90;112.5;135;157.5;180;202.5;225;247.5;270;292.5;315;337.5
val_images,test006.png,5,upright,0.0,321,481,154401.0,1.0,inpaint,red_gd,restormer,15.0,fixed15p0,0.8,3.8461538461538467,1.4142135623730951,0.02,vanilla,True,0,20,0.2497476386568092,6.024986093008419,0.03623561021706466,1,0.24923173364324067,6.033966615765655,0.03621652815760584,15.0,none
val_images,test006.png,5,upright,0.0,321,481,154401.0,1.0,inpaint,red_gd,restormer,15.0,fixed15p0,0.8,3.8461538461538467,1.4142135623730951,0.02,vanilla,True,0,20,0.2497476386568092,6.024986093008419,0.03623561021706466,2,0.24873055287044774,6.042708647981715,0.03672181691767702,15.0,none
val_images,test006.png,5,upright,0.0,321,481,154401.0,1.0,inpaint,red_gd,restormer,15.0,fixed15p0,0.8,3.8461538461538467,1.4142135623730951,0.02,vanilla,True,0,20,0.2497476386568092,6.024986093008419,0.03623561021706466,3,0.2482446529248515,6.051200972343565,0.03671786388911827,15.0,none
val_images,test006.png,5,upright,0.0,321,481,154401.0,1.0,inpaint,red_gd,restormer,15.0,fixed15p0,0.8,3.8461538461538467,1.4142135623730951,0.02,vanilla,True,0,20,0.2497476386568092,6.024986093008419,0.03623561021706466,4,0.2477715291675572,6.059485988308123,0.03717672195694976,15.0,none
val_images,test006.png,5,upright,0.0,321,481,154401.0,1.0,inpaint,red_gd,restormer,15.0,fixed15p0,0.8,3.8461538461538467,1.4142135623730951,0.02,vanilla,True,0,20,0.2497476386568092,6.024986093008419,0.03623561021706466,5,0.24731181408313418,6.06755136899669,0.037186009992851404,15.0,none
val_images,test006.png,5,upright,0.0,321,481,154401.0,1.0,inpaint,red_gd,restormer,15.0,fixed15p0,0.8,3.8461538461538467,1.4142135623730951,0.02,vanilla,True,0,20,0.2497476386568092,6.024986093008419,0.03623561021706466,6,0.24686338252342926,6.075433245978118,0.037604129729567816,15.0,none
val_images,test006.png,5,upright,0.0,321,481,154401.0,1.0,inpaint,red_gd,restormer,15.0,fixed15p0,0.8,3.8461538461538467,1.4142135623730951,0.02,vanilla,True,0,20,0.2497476386568092,6.024986093008419,0.03623561021706466,7,0.2464268163742463,6.083120336437242,0.03762505231912358,15.0,none
val_images,test006.png,5,upright,0.0,321,481,154401.0,1.0,inpaint,red_gd,restormer,15.0,fixed15p0,0.8,3.8461538461538467,1.4142135623730951,0.02,vanilla,True,0,20,0.2497476386568092,6.024986093008419,0.03623561021706466,8,0.2460002687806426,6.090644183848886,0.038007436677668864,15.0,none
val_images,test006.png,5,upright,0.0,321,481,154401.0,1.0,inpaint,red_gd,restormer,15.0,fixed15p0,0.8,3.8461538461538467,1.4142135623730951,0.02,vanilla,True,0,20,0.2497476386568092,6.024986093008419,0.03623561021706466,9,0.24558427102965655,6.097994519599199,0.03803859602998037,15.0,none
val_images,test006.png,5,upright,0.0,321,481,154401.0,1.0,inpaint,red_gd,restormer,15.0,fixed15p0,0.8,3.8461538461538467,1.4142135623730951,0.02,vanilla,True,0,20,0.2497476386568092,6.024986093008419,0.03623561021706466,10,0.2451772039607904,6.105199120258611,0.03838955223027215,15.0,none
val_images,test006.png,5,upright,0.0,321,481,154401.0,1.0,inpaint,red_gd,restormer,15.0,fixed15p0,0.8,3.8461538461538467,1.4142135623730951,0.02,vanilla,True,0,20,0.2497476386568092,6.024986093008419,0.03623561021706466,11,0.24477964945984806,6.112246914883823,0.03842969286346915,15.0,none
val_images,test006.png,5,upright,0.0,321,481,154401.0,1.0,inpaint,red_gd,restormer,15.0,fixed15p0,0.8,3.8461538461538467,1.4142135623730951,0.02,vanilla,True,0,20,0.2497476386568092,6.024986093008419,0.03623561021706466,12,0.24439003896509737,6.119164993732343,0.038753037949883745,15.0,none
val_images,test006.png,5,upright,0.0,321,481,154401.0,1.0,inpaint,red_gd,restormer,15.0,fixed15p0,0.8,3.8461538461538467,1.4142135623730951,0.02,vanilla,True,0,20,0.2497476386568092,6.024986093008419,0.03623561021706466,13,0.24400903026049053,6.125941010394195,0.03880112575169526,15.0,none
val_images,test006.png,5,upright,0.0,321,481,154401.0,1.0,inpaint,red_gd,restormer,15.0,fixed15p0,0.8,3.8461538461538467,1.4142135623730951,0.02,vanilla,True,0,20,0.2497476386568092,6.024986093008419,0.03623561021706466,14,0.24363528247874042,6.13259818353372,0.03910015180641641,15.0,none
val_images,test006.png,5,upright,0.0,321,481,154401.0,1.0,inpaint,red_gd,restormer,15.0,fixed15p0,0.8,3.8461538461538467,1.4142135623730951,0.02,vanilla,True,0,20,0.2497476386568092,6.024986093008419,0.03623561021706466,15,0.24326937750565086,6.13912556163001,0.039155193776068485,15.0,none
val_images,test006.png,5,upright,0.0,321,481,154401.0,1.0,inpaint,red_gd,restormer,15.0,fixed15p0,0.8,3.8461538461538467,1.4142135623730951,0.02,vanilla,True,0,20,0.2497476386568092,6.024986093008419,0.03623561021706466,16,0.24291005037208308,6.145545159448137,0.03943275646692703,15.0,none
val_images,test006.png,5,upright,0.0,321,481,154401.0,1.0,inpaint,red_gd,restormer,15.0,fixed15p0,0.8,3.8461538461538467,1.4142135623730951,0.02,vanilla,True,0,20,0.2497476386568092,6.024986093008419,0.03623561021706466,17,0.24255780706569258,6.151847424315086,0.039493892425405276,15.0,none
val_images,test006.png,5,upright,0.0,321,481,154401.0,1.0,inpaint,red_gd,restormer,15.0,fixed15p0,0.8,3.8461538461538467,1.4142135623730951,0.02,vanilla,True,0,20,0.2497476386568092,6.024986093008419,0.03623561021706466,18,0.24221171150931664,6.158048615195437,0.03975248374160465,15.0,none
val_images,test006.png,5,upright,0.0,321,481,154401.0,1.0,inpaint,red_gd,restormer,15.0,fixed15p0,0.8,3.8461538461538467,1.4142135623730951,0.02,vanilla,True,0,20,0.2497476386568092,6.024986093008419,0.03623561021706466,19,0.2418720672955486,6.164142834358013,0.039818973681962876,15.0,none
val_images,test006.png,5,upright,0.0,321,481,154401.0,1.0,inpaint,red_gd,restormer,15.0,fixed15p0,0.8,3.8461538461538467,1.4142135623730951,0.02,vanilla,True,0,20,0.2497476386568092,6.024986093008419,0.03623561021706466,20,0.24153806484413962,6.170144175042761,0.04006080731949599,15.0,none
val_images,test006.png,5,upright,0.0,321,481,154401.0,1.0,inpaint,red_gd,restormer,15.0,fixed15p0,0.8,3.8461538461538467,1.4142135623730951,0.02,G16_fixed,True,16,20,0.2497476386568092,6.024986093008419,0.03623561021706466,1,0.24613680954948478,6.088234330716676,0.0369273491033494,15.0,0;22.5;45;67.5;90;112.5;135;157.5;180;202.5;225;247.5;270;292.5;315;337.5
val_images,test006.png,5,upright,0.0,321,481,154401.0,1.0,inpaint,red_gd,restormer,15.0,fixed15p0,0.8,3.8461538461538467,1.4142135623730951,0.02,G16_fixed,True,16,20,0.2497476386568092,6.024986093008419,0.03623561021706466,2,0.24274436471428293,6.148508434051209,0.037568862389978044,15.0,0;22.5;45;67.5;90;112.5;135;157.5;180;202.5;225;247.5;270;292.5;315;337.5
val_images,test006.png,5,upright,0.0,321,481,154401.0,1.0,inpaint,red_gd,restormer,15.0,fixed15p0,0.8,3.8461538461538467,1.4142135623730951,0.02,G16_fixed,True,16,20,0.2497476386568092,6.024986093008419,0.03623561021706466,3,0.23949438070349285,6.207046720535729,0.03823580788114229,15.0,0;22.5;45;67.5;90;112.5;135;157.5;180;202.5;225;247.5;270;292.5;315;337.5
val_images,test006.png,5,upright,0.0,321,481,154401.0,1.0,inpaint,red_gd,restormer,15.0,fixed15p0,0.8,3.8461538461538467,1.4142135623730951,0.02,G16_fixed,True,16,20,0.2497476386568092,6.024986093008419,0.03623561021706466,4,0.2364271847332595,6.2630258912379855,0.03884914398020414,15.0,0;22.5;45;67.5;90;112.5;135;157.5;180;202.5;225;247.5;270;292.5;315;337.5
val_images,test006.png,5,upright,0.0,321,481,154401.0,1.0,inpaint,red_gd,restormer,15.0,fixed15p0,0.8,3.8461538461538467,1.4142135623730951,0.02,G16_fixed,True,16,20,0.2497476386568092,6.024986093008419,0.03623561021706466,5,0.23348456292381525,6.317418279827843,0.03949283933859722,15.0,0;22.5;45;67.5;90;112.5;135;157.5;180;202.5;225;247.5;270;292.5;315;337.5
val_images,test006.png,5,upright,0.0,321,481,154401.0,1.0,inpaint,red_gd,restormer,15.0,fixed15p0,0.8,3.8461538461538467,1.4142135623730951,0.02,G16_fixed,True,16,20,0.2497476386568092,6.024986093008419,0.03623561021706466,6,0.23069502767954872,6.36961766010359,0.0400812618704704,15.0,0;22.5;45;67.5;90;112.5;135;157.5;180;202.5;225;247.5;270;292.5;315;337.5
val_images,test006.png,5,upright,0.0,321,481,154401.0,1.0,inpaint,red_gd,restormer,15.0,fixed15p0,0.8,3.8461538461538467,1.4142135623730951,0.02,G16_fixed,True,16,20,0.2497476386568092,6.024986093008419,0.03623561021706466,7,0.22800952349725714,6.420470130173981,0.04070523319756673,15.0,0;22.5;45;67.5;90;112.5;135;157.5;180;202.5;225;247.5;270;292.5;315;337.5
val_images,test006.png,5,upright,0.0,321,481,154401.0,1.0,inpaint,red_gd,restormer,15.0,fixed15p0,0.8,3.8461538461538467,1.4142135623730951,0.02,G16_fixed,True,16,20,0.2497476386568092,6.024986093008419,0.03623561021706466,8,0.22545420993873097,6.4694165063867315,0.04127357118193859,15.0,0;22.5;45;67.5;90;112.5;135;157.5;180;202.5;225;247.5;270;292.5;315;337.5
val_images,test006.png,5,upright,0.0,321,481,154401.0,1.0,inpaint,red_gd,restormer,15.0,fixed15p0,0.8,3.8461538461538467,1.4142135623730951,0.02,G16_fixed,True,16,20,0.2497476386568092,6.024986093008419,0.03623561021706466,9,0.2229834975162078,6.517272768749164,0.04188186321655948,15.0,0;22.5;45;67.5;90;112.5;135;157.5;180;202.5;225;247.5;270;292.5;315;337.5
val_images,test006.png,5,upright,0.0,321,481,154401.0,1.0,inpaint,red_gd,restormer,15.0,fixed15p0,0.8,3.8461538461538467,1.4142135623730951,0.02,G16_fixed,True,16,20,0.2497476386568092,6.024986093008419,0.03623561021706466,10,0.22062739129765999,6.563405700873648,0.0424338957487322,15.0,0;22.5;45;67.5;90;112.5;135;157.5;180;202.5;225;247.5;270;292.5;315;337.5
val_images,test006.png,5,upright,0.0,321,481,154401.0,1.0,inpaint,red_gd,restormer,15.0,fixed15p0,0.8,3.8461538461538467,1.4142135623730951,0.02,G16_fixed,True,16,20,0.2497476386568092,6.024986093008419,0.03623561021706466,11,0.21833557081074603,6.608755041059803,0.04303124580030246,15.0,0;22.5;45;67.5;90;112.5;135;157.5;180;202.5;225;247.5;270;292.5;315;337.5
val_images,test006.png,5,upright,0.0,321,481,154401.0,1.0,inpaint,red_gd,restormer,15.0,fixed15p0,0.8,3.8461538461538467,1.4142135623730951,0.02,G16_fixed,True,16,20,0.2497476386568092,6.024986093008419,0.03623561021706466,12,0.21613735804010337,6.6527016144416855,0.043571526769175715,15.0,0;22.5;45;67.5;90;112.5;135;157.5;180;202.5;225;247.5;270;292.5;315;337.5
val_images,test006.png,5,upright,0.0,321,481,154401.0,1.0,inpaint,red_gd,restormer,15.0,fixed15p0,0.8,3.8461538461538467,1.4142135623730951,0.02,G16_fixed,True,16,20,0.2497476386568092,6.024986093008419,0.03623561021706466,13,0.21400449357517115,6.695771074245851,0.04415831432843699,15.0,0;22.5;45;67.5;90;112.5;135;157.5;180;202.5;225;247.5;270;292.5;315;337.5
val_images,test006.png,5,upright,0.0,321,481,154401.0,1.0,inpaint,red_gd,restormer,15.0,fixed15p0,0.8,3.8461538461538467,1.4142135623730951,0.02,G16_fixed,True,16,20,0.2497476386568092,6.024986093008419,0.03623561021706466,14,0.21195588870457446,6.737545130595453,0.04468553449095213,15.0,0;22.5;45;67.5;90;112.5;135;157.5;180;202.5;225;247.5;270;292.5;315;337.5
val_images,test006.png,5,upright,0.0,321,481,154401.0,1.0,inpaint,red_gd,restormer,15.0,fixed15p0,0.8,3.8461538461538467,1.4142135623730951,0.02,G16_fixed,True,16,20,0.2497476386568092,6.024986093008419,0.03623561021706466,15,0.20995884397607528,6.778658271031426,0.045262461615776454,15.0,0;22.5;45;67.5;90;112.5;135;157.5;180;202.5;225;247.5;270;292.5;315;337.5
val_images,test006.png,5,upright,0.0,321,481,154401.0,1.0,inpaint,red_gd,restormer,15.0,fixed15p0,0.8,3.8461538461538467,1.4142135623730951,0.02,G16_fixed,True,16,20,0.2497476386568092,6.024986093008419,0.03623561021706466,16,0.20803363684496862,6.818664385223771,0.0457823892312064,15.0,0;22.5;45;67.5;90;112.5;135;157.5;180;202.5;225;247.5;270;292.5;315;337.5
val_images,test006.png,5,upright,0.0,321,481,154401.0,1.0,inpaint,red_gd,restormer,15.0,fixed15p0,0.8,3.8461538461538467,1.4142135623730951,0.02,G16_fixed,True,16,20,0.2497476386568092,6.024986093008419,0.03623561021706466,17,0.20615998985595949,6.85795615826481,0.046348864548521385,15.0,0;22.5;45;67.5;90;112.5;135;157.5;180;202.5;225;247.5;270;292.5;315;337.5
val_images,test006.png,5,upright,0.0,321,481,154401.0,1.0,inpaint,red_gd,restormer,15.0,fixed15p0,0.8,3.8461538461538467,1.4142135623730951,0.02,G16_fixed,True,16,20,0.2497476386568092,6.024986093008419,0.03623561021706466,18,0.20434725113098362,6.896312000207746,0.046859064551273956,15.0,0;22.5;45;67.5;90;112.5;135;157.5;180;202.5;225;247.5;270;292.5;315;337.5
val_images,test006.png,5,upright,0.0,321,481,154401.0,1.0,inpaint,red_gd,restormer,15.0,fixed15p0,0.8,3.8461538461538467,1.4142135623730951,0.02,G16_fixed,True,16,20,0.2497476386568092,6.024986093008419,0.03623561021706466,19,0.20257525706196852,6.934136013137351,0.047419777934161696,15.0,0;22.5;45;67.5;90;112.5;135;157.5;180;202.5;225;247.5;270;292.5;315;337.5
val_images,test006.png,5,upright,0.0,321,481,154401.0,1.0,inpaint,red_gd,restormer,15.0,fixed15p0,0.8,3.8461538461538467,1.4142135623730951,0.02,G16_fixed,True,16,20,0.2497476386568092,6.024986093008419,0.03623561021706466,20,0.2008576060671563,6.9711171777622285,0.04792441839754924,15.0,0;22.5;45;67.5;90;112.5;135;157.5;180;202.5;225;247.5;270;292.5;315;337.5
val_images,test006.png,5,rot45_padded,45.0,1000,1000,154360.0,0.15435999631881714,inpaint,red_gd,restormer,15.0,fixed15p0,0.8,3.8461538461538467,1.4142135623730951,0.02,vanilla,False,0,20,0.2486030525233221,6.044935430881965,0.04646019501894921,1,0.24832496376166105,6.049796192333051,0.04636486693039,15.0,none
val_images,test006.png,5,rot45_padded,45.0,1000,1000,154360.0,0.15435999631881714,inpaint,red_gd,restormer,15.0,fixed15p0,0.8,3.8461538461538467,1.4142135623730951,0.02,vanilla,False,0,20,0.2486030525233221,6.044935430881965,0.04646019501894921,2,0.24806423498639543,6.054358462385263,0.04659887878781744,15.0,none
val_images,test006.png,5,rot45_padded,45.0,1000,1000,154360.0,0.15435999631881714,inpaint,red_gd,restormer,15.0,fixed15p0,0.8,3.8461538461538467,1.4142135623730951,0.02,vanilla,False,0,20,0.2486030525233221,6.044935430881965,0.04646019501894921,3,0.2478115029395569,6.058785383666186,0.04651721283140872,15.0,none
val_images,test006.png,5,rot45_padded,45.0,1000,1000,154360.0,0.15435999631881714,inpaint,red_gd,restormer,15.0,fixed15p0,0.8,3.8461538461538467,1.4142135623730951,0.02,vanilla,False,0,20,0.2486030525233221,6.044935430881965,0.04646019501894921,4,0.24757023455720395,6.06301571867724,0.04672413766924721,15.0,none
val_images,test006.png,5,rot45_padded,45.0,1000,1000,154360.0,0.15435999631881714,inpaint,red_gd,restormer,15.0,fixed15p0,0.8,3.8461538461538467,1.4142135623730951,0.02,vanilla,False,0,20,0.2486030525233221,6.044935430881965,0.04646019501894921,5,0.2473326355597305,6.067185746683421,0.04665951220968839,15.0,none
val_images,test006.png,5,rot45_padded,45.0,1000,1000,154360.0,0.15435999631881714,inpaint,red_gd,restormer,15.0,fixed15p0,0.8,3.8461538461538467,1.4142135623730951,0.02,vanilla,False,0,20,0.2486030525233221,6.044935430881965,0.04646019501894921,6,0.24710224880150297,6.071233021995411,0.04684975083611363,15.0,none
val_images,test006.png,5,rot45_padded,45.0,1000,1000,154360.0,0.15435999631881714,inpaint,red_gd,restormer,15.0,fixed15p0,0.8,3.8461538461538467,1.4142135623730951,0.02,vanilla,False,0,20,0.2486030525233221,6.044935430881965,0.04646019501894921,7,0.24687451918405026,6.075237328660909,0.04680568974819416,15.0,none
val_images,test006.png,5,rot45_padded,45.0,1000,1000,154360.0,0.15435999631881714,inpaint,red_gd,restormer,15.0,fixed15p0,0.8,3.8461538461538467,1.4142135623730951,0.02,vanilla,False,0,20,0.2486030525233221,6.044935430881965,0.04646019501894921,8,0.24665536833538482,6.079094278885899,0.04698121920247311,15.0,none
val_images,test006.png,5,rot45_padded,45.0,1000,1000,154360.0,0.15435999631881714,inpaint,red_gd,restormer,15.0,fixed15p0,0.8,3.8461538461538467,1.4142135623730951,0.02,vanilla,False,0,20,0.2486030525233221,6.044935430881965,0.04646019501894921,9,0.24643611626230888,6.082956441374297,0.046952854224701995,15.0,none
val_images,test006.png,5,rot45_padded,45.0,1000,1000,154360.0,0.15435999631881714,inpaint,red_gd,restormer,15.0,fixed15p0,0.8,3.8461538461538467,1.4142135623730951,0.02,vanilla,False,0,20,0.2486030525233221,6.044935430881965,0.04646019501894921,10,0.24622078663513863,6.086752855238606,0.04711465511831109,15.0,none
val_images,test006.png,5,rot45_padded,45.0,1000,1000,154360.0,0.15435999631881714,inpaint,red_gd,restormer,15.0,fixed15p0,0.8,3.8461538461538467,1.4142135623730951,0.02,vanilla,False,0,20,0.2486030525233221,6.044935430881965,0.04646019501894921,11,0.24600538108966052,6.090553930917971,0.04709598554110521,15.0,none
val_images,test006.png,5,rot45_padded,45.0,1000,1000,154360.0,0.15435999631881714,inpaint,red_gd,restormer,15.0,fixed15p0,0.8,3.8461538461538467,1.4142135623730951,0.02,vanilla,False,0,20,0.2486030525233221,6.044935430881965,0.04646019501894921,12,0.24578911513669344,6.094373539180045,0.04724405154751879,15.0,none
val_images,test006.png,5,rot45_padded,45.0,1000,1000,154360.0,0.15435999631881714,inpaint,red_gd,restormer,15.0,fixed15p0,0.8,3.8461538461538467,1.4142135623730951,0.02,vanilla,False,0,20,0.2486030525233221,6.044935430881965,0.04646019501894921,13,0.24557530387568022,6.0981530988345325,0.04723392910647188,15.0,none
val_images,test006.png,5,rot45_padded,45.0,1000,1000,154360.0,0.15435999631881714,inpaint,red_gd,restormer,15.0,fixed15p0,0.8,3.8461538461538467,1.4142135623730951,0.02,vanilla,False,0,20,0.2486030525233221,6.044935430881965,0.04646019501894921,14,0.2453577979236849,6.102001347834937,0.04736868726617161,15.0,none
val_images,test006.png,5,rot45_padded,45.0,1000,1000,154360.0,0.15435999631881714,inpaint,red_gd,restormer,15.0,fixed15p0,0.8,3.8461538461538467,1.4142135623730951,0.02,vanilla,False,0,20,0.2486030525233221,6.044935430881965,0.04646019501894921,15,0.24514634013021508,6.1057458609358015,0.04736584665615282,15.0,none
val_images,test006.png,5,rot45_padded,45.0,1000,1000,154360.0,0.15435999631881714,inpaint,red_gd,restormer,15.0,fixed15p0,0.8,3.8461538461538467,1.4142135623730951,0.02,vanilla,False,0,20,0.2486030525233221,6.044935430881965,0.04646019501894921,16,0.24492999825894013,6.109580205899746,0.047487961254332405,15.0,none
val_images,test006.png,5,rot45_padded,45.0,1000,1000,154360.0,0.15435999631881714,inpaint,red_gd,restormer,15.0,fixed15p0,0.8,3.8461538461538467,1.4142135623730951,0.02,vanilla,False,0,20,0.2486030525233221,6.044935430881965,0.04646019501894921,17,0.24472264005409433,6.113258508536305,0.04749108655800564,15.0,none
val_images,test006.png,5,rot45_padded,45.0,1000,1000,154360.0,0.15435999631881714,inpaint,red_gd,restormer,15.0,fixed15p0,0.8,3.8461538461538467,1.4142135623730951,0.02,vanilla,False,0,20,0.2486030525233221,6.044935430881965,0.04646019501894921,18,0.24450994226159628,6.117034769020742,0.04760145596130798,15.0,none
val_images,test006.png,5,rot45_padded,45.0,1000,1000,154360.0,0.15435999631881714,inpaint,red_gd,restormer,15.0,fixed15p0,0.8,3.8461538461538467,1.4142135623730951,0.02,vanilla,False,0,20,0.2486030525233221,6.044935430881965,0.04646019501894921,19,0.244308100787121,6.120621324174028,0.04760939258774132,15.0,none
val_images,test006.png,5,rot45_padded,45.0,1000,1000,154360.0,0.15435999631881714,inpaint,red_gd,restormer,15.0,fixed15p0,0.8,3.8461538461538467,1.4142135623730951,0.02,vanilla,False,0,20,0.2486030525233221,6.044935430881965,0.04646019501894921,20,0.2441007425822752,6.1243089940749815,0.04770929159108577,15.0,none
val_images,test006.png,5,rot45_padded,45.0,1000,1000,154360.0,0.15435999631881714,inpaint,red_gd,restormer,15.0,fixed15p0,0.8,3.8461538461538467,1.4142135623730951,0.02,G16_fixed,False,16,20,0.2486030525233221,6.044935430881965,0.04646019501894921,1,0.24525773759393626,6.103772822503954,0.04710800593984841,15.0,0;22.5;45;67.5;90;112.5;135;157.5;180;202.5;225;247.5;270;292.5;315;337.5
val_images,test006.png,5,rot45_padded,45.0,1000,1000,154360.0,0.15435999631881714,inpaint,red_gd,restormer,15.0,fixed15p0,0.8,3.8461538461538467,1.4142135623730951,0.02,G16_fixed,False,16,20,0.2486030525233221,6.044935430881965,0.04646019501894921,2,0.2421333955526043,6.15945307609101,0.04785447586506381,15.0,0;22.5;45;67.5;90;112.5;135;157.5;180;202.5;225;247.5;270;292.5;315;337.5
val_images,test006.png,5,rot45_padded,45.0,1000,1000,154360.0,0.15435999631881714,inpaint,red_gd,restormer,15.0,fixed15p0,0.8,3.8461538461538467,1.4142135623730951,0.02,G16_fixed,False,16,20,0.2486030525233221,6.044935430881965,0.04646019501894921,3,0.23915646155901787,6.21317880811184,0.04845636569950117,15.0,0;22.5;45;67.5;90;112.5;135;157.5;180;202.5;225;247.5;270;292.5;315;337.5
val_images,test006.png,5,rot45_padded,45.0,1000,1000,154360.0,0.15435999631881714,inpaint,red_gd,restormer,15.0,fixed15p0,0.8,3.8461538461538467,1.4142135623730951,0.02,G16_fixed,False,16,20,0.2486030525233221,6.044935430881965,0.04646019501894921,4,0.2363602131381187,6.264256270666007,0.04914211363148646,15.0,0;22.5;45;67.5;90;112.5;135;157.5;180;202.5;225;247.5;270;292.5;315;337.5
val_images,test006.png,5,rot45_padded,45.0,1000,1000,154360.0,0.15435999631881714,inpaint,red_gd,restormer,15.0,fixed15p0,0.8,3.8461538461538467,1.4142135623730951,0.02,G16_fixed,False,16,20,0.2486030525233221,6.044935430881965,0.04646019501894921,5,0.23368087891131123,6.313768225801471,0.04970745196395601,15.0,0;22.5;45;67.5;90;112.5;135;157.5;180;202.5;225;247.5;270;292.5;315;337.5
val_images,test006.png,5,rot45_padded,45.0,1000,1000,154360.0,0.15435999631881714,inpaint,red_gd,restormer,15.0,fixed15p0,0.8,3.8461538461538467,1.4142135623730951,0.02,G16_fixed,False,16,20,0.2486030525233221,6.044935430881965,0.04646019501894921,6,0.2311519135462555,6.361025069884354,0.0503465607488177,15.0,0;22.5;45;67.5;90;112.5;135;157.5;180;202.5;225;247.5;270;292.5;315;337.5
val_images,test006.png,5,rot45_padded,45.0,1000,1000,154360.0,0.15435999631881714,inpaint,red_gd,restormer,15.0,fixed15p0,0.8,3.8461538461538467,1.4142135623730951,0.02,G16_fixed,False,16,20,0.2486030525233221,6.044935430881965,0.04646019501894921,7,0.2287182509636564,6.4069917874020845,0.05088514420429516,15.0,0;22.5;45;67.5;90;112.5;135;157.5;180;202.5;225;247.5;270;292.5;315;337.5
val_images,test006.png,5,rot45_padded,45.0,1000,1000,154360.0,0.15435999631881714,inpaint,red_gd,restormer,15.0,fixed15p0,0.8,3.8461538461538467,1.4142135623730951,0.02,G16_fixed,False,16,20,0.2486030525233221,6.044935430881965,0.04646019501894921,8,0.22641311807625034,6.450984143075997,0.05148895730253142,15.0,0;22.5;45;67.5;90;112.5;135;157.5;180;202.5;225;247.5;270;292.5;315;337.5
val_images,test006.png,5,rot45_padded,45.0,1000,1000,154360.0,0.15435999631881714,inpaint,red_gd,restormer,15.0,fixed15p0,0.8,3.8461538461538467,1.4142135623730951,0.02,G16_fixed,False,16,20,0.2486030525233221,6.044935430881965,0.04646019501894921,9,0.22418775002429386,6.493881216348871,0.05200705230467738,15.0,0;22.5;45;67.5;90;112.5;135;157.5;180;202.5;225;247.5;270;292.5;315;337.5
val_images,test006.png,5,rot45_padded,45.0,1000,1000,154360.0,0.15435999631881714,inpaint,red_gd,restormer,15.0,fixed15p0,0.8,3.8461538461538467,1.4142135623730951,0.02,G16_fixed,False,16,20,0.2486030525233221,6.044935430881965,0.04646019501894921,10,0.22206967984743456,6.535107335444694,0.05258175705837814,15.0,0;22.5;45;67.5;90;112.5;135;157.5;180;202.5;225;247.5;270;292.5;315;337.5
val_images,test006.png,5,rot45_padded,45.0,1000,1000,154360.0,0.15435999631881714,inpaint,red_gd,restormer,15.0,fixed15p0,0.8,3.8461538461538467,1.4142135623730951,0.02,G16_fixed,False,16,20,0.2486030525233221,6.044935430881965,0.04646019501894921,11,0.2200199867598471,6.575378657903119,0.05308312472669409,15.0,0;22.5;45;67.5;90;112.5;135;157.5;180;202.5;225;247.5;270;292.5;315;337.5
val_images,test006.png,5,rot45_padded,45.0,1000,1000,154360.0,0.15435999631881714,inpaint,red_gd,restormer,15.0,fixed15p0,0.8,3.8461538461538467,1.4142135623730951,0.02,G16_fixed,False,16,20,0.2486030525233221,6.044935430881965,0.04646019501894921,12,0.21805954829619073,6.614248918772443,0.053634076539825735,15.0,0;22.5;45;67.5;90;112.5;135;157.5;180;202.5;225;247.5;270;292.5;315;337.5
val_images,test006.png,5,rot45_padded,45.0,1000,1000,154360.0,0.15435999631881714,inpaint,red_gd,restormer,15.0,fixed15p0,0.8,3.8461538461538467,1.4142135623730951,0.02,G16_fixed,False,16,20,0.2486030525233221,6.044935430881965,0.04646019501894921,13,0.21616012284594455,6.652244215081073,0.0541200359549106,15.0,0;22.5;45;67.5;90;112.5;135;157.5;180;202.5;225;247.5;270;292.5;315;337.5
val_images,test006.png,5,rot45_padded,45.0,1000,1000,154360.0,0.15435999631881714,inpaint,red_gd,restormer,15.0,fixed15p0,0.8,3.8461538461538467,1.4142135623730951,0.02,G16_fixed,False,16,20,0.2486030525233221,6.044935430881965,0.04646019501894921,14,0.21433499611298265,6.689069125891019,0.054652172680746305,15.0,0;22.5;45;67.5;90;112.5;135;157.5;180;202.5;225;247.5;270;292.5;315;337.5
val_images,test006.png,5,rot45_padded,45.0,1000,1000,154360.0,0.15435999631881714,inpaint,red_gd,restormer,15.0,fixed15p0,0.8,3.8461538461538467,1.4142135623730951,0.02,G16_fixed,False,16,20,0.2486030525233221,6.044935430881965,0.04646019501894921,15,0.2125661248461389,6.725059447261284,0.055123574760300595,15.0,0;22.5;45;67.5;90;112.5;135;157.5;180;202.5;225;247.5;270;292.5;315;337.5
val_images,test006.png,5,rot45_padded,45.0,1000,1000,154360.0,0.15435999631881714,inpaint,red_gd,restormer,15.0,fixed15p0,0.8,3.8461538461538467,1.4142135623730951,0.02,G16_fixed,False,16,20,0.2486030525233221,6.044935430881965,0.04646019501894921,16,0.21085931679596398,6.760072049707508,0.05564066700813034,15.0,0;22.5;45;67.5;90;112.5;135;157.5;180;202.5;225;247.5;270;292.5;315;337.5
val_images,test006.png,5,rot45_padded,45.0,1000,1000,154360.0,0.15435999631881714,inpaint,red_gd,restormer,15.0,fixed15p0,0.8,3.8461538461538467,1.4142135623730951,0.02,G16_fixed,False,16,20,0.2486030525233221,6.044935430881965,0.04646019501894921,17,0.20920501890871987,6.794279007884332,0.05609897950610586,15.0,0;22.5;45;67.5;90;112.5;135;157.5;180;202.5;225;247.5;270;292.5;315;337.5
val_images,test006.png,5,rot45_padded,45.0,1000,1000,154360.0,0.15435999631881714,inpaint,red_gd,restormer,15.0,fixed15p0,0.8,3.8461538461538467,1.4142135623730951,0.02,G16_fixed,False,16,20,0.2486030525233221,6.044935430881965,0.04646019501894921,18,0.2076034083271249,6.827655207392249,0.05660366543712749,15.0,0;22.5;45;67.5;90;112.5;135;157.5;180;202.5;225;247.5;270;292.5;315;337.5
val_images,test006.png,5,rot45_padded,45.0,1000,1000,154360.0,0.15435999631881714,inpaint,red_gd,restormer,15.0,fixed15p0,0.8,3.8461538461538467,1.4142135623730951,0.02,G16_fixed,False,16,20,0.2486030525233221,6.044935430881965,0.04646019501894921,19,0.20605099280901787,6.860252885869091,0.05705059651545089,15.0,0;22.5;45;67.5;90;112.5;135;157.5;180;202.5;225;247.5;270;292.5;315;337.5
val_images,test006.png,5,rot45_padded,45.0,1000,1000,154360.0,0.15435999631881714,inpaint,red_gd,restormer,15.0,fixed15p0,0.8,3.8461538461538467,1.4142135623730951,0.02,G16_fixed,False,16,20,0.2486030525233221,6.044935430881965,0.04646019501894921,20,0.2045438246023905,6.892136277842351,0.057544831026091606,15.0,0;22.5;45;67.5;90;112.5;135;157.5;180;202.5;225;247.5;270;292.5;315;337.5
val_images,test007.png,6,upright,0.0,321,481,154401.0,1.0,inpaint,red_gd,restormer,15.0,fixed15p0,0.8,3.8461538461538467,1.4142135623730951,0.02,vanilla,True,0,20,0.06195452000796627,12.079270033652627,0.1499739315159876,1,0.06162756975950609,12.102249580335013,0.15129243414874255,15.0,none
val_images,test007.png,6,upright,0.0,321,481,154401.0,1.0,inpaint,red_gd,restormer,15.0,fixed15p0,0.8,3.8461538461538467,1.4142135623730951,0.02,vanilla,True,0,20,0.06195452000796627,12.079270033652627,0.1499739315159876,2,0.061302339869074685,12.125229484369914,0.1533493245671984,15.0,none
val_images,test007.png,6,upright,0.0,321,481,154401.0,1.0,inpaint,red_gd,restormer,15.0,fixed15p0,0.8,3.8461538461538467,1.4142135623730951,0.02,vanilla,True,0,20,0.06195452000796627,12.079270033652627,0.1499739315159876,3,0.06098726768082784,12.147608232371551,0.15479967493329058,15.0,none
val_images,test007.png,6,upright,0.0,321,481,154401.0,1.0,inpaint,red_gd,restormer,15.0,fixed15p0,0.8,3.8461538461538467,1.4142135623730951,0.02,vanilla,True,0,20,0.06195452000796627,12.079270033652627,0.1499739315159876,4,0.060674959450149286,12.169905052404824,0.15679825027444771,15.0,none
val_images,test007.png,6,upright,0.0,321,481,154401.0,1.0,inpaint,red_gd,restormer,15.0,fixed15p0,0.8,3.8461538461538467,1.4142135623730951,0.02,vanilla,True,0,20,0.06195452000796627,12.079270033652627,0.1499739315159876,5,0.06037137318168276,12.191689457558514,0.158391529503533,15.0,none
val_images,test007.png,6,upright,0.0,321,481,154401.0,1.0,inpaint,red_gd,restormer,15.0,fixed15p0,0.8,3.8461538461538467,1.4142135623730951,0.02,vanilla,True,0,20,0.06195452000796627,12.079270033652627,0.1499739315159876,6,0.060072385076035774,12.213251247565218,0.16032822255441997,15.0,none
val_images,test007.png,6,upright,0.0,321,481,154401.0,1.0,inpaint,red_gd,restormer,15.0,fixed15p0,0.8,3.8461538461538467,1.4142135623730951,0.02,vanilla,True,0,20,0.06195452000796627,12.079270033652627,0.1499739315159876,7,0.05978114490636395,12.234357717698934,0.16206143266963943,15.0,none
val_images,test007.png,6,upright,0.0,321,481,154401.0,1.0,inpaint,red_gd,restormer,15.0,fixed15p0,0.8,3.8461538461538467,1.4142135623730951,0.02,vanilla,True,0,20,0.06195452000796627,12.079270033652627,0.1499739315159876,8,0.05949801318887183,12.254975363809649,0.1639288307111029,15.0,none
val_images,test007.png,6,upright,0.0,321,481,154401.0,1.0,inpaint,red_gd,restormer,15.0,fixed15p0,0.8,3.8461538461538467,1.4142135623730951,0.02,vanilla,True,0,20,0.06195452000796627,12.079270033652627,0.1499739315159876,9,0.05922225624145893,12.275150509394638,0.16578164365839598,15.0,none
val_images,test007.png,6,upright,0.0,321,481,154401.0,1.0,inpaint,red_gd,restormer,15.0,fixed15p0,0.8,3.8461538461538467,1.4142135623730951,0.02,vanilla,True,0,20,0.06195452000796627,12.079270033652627,0.1499739315159876,10,0.058959250182965134,12.294480482743671,0.16756866556078004,15.0,none
val_images,test007.png,6,upright,0.0,321,481,154401.0,1.0,inpaint,red_gd,restormer,15.0,fixed15p0,0.8,3.8461538461538467,1.4142135623730951,0.02,vanilla,True,0,20,0.06195452000796627,12.079270033652627,0.1499739315159876,11,0.058703568295785,12.313354993644928,0.1695078000021049,15.0,none
val_images,test007.png,6,upright,0.0,321,481,154401.0,1.0,inpaint,red_gd,restormer,15.0,fixed15p0,0.8,3.8461538461538467,1.4142135623730951,0.02,vanilla,True,0,20,0.06195452000796627,12.079270033652627,0.1499739315159876,12,0.05846324313394991,12.331170966742445,0.17121168813268697,15.0,none
val_images,test007.png,6,upright,0.0,321,481,154401.0,1.0,inpaint,red_gd,restormer,15.0,fixed15p0,0.8,3.8461538461538467,1.4142135623730951,0.02,vanilla,True,0,20,0.06195452000796627,12.079270033652627,0.1499739315159876,13,0.05822999547444641,12.348532436447314,0.17320787268217175,15.0,none
val_images,test007.png,6,upright,0.0,321,481,154401.0,1.0,inpaint,red_gd,restormer,15.0,fixed15p0,0.8,3.8461538461538467,1.4142135623730951,0.02,vanilla,True,0,20,0.06195452000796627,12.079270033652627,0.1499739315159876,14,0.05801199069306546,12.364822313746755,0.17483698848695928,15.0,none
val_images,test007.png,6,upright,0.0,321,481,154401.0,1.0,inpaint,red_gd,restormer,15.0,fixed15p0,0.8,3.8461538461538467,1.4142135623730951,0.02,vanilla,True,0,20,0.06195452000796627,12.079270033652627,0.1499739315159876,15,0.057800645974200295,12.38067307920942,0.17687328520783543,15.0,none
val_images,test007.png,6,upright,0.0,321,481,154401.0,1.0,inpaint,red_gd,restormer,15.0,fixed15p0,0.8,3.8461538461538467,1.4142135623730951,0.02,vanilla,True,0,20,0.06195452000796627,12.079270033652627,0.1499739315159876,16,0.05760302617049112,12.395547003506941,0.17844177104180026,15.0,none
val_images,test007.png,6,upright,0.0,321,481,154401.0,1.0,inpaint,red_gd,restormer,15.0,fixed15p0,0.8,3.8461538461538467,1.4142135623730951,0.02,vanilla,True,0,20,0.06195452000796627,12.079270033652627,0.1499739315159876,17,0.05741150351803097,12.410010794860806,0.18050947694639283,15.0,none
val_images,test007.png,6,upright,0.0,321,481,154401.0,1.0,inpaint,red_gd,restormer,15.0,fixed15p0,0.8,3.8461538461538467,1.4142135623730951,0.02,vanilla,True,0,20,0.06195452000796627,12.079270033652627,0.1499739315159876,18,0.05723197909785235,12.423612358072289,0.18203143721543255,15.0,none
val_images,test007.png,6,upright,0.0,321,481,154401.0,1.0,inpaint,red_gd,restormer,15.0,fixed15p0,0.8,3.8461538461538467,1.4142135623730951,0.02,vanilla,True,0,20,0.06195452000796627,12.079270033652627,0.1499739315159876,19,0.05705805849095861,12.43683010123888,0.18412340522810733,15.0,none
val_images,test007.png,6,upright,0.0,321,481,154401.0,1.0,inpaint,red_gd,restormer,15.0,fixed15p0,0.8,3.8461538461538467,1.4142135623730951,0.02,vanilla,True,0,20,0.06195452000796627,12.079270033652627,0.1499739315159876,20,0.05689456122976859,12.449292475028885,0.18560844104798543,15.0,none
val_images,test007.png,6,upright,0.0,321,481,154401.0,1.0,inpaint,red_gd,restormer,15.0,fixed15p0,0.8,3.8461538461538467,1.4142135623730951,0.02,G16_fixed,True,16,20,0.06195452000796627,12.079270033652627,0.1499739315159876,1,0.06103230058216916,12.144402592206946,0.1529961325339538,15.0,0;22.5;45;67.5;90;112.5;135;157.5;180;202.5;225;247.5;270;292.5;315;337.5
val_images,test007.png,6,upright,0.0,321,481,154401.0,1.0,inpaint,red_gd,restormer,15.0,fixed15p0,0.8,3.8461538461538467,1.4142135623730951,0.02,G16_fixed,True,16,20,0.06195452000796627,12.079270033652627,0.1499739315159876,2,0.06014941537174306,12.207685894722637,0.1558484861456532,15.0,0;22.5;45;67.5;90;112.5;135;157.5;180;202.5;225;247.5;270;292.5;315;337.5
val_images,test007.png,6,upright,0.0,321,481,154401.0,1.0,inpaint,red_gd,restormer,15.0,fixed15p0,0.8,3.8461538461538467,1.4142135623730951,0.02,G16_fixed,True,16,20,0.06195452000796627,12.079270033652627,0.1499739315159876,3,0.05930240468609335,12.269276958308982,0.15880174634555475,15.0,0;22.5;45;67.5;90;112.5;135;157.5;180;202.5;225;247.5;270;292.5;315;337.5
val_images,test007.png,6,upright,0.0,321,481,154401.0,1.0,inpaint,red_gd,restormer,15.0,fixed15p0,0.8,3.8461538461538467,1.4142135623730951,0.02,G16_fixed,True,16,20,0.06195452000796627,12.079270033652627,0.1499739315159876,4,0.058488789185708,12.329273691548615,0.16156494493235146,15.0,0;22.5;45;67.5;90;112.5;135;157.5;180;202.5;225;247.5;270;292.5;315;337.5
val_images,test007.png,6,upright,0.0,321,481,154401.0,1.0,inpaint,red_gd,restormer,15.0,fixed15p0,0.8,3.8461538461538467,1.4142135623730951,0.02,G16_fixed,True,16,20,0.06195452000796627,12.079270033652627,0.1499739315159876,5,0.05770520405267777,12.387850189162437,0.16446354581576544,15.0,0;22.5;45;67.5;90;112.5;135;157.5;180;202.5;225;247.5;270;292.5;315;337.5
val_images,test007.png,6,upright,0.0,321,481,154401.0,1.0,inpaint,red_gd,restormer,15.0,fixed15p0,0.8,3.8461538461538467,1.4142135623730951,0.02,G16_fixed,True,16,20,0.06195452000796627,12.079270033652627,0.1499739315159876,6,0.056952269121880686,12.444889678538969,0.16714199147026249,15.0,0;22.5;45;67.5;90;112.5;135;157.5;180;202.5;225;247.5;270;292.5;315;337.5
val_images,test007.png,6,upright,0.0,321,481,154401.0,1.0,inpaint,red_gd,restormer,15.0,fixed15p0,0.8,3.8461538461538467,1.4142135623730951,0.02,G16_fixed,True,16,20,0.06195452000796627,12.079270033652627,0.1499739315159876,7,0.05622524075904625,12.50068676219562,0.16997992443377957,15.0,0;22.5;45;67.5;90;112.5;135;157.5;180;202.5;225;247.5;270;292.5;315;337.5
val_images,test007.png,6,upright,0.0,321,481,154401.0,1.0,inpaint,red_gd,restormer,15.0,fixed15p0,0.8,3.8461538461538467,1.4142135623730951,0.02,G16_fixed,True,16,20,0.06195452000796627,12.079270033652627,0.1499739315159876,8,0.05552778737467698,12.554896315898006,0.17258471093532426,15.0,0;22.5;45;67.5;90;112.5;135;157.5;180;202.5;225;247.5;270;292.5;315;337.5
val_images,test007.png,6,upright,0.0,321,481,154401.0,1.0,inpaint,red_gd,restormer,15.0,fixed15p0,0.8,3.8461538461538467,1.4142135623730951,0.02,G16_fixed,True,16,20,0.06195452000796627,12.079270033652627,0.1499739315159876,9,0.054848435698683945,12.608357541807456,0.1753753973015071,15.0,0;22.5;45;67.5;90;112.5;135;157.5;180;202.5;225;247.5;270;292.5;315;337.5
val_images,test007.png,6,upright,0.0,321,481,154401.0,1.0,inpaint,red_gd,restormer,15.0,fixed15p0,0.8,3.8461538461538467,1.4142135623730951,0.02,G16_fixed,True,16,20,0.06195452000796627,12.079270033652627,0.1499739315159876,10,0.054193371430155894,12.660538302024582,0.1779446128708687,15.0,0;22.5;45;67.5;90;112.5;135;157.5;180;202.5;225;247.5;270;292.5;315;337.5
val_images,test007.png,6,upright,0.0,321,481,154401.0,1.0,inpaint,red_gd,restormer,15.0,fixed15p0,0.8,3.8461538461538467,1.4142135623730951,0.02,G16_fixed,True,16,20,0.06195452000796627,12.079270033652627,0.1499739315159876,11,0.053556465793615324,12.711880899306307,0.18068329635575547,15.0,0;22.5;45;67.5;90;112.5;135;157.5;180;202.5;225;247.5;270;292.5;315;337.5
val_images,test007.png,6,upright,0.0,321,481,154401.0,1.0,inpaint,red_gd,restormer,15.0,fixed15p0,0.8,3.8461538461538467,1.4142135623730951,0.02,G16_fixed,True,16,20,0.06195452000796627,12.079270033652627,0.1499739315159876,12,0.0529400906061975,12.762153197453255,0.1832261879173386,15.0,0;22.5;45;67.5;90;112.5;135;157.5;180;202.5;225;247.5;270;292.5;315;337.5
val_images,test007.png,6,upright,0.0,321,481,154401.0,1.0,inpaint,red_gd,restormer,15.0,fixed15p0,0.8,3.8461538461538467,1.4142135623730951,0.02,G16_fixed,True,16,20,0.06195452000796627,12.079270033652627,0.1499739315159876,13,0.052339660354774255,12.81169099933164,0.1859341706012267,15.0,0;22.5;45;67.5;90;112.5;135;157.5;180;202.5;225;247.5;270;292.5;315;337.5
val_images,test007.png,6,upright,0.0,321,481,154401.0,1.0,inpaint,red_gd,restormer,15.0,fixed15p0,0.8,3.8461538461538467,1.4142135623730951,0.02,G16_fixed,True,16,20,0.06195452000796627,12.079270033652627,0.1499739315159876,14,0.05175428323610275,12.860537017391302,0.18846958619519952,15.0,0;22.5;45;67.5;90;112.5;135;157.5;180;202.5;225;247.5;270;292.5;315;337.5
val_images,test007.png,6,upright,0.0,321,481,154401.0,1.0,inpaint,red_gd,restormer,15.0,fixed15p0,0.8,3.8461538461538467,1.4142135623730951,0.02,G16_fixed,True,16,20,0.06195452000796627,12.079270033652627,0.1499739315159876,15,0.05118367146970389,12.908685648371922,0.19116706963523553,15.0,0;22.5;45;67.5;90;112.5;135;157.5;180;202.5;225;247.5;270;292.5;315;337.5
val_images,test007.png,6,upright,0.0,321,481,154401.0,1.0,inpaint,red_gd,restormer,15.0,fixed15p0,0.8,3.8461538461538467,1.4142135623730951,0.02,G16_fixed,True,16,20,0.06195452000796627,12.079270033652627,0.1499739315159876,16,0.050627606848401244,12.95612601096228,0.19369498396221527,15.0,0;22.5;45;67.5;90;112.5;135;157.5;180;202.5;225;247.5;270;292.5;315;337.5
val_images,test007.png,6,upright,0.0,321,481,154401.0,1.0,inpaint,red_gd,restormer,15.0,fixed15p0,0.8,3.8461538461538467,1.4142135623730951,0.02,G16_fixed,True,16,20,0.06195452000796627,12.079270033652627,0.1499739315159876,17,0.05008687365306086,13.002760754695558,0.19637373320930565,15.0,0;22.5;45;67.5;90;112.5;135;157.5;180;202.5;225;247.5;270;292.5;315;337.5
val_images,test007.png,6,upright,0.0,321,481,154401.0,1.0,inpaint,red_gd,restormer,15.0,fixed15p0,0.8,3.8461538461538467,1.4142135623730951,0.02,G16_fixed,True,16,20,0.06195452000796627,12.079270033652627,0.1499739315159876,18,0.04955789202101994,13.04887174917223,0.1988974098896704,15.0,0;22.5;45;67.5;90;112.5;135;157.5;180;202.5;225;247.5;270;292.5;315;337.5
val_images,test007.png,6,upright,0.0,321,481,154401.0,1.0,inpaint,red_gd,restormer,15.0,fixed15p0,0.8,3.8461538461538467,1.4142135623730951,0.02,G16_fixed,True,16,20,0.06195452000796627,12.079270033652627,0.1499739315159876,19,0.049040478531753355,13.094453006697815,0.20158419169079217,15.0,0;22.5;45;67.5;90;112.5;135;157.5;180;202.5;225;247.5;270;292.5;315;337.5
val_images,test007.png,6,upright,0.0,321,481,154401.0,1.0,inpaint,red_gd,restormer,15.0,fixed15p0,0.8,3.8461538461538467,1.4142135623730951,0.02,G16_fixed,True,16,20,0.06195452000796627,12.079270033652627,0.1499739315159876,20,0.048533728732326864,13.13956341578464,0.20412398407798524,15.0,0;22.5;45;67.5;90;112.5;135;157.5;180;202.5;225;247.5;270;292.5;315;337.5
val_images,test007.png,6,rot45_padded,45.0,1000,1000,154360.0,0.15435999631881714,inpaint,red_gd,restormer,15.0,fixed15p0,0.8,3.8461538461538467,1.4142135623730951,0.02,vanilla,False,0,20,0.06208865562848212,12.069877435918123,0.15870011154930033,1,0.06199637059876263,12.076337342931499,0.15855379166396735,15.0,none
val_images,test007.png,6,rot45_padded,45.0,1000,1000,154360.0,0.15435999631881714,inpaint,red_gd,restormer,15.0,fixed15p0,0.8,3.8461538461538467,1.4142135623730951,0.02,vanilla,False,0,20,0.06208865562848212,12.069877435918123,0.15870011154930033,2,0.06190655291404833,12.082633777361846,0.1595222055989246,15.0,none
val_images,test007.png,6,rot45_padded,45.0,1000,1000,154360.0,0.15435999631881714,inpaint,red_gd,restormer,15.0,fixed15p0,0.8,3.8461538461538467,1.4142135623730951,0.02,vanilla,False,0,20,0.06208865562848212,12.069877435918123,0.15870011154930033,3,0.06182074624659886,12.088657568135751,0.15947127706740735,15.0,none
val_images,test007.png,6,rot45_padded,45.0,1000,1000,154360.0,0.15435999631881714,inpaint,red_gd,restormer,15.0,fixed15p0,0.8,3.8461538461538467,1.4142135623730951,0.02,vanilla,False,0,20,0.06208865562848212,12.069877435918123,0.15870011154930033,4,0.06173476876295673,12.09470174232542,0.1603605335133778,15.0,none
val_images,test007.png,6,rot45_padded,45.0,1000,1000,154360.0,0.15435999631881714,inpaint,red_gd,restormer,15.0,fixed15p0,0.8,3.8461538461538467,1.4142135623730951,0.02,vanilla,False,0,20,0.06208865562848212,12.069877435918123,0.15870011154930033,5,0.061651100461178415,12.100591669198007,0.16041175306507516,15.0,none
val_images,test007.png,6,rot45_padded,45.0,1000,1000,154360.0,0.15435999631881714,inpaint,red_gd,restormer,15.0,fixed15p0,0.8,3.8461538461538467,1.4142135623730951,0.02,vanilla,False,0,20,0.06208865562848212,12.069877435918123,0.15870011154930033,6,0.061565869507563487,12.1065998251777,0.16126693484387147,15.0,none
val_images,test007.png,6,rot45_padded,45.0,1000,1000,154360.0,0.15435999631881714,inpaint,red_gd,restormer,15.0,fixed15p0,0.8,3.8461538461538467,1.4142135623730951,0.02,vanilla,False,0,20,0.06208865562848212,12.069877435918123,0.15870011154930033,7,0.061481714063309795,12.112540332044945,0.1614211122740671,15.0,none
val_images,test007.png,6,rot45_padded,45.0,1000,1000,154360.0,0.15435999631881714,inpaint,red_gd,restormer,15.0,fixed15p0,0.8,3.8461538461538467,1.4142135623730951,0.02,vanilla,False,0,20,0.06208865562848212,12.069877435918123,0.15870011154930033,8,0.06139533168202578,12.118646500610096,0.16227270058629178,15.0,none
val_images,test007.png,6,rot45_padded,45.0,1000,1000,154360.0,0.15435999631881714,inpaint,red_gd,restormer,15.0,fixed15p0,0.8,3.8461538461538467,1.4142135623730951,0.02,vanilla,False,0,20,0.06208865562848212,12.069877435918123,0.15870011154930033,9,0.06130908215778051,12.124751855330976,0.1625269889584413,15.0,none
val_images,test007.png,6,rot45_padded,45.0,1000,1000,154360.0,0.15435999631881714,inpaint,red_gd,restormer,15.0,fixed15p0,0.8,3.8461538461538467,1.4142135623730951,0.02,vanilla,False,0,20,0.06208865562848212,12.069877435918123,0.15870011154930033,10,0.0612198338603751,12.131078533342448,0.16339460868667402,15.0,none
val_images,test007.png,6,rot45_padded,45.0,1000,1000,154360.0,0.15435999631881714,inpaint,red_gd,restormer,15.0,fixed15p0,0.8,3.8461538461538467,1.4142135623730951,0.02,vanilla,False,0,20,0.06208865562848212,12.069877435918123,0.15870011154930033,11,0.061130313522366544,12.13743376814758,0.16374438963704976,15.0,none
val_images,test007.png,6,rot45_padded,45.0,1000,1000,154360.0,0.15435999631881714,inpaint,red_gd,restormer,15.0,fixed15p0,0.8,3.8461538461538467,1.4142135623730951,0.02,vanilla,False,0,20,0.06208865562848212,12.069877435918123,0.15870011154930033,12,0.061037788084672195,12.144012129304178,0.16463999791477715,15.0,none
val_images,test007.png,6,rot45_padded,45.0,1000,1000,154360.0,0.15435999631881714,inpaint,red_gd,restormer,15.0,fixed15p0,0.8,3.8461538461538467,1.4142135623730951,0.02,vanilla,False,0,20,0.06208865562848212,12.069877435918123,0.15870011154930033,13,0.06094500325942602,12.15061895391216,0.1650812730791656,15.0,none
val_images,test007.png,6,rot45_padded,45.0,1000,1000,154360.0,0.15435999631881714,inpaint,red_gd,restormer,15.0,fixed15p0,0.8,3.8461538461538467,1.4142135623730951,0.02,vanilla,False,0,20,0.06208865562848212,12.069877435918123,0.15870011154930033,14,0.06085018129291915,12.157381235243498,0.16601129765645245,15.0,none
val_images,test007.png,6,rot45_padded,45.0,1000,1000,154360.0,0.15435999631881714,inpaint,red_gd,restormer,15.0,fixed15p0,0.8,3.8461538461538467,1.4142135623730951,0.02,vanilla,False,0,20,0.06208865562848212,12.069877435918123,0.15870011154930033,15,0.06075524544895051,12.164162202614987,0.1665327805130863,15.0,none
val_images,test007.png,6,rot45_padded,45.0,1000,1000,154360.0,0.15435999631881714,inpaint,red_gd,restormer,15.0,fixed15p0,0.8,3.8461538461538467,1.4142135623730951,0.02,vanilla,False,0,20,0.06208865562848212,12.069877435918123,0.15870011154930033,16,0.06065948083012115,12.171013110312643,0.1674907303746113,15.0,none
val_images,test007.png,6,rot45_padded,45.0,1000,1000,154360.0,0.15435999631881714,inpaint,red_gd,restormer,15.0,fixed15p0,0.8,3.8461538461538467,1.4142135623730951,0.02,vanilla,False,0,20,0.06208865562848212,12.069877435918123,0.15870011154930033,17,0.060563728864343094,12.177873934922383,0.16807337808127104,15.0,none
val_images,test007.png,6,rot45_padded,45.0,1000,1000,154360.0,0.15435999631881714,inpaint,red_gd,restormer,15.0,fixed15p0,0.8,3.8461538461538467,1.4142135623730951,0.02,vanilla,False,0,20,0.06208865562848212,12.069877435918123,0.15870011154930033,18,0.06046809077602682,12.184737436236961,0.1690536732314071,15.0,none
val_images,test007.png,6,rot45_padded,45.0,1000,1000,154360.0,0.15435999631881714,inpaint,red_gd,restormer,15.0,fixed15p0,0.8,3.8461538461538467,1.4142135623730951,0.02,vanilla,False,0,20,0.06208865562848212,12.069877435918123,0.15870011154930033,19,0.06037249697339013,12.191608615932898,0.16968317518706272,15.0,none
val_images,test007.png,6,rot45_padded,45.0,1000,1000,154360.0,0.15435999631881714,inpaint,red_gd,restormer,15.0,fixed15p0,0.8,3.8461538461538467,1.4142135623730951,0.02,vanilla,False,0,20,0.06208865562848212,12.069877435918123,0.15870011154930033,20,0.06027771929256284,12.19843188298234,0.17068201971041722,15.0,none
val_images,test007.png,6,rot45_padded,45.0,1000,1000,154360.0,0.15435999631881714,inpaint,red_gd,restormer,15.0,fixed15p0,0.8,3.8461538461538467,1.4142135623730951,0.02,G16_fixed,False,16,20,0.06208865562848212,12.069877435918123,0.15870011154930033,1,0.06132603724653408,12.123550975588117,0.16090227390515677,15.0,0;22.5;45;67.5;90;112.5;135;157.5;180;202.5;225;247.5;270;292.5;315;337.5
val_images,test007.png,6,rot45_padded,45.0,1000,1000,154360.0,0.15435999631881714,inpaint,red_gd,restormer,15.0,fixed15p0,0.8,3.8461538461538467,1.4142135623730951,0.02,G16_fixed,False,16,20,0.06208865562848212,12.069877435918123,0.15870011154930033,2,0.06061237352009912,12.174387091182066,0.16337938706594973,15.0,0;22.5;45;67.5;90;112.5;135;157.5;180;202.5;225;247.5;270;292.5;315;337.5
val_images,test007.png,6,rot45_padded,45.0,1000,1000,154360.0,0.15435999631881714,inpaint,red_gd,restormer,15.0,fixed15p0,0.8,3.8461538461538467,1.4142135623730951,0.02,G16_fixed,False,16,20,0.06208865562848212,12.069877435918123,0.15870011154930033,3,0.05993600466239635,12.22312210521272,0.1654497678924268,15.0,0;22.5;45;67.5;90;112.5;135;157.5;180;202.5;225;247.5;270;292.5;315;337.5
val_images,test007.png,6,rot45_padded,45.0,1000,1000,154360.0,0.15435999631881714,inpaint,red_gd,restormer,15.0,fixed15p0,0.8,3.8461538461538467,1.4142135623730951,0.02,G16_fixed,False,16,20,0.06208865562848212,12.069877435918123,0.15870011154930033,4,0.05929857557009588,12.269557388360276,0.16774976364100155,15.0,0;22.5;45;67.5;90;112.5;135;157.5;180;202.5;225;247.5;270;292.5;315;337.5
val_images,test007.png,6,rot45_padded,45.0,1000,1000,154360.0,0.15435999631881714,inpaint,red_gd,restormer,15.0,fixed15p0,0.8,3.8461538461538467,1.4142135623730951,0.02,G16_fixed,False,16,20,0.06208865562848212,12.069877435918123,0.15870011154930033,5,0.058690609107767557,12.31431383231875,0.16971741434390386,15.0,0;22.5;45;67.5;90;112.5;135;157.5;180;202.5;225;247.5;270;292.5;315;337.5
val_images,test007.png,6,rot45_padded,45.0,1000,1000,154360.0,0.15435999631881714,inpaint,red_gd,restormer,15.0,fixed15p0,0.8,3.8461538461538467,1.4142135623730951,0.02,G16_fixed,False,16,20,0.06208865562848212,12.069877435918123,0.15870011154930033,6,0.058113851396491965,12.357203414805664,0.17188755182689816,15.0,0;22.5;45;67.5;90;112.5;135;157.5;180;202.5;225;247.5;270;292.5;315;337.5
val_images,test007.png,6,rot45_padded,45.0,1000,1000,154360.0,0.15435999631881714,inpaint,red_gd,restormer,15.0,fixed15p0,0.8,3.8461538461538467,1.4142135623730951,0.02,G16_fixed,False,16,20,0.06208865562848212,12.069877435918123,0.15870011154930033,7,0.05756060305454781,12.39874664667843,0.173775032796709,15.0,0;22.5;45;67.5;90;112.5;135;157.5;180;202.5;225;247.5;270;292.5;315;337.5
val_images,test007.png,6,rot45_padded,45.0,1000,1000,154360.0,0.15435999631881714,inpaint,red_gd,restormer,15.0,fixed15p0,0.8,3.8461538461538467,1.4142135623730951,0.02,G16_fixed,False,16,20,0.06208865562848212,12.069877435918123,0.15870011154930033,8,0.05703260387649002,12.438767998443915,0.1758555740233869,15.0,0;22.5;45;67.5;90;112.5;135;157.5;180;202.5;225;247.5;270;292.5;315;337.5
val_images,test007.png,6,rot45_padded,45.0,1000,1000,154360.0,0.15435999631881714,inpaint,red_gd,restormer,15.0,fixed15p0,0.8,3.8461538461538467,1.4142135623730951,0.02,G16_fixed,False,16,20,0.06208865562848212,12.069877435918123,0.15870011154930033,9,0.056523603254972146,12.47770160626175,0.1776821685103006,15.0,0;22.5;45;67.5;90;112.5;135;157.5;180;202.5;225;247.5;270;292.5;315;337.5
val_images,test007.png,6,rot45_padded,45.0,1000,1000,154360.0,0.15435999631881714,inpaint,red_gd,restormer,15.0,fixed15p0,0.8,3.8461538461538467,1.4142135623730951,0.02,G16_fixed,False,16,20,0.06208865562848212,12.069877435918123,0.15870011154930033,10,0.056035100576574244,12.51539844220975,0.17970736529055456,15.0,0;22.5;45;67.5;90;112.5;135;157.5;180;202.5;225;247.5;270;292.5;315;337.5
val_images,test007.png,6,rot45_padded,45.0,1000,1000,154360.0,0.15435999631881714,inpaint,red_gd,restormer,15.0,fixed15p0,0.8,3.8461538461538467,1.4142135623730951,0.02,G16_fixed,False,16,20,0.06208865562848212,12.069877435918123,0.15870011154930033,11,0.05556217380433726,12.552207713440634,0.18149086348471105,15.0,0;22.5;45;67.5;90;112.5;135;157.5;180;202.5;225;247.5;270;292.5;315;337.5
val_images,test007.png,6,rot45_padded,45.0,1000,1000,154360.0,0.15435999631881714,inpaint,red_gd,restormer,15.0,fixed15p0,0.8,3.8461538461538467,1.4142135623730951,0.02,G16_fixed,False,16,20,0.06208865562848212,12.069877435918123,0.15870011154930033,12,0.055105936406776364,12.588016133109738,0.18348880559244624,15.0,0;22.5;45;67.5;90;112.5;135;157.5;180;202.5;225;247.5;270;292.5;315;337.5
val_images,test007.png,6,rot45_padded,45.0,1000,1000,154360.0,0.15435999631881714,inpaint,red_gd,restormer,15.0,fixed15p0,0.8,3.8461538461538467,1.4142135623730951,0.02,G16_fixed,False,16,20,0.06208865562848212,12.069877435918123,0.15870011154930033,13,0.05466275063164032,12.623085183790536,0.18524478340000647,15.0,0;22.5;45;67.5;90;112.5;135;157.5;180;202.5;225;247.5;270;292.5;315;337.5
val_images,test007.png,6,rot45_padded,45.0,1000,1000,154360.0,0.15435999631881714,inpaint,red_gd,restormer,15.0,fixed15p0,0.8,3.8461538461538467,1.4142135623730951,0.02,G16_fixed,False,16,20,0.06208865562848212,12.069877435918123,0.15870011154930033,14,0.054233185866238015,12.657348826844538,0.18723732265483287,15.0,0;22.5;45;67.5;90;112.5;135;157.5;180;202.5;225;247.5;270;292.5;315;337.5
val_images,test007.png,6,rot45_padded,45.0,1000,1000,154360.0,0.15435999631881714,inpaint,red_gd,restormer,15.0,fixed15p0,0.8,3.8461538461538467,1.4142135623730951,0.02,G16_fixed,False,16,20,0.06208865562848212,12.069877435918123,0.15870011154930033,15,0.05381490129607735,12.690974519433931,0.18897780047454005,15.0,0;22.5;45;67.5;90;112.5;135;157.5;180;202.5;225;247.5;270;292.5;315;337.5
val_images,test007.png,6,rot45_padded,45.0,1000,1000,154360.0,0.15435999631881714,inpaint,red_gd,restormer,15.0,fixed15p0,0.8,3.8461538461538467,1.4142135623730951,0.02,G16_fixed,False,16,20,0.06208865562848212,12.069877435918123,0.15870011154930033,16,0.053407839982427444,12.723949862076491,0.19097919686528245,15.0,0;22.5;45;67.5;90;112.5;135;157.5;180;202.5;225;247.5;270;292.5;315;337.5
val_images,test007.png,6,rot45_padded,45.0,1000,1000,154360.0,0.15435999631881714,inpaint,red_gd,restormer,15.0,fixed15p0,0.8,3.8461538461538467,1.4142135623730951,0.02,G16_fixed,False,16,20,0.06208865562848212,12.069877435918123,0.15870011154930033,17,0.053010682844689364,12.756366014749398,0.19271286734338558,15.0,0;22.5;45;67.5;90;112.5;135;157.5;180;202.5;225;247.5;270;292.5;315;337.5
val_images,test007.png,6,rot45_padded,45.0,1000,1000,154360.0,0.15435999631881714,inpaint,red_gd,restormer,15.0,fixed15p0,0.8,3.8461538461538467,1.4142135623730951,0.02,G16_fixed,False,16,20,0.06208865562848212,12.069877435918123,0.15870011154930033,18,0.052622819373137474,12.788258874286779,0.1947319653529088,15.0,0;22.5;45;67.5;90;112.5;135;157.5;180;202.5;225;247.5;270;292.5;315;337.5
val_images,test007.png,6,rot45_padded,45.0,1000,1000,154360.0,0.15435999631881714,inpaint,red_gd,restormer,15.0,fixed15p0,0.8,3.8461538461538467,1.4142135623730951,0.02,G16_fixed,False,16,20,0.06208865562848212,12.069877435918123,0.15870011154930033,19,0.052243873139495335,12.819646337858604,0.19646645827934697,15.0,0;22.5;45;67.5;90;112.5;135;157.5;180;202.5;225;247.5;270;292.5;315;337.5
val_images,test007.png,6,rot45_padded,45.0,1000,1000,154360.0,0.15435999631881714,inpaint,red_gd,restormer,15.0,fixed15p0,0.8,3.8461538461538467,1.4142135623730951,0.02,G16_fixed,False,16,20,0.06208865562848212,12.069877435918123,0.15870011154930033,20,0.05187252189990121,12.85062637285254,0.19850854688309796,15.0,0;22.5;45;67.5;90;112.5;135;157.5;180;202.5;225;247.5;270;292.5;315;337.5
val_images,test008.png,7,upright,0.0,321,481,154401.0,1.0,inpaint,red_gd,restormer,15.0,fixed15p0,0.8,3.8461538461538467,1.4142135623730951,0.02,vanilla,True,0,20,0.05645913987765623,12.482657423639672,0.19056112411836712,1,0.05612040011682243,12.508792412803732,0.19273380981178878,15.0,none
val_images,test008.png,7,upright,0.0,321,481,154401.0,1.0,inpaint,red_gd,restormer,15.0,fixed15p0,0.8,3.8461538461538467,1.4142135623730951,0.02,vanilla,True,0,20,0.05645913987765623,12.482657423639672,0.19056112411836712,2,0.055782400362934824,12.53502801616262,0.19534765349236727,15.0,none
val_images,test008.png,7,upright,0.0,321,481,154401.0,1.0,inpaint,red_gd,restormer,15.0,fixed15p0,0.8,3.8461538461538467,1.4142135623730951,0.02,vanilla,True,0,20,0.05645913987765623,12.482657423639672,0.19056112411836712,3,0.05545357796014922,12.560704271844617,0.19775370069251494,15.0,none
val_images,test008.png,7,upright,0.0,321,481,154401.0,1.0,inpaint,red_gd,restormer,15.0,fixed15p0,0.8,3.8461538461538467,1.4142135623730951,0.02,vanilla,True,0,20,0.05645913987765623,12.482657423639672,0.19056112411836712,4,0.05512702617696776,12.586354348700466,0.2003036507818926,15.0,none
val_images,test008.png,7,upright,0.0,321,481,154401.0,1.0,inpaint,red_gd,restormer,15.0,fixed15p0,0.8,3.8461538461538467,1.4142135623730951,0.02,vanilla,True,0,20,0.05645913987765623,12.482657423639672,0.19056112411836712,5,0.05480789976263107,12.61156839762794,0.2029501053668694,15.0,none
val_images,test008.png,7,upright,0.0,321,481,154401.0,1.0,inpaint,red_gd,restormer,15.0,fixed15p0,0.8,3.8461538461538467,1.4142135623730951,0.02,vanilla,True,0,20,0.05645913987765623,12.482657423639672,0.19056112411836712,6,0.05449475032747521,12.636453328356767,0.20542491628940227,15.0,none
val_images,test008.png,7,upright,0.0,321,481,154401.0,1.0,inpaint,red_gd,restormer,15.0,fixed15p0,0.8,3.8461538461538467,1.4142135623730951,0.02,vanilla,True,0,20,0.05645913987765623,12.482657423639672,0.19056112411836712,7,0.05418796368708752,12.660971689004647,0.20828754145050873,15.0,none
val_images,test008.png,7,upright,0.0,321,481,154401.0,1.0,inpaint,red_gd,restormer,15.0,fixed15p0,0.8,3.8461538461538467,1.4142135623730951,0.02,vanilla,True,0,20,0.05645913987765623,12.482657423639672,0.19056112411836712,8,0.053893946910156025,12.684600097880317,0.21065944713360016,15.0,none
val_images,test008.png,7,upright,0.0,321,481,154401.0,1.0,inpaint,red_gd,restormer,15.0,fixed15p0,0.8,3.8461538461538467,1.4142135623730951,0.02,vanilla,True,0,20,0.05645913987765623,12.482657423639672,0.19056112411836712,9,0.053606242329227144,12.707846347235375,0.21368002899106872,15.0,none
val_images,test008.png,7,upright,0.0,321,481,154401.0,1.0,inpaint,red_gd,restormer,15.0,fixed15p0,0.8,3.8461538461538467,1.4142135623730951,0.02,vanilla,True,0,20,0.05645913987765623,12.482657423639672,0.19056112411836712,10,0.05333618406778454,12.72978059092085,0.21592957420936393,15.0,none
val_images,test008.png,7,upright,0.0,321,481,154401.0,1.0,inpaint,red_gd,restormer,15.0,fixed15p0,0.8,3.8461538461538467,1.4142135623730951,0.02,vanilla,True,0,20,0.05645913987765623,12.482657423639672,0.19056112411836712,11,0.05307233680481344,12.751317897195314,0.21905154334330737,15.0,none
val_images,test008.png,7,upright,0.0,321,481,154401.0,1.0,inpaint,red_gd,restormer,15.0,fixed15p0,0.8,3.8461538461538467,1.4142135623730951,0.02,vanilla,True,0,20,0.05645913987765623,12.482657423639672,0.19056112411836712,12,0.05282584175600385,12.771535739334821,0.22119298429900067,15.0,none
val_images,test008.png,7,upright,0.0,321,481,154401.0,1.0,inpaint,red_gd,restormer,15.0,fixed15p0,0.8,3.8461538461538467,1.4142135623730951,0.02,vanilla,True,0,20,0.05645913987765623,12.482657423639672,0.19056112411836712,13,0.05258505804285594,12.79137642374745,0.22438943481583667,15.0,none
val_images,test008.png,7,upright,0.0,321,481,154401.0,1.0,inpaint,red_gd,restormer,15.0,fixed15p0,0.8,3.8461538461538467,1.4142135623730951,0.02,vanilla,True,0,20,0.05645913987765623,12.482657423639672,0.19056112411836712,14,0.0523592958382313,12.810062027558672,0.22645012014170893,15.0,none
val_images,test008.png,7,upright,0.0,321,481,154401.0,1.0,inpaint,red_gd,restormer,15.0,fixed15p0,0.8,3.8461538461538467,1.4142135623730951,0.02,vanilla,True,0,20,0.05645913987765623,12.482657423639672,0.19056112411836712,15,0.05213863778408171,12.8284031974584,0.2297091866309156,15.0,none
val_images,test008.png,7,upright,0.0,321,481,154401.0,1.0,inpaint,red_gd,restormer,15.0,fixed15p0,0.8,3.8461538461538467,1.4142135623730951,0.02,vanilla,True,0,20,0.05645913987765623,12.482657423639672,0.19056112411836712,16,0.05193065155828006,12.845762284084001,0.23171393502147006,15.0,none
val_images,test008.png,7,upright,0.0,321,481,154401.0,1.0,inpaint,red_gd,restormer,15.0,fixed15p0,0.8,3.8461538461538467,1.4142135623730951,0.02,vanilla,True,0,20,0.05645913987765623,12.482657423639672,0.19056112411836712,17,0.0517272255462238,12.862808148883982,0.23502721808796576,15.0,none
val_images,test008.png,7,upright,0.0,321,481,154401.0,1.0,inpaint,red_gd,restormer,15.0,fixed15p0,0.8,3.8461538461538467,1.4142135623730951,0.02,vanilla,True,0,20,0.05645913987765623,12.482657423639672,0.19056112411836712,18,0.051534561259115874,12.879014169800824,0.23699505467905,15.0,none
val_images,test008.png,7,upright,0.0,321,481,154401.0,1.0,inpaint,red_gd,restormer,15.0,fixed15p0,0.8,3.8461538461538467,1.4142135623730951,0.02,vanilla,True,0,20,0.05645913987765623,12.482657423639672,0.19056112411836712,19,0.051346023933823294,12.894931810921499,0.2403532441499731,15.0,none
val_images,test008.png,7,upright,0.0,321,481,154401.0,1.0,inpaint,red_gd,restormer,15.0,fixed15p0,0.8,3.8461538461538467,1.4142135623730951,0.02,vanilla,True,0,20,0.05645913987765623,12.482657423639672,0.19056112411836712,20,0.05116677148200951,12.910119852515049,0.24229843779347285,15.0,none
val_images,test008.png,7,upright,0.0,321,481,154401.0,1.0,inpaint,red_gd,restormer,15.0,fixed15p0,0.8,3.8461538461538467,1.4142135623730951,0.02,G16_fixed,True,16,20,0.05645913987765623,12.482657423639672,0.19056112411836712,1,0.05560755000372407,12.548662389511998,0.19422820640329402,15.0,0;22.5;45;67.5;90;112.5;135;157.5;180;202.5;225;247.5;270;292.5;315;337.5
val_images,test008.png,7,upright,0.0,321,481,154401.0,1.0,inpaint,red_gd,restormer,15.0,fixed15p0,0.8,3.8461538461538467,1.4142135623730951,0.02,G16_fixed,True,16,20,0.05645913987765623,12.482657423639672,0.19056112411836712,2,0.05479232799253243,12.612802470587699,0.19787731347675858,15.0,0;22.5;45;67.5;90;112.5;135;157.5;180;202.5;225;247.5;270;292.5;315;337.5
val_images,test008.png,7,upright,0.0,321,481,154401.0,1.0,inpaint,red_gd,restormer,15.0,fixed15p0,0.8,3.8461538461538467,1.4142135623730951,0.02,G16_fixed,True,16,20,0.05645913987765623,12.482657423639672,0.19056112411836712,3,0.054011019803952044,12.67517622551287,0.2015070159236339,15.0,0;22.5;45;67.5;90;112.5;135;157.5;180;202.5;225;247.5;270;292.5;315;337.5
val_images,test008.png,7,upright,0.0,321,481,154401.0,1.0,inpaint,red_gd,restormer,15.0,fixed15p0,0.8,3.8461538461538467,1.4142135623730951,0.02,G16_fixed,True,16,20,0.05645913987765623,12.482657423639672,0.19056112411836712,4,0.053262866456499636,12.735754647701214,0.2050241234674646,15.0,0;22.5;45;67.5;90;112.5;135;157.5;180;202.5;225;247.5;270;292.5;315;337.5
val_images,test008.png,7,upright,0.0,321,481,154401.0,1.0,inpaint,red_gd,restormer,15.0,fixed15p0,0.8,3.8461538461538467,1.4142135623730951,0.02,G16_fixed,True,16,20,0.05645913987765623,12.482657423639672,0.19056112411836712,5,0.052541748661966245,12.794954773892137,0.20861241082473558,15.0,0;22.5;45;67.5;90;112.5;135;157.5;180;202.5;225;247.5;270;292.5;315;337.5
val_images,test008.png,7,upright,0.0,321,481,154401.0,1.0,inpaint,red_gd,restormer,15.0,fixed15p0,0.8,3.8461538461538467,1.4142135623730951,0.02,G16_fixed,True,16,20,0.05645913987765623,12.482657423639672,0.19056112411836712,6,0.051849124297284346,12.852585742039434,0.21204436064614218,15.0,0;22.5;45;67.5;90;112.5;135;157.5;180;202.5;225;247.5;270;292.5;315;337.5
val_images,test008.png,7,upright,0.0,321,481,154401.0,1.0,inpaint,red_gd,restormer,15.0,fixed15p0,0.8,3.8461538461538467,1.4142135623730951,0.02,G16_fixed,True,16,20,0.05645913987765623,12.482657423639672,0.19056112411836712,7,0.05117852304530897,12.909122515189342,0.21559681142771095,15.0,0;22.5;45;67.5;90;112.5;135;157.5;180;202.5;225;247.5;270;292.5;315;337.5
val_images,test008.png,7,upright,0.0,321,481,154401.0,1.0,inpaint,red_gd,restormer,15.0,fixed15p0,0.8,3.8461538461538467,1.4142135623730951,0.02,G16_fixed,True,16,20,0.05645913987765623,12.482657423639672,0.19056112411836712,8,0.050531794923405614,12.964352750551457,0.21898460117648202,15.0,0;22.5;45;67.5;90;112.5;135;157.5;180;202.5;225;247.5;270;292.5;315;337.5
val_images,test008.png,7,upright,0.0,321,481,154401.0,1.0,inpaint,red_gd,restormer,15.0,fixed15p0,0.8,3.8461538461538467,1.4142135623730951,0.02,G16_fixed,True,16,20,0.05645913987765623,12.482657423639672,0.19056112411836712,9,0.049906738885272764,13.018408078217726,0.22250870399965025,15.0,0;22.5;45;67.5;90;112.5;135;157.5;180;202.5;225;247.5;270;292.5;315;337.5
val_images,test008.png,7,upright,0.0,321,481,154401.0,1.0,inpaint,red_gd,restormer,15.0,fixed15p0,0.8,3.8461538461538467,1.4142135623730951,0.02,G16_fixed,True,16,20,0.05645913987765623,12.482657423639672,0.19056112411836712,10,0.049299171045483835,13.071603832257892,0.22586691876995615,15.0,0;22.5;45;67.5;90;112.5;135;157.5;180;202.5;225;247.5;270;292.5;315;337.5
val_images,test008.png,7,upright,0.0,321,481,154401.0,1.0,inpaint,red_gd,restormer,15.0,fixed15p0,0.8,3.8461538461538467,1.4142135623730951,0.02,G16_fixed,True,16,20,0.05645913987765623,12.482657423639672,0.19056112411836712,11,0.048711842711915726,13.123654412662567,0.22938540513014813,15.0,0;22.5;45;67.5;90;112.5;135;157.5;180;202.5;225;247.5;270;292.5;315;337.5
val_images,test008.png,7,upright,0.0,321,481,154401.0,1.0,inpaint,red_gd,restormer,15.0,fixed15p0,0.8,3.8461538461538467,1.4142135623730951,0.02,G16_fixed,True,16,20,0.05645913987765623,12.482657423639672,0.19056112411836712,12,0.04814148393934463,13.174805269248015,0.23271907949916126,15.0,0;22.5;45;67.5;90;112.5;135;157.5;180;202.5;225;247.5;270;292.5;315;337.5
val_images,test008.png,7,upright,0.0,321,481,154401.0,1.0,inpaint,red_gd,restormer,15.0,fixed15p0,0.8,3.8461538461538467,1.4142135623730951,0.02,G16_fixed,True,16,20,0.05645913987765623,12.482657423639672,0.19056112411836712,13,0.04758736420809289,13.225083494475545,0.2362384513377504,15.0,0;22.5;45;67.5;90;112.5;135;157.5;180;202.5;225;247.5;270;292.5;315;337.5
val_images,test008.png,7,upright,0.0,321,481,154401.0,1.0,inpaint,red_gd,restormer,15.0,fixed15p0,0.8,3.8461538461538467,1.4142135623730951,0.02,G16_fixed,True,16,20,0.05645913987765623,12.482657423639672,0.19056112411836712,14,0.04704678913389486,13.274700111105895,0.23958553437963484,15.0,0;22.5;45;67.5;90;112.5;135;157.5;180;202.5;225;247.5;270;292.5;315;337.5
val_images,test008.png,7,upright,0.0,321,481,154401.0,1.0,inpaint,red_gd,restormer,15.0,fixed15p0,0.8,3.8461538461538467,1.4142135623730951,0.02,G16_fixed,True,16,20,0.05645913987765623,12.482657423639672,0.19056112411836712,15,0.04651976504159623,13.323624874387725,0.24313116697754547,15.0,0;22.5;45;67.5;90;112.5;135;157.5;180;202.5;225;247.5;270;292.5;315;337.5
val_images,test008.png,7,upright,0.0,321,481,154401.0,1.0,inpaint,red_gd,restormer,15.0,fixed15p0,0.8,3.8461538461538467,1.4142135623730951,0.02,G16_fixed,True,16,20,0.05645913987765623,12.482657423639672,0.19056112411836712,16,0.046005814405347116,13.37187276914497,0.24650195554109106,15.0,0;22.5;45;67.5;90;112.5;135;157.5;180;202.5;225;247.5;270;292.5;315;337.5
val_images,test008.png,7,upright,0.0,321,481,154401.0,1.0,inpaint,red_gd,restormer,15.0,fixed15p0,0.8,3.8461538461538467,1.4142135623730951,0.02,G16_fixed,True,16,20,0.05645913987765623,12.482657423639672,0.19056112411836712,17,0.045505693044207936,13.41934267012813,0.2500782256915434,15.0,0;22.5;45;67.5;90;112.5;135;157.5;180;202.5;225;247.5;270;292.5;315;337.5
val_images,test008.png,7,upright,0.0,321,481,154401.0,1.0,inpaint,red_gd,restormer,15.0,fixed15p0,0.8,3.8461538461538467,1.4142135623730951,0.02,G16_fixed,True,16,20,0.05645913987765623,12.482657423639672,0.19056112411836712,18,0.04501624802260024,13.466307050481738,0.25348316842183666,15.0,0;22.5;45;67.5;90;112.5;135;157.5;180;202.5;225;247.5;270;292.5;315;337.5
val_images,test008.png,7,upright,0.0,321,481,154401.0,1.0,inpaint,red_gd,restormer,15.0,fixed15p0,0.8,3.8461538461538467,1.4142135623730951,0.02,G16_fixed,True,16,20,0.05645913987765623,12.482657423639672,0.19056112411836712,19,0.04453796951606531,13.51269586315662,0.25711689347057337,15.0,0;22.5;45;67.5;90;112.5;135;157.5;180;202.5;225;247.5;270;292.5;315;337.5
val_images,test008.png,7,upright,0.0,321,481,154401.0,1.0,inpaint,red_gd,restormer,15.0,fixed15p0,0.8,3.8461538461538467,1.4142135623730951,0.02,G16_fixed,True,16,20,0.05645913987765623,12.482657423639672,0.19056112411836712,20,0.04407113265539083,13.558457877096195,0.2605649716484997,15.0,0;22.5;45;67.5;90;112.5;135;157.5;180;202.5;225;247.5;270;292.5;315;337.5
val_images,test008.png,7,rot45_padded,45.0,1000,1000,154360.0,0.15435999631881714,inpaint,red_gd,restormer,15.0,fixed15p0,0.8,3.8461538461538467,1.4142135623730951,0.02,vanilla,False,0,20,0.056871808900459966,12.451029580851918,0.1977085956732638,1,0.056770198571926014,12.458795866880818,0.19769401935815625,15.0,none
val_images,test008.png,7,rot45_padded,45.0,1000,1000,154360.0,0.15435999631881714,inpaint,red_gd,restormer,15.0,fixed15p0,0.8,3.8461538461538467,1.4142135623730951,0.02,vanilla,False,0,20,0.056871808900459966,12.451029580851918,0.1977085956732638,2,0.05667356721908202,12.466194505876299,0.19891703799154573,15.0,none
val_images,test008.png,7,rot45_padded,45.0,1000,1000,154360.0,0.15435999631881714,inpaint,red_gd,restormer,15.0,fixed15p0,0.8,3.8461538461538467,1.4142135623730951,0.02,vanilla,False,0,20,0.056871808900459966,12.451029580851918,0.1977085956732638,3,0.056581535250388705,12.473252728258917,0.19899885262130734,15.0,none
val_images,test008.png,7,rot45_padded,45.0,1000,1000,154360.0,0.15435999631881714,inpaint,red_gd,restormer,15.0,fixed15p0,0.8,3.8461538461538467,1.4142135623730951,0.02,vanilla,False,0,20,0.056871808900459966,12.451029580851918,0.1977085956732638,4,0.05649167960652047,12.480155126596788,0.2000860660550013,15.0,none
val_images,test008.png,7,rot45_padded,45.0,1000,1000,154360.0,0.15435999631881714,inpaint,red_gd,restormer,15.0,fixed15p0,0.8,3.8461538461538467,1.4142135623730951,0.02,vanilla,False,0,20,0.056871808900459966,12.451029580851918,0.1977085956732638,5,0.05640513273556945,12.48681374433156,0.2002664353014058,15.0,none
val_images,test008.png,7,rot45_padded,45.0,1000,1000,154360.0,0.15435999631881714,inpaint,red_gd,restormer,15.0,fixed15p0,0.8,3.8461538461538467,1.4142135623730951,0.02,vanilla,False,0,20,0.056871808900459966,12.451029580851918,0.1977085956732638,6,0.05631806708951477,12.493522591706874,0.20128046348633066,15.0,none
val_images,test008.png,7,rot45_padded,45.0,1000,1000,154360.0,0.15435999631881714,inpaint,red_gd,restormer,15.0,fixed15p0,0.8,3.8461538461538467,1.4142135623730951,0.02,vanilla,False,0,20,0.056871808900459966,12.451029580851918,0.1977085956732638,7,0.056233101849977325,12.500079598984877,0.20156551142621146,15.0,none
val_images,test008.png,7,rot45_padded,45.0,1000,1000,154360.0,0.15435999631881714,inpaint,red_gd,restormer,15.0,fixed15p0,0.8,3.8461538461538467,1.4142135623730951,0.02,vanilla,False,0,20,0.056871808900459966,12.451029580851918,0.1977085956732638,8,0.0561449353884588,12.506894136153088,0.20257116329117,15.0,none
val_images,test008.png,7,rot45_padded,45.0,1000,1000,154360.0,0.15435999631881714,inpaint,red_gd,restormer,15.0,fixed15p0,0.8,3.8461538461538467,1.4142135623730951,0.02,vanilla,False,0,20,0.056871808900459966,12.451029580851918,0.1977085956732638,9,0.056057831783250196,12.513637039852998,0.20297049359047034,15.0,none
val_images,test008.png,7,rot45_padded,45.0,1000,1000,154360.0,0.15435999631881714,inpaint,red_gd,restormer,15.0,fixed15p0,0.8,3.8461538461538467,1.4142135623730951,0.02,vanilla,False,0,20,0.056871808900459966,12.451029580851918,0.1977085956732638,10,0.055965439202594586,12.520800836569997,0.20401993766600804,15.0,none
val_images,test008.png,7,rot45_padded,45.0,1000,1000,154360.0,0.15435999631881714,inpaint,red_gd,restormer,15.0,fixed15p0,0.8,3.8461538461538467,1.4142135623730951,0.02,vanilla,False,0,20,0.056871808900459966,12.451029580851918,0.1977085956732638,11,0.055873375601273,12.527950898583683,0.20454317929677376,15.0,none
val_images,test008.png,7,rot45_padded,45.0,1000,1000,154360.0,0.15435999631881714,inpaint,red_gd,restormer,15.0,fixed15p0,0.8,3.8461538461538467,1.4142135623730951,0.02,vanilla,False,0,20,0.056871808900459966,12.451029580851918,0.1977085956732638,12,0.05577452363792433,12.535641302741439,0.20567217310588884,15.0,none
val_images,test008.png,7,rot45_padded,45.0,1000,1000,154360.0,0.15435999631881714,inpaint,red_gd,restormer,15.0,fixed15p0,0.8,3.8461538461538467,1.4142135623730951,0.02,vanilla,False,0,20,0.056871808900459966,12.451029580851918,0.1977085956732638,13,0.05567589942949922,12.543327583242213,0.20633056197768204,15.0,none
val_images,test008.png,7,rot45_padded,45.0,1000,1000,154360.0,0.15435999631881714,inpaint,red_gd,restormer,15.0,fixed15p0,0.8,3.8461538461538467,1.4142135623730951,0.02,vanilla,False,0,20,0.056871808900459966,12.451029580851918,0.1977085956732638,14,0.05556998706352034,12.551597043166971,0.20755613652743587,15.0,none
val_images,test008.png,7,rot45_padded,45.0,1000,1000,154360.0,0.15435999631881714,inpaint,red_gd,restormer,15.0,fixed15p0,0.8,3.8461538461538467,1.4142135623730951,0.02,vanilla,False,0,20,0.056871808900459966,12.451029580851918,0.1977085956732638,15,0.055464795921466054,12.55982580625876,0.20835585998234646,15.0,none
val_images,test008.png,7,rot45_padded,45.0,1000,1000,154360.0,0.15435999631881714,inpaint,red_gd,restormer,15.0,fixed15p0,0.8,3.8461538461538467,1.4142135623730951,0.02,vanilla,False,0,20,0.056871808900459966,12.451029580851918,0.1977085956732638,16,0.05535253172373024,12.568625104943735,0.20968400016600802,15.0,none
val_images,test008.png,7,rot45_padded,45.0,1000,1000,154360.0,0.15435999631881714,inpaint,red_gd,restormer,15.0,fixed15p0,0.8,3.8461538461538467,1.4142135623730951,0.02,vanilla,False,0,20,0.056871808900459966,12.451029580851918,0.1977085956732638,17,0.05524148221892006,12.577346771089413,0.21062930962927573,15.0,none
val_images,test008.png,7,rot45_padded,45.0,1000,1000,154360.0,0.15435999631881714,inpaint,red_gd,restormer,15.0,fixed15p0,0.8,3.8461538461538467,1.4142135623730951,0.02,vanilla,False,0,20,0.056871808900459966,12.451029580851918,0.1977085956732638,18,0.05512426435159692,12.586571932642212,0.21205764932625032,15.0,none
val_images,test008.png,7,rot45_padded,45.0,1000,1000,154360.0,0.15435999631881714,inpaint,red_gd,restormer,15.0,fixed15p0,0.8,3.8461538461538467,1.4142135623730951,0.02,vanilla,False,0,20,0.056871808900459966,12.451029580851918,0.1977085956732638,19,0.055008425666866416,12.595707843172136,0.21314335704683857,15.0,none
val_images,test008.png,7,rot45_padded,45.0,1000,1000,154360.0,0.15435999631881714,inpaint,red_gd,restormer,15.0,fixed15p0,0.8,3.8461538461538467,1.4142135623730951,0.02,vanilla,False,0,20,0.056871808900459966,12.451029580851918,0.1977085956732638,20,0.05488722841490671,12.605286987957625,0.21467349054159107,15.0,none
val_images,test008.png,7,rot45_padded,45.0,1000,1000,154360.0,0.15435999631881714,inpaint,red_gd,restormer,15.0,fixed15p0,0.8,3.8461538461538467,1.4142135623730951,0.02,G16_fixed,False,16,20,0.056871808900459966,12.451029580851918,0.1977085956732638,1,0.05617737781201412,12.50438536197991,0.2002133430981148,15.0,0;22.5;45;67.5;90;112.5;135;157.5;180;202.5;225;247.5;270;292.5;315;337.5
val_images,test008.png,7,rot45_padded,45.0,1000,1000,154360.0,0.15435999631881714,inpaint,red_gd,restormer,15.0,fixed15p0,0.8,3.8461538461538467,1.4142135623730951,0.02,G16_fixed,False,16,20,0.056871808900459966,12.451029580851918,0.1977085956732638,2,0.055525448322913964,12.555079261899953,0.20324631745594712,15.0,0;22.5;45;67.5;90;112.5;135;157.5;180;202.5;225;247.5;270;292.5;315;337.5
val_images,test008.png,7,rot45_padded,45.0,1000,1000,154360.0,0.15435999631881714,inpaint,red_gd,restormer,15.0,fixed15p0,0.8,3.8461538461538467,1.4142135623730951,0.02,G16_fixed,False,16,20,0.056871808900459966,12.451029580851918,0.1977085956732638,3,0.05490672676697331,12.603744457354054,0.2056177270261078,15.0,0;22.5;45;67.5;90;112.5;135;157.5;180;202.5;225;247.5;270;292.5;315;337.5
val_images,test008.png,7,rot45_padded,45.0,1000,1000,154360.0,0.15435999631881714,inpaint,red_gd,restormer,15.0,fixed15p0,0.8,3.8461538461538467,1.4142135623730951,0.02,G16_fixed,False,16,20,0.056871808900459966,12.451029580851918,0.1977085956732638,4,0.05432116253198691,12.65030944253615,0.20845985541105208,15.0,0;22.5;45;67.5;90;112.5;135;157.5;180;202.5;225;247.5;270;292.5;315;337.5
val_images,test008.png,7,rot45_padded,45.0,1000,1000,154360.0,0.15435999631881714,inpaint,red_gd,restormer,15.0,fixed15p0,0.8,3.8461538461538467,1.4142135623730951,0.02,G16_fixed,False,16,20,0.056871808900459966,12.451029580851918,0.1977085956732638,5,0.053762195010851256,12.695230081528955,0.2107278136337134,15.0,0;22.5;45;67.5;90;112.5;135;157.5;180;202.5;225;247.5;270;292.5;315;337.5
val_images,test008.png,7,rot45_padded,45.0,1000,1000,154360.0,0.15435999631881714,inpaint,red_gd,restormer,15.0,fixed15p0,0.8,3.8461538461538467,1.4142135623730951,0.02,G16_fixed,False,16,20,0.056871808900459966,12.451029580851918,0.1977085956732638,6,0.05322852726580721,12.73855549780306,0.2134468025233221,15.0,0;22.5;45;67.5;90;112.5;135;157.5;180;202.5;225;247.5;270;292.5;315;337.5
val_images,test008.png,7,rot45_padded,45.0,1000,1000,154360.0,0.15435999631881714,inpaint,red_gd,restormer,15.0,fixed15p0,0.8,3.8461538461538467,1.4142135623730951,0.02,G16_fixed,False,16,20,0.056871808900459966,12.451029580851918,0.1977085956732638,7,0.05271661327922551,12.780524982886512,0.2156368685621275,15.0,0;22.5;45;67.5;90;112.5;135;157.5;180;202.5;225;247.5;270;292.5;315;337.5
val_images,test008.png,7,rot45_padded,45.0,1000,1000,154360.0,0.15435999631881714,inpaint,red_gd,restormer,15.0,fixed15p0,0.8,3.8461538461538467,1.4142135623730951,0.02,G16_fixed,False,16,20,0.056871808900459966,12.451029580851918,0.1977085956732638,8,0.05222332142090729,12.821355103587235,0.2182963374983804,15.0,0;22.5;45;67.5;90;112.5;135;157.5;180;202.5;225;247.5;270;292.5;315;337.5
val_images,test008.png,7,rot45_padded,45.0,1000,1000,154360.0,0.15435999631881714,inpaint,red_gd,restormer,15.0,fixed15p0,0.8,3.8461538461538467,1.4142135623730951,0.02,G16_fixed,False,16,20,0.056871808900459966,12.451029580851918,0.1977085956732638,9,0.05174849669097402,12.861022620700329,0.22043429827189687,15.0,0;22.5;45;67.5;90;112.5;135;157.5;180;202.5;225;247.5;270;292.5;315;337.5
val_images,test008.png,7,rot45_padded,45.0,1000,1000,154360.0,0.15435999631881714,inpaint,red_gd,restormer,15.0,fixed15p0,0.8,3.8461538461538467,1.4142135623730951,0.02,G16_fixed,False,16,20,0.056871808900459966,12.451029580851918,0.1977085956732638,10,0.05128619848183629,12.899994912159404,0.2230923500664032,15.0,0;22.5;45;67.5;90;112.5;135;157.5;180;202.5;225;247.5;270;292.5;315;337.5
val_images,test008.png,7,rot45_padded,45.0,1000,1000,154360.0,0.15435999631881714,inpaint,red_gd,restormer,15.0,fixed15p0,0.8,3.8461538461538467,1.4142135623730951,0.02,G16_fixed,False,16,20,0.056871808900459966,12.451029580851918,0.1977085956732638,11,0.05084028597414324,12.93792015225758,0.22520933208084995,15.0,0;22.5;45;67.5;90;112.5;135;157.5;180;202.5;225;247.5;270;292.5;315;337.5
val_images,test008.png,7,rot45_padded,45.0,1000,1000,154360.0,0.15435999631881714,inpaint,red_gd,restormer,15.0,fixed15p0,0.8,3.8461538461538467,1.4142135623730951,0.02,G16_fixed,False,16,20,0.056871808900459966,12.451029580851918,0.1977085956732638,12,0.0504008170328291,12.975624232772295,0.22791680669376782,15.0,0;22.5;45;67.5;90;112.5;135;157.5;180;202.5;225;247.5;270;292.5;315;337.5
val_images,test008.png,7,rot45_padded,45.0,1000,1000,154360.0,0.15435999631881714,inpaint,red_gd,restormer,15.0,fixed15p0,0.8,3.8461538461538467,1.4142135623730951,0.02,G16_fixed,False,16,20,0.056871808900459966,12.451029580851918,0.1977085956732638,13,0.04997667409991254,13.012326491322712,0.2300480613500907,15.0,0;22.5;45;67.5;90;112.5;135;157.5;180;202.5;225;247.5;270;292.5;315;337.5
val_images,test008.png,7,rot45_padded,45.0,1000,1000,154360.0,0.15435999631881714,inpaint,red_gd,restormer,15.0,fixed15p0,0.8,3.8461538461538467,1.4142135623730951,0.02,G16_fixed,False,16,20,0.056871808900459966,12.451029580851918,0.1977085956732638,14,0.04955287596264414,13.049311347516525,0.23284909262438455,15.0,0;22.5;45;67.5;90;112.5;135;157.5;180;202.5;225;247.5;270;292.5;315;337.5
val_images,test008.png,7,rot45_padded,45.0,1000,1000,154360.0,0.15435999631881714,inpaint,red_gd,restormer,15.0,fixed15p0,0.8,3.8461538461538467,1.4142135623730951,0.02,G16_fixed,False,16,20,0.056871808900459966,12.451029580851918,0.1977085956732638,15,0.049143843936252915,13.085308768544504,0.23504793988079814,15.0,0;22.5;45;67.5;90;112.5;135;157.5;180;202.5;225;247.5;270;292.5;315;337.5
val_images,test008.png,7,rot45_padded,45.0,1000,1000,154360.0,0.15435999631881714,inpaint,red_gd,restormer,15.0,fixed15p0,0.8,3.8461538461538467,1.4142135623730951,0.02,G16_fixed,False,16,20,0.056871808900459966,12.451029580851918,0.1977085956732638,16,0.04873018089308273,13.122019764553187,0.23797342656776366,15.0,0;22.5;45;67.5;90;112.5;135;157.5;180;202.5;225;247.5;270;292.5;315;337.5
val_images,test008.png,7,rot45_padded,45.0,1000,1000,154360.0,0.15435999631881714,inpaint,red_gd,restormer,15.0,fixed15p0,0.8,3.8461538461538467,1.4142135623730951,0.02,G16_fixed,False,16,20,0.056871808900459966,12.451029580851918,0.1977085956732638,17,0.048330717736743654,13.157767553102671,0.24029055454781031,15.0,0;22.5;45;67.5;90;112.5;135;157.5;180;202.5;225;247.5;270;292.5;315;337.5
val_images,test008.png,7,rot45_padded,45.0,1000,1000,154360.0,0.15435999631881714,inpaint,red_gd,restormer,15.0,fixed15p0,0.8,3.8461538461538467,1.4142135623730951,0.02,G16_fixed,False,16,20,0.056871808900459966,12.451029580851918,0.1977085956732638,18,0.0479243270348131,13.19443976877009,0.24334783541720653,15.0,0;22.5;45;67.5;90;112.5;135;157.5;180;202.5;225;247.5;270;292.5;315;337.5
val_images,test008.png,7,rot45_padded,45.0,1000,1000,154360.0,0.15435999631881714,inpaint,red_gd,restormer,15.0,fixed15p0,0.8,3.8461538461538467,1.4142135623730951,0.02,G16_fixed,False,16,20,0.056871808900459966,12.451029580851918,0.1977085956732638,19,0.047530772853435155,13.230251239915159,0.24582866857508423,15.0,0;22.5;45;67.5;90;112.5;135;157.5;180;202.5;225;247.5;270;292.5;315;337.5
val_images,test008.png,7,rot45_padded,45.0,1000,1000,154360.0,0.15435999631881714,inpaint,red_gd,restormer,15.0,fixed15p0,0.8,3.8461538461538467,1.4142135623730951,0.02,G16_fixed,False,16,20,0.056871808900459966,12.451029580851918,0.1977085956732638,20,0.04713032592235683,13.266995569347909,0.24902457627461777,15.0,0;22.5;45;67.5;90;112.5;135;157.5;180;202.5;225;247.5;270;292.5;315;337.5
val_images,test009.png,8,upright,0.0,321,481,154401.0,1.0,inpaint,red_gd,restormer,15.0,fixed15p0,0.8,3.8461538461538467,1.4142135623730951,0.02,vanilla,True,0,20,0.05062825514508488,12.956070399036845,0.18533275367387517,1,0.050298278457960116,12.984468791389638,0.19294557829531545,15.0,none
val_images,test009.png,8,upright,0.0,321,481,154401.0,1.0,inpaint,red_gd,restormer,15.0,fixed15p0,0.8,3.8461538461538467,1.4142135623730951,0.02,vanilla,True,0,20,0.05062825514508488,12.956070399036845,0.18533275367387517,2,0.050015984782522456,13.008911757959744,0.1960284978319441,15.0,none
val_images,test009.png,8,upright,0.0,321,481,154401.0,1.0,inpaint,red_gd,restormer,15.0,fixed15p0,0.8,3.8461538461538467,1.4142135623730951,0.02,vanilla,True,0,20,0.05062825514508488,12.956070399036845,0.18533275367387517,3,0.04974619532702185,13.032401292230889,0.20408528867202932,15.0,none
val_images,test009.png,8,upright,0.0,321,481,154401.0,1.0,inpaint,red_gd,restormer,15.0,fixed15p0,0.8,3.8461538461538467,1.4142135623730951,0.02,vanilla,True,0,20,0.05062825514508488,12.956070399036845,0.18533275367387517,4,0.049509857980396824,13.053083194454993,0.20675904129102143,15.0,none
val_images,test009.png,8,upright,0.0,321,481,154401.0,1.0,inpaint,red_gd,restormer,15.0,fixed15p0,0.8,3.8461538461538467,1.4142135623730951,0.02,vanilla,True,0,20,0.05062825514508488,12.956070399036845,0.18533275367387517,5,0.04928364987415075,13.07297136446187,0.2152767236368288,15.0,none
val_images,test009.png,8,upright,0.0,321,481,154401.0,1.0,inpaint,red_gd,restormer,15.0,fixed15p0,0.8,3.8461538461538467,1.4142135623730951,0.02,vanilla,True,0,20,0.05062825514508488,12.956070399036845,0.18533275367387517,6,0.04908063813948744,13.090897992731424,0.21764502415787462,15.0,none
val_images,test009.png,8,upright,0.0,321,481,154401.0,1.0,inpaint,red_gd,restormer,15.0,fixed15p0,0.8,3.8461538461538467,1.4142135623730951,0.02,vanilla,True,0,20,0.05062825514508488,12.956070399036845,0.18533275367387517,7,0.04888585186664918,13.108168125593293,0.22662782300632767,15.0,none
val_images,test009.png,8,upright,0.0,321,481,154401.0,1.0,inpaint,red_gd,restormer,15.0,fixed15p0,0.8,3.8461538461538467,1.4142135623730951,0.02,vanilla,True,0,20,0.05062825514508488,12.956070399036845,0.18533275367387517,8,0.04870784224701427,13.124011092081815,0.22876668342497783,15.0,none
val_images,test009.png,8,upright,0.0,321,481,154401.0,1.0,inpaint,red_gd,restormer,15.0,fixed15p0,0.8,3.8461538461538467,1.4142135623730951,0.02,vanilla,True,0,20,0.05062825514508488,12.956070399036845,0.18533275367387517,9,0.04853650850200938,13.139314680710159,0.23818713629607322,15.0,none
val_images,test009.png,8,upright,0.0,321,481,154401.0,1.0,inpaint,red_gd,restormer,15.0,fixed15p0,0.8,3.8461538461538467,1.4142135623730951,0.02,vanilla,True,0,20,0.05062825514508488,12.956070399036845,0.18533275367387517,10,0.04837776752478125,13.153541767769285,0.24015287303838706,15.0,none
val_images,test009.png,8,upright,0.0,321,481,154401.0,1.0,inpaint,red_gd,restormer,15.0,fixed15p0,0.8,3.8461538461538467,1.4142135623730951,0.02,vanilla,True,0,20,0.05062825514508488,12.956070399036845,0.18533275367387517,11,0.04822446275242712,13.167326019413302,0.2499590655986684,15.0,none
val_images,test009.png,8,upright,0.0,321,481,154401.0,1.0,inpaint,red_gd,restormer,15.0,fixed15p0,0.8,3.8461538461538467,1.4142135623730951,0.02,vanilla,True,0,20,0.05062825514508488,12.956070399036845,0.18533275367387517,12,0.04808099943997286,13.180265134106008,0.25179253716782923,15.0,none
val_images,test009.png,8,upright,0.0,321,481,154401.0,1.0,inpaint,red_gd,restormer,15.0,fixed15p0,0.8,3.8461538461538467,1.4142135623730951,0.02,vanilla,True,0,20,0.05062825514508488,12.956070399036845,0.18533275367387517,13,0.04794196035708156,13.192842115444083,0.2619114806979877,15.0,none
val_images,test009.png,8,upright,0.0,321,481,154401.0,1.0,inpaint,red_gd,restormer,15.0,fixed15p0,0.8,3.8461538461538467,1.4142135623730951,0.02,vanilla,True,0,20,0.05062825514508488,12.956070399036845,0.18533275367387517,14,0.04781093801610741,13.204727356762424,0.26364193318048457,15.0,none
val_images,test009.png,8,upright,0.0,321,481,154401.0,1.0,inpaint,red_gd,restormer,15.0,fixed15p0,0.8,3.8461538461538467,1.4142135623730951,0.02,vanilla,True,0,20,0.05062825514508488,12.956070399036845,0.18533275367387517,15,0.047683536649293076,13.216315408032433,0.2739837136741342,15.0,none
val_images,test009.png,8,upright,0.0,321,481,154401.0,1.0,inpaint,red_gd,restormer,15.0,fixed15p0,0.8,3.8461538461538467,1.4142135623730951,0.02,vanilla,True,0,20,0.05062825514508488,12.956070399036845,0.18533275367387517,16,0.047562902867371325,13.227316473079998,0.27563176606692963,15.0,none
val_images,test009.png,8,upright,0.0,321,481,154401.0,1.0,inpaint,red_gd,restormer,15.0,fixed15p0,0.8,3.8461538461538467,1.4142135623730951,0.02,vanilla,True,0,20,0.05062825514508488,12.956070399036845,0.18533275367387517,17,0.04744522595081152,13.238074807609816,0.28609485710099025,15.0,none
val_images,test009.png,8,upright,0.0,321,481,154401.0,1.0,inpaint,red_gd,restormer,15.0,fixed15p0,0.8,3.8461538461538467,1.4142135623730951,0.02,vanilla,True,0,20,0.05062825514508488,12.956070399036845,0.18533275367387517,18,0.047333402678941525,13.248322740747838,0.2876746264596732,15.0,none
val_images,test009.png,8,upright,0.0,321,481,154401.0,1.0,inpaint,red_gd,restormer,15.0,fixed15p0,0.8,3.8461538461538467,1.4142135623730951,0.02,vanilla,True,0,20,0.05062825514508488,12.956070399036845,0.18533275367387517,19,0.047224004985395175,13.258371839387866,0.298151480357964,15.0,none
val_images,test009.png,8,upright,0.0,321,481,154401.0,1.0,inpaint,red_gd,restormer,15.0,fixed15p0,0.8,3.8461538461538467,1.4142135623730951,0.02,vanilla,True,0,20,0.05062825514508488,12.956070399036845,0.18533275367387517,20,0.04711977785320367,13.267967657030269,0.2996723780529271,15.0,none
val_images,test009.png,8,upright,0.0,321,481,154401.0,1.0,inpaint,red_gd,restormer,15.0,fixed15p0,0.8,3.8461538461538467,1.4142135623730951,0.02,G16_fixed,True,16,20,0.05062825514508488,12.956070399036845,0.18533275367387517,1,0.04982468666208444,13.025554238137385,0.19123415094866614,15.0,0;22.5;45;67.5;90;112.5;135;157.5;180;202.5;225;247.5;270;292.5;315;337.5
val_images,test009.png,8,upright,0.0,321,481,154401.0,1.0,inpaint,red_gd,restormer,15.0,fixed15p0,0.8,3.8461538461538467,1.4142135623730951,0.02,G16_fixed,True,16,20,0.05062825514508488,12.956070399036845,0.18533275367387517,2,0.0490563665441367,13.093046218097937,0.1952588020600579,15.0,0;22.5;45;67.5;90;112.5;135;157.5;180;202.5;225;247.5;270;292.5;315;337.5
val_images,test009.png,8,upright,0.0,321,481,154401.0,1.0,inpaint,red_gd,restormer,15.0,fixed15p0,0.8,3.8461538461538467,1.4142135623730951,0.02,G16_fixed,True,16,20,0.05062825514508488,12.956070399036845,0.18533275367387517,3,0.04831857013150821,13.158859260670567,0.20129400777035122,15.0,0;22.5;45;67.5;90;112.5;135;157.5;180;202.5;225;247.5;270;292.5;315;337.5
val_images,test009.png,8,upright,0.0,321,481,154401.0,1.0,inpaint,red_gd,restormer,15.0,fixed15p0,0.8,3.8461538461538467,1.4142135623730951,0.02,G16_fixed,True,16,20,0.05062825514508488,12.956070399036845,0.18533275367387517,4,0.047610671264475296,13.22295695349636,0.20549046699017492,15.0,0;22.5;45;67.5;90;112.5;135;157.5;180;202.5;225;247.5;270;292.5;315;337.5
val_images,test009.png,8,upright,0.0,321,481,154401.0,1.0,inpaint,red_gd,restormer,15.0,fixed15p0,0.8,3.8461538461538467,1.4142135623730951,0.02,G16_fixed,True,16,20,0.05062825514508488,12.956070399036845,0.18533275367387517,5,0.04692799271964722,13.285680217394454,0.21169731636291217,15.0,0;22.5;45;67.5;90;112.5;135;157.5;180;202.5;225;247.5;270;292.5;315;337.5
val_images,test009.png,8,upright,0.0,321,481,154401.0,1.0,inpaint,red_gd,restormer,15.0,fixed15p0,0.8,3.8461538461538467,1.4142135623730951,0.02,G16_fixed,True,16,20,0.05062825514508488,12.956070399036845,0.18533275367387517,6,0.04626843781067642,13.34715163600519,0.21616609813893692,15.0,0;22.5;45;67.5;90;112.5;135;157.5;180;202.5;225;247.5;270;292.5;315;337.5
val_images,test009.png,8,upright,0.0,321,481,154401.0,1.0,inpaint,red_gd,restormer,15.0,fixed15p0,0.8,3.8461538461538467,1.4142135623730951,0.02,G16_fixed,True,16,20,0.05062825514508488,12.956070399036845,0.18533275367387517,7,0.045632610560326685,13.407246853032985,0.22260764988568726,15.0,0;22.5;45;67.5;90;112.5;135;157.5;180;202.5;225;247.5;270;292.5;315;337.5
val_images,test009.png,8,upright,0.0,321,481,154401.0,1.0,inpaint,red_gd,restormer,15.0,fixed15p0,0.8,3.8461538461538467,1.4142135623730951,0.02,G16_fixed,True,16,20,0.05062825514508488,12.956070399036845,0.18533275367387517,8,0.04501756991535029,13.466179522683808,0.22738012545255537,15.0,0;22.5;45;67.5;90;112.5;135;157.5;180;202.5;225;247.5;270;292.5;315;337.5
val_images,test009.png,8,upright,0.0,321,481,154401.0,1.0,inpaint,red_gd,restormer,15.0,fixed15p0,0.8,3.8461538461538467,1.4142135623730951,0.02,G16_fixed,True,16,20,0.05062825514508488,12.956070399036845,0.18533275367387517,9,0.04442310715583934,13.523910681774144,0.23410262684503338,15.0,0;22.5;45;67.5;90;112.5;135;157.5;180;202.5;225;247.5;270;292.5;315;337.5
val_images,test009.png,8,upright,0.0,321,481,154401.0,1.0,inpaint,red_gd,restormer,15.0,fixed15p0,0.8,3.8461538461538467,1.4142135623730951,0.02,G16_fixed,True,16,20,0.05062825514508488,12.956070399036845,0.18533275367387517,10,0.043848276717362585,13.5804747018498,0.239190636313884,15.0,0;22.5;45;67.5;90;112.5;135;157.5;180;202.5;225;247.5;270;292.5;315;337.5
val_images,test009.png,8,upright,0.0,321,481,154401.0,1.0,inpaint,red_gd,restormer,15.0,fixed15p0,0.8,3.8461538461538467,1.4142135623730951,0.02,G16_fixed,True,16,20,0.05062825514508488,12.956070399036845,0.18533275367387517,11,0.04328925206827514,13.636199176617104,0.24621397266695164,15.0,0;22.5;45;67.5;90;112.5;135;157.5;180;202.5;225;247.5;270;292.5;315;337.5
val_images,test009.png,8,upright,0.0,321,481,154401.0,1.0,inpaint,red_gd,restormer,15.0,fixed15p0,0.8,3.8461538461538467,1.4142135623730951,0.02,G16_fixed,True,16,20,0.05062825514508488,12.956070399036845,0.18533275367387517,12,0.04274877186676252,13.690763576410633,0.2516041326642962,15.0,0;22.5;45;67.5;90;112.5;135;157.5;180;202.5;225;247.5;270;292.5;315;337.5
val_images,test009.png,8,upright,0.0,321,481,154401.0,1.0,inpaint,red_gd,restormer,15.0,fixed15p0,0.8,3.8461538461538467,1.4142135623730951,0.02,G16_fixed,True,16,20,0.05062825514508488,12.956070399036845,0.18533275367387517,13,0.04222140307037357,13.744673386362214,0.25892172613843173,15.0,0;22.5;45;67.5;90;112.5;135;157.5;180;202.5;225;247.5;270;292.5;315;337.5
val_images,test009.png,8,upright,0.0,321,481,154401.0,1.0,inpaint,red_gd,restormer,15.0,fixed15p0,0.8,3.8461538461538467,1.4142135623730951,0.02,G16_fixed,True,16,20,0.05062825514508488,12.956070399036845,0.18533275367387517,14,0.041707528332272786,13.79785546511426,0.26464151179396506,15.0,0;22.5;45;67.5;90;112.5;135;157.5;180;202.5;225;247.5;270;292.5;315;337.5
val_images,test009.png,8,upright,0.0,321,481,154401.0,1.0,inpaint,red_gd,restormer,15.0,fixed15p0,0.8,3.8461538461538467,1.4142135623730951,0.02,G16_fixed,True,16,20,0.05062825514508488,12.956070399036845,0.18533275367387517,15,0.04120706542946613,13.850283127544532,0.272279395454045,15.0,0;22.5;45;67.5;90;112.5;135;157.5;180;202.5;225;247.5;270;292.5;315;337.5
val_images,test009.png,8,upright,0.0,321,481,154401.0,1.0,inpaint,red_gd,restormer,15.0,fixed15p0,0.8,3.8461538461538467,1.4142135623730951,0.02,G16_fixed,True,16,20,0.05062825514508488,12.956070399036845,0.18533275367387517,16,0.04072096625123056,13.901819253520733,0.2783004967584407,15.0,0;22.5;45;67.5;90;112.5;135;157.5;180;202.5;225;247.5;270;292.5;315;337.5
val_images,test009.png,8,upright,0.0,321,481,154401.0,1.0,inpaint,red_gd,restormer,15.0,fixed15p0,0.8,3.8461538461538467,1.4142135623730951,0.02,G16_fixed,True,16,20,0.05062825514508488,12.956070399036845,0.18533275367387517,17,0.04024830104524906,13.95252447277381,0.2861270126164986,15.0,0;22.5;45;67.5;90;112.5;135;157.5;180;202.5;225;247.5;270;292.5;315;337.5
val_images,test009.png,8,upright,0.0,321,481,154401.0,1.0,inpaint,red_gd,restormer,15.0,fixed15p0,0.8,3.8461538461538467,1.4142135623730951,0.02,G16_fixed,True,16,20,0.05062825514508488,12.956070399036845,0.18533275367387517,18,0.03978839305303236,14.002436004940613,0.2923198714305607,15.0,0;22.5;45;67.5;90;112.5;135;157.5;180;202.5;225;247.5;270;292.5;315;337.5
val_images,test009.png,8,upright,0.0,321,481,154401.0,1.0,inpaint,red_gd,restormer,15.0,fixed15p0,0.8,3.8461538461538467,1.4142135623730951,0.02,G16_fixed,True,16,20,0.05062825514508488,12.956070399036845,0.18533275367387517,19,0.03933985397095064,14.051672565094131,0.30024214545242583,15.0,0;22.5;45;67.5;90;112.5;135;157.5;180;202.5;225;247.5;270;292.5;315;337.5
val_images,test009.png,8,upright,0.0,321,481,154401.0,1.0,inpaint,red_gd,restormer,15.0,fixed15p0,0.8,3.8461538461538467,1.4142135623730951,0.02,G16_fixed,True,16,20,0.05062825514508488,12.956070399036845,0.18533275367387517,20,0.03890347440471564,14.100116108230182,0.30654305793032427,15.0,0;22.5;45;67.5;90;112.5;135;157.5;180;202.5;225;247.5;270;292.5;315;337.5
val_images,test009.png,8,rot45_padded,45.0,1000,1000,154360.0,0.15435999631881714,inpaint,red_gd,restormer,15.0,fixed15p0,0.8,3.8461538461538467,1.4142135623730951,0.02,vanilla,False,0,20,0.04999092143568606,13.011088582314898,0.1941674241626717,1,0.04976543140831498,13.030722267510427,0.1983298604925175,15.0,none
val_images,test009.png,8,rot45_padded,45.0,1000,1000,154360.0,0.15435999631881714,inpaint,red_gd,restormer,15.0,fixed15p0,0.8,3.8461538461538467,1.4142135623730951,0.02,vanilla,False,0,20,0.04999092143568606,13.011088582314898,0.1941674241626717,2,0.049543373521111364,13.05014424643176,0.20142001398921353,15.0,none
val_images,test009.png,8,rot45_padded,45.0,1000,1000,154360.0,0.15435999631881714,inpaint,red_gd,restormer,15.0,fixed15p0,0.8,3.8461538461538467,1.4142135623730951,0.02,vanilla,False,0,20,0.04999092143568606,13.011088582314898,0.1941674241626717,3,0.0493281356285631,13.069052985157267,0.20580225912639286,15.0,none
val_images,test009.png,8,rot45_padded,45.0,1000,1000,154360.0,0.15435999631881714,inpaint,red_gd,restormer,15.0,fixed15p0,0.8,3.8461538461538467,1.4142135623730951,0.02,vanilla,False,0,20,0.04999092143568606,13.011088582314898,0.1941674241626717,4,0.04911855681321262,13.087544019903776,0.20913155529282199,15.0,none
val_images,test009.png,8,rot45_padded,45.0,1000,1000,154360.0,0.15435999631881714,inpaint,red_gd,restormer,15.0,fixed15p0,0.8,3.8461538461538467,1.4142135623730951,0.02,vanilla,False,0,20,0.04999092143568606,13.011088582314898,0.1941674241626717,5,0.04891701268544312,13.105400727690647,0.21374376963753564,15.0,none
val_images,test009.png,8,rot45_padded,45.0,1000,1000,154360.0,0.15435999631881714,inpaint,red_gd,restormer,15.0,fixed15p0,0.8,3.8461538461538467,1.4142135623730951,0.02,vanilla,False,0,20,0.04999092143568606,13.011088582314898,0.1941674241626717,6,0.04871386794668308,13.123473854927202,0.2176440980095232,15.0,none
val_images,test009.png,8,rot45_padded,45.0,1000,1000,154360.0,0.15435999631881714,inpaint,red_gd,restormer,15.0,fixed15p0,0.8,3.8461538461538467,1.4142135623730951,0.02,vanilla,False,0,20,0.04999092143568606,13.011088582314898,0.1941674241626717,7,0.048514721572136564,13.141264567089362,0.22285796494396218,15.0,none
val_images,test009.png,8,rot45_padded,45.0,1000,1000,154360.0,0.15435999631881714,inpaint,red_gd,restormer,15.0,fixed15p0,0.8,3.8461538461538467,1.4142135623730951,0.02,vanilla,False,0,20,0.04999092143568606,13.011088582314898,0.1941674241626717,8,0.048303064493108644,13.160253154135377,0.22770289420834414,15.0,none
val_images,test009.png,8,rot45_padded,45.0,1000,1000,154360.0,0.15435999631881714,inpaint,red_gd,restormer,15.0,fixed15p0,0.8,3.8461538461538467,1.4142135623730951,0.02,vanilla,False,0,20,0.04999092143568606,13.011088582314898,0.1941674241626717,9,0.04809331169830267,13.179153164429628,0.2337034266487432,15.0,none
val_images,test009.png,8,rot45_padded,45.0,1000,1000,154360.0,0.15435999631881714,inpaint,red_gd,restormer,15.0,fixed15p0,0.8,3.8461538461538467,1.4142135623730951,0.02,vanilla,False,0,20,0.04999092143568606,13.011088582314898,0.1941674241626717,10,0.04787516360395342,13.198897289048293,0.2390925636499093,15.0,none
val_images,test009.png,8,rot45_padded,45.0,1000,1000,154360.0,0.15435999631881714,inpaint,red_gd,restormer,15.0,fixed15p0,0.8,3.8461538461538467,1.4142135623730951,0.02,vanilla,False,0,20,0.04999092143568606,13.011088582314898,0.1941674241626717,11,0.04766468958522285,13.218032309616369,0.2454860998639544,15.0,none
val_images,test009.png,8,rot45_padded,45.0,1000,1000,154360.0,0.15435999631881714,inpaint,red_gd,restormer,15.0,fixed15p0,0.8,3.8461538461538467,1.4142135623730951,0.02,vanilla,False,0,20,0.04999092143568606,13.011088582314898,0.1941674241626717,12,0.04745310842450279,13.237353337658151,0.25110375097175436,15.0,none
val_images,test009.png,8,rot45_padded,45.0,1000,1000,154360.0,0.15435999631881714,inpaint,red_gd,restormer,15.0,fixed15p0,0.8,3.8461538461538467,1.4142135623730951,0.02,vanilla,False,0,20,0.04999092143568606,13.011088582314898,0.1941674241626717,13,0.04725082725649456,13.25590583561371,0.2577097319172713,15.0,none
val_images,test009.png,8,rot45_padded,45.0,1000,1000,154360.0,0.15435999631881714,inpaint,red_gd,restormer,15.0,fixed15p0,0.8,3.8461538461538467,1.4142135623730951,0.02,vanilla,False,0,20,0.04999092143568606,13.011088582314898,0.1941674241626717,14,0.0470514309841847,13.274271637545866,0.2634382743667401,15.0,none
val_images,test009.png,8,rot45_padded,45.0,1000,1000,154360.0,0.15435999631881714,inpaint,red_gd,restormer,15.0,fixed15p0,0.8,3.8461538461538467,1.4142135623730951,0.02,vanilla,False,0,20,0.04999092143568606,13.011088582314898,0.1941674241626717,15,0.04686042368489246,13.29193789081373,0.2701736454149391,15.0,none
val_images,test009.png,8,rot45_padded,45.0,1000,1000,154360.0,0.15435999631881714,inpaint,red_gd,restormer,15.0,fixed15p0,0.8,3.8461538461538467,1.4142135623730951,0.02,vanilla,False,0,20,0.04999092143568606,13.011088582314898,0.1941674241626717,16,0.04667499005470167,13.309157659164018,0.2759546727212361,15.0,none
val_images,test009.png,8,rot45_padded,45.0,1000,1000,154360.0,0.15435999631881714,inpaint,red_gd,restormer,15.0,fixed15p0,0.8,3.8461538461538467,1.4142135623730951,0.02,vanilla,False,0,20,0.04999092143568606,13.011088582314898,0.1941674241626717,17,0.04649591458279347,13.3258520521964,0.28276656942374967,15.0,none
val_images,test009.png,8,rot45_padded,45.0,1000,1000,154360.0,0.15435999631881714,inpaint,red_gd,restormer,15.0,fixed15p0,0.8,3.8461538461538467,1.4142135623730951,0.02,vanilla,False,0,20,0.04999092143568606,13.011088582314898,0.1941674241626717,18,0.04632410196233642,13.341929911473747,0.28855124080882355,15.0,none
val_images,test009.png,8,rot45_padded,45.0,1000,1000,154360.0,0.15435999631881714,inpaint,red_gd,restormer,15.0,fixed15p0,0.8,3.8461538461538467,1.4142135623730951,0.02,vanilla,False,0,20,0.04999092143568606,13.011088582314898,0.1941674241626717,19,0.04615646168554839,13.357674912158428,0.29538178810896604,15.0,none
val_images,test009.png,8,rot45_padded,45.0,1000,1000,154360.0,0.15435999631881714,inpaint,red_gd,restormer,15.0,fixed15p0,0.8,3.8461538461538467,1.4142135623730951,0.02,vanilla,False,0,20,0.04999092143568606,13.011088582314898,0.1941674241626717,20,0.045996109566314135,13.37278900173522,0.30114985869072297,15.0,none
val_images,test009.png,8,rot45_padded,45.0,1000,1000,154360.0,0.15435999631881714,inpaint,red_gd,restormer,15.0,fixed15p0,0.8,3.8461538461538467,1.4142135623730951,0.02,G16_fixed,False,16,20,0.04999092143568606,13.011088582314898,0.1941674241626717,1,0.04928780402751684,13.072605310028557,0.19959182521783495,15.0,0;22.5;45;67.5;90;112.5;135;157.5;180;202.5;225;247.5;270;292.5;315;337.5
val_images,test009.png,8,rot45_padded,45.0,1000,1000,154360.0,0.15435999631881714,inpaint,red_gd,restormer,15.0,fixed15p0,0.8,3.8461538461538467,1.4142135623730951,0.02,G16_fixed,False,16,20,0.04999092143568606,13.011088582314898,0.1941674241626717,2,0.0486085502741157,13.132873313496628,0.203837619849702,15.0,0;22.5;45;67.5;90;112.5;135;157.5;180;202.5;225;247.5;270;292.5;315;337.5
val_images,test009.png,8,rot45_padded,45.0,1000,1000,154360.0,0.15435999631881714,inpaint,red_gd,restormer,15.0,fixed15p0,0.8,3.8461538461538467,1.4142135623730951,0.02,G16_fixed,False,16,20,0.04999092143568606,13.011088582314898,0.1941674241626717,3,0.04796123598548037,13.191096334389684,0.20954503170348535,15.0,0;22.5;45;67.5;90;112.5;135;157.5;180;202.5;225;247.5;270;292.5;315;337.5
val_images,test009.png,8,rot45_padded,45.0,1000,1000,154360.0,0.15435999631881714,inpaint,red_gd,restormer,15.0,fixed15p0,0.8,3.8461538461538467,1.4142135623730951,0.02,G16_fixed,False,16,20,0.04999092143568606,13.011088582314898,0.1941674241626717,4,0.04733231923344779,13.248422150415852,0.21414783217802538,15.0,0;22.5;45;67.5;90;112.5;135;157.5;180;202.5;225;247.5;270;292.5;315;337.5
val_images,test009.png,8,rot45_padded,45.0,1000,1000,154360.0,0.15435999631881714,inpaint,red_gd,restormer,15.0,fixed15p0,0.8,3.8461538461538467,1.4142135623730951,0.02,G16_fixed,False,16,20,0.04999092143568606,13.011088582314898,0.1941674241626717,5,0.046732618376886824,13.303798852548145,0.22017235480370562,15.0,0;22.5;45;67.5;90;112.5;135;157.5;180;202.5;225;247.5;270;292.5;315;337.5
val_images,test009.png,8,rot45_padded,45.0,1000,1000,154360.0,0.15435999631881714,inpaint,red_gd,restormer,15.0,fixed15p0,0.8,3.8461538461538467,1.4142135623730951,0.02,G16_fixed,False,16,20,0.04999092143568606,13.011088582314898,0.1941674241626717,6,0.04614363465478427,13.358881998377576,0.22531655403763928,15.0,0;22.5;45;67.5;90;112.5;135;157.5;180;202.5;225;247.5;270;292.5;315;337.5
val_images,test009.png,8,rot45_padded,45.0,1000,1000,154360.0,0.15435999631881714,inpaint,red_gd,restormer,15.0,fixed15p0,0.8,3.8461538461538467,1.4142135623730951,0.02,G16_fixed,False,16,20,0.04999092143568606,13.011088582314898,0.1941674241626717,7,0.0455774327515629,13.412501410518715,0.23193627619687743,15.0,0;22.5;45;67.5;90;112.5;135;157.5;180;202.5;225;247.5;270;292.5;315;337.5
val_images,test009.png,8,rot45_padded,45.0,1000,1000,154360.0,0.15435999631881714,inpaint,red_gd,restormer,15.0,fixed15p0,0.8,3.8461538461538467,1.4142135623730951,0.02,G16_fixed,False,16,20,0.04999092143568606,13.011088582314898,0.1941674241626717,8,0.04501509002899067,13.466418769411085,0.2378008895601192,15.0,0;22.5;45;67.5;90;112.5;135;157.5;180;202.5;225;247.5;270;292.5;315;337.5
val_images,test009.png,8,rot45_padded,45.0,1000,1000,154360.0,0.15435999631881714,inpaint,red_gd,restormer,15.0,fixed15p0,0.8,3.8461538461538467,1.4142135623730951,0.02,G16_fixed,False,16,20,0.04999092143568606,13.011088582314898,0.1941674241626717,9,0.04447410249376458,13.518928074022941,0.2449971100430811,15.0,0;22.5;45;67.5;90;112.5;135;157.5;180;202.5;225;247.5;270;292.5;315;337.5
val_images,test009.png,8,rot45_padded,45.0,1000,1000,154360.0,0.15435999631881714,inpaint,red_gd,restormer,15.0,fixed15p0,0.8,3.8461538461538467,1.4142135623730951,0.02,G16_fixed,False,16,20,0.04999092143568606,13.011088582314898,0.1941674241626717,10,0.04394056127923361,13.571343998752921,0.25123296393171807,15.0,0;22.5;45;67.5;90;112.5;135;157.5;180;202.5;225;247.5;270;292.5;315;337.5
val_images,test009.png,8,rot45_padded,45.0,1000,1000,154360.0,0.15435999631881714,inpaint,red_gd,restormer,15.0,fixed15p0,0.8,3.8461538461538467,1.4142135623730951,0.02,G16_fixed,False,16,20,0.04999092143568606,13.011088582314898,0.1941674241626717,11,0.043427476885405866,13.622354021960671,0.2587798257725447,15.0,0;22.5;45;67.5;90;112.5;135;157.5;180;202.5;225;247.5;270;292.5;315;337.5
val_images,test009.png,8,rot45_padded,45.0,1000,1000,154360.0,0.15435999631881714,inpaint,red_gd,restormer,15.0,fixed15p0,0.8,3.8461538461538467,1.4142135623730951,0.02,G16_fixed,False,16,20,0.04999092143568606,13.011088582314898,0.1941674241626717,12,0.04292709931835482,13.672684567941085,0.2651738174964369,15.0,0;22.5;45;67.5;90;112.5;135;157.5;180;202.5;225;247.5;270;292.5;315;337.5
val_images,test009.png,8,rot45_padded,45.0,1000,1000,154360.0,0.15435999631881714,inpaint,red_gd,restormer,15.0,fixed15p0,0.8,3.8461538461538467,1.4142135623730951,0.02,G16_fixed,False,16,20,0.04999092143568606,13.011088582314898,0.1941674241626717,13,0.04244348704428771,13.721889428225138,0.2729647060848018,15.0,0;22.5;45;67.5;90;112.5;135;157.5;180;202.5;225;247.5;270;292.5;315;337.5
val_images,test009.png,8,rot45_padded,45.0,1000,1000,154360.0,0.15435999631881714,inpaint,red_gd,restormer,15.0,fixed15p0,0.8,3.8461538461538467,1.4142135623730951,0.02,G16_fixed,False,16,20,0.04999092143568606,13.011088582314898,0.1941674241626717,14,0.04197658312447363,13.769929156959826,0.2794161932738404,15.0,0;22.5;45;67.5;90;112.5;135;157.5;180;202.5;225;247.5;270;292.5;315;337.5
val_images,test009.png,8,rot45_padded,45.0,1000,1000,154360.0,0.15435999631881714,inpaint,red_gd,restormer,15.0,fixed15p0,0.8,3.8461538461538467,1.4142135623730951,0.02,G16_fixed,False,16,20,0.04999092143568606,13.011088582314898,0.1941674241626717,15,0.0415211333793567,13.817308003021198,0.28738728661894275,15.0,0;22.5;45;67.5;90;112.5;135;157.5;180;202.5;225;247.5;270;292.5;315;337.5
val_images,test009.png,8,rot45_padded,45.0,1000,1000,154360.0,0.15435999631881714,inpaint,red_gd,restormer,15.0,fixed15p0,0.8,3.8461538461538467,1.4142135623730951,0.02,G16_fixed,False,16,20,0.04999092143568606,13.011088582314898,0.1941674241626717,16,0.041085289537242484,13.863136481090347,0.29383249789453225,15.0,0;22.5;45;67.5;90;112.5;135;157.5;180;202.5;225;247.5;270;292.5;315;337.5
val_images,test009.png,8,rot45_padded,45.0,1000,1000,154360.0,0.15435999631881714,inpaint,red_gd,restormer,15.0,fixed15p0,0.8,3.8461538461538467,1.4142135623730951,0.02,G16_fixed,False,16,20,0.04999092143568606,13.011088582314898,0.1941674241626717,17,0.040655819669724994,13.90877278617423,0.3019224286975253,15.0,0;22.5;45;67.5;90;112.5;135;157.5;180;202.5;225;247.5;270;292.5;315;337.5
val_images,test009.png,8,rot45_padded,45.0,1000,1000,154360.0,0.15435999631881714,inpaint,red_gd,restormer,15.0,fixed15p0,0.8,3.8461538461538467,1.4142135623730951,0.02,G16_fixed,False,16,20,0.04999092143568606,13.011088582314898,0.1941674241626717,18,0.04024812886677248,13.952543051526273,0.30831538287121013,15.0,0;22.5;45;67.5;90;112.5;135;157.5;180;202.5;225;247.5;270;292.5;315;337.5
val_images,test009.png,8,rot45_padded,45.0,1000,1000,154360.0,0.15435999631881714,inpaint,red_gd,restormer,15.0,fixed15p0,0.8,3.8461538461538467,1.4142135623730951,0.02,G16_fixed,False,16,20,0.04999092143568606,13.011088582314898,0.1941674241626717,19,0.039842453062240865,13.996539303236911,0.316459671182625,15.0,0;22.5;45;67.5;90;112.5;135;157.5;180;202.5;225;247.5;270;292.5;315;337.5
val_images,test009.png,8,rot45_padded,45.0,1000,1000,154360.0,0.15435999631881714,inpaint,red_gd,restormer,15.0,fixed15p0,0.8,3.8461538461538467,1.4142135623730951,0.02,G16_fixed,False,16,20,0.04999092143568606,13.011088582314898,0.1941674241626717,20,0.03946062509616319,14.03836039366035,0.32276410460935473,15.0,0;22.5;45;67.5;90;112.5;135;157.5;180;202.5;225;247.5;270;292.5;315;337.5
val_images,test010.png,9,upright,0.0,321,481,154401.0,1.0,inpaint,red_gd,restormer,15.0,fixed15p0,0.8,3.8461538461538467,1.4142135623730951,0.02,vanilla,True,0,20,0.08486813303913188,10.712553514903805,0.07036741863516104,1,0.08449474577358632,10.731702964051596,0.070287282840218,15.0,none
val_images,test010.png,9,upright,0.0,321,481,154401.0,1.0,inpaint,red_gd,restormer,15.0,fixed15p0,0.8,3.8461538461538467,1.4142135623730951,0.02,vanilla,True,0,20,0.08486813303913188,10.712553514903805,0.07036741863516104,2,0.08412675992626344,10.75065837261044,0.07141497120323055,15.0,none
val_images,test010.png,9,upright,0.0,321,481,154401.0,1.0,inpaint,red_gd,restormer,15.0,fixed15p0,0.8,3.8461538461538467,1.4142135623730951,0.02,vanilla,True,0,20,0.08486813303913188,10.712553514903805,0.07036741863516104,3,0.08376900135442776,10.769166619343057,0.0713886535202978,15.0,none
val_images,test010.png,9,upright,0.0,321,481,154401.0,1.0,inpaint,red_gd,restormer,15.0,fixed15p0,0.8,3.8461538461538467,1.4142135623730951,0.02,vanilla,True,0,20,0.08486813303913188,10.712553514903805,0.07036741863516104,4,0.08341583462056593,10.787515004943693,0.07244019706600022,15.0,none
val_images,test010.png,9,upright,0.0,321,481,154401.0,1.0,inpaint,red_gd,restormer,15.0,fixed15p0,0.8,3.8461538461538467,1.4142135623730951,0.02,vanilla,True,0,20,0.08486813303913188,10.712553514903805,0.07036741863516104,5,0.08307157326944126,10.805475644743707,0.07246261231913977,15.0,none
val_images,test010.png,9,upright,0.0,321,481,154401.0,1.0,inpaint,red_gd,restormer,15.0,fixed15p0,0.8,3.8461538461538467,1.4142135623730951,0.02,vanilla,True,0,20,0.08486813303913188,10.712553514903805,0.07036741863516104,6,0.08273124597233826,10.823304349396825,0.07344871268644633,15.0,none
val_images,test010.png,9,upright,0.0,321,481,154401.0,1.0,inpaint,red_gd,restormer,15.0,fixed15p0,0.8,3.8461538461538467,1.4142135623730951,0.02,vanilla,True,0,20,0.08486813303913188,10.712553514903805,0.07036741863516104,7,0.08239872353482167,10.84079516046539,0.07351579399987694,15.0,none
val_images,test010.png,9,upright,0.0,321,481,154401.0,1.0,inpaint,red_gd,restormer,15.0,fixed15p0,0.8,3.8461538461538467,1.4142135623730951,0.02,vanilla,True,0,20,0.08486813303913188,10.712553514903805,0.07036741863516104,8,0.08206965446305399,10.858173950780923,0.07444603965485974,15.0,none
val_images,test010.png,9,upright,0.0,321,481,154401.0,1.0,inpaint,red_gd,restormer,15.0,fixed15p0,0.8,3.8461538461538467,1.4142135623730951,0.02,vanilla,True,0,20,0.08486813303913188,10.712553514903805,0.07036741863516104,9,0.08174740989979015,10.875259987172026,0.07455458033181456,15.0,none
val_images,test010.png,9,upright,0.0,321,481,154401.0,1.0,inpaint,red_gd,restormer,15.0,fixed15p0,0.8,3.8461538461538467,1.4142135623730951,0.02,vanilla,True,0,20,0.08486813303913188,10.712553514903805,0.07036741863516104,10,0.08142825186122499,10.892248887386994,0.07543775648514259,15.0,none
val_images,test010.png,9,upright,0.0,321,481,154401.0,1.0,inpaint,red_gd,restormer,15.0,fixed15p0,0.8,3.8461538461538467,1.4142135623730951,0.02,vanilla,True,0,20,0.08486813303913188,10.712553514903805,0.07036741863516104,11,0.08111505182730358,10.908985499935016,0.07558535940910356,15.0,none
val_images,test010.png,9,upright,0.0,321,481,154401.0,1.0,inpaint,red_gd,restormer,15.0,fixed15p0,0.8,3.8461538461538467,1.4142135623730951,0.02,vanilla,True,0,20,0.08486813303913188,10.712553514903805,0.07036741863516104,12,0.08080468532425308,10.925634566576495,0.0764295934874936,15.0,none
val_images,test010.png,9,upright,0.0,321,481,154401.0,1.0,inpaint,red_gd,restormer,15.0,fixed15p0,0.8,3.8461538461538467,1.4142135623730951,0.02,vanilla,True,0,20,0.08486813303913188,10.712553514903805,0.07036741863516104,13,0.08049954946859153,10.942065502389905,0.07661486086756239,15.0,none
val_images,test010.png,9,upright,0.0,321,481,154401.0,1.0,inpaint,red_gd,restormer,15.0,fixed15p0,0.8,3.8461538461538467,1.4142135623730951,0.02,vanilla,True,0,20,0.08486813303913188,10.712553514903805,0.07036741863516104,14,0.08019704474873868,10.958416351193602,0.0774282107244286,15.0,none
val_images,test010.png,9,upright,0.0,321,481,154401.0,1.0,inpaint,red_gd,restormer,15.0,fixed15p0,0.8,3.8461538461538467,1.4142135623730951,0.02,vanilla,True,0,20,0.08486813303913188,10.712553514903805,0.07036741863516104,15,0.07989916349108814,10.974577675333956,0.07765095281523436,15.0,none
val_images,test010.png,9,upright,0.0,321,481,154401.0,1.0,inpaint,red_gd,restormer,15.0,fixed15p0,0.8,3.8461538461538467,1.4142135623730951,0.02,vanilla,True,0,20,0.08486813303913188,10.712553514903805,0.07036741863516104,16,0.07960378687233244,10.990662717266709,0.07844168502389881,15.0,none
val_images,test010.png,9,upright,0.0,321,481,154401.0,1.0,inpaint,red_gd,restormer,15.0,fixed15p0,0.8,3.8461538461538467,1.4142135623730951,0.02,vanilla,True,0,20,0.08486813303913188,10.712553514903805,0.07036741863516104,17,0.07931257832688908,11.006579316638971,0.07870298969890091,15.0,none
val_images,test010.png,9,upright,0.0,321,481,154401.0,1.0,inpaint,red_gd,restormer,15.0,fixed15p0,0.8,3.8461538461538467,1.4142135623730951,0.02,vanilla,True,0,20,0.08486813303913188,10.712553514903805,0.07036741863516104,18,0.07902383647126637,11.022418898930471,0.07947948467990816,15.0,none
val_images,test010.png,9,upright,0.0,321,481,154401.0,1.0,inpaint,red_gd,restormer,15.0,fixed15p0,0.8,3.8461538461538467,1.4142135623730951,0.02,vanilla,True,0,20,0.08486813303913188,10.712553514903805,0.07036741863516104,19,0.07873897174605411,11.038102609698498,0.07978112289590093,15.0,none
val_images,test010.png,9,upright,0.0,321,481,154401.0,1.0,inpaint,red_gd,restormer,15.0,fixed15p0,0.8,3.8461538461538467,1.4142135623730951,0.02,vanilla,True,0,20,0.08486813303913188,10.712553514903805,0.07036741863516104,20,0.07845676345603332,11.053696116051237,0.08055066687149047,15.0,none
val_images,test010.png,9,upright,0.0,321,481,154401.0,1.0,inpaint,red_gd,restormer,15.0,fixed15p0,0.8,3.8461538461538467,1.4142135623730951,0.02,G16_fixed,True,16,20,0.08486813303913188,10.712553514903805,0.07036741863516104,1,0.08366518533720636,10.774552225482543,0.07180478409304344,15.0,0;22.5;45;67.5;90;112.5;135;157.5;180;202.5;225;247.5;270;292.5;315;337.5
val_images,test010.png,9,upright,0.0,321,481,154401.0,1.0,inpaint,red_gd,restormer,15.0,fixed15p0,0.8,3.8461538461538467,1.4142135623730951,0.02,G16_fixed,True,16,20,0.08486813303913188,10.712553514903805,0.07036741863516104,2,0.0825195850111884,10.83442964748863,0.0731098907026185,15.0,0;22.5;45;67.5;90;112.5;135;157.5;180;202.5;225;247.5;270;292.5;315;337.5
val_images,test010.png,9,upright,0.0,321,481,154401.0,1.0,inpaint,red_gd,restormer,15.0,fixed15p0,0.8,3.8461538461538467,1.4142135623730951,0.02,G16_fixed,True,16,20,0.08486813303913188,10.712553514903805,0.07036741863516104,3,0.08142272394608843,10.892543726644696,0.07450843425763111,15.0,0;22.5;45;67.5;90;112.5;135;157.5;180;202.5;225;247.5;270;292.5;315;337.5
val_images,test010.png,9,upright,0.0,321,481,154401.0,1.0,inpaint,red_gd,restormer,15.0,fixed15p0,0.8,3.8461538461538467,1.4142135623730951,0.02,G16_fixed,True,16,20,0.08486813303913188,10.712553514903805,0.07036741863516104,4,0.08037624027694121,10.948723124655357,0.07576470673360276,15.0,0;22.5;45;67.5;90;112.5;135;157.5;180;202.5;225;247.5;270;292.5;315;337.5
val_images,test010.png,9,upright,0.0,321,481,154401.0,1.0,inpaint,red_gd,restormer,15.0,fixed15p0,0.8,3.8461538461538467,1.4142135623730951,0.02,G16_fixed,True,16,20,0.08486813303913188,10.712553514903805,0.07036741863516104,5,0.07936954621205497,11.003461027252811,0.07712610446985448,15.0,0;22.5;45;67.5;90;112.5;135;157.5;180;202.5;225;247.5;270;292.5;315;337.5
val_images,test010.png,9,upright,0.0,321,481,154401.0,1.0,inpaint,red_gd,restormer,15.0,fixed15p0,0.8,3.8461538461538467,1.4142135623730951,0.02,G16_fixed,True,16,20,0.08486813303913188,10.712553514903805,0.07036741863516104,6,0.07840495032010802,11.056565160293982,0.07834321350128885,15.0,0;22.5;45;67.5;90;112.5;135;157.5;180;202.5;225;247.5;270;292.5;315;337.5
val_images,test010.png,9,upright,0.0,321,481,154401.0,1.0,inpaint,red_gd,restormer,15.0,fixed15p0,0.8,3.8461538461538467,1.4142135623730951,0.02,G16_fixed,True,16,20,0.08486813303913188,10.712553514903805,0.07036741863516104,7,0.07747579886343028,11.108339369965092,0.07967175366416021,15.0,0;22.5;45;67.5;90;112.5;135;157.5;180;202.5;225;247.5;270;292.5;315;337.5
val_images,test010.png,9,upright,0.0,321,481,154401.0,1.0,inpaint,red_gd,restormer,15.0,fixed15p0,0.8,3.8461538461538467,1.4142135623730951,0.02,G16_fixed,True,16,20,0.08486813303913188,10.712553514903805,0.07036741863516104,8,0.0765835086074572,11.15864740705069,0.0808515144817715,15.0,0;22.5;45;67.5;90;112.5;135;157.5;180;202.5;225;247.5;270;292.5;315;337.5
val_images,test010.png,9,upright,0.0,321,481,154401.0,1.0,inpaint,red_gd,restormer,15.0,fixed15p0,0.8,3.8461538461538467,1.4142135623730951,0.02,G16_fixed,True,16,20,0.08486813303913188,10.712553514903805,0.07036741863516104,9,0.07571997742485476,11.207895241887279,0.08215073898485113,15.0,0;22.5;45;67.5;90;112.5;135;157.5;180;202.5;225;247.5;270;292.5;315;337.5
val_images,test010.png,9,upright,0.0,321,481,154401.0,1.0,inpaint,red_gd,restormer,15.0,fixed15p0,0.8,3.8461538461538467,1.4142135623730951,0.02,G16_fixed,True,16,20,0.08486813303913188,10.712553514903805,0.07036741863516104,10,0.07488352290666835,11.256137323397066,0.08331058286337199,15.0,0;22.5;45;67.5;90;112.5;135;157.5;180;202.5;225;247.5;270;292.5;315;337.5
val_images,test010.png,9,upright,0.0,321,481,154401.0,1.0,inpaint,red_gd,restormer,15.0,fixed15p0,0.8,3.8461538461538467,1.4142135623730951,0.02,G16_fixed,True,16,20,0.08486813303913188,10.712553514903805,0.07036741863516104,11,0.07407831945105602,11.30308878666992,0.08457779732239429,15.0,0;22.5;45;67.5;90;112.5;135;157.5;180;202.5;225;247.5;270;292.5;315;337.5
val_images,test010.png,9,upright,0.0,321,481,154401.0,1.0,inpaint,red_gd,restormer,15.0,fixed15p0,0.8,3.8461538461538467,1.4142135623730951,0.02,G16_fixed,True,16,20,0.08486813303913188,10.712553514903805,0.07036741863516104,12,0.0733005278766815,11.348928977585391,0.08571074795702424,15.0,0;22.5;45;67.5;90;112.5;135;157.5;180;202.5;225;247.5;270;292.5;315;337.5
val_images,test010.png,9,upright,0.0,321,481,154401.0,1.0,inpaint,red_gd,restormer,15.0,fixed15p0,0.8,3.8461538461538467,1.4142135623730951,0.02,G16_fixed,True,16,20,0.08486813303913188,10.712553514903805,0.07036741863516104,13,0.0725429758085278,11.394046330578323,0.08695315004638896,15.0,0;22.5;45;67.5;90;112.5;135;157.5;180;202.5;225;247.5;270;292.5;315;337.5
val_images,test010.png,9,upright,0.0,321,481,154401.0,1.0,inpaint,red_gd,restormer,15.0,fixed15p0,0.8,3.8461538461538467,1.4142135623730951,0.02,G16_fixed,True,16,20,0.08486813303913188,10.712553514903805,0.07036741863516104,14,0.07180854105138568,11.438238968317936,0.0880727109826847,15.0,0;22.5;45;67.5;90;112.5;135;157.5;180;202.5;225;247.5;270;292.5;315;337.5
val_images,test010.png,9,upright,0.0,321,481,154401.0,1.0,inpaint,red_gd,restormer,15.0,fixed15p0,0.8,3.8461538461538467,1.4142135623730951,0.02,G16_fixed,True,16,20,0.08486813303913188,10.712553514903805,0.07036741863516104,15,0.07108983618548455,11.481924865288605,0.0892993958304998,15.0,0;22.5;45;67.5;90;112.5;135;157.5;180;202.5;225;247.5;270;292.5;315;337.5
val_images,test010.png,9,upright,0.0,321,481,154401.0,1.0,inpaint,red_gd,restormer,15.0,fixed15p0,0.8,3.8461538461538467,1.4142135623730951,0.02,G16_fixed,True,16,20,0.08486813303913188,10.712553514903805,0.07036741863516104,16,0.07039666472165011,11.524479165297063,0.0904067751139889,15.0,0;22.5;45;67.5;90;112.5;135;157.5;180;202.5;225;247.5;270;292.5;315;337.5
val_images,test010.png,9,upright,0.0,321,481,154401.0,1.0,inpaint,red_gd,restormer,15.0,fixed15p0,0.8,3.8461538461538467,1.4142135623730951,0.02,G16_fixed,True,16,20,0.08486813303913188,10.712553514903805,0.07036741863516104,17,0.06972050709273256,11.566394628303364,0.09160828707594186,15.0,0;22.5;45;67.5;90;112.5;135;157.5;180;202.5;225;247.5;270;292.5;315;337.5
val_images,test010.png,9,upright,0.0,321,481,154401.0,1.0,inpaint,red_gd,restormer,15.0,fixed15p0,0.8,3.8461538461538467,1.4142135623730951,0.02,G16_fixed,True,16,20,0.08486813303913188,10.712553514903805,0.07036741863516104,18,0.06906437392528222,11.607459207525356,0.0927013848578539,15.0,0;22.5;45;67.5;90;112.5;135;157.5;180;202.5;225;247.5;270;292.5;315;337.5
val_images,test010.png,9,upright,0.0,321,481,154401.0,1.0,inpaint,red_gd,restormer,15.0,fixed15p0,0.8,3.8461538461538467,1.4142135623730951,0.02,G16_fixed,True,16,20,0.08486813303913188,10.712553514903805,0.07036741863516104,19,0.0684218328512283,11.648052963229365,0.09389079738999423,15.0,0;22.5;45;67.5;90;112.5;135;157.5;180;202.5;225;247.5;270;292.5;315;337.5
val_images,test010.png,9,upright,0.0,321,481,154401.0,1.0,inpaint,red_gd,restormer,15.0,fixed15p0,0.8,3.8461538461538467,1.4142135623730951,0.02,G16_fixed,True,16,20,0.08486813303913188,10.712553514903805,0.07036741863516104,20,0.06779915811749924,11.68775698864419,0.09497193488869891,15.0,0;22.5;45;67.5;90;112.5;135;157.5;180;202.5;225;247.5;270;292.5;315;337.5
val_images,test010.png,9,rot45_padded,45.0,1000,1000,154360.0,0.15435999631881714,inpaint,red_gd,restormer,15.0,fixed15p0,0.8,3.8461538461538467,1.4142135623730951,0.02,vanilla,False,0,20,0.08462250001012245,10.725141484142886,0.08101387508300402,1,0.08453810415789388,10.729474958374636,0.08071627531622506,15.0,none
val_images,test010.png,9,rot45_padded,45.0,1000,1000,154360.0,0.15435999631881714,inpaint,red_gd,restormer,15.0,fixed15p0,0.8,3.8461538461538467,1.4142135623730951,0.02,vanilla,False,0,20,0.08462250001012245,10.725141484142886,0.08101387508300402,2,0.08445358177515225,10.733819267655916,0.08127391426697331,15.0,none
val_images,test010.png,9,rot45_padded,45.0,1000,1000,154360.0,0.15435999631881714,inpaint,red_gd,restormer,15.0,fixed15p0,0.8,3.8461538461538467,1.4142135623730951,0.02,vanilla,False,0,20,0.08462250001012245,10.725141484142886,0.08101387508300402,3,0.0843705271463624,10.738092374159523,0.08104655158800855,15.0,none
val_images,test010.png,9,rot45_padded,45.0,1000,1000,154360.0,0.15435999631881714,inpaint,red_gd,restormer,15.0,fixed15p0,0.8,3.8461538461538467,1.4142135623730951,0.02,vanilla,False,0,20,0.08462250001012245,10.725141484142886,0.08101387508300402,4,0.08428568843733804,10.742461615596756,0.08155374914971496,15.0,none
val_images,test010.png,9,rot45_padded,45.0,1000,1000,154360.0,0.15435999631881714,inpaint,red_gd,restormer,15.0,fixed15p0,0.8,3.8461538461538467,1.4142135623730951,0.02,vanilla,False,0,20,0.08462250001012245,10.725141484142886,0.08101387508300402,5,0.08419975523937549,10.74689170950981,0.08138729825974994,15.0,none
val_images,test010.png,9,rot45_padded,45.0,1000,1000,154360.0,0.15435999631881714,inpaint,red_gd,restormer,15.0,fixed15p0,0.8,3.8461538461538467,1.4142135623730951,0.02,vanilla,False,0,20,0.08462250001012245,10.725141484142886,0.08101387508300402,6,0.08411543530545477,10.751243032163591,0.08186025666461519,15.0,none
val_images,test010.png,9,rot45_padded,45.0,1000,1000,154360.0,0.15435999631881714,inpaint,red_gd,restormer,15.0,fixed15p0,0.8,3.8461538461538467,1.4142135623730951,0.02,vanilla,False,0,20,0.08462250001012245,10.725141484142886,0.08101387508300402,7,0.08402878721009328,10.755719045963051,0.08173560512964823,15.0,none
val_images,test010.png,9,rot45_padded,45.0,1000,1000,154360.0,0.15435999631881714,inpaint,red_gd,restormer,15.0,fixed15p0,0.8,3.8461538461538467,1.4142135623730951,0.02,vanilla,False,0,20,0.08462250001012245,10.725141484142886,0.08101387508300402,8,0.08394503033695581,10.760050096048229,0.0821864713069286,15.0,none
val_images,test010.png,9,rot45_padded,45.0,1000,1000,154360.0,0.15435999631881714,inpaint,red_gd,restormer,15.0,fixed15p0,0.8,3.8461538461538467,1.4142135623730951,0.02,vanilla,False,0,20,0.08462250001012245,10.725141484142886,0.08101387508300402,9,0.08385726877307917,10.764592866509918,0.08209475566451802,15.0,none
val_images,test010.png,9,rot45_padded,45.0,1000,1000,154360.0,0.15435999631881714,inpaint,red_gd,restormer,15.0,fixed15p0,0.8,3.8461538461538467,1.4142135623730951,0.02,vanilla,False,0,20,0.08462250001012245,10.725141484142886,0.08101387508300402,10,0.08377268945160664,10.768975416753893,0.08253401266722273,15.0,none
val_images,test010.png,9,rot45_padded,45.0,1000,1000,154360.0,0.15435999631881714,inpaint,red_gd,restormer,15.0,fixed15p0,0.8,3.8461538461538467,1.4142135623730951,0.02,vanilla,False,0,20,0.08462250001012245,10.725141484142886,0.08101387508300402,11,0.08368313115444416,10.773620782658034,0.08247046904355079,15.0,none
val_images,test010.png,9,rot45_padded,45.0,1000,1000,154360.0,0.15435999631881714,inpaint,red_gd,restormer,15.0,fixed15p0,0.8,3.8461538461538467,1.4142135623730951,0.02,vanilla,False,0,20,0.08462250001012245,10.725141484142886,0.08101387508300402,12,0.08359728652784076,10.778078190336014,0.08290429156071845,15.0,none
val_images,test010.png,9,rot45_padded,45.0,1000,1000,154360.0,0.15435999631881714,inpaint,red_gd,restormer,15.0,fixed15p0,0.8,3.8461538461538467,1.4142135623730951,0.02,vanilla,False,0,20,0.08462250001012245,10.725141484142886,0.08101387508300402,13,0.08350633639503434,10.782805693428482,0.08286464322444285,15.0,none
val_images,test010.png,9,rot45_padded,45.0,1000,1000,154360.0,0.15435999631881714,inpaint,red_gd,restormer,15.0,fixed15p0,0.8,3.8461538461538467,1.4142135623730951,0.02,vanilla,False,0,20,0.08462250001012245,10.725141484142886,0.08101387508300402,14,0.0834199982994299,10.787298233435585,0.08329578962125875,15.0,none
val_images,test010.png,9,rot45_padded,45.0,1000,1000,154360.0,0.15435999631881714,inpaint,red_gd,restormer,15.0,fixed15p0,0.8,3.8461538461538467,1.4142135623730951,0.02,vanilla,False,0,20,0.08462250001012245,10.725141484142886,0.08101387508300402,15,0.08332866857508422,10.79205557273271,0.08327534861686965,15.0,none
val_images,test010.png,9,rot45_padded,45.0,1000,1000,154360.0,0.15435999631881714,inpaint,red_gd,restormer,15.0,fixed15p0,0.8,3.8461538461538467,1.4142135623730951,0.02,vanilla,False,0,20,0.08462250001012245,10.725141484142886,0.08101387508300402,16,0.08324308333603266,10.796518418310887,0.08370493868837457,15.0,none
val_images,test010.png,9,rot45_padded,45.0,1000,1000,154360.0,0.15435999631881714,inpaint,red_gd,restormer,15.0,fixed15p0,0.8,3.8461538461538467,1.4142135623730951,0.02,vanilla,False,0,20,0.08462250001012245,10.725141484142886,0.08101387508300402,17,0.08315250014171417,10.801246883395075,0.08369900440731083,15.0,none
val_images,test010.png,9,rot45_padded,45.0,1000,1000,154360.0,0.15435999631881714,inpaint,red_gd,restormer,15.0,fixed15p0,0.8,3.8461538461538467,1.4142135623730951,0.02,vanilla,False,0,20,0.08462250001012245,10.725141484142886,0.08101387508300402,18,0.08306873694205105,10.80562392920676,0.08412779101005766,15.0,none
val_images,test010.png,9,rot45_padded,45.0,1000,1000,154360.0,0.15435999631881714,inpaint,red_gd,restormer,15.0,fixed15p0,0.8,3.8461538461538467,1.4142135623730951,0.02,vanilla,False,0,20,0.08462250001012245,10.725141484142886,0.08101387508300402,19,0.08297973537914616,10.810279544619732,0.08413237141463138,15.0,none
val_images,test010.png,9,rot45_padded,45.0,1000,1000,154360.0,0.15435999631881714,inpaint,red_gd,restormer,15.0,fixed15p0,0.8,3.8461538461538467,1.4142135623730951,0.02,vanilla,False,0,20,0.08462250001012245,10.725141484142886,0.08101387508300402,20,0.08289860401415522,10.814527827676258,0.084561436384507,15.0,none
val_images,test010.png,9,rot45_padded,45.0,1000,1000,154360.0,0.15435999631881714,inpaint,red_gd,restormer,15.0,fixed15p0,0.8,3.8461538461538467,1.4142135623730951,0.02,G16_fixed,False,16,20,0.08462250001012245,10.725141484142886,0.08101387508300402,1,0.08359883020010042,10.777997996087802,0.08216279744793016,15.0,0;22.5;45;67.5;90;112.5;135;157.5;180;202.5;225;247.5;270;292.5;315;337.5
val_images,test010.png,9,rot45_padded,45.0,1000,1000,154360.0,0.15435999631881714,inpaint,red_gd,restormer,15.0,fixed15p0,0.8,3.8461538461538467,1.4142135623730951,0.02,G16_fixed,False,16,20,0.08462250001012245,10.725141484142886,0.08101387508300402,2,0.08264196217446229,10.827993798787439,0.08349383518034141,15.0,0;22.5;45;67.5;90;112.5;135;157.5;180;202.5;225;247.5;270;292.5;315;337.5
val_images,test010.png,9,rot45_padded,45.0,1000,1000,154360.0,0.15435999631881714,inpaint,red_gd,restormer,15.0,fixed15p0,0.8,3.8461538461538467,1.4142135623730951,0.02,G16_fixed,False,16,20,0.08462250001012245,10.725141484142886,0.08101387508300402,3,0.08173550390523776,10.875892555753593,0.08457396290530254,15.0,0;22.5;45;67.5;90;112.5;135;157.5;180;202.5;225;247.5;270;292.5;315;337.5
val_images,test010.png,9,rot45_padded,45.0,1000,1000,154360.0,0.15435999631881714,inpaint,red_gd,restormer,15.0,fixed15p0,0.8,3.8461538461538467,1.4142135623730951,0.02,G16_fixed,False,16,20,0.08462250001012245,10.725141484142886,0.08101387508300402,4,0.08088263130830527,10.921447285336658,0.08580886275387083,15.0,0;22.5;45;67.5;90;112.5;135;157.5;180;202.5;225;247.5;270;292.5;315;337.5
val_images,test010.png,9,rot45_padded,45.0,1000,1000,154360.0,0.15435999631881714,inpaint,red_gd,restormer,15.0,fixed15p0,0.8,3.8461538461538467,1.4142135623730951,0.02,G16_fixed,False,16,20,0.08462250001012245,10.725141484142886,0.08101387508300402,5,0.08006978031266196,10.96531363064324,0.08683362072630539,15.0,0;22.5;45;67.5;90;112.5;135;157.5;180;202.5;225;247.5;270;292.5;315;337.5
val_images,test010.png,9,rot45_padded,45.0,1000,1000,154360.0,0.15435999631881714,inpaint,red_gd,restormer,15.0,fixed15p0,0.8,3.8461538461538467,1.4142135623730951,0.02,G16_fixed,False,16,20,0.08462250001012245,10.725141484142886,0.08101387508300402,6,0.07930175275127947,11.007172136685687,0.08799207083886694,15.0,0;22.5;45;67.5;90;112.5;135;157.5;180;202.5;225;247.5;270;292.5;315;337.5
val_images,test010.png,9,rot45_padded,45.0,1000,1000,154360.0,0.15435999631881714,inpaint,red_gd,restormer,15.0,fixed15p0,0.8,3.8461538461538467,1.4142135623730951,0.02,G16_fixed,False,16,20,0.08462250001012245,10.725141484142886,0.08101387508300402,7,0.07856582598106698,11.047663192942398,0.08896779823748056,15.0,0;22.5;45;67.5;90;112.5;135;157.5;180;202.5;225;247.5;270;292.5;315;337.5
val_images,test010.png,9,rot45_padded,45.0,1000,1000,154360.0,0.15435999631881714,inpaint,red_gd,restormer,15.0,fixed15p0,0.8,3.8461538461538467,1.4142135623730951,0.02,G16_fixed,False,16,20,0.08462250001012245,10.725141484142886,0.08101387508300402,8,0.07786831387462749,11.08639229219008,0.09006374227657749,15.0,0;22.5;45;67.5;90;112.5;135;157.5;180;202.5;225;247.5;270;292.5;315;337.5
val_images,test010.png,9,rot45_padded,45.0,1000,1000,154360.0,0.15435999631881714,inpaint,red_gd,restormer,15.0,fixed15p0,0.8,3.8461538461538467,1.4142135623730951,0.02,G16_fixed,False,16,20,0.08462250001012245,10.725141484142886,0.08101387508300402,9,0.07719649378887017,11.124024245700435,0.09099500052636693,15.0,0;22.5;45;67.5;90;112.5;135;157.5;180;202.5;225;247.5;270;292.5;315;337.5
val_images,test010.png,9,rot45_padded,45.0,1000,1000,154360.0,0.15435999631881714,inpaint,red_gd,restormer,15.0,fixed15p0,0.8,3.8461538461538467,1.4142135623730951,0.02,G16_fixed,False,16,20,0.08462250001012245,10.725141484142886,0.08101387508300402,10,0.07655766020787445,11.160113481457497,0.09204019317666494,15.0,0;22.5;45;67.5;90;112.5;135;157.5;180;202.5;225;247.5;270;292.5;315;337.5
val_images,test010.png,9,rot45_padded,45.0,1000,1000,154360.0,0.15435999631881714,inpaint,red_gd,restormer,15.0,fixed15p0,0.8,3.8461538461538467,1.4142135623730951,0.02,G16_fixed,False,16,20,0.08462250001012245,10.725141484142886,0.08101387508300402,11,0.07593943844746048,11.19532618679905,0.09293087309090761,15.0,0;22.5;45;67.5;90;112.5;135;157.5;180;202.5;225;247.5;270;292.5;315;337.5
val_images,test010.png,9,rot45_padded,45.0,1000,1000,154360.0,0.15435999631881714,inpaint,red_gd,restormer,15.0,fixed15p0,0.8,3.8461538461538467,1.4142135623730951,0.02,G16_fixed,False,16,20,0.08462250001012245,10.725141484142886,0.08101387508300402,12,0.07534991380741449,11.229172401374806,0.09393565822185151,15.0,0;22.5;45;67.5;90;112.5;135;157.5;180;202.5;225;247.5;270;292.5;315;337.5
val_images,test010.png,9,rot45_padded,45.0,1000,1000,154360.0,0.15435999631881714,inpaint,red_gd,restormer,15.0,fixed15p0,0.8,3.8461538461538467,1.4142135623730951,0.02,G16_fixed,False,16,20,0.08462250001012245,10.725141484142886,0.08101387508300402,13,0.07477715446035242,11.26231065334247,0.09478885347159238,15.0,0;22.5;45;67.5;90;112.5;135;157.5;180;202.5;225;247.5;270;292.5;315;337.5
val_images,test010.png,9,rot45_padded,45.0,1000,1000,154360.0,0.15435999631881714,inpaint,red_gd,restormer,15.0,fixed15p0,0.8,3.8461538461538467,1.4142135623730951,0.02,G16_fixed,False,16,20,0.08462250001012245,10.725141484142886,0.08101387508300402,14,0.07422970121590762,11.294222875349313,0.09576159475009717,15.0,0;22.5;45;67.5;90;112.5;135;157.5;180;202.5;225;247.5;270;292.5;315;337.5
val_images,test010.png,9,rot45_padded,45.0,1000,1000,154360.0,0.15435999631881714,inpaint,red_gd,restormer,15.0,fixed15p0,0.8,3.8461538461538467,1.4142135623730951,0.02,G16_fixed,False,16,20,0.08462250001012245,10.725141484142886,0.08101387508300402,15,0.07369606510349183,11.32555700057662,0.0965798992108545,15.0,0;22.5;45;67.5;90;112.5;135;157.5;180;202.5;225;247.5;270;292.5;315;337.5
val_images,test010.png,9,rot45_padded,45.0,1000,1000,154360.0,0.15435999631881714,inpaint,red_gd,restormer,15.0,fixed15p0,0.8,3.8461538461538467,1.4142135623730951,0.02,G16_fixed,False,16,20,0.08462250001012245,10.725141484142886,0.08101387508300402,16,0.07318534999352164,11.355758459052002,0.09752703704003628,15.0,0;22.5;45;67.5;90;112.5;135;157.5;180;202.5;225;247.5;270;292.5;315;337.5
val_images,test010.png,9,rot45_padded,45.0,1000,1000,154360.0,0.15435999631881714,inpaint,red_gd,restormer,15.0,fixed15p0,0.8,3.8461538461538467,1.4142135623730951,0.02,G16_fixed,False,16,20,0.08462250001012245,10.725141484142886,0.08101387508300402,17,0.0726858834461648,11.385499266475765,0.09831258907748121,15.0,0;22.5;45;67.5;90;112.5;135;157.5;180;202.5;225;247.5;270;292.5;315;337.5
val_images,test010.png,9,rot45_padded,45.0,1000,1000,154360.0,0.15435999631881714,inpaint,red_gd,restormer,15.0,fixed15p0,0.8,3.8461538461538467,1.4142135623730951,0.02,G16_fixed,False,16,20,0.08462250001012245,10.725141484142886,0.08101387508300402,18,0.07220758545364732,11.414171771170585,0.09923930488185087,15.0,0;22.5;45;67.5;90;112.5;135;157.5;180;202.5;225;247.5;270;292.5;315;337.5
val_images,test010.png,9,rot45_padded,45.0,1000,1000,154360.0,0.15435999631881714,inpaint,red_gd,restormer,15.0,fixed15p0,0.8,3.8461538461538467,1.4142135623730951,0.02,G16_fixed,False,16,20,0.08462250001012245,10.725141484142886,0.08101387508300402,19,0.07173832173976419,11.442487875106945,0.0999941416372441,15.0,0;22.5;45;67.5;90;112.5;135;157.5;180;202.5;225;247.5;270;292.5;315;337.5
val_images,test010.png,9,rot45_padded,45.0,1000,1000,154360.0,0.15435999631881714,inpaint,red_gd,restormer,15.0,fixed15p0,0.8,3.8461538461538467,1.4142135623730951,0.02,G16_fixed,False,16,20,0.08462250001012245,10.725141484142886,0.08101387508300402,20,0.07128884739812776,11.469784069265042,0.10090499051527274,15.0,0;22.5;45;67.5;90;112.5;135;157.5;180;202.5;225;247.5;270;292.5;315;337.5
